# PROJECT OEN production source mesh: ENV_BEACH_CAMP_001
mtllib ENV_BEACH_CAMP_001.mtl
s off
v 0.765000 0.075000 0.000000
v 0.733906 0.117798 0.000000
v 0.683594 0.101450 0.000000
v 0.683594 0.048550 0.000000
v 0.733906 0.032202 0.000000
v 0.706768 0.075000 0.292753
v 0.678041 0.117798 0.280854
v 0.631559 0.101450 0.261600
v 0.631559 0.048550 0.261600
v 0.678041 0.032202 0.280854
v 0.540937 0.075000 0.540937
v 0.518950 0.117798 0.518950
v 0.483374 0.101450 0.483374
v 0.483374 0.048550 0.483374
v 0.518950 0.032202 0.518950
v 0.292753 0.075000 0.706768
v 0.280854 0.117798 0.678041
v 0.261600 0.101450 0.631559
v 0.261600 0.048550 0.631559
v 0.280854 0.032202 0.678041
v 0.000000 0.075000 0.765000
v 0.000000 0.117798 0.733906
v 0.000000 0.101450 0.683594
v 0.000000 0.048550 0.683594
v 0.000000 0.032202 0.733906
v -0.292753 0.075000 0.706768
v -0.280854 0.117798 0.678041
v -0.261600 0.101450 0.631559
v -0.261600 0.048550 0.631559
v -0.280854 0.032202 0.678041
v -0.540937 0.075000 0.540937
v -0.518950 0.117798 0.518950
v -0.483374 0.101450 0.483374
v -0.483374 0.048550 0.483374
v -0.518950 0.032202 0.518950
v -0.706768 0.075000 0.292753
v -0.678041 0.117798 0.280854
v -0.631559 0.101450 0.261600
v -0.631559 0.048550 0.261600
v -0.678041 0.032202 0.280854
v -0.765000 0.075000 0.000000
v -0.733906 0.117798 0.000000
v -0.683594 0.101450 0.000000
v -0.683594 0.048550 0.000000
v -0.733906 0.032202 0.000000
v -0.706768 0.075000 -0.292753
v -0.678041 0.117798 -0.280854
v -0.631559 0.101450 -0.261600
v -0.631559 0.048550 -0.261600
v -0.678041 0.032202 -0.280854
v -0.540937 0.075000 -0.540937
v -0.518950 0.117798 -0.518950
v -0.483374 0.101450 -0.483374
v -0.483374 0.048550 -0.483374
v -0.518950 0.032202 -0.518950
v -0.292753 0.075000 -0.706768
v -0.280854 0.117798 -0.678041
v -0.261600 0.101450 -0.631559
v -0.261600 0.048550 -0.631559
v -0.280854 0.032202 -0.678041
v -0.000000 0.075000 -0.765000
v -0.000000 0.117798 -0.733906
v -0.000000 0.101450 -0.683594
v -0.000000 0.048550 -0.683594
v -0.000000 0.032202 -0.733906
v 0.292753 0.075000 -0.706768
v 0.280854 0.117798 -0.678041
v 0.261600 0.101450 -0.631559
v 0.261600 0.048550 -0.631559
v 0.280854 0.032202 -0.678041
v 0.540937 0.075000 -0.540937
v 0.518950 0.117798 -0.518950
v 0.483374 0.101450 -0.483374
v 0.483374 0.048550 -0.483374
v 0.518950 0.032202 -0.518950
v 0.706768 0.075000 -0.292753
v 0.678041 0.117798 -0.280854
v 0.631559 0.101450 -0.261600
v 0.631559 0.048550 -0.261600
v 0.678041 0.032202 -0.280854
v -2.155000 0.075000 2.200000
v -2.186094 0.117798 2.200000
v -2.236406 0.101450 2.200000
v -2.236406 0.048550 2.200000
v -2.186094 0.032202 2.200000
v -2.226934 0.075000 2.561636
v -2.255661 0.117798 2.549737
v -2.302143 0.101450 2.530483
v -2.302143 0.048550 2.530483
v -2.255661 0.032202 2.549737
v -2.431784 0.075000 2.868216
v -2.453771 0.117798 2.846229
v -2.489347 0.101450 2.810653
v -2.489347 0.048550 2.810653
v -2.453771 0.032202 2.846229
v -2.738364 0.075000 3.073066
v -2.750263 0.117798 3.044339
v -2.769517 0.101450 2.997857
v -2.769517 0.048550 2.997857
v -2.750263 0.032202 3.044339
v -3.100000 0.075000 3.145000
v -3.100000 0.117798 3.113906
v -3.100000 0.101450 3.063594
v -3.100000 0.048550 3.063594
v -3.100000 0.032202 3.113906
v -3.461636 0.075000 3.073066
v -3.449737 0.117798 3.044339
v -3.430483 0.101450 2.997857
v -3.430483 0.048550 2.997857
v -3.449737 0.032202 3.044339
v -3.768216 0.075000 2.868216
v -3.746229 0.117798 2.846229
v -3.710653 0.101450 2.810653
v -3.710653 0.048550 2.810653
v -3.746229 0.032202 2.846229
v -3.973066 0.075000 2.561636
v -3.944339 0.117798 2.549737
v -3.897857 0.101450 2.530483
v -3.897857 0.048550 2.530483
v -3.944339 0.032202 2.549737
v -4.045000 0.075000 2.200000
v -4.013906 0.117798 2.200000
v -3.963594 0.101450 2.200000
v -3.963594 0.048550 2.200000
v -4.013906 0.032202 2.200000
v -3.973066 0.075000 1.838364
v -3.944339 0.117798 1.850263
v -3.897857 0.101450 1.869517
v -3.897857 0.048550 1.869517
v -3.944339 0.032202 1.850263
v -3.768216 0.075000 1.531784
v -3.746229 0.117798 1.553771
v -3.710653 0.101450 1.589347
v -3.710653 0.048550 1.589347
v -3.746229 0.032202 1.553771
v -3.461636 0.075000 1.326934
v -3.449737 0.117798 1.355661
v -3.430483 0.101450 1.402143
v -3.430483 0.048550 1.402143
v -3.449737 0.032202 1.355661
v -3.100000 0.075000 1.255000
v -3.100000 0.117798 1.286094
v -3.100000 0.101450 1.336406
v -3.100000 0.048550 1.336406
v -3.100000 0.032202 1.286094
v -2.738364 0.075000 1.326934
v -2.750263 0.117798 1.355661
v -2.769517 0.101450 1.402143
v -2.769517 0.048550 1.402143
v -2.750263 0.032202 1.355661
v -2.431784 0.075000 1.531784
v -2.453771 0.117798 1.553771
v -2.489347 0.101450 1.589347
v -2.489347 0.048550 1.589347
v -2.453771 0.032202 1.553771
v -2.226934 0.075000 1.838364
v -2.255661 0.117798 1.850263
v -2.302143 0.101450 1.869517
v -2.302143 0.048550 1.869517
v -2.255661 0.032202 1.850263
v 3.965000 0.075000 0.800000
v 3.933906 0.117798 0.800000
v 3.883594 0.101450 0.800000
v 3.883594 0.048550 0.800000
v 3.933906 0.032202 0.800000
v 3.899156 0.075000 1.131021
v 3.870428 0.117798 1.119122
v 3.823947 0.101450 1.099869
v 3.823947 0.048550 1.099869
v 3.870428 0.032202 1.119122
v 3.711647 0.075000 1.411647
v 3.689660 0.117798 1.389660
v 3.654085 0.101450 1.354085
v 3.654085 0.048550 1.354085
v 3.689660 0.032202 1.389660
v 3.431021 0.075000 1.599156
v 3.419122 0.117798 1.570428
v 3.399869 0.101450 1.523947
v 3.399869 0.048550 1.523947
v 3.419122 0.032202 1.570428
v 3.100000 0.075000 1.665000
v 3.100000 0.117798 1.633906
v 3.100000 0.101450 1.583594
v 3.100000 0.048550 1.583594
v 3.100000 0.032202 1.633906
v 2.768979 0.075000 1.599156
v 2.780878 0.117798 1.570428
v 2.800131 0.101450 1.523947
v 2.800131 0.048550 1.523947
v 2.780878 0.032202 1.570428
v 2.488353 0.075000 1.411647
v 2.510340 0.117798 1.389660
v 2.545915 0.101450 1.354085
v 2.545915 0.048550 1.354085
v 2.510340 0.032202 1.389660
v 2.300844 0.075000 1.131021
v 2.329572 0.117798 1.119122
v 2.376053 0.101450 1.099869
v 2.376053 0.048550 1.099869
v 2.329572 0.032202 1.119122
v 2.235000 0.075000 0.800000
v 2.266094 0.117798 0.800000
v 2.316406 0.101450 0.800000
v 2.316406 0.048550 0.800000
v 2.266094 0.032202 0.800000
v 2.300844 0.075000 0.468979
v 2.329572 0.117798 0.480878
v 2.376053 0.101450 0.500131
v 2.376053 0.048550 0.500131
v 2.329572 0.032202 0.480878
v 2.488353 0.075000 0.188353
v 2.510340 0.117798 0.210340
v 2.545915 0.101450 0.245915
v 2.545915 0.048550 0.245915
v 2.510340 0.032202 0.210340
v 2.768979 0.075000 0.000844
v 2.780878 0.117798 0.029572
v 2.800131 0.101450 0.076053
v 2.800131 0.048550 0.076053
v 2.780878 0.032202 0.029572
v 3.100000 0.075000 -0.065000
v 3.100000 0.117798 -0.033906
v 3.100000 0.101450 0.016406
v 3.100000 0.048550 0.016406
v 3.100000 0.032202 -0.033906
v 3.431021 0.075000 0.000844
v 3.419122 0.117798 0.029572
v 3.399869 0.101450 0.076053
v 3.399869 0.048550 0.076053
v 3.419122 0.032202 0.029572
v 3.711647 0.075000 0.188353
v 3.689660 0.117798 0.210340
v 3.654085 0.101450 0.245915
v 3.654085 0.048550 0.245915
v 3.689660 0.032202 0.210340
v 3.899156 0.075000 0.468979
v 3.870428 0.117798 0.480878
v 3.823947 0.101450 0.500131
v 3.823947 0.048550 0.500131
v 3.870428 0.032202 0.480878
v 3.975000 0.075000 2.750000
v 3.943906 0.117798 2.750000
v 3.893594 0.101450 2.750000
v 3.893594 0.048550 2.750000
v 3.943906 0.032202 2.750000
v 3.919813 0.075000 3.027445
v 3.891085 0.117798 3.015546
v 3.844604 0.101450 2.996293
v 3.844604 0.048550 2.996293
v 3.891085 0.032202 3.015546
v 3.762652 0.075000 3.262652
v 3.740665 0.117798 3.240665
v 3.705090 0.101450 3.205090
v 3.705090 0.048550 3.205090
v 3.740665 0.032202 3.240665
v 3.527445 0.075000 3.419813
v 3.515546 0.117798 3.391085
v 3.496293 0.101450 3.344604
v 3.496293 0.048550 3.344604
v 3.515546 0.032202 3.391085
v 3.250000 0.075000 3.475000
v 3.250000 0.117798 3.443906
v 3.250000 0.101450 3.393594
v 3.250000 0.048550 3.393594
v 3.250000 0.032202 3.443906
v 2.972555 0.075000 3.419813
v 2.984454 0.117798 3.391085
v 3.003707 0.101450 3.344604
v 3.003707 0.048550 3.344604
v 2.984454 0.032202 3.391085
v 2.737348 0.075000 3.262652
v 2.759335 0.117798 3.240665
v 2.794910 0.101450 3.205090
v 2.794910 0.048550 3.205090
v 2.759335 0.032202 3.240665
v 2.580187 0.075000 3.027445
v 2.608915 0.117798 3.015546
v 2.655396 0.101450 2.996293
v 2.655396 0.048550 2.996293
v 2.608915 0.032202 3.015546
v 2.525000 0.075000 2.750000
v 2.556094 0.117798 2.750000
v 2.606406 0.101450 2.750000
v 2.606406 0.048550 2.750000
v 2.556094 0.032202 2.750000
v 2.580187 0.075000 2.472555
v 2.608915 0.117798 2.484454
v 2.655396 0.101450 2.503707
v 2.655396 0.048550 2.503707
v 2.608915 0.032202 2.484454
v 2.737348 0.075000 2.237348
v 2.759335 0.117798 2.259335
v 2.794910 0.101450 2.294910
v 2.794910 0.048550 2.294910
v 2.759335 0.032202 2.259335
v 2.972555 0.075000 2.080187
v 2.984454 0.117798 2.108915
v 3.003707 0.101450 2.155396
v 3.003707 0.048550 2.155396
v 2.984454 0.032202 2.108915
v 3.250000 0.075000 2.025000
v 3.250000 0.117798 2.056094
v 3.250000 0.101450 2.106406
v 3.250000 0.048550 2.106406
v 3.250000 0.032202 2.056094
v 3.527445 0.075000 2.080187
v 3.515546 0.117798 2.108915
v 3.496293 0.101450 2.155396
v 3.496293 0.048550 2.155396
v 3.515546 0.032202 2.108915
v 3.762652 0.075000 2.237348
v 3.740665 0.117798 2.259335
v 3.705090 0.101450 2.294910
v 3.705090 0.048550 2.294910
v 3.740665 0.032202 2.259335
v 3.919813 0.075000 2.472555
v 3.891085 0.117798 2.484454
v 3.844604 0.101450 2.503707
v 3.844604 0.048550 2.503707
v 3.891085 0.032202 2.484454
v -0.505000 0.075000 -2.300000
v -0.536094 0.117798 -2.300000
v -0.586406 0.101450 -2.300000
v -0.586406 0.048550 -2.300000
v -0.536094 0.032202 -2.300000
v -0.565516 0.075000 -1.995767
v -0.594243 0.117798 -2.007666
v -0.640725 0.101450 -2.026919
v -0.640725 0.048550 -2.026919
v -0.594243 0.032202 -2.007666
v -0.737850 0.075000 -1.737850
v -0.759837 0.117798 -1.759837
v -0.795413 0.101450 -1.795413
v -0.795413 0.048550 -1.795413
v -0.759837 0.032202 -1.759837
v -0.995767 0.075000 -1.565516
v -1.007666 0.117798 -1.594243
v -1.026919 0.101450 -1.640725
v -1.026919 0.048550 -1.640725
v -1.007666 0.032202 -1.594243
v -1.300000 0.075000 -1.505000
v -1.300000 0.117798 -1.536094
v -1.300000 0.101450 -1.586406
v -1.300000 0.048550 -1.586406
v -1.300000 0.032202 -1.536094
v -1.604233 0.075000 -1.565516
v -1.592334 0.117798 -1.594243
v -1.573081 0.101450 -1.640725
v -1.573081 0.048550 -1.640725
v -1.592334 0.032202 -1.594243
v -1.862150 0.075000 -1.737850
v -1.840163 0.117798 -1.759837
v -1.804587 0.101450 -1.795413
v -1.804587 0.048550 -1.795413
v -1.840163 0.032202 -1.759837
v -2.034484 0.075000 -1.995767
v -2.005757 0.117798 -2.007666
v -1.959275 0.101450 -2.026919
v -1.959275 0.048550 -2.026919
v -2.005757 0.032202 -2.007666
v -2.095000 0.075000 -2.300000
v -2.063906 0.117798 -2.300000
v -2.013594 0.101450 -2.300000
v -2.013594 0.048550 -2.300000
v -2.063906 0.032202 -2.300000
v -2.034484 0.075000 -2.604233
v -2.005757 0.117798 -2.592334
v -1.959275 0.101450 -2.573081
v -1.959275 0.048550 -2.573081
v -2.005757 0.032202 -2.592334
v -1.862150 0.075000 -2.862150
v -1.840163 0.117798 -2.840163
v -1.804587 0.101450 -2.804587
v -1.804587 0.048550 -2.804587
v -1.840163 0.032202 -2.840163
v -1.604233 0.075000 -3.034484
v -1.592334 0.117798 -3.005757
v -1.573081 0.101450 -2.959275
v -1.573081 0.048550 -2.959275
v -1.592334 0.032202 -3.005757
v -1.300000 0.075000 -3.095000
v -1.300000 0.117798 -3.063906
v -1.300000 0.101450 -3.013594
v -1.300000 0.048550 -3.013594
v -1.300000 0.032202 -3.063906
v -0.995767 0.075000 -3.034484
v -1.007666 0.117798 -3.005757
v -1.026919 0.101450 -2.959275
v -1.026919 0.048550 -2.959275
v -1.007666 0.032202 -3.005757
v -0.737850 0.075000 -2.862150
v -0.759837 0.117798 -2.840163
v -0.795413 0.101450 -2.804587
v -0.795413 0.048550 -2.804587
v -0.759837 0.032202 -2.840163
v -0.565516 0.075000 -2.604233
v -0.594243 0.117798 -2.592334
v -0.640725 0.101450 -2.573081
v -0.640725 0.048550 -2.573081
v -0.594243 0.032202 -2.592334
v -2.055000 0.075000 -3.550000
v -2.086094 0.117798 -3.550000
v -2.136406 0.101450 -3.550000
v -2.136406 0.048550 -3.550000
v -2.086094 0.032202 -3.550000
v -2.126934 0.075000 -3.188364
v -2.155661 0.117798 -3.200263
v -2.202143 0.101450 -3.219517
v -2.202143 0.048550 -3.219517
v -2.155661 0.032202 -3.200263
v -2.331784 0.075000 -2.881784
v -2.353771 0.117798 -2.903771
v -2.389347 0.101450 -2.939347
v -2.389347 0.048550 -2.939347
v -2.353771 0.032202 -2.903771
v -2.638364 0.075000 -2.676934
v -2.650263 0.117798 -2.705661
v -2.669517 0.101450 -2.752143
v -2.669517 0.048550 -2.752143
v -2.650263 0.032202 -2.705661
v -3.000000 0.075000 -2.605000
v -3.000000 0.117798 -2.636094
v -3.000000 0.101450 -2.686406
v -3.000000 0.048550 -2.686406
v -3.000000 0.032202 -2.636094
v -3.361636 0.075000 -2.676934
v -3.349737 0.117798 -2.705661
v -3.330483 0.101450 -2.752143
v -3.330483 0.048550 -2.752143
v -3.349737 0.032202 -2.705661
v -3.668216 0.075000 -2.881784
v -3.646229 0.117798 -2.903771
v -3.610653 0.101450 -2.939347
v -3.610653 0.048550 -2.939347
v -3.646229 0.032202 -2.903771
v -3.873066 0.075000 -3.188364
v -3.844339 0.117798 -3.200263
v -3.797857 0.101450 -3.219517
v -3.797857 0.048550 -3.219517
v -3.844339 0.032202 -3.200263
v -3.945000 0.075000 -3.550000
v -3.913906 0.117798 -3.550000
v -3.863594 0.101450 -3.550000
v -3.863594 0.048550 -3.550000
v -3.913906 0.032202 -3.550000
v -3.873066 0.075000 -3.911636
v -3.844339 0.117798 -3.899737
v -3.797857 0.101450 -3.880483
v -3.797857 0.048550 -3.880483
v -3.844339 0.032202 -3.899737
v -3.668216 0.075000 -4.218216
v -3.646229 0.117798 -4.196229
v -3.610653 0.101450 -4.160653
v -3.610653 0.048550 -4.160653
v -3.646229 0.032202 -4.196229
v -3.361636 0.075000 -4.423066
v -3.349737 0.117798 -4.394339
v -3.330483 0.101450 -4.347857
v -3.330483 0.048550 -4.347857
v -3.349737 0.032202 -4.394339
v -3.000000 0.075000 -4.495000
v -3.000000 0.117798 -4.463906
v -3.000000 0.101450 -4.413594
v -3.000000 0.048550 -4.413594
v -3.000000 0.032202 -4.463906
v -2.638364 0.075000 -4.423066
v -2.650263 0.117798 -4.394339
v -2.669517 0.101450 -4.347857
v -2.669517 0.048550 -4.347857
v -2.650263 0.032202 -4.394339
v -2.331784 0.075000 -4.218216
v -2.353771 0.117798 -4.196229
v -2.389347 0.101450 -4.160653
v -2.389347 0.048550 -4.160653
v -2.353771 0.032202 -4.196229
v -2.126934 0.075000 -3.911636
v -2.155661 0.117798 -3.899737
v -2.202143 0.101450 -3.880483
v -2.202143 0.048550 -3.880483
v -2.155661 0.032202 -3.899737
v 2.415000 0.075000 -3.850000
v 2.383906 0.117798 -3.850000
v 2.333594 0.101450 -3.850000
v 2.333594 0.048550 -3.850000
v 2.383906 0.032202 -3.850000
v 2.356768 0.075000 -3.557247
v 2.328041 0.117798 -3.569146
v 2.281559 0.101450 -3.588400
v 2.281559 0.048550 -3.588400
v 2.328041 0.032202 -3.569146
v 2.190937 0.075000 -3.309063
v 2.168950 0.117798 -3.331050
v 2.133374 0.101450 -3.366626
v 2.133374 0.048550 -3.366626
v 2.168950 0.032202 -3.331050
v 1.942753 0.075000 -3.143232
v 1.930854 0.117798 -3.171959
v 1.911600 0.101450 -3.218441
v 1.911600 0.048550 -3.218441
v 1.930854 0.032202 -3.171959
v 1.650000 0.075000 -3.085000
v 1.650000 0.117798 -3.116094
v 1.650000 0.101450 -3.166406
v 1.650000 0.048550 -3.166406
v 1.650000 0.032202 -3.116094
v 1.357247 0.075000 -3.143232
v 1.369146 0.117798 -3.171959
v 1.388400 0.101450 -3.218441
v 1.388400 0.048550 -3.218441
v 1.369146 0.032202 -3.171959
v 1.109063 0.075000 -3.309063
v 1.131050 0.117798 -3.331050
v 1.166626 0.101450 -3.366626
v 1.166626 0.048550 -3.366626
v 1.131050 0.032202 -3.331050
v 0.943232 0.075000 -3.557247
v 0.971959 0.117798 -3.569146
v 1.018441 0.101450 -3.588400
v 1.018441 0.048550 -3.588400
v 0.971959 0.032202 -3.569146
v 0.885000 0.075000 -3.850000
v 0.916094 0.117798 -3.850000
v 0.966406 0.101450 -3.850000
v 0.966406 0.048550 -3.850000
v 0.916094 0.032202 -3.850000
v 0.943232 0.075000 -4.142753
v 0.971959 0.117798 -4.130854
v 1.018441 0.101450 -4.111600
v 1.018441 0.048550 -4.111600
v 0.971959 0.032202 -4.130854
v 1.109063 0.075000 -4.390937
v 1.131050 0.117798 -4.368950
v 1.166626 0.101450 -4.333374
v 1.166626 0.048550 -4.333374
v 1.131050 0.032202 -4.368950
v 1.357247 0.075000 -4.556768
v 1.369146 0.117798 -4.528041
v 1.388400 0.101450 -4.481559
v 1.388400 0.048550 -4.481559
v 1.369146 0.032202 -4.528041
v 1.650000 0.075000 -4.615000
v 1.650000 0.117798 -4.583906
v 1.650000 0.101450 -4.533594
v 1.650000 0.048550 -4.533594
v 1.650000 0.032202 -4.583906
v 1.942753 0.075000 -4.556768
v 1.930854 0.117798 -4.528041
v 1.911600 0.101450 -4.481559
v 1.911600 0.048550 -4.481559
v 1.930854 0.032202 -4.528041
v 2.190937 0.075000 -4.390937
v 2.168950 0.117798 -4.368950
v 2.133374 0.101450 -4.333374
v 2.133374 0.048550 -4.333374
v 2.168950 0.032202 -4.368950
v 2.356768 0.075000 -4.142753
v 2.328041 0.117798 -4.130854
v 2.281559 0.101450 -4.111600
v 2.281559 0.048550 -4.111600
v 2.328041 0.032202 -4.130854
v -0.805000 0.000000 4.595000
v -0.805000 0.000000 4.705000
v -0.695000 0.000000 4.595000
v -0.695000 0.000000 4.705000
v -0.805000 1.800000 4.595000
v -0.805000 1.800000 4.705000
v -0.695000 1.800000 4.595000
v -0.695000 1.800000 4.705000
v 0.695000 0.000000 4.595000
v 0.695000 0.000000 4.705000
v 0.805000 0.000000 4.595000
v 0.805000 0.000000 4.705000
v 0.695000 1.800000 4.595000
v 0.695000 1.800000 4.705000
v 0.805000 1.800000 4.595000
v 0.805000 1.800000 4.705000
v -0.800000 1.735000 4.715000
v -0.800000 1.735000 4.585000
v -0.800000 1.865000 4.715000
v -0.800000 1.865000 4.585000
v 0.800000 1.735000 4.715000
v 0.800000 1.735000 4.585000
v 0.800000 1.865000 4.715000
v 0.800000 1.865000 4.585000
v 1.131207 0.010920 -4.100000
v 1.131207 0.010920 -4.000000
v 1.228793 -0.010920 -4.100000
v 1.228793 -0.010920 -4.000000
v 1.601207 2.110920 -4.100000
v 1.601207 2.110920 -4.000000
v 1.698793 2.089080 -4.100000
v 1.698793 2.089080 -4.000000
v 2.071207 -0.010920 -4.100000
v 2.071207 -0.010920 -4.000000
v 2.168793 0.010920 -4.100000
v 2.168793 0.010920 -4.000000
v 1.601207 2.089080 -4.100000
v 1.601207 2.089080 -4.000000
v 1.698793 2.110920 -4.100000
v 1.698793 2.110920 -4.000000
v 1.380000 1.205000 -4.005000
v 1.380000 1.205000 -4.095000
v 1.380000 1.295000 -4.005000
v 1.380000 1.295000 -4.095000
v 1.920000 1.205000 -4.005000
v 1.920000 1.205000 -4.095000
v 1.920000 1.295000 -4.005000
v 1.920000 1.295000 -4.095000
v -5.043659 0.050053 -3.721238
v -4.951050 0.050053 -3.875587
v -5.048950 0.229947 -3.724413
v -4.956341 0.229947 -3.878762
v -4.043659 0.090053 -3.121238
v -3.951050 0.090053 -3.275587
v -4.048950 0.269947 -3.124413
v -3.956341 0.269947 -3.278762
v -4.731874 0.040016 3.484183
v -4.665023 0.040016 3.317058
v -4.734977 0.219984 3.482942
v -4.668126 0.219984 3.315817
v -3.731874 0.060016 3.884183
v -3.665023 0.060016 3.717058
v -3.734977 0.239984 3.882942
v -3.668126 0.239984 3.715817
v 4.051008 0.060003 3.874154
v 3.947784 0.060003 3.726692
v 4.052216 0.239997 3.873308
v 3.948992 0.239997 3.725846
v 5.051008 0.050003 3.174154
v 4.947784 0.050003 3.026692
v 5.052216 0.229997 3.173308
v 4.948992 0.229997 3.025846
v 4.160471 0.030004 -3.619142
v 4.240969 0.030004 -3.780138
v 4.159031 0.209996 -3.619862
v 4.239529 0.209996 -3.780858
v 5.160471 0.040004 -3.119142
v 5.240969 0.040004 -3.280138
v 5.159031 0.219996 -3.119862
v 5.239529 0.219996 -3.280858
v -5.200000 0.368000 -1.800000
v -5.200000 0.032000 -1.800000
v -4.906000 0.200000 -1.800000
v -5.053000 0.200000 -1.569637
v -5.347000 0.200000 -1.569637
v -5.494000 0.200000 -1.800000
v -5.347000 0.200000 -2.030363
v -5.053000 0.200000 -2.030363
v -4.800000 0.392000 1.400000
v -4.800000 0.008000 1.400000
v -4.464000 0.200000 1.400000
v -4.632000 0.200000 1.663272
v -4.968000 0.200000 1.663272
v -5.136000 0.200000 1.400000
v -4.968000 0.200000 1.136728
v -4.632000 0.200000 1.136728
v 4.900000 0.380000 -1.600000
v 4.900000 0.020000 -1.600000
v 5.215000 0.200000 -1.600000
v 5.057500 0.200000 -1.353183
v 4.742500 0.200000 -1.353183
v 4.585000 0.200000 -1.600000
v 4.742500 0.200000 -1.846817
v 5.057500 0.200000 -1.846817
v 5.100000 0.356000 1.700000
v 5.100000 0.044000 1.700000
v 5.373000 0.200000 1.700000
v 5.236500 0.200000 1.913908
v 4.963500 0.200000 1.913908
v 4.827000 0.200000 1.700000
v 4.963500 0.200000 1.486092
v 5.236500 0.200000 1.486092
v -2.100000 0.344000 4.500000
v -2.100000 0.056000 4.500000
v -1.848000 0.200000 4.500000
v -1.974000 0.200000 4.697454
v -2.226000 0.200000 4.697454
v -2.352000 0.200000 4.500000
v -2.226000 0.200000 4.302546
v -1.974000 0.200000 4.302546
v 2.200000 0.368000 4.400000
v 2.200000 0.032000 4.400000
v 2.494000 0.200000 4.400000
v 2.347000 0.200000 4.630363
v 2.053000 0.200000 4.630363
v 1.906000 0.200000 4.400000
v 2.053000 0.200000 4.169637
v 2.347000 0.200000 4.169637
vt 0.000000 0.000000
vt 1.000000 0.000000
vt 1.000000 1.000000
vt 0.000000 1.000000
vt 0.000000 0.000000
vt 1.000000 0.000000
vt 1.000000 1.000000
vt 0.000000 1.000000
vt 0.000000 0.000000
vt 1.000000 0.000000
vt 1.000000 1.000000
vt 0.000000 1.000000
vt 0.000000 0.000000
vt 1.000000 0.000000
vt 1.000000 1.000000
vt 0.000000 1.000000
vt 0.000000 0.000000
vt 1.000000 0.000000
vt 1.000000 1.000000
vt 0.000000 1.000000
vt 0.000000 0.000000
vt 1.000000 0.000000
vt 1.000000 1.000000
vt 0.000000 1.000000
vt 0.000000 0.000000
vt 1.000000 0.000000
vt 1.000000 1.000000
vt 0.000000 1.000000
vt 0.000000 0.000000
vt 1.000000 0.000000
vt 1.000000 1.000000
vt 0.000000 1.000000
vt 0.000000 0.000000
vt 1.000000 0.000000
vt 1.000000 1.000000
vt 0.000000 1.000000
vt 0.000000 0.000000
vt 1.000000 0.000000
vt 1.000000 1.000000
vt 0.000000 1.000000
vt 0.000000 0.000000
vt 1.000000 0.000000
vt 1.000000 1.000000
vt 0.000000 1.000000
vt 0.000000 0.000000
vt 1.000000 0.000000
vt 1.000000 1.000000
vt 0.000000 1.000000
vt 0.000000 0.000000
vt 1.000000 0.000000
vt 1.000000 1.000000
vt 0.000000 1.000000
vt 0.000000 0.000000
vt 1.000000 0.000000
vt 1.000000 1.000000
vt 0.000000 1.000000
vt 0.000000 0.000000
vt 1.000000 0.000000
vt 1.000000 1.000000
vt 0.000000 1.000000
vt 0.000000 0.000000
vt 1.000000 0.000000
vt 1.000000 1.000000
vt 0.000000 1.000000
vt 0.000000 0.000000
vt 1.000000 0.000000
vt 1.000000 1.000000
vt 0.000000 1.000000
vt 0.000000 0.000000
vt 1.000000 0.000000
vt 1.000000 1.000000
vt 0.000000 1.000000
vt 0.000000 0.000000
vt 1.000000 0.000000
vt 1.000000 1.000000
vt 0.000000 1.000000
vt 0.000000 0.000000
vt 1.000000 0.000000
vt 1.000000 1.000000
vt 0.000000 1.000000
vt 0.000000 0.000000
vt 1.000000 0.000000
vt 1.000000 1.000000
vt 0.000000 1.000000
vt 0.000000 0.000000
vt 1.000000 0.000000
vt 1.000000 1.000000
vt 0.000000 1.000000
vt 0.000000 0.000000
vt 1.000000 0.000000
vt 1.000000 1.000000
vt 0.000000 1.000000
vt 0.000000 0.000000
vt 1.000000 0.000000
vt 1.000000 1.000000
vt 0.000000 1.000000
vt 0.000000 0.000000
vt 1.000000 0.000000
vt 1.000000 1.000000
vt 0.000000 1.000000
vt 0.000000 0.000000
vt 1.000000 0.000000
vt 1.000000 1.000000
vt 0.000000 1.000000
vt 0.000000 0.000000
vt 1.000000 0.000000
vt 1.000000 1.000000
vt 0.000000 1.000000
vt 0.000000 0.000000
vt 1.000000 0.000000
vt 1.000000 1.000000
vt 0.000000 1.000000
vt 0.000000 0.000000
vt 1.000000 0.000000
vt 1.000000 1.000000
vt 0.000000 1.000000
vt 0.000000 0.000000
vt 1.000000 0.000000
vt 1.000000 1.000000
vt 0.000000 1.000000
vt 0.000000 0.000000
vt 1.000000 0.000000
vt 1.000000 1.000000
vt 0.000000 1.000000
vt 0.000000 0.000000
vt 1.000000 0.000000
vt 1.000000 1.000000
vt 0.000000 1.000000
vt 0.000000 0.000000
vt 1.000000 0.000000
vt 1.000000 1.000000
vt 0.000000 1.000000
vt 0.000000 0.000000
vt 1.000000 0.000000
vt 1.000000 1.000000
vt 0.000000 1.000000
vt 0.000000 0.000000
vt 1.000000 0.000000
vt 1.000000 1.000000
vt 0.000000 1.000000
vt 0.000000 0.000000
vt 1.000000 0.000000
vt 1.000000 1.000000
vt 0.000000 1.000000
vt 0.000000 0.000000
vt 1.000000 0.000000
vt 1.000000 1.000000
vt 0.000000 1.000000
vt 0.000000 0.000000
vt 1.000000 0.000000
vt 1.000000 1.000000
vt 0.000000 1.000000
vt 0.000000 0.000000
vt 1.000000 0.000000
vt 1.000000 1.000000
vt 0.000000 1.000000
vt 0.000000 0.000000
vt 1.000000 0.000000
vt 1.000000 1.000000
vt 0.000000 1.000000
vt 0.000000 0.000000
vt 1.000000 0.000000
vt 1.000000 1.000000
vt 0.000000 1.000000
vt 0.000000 0.000000
vt 1.000000 0.000000
vt 1.000000 1.000000
vt 0.000000 1.000000
vt 0.000000 0.000000
vt 1.000000 0.000000
vt 1.000000 1.000000
vt 0.000000 1.000000
vt 0.000000 0.000000
vt 1.000000 0.000000
vt 1.000000 1.000000
vt 0.000000 1.000000
vt 0.000000 0.000000
vt 1.000000 0.000000
vt 1.000000 1.000000
vt 0.000000 1.000000
vt 0.000000 0.000000
vt 1.000000 0.000000
vt 1.000000 1.000000
vt 0.000000 1.000000
vt 0.000000 0.000000
vt 1.000000 0.000000
vt 1.000000 1.000000
vt 0.000000 1.000000
vt 0.000000 0.000000
vt 1.000000 0.000000
vt 1.000000 1.000000
vt 0.000000 1.000000
vt 0.000000 0.000000
vt 1.000000 0.000000
vt 1.000000 1.000000
vt 0.000000 1.000000
vt 0.000000 0.000000
vt 1.000000 0.000000
vt 1.000000 1.000000
vt 0.000000 1.000000
vt 0.000000 0.000000
vt 1.000000 0.000000
vt 1.000000 1.000000
vt 0.000000 1.000000
vt 0.000000 0.000000
vt 1.000000 0.000000
vt 1.000000 1.000000
vt 0.000000 1.000000
vt 0.000000 0.000000
vt 1.000000 0.000000
vt 1.000000 1.000000
vt 0.000000 1.000000
vt 0.000000 0.000000
vt 1.000000 0.000000
vt 1.000000 1.000000
vt 0.000000 1.000000
vt 0.000000 0.000000
vt 1.000000 0.000000
vt 1.000000 1.000000
vt 0.000000 1.000000
vt 0.000000 0.000000
vt 1.000000 0.000000
vt 1.000000 1.000000
vt 0.000000 1.000000
vt 0.000000 0.000000
vt 1.000000 0.000000
vt 1.000000 1.000000
vt 0.000000 1.000000
vt 0.000000 0.000000
vt 1.000000 0.000000
vt 1.000000 1.000000
vt 0.000000 1.000000
vt 0.000000 0.000000
vt 1.000000 0.000000
vt 1.000000 1.000000
vt 0.000000 1.000000
vt 0.000000 0.000000
vt 1.000000 0.000000
vt 1.000000 1.000000
vt 0.000000 1.000000
vt 0.000000 0.000000
vt 1.000000 0.000000
vt 1.000000 1.000000
vt 0.000000 1.000000
vt 0.000000 0.000000
vt 1.000000 0.000000
vt 1.000000 1.000000
vt 0.000000 1.000000
vt 0.000000 0.000000
vt 1.000000 0.000000
vt 1.000000 1.000000
vt 0.000000 1.000000
vt 0.000000 0.000000
vt 1.000000 0.000000
vt 1.000000 1.000000
vt 0.000000 1.000000
vt 0.000000 0.000000
vt 1.000000 0.000000
vt 1.000000 1.000000
vt 0.000000 1.000000
vt 0.000000 0.000000
vt 1.000000 0.000000
vt 1.000000 1.000000
vt 0.000000 1.000000
vt 0.000000 0.000000
vt 1.000000 0.000000
vt 1.000000 1.000000
vt 0.000000 1.000000
vt 0.000000 0.000000
vt 1.000000 0.000000
vt 1.000000 1.000000
vt 0.000000 1.000000
vt 0.000000 0.000000
vt 1.000000 0.000000
vt 1.000000 1.000000
vt 0.000000 1.000000
vt 0.000000 0.000000
vt 1.000000 0.000000
vt 1.000000 1.000000
vt 0.000000 1.000000
vt 0.000000 0.000000
vt 1.000000 0.000000
vt 1.000000 1.000000
vt 0.000000 1.000000
vt 0.000000 0.000000
vt 1.000000 0.000000
vt 1.000000 1.000000
vt 0.000000 1.000000
vt 0.000000 0.000000
vt 1.000000 0.000000
vt 1.000000 1.000000
vt 0.000000 1.000000
vt 0.000000 0.000000
vt 1.000000 0.000000
vt 1.000000 1.000000
vt 0.000000 1.000000
vt 0.000000 0.000000
vt 1.000000 0.000000
vt 1.000000 1.000000
vt 0.000000 1.000000
vt 0.000000 0.000000
vt 1.000000 0.000000
vt 1.000000 1.000000
vt 0.000000 1.000000
vt 0.000000 0.000000
vt 1.000000 0.000000
vt 1.000000 1.000000
vt 0.000000 1.000000
vt 0.000000 0.000000
vt 1.000000 0.000000
vt 1.000000 1.000000
vt 0.000000 1.000000
vt 0.000000 0.000000
vt 1.000000 0.000000
vt 1.000000 1.000000
vt 0.000000 1.000000
vt 0.000000 0.000000
vt 1.000000 0.000000
vt 1.000000 1.000000
vt 0.000000 1.000000
vt 0.000000 0.000000
vt 1.000000 0.000000
vt 1.000000 1.000000
vt 0.000000 1.000000
vt 0.000000 0.000000
vt 1.000000 0.000000
vt 1.000000 1.000000
vt 0.000000 1.000000
vt 0.000000 0.000000
vt 1.000000 0.000000
vt 1.000000 1.000000
vt 0.000000 1.000000
vt 0.000000 0.000000
vt 1.000000 0.000000
vt 1.000000 1.000000
vt 0.000000 1.000000
vt 0.000000 0.000000
vt 1.000000 0.000000
vt 1.000000 1.000000
vt 0.000000 1.000000
vt 0.000000 0.000000
vt 1.000000 0.000000
vt 1.000000 1.000000
vt 0.000000 1.000000
vt 0.000000 0.000000
vt 1.000000 0.000000
vt 1.000000 1.000000
vt 0.000000 1.000000
vt 0.000000 0.000000
vt 1.000000 0.000000
vt 1.000000 1.000000
vt 0.000000 1.000000
vt 0.000000 0.000000
vt 1.000000 0.000000
vt 1.000000 1.000000
vt 0.000000 1.000000
vt 0.000000 0.000000
vt 1.000000 0.000000
vt 1.000000 1.000000
vt 0.000000 1.000000
vt 0.000000 0.000000
vt 1.000000 0.000000
vt 1.000000 1.000000
vt 0.000000 1.000000
vt 0.000000 0.000000
vt 1.000000 0.000000
vt 1.000000 1.000000
vt 0.000000 1.000000
vt 0.000000 0.000000
vt 1.000000 0.000000
vt 1.000000 1.000000
vt 0.000000 1.000000
vt 0.000000 0.000000
vt 1.000000 0.000000
vt 1.000000 1.000000
vt 0.000000 1.000000
vt 0.000000 0.000000
vt 1.000000 0.000000
vt 1.000000 1.000000
vt 0.000000 1.000000
vt 0.000000 0.000000
vt 1.000000 0.000000
vt 1.000000 1.000000
vt 0.000000 1.000000
vt 0.000000 0.000000
vt 1.000000 0.000000
vt 1.000000 1.000000
vt 0.000000 1.000000
vt 0.000000 0.000000
vt 1.000000 0.000000
vt 1.000000 1.000000
vt 0.000000 1.000000
vt 0.000000 0.000000
vt 1.000000 0.000000
vt 1.000000 1.000000
vt 0.000000 1.000000
vt 0.000000 0.000000
vt 1.000000 0.000000
vt 1.000000 1.000000
vt 0.000000 1.000000
vt 0.000000 0.000000
vt 1.000000 0.000000
vt 1.000000 1.000000
vt 0.000000 1.000000
vt 0.000000 0.000000
vt 1.000000 0.000000
vt 1.000000 1.000000
vt 0.000000 1.000000
vt 0.000000 0.000000
vt 1.000000 0.000000
vt 1.000000 1.000000
vt 0.000000 1.000000
vt 0.000000 0.000000
vt 1.000000 0.000000
vt 1.000000 1.000000
vt 0.000000 1.000000
vt 0.000000 0.000000
vt 1.000000 0.000000
vt 1.000000 1.000000
vt 0.000000 1.000000
vt 0.000000 0.000000
vt 1.000000 0.000000
vt 1.000000 1.000000
vt 0.000000 1.000000
vt 0.000000 0.000000
vt 1.000000 0.000000
vt 1.000000 1.000000
vt 0.000000 1.000000
vt 0.000000 0.000000
vt 1.000000 0.000000
vt 1.000000 1.000000
vt 0.000000 1.000000
vt 0.000000 0.000000
vt 1.000000 0.000000
vt 1.000000 1.000000
vt 0.000000 1.000000
vt 0.000000 0.000000
vt 1.000000 0.000000
vt 1.000000 1.000000
vt 0.000000 1.000000
vt 0.000000 0.000000
vt 1.000000 0.000000
vt 1.000000 1.000000
vt 0.000000 1.000000
vt 0.000000 0.000000
vt 1.000000 0.000000
vt 1.000000 1.000000
vt 0.000000 1.000000
vt 0.000000 0.000000
vt 1.000000 0.000000
vt 1.000000 1.000000
vt 0.000000 1.000000
vt 0.000000 0.000000
vt 1.000000 0.000000
vt 1.000000 1.000000
vt 0.000000 1.000000
vt 0.000000 0.000000
vt 1.000000 0.000000
vt 1.000000 1.000000
vt 0.000000 1.000000
vt 0.000000 0.000000
vt 1.000000 0.000000
vt 1.000000 1.000000
vt 0.000000 1.000000
vt 0.000000 0.000000
vt 1.000000 0.000000
vt 1.000000 1.000000
vt 0.000000 1.000000
vt 0.000000 0.000000
vt 1.000000 0.000000
vt 1.000000 1.000000
vt 0.000000 1.000000
vt 0.000000 0.000000
vt 1.000000 0.000000
vt 1.000000 1.000000
vt 0.000000 1.000000
vt 0.000000 0.000000
vt 1.000000 0.000000
vt 1.000000 1.000000
vt 0.000000 1.000000
vt 0.000000 0.000000
vt 1.000000 0.000000
vt 1.000000 1.000000
vt 0.000000 1.000000
vt 0.000000 0.000000
vt 1.000000 0.000000
vt 1.000000 1.000000
vt 0.000000 1.000000
vt 0.000000 0.000000
vt 1.000000 0.000000
vt 1.000000 1.000000
vt 0.000000 1.000000
vt 0.000000 0.000000
vt 1.000000 0.000000
vt 1.000000 1.000000
vt 0.000000 1.000000
vt 0.000000 0.000000
vt 1.000000 0.000000
vt 1.000000 1.000000
vt 0.000000 1.000000
vt 0.000000 0.000000
vt 1.000000 0.000000
vt 1.000000 1.000000
vt 0.000000 1.000000
vt 0.000000 0.000000
vt 1.000000 0.000000
vt 1.000000 1.000000
vt 0.000000 1.000000
vt 0.000000 0.000000
vt 1.000000 0.000000
vt 1.000000 1.000000
vt 0.000000 1.000000
vt 0.000000 0.000000
vt 1.000000 0.000000
vt 1.000000 1.000000
vt 0.000000 1.000000
vt 0.000000 0.000000
vt 1.000000 0.000000
vt 1.000000 1.000000
vt 0.000000 1.000000
vt 0.000000 0.000000
vt 1.000000 0.000000
vt 1.000000 1.000000
vt 0.000000 1.000000
vt 0.000000 0.000000
vt 1.000000 0.000000
vt 1.000000 1.000000
vt 0.000000 1.000000
vt 0.000000 0.000000
vt 1.000000 0.000000
vt 1.000000 1.000000
vt 0.000000 1.000000
vt 0.000000 0.000000
vt 1.000000 0.000000
vt 1.000000 1.000000
vt 0.000000 1.000000
vt 0.000000 0.000000
vt 1.000000 0.000000
vt 1.000000 1.000000
vt 0.000000 1.000000
vt 0.000000 0.000000
vt 1.000000 0.000000
vt 1.000000 1.000000
vt 0.000000 1.000000
vt 0.000000 0.000000
vt 1.000000 0.000000
vt 1.000000 1.000000
vt 0.000000 1.000000
vt 0.000000 0.000000
vt 1.000000 0.000000
vt 1.000000 1.000000
vt 0.000000 1.000000
vt 0.000000 0.000000
vt 1.000000 0.000000
vt 1.000000 1.000000
vt 0.000000 1.000000
vt 0.000000 0.000000
vt 1.000000 0.000000
vt 1.000000 1.000000
vt 0.000000 1.000000
vt 0.000000 0.000000
vt 1.000000 0.000000
vt 1.000000 1.000000
vt 0.000000 1.000000
vt 0.000000 0.000000
vt 1.000000 0.000000
vt 1.000000 1.000000
vt 0.000000 1.000000
vt 0.000000 0.000000
vt 1.000000 0.000000
vt 1.000000 1.000000
vt 0.000000 1.000000
vt 0.000000 0.000000
vt 1.000000 0.000000
vt 1.000000 1.000000
vt 0.000000 1.000000
vt 0.000000 0.000000
vt 1.000000 0.000000
vt 1.000000 1.000000
vt 0.000000 1.000000
vt 0.000000 0.000000
vt 1.000000 0.000000
vt 1.000000 1.000000
vt 0.000000 1.000000
vt 0.000000 0.000000
vt 1.000000 0.000000
vt 1.000000 1.000000
vt 0.000000 1.000000
vt 0.000000 0.000000
vt 1.000000 0.000000
vt 1.000000 1.000000
vt 0.000000 1.000000
vt 0.000000 0.000000
vt 1.000000 0.000000
vt 1.000000 1.000000
vt 0.000000 1.000000
vt 0.000000 0.000000
vt 1.000000 0.000000
vt 1.000000 1.000000
vt 0.000000 1.000000
vt 0.000000 0.000000
vt 1.000000 0.000000
vt 1.000000 1.000000
vt 0.000000 1.000000
vt 0.000000 0.000000
vt 1.000000 0.000000
vt 1.000000 1.000000
vt 0.000000 1.000000
vt 0.000000 0.000000
vt 1.000000 0.000000
vt 1.000000 1.000000
vt 0.000000 1.000000
vt 0.000000 0.000000
vt 1.000000 0.000000
vt 1.000000 1.000000
vt 0.000000 1.000000
vt 0.000000 0.000000
vt 1.000000 0.000000
vt 1.000000 1.000000
vt 0.000000 1.000000
vt 0.000000 0.000000
vt 1.000000 0.000000
vt 1.000000 1.000000
vt 0.000000 1.000000
vt 0.000000 0.000000
vt 1.000000 0.000000
vt 1.000000 1.000000
vt 0.000000 1.000000
vt 0.000000 0.000000
vt 1.000000 0.000000
vt 1.000000 1.000000
vt 0.000000 1.000000
vt 0.000000 0.000000
vt 1.000000 0.000000
vt 1.000000 1.000000
vt 0.000000 1.000000
vt 0.000000 0.000000
vt 1.000000 0.000000
vt 1.000000 1.000000
vt 0.000000 1.000000
vt 0.000000 0.000000
vt 1.000000 0.000000
vt 1.000000 1.000000
vt 0.000000 1.000000
vt 0.000000 0.000000
vt 1.000000 0.000000
vt 1.000000 1.000000
vt 0.000000 1.000000
vt 0.000000 0.000000
vt 1.000000 0.000000
vt 1.000000 1.000000
vt 0.000000 1.000000
vt 0.000000 0.000000
vt 1.000000 0.000000
vt 1.000000 1.000000
vt 0.000000 1.000000
vt 0.000000 0.000000
vt 1.000000 0.000000
vt 1.000000 1.000000
vt 0.000000 1.000000
vt 0.000000 0.000000
vt 1.000000 0.000000
vt 1.000000 1.000000
vt 0.000000 1.000000
vt 0.000000 0.000000
vt 1.000000 0.000000
vt 1.000000 1.000000
vt 0.000000 1.000000
vt 0.000000 0.000000
vt 1.000000 0.000000
vt 1.000000 1.000000
vt 0.000000 1.000000
vt 0.000000 0.000000
vt 1.000000 0.000000
vt 1.000000 1.000000
vt 0.000000 1.000000
vt 0.000000 0.000000
vt 1.000000 0.000000
vt 1.000000 1.000000
vt 0.000000 1.000000
vt 0.000000 0.000000
vt 1.000000 0.000000
vt 1.000000 1.000000
vt 0.000000 1.000000
vt 0.000000 0.000000
vt 1.000000 0.000000
vt 1.000000 1.000000
vt 0.000000 1.000000
vt 0.000000 0.000000
vt 1.000000 0.000000
vt 1.000000 1.000000
vt 0.000000 1.000000
vt 0.000000 0.000000
vt 1.000000 0.000000
vt 1.000000 1.000000
vt 0.000000 1.000000
vt 0.000000 0.000000
vt 1.000000 0.000000
vt 1.000000 1.000000
vt 0.000000 1.000000
vt 0.000000 0.000000
vt 1.000000 0.000000
vt 1.000000 1.000000
vt 0.000000 1.000000
vt 0.000000 0.000000
vt 1.000000 0.000000
vt 1.000000 1.000000
vt 0.000000 1.000000
vt 0.000000 0.000000
vt 1.000000 0.000000
vt 1.000000 1.000000
vt 0.000000 1.000000
vt 0.000000 0.000000
vt 1.000000 0.000000
vt 1.000000 1.000000
vt 0.000000 1.000000
vt 0.000000 0.000000
vt 1.000000 0.000000
vt 1.000000 1.000000
vt 0.000000 1.000000
vt 0.000000 0.000000
vt 1.000000 0.000000
vt 1.000000 1.000000
vt 0.000000 1.000000
vt 0.000000 0.000000
vt 1.000000 0.000000
vt 1.000000 1.000000
vt 0.000000 1.000000
vt 0.000000 0.000000
vt 1.000000 0.000000
vt 1.000000 1.000000
vt 0.000000 1.000000
vt 0.000000 0.000000
vt 1.000000 0.000000
vt 1.000000 1.000000
vt 0.000000 1.000000
vt 0.000000 0.000000
vt 1.000000 0.000000
vt 1.000000 1.000000
vt 0.000000 1.000000
vt 0.000000 0.000000
vt 1.000000 0.000000
vt 1.000000 1.000000
vt 0.000000 1.000000
vt 0.000000 0.000000
vt 1.000000 0.000000
vt 1.000000 1.000000
vt 0.000000 1.000000
vt 0.000000 0.000000
vt 1.000000 0.000000
vt 1.000000 1.000000
vt 0.000000 1.000000
vt 0.000000 0.000000
vt 1.000000 0.000000
vt 1.000000 1.000000
vt 0.000000 1.000000
vt 0.000000 0.000000
vt 1.000000 0.000000
vt 1.000000 1.000000
vt 0.000000 1.000000
vt 0.000000 0.000000
vt 1.000000 0.000000
vt 1.000000 1.000000
vt 0.000000 1.000000
vt 0.000000 0.000000
vt 1.000000 0.000000
vt 1.000000 1.000000
vt 0.000000 1.000000
vt 0.000000 0.000000
vt 1.000000 0.000000
vt 1.000000 1.000000
vt 0.000000 1.000000
vt 0.000000 0.000000
vt 1.000000 0.000000
vt 1.000000 1.000000
vt 0.000000 1.000000
vt 0.000000 0.000000
vt 1.000000 0.000000
vt 1.000000 1.000000
vt 0.000000 1.000000
vt 0.000000 0.000000
vt 1.000000 0.000000
vt 1.000000 1.000000
vt 0.000000 1.000000
vt 0.000000 0.000000
vt 1.000000 0.000000
vt 1.000000 1.000000
vt 0.000000 1.000000
vt 0.000000 0.000000
vt 1.000000 0.000000
vt 1.000000 1.000000
vt 0.000000 1.000000
vt 0.000000 0.000000
vt 1.000000 0.000000
vt 1.000000 1.000000
vt 0.000000 1.000000
vt 0.000000 0.000000
vt 1.000000 0.000000
vt 1.000000 1.000000
vt 0.000000 1.000000
vt 0.000000 0.000000
vt 1.000000 0.000000
vt 1.000000 1.000000
vt 0.000000 1.000000
vt 0.000000 0.000000
vt 1.000000 0.000000
vt 1.000000 1.000000
vt 0.000000 1.000000
vt 0.000000 0.000000
vt 1.000000 0.000000
vt 1.000000 1.000000
vt 0.000000 1.000000
vt 0.000000 0.000000
vt 1.000000 0.000000
vt 1.000000 1.000000
vt 0.000000 1.000000
vt 0.000000 0.000000
vt 1.000000 0.000000
vt 1.000000 1.000000
vt 0.000000 1.000000
vt 0.000000 0.000000
vt 1.000000 0.000000
vt 1.000000 1.000000
vt 0.000000 1.000000
vt 0.000000 0.000000
vt 1.000000 0.000000
vt 1.000000 1.000000
vt 0.000000 1.000000
vt 0.000000 0.000000
vt 1.000000 0.000000
vt 1.000000 1.000000
vt 0.000000 1.000000
vt 0.000000 0.000000
vt 1.000000 0.000000
vt 1.000000 1.000000
vt 0.000000 1.000000
vt 0.000000 0.000000
vt 1.000000 0.000000
vt 1.000000 1.000000
vt 0.000000 1.000000
vt 0.000000 0.000000
vt 1.000000 0.000000
vt 1.000000 1.000000
vt 0.000000 1.000000
vt 0.000000 0.000000
vt 1.000000 0.000000
vt 1.000000 1.000000
vt 0.000000 1.000000
vt 0.000000 0.000000
vt 1.000000 0.000000
vt 1.000000 1.000000
vt 0.000000 1.000000
vt 0.000000 0.000000
vt 1.000000 0.000000
vt 1.000000 1.000000
vt 0.000000 1.000000
vt 0.000000 0.000000
vt 1.000000 0.000000
vt 1.000000 1.000000
vt 0.000000 1.000000
vt 0.000000 0.000000
vt 1.000000 0.000000
vt 1.000000 1.000000
vt 0.000000 1.000000
vt 0.000000 0.000000
vt 1.000000 0.000000
vt 1.000000 1.000000
vt 0.000000 1.000000
vt 0.000000 0.000000
vt 1.000000 0.000000
vt 1.000000 1.000000
vt 0.000000 1.000000
vt 0.000000 0.000000
vt 1.000000 0.000000
vt 1.000000 1.000000
vt 0.000000 1.000000
vt 0.000000 0.000000
vt 1.000000 0.000000
vt 1.000000 1.000000
vt 0.000000 1.000000
vt 0.000000 0.000000
vt 1.000000 0.000000
vt 1.000000 1.000000
vt 0.000000 1.000000
vt 0.000000 0.000000
vt 1.000000 0.000000
vt 1.000000 1.000000
vt 0.000000 1.000000
vt 0.000000 0.000000
vt 1.000000 0.000000
vt 1.000000 1.000000
vt 0.000000 1.000000
vt 0.000000 0.000000
vt 1.000000 0.000000
vt 1.000000 1.000000
vt 0.000000 1.000000
vt 0.000000 0.000000
vt 1.000000 0.000000
vt 1.000000 1.000000
vt 0.000000 1.000000
vt 0.000000 0.000000
vt 1.000000 0.000000
vt 1.000000 1.000000
vt 0.000000 1.000000
vt 0.000000 0.000000
vt 1.000000 0.000000
vt 1.000000 1.000000
vt 0.000000 1.000000
vt 0.000000 0.000000
vt 1.000000 0.000000
vt 1.000000 1.000000
vt 0.000000 1.000000
vt 0.000000 0.000000
vt 1.000000 0.000000
vt 1.000000 1.000000
vt 0.000000 1.000000
vt 0.000000 0.000000
vt 1.000000 0.000000
vt 1.000000 1.000000
vt 0.000000 1.000000
vt 0.000000 0.000000
vt 1.000000 0.000000
vt 1.000000 1.000000
vt 0.000000 1.000000
vt 0.000000 0.000000
vt 1.000000 0.000000
vt 1.000000 1.000000
vt 0.000000 1.000000
vt 0.000000 0.000000
vt 1.000000 0.000000
vt 1.000000 1.000000
vt 0.000000 1.000000
vt 0.000000 0.000000
vt 1.000000 0.000000
vt 1.000000 1.000000
vt 0.000000 1.000000
vt 0.000000 0.000000
vt 1.000000 0.000000
vt 1.000000 1.000000
vt 0.000000 1.000000
vt 0.000000 0.000000
vt 1.000000 0.000000
vt 1.000000 1.000000
vt 0.000000 1.000000
vt 0.000000 0.000000
vt 1.000000 0.000000
vt 1.000000 1.000000
vt 0.000000 1.000000
vt 0.000000 0.000000
vt 1.000000 0.000000
vt 1.000000 1.000000
vt 0.000000 1.000000
vt 0.000000 0.000000
vt 1.000000 0.000000
vt 1.000000 1.000000
vt 0.000000 1.000000
vt 0.000000 0.000000
vt 1.000000 0.000000
vt 1.000000 1.000000
vt 0.000000 1.000000
vt 0.000000 0.000000
vt 1.000000 0.000000
vt 1.000000 1.000000
vt 0.000000 1.000000
vt 0.000000 0.000000
vt 1.000000 0.000000
vt 1.000000 1.000000
vt 0.000000 1.000000
vt 0.000000 0.000000
vt 1.000000 0.000000
vt 1.000000 1.000000
vt 0.000000 1.000000
vt 0.000000 0.000000
vt 1.000000 0.000000
vt 1.000000 1.000000
vt 0.000000 1.000000
vt 0.000000 0.000000
vt 1.000000 0.000000
vt 1.000000 1.000000
vt 0.000000 1.000000
vt 0.000000 0.000000
vt 1.000000 0.000000
vt 1.000000 1.000000
vt 0.000000 1.000000
vt 0.000000 0.000000
vt 1.000000 0.000000
vt 1.000000 1.000000
vt 0.000000 1.000000
vt 0.000000 0.000000
vt 1.000000 0.000000
vt 1.000000 1.000000
vt 0.000000 1.000000
vt 0.000000 0.000000
vt 1.000000 0.000000
vt 1.000000 1.000000
vt 0.000000 1.000000
vt 0.000000 0.000000
vt 1.000000 0.000000
vt 1.000000 1.000000
vt 0.000000 1.000000
vt 0.000000 0.000000
vt 1.000000 0.000000
vt 1.000000 1.000000
vt 0.000000 1.000000
vt 0.000000 0.000000
vt 1.000000 0.000000
vt 1.000000 1.000000
vt 0.000000 1.000000
vt 0.000000 0.000000
vt 1.000000 0.000000
vt 1.000000 1.000000
vt 0.000000 1.000000
vt 0.000000 0.000000
vt 1.000000 0.000000
vt 1.000000 1.000000
vt 0.000000 1.000000
vt 0.000000 0.000000
vt 1.000000 0.000000
vt 1.000000 1.000000
vt 0.000000 1.000000
vt 0.000000 0.000000
vt 1.000000 0.000000
vt 1.000000 1.000000
vt 0.000000 1.000000
vt 0.000000 0.000000
vt 1.000000 0.000000
vt 1.000000 1.000000
vt 0.000000 1.000000
vt 0.000000 0.000000
vt 1.000000 0.000000
vt 1.000000 1.000000
vt 0.000000 1.000000
vt 0.000000 0.000000
vt 1.000000 0.000000
vt 1.000000 1.000000
vt 0.000000 1.000000
vt 0.000000 0.000000
vt 1.000000 0.000000
vt 1.000000 1.000000
vt 0.000000 1.000000
vt 0.000000 0.000000
vt 1.000000 0.000000
vt 1.000000 1.000000
vt 0.000000 1.000000
vt 0.000000 0.000000
vt 1.000000 0.000000
vt 1.000000 1.000000
vt 0.000000 1.000000
vt 0.000000 0.000000
vt 1.000000 0.000000
vt 1.000000 1.000000
vt 0.000000 1.000000
vt 0.000000 0.000000
vt 1.000000 0.000000
vt 1.000000 1.000000
vt 0.000000 1.000000
vt 0.000000 0.000000
vt 1.000000 0.000000
vt 1.000000 1.000000
vt 0.000000 1.000000
vt 0.000000 0.000000
vt 1.000000 0.000000
vt 1.000000 1.000000
vt 0.000000 1.000000
vt 0.000000 0.000000
vt 1.000000 0.000000
vt 1.000000 1.000000
vt 0.000000 1.000000
vt 0.000000 0.000000
vt 1.000000 0.000000
vt 1.000000 1.000000
vt 0.000000 1.000000
vt 0.000000 0.000000
vt 1.000000 0.000000
vt 1.000000 1.000000
vt 0.000000 1.000000
vt 0.000000 0.000000
vt 1.000000 0.000000
vt 1.000000 1.000000
vt 0.000000 1.000000
vt 0.000000 0.000000
vt 1.000000 0.000000
vt 1.000000 1.000000
vt 0.000000 1.000000
vt 0.000000 0.000000
vt 1.000000 0.000000
vt 1.000000 1.000000
vt 0.000000 1.000000
vt 0.000000 0.000000
vt 1.000000 0.000000
vt 1.000000 1.000000
vt 0.000000 1.000000
vt 0.000000 0.000000
vt 1.000000 0.000000
vt 1.000000 1.000000
vt 0.000000 1.000000
vt 0.000000 0.000000
vt 1.000000 0.000000
vt 1.000000 1.000000
vt 0.000000 1.000000
vt 0.000000 0.000000
vt 1.000000 0.000000
vt 1.000000 1.000000
vt 0.000000 1.000000
vt 0.000000 0.000000
vt 1.000000 0.000000
vt 1.000000 1.000000
vt 0.000000 1.000000
vt 0.000000 0.000000
vt 1.000000 0.000000
vt 1.000000 1.000000
vt 0.000000 1.000000
vt 0.000000 0.000000
vt 1.000000 0.000000
vt 1.000000 1.000000
vt 0.000000 1.000000
vt 0.000000 0.000000
vt 1.000000 0.000000
vt 1.000000 1.000000
vt 0.000000 1.000000
vt 0.000000 0.000000
vt 1.000000 0.000000
vt 1.000000 1.000000
vt 0.000000 1.000000
vt 0.000000 0.000000
vt 1.000000 0.000000
vt 1.000000 1.000000
vt 0.000000 1.000000
vt 0.000000 0.000000
vt 1.000000 0.000000
vt 1.000000 1.000000
vt 0.000000 1.000000
vt 0.000000 0.000000
vt 1.000000 0.000000
vt 1.000000 1.000000
vt 0.000000 1.000000
vt 0.000000 0.000000
vt 1.000000 0.000000
vt 1.000000 1.000000
vt 0.000000 1.000000
vt 0.000000 0.000000
vt 1.000000 0.000000
vt 1.000000 1.000000
vt 0.000000 1.000000
vt 0.000000 0.000000
vt 1.000000 0.000000
vt 1.000000 1.000000
vt 0.000000 1.000000
vt 0.000000 0.000000
vt 1.000000 0.000000
vt 1.000000 1.000000
vt 0.000000 1.000000
vt 0.000000 0.000000
vt 1.000000 0.000000
vt 1.000000 1.000000
vt 0.000000 1.000000
vt 0.000000 0.000000
vt 1.000000 0.000000
vt 1.000000 1.000000
vt 0.000000 1.000000
vt 0.000000 0.000000
vt 1.000000 0.000000
vt 1.000000 1.000000
vt 0.000000 1.000000
vt 0.000000 0.000000
vt 1.000000 0.000000
vt 1.000000 1.000000
vt 0.000000 1.000000
vt 0.000000 0.000000
vt 1.000000 0.000000
vt 1.000000 1.000000
vt 0.000000 1.000000
vt 0.000000 0.000000
vt 1.000000 0.000000
vt 1.000000 1.000000
vt 0.000000 1.000000
vt 0.000000 0.000000
vt 1.000000 0.000000
vt 1.000000 1.000000
vt 0.000000 1.000000
vt 0.000000 0.000000
vt 1.000000 0.000000
vt 1.000000 1.000000
vt 0.000000 1.000000
vt 0.000000 0.000000
vt 1.000000 0.000000
vt 1.000000 1.000000
vt 0.000000 1.000000
vt 0.000000 0.000000
vt 1.000000 0.000000
vt 1.000000 1.000000
vt 0.000000 1.000000
vt 0.000000 0.000000
vt 1.000000 0.000000
vt 1.000000 1.000000
vt 0.000000 1.000000
vt 0.000000 0.000000
vt 1.000000 0.000000
vt 1.000000 1.000000
vt 0.000000 1.000000
vt 0.000000 0.000000
vt 1.000000 0.000000
vt 1.000000 1.000000
vt 0.000000 1.000000
vt 0.000000 0.000000
vt 1.000000 0.000000
vt 1.000000 1.000000
vt 0.000000 1.000000
vt 0.000000 0.000000
vt 1.000000 0.000000
vt 1.000000 1.000000
vt 0.000000 1.000000
vt 0.000000 0.000000
vt 1.000000 0.000000
vt 1.000000 1.000000
vt 0.000000 1.000000
vt 0.000000 0.000000
vt 1.000000 0.000000
vt 1.000000 1.000000
vt 0.000000 1.000000
vt 0.000000 0.000000
vt 1.000000 0.000000
vt 1.000000 1.000000
vt 0.000000 1.000000
vt 0.000000 0.000000
vt 1.000000 0.000000
vt 1.000000 1.000000
vt 0.000000 1.000000
vt 0.000000 0.000000
vt 1.000000 0.000000
vt 1.000000 1.000000
vt 0.000000 1.000000
vt 0.000000 0.000000
vt 1.000000 0.000000
vt 1.000000 1.000000
vt 0.000000 1.000000
vt 0.000000 0.000000
vt 1.000000 0.000000
vt 1.000000 1.000000
vt 0.000000 1.000000
vt 0.000000 0.000000
vt 1.000000 0.000000
vt 1.000000 1.000000
vt 0.000000 1.000000
vt 0.000000 0.000000
vt 1.000000 0.000000
vt 1.000000 1.000000
vt 0.000000 1.000000
vt 0.000000 0.000000
vt 1.000000 0.000000
vt 1.000000 1.000000
vt 0.000000 1.000000
vt 0.000000 0.000000
vt 1.000000 0.000000
vt 1.000000 1.000000
vt 0.000000 1.000000
vt 0.000000 0.000000
vt 1.000000 0.000000
vt 1.000000 1.000000
vt 0.000000 1.000000
vt 0.000000 0.000000
vt 1.000000 0.000000
vt 1.000000 1.000000
vt 0.000000 1.000000
vt 0.000000 0.000000
vt 1.000000 0.000000
vt 1.000000 1.000000
vt 0.000000 1.000000
vt 0.000000 0.000000
vt 1.000000 0.000000
vt 1.000000 1.000000
vt 0.000000 1.000000
vt 0.000000 0.000000
vt 1.000000 0.000000
vt 1.000000 1.000000
vt 0.000000 1.000000
vt 0.000000 0.000000
vt 1.000000 0.000000
vt 1.000000 1.000000
vt 0.000000 1.000000
vt 0.000000 0.000000
vt 1.000000 0.000000
vt 1.000000 1.000000
vt 0.000000 1.000000
vt 0.000000 0.000000
vt 1.000000 0.000000
vt 1.000000 1.000000
vt 0.000000 1.000000
vt 0.000000 0.000000
vt 1.000000 0.000000
vt 1.000000 1.000000
vt 0.000000 1.000000
vt 0.000000 0.000000
vt 1.000000 0.000000
vt 1.000000 1.000000
vt 0.000000 1.000000
vt 0.000000 0.000000
vt 1.000000 0.000000
vt 1.000000 1.000000
vt 0.000000 1.000000
vt 0.000000 0.000000
vt 1.000000 0.000000
vt 1.000000 1.000000
vt 0.000000 1.000000
vt 0.000000 0.000000
vt 1.000000 0.000000
vt 1.000000 1.000000
vt 0.000000 1.000000
vt 0.000000 0.000000
vt 1.000000 0.000000
vt 1.000000 1.000000
vt 0.000000 1.000000
vt 0.000000 0.000000
vt 1.000000 0.000000
vt 1.000000 1.000000
vt 0.000000 1.000000
vt 0.000000 0.000000
vt 1.000000 0.000000
vt 1.000000 1.000000
vt 0.000000 1.000000
vt 0.000000 0.000000
vt 1.000000 0.000000
vt 1.000000 1.000000
vt 0.000000 1.000000
vt 0.000000 0.000000
vt 1.000000 0.000000
vt 1.000000 1.000000
vt 0.000000 1.000000
vt 0.000000 0.000000
vt 1.000000 0.000000
vt 1.000000 1.000000
vt 0.000000 1.000000
vt 0.000000 0.000000
vt 1.000000 0.000000
vt 1.000000 1.000000
vt 0.000000 1.000000
vt 0.000000 0.000000
vt 1.000000 0.000000
vt 1.000000 1.000000
vt 0.000000 1.000000
vt 0.000000 0.000000
vt 1.000000 0.000000
vt 1.000000 1.000000
vt 0.000000 1.000000
vt 0.000000 0.000000
vt 1.000000 0.000000
vt 1.000000 1.000000
vt 0.000000 1.000000
vt 0.000000 0.000000
vt 1.000000 0.000000
vt 1.000000 1.000000
vt 0.000000 1.000000
vt 0.000000 0.000000
vt 1.000000 0.000000
vt 1.000000 1.000000
vt 0.000000 1.000000
vt 0.000000 0.000000
vt 1.000000 0.000000
vt 1.000000 1.000000
vt 0.000000 1.000000
vt 0.000000 0.000000
vt 1.000000 0.000000
vt 1.000000 1.000000
vt 0.000000 1.000000
vt 0.000000 0.000000
vt 1.000000 0.000000
vt 1.000000 1.000000
vt 0.000000 1.000000
vt 0.000000 0.000000
vt 1.000000 0.000000
vt 1.000000 1.000000
vt 0.000000 1.000000
vt 0.000000 0.000000
vt 1.000000 0.000000
vt 1.000000 1.000000
vt 0.000000 1.000000
vt 0.000000 0.000000
vt 1.000000 0.000000
vt 1.000000 1.000000
vt 0.000000 1.000000
vt 0.000000 0.000000
vt 1.000000 0.000000
vt 1.000000 1.000000
vt 0.000000 1.000000
vt 0.000000 0.000000
vt 1.000000 0.000000
vt 1.000000 1.000000
vt 0.000000 1.000000
vt 0.000000 0.000000
vt 1.000000 0.000000
vt 1.000000 1.000000
vt 0.000000 1.000000
vt 0.000000 0.000000
vt 1.000000 0.000000
vt 1.000000 1.000000
vt 0.000000 1.000000
vt 0.000000 0.000000
vt 1.000000 0.000000
vt 1.000000 1.000000
vt 0.000000 1.000000
vt 0.000000 0.000000
vt 1.000000 0.000000
vt 1.000000 1.000000
vt 0.000000 1.000000
vt 0.000000 0.000000
vt 1.000000 0.000000
vt 1.000000 1.000000
vt 0.000000 1.000000
vt 0.000000 0.000000
vt 1.000000 0.000000
vt 1.000000 1.000000
vt 0.000000 1.000000
vt 0.000000 0.000000
vt 1.000000 0.000000
vt 1.000000 1.000000
vt 0.000000 1.000000
vt 0.000000 0.000000
vt 1.000000 0.000000
vt 1.000000 1.000000
vt 0.000000 1.000000
vt 0.000000 0.000000
vt 1.000000 0.000000
vt 1.000000 1.000000
vt 0.000000 1.000000
vt 0.000000 0.000000
vt 1.000000 0.000000
vt 1.000000 1.000000
vt 0.000000 1.000000
vt 0.000000 0.000000
vt 1.000000 0.000000
vt 1.000000 1.000000
vt 0.000000 1.000000
vt 0.000000 0.000000
vt 1.000000 0.000000
vt 1.000000 1.000000
vt 0.000000 1.000000
vt 0.000000 0.000000
vt 1.000000 0.000000
vt 1.000000 1.000000
vt 0.000000 1.000000
vt 0.000000 0.000000
vt 1.000000 0.000000
vt 1.000000 1.000000
vt 0.000000 1.000000
vt 0.000000 0.000000
vt 1.000000 0.000000
vt 1.000000 1.000000
vt 0.000000 1.000000
vt 0.000000 0.000000
vt 1.000000 0.000000
vt 1.000000 1.000000
vt 0.000000 1.000000
vt 0.000000 0.000000
vt 1.000000 0.000000
vt 1.000000 1.000000
vt 0.000000 1.000000
vt 0.000000 0.000000
vt 1.000000 0.000000
vt 1.000000 1.000000
vt 0.000000 1.000000
vt 0.000000 0.000000
vt 1.000000 0.000000
vt 1.000000 1.000000
vt 0.000000 1.000000
vt 0.000000 0.000000
vt 1.000000 0.000000
vt 1.000000 1.000000
vt 0.000000 1.000000
vt 0.000000 0.000000
vt 1.000000 0.000000
vt 1.000000 1.000000
vt 0.000000 1.000000
vt 0.000000 0.000000
vt 1.000000 0.000000
vt 1.000000 1.000000
vt 0.000000 1.000000
vt 0.000000 0.000000
vt 1.000000 0.000000
vt 1.000000 1.000000
vt 0.000000 1.000000
vt 0.000000 0.000000
vt 1.000000 0.000000
vt 1.000000 1.000000
vt 0.000000 1.000000
vt 0.000000 0.000000
vt 1.000000 0.000000
vt 1.000000 1.000000
vt 0.000000 1.000000
vt 0.000000 0.000000
vt 1.000000 0.000000
vt 1.000000 1.000000
vt 0.000000 1.000000
vt 0.000000 0.000000
vt 1.000000 0.000000
vt 1.000000 1.000000
vt 0.000000 1.000000
vt 0.000000 0.000000
vt 1.000000 0.000000
vt 1.000000 1.000000
vt 0.000000 1.000000
vt 0.000000 0.000000
vt 1.000000 0.000000
vt 1.000000 1.000000
vt 0.000000 1.000000
vt 0.000000 0.000000
vt 1.000000 0.000000
vt 1.000000 1.000000
vt 0.000000 1.000000
vt 0.000000 0.000000
vt 1.000000 0.000000
vt 1.000000 1.000000
vt 0.000000 1.000000
vt 0.000000 0.000000
vt 1.000000 0.000000
vt 1.000000 1.000000
vt 0.000000 1.000000
vt 0.000000 0.000000
vt 1.000000 0.000000
vt 1.000000 1.000000
vt 0.000000 1.000000
vt 0.000000 0.000000
vt 1.000000 0.000000
vt 1.000000 1.000000
vt 0.000000 1.000000
vt 0.000000 0.000000
vt 1.000000 0.000000
vt 1.000000 1.000000
vt 0.000000 1.000000
vt 0.000000 0.000000
vt 1.000000 0.000000
vt 1.000000 1.000000
vt 0.000000 1.000000
vt 0.000000 0.000000
vt 1.000000 0.000000
vt 1.000000 1.000000
vt 0.000000 1.000000
vt 0.000000 0.000000
vt 1.000000 0.000000
vt 1.000000 1.000000
vt 0.000000 1.000000
vt 0.000000 0.000000
vt 1.000000 0.000000
vt 1.000000 1.000000
vt 0.000000 1.000000
vt 0.000000 0.000000
vt 1.000000 0.000000
vt 1.000000 1.000000
vt 0.000000 1.000000
vt 0.000000 0.000000
vt 1.000000 0.000000
vt 1.000000 1.000000
vt 0.000000 1.000000
vt 0.000000 0.000000
vt 1.000000 0.000000
vt 1.000000 1.000000
vt 0.000000 1.000000
vt 0.000000 0.000000
vt 1.000000 0.000000
vt 1.000000 1.000000
vt 0.000000 1.000000
vt 0.000000 0.000000
vt 1.000000 0.000000
vt 1.000000 1.000000
vt 0.000000 1.000000
vt 0.000000 0.000000
vt 1.000000 0.000000
vt 1.000000 1.000000
vt 0.000000 1.000000
vt 0.000000 0.000000
vt 1.000000 0.000000
vt 1.000000 1.000000
vt 0.000000 1.000000
vt 0.000000 0.000000
vt 1.000000 0.000000
vt 1.000000 1.000000
vt 0.000000 1.000000
vt 0.000000 0.000000
vt 1.000000 0.000000
vt 1.000000 1.000000
vt 0.000000 1.000000
vt 0.000000 0.000000
vt 1.000000 0.000000
vt 1.000000 1.000000
vt 0.000000 1.000000
vt 0.000000 0.000000
vt 1.000000 0.000000
vt 1.000000 1.000000
vt 0.000000 1.000000
vt 0.000000 0.000000
vt 1.000000 0.000000
vt 1.000000 1.000000
vt 0.000000 1.000000
vt 0.000000 0.000000
vt 1.000000 0.000000
vt 1.000000 1.000000
vt 0.000000 1.000000
vt 0.000000 0.000000
vt 1.000000 0.000000
vt 1.000000 1.000000
vt 0.000000 1.000000
vt 0.000000 0.000000
vt 1.000000 0.000000
vt 1.000000 1.000000
vt 0.000000 1.000000
vt 0.000000 0.000000
vt 1.000000 0.000000
vt 1.000000 1.000000
vt 0.000000 1.000000
vt 0.000000 0.000000
vt 1.000000 0.000000
vt 1.000000 1.000000
vt 0.000000 1.000000
vt 0.000000 0.000000
vt 1.000000 0.000000
vt 1.000000 1.000000
vt 0.000000 1.000000
vt 0.000000 0.000000
vt 1.000000 0.000000
vt 1.000000 1.000000
vt 0.000000 1.000000
vt 0.000000 0.000000
vt 1.000000 0.000000
vt 1.000000 1.000000
vt 0.000000 1.000000
vt 0.000000 0.000000
vt 1.000000 0.000000
vt 1.000000 1.000000
vt 0.000000 1.000000
vt 0.000000 0.000000
vt 1.000000 0.000000
vt 1.000000 1.000000
vt 0.000000 1.000000
vt 0.000000 0.000000
vt 1.000000 0.000000
vt 1.000000 1.000000
vt 0.000000 1.000000
vt 0.000000 0.000000
vt 1.000000 0.000000
vt 1.000000 1.000000
vt 0.000000 1.000000
vt 0.000000 0.000000
vt 1.000000 0.000000
vt 1.000000 1.000000
vt 0.000000 1.000000
vt 0.000000 0.000000
vt 1.000000 0.000000
vt 1.000000 1.000000
vt 0.000000 1.000000
vt 0.000000 0.000000
vt 1.000000 0.000000
vt 1.000000 1.000000
vt 0.000000 1.000000
vt 0.000000 0.000000
vt 1.000000 0.000000
vt 1.000000 1.000000
vt 0.000000 1.000000
vt 0.000000 0.000000
vt 1.000000 0.000000
vt 1.000000 1.000000
vt 0.000000 1.000000
vt 0.000000 0.000000
vt 1.000000 0.000000
vt 1.000000 1.000000
vt 0.000000 1.000000
vt 0.000000 0.000000
vt 1.000000 0.000000
vt 1.000000 1.000000
vt 0.000000 1.000000
vt 0.000000 0.000000
vt 1.000000 0.000000
vt 1.000000 1.000000
vt 0.000000 1.000000
vt 0.000000 0.000000
vt 1.000000 0.000000
vt 1.000000 1.000000
vt 0.000000 1.000000
vt 0.000000 0.000000
vt 1.000000 0.000000
vt 1.000000 1.000000
vt 0.000000 1.000000
vt 0.000000 0.000000
vt 1.000000 0.000000
vt 1.000000 1.000000
vt 0.000000 1.000000
vt 0.000000 0.000000
vt 1.000000 0.000000
vt 1.000000 1.000000
vt 0.000000 1.000000
vt 0.000000 0.000000
vt 1.000000 0.000000
vt 1.000000 1.000000
vt 0.000000 1.000000
vt 0.000000 0.000000
vt 1.000000 0.000000
vt 1.000000 1.000000
vt 0.000000 1.000000
vt 0.000000 0.000000
vt 1.000000 0.000000
vt 1.000000 1.000000
vt 0.000000 1.000000
vt 0.000000 0.000000
vt 1.000000 0.000000
vt 1.000000 1.000000
vt 0.000000 1.000000
vt 0.000000 0.000000
vt 1.000000 0.000000
vt 1.000000 1.000000
vt 0.000000 1.000000
vt 0.000000 0.000000
vt 1.000000 0.000000
vt 1.000000 1.000000
vt 0.000000 1.000000
vt 0.000000 0.000000
vt 1.000000 0.000000
vt 1.000000 1.000000
vt 0.000000 1.000000
vt 0.000000 0.000000
vt 1.000000 0.000000
vt 1.000000 1.000000
vt 0.000000 1.000000
vt 0.000000 0.000000
vt 1.000000 0.000000
vt 1.000000 1.000000
vt 0.000000 1.000000
vt 0.000000 0.000000
vt 1.000000 0.000000
vt 1.000000 1.000000
vt 0.000000 1.000000
vt 0.000000 0.000000
vt 1.000000 0.000000
vt 1.000000 1.000000
vt 0.000000 1.000000
vt 0.000000 0.000000
vt 1.000000 0.000000
vt 1.000000 1.000000
vt 0.000000 1.000000
vt 0.000000 0.000000
vt 1.000000 0.000000
vt 1.000000 1.000000
vt 0.000000 1.000000
vt 0.000000 0.000000
vt 1.000000 0.000000
vt 1.000000 1.000000
vt 0.000000 1.000000
vt 0.000000 0.000000
vt 1.000000 0.000000
vt 1.000000 1.000000
vt 0.000000 1.000000
vt 0.000000 0.000000
vt 1.000000 0.000000
vt 1.000000 1.000000
vt 0.000000 1.000000
vt 0.000000 0.000000
vt 1.000000 0.000000
vt 1.000000 1.000000
vt 0.000000 1.000000
vt 0.000000 0.000000
vt 1.000000 0.000000
vt 1.000000 1.000000
vt 0.000000 1.000000
vt 0.000000 0.000000
vt 1.000000 0.000000
vt 1.000000 1.000000
vt 0.000000 1.000000
vt 0.000000 0.000000
vt 1.000000 0.000000
vt 1.000000 1.000000
vt 0.000000 1.000000
vt 0.000000 0.000000
vt 1.000000 0.000000
vt 1.000000 1.000000
vt 0.000000 1.000000
vt 0.000000 0.000000
vt 1.000000 0.000000
vt 1.000000 1.000000
vt 0.000000 1.000000
vt 0.000000 0.000000
vt 1.000000 0.000000
vt 1.000000 1.000000
vt 0.000000 1.000000
vt 0.000000 0.000000
vt 1.000000 0.000000
vt 1.000000 1.000000
vt 0.000000 1.000000
vt 0.000000 0.000000
vt 1.000000 0.000000
vt 1.000000 1.000000
vt 0.000000 1.000000
vt 0.000000 0.000000
vt 1.000000 0.000000
vt 1.000000 1.000000
vt 0.000000 1.000000
vt 0.000000 0.000000
vt 1.000000 0.000000
vt 1.000000 1.000000
vt 0.000000 1.000000
vt 0.000000 0.000000
vt 1.000000 0.000000
vt 1.000000 1.000000
vt 0.000000 1.000000
vt 0.000000 0.000000
vt 1.000000 0.000000
vt 1.000000 1.000000
vt 0.000000 1.000000
vt 0.000000 0.000000
vt 1.000000 0.000000
vt 1.000000 1.000000
vt 0.000000 1.000000
vt 0.000000 0.000000
vt 1.000000 0.000000
vt 1.000000 1.000000
vt 0.000000 1.000000
vt 0.000000 0.000000
vt 1.000000 0.000000
vt 1.000000 1.000000
vt 0.000000 1.000000
vt 0.000000 0.000000
vt 1.000000 0.000000
vt 1.000000 1.000000
vt 0.000000 1.000000
vt 0.000000 0.000000
vt 1.000000 0.000000
vt 1.000000 1.000000
vt 0.000000 1.000000
vt 0.000000 0.000000
vt 1.000000 0.000000
vt 1.000000 1.000000
vt 0.000000 1.000000
vt 0.000000 0.000000
vt 1.000000 0.000000
vt 1.000000 1.000000
vt 0.000000 1.000000
vt 0.000000 0.000000
vt 1.000000 0.000000
vt 1.000000 1.000000
vt 0.000000 1.000000
vt 0.000000 0.000000
vt 1.000000 0.000000
vt 1.000000 1.000000
vt 0.000000 1.000000
vt 0.000000 0.000000
vt 1.000000 0.000000
vt 1.000000 1.000000
vt 0.000000 1.000000
vt 0.000000 0.000000
vt 1.000000 0.000000
vt 1.000000 1.000000
vt 0.000000 1.000000
vt 0.000000 0.000000
vt 1.000000 0.000000
vt 1.000000 1.000000
vt 0.000000 1.000000
vt 0.000000 0.000000
vt 1.000000 0.000000
vt 1.000000 1.000000
vt 0.000000 1.000000
vt 0.000000 0.000000
vt 1.000000 0.000000
vt 1.000000 1.000000
vt 0.000000 1.000000
vt 0.000000 0.000000
vt 1.000000 0.000000
vt 1.000000 1.000000
vt 0.000000 1.000000
vt 0.000000 0.000000
vt 1.000000 0.000000
vt 1.000000 1.000000
vt 0.000000 1.000000
vt 0.000000 0.000000
vt 1.000000 0.000000
vt 1.000000 1.000000
vt 0.000000 1.000000
vt 0.000000 0.000000
vt 1.000000 0.000000
vt 1.000000 1.000000
vt 0.000000 1.000000
vt 0.000000 0.000000
vt 1.000000 0.000000
vt 1.000000 1.000000
vt 0.000000 1.000000
vt 0.000000 0.000000
vt 1.000000 0.000000
vt 1.000000 1.000000
vt 0.000000 1.000000
vt 0.000000 0.000000
vt 1.000000 0.000000
vt 1.000000 1.000000
vt 0.000000 1.000000
vt 0.000000 0.000000
vt 1.000000 0.000000
vt 1.000000 1.000000
vt 0.000000 1.000000
vt 0.000000 0.000000
vt 1.000000 0.000000
vt 1.000000 1.000000
vt 0.000000 1.000000
vt 0.000000 0.000000
vt 1.000000 0.000000
vt 1.000000 1.000000
vt 0.000000 1.000000
vt 0.000000 0.000000
vt 1.000000 0.000000
vt 1.000000 1.000000
vt 0.000000 1.000000
vt 0.000000 0.000000
vt 1.000000 0.000000
vt 1.000000 1.000000
vt 0.000000 1.000000
vt 0.000000 0.000000
vt 1.000000 0.000000
vt 1.000000 1.000000
vt 0.000000 1.000000
vt 0.000000 0.000000
vt 1.000000 0.000000
vt 1.000000 1.000000
vt 0.000000 1.000000
vt 0.000000 0.000000
vt 1.000000 0.000000
vt 1.000000 1.000000
vt 0.000000 1.000000
vt 0.000000 0.000000
vt 1.000000 0.000000
vt 1.000000 1.000000
vt 0.000000 1.000000
vt 0.000000 0.000000
vt 1.000000 0.000000
vt 1.000000 1.000000
vt 0.000000 1.000000
vt 0.000000 0.000000
vt 1.000000 0.000000
vt 1.000000 1.000000
vt 0.000000 1.000000
vt 0.000000 0.000000
vt 1.000000 0.000000
vt 1.000000 1.000000
vt 0.000000 1.000000
vt 0.000000 0.000000
vt 1.000000 0.000000
vt 1.000000 1.000000
vt 0.000000 1.000000
vt 0.000000 0.000000
vt 1.000000 0.000000
vt 1.000000 1.000000
vt 0.000000 1.000000
vt 0.000000 0.000000
vt 1.000000 0.000000
vt 1.000000 1.000000
vt 0.000000 1.000000
vt 0.000000 0.000000
vt 1.000000 0.000000
vt 1.000000 1.000000
vt 0.000000 1.000000
vt 0.000000 0.000000
vt 1.000000 0.000000
vt 1.000000 1.000000
vt 0.000000 1.000000
vt 0.000000 0.000000
vt 1.000000 0.000000
vt 1.000000 1.000000
vt 0.000000 1.000000
vt 0.000000 0.000000
vt 1.000000 0.000000
vt 1.000000 1.000000
vt 0.000000 1.000000
vt 0.000000 0.000000
vt 1.000000 0.000000
vt 1.000000 1.000000
vt 0.000000 1.000000
vt 0.000000 0.000000
vt 1.000000 0.000000
vt 1.000000 1.000000
vt 0.000000 1.000000
vt 0.000000 0.000000
vt 1.000000 0.000000
vt 1.000000 1.000000
vt 0.000000 1.000000
vt 0.000000 0.000000
vt 1.000000 0.000000
vt 1.000000 1.000000
vt 0.000000 1.000000
vt 0.000000 0.000000
vt 1.000000 0.000000
vt 1.000000 1.000000
vt 0.000000 1.000000
vt 0.000000 0.000000
vt 1.000000 0.000000
vt 1.000000 1.000000
vt 0.000000 1.000000
vt 0.000000 0.000000
vt 1.000000 0.000000
vt 1.000000 1.000000
vt 0.000000 1.000000
vt 0.000000 0.000000
vt 1.000000 0.000000
vt 1.000000 1.000000
vt 0.000000 1.000000
vt 0.000000 0.000000
vt 1.000000 0.000000
vt 1.000000 1.000000
vt 0.000000 1.000000
vt 0.000000 0.000000
vt 1.000000 0.000000
vt 1.000000 1.000000
vt 0.000000 1.000000
vt 0.000000 0.000000
vt 1.000000 0.000000
vt 1.000000 1.000000
vt 0.000000 1.000000
vt 0.000000 0.000000
vt 1.000000 0.000000
vt 1.000000 1.000000
vt 0.000000 1.000000
vt 0.000000 0.000000
vt 1.000000 0.000000
vt 1.000000 1.000000
vt 0.000000 1.000000
vt 0.000000 0.000000
vt 1.000000 0.000000
vt 1.000000 1.000000
vt 0.000000 1.000000
vt 0.000000 0.000000
vt 1.000000 0.000000
vt 1.000000 1.000000
vt 0.000000 1.000000
vt 0.000000 0.000000
vt 1.000000 0.000000
vt 1.000000 1.000000
vt 0.000000 1.000000
vt 0.000000 0.000000
vt 1.000000 0.000000
vt 1.000000 1.000000
vt 0.000000 1.000000
vt 0.000000 0.000000
vt 1.000000 0.000000
vt 1.000000 1.000000
vt 0.000000 1.000000
vt 0.000000 0.000000
vt 1.000000 0.000000
vt 1.000000 1.000000
vt 0.000000 1.000000
vt 0.000000 0.000000
vt 1.000000 0.000000
vt 1.000000 1.000000
vt 0.000000 1.000000
vt 0.000000 0.000000
vt 1.000000 0.000000
vt 1.000000 1.000000
vt 0.000000 1.000000
vt 0.000000 0.000000
vt 1.000000 0.000000
vt 1.000000 1.000000
vt 0.000000 1.000000
vt 0.000000 0.000000
vt 1.000000 0.000000
vt 1.000000 1.000000
vt 0.000000 1.000000
vt 0.000000 0.000000
vt 1.000000 0.000000
vt 1.000000 1.000000
vt 0.000000 1.000000
vt 0.000000 0.000000
vt 1.000000 0.000000
vt 1.000000 1.000000
vt 0.000000 1.000000
vt 0.000000 0.000000
vt 1.000000 0.000000
vt 1.000000 1.000000
vt 0.000000 1.000000
vt 0.000000 0.000000
vt 1.000000 0.000000
vt 1.000000 1.000000
vt 0.000000 1.000000
vt 0.000000 0.000000
vt 1.000000 0.000000
vt 1.000000 1.000000
vt 0.000000 1.000000
vt 0.000000 0.000000
vt 1.000000 0.000000
vt 1.000000 1.000000
vt 0.000000 1.000000
vt 0.000000 0.000000
vt 1.000000 0.000000
vt 1.000000 1.000000
vt 0.000000 1.000000
vt 0.000000 0.000000
vt 1.000000 0.000000
vt 1.000000 1.000000
vt 0.000000 1.000000
vt 0.000000 0.000000
vt 1.000000 0.000000
vt 1.000000 1.000000
vt 0.000000 1.000000
vt 0.000000 0.000000
vt 1.000000 0.000000
vt 1.000000 1.000000
vt 0.000000 1.000000
vt 0.000000 0.000000
vt 1.000000 0.000000
vt 1.000000 1.000000
vt 0.000000 1.000000
vt 0.000000 0.000000
vt 1.000000 0.000000
vt 1.000000 1.000000
vt 0.000000 1.000000
vt 0.000000 0.000000
vt 1.000000 0.000000
vt 1.000000 1.000000
vt 0.000000 1.000000
vt 0.000000 0.000000
vt 1.000000 0.000000
vt 1.000000 1.000000
vt 0.000000 1.000000
vt 0.000000 0.000000
vt 1.000000 0.000000
vt 1.000000 1.000000
vt 0.000000 1.000000
vt 0.000000 0.000000
vt 1.000000 0.000000
vt 1.000000 1.000000
vt 0.000000 1.000000
vt 0.000000 0.000000
vt 1.000000 0.000000
vt 1.000000 1.000000
vt 0.000000 1.000000
vt 0.000000 0.000000
vt 1.000000 0.000000
vt 1.000000 1.000000
vt 0.000000 1.000000
vt 0.000000 0.000000
vt 1.000000 0.000000
vt 1.000000 1.000000
vt 0.000000 1.000000
vt 0.000000 0.000000
vt 1.000000 0.000000
vt 1.000000 1.000000
vt 0.000000 1.000000
vt 0.000000 0.000000
vt 1.000000 0.000000
vt 1.000000 1.000000
vt 0.000000 1.000000
vt 0.000000 0.000000
vt 1.000000 0.000000
vt 1.000000 1.000000
vt 0.000000 1.000000
vt 0.000000 0.000000
vt 1.000000 0.000000
vt 1.000000 1.000000
vt 0.000000 1.000000
vt 0.000000 0.000000
vt 1.000000 0.000000
vt 1.000000 1.000000
vt 0.000000 1.000000
vt 0.000000 0.000000
vt 1.000000 0.000000
vt 1.000000 1.000000
vt 0.000000 1.000000
vt 0.000000 0.000000
vt 1.000000 0.000000
vt 1.000000 1.000000
vt 0.000000 1.000000
vt 0.000000 0.000000
vt 1.000000 0.000000
vt 1.000000 1.000000
vt 0.000000 1.000000
vt 0.000000 0.000000
vt 1.000000 0.000000
vt 1.000000 1.000000
vt 0.000000 1.000000
vt 0.000000 0.000000
vt 1.000000 0.000000
vt 1.000000 1.000000
vt 0.000000 1.000000
vt 0.000000 0.000000
vt 1.000000 0.000000
vt 1.000000 1.000000
vt 0.000000 1.000000
vt 0.000000 0.000000
vt 1.000000 0.000000
vt 1.000000 1.000000
vt 0.000000 1.000000
vt 0.000000 0.000000
vt 1.000000 0.000000
vt 1.000000 1.000000
vt 0.000000 1.000000
vt 0.000000 0.000000
vt 1.000000 0.000000
vt 1.000000 1.000000
vt 0.000000 1.000000
vt 0.000000 0.000000
vt 1.000000 0.000000
vt 1.000000 1.000000
vt 0.000000 1.000000
vt 0.000000 0.000000
vt 1.000000 0.000000
vt 1.000000 1.000000
vt 0.000000 1.000000
vt 0.000000 0.000000
vt 1.000000 0.000000
vt 1.000000 1.000000
vt 0.000000 1.000000
vt 0.000000 0.000000
vt 1.000000 0.000000
vt 1.000000 1.000000
vt 0.000000 1.000000
vt 0.000000 0.000000
vt 1.000000 0.000000
vt 1.000000 1.000000
vt 0.000000 1.000000
vt 0.000000 0.000000
vt 1.000000 0.000000
vt 1.000000 1.000000
vt 0.000000 1.000000
vt 0.000000 0.000000
vt 1.000000 0.000000
vt 1.000000 1.000000
vt 0.000000 1.000000
vt 0.000000 0.000000
vt 1.000000 0.000000
vt 1.000000 1.000000
vt 0.000000 1.000000
vt 0.000000 0.000000
vt 1.000000 0.000000
vt 1.000000 1.000000
vt 0.000000 1.000000
vt 0.000000 0.000000
vt 1.000000 0.000000
vt 1.000000 1.000000
vt 0.000000 1.000000
vt 0.000000 0.000000
vt 1.000000 0.000000
vt 1.000000 1.000000
vt 0.000000 1.000000
vt 0.000000 0.000000
vt 1.000000 0.000000
vt 1.000000 1.000000
vt 0.000000 1.000000
vt 0.000000 0.000000
vt 1.000000 0.000000
vt 1.000000 1.000000
vt 0.000000 1.000000
vt 0.000000 0.000000
vt 1.000000 0.000000
vt 1.000000 1.000000
vt 0.000000 1.000000
vt 0.000000 0.000000
vt 1.000000 0.000000
vt 1.000000 1.000000
vt 0.000000 1.000000
vt 0.000000 0.000000
vt 1.000000 0.000000
vt 1.000000 1.000000
vt 0.000000 1.000000
vt 0.000000 0.000000
vt 1.000000 0.000000
vt 1.000000 1.000000
vt 0.000000 1.000000
vt 0.000000 0.000000
vt 1.000000 0.000000
vt 1.000000 1.000000
vt 0.000000 1.000000
vt 0.000000 0.000000
vt 1.000000 0.000000
vt 1.000000 1.000000
vt 0.000000 1.000000
vt 0.000000 0.000000
vt 1.000000 0.000000
vt 1.000000 1.000000
vt 0.000000 1.000000
vt 0.000000 0.000000
vt 1.000000 0.000000
vt 1.000000 1.000000
vt 0.000000 1.000000
vt 0.000000 0.000000
vt 1.000000 0.000000
vt 1.000000 1.000000
vt 0.000000 1.000000
vt 0.000000 0.000000
vt 1.000000 0.000000
vt 1.000000 1.000000
vt 0.000000 1.000000
vt 0.000000 0.000000
vt 1.000000 0.000000
vt 1.000000 1.000000
vt 0.000000 1.000000
vt 0.000000 0.000000
vt 1.000000 0.000000
vt 1.000000 1.000000
vt 0.000000 1.000000
vt 0.000000 0.000000
vt 1.000000 0.000000
vt 1.000000 1.000000
vt 0.000000 1.000000
vt 0.000000 0.000000
vt 1.000000 0.000000
vt 1.000000 1.000000
vt 0.000000 1.000000
vt 0.000000 0.000000
vt 1.000000 0.000000
vt 1.000000 1.000000
vt 0.000000 1.000000
vt 0.000000 0.000000
vt 1.000000 0.000000
vt 1.000000 1.000000
vt 0.000000 1.000000
vt 0.000000 0.000000
vt 1.000000 0.000000
vt 1.000000 1.000000
vt 0.000000 1.000000
vt 0.000000 0.000000
vt 1.000000 0.000000
vt 1.000000 1.000000
vt 0.000000 1.000000
vt 0.000000 0.000000
vt 1.000000 0.000000
vt 1.000000 1.000000
vt 0.000000 1.000000
vt 0.000000 0.000000
vt 1.000000 0.000000
vt 1.000000 1.000000
vt 0.000000 1.000000
vt 0.000000 0.000000
vt 1.000000 0.000000
vt 1.000000 1.000000
vt 0.000000 1.000000
vt 0.000000 0.000000
vt 1.000000 0.000000
vt 1.000000 1.000000
vt 0.000000 1.000000
vt 0.000000 0.000000
vt 1.000000 0.000000
vt 1.000000 1.000000
vt 0.000000 1.000000
vt 0.000000 0.000000
vt 1.000000 0.000000
vt 1.000000 1.000000
vt 0.000000 1.000000
vt 0.000000 0.000000
vt 1.000000 0.000000
vt 1.000000 1.000000
vt 0.000000 1.000000
vt 0.000000 0.000000
vt 1.000000 0.000000
vt 1.000000 1.000000
vt 0.000000 1.000000
vt 0.000000 0.000000
vt 1.000000 0.000000
vt 1.000000 1.000000
vt 0.000000 1.000000
vt 0.000000 0.000000
vt 1.000000 0.000000
vt 1.000000 1.000000
vt 0.000000 1.000000
vt 0.000000 0.000000
vt 1.000000 0.000000
vt 1.000000 1.000000
vt 0.000000 1.000000
vt 0.000000 0.000000
vt 1.000000 0.000000
vt 1.000000 1.000000
vt 0.000000 1.000000
vt 0.000000 0.000000
vt 1.000000 0.000000
vt 1.000000 1.000000
vt 0.000000 1.000000
vt 0.000000 0.000000
vt 1.000000 0.000000
vt 1.000000 1.000000
vt 0.000000 1.000000
vt 0.000000 0.000000
vt 1.000000 0.000000
vt 1.000000 1.000000
vt 0.000000 1.000000
vt 0.000000 0.000000
vt 1.000000 0.000000
vt 1.000000 1.000000
vt 0.000000 1.000000
vt 0.000000 0.000000
vt 1.000000 0.000000
vt 1.000000 1.000000
vt 0.000000 1.000000
vt 0.000000 0.000000
vt 1.000000 0.000000
vt 1.000000 1.000000
vt 0.000000 1.000000
vt 0.000000 0.000000
vt 1.000000 0.000000
vt 1.000000 1.000000
vt 0.000000 1.000000
vt 0.000000 0.000000
vt 1.000000 0.000000
vt 1.000000 1.000000
vt 0.000000 1.000000
vt 0.000000 0.000000
vt 1.000000 0.000000
vt 1.000000 1.000000
vt 0.000000 1.000000
vt 0.000000 0.000000
vt 1.000000 0.000000
vt 1.000000 1.000000
vt 0.000000 1.000000
vt 0.000000 0.000000
vt 1.000000 0.000000
vt 1.000000 1.000000
vt 0.000000 1.000000
vt 0.000000 0.000000
vt 1.000000 0.000000
vt 1.000000 1.000000
vt 0.000000 1.000000
vt 0.000000 0.000000
vt 1.000000 0.000000
vt 1.000000 1.000000
vt 0.000000 1.000000
vt 0.000000 0.000000
vt 1.000000 0.000000
vt 1.000000 1.000000
vt 0.000000 1.000000
vt 0.000000 0.000000
vt 1.000000 0.000000
vt 1.000000 1.000000
vt 0.000000 1.000000
vt 0.000000 0.000000
vt 1.000000 0.000000
vt 1.000000 1.000000
vt 0.000000 1.000000
vt 0.000000 0.000000
vt 1.000000 0.000000
vt 1.000000 1.000000
vt 0.000000 1.000000
vt 0.000000 0.000000
vt 1.000000 0.000000
vt 1.000000 1.000000
vt 0.000000 1.000000
vt 0.000000 0.000000
vt 1.000000 0.000000
vt 1.000000 1.000000
vt 0.000000 1.000000
vt 0.000000 0.000000
vt 1.000000 0.000000
vt 1.000000 1.000000
vt 0.000000 1.000000
vt 0.000000 0.000000
vt 1.000000 0.000000
vt 1.000000 1.000000
vt 0.000000 1.000000
vt 0.000000 0.000000
vt 1.000000 0.000000
vt 1.000000 1.000000
vt 0.000000 1.000000
vt 0.000000 0.000000
vt 1.000000 0.000000
vt 1.000000 1.000000
vt 0.000000 1.000000
vt 0.000000 0.000000
vt 1.000000 0.000000
vt 1.000000 1.000000
vt 0.000000 1.000000
vt 0.000000 0.000000
vt 1.000000 0.000000
vt 1.000000 1.000000
vt 0.000000 1.000000
vt 0.000000 0.000000
vt 1.000000 0.000000
vt 1.000000 1.000000
vt 0.000000 1.000000
vt 0.000000 0.000000
vt 1.000000 0.000000
vt 1.000000 1.000000
vt 0.000000 1.000000
vt 0.000000 0.000000
vt 1.000000 0.000000
vt 1.000000 1.000000
vt 0.000000 1.000000
vt 0.000000 0.000000
vt 1.000000 0.000000
vt 1.000000 1.000000
vt 0.000000 1.000000
vt 0.000000 0.000000
vt 1.000000 0.000000
vt 1.000000 1.000000
vt 0.000000 1.000000
vt 0.000000 0.000000
vt 1.000000 0.000000
vt 1.000000 1.000000
vt 0.000000 0.000000
vt 1.000000 0.000000
vt 1.000000 1.000000
vt 0.000000 0.000000
vt 1.000000 0.000000
vt 1.000000 1.000000
vt 0.000000 0.000000
vt 1.000000 0.000000
vt 1.000000 1.000000
vt 0.000000 0.000000
vt 1.000000 0.000000
vt 1.000000 1.000000
vt 0.000000 0.000000
vt 1.000000 0.000000
vt 1.000000 1.000000
vt 0.000000 0.000000
vt 1.000000 0.000000
vt 1.000000 1.000000
vt 0.000000 0.000000
vt 1.000000 0.000000
vt 1.000000 1.000000
vt 0.000000 0.000000
vt 1.000000 0.000000
vt 1.000000 1.000000
vt 0.000000 0.000000
vt 1.000000 0.000000
vt 1.000000 1.000000
vt 0.000000 0.000000
vt 1.000000 0.000000
vt 1.000000 1.000000
vt 0.000000 0.000000
vt 1.000000 0.000000
vt 1.000000 1.000000
vt 0.000000 0.000000
vt 1.000000 0.000000
vt 1.000000 1.000000
vt 0.000000 0.000000
vt 1.000000 0.000000
vt 1.000000 1.000000
vt 0.000000 0.000000
vt 1.000000 0.000000
vt 1.000000 1.000000
vt 0.000000 0.000000
vt 1.000000 0.000000
vt 1.000000 1.000000
vt 0.000000 0.000000
vt 1.000000 0.000000
vt 1.000000 1.000000
vt 0.000000 0.000000
vt 1.000000 0.000000
vt 1.000000 1.000000
vt 0.000000 0.000000
vt 1.000000 0.000000
vt 1.000000 1.000000
vt 0.000000 0.000000
vt 1.000000 0.000000
vt 1.000000 1.000000
vt 0.000000 0.000000
vt 1.000000 0.000000
vt 1.000000 1.000000
vt 0.000000 0.000000
vt 1.000000 0.000000
vt 1.000000 1.000000
vt 0.000000 0.000000
vt 1.000000 0.000000
vt 1.000000 1.000000
vt 0.000000 0.000000
vt 1.000000 0.000000
vt 1.000000 1.000000
vt 0.000000 0.000000
vt 1.000000 0.000000
vt 1.000000 1.000000
vt 0.000000 0.000000
vt 1.000000 0.000000
vt 1.000000 1.000000
vt 0.000000 0.000000
vt 1.000000 0.000000
vt 1.000000 1.000000
vt 0.000000 0.000000
vt 1.000000 0.000000
vt 1.000000 1.000000
vt 0.000000 0.000000
vt 1.000000 0.000000
vt 1.000000 1.000000
vt 0.000000 0.000000
vt 1.000000 0.000000
vt 1.000000 1.000000
vt 0.000000 0.000000
vt 1.000000 0.000000
vt 1.000000 1.000000
vt 0.000000 0.000000
vt 1.000000 0.000000
vt 1.000000 1.000000
vt 0.000000 0.000000
vt 1.000000 0.000000
vt 1.000000 1.000000
vt 0.000000 0.000000
vt 1.000000 0.000000
vt 1.000000 1.000000
vt 0.000000 0.000000
vt 1.000000 0.000000
vt 1.000000 1.000000
vt 0.000000 0.000000
vt 1.000000 0.000000
vt 1.000000 1.000000
vt 0.000000 0.000000
vt 1.000000 0.000000
vt 1.000000 1.000000
vt 0.000000 0.000000
vt 1.000000 0.000000
vt 1.000000 1.000000
vt 0.000000 0.000000
vt 1.000000 0.000000
vt 1.000000 1.000000
vt 0.000000 0.000000
vt 1.000000 0.000000
vt 1.000000 1.000000
vt 0.000000 0.000000
vt 1.000000 0.000000
vt 1.000000 1.000000
vt 0.000000 0.000000
vt 1.000000 0.000000
vt 1.000000 1.000000
vt 0.000000 0.000000
vt 1.000000 0.000000
vt 1.000000 1.000000
vt 0.000000 0.000000
vt 1.000000 0.000000
vt 1.000000 1.000000
vt 0.000000 0.000000
vt 1.000000 0.000000
vt 1.000000 1.000000
vt 0.000000 0.000000
vt 1.000000 0.000000
vt 1.000000 1.000000
vt 0.000000 0.000000
vt 1.000000 0.000000
vt 1.000000 1.000000
vt 0.000000 0.000000
vt 1.000000 0.000000
vt 1.000000 1.000000
vt 0.000000 0.000000
vt 1.000000 0.000000
vt 1.000000 1.000000
vt 0.000000 0.000000
vt 1.000000 0.000000
vt 1.000000 1.000000
vt 0.000000 0.000000
vt 1.000000 0.000000
vt 1.000000 1.000000
vt 0.000000 0.000000
vt 1.000000 0.000000
vt 1.000000 1.000000
vt 0.000000 0.000000
vt 1.000000 0.000000
vt 1.000000 1.000000
vt 0.000000 0.000000
vt 1.000000 0.000000
vt 1.000000 1.000000
vt 0.000000 0.000000
vt 1.000000 0.000000
vt 1.000000 1.000000
vt 0.000000 0.000000
vt 1.000000 0.000000
vt 1.000000 1.000000
vt 0.000000 0.000000
vt 1.000000 0.000000
vt 1.000000 1.000000
vt 0.000000 0.000000
vt 1.000000 0.000000
vt 1.000000 1.000000
vt 0.000000 0.000000
vt 1.000000 0.000000
vt 1.000000 1.000000
vt 0.000000 0.000000
vt 1.000000 0.000000
vt 1.000000 1.000000
vt 0.000000 0.000000
vt 1.000000 0.000000
vt 1.000000 1.000000
vt 0.000000 0.000000
vt 1.000000 0.000000
vt 1.000000 1.000000
vt 0.000000 0.000000
vt 1.000000 0.000000
vt 1.000000 1.000000
vt 0.000000 0.000000
vt 1.000000 0.000000
vt 1.000000 1.000000
vt 0.000000 0.000000
vt 1.000000 0.000000
vt 1.000000 1.000000
vt 0.000000 0.000000
vt 1.000000 0.000000
vt 1.000000 1.000000
vt 0.000000 0.000000
vt 1.000000 0.000000
vt 1.000000 1.000000
vt 0.000000 0.000000
vt 1.000000 0.000000
vt 1.000000 1.000000
vt 0.000000 0.000000
vt 1.000000 0.000000
vt 1.000000 1.000000
vt 0.000000 0.000000
vt 1.000000 0.000000
vt 1.000000 1.000000
vt 0.000000 0.000000
vt 1.000000 0.000000
vt 1.000000 1.000000
vt 0.000000 0.000000
vt 1.000000 0.000000
vt 1.000000 1.000000
o FireCentralSightlineAnchor
usemtl MAT_MARKER
f 1/1 6/2 7/3 2/4
f 2/5 7/6 8/7 3/8
f 3/9 8/10 9/11 4/12
f 4/13 9/14 10/15 5/16
f 5/17 10/18 6/19 1/20
f 6/21 11/22 12/23 7/24
f 7/25 12/26 13/27 8/28
f 8/29 13/30 14/31 9/32
f 9/33 14/34 15/35 10/36
f 10/37 15/38 11/39 6/40
f 11/41 16/42 17/43 12/44
f 12/45 17/46 18/47 13/48
f 13/49 18/50 19/51 14/52
f 14/53 19/54 20/55 15/56
f 15/57 20/58 16/59 11/60
f 16/61 21/62 22/63 17/64
f 17/65 22/66 23/67 18/68
f 18/69 23/70 24/71 19/72
f 19/73 24/74 25/75 20/76
f 20/77 25/78 21/79 16/80
f 21/81 26/82 27/83 22/84
f 22/85 27/86 28/87 23/88
f 23/89 28/90 29/91 24/92
f 24/93 29/94 30/95 25/96
f 25/97 30/98 26/99 21/100
f 26/101 31/102 32/103 27/104
f 27/105 32/106 33/107 28/108
f 28/109 33/110 34/111 29/112
f 29/113 34/114 35/115 30/116
f 30/117 35/118 31/119 26/120
f 31/121 36/122 37/123 32/124
f 32/125 37/126 38/127 33/128
f 33/129 38/130 39/131 34/132
f 34/133 39/134 40/135 35/136
f 35/137 40/138 36/139 31/140
f 36/141 41/142 42/143 37/144
f 37/145 42/146 43/147 38/148
f 38/149 43/150 44/151 39/152
f 39/153 44/154 45/155 40/156
f 40/157 45/158 41/159 36/160
f 41/161 46/162 47/163 42/164
f 42/165 47/166 48/167 43/168
f 43/169 48/170 49/171 44/172
f 44/173 49/174 50/175 45/176
f 45/177 50/178 46/179 41/180
f 46/181 51/182 52/183 47/184
f 47/185 52/186 53/187 48/188
f 48/189 53/190 54/191 49/192
f 49/193 54/194 55/195 50/196
f 50/197 55/198 51/199 46/200
f 51/201 56/202 57/203 52/204
f 52/205 57/206 58/207 53/208
f 53/209 58/210 59/211 54/212
f 54/213 59/214 60/215 55/216
f 55/217 60/218 56/219 51/220
f 56/221 61/222 62/223 57/224
f 57/225 62/226 63/227 58/228
f 58/229 63/230 64/231 59/232
f 59/233 64/234 65/235 60/236
f 60/237 65/238 61/239 56/240
f 61/241 66/242 67/243 62/244
f 62/245 67/246 68/247 63/248
f 63/249 68/250 69/251 64/252
f 64/253 69/254 70/255 65/256
f 65/257 70/258 66/259 61/260
f 66/261 71/262 72/263 67/264
f 67/265 72/266 73/267 68/268
f 68/269 73/270 74/271 69/272
f 69/273 74/274 75/275 70/276
f 70/277 75/278 71/279 66/280
f 71/281 76/282 77/283 72/284
f 72/285 77/286 78/287 73/288
f 73/289 78/290 79/291 74/292
f 74/293 79/294 80/295 75/296
f 75/297 80/298 76/299 71/300
f 76/301 1/302 2/303 77/304
f 77/305 2/306 3/307 78/308
f 78/309 3/310 4/311 79/312
f 79/313 4/314 5/315 80/316
f 80/317 5/318 1/319 76/320
o ShelterLandmarkSocket
f 81/321 86/322 87/323 82/324
f 82/325 87/326 88/327 83/328
f 83/329 88/330 89/331 84/332
f 84/333 89/334 90/335 85/336
f 85/337 90/338 86/339 81/340
f 86/341 91/342 92/343 87/344
f 87/345 92/346 93/347 88/348
f 88/349 93/350 94/351 89/352
f 89/353 94/354 95/355 90/356
f 90/357 95/358 91/359 86/360
f 91/361 96/362 97/363 92/364
f 92/365 97/366 98/367 93/368
f 93/369 98/370 99/371 94/372
f 94/373 99/374 100/375 95/376
f 95/377 100/378 96/379 91/380
f 96/381 101/382 102/383 97/384
f 97/385 102/386 103/387 98/388
f 98/389 103/390 104/391 99/392
f 99/393 104/394 105/395 100/396
f 100/397 105/398 101/399 96/400
f 101/401 106/402 107/403 102/404
f 102/405 107/406 108/407 103/408
f 103/409 108/410 109/411 104/412
f 104/413 109/414 110/415 105/416
f 105/417 110/418 106/419 101/420
f 106/421 111/422 112/423 107/424
f 107/425 112/426 113/427 108/428
f 108/429 113/430 114/431 109/432
f 109/433 114/434 115/435 110/436
f 110/437 115/438 111/439 106/440
f 111/441 116/442 117/443 112/444
f 112/445 117/446 118/447 113/448
f 113/449 118/450 119/451 114/452
f 114/453 119/454 120/455 115/456
f 115/457 120/458 116/459 111/460
f 116/461 121/462 122/463 117/464
f 117/465 122/466 123/467 118/468
f 118/469 123/470 124/471 119/472
f 119/473 124/474 125/475 120/476
f 120/477 125/478 121/479 116/480
f 121/481 126/482 127/483 122/484
f 122/485 127/486 128/487 123/488
f 123/489 128/490 129/491 124/492
f 124/493 129/494 130/495 125/496
f 125/497 130/498 126/499 121/500
f 126/501 131/502 132/503 127/504
f 127/505 132/506 133/507 128/508
f 128/509 133/510 134/511 129/512
f 129/513 134/514 135/515 130/516
f 130/517 135/518 131/519 126/520
f 131/521 136/522 137/523 132/524
f 132/525 137/526 138/527 133/528
f 133/529 138/530 139/531 134/532
f 134/533 139/534 140/535 135/536
f 135/537 140/538 136/539 131/540
f 136/541 141/542 142/543 137/544
f 137/545 142/546 143/547 138/548
f 138/549 143/550 144/551 139/552
f 139/553 144/554 145/555 140/556
f 140/557 145/558 141/559 136/560
f 141/561 146/562 147/563 142/564
f 142/565 147/566 148/567 143/568
f 143/569 148/570 149/571 144/572
f 144/573 149/574 150/575 145/576
f 145/577 150/578 146/579 141/580
f 146/581 151/582 152/583 147/584
f 147/585 152/586 153/587 148/588
f 148/589 153/590 154/591 149/592
f 149/593 154/594 155/595 150/596
f 150/597 155/598 151/599 146/600
f 151/601 156/602 157/603 152/604
f 152/605 157/606 158/607 153/608
f 153/609 158/610 159/611 154/612
f 154/613 159/614 160/615 155/616
f 155/617 160/618 156/619 151/620
f 156/621 81/622 82/623 157/624
f 157/625 82/626 83/627 158/628
f 158/629 83/630 84/631 159/632
f 159/633 84/634 85/635 160/636
f 160/637 85/638 81/639 156/640
o PlanTableLandmarkSocket
f 161/641 166/642 167/643 162/644
f 162/645 167/646 168/647 163/648
f 163/649 168/650 169/651 164/652
f 164/653 169/654 170/655 165/656
f 165/657 170/658 166/659 161/660
f 166/661 171/662 172/663 167/664
f 167/665 172/666 173/667 168/668
f 168/669 173/670 174/671 169/672
f 169/673 174/674 175/675 170/676
f 170/677 175/678 171/679 166/680
f 171/681 176/682 177/683 172/684
f 172/685 177/686 178/687 173/688
f 173/689 178/690 179/691 174/692
f 174/693 179/694 180/695 175/696
f 175/697 180/698 176/699 171/700
f 176/701 181/702 182/703 177/704
f 177/705 182/706 183/707 178/708
f 178/709 183/710 184/711 179/712
f 179/713 184/714 185/715 180/716
f 180/717 185/718 181/719 176/720
f 181/721 186/722 187/723 182/724
f 182/725 187/726 188/727 183/728
f 183/729 188/730 189/731 184/732
f 184/733 189/734 190/735 185/736
f 185/737 190/738 186/739 181/740
f 186/741 191/742 192/743 187/744
f 187/745 192/746 193/747 188/748
f 188/749 193/750 194/751 189/752
f 189/753 194/754 195/755 190/756
f 190/757 195/758 191/759 186/760
f 191/761 196/762 197/763 192/764
f 192/765 197/766 198/767 193/768
f 193/769 198/770 199/771 194/772
f 194/773 199/774 200/775 195/776
f 195/777 200/778 196/779 191/780
f 196/781 201/782 202/783 197/784
f 197/785 202/786 203/787 198/788
f 198/789 203/790 204/791 199/792
f 199/793 204/794 205/795 200/796
f 200/797 205/798 201/799 196/800
f 201/801 206/802 207/803 202/804
f 202/805 207/806 208/807 203/808
f 203/809 208/810 209/811 204/812
f 204/813 209/814 210/815 205/816
f 205/817 210/818 206/819 201/820
f 206/821 211/822 212/823 207/824
f 207/825 212/826 213/827 208/828
f 208/829 213/830 214/831 209/832
f 209/833 214/834 215/835 210/836
f 210/837 215/838 211/839 206/840
f 211/841 216/842 217/843 212/844
f 212/845 217/846 218/847 213/848
f 213/849 218/850 219/851 214/852
f 214/853 219/854 220/855 215/856
f 215/857 220/858 216/859 211/860
f 216/861 221/862 222/863 217/864
f 217/865 222/866 223/867 218/868
f 218/869 223/870 224/871 219/872
f 219/873 224/874 225/875 220/876
f 220/877 225/878 221/879 216/880
f 221/881 226/882 227/883 222/884
f 222/885 227/886 228/887 223/888
f 223/889 228/890 229/891 224/892
f 224/893 229/894 230/895 225/896
f 225/897 230/898 226/899 221/900
f 226/901 231/902 232/903 227/904
f 227/905 232/906 233/907 228/908
f 228/909 233/910 234/911 229/912
f 229/913 234/914 235/915 230/916
f 230/917 235/918 231/919 226/920
f 231/921 236/922 237/923 232/924
f 232/925 237/926 238/927 233/928
f 233/929 238/930 239/931 234/932
f 234/933 239/934 240/935 235/936
f 235/937 240/938 236/939 231/940
f 236/941 161/942 162/943 237/944
f 237/945 162/946 163/947 238/948
f 238/949 163/950 164/951 239/952
f 239/953 164/954 165/955 240/956
f 240/957 165/958 161/959 236/960
o SuppliesLandmarkSocket
f 241/961 246/962 247/963 242/964
f 242/965 247/966 248/967 243/968
f 243/969 248/970 249/971 244/972
f 244/973 249/974 250/975 245/976
f 245/977 250/978 246/979 241/980
f 246/981 251/982 252/983 247/984
f 247/985 252/986 253/987 248/988
f 248/989 253/990 254/991 249/992
f 249/993 254/994 255/995 250/996
f 250/997 255/998 251/999 246/1000
f 251/1001 256/1002 257/1003 252/1004
f 252/1005 257/1006 258/1007 253/1008
f 253/1009 258/1010 259/1011 254/1012
f 254/1013 259/1014 260/1015 255/1016
f 255/1017 260/1018 256/1019 251/1020
f 256/1021 261/1022 262/1023 257/1024
f 257/1025 262/1026 263/1027 258/1028
f 258/1029 263/1030 264/1031 259/1032
f 259/1033 264/1034 265/1035 260/1036
f 260/1037 265/1038 261/1039 256/1040
f 261/1041 266/1042 267/1043 262/1044
f 262/1045 267/1046 268/1047 263/1048
f 263/1049 268/1050 269/1051 264/1052
f 264/1053 269/1054 270/1055 265/1056
f 265/1057 270/1058 266/1059 261/1060
f 266/1061 271/1062 272/1063 267/1064
f 267/1065 272/1066 273/1067 268/1068
f 268/1069 273/1070 274/1071 269/1072
f 269/1073 274/1074 275/1075 270/1076
f 270/1077 275/1078 271/1079 266/1080
f 271/1081 276/1082 277/1083 272/1084
f 272/1085 277/1086 278/1087 273/1088
f 273/1089 278/1090 279/1091 274/1092
f 274/1093 279/1094 280/1095 275/1096
f 275/1097 280/1098 276/1099 271/1100
f 276/1101 281/1102 282/1103 277/1104
f 277/1105 282/1106 283/1107 278/1108
f 278/1109 283/1110 284/1111 279/1112
f 279/1113 284/1114 285/1115 280/1116
f 280/1117 285/1118 281/1119 276/1120
f 281/1121 286/1122 287/1123 282/1124
f 282/1125 287/1126 288/1127 283/1128
f 283/1129 288/1130 289/1131 284/1132
f 284/1133 289/1134 290/1135 285/1136
f 285/1137 290/1138 286/1139 281/1140
f 286/1141 291/1142 292/1143 287/1144
f 287/1145 292/1146 293/1147 288/1148
f 288/1149 293/1150 294/1151 289/1152
f 289/1153 294/1154 295/1155 290/1156
f 290/1157 295/1158 291/1159 286/1160
f 291/1161 296/1162 297/1163 292/1164
f 292/1165 297/1166 298/1167 293/1168
f 293/1169 298/1170 299/1171 294/1172
f 294/1173 299/1174 300/1175 295/1176
f 295/1177 300/1178 296/1179 291/1180
f 296/1181 301/1182 302/1183 297/1184
f 297/1185 302/1186 303/1187 298/1188
f 298/1189 303/1190 304/1191 299/1192
f 299/1193 304/1194 305/1195 300/1196
f 300/1197 305/1198 301/1199 296/1200
f 301/1201 306/1202 307/1203 302/1204
f 302/1205 307/1206 308/1207 303/1208
f 303/1209 308/1210 309/1211 304/1212
f 304/1213 309/1214 310/1215 305/1216
f 305/1217 310/1218 306/1219 301/1220
f 306/1221 311/1222 312/1223 307/1224
f 307/1225 312/1226 313/1227 308/1228
f 308/1229 313/1230 314/1231 309/1232
f 309/1233 314/1234 315/1235 310/1236
f 310/1237 315/1238 311/1239 306/1240
f 311/1241 316/1242 317/1243 312/1244
f 312/1245 317/1246 318/1247 313/1248
f 313/1249 318/1250 319/1251 314/1252
f 314/1253 319/1254 320/1255 315/1256
f 315/1257 320/1258 316/1259 311/1260
f 316/1261 241/1262 242/1263 317/1264
f 317/1265 242/1266 243/1267 318/1268
f 318/1269 243/1270 244/1271 319/1272
f 319/1273 244/1274 245/1275 320/1276
f 320/1277 245/1278 241/1279 316/1280
o HeavyCrateLandmarkSocket
f 321/1281 326/1282 327/1283 322/1284
f 322/1285 327/1286 328/1287 323/1288
f 323/1289 328/1290 329/1291 324/1292
f 324/1293 329/1294 330/1295 325/1296
f 325/1297 330/1298 326/1299 321/1300
f 326/1301 331/1302 332/1303 327/1304
f 327/1305 332/1306 333/1307 328/1308
f 328/1309 333/1310 334/1311 329/1312
f 329/1313 334/1314 335/1315 330/1316
f 330/1317 335/1318 331/1319 326/1320
f 331/1321 336/1322 337/1323 332/1324
f 332/1325 337/1326 338/1327 333/1328
f 333/1329 338/1330 339/1331 334/1332
f 334/1333 339/1334 340/1335 335/1336
f 335/1337 340/1338 336/1339 331/1340
f 336/1341 341/1342 342/1343 337/1344
f 337/1345 342/1346 343/1347 338/1348
f 338/1349 343/1350 344/1351 339/1352
f 339/1353 344/1354 345/1355 340/1356
f 340/1357 345/1358 341/1359 336/1360
f 341/1361 346/1362 347/1363 342/1364
f 342/1365 347/1366 348/1367 343/1368
f 343/1369 348/1370 349/1371 344/1372
f 344/1373 349/1374 350/1375 345/1376
f 345/1377 350/1378 346/1379 341/1380
f 346/1381 351/1382 352/1383 347/1384
f 347/1385 352/1386 353/1387 348/1388
f 348/1389 353/1390 354/1391 349/1392
f 349/1393 354/1394 355/1395 350/1396
f 350/1397 355/1398 351/1399 346/1400
f 351/1401 356/1402 357/1403 352/1404
f 352/1405 357/1406 358/1407 353/1408
f 353/1409 358/1410 359/1411 354/1412
f 354/1413 359/1414 360/1415 355/1416
f 355/1417 360/1418 356/1419 351/1420
f 356/1421 361/1422 362/1423 357/1424
f 357/1425 362/1426 363/1427 358/1428
f 358/1429 363/1430 364/1431 359/1432
f 359/1433 364/1434 365/1435 360/1436
f 360/1437 365/1438 361/1439 356/1440
f 361/1441 366/1442 367/1443 362/1444
f 362/1445 367/1446 368/1447 363/1448
f 363/1449 368/1450 369/1451 364/1452
f 364/1453 369/1454 370/1455 365/1456
f 365/1457 370/1458 366/1459 361/1460
f 366/1461 371/1462 372/1463 367/1464
f 367/1465 372/1466 373/1467 368/1468
f 368/1469 373/1470 374/1471 369/1472
f 369/1473 374/1474 375/1475 370/1476
f 370/1477 375/1478 371/1479 366/1480
f 371/1481 376/1482 377/1483 372/1484
f 372/1485 377/1486 378/1487 373/1488
f 373/1489 378/1490 379/1491 374/1492
f 374/1493 379/1494 380/1495 375/1496
f 375/1497 380/1498 376/1499 371/1500
f 376/1501 381/1502 382/1503 377/1504
f 377/1505 382/1506 383/1507 378/1508
f 378/1509 383/1510 384/1511 379/1512
f 379/1513 384/1514 385/1515 380/1516
f 380/1517 385/1518 381/1519 376/1520
f 381/1521 386/1522 387/1523 382/1524
f 382/1525 387/1526 388/1527 383/1528
f 383/1529 388/1530 389/1531 384/1532
f 384/1533 389/1534 390/1535 385/1536
f 385/1537 390/1538 386/1539 381/1540
f 386/1541 391/1542 392/1543 387/1544
f 387/1545 392/1546 393/1547 388/1548
f 388/1549 393/1550 394/1551 389/1552
f 389/1553 394/1554 395/1555 390/1556
f 390/1557 395/1558 391/1559 386/1560
f 391/1561 396/1562 397/1563 392/1564
f 392/1565 397/1566 398/1567 393/1568
f 393/1569 398/1570 399/1571 394/1572
f 394/1573 399/1574 400/1575 395/1576
f 395/1577 400/1578 396/1579 391/1580
f 396/1581 321/1582 322/1583 397/1584
f 397/1585 322/1586 323/1587 398/1588
f 398/1589 323/1590 324/1591 399/1592
f 399/1593 324/1594 325/1595 400/1596
f 400/1597 325/1598 321/1599 396/1600
o WreckLandmarkSocket
f 401/1601 406/1602 407/1603 402/1604
f 402/1605 407/1606 408/1607 403/1608
f 403/1609 408/1610 409/1611 404/1612
f 404/1613 409/1614 410/1615 405/1616
f 405/1617 410/1618 406/1619 401/1620
f 406/1621 411/1622 412/1623 407/1624
f 407/1625 412/1626 413/1627 408/1628
f 408/1629 413/1630 414/1631 409/1632
f 409/1633 414/1634 415/1635 410/1636
f 410/1637 415/1638 411/1639 406/1640
f 411/1641 416/1642 417/1643 412/1644
f 412/1645 417/1646 418/1647 413/1648
f 413/1649 418/1650 419/1651 414/1652
f 414/1653 419/1654 420/1655 415/1656
f 415/1657 420/1658 416/1659 411/1660
f 416/1661 421/1662 422/1663 417/1664
f 417/1665 422/1666 423/1667 418/1668
f 418/1669 423/1670 424/1671 419/1672
f 419/1673 424/1674 425/1675 420/1676
f 420/1677 425/1678 421/1679 416/1680
f 421/1681 426/1682 427/1683 422/1684
f 422/1685 427/1686 428/1687 423/1688
f 423/1689 428/1690 429/1691 424/1692
f 424/1693 429/1694 430/1695 425/1696
f 425/1697 430/1698 426/1699 421/1700
f 426/1701 431/1702 432/1703 427/1704
f 427/1705 432/1706 433/1707 428/1708
f 428/1709 433/1710 434/1711 429/1712
f 429/1713 434/1714 435/1715 430/1716
f 430/1717 435/1718 431/1719 426/1720
f 431/1721 436/1722 437/1723 432/1724
f 432/1725 437/1726 438/1727 433/1728
f 433/1729 438/1730 439/1731 434/1732
f 434/1733 439/1734 440/1735 435/1736
f 435/1737 440/1738 436/1739 431/1740
f 436/1741 441/1742 442/1743 437/1744
f 437/1745 442/1746 443/1747 438/1748
f 438/1749 443/1750 444/1751 439/1752
f 439/1753 444/1754 445/1755 440/1756
f 440/1757 445/1758 441/1759 436/1760
f 441/1761 446/1762 447/1763 442/1764
f 442/1765 447/1766 448/1767 443/1768
f 443/1769 448/1770 449/1771 444/1772
f 444/1773 449/1774 450/1775 445/1776
f 445/1777 450/1778 446/1779 441/1780
f 446/1781 451/1782 452/1783 447/1784
f 447/1785 452/1786 453/1787 448/1788
f 448/1789 453/1790 454/1791 449/1792
f 449/1793 454/1794 455/1795 450/1796
f 450/1797 455/1798 451/1799 446/1800
f 451/1801 456/1802 457/1803 452/1804
f 452/1805 457/1806 458/1807 453/1808
f 453/1809 458/1810 459/1811 454/1812
f 454/1813 459/1814 460/1815 455/1816
f 455/1817 460/1818 456/1819 451/1820
f 456/1821 461/1822 462/1823 457/1824
f 457/1825 462/1826 463/1827 458/1828
f 458/1829 463/1830 464/1831 459/1832
f 459/1833 464/1834 465/1835 460/1836
f 460/1837 465/1838 461/1839 456/1840
f 461/1841 466/1842 467/1843 462/1844
f 462/1845 467/1846 468/1847 463/1848
f 463/1849 468/1850 469/1851 464/1852
f 464/1853 469/1854 470/1855 465/1856
f 465/1857 470/1858 466/1859 461/1860
f 466/1861 471/1862 472/1863 467/1864
f 467/1865 472/1866 473/1867 468/1868
f 468/1869 473/1870 474/1871 469/1872
f 469/1873 474/1874 475/1875 470/1876
f 470/1877 475/1878 471/1879 466/1880
f 471/1881 476/1882 477/1883 472/1884
f 472/1885 477/1886 478/1887 473/1888
f 473/1889 478/1890 479/1891 474/1892
f 474/1893 479/1894 480/1895 475/1896
f 475/1897 480/1898 476/1899 471/1900
f 476/1901 401/1902 402/1903 477/1904
f 477/1905 402/1906 403/1907 478/1908
f 478/1909 403/1910 404/1911 479/1912
f 479/1913 404/1914 405/1915 480/1916
f 480/1917 405/1918 401/1919 476/1920
o SignalSeaLandmarkSocket
f 481/1921 486/1922 487/1923 482/1924
f 482/1925 487/1926 488/1927 483/1928
f 483/1929 488/1930 489/1931 484/1932
f 484/1933 489/1934 490/1935 485/1936
f 485/1937 490/1938 486/1939 481/1940
f 486/1941 491/1942 492/1943 487/1944
f 487/1945 492/1946 493/1947 488/1948
f 488/1949 493/1950 494/1951 489/1952
f 489/1953 494/1954 495/1955 490/1956
f 490/1957 495/1958 491/1959 486/1960
f 491/1961 496/1962 497/1963 492/1964
f 492/1965 497/1966 498/1967 493/1968
f 493/1969 498/1970 499/1971 494/1972
f 494/1973 499/1974 500/1975 495/1976
f 495/1977 500/1978 496/1979 491/1980
f 496/1981 501/1982 502/1983 497/1984
f 497/1985 502/1986 503/1987 498/1988
f 498/1989 503/1990 504/1991 499/1992
f 499/1993 504/1994 505/1995 500/1996
f 500/1997 505/1998 501/1999 496/2000
f 501/2001 506/2002 507/2003 502/2004
f 502/2005 507/2006 508/2007 503/2008
f 503/2009 508/2010 509/2011 504/2012
f 504/2013 509/2014 510/2015 505/2016
f 505/2017 510/2018 506/2019 501/2020
f 506/2021 511/2022 512/2023 507/2024
f 507/2025 512/2026 513/2027 508/2028
f 508/2029 513/2030 514/2031 509/2032
f 509/2033 514/2034 515/2035 510/2036
f 510/2037 515/2038 511/2039 506/2040
f 511/2041 516/2042 517/2043 512/2044
f 512/2045 517/2046 518/2047 513/2048
f 513/2049 518/2050 519/2051 514/2052
f 514/2053 519/2054 520/2055 515/2056
f 515/2057 520/2058 516/2059 511/2060
f 516/2061 521/2062 522/2063 517/2064
f 517/2065 522/2066 523/2067 518/2068
f 518/2069 523/2070 524/2071 519/2072
f 519/2073 524/2074 525/2075 520/2076
f 520/2077 525/2078 521/2079 516/2080
f 521/2081 526/2082 527/2083 522/2084
f 522/2085 527/2086 528/2087 523/2088
f 523/2089 528/2090 529/2091 524/2092
f 524/2093 529/2094 530/2095 525/2096
f 525/2097 530/2098 526/2099 521/2100
f 526/2101 531/2102 532/2103 527/2104
f 527/2105 532/2106 533/2107 528/2108
f 528/2109 533/2110 534/2111 529/2112
f 529/2113 534/2114 535/2115 530/2116
f 530/2117 535/2118 531/2119 526/2120
f 531/2121 536/2122 537/2123 532/2124
f 532/2125 537/2126 538/2127 533/2128
f 533/2129 538/2130 539/2131 534/2132
f 534/2133 539/2134 540/2135 535/2136
f 535/2137 540/2138 536/2139 531/2140
f 536/2141 541/2142 542/2143 537/2144
f 537/2145 542/2146 543/2147 538/2148
f 538/2149 543/2150 544/2151 539/2152
f 539/2153 544/2154 545/2155 540/2156
f 540/2157 545/2158 541/2159 536/2160
f 541/2161 546/2162 547/2163 542/2164
f 542/2165 547/2166 548/2167 543/2168
f 543/2169 548/2170 549/2171 544/2172
f 544/2173 549/2174 550/2175 545/2176
f 545/2177 550/2178 546/2179 541/2180
f 546/2181 551/2182 552/2183 547/2184
f 547/2185 552/2186 553/2187 548/2188
f 548/2189 553/2190 554/2191 549/2192
f 549/2193 554/2194 555/2195 550/2196
f 550/2197 555/2198 551/2199 546/2200
f 551/2201 556/2202 557/2203 552/2204
f 552/2205 557/2206 558/2207 553/2208
f 553/2209 558/2210 559/2211 554/2212
f 554/2213 559/2214 560/2215 555/2216
f 555/2217 560/2218 556/2219 551/2220
f 556/2221 481/2222 482/2223 557/2224
f 557/2225 482/2226 483/2227 558/2228
f 558/2229 483/2230 484/2231 559/2232
f 559/2233 484/2234 485/2235 560/2236
f 560/2237 485/2238 481/2239 556/2240
o JungleExitLeft
f 561/2241 562/2242 564/2243 563/2244
f 565/2245 567/2246 568/2247 566/2248
f 561/2249 565/2250 566/2251 562/2252
f 563/2253 564/2254 568/2255 567/2256
f 561/2257 563/2258 567/2259 565/2260
f 562/2261 566/2262 568/2263 564/2264
o JungleExitRight
f 569/2265 570/2266 572/2267 571/2268
f 573/2269 575/2270 576/2271 574/2272
f 569/2273 573/2274 574/2275 570/2276
f 571/2277 572/2278 576/2279 575/2280
f 569/2281 571/2282 575/2283 573/2284
f 570/2285 574/2286 576/2287 572/2288
o JungleExitHeader
f 577/2289 578/2290 580/2291 579/2292
f 581/2293 583/2294 584/2295 582/2296
f 577/2297 581/2298 582/2299 578/2300
f 579/2301 580/2302 584/2303 583/2304
f 577/2305 579/2306 583/2307 581/2308
f 578/2309 582/2310 584/2311 580/2312
o SeaSignalDirectionLeft
f 585/2313 586/2314 588/2315 587/2316
f 589/2317 591/2318 592/2319 590/2320
f 585/2321 589/2322 590/2323 586/2324
f 587/2325 588/2326 592/2327 591/2328
f 585/2329 587/2330 591/2331 589/2332
f 586/2333 590/2334 592/2335 588/2336
o SeaSignalDirectionRight
f 593/2337 594/2338 596/2339 595/2340
f 597/2341 599/2342 600/2343 598/2344
f 593/2345 597/2346 598/2347 594/2348
f 595/2349 596/2350 600/2351 599/2352
f 593/2353 595/2354 599/2355 597/2356
f 594/2357 598/2358 600/2359 596/2360
o SeaSignalReadableCrossbar
f 601/2361 602/2362 604/2363 603/2364
f 605/2365 607/2366 608/2367 606/2368
f 601/2369 605/2370 606/2371 602/2372
f 603/2373 604/2374 608/2375 607/2376
f 601/2377 603/2378 607/2379 605/2380
f 602/2381 606/2382 608/2383 604/2384
o EdgeOnlyDriftwood_1
usemtl MAT_DRIFTWOOD
f 609/2385 610/2386 612/2387 611/2388
f 613/2389 615/2390 616/2391 614/2392
f 609/2393 613/2394 614/2395 610/2396
f 611/2397 612/2398 616/2399 615/2400
f 609/2401 611/2402 615/2403 613/2404
f 610/2405 614/2406 616/2407 612/2408
o EdgeOnlyDriftwood_2
f 617/2409 618/2410 620/2411 619/2412
f 621/2413 623/2414 624/2415 622/2416
f 617/2417 621/2418 622/2419 618/2420
f 619/2421 620/2422 624/2423 623/2424
f 617/2425 619/2426 623/2427 621/2428
f 618/2429 622/2430 624/2431 620/2432
o EdgeOnlyDriftwood_3
f 625/2433 626/2434 628/2435 627/2436
f 629/2437 631/2438 632/2439 630/2440
f 625/2441 629/2442 630/2443 626/2444
f 627/2445 628/2446 632/2447 631/2448
f 625/2449 627/2450 631/2451 629/2452
f 626/2453 630/2454 632/2455 628/2456
o EdgeOnlyDriftwood_4
f 633/2457 634/2458 636/2459 635/2460
f 637/2461 639/2462 640/2463 638/2464
f 633/2465 637/2466 638/2467 634/2468
f 635/2469 636/2470 640/2471 639/2472
f 633/2473 635/2474 639/2475 637/2476
f 634/2477 638/2478 640/2479 636/2480
o EdgeOnlyRock_1
usemtl MAT_ROCK
f 641/2481 643/2482 644/2483
f 642/2484 644/2485 643/2486
f 641/2487 644/2488 645/2489
f 642/2490 645/2491 644/2492
f 641/2493 645/2494 646/2495
f 642/2496 646/2497 645/2498
f 641/2499 646/2500 647/2501
f 642/2502 647/2503 646/2504
f 641/2505 647/2506 648/2507
f 642/2508 648/2509 647/2510
f 641/2511 648/2512 643/2513
f 642/2514 643/2515 648/2516
o EdgeOnlyRock_2
f 649/2517 651/2518 652/2519
f 650/2520 652/2521 651/2522
f 649/2523 652/2524 653/2525
f 650/2526 653/2527 652/2528
f 649/2529 653/2530 654/2531
f 650/2532 654/2533 653/2534
f 649/2535 654/2536 655/2537
f 650/2538 655/2539 654/2540
f 649/2541 655/2542 656/2543
f 650/2544 656/2545 655/2546
f 649/2547 656/2548 651/2549
f 650/2550 651/2551 656/2552
o EdgeOnlyRock_3
f 657/2553 659/2554 660/2555
f 658/2556 660/2557 659/2558
f 657/2559 660/2560 661/2561
f 658/2562 661/2563 660/2564
f 657/2565 661/2566 662/2567
f 658/2568 662/2569 661/2570
f 657/2571 662/2572 663/2573
f 658/2574 663/2575 662/2576
f 657/2577 663/2578 664/2579
f 658/2580 664/2581 663/2582
f 657/2583 664/2584 659/2585
f 658/2586 659/2587 664/2588
o EdgeOnlyRock_4
f 665/2589 667/2590 668/2591
f 666/2592 668/2593 667/2594
f 665/2595 668/2596 669/2597
f 666/2598 669/2599 668/2600
f 665/2601 669/2602 670/2603
f 666/2604 670/2605 669/2606
f 665/2607 670/2608 671/2609
f 666/2610 671/2611 670/2612
f 665/2613 671/2614 672/2615
f 666/2616 672/2617 671/2618
f 665/2619 672/2620 667/2621
f 666/2622 667/2623 672/2624
o EdgeOnlyRock_5
f 673/2625 675/2626 676/2627
f 674/2628 676/2629 675/2630
f 673/2631 676/2632 677/2633
f 674/2634 677/2635 676/2636
f 673/2637 677/2638 678/2639
f 674/2640 678/2641 677/2642
f 673/2643 678/2644 679/2645
f 674/2646 679/2647 678/2648
f 673/2649 679/2650 680/2651
f 674/2652 680/2653 679/2654
f 673/2655 680/2656 675/2657
f 674/2658 675/2659 680/2660
o EdgeOnlyRock_6
f 681/2661 683/2662 684/2663
f 682/2664 684/2665 683/2666
f 681/2667 684/2668 685/2669
f 682/2670 685/2671 684/2672
f 681/2673 685/2674 686/2675
f 682/2676 686/2677 685/2678
f 681/2679 686/2680 687/2681
f 682/2682 687/2683 686/2684
f 681/2685 687/2686 688/2687
f 682/2688 688/2689 687/2690
f 681/2691 688/2692 683/2693
f 682/2694 683/2695 688/2696
