mtllib ../../Materials/project_oen.mtl
o en-012_rock_wall_module__corner
v -1.550000 0.000000 0.000000
v -1.301978 0.014662 0.180991
v -1.226000 0.000000 0.000000
v -1.226000 0.000000 0.000000
v -1.301978 0.014662 0.180991
v -1.294048 0.177352 0.235540
v -1.139426 0.162690 0.000000
v -1.139426 0.162690 0.000000
v -1.294048 0.177352 0.235540
v -1.384991 0.320902 0.173561
v -1.277885 0.306240 0.000000
v -1.550000 0.435600 0.018600
v -1.277885 0.306240 0.000000
v -1.384991 0.320902 0.173561
v -1.550000 0.000000 0.000000
v -1.550000 -0.004649 0.304988
v -1.301978 0.014662 0.180991
v -1.301978 0.014662 0.180991
v -1.550000 -0.004649 0.304988
v -1.550000 0.158041 0.341477
v -1.294048 0.177352 0.235540
v -1.294048 0.177352 0.235540
v -1.550000 0.158041 0.341477
v -1.550000 0.301591 0.209221
v -1.384991 0.320902 0.173561
v -1.550000 0.435600 0.018600
v -1.384991 0.320902 0.173561
v -1.550000 0.301591 0.209221
v -1.550000 0.000000 0.000000
v -1.784255 -0.013188 0.192846
v -1.550000 -0.004649 0.304988
v -1.550000 -0.004649 0.304988
v -1.784255 -0.013188 0.192846
v -1.841200 0.149502 0.205187
v -1.550000 0.158041 0.341477
v -1.550000 0.158041 0.341477
v -1.841200 0.149502 0.205187
v -1.738607 0.293052 0.153241
v -1.550000 0.301591 0.209221
v -1.550000 0.435600 0.018600
v -1.550000 0.301591 0.209221
v -1.738607 0.293052 0.153241
v -1.550000 0.000000 0.000000
v -1.895961 0.008830 0.000000
v -1.784255 -0.013188 0.192846
v -1.784255 -0.013188 0.192846
v -1.895961 0.008830 0.000000
v -1.904347 0.171520 0.000000
v -1.841200 0.149502 0.205187
v -1.841200 0.149502 0.205187
v -1.904347 0.171520 0.000000
v -1.784472 0.315070 0.000000
v -1.738607 0.293052 0.153241
v -1.550000 0.435600 0.018600
v -1.738607 0.293052 0.153241
v -1.784472 0.315070 0.000000
v -1.550000 0.000000 0.000000
v -1.756435 0.010388 -0.216802
v -1.895961 0.008830 0.000000
v -1.895961 0.008830 0.000000
v -1.756435 0.010388 -0.216802
v -1.804276 0.173078 -0.236982
v -1.904347 0.171520 0.000000
v -1.904347 0.171520 0.000000
v -1.804276 0.173078 -0.236982
v -1.747680 0.316628 -0.145428
v -1.784472 0.315070 0.000000
v -1.550000 0.435600 0.018600
v -1.784472 0.315070 0.000000
v -1.747680 0.316628 -0.145428
v -1.550000 0.000000 0.000000
v -1.550000 -0.012124 -0.266773
v -1.756435 0.010388 -0.216802
v -1.756435 0.010388 -0.216802
v -1.550000 -0.012124 -0.266773
v -1.550000 0.150566 -0.290758
v -1.804276 0.173078 -0.236982
v -1.804276 0.173078 -0.236982
v -1.550000 0.150566 -0.290758
v -1.550000 0.294116 -0.221684
v -1.747680 0.316628 -0.145428
v -1.550000 0.435600 0.018600
v -1.747680 0.316628 -0.145428
v -1.550000 0.294116 -0.221684
v -1.550000 0.000000 0.000000
v -1.309554 -0.006544 -0.187515
v -1.550000 -0.012124 -0.266773
v -1.550000 -0.012124 -0.266773
v -1.309554 -0.006544 -0.187515
v -1.304103 0.156146 -0.244198
v -1.550000 0.150566 -0.290758
v -1.550000 0.150566 -0.290758
v -1.304103 0.156146 -0.244198
v -1.382520 0.299696 -0.171434
v -1.550000 0.294116 -0.221684
v -1.550000 0.435600 0.018600
v -1.550000 0.294116 -0.221684
v -1.382520 0.299696 -0.171434
v -1.550000 0.000000 0.000000
v -1.226000 0.000000 0.000000
v -1.309554 -0.006544 -0.187515
v -1.309554 -0.006544 -0.187515
v -1.226000 0.000000 0.000000
v -1.139426 0.162690 0.000000
v -1.304103 0.156146 -0.244198
v -1.304103 0.156146 -0.244198
v -1.139426 0.162690 0.000000
v -1.277885 0.306240 0.000000
v -1.382520 0.299696 -0.171434
v -1.550000 0.435600 0.018600
v -1.382520 0.299696 -0.171434
v -1.277885 0.306240 0.000000
v -0.930000 0.000000 0.068169
v -0.727537 0.013849 0.294402
v -0.557166 0.003096 0.122903
v -0.557166 0.003096 0.122903
v -0.727537 0.013849 0.294402
v -0.722279 0.176539 0.360943
v -0.485195 0.165786 0.129109
v -0.485195 0.165786 0.129109
v -0.722279 0.176539 0.360943
v -0.785189 0.320089 0.269659
v -0.651375 0.309336 0.115201
v -0.923329 0.435600 0.086361
v -0.651375 0.309336 0.115201
v -0.785189 0.320089 0.269659
v -0.930000 0.000000 0.068169
v -0.997789 -0.007487 0.367427
v -0.727537 0.013849 0.294402
v -0.727537 0.013849 0.294402
v -0.997789 -0.007487 0.367427
v -1.016692 0.155203 0.383587
v -0.722279 0.176539 0.360943
v -0.722279 0.176539 0.360943
v -1.016692 0.155203 0.383587
v -0.995832 0.298753 0.265392
v -0.785189 0.320089 0.269659
v -0.923329 0.435600 0.086361
v -0.785189 0.320089 0.269659
v -0.995832 0.298753 0.265392
v -0.930000 0.000000 0.068169
v -1.254858 -0.011476 0.208518
v -0.997789 -0.007487 0.367427
v -0.997789 -0.007487 0.367427
v -1.254858 -0.011476 0.208518
v -1.307897 0.151214 0.229090
v -1.016692 0.155203 0.383587
v -1.016692 0.155203 0.383587
v -1.307897 0.151214 0.229090
v -1.163676 0.294764 0.193624
v -0.995832 0.298753 0.265392
v -0.923329 0.435600 0.086361
v -0.995832 0.298753 0.265392
v -1.163676 0.294764 0.193624
v -0.930000 0.000000 0.068169
v -1.286123 0.011125 0.010675
v -1.254858 -0.011476 0.208518
v -1.254858 -0.011476 0.208518
v -1.286123 0.011125 0.010675
v -1.299011 0.173815 -0.005290
v -1.307897 0.151214 0.229090
v -1.307897 0.151214 0.229090
v -1.299011 0.173815 -0.005290
v -1.194934 0.317365 0.018876
v -1.163676 0.294764 0.193624
v -0.923329 0.435600 0.086361
v -1.163676 0.294764 0.193624
v -1.194934 0.317365 0.018876
v -0.930000 0.000000 0.068169
v -1.108565 0.007948 -0.186619
v -1.286123 0.011125 0.010675
v -1.286123 0.011125 0.010675
v -1.108565 0.007948 -0.186619
v -1.161395 0.170638 -0.196318
v -1.299011 0.173815 -0.005290
v -1.299011 0.173815 -0.005290
v -1.161395 0.170638 -0.196318
v -1.102382 0.314188 -0.100377
v -1.194934 0.317365 0.018876
v -0.923329 0.435600 0.086361
v -1.194934 0.317365 0.018876
v -1.102382 0.314188 -0.100377
v -0.930000 0.000000 0.068169
v -0.848323 -0.013645 -0.180589
v -1.108565 0.007948 -0.186619
v -1.108565 0.007948 -0.186619
v -0.848323 -0.013645 -0.180589
v -0.837382 0.149045 -0.225702
v -1.161395 0.170638 -0.196318
v -1.161395 0.170638 -0.196318
v -0.837382 0.149045 -0.225702
v -0.873163 0.292595 -0.161760
v -1.102382 0.314188 -0.100377
v -0.923329 0.435600 0.086361
v -1.102382 0.314188 -0.100377
v -0.873163 0.292595 -0.161760
v -0.930000 0.000000 0.068169
v -0.631346 -0.003622 -0.085351
v -0.848323 -0.013645 -0.180589
v -0.848323 -0.013645 -0.180589
v -0.631346 -0.003622 -0.085351
v -0.615502 0.159068 -0.124621
v -0.837382 0.149045 -0.225702
v -0.837382 0.149045 -0.225702
v -0.615502 0.159068 -0.124621
v -0.697997 0.302618 -0.058126
v -0.873163 0.292595 -0.161760
v -0.923329 0.435600 0.086361
v -0.873163 0.292595 -0.161760
v -0.697997 0.302618 -0.058126
v -0.930000 0.000000 0.068169
v -0.557166 0.003096 0.122903
v -0.631346 -0.003622 -0.085351
v -0.631346 -0.003622 -0.085351
v -0.557166 0.003096 0.122903
v -0.485195 0.165786 0.129109
v -0.615502 0.159068 -0.124621
v -0.615502 0.159068 -0.124621
v -0.485195 0.165786 0.129109
v -0.651375 0.309336 0.115201
v -0.697997 0.302618 -0.058126
v -0.923329 0.435600 0.086361
v -0.697997 0.302618 -0.058126
v -0.651375 0.309336 0.115201
v -0.310000 0.000000 -0.030976
v -0.197521 0.012428 0.237016
v 0.014008 0.006055 0.071957
v 0.014008 0.006055 0.071957
v -0.197521 0.012428 0.237016
v -0.189592 0.175118 0.300239
v 0.050354 0.168745 0.093374
v 0.050354 0.168745 0.093374
v -0.189592 0.175118 0.300239
v -0.219523 0.318668 0.182305
v -0.089258 0.312295 0.066162
v -0.298256 0.435600 -0.013993
v -0.089258 0.312295 0.066162
v -0.219523 0.318668 0.182305
v -0.310000 0.000000 -0.030976
v -0.433774 -0.009996 0.239857
v -0.197521 0.012428 0.237016
v -0.197521 0.012428 0.237016
v -0.433774 -0.009996 0.239857
v -0.471620 0.152694 0.246136
v -0.189592 0.175118 0.300239
v -0.189592 0.175118 0.300239
v -0.471620 0.152694 0.246136
v -0.425561 0.296244 0.153795
v -0.219523 0.318668 0.182305
v -0.298256 0.435600 -0.013993
v -0.219523 0.318668 0.182305
v -0.425561 0.296244 0.153795
v -0.310000 0.000000 -0.030976
v -0.642764 -0.009259 0.058782
v -0.433774 -0.009996 0.239857
v -0.433774 -0.009996 0.239857
v -0.642764 -0.009259 0.058782
v -0.671502 0.153431 0.080330
v -0.471620 0.152694 0.246136
v -0.471620 0.152694 0.246136
v -0.671502 0.153431 0.080330
v -0.532184 0.296981 0.055335
v -0.425561 0.296244 0.153795
v -0.298256 0.435600 -0.013993
v -0.425561 0.296244 0.153795
v -0.532184 0.296981 0.055335
v -0.310000 0.000000 -0.030976
v -0.591264 0.012931 -0.150347
v -0.642764 -0.009259 0.058782
v -0.642764 -0.009259 0.058782
v -0.591264 0.012931 -0.150347
v -0.618775 0.175621 -0.175161
v -0.671502 0.153431 0.080330
v -0.671502 0.153431 0.080330
v -0.618775 0.175621 -0.175161
v -0.546522 0.319171 -0.122047
v -0.532184 0.296981 0.055335
v -0.298256 0.435600 -0.013993
v -0.532184 0.296981 0.055335
v -0.546522 0.319171 -0.122047
v -0.310000 0.000000 -0.030976
v -0.420670 0.005159 -0.303041
v -0.591264 0.012931 -0.150347
v -0.591264 0.012931 -0.150347
v -0.420670 0.005159 -0.303041
v -0.453864 0.167849 -0.309398
v -0.618775 0.175621 -0.175161
v -0.618775 0.175621 -0.175161
v -0.453864 0.167849 -0.309398
v -0.410299 0.311399 -0.222152
v -0.546522 0.319171 -0.122047
v -0.298256 0.435600 -0.013993
v -0.546522 0.319171 -0.122047
v -0.410299 0.311399 -0.222152
v -0.310000 0.000000 -0.030976
v -0.164809 -0.014567 -0.260512
v -0.420670 0.005159 -0.303041
v -0.420670 0.005159 -0.303041
v -0.164809 -0.014567 -0.260512
v -0.155538 0.148123 -0.321892
v -0.453864 0.167849 -0.309398
v -0.453864 0.167849 -0.309398
v -0.155538 0.148123 -0.321892
v -0.214129 0.291673 -0.253714
v -0.410299 0.311399 -0.222152
v -0.298256 0.435600 -0.013993
v -0.410299 0.311399 -0.222152
v -0.214129 0.291673 -0.253714
v -0.310000 0.000000 -0.030976
v -0.027840 -0.000540 -0.137406
v -0.164809 -0.014567 -0.260512
v -0.164809 -0.014567 -0.260512
v -0.027840 -0.000540 -0.137406
v 0.008686 0.162150 -0.156388
v -0.155538 0.148123 -0.321892
v -0.155538 0.148123 -0.321892
v 0.008686 0.162150 -0.156388
v -0.062618 0.305700 -0.108987
v -0.214129 0.291673 -0.253714
v -0.298256 0.435600 -0.013993
v -0.214129 0.291673 -0.253714
v -0.062618 0.305700 -0.108987
v -0.310000 0.000000 -0.030976
v 0.014008 0.006055 0.071957
v -0.027840 -0.000540 -0.137406
v -0.027840 -0.000540 -0.137406
v 0.014008 0.006055 0.071957
v 0.050354 0.168745 0.093374
v 0.008686 0.162150 -0.156388
v 0.008686 0.162150 -0.156388
v 0.050354 0.168745 0.093374
v -0.089258 0.312295 0.066162
v -0.062618 0.305700 -0.108987
v -0.298256 0.435600 -0.013993
v -0.062618 0.305700 -0.108987
v -0.089258 0.312295 0.066162
v 0.310000 0.000000 -0.054094
v 0.361291 0.010460 0.243448
v 0.628509 0.008749 0.094671
v 0.628509 0.008749 0.094671
v 0.361291 0.010460 0.243448
v 0.369290 0.173150 0.289631
v 0.644177 0.171439 0.136956
v 0.644177 0.171439 0.136956
v 0.369290 0.173150 0.289631
v 0.356297 0.316700 0.157895
v 0.519916 0.314989 0.090285
v 0.328853 0.435600 -0.039064
v 0.519916 0.314989 0.090285
v 0.356297 0.316700 0.157895
v 0.310000 0.000000 -0.054094
v 0.099035 -0.012065 0.172545
v 0.361291 0.010460 0.243448
v 0.361291 0.010460 0.243448
v 0.099035 -0.012065 0.172545
v 0.041606 0.150625 0.181637
v 0.369290 0.173150 0.289631
v 0.369290 0.173150 0.289631
v 0.041606 0.150625 0.181637
v 0.131102 0.294175 0.116453
v 0.356297 0.316700 0.157895
v 0.328853 0.435600 -0.039064
v 0.356297 0.316700 0.157895
v 0.131102 0.294175 0.116453
v 0.310000 0.000000 -0.054094
v -0.076057 -0.006635 -0.014602
v 0.099035 -0.012065 0.172545
v 0.099035 -0.012065 0.172545
v -0.076057 -0.006635 -0.014602
v -0.089423 0.156055 -0.002791
v 0.041606 0.150625 0.181637
v 0.041606 0.150625 0.181637
v -0.089423 0.156055 -0.002791
v 0.053915 0.299605 -0.016095
v 0.131102 0.294175 0.116453
v 0.328853 0.435600 -0.039064
v 0.131102 0.294175 0.116453
v 0.053915 0.299605 -0.016095
v 0.310000 0.000000 -0.054094
v 0.045604 0.014169 -0.233436
v -0.076057 -0.006635 -0.014602
v -0.076057 -0.006635 -0.014602
v 0.045604 0.014169 -0.233436
v -0.004837 0.176859 -0.256071
v -0.089423 0.156055 -0.002791
v -0.089423 0.156055 -0.002791
v -0.004837 0.176859 -0.256071
v 0.063698 0.320409 -0.177911
v 0.053915 0.299605 -0.016095
v 0.328853 0.435600 -0.039064
v 0.053915 0.299605 -0.016095
v 0.063698 0.320409 -0.177911
v 0.310000 0.000000 -0.054094
v 0.253319 0.002142 -0.324970
v 0.045604 0.014169 -0.233436
v 0.045604 0.014169 -0.233436
v 0.253319 0.002142 -0.324970
v 0.239200 0.164832 -0.340878
v -0.004837 0.176859 -0.256071
v -0.004837 0.176859 -0.256071
v 0.239200 0.164832 -0.340878
v 0.263905 0.308382 -0.267085
v 0.063698 0.320409 -0.177911
v 0.328853 0.435600 -0.039064
v 0.063698 0.320409 -0.177911
v 0.263905 0.308382 -0.267085
v 0.310000 0.000000 -0.054094
v 0.537277 -0.014848 -0.263393
v 0.253319 0.002142 -0.324970
v 0.253319 0.002142 -0.324970
v 0.537277 -0.014848 -0.263393
v 0.543076 0.147842 -0.327365
v 0.239200 0.164832 -0.340878
v 0.239200 0.164832 -0.340878
v 0.543076 0.147842 -0.327365
v 0.463239 0.291392 -0.251914
v 0.263905 0.308382 -0.267085
v 0.328853 0.435600 -0.039064
v 0.263905 0.308382 -0.267085
v 0.463239 0.291392 -0.251914
v 0.310000 0.000000 -0.054094
v 0.630796 0.002565 -0.101508
v 0.537277 -0.014848 -0.263393
v 0.537277 -0.014848 -0.263393
v 0.630796 0.002565 -0.101508
v 0.702758 0.165255 -0.106206
v 0.543076 0.147842 -0.327365
v 0.543076 0.147842 -0.327365
v 0.702758 0.165255 -0.106206
v 0.615914 0.308805 -0.086043
v 0.463239 0.291392 -0.251914
v 0.328853 0.435600 -0.039064
v 0.463239 0.291392 -0.251914
v 0.615914 0.308805 -0.086043
v 0.310000 0.000000 -0.054094
v 0.628509 0.008749 0.094671
v 0.630796 0.002565 -0.101508
v 0.630796 0.002565 -0.101508
v 0.628509 0.008749 0.094671
v 0.644177 0.171439 0.136956
v 0.702758 0.165255 -0.106206
v 0.702758 0.165255 -0.106206
v 0.644177 0.171439 0.136956
v 0.519916 0.314989 0.090285
v 0.615914 0.308805 -0.086043
v 0.328853 0.435600 -0.039064
v 0.615914 0.308805 -0.086043
v 0.519916 0.314989 0.090285
v 0.503600 0.000000 0.580000
v 0.486801 0.008277 0.876551
v 0.745165 0.011393 0.769346
v 0.745165 0.011393 0.769346
v 0.486801 0.008277 0.876551
v 0.482635 0.175897 0.900240
v 0.750623 0.179013 0.827089
v 0.750623 0.179013 0.827089
v 0.482635 0.175897 0.900240
v 0.487391 0.323797 0.777223
v 0.669600 0.326913 0.755479
v 0.526237 0.448800 0.592014
v 0.669600 0.326913 0.755479
v 0.487391 0.323797 0.777223
v 0.503600 0.000000 0.580000
v 0.235044 -0.014017 0.750387
v 0.486801 0.008277 0.876551
v 0.486801 0.008277 0.876551
v 0.235044 -0.014017 0.750387
v 0.181346 0.153603 0.768455
v 0.482635 0.175897 0.900240
v 0.482635 0.175897 0.900240
v 0.181346 0.153603 0.768455
v 0.300990 0.301503 0.724968
v 0.487391 0.323797 0.777223
v 0.526237 0.448800 0.592014
v 0.487391 0.323797 0.777223
v 0.300990 0.301503 0.724968
v 0.503600 0.000000 0.580000
v 0.148976 -0.003832 0.565832
v 0.235044 -0.014017 0.750387
v 0.235044 -0.014017 0.750387
v 0.148976 -0.003832 0.565832
v 0.140270 0.163788 0.561623
v 0.181346 0.153603 0.768455
v 0.181346 0.153603 0.768455
v 0.140270 0.163788 0.561623
v 0.252083 0.311688 0.567277
v 0.300990 0.301503 0.724968
v 0.526237 0.448800 0.592014
v 0.300990 0.301503 0.724968
v 0.252083 0.311688 0.567277
v 0.503600 0.000000 0.580000
v 0.297680 0.015232 0.359260
v 0.148976 -0.003832 0.565832
v 0.148976 -0.003832 0.565832
v 0.297680 0.015232 0.359260
v 0.241305 0.182852 0.346362
v 0.140270 0.163788 0.561623
v 0.140270 0.163788 0.561623
v 0.241305 0.182852 0.346362
v 0.303631 0.330752 0.434439
v 0.252083 0.311688 0.567277
v 0.526237 0.448800 0.592014
v 0.252083 0.311688 0.567277
v 0.303631 0.330752 0.434439
v 0.503600 0.000000 0.580000
v 0.523608 -0.000997 0.329810
v 0.297680 0.015232 0.359260
v 0.297680 0.015232 0.359260
v 0.523608 -0.000997 0.329810
v 0.527015 0.166623 0.295140
v 0.241305 0.182852 0.346362
v 0.241305 0.182852 0.346362
v 0.527015 0.166623 0.295140
v 0.518116 0.314523 0.358319
v 0.303631 0.330752 0.434439
v 0.526237 0.448800 0.592014
v 0.303631 0.330752 0.434439
v 0.518116 0.314523 0.358319
v 0.503600 0.000000 0.580000
v 0.762525 -0.014916 0.402798
v 0.523608 -0.000997 0.329810
v 0.523608 -0.000997 0.329810
v 0.762525 -0.014916 0.402798
v 0.771118 0.152704 0.352812
v 0.527015 0.166623 0.295140
v 0.527015 0.166623 0.295140
v 0.771118 0.152704 0.352812
v 0.694373 0.300604 0.426656
v 0.518116 0.314523 0.358319
v 0.526237 0.448800 0.592014
v 0.518116 0.314523 0.358319
v 0.694373 0.300604 0.426656
v 0.503600 0.000000 0.580000
v 0.814068 0.005727 0.596074
v 0.762525 -0.014916 0.402798
v 0.762525 -0.014916 0.402798
v 0.814068 0.005727 0.596074
v 0.904904 0.173347 0.596738
v 0.771118 0.152704 0.352812
v 0.771118 0.152704 0.352812
v 0.904904 0.173347 0.596738
v 0.804000 0.321247 0.590614
v 0.694373 0.300604 0.426656
v 0.526237 0.448800 0.592014
v 0.694373 0.300604 0.426656
v 0.804000 0.321247 0.590614
v 0.503600 0.000000 0.580000
v 0.745165 0.011393 0.769346
v 0.814068 0.005727 0.596074
v 0.814068 0.005727 0.596074
v 0.745165 0.011393 0.769346
v 0.750623 0.179013 0.827089
v 0.904904 0.173347 0.596738
v 0.904904 0.173347 0.596738
v 0.750623 0.179013 0.827089
v 0.669600 0.326913 0.755479
v 0.804000 0.321247 0.590614
v 0.526237 0.448800 0.592014
v 0.804000 0.321247 0.590614
v 0.669600 0.326913 0.755479
v 0.457200 0.000000 1.160000
v 0.375102 0.005413 1.441999
v 0.627226 0.013272 1.394401
v 0.627226 0.013272 1.394401
v 0.375102 0.005413 1.441999
v 0.350332 0.173033 1.450905
v 0.634799 0.180892 1.456842
v 0.634799 0.180892 1.456842
v 0.350332 0.173033 1.450905
v 0.378518 0.320933 1.347711
v 0.586652 0.328792 1.356562
v 0.483570 0.448800 1.168956
v 0.586652 0.328792 1.356562
v 0.378518 0.320933 1.347711
v 0.457200 0.000000 1.160000
v 0.132819 -0.014988 1.281790
v 0.375102 0.005413 1.441999
v 0.375102 0.005413 1.441999
v 0.132819 -0.014988 1.281790
v 0.094343 0.152632 1.306162
v 0.350332 0.173033 1.450905
v 0.350332 0.173033 1.450905
v 0.094343 0.152632 1.306162
v 0.234892 0.300532 1.274277
v 0.378518 0.320933 1.347711
v 0.483570 0.448800 1.168956
v 0.378518 0.320933 1.347711
v 0.234892 0.300532 1.274277
v 0.457200 0.000000 1.160000
v 0.134796 -0.000661 1.087743
v 0.132819 -0.014988 1.281790
v 0.132819 -0.014988 1.281790
v 0.134796 -0.000661 1.087743
v 0.113886 0.166959 1.070247
v 0.094343 0.152632 1.306162
v 0.094343 0.152632 1.306162
v 0.113886 0.166959 1.070247
v 0.200582 0.314859 1.101915
v 0.234892 0.300532 1.274277
v 0.483570 0.448800 1.168956
v 0.234892 0.300532 1.274277
v 0.200582 0.314859 1.101915
v 0.457200 0.000000 1.160000
v 0.298459 0.015197 0.910066
v 0.134796 -0.000661 1.087743
v 0.134796 -0.000661 1.087743
v 0.298459 0.015197 0.910066
v 0.249889 0.182817 0.904051
v 0.113886 0.166959 1.070247
v 0.113886 0.166959 1.070247
v 0.249889 0.182817 0.904051
v 0.308112 0.330717 0.990464
v 0.200582 0.314859 1.101915
v 0.483570 0.448800 1.168956
v 0.200582 0.314859 1.101915
v 0.308112 0.330717 0.990464
v 0.457200 0.000000 1.160000
v 0.555502 -0.004158 0.925212
v 0.298459 0.015197 0.910066
v 0.298459 0.015197 0.910066
v 0.555502 -0.004158 0.925212
v 0.564560 0.163462 0.870529
v 0.249889 0.182817 0.904051
v 0.249889 0.182817 0.904051
v 0.564560 0.163462 0.870529
v 0.523095 0.311362 0.935032
v 0.308112 0.330717 0.990464
v 0.483570 0.448800 1.168956
v 0.308112 0.330717 0.990464
v 0.523095 0.311362 0.935032
v 0.457200 0.000000 1.160000
v 0.740635 -0.013879 1.019667
v 0.555502 -0.004158 0.925212
v 0.555502 -0.004158 0.925212
v 0.740635 -0.013879 1.019667
v 0.766417 0.153741 0.989547
v 0.564560 0.163462 0.870529
v 0.564560 0.163462 0.870529
v 0.766417 0.153741 0.989547
v 0.693114 0.301641 1.051885
v 0.523095 0.311362 0.935032
v 0.483570 0.448800 1.168956
v 0.523095 0.311362 0.935032
v 0.693114 0.301641 1.051885
v 0.457200 0.000000 1.160000
v 0.771195 0.008558 1.234056
v 0.740635 -0.013879 1.019667
v 0.740635 -0.013879 1.019667
v 0.771195 0.008558 1.234056
v 0.866021 0.176178 1.235740
v 0.766417 0.153741 0.989547
v 0.766417 0.153741 0.989547
v 0.866021 0.176178 1.235740
v 0.743933 0.324078 1.211643
v 0.693114 0.301641 1.051885
v 0.483570 0.448800 1.168956
v 0.693114 0.301641 1.051885
v 0.743933 0.324078 1.211643
v 0.457200 0.000000 1.160000
v 0.627226 0.013272 1.394401
v 0.771195 0.008558 1.234056
v 0.771195 0.008558 1.234056
v 0.627226 0.013272 1.394401
v 0.634799 0.180892 1.456842
v 0.866021 0.176178 1.235740
v 0.866021 0.176178 1.235740
v 0.634799 0.180892 1.456842
v 0.586652 0.328792 1.356562
v 0.743933 0.324078 1.211643
v 0.483570 0.448800 1.168956
v 0.743933 0.324078 1.211643
v 0.586652 0.328792 1.356562
v -1.370000 0.420000 0.058903
v -1.604310 0.419133 0.268715
v -1.337233 0.434775 0.362986
v -1.337233 0.434775 0.362986
v -1.604310 0.419133 0.268715
v -1.659353 0.581823 0.283698
v -1.330375 0.597465 0.396792
v -1.330375 0.597465 0.396792
v -1.659353 0.581823 0.283698
v -1.556180 0.725373 0.227956
v -1.339051 0.741015 0.265885
v -1.338162 0.855600 0.060775
v -1.339051 0.741015 0.265885
v -1.556180 0.725373 0.227956
v -1.370000 0.420000 0.058903
v -1.750549 0.405500 0.085224
v -1.604310 0.419133 0.268715
v -1.604310 0.419133 0.268715
v -1.750549 0.405500 0.085224
v -1.759330 0.568190 0.093270
v -1.659353 0.581823 0.283698
v -1.659353 0.581823 0.283698
v -1.759330 0.568190 0.093270
v -1.629870 0.711740 0.083453
v -1.556180 0.725373 0.227956
v -1.338162 0.855600 0.060775
v -1.556180 0.725373 0.227956
v -1.629870 0.711740 0.083453
v -1.370000 0.420000 0.058903
v -1.621073 0.425464 -0.135119
v -1.750549 0.405500 0.085224
v -1.750549 0.405500 0.085224
v -1.621073 0.425464 -0.135119
v -1.681626 0.588154 -0.151701
v -1.759330 0.568190 0.093270
v -1.759330 0.568190 0.093270
v -1.681626 0.588154 -0.151701
v -1.611555 0.731704 -0.070569
v -1.629870 0.711740 0.083453
v -1.338162 0.855600 0.060775
v -1.629870 0.711740 0.083453
v -1.611555 0.731704 -0.070569
v -1.370000 0.420000 0.058903
v -1.408037 0.432767 -0.204801
v -1.621073 0.425464 -0.135119
v -1.621073 0.425464 -0.135119
v -1.408037 0.432767 -0.204801
v -1.415903 0.595457 -0.230886
v -1.681626 0.588154 -0.151701
v -1.681626 0.588154 -0.151701
v -1.415903 0.595457 -0.230886
v -1.398974 0.739007 -0.163209
v -1.611555 0.731704 -0.070569
v -1.338162 0.855600 0.060775
v -1.611555 0.731704 -0.070569
v -1.398974 0.739007 -0.163209
v -1.370000 0.420000 0.058903
v -1.132488 0.410488 -0.147869
v -1.408037 0.432767 -0.204801
v -1.408037 0.432767 -0.204801
v -1.132488 0.410488 -0.147869
v -1.126907 0.573178 -0.209811
v -1.415903 0.595457 -0.230886
v -1.415903 0.595457 -0.230886
v -1.126907 0.573178 -0.209811
v -1.202897 0.716728 -0.128262
v -1.398974 0.739007 -0.163209
v -1.338162 0.855600 0.060775
v -1.398974 0.739007 -0.163209
v -1.202897 0.716728 -0.128262
v -1.370000 0.420000 0.058903
v -1.047236 0.410249 0.028053
v -1.132488 0.410488 -0.147869
v -1.132488 0.410488 -0.147869
v -1.047236 0.410249 0.028053
v -0.960637 0.572939 0.026107
v -1.126907 0.573178 -0.209811
v -1.126907 0.573178 -0.209811
v -0.960637 0.572939 0.026107
v -1.056751 0.716489 0.038537
v -1.202897 0.716728 -0.128262
v -1.338162 0.855600 0.060775
v -1.202897 0.716728 -0.128262
v -1.056751 0.716489 0.038537
v -1.370000 0.420000 0.058903
v -1.072100 0.432604 0.223301
v -1.047236 0.410249 0.028053
v -1.047236 0.410249 0.028053
v -1.072100 0.432604 0.223301
v -1.019297 0.595294 0.244785
v -0.960637 0.572939 0.026107
v -0.960637 0.572939 0.026107
v -1.019297 0.595294 0.244785
v -1.151956 0.738844 0.203249
v -1.056751 0.716489 0.038537
v -1.338162 0.855600 0.060775
v -1.056751 0.716489 0.038537
v -1.151956 0.738844 0.203249
v -1.370000 0.420000 0.058903
v -1.337233 0.434775 0.362986
v -1.072100 0.432604 0.223301
v -1.072100 0.432604 0.223301
v -1.337233 0.434775 0.362986
v -1.330375 0.597465 0.396792
v -1.019297 0.595294 0.244785
v -1.019297 0.595294 0.244785
v -1.330375 0.597465 0.396792
v -1.339051 0.741015 0.265885
v -1.151956 0.738844 0.203249
v -1.338162 0.855600 0.060775
v -1.151956 0.738844 0.203249
v -1.339051 0.741015 0.265885
v -0.750000 0.420000 0.023449
v -1.022916 0.416062 0.184092
v -0.781968 0.434762 0.327046
v -0.781968 0.434762 0.327046
v -1.022916 0.416062 0.184092
v -1.064978 0.578752 0.209352
v -0.791077 0.597452 0.341789
v -0.791077 0.597452 0.341789
v -1.064978 0.578752 0.209352
v -0.944196 0.722302 0.168641
v -0.781021 0.741002 0.223549
v -0.721372 0.855600 0.021422
v -0.781021 0.741002 0.223549
v -0.944196 0.722302 0.168641
v -0.750000 0.420000 0.023449
v -1.073512 0.406487 -0.006822
v -1.022916 0.416062 0.184092
v -1.022916 0.416062 0.184092
v -1.073512 0.406487 -0.006822
v -1.086677 0.569177 -0.015039
v -1.064978 0.578752 0.209352
v -1.064978 0.578752 0.209352
v -1.086677 0.569177 -0.015039
v -0.993831 0.712727 -0.002182
v -0.944196 0.722302 0.168641
v -0.721372 0.855600 0.021422
v -0.944196 0.722302 0.168641
v -0.993831 0.712727 -0.002182
v -0.750000 0.420000 0.023449
v -0.935529 0.428223 -0.212661
v -1.073512 0.406487 -0.006822
v -1.073512 0.406487 -0.006822
v -0.935529 0.428223 -0.212661
v -0.991092 0.590913 -0.220732
v -1.086677 0.569177 -0.015039
v -1.086677 0.569177 -0.015039
v -0.991092 0.590913 -0.220732
v -0.928428 0.734463 -0.133239
v -0.993831 0.712727 -0.002182
v -0.721372 0.855600 0.021422
v -0.993831 0.712727 -0.002182
v -0.928428 0.734463 -0.133239
v -0.750000 0.420000 0.023449
v -0.711460 0.430906 -0.228534
v -0.935529 0.428223 -0.212661
v -0.935529 0.428223 -0.212661
v -0.711460 0.430906 -0.228534
v -0.706636 0.593596 -0.276930
v -0.991092 0.590913 -0.220732
v -0.991092 0.590913 -0.220732
v -0.706636 0.593596 -0.276930
v -0.723420 0.737146 -0.211529
v -0.928428 0.734463 -0.133239
v -0.721372 0.855600 0.021422
v -0.928428 0.734463 -0.133239
v -0.723420 0.737146 -0.211529
v -0.750000 0.420000 0.023449
v -0.501868 0.408320 -0.154318
v -0.711460 0.430906 -0.228534
v -0.711460 0.430906 -0.228534
v -0.501868 0.408320 -0.154318
v -0.487094 0.571010 -0.198432
v -0.706636 0.593596 -0.276930
v -0.706636 0.593596 -0.276930
v -0.487094 0.571010 -0.198432
v -0.554568 0.714560 -0.120888
v -0.723420 0.737146 -0.211529
v -0.721372 0.855600 0.021422
v -0.723420 0.737146 -0.211529
v -0.554568 0.714560 -0.120888
v -0.750000 0.420000 0.023449
v -0.450798 0.412798 0.056016
v -0.501868 0.408320 -0.154318
v -0.501868 0.408320 -0.154318
v -0.450798 0.412798 0.056016
v -0.359324 0.575488 0.056839
v -0.487094 0.571010 -0.198432
v -0.487094 0.571010 -0.198432
v -0.359324 0.575488 0.056839
v -0.467442 0.719038 0.045424
v -0.554568 0.714560 -0.120888
v -0.721372 0.855600 0.021422
v -0.554568 0.714560 -0.120888
v -0.467442 0.719038 0.045424
v -0.750000 0.420000 0.023449
v -0.527321 0.433964 0.219690
v -0.450798 0.412798 0.056016
v -0.450798 0.412798 0.056016
v -0.527321 0.433964 0.219690
v -0.505474 0.596654 0.263945
v -0.359324 0.575488 0.056839
v -0.359324 0.575488 0.056839
v -0.505474 0.596654 0.263945
v -0.600066 0.740204 0.210716
v -0.467442 0.719038 0.045424
v -0.721372 0.855600 0.021422
v -0.467442 0.719038 0.045424
v -0.600066 0.740204 0.210716
v -0.750000 0.420000 0.023449
v -0.781968 0.434762 0.327046
v -0.527321 0.433964 0.219690
v -0.527321 0.433964 0.219690
v -0.781968 0.434762 0.327046
v -0.791077 0.597452 0.341789
v -0.505474 0.596654 0.263945
v -0.505474 0.596654 0.263945
v -0.791077 0.597452 0.341789
v -0.781021 0.741002 0.223549
v -0.600066 0.740204 0.210716
v -0.721372 0.855600 0.021422
v -0.600066 0.740204 0.210716
v -0.781021 0.741002 0.223549
v -0.130000 0.420000 -0.069558
v -0.483738 0.413164 0.043310
v -0.236471 0.434100 0.210593
v -0.236471 0.434100 0.210593
v -0.483738 0.413164 0.043310
v -0.511690 0.575854 0.071425
v -0.268923 0.596790 0.216910
v -0.268923 0.596790 0.216910
v -0.511690 0.575854 0.071425
v -0.365142 0.719404 0.039396
v -0.228570 0.740340 0.123157
v -0.099616 0.855600 -0.075395
v -0.228570 0.740340 0.123157
v -0.365142 0.719404 0.039396
v -0.130000 0.420000 -0.069558
v -0.452934 0.408068 -0.161948
v -0.483738 0.413164 0.043310
v -0.483738 0.413164 0.043310
v -0.452934 0.408068 -0.161948
v -0.487548 0.570758 -0.180320
v -0.511690 0.575854 0.071425
v -0.511690 0.575854 0.071425
v -0.487548 0.570758 -0.180320
v -0.405191 0.714308 -0.139156
v -0.365142 0.719404 0.039396
v -0.099616 0.855600 -0.075395
v -0.365142 0.719404 0.039396
v -0.405191 0.714308 -0.139156
v -0.130000 0.420000 -0.069558
v -0.285719 0.430620 -0.328177
v -0.452934 0.408068 -0.161948
v -0.452934 0.408068 -0.161948
v -0.285719 0.430620 -0.328177
v -0.331906 0.593310 -0.334577
v -0.487548 0.570758 -0.180320
v -0.487548 0.570758 -0.180320
v -0.331906 0.593310 -0.334577
v -0.269657 0.736860 -0.253223
v -0.405191 0.714308 -0.139156
v -0.099616 0.855600 -0.075395
v -0.405191 0.714308 -0.139156
v -0.269657 0.736860 -0.253223
v -0.130000 0.420000 -0.069558
v -0.005986 0.428565 -0.308572
v -0.285719 0.430620 -0.328177
v -0.285719 0.430620 -0.328177
v -0.005986 0.428565 -0.308572
v 0.001171 0.591255 -0.374205
v -0.331906 0.593310 -0.334577
v -0.331906 0.593310 -0.334577
v 0.001171 0.591255 -0.374205
v -0.048233 0.734805 -0.301674
v -0.269657 0.736860 -0.253223
v -0.099616 0.855600 -0.075395
v -0.269657 0.736860 -0.253223
v -0.048233 0.734805 -0.301674
v -0.130000 0.420000 -0.069558
v 0.168246 0.406665 -0.204067
v -0.005986 0.428565 -0.308572
v -0.005986 0.428565 -0.308572
v 0.168246 0.406665 -0.204067
v 0.209950 0.569355 -0.226819
v 0.001171 0.591255 -0.374205
v 0.001171 0.591255 -0.374205
v 0.209950 0.569355 -0.226819
v 0.134634 0.712905 -0.167011
v -0.048233 0.734805 -0.301674
v -0.099616 0.855600 -0.075395
v -0.048233 0.734805 -0.301674
v 0.134634 0.712905 -0.167011
v -0.130000 0.420000 -0.069558
v 0.206384 0.415663 0.019386
v 0.168246 0.406665 -0.204067
v 0.168246 0.406665 -0.204067
v 0.206384 0.415663 0.019386
v 0.301046 0.578353 0.022378
v 0.209950 0.569355 -0.226819
v 0.209950 0.569355 -0.226819
v 0.301046 0.578353 0.022378
v 0.160671 0.721903 -0.003926
v 0.134634 0.712905 -0.167011
v -0.099616 0.855600 -0.075395
v 0.134634 0.712905 -0.167011
v 0.160671 0.721903 -0.003926
v -0.130000 0.420000 -0.069558
v 0.046459 0.434711 0.157116
v 0.206384 0.415663 0.019386
v 0.206384 0.415663 0.019386
v 0.046459 0.434711 0.157116
v 0.053661 0.597401 0.223560
v 0.301046 0.578353 0.022378
v 0.301046 0.578353 0.022378
v 0.053661 0.597401 0.223560
v -0.013449 0.740951 0.149694
v 0.160671 0.721903 -0.003926
v -0.099616 0.855600 -0.075395
v 0.160671 0.721903 -0.003926
v -0.013449 0.740951 0.149694
v -0.130000 0.420000 -0.069558
v -0.236471 0.434100 0.210593
v 0.046459 0.434711 0.157116
v 0.046459 0.434711 0.157116
v -0.236471 0.434100 0.210593
v -0.268923 0.596790 0.216910
v 0.053661 0.597401 0.223560
v 0.053661 0.597401 0.223560
v -0.268923 0.596790 0.216910
v -0.228570 0.740340 0.123157
v -0.013449 0.740951 0.149694
v -0.099616 0.855600 -0.075395
v -0.013449 0.740951 0.149694
v -0.228570 0.740340 0.123157
v 0.490000 0.420000 0.008158
v 0.150994 0.410566 0.073087
v 0.326155 0.432819 0.248589
v 0.326155 0.432819 0.248589
v 0.150994 0.410566 0.073087
v 0.140416 0.573256 0.092696
v 0.282644 0.595509 0.259451
v 0.282644 0.595509 0.259451
v 0.140416 0.573256 0.092696
v 0.264222 0.716806 0.070348
v 0.352816 0.739059 0.191509
v 0.514860 0.855600 -0.001232
v 0.352816 0.739059 0.191509
v 0.264222 0.716806 0.070348
v 0.490000 0.420000 0.008158
v 0.236539 0.410173 -0.145898
v 0.150994 0.410566 0.073087
v 0.150994 0.410566 0.073087
v 0.236539 0.410173 -0.145898
v 0.185497 0.572863 -0.164013
v 0.140416 0.573256 0.092696
v 0.140416 0.573256 0.092696
v 0.185497 0.572863 -0.164013
v 0.251951 0.716413 -0.097319
v 0.264222 0.716806 0.070348
v 0.514860 0.855600 -0.001232
v 0.264222 0.716806 0.070348
v 0.251951 0.716413 -0.097319
v 0.490000 0.420000 0.008158
v 0.405918 0.432550 -0.255225
v 0.236539 0.410173 -0.145898
v 0.236539 0.410173 -0.145898
v 0.405918 0.432550 -0.255225
v 0.385641 0.595240 -0.272536
v 0.185497 0.572863 -0.164013
v 0.185497 0.572863 -0.164013
v 0.385641 0.595240 -0.272536
v 0.422516 0.738790 -0.201832
v 0.251951 0.716413 -0.097319
v 0.514860 0.855600 -0.001232
v 0.251951 0.716413 -0.097319
v 0.422516 0.738790 -0.201832
v 0.490000 0.420000 0.008158
v 0.664453 0.425848 -0.216653
v 0.405918 0.432550 -0.255225
v 0.405918 0.432550 -0.255225
v 0.664453 0.425848 -0.216653
v 0.668624 0.588538 -0.285439
v 0.385641 0.595240 -0.272536
v 0.385641 0.595240 -0.272536
v 0.668624 0.588538 -0.285439
v 0.608440 0.732088 -0.202791
v 0.422516 0.738790 -0.201832
v 0.514860 0.855600 -0.001232
v 0.422516 0.738790 -0.201832
v 0.608440 0.732088 -0.202791
v 0.490000 0.420000 0.008158
v 0.772342 0.405596 -0.069552
v 0.664453 0.425848 -0.216653
v 0.664453 0.425848 -0.216653
v 0.772342 0.405596 -0.069552
v 0.838425 0.568286 -0.076641
v 0.668624 0.588538 -0.285439
v 0.668624 0.588538 -0.285439
v 0.838425 0.568286 -0.076641
v 0.760696 0.711836 -0.043899
v 0.608440 0.732088 -0.202791
v 0.514860 0.855600 -0.001232
v 0.608440 0.732088 -0.202791
v 0.760696 0.711836 -0.043899
v 0.490000 0.420000 0.008158
v 0.782357 0.418719 0.142626
v 0.772342 0.405596 -0.069552
v 0.772342 0.405596 -0.069552
v 0.782357 0.418719 0.142626
v 0.844797 0.581409 0.155001
v 0.838425 0.568286 -0.076641
v 0.838425 0.568286 -0.076641
v 0.844797 0.581409 0.155001
v 0.714888 0.724959 0.120264
v 0.760696 0.711836 -0.043899
v 0.514860 0.855600 -0.001232
v 0.760696 0.711836 -0.043899
v 0.714888 0.724959 0.120264
v 0.490000 0.420000 0.008158
v 0.576046 0.434811 0.265086
v 0.782357 0.418719 0.142626
v 0.782357 0.418719 0.142626
v 0.576046 0.434811 0.265086
v 0.578009 0.597501 0.342600
v 0.844797 0.581409 0.155001
v 0.844797 0.581409 0.155001
v 0.578009 0.597501 0.342600
v 0.550075 0.741051 0.242503
v 0.714888 0.724959 0.120264
v 0.514860 0.855600 -0.001232
v 0.714888 0.724959 0.120264
v 0.550075 0.741051 0.242503
v 0.490000 0.420000 0.008158
v 0.326155 0.432819 0.248589
v 0.576046 0.434811 0.265086
v 0.576046 0.434811 0.265086
v 0.326155 0.432819 0.248589
v 0.282644 0.595509 0.259451
v 0.578009 0.597501 0.342600
v 0.578009 0.597501 0.342600
v 0.282644 0.595509 0.259451
v 0.352816 0.739059 0.191509
v 0.550075 0.741051 0.242503
v 0.514860 0.855600 -0.001232
v 0.550075 0.741051 0.242503
v 0.352816 0.739059 0.191509
v 0.503600 0.420000 0.580000
v 0.151063 0.408030 0.592070
v 0.259309 0.431307 0.767507
v 0.259309 0.431307 0.767507
v 0.151063 0.408030 0.592070
v 0.141722 0.575650 0.595608
v 0.212688 0.598927 0.789209
v 0.212688 0.598927 0.789209
v 0.141722 0.575650 0.595608
v 0.250759 0.723550 0.590721
v 0.321578 0.746827 0.741619
v 0.526066 0.868800 0.567873
v 0.321578 0.746827 0.741619
v 0.250759 0.723550 0.590721
v 0.503600 0.420000 0.580000
v 0.275188 0.412488 0.380592
v 0.151063 0.408030 0.592070
v 0.151063 0.408030 0.592070
v 0.275188 0.412488 0.380592
v 0.211147 0.580108 0.370092
v 0.141722 0.575650 0.595608
v 0.141722 0.575650 0.595608
v 0.211147 0.580108 0.370092
v 0.281803 0.728008 0.448591
v 0.250759 0.723550 0.590721
v 0.526066 0.868800 0.567873
v 0.250759 0.723550 0.590721
v 0.281803 0.728008 0.448591
v 0.503600 0.420000 0.580000
v 0.486596 0.434351 0.330966
v 0.275188 0.412488 0.380592
v 0.275188 0.412488 0.380592
v 0.486596 0.434351 0.330966
v 0.483858 0.601971 0.293828
v 0.211147 0.580108 0.370092
v 0.211147 0.580108 0.370092
v 0.483858 0.601971 0.293828
v 0.491401 0.749871 0.356790
v 0.281803 0.728008 0.448591
v 0.526066 0.868800 0.567873
v 0.281803 0.728008 0.448591
v 0.491401 0.749871 0.356790
v 0.503600 0.420000 0.580000
v 0.736259 0.422961 0.382420
v 0.486596 0.434351 0.330966
v 0.486596 0.434351 0.330966
v 0.736259 0.422961 0.382420
v 0.744917 0.590581 0.327841
v 0.483858 0.601971 0.293828
v 0.483858 0.601971 0.293828
v 0.744917 0.590581 0.327841
v 0.677221 0.738481 0.411106
v 0.491401 0.749871 0.356790
v 0.526066 0.868800 0.567873
v 0.491401 0.749871 0.356790
v 0.677221 0.738481 0.411106
v 0.503600 0.420000 0.580000
v 0.815274 0.404710 0.566438
v 0.736259 0.422961 0.382420
v 0.736259 0.422961 0.382420
v 0.815274 0.404710 0.566438
v 0.907779 0.572330 0.565936
v 0.744917 0.590581 0.327841
v 0.744917 0.590581 0.327841
v 0.907779 0.572330 0.565936
v 0.804233 0.720230 0.571023
v 0.677221 0.738481 0.411106
v 0.526066 0.868800 0.567873
v 0.677221 0.738481 0.411106
v 0.804233 0.720230 0.571023
v 0.503600 0.420000 0.580000
v 0.778869 0.421887 0.745684
v 0.815274 0.404710 0.566438
v 0.815274 0.404710 0.566438
v 0.778869 0.421887 0.745684
v 0.815156 0.589507 0.776159
v 0.907779 0.572330 0.565936
v 0.907779 0.572330 0.565936
v 0.815156 0.589507 0.776159
v 0.694731 0.737407 0.733480
v 0.804233 0.720230 0.571023
v 0.526066 0.868800 0.567873
v 0.804233 0.720230 0.571023
v 0.694731 0.737407 0.733480
v 0.503600 0.420000 0.580000
v 0.519190 0.434692 0.853178
v 0.778869 0.421887 0.745684
v 0.778869 0.421887 0.745684
v 0.519190 0.434692 0.853178
v 0.520040 0.602312 0.922563
v 0.815156 0.589507 0.776159
v 0.815156 0.589507 0.776159
v 0.520040 0.602312 0.922563
v 0.515751 0.750212 0.804028
v 0.694731 0.737407 0.733480
v 0.526066 0.868800 0.567873
v 0.694731 0.737407 0.733480
v 0.515751 0.750212 0.804028
v 0.503600 0.420000 0.580000
v 0.259309 0.431307 0.767507
v 0.519190 0.434692 0.853178
v 0.519190 0.434692 0.853178
v 0.259309 0.431307 0.767507
v 0.212688 0.598927 0.789209
v 0.520040 0.602312 0.922563
v 0.520040 0.602312 0.922563
v 0.212688 0.598927 0.789209
v 0.321578 0.746827 0.741619
v 0.515751 0.750212 0.804028
v 0.526066 0.868800 0.567873
v 0.515751 0.750212 0.804028
v 0.321578 0.746827 0.741619
v 0.457200 0.420000 1.160000
v 0.129918 0.406307 1.114647
v 0.152560 0.428910 1.302181
v 0.152560 0.428910 1.302181
v 0.129918 0.406307 1.114647
v 0.106243 0.573927 1.104038
v 0.118998 0.596530 1.332117
v 0.118998 0.596530 1.332117
v 0.106243 0.573927 1.104038
v 0.193058 0.721827 1.124020
v 0.250022 0.744430 1.294405
v 0.474903 0.868800 1.145367
v 0.250022 0.744430 1.294405
v 0.193058 0.721827 1.124020
v 0.457200 0.420000 1.160000
v 0.270354 0.415432 0.926935
v 0.129918 0.406307 1.114647
v 0.129918 0.406307 1.114647
v 0.270354 0.415432 0.926935
v 0.213252 0.583052 0.921580
v 0.106243 0.573927 1.104038
v 0.106243 0.573927 1.104038
v 0.213252 0.583052 0.921580
v 0.283095 0.730952 1.000691
v 0.193058 0.721827 1.124020
v 0.474903 0.868800 1.145367
v 0.193058 0.721827 1.124020
v 0.283095 0.730952 1.000691
v 0.457200 0.420000 1.160000
v 0.518536 0.435142 0.920193
v 0.270354 0.415432 0.926935
v 0.270354 0.415432 0.926935
v 0.518536 0.435142 0.920193
v 0.523723 0.602762 0.862092
v 0.213252 0.583052 0.921580
v 0.213252 0.583052 0.921580
v 0.523723 0.602762 0.862092
v 0.498107 0.750662 0.929169
v 0.283095 0.730952 1.000691
v 0.474903 0.868800 1.145367
v 0.283095 0.730952 1.000691
v 0.498107 0.750662 0.929169
v 0.457200 0.420000 1.160000
v 0.721125 0.419767 0.994795
v 0.518536 0.435142 0.920193
v 0.518536 0.435142 0.920193
v 0.721125 0.419767 0.994795
v 0.747525 0.587387 0.960808
v 0.523723 0.602762 0.862092
v 0.523723 0.602762 0.862092
v 0.747525 0.587387 0.960808
v 0.679856 0.735287 1.034348
v 0.498107 0.750662 0.929169
v 0.474903 0.868800 1.145367
v 0.498107 0.750662 0.929169
v 0.679856 0.735287 1.034348
v 0.457200 0.420000 1.160000
v 0.780263 0.404932 1.205904
v 0.721125 0.419767 0.994795
v 0.721125 0.419767 0.994795
v 0.780263 0.404932 1.205904
v 0.876923 0.572552 1.206989
v 0.747525 0.587387 0.960808
v 0.747525 0.587387 0.960808
v 0.876923 0.572552 1.206989
v 0.749268 0.720452 1.192336
v 0.679856 0.735287 1.034348
v 0.474903 0.868800 1.145367
v 0.679856 0.735287 1.034348
v 0.749268 0.720452 1.192336
v 0.457200 0.420000 1.160000
v 0.676020 0.425010 1.357826
v 0.780263 0.404932 1.205904
v 0.780263 0.404932 1.205904
v 0.676020 0.425010 1.357826
v 0.689661 0.592630 1.411080
v 0.876923 0.572552 1.206989
v 0.876923 0.572552 1.206989
v 0.689661 0.592630 1.411080
v 0.601625 0.740530 1.352020
v 0.749268 0.720452 1.192336
v 0.474903 0.868800 1.145367
v 0.749268 0.720452 1.192336
v 0.601625 0.740530 1.352020
v 0.457200 0.420000 1.160000
v 0.405266 0.433479 1.444715
v 0.676020 0.425010 1.357826
v 0.676020 0.425010 1.357826
v 0.405266 0.433479 1.444715
v 0.398415 0.601099 1.494866
v 0.689661 0.592630 1.411080
v 0.689661 0.592630 1.411080
v 0.398415 0.601099 1.494866
v 0.411534 0.748999 1.368100
v 0.601625 0.740530 1.352020
v 0.474903 0.868800 1.145367
v 0.601625 0.740530 1.352020
v 0.411534 0.748999 1.368100
v 0.457200 0.420000 1.160000
v 0.152560 0.428910 1.302181
v 0.405266 0.433479 1.444715
v 0.405266 0.433479 1.444715
v 0.152560 0.428910 1.302181
v 0.118998 0.596530 1.332117
v 0.398415 0.601099 1.494866
v 0.398415 0.601099 1.494866
v 0.118998 0.596530 1.332117
v 0.250022 0.744430 1.294405
v 0.411534 0.748999 1.368100
v 0.474903 0.868800 1.145367
v 0.411534 0.748999 1.368100
v 0.250022 0.744430 1.294405
v -1.550000 0.840000 0.063651
v -1.793303 0.825163 -0.105513
v -1.885488 0.842973 0.116339
v -1.885488 0.842973 0.116339
v -1.793303 0.825163 -0.105513
v -1.854165 0.987853 -0.118735
v -1.893041 1.005663 0.132389
v -1.893041 1.005663 0.132389
v -1.854165 0.987853 -0.118735
v -1.784960 1.131403 -0.048745
v -1.781023 1.149213 0.112377
v -1.544233 1.275600 0.045427
v -1.781023 1.149213 0.112377
v -1.784960 1.131403 -0.048745
v -1.550000 0.840000 0.063651
v -1.618503 0.841731 -0.194409
v -1.793303 0.825163 -0.105513
v -1.793303 0.825163 -0.105513
v -1.618503 0.841731 -0.194409
v -1.632051 1.004421 -0.222367
v -1.854165 0.987853 -0.118735
v -1.854165 0.987853 -0.118735
v -1.632051 1.004421 -0.222367
v -1.601526 1.147971 -0.156603
v -1.784960 1.131403 -0.048745
v -1.544233 1.275600 0.045427
v -1.784960 1.131403 -0.048745
v -1.601526 1.147971 -0.156603
v -1.550000 0.840000 0.063651
v -1.364820 0.854288 -0.160548
v -1.618503 0.841731 -0.194409
v -1.618503 0.841731 -0.194409
v -1.364820 0.854288 -0.160548
v -1.360198 1.016978 -0.226947
v -1.632051 1.004421 -0.222367
v -1.632051 1.004421 -0.222367
v -1.360198 1.016978 -0.226947
v -1.418316 1.160528 -0.137164
v -1.601526 1.147971 -0.156603
v -1.544233 1.275600 0.045427
v -1.601526 1.147971 -0.156603
v -1.418316 1.160528 -0.137164
v -1.550000 0.840000 0.063651
v -1.263531 0.833739 0.002336
v -1.364820 0.854288 -0.160548
v -1.364820 0.854288 -0.160548
v -1.263531 0.833739 0.002336
v -1.184633 0.996429 -0.001159
v -1.360198 1.016978 -0.226947
v -1.360198 1.016978 -0.226947
v -1.184633 0.996429 -0.001159
v -1.271791 1.139979 0.023229
v -1.418316 1.160528 -0.137164
v -1.544233 1.275600 0.045427
v -1.418316 1.160528 -0.137164
v -1.271791 1.139979 0.023229
v -1.550000 0.840000 0.063651
v -1.259890 0.827697 0.206188
v -1.263531 0.833739 0.002336
v -1.263531 0.833739 0.002336
v -1.259890 0.827697 0.206188
v -1.211138 0.990387 0.226299
v -1.184633 0.996429 -0.001159
v -1.184633 0.996429 -0.001159
v -1.211138 0.990387 0.226299
v -1.340098 1.133937 0.190302
v -1.271791 1.139979 0.023229
v -1.544233 1.275600 0.045427
v -1.271791 1.139979 0.023229
v -1.340098 1.133937 0.190302
v -1.550000 0.840000 0.063651
v -1.484149 0.850162 0.332885
v -1.259890 0.827697 0.206188
v -1.259890 0.827697 0.206188
v -1.484149 0.850162 0.332885
v -1.481903 1.012852 0.408467
v -1.211138 0.990387 0.226299
v -1.211138 0.990387 0.226299
v -1.481903 1.012852 0.408467
v -1.501334 1.156402 0.295957
v -1.340098 1.133937 0.190302
v -1.544233 1.275600 0.045427
v -1.340098 1.133937 0.190302
v -1.501334 1.156402 0.295957
v -1.550000 0.840000 0.063651
v -1.712494 0.849081 0.317421
v -1.484149 0.850162 0.332885
v -1.484149 0.850162 0.332885
v -1.712494 0.849081 0.317421
v -1.760212 1.011771 0.327644
v -1.481903 1.012852 0.408467
v -1.481903 1.012852 0.408467
v -1.760212 1.011771 0.327644
v -1.707120 1.155321 0.231310
v -1.501334 1.156402 0.295957
v -1.544233 1.275600 0.045427
v -1.501334 1.156402 0.295957
v -1.707120 1.155321 0.231310
v -1.550000 0.840000 0.063651
v -1.885488 0.842973 0.116339
v -1.712494 0.849081 0.317421
v -1.712494 0.849081 0.317421
v -1.885488 0.842973 0.116339
v -1.893041 1.005663 0.132389
v -1.760212 1.011771 0.327644
v -1.760212 1.011771 0.327644
v -1.893041 1.005663 0.132389
v -1.781023 1.149213 0.112377
v -1.707120 1.155321 0.231310
v -1.544233 1.275600 0.045427
v -1.707120 1.155321 0.231310
v -1.781023 1.149213 0.112377
v -0.930000 0.840000 -0.042830
v -1.161931 0.825358 -0.257904
v -1.289079 0.839875 -0.045182
v -1.289079 0.839875 -0.045182
v -1.161931 0.825358 -0.257904
v -1.232047 0.988048 -0.264534
v -1.305536 1.002565 -0.045804
v -1.305536 1.002565 -0.045804
v -1.232047 0.988048 -0.264534
v -1.152014 1.131598 -0.186147
v -1.204275 1.146115 -0.044796
v -0.930269 1.275600 -0.061429
v -1.204275 1.146115 -0.044796
v -1.152014 1.131598 -0.186147
v -0.930000 0.840000 -0.042830
v -0.926689 0.844767 -0.295586
v -1.161931 0.825358 -0.257904
v -1.161931 0.825358 -0.257904
v -0.926689 0.844767 -0.295586
v -0.926303 1.007457 -0.346804
v -1.232047 0.988048 -0.264534
v -1.232047 0.988048 -0.264534
v -0.926303 1.007457 -0.346804
v -0.927735 1.151007 -0.280435
v -1.152014 1.131598 -0.186147
v -0.930269 1.275600 -0.061429
v -1.152014 1.131598 -0.186147
v -0.927735 1.151007 -0.280435
v -0.930000 0.840000 -0.042830
v -0.679712 0.853130 -0.243326
v -0.926689 0.844767 -0.295586
v -0.926689 0.844767 -0.295586
v -0.679712 0.853130 -0.243326
v -0.663042 1.015820 -0.291480
v -0.926303 1.007457 -0.346804
v -0.926303 1.007457 -0.346804
v -0.663042 1.015820 -0.291480
v -0.730117 1.159370 -0.203491
v -0.927735 1.151007 -0.280435
v -0.930269 1.275600 -0.061429
v -0.927735 1.151007 -0.280435
v -0.730117 1.159370 -0.203491
v -0.930000 0.840000 -0.042830
v -0.593738 0.831070 -0.040330
v -0.679712 0.853130 -0.243326
v -0.679712 0.853130 -0.243326
v -0.593738 0.831070 -0.040330
v -0.490856 0.993760 -0.040270
v -0.663042 1.015820 -0.291480
v -0.663042 1.015820 -0.291480
v -0.490856 0.993760 -0.040270
v -0.614762 1.137310 -0.041131
v -0.730117 1.159370 -0.203491
v -0.930269 1.275600 -0.061429
v -0.730117 1.159370 -0.203491
v -0.614762 1.137310 -0.041131
v -0.930000 0.840000 -0.042830
v -0.652532 0.829701 0.136355
v -0.593738 0.831070 -0.040330
v -0.593738 0.831070 -0.040330
v -0.652532 0.829701 0.136355
v -0.627477 0.992391 0.178499
v -0.490856 0.993760 -0.040270
v -0.490856 0.993760 -0.040270
v -0.627477 0.992391 0.178499
v -0.744246 1.135941 0.129064
v -0.614762 1.137310 -0.041131
v -0.930269 1.275600 -0.061429
v -0.614762 1.137310 -0.041131
v -0.744246 1.135941 0.129064
v -0.930000 0.840000 -0.042830
v -0.932887 0.852196 0.249015
v -0.652532 0.829701 0.136355
v -0.652532 0.829701 0.136355
v -0.932887 0.852196 0.249015
v -0.933156 1.014886 0.311034
v -0.627477 0.992391 0.178499
v -0.627477 0.992391 0.178499
v -0.933156 1.014886 0.311034
v -0.932411 1.158436 0.181316
v -0.744246 1.135941 0.129064
v -0.930269 1.275600 -0.061429
v -0.744246 1.135941 0.129064
v -0.932411 1.158436 0.181316
v -0.930000 0.840000 -0.042830
v -1.174547 0.846432 0.162041
v -0.932887 0.852196 0.249015
v -0.932887 0.852196 0.249015
v -1.174547 0.846432 0.162041
v -1.248251 1.009122 0.166732
v -0.933156 1.014886 0.311034
v -0.933156 1.014886 0.311034
v -1.248251 1.009122 0.166732
v -1.152789 1.152672 0.100375
v -0.932411 1.158436 0.181316
v -0.930269 1.275600 -0.061429
v -0.932411 1.158436 0.181316
v -1.152789 1.152672 0.100375
v -0.930000 0.840000 -0.042830
v -1.289079 0.839875 -0.045182
v -1.174547 0.846432 0.162041
v -1.174547 0.846432 0.162041
v -1.289079 0.839875 -0.045182
v -1.305536 1.002565 -0.045804
v -1.248251 1.009122 0.166732
v -1.248251 1.009122 0.166732
v -1.305536 1.002565 -0.045804
v -1.204275 1.146115 -0.044796
v -1.152789 1.152672 0.100375
v -0.930269 1.275600 -0.061429
v -1.152789 1.152672 0.100375
v -1.204275 1.146115 -0.044796
v -0.310000 0.840000 -0.044189
v -0.478605 0.826196 -0.286853
v -0.607030 0.836782 -0.108325
v -0.607030 0.836782 -0.108325
v -0.478605 0.826196 -0.286853
v -0.527940 0.988886 -0.293350
v -0.641762 0.999472 -0.120494
v -0.641762 0.999472 -0.120494
v -0.527940 0.988886 -0.293350
v -0.459563 1.132436 -0.218468
v -0.566414 1.143022 -0.091906
v -0.316240 1.275600 -0.062347
v -0.566414 1.143022 -0.091906
v -0.459563 1.132436 -0.218468
v -0.310000 0.840000 -0.044189
v -0.233056 0.847594 -0.290406
v -0.478605 0.826196 -0.286853
v -0.478605 0.826196 -0.286853
v -0.233056 0.847594 -0.290406
v -0.229056 1.010284 -0.359623
v -0.527940 0.988886 -0.293350
v -0.527940 0.988886 -0.293350
v -0.229056 1.010284 -0.359623
v -0.259295 1.153834 -0.283258
v -0.459563 1.132436 -0.218468
v -0.316240 1.275600 -0.062347
v -0.459563 1.132436 -0.218468
v -0.259295 1.153834 -0.283258
v -0.310000 0.840000 -0.044189
v -0.057799 0.851396 -0.205607
v -0.233056 0.847594 -0.290406
v -0.233056 0.847594 -0.290406
v -0.057799 0.851396 -0.205607
v -0.019866 1.014086 -0.231429
v -0.229056 1.010284 -0.359623
v -0.229056 1.010284 -0.359623
v -0.019866 1.014086 -0.231429
v -0.083648 1.157636 -0.159840
v -0.259295 1.153834 -0.283258
v -0.316240 1.275600 -0.062347
v -0.259295 1.153834 -0.283258
v -0.083648 1.157636 -0.159840
v -0.310000 0.840000 -0.044189
v 0.003474 0.828792 0.016804
v -0.057799 0.851396 -0.205607
v -0.057799 0.851396 -0.205607
v 0.003474 0.828792 0.016804
v 0.089836 0.991482 0.019106
v -0.019866 1.014086 -0.231429
v -0.019866 1.014086 -0.231429
v 0.089836 0.991482 0.019106
v -0.042438 1.135032 0.001398
v -0.083648 1.157636 -0.159840
v -0.316240 1.275600 -0.062347
v -0.083648 1.157636 -0.159840
v -0.042438 1.135032 0.001398
v -0.310000 0.840000 -0.044189
v -0.120790 0.832158 0.170610
v 0.003474 0.828792 0.016804
v 0.003474 0.828792 0.016804
v -0.120790 0.832158 0.170610
v -0.113864 0.994848 0.234460
v 0.089836 0.991482 0.019106
v 0.089836 0.991482 0.019106
v -0.113864 0.994848 0.234460
v -0.184705 1.138398 0.162911
v -0.042438 1.135032 0.001398
v -0.316240 1.275600 -0.062347
v -0.042438 1.135032 0.001398
v -0.184705 1.138398 0.162911
v -0.310000 0.840000 -0.044189
v -0.373918 0.853694 0.252566
v -0.120790 0.832158 0.170610
v -0.120790 0.832158 0.170610
v -0.373918 0.853694 0.252566
v -0.385757 1.016384 0.291371
v -0.113864 0.994848 0.234460
v -0.113864 0.994848 0.234460
v -0.385757 1.016384 0.291371
v -0.369274 1.159934 0.161636
v -0.184705 1.138398 0.162911
v -0.316240 1.275600 -0.062347
v -0.184705 1.138398 0.162911
v -0.369274 1.159934 0.161636
v -0.310000 0.840000 -0.044189
v -0.587040 0.843500 0.103611
v -0.373918 0.853694 0.252566
v -0.373918 0.853694 0.252566
v -0.587040 0.843500 0.103611
v -0.657155 1.006190 0.111787
v -0.385757 1.016384 0.291371
v -0.385757 1.016384 0.291371
v -0.657155 1.006190 0.111787
v -0.536838 1.149740 0.071196
v -0.369274 1.159934 0.161636
v -0.316240 1.275600 -0.062347
v -0.369274 1.159934 0.161636
v -0.536838 1.149740 0.071196
v -0.310000 0.840000 -0.044189
v -0.607030 0.836782 -0.108325
v -0.587040 0.843500 0.103611
v -0.587040 0.843500 0.103611
v -0.607030 0.836782 -0.108325
v -0.641762 0.999472 -0.120494
v -0.657155 1.006190 0.111787
v -0.657155 1.006190 0.111787
v -0.641762 0.999472 -0.120494
v -0.566414 1.143022 -0.091906
v -0.536838 1.149740 0.071196
v -0.316240 1.275600 -0.062347
v -0.536838 1.149740 0.071196
v -0.566414 1.143022 -0.091906
v 0.310000 0.840000 0.062910
v 0.180314 0.827641 -0.190435
v 0.013954 0.833831 -0.064114
v 0.013954 0.833831 -0.064114
v 0.180314 0.827641 -0.190435
v 0.150109 0.990331 -0.208999
v -0.048744 0.996521 -0.077982
v -0.048744 0.996521 -0.077982
v 0.150109 0.990331 -0.208999
v 0.207279 1.133881 -0.141900
v 0.029910 1.140071 -0.023401
v 0.296706 1.275600 0.045990
v 0.029910 1.140071 -0.023401
v 0.207279 1.133881 -0.141900
v 0.310000 0.840000 0.062910
v 0.468697 0.850088 -0.175358
v 0.180314 0.827641 -0.190435
v 0.180314 0.827641 -0.190435
v 0.468697 0.850088 -0.175358
v 0.472329 1.012778 -0.248150
v 0.150109 0.990331 -0.208999
v 0.150109 0.990331 -0.208999
v 0.472329 1.012778 -0.248150
v 0.418582 1.156328 -0.158888
v 0.207279 1.133881 -0.141900
v 0.296706 1.275600 0.045990
v 0.207279 1.133881 -0.141900
v 0.418582 1.156328 -0.158888
v 0.310000 0.840000 0.062910
v 0.613631 0.849161 -0.044322
v 0.468697 0.850088 -0.175358
v 0.468697 0.850088 -0.175358
v 0.613631 0.849161 -0.044322
v 0.687528 1.011851 -0.053294
v 0.472329 1.012778 -0.248150
v 0.472329 1.012778 -0.248150
v 0.687528 1.011851 -0.053294
v 0.602408 1.155401 -0.008566
v 0.418582 1.156328 -0.158888
v 0.296706 1.275600 0.045990
v 0.418582 1.156328 -0.158888
v 0.602408 1.155401 -0.008566
v 0.310000 0.840000 0.062910
v 0.654315 0.827008 0.172849
v 0.613631 0.849161 -0.044322
v 0.613631 0.849161 -0.044322
v 0.654315 0.827008 0.172849
v 0.724776 0.989698 0.183969
v 0.687528 1.011851 -0.053294
v 0.687528 1.011851 -0.053294
v 0.724776 0.989698 0.183969
v 0.571479 1.133248 0.155807
v 0.602408 1.155401 -0.008566
v 0.296706 1.275600 0.045990
v 0.602408 1.155401 -0.008566
v 0.571479 1.133248 0.155807
v 0.310000 0.840000 0.062910
v 0.441062 0.834959 0.313395
v 0.654315 0.827008 0.172849
v 0.654315 0.827008 0.172849
v 0.441062 0.834959 0.313395
v 0.444180 0.997649 0.388243
v 0.724776 0.989698 0.183969
v 0.724776 0.989698 0.183969
v 0.444180 0.997649 0.388243
v 0.402441 1.141199 0.289081
v 0.571479 1.133248 0.155807
v 0.296706 1.275600 0.045990
v 0.571479 1.133248 0.155807
v 0.402441 1.141199 0.289081
v 0.310000 0.840000 0.062910
v 0.175192 0.854591 0.341717
v 0.441062 0.834959 0.313395
v 0.441062 0.834959 0.313395
v 0.175192 0.854591 0.341717
v 0.138785 1.017281 0.358890
v 0.444180 0.997649 0.388243
v 0.444180 0.997649 0.388243
v 0.138785 1.017281 0.358890
v 0.179134 1.160831 0.246891
v 0.402441 1.141199 0.289081
v 0.296706 1.275600 0.045990
v 0.402441 1.141199 0.289081
v 0.179134 1.160831 0.246891
v 0.310000 0.840000 0.062910
v -0.050717 0.840415 0.153640
v 0.175192 0.854591 0.341717
v 0.175192 0.854591 0.341717
v -0.050717 0.840415 0.153640
v -0.113857 1.003105 0.165722
v 0.138785 1.017281 0.358890
v 0.138785 1.017281 0.358890
v -0.113857 1.003105 0.165722
v 0.046720 1.146655 0.142805
v 0.179134 1.160831 0.246891
v 0.296706 1.275600 0.045990
v 0.179134 1.160831 0.246891
v 0.046720 1.146655 0.142805
v 0.310000 0.840000 0.062910
v 0.013954 0.833831 -0.064114
v -0.050717 0.840415 0.153640
v -0.050717 0.840415 0.153640
v 0.013954 0.833831 -0.064114
v -0.048744 0.996521 -0.077982
v -0.113857 1.003105 0.165722
v -0.113857 1.003105 0.165722
v -0.048744 0.996521 -0.077982
v 0.029910 1.140071 -0.023401
v 0.046720 1.146655 0.142805
v 0.296706 1.275600 0.045990
v 0.046720 1.146655 0.142805
v 0.029910 1.140071 -0.023401
v 0.503600 0.840000 0.580000
v 0.449454 0.829314 0.334538
v 0.254809 0.830882 0.403958
v 0.254809 0.830882 0.403958
v 0.449454 0.829314 0.334538
v 0.441228 0.996934 0.295308
v 0.183585 0.998502 0.395627
v 0.183585 0.998502 0.395627
v 0.441228 0.996934 0.295308
v 0.465169 1.144834 0.357577
v 0.262259 1.146402 0.463952
v 0.485484 1.288800 0.565545
v 0.262259 1.146402 0.463952
v 0.465169 1.144834 0.357577
v 0.503600 0.840000 0.580000
v 0.707974 0.852506 0.363784
v 0.449454 0.829314 0.334538
v 0.449454 0.829314 0.334538
v 0.707974 0.852506 0.363784
v 0.716531 1.020126 0.305432
v 0.441228 0.996934 0.295308
v 0.441228 0.996934 0.295308
v 0.716531 1.020126 0.305432
v 0.658127 1.168026 0.397482
v 0.465169 1.144834 0.357577
v 0.485484 1.288800 0.565545
v 0.465169 1.144834 0.357577
v 0.658127 1.168026 0.397482
v 0.503600 0.840000 0.580000
v 0.813452 0.846721 0.537129
v 0.707974 0.852506 0.363784
v 0.707974 0.852506 0.363784
v 0.813452 0.846721 0.537129
v 0.906481 1.014341 0.535700
v 0.716531 1.020126 0.305432
v 0.716531 1.020126 0.305432
v 0.906481 1.014341 0.535700
v 0.801281 1.162241 0.551524
v 0.658127 1.168026 0.397482
v 0.485484 1.288800 0.565545
v 0.658127 1.168026 0.397482
v 0.801281 1.162241 0.551524
v 0.503600 0.840000 0.580000
v 0.803534 0.825363 0.726080
v 0.813452 0.846721 0.537129
v 0.813452 0.846721 0.537129
v 0.803534 0.825363 0.726080
v 0.840451 0.992983 0.754510
v 0.906481 1.014341 0.535700
v 0.906481 1.014341 0.535700
v 0.840451 0.992983 0.754510
v 0.710037 1.140883 0.716496
v 0.801281 1.162241 0.551524
v 0.485484 1.288800 0.565545
v 0.801281 1.162241 0.551524
v 0.710037 1.140883 0.716496
v 0.503600 0.840000 0.580000
v 0.552701 0.837920 0.852365
v 0.803534 0.825363 0.726080
v 0.803534 0.825363 0.726080
v 0.552701 0.837920 0.852365
v 0.555705 1.005540 0.919440
v 0.840451 0.992983 0.754510
v 0.840451 0.992983 0.754510
v 0.555705 1.005540 0.919440
v 0.542401 1.153440 0.800448
v 0.710037 1.140883 0.716496
v 0.485484 1.288800 0.565545
v 0.710037 1.140883 0.716496
v 0.542401 1.153440 0.800448
v 0.503600 0.840000 0.580000
v 0.314024 0.855296 0.811959
v 0.552701 0.837920 0.852365
v 0.552701 0.837920 0.852365
v 0.314024 0.855296 0.811959
v 0.256041 1.022916 0.817728
v 0.555705 1.005540 0.919440
v 0.555705 1.005540 0.919440
v 0.256041 1.022916 0.817728
v 0.324872 1.170816 0.736771
v 0.542401 1.153440 0.800448
v 0.485484 1.288800 0.565545
v 0.542401 1.153440 0.800448
v 0.324872 1.170816 0.736771
v 0.503600 0.840000 0.580000
v 0.131965 0.837230 0.615650
v 0.314024 0.855296 0.811959
v 0.314024 0.855296 0.811959
v 0.131965 0.837230 0.615650
v 0.096211 1.004850 0.623773
v 0.256041 1.022916 0.817728
v 0.256041 1.022916 0.817728
v 0.096211 1.004850 0.623773
v 0.253736 1.152750 0.614065
v 0.324872 1.170816 0.736771
v 0.485484 1.288800 0.565545
v 0.324872 1.170816 0.736771
v 0.253736 1.152750 0.614065
v 0.503600 0.840000 0.580000
v 0.254809 0.830882 0.403958
v 0.131965 0.837230 0.615650
v 0.131965 0.837230 0.615650
v 0.254809 0.830882 0.403958
v 0.183585 0.998502 0.395627
v 0.096211 1.004850 0.623773
v 0.096211 1.004850 0.623773
v 0.183585 0.998502 0.395627
v 0.262259 1.146402 0.463952
v 0.253736 1.152750 0.614065
v 0.485484 1.288800 0.565545
v 0.253736 1.152750 0.614065
v 0.262259 1.146402 0.463952
v 0.457200 0.840000 1.160000
v 0.480888 0.831832 0.917482
v 0.243777 0.828522 0.946062
v 0.243777 0.828522 0.946062
v 0.480888 0.831832 0.917482
v 0.482720 0.999452 0.856563
v 0.178798 0.996142 0.941251
v 0.178798 0.996142 0.941251
v 0.482720 0.999452 0.856563
v 0.472932 1.147352 0.925708
v 0.260035 1.144042 1.012522
v 0.434393 1.288800 1.148099
v 0.260035 1.144042 1.012522
v 0.472932 1.147352 0.925708
v 0.457200 0.840000 1.160000
v 0.699247 0.854068 0.971372
v 0.480888 0.831832 0.917482
v 0.480888 0.831832 0.917482
v 0.699247 0.854068 0.971372
v 0.725751 1.021688 0.934273
v 0.482720 0.999452 0.856563
v 0.482720 0.999452 0.856563
v 0.725751 1.021688 0.934273
v 0.664112 1.169588 1.018333
v 0.472932 1.147352 0.925708
v 0.434393 1.288800 1.148099
v 0.472932 1.147352 0.925708
v 0.664112 1.169588 1.018333
v 0.457200 0.840000 1.160000
v 0.786193 0.843708 1.177615
v 0.699247 0.854068 0.971372
v 0.699247 0.854068 0.971372
v 0.786193 0.843708 1.177615
v 0.883477 1.011328 1.178059
v 0.725751 1.021688 0.934273
v 0.725751 1.021688 0.934273
v 0.883477 1.011328 1.178059
v 0.751495 1.159228 1.172543
v 0.664112 1.169588 1.018333
v 0.434393 1.288800 1.148099
v 0.664112 1.169588 1.018333
v 0.751495 1.159228 1.172543
v 0.457200 0.840000 1.160000
v 0.705342 0.824756 1.342837
v 0.786193 0.843708 1.177615
v 0.786193 0.843708 1.177615
v 0.705342 0.824756 1.342837
v 0.719312 0.992376 1.393342
v 0.883477 1.011328 1.178059
v 0.883477 1.011328 1.178059
v 0.719312 0.992376 1.393342
v 0.620774 1.140276 1.337569
v 0.751495 1.159228 1.172543
v 0.434393 1.288800 1.148099
v 0.751495 1.159228 1.172543
v 0.620774 1.140276 1.337569
v 0.457200 0.840000 1.160000
v 0.437253 0.841126 1.449328
v 0.705342 0.824756 1.342837
v 0.705342 0.824756 1.342837
v 0.437253 0.841126 1.449328
v 0.434413 1.008746 1.497629
v 0.719312 0.992376 1.393342
v 0.719312 0.992376 1.393342
v 0.434413 1.008746 1.497629
v 0.439451 1.156646 1.369051
v 0.620774 1.140276 1.337569
v 0.434393 1.288800 1.148099
v 0.620774 1.140276 1.337569
v 0.439451 1.156646 1.369051
v 0.457200 0.840000 1.160000
v 0.204272 0.854887 1.341058
v 0.437253 0.841126 1.449328
v 0.437253 0.841126 1.449328
v 0.204272 0.854887 1.341058
v 0.133442 1.022507 1.347316
v 0.434413 1.008746 1.497629
v 0.434413 1.008746 1.497629
v 0.133442 1.022507 1.347316
v 0.239282 1.170407 1.294010
v 0.439451 1.156646 1.369051
v 0.434393 1.288800 1.148099
v 0.439451 1.156646 1.369051
v 0.239282 1.170407 1.294010
v 0.457200 0.840000 1.160000
v 0.085241 0.834154 1.144525
v 0.204272 0.854887 1.341058
v 0.204272 0.854887 1.341058
v 0.085241 0.834154 1.144525
v 0.070452 1.001774 1.139972
v 0.133442 1.022507 1.347316
v 0.133442 1.022507 1.347316
v 0.070452 1.001774 1.139972
v 0.211391 1.149674 1.145042
v 0.239282 1.170407 1.294010
v 0.434393 1.288800 1.148099
v 0.239282 1.170407 1.294010
v 0.211391 1.149674 1.145042
v 0.457200 0.840000 1.160000
v 0.243777 0.828522 0.946062
v 0.085241 0.834154 1.144525
v 0.085241 0.834154 1.144525
v 0.243777 0.828522 0.946062
v 0.178798 0.996142 0.941251
v 0.070452 1.001774 1.139972
v 0.070452 1.001774 1.139972
v 0.178798 0.996142 0.941251
v 0.260035 1.144042 1.012522
v 0.211391 1.149674 1.145042
v 0.434393 1.288800 1.148099
v 0.211391 1.149674 1.145042
v 0.260035 1.144042 1.012522
v -1.370000 1.260000 0.009878
v -1.197731 1.257881 -0.229715
v -1.483812 1.245824 -0.240057
v -1.483812 1.245824 -0.240057
v -1.197731 1.257881 -0.229715
v -1.193070 1.420571 -0.299696
v -1.505282 1.408514 -0.269580
v -1.505282 1.408514 -0.269580
v -1.193070 1.420571 -0.299696
v -1.246106 1.564121 -0.202368
v -1.454553 1.552064 -0.206211
v -1.400548 1.695600 0.004339
v -1.454553 1.552064 -0.206211
v -1.246106 1.564121 -0.202368
v -1.370000 1.260000 0.009878
v -1.059253 1.274848 -0.081167
v -1.197731 1.257881 -0.229715
v -1.197731 1.257881 -0.229715
v -1.059253 1.274848 -0.081167
v -0.971666 1.437538 -0.085841
v -1.193070 1.420571 -0.299696
v -1.193070 1.420571 -0.299696
v -0.971666 1.437538 -0.085841
v -1.068300 1.581088 -0.050120
v -1.246106 1.564121 -0.202368
v -1.400548 1.695600 0.004339
v -1.246106 1.564121 -0.202368
v -1.068300 1.581088 -0.050120
v -1.370000 1.260000 0.009878
v -1.026400 1.257411 0.129386
v -1.059253 1.274848 -0.081167
v -1.059253 1.274848 -0.081167
v -1.026400 1.257411 0.129386
v -0.971814 1.420101 0.147514
v -0.971666 1.437538 -0.085841
v -0.971666 1.437538 -0.085841
v -0.971814 1.420101 0.147514
v -1.124143 1.563651 0.117280
v -1.068300 1.581088 -0.050120
v -1.400548 1.695600 0.004339
v -1.068300 1.581088 -0.050120
v -1.124143 1.563651 0.117280
v -1.370000 1.260000 0.009878
v -1.261922 1.245973 0.274061
v -1.026400 1.257411 0.129386
v -1.026400 1.257411 0.129386
v -1.261922 1.245973 0.274061
v -1.257786 1.408663 0.346646
v -0.971814 1.420101 0.147514
v -0.971814 1.420101 0.147514
v -1.257786 1.408663 0.346646
v -1.289095 1.552213 0.235030
v -1.124143 1.563651 0.117280
v -1.400548 1.695600 0.004339
v -1.124143 1.563651 0.117280
v -1.289095 1.552213 0.235030
v -1.370000 1.260000 0.009878
v -1.522675 1.267036 0.278427
v -1.261922 1.245973 0.274061
v -1.261922 1.245973 0.274061
v -1.522675 1.267036 0.278427
v -1.568125 1.429726 0.288132
v -1.257786 1.408663 0.346646
v -1.257786 1.408663 0.346646
v -1.568125 1.429726 0.288132
v -1.517136 1.573276 0.187778
v -1.289095 1.552213 0.235030
v -1.400548 1.695600 0.004339
v -1.289095 1.552213 0.235030
v -1.517136 1.573276 0.187778
v -1.370000 1.260000 0.009878
v -1.744558 1.271796 0.085496
v -1.522675 1.267036 0.278427
v -1.522675 1.267036 0.278427
v -1.744558 1.271796 0.085496
v -1.793141 1.434486 0.099600
v -1.568125 1.429726 0.288132
v -1.568125 1.429726 0.288132
v -1.793141 1.434486 0.099600
v -1.629507 1.578036 0.080077
v -1.517136 1.573276 0.187778
v -1.400548 1.695600 0.004339
v -1.517136 1.573276 0.187778
v -1.629507 1.578036 0.080077
v -1.370000 1.260000 0.009878
v -1.684189 1.249224 -0.121583
v -1.744558 1.271796 0.085496
v -1.744558 1.271796 0.085496
v -1.684189 1.249224 -0.121583
v -1.701813 1.411914 -0.154734
v -1.793141 1.434486 0.099600
v -1.793141 1.434486 0.099600
v -1.701813 1.411914 -0.154734
v -1.615689 1.555464 -0.097592
v -1.629507 1.578036 0.080077
v -1.400548 1.695600 0.004339
v -1.629507 1.578036 0.080077
v -1.615689 1.555464 -0.097592
v -1.370000 1.260000 0.009878
v -1.483812 1.245824 -0.240057
v -1.684189 1.249224 -0.121583
v -1.684189 1.249224 -0.121583
v -1.483812 1.245824 -0.240057
v -1.505282 1.408514 -0.269580
v -1.701813 1.411914 -0.154734
v -1.701813 1.411914 -0.154734
v -1.505282 1.408514 -0.269580
v -1.454553 1.552064 -0.206211
v -1.615689 1.555464 -0.097592
v -1.400548 1.695600 0.004339
v -1.615689 1.555464 -0.097592
v -1.454553 1.552064 -0.206211
v -0.750000 1.260000 -0.069732
v -0.549562 1.260991 -0.291167
v -0.782767 1.245213 -0.320821
v -0.782767 1.245213 -0.320821
v -0.549562 1.260991 -0.291167
v -0.534687 1.423681 -0.342519
v -0.786311 1.407903 -0.374308
v -0.786311 1.407903 -0.374308
v -0.534687 1.423681 -0.342519
v -0.587691 1.567231 -0.244849
v -0.772245 1.551453 -0.307484
v -0.778677 1.695600 -0.071448
v -0.772245 1.551453 -0.307484
v -0.587691 1.567231 -0.244849
v -0.750000 1.260000 -0.069732
v -0.446895 1.274472 -0.097028
v -0.549562 1.260991 -0.291167
v -0.549562 1.260991 -0.291167
v -0.446895 1.274472 -0.097028
v -0.354326 1.437162 -0.097651
v -0.534687 1.423681 -0.342519
v -0.534687 1.423681 -0.342519
v -0.354326 1.437162 -0.097651
v -0.468130 1.580712 -0.088426
v -0.587691 1.567231 -0.244849
v -0.778677 1.695600 -0.071448
v -0.587691 1.567231 -0.244849
v -0.468130 1.580712 -0.088426
v -0.750000 1.260000 -0.069732
v -0.475843 1.254420 0.090708
v -0.446895 1.274472 -0.097028
v -0.446895 1.274472 -0.097028
v -0.475843 1.254420 0.090708
v -0.453146 1.417110 0.129930
v -0.354326 1.437162 -0.097651
v -0.354326 1.437162 -0.097651
v -0.453146 1.417110 0.129930
v -0.567358 1.560660 0.084851
v -0.468130 1.580712 -0.088426
v -0.778677 1.695600 -0.071448
v -0.468130 1.580712 -0.088426
v -0.567358 1.560660 0.084851
v -0.750000 1.260000 -0.069732
v -0.721668 1.247297 0.222572
v -0.475843 1.254420 0.090708
v -0.475843 1.254420 0.090708
v -0.721668 1.247297 0.222572
v -0.718771 1.409987 0.282073
v -0.453146 1.417110 0.129930
v -0.453146 1.417110 0.129930
v -0.718771 1.409987 0.282073
v -0.726022 1.553537 0.151911
v -0.567358 1.560660 0.084851
v -0.778677 1.695600 -0.071448
v -0.567358 1.560660 0.084851
v -0.726022 1.553537 0.151911
v -0.750000 1.260000 -0.069732
v -0.948497 1.269608 0.153717
v -0.721668 1.247297 0.222572
v -0.721668 1.247297 0.222572
v -0.948497 1.269608 0.153717
v -1.007733 1.432298 0.159069
v -0.718771 1.409987 0.282073
v -0.718771 1.409987 0.282073
v -1.007733 1.432298 0.159069
v -0.929006 1.575848 0.088072
v -0.726022 1.553537 0.151911
v -0.778677 1.695600 -0.071448
v -0.726022 1.553537 0.151911
v -0.929006 1.575848 0.088072
v -0.750000 1.260000 -0.069732
v -1.104379 1.269657 -0.046526
v -0.948497 1.269608 0.153717
v -0.948497 1.269608 0.153717
v -1.104379 1.269657 -0.046526
v -1.125944 1.432347 -0.040238
v -1.007733 1.432298 0.159069
v -1.007733 1.432298 0.159069
v -1.125944 1.432347 -0.040238
v -0.983807 1.575897 -0.047202
v -0.929006 1.575848 0.088072
v -0.778677 1.695600 -0.071448
v -0.929006 1.575848 0.088072
v -0.983807 1.575897 -0.047202
v -0.750000 1.260000 -0.069732
v -0.981809 1.247330 -0.260452
v -1.104379 1.269657 -0.046526
v -1.104379 1.269657 -0.046526
v -0.981809 1.247330 -0.260452
v -1.012967 1.410020 -0.293625
v -1.125944 1.432347 -0.040238
v -1.125944 1.432347 -0.040238
v -1.012967 1.410020 -0.293625
v -0.954422 1.553570 -0.208740
v -0.983807 1.575897 -0.047202
v -0.778677 1.695600 -0.071448
v -0.983807 1.575897 -0.047202
v -0.954422 1.553570 -0.208740
v -0.750000 1.260000 -0.069732
v -0.782767 1.245213 -0.320821
v -0.981809 1.247330 -0.260452
v -0.981809 1.247330 -0.260452
v -0.782767 1.245213 -0.320821
v -0.786311 1.407903 -0.374308
v -1.012967 1.410020 -0.293625
v -1.012967 1.410020 -0.293625
v -0.786311 1.407903 -0.374308
v -0.772245 1.551453 -0.307484
v -0.954422 1.553570 -0.208740
v -0.778677 1.695600 -0.071448
v -0.954422 1.553570 -0.208740
v -0.772245 1.551453 -0.307484
v -0.130000 1.260000 0.021808
v 0.129644 1.264058 -0.165037
v -0.083794 1.245253 -0.229264
v -0.083794 1.245253 -0.229264
v 0.129644 1.264058 -0.165037
v 0.171474 1.426748 -0.193220
v -0.081635 1.407943 -0.301308
v -0.081635 1.407943 -0.301308
v 0.171474 1.426748 -0.193220
v 0.105572 1.570298 -0.110641
v -0.099537 1.551493 -0.221701
v -0.161779 1.695600 0.023990
v -0.099537 1.551493 -0.221701
v 0.105572 1.570298 -0.110641
v -0.130000 1.260000 0.021808
v 0.226814 1.273461 0.054610
v 0.129644 1.264058 -0.165037
v 0.129644 1.264058 -0.165037
v 0.226814 1.273461 0.054610
v 0.322826 1.436151 0.056003
v 0.171474 1.426748 -0.193220
v 0.171474 1.426748 -0.193220
v 0.322826 1.436151 0.056003
v 0.170743 1.579701 0.046649
v 0.105572 1.570298 -0.110641
v -0.161779 1.695600 0.023990
v 0.105572 1.570298 -0.110641
v 0.170743 1.579701 0.046649
v -0.130000 1.260000 0.021808
v 0.111582 1.251674 0.222548
v 0.226814 1.273461 0.054610
v 0.226814 1.273461 0.054610
v 0.111582 1.251674 0.222548
v 0.119533 1.414364 0.282890
v 0.322826 1.436151 0.056003
v 0.322826 1.436151 0.056003
v 0.119533 1.414364 0.282890
v 0.030540 1.557914 0.214559
v 0.170743 1.579701 0.046649
v -0.161779 1.695600 0.023990
v 0.170743 1.579701 0.046649
v 0.030540 1.557914 0.214559
v -0.130000 1.260000 0.021808
v -0.168339 1.249179 0.324487
v 0.111582 1.251674 0.222548
v 0.111582 1.251674 0.222548
v -0.168339 1.249179 0.324487
v -0.175849 1.411869 0.361427
v 0.119533 1.414364 0.282890
v 0.119533 1.414364 0.282890
v -0.175849 1.411869 0.361427
v -0.165859 1.555419 0.229924
v 0.030540 1.557914 0.214559
v -0.161779 1.695600 0.023990
v 0.030540 1.557914 0.214559
v -0.165859 1.555419 0.229924
v -0.130000 1.260000 0.021808
v -0.418487 1.271757 0.191023
v -0.168339 1.249179 0.324487
v -0.168339 1.249179 0.324487
v -0.418487 1.271757 0.191023
v -0.489258 1.434447 0.201518
v -0.175849 1.411869 0.361427
v -0.175849 1.411869 0.361427
v -0.489258 1.434447 0.201518
v -0.363128 1.577997 0.155751
v -0.165859 1.555419 0.229924
v -0.161779 1.695600 0.023990
v -0.165859 1.555419 0.229924
v -0.363128 1.577997 0.155751
v -0.130000 1.260000 0.021808
v -0.512255 1.267093 -0.008664
v -0.418487 1.271757 0.191023
v -0.418487 1.271757 0.191023
v -0.512255 1.267093 -0.008664
v -0.521685 1.429783 -0.017986
v -0.489258 1.434447 0.201518
v -0.489258 1.434447 0.201518
v -0.521685 1.429783 -0.017986
v -0.388562 1.573333 -0.006896
v -0.363128 1.577997 0.155751
v -0.161779 1.695600 0.023990
v -0.363128 1.577997 0.155751
v -0.388562 1.573333 -0.006896
v -0.130000 1.260000 0.021808
v -0.330940 1.245994 -0.218870
v -0.512255 1.267093 -0.008664
v -0.512255 1.267093 -0.008664
v -0.330940 1.245994 -0.218870
v -0.376965 1.408684 -0.241798
v -0.521685 1.429783 -0.017986
v -0.521685 1.429783 -0.017986
v -0.376965 1.408684 -0.241798
v -0.322136 1.552234 -0.139894
v -0.388562 1.573333 -0.006896
v -0.161779 1.695600 0.023990
v -0.388562 1.573333 -0.006896
v -0.322136 1.552234 -0.139894
v -0.130000 1.260000 0.021808
v -0.083794 1.245253 -0.229264
v -0.330940 1.245994 -0.218870
v -0.330940 1.245994 -0.218870
v -0.083794 1.245253 -0.229264
v -0.081635 1.407943 -0.301308
v -0.376965 1.408684 -0.241798
v -0.376965 1.408684 -0.241798
v -0.081635 1.407943 -0.301308
v -0.099537 1.551493 -0.221701
v -0.322136 1.552234 -0.139894
v -0.161779 1.695600 0.023990
v -0.322136 1.552234 -0.139894
v -0.099537 1.551493 -0.221701
v 0.490000 1.260000 0.059822
v 0.751577 1.266947 -0.075816
v 0.600040 1.245940 -0.189687
v 0.600040 1.245940 -0.189687
v 0.751577 1.266947 -0.075816
v 0.817554 1.429637 -0.086186
v 0.602513 1.408630 -0.265605
v 0.602513 1.408630 -0.265605
v 0.817554 1.429637 -0.086186
v 0.742799 1.573187 -0.030217
v 0.565937 1.552180 -0.170431
v 0.462732 1.695600 0.065807
v 0.565937 1.552180 -0.170431
v 0.742799 1.573187 -0.030217
v 0.490000 1.260000 0.059822
v 0.814353 1.271858 0.144453
v 0.751577 1.266947 -0.075816
v 0.751577 1.266947 -0.075816
v 0.814353 1.271858 0.144453
v 0.877791 1.434548 0.153818
v 0.817554 1.429637 -0.086186
v 0.817554 1.429637 -0.086186
v 0.877791 1.434548 0.153818
v 0.733236 1.578098 0.132281
v 0.742799 1.573187 -0.030217
v 0.462732 1.695600 0.065807
v 0.742799 1.573187 -0.030217
v 0.733236 1.578098 0.132281
v 0.490000 1.260000 0.059822
v 0.638256 1.249293 0.301251
v 0.814353 1.271858 0.144453
v 0.814353 1.271858 0.144453
v 0.638256 1.249293 0.301251
v 0.642023 1.411983 0.372530
v 0.877791 1.434548 0.153818
v 0.877791 1.434548 0.153818
v 0.642023 1.411983 0.372530
v 0.595708 1.555533 0.275506
v 0.733236 1.578098 0.132281
v 0.462732 1.695600 0.065807
v 0.733236 1.578098 0.132281
v 0.595708 1.555533 0.275506
v 0.490000 1.260000 0.059822
v 0.395874 1.251537 0.349654
v 0.638256 1.249293 0.301251
v 0.638256 1.249293 0.301251
v 0.395874 1.251537 0.349654
v 0.369799 1.414227 0.365769
v 0.642023 1.411983 0.372530
v 0.642023 1.411983 0.372530
v 0.369799 1.414227 0.365769
v 0.398587 1.557777 0.250862
v 0.595708 1.555533 0.275506
v 0.462732 1.695600 0.065807
v 0.595708 1.555533 0.275506
v 0.398587 1.557777 0.250862
v 0.490000 1.260000 0.059822
v 0.177772 1.273390 0.173970
v 0.395874 1.251537 0.349654
v 0.395874 1.251537 0.349654
v 0.177772 1.273390 0.173970
v 0.125994 1.436080 0.190365
v 0.369799 1.414227 0.365769
v 0.369799 1.414227 0.365769
v 0.125994 1.436080 0.190365
v 0.264707 1.579630 0.161531
v 0.398587 1.557777 0.250862
v 0.462732 1.695600 0.065807
v 0.398587 1.557777 0.250862
v 0.264707 1.579630 0.161531
v 0.490000 1.260000 0.059822
v 0.179124 1.264217 -0.028753
v 0.177772 1.273390 0.173970
v 0.177772 1.273390 0.173970
v 0.179124 1.264217 -0.028753
v 0.168230 1.426907 -0.053495
v 0.125994 1.436080 0.190365
v 0.125994 1.436080 0.190365
v 0.168230 1.426907 -0.053495
v 0.259554 1.570457 -0.016380
v 0.264707 1.579630 0.161531
v 0.462732 1.695600 0.065807
v 0.264707 1.579630 0.161531
v 0.259554 1.570457 -0.016380
v 0.490000 1.260000 0.059822
v 0.359604 1.245273 -0.212822
v 0.179124 1.264217 -0.028753
v 0.179124 1.264217 -0.028753
v 0.359604 1.245273 -0.212822
v 0.321175 1.407963 -0.223520
v 0.168230 1.426907 -0.053495
v 0.168230 1.426907 -0.053495
v 0.321175 1.407963 -0.223520
v 0.364006 1.551513 -0.120406
v 0.259554 1.570457 -0.016380
v 0.462732 1.695600 0.065807
v 0.259554 1.570457 -0.016380
v 0.364006 1.551513 -0.120406
v 0.490000 1.260000 0.059822
v 0.600040 1.245940 -0.189687
v 0.359604 1.245273 -0.212822
v 0.359604 1.245273 -0.212822
v 0.600040 1.245940 -0.189687
v 0.602513 1.408630 -0.265605
v 0.321175 1.407963 -0.223520
v 0.321175 1.407963 -0.223520
v 0.602513 1.408630 -0.265605
v 0.565937 1.552180 -0.170431
v 0.364006 1.551513 -0.120406
v 0.462732 1.695600 0.065807
v 0.364006 1.551513 -0.120406
v 0.565937 1.552180 -0.170431
v 0.503600 1.260000 0.580000
v 0.808585 1.269819 0.508473
v 0.677997 1.246858 0.347113
v 0.677997 1.246858 0.347113
v 0.808585 1.269819 0.508473
v 0.900956 1.437439 0.506321
v 0.686221 1.414478 0.285852
v 0.686221 1.414478 0.285852
v 0.900956 1.437439 0.506321
v 0.795178 1.585339 0.532284
v 0.637242 1.562378 0.385910
v 0.477488 1.708800 0.589218
v 0.637242 1.562378 0.385910
v 0.795178 1.585339 0.532284
v 0.503600 1.260000 0.580000
v 0.825143 1.270028 0.705184
v 0.808585 1.269819 0.508473
v 0.808585 1.269819 0.508473
v 0.825143 1.270028 0.705184
v 0.861969 1.437648 0.730866
v 0.900956 1.437439 0.506321
v 0.900956 1.437439 0.506321
v 0.861969 1.437648 0.730866
v 0.723129 1.585548 0.697894
v 0.795178 1.585339 0.532284
v 0.477488 1.708800 0.589218
v 0.795178 1.585339 0.532284
v 0.723129 1.585548 0.697894
v 0.503600 1.260000 0.580000
v 0.585251 1.247001 0.848706
v 0.825143 1.270028 0.705184
v 0.825143 1.270028 0.705184
v 0.585251 1.247001 0.848706
v 0.590834 1.414621 0.912717
v 0.861969 1.437648 0.730866
v 0.861969 1.437648 0.730866
v 0.590834 1.414621 0.912717
v 0.569025 1.562521 0.794639
v 0.723129 1.585548 0.697894
v 0.477488 1.708800 0.589218
v 0.723129 1.585548 0.697894
v 0.569025 1.562521 0.794639
v 0.503600 1.260000 0.580000
v 0.339786 1.254093 0.826901
v 0.585251 1.247001 0.848706
v 0.585251 1.247001 0.848706
v 0.339786 1.254093 0.826901
v 0.289676 1.421713 0.832696
v 0.590834 1.414621 0.912717
v 0.590834 1.414621 0.912717
v 0.289676 1.421713 0.832696
v 0.350315 1.569613 0.748079
v 0.569025 1.562521 0.794639
v 0.477488 1.708800 0.589218
v 0.569025 1.562521 0.794639
v 0.350315 1.569613 0.748079
v 0.503600 1.260000 0.580000
v 0.139068 1.274872 0.639633
v 0.339786 1.254093 0.826901
v 0.339786 1.254093 0.826901
v 0.139068 1.274872 0.639633
v 0.106818 1.442492 0.653794
v 0.289676 1.421713 0.832696
v 0.289676 1.421713 0.832696
v 0.106818 1.442492 0.653794
v 0.259865 1.590392 0.637272
v 0.350315 1.569613 0.748079
v 0.477488 1.708800 0.589218
v 0.350315 1.569613 0.748079
v 0.259865 1.590392 0.637272
v 0.503600 1.260000 0.580000
v 0.223816 1.261192 0.435161
v 0.139068 1.274872 0.639633
v 0.139068 1.274872 0.639633
v 0.223816 1.261192 0.435161
v 0.197162 1.428812 0.404691
v 0.106818 1.442492 0.653794
v 0.106818 1.442492 0.653794
v 0.197162 1.428812 0.404691
v 0.269205 1.576712 0.469103
v 0.259865 1.590392 0.637272
v 0.477488 1.708800 0.589218
v 0.259865 1.590392 0.637272
v 0.269205 1.576712 0.469103
v 0.503600 1.260000 0.580000
v 0.423564 1.244750 0.306254
v 0.223816 1.261192 0.435161
v 0.223816 1.261192 0.435161
v 0.423564 1.244750 0.306254
v 0.399494 1.412370 0.299932
v 0.197162 1.428812 0.404691
v 0.197162 1.428812 0.404691
v 0.399494 1.412370 0.299932
v 0.430860 1.560270 0.388190
v 0.269205 1.576712 0.469103
v 0.477488 1.708800 0.589218
v 0.269205 1.576712 0.469103
v 0.430860 1.560270 0.388190
v 0.503600 1.260000 0.580000
v 0.677997 1.246858 0.347113
v 0.423564 1.244750 0.306254
v 0.423564 1.244750 0.306254
v 0.677997 1.246858 0.347113
v 0.686221 1.414478 0.285852
v 0.399494 1.412370 0.299932
v 0.399494 1.412370 0.299932
v 0.686221 1.414478 0.285852
v 0.637242 1.562378 0.385910
v 0.430860 1.560270 0.388190
v 0.477488 1.708800 0.589218
v 0.430860 1.560270 0.388190
v 0.637242 1.562378 0.385910
v 0.457200 1.260000 1.160000
v 0.788871 1.272049 1.149499
v 0.675246 1.248780 0.949678
v 0.675246 1.248780 0.949678
v 0.788871 1.272049 1.149499
v 0.885570 1.439669 1.149212
v 0.701263 1.416400 0.910234
v 0.701263 1.416400 0.910234
v 0.885570 1.439669 1.149212
v 0.750616 1.587569 1.152437
v 0.646006 1.564300 1.003978
v 0.434907 1.708800 1.172238
v 0.646006 1.564300 1.003978
v 0.750616 1.587569 1.152437
v 0.457200 1.260000 1.160000
v 0.731956 1.267399 1.326031
v 0.788871 1.272049 1.149499
v 0.788871 1.272049 1.149499
v 0.731956 1.267399 1.326031
v 0.745881 1.435019 1.372949
v 0.885570 1.439669 1.149212
v 0.885570 1.439669 1.149212
v 0.745881 1.435019 1.372949
v 0.638264 1.582919 1.321181
v 0.750616 1.587569 1.152437
v 0.434907 1.708800 1.172238
v 0.750616 1.587569 1.152437
v 0.638264 1.582919 1.321181
v 0.457200 1.260000 1.160000
v 0.469109 1.245605 1.450923
v 0.731956 1.267399 1.326031
v 0.731956 1.267399 1.326031
v 0.469109 1.245605 1.450923
v 0.470931 1.413225 1.496821
v 0.745881 1.435019 1.372949
v 0.745881 1.435019 1.372949
v 0.470931 1.413225 1.496821
v 0.467917 1.561125 1.367895
v 0.638264 1.582919 1.321181
v 0.434907 1.708800 1.172238
v 0.638264 1.582919 1.321181
v 0.467917 1.561125 1.367895
v 0.457200 1.260000 1.160000
v 0.226368 1.257165 1.359434
v 0.469109 1.245605 1.450923
v 0.469109 1.245605 1.450923
v 0.226368 1.257165 1.359434
v 0.163119 1.424785 1.367176
v 0.470931 1.413225 1.496821
v 0.470931 1.413225 1.496821
v 0.163119 1.424785 1.367176
v 0.260766 1.572685 1.309527
v 0.467917 1.561125 1.367895
v 0.434907 1.708800 1.172238
v 0.467917 1.561125 1.367895
v 0.260766 1.572685 1.309527
v 0.457200 1.260000 1.160000
v 0.085896 1.275294 1.169318
v 0.226368 1.257165 1.359434
v 0.226368 1.257165 1.359434
v 0.085896 1.275294 1.169318
v 0.072651 1.442914 1.172096
v 0.163119 1.424785 1.367176
v 0.163119 1.424785 1.367176
v 0.072651 1.442914 1.172096
v 0.211135 1.590814 1.168976
v 0.260766 1.572685 1.309527
v 0.434907 1.708800 1.172238
v 0.260766 1.572685 1.309527
v 0.211135 1.590814 1.168976
v 0.457200 1.260000 1.160000
v 0.229042 1.257986 0.959862
v 0.085896 1.275294 1.169318
v 0.085896 1.275294 1.169318
v 0.229042 1.257986 0.959862
v 0.186195 1.425606 0.934113
v 0.072651 1.442914 1.172096
v 0.072651 1.442914 1.172096
v 0.186195 1.425606 0.934113
v 0.245169 1.573506 1.021485
v 0.211135 1.590814 1.168976
v 0.434907 1.708800 1.172238
v 0.211135 1.590814 1.168976
v 0.245169 1.573506 1.021485
v 0.457200 1.260000 1.160000
v 0.444082 1.245344 0.894333
v 0.229042 1.257986 0.959862
v 0.229042 1.257986 0.959862
v 0.444082 1.245344 0.894333
v 0.440786 1.412964 0.879223
v 0.186195 1.425606 0.934113
v 0.186195 1.425606 0.934113
v 0.440786 1.412964 0.879223
v 0.446493 1.560864 0.951910
v 0.245169 1.573506 1.021485
v 0.434907 1.708800 1.172238
v 0.245169 1.573506 1.021485
v 0.446493 1.560864 0.951910
v 0.457200 1.260000 1.160000
v 0.675246 1.248780 0.949678
v 0.444082 1.245344 0.894333
v 0.444082 1.245344 0.894333
v 0.675246 1.248780 0.949678
v 0.701263 1.416400 0.910234
v 0.440786 1.412964 0.879223
v 0.440786 1.412964 0.879223
v 0.701263 1.416400 0.910234
v 0.646006 1.564300 1.003978
v 0.446493 1.560864 0.951910
v 0.434907 1.708800 1.172238
v 0.446493 1.560864 0.951910
v 0.646006 1.564300 1.003978
v -0.372000 1.350000 -0.900000
v -0.377528 1.349354 -0.907581
v -0.377528 0.059354 -0.797581
v -0.372000 0.060000 -0.790000
v -0.377528 1.349354 -0.907581
v -0.386472 1.349600 -0.904685
v -0.386472 0.059600 -0.794685
v -0.377528 0.059354 -0.797581
v -0.386472 1.349600 -0.904685
v -0.386472 1.350400 -0.895315
v -0.386472 0.060400 -0.785315
v -0.386472 0.059600 -0.794685
v -0.386472 1.350400 -0.895315
v -0.377528 1.350646 -0.892419
v -0.377528 0.060646 -0.782419
v -0.386472 0.060400 -0.785315
v -0.377528 1.350646 -0.892419
v -0.372000 1.350000 -0.900000
v -0.372000 0.060000 -0.790000
v -0.377528 0.060646 -0.782419
v -0.380000 1.350000 -0.900000
v -0.377528 1.349354 -0.907581
v -0.372000 1.350000 -0.900000
v -0.380000 0.060000 -0.790000
v -0.372000 0.060000 -0.790000
v -0.377528 0.059354 -0.797581
v -0.380000 1.350000 -0.900000
v -0.386472 1.349600 -0.904685
v -0.377528 1.349354 -0.907581
v -0.380000 0.060000 -0.790000
v -0.377528 0.059354 -0.797581
v -0.386472 0.059600 -0.794685
v -0.380000 1.350000 -0.900000
v -0.386472 1.350400 -0.895315
v -0.386472 1.349600 -0.904685
v -0.380000 0.060000 -0.790000
v -0.386472 0.059600 -0.794685
v -0.386472 0.060400 -0.785315
v -0.380000 1.350000 -0.900000
v -0.377528 1.350646 -0.892419
v -0.386472 1.350400 -0.895315
v -0.380000 0.060000 -0.790000
v -0.386472 0.060400 -0.785315
v -0.377528 0.060646 -0.782419
v -0.380000 1.350000 -0.900000
v -0.372000 1.350000 -0.900000
v -0.377528 1.350646 -0.892419
v -0.380000 0.060000 -0.790000
v -0.377528 0.060646 -0.782419
v -0.372000 0.060000 -0.790000
v -0.380000 0.783000 -0.900000
v -0.281467 0.773424 -0.855170
v -0.268584 0.629716 -0.740881
v -0.371574 0.773424 -0.792076
v -0.290122 0.742954 -0.913680
v -0.297456 0.740913 -0.916805
v -0.354327 0.659692 -0.730327
v -0.346994 0.661733 -0.727201
v -0.297456 0.740913 -0.916805
v -0.302579 0.747241 -0.915611
v -0.359450 0.666020 -0.729133
v -0.354327 0.659692 -0.730327
v -0.302579 0.747241 -0.915611
v -0.298411 0.753193 -0.911748
v -0.355283 0.671972 -0.725270
v -0.359450 0.666020 -0.729133
v -0.298411 0.753193 -0.911748
v -0.290713 0.750543 -0.910554
v -0.347584 0.669322 -0.724076
v -0.355283 0.671972 -0.725270
v -0.290713 0.750543 -0.910554
v -0.290122 0.742954 -0.913680
v -0.346994 0.661733 -0.727201
v -0.347584 0.669322 -0.724076
v -0.295856 0.746969 -0.913680
v -0.297456 0.740913 -0.916805
v -0.290122 0.742954 -0.913680
v -0.352728 0.665748 -0.727201
v -0.346994 0.661733 -0.727201
v -0.354327 0.659692 -0.730327
v -0.295856 0.746969 -0.913680
v -0.302579 0.747241 -0.915611
v -0.297456 0.740913 -0.916805
v -0.352728 0.665748 -0.727201
v -0.354327 0.659692 -0.730327
v -0.359450 0.666020 -0.729133
v -0.295856 0.746969 -0.913680
v -0.298411 0.753193 -0.911748
v -0.302579 0.747241 -0.915611
v -0.352728 0.665748 -0.727201
v -0.359450 0.666020 -0.729133
v -0.355283 0.671972 -0.725270
v -0.295856 0.746969 -0.913680
v -0.290713 0.750543 -0.910554
v -0.298411 0.753193 -0.911748
v -0.352728 0.665748 -0.727201
v -0.355283 0.671972 -0.725270
v -0.347584 0.669322 -0.724076
v -0.295856 0.746969 -0.913680
v -0.290122 0.742954 -0.913680
v -0.290713 0.750543 -0.910554
v -0.352728 0.665748 -0.727201
v -0.347584 0.669322 -0.724076
v -0.346994 0.661733 -0.727201
v 0.571168 0.878307 -0.328090
v 0.567638 0.882636 -0.335656
v -0.367306 0.322298 -0.220043
v -0.363776 0.317969 -0.212477
v 0.567638 0.882636 -0.335656
v 0.563303 0.890466 -0.332766
v -0.371641 0.330127 -0.217153
v -0.367306 0.322298 -0.220043
v 0.563303 0.890466 -0.332766
v 0.564154 0.890976 -0.323414
v -0.370791 0.330637 -0.207801
v -0.371641 0.330127 -0.217153
v 0.564154 0.890976 -0.323414
v 0.569015 0.883461 -0.320524
v -0.365930 0.323123 -0.204911
v -0.370791 0.330637 -0.207801
v 0.569015 0.883461 -0.320524
v 0.571168 0.878307 -0.328090
v -0.363776 0.317969 -0.212477
v -0.365930 0.323123 -0.204911
v 0.567055 0.885169 -0.328090
v 0.567638 0.882636 -0.335656
v 0.571168 0.878307 -0.328090
v -0.367889 0.324831 -0.212477
v -0.363776 0.317969 -0.212477
v -0.367306 0.322298 -0.220043
v 0.567055 0.885169 -0.328090
v 0.563303 0.890466 -0.332766
v 0.567638 0.882636 -0.335656
v -0.367889 0.324831 -0.212477
v -0.367306 0.322298 -0.220043
v -0.371641 0.330127 -0.217153
v 0.567055 0.885169 -0.328090
v 0.564154 0.890976 -0.323414
v 0.563303 0.890466 -0.332766
v -0.367889 0.324831 -0.212477
v -0.371641 0.330127 -0.217153
v -0.370791 0.330637 -0.207801
v 0.567055 0.885169 -0.328090
v 0.569015 0.883461 -0.320524
v 0.564154 0.890976 -0.323414
v -0.367889 0.324831 -0.212477
v -0.370791 0.330637 -0.207801
v -0.365930 0.323123 -0.204911
v 0.567055 0.885169 -0.328090
v 0.571168 0.878307 -0.328090
v 0.569015 0.883461 -0.320524
v -0.367889 0.324831 -0.212477
v -0.365930 0.323123 -0.204911
v -0.363776 0.317969 -0.212477
v 0.050000 0.667000 -0.300000
v 0.115847 0.657424 -0.385923
v 0.230104 0.513716 -0.372767
v 0.157053 0.657424 -0.283933
v 0.183396 0.565296 -0.429623
v 0.179758 0.571983 -0.432748
v 0.087825 0.609126 -0.246270
v 0.091464 0.602439 -0.243144
v 0.179758 0.571983 -0.432748
v 0.184771 0.578398 -0.431554
v 0.092839 0.615541 -0.245076
v 0.087825 0.609126 -0.246270
v 0.184771 0.578398 -0.431554
v 0.191508 0.575676 -0.427691
v 0.099576 0.612820 -0.241212
v 0.092839 0.615541 -0.245076
v 0.191508 0.575676 -0.427691
v 0.190658 0.567579 -0.426497
v 0.098726 0.604722 -0.240019
v 0.099576 0.612820 -0.241212
v 0.190658 0.567579 -0.426497
v 0.183396 0.565296 -0.429623
v 0.091464 0.602439 -0.243144
v 0.098726 0.604722 -0.240019
v 0.186018 0.571787 -0.429623
v 0.179758 0.571983 -0.432748
v 0.183396 0.565296 -0.429623
v 0.094086 0.608930 -0.243144
v 0.091464 0.602439 -0.243144
v 0.087825 0.609126 -0.246270
v 0.186018 0.571787 -0.429623
v 0.184771 0.578398 -0.431554
v 0.179758 0.571983 -0.432748
v 0.094086 0.608930 -0.243144
v 0.087825 0.609126 -0.246270
v 0.092839 0.615541 -0.245076
v 0.186018 0.571787 -0.429623
v 0.191508 0.575676 -0.427691
v 0.184771 0.578398 -0.431554
v 0.094086 0.608930 -0.243144
v 0.092839 0.615541 -0.245076
v 0.099576 0.612820 -0.241212
v 0.186018 0.571787 -0.429623
v 0.190658 0.567579 -0.426497
v 0.191508 0.575676 -0.427691
v 0.094086 0.608930 -0.243144
v 0.099576 0.612820 -0.241212
v 0.098726 0.604722 -0.240019
v 0.186018 0.571787 -0.429623
v 0.183396 0.565296 -0.429623
v 0.190658 0.567579 -0.426497
v 0.094086 0.608930 -0.243144
v 0.098726 0.604722 -0.240019
v 0.091464 0.602439 -0.243144
v 0.207275 0.134930 0.130899
v 0.212275 0.132546 0.123299
v 0.758201 1.110485 0.175725
v 0.753200 1.112869 0.183325
v 0.212275 0.132546 0.123299
v 0.220019 0.128068 0.126202
v 0.765944 1.106007 0.178628
v 0.758201 1.110485 0.175725
v 0.220019 0.128068 0.126202
v 0.219804 0.127684 0.135596
v 0.765730 1.105623 0.188022
v 0.765944 1.106007 0.178628
v 0.219804 0.127684 0.135596
v 0.211928 0.131925 0.138499
v 0.757854 1.109864 0.190925
v 0.765730 1.105623 0.188022
v 0.211928 0.131925 0.138499
v 0.207275 0.134930 0.130899
v 0.753200 1.112869 0.183325
v 0.757854 1.109864 0.190925
v 0.214260 0.131030 0.130899
v 0.212275 0.132546 0.123299
v 0.207275 0.134930 0.130899
v 0.760186 1.108970 0.183325
v 0.753200 1.112869 0.183325
v 0.758201 1.110485 0.175725
v 0.214260 0.131030 0.130899
v 0.220019 0.128068 0.126202
v 0.212275 0.132546 0.123299
v 0.760186 1.108970 0.183325
v 0.758201 1.110485 0.175725
v 0.765944 1.106007 0.178628
v 0.214260 0.131030 0.130899
v 0.219804 0.127684 0.135596
v 0.220019 0.128068 0.126202
v 0.760186 1.108970 0.183325
v 0.765944 1.106007 0.178628
v 0.765730 1.105623 0.188022
v 0.214260 0.131030 0.130899
v 0.211928 0.131925 0.138499
v 0.219804 0.127684 0.135596
v 0.760186 1.108970 0.183325
v 0.765730 1.105623 0.188022
v 0.757854 1.109864 0.190925
v 0.214260 0.131030 0.130899
v 0.207275 0.134930 0.130899
v 0.211928 0.131925 0.138499
v 0.760186 1.108970 0.183325
v 0.757854 1.109864 0.190925
v 0.753200 1.112869 0.183325
v 0.500000 0.684400 0.180000
v 0.431091 0.674824 0.096513
v 0.469613 0.531116 -0.011857
v 0.539737 0.674824 0.079305
v 0.470137 0.559887 -0.009168
v 0.475834 0.564936 -0.012293
v 0.491345 0.662868 0.174185
v 0.485648 0.657819 0.177311
v 0.475834 0.564936 -0.012293
v 0.483213 0.561495 -0.011099
v 0.498724 0.659426 0.175379
v 0.491345 0.662868 0.174185
v 0.483213 0.561495 -0.011099
v 0.482076 0.554318 -0.007236
v 0.497587 0.652250 0.179242
v 0.498724 0.659426 0.175379
v 0.482076 0.554318 -0.007236
v 0.473995 0.553325 -0.006042
v 0.489506 0.651257 0.180436
v 0.497587 0.652250 0.179242
v 0.473995 0.553325 -0.006042
v 0.470137 0.559887 -0.009168
v 0.485648 0.657819 0.177311
v 0.489506 0.651257 0.180436
v 0.477051 0.558792 -0.009168
v 0.475834 0.564936 -0.012293
v 0.470137 0.559887 -0.009168
v 0.492562 0.656724 0.177311
v 0.485648 0.657819 0.177311
v 0.491345 0.662868 0.174185
v 0.477051 0.558792 -0.009168
v 0.483213 0.561495 -0.011099
v 0.475834 0.564936 -0.012293
v 0.492562 0.656724 0.177311
v 0.491345 0.662868 0.174185
v 0.498724 0.659426 0.175379
v 0.477051 0.558792 -0.009168
v 0.482076 0.554318 -0.007236
v 0.483213 0.561495 -0.011099
v 0.492562 0.656724 0.177311
v 0.498724 0.659426 0.175379
v 0.497587 0.652250 0.179242
v 0.477051 0.558792 -0.009168
v 0.473995 0.553325 -0.006042
v 0.482076 0.554318 -0.007236
v 0.492562 0.656724 0.177311
v 0.497587 0.652250 0.179242
v 0.489506 0.651257 0.180436
v 0.477051 0.558792 -0.009168
v 0.470137 0.559887 -0.009168
v 0.473995 0.553325 -0.006042
v 0.492562 0.656724 0.177311
v 0.489506 0.651257 0.180436
v 0.485648 0.657819 0.177311
v -1.280000 0.000000 -0.140000
v -1.158504 0.005332 -0.023802
v -1.100000 0.000000 -0.140000
v -1.100000 0.000000 -0.140000
v -1.158504 0.005332 -0.023802
v -1.154620 0.064492 0.011218
v -1.051903 0.059160 -0.140000
v -1.051903 0.059160 -0.140000
v -1.154620 0.064492 0.011218
v -1.199169 0.116692 -0.028573
v -1.128825 0.111360 -0.140000
v -1.280000 0.158400 -0.129200
v -1.128825 0.111360 -0.140000
v -1.199169 0.116692 -0.028573
v -1.280000 0.000000 -0.140000
v -1.316323 -0.001690 0.032650
v -1.158504 0.005332 -0.023802
v -1.158504 0.005332 -0.023802
v -1.316323 -0.001690 0.032650
v -1.323546 0.057470 0.053306
v -1.154620 0.064492 0.011218
v -1.154620 0.064492 0.011218
v -1.323546 0.057470 0.053306
v -1.314050 0.109670 -0.021563
v -1.199169 0.116692 -0.028573
v -1.280000 0.158400 -0.129200
v -1.199169 0.116692 -0.028573
v -1.314050 0.109670 -0.021563
v -1.280000 0.000000 -0.140000
v -1.445821 -0.004796 -0.071291
v -1.316323 -0.001690 0.032650
v -1.316323 -0.001690 0.032650
v -1.445821 -0.004796 -0.071291
v -1.486131 0.054364 -0.066895
v -1.323546 0.057470 0.053306
v -1.323546 0.057470 0.053306
v -1.486131 0.054364 -0.066895
v -1.413509 0.106564 -0.085402
v -1.314050 0.109670 -0.021563
v -1.280000 0.158400 -0.129200
v -1.314050 0.109670 -0.021563
v -1.413509 0.106564 -0.085402
v -1.280000 0.000000 -0.140000
v -1.453167 0.003211 -0.205525
v -1.445821 -0.004796 -0.071291
v -1.445821 -0.004796 -0.071291
v -1.453167 0.003211 -0.205525
v -1.457364 0.062371 -0.225573
v -1.486131 0.054364 -0.066895
v -1.486131 0.054364 -0.066895
v -1.457364 0.062371 -0.225573
v -1.397362 0.114571 -0.201596
v -1.413509 0.106564 -0.085402
v -1.280000 0.158400 -0.129200
v -1.413509 0.106564 -0.085402
v -1.397362 0.114571 -0.201596
v -1.280000 0.000000 -0.140000
v -1.316091 0.003778 -0.313565
v -1.453167 0.003211 -0.205525
v -1.453167 0.003211 -0.205525
v -1.316091 0.003778 -0.313565
v -1.324455 0.062938 -0.329721
v -1.457364 0.062371 -0.225573
v -1.457364 0.062371 -0.225573
v -1.324455 0.062938 -0.329721
v -1.314560 0.115138 -0.256425
v -1.397362 0.114571 -0.201596
v -1.280000 0.158400 -0.129200
v -1.397362 0.114571 -0.201596
v -1.314560 0.115138 -0.256425
v -1.280000 0.000000 -0.140000
v -1.162854 -0.004409 -0.261106
v -1.316091 0.003778 -0.313565
v -1.316091 0.003778 -0.313565
v -1.162854 -0.004409 -0.261106
v -1.137586 0.054751 -0.271994
v -1.324455 0.062938 -0.329721
v -1.324455 0.062938 -0.329721
v -1.137586 0.054751 -0.271994
v -1.189608 0.106951 -0.240637
v -1.314560 0.115138 -0.256425
v -1.280000 0.158400 -0.129200
v -1.314560 0.115138 -0.256425
v -1.189608 0.106951 -0.240637
v -1.280000 0.000000 -0.140000
v -1.100000 0.000000 -0.140000
v -1.162854 -0.004409 -0.261106
v -1.162854 -0.004409 -0.261106
v -1.100000 0.000000 -0.140000
v -1.051903 0.059160 -0.140000
v -1.137586 0.054751 -0.271994
v -1.137586 0.054751 -0.271994
v -1.051903 0.059160 -0.140000
v -1.128825 0.111360 -0.140000
v -1.189608 0.106951 -0.240637
v -1.280000 0.158400 -0.129200
v -1.189608 0.106951 -0.240637
v -1.128825 0.111360 -0.140000
v -0.620000 0.000000 -0.097926
v -0.585217 0.004366 0.067476
v -0.443676 0.002446 -0.031801
v -0.443676 0.002446 -0.031801
v -0.585217 0.004366 0.067476
v -0.582156 0.063526 0.103469
v -0.426965 0.061606 -0.016615
v -0.426965 0.061606 -0.016615
v -0.582156 0.063526 0.103469
v -0.591182 0.115726 0.030062
v -0.501578 0.113806 -0.034677
v -0.612754 0.158400 -0.088298
v -0.501578 0.113806 -0.034677
v -0.591182 0.115726 0.030062
v -0.620000 0.000000 -0.097926
v -0.729332 -0.003830 0.032888
v -0.585217 0.004366 0.067476
v -0.585217 0.004366 0.067476
v -0.729332 -0.003830 0.032888
v -0.762435 0.055330 0.035841
v -0.582156 0.063526 0.103469
v -0.582156 0.063526 0.103469
v -0.762435 0.055330 0.035841
v -0.720164 0.107530 -0.006999
v -0.591182 0.115726 0.030062
v -0.612754 0.158400 -0.088298
v -0.591182 0.115726 0.030062
v -0.720164 0.107530 -0.006999
v -0.620000 0.000000 -0.097926
v -0.817916 -0.003152 -0.101018
v -0.729332 -0.003830 0.032888
v -0.729332 -0.003830 0.032888
v -0.817916 -0.003152 -0.101018
v -0.831978 0.056008 -0.101818
v -0.762435 0.055330 0.035841
v -0.762435 0.055330 0.035841
v -0.831978 0.056008 -0.101818
v -0.751039 0.108208 -0.100921
v -0.720164 0.107530 -0.006999
v -0.612754 0.158400 -0.088298
v -0.720164 0.107530 -0.006999
v -0.751039 0.108208 -0.100921
v -0.620000 0.000000 -0.097926
v -0.722478 0.004829 -0.234644
v -0.817916 -0.003152 -0.101018
v -0.817916 -0.003152 -0.101018
v -0.722478 0.004829 -0.234644
v -0.734606 0.063989 -0.260406
v -0.831978 0.056008 -0.101818
v -0.831978 0.056008 -0.101818
v -0.734606 0.063989 -0.260406
v -0.708626 0.116189 -0.199468
v -0.751039 0.108208 -0.100921
v -0.612754 0.158400 -0.088298
v -0.751039 0.108208 -0.100921
v -0.708626 0.116189 -0.199468
v -0.620000 0.000000 -0.097926
v -0.577555 0.001620 -0.259804
v -0.722478 0.004829 -0.234644
v -0.722478 0.004829 -0.234644
v -0.577555 0.001620 -0.259804
v -0.565162 0.060780 -0.264194
v -0.734606 0.063989 -0.260406
v -0.734606 0.063989 -0.260406
v -0.565162 0.060780 -0.264194
v -0.582409 0.112980 -0.214378
v -0.708626 0.116189 -0.199468
v -0.612754 0.158400 -0.088298
v -0.708626 0.116189 -0.199468
v -0.582409 0.112980 -0.214378
v -0.620000 0.000000 -0.097926
v -0.440524 -0.005343 -0.158674
v -0.577555 0.001620 -0.259804
v -0.577555 0.001620 -0.259804
v -0.440524 -0.005343 -0.158674
v -0.431334 0.053817 -0.175804
v -0.565162 0.060780 -0.264194
v -0.565162 0.060780 -0.264194
v -0.431334 0.053817 -0.175804
v -0.501727 0.106017 -0.156904
v -0.582409 0.112980 -0.214378
v -0.612754 0.158400 -0.088298
v -0.582409 0.112980 -0.214378
v -0.501727 0.106017 -0.156904
v -0.620000 0.000000 -0.097926
v -0.443676 0.002446 -0.031801
v -0.440524 -0.005343 -0.158674
v -0.440524 -0.005343 -0.158674
v -0.443676 0.002446 -0.031801
v -0.426965 0.061606 -0.016615
v -0.431334 0.053817 -0.175804
v -0.431334 0.053817 -0.175804
v -0.426965 0.061606 -0.016615
v -0.501578 0.113806 -0.034677
v -0.501727 0.106017 -0.156904
v -0.612754 0.158400 -0.088298
v -0.501727 0.106017 -0.156904
v -0.501578 0.113806 -0.034677
v 0.170000 0.000000 -0.094535
v 0.127107 0.002453 0.076762
v 0.279517 0.004361 0.032154
v 0.279517 0.004361 0.032154
v 0.127107 0.002453 0.076762
v 0.115069 0.061613 0.085738
v 0.282431 0.063521 0.069265
v 0.282431 0.063521 0.069265
v 0.115069 0.061613 0.085738
v 0.128351 0.113813 0.018348
v 0.248587 0.115721 0.017940
v 0.182921 0.158400 -0.088165
v 0.248587 0.115721 0.017940
v 0.128351 0.113813 0.018348
v 0.170000 0.000000 -0.094535
v -0.008049 -0.005139 -0.035419
v 0.127107 0.002453 0.076762
v 0.127107 0.002453 0.076762
v -0.008049 -0.005139 -0.035419
v -0.036653 0.054021 -0.026574
v 0.115069 0.061613 0.085738
v 0.115069 0.061613 0.085738
v -0.036653 0.054021 -0.026574
v 0.042329 0.106221 -0.041522
v 0.128351 0.113813 0.018348
v 0.182921 0.158400 -0.088165
v 0.128351 0.113813 0.018348
v 0.042329 0.106221 -0.041522
v 0.170000 0.000000 -0.094535
v 0.009780 -0.000824 -0.170225
v -0.008049 -0.005139 -0.035419
v -0.008049 -0.005139 -0.035419
v 0.009780 -0.000824 -0.170225
v 0.003786 0.058336 -0.191112
v -0.036653 0.054021 -0.026574
v -0.036653 0.054021 -0.026574
v 0.003786 0.058336 -0.191112
v 0.050366 0.110536 -0.159199
v 0.042329 0.106221 -0.041522
v 0.182921 0.158400 -0.088165
v 0.042329 0.106221 -0.041522
v 0.050366 0.110536 -0.159199
v 0.170000 0.000000 -0.094535
v 0.140273 0.005400 -0.267808
v 0.009780 -0.000824 -0.170225
v 0.009780 -0.000824 -0.170225
v 0.140273 0.005400 -0.267808
v 0.131445 0.064560 -0.274202
v 0.003786 0.058336 -0.191112
v 0.003786 0.058336 -0.191112
v 0.131445 0.064560 -0.274202
v 0.141331 0.116760 -0.209251
v 0.050366 0.110536 -0.159199
v 0.182921 0.158400 -0.088165
v 0.050366 0.110536 -0.159199
v 0.141331 0.116760 -0.209251
v 0.170000 0.000000 -0.094535
v 0.298637 -0.000888 -0.205880
v 0.140273 0.005400 -0.267808
v 0.140273 0.005400 -0.267808
v 0.298637 -0.000888 -0.205880
v 0.315542 0.058272 -0.226415
v 0.131445 0.064560 -0.274202
v 0.131445 0.064560 -0.274202
v 0.315542 0.058272 -0.226415
v 0.259281 0.110472 -0.197721
v 0.141331 0.116760 -0.209251
v 0.182921 0.158400 -0.088165
v 0.141331 0.116760 -0.209251
v 0.259281 0.110472 -0.197721
v 0.170000 0.000000 -0.094535
v 0.347471 -0.005118 -0.087578
v 0.298637 -0.000888 -0.205880
v 0.298637 -0.000888 -0.205880
v 0.347471 -0.005118 -0.087578
v 0.357204 0.054042 -0.085813
v 0.315542 0.058272 -0.226415
v 0.315542 0.058272 -0.226415
v 0.357204 0.054042 -0.085813
v 0.308407 0.106242 -0.088833
v 0.259281 0.110472 -0.197721
v 0.182921 0.158400 -0.088165
v 0.259281 0.110472 -0.197721
v 0.308407 0.106242 -0.088833
v 0.170000 0.000000 -0.094535
v 0.279517 0.004361 0.032154
v 0.347471 -0.005118 -0.087578
v 0.347471 -0.005118 -0.087578
v 0.279517 0.004361 0.032154
v 0.282431 0.063521 0.069265
v 0.357204 0.054042 -0.085813
v 0.357204 0.054042 -0.085813
v 0.282431 0.063521 0.069265
v 0.248587 0.115721 0.017940
v 0.308407 0.106242 -0.088833
v 0.182921 0.158400 -0.088165
v 0.308407 0.106242 -0.088833
v 0.248587 0.115721 0.017940
v 0.910000 0.000000 -0.132944
v 0.787644 0.000009 -0.014362
v 0.936266 0.005330 0.041132
v 0.936266 0.005330 0.041132
v 0.787644 0.000009 -0.014362
v 0.756409 0.059169 -0.008021
v 0.941048 0.064490 0.064344
v 0.941048 0.064490 0.064344
v 0.756409 0.059169 -0.008021
v 0.809433 0.111369 -0.040739
v 0.934293 0.116690 -0.011885
v 0.925794 0.158400 -0.131215
v 0.934293 0.116690 -0.011885
v 0.809433 0.111369 -0.040739
v 0.910000 0.000000 -0.132944
v 0.716812 -0.005333 -0.142464
v 0.787644 0.000009 -0.014362
v 0.787644 0.000009 -0.014362
v 0.716812 -0.005333 -0.142464
v 0.711547 0.053827 -0.145366
v 0.756409 0.059169 -0.008021
v 0.756409 0.059169 -0.008021
v 0.711547 0.053827 -0.145366
v 0.780391 0.106027 -0.141990
v 0.809433 0.111369 -0.040739
v 0.925794 0.158400 -0.131215
v 0.809433 0.111369 -0.040739
v 0.780391 0.106027 -0.141990
v 0.910000 0.000000 -0.132944
v 0.816914 0.001682 -0.278615
v 0.716812 -0.005333 -0.142464
v 0.716812 -0.005333 -0.142464
v 0.816914 0.001682 -0.278615
v 0.796792 0.060842 -0.294003
v 0.711547 0.053827 -0.145366
v 0.711547 0.053827 -0.145366
v 0.796792 0.060842 -0.294003
v 0.821677 0.113042 -0.231625
v 0.780391 0.106027 -0.141990
v 0.925794 0.158400 -0.131215
v 0.780391 0.106027 -0.141990
v 0.821677 0.113042 -0.231625
v 0.910000 0.000000 -0.132944
v 0.962849 0.004800 -0.283039
v 0.816914 0.001682 -0.278615
v 0.816914 0.001682 -0.278615
v 0.962849 0.004800 -0.283039
v 0.974968 0.063960 -0.294546
v 0.796792 0.060842 -0.294003
v 0.796792 0.060842 -0.294003
v 0.974968 0.063960 -0.294546
v 0.951625 0.116160 -0.255006
v 0.821677 0.113042 -0.231625
v 0.925794 0.158400 -0.131215
v 0.821677 0.113042 -0.231625
v 0.951625 0.116160 -0.255006
v 0.910000 0.000000 -0.132944
v 1.086611 -0.003204 -0.190238
v 0.962849 0.004800 -0.283039
v 0.962849 0.004800 -0.283039
v 1.086611 -0.003204 -0.190238
v 1.090608 0.055956 -0.207717
v 0.974968 0.063960 -0.294546
v 0.974968 0.063960 -0.294546
v 1.090608 0.055956 -0.207717
v 1.031270 0.108156 -0.186084
v 0.951625 0.116160 -0.255006
v 0.925794 0.158400 -0.131215
v 0.951625 0.116160 -0.255006
v 1.031270 0.108156 -0.186084
v 0.910000 0.000000 -0.132944
v 1.051201 -0.003784 -0.045581
v 1.086611 -0.003204 -0.190238
v 1.086611 -0.003204 -0.190238
v 1.051201 -0.003784 -0.045581
v 1.086110 0.055376 -0.038544
v 1.090608 0.055956 -0.207717
v 1.090608 0.055956 -0.207717
v 1.086110 0.055376 -0.038544
v 1.046203 0.107576 -0.074820
v 1.031270 0.108156 -0.186084
v 0.925794 0.158400 -0.131215
v 1.031270 0.108156 -0.186084
v 1.046203 0.107576 -0.074820
v 0.910000 0.000000 -0.132944
v 0.936266 0.005330 0.041132
v 1.051201 -0.003784 -0.045581
v 1.051201 -0.003784 -0.045581
v 0.936266 0.005330 0.041132
v 0.941048 0.064490 0.064344
v 1.086110 0.055376 -0.038544
v 1.086110 0.055376 -0.038544
v 0.941048 0.064490 0.064344
v 0.934293 0.116690 -0.011885
v 1.046203 0.107576 -0.074820
v 0.925794 0.158400 -0.131215
v 1.046203 0.107576 -0.074820
v 0.934293 0.116690 -0.011885
v 1.350000 0.000000 -0.177840
v 1.164989 -0.002438 -0.125928
v 1.298511 0.005144 -0.014268
v 1.298511 0.005144 -0.014268
v 1.164989 -0.002438 -0.125928
v 1.149795 0.056722 -0.113195
v 1.282791 0.064304 -0.010547
v 1.282791 0.064304 -0.010547
v 1.149795 0.056722 -0.113195
v 1.226796 0.108922 -0.127806
v 1.302155 0.116504 -0.065728
v 1.365241 0.158400 -0.181127
v 1.302155 0.116504 -0.065728
v 1.226796 0.108922 -0.127806
v 1.350000 0.000000 -0.177840
v 1.203193 -0.004371 -0.264583
v 1.164989 -0.002438 -0.125928
v 1.164989 -0.002438 -0.125928
v 1.203193 -0.004371 -0.264583
v 1.188054 0.054789 -0.282169
v 1.149795 0.056722 -0.113195
v 1.149795 0.056722 -0.113195
v 1.188054 0.054789 -0.282169
v 1.225602 0.106989 -0.243538
v 1.226796 0.108922 -0.127806
v 1.365241 0.158400 -0.181127
v 1.226796 0.108922 -0.127806
v 1.225602 0.106989 -0.243538
v 1.350000 0.000000 -0.177840
v 1.325967 0.003824 -0.344753
v 1.203193 -0.004371 -0.264583
v 1.203193 -0.004371 -0.264583
v 1.325967 0.003824 -0.344753
v 1.318803 0.062984 -0.348772
v 1.188054 0.054789 -0.282169
v 1.188054 0.054789 -0.282169
v 1.318803 0.062984 -0.348772
v 1.328348 0.115184 -0.295831
v 1.225602 0.106989 -0.243538
v 1.365241 0.158400 -0.181127
v 1.225602 0.106989 -0.243538
v 1.328348 0.115184 -0.295831
v 1.350000 0.000000 -0.177840
v 1.485913 0.003159 -0.283918
v 1.325967 0.003824 -0.344753
v 1.325967 0.003824 -0.344753
v 1.485913 0.003159 -0.283918
v 1.494108 0.062319 -0.312728
v 1.318803 0.062984 -0.348772
v 1.318803 0.062984 -0.348772
v 1.494108 0.062319 -0.312728
v 1.439659 0.114519 -0.280834
v 1.328348 0.115184 -0.295831
v 1.365241 0.158400 -0.181127
v 1.328348 0.115184 -0.295831
v 1.439659 0.114519 -0.280834
v 1.350000 0.000000 -0.177840
v 1.516714 -0.004825 -0.163151
v 1.485913 0.003159 -0.283918
v 1.485913 0.003159 -0.283918
v 1.516714 -0.004825 -0.163151
v 1.539280 0.054335 -0.160609
v 1.494108 0.062319 -0.312728
v 1.494108 0.062319 -0.312728
v 1.539280 0.054335 -0.160609
v 1.497177 0.106535 -0.167145
v 1.439659 0.114519 -0.280834
v 1.365241 0.158400 -0.181127
v 1.439659 0.114519 -0.280834
v 1.497177 0.106535 -0.167145
v 1.350000 0.000000 -0.177840
v 1.448022 -0.001629 -0.040544
v 1.516714 -0.004825 -0.163151
v 1.516714 -0.004825 -0.163151
v 1.448022 -0.001629 -0.040544
v 1.475839 0.057531 -0.036140
v 1.539280 0.054335 -0.160609
v 1.539280 0.054335 -0.160609
v 1.475839 0.057531 -0.036140
v 1.435140 0.109731 -0.077071
v 1.497177 0.106535 -0.167145
v 1.365241 0.158400 -0.181127
v 1.497177 0.106535 -0.167145
v 1.435140 0.109731 -0.077071
v 1.350000 0.000000 -0.177840
v 1.298511 0.005144 -0.014268
v 1.448022 -0.001629 -0.040544
v 1.448022 -0.001629 -0.040544
v 1.298511 0.005144 -0.014268
v 1.282791 0.064304 -0.010547
v 1.475839 0.057531 -0.036140
v 1.475839 0.057531 -0.036140
v 1.282791 0.064304 -0.010547
v 1.302155 0.116504 -0.065728
v 1.435140 0.109731 -0.077071
v 1.365241 0.158400 -0.181127
v 1.435140 0.109731 -0.077071
v 1.302155 0.116504 -0.065728
vt 0.000000 0.000000
vt 0.000000 0.000000
vt 0.000000 0.000000
vt 0.000000 0.000000
vt 1.000000 0.000000
vt 1.000000 1.000000
vt 0.000000 1.000000
vt 0.000000 0.000000
vt 1.000000 0.000000
vt 1.000000 1.000000
vt 0.000000 1.000000
vt 0.000000 0.000000
vt 0.000000 0.000000
vt 0.000000 0.000000
vt 0.000000 0.000000
vt 0.000000 0.000000
vt 0.000000 0.000000
vt 0.000000 0.000000
vt 1.000000 0.000000
vt 1.000000 1.000000
vt 0.000000 1.000000
vt 0.000000 0.000000
vt 1.000000 0.000000
vt 1.000000 1.000000
vt 0.000000 1.000000
vt 0.000000 0.000000
vt 0.000000 0.000000
vt 0.000000 0.000000
vt 0.000000 0.000000
vt 0.000000 0.000000
vt 0.000000 0.000000
vt 0.000000 0.000000
vt 1.000000 0.000000
vt 1.000000 1.000000
vt 0.000000 1.000000
vt 0.000000 0.000000
vt 1.000000 0.000000
vt 1.000000 1.000000
vt 0.000000 1.000000
vt 0.000000 0.000000
vt 0.000000 0.000000
vt 0.000000 0.000000
vt 0.000000 0.000000
vt 0.000000 0.000000
vt 0.000000 0.000000
vt 0.000000 0.000000
vt 1.000000 0.000000
vt 1.000000 1.000000
vt 0.000000 1.000000
vt 0.000000 0.000000
vt 1.000000 0.000000
vt 1.000000 1.000000
vt 0.000000 1.000000
vt 0.000000 0.000000
vt 0.000000 0.000000
vt 0.000000 0.000000
vt 0.000000 0.000000
vt 0.000000 0.000000
vt 0.000000 0.000000
vt 0.000000 0.000000
vt 1.000000 0.000000
vt 1.000000 1.000000
vt 0.000000 1.000000
vt 0.000000 0.000000
vt 1.000000 0.000000
vt 1.000000 1.000000
vt 0.000000 1.000000
vt 0.000000 0.000000
vt 0.000000 0.000000
vt 0.000000 0.000000
vt 0.000000 0.000000
vt 0.000000 0.000000
vt 0.000000 0.000000
vt 0.000000 0.000000
vt 1.000000 0.000000
vt 1.000000 1.000000
vt 0.000000 1.000000
vt 0.000000 0.000000
vt 1.000000 0.000000
vt 1.000000 1.000000
vt 0.000000 1.000000
vt 0.000000 0.000000
vt 0.000000 0.000000
vt 0.000000 0.000000
vt 0.000000 0.000000
vt 0.000000 0.000000
vt 0.000000 0.000000
vt 0.000000 0.000000
vt 1.000000 0.000000
vt 1.000000 1.000000
vt 0.000000 1.000000
vt 0.000000 0.000000
vt 1.000000 0.000000
vt 1.000000 1.000000
vt 0.000000 1.000000
vt 0.000000 0.000000
vt 0.000000 0.000000
vt 0.000000 0.000000
vt 0.000000 0.000000
vt 0.000000 0.000000
vt 0.000000 0.000000
vt 0.000000 0.000000
vt 1.000000 0.000000
vt 1.000000 1.000000
vt 0.000000 1.000000
vt 0.000000 0.000000
vt 1.000000 0.000000
vt 1.000000 1.000000
vt 0.000000 1.000000
vt 0.000000 0.000000
vt 0.000000 0.000000
vt 0.000000 0.000000
vt 0.000000 0.000000
vt 0.000000 0.000000
vt 0.000000 0.000000
vt 0.000000 0.000000
vt 1.000000 0.000000
vt 1.000000 1.000000
vt 0.000000 1.000000
vt 0.000000 0.000000
vt 1.000000 0.000000
vt 1.000000 1.000000
vt 0.000000 1.000000
vt 0.000000 0.000000
vt 0.000000 0.000000
vt 0.000000 0.000000
vt 0.000000 0.000000
vt 0.000000 0.000000
vt 0.000000 0.000000
vt 0.000000 0.000000
vt 1.000000 0.000000
vt 1.000000 1.000000
vt 0.000000 1.000000
vt 0.000000 0.000000
vt 1.000000 0.000000
vt 1.000000 1.000000
vt 0.000000 1.000000
vt 0.000000 0.000000
vt 0.000000 0.000000
vt 0.000000 0.000000
vt 0.000000 0.000000
vt 0.000000 0.000000
vt 0.000000 0.000000
vt 0.000000 0.000000
vt 1.000000 0.000000
vt 1.000000 1.000000
vt 0.000000 1.000000
vt 0.000000 0.000000
vt 1.000000 0.000000
vt 1.000000 1.000000
vt 0.000000 1.000000
vt 0.000000 0.000000
vt 0.000000 0.000000
vt 0.000000 0.000000
vt 0.000000 0.000000
vt 0.000000 0.000000
vt 0.000000 0.000000
vt 0.000000 0.000000
vt 1.000000 0.000000
vt 1.000000 1.000000
vt 0.000000 1.000000
vt 0.000000 0.000000
vt 1.000000 0.000000
vt 1.000000 1.000000
vt 0.000000 1.000000
vt 0.000000 0.000000
vt 0.000000 0.000000
vt 0.000000 0.000000
vt 0.000000 0.000000
vt 0.000000 0.000000
vt 0.000000 0.000000
vt 0.000000 0.000000
vt 1.000000 0.000000
vt 1.000000 1.000000
vt 0.000000 1.000000
vt 0.000000 0.000000
vt 1.000000 0.000000
vt 1.000000 1.000000
vt 0.000000 1.000000
vt 0.000000 0.000000
vt 0.000000 0.000000
vt 0.000000 0.000000
vt 0.000000 0.000000
vt 0.000000 0.000000
vt 0.000000 0.000000
vt 0.000000 0.000000
vt 1.000000 0.000000
vt 1.000000 1.000000
vt 0.000000 1.000000
vt 0.000000 0.000000
vt 1.000000 0.000000
vt 1.000000 1.000000
vt 0.000000 1.000000
vt 0.000000 0.000000
vt 0.000000 0.000000
vt 0.000000 0.000000
vt 0.000000 0.000000
vt 0.000000 0.000000
vt 0.000000 0.000000
vt 0.000000 0.000000
vt 1.000000 0.000000
vt 1.000000 1.000000
vt 0.000000 1.000000
vt 0.000000 0.000000
vt 1.000000 0.000000
vt 1.000000 1.000000
vt 0.000000 1.000000
vt 0.000000 0.000000
vt 0.000000 0.000000
vt 0.000000 0.000000
vt 0.000000 0.000000
vt 0.000000 0.000000
vt 0.000000 0.000000
vt 0.000000 0.000000
vt 1.000000 0.000000
vt 1.000000 1.000000
vt 0.000000 1.000000
vt 0.000000 0.000000
vt 1.000000 0.000000
vt 1.000000 1.000000
vt 0.000000 1.000000
vt 0.000000 0.000000
vt 0.000000 0.000000
vt 0.000000 0.000000
vt 0.000000 0.000000
vt 0.000000 0.000000
vt 0.000000 0.000000
vt 0.000000 0.000000
vt 1.000000 0.000000
vt 1.000000 1.000000
vt 0.000000 1.000000
vt 0.000000 0.000000
vt 1.000000 0.000000
vt 1.000000 1.000000
vt 0.000000 1.000000
vt 0.000000 0.000000
vt 0.000000 0.000000
vt 0.000000 0.000000
vt 0.000000 0.000000
vt 0.000000 0.000000
vt 0.000000 0.000000
vt 0.000000 0.000000
vt 1.000000 0.000000
vt 1.000000 1.000000
vt 0.000000 1.000000
vt 0.000000 0.000000
vt 1.000000 0.000000
vt 1.000000 1.000000
vt 0.000000 1.000000
vt 0.000000 0.000000
vt 0.000000 0.000000
vt 0.000000 0.000000
vt 0.000000 0.000000
vt 0.000000 0.000000
vt 0.000000 0.000000
vt 0.000000 0.000000
vt 1.000000 0.000000
vt 1.000000 1.000000
vt 0.000000 1.000000
vt 0.000000 0.000000
vt 1.000000 0.000000
vt 1.000000 1.000000
vt 0.000000 1.000000
vt 0.000000 0.000000
vt 0.000000 0.000000
vt 0.000000 0.000000
vt 0.000000 0.000000
vt 0.000000 0.000000
vt 0.000000 0.000000
vt 0.000000 0.000000
vt 1.000000 0.000000
vt 1.000000 1.000000
vt 0.000000 1.000000
vt 0.000000 0.000000
vt 1.000000 0.000000
vt 1.000000 1.000000
vt 0.000000 1.000000
vt 0.000000 0.000000
vt 0.000000 0.000000
vt 0.000000 0.000000
vt 0.000000 0.000000
vt 0.000000 0.000000
vt 0.000000 0.000000
vt 0.000000 0.000000
vt 1.000000 0.000000
vt 1.000000 1.000000
vt 0.000000 1.000000
vt 0.000000 0.000000
vt 1.000000 0.000000
vt 1.000000 1.000000
vt 0.000000 1.000000
vt 0.000000 0.000000
vt 0.000000 0.000000
vt 0.000000 0.000000
vt 0.000000 0.000000
vt 0.000000 0.000000
vt 0.000000 0.000000
vt 0.000000 0.000000
vt 1.000000 0.000000
vt 1.000000 1.000000
vt 0.000000 1.000000
vt 0.000000 0.000000
vt 1.000000 0.000000
vt 1.000000 1.000000
vt 0.000000 1.000000
vt 0.000000 0.000000
vt 0.000000 0.000000
vt 0.000000 0.000000
vt 0.000000 0.000000
vt 0.000000 0.000000
vt 0.000000 0.000000
vt 0.000000 0.000000
vt 1.000000 0.000000
vt 1.000000 1.000000
vt 0.000000 1.000000
vt 0.000000 0.000000
vt 1.000000 0.000000
vt 1.000000 1.000000
vt 0.000000 1.000000
vt 0.000000 0.000000
vt 0.000000 0.000000
vt 0.000000 0.000000
vt 0.000000 0.000000
vt 0.000000 0.000000
vt 0.000000 0.000000
vt 0.000000 0.000000
vt 1.000000 0.000000
vt 1.000000 1.000000
vt 0.000000 1.000000
vt 0.000000 0.000000
vt 1.000000 0.000000
vt 1.000000 1.000000
vt 0.000000 1.000000
vt 0.000000 0.000000
vt 0.000000 0.000000
vt 0.000000 0.000000
vt 0.000000 0.000000
vt 0.000000 0.000000
vt 0.000000 0.000000
vt 0.000000 0.000000
vt 1.000000 0.000000
vt 1.000000 1.000000
vt 0.000000 1.000000
vt 0.000000 0.000000
vt 1.000000 0.000000
vt 1.000000 1.000000
vt 0.000000 1.000000
vt 0.000000 0.000000
vt 0.000000 0.000000
vt 0.000000 0.000000
vt 0.000000 0.000000
vt 0.000000 0.000000
vt 0.000000 0.000000
vt 0.000000 0.000000
vt 1.000000 0.000000
vt 1.000000 1.000000
vt 0.000000 1.000000
vt 0.000000 0.000000
vt 1.000000 0.000000
vt 1.000000 1.000000
vt 0.000000 1.000000
vt 0.000000 0.000000
vt 0.000000 0.000000
vt 0.000000 0.000000
vt 0.000000 0.000000
vt 0.000000 0.000000
vt 0.000000 0.000000
vt 0.000000 0.000000
vt 1.000000 0.000000
vt 1.000000 1.000000
vt 0.000000 1.000000
vt 0.000000 0.000000
vt 1.000000 0.000000
vt 1.000000 1.000000
vt 0.000000 1.000000
vt 0.000000 0.000000
vt 0.000000 0.000000
vt 0.000000 0.000000
vt 0.000000 0.000000
vt 0.000000 0.000000
vt 0.000000 0.000000
vt 0.000000 0.000000
vt 1.000000 0.000000
vt 1.000000 1.000000
vt 0.000000 1.000000
vt 0.000000 0.000000
vt 1.000000 0.000000
vt 1.000000 1.000000
vt 0.000000 1.000000
vt 0.000000 0.000000
vt 0.000000 0.000000
vt 0.000000 0.000000
vt 0.000000 0.000000
vt 0.000000 0.000000
vt 0.000000 0.000000
vt 0.000000 0.000000
vt 1.000000 0.000000
vt 1.000000 1.000000
vt 0.000000 1.000000
vt 0.000000 0.000000
vt 1.000000 0.000000
vt 1.000000 1.000000
vt 0.000000 1.000000
vt 0.000000 0.000000
vt 0.000000 0.000000
vt 0.000000 0.000000
vt 0.000000 0.000000
vt 0.000000 0.000000
vt 0.000000 0.000000
vt 0.000000 0.000000
vt 1.000000 0.000000
vt 1.000000 1.000000
vt 0.000000 1.000000
vt 0.000000 0.000000
vt 1.000000 0.000000
vt 1.000000 1.000000
vt 0.000000 1.000000
vt 0.000000 0.000000
vt 0.000000 0.000000
vt 0.000000 0.000000
vt 0.000000 0.000000
vt 0.000000 0.000000
vt 0.000000 0.000000
vt 0.000000 0.000000
vt 1.000000 0.000000
vt 1.000000 1.000000
vt 0.000000 1.000000
vt 0.000000 0.000000
vt 1.000000 0.000000
vt 1.000000 1.000000
vt 0.000000 1.000000
vt 0.000000 0.000000
vt 0.000000 0.000000
vt 0.000000 0.000000
vt 0.000000 0.000000
vt 0.000000 0.000000
vt 0.000000 0.000000
vt 0.000000 0.000000
vt 1.000000 0.000000
vt 1.000000 1.000000
vt 0.000000 1.000000
vt 0.000000 0.000000
vt 1.000000 0.000000
vt 1.000000 1.000000
vt 0.000000 1.000000
vt 0.000000 0.000000
vt 0.000000 0.000000
vt 0.000000 0.000000
vt 0.000000 0.000000
vt 0.000000 0.000000
vt 0.000000 0.000000
vt 0.000000 0.000000
vt 1.000000 0.000000
vt 1.000000 1.000000
vt 0.000000 1.000000
vt 0.000000 0.000000
vt 1.000000 0.000000
vt 1.000000 1.000000
vt 0.000000 1.000000
vt 0.000000 0.000000
vt 0.000000 0.000000
vt 0.000000 0.000000
vt 0.000000 0.000000
vt 0.000000 0.000000
vt 0.000000 0.000000
vt 0.000000 0.000000
vt 1.000000 0.000000
vt 1.000000 1.000000
vt 0.000000 1.000000
vt 0.000000 0.000000
vt 1.000000 0.000000
vt 1.000000 1.000000
vt 0.000000 1.000000
vt 0.000000 0.000000
vt 0.000000 0.000000
vt 0.000000 0.000000
vt 0.000000 0.000000
vt 0.000000 0.000000
vt 0.000000 0.000000
vt 0.000000 0.000000
vt 1.000000 0.000000
vt 1.000000 1.000000
vt 0.000000 1.000000
vt 0.000000 0.000000
vt 1.000000 0.000000
vt 1.000000 1.000000
vt 0.000000 1.000000
vt 0.000000 0.000000
vt 0.000000 0.000000
vt 0.000000 0.000000
vt 0.000000 0.000000
vt 0.000000 0.000000
vt 0.000000 0.000000
vt 0.000000 0.000000
vt 1.000000 0.000000
vt 1.000000 1.000000
vt 0.000000 1.000000
vt 0.000000 0.000000
vt 1.000000 0.000000
vt 1.000000 1.000000
vt 0.000000 1.000000
vt 0.000000 0.000000
vt 0.000000 0.000000
vt 0.000000 0.000000
vt 0.000000 0.000000
vt 0.000000 0.000000
vt 0.000000 0.000000
vt 0.000000 0.000000
vt 1.000000 0.000000
vt 1.000000 1.000000
vt 0.000000 1.000000
vt 0.000000 0.000000
vt 1.000000 0.000000
vt 1.000000 1.000000
vt 0.000000 1.000000
vt 0.000000 0.000000
vt 0.000000 0.000000
vt 0.000000 0.000000
vt 0.000000 0.000000
vt 0.000000 0.000000
vt 0.000000 0.000000
vt 0.000000 0.000000
vt 1.000000 0.000000
vt 1.000000 1.000000
vt 0.000000 1.000000
vt 0.000000 0.000000
vt 1.000000 0.000000
vt 1.000000 1.000000
vt 0.000000 1.000000
vt 0.000000 0.000000
vt 0.000000 0.000000
vt 0.000000 0.000000
vt 0.000000 0.000000
vt 0.000000 0.000000
vt 0.000000 0.000000
vt 0.000000 0.000000
vt 1.000000 0.000000
vt 1.000000 1.000000
vt 0.000000 1.000000
vt 0.000000 0.000000
vt 1.000000 0.000000
vt 1.000000 1.000000
vt 0.000000 1.000000
vt 0.000000 0.000000
vt 0.000000 0.000000
vt 0.000000 0.000000
vt 0.000000 0.000000
vt 0.000000 0.000000
vt 0.000000 0.000000
vt 0.000000 0.000000
vt 1.000000 0.000000
vt 1.000000 1.000000
vt 0.000000 1.000000
vt 0.000000 0.000000
vt 1.000000 0.000000
vt 1.000000 1.000000
vt 0.000000 1.000000
vt 0.000000 0.000000
vt 0.000000 0.000000
vt 0.000000 0.000000
vt 0.000000 0.000000
vt 0.000000 0.000000
vt 0.000000 0.000000
vt 0.000000 0.000000
vt 1.000000 0.000000
vt 1.000000 1.000000
vt 0.000000 1.000000
vt 0.000000 0.000000
vt 1.000000 0.000000
vt 1.000000 1.000000
vt 0.000000 1.000000
vt 0.000000 0.000000
vt 0.000000 0.000000
vt 0.000000 0.000000
vt 0.000000 0.000000
vt 0.000000 0.000000
vt 0.000000 0.000000
vt 0.000000 0.000000
vt 1.000000 0.000000
vt 1.000000 1.000000
vt 0.000000 1.000000
vt 0.000000 0.000000
vt 1.000000 0.000000
vt 1.000000 1.000000
vt 0.000000 1.000000
vt 0.000000 0.000000
vt 0.000000 0.000000
vt 0.000000 0.000000
vt 0.000000 0.000000
vt 0.000000 0.000000
vt 0.000000 0.000000
vt 0.000000 0.000000
vt 1.000000 0.000000
vt 1.000000 1.000000
vt 0.000000 1.000000
vt 0.000000 0.000000
vt 1.000000 0.000000
vt 1.000000 1.000000
vt 0.000000 1.000000
vt 0.000000 0.000000
vt 0.000000 0.000000
vt 0.000000 0.000000
vt 0.000000 0.000000
vt 0.000000 0.000000
vt 0.000000 0.000000
vt 0.000000 0.000000
vt 1.000000 0.000000
vt 1.000000 1.000000
vt 0.000000 1.000000
vt 0.000000 0.000000
vt 1.000000 0.000000
vt 1.000000 1.000000
vt 0.000000 1.000000
vt 0.000000 0.000000
vt 0.000000 0.000000
vt 0.000000 0.000000
vt 0.000000 0.000000
vt 0.000000 0.000000
vt 0.000000 0.000000
vt 0.000000 0.000000
vt 1.000000 0.000000
vt 1.000000 1.000000
vt 0.000000 1.000000
vt 0.000000 0.000000
vt 1.000000 0.000000
vt 1.000000 1.000000
vt 0.000000 1.000000
vt 0.000000 0.000000
vt 0.000000 0.000000
vt 0.000000 0.000000
vt 0.000000 0.000000
vt 0.000000 0.000000
vt 0.000000 0.000000
vt 0.000000 0.000000
vt 1.000000 0.000000
vt 1.000000 1.000000
vt 0.000000 1.000000
vt 0.000000 0.000000
vt 1.000000 0.000000
vt 1.000000 1.000000
vt 0.000000 1.000000
vt 0.000000 0.000000
vt 0.000000 0.000000
vt 0.000000 0.000000
vt 0.000000 0.000000
vt 0.000000 0.000000
vt 0.000000 0.000000
vt 0.000000 0.000000
vt 1.000000 0.000000
vt 1.000000 1.000000
vt 0.000000 1.000000
vt 0.000000 0.000000
vt 1.000000 0.000000
vt 1.000000 1.000000
vt 0.000000 1.000000
vt 0.000000 0.000000
vt 0.000000 0.000000
vt 0.000000 0.000000
vt 0.000000 0.000000
vt 0.000000 0.000000
vt 0.000000 0.000000
vt 0.000000 0.000000
vt 1.000000 0.000000
vt 1.000000 1.000000
vt 0.000000 1.000000
vt 0.000000 0.000000
vt 1.000000 0.000000
vt 1.000000 1.000000
vt 0.000000 1.000000
vt 0.000000 0.000000
vt 0.000000 0.000000
vt 0.000000 0.000000
vt 0.000000 0.000000
vt 0.000000 0.000000
vt 0.000000 0.000000
vt 0.000000 0.000000
vt 1.000000 0.000000
vt 1.000000 1.000000
vt 0.000000 1.000000
vt 0.000000 0.000000
vt 1.000000 0.000000
vt 1.000000 1.000000
vt 0.000000 1.000000
vt 0.000000 0.000000
vt 0.000000 0.000000
vt 0.000000 0.000000
vt 0.000000 0.000000
vt 0.000000 0.000000
vt 0.000000 0.000000
vt 0.000000 0.000000
vt 1.000000 0.000000
vt 1.000000 1.000000
vt 0.000000 1.000000
vt 0.000000 0.000000
vt 1.000000 0.000000
vt 1.000000 1.000000
vt 0.000000 1.000000
vt 0.000000 0.000000
vt 0.000000 0.000000
vt 0.000000 0.000000
vt 0.000000 0.000000
vt 0.000000 0.000000
vt 0.000000 0.000000
vt 0.000000 0.000000
vt 1.000000 0.000000
vt 1.000000 1.000000
vt 0.000000 1.000000
vt 0.000000 0.000000
vt 1.000000 0.000000
vt 1.000000 1.000000
vt 0.000000 1.000000
vt 0.000000 0.000000
vt 0.000000 0.000000
vt 0.000000 0.000000
vt 0.000000 0.000000
vt 0.000000 0.000000
vt 0.000000 0.000000
vt 0.000000 0.000000
vt 1.000000 0.000000
vt 1.000000 1.000000
vt 0.000000 1.000000
vt 0.000000 0.000000
vt 1.000000 0.000000
vt 1.000000 1.000000
vt 0.000000 1.000000
vt 0.000000 0.000000
vt 0.000000 0.000000
vt 0.000000 0.000000
vt 0.000000 0.000000
vt 0.000000 0.000000
vt 0.000000 0.000000
vt 0.000000 0.000000
vt 1.000000 0.000000
vt 1.000000 1.000000
vt 0.000000 1.000000
vt 0.000000 0.000000
vt 1.000000 0.000000
vt 1.000000 1.000000
vt 0.000000 1.000000
vt 0.000000 0.000000
vt 0.000000 0.000000
vt 0.000000 0.000000
vt 0.000000 0.000000
vt 0.000000 0.000000
vt 0.000000 0.000000
vt 0.000000 0.000000
vt 1.000000 0.000000
vt 1.000000 1.000000
vt 0.000000 1.000000
vt 0.000000 0.000000
vt 1.000000 0.000000
vt 1.000000 1.000000
vt 0.000000 1.000000
vt 0.000000 0.000000
vt 0.000000 0.000000
vt 0.000000 0.000000
vt 0.000000 0.000000
vt 0.000000 0.000000
vt 0.000000 0.000000
vt 0.000000 0.000000
vt 1.000000 0.000000
vt 1.000000 1.000000
vt 0.000000 1.000000
vt 0.000000 0.000000
vt 1.000000 0.000000
vt 1.000000 1.000000
vt 0.000000 1.000000
vt 0.000000 0.000000
vt 0.000000 0.000000
vt 0.000000 0.000000
vt 0.000000 0.000000
vt 0.000000 0.000000
vt 0.000000 0.000000
vt 0.000000 0.000000
vt 1.000000 0.000000
vt 1.000000 1.000000
vt 0.000000 1.000000
vt 0.000000 0.000000
vt 1.000000 0.000000
vt 1.000000 1.000000
vt 0.000000 1.000000
vt 0.000000 0.000000
vt 0.000000 0.000000
vt 0.000000 0.000000
vt 0.000000 0.000000
vt 0.000000 0.000000
vt 0.000000 0.000000
vt 0.000000 0.000000
vt 1.000000 0.000000
vt 1.000000 1.000000
vt 0.000000 1.000000
vt 0.000000 0.000000
vt 1.000000 0.000000
vt 1.000000 1.000000
vt 0.000000 1.000000
vt 0.000000 0.000000
vt 0.000000 0.000000
vt 0.000000 0.000000
vt 0.000000 0.000000
vt 0.000000 0.000000
vt 0.000000 0.000000
vt 0.000000 0.000000
vt 1.000000 0.000000
vt 1.000000 1.000000
vt 0.000000 1.000000
vt 0.000000 0.000000
vt 1.000000 0.000000
vt 1.000000 1.000000
vt 0.000000 1.000000
vt 0.000000 0.000000
vt 0.000000 0.000000
vt 0.000000 0.000000
vt 0.000000 0.000000
vt 0.000000 0.000000
vt 0.000000 0.000000
vt 0.000000 0.000000
vt 1.000000 0.000000
vt 1.000000 1.000000
vt 0.000000 1.000000
vt 0.000000 0.000000
vt 1.000000 0.000000
vt 1.000000 1.000000
vt 0.000000 1.000000
vt 0.000000 0.000000
vt 0.000000 0.000000
vt 0.000000 0.000000
vt 0.000000 0.000000
vt 0.000000 0.000000
vt 0.000000 0.000000
vt 0.000000 0.000000
vt 1.000000 0.000000
vt 1.000000 1.000000
vt 0.000000 1.000000
vt 0.000000 0.000000
vt 1.000000 0.000000
vt 1.000000 1.000000
vt 0.000000 1.000000
vt 0.000000 0.000000
vt 0.000000 0.000000
vt 0.000000 0.000000
vt 0.000000 0.000000
vt 0.000000 0.000000
vt 0.000000 0.000000
vt 0.000000 0.000000
vt 1.000000 0.000000
vt 1.000000 1.000000
vt 0.000000 1.000000
vt 0.000000 0.000000
vt 1.000000 0.000000
vt 1.000000 1.000000
vt 0.000000 1.000000
vt 0.000000 0.000000
vt 0.000000 0.000000
vt 0.000000 0.000000
vt 0.000000 0.000000
vt 0.000000 0.000000
vt 0.000000 0.000000
vt 0.000000 0.000000
vt 1.000000 0.000000
vt 1.000000 1.000000
vt 0.000000 1.000000
vt 0.000000 0.000000
vt 1.000000 0.000000
vt 1.000000 1.000000
vt 0.000000 1.000000
vt 0.000000 0.000000
vt 0.000000 0.000000
vt 0.000000 0.000000
vt 0.000000 0.000000
vt 0.000000 0.000000
vt 0.000000 0.000000
vt 0.000000 0.000000
vt 1.000000 0.000000
vt 1.000000 1.000000
vt 0.000000 1.000000
vt 0.000000 0.000000
vt 1.000000 0.000000
vt 1.000000 1.000000
vt 0.000000 1.000000
vt 0.000000 0.000000
vt 0.000000 0.000000
vt 0.000000 0.000000
vt 0.000000 0.000000
vt 0.000000 0.000000
vt 0.000000 0.000000
vt 0.000000 0.000000
vt 1.000000 0.000000
vt 1.000000 1.000000
vt 0.000000 1.000000
vt 0.000000 0.000000
vt 1.000000 0.000000
vt 1.000000 1.000000
vt 0.000000 1.000000
vt 0.000000 0.000000
vt 0.000000 0.000000
vt 0.000000 0.000000
vt 0.000000 0.000000
vt 0.000000 0.000000
vt 0.000000 0.000000
vt 0.000000 0.000000
vt 1.000000 0.000000
vt 1.000000 1.000000
vt 0.000000 1.000000
vt 0.000000 0.000000
vt 1.000000 0.000000
vt 1.000000 1.000000
vt 0.000000 1.000000
vt 0.000000 0.000000
vt 0.000000 0.000000
vt 0.000000 0.000000
vt 0.000000 0.000000
vt 0.000000 0.000000
vt 0.000000 0.000000
vt 0.000000 0.000000
vt 1.000000 0.000000
vt 1.000000 1.000000
vt 0.000000 1.000000
vt 0.000000 0.000000
vt 1.000000 0.000000
vt 1.000000 1.000000
vt 0.000000 1.000000
vt 0.000000 0.000000
vt 0.000000 0.000000
vt 0.000000 0.000000
vt 0.000000 0.000000
vt 0.000000 0.000000
vt 0.000000 0.000000
vt 0.000000 0.000000
vt 1.000000 0.000000
vt 1.000000 1.000000
vt 0.000000 1.000000
vt 0.000000 0.000000
vt 1.000000 0.000000
vt 1.000000 1.000000
vt 0.000000 1.000000
vt 0.000000 0.000000
vt 0.000000 0.000000
vt 0.000000 0.000000
vt 0.000000 0.000000
vt 0.000000 0.000000
vt 0.000000 0.000000
vt 0.000000 0.000000
vt 1.000000 0.000000
vt 1.000000 1.000000
vt 0.000000 1.000000
vt 0.000000 0.000000
vt 1.000000 0.000000
vt 1.000000 1.000000
vt 0.000000 1.000000
vt 0.000000 0.000000
vt 0.000000 0.000000
vt 0.000000 0.000000
vt 0.000000 0.000000
vt 0.000000 0.000000
vt 0.000000 0.000000
vt 0.000000 0.000000
vt 1.000000 0.000000
vt 1.000000 1.000000
vt 0.000000 1.000000
vt 0.000000 0.000000
vt 1.000000 0.000000
vt 1.000000 1.000000
vt 0.000000 1.000000
vt 0.000000 0.000000
vt 0.000000 0.000000
vt 0.000000 0.000000
vt 0.000000 0.000000
vt 0.000000 0.000000
vt 0.000000 0.000000
vt 0.000000 0.000000
vt 1.000000 0.000000
vt 1.000000 1.000000
vt 0.000000 1.000000
vt 0.000000 0.000000
vt 1.000000 0.000000
vt 1.000000 1.000000
vt 0.000000 1.000000
vt 0.000000 0.000000
vt 0.000000 0.000000
vt 0.000000 0.000000
vt 0.000000 0.000000
vt 0.000000 0.000000
vt 0.000000 0.000000
vt 0.000000 0.000000
vt 1.000000 0.000000
vt 1.000000 1.000000
vt 0.000000 1.000000
vt 0.000000 0.000000
vt 1.000000 0.000000
vt 1.000000 1.000000
vt 0.000000 1.000000
vt 0.000000 0.000000
vt 0.000000 0.000000
vt 0.000000 0.000000
vt 0.000000 0.000000
vt 0.000000 0.000000
vt 0.000000 0.000000
vt 0.000000 0.000000
vt 1.000000 0.000000
vt 1.000000 1.000000
vt 0.000000 1.000000
vt 0.000000 0.000000
vt 1.000000 0.000000
vt 1.000000 1.000000
vt 0.000000 1.000000
vt 0.000000 0.000000
vt 0.000000 0.000000
vt 0.000000 0.000000
vt 0.000000 0.000000
vt 0.000000 0.000000
vt 0.000000 0.000000
vt 0.000000 0.000000
vt 1.000000 0.000000
vt 1.000000 1.000000
vt 0.000000 1.000000
vt 0.000000 0.000000
vt 1.000000 0.000000
vt 1.000000 1.000000
vt 0.000000 1.000000
vt 0.000000 0.000000
vt 0.000000 0.000000
vt 0.000000 0.000000
vt 0.000000 0.000000
vt 0.000000 0.000000
vt 0.000000 0.000000
vt 0.000000 0.000000
vt 1.000000 0.000000
vt 1.000000 1.000000
vt 0.000000 1.000000
vt 0.000000 0.000000
vt 1.000000 0.000000
vt 1.000000 1.000000
vt 0.000000 1.000000
vt 0.000000 0.000000
vt 0.000000 0.000000
vt 0.000000 0.000000
vt 0.000000 0.000000
vt 0.000000 0.000000
vt 0.000000 0.000000
vt 0.000000 0.000000
vt 1.000000 0.000000
vt 1.000000 1.000000
vt 0.000000 1.000000
vt 0.000000 0.000000
vt 1.000000 0.000000
vt 1.000000 1.000000
vt 0.000000 1.000000
vt 0.000000 0.000000
vt 0.000000 0.000000
vt 0.000000 0.000000
vt 0.000000 0.000000
vt 0.000000 0.000000
vt 0.000000 0.000000
vt 0.000000 0.000000
vt 1.000000 0.000000
vt 1.000000 1.000000
vt 0.000000 1.000000
vt 0.000000 0.000000
vt 1.000000 0.000000
vt 1.000000 1.000000
vt 0.000000 1.000000
vt 0.000000 0.000000
vt 0.000000 0.000000
vt 0.000000 0.000000
vt 0.000000 0.000000
vt 0.000000 0.000000
vt 0.000000 0.000000
vt 0.000000 0.000000
vt 1.000000 0.000000
vt 1.000000 1.000000
vt 0.000000 1.000000
vt 0.000000 0.000000
vt 1.000000 0.000000
vt 1.000000 1.000000
vt 0.000000 1.000000
vt 0.000000 0.000000
vt 0.000000 0.000000
vt 0.000000 0.000000
vt 0.000000 0.000000
vt 0.000000 0.000000
vt 0.000000 0.000000
vt 0.000000 0.000000
vt 1.000000 0.000000
vt 1.000000 1.000000
vt 0.000000 1.000000
vt 0.000000 0.000000
vt 1.000000 0.000000
vt 1.000000 1.000000
vt 0.000000 1.000000
vt 0.000000 0.000000
vt 0.000000 0.000000
vt 0.000000 0.000000
vt 0.000000 0.000000
vt 0.000000 0.000000
vt 0.000000 0.000000
vt 0.000000 0.000000
vt 1.000000 0.000000
vt 1.000000 1.000000
vt 0.000000 1.000000
vt 0.000000 0.000000
vt 1.000000 0.000000
vt 1.000000 1.000000
vt 0.000000 1.000000
vt 0.000000 0.000000
vt 0.000000 0.000000
vt 0.000000 0.000000
vt 0.000000 0.000000
vt 0.000000 0.000000
vt 0.000000 0.000000
vt 0.000000 0.000000
vt 1.000000 0.000000
vt 1.000000 1.000000
vt 0.000000 1.000000
vt 0.000000 0.000000
vt 1.000000 0.000000
vt 1.000000 1.000000
vt 0.000000 1.000000
vt 0.000000 0.000000
vt 0.000000 0.000000
vt 0.000000 0.000000
vt 0.000000 0.000000
vt 0.000000 0.000000
vt 0.000000 0.000000
vt 0.000000 0.000000
vt 1.000000 0.000000
vt 1.000000 1.000000
vt 0.000000 1.000000
vt 0.000000 0.000000
vt 1.000000 0.000000
vt 1.000000 1.000000
vt 0.000000 1.000000
vt 0.000000 0.000000
vt 0.000000 0.000000
vt 0.000000 0.000000
vt 0.000000 0.000000
vt 0.000000 0.000000
vt 0.000000 0.000000
vt 0.000000 0.000000
vt 1.000000 0.000000
vt 1.000000 1.000000
vt 0.000000 1.000000
vt 0.000000 0.000000
vt 1.000000 0.000000
vt 1.000000 1.000000
vt 0.000000 1.000000
vt 0.000000 0.000000
vt 0.000000 0.000000
vt 0.000000 0.000000
vt 0.000000 0.000000
vt 0.000000 0.000000
vt 0.000000 0.000000
vt 0.000000 0.000000
vt 1.000000 0.000000
vt 1.000000 1.000000
vt 0.000000 1.000000
vt 0.000000 0.000000
vt 1.000000 0.000000
vt 1.000000 1.000000
vt 0.000000 1.000000
vt 0.000000 0.000000
vt 0.000000 0.000000
vt 0.000000 0.000000
vt 0.000000 0.000000
vt 0.000000 0.000000
vt 0.000000 0.000000
vt 0.000000 0.000000
vt 1.000000 0.000000
vt 1.000000 1.000000
vt 0.000000 1.000000
vt 0.000000 0.000000
vt 1.000000 0.000000
vt 1.000000 1.000000
vt 0.000000 1.000000
vt 0.000000 0.000000
vt 0.000000 0.000000
vt 0.000000 0.000000
vt 0.000000 0.000000
vt 0.000000 0.000000
vt 0.000000 0.000000
vt 0.000000 0.000000
vt 1.000000 0.000000
vt 1.000000 1.000000
vt 0.000000 1.000000
vt 0.000000 0.000000
vt 1.000000 0.000000
vt 1.000000 1.000000
vt 0.000000 1.000000
vt 0.000000 0.000000
vt 0.000000 0.000000
vt 0.000000 0.000000
vt 0.000000 0.000000
vt 0.000000 0.000000
vt 0.000000 0.000000
vt 0.000000 0.000000
vt 1.000000 0.000000
vt 1.000000 1.000000
vt 0.000000 1.000000
vt 0.000000 0.000000
vt 1.000000 0.000000
vt 1.000000 1.000000
vt 0.000000 1.000000
vt 0.000000 0.000000
vt 0.000000 0.000000
vt 0.000000 0.000000
vt 0.000000 0.000000
vt 0.000000 0.000000
vt 0.000000 0.000000
vt 0.000000 0.000000
vt 1.000000 0.000000
vt 1.000000 1.000000
vt 0.000000 1.000000
vt 0.000000 0.000000
vt 1.000000 0.000000
vt 1.000000 1.000000
vt 0.000000 1.000000
vt 0.000000 0.000000
vt 0.000000 0.000000
vt 0.000000 0.000000
vt 0.000000 0.000000
vt 0.000000 0.000000
vt 0.000000 0.000000
vt 0.000000 0.000000
vt 1.000000 0.000000
vt 1.000000 1.000000
vt 0.000000 1.000000
vt 0.000000 0.000000
vt 1.000000 0.000000
vt 1.000000 1.000000
vt 0.000000 1.000000
vt 0.000000 0.000000
vt 0.000000 0.000000
vt 0.000000 0.000000
vt 0.000000 0.000000
vt 0.000000 0.000000
vt 0.000000 0.000000
vt 0.000000 0.000000
vt 1.000000 0.000000
vt 1.000000 1.000000
vt 0.000000 1.000000
vt 0.000000 0.000000
vt 1.000000 0.000000
vt 1.000000 1.000000
vt 0.000000 1.000000
vt 0.000000 0.000000
vt 0.000000 0.000000
vt 0.000000 0.000000
vt 0.000000 0.000000
vt 0.000000 0.000000
vt 0.000000 0.000000
vt 0.000000 0.000000
vt 1.000000 0.000000
vt 1.000000 1.000000
vt 0.000000 1.000000
vt 0.000000 0.000000
vt 1.000000 0.000000
vt 1.000000 1.000000
vt 0.000000 1.000000
vt 0.000000 0.000000
vt 0.000000 0.000000
vt 0.000000 0.000000
vt 0.000000 0.000000
vt 0.000000 0.000000
vt 0.000000 0.000000
vt 0.000000 0.000000
vt 1.000000 0.000000
vt 1.000000 1.000000
vt 0.000000 1.000000
vt 0.000000 0.000000
vt 1.000000 0.000000
vt 1.000000 1.000000
vt 0.000000 1.000000
vt 0.000000 0.000000
vt 0.000000 0.000000
vt 0.000000 0.000000
vt 0.000000 0.000000
vt 0.000000 0.000000
vt 0.000000 0.000000
vt 0.000000 0.000000
vt 1.000000 0.000000
vt 1.000000 1.000000
vt 0.000000 1.000000
vt 0.000000 0.000000
vt 1.000000 0.000000
vt 1.000000 1.000000
vt 0.000000 1.000000
vt 0.000000 0.000000
vt 0.000000 0.000000
vt 0.000000 0.000000
vt 0.000000 0.000000
vt 0.000000 0.000000
vt 0.000000 0.000000
vt 0.000000 0.000000
vt 1.000000 0.000000
vt 1.000000 1.000000
vt 0.000000 1.000000
vt 0.000000 0.000000
vt 1.000000 0.000000
vt 1.000000 1.000000
vt 0.000000 1.000000
vt 0.000000 0.000000
vt 0.000000 0.000000
vt 0.000000 0.000000
vt 0.000000 0.000000
vt 0.000000 0.000000
vt 0.000000 0.000000
vt 0.000000 0.000000
vt 1.000000 0.000000
vt 1.000000 1.000000
vt 0.000000 1.000000
vt 0.000000 0.000000
vt 1.000000 0.000000
vt 1.000000 1.000000
vt 0.000000 1.000000
vt 0.000000 0.000000
vt 0.000000 0.000000
vt 0.000000 0.000000
vt 0.000000 0.000000
vt 0.000000 0.000000
vt 0.000000 0.000000
vt 0.000000 0.000000
vt 1.000000 0.000000
vt 1.000000 1.000000
vt 0.000000 1.000000
vt 0.000000 0.000000
vt 1.000000 0.000000
vt 1.000000 1.000000
vt 0.000000 1.000000
vt 0.000000 0.000000
vt 0.000000 0.000000
vt 0.000000 0.000000
vt 0.000000 0.000000
vt 0.000000 0.000000
vt 0.000000 0.000000
vt 0.000000 0.000000
vt 1.000000 0.000000
vt 1.000000 1.000000
vt 0.000000 1.000000
vt 0.000000 0.000000
vt 1.000000 0.000000
vt 1.000000 1.000000
vt 0.000000 1.000000
vt 0.000000 0.000000
vt 0.000000 0.000000
vt 0.000000 0.000000
vt 0.000000 0.000000
vt 0.000000 0.000000
vt 0.000000 0.000000
vt 0.000000 0.000000
vt 1.000000 0.000000
vt 1.000000 1.000000
vt 0.000000 1.000000
vt 0.000000 0.000000
vt 1.000000 0.000000
vt 1.000000 1.000000
vt 0.000000 1.000000
vt 0.000000 0.000000
vt 0.000000 0.000000
vt 0.000000 0.000000
vt 0.000000 0.000000
vt 0.000000 0.000000
vt 0.000000 0.000000
vt 0.000000 0.000000
vt 1.000000 0.000000
vt 1.000000 1.000000
vt 0.000000 1.000000
vt 0.000000 0.000000
vt 1.000000 0.000000
vt 1.000000 1.000000
vt 0.000000 1.000000
vt 0.000000 0.000000
vt 0.000000 0.000000
vt 0.000000 0.000000
vt 0.000000 0.000000
vt 0.000000 0.000000
vt 0.000000 0.000000
vt 0.000000 0.000000
vt 1.000000 0.000000
vt 1.000000 1.000000
vt 0.000000 1.000000
vt 0.000000 0.000000
vt 1.000000 0.000000
vt 1.000000 1.000000
vt 0.000000 1.000000
vt 0.000000 0.000000
vt 0.000000 0.000000
vt 0.000000 0.000000
vt 0.000000 0.000000
vt 0.000000 0.000000
vt 0.000000 0.000000
vt 0.000000 0.000000
vt 1.000000 0.000000
vt 1.000000 1.000000
vt 0.000000 1.000000
vt 0.000000 0.000000
vt 1.000000 0.000000
vt 1.000000 1.000000
vt 0.000000 1.000000
vt 0.000000 0.000000
vt 0.000000 0.000000
vt 0.000000 0.000000
vt 0.000000 0.000000
vt 0.000000 0.000000
vt 0.000000 0.000000
vt 0.000000 0.000000
vt 1.000000 0.000000
vt 1.000000 1.000000
vt 0.000000 1.000000
vt 0.000000 0.000000
vt 1.000000 0.000000
vt 1.000000 1.000000
vt 0.000000 1.000000
vt 0.000000 0.000000
vt 0.000000 0.000000
vt 0.000000 0.000000
vt 0.000000 0.000000
vt 0.000000 0.000000
vt 0.000000 0.000000
vt 0.000000 0.000000
vt 1.000000 0.000000
vt 1.000000 1.000000
vt 0.000000 1.000000
vt 0.000000 0.000000
vt 1.000000 0.000000
vt 1.000000 1.000000
vt 0.000000 1.000000
vt 0.000000 0.000000
vt 0.000000 0.000000
vt 0.000000 0.000000
vt 0.000000 0.000000
vt 0.000000 0.000000
vt 0.000000 0.000000
vt 0.000000 0.000000
vt 1.000000 0.000000
vt 1.000000 1.000000
vt 0.000000 1.000000
vt 0.000000 0.000000
vt 1.000000 0.000000
vt 1.000000 1.000000
vt 0.000000 1.000000
vt 0.000000 0.000000
vt 0.000000 0.000000
vt 0.000000 0.000000
vt 0.000000 0.000000
vt 0.000000 0.000000
vt 0.000000 0.000000
vt 0.000000 0.000000
vt 1.000000 0.000000
vt 1.000000 1.000000
vt 0.000000 1.000000
vt 0.000000 0.000000
vt 1.000000 0.000000
vt 1.000000 1.000000
vt 0.000000 1.000000
vt 0.000000 0.000000
vt 0.000000 0.000000
vt 0.000000 0.000000
vt 0.000000 0.000000
vt 0.000000 0.000000
vt 0.000000 0.000000
vt 0.000000 0.000000
vt 1.000000 0.000000
vt 1.000000 1.000000
vt 0.000000 1.000000
vt 0.000000 0.000000
vt 1.000000 0.000000
vt 1.000000 1.000000
vt 0.000000 1.000000
vt 0.000000 0.000000
vt 0.000000 0.000000
vt 0.000000 0.000000
vt 0.000000 0.000000
vt 0.000000 0.000000
vt 0.000000 0.000000
vt 0.000000 0.000000
vt 1.000000 0.000000
vt 1.000000 1.000000
vt 0.000000 1.000000
vt 0.000000 0.000000
vt 1.000000 0.000000
vt 1.000000 1.000000
vt 0.000000 1.000000
vt 0.000000 0.000000
vt 0.000000 0.000000
vt 0.000000 0.000000
vt 0.000000 0.000000
vt 0.000000 0.000000
vt 0.000000 0.000000
vt 0.000000 0.000000
vt 1.000000 0.000000
vt 1.000000 1.000000
vt 0.000000 1.000000
vt 0.000000 0.000000
vt 1.000000 0.000000
vt 1.000000 1.000000
vt 0.000000 1.000000
vt 0.000000 0.000000
vt 0.000000 0.000000
vt 0.000000 0.000000
vt 0.000000 0.000000
vt 0.000000 0.000000
vt 0.000000 0.000000
vt 0.000000 0.000000
vt 1.000000 0.000000
vt 1.000000 1.000000
vt 0.000000 1.000000
vt 0.000000 0.000000
vt 1.000000 0.000000
vt 1.000000 1.000000
vt 0.000000 1.000000
vt 0.000000 0.000000
vt 0.000000 0.000000
vt 0.000000 0.000000
vt 0.000000 0.000000
vt 0.000000 0.000000
vt 0.000000 0.000000
vt 0.000000 0.000000
vt 1.000000 0.000000
vt 1.000000 1.000000
vt 0.000000 1.000000
vt 0.000000 0.000000
vt 1.000000 0.000000
vt 1.000000 1.000000
vt 0.000000 1.000000
vt 0.000000 0.000000
vt 0.000000 0.000000
vt 0.000000 0.000000
vt 0.000000 0.000000
vt 0.000000 0.000000
vt 0.000000 0.000000
vt 0.000000 0.000000
vt 1.000000 0.000000
vt 1.000000 1.000000
vt 0.000000 1.000000
vt 0.000000 0.000000
vt 1.000000 0.000000
vt 1.000000 1.000000
vt 0.000000 1.000000
vt 0.000000 0.000000
vt 0.000000 0.000000
vt 0.000000 0.000000
vt 0.000000 0.000000
vt 0.000000 0.000000
vt 0.000000 0.000000
vt 0.000000 0.000000
vt 1.000000 0.000000
vt 1.000000 1.000000
vt 0.000000 1.000000
vt 0.000000 0.000000
vt 1.000000 0.000000
vt 1.000000 1.000000
vt 0.000000 1.000000
vt 0.000000 0.000000
vt 0.000000 0.000000
vt 0.000000 0.000000
vt 0.000000 0.000000
vt 0.000000 0.000000
vt 0.000000 0.000000
vt 0.000000 0.000000
vt 1.000000 0.000000
vt 1.000000 1.000000
vt 0.000000 1.000000
vt 0.000000 0.000000
vt 1.000000 0.000000
vt 1.000000 1.000000
vt 0.000000 1.000000
vt 0.000000 0.000000
vt 0.000000 0.000000
vt 0.000000 0.000000
vt 0.000000 0.000000
vt 0.000000 0.000000
vt 0.000000 0.000000
vt 0.000000 0.000000
vt 1.000000 0.000000
vt 1.000000 1.000000
vt 0.000000 1.000000
vt 0.000000 0.000000
vt 1.000000 0.000000
vt 1.000000 1.000000
vt 0.000000 1.000000
vt 0.000000 0.000000
vt 0.000000 0.000000
vt 0.000000 0.000000
vt 0.000000 0.000000
vt 0.000000 0.000000
vt 0.000000 0.000000
vt 0.000000 0.000000
vt 1.000000 0.000000
vt 1.000000 1.000000
vt 0.000000 1.000000
vt 0.000000 0.000000
vt 1.000000 0.000000
vt 1.000000 1.000000
vt 0.000000 1.000000
vt 0.000000 0.000000
vt 0.000000 0.000000
vt 0.000000 0.000000
vt 0.000000 0.000000
vt 0.000000 0.000000
vt 0.000000 0.000000
vt 0.000000 0.000000
vt 1.000000 0.000000
vt 1.000000 1.000000
vt 0.000000 1.000000
vt 0.000000 0.000000
vt 1.000000 0.000000
vt 1.000000 1.000000
vt 0.000000 1.000000
vt 0.000000 0.000000
vt 0.000000 0.000000
vt 0.000000 0.000000
vt 0.000000 0.000000
vt 0.000000 0.000000
vt 0.000000 0.000000
vt 0.000000 0.000000
vt 1.000000 0.000000
vt 1.000000 1.000000
vt 0.000000 1.000000
vt 0.000000 0.000000
vt 1.000000 0.000000
vt 1.000000 1.000000
vt 0.000000 1.000000
vt 0.000000 0.000000
vt 0.000000 0.000000
vt 0.000000 0.000000
vt 0.000000 0.000000
vt 0.000000 0.000000
vt 0.000000 0.000000
vt 0.000000 0.000000
vt 1.000000 0.000000
vt 1.000000 1.000000
vt 0.000000 1.000000
vt 0.000000 0.000000
vt 1.000000 0.000000
vt 1.000000 1.000000
vt 0.000000 1.000000
vt 0.000000 0.000000
vt 0.000000 0.000000
vt 0.000000 0.000000
vt 0.000000 0.000000
vt 0.000000 0.000000
vt 0.000000 0.000000
vt 0.000000 0.000000
vt 1.000000 0.000000
vt 1.000000 1.000000
vt 0.000000 1.000000
vt 0.000000 0.000000
vt 1.000000 0.000000
vt 1.000000 1.000000
vt 0.000000 1.000000
vt 0.000000 0.000000
vt 0.000000 0.000000
vt 0.000000 0.000000
vt 0.000000 0.000000
vt 0.000000 0.000000
vt 0.000000 0.000000
vt 0.000000 0.000000
vt 1.000000 0.000000
vt 1.000000 1.000000
vt 0.000000 1.000000
vt 0.000000 0.000000
vt 1.000000 0.000000
vt 1.000000 1.000000
vt 0.000000 1.000000
vt 0.000000 0.000000
vt 0.000000 0.000000
vt 0.000000 0.000000
vt 0.000000 0.000000
vt 0.000000 0.000000
vt 0.000000 0.000000
vt 0.000000 0.000000
vt 1.000000 0.000000
vt 1.000000 1.000000
vt 0.000000 1.000000
vt 0.000000 0.000000
vt 1.000000 0.000000
vt 1.000000 1.000000
vt 0.000000 1.000000
vt 0.000000 0.000000
vt 0.000000 0.000000
vt 0.000000 0.000000
vt 0.000000 0.000000
vt 0.000000 0.000000
vt 0.000000 0.000000
vt 0.000000 0.000000
vt 1.000000 0.000000
vt 1.000000 1.000000
vt 0.000000 1.000000
vt 0.000000 0.000000
vt 1.000000 0.000000
vt 1.000000 1.000000
vt 0.000000 1.000000
vt 0.000000 0.000000
vt 0.000000 0.000000
vt 0.000000 0.000000
vt 0.000000 0.000000
vt 0.000000 0.000000
vt 0.000000 0.000000
vt 0.000000 0.000000
vt 1.000000 0.000000
vt 1.000000 1.000000
vt 0.000000 1.000000
vt 0.000000 0.000000
vt 1.000000 0.000000
vt 1.000000 1.000000
vt 0.000000 1.000000
vt 0.000000 0.000000
vt 0.000000 0.000000
vt 0.000000 0.000000
vt 0.000000 0.000000
vt 0.000000 0.000000
vt 0.000000 0.000000
vt 0.000000 0.000000
vt 1.000000 0.000000
vt 1.000000 1.000000
vt 0.000000 1.000000
vt 0.000000 0.000000
vt 1.000000 0.000000
vt 1.000000 1.000000
vt 0.000000 1.000000
vt 0.000000 0.000000
vt 0.000000 0.000000
vt 0.000000 0.000000
vt 0.000000 0.000000
vt 0.000000 0.000000
vt 0.000000 0.000000
vt 0.000000 0.000000
vt 1.000000 0.000000
vt 1.000000 1.000000
vt 0.000000 1.000000
vt 0.000000 0.000000
vt 1.000000 0.000000
vt 1.000000 1.000000
vt 0.000000 1.000000
vt 0.000000 0.000000
vt 0.000000 0.000000
vt 0.000000 0.000000
vt 0.000000 0.000000
vt 0.000000 0.000000
vt 0.000000 0.000000
vt 0.000000 0.000000
vt 1.000000 0.000000
vt 1.000000 1.000000
vt 0.000000 1.000000
vt 0.000000 0.000000
vt 1.000000 0.000000
vt 1.000000 1.000000
vt 0.000000 1.000000
vt 0.000000 0.000000
vt 0.000000 0.000000
vt 0.000000 0.000000
vt 0.000000 0.000000
vt 0.000000 0.000000
vt 0.000000 0.000000
vt 0.000000 0.000000
vt 1.000000 0.000000
vt 1.000000 1.000000
vt 0.000000 1.000000
vt 0.000000 0.000000
vt 1.000000 0.000000
vt 1.000000 1.000000
vt 0.000000 1.000000
vt 0.000000 0.000000
vt 0.000000 0.000000
vt 0.000000 0.000000
vt 0.000000 0.000000
vt 0.000000 0.000000
vt 0.000000 0.000000
vt 0.000000 0.000000
vt 1.000000 0.000000
vt 1.000000 1.000000
vt 0.000000 1.000000
vt 0.000000 0.000000
vt 1.000000 0.000000
vt 1.000000 1.000000
vt 0.000000 1.000000
vt 0.000000 0.000000
vt 0.000000 0.000000
vt 0.000000 0.000000
vt 0.000000 0.000000
vt 0.000000 0.000000
vt 0.000000 0.000000
vt 0.000000 0.000000
vt 1.000000 0.000000
vt 1.000000 1.000000
vt 0.000000 1.000000
vt 0.000000 0.000000
vt 1.000000 0.000000
vt 1.000000 1.000000
vt 0.000000 1.000000
vt 0.000000 0.000000
vt 0.000000 0.000000
vt 0.000000 0.000000
vt 0.000000 0.000000
vt 0.000000 0.000000
vt 0.000000 0.000000
vt 0.000000 0.000000
vt 1.000000 0.000000
vt 1.000000 1.000000
vt 0.000000 1.000000
vt 0.000000 0.000000
vt 1.000000 0.000000
vt 1.000000 1.000000
vt 0.000000 1.000000
vt 0.000000 0.000000
vt 0.000000 0.000000
vt 0.000000 0.000000
vt 0.000000 0.000000
vt 0.000000 0.000000
vt 0.000000 0.000000
vt 0.000000 0.000000
vt 1.000000 0.000000
vt 1.000000 1.000000
vt 0.000000 1.000000
vt 0.000000 0.000000
vt 1.000000 0.000000
vt 1.000000 1.000000
vt 0.000000 1.000000
vt 0.000000 0.000000
vt 0.000000 0.000000
vt 0.000000 0.000000
vt 0.000000 0.000000
vt 0.000000 0.000000
vt 0.000000 0.000000
vt 0.000000 0.000000
vt 1.000000 0.000000
vt 1.000000 1.000000
vt 0.000000 1.000000
vt 0.000000 0.000000
vt 1.000000 0.000000
vt 1.000000 1.000000
vt 0.000000 1.000000
vt 0.000000 0.000000
vt 0.000000 0.000000
vt 0.000000 0.000000
vt 0.000000 0.000000
vt 0.000000 0.000000
vt 0.000000 0.000000
vt 0.000000 0.000000
vt 1.000000 0.000000
vt 1.000000 1.000000
vt 0.000000 1.000000
vt 0.000000 0.000000
vt 1.000000 0.000000
vt 1.000000 1.000000
vt 0.000000 1.000000
vt 0.000000 0.000000
vt 0.000000 0.000000
vt 0.000000 0.000000
vt 0.000000 0.000000
vt 0.000000 0.000000
vt 0.000000 0.000000
vt 0.000000 0.000000
vt 1.000000 0.000000
vt 1.000000 1.000000
vt 0.000000 1.000000
vt 0.000000 0.000000
vt 1.000000 0.000000
vt 1.000000 1.000000
vt 0.000000 1.000000
vt 0.000000 0.000000
vt 0.000000 0.000000
vt 0.000000 0.000000
vt 0.000000 0.000000
vt 0.000000 0.000000
vt 0.000000 0.000000
vt 0.000000 0.000000
vt 1.000000 0.000000
vt 1.000000 1.000000
vt 0.000000 1.000000
vt 0.000000 0.000000
vt 1.000000 0.000000
vt 1.000000 1.000000
vt 0.000000 1.000000
vt 0.000000 0.000000
vt 0.000000 0.000000
vt 0.000000 0.000000
vt 0.000000 0.000000
vt 0.000000 0.000000
vt 0.000000 0.000000
vt 0.000000 0.000000
vt 1.000000 0.000000
vt 1.000000 1.000000
vt 0.000000 1.000000
vt 0.000000 0.000000
vt 1.000000 0.000000
vt 1.000000 1.000000
vt 0.000000 1.000000
vt 0.000000 0.000000
vt 0.000000 0.000000
vt 0.000000 0.000000
vt 0.000000 0.000000
vt 0.000000 0.000000
vt 0.000000 0.000000
vt 0.000000 0.000000
vt 1.000000 0.000000
vt 1.000000 1.000000
vt 0.000000 1.000000
vt 0.000000 0.000000
vt 1.000000 0.000000
vt 1.000000 1.000000
vt 0.000000 1.000000
vt 0.000000 0.000000
vt 0.000000 0.000000
vt 0.000000 0.000000
vt 0.000000 0.000000
vt 0.000000 0.000000
vt 0.000000 0.000000
vt 0.000000 0.000000
vt 1.000000 0.000000
vt 1.000000 1.000000
vt 0.000000 1.000000
vt 0.000000 0.000000
vt 1.000000 0.000000
vt 1.000000 1.000000
vt 0.000000 1.000000
vt 0.000000 0.000000
vt 0.000000 0.000000
vt 0.000000 0.000000
vt 0.000000 0.000000
vt 0.000000 0.000000
vt 0.000000 0.000000
vt 0.000000 0.000000
vt 1.000000 0.000000
vt 1.000000 1.000000
vt 0.000000 1.000000
vt 0.000000 0.000000
vt 1.000000 0.000000
vt 1.000000 1.000000
vt 0.000000 1.000000
vt 0.000000 0.000000
vt 0.000000 0.000000
vt 0.000000 0.000000
vt 0.000000 0.000000
vt 0.000000 0.000000
vt 0.000000 0.000000
vt 0.000000 0.000000
vt 1.000000 0.000000
vt 1.000000 1.000000
vt 0.000000 1.000000
vt 0.000000 0.000000
vt 1.000000 0.000000
vt 1.000000 1.000000
vt 0.000000 1.000000
vt 0.000000 0.000000
vt 0.000000 0.000000
vt 0.000000 0.000000
vt 0.000000 0.000000
vt 0.000000 0.000000
vt 0.000000 0.000000
vt 0.000000 0.000000
vt 1.000000 0.000000
vt 1.000000 1.000000
vt 0.000000 1.000000
vt 0.000000 0.000000
vt 1.000000 0.000000
vt 1.000000 1.000000
vt 0.000000 1.000000
vt 0.000000 0.000000
vt 0.000000 0.000000
vt 0.000000 0.000000
vt 0.000000 0.000000
vt 0.000000 0.000000
vt 0.000000 0.000000
vt 0.000000 0.000000
vt 1.000000 0.000000
vt 1.000000 1.000000
vt 0.000000 1.000000
vt 0.000000 0.000000
vt 1.000000 0.000000
vt 1.000000 1.000000
vt 0.000000 1.000000
vt 0.000000 0.000000
vt 0.000000 0.000000
vt 0.000000 0.000000
vt 0.000000 0.000000
vt 0.000000 0.000000
vt 0.000000 0.000000
vt 0.000000 0.000000
vt 1.000000 0.000000
vt 1.000000 1.000000
vt 0.000000 1.000000
vt 0.000000 0.000000
vt 1.000000 0.000000
vt 1.000000 1.000000
vt 0.000000 1.000000
vt 0.000000 0.000000
vt 0.000000 0.000000
vt 0.000000 0.000000
vt 0.000000 0.000000
vt 0.000000 0.000000
vt 0.000000 0.000000
vt 0.000000 0.000000
vt 1.000000 0.000000
vt 1.000000 1.000000
vt 0.000000 1.000000
vt 0.000000 0.000000
vt 1.000000 0.000000
vt 1.000000 1.000000
vt 0.000000 1.000000
vt 0.000000 0.000000
vt 0.000000 0.000000
vt 0.000000 0.000000
vt 0.000000 0.000000
vt 0.000000 0.000000
vt 0.000000 0.000000
vt 0.000000 0.000000
vt 1.000000 0.000000
vt 1.000000 1.000000
vt 0.000000 1.000000
vt 0.000000 0.000000
vt 1.000000 0.000000
vt 1.000000 1.000000
vt 0.000000 1.000000
vt 0.000000 0.000000
vt 0.000000 0.000000
vt 0.000000 0.000000
vt 0.000000 0.000000
vt 0.000000 0.000000
vt 0.000000 0.000000
vt 0.000000 0.000000
vt 1.000000 0.000000
vt 1.000000 1.000000
vt 0.000000 1.000000
vt 0.000000 0.000000
vt 1.000000 0.000000
vt 1.000000 1.000000
vt 0.000000 1.000000
vt 0.000000 0.000000
vt 0.000000 0.000000
vt 0.000000 0.000000
vt 0.000000 0.000000
vt 0.000000 0.000000
vt 0.000000 0.000000
vt 0.000000 0.000000
vt 1.000000 0.000000
vt 1.000000 1.000000
vt 0.000000 1.000000
vt 0.000000 0.000000
vt 1.000000 0.000000
vt 1.000000 1.000000
vt 0.000000 1.000000
vt 0.000000 0.000000
vt 0.000000 0.000000
vt 0.000000 0.000000
vt 0.000000 0.000000
vt 0.000000 0.000000
vt 0.000000 0.000000
vt 0.000000 0.000000
vt 1.000000 0.000000
vt 1.000000 1.000000
vt 0.000000 1.000000
vt 0.000000 0.000000
vt 1.000000 0.000000
vt 1.000000 1.000000
vt 0.000000 1.000000
vt 0.000000 0.000000
vt 0.000000 0.000000
vt 0.000000 0.000000
vt 0.000000 0.000000
vt 0.000000 0.000000
vt 0.000000 0.000000
vt 0.000000 0.000000
vt 1.000000 0.000000
vt 1.000000 1.000000
vt 0.000000 1.000000
vt 0.000000 0.000000
vt 1.000000 0.000000
vt 1.000000 1.000000
vt 0.000000 1.000000
vt 0.000000 0.000000
vt 0.000000 0.000000
vt 0.000000 0.000000
vt 0.000000 0.000000
vt 0.000000 0.000000
vt 0.000000 0.000000
vt 0.000000 0.000000
vt 1.000000 0.000000
vt 1.000000 1.000000
vt 0.000000 1.000000
vt 0.000000 0.000000
vt 1.000000 0.000000
vt 1.000000 1.000000
vt 0.000000 1.000000
vt 0.000000 0.000000
vt 0.000000 0.000000
vt 0.000000 0.000000
vt 0.000000 0.000000
vt 0.000000 0.000000
vt 0.000000 0.000000
vt 0.000000 0.000000
vt 1.000000 0.000000
vt 1.000000 1.000000
vt 0.000000 1.000000
vt 0.000000 0.000000
vt 1.000000 0.000000
vt 1.000000 1.000000
vt 0.000000 1.000000
vt 0.000000 0.000000
vt 0.000000 0.000000
vt 0.000000 0.000000
vt 0.000000 0.000000
vt 0.000000 0.000000
vt 0.000000 0.000000
vt 0.000000 0.000000
vt 1.000000 0.000000
vt 1.000000 1.000000
vt 0.000000 1.000000
vt 0.000000 0.000000
vt 1.000000 0.000000
vt 1.000000 1.000000
vt 0.000000 1.000000
vt 0.000000 0.000000
vt 0.000000 0.000000
vt 0.000000 0.000000
vt 0.000000 0.000000
vt 0.000000 0.000000
vt 0.000000 0.000000
vt 0.000000 0.000000
vt 1.000000 0.000000
vt 1.000000 1.000000
vt 0.000000 1.000000
vt 0.000000 0.000000
vt 1.000000 0.000000
vt 1.000000 1.000000
vt 0.000000 1.000000
vt 0.000000 0.000000
vt 0.000000 0.000000
vt 0.000000 0.000000
vt 0.000000 0.000000
vt 0.000000 0.000000
vt 0.000000 0.000000
vt 0.000000 0.000000
vt 1.000000 0.000000
vt 1.000000 1.000000
vt 0.000000 1.000000
vt 0.000000 0.000000
vt 1.000000 0.000000
vt 1.000000 1.000000
vt 0.000000 1.000000
vt 0.000000 0.000000
vt 0.000000 0.000000
vt 0.000000 0.000000
vt 0.000000 0.000000
vt 0.000000 0.000000
vt 0.000000 0.000000
vt 0.000000 0.000000
vt 1.000000 0.000000
vt 1.000000 1.000000
vt 0.000000 1.000000
vt 0.000000 0.000000
vt 1.000000 0.000000
vt 1.000000 1.000000
vt 0.000000 1.000000
vt 0.000000 0.000000
vt 0.000000 0.000000
vt 0.000000 0.000000
vt 0.000000 0.000000
vt 0.000000 0.000000
vt 0.000000 0.000000
vt 0.000000 0.000000
vt 1.000000 0.000000
vt 1.000000 1.000000
vt 0.000000 1.000000
vt 0.000000 0.000000
vt 1.000000 0.000000
vt 1.000000 1.000000
vt 0.000000 1.000000
vt 0.000000 0.000000
vt 0.000000 0.000000
vt 0.000000 0.000000
vt 0.000000 0.000000
vt 0.000000 0.000000
vt 0.000000 0.000000
vt 0.000000 0.000000
vt 1.000000 0.000000
vt 1.000000 1.000000
vt 0.000000 1.000000
vt 0.000000 0.000000
vt 1.000000 0.000000
vt 1.000000 1.000000
vt 0.000000 1.000000
vt 0.000000 0.000000
vt 0.000000 0.000000
vt 0.000000 0.000000
vt 0.000000 0.000000
vt 0.000000 0.000000
vt 0.000000 0.000000
vt 0.000000 0.000000
vt 1.000000 0.000000
vt 1.000000 1.000000
vt 0.000000 1.000000
vt 0.000000 0.000000
vt 1.000000 0.000000
vt 1.000000 1.000000
vt 0.000000 1.000000
vt 0.000000 0.000000
vt 0.000000 0.000000
vt 0.000000 0.000000
vt 0.000000 0.000000
vt 0.000000 0.000000
vt 0.000000 0.000000
vt 0.000000 0.000000
vt 1.000000 0.000000
vt 1.000000 1.000000
vt 0.000000 1.000000
vt 0.000000 0.000000
vt 1.000000 0.000000
vt 1.000000 1.000000
vt 0.000000 1.000000
vt 0.000000 0.000000
vt 0.000000 0.000000
vt 0.000000 0.000000
vt 0.000000 0.000000
vt 0.000000 0.000000
vt 0.000000 0.000000
vt 0.000000 0.000000
vt 1.000000 0.000000
vt 1.000000 1.000000
vt 0.000000 1.000000
vt 0.000000 0.000000
vt 1.000000 0.000000
vt 1.000000 1.000000
vt 0.000000 1.000000
vt 0.000000 0.000000
vt 0.000000 0.000000
vt 0.000000 0.000000
vt 0.000000 0.000000
vt 0.000000 0.000000
vt 0.000000 0.000000
vt 0.000000 0.000000
vt 1.000000 0.000000
vt 1.000000 1.000000
vt 0.000000 1.000000
vt 0.000000 0.000000
vt 1.000000 0.000000
vt 1.000000 1.000000
vt 0.000000 1.000000
vt 0.000000 0.000000
vt 0.000000 0.000000
vt 0.000000 0.000000
vt 0.000000 0.000000
vt 0.000000 0.000000
vt 0.000000 0.000000
vt 0.000000 0.000000
vt 1.000000 0.000000
vt 1.000000 1.000000
vt 0.000000 1.000000
vt 0.000000 0.000000
vt 1.000000 0.000000
vt 1.000000 1.000000
vt 0.000000 1.000000
vt 0.000000 0.000000
vt 0.000000 0.000000
vt 0.000000 0.000000
vt 0.000000 0.000000
vt 0.000000 0.000000
vt 0.000000 0.000000
vt 0.000000 0.000000
vt 1.000000 0.000000
vt 1.000000 1.000000
vt 0.000000 1.000000
vt 0.000000 0.000000
vt 1.000000 0.000000
vt 1.000000 1.000000
vt 0.000000 1.000000
vt 0.000000 0.000000
vt 0.000000 0.000000
vt 0.000000 0.000000
vt 0.000000 0.000000
vt 0.000000 0.000000
vt 0.000000 0.000000
vt 0.000000 0.000000
vt 1.000000 0.000000
vt 1.000000 1.000000
vt 0.000000 1.000000
vt 0.000000 0.000000
vt 1.000000 0.000000
vt 1.000000 1.000000
vt 0.000000 1.000000
vt 0.000000 0.000000
vt 0.000000 0.000000
vt 0.000000 0.000000
vt 0.000000 0.000000
vt 0.000000 0.000000
vt 0.000000 0.000000
vt 0.000000 0.000000
vt 1.000000 0.000000
vt 1.000000 1.000000
vt 0.000000 1.000000
vt 0.000000 0.000000
vt 1.000000 0.000000
vt 1.000000 1.000000
vt 0.000000 1.000000
vt 0.000000 0.000000
vt 0.000000 0.000000
vt 0.000000 0.000000
vt 0.000000 0.000000
vt 0.000000 0.000000
vt 0.000000 0.000000
vt 0.000000 0.000000
vt 1.000000 0.000000
vt 1.000000 1.000000
vt 0.000000 1.000000
vt 0.000000 0.000000
vt 1.000000 0.000000
vt 1.000000 1.000000
vt 0.000000 1.000000
vt 0.000000 0.000000
vt 0.000000 0.000000
vt 0.000000 0.000000
vt 0.000000 0.000000
vt 0.000000 0.000000
vt 0.000000 0.000000
vt 0.000000 0.000000
vt 1.000000 0.000000
vt 1.000000 1.000000
vt 0.000000 1.000000
vt 0.000000 0.000000
vt 1.000000 0.000000
vt 1.000000 1.000000
vt 0.000000 1.000000
vt 0.000000 0.000000
vt 0.000000 0.000000
vt 0.000000 0.000000
vt 0.000000 0.000000
vt 0.000000 0.000000
vt 0.000000 0.000000
vt 0.000000 0.000000
vt 1.000000 0.000000
vt 1.000000 1.000000
vt 0.000000 1.000000
vt 0.000000 0.000000
vt 1.000000 0.000000
vt 1.000000 1.000000
vt 0.000000 1.000000
vt 0.000000 0.000000
vt 0.000000 0.000000
vt 0.000000 0.000000
vt 0.000000 0.000000
vt 0.000000 0.000000
vt 0.000000 0.000000
vt 0.000000 0.000000
vt 1.000000 0.000000
vt 1.000000 1.000000
vt 0.000000 1.000000
vt 0.000000 0.000000
vt 1.000000 0.000000
vt 1.000000 1.000000
vt 0.000000 1.000000
vt 0.000000 0.000000
vt 0.000000 0.000000
vt 0.000000 0.000000
vt 0.000000 0.000000
vt 0.000000 0.000000
vt 0.000000 0.000000
vt 0.000000 0.000000
vt 1.000000 0.000000
vt 1.000000 1.000000
vt 0.000000 1.000000
vt 0.000000 0.000000
vt 1.000000 0.000000
vt 1.000000 1.000000
vt 0.000000 1.000000
vt 0.000000 0.000000
vt 0.000000 0.000000
vt 0.000000 0.000000
vt 0.000000 0.000000
vt 0.000000 0.000000
vt 0.000000 0.000000
vt 0.000000 0.000000
vt 1.000000 0.000000
vt 1.000000 1.000000
vt 0.000000 1.000000
vt 0.000000 0.000000
vt 1.000000 0.000000
vt 1.000000 1.000000
vt 0.000000 1.000000
vt 0.000000 0.000000
vt 0.000000 0.000000
vt 0.000000 0.000000
vt 0.000000 0.000000
vt 0.000000 0.000000
vt 0.000000 0.000000
vt 0.000000 0.000000
vt 1.000000 0.000000
vt 1.000000 1.000000
vt 0.000000 1.000000
vt 0.000000 0.000000
vt 1.000000 0.000000
vt 1.000000 1.000000
vt 0.000000 1.000000
vt 0.000000 0.000000
vt 0.000000 0.000000
vt 0.000000 0.000000
vt 0.000000 0.000000
vt 0.000000 0.000000
vt 0.000000 0.000000
vt 0.000000 0.000000
vt 1.000000 0.000000
vt 1.000000 1.000000
vt 0.000000 1.000000
vt 0.000000 0.000000
vt 1.000000 0.000000
vt 1.000000 1.000000
vt 0.000000 1.000000
vt 0.000000 0.000000
vt 0.000000 0.000000
vt 0.000000 0.000000
vt 0.000000 0.000000
vt 0.000000 0.000000
vt 0.000000 0.000000
vt 0.000000 0.000000
vt 1.000000 0.000000
vt 1.000000 1.000000
vt 0.000000 1.000000
vt 0.000000 0.000000
vt 1.000000 0.000000
vt 1.000000 1.000000
vt 0.000000 1.000000
vt 0.000000 0.000000
vt 0.000000 0.000000
vt 0.000000 0.000000
vt 0.000000 0.000000
vt 0.000000 0.000000
vt 0.000000 0.000000
vt 0.000000 0.000000
vt 1.000000 0.000000
vt 1.000000 1.000000
vt 0.000000 1.000000
vt 0.000000 0.000000
vt 1.000000 0.000000
vt 1.000000 1.000000
vt 0.000000 1.000000
vt 0.000000 0.000000
vt 0.000000 0.000000
vt 0.000000 0.000000
vt 0.000000 0.000000
vt 0.000000 0.000000
vt 0.000000 0.000000
vt 0.000000 0.000000
vt 1.000000 0.000000
vt 1.000000 1.000000
vt 0.000000 1.000000
vt 0.000000 0.000000
vt 1.000000 0.000000
vt 1.000000 1.000000
vt 0.000000 1.000000
vt 0.000000 0.000000
vt 0.000000 0.000000
vt 0.000000 0.000000
vt 0.000000 0.000000
vt 0.000000 0.000000
vt 0.000000 0.000000
vt 0.000000 0.000000
vt 1.000000 0.000000
vt 1.000000 1.000000
vt 0.000000 1.000000
vt 0.000000 0.000000
vt 1.000000 0.000000
vt 1.000000 1.000000
vt 0.000000 1.000000
vt 0.000000 0.000000
vt 0.000000 0.000000
vt 0.000000 0.000000
vt 0.000000 0.000000
vt 0.000000 0.000000
vt 0.000000 0.000000
vt 0.000000 0.000000
vt 1.000000 0.000000
vt 1.000000 1.000000
vt 0.000000 1.000000
vt 0.000000 0.000000
vt 1.000000 0.000000
vt 1.000000 1.000000
vt 0.000000 1.000000
vt 0.000000 0.000000
vt 0.000000 0.000000
vt 0.000000 0.000000
vt 0.000000 0.000000
vt 0.000000 0.000000
vt 0.000000 0.000000
vt 0.000000 0.000000
vt 1.000000 0.000000
vt 1.000000 1.000000
vt 0.000000 1.000000
vt 0.000000 0.000000
vt 1.000000 0.000000
vt 1.000000 1.000000
vt 0.000000 1.000000
vt 0.000000 0.000000
vt 0.000000 0.000000
vt 0.000000 0.000000
vt 0.000000 0.000000
vt 0.000000 0.000000
vt 0.000000 0.000000
vt 0.000000 0.000000
vt 1.000000 0.000000
vt 1.000000 1.000000
vt 0.000000 1.000000
vt 0.000000 0.000000
vt 1.000000 0.000000
vt 1.000000 1.000000
vt 0.000000 1.000000
vt 0.000000 0.000000
vt 0.000000 0.000000
vt 0.000000 0.000000
vt 0.000000 0.000000
vt 0.000000 0.000000
vt 0.000000 0.000000
vt 0.000000 0.000000
vt 1.000000 0.000000
vt 1.000000 1.000000
vt 0.000000 1.000000
vt 0.000000 0.000000
vt 1.000000 0.000000
vt 1.000000 1.000000
vt 0.000000 1.000000
vt 0.000000 0.000000
vt 0.000000 0.000000
vt 0.000000 0.000000
vt 0.000000 0.000000
vt 0.000000 0.000000
vt 0.000000 0.000000
vt 0.000000 0.000000
vt 1.000000 0.000000
vt 1.000000 1.000000
vt 0.000000 1.000000
vt 0.000000 0.000000
vt 1.000000 0.000000
vt 1.000000 1.000000
vt 0.000000 1.000000
vt 0.000000 0.000000
vt 0.000000 0.000000
vt 0.000000 0.000000
vt 0.000000 0.000000
vt 0.000000 0.000000
vt 0.000000 0.000000
vt 0.000000 0.000000
vt 1.000000 0.000000
vt 1.000000 1.000000
vt 0.000000 1.000000
vt 0.000000 0.000000
vt 1.000000 0.000000
vt 1.000000 1.000000
vt 0.000000 1.000000
vt 0.000000 0.000000
vt 0.000000 0.000000
vt 0.000000 0.000000
vt 0.000000 0.000000
vt 0.000000 0.000000
vt 0.000000 0.000000
vt 0.000000 0.000000
vt 1.000000 0.000000
vt 1.000000 1.000000
vt 0.000000 1.000000
vt 0.000000 0.000000
vt 1.000000 0.000000
vt 1.000000 1.000000
vt 0.000000 1.000000
vt 0.000000 0.000000
vt 0.000000 0.000000
vt 0.000000 0.000000
vt 0.000000 0.000000
vt 0.000000 0.000000
vt 0.000000 0.000000
vt 0.000000 0.000000
vt 1.000000 0.000000
vt 1.000000 1.000000
vt 0.000000 1.000000
vt 0.000000 0.000000
vt 1.000000 0.000000
vt 1.000000 1.000000
vt 0.000000 1.000000
vt 0.000000 0.000000
vt 0.000000 0.000000
vt 0.000000 0.000000
vt 0.000000 0.000000
vt 0.000000 0.000000
vt 0.000000 0.000000
vt 0.000000 0.000000
vt 1.000000 0.000000
vt 1.000000 1.000000
vt 0.000000 1.000000
vt 0.000000 0.000000
vt 1.000000 0.000000
vt 1.000000 1.000000
vt 0.000000 1.000000
vt 0.000000 0.000000
vt 0.000000 0.000000
vt 0.000000 0.000000
vt 0.000000 0.000000
vt 0.000000 0.000000
vt 0.000000 0.000000
vt 0.000000 0.000000
vt 1.000000 0.000000
vt 1.000000 1.000000
vt 0.000000 1.000000
vt 0.000000 0.000000
vt 1.000000 0.000000
vt 1.000000 1.000000
vt 0.000000 1.000000
vt 0.000000 0.000000
vt 0.000000 0.000000
vt 0.000000 0.000000
vt 0.000000 0.000000
vt 0.000000 0.000000
vt 0.000000 0.000000
vt 0.000000 0.000000
vt 1.000000 0.000000
vt 1.000000 1.000000
vt 0.000000 1.000000
vt 0.000000 0.000000
vt 1.000000 0.000000
vt 1.000000 1.000000
vt 0.000000 1.000000
vt 0.000000 0.000000
vt 0.000000 0.000000
vt 0.000000 0.000000
vt 0.000000 0.000000
vt 0.000000 0.000000
vt 0.000000 0.000000
vt 0.000000 0.000000
vt 1.000000 0.000000
vt 1.000000 1.000000
vt 0.000000 1.000000
vt 0.000000 0.000000
vt 1.000000 0.000000
vt 1.000000 1.000000
vt 0.000000 1.000000
vt 0.000000 0.000000
vt 0.000000 0.000000
vt 0.000000 0.000000
vt 0.000000 0.000000
vt 0.000000 0.000000
vt 0.000000 0.000000
vt 0.000000 0.000000
vt 1.000000 0.000000
vt 1.000000 1.000000
vt 0.000000 1.000000
vt 0.000000 0.000000
vt 1.000000 0.000000
vt 1.000000 1.000000
vt 0.000000 1.000000
vt 0.000000 0.000000
vt 0.000000 0.000000
vt 0.000000 0.000000
vt 0.000000 0.000000
vt 0.000000 0.000000
vt 0.000000 0.000000
vt 0.000000 0.000000
vt 1.000000 0.000000
vt 1.000000 1.000000
vt 0.000000 1.000000
vt 0.000000 0.000000
vt 1.000000 0.000000
vt 1.000000 1.000000
vt 0.000000 1.000000
vt 0.000000 0.000000
vt 0.000000 0.000000
vt 0.000000 0.000000
vt 0.000000 0.000000
vt 0.000000 0.000000
vt 0.000000 0.000000
vt 0.000000 0.000000
vt 1.000000 0.000000
vt 1.000000 1.000000
vt 0.000000 1.000000
vt 0.000000 0.000000
vt 1.000000 0.000000
vt 1.000000 1.000000
vt 0.000000 1.000000
vt 0.000000 0.000000
vt 0.000000 0.000000
vt 0.000000 0.000000
vt 0.000000 0.000000
vt 0.000000 0.000000
vt 0.000000 0.000000
vt 0.000000 0.000000
vt 1.000000 0.000000
vt 1.000000 1.000000
vt 0.000000 1.000000
vt 0.000000 0.000000
vt 1.000000 0.000000
vt 1.000000 1.000000
vt 0.000000 1.000000
vt 0.000000 0.000000
vt 0.000000 0.000000
vt 0.000000 0.000000
vt 0.000000 0.000000
vt 1.000000 0.000000
vt 1.000000 1.000000
vt 0.000000 1.000000
vt 0.000000 0.000000
vt 1.000000 0.000000
vt 1.000000 1.000000
vt 0.000000 1.000000
vt 0.000000 0.000000
vt 1.000000 0.000000
vt 1.000000 1.000000
vt 0.000000 1.000000
vt 0.000000 0.000000
vt 1.000000 0.000000
vt 1.000000 1.000000
vt 0.000000 1.000000
vt 0.000000 0.000000
vt 1.000000 0.000000
vt 1.000000 1.000000
vt 0.000000 1.000000
vt 0.500000 0.500000
vt 0.000000 0.000000
vt 1.000000 0.000000
vt 0.500000 0.500000
vt 0.000000 1.000000
vt 1.000000 1.000000
vt 0.500000 0.500000
vt 0.000000 0.000000
vt 1.000000 0.000000
vt 0.500000 0.500000
vt 0.000000 1.000000
vt 1.000000 1.000000
vt 0.500000 0.500000
vt 0.000000 0.000000
vt 1.000000 0.000000
vt 0.500000 0.500000
vt 0.000000 1.000000
vt 1.000000 1.000000
vt 0.500000 0.500000
vt 0.000000 0.000000
vt 1.000000 0.000000
vt 0.500000 0.500000
vt 0.000000 1.000000
vt 1.000000 1.000000
vt 0.500000 0.500000
vt 0.000000 0.000000
vt 1.000000 0.000000
vt 0.500000 0.500000
vt 0.000000 1.000000
vt 1.000000 1.000000
vt 0.000000 0.500000
vt 0.480000 1.000000
vt 1.000000 0.500000
vt 0.480000 0.000000
vt 0.000000 0.000000
vt 1.000000 0.000000
vt 1.000000 1.000000
vt 0.000000 1.000000
vt 0.000000 0.000000
vt 1.000000 0.000000
vt 1.000000 1.000000
vt 0.000000 1.000000
vt 0.000000 0.000000
vt 1.000000 0.000000
vt 1.000000 1.000000
vt 0.000000 1.000000
vt 0.000000 0.000000
vt 1.000000 0.000000
vt 1.000000 1.000000
vt 0.000000 1.000000
vt 0.000000 0.000000
vt 1.000000 0.000000
vt 1.000000 1.000000
vt 0.000000 1.000000
vt 0.500000 0.500000
vt 0.000000 0.000000
vt 1.000000 0.000000
vt 0.500000 0.500000
vt 0.000000 1.000000
vt 1.000000 1.000000
vt 0.500000 0.500000
vt 0.000000 0.000000
vt 1.000000 0.000000
vt 0.500000 0.500000
vt 0.000000 1.000000
vt 1.000000 1.000000
vt 0.500000 0.500000
vt 0.000000 0.000000
vt 1.000000 0.000000
vt 0.500000 0.500000
vt 0.000000 1.000000
vt 1.000000 1.000000
vt 0.500000 0.500000
vt 0.000000 0.000000
vt 1.000000 0.000000
vt 0.500000 0.500000
vt 0.000000 1.000000
vt 1.000000 1.000000
vt 0.500000 0.500000
vt 0.000000 0.000000
vt 1.000000 0.000000
vt 0.500000 0.500000
vt 0.000000 1.000000
vt 1.000000 1.000000
vt 0.000000 0.000000
vt 1.000000 0.000000
vt 1.000000 1.000000
vt 0.000000 1.000000
vt 0.000000 0.000000
vt 1.000000 0.000000
vt 1.000000 1.000000
vt 0.000000 1.000000
vt 0.000000 0.000000
vt 1.000000 0.000000
vt 1.000000 1.000000
vt 0.000000 1.000000
vt 0.000000 0.000000
vt 1.000000 0.000000
vt 1.000000 1.000000
vt 0.000000 1.000000
vt 0.000000 0.000000
vt 1.000000 0.000000
vt 1.000000 1.000000
vt 0.000000 1.000000
vt 0.500000 0.500000
vt 0.000000 0.000000
vt 1.000000 0.000000
vt 0.500000 0.500000
vt 0.000000 1.000000
vt 1.000000 1.000000
vt 0.500000 0.500000
vt 0.000000 0.000000
vt 1.000000 0.000000
vt 0.500000 0.500000
vt 0.000000 1.000000
vt 1.000000 1.000000
vt 0.500000 0.500000
vt 0.000000 0.000000
vt 1.000000 0.000000
vt 0.500000 0.500000
vt 0.000000 1.000000
vt 1.000000 1.000000
vt 0.500000 0.500000
vt 0.000000 0.000000
vt 1.000000 0.000000
vt 0.500000 0.500000
vt 0.000000 1.000000
vt 1.000000 1.000000
vt 0.500000 0.500000
vt 0.000000 0.000000
vt 1.000000 0.000000
vt 0.500000 0.500000
vt 0.000000 1.000000
vt 1.000000 1.000000
vt 0.000000 0.500000
vt 0.480000 1.000000
vt 1.000000 0.500000
vt 0.480000 0.000000
vt 0.000000 0.000000
vt 1.000000 0.000000
vt 1.000000 1.000000
vt 0.000000 1.000000
vt 0.000000 0.000000
vt 1.000000 0.000000
vt 1.000000 1.000000
vt 0.000000 1.000000
vt 0.000000 0.000000
vt 1.000000 0.000000
vt 1.000000 1.000000
vt 0.000000 1.000000
vt 0.000000 0.000000
vt 1.000000 0.000000
vt 1.000000 1.000000
vt 0.000000 1.000000
vt 0.000000 0.000000
vt 1.000000 0.000000
vt 1.000000 1.000000
vt 0.000000 1.000000
vt 0.500000 0.500000
vt 0.000000 0.000000
vt 1.000000 0.000000
vt 0.500000 0.500000
vt 0.000000 1.000000
vt 1.000000 1.000000
vt 0.500000 0.500000
vt 0.000000 0.000000
vt 1.000000 0.000000
vt 0.500000 0.500000
vt 0.000000 1.000000
vt 1.000000 1.000000
vt 0.500000 0.500000
vt 0.000000 0.000000
vt 1.000000 0.000000
vt 0.500000 0.500000
vt 0.000000 1.000000
vt 1.000000 1.000000
vt 0.500000 0.500000
vt 0.000000 0.000000
vt 1.000000 0.000000
vt 0.500000 0.500000
vt 0.000000 1.000000
vt 1.000000 1.000000
vt 0.500000 0.500000
vt 0.000000 0.000000
vt 1.000000 0.000000
vt 0.500000 0.500000
vt 0.000000 1.000000
vt 1.000000 1.000000
vt 0.000000 0.000000
vt 1.000000 0.000000
vt 1.000000 1.000000
vt 0.000000 1.000000
vt 0.000000 0.000000
vt 1.000000 0.000000
vt 1.000000 1.000000
vt 0.000000 1.000000
vt 0.000000 0.000000
vt 1.000000 0.000000
vt 1.000000 1.000000
vt 0.000000 1.000000
vt 0.000000 0.000000
vt 1.000000 0.000000
vt 1.000000 1.000000
vt 0.000000 1.000000
vt 0.000000 0.000000
vt 1.000000 0.000000
vt 1.000000 1.000000
vt 0.000000 1.000000
vt 0.500000 0.500000
vt 0.000000 0.000000
vt 1.000000 0.000000
vt 0.500000 0.500000
vt 0.000000 1.000000
vt 1.000000 1.000000
vt 0.500000 0.500000
vt 0.000000 0.000000
vt 1.000000 0.000000
vt 0.500000 0.500000
vt 0.000000 1.000000
vt 1.000000 1.000000
vt 0.500000 0.500000
vt 0.000000 0.000000
vt 1.000000 0.000000
vt 0.500000 0.500000
vt 0.000000 1.000000
vt 1.000000 1.000000
vt 0.500000 0.500000
vt 0.000000 0.000000
vt 1.000000 0.000000
vt 0.500000 0.500000
vt 0.000000 1.000000
vt 1.000000 1.000000
vt 0.500000 0.500000
vt 0.000000 0.000000
vt 1.000000 0.000000
vt 0.500000 0.500000
vt 0.000000 1.000000
vt 1.000000 1.000000
vt 0.000000 0.500000
vt 0.480000 1.000000
vt 1.000000 0.500000
vt 0.480000 0.000000
vt 0.000000 0.000000
vt 1.000000 0.000000
vt 1.000000 1.000000
vt 0.000000 1.000000
vt 0.000000 0.000000
vt 1.000000 0.000000
vt 1.000000 1.000000
vt 0.000000 1.000000
vt 0.000000 0.000000
vt 1.000000 0.000000
vt 1.000000 1.000000
vt 0.000000 1.000000
vt 0.000000 0.000000
vt 1.000000 0.000000
vt 1.000000 1.000000
vt 0.000000 1.000000
vt 0.000000 0.000000
vt 1.000000 0.000000
vt 1.000000 1.000000
vt 0.000000 1.000000
vt 0.500000 0.500000
vt 0.000000 0.000000
vt 1.000000 0.000000
vt 0.500000 0.500000
vt 0.000000 1.000000
vt 1.000000 1.000000
vt 0.500000 0.500000
vt 0.000000 0.000000
vt 1.000000 0.000000
vt 0.500000 0.500000
vt 0.000000 1.000000
vt 1.000000 1.000000
vt 0.500000 0.500000
vt 0.000000 0.000000
vt 1.000000 0.000000
vt 0.500000 0.500000
vt 0.000000 1.000000
vt 1.000000 1.000000
vt 0.500000 0.500000
vt 0.000000 0.000000
vt 1.000000 0.000000
vt 0.500000 0.500000
vt 0.000000 1.000000
vt 1.000000 1.000000
vt 0.500000 0.500000
vt 0.000000 0.000000
vt 1.000000 0.000000
vt 0.500000 0.500000
vt 0.000000 1.000000
vt 1.000000 1.000000
vt 0.000000 0.000000
vt 0.000000 0.000000
vt 0.000000 0.000000
vt 0.000000 0.000000
vt 1.000000 0.000000
vt 1.000000 1.000000
vt 0.000000 1.000000
vt 0.000000 0.000000
vt 1.000000 0.000000
vt 1.000000 1.000000
vt 0.000000 1.000000
vt 0.000000 0.000000
vt 0.000000 0.000000
vt 0.000000 0.000000
vt 0.000000 0.000000
vt 0.000000 0.000000
vt 0.000000 0.000000
vt 0.000000 0.000000
vt 1.000000 0.000000
vt 1.000000 1.000000
vt 0.000000 1.000000
vt 0.000000 0.000000
vt 1.000000 0.000000
vt 1.000000 1.000000
vt 0.000000 1.000000
vt 0.000000 0.000000
vt 0.000000 0.000000
vt 0.000000 0.000000
vt 0.000000 0.000000
vt 0.000000 0.000000
vt 0.000000 0.000000
vt 0.000000 0.000000
vt 1.000000 0.000000
vt 1.000000 1.000000
vt 0.000000 1.000000
vt 0.000000 0.000000
vt 1.000000 0.000000
vt 1.000000 1.000000
vt 0.000000 1.000000
vt 0.000000 0.000000
vt 0.000000 0.000000
vt 0.000000 0.000000
vt 0.000000 0.000000
vt 0.000000 0.000000
vt 0.000000 0.000000
vt 0.000000 0.000000
vt 1.000000 0.000000
vt 1.000000 1.000000
vt 0.000000 1.000000
vt 0.000000 0.000000
vt 1.000000 0.000000
vt 1.000000 1.000000
vt 0.000000 1.000000
vt 0.000000 0.000000
vt 0.000000 0.000000
vt 0.000000 0.000000
vt 0.000000 0.000000
vt 0.000000 0.000000
vt 0.000000 0.000000
vt 0.000000 0.000000
vt 1.000000 0.000000
vt 1.000000 1.000000
vt 0.000000 1.000000
vt 0.000000 0.000000
vt 1.000000 0.000000
vt 1.000000 1.000000
vt 0.000000 1.000000
vt 0.000000 0.000000
vt 0.000000 0.000000
vt 0.000000 0.000000
vt 0.000000 0.000000
vt 0.000000 0.000000
vt 0.000000 0.000000
vt 0.000000 0.000000
vt 1.000000 0.000000
vt 1.000000 1.000000
vt 0.000000 1.000000
vt 0.000000 0.000000
vt 1.000000 0.000000
vt 1.000000 1.000000
vt 0.000000 1.000000
vt 0.000000 0.000000
vt 0.000000 0.000000
vt 0.000000 0.000000
vt 0.000000 0.000000
vt 0.000000 0.000000
vt 0.000000 0.000000
vt 0.000000 0.000000
vt 1.000000 0.000000
vt 1.000000 1.000000
vt 0.000000 1.000000
vt 0.000000 0.000000
vt 1.000000 0.000000
vt 1.000000 1.000000
vt 0.000000 1.000000
vt 0.000000 0.000000
vt 0.000000 0.000000
vt 0.000000 0.000000
vt 0.000000 0.000000
vt 0.000000 0.000000
vt 0.000000 0.000000
vt 0.000000 0.000000
vt 1.000000 0.000000
vt 1.000000 1.000000
vt 0.000000 1.000000
vt 0.000000 0.000000
vt 1.000000 0.000000
vt 1.000000 1.000000
vt 0.000000 1.000000
vt 0.000000 0.000000
vt 0.000000 0.000000
vt 0.000000 0.000000
vt 0.000000 0.000000
vt 0.000000 0.000000
vt 0.000000 0.000000
vt 0.000000 0.000000
vt 1.000000 0.000000
vt 1.000000 1.000000
vt 0.000000 1.000000
vt 0.000000 0.000000
vt 1.000000 0.000000
vt 1.000000 1.000000
vt 0.000000 1.000000
vt 0.000000 0.000000
vt 0.000000 0.000000
vt 0.000000 0.000000
vt 0.000000 0.000000
vt 0.000000 0.000000
vt 0.000000 0.000000
vt 0.000000 0.000000
vt 1.000000 0.000000
vt 1.000000 1.000000
vt 0.000000 1.000000
vt 0.000000 0.000000
vt 1.000000 0.000000
vt 1.000000 1.000000
vt 0.000000 1.000000
vt 0.000000 0.000000
vt 0.000000 0.000000
vt 0.000000 0.000000
vt 0.000000 0.000000
vt 0.000000 0.000000
vt 0.000000 0.000000
vt 0.000000 0.000000
vt 1.000000 0.000000
vt 1.000000 1.000000
vt 0.000000 1.000000
vt 0.000000 0.000000
vt 1.000000 0.000000
vt 1.000000 1.000000
vt 0.000000 1.000000
vt 0.000000 0.000000
vt 0.000000 0.000000
vt 0.000000 0.000000
vt 0.000000 0.000000
vt 0.000000 0.000000
vt 0.000000 0.000000
vt 0.000000 0.000000
vt 1.000000 0.000000
vt 1.000000 1.000000
vt 0.000000 1.000000
vt 0.000000 0.000000
vt 1.000000 0.000000
vt 1.000000 1.000000
vt 0.000000 1.000000
vt 0.000000 0.000000
vt 0.000000 0.000000
vt 0.000000 0.000000
vt 0.000000 0.000000
vt 0.000000 0.000000
vt 0.000000 0.000000
vt 0.000000 0.000000
vt 1.000000 0.000000
vt 1.000000 1.000000
vt 0.000000 1.000000
vt 0.000000 0.000000
vt 1.000000 0.000000
vt 1.000000 1.000000
vt 0.000000 1.000000
vt 0.000000 0.000000
vt 0.000000 0.000000
vt 0.000000 0.000000
vt 0.000000 0.000000
vt 0.000000 0.000000
vt 0.000000 0.000000
vt 0.000000 0.000000
vt 1.000000 0.000000
vt 1.000000 1.000000
vt 0.000000 1.000000
vt 0.000000 0.000000
vt 1.000000 0.000000
vt 1.000000 1.000000
vt 0.000000 1.000000
vt 0.000000 0.000000
vt 0.000000 0.000000
vt 0.000000 0.000000
vt 0.000000 0.000000
vt 0.000000 0.000000
vt 0.000000 0.000000
vt 0.000000 0.000000
vt 1.000000 0.000000
vt 1.000000 1.000000
vt 0.000000 1.000000
vt 0.000000 0.000000
vt 1.000000 0.000000
vt 1.000000 1.000000
vt 0.000000 1.000000
vt 0.000000 0.000000
vt 0.000000 0.000000
vt 0.000000 0.000000
vt 0.000000 0.000000
vt 0.000000 0.000000
vt 0.000000 0.000000
vt 0.000000 0.000000
vt 1.000000 0.000000
vt 1.000000 1.000000
vt 0.000000 1.000000
vt 0.000000 0.000000
vt 1.000000 0.000000
vt 1.000000 1.000000
vt 0.000000 1.000000
vt 0.000000 0.000000
vt 0.000000 0.000000
vt 0.000000 0.000000
vt 0.000000 0.000000
vt 0.000000 0.000000
vt 0.000000 0.000000
vt 0.000000 0.000000
vt 1.000000 0.000000
vt 1.000000 1.000000
vt 0.000000 1.000000
vt 0.000000 0.000000
vt 1.000000 0.000000
vt 1.000000 1.000000
vt 0.000000 1.000000
vt 0.000000 0.000000
vt 0.000000 0.000000
vt 0.000000 0.000000
vt 0.000000 0.000000
vt 0.000000 0.000000
vt 0.000000 0.000000
vt 0.000000 0.000000
vt 1.000000 0.000000
vt 1.000000 1.000000
vt 0.000000 1.000000
vt 0.000000 0.000000
vt 1.000000 0.000000
vt 1.000000 1.000000
vt 0.000000 1.000000
vt 0.000000 0.000000
vt 0.000000 0.000000
vt 0.000000 0.000000
vt 0.000000 0.000000
vt 0.000000 0.000000
vt 0.000000 0.000000
vt 0.000000 0.000000
vt 1.000000 0.000000
vt 1.000000 1.000000
vt 0.000000 1.000000
vt 0.000000 0.000000
vt 1.000000 0.000000
vt 1.000000 1.000000
vt 0.000000 1.000000
vt 0.000000 0.000000
vt 0.000000 0.000000
vt 0.000000 0.000000
vt 0.000000 0.000000
vt 0.000000 0.000000
vt 0.000000 0.000000
vt 0.000000 0.000000
vt 1.000000 0.000000
vt 1.000000 1.000000
vt 0.000000 1.000000
vt 0.000000 0.000000
vt 1.000000 0.000000
vt 1.000000 1.000000
vt 0.000000 1.000000
vt 0.000000 0.000000
vt 0.000000 0.000000
vt 0.000000 0.000000
vt 0.000000 0.000000
vt 0.000000 0.000000
vt 0.000000 0.000000
vt 0.000000 0.000000
vt 1.000000 0.000000
vt 1.000000 1.000000
vt 0.000000 1.000000
vt 0.000000 0.000000
vt 1.000000 0.000000
vt 1.000000 1.000000
vt 0.000000 1.000000
vt 0.000000 0.000000
vt 0.000000 0.000000
vt 0.000000 0.000000
vt 0.000000 0.000000
vt 0.000000 0.000000
vt 0.000000 0.000000
vt 0.000000 0.000000
vt 1.000000 0.000000
vt 1.000000 1.000000
vt 0.000000 1.000000
vt 0.000000 0.000000
vt 1.000000 0.000000
vt 1.000000 1.000000
vt 0.000000 1.000000
vt 0.000000 0.000000
vt 0.000000 0.000000
vt 0.000000 0.000000
vt 0.000000 0.000000
vt 0.000000 0.000000
vt 0.000000 0.000000
vt 0.000000 0.000000
vt 1.000000 0.000000
vt 1.000000 1.000000
vt 0.000000 1.000000
vt 0.000000 0.000000
vt 1.000000 0.000000
vt 1.000000 1.000000
vt 0.000000 1.000000
vt 0.000000 0.000000
vt 0.000000 0.000000
vt 0.000000 0.000000
vt 0.000000 0.000000
vt 0.000000 0.000000
vt 0.000000 0.000000
vt 0.000000 0.000000
vt 1.000000 0.000000
vt 1.000000 1.000000
vt 0.000000 1.000000
vt 0.000000 0.000000
vt 1.000000 0.000000
vt 1.000000 1.000000
vt 0.000000 1.000000
vt 0.000000 0.000000
vt 0.000000 0.000000
vt 0.000000 0.000000
vt 0.000000 0.000000
vt 0.000000 0.000000
vt 0.000000 0.000000
vt 0.000000 0.000000
vt 1.000000 0.000000
vt 1.000000 1.000000
vt 0.000000 1.000000
vt 0.000000 0.000000
vt 1.000000 0.000000
vt 1.000000 1.000000
vt 0.000000 1.000000
vt 0.000000 0.000000
vt 0.000000 0.000000
vt 0.000000 0.000000
vt 0.000000 0.000000
vt 0.000000 0.000000
vt 0.000000 0.000000
vt 0.000000 0.000000
vt 1.000000 0.000000
vt 1.000000 1.000000
vt 0.000000 1.000000
vt 0.000000 0.000000
vt 1.000000 0.000000
vt 1.000000 1.000000
vt 0.000000 1.000000
vt 0.000000 0.000000
vt 0.000000 0.000000
vt 0.000000 0.000000
vt 0.000000 0.000000
vt 0.000000 0.000000
vt 0.000000 0.000000
vt 0.000000 0.000000
vt 1.000000 0.000000
vt 1.000000 1.000000
vt 0.000000 1.000000
vt 0.000000 0.000000
vt 1.000000 0.000000
vt 1.000000 1.000000
vt 0.000000 1.000000
vt 0.000000 0.000000
vt 0.000000 0.000000
vt 0.000000 0.000000
vt 0.000000 0.000000
vt 0.000000 0.000000
vt 0.000000 0.000000
vt 0.000000 0.000000
vt 1.000000 0.000000
vt 1.000000 1.000000
vt 0.000000 1.000000
vt 0.000000 0.000000
vt 1.000000 0.000000
vt 1.000000 1.000000
vt 0.000000 1.000000
vt 0.000000 0.000000
vt 0.000000 0.000000
vt 0.000000 0.000000
vt 0.000000 0.000000
vt 0.000000 0.000000
vt 0.000000 0.000000
vt 0.000000 0.000000
vt 1.000000 0.000000
vt 1.000000 1.000000
vt 0.000000 1.000000
vt 0.000000 0.000000
vt 1.000000 0.000000
vt 1.000000 1.000000
vt 0.000000 1.000000
vt 0.000000 0.000000
vt 0.000000 0.000000
vt 0.000000 0.000000
vt 0.000000 0.000000
vt 0.000000 0.000000
vt 0.000000 0.000000
vt 0.000000 0.000000
vt 1.000000 0.000000
vt 1.000000 1.000000
vt 0.000000 1.000000
vt 0.000000 0.000000
vt 1.000000 0.000000
vt 1.000000 1.000000
vt 0.000000 1.000000
vt 0.000000 0.000000
vt 0.000000 0.000000
vt 0.000000 0.000000
vt 0.000000 0.000000
vt 0.000000 0.000000
vt 0.000000 0.000000
vt 0.000000 0.000000
vt 1.000000 0.000000
vt 1.000000 1.000000
vt 0.000000 1.000000
vt 0.000000 0.000000
vt 1.000000 0.000000
vt 1.000000 1.000000
vt 0.000000 1.000000
vt 0.000000 0.000000
vt 0.000000 0.000000
vt 0.000000 0.000000
vt 0.000000 0.000000
vt 0.000000 0.000000
vt 0.000000 0.000000
vt 0.000000 0.000000
vt 1.000000 0.000000
vt 1.000000 1.000000
vt 0.000000 1.000000
vt 0.000000 0.000000
vt 1.000000 0.000000
vt 1.000000 1.000000
vt 0.000000 1.000000
vt 0.000000 0.000000
vt 0.000000 0.000000
vt 0.000000 0.000000
vt 0.000000 0.000000
vt 0.000000 0.000000
vt 0.000000 0.000000
vt 0.000000 0.000000
vt 1.000000 0.000000
vt 1.000000 1.000000
vt 0.000000 1.000000
vt 0.000000 0.000000
vt 1.000000 0.000000
vt 1.000000 1.000000
vt 0.000000 1.000000
vt 0.000000 0.000000
vt 0.000000 0.000000
vt 0.000000 0.000000
vt 0.000000 0.000000
vt 0.000000 0.000000
vt 0.000000 0.000000
vt 0.000000 0.000000
vt 1.000000 0.000000
vt 1.000000 1.000000
vt 0.000000 1.000000
vt 0.000000 0.000000
vt 1.000000 0.000000
vt 1.000000 1.000000
vt 0.000000 1.000000
vt 0.000000 0.000000
vt 0.000000 0.000000
vt 0.000000 0.000000
vt 0.000000 0.000000
vt 0.000000 0.000000
vt 0.000000 0.000000
vt 0.000000 0.000000
vt 1.000000 0.000000
vt 1.000000 1.000000
vt 0.000000 1.000000
vt 0.000000 0.000000
vt 1.000000 0.000000
vt 1.000000 1.000000
vt 0.000000 1.000000
vt 0.000000 0.000000
vt 0.000000 0.000000
vt 0.000000 0.000000
usemtl Stone
f 1/1 2/2 3/3
f 4/4 5/5 6/6
f 4/4 6/6 7/7
f 8/8 9/9 10/10
f 8/8 10/10 11/11
f 12/12 13/13 14/14
f 15/15 16/16 17/17
f 18/18 19/19 20/20
f 18/18 20/20 21/21
f 22/22 23/23 24/24
f 22/22 24/24 25/25
f 26/26 27/27 28/28
f 29/29 30/30 31/31
f 32/32 33/33 34/34
f 32/32 34/34 35/35
f 36/36 37/37 38/38
f 36/36 38/38 39/39
f 40/40 41/41 42/42
f 43/43 44/44 45/45
f 46/46 47/47 48/48
f 46/46 48/48 49/49
f 50/50 51/51 52/52
f 50/50 52/52 53/53
f 54/54 55/55 56/56
f 57/57 58/58 59/59
f 60/60 61/61 62/62
f 60/60 62/62 63/63
f 64/64 65/65 66/66
f 64/64 66/66 67/67
f 68/68 69/69 70/70
f 71/71 72/72 73/73
f 74/74 75/75 76/76
f 74/74 76/76 77/77
f 78/78 79/79 80/80
f 78/78 80/80 81/81
f 82/82 83/83 84/84
f 85/85 86/86 87/87
f 88/88 89/89 90/90
f 88/88 90/90 91/91
f 92/92 93/93 94/94
f 92/92 94/94 95/95
f 96/96 97/97 98/98
f 99/99 100/100 101/101
f 102/102 103/103 104/104
f 102/102 104/104 105/105
f 106/106 107/107 108/108
f 106/106 108/108 109/109
f 110/110 111/111 112/112
f 113/113 114/114 115/115
f 116/116 117/117 118/118
f 116/116 118/118 119/119
f 120/120 121/121 122/122
f 120/120 122/122 123/123
f 124/124 125/125 126/126
f 127/127 128/128 129/129
f 130/130 131/131 132/132
f 130/130 132/132 133/133
f 134/134 135/135 136/136
f 134/134 136/136 137/137
f 138/138 139/139 140/140
f 141/141 142/142 143/143
f 144/144 145/145 146/146
f 144/144 146/146 147/147
f 148/148 149/149 150/150
f 148/148 150/150 151/151
f 152/152 153/153 154/154
f 155/155 156/156 157/157
f 158/158 159/159 160/160
f 158/158 160/160 161/161
f 162/162 163/163 164/164
f 162/162 164/164 165/165
f 166/166 167/167 168/168
f 169/169 170/170 171/171
f 172/172 173/173 174/174
f 172/172 174/174 175/175
f 176/176 177/177 178/178
f 176/176 178/178 179/179
f 180/180 181/181 182/182
f 183/183 184/184 185/185
f 186/186 187/187 188/188
f 186/186 188/188 189/189
f 190/190 191/191 192/192
f 190/190 192/192 193/193
f 194/194 195/195 196/196
f 197/197 198/198 199/199
f 200/200 201/201 202/202
f 200/200 202/202 203/203
f 204/204 205/205 206/206
f 204/204 206/206 207/207
f 208/208 209/209 210/210
f 211/211 212/212 213/213
f 214/214 215/215 216/216
f 214/214 216/216 217/217
f 218/218 219/219 220/220
f 218/218 220/220 221/221
f 222/222 223/223 224/224
f 225/225 226/226 227/227
f 228/228 229/229 230/230
f 228/228 230/230 231/231
f 232/232 233/233 234/234
f 232/232 234/234 235/235
f 236/236 237/237 238/238
f 239/239 240/240 241/241
f 242/242 243/243 244/244
f 242/242 244/244 245/245
f 246/246 247/247 248/248
f 246/246 248/248 249/249
f 250/250 251/251 252/252
f 253/253 254/254 255/255
f 256/256 257/257 258/258
f 256/256 258/258 259/259
f 260/260 261/261 262/262
f 260/260 262/262 263/263
f 264/264 265/265 266/266
f 267/267 268/268 269/269
f 270/270 271/271 272/272
f 270/270 272/272 273/273
f 274/274 275/275 276/276
f 274/274 276/276 277/277
f 278/278 279/279 280/280
f 281/281 282/282 283/283
f 284/284 285/285 286/286
f 284/284 286/286 287/287
f 288/288 289/289 290/290
f 288/288 290/290 291/291
f 292/292 293/293 294/294
f 295/295 296/296 297/297
f 298/298 299/299 300/300
f 298/298 300/300 301/301
f 302/302 303/303 304/304
f 302/302 304/304 305/305
f 306/306 307/307 308/308
f 309/309 310/310 311/311
f 312/312 313/313 314/314
f 312/312 314/314 315/315
f 316/316 317/317 318/318
f 316/316 318/318 319/319
f 320/320 321/321 322/322
f 323/323 324/324 325/325
f 326/326 327/327 328/328
f 326/326 328/328 329/329
f 330/330 331/331 332/332
f 330/330 332/332 333/333
f 334/334 335/335 336/336
f 337/337 338/338 339/339
f 340/340 341/341 342/342
f 340/340 342/342 343/343
f 344/344 345/345 346/346
f 344/344 346/346 347/347
f 348/348 349/349 350/350
f 351/351 352/352 353/353
f 354/354 355/355 356/356
f 354/354 356/356 357/357
f 358/358 359/359 360/360
f 358/358 360/360 361/361
f 362/362 363/363 364/364
f 365/365 366/366 367/367
f 368/368 369/369 370/370
f 368/368 370/370 371/371
f 372/372 373/373 374/374
f 372/372 374/374 375/375
f 376/376 377/377 378/378
f 379/379 380/380 381/381
f 382/382 383/383 384/384
f 382/382 384/384 385/385
f 386/386 387/387 388/388
f 386/386 388/388 389/389
f 390/390 391/391 392/392
f 393/393 394/394 395/395
f 396/396 397/397 398/398
f 396/396 398/398 399/399
f 400/400 401/401 402/402
f 400/400 402/402 403/403
f 404/404 405/405 406/406
f 407/407 408/408 409/409
f 410/410 411/411 412/412
f 410/410 412/412 413/413
f 414/414 415/415 416/416
f 414/414 416/416 417/417
f 418/418 419/419 420/420
f 421/421 422/422 423/423
f 424/424 425/425 426/426
f 424/424 426/426 427/427
f 428/428 429/429 430/430
f 428/428 430/430 431/431
f 432/432 433/433 434/434
f 435/435 436/436 437/437
f 438/438 439/439 440/440
f 438/438 440/440 441/441
f 442/442 443/443 444/444
f 442/442 444/444 445/445
f 446/446 447/447 448/448
f 449/449 450/450 451/451
f 452/452 453/453 454/454
f 452/452 454/454 455/455
f 456/456 457/457 458/458
f 456/456 458/458 459/459
f 460/460 461/461 462/462
f 463/463 464/464 465/465
f 466/466 467/467 468/468
f 466/466 468/468 469/469
f 470/470 471/471 472/472
f 470/470 472/472 473/473
f 474/474 475/475 476/476
f 477/477 478/478 479/479
f 480/480 481/481 482/482
f 480/480 482/482 483/483
f 484/484 485/485 486/486
f 484/484 486/486 487/487
f 488/488 489/489 490/490
f 491/491 492/492 493/493
f 494/494 495/495 496/496
f 494/494 496/496 497/497
f 498/498 499/499 500/500
f 498/498 500/500 501/501
f 502/502 503/503 504/504
f 505/505 506/506 507/507
f 508/508 509/509 510/510
f 508/508 510/510 511/511
f 512/512 513/513 514/514
f 512/512 514/514 515/515
f 516/516 517/517 518/518
f 519/519 520/520 521/521
f 522/522 523/523 524/524
f 522/522 524/524 525/525
f 526/526 527/527 528/528
f 526/526 528/528 529/529
f 530/530 531/531 532/532
f 533/533 534/534 535/535
f 536/536 537/537 538/538
f 536/536 538/538 539/539
f 540/540 541/541 542/542
f 540/540 542/542 543/543
f 544/544 545/545 546/546
f 547/547 548/548 549/549
f 550/550 551/551 552/552
f 550/550 552/552 553/553
f 554/554 555/555 556/556
f 554/554 556/556 557/557
f 558/558 559/559 560/560
f 561/561 562/562 563/563
f 564/564 565/565 566/566
f 564/564 566/566 567/567
f 568/568 569/569 570/570
f 568/568 570/570 571/571
f 572/572 573/573 574/574
f 575/575 576/576 577/577
f 578/578 579/579 580/580
f 578/578 580/580 581/581
f 582/582 583/583 584/584
f 582/582 584/584 585/585
f 586/586 587/587 588/588
f 589/589 590/590 591/591
f 592/592 593/593 594/594
f 592/592 594/594 595/595
f 596/596 597/597 598/598
f 596/596 598/598 599/599
f 600/600 601/601 602/602
f 603/603 604/604 605/605
f 606/606 607/607 608/608
f 606/606 608/608 609/609
f 610/610 611/611 612/612
f 610/610 612/612 613/613
f 614/614 615/615 616/616
f 617/617 618/618 619/619
f 620/620 621/621 622/622
f 620/620 622/622 623/623
f 624/624 625/625 626/626
f 624/624 626/626 627/627
f 628/628 629/629 630/630
f 631/631 632/632 633/633
f 634/634 635/635 636/636
f 634/634 636/636 637/637
f 638/638 639/639 640/640
f 638/638 640/640 641/641
f 642/642 643/643 644/644
f 645/645 646/646 647/647
f 648/648 649/649 650/650
f 648/648 650/650 651/651
f 652/652 653/653 654/654
f 652/652 654/654 655/655
f 656/656 657/657 658/658
f 659/659 660/660 661/661
f 662/662 663/663 664/664
f 662/662 664/664 665/665
f 666/666 667/667 668/668
f 666/666 668/668 669/669
f 670/670 671/671 672/672
f 673/673 674/674 675/675
f 676/676 677/677 678/678
f 676/676 678/678 679/679
f 680/680 681/681 682/682
f 680/680 682/682 683/683
f 684/684 685/685 686/686
f 687/687 688/688 689/689
f 690/690 691/691 692/692
f 690/690 692/692 693/693
f 694/694 695/695 696/696
f 694/694 696/696 697/697
f 698/698 699/699 700/700
f 701/701 702/702 703/703
f 704/704 705/705 706/706
f 704/704 706/706 707/707
f 708/708 709/709 710/710
f 708/708 710/710 711/711
f 712/712 713/713 714/714
f 715/715 716/716 717/717
f 718/718 719/719 720/720
f 718/718 720/720 721/721
f 722/722 723/723 724/724
f 722/722 724/724 725/725
f 726/726 727/727 728/728
f 729/729 730/730 731/731
f 732/732 733/733 734/734
f 732/732 734/734 735/735
f 736/736 737/737 738/738
f 736/736 738/738 739/739
f 740/740 741/741 742/742
f 743/743 744/744 745/745
f 746/746 747/747 748/748
f 746/746 748/748 749/749
f 750/750 751/751 752/752
f 750/750 752/752 753/753
f 754/754 755/755 756/756
f 757/757 758/758 759/759
f 760/760 761/761 762/762
f 760/760 762/762 763/763
f 764/764 765/765 766/766
f 764/764 766/766 767/767
f 768/768 769/769 770/770
f 771/771 772/772 773/773
f 774/774 775/775 776/776
f 774/774 776/776 777/777
f 778/778 779/779 780/780
f 778/778 780/780 781/781
f 782/782 783/783 784/784
f 785/785 786/786 787/787
f 788/788 789/789 790/790
f 788/788 790/790 791/791
f 792/792 793/793 794/794
f 792/792 794/794 795/795
f 796/796 797/797 798/798
f 799/799 800/800 801/801
f 802/802 803/803 804/804
f 802/802 804/804 805/805
f 806/806 807/807 808/808
f 806/806 808/808 809/809
f 810/810 811/811 812/812
f 813/813 814/814 815/815
f 816/816 817/817 818/818
f 816/816 818/818 819/819
f 820/820 821/821 822/822
f 820/820 822/822 823/823
f 824/824 825/825 826/826
f 827/827 828/828 829/829
f 830/830 831/831 832/832
f 830/830 832/832 833/833
f 834/834 835/835 836/836
f 834/834 836/836 837/837
f 838/838 839/839 840/840
f 841/841 842/842 843/843
f 844/844 845/845 846/846
f 844/844 846/846 847/847
f 848/848 849/849 850/850
f 848/848 850/850 851/851
f 852/852 853/853 854/854
f 855/855 856/856 857/857
f 858/858 859/859 860/860
f 858/858 860/860 861/861
f 862/862 863/863 864/864
f 862/862 864/864 865/865
f 866/866 867/867 868/868
f 869/869 870/870 871/871
f 872/872 873/873 874/874
f 872/872 874/874 875/875
f 876/876 877/877 878/878
f 876/876 878/878 879/879
f 880/880 881/881 882/882
f 883/883 884/884 885/885
f 886/886 887/887 888/888
f 886/886 888/888 889/889
f 890/890 891/891 892/892
f 890/890 892/892 893/893
f 894/894 895/895 896/896
f 897/897 898/898 899/899
f 900/900 901/901 902/902
f 900/900 902/902 903/903
f 904/904 905/905 906/906
f 904/904 906/906 907/907
f 908/908 909/909 910/910
f 911/911 912/912 913/913
f 914/914 915/915 916/916
f 914/914 916/916 917/917
f 918/918 919/919 920/920
f 918/918 920/920 921/921
f 922/922 923/923 924/924
f 925/925 926/926 927/927
f 928/928 929/929 930/930
f 928/928 930/930 931/931
f 932/932 933/933 934/934
f 932/932 934/934 935/935
f 936/936 937/937 938/938
f 939/939 940/940 941/941
f 942/942 943/943 944/944
f 942/942 944/944 945/945
f 946/946 947/947 948/948
f 946/946 948/948 949/949
f 950/950 951/951 952/952
f 953/953 954/954 955/955
f 956/956 957/957 958/958
f 956/956 958/958 959/959
f 960/960 961/961 962/962
f 960/960 962/962 963/963
f 964/964 965/965 966/966
f 967/967 968/968 969/969
f 970/970 971/971 972/972
f 970/970 972/972 973/973
f 974/974 975/975 976/976
f 974/974 976/976 977/977
f 978/978 979/979 980/980
f 981/981 982/982 983/983
f 984/984 985/985 986/986
f 984/984 986/986 987/987
f 988/988 989/989 990/990
f 988/988 990/990 991/991
f 992/992 993/993 994/994
f 995/995 996/996 997/997
f 998/998 999/999 1000/1000
f 998/998 1000/1000 1001/1001
f 1002/1002 1003/1003 1004/1004
f 1002/1002 1004/1004 1005/1005
f 1006/1006 1007/1007 1008/1008
f 1009/1009 1010/1010 1011/1011
f 1012/1012 1013/1013 1014/1014
f 1012/1012 1014/1014 1015/1015
f 1016/1016 1017/1017 1018/1018
f 1016/1016 1018/1018 1019/1019
f 1020/1020 1021/1021 1022/1022
f 1023/1023 1024/1024 1025/1025
f 1026/1026 1027/1027 1028/1028
f 1026/1026 1028/1028 1029/1029
f 1030/1030 1031/1031 1032/1032
f 1030/1030 1032/1032 1033/1033
f 1034/1034 1035/1035 1036/1036
f 1037/1037 1038/1038 1039/1039
f 1040/1040 1041/1041 1042/1042
f 1040/1040 1042/1042 1043/1043
f 1044/1044 1045/1045 1046/1046
f 1044/1044 1046/1046 1047/1047
f 1048/1048 1049/1049 1050/1050
f 1051/1051 1052/1052 1053/1053
f 1054/1054 1055/1055 1056/1056
f 1054/1054 1056/1056 1057/1057
f 1058/1058 1059/1059 1060/1060
f 1058/1058 1060/1060 1061/1061
f 1062/1062 1063/1063 1064/1064
f 1065/1065 1066/1066 1067/1067
f 1068/1068 1069/1069 1070/1070
f 1068/1068 1070/1070 1071/1071
f 1072/1072 1073/1073 1074/1074
f 1072/1072 1074/1074 1075/1075
f 1076/1076 1077/1077 1078/1078
f 1079/1079 1080/1080 1081/1081
f 1082/1082 1083/1083 1084/1084
f 1082/1082 1084/1084 1085/1085
f 1086/1086 1087/1087 1088/1088
f 1086/1086 1088/1088 1089/1089
f 1090/1090 1091/1091 1092/1092
f 1093/1093 1094/1094 1095/1095
f 1096/1096 1097/1097 1098/1098
f 1096/1096 1098/1098 1099/1099
f 1100/1100 1101/1101 1102/1102
f 1100/1100 1102/1102 1103/1103
f 1104/1104 1105/1105 1106/1106
f 1107/1107 1108/1108 1109/1109
f 1110/1110 1111/1111 1112/1112
f 1110/1110 1112/1112 1113/1113
f 1114/1114 1115/1115 1116/1116
f 1114/1114 1116/1116 1117/1117
f 1118/1118 1119/1119 1120/1120
f 1121/1121 1122/1122 1123/1123
f 1124/1124 1125/1125 1126/1126
f 1124/1124 1126/1126 1127/1127
f 1128/1128 1129/1129 1130/1130
f 1128/1128 1130/1130 1131/1131
f 1132/1132 1133/1133 1134/1134
f 1135/1135 1136/1136 1137/1137
f 1138/1138 1139/1139 1140/1140
f 1138/1138 1140/1140 1141/1141
f 1142/1142 1143/1143 1144/1144
f 1142/1142 1144/1144 1145/1145
f 1146/1146 1147/1147 1148/1148
f 1149/1149 1150/1150 1151/1151
f 1152/1152 1153/1153 1154/1154
f 1152/1152 1154/1154 1155/1155
f 1156/1156 1157/1157 1158/1158
f 1156/1156 1158/1158 1159/1159
f 1160/1160 1161/1161 1162/1162
f 1163/1163 1164/1164 1165/1165
f 1166/1166 1167/1167 1168/1168
f 1166/1166 1168/1168 1169/1169
f 1170/1170 1171/1171 1172/1172
f 1170/1170 1172/1172 1173/1173
f 1174/1174 1175/1175 1176/1176
f 1177/1177 1178/1178 1179/1179
f 1180/1180 1181/1181 1182/1182
f 1180/1180 1182/1182 1183/1183
f 1184/1184 1185/1185 1186/1186
f 1184/1184 1186/1186 1187/1187
f 1188/1188 1189/1189 1190/1190
f 1191/1191 1192/1192 1193/1193
f 1194/1194 1195/1195 1196/1196
f 1194/1194 1196/1196 1197/1197
f 1198/1198 1199/1199 1200/1200
f 1198/1198 1200/1200 1201/1201
f 1202/1202 1203/1203 1204/1204
f 1205/1205 1206/1206 1207/1207
f 1208/1208 1209/1209 1210/1210
f 1208/1208 1210/1210 1211/1211
f 1212/1212 1213/1213 1214/1214
f 1212/1212 1214/1214 1215/1215
f 1216/1216 1217/1217 1218/1218
f 1219/1219 1220/1220 1221/1221
f 1222/1222 1223/1223 1224/1224
f 1222/1222 1224/1224 1225/1225
f 1226/1226 1227/1227 1228/1228
f 1226/1226 1228/1228 1229/1229
f 1230/1230 1231/1231 1232/1232
f 1233/1233 1234/1234 1235/1235
f 1236/1236 1237/1237 1238/1238
f 1236/1236 1238/1238 1239/1239
f 1240/1240 1241/1241 1242/1242
f 1240/1240 1242/1242 1243/1243
f 1244/1244 1245/1245 1246/1246
f 1247/1247 1248/1248 1249/1249
f 1250/1250 1251/1251 1252/1252
f 1250/1250 1252/1252 1253/1253
f 1254/1254 1255/1255 1256/1256
f 1254/1254 1256/1256 1257/1257
f 1258/1258 1259/1259 1260/1260
f 1261/1261 1262/1262 1263/1263
f 1264/1264 1265/1265 1266/1266
f 1264/1264 1266/1266 1267/1267
f 1268/1268 1269/1269 1270/1270
f 1268/1268 1270/1270 1271/1271
f 1272/1272 1273/1273 1274/1274
f 1275/1275 1276/1276 1277/1277
f 1278/1278 1279/1279 1280/1280
f 1278/1278 1280/1280 1281/1281
f 1282/1282 1283/1283 1284/1284
f 1282/1282 1284/1284 1285/1285
f 1286/1286 1287/1287 1288/1288
f 1289/1289 1290/1290 1291/1291
f 1292/1292 1293/1293 1294/1294
f 1292/1292 1294/1294 1295/1295
f 1296/1296 1297/1297 1298/1298
f 1296/1296 1298/1298 1299/1299
f 1300/1300 1301/1301 1302/1302
f 1303/1303 1304/1304 1305/1305
f 1306/1306 1307/1307 1308/1308
f 1306/1306 1308/1308 1309/1309
f 1310/1310 1311/1311 1312/1312
f 1310/1310 1312/1312 1313/1313
f 1314/1314 1315/1315 1316/1316
f 1317/1317 1318/1318 1319/1319
f 1320/1320 1321/1321 1322/1322
f 1320/1320 1322/1322 1323/1323
f 1324/1324 1325/1325 1326/1326
f 1324/1324 1326/1326 1327/1327
f 1328/1328 1329/1329 1330/1330
f 1331/1331 1332/1332 1333/1333
f 1334/1334 1335/1335 1336/1336
f 1334/1334 1336/1336 1337/1337
f 1338/1338 1339/1339 1340/1340
f 1338/1338 1340/1340 1341/1341
f 1342/1342 1343/1343 1344/1344
f 1345/1345 1346/1346 1347/1347
f 1348/1348 1349/1349 1350/1350
f 1348/1348 1350/1350 1351/1351
f 1352/1352 1353/1353 1354/1354
f 1352/1352 1354/1354 1355/1355
f 1356/1356 1357/1357 1358/1358
f 1359/1359 1360/1360 1361/1361
f 1362/1362 1363/1363 1364/1364
f 1362/1362 1364/1364 1365/1365
f 1366/1366 1367/1367 1368/1368
f 1366/1366 1368/1368 1369/1369
f 1370/1370 1371/1371 1372/1372
f 1373/1373 1374/1374 1375/1375
f 1376/1376 1377/1377 1378/1378
f 1376/1376 1378/1378 1379/1379
f 1380/1380 1381/1381 1382/1382
f 1380/1380 1382/1382 1383/1383
f 1384/1384 1385/1385 1386/1386
f 1387/1387 1388/1388 1389/1389
f 1390/1390 1391/1391 1392/1392
f 1390/1390 1392/1392 1393/1393
f 1394/1394 1395/1395 1396/1396
f 1394/1394 1396/1396 1397/1397
f 1398/1398 1399/1399 1400/1400
f 1401/1401 1402/1402 1403/1403
f 1404/1404 1405/1405 1406/1406
f 1404/1404 1406/1406 1407/1407
f 1408/1408 1409/1409 1410/1410
f 1408/1408 1410/1410 1411/1411
f 1412/1412 1413/1413 1414/1414
f 1415/1415 1416/1416 1417/1417
f 1418/1418 1419/1419 1420/1420
f 1418/1418 1420/1420 1421/1421
f 1422/1422 1423/1423 1424/1424
f 1422/1422 1424/1424 1425/1425
f 1426/1426 1427/1427 1428/1428
f 1429/1429 1430/1430 1431/1431
f 1432/1432 1433/1433 1434/1434
f 1432/1432 1434/1434 1435/1435
f 1436/1436 1437/1437 1438/1438
f 1436/1436 1438/1438 1439/1439
f 1440/1440 1441/1441 1442/1442
f 1443/1443 1444/1444 1445/1445
f 1446/1446 1447/1447 1448/1448
f 1446/1446 1448/1448 1449/1449
f 1450/1450 1451/1451 1452/1452
f 1450/1450 1452/1452 1453/1453
f 1454/1454 1455/1455 1456/1456
f 1457/1457 1458/1458 1459/1459
f 1460/1460 1461/1461 1462/1462
f 1460/1460 1462/1462 1463/1463
f 1464/1464 1465/1465 1466/1466
f 1464/1464 1466/1466 1467/1467
f 1468/1468 1469/1469 1470/1470
f 1471/1471 1472/1472 1473/1473
f 1474/1474 1475/1475 1476/1476
f 1474/1474 1476/1476 1477/1477
f 1478/1478 1479/1479 1480/1480
f 1478/1478 1480/1480 1481/1481
f 1482/1482 1483/1483 1484/1484
f 1485/1485 1486/1486 1487/1487
f 1488/1488 1489/1489 1490/1490
f 1488/1488 1490/1490 1491/1491
f 1492/1492 1493/1493 1494/1494
f 1492/1492 1494/1494 1495/1495
f 1496/1496 1497/1497 1498/1498
f 1499/1499 1500/1500 1501/1501
f 1502/1502 1503/1503 1504/1504
f 1502/1502 1504/1504 1505/1505
f 1506/1506 1507/1507 1508/1508
f 1506/1506 1508/1508 1509/1509
f 1510/1510 1511/1511 1512/1512
f 1513/1513 1514/1514 1515/1515
f 1516/1516 1517/1517 1518/1518
f 1516/1516 1518/1518 1519/1519
f 1520/1520 1521/1521 1522/1522
f 1520/1520 1522/1522 1523/1523
f 1524/1524 1525/1525 1526/1526
f 1527/1527 1528/1528 1529/1529
f 1530/1530 1531/1531 1532/1532
f 1530/1530 1532/1532 1533/1533
f 1534/1534 1535/1535 1536/1536
f 1534/1534 1536/1536 1537/1537
f 1538/1538 1539/1539 1540/1540
f 1541/1541 1542/1542 1543/1543
f 1544/1544 1545/1545 1546/1546
f 1544/1544 1546/1546 1547/1547
f 1548/1548 1549/1549 1550/1550
f 1548/1548 1550/1550 1551/1551
f 1552/1552 1553/1553 1554/1554
f 1555/1555 1556/1556 1557/1557
f 1558/1558 1559/1559 1560/1560
f 1558/1558 1560/1560 1561/1561
f 1562/1562 1563/1563 1564/1564
f 1562/1562 1564/1564 1565/1565
f 1566/1566 1567/1567 1568/1568
f 1569/1569 1570/1570 1571/1571
f 1572/1572 1573/1573 1574/1574
f 1572/1572 1574/1574 1575/1575
f 1576/1576 1577/1577 1578/1578
f 1576/1576 1578/1578 1579/1579
f 1580/1580 1581/1581 1582/1582
f 1583/1583 1584/1584 1585/1585
f 1586/1586 1587/1587 1588/1588
f 1586/1586 1588/1588 1589/1589
f 1590/1590 1591/1591 1592/1592
f 1590/1590 1592/1592 1593/1593
f 1594/1594 1595/1595 1596/1596
f 1597/1597 1598/1598 1599/1599
f 1600/1600 1601/1601 1602/1602
f 1600/1600 1602/1602 1603/1603
f 1604/1604 1605/1605 1606/1606
f 1604/1604 1606/1606 1607/1607
f 1608/1608 1609/1609 1610/1610
f 1611/1611 1612/1612 1613/1613
f 1614/1614 1615/1615 1616/1616
f 1614/1614 1616/1616 1617/1617
f 1618/1618 1619/1619 1620/1620
f 1618/1618 1620/1620 1621/1621
f 1622/1622 1623/1623 1624/1624
f 1625/1625 1626/1626 1627/1627
f 1628/1628 1629/1629 1630/1630
f 1628/1628 1630/1630 1631/1631
f 1632/1632 1633/1633 1634/1634
f 1632/1632 1634/1634 1635/1635
f 1636/1636 1637/1637 1638/1638
f 1639/1639 1640/1640 1641/1641
f 1642/1642 1643/1643 1644/1644
f 1642/1642 1644/1644 1645/1645
f 1646/1646 1647/1647 1648/1648
f 1646/1646 1648/1648 1649/1649
f 1650/1650 1651/1651 1652/1652
f 1653/1653 1654/1654 1655/1655
f 1656/1656 1657/1657 1658/1658
f 1656/1656 1658/1658 1659/1659
f 1660/1660 1661/1661 1662/1662
f 1660/1660 1662/1662 1663/1663
f 1664/1664 1665/1665 1666/1666
f 1667/1667 1668/1668 1669/1669
f 1670/1670 1671/1671 1672/1672
f 1670/1670 1672/1672 1673/1673
f 1674/1674 1675/1675 1676/1676
f 1674/1674 1676/1676 1677/1677
f 1678/1678 1679/1679 1680/1680
f 1681/1681 1682/1682 1683/1683
f 1684/1684 1685/1685 1686/1686
f 1684/1684 1686/1686 1687/1687
f 1688/1688 1689/1689 1690/1690
f 1688/1688 1690/1690 1691/1691
f 1692/1692 1693/1693 1694/1694
f 1695/1695 1696/1696 1697/1697
f 1698/1698 1699/1699 1700/1700
f 1698/1698 1700/1700 1701/1701
f 1702/1702 1703/1703 1704/1704
f 1702/1702 1704/1704 1705/1705
f 1706/1706 1707/1707 1708/1708
f 1709/1709 1710/1710 1711/1711
f 1712/1712 1713/1713 1714/1714
f 1712/1712 1714/1714 1715/1715
f 1716/1716 1717/1717 1718/1718
f 1716/1716 1718/1718 1719/1719
f 1720/1720 1721/1721 1722/1722
f 1723/1723 1724/1724 1725/1725
f 1726/1726 1727/1727 1728/1728
f 1726/1726 1728/1728 1729/1729
f 1730/1730 1731/1731 1732/1732
f 1730/1730 1732/1732 1733/1733
f 1734/1734 1735/1735 1736/1736
f 1737/1737 1738/1738 1739/1739
f 1740/1740 1741/1741 1742/1742
f 1740/1740 1742/1742 1743/1743
f 1744/1744 1745/1745 1746/1746
f 1744/1744 1746/1746 1747/1747
f 1748/1748 1749/1749 1750/1750
f 1751/1751 1752/1752 1753/1753
f 1754/1754 1755/1755 1756/1756
f 1754/1754 1756/1756 1757/1757
f 1758/1758 1759/1759 1760/1760
f 1758/1758 1760/1760 1761/1761
f 1762/1762 1763/1763 1764/1764
f 1765/1765 1766/1766 1767/1767
f 1768/1768 1769/1769 1770/1770
f 1768/1768 1770/1770 1771/1771
f 1772/1772 1773/1773 1774/1774
f 1772/1772 1774/1774 1775/1775
f 1776/1776 1777/1777 1778/1778
f 1779/1779 1780/1780 1781/1781
f 1782/1782 1783/1783 1784/1784
f 1782/1782 1784/1784 1785/1785
f 1786/1786 1787/1787 1788/1788
f 1786/1786 1788/1788 1789/1789
f 1790/1790 1791/1791 1792/1792
f 1793/1793 1794/1794 1795/1795
f 1796/1796 1797/1797 1798/1798
f 1796/1796 1798/1798 1799/1799
f 1800/1800 1801/1801 1802/1802
f 1800/1800 1802/1802 1803/1803
f 1804/1804 1805/1805 1806/1806
f 1807/1807 1808/1808 1809/1809
f 1810/1810 1811/1811 1812/1812
f 1810/1810 1812/1812 1813/1813
f 1814/1814 1815/1815 1816/1816
f 1814/1814 1816/1816 1817/1817
f 1818/1818 1819/1819 1820/1820
f 1821/1821 1822/1822 1823/1823
f 1824/1824 1825/1825 1826/1826
f 1824/1824 1826/1826 1827/1827
f 1828/1828 1829/1829 1830/1830
f 1828/1828 1830/1830 1831/1831
f 1832/1832 1833/1833 1834/1834
f 1835/1835 1836/1836 1837/1837
f 1838/1838 1839/1839 1840/1840
f 1838/1838 1840/1840 1841/1841
f 1842/1842 1843/1843 1844/1844
f 1842/1842 1844/1844 1845/1845
f 1846/1846 1847/1847 1848/1848
f 1849/1849 1850/1850 1851/1851
f 1852/1852 1853/1853 1854/1854
f 1852/1852 1854/1854 1855/1855
f 1856/1856 1857/1857 1858/1858
f 1856/1856 1858/1858 1859/1859
f 1860/1860 1861/1861 1862/1862
f 1863/1863 1864/1864 1865/1865
f 1866/1866 1867/1867 1868/1868
f 1866/1866 1868/1868 1869/1869
f 1870/1870 1871/1871 1872/1872
f 1870/1870 1872/1872 1873/1873
f 1874/1874 1875/1875 1876/1876
f 1877/1877 1878/1878 1879/1879
f 1880/1880 1881/1881 1882/1882
f 1880/1880 1882/1882 1883/1883
f 1884/1884 1885/1885 1886/1886
f 1884/1884 1886/1886 1887/1887
f 1888/1888 1889/1889 1890/1890
f 1891/1891 1892/1892 1893/1893
f 1894/1894 1895/1895 1896/1896
f 1894/1894 1896/1896 1897/1897
f 1898/1898 1899/1899 1900/1900
f 1898/1898 1900/1900 1901/1901
f 1902/1902 1903/1903 1904/1904
f 1905/1905 1906/1906 1907/1907
f 1908/1908 1909/1909 1910/1910
f 1908/1908 1910/1910 1911/1911
f 1912/1912 1913/1913 1914/1914
f 1912/1912 1914/1914 1915/1915
f 1916/1916 1917/1917 1918/1918
f 1919/1919 1920/1920 1921/1921
f 1922/1922 1923/1923 1924/1924
f 1922/1922 1924/1924 1925/1925
f 1926/1926 1927/1927 1928/1928
f 1926/1926 1928/1928 1929/1929
f 1930/1930 1931/1931 1932/1932
f 1933/1933 1934/1934 1935/1935
f 1936/1936 1937/1937 1938/1938
f 1936/1936 1938/1938 1939/1939
f 1940/1940 1941/1941 1942/1942
f 1940/1940 1942/1942 1943/1943
f 1944/1944 1945/1945 1946/1946
f 1947/1947 1948/1948 1949/1949
f 1950/1950 1951/1951 1952/1952
f 1950/1950 1952/1952 1953/1953
f 1954/1954 1955/1955 1956/1956
f 1954/1954 1956/1956 1957/1957
f 1958/1958 1959/1959 1960/1960
f 1961/1961 1962/1962 1963/1963
f 1964/1964 1965/1965 1966/1966
f 1964/1964 1966/1966 1967/1967
f 1968/1968 1969/1969 1970/1970
f 1968/1968 1970/1970 1971/1971
f 1972/1972 1973/1973 1974/1974
f 1975/1975 1976/1976 1977/1977
f 1978/1978 1979/1979 1980/1980
f 1978/1978 1980/1980 1981/1981
f 1982/1982 1983/1983 1984/1984
f 1982/1982 1984/1984 1985/1985
f 1986/1986 1987/1987 1988/1988
f 1989/1989 1990/1990 1991/1991
f 1992/1992 1993/1993 1994/1994
f 1992/1992 1994/1994 1995/1995
f 1996/1996 1997/1997 1998/1998
f 1996/1996 1998/1998 1999/1999
f 2000/2000 2001/2001 2002/2002
f 2003/2003 2004/2004 2005/2005
f 2006/2006 2007/2007 2008/2008
f 2006/2006 2008/2008 2009/2009
f 2010/2010 2011/2011 2012/2012
f 2010/2010 2012/2012 2013/2013
f 2014/2014 2015/2015 2016/2016
f 2017/2017 2018/2018 2019/2019
f 2020/2020 2021/2021 2022/2022
f 2020/2020 2022/2022 2023/2023
f 2024/2024 2025/2025 2026/2026
f 2024/2024 2026/2026 2027/2027
f 2028/2028 2029/2029 2030/2030
f 2031/2031 2032/2032 2033/2033
f 2034/2034 2035/2035 2036/2036
f 2034/2034 2036/2036 2037/2037
f 2038/2038 2039/2039 2040/2040
f 2038/2038 2040/2040 2041/2041
f 2042/2042 2043/2043 2044/2044
f 2045/2045 2046/2046 2047/2047
f 2048/2048 2049/2049 2050/2050
f 2048/2048 2050/2050 2051/2051
f 2052/2052 2053/2053 2054/2054
f 2052/2052 2054/2054 2055/2055
f 2056/2056 2057/2057 2058/2058
f 2059/2059 2060/2060 2061/2061
f 2062/2062 2063/2063 2064/2064
f 2062/2062 2064/2064 2065/2065
f 2066/2066 2067/2067 2068/2068
f 2066/2066 2068/2068 2069/2069
f 2070/2070 2071/2071 2072/2072
f 2073/2073 2074/2074 2075/2075
f 2076/2076 2077/2077 2078/2078
f 2076/2076 2078/2078 2079/2079
f 2080/2080 2081/2081 2082/2082
f 2080/2080 2082/2082 2083/2083
f 2084/2084 2085/2085 2086/2086
f 2087/2087 2088/2088 2089/2089
f 2090/2090 2091/2091 2092/2092
f 2090/2090 2092/2092 2093/2093
f 2094/2094 2095/2095 2096/2096
f 2094/2094 2096/2096 2097/2097
f 2098/2098 2099/2099 2100/2100
f 2101/2101 2102/2102 2103/2103
f 2104/2104 2105/2105 2106/2106
f 2104/2104 2106/2106 2107/2107
f 2108/2108 2109/2109 2110/2110
f 2108/2108 2110/2110 2111/2111
f 2112/2112 2113/2113 2114/2114
f 2115/2115 2116/2116 2117/2117
f 2118/2118 2119/2119 2120/2120
f 2118/2118 2120/2120 2121/2121
f 2122/2122 2123/2123 2124/2124
f 2122/2122 2124/2124 2125/2125
f 2126/2126 2127/2127 2128/2128
f 2129/2129 2130/2130 2131/2131
f 2132/2132 2133/2133 2134/2134
f 2132/2132 2134/2134 2135/2135
f 2136/2136 2137/2137 2138/2138
f 2136/2136 2138/2138 2139/2139
f 2140/2140 2141/2141 2142/2142
f 2143/2143 2144/2144 2145/2145
f 2146/2146 2147/2147 2148/2148
f 2146/2146 2148/2148 2149/2149
f 2150/2150 2151/2151 2152/2152
f 2150/2150 2152/2152 2153/2153
f 2154/2154 2155/2155 2156/2156
f 2157/2157 2158/2158 2159/2159
f 2160/2160 2161/2161 2162/2162
f 2160/2160 2162/2162 2163/2163
f 2164/2164 2165/2165 2166/2166
f 2164/2164 2166/2166 2167/2167
f 2168/2168 2169/2169 2170/2170
f 2171/2171 2172/2172 2173/2173
f 2174/2174 2175/2175 2176/2176
f 2174/2174 2176/2176 2177/2177
f 2178/2178 2179/2179 2180/2180
f 2178/2178 2180/2180 2181/2181
f 2182/2182 2183/2183 2184/2184
f 2185/2185 2186/2186 2187/2187
f 2188/2188 2189/2189 2190/2190
f 2188/2188 2190/2190 2191/2191
f 2192/2192 2193/2193 2194/2194
f 2192/2192 2194/2194 2195/2195
f 2196/2196 2197/2197 2198/2198
f 2199/2199 2200/2200 2201/2201
f 2202/2202 2203/2203 2204/2204
f 2202/2202 2204/2204 2205/2205
f 2206/2206 2207/2207 2208/2208
f 2206/2206 2208/2208 2209/2209
f 2210/2210 2211/2211 2212/2212
f 2213/2213 2214/2214 2215/2215
f 2216/2216 2217/2217 2218/2218
f 2216/2216 2218/2218 2219/2219
f 2220/2220 2221/2221 2222/2222
f 2220/2220 2222/2222 2223/2223
f 2224/2224 2225/2225 2226/2226
f 2227/2227 2228/2228 2229/2229
f 2230/2230 2231/2231 2232/2232
f 2230/2230 2232/2232 2233/2233
f 2234/2234 2235/2235 2236/2236
f 2234/2234 2236/2236 2237/2237
f 2238/2238 2239/2239 2240/2240
f 2241/2241 2242/2242 2243/2243
f 2244/2244 2245/2245 2246/2246
f 2244/2244 2246/2246 2247/2247
f 2248/2248 2249/2249 2250/2250
f 2248/2248 2250/2250 2251/2251
f 2252/2252 2253/2253 2254/2254
f 2255/2255 2256/2256 2257/2257
f 2258/2258 2259/2259 2260/2260
f 2258/2258 2260/2260 2261/2261
f 2262/2262 2263/2263 2264/2264
f 2262/2262 2264/2264 2265/2265
f 2266/2266 2267/2267 2268/2268
f 2269/2269 2270/2270 2271/2271
f 2272/2272 2273/2273 2274/2274
f 2272/2272 2274/2274 2275/2275
f 2276/2276 2277/2277 2278/2278
f 2276/2276 2278/2278 2279/2279
f 2280/2280 2281/2281 2282/2282
f 2283/2283 2284/2284 2285/2285
f 2286/2286 2287/2287 2288/2288
f 2286/2286 2288/2288 2289/2289
f 2290/2290 2291/2291 2292/2292
f 2290/2290 2292/2292 2293/2293
f 2294/2294 2295/2295 2296/2296
f 2297/2297 2298/2298 2299/2299
f 2300/2300 2301/2301 2302/2302
f 2300/2300 2302/2302 2303/2303
f 2304/2304 2305/2305 2306/2306
f 2304/2304 2306/2306 2307/2307
f 2308/2308 2309/2309 2310/2310
f 2311/2311 2312/2312 2313/2313
f 2314/2314 2315/2315 2316/2316
f 2314/2314 2316/2316 2317/2317
f 2318/2318 2319/2319 2320/2320
f 2318/2318 2320/2320 2321/2321
f 2322/2322 2323/2323 2324/2324
f 2325/2325 2326/2326 2327/2327
f 2328/2328 2329/2329 2330/2330
f 2328/2328 2330/2330 2331/2331
f 2332/2332 2333/2333 2334/2334
f 2332/2332 2334/2334 2335/2335
f 2336/2336 2337/2337 2338/2338
f 2339/2339 2340/2340 2341/2341
f 2342/2342 2343/2343 2344/2344
f 2342/2342 2344/2344 2345/2345
f 2346/2346 2347/2347 2348/2348
f 2346/2346 2348/2348 2349/2349
f 2350/2350 2351/2351 2352/2352
f 2353/2353 2354/2354 2355/2355
f 2356/2356 2357/2357 2358/2358
f 2356/2356 2358/2358 2359/2359
f 2360/2360 2361/2361 2362/2362
f 2360/2360 2362/2362 2363/2363
f 2364/2364 2365/2365 2366/2366
f 2367/2367 2368/2368 2369/2369
f 2370/2370 2371/2371 2372/2372
f 2370/2370 2372/2372 2373/2373
f 2374/2374 2375/2375 2376/2376
f 2374/2374 2376/2376 2377/2377
f 2378/2378 2379/2379 2380/2380
f 2381/2381 2382/2382 2383/2383
f 2384/2384 2385/2385 2386/2386
f 2384/2384 2386/2386 2387/2387
f 2388/2388 2389/2389 2390/2390
f 2388/2388 2390/2390 2391/2391
f 2392/2392 2393/2393 2394/2394
f 2395/2395 2396/2396 2397/2397
f 2398/2398 2399/2399 2400/2400
f 2398/2398 2400/2400 2401/2401
f 2402/2402 2403/2403 2404/2404
f 2402/2402 2404/2404 2405/2405
f 2406/2406 2407/2407 2408/2408
f 2409/2409 2410/2410 2411/2411
f 2412/2412 2413/2413 2414/2414
f 2412/2412 2414/2414 2415/2415
f 2416/2416 2417/2417 2418/2418
f 2416/2416 2418/2418 2419/2419
f 2420/2420 2421/2421 2422/2422
f 2423/2423 2424/2424 2425/2425
f 2426/2426 2427/2427 2428/2428
f 2426/2426 2428/2428 2429/2429
f 2430/2430 2431/2431 2432/2432
f 2430/2430 2432/2432 2433/2433
f 2434/2434 2435/2435 2436/2436
f 2437/2437 2438/2438 2439/2439
f 2440/2440 2441/2441 2442/2442
f 2440/2440 2442/2442 2443/2443
f 2444/2444 2445/2445 2446/2446
f 2444/2444 2446/2446 2447/2447
f 2448/2448 2449/2449 2450/2450
f 2451/2451 2452/2452 2453/2453
f 2454/2454 2455/2455 2456/2456
f 2454/2454 2456/2456 2457/2457
f 2458/2458 2459/2459 2460/2460
f 2458/2458 2460/2460 2461/2461
f 2462/2462 2463/2463 2464/2464
f 2465/2465 2466/2466 2467/2467
f 2468/2468 2469/2469 2470/2470
f 2468/2468 2470/2470 2471/2471
f 2472/2472 2473/2473 2474/2474
f 2472/2472 2474/2474 2475/2475
f 2476/2476 2477/2477 2478/2478
f 2479/2479 2480/2480 2481/2481
f 2482/2482 2483/2483 2484/2484
f 2482/2482 2484/2484 2485/2485
f 2486/2486 2487/2487 2488/2488
f 2486/2486 2488/2488 2489/2489
f 2490/2490 2491/2491 2492/2492
f 2493/2493 2494/2494 2495/2495
f 2496/2496 2497/2497 2498/2498
f 2496/2496 2498/2498 2499/2499
f 2500/2500 2501/2501 2502/2502
f 2500/2500 2502/2502 2503/2503
f 2504/2504 2505/2505 2506/2506
f 2507/2507 2508/2508 2509/2509
f 2510/2510 2511/2511 2512/2512
f 2510/2510 2512/2512 2513/2513
f 2514/2514 2515/2515 2516/2516
f 2514/2514 2516/2516 2517/2517
f 2518/2518 2519/2519 2520/2520
f 2521/2521 2522/2522 2523/2523
f 2524/2524 2525/2525 2526/2526
f 2524/2524 2526/2526 2527/2527
f 2528/2528 2529/2529 2530/2530
f 2528/2528 2530/2530 2531/2531
f 2532/2532 2533/2533 2534/2534
f 2535/2535 2536/2536 2537/2537
f 2538/2538 2539/2539 2540/2540
f 2538/2538 2540/2540 2541/2541
f 2542/2542 2543/2543 2544/2544
f 2542/2542 2544/2544 2545/2545
f 2546/2546 2547/2547 2548/2548
f 2549/2549 2550/2550 2551/2551
f 2552/2552 2553/2553 2554/2554
f 2552/2552 2554/2554 2555/2555
f 2556/2556 2557/2557 2558/2558
f 2556/2556 2558/2558 2559/2559
f 2560/2560 2561/2561 2562/2562
f 2563/2563 2564/2564 2565/2565
f 2566/2566 2567/2567 2568/2568
f 2566/2566 2568/2568 2569/2569
f 2570/2570 2571/2571 2572/2572
f 2570/2570 2572/2572 2573/2573
f 2574/2574 2575/2575 2576/2576
f 2577/2577 2578/2578 2579/2579
f 2580/2580 2581/2581 2582/2582
f 2580/2580 2582/2582 2583/2583
f 2584/2584 2585/2585 2586/2586
f 2584/2584 2586/2586 2587/2587
f 2588/2588 2589/2589 2590/2590
f 2591/2591 2592/2592 2593/2593
f 2594/2594 2595/2595 2596/2596
f 2594/2594 2596/2596 2597/2597
f 2598/2598 2599/2599 2600/2600
f 2598/2598 2600/2600 2601/2601
f 2602/2602 2603/2603 2604/2604
f 2605/2605 2606/2606 2607/2607
f 2608/2608 2609/2609 2610/2610
f 2608/2608 2610/2610 2611/2611
f 2612/2612 2613/2613 2614/2614
f 2612/2612 2614/2614 2615/2615
f 2616/2616 2617/2617 2618/2618
f 2619/2619 2620/2620 2621/2621
f 2622/2622 2623/2623 2624/2624
f 2622/2622 2624/2624 2625/2625
f 2626/2626 2627/2627 2628/2628
f 2626/2626 2628/2628 2629/2629
f 2630/2630 2631/2631 2632/2632
f 2633/2633 2634/2634 2635/2635
f 2636/2636 2637/2637 2638/2638
f 2636/2636 2638/2638 2639/2639
f 2640/2640 2641/2641 2642/2642
f 2640/2640 2642/2642 2643/2643
f 2644/2644 2645/2645 2646/2646
f 2647/2647 2648/2648 2649/2649
f 2650/2650 2651/2651 2652/2652
f 2650/2650 2652/2652 2653/2653
f 2654/2654 2655/2655 2656/2656
f 2654/2654 2656/2656 2657/2657
f 2658/2658 2659/2659 2660/2660
f 2661/2661 2662/2662 2663/2663
f 2664/2664 2665/2665 2666/2666
f 2664/2664 2666/2666 2667/2667
f 2668/2668 2669/2669 2670/2670
f 2668/2668 2670/2670 2671/2671
f 2672/2672 2673/2673 2674/2674
f 2675/2675 2676/2676 2677/2677
f 2678/2678 2679/2679 2680/2680
f 2678/2678 2680/2680 2681/2681
f 2682/2682 2683/2683 2684/2684
f 2682/2682 2684/2684 2685/2685
f 2686/2686 2687/2687 2688/2688
usemtl Rope
f 2689/2689 2690/2690 2691/2691
f 2689/2689 2691/2691 2692/2692
f 2693/2693 2694/2694 2695/2695
f 2693/2693 2695/2695 2696/2696
f 2697/2697 2698/2698 2699/2699
f 2697/2697 2699/2699 2700/2700
f 2701/2701 2702/2702 2703/2703
f 2701/2701 2703/2703 2704/2704
f 2705/2705 2706/2706 2707/2707
f 2705/2705 2707/2707 2708/2708
f 2709/2709 2710/2710 2711/2711
f 2712/2712 2713/2713 2714/2714
f 2715/2715 2716/2716 2717/2717
f 2718/2718 2719/2719 2720/2720
f 2721/2721 2722/2722 2723/2723
f 2724/2724 2725/2725 2726/2726
f 2727/2727 2728/2728 2729/2729
f 2730/2730 2731/2731 2732/2732
f 2733/2733 2734/2734 2735/2735
f 2736/2736 2737/2737 2738/2738
usemtl Leaf
f 2739/2739 2740/2740 2741/2741
f 2739/2739 2741/2741 2742/2742
usemtl Wood
f 2743/2743 2744/2744 2745/2745
f 2743/2743 2745/2745 2746/2746
f 2747/2747 2748/2748 2749/2749
f 2747/2747 2749/2749 2750/2750
f 2751/2751 2752/2752 2753/2753
f 2751/2751 2753/2753 2754/2754
f 2755/2755 2756/2756 2757/2757
f 2755/2755 2757/2757 2758/2758
f 2759/2759 2760/2760 2761/2761
f 2759/2759 2761/2761 2762/2762
f 2763/2763 2764/2764 2765/2765
f 2766/2766 2767/2767 2768/2768
f 2769/2769 2770/2770 2771/2771
f 2772/2772 2773/2773 2774/2774
f 2775/2775 2776/2776 2777/2777
f 2778/2778 2779/2779 2780/2780
f 2781/2781 2782/2782 2783/2783
f 2784/2784 2785/2785 2786/2786
f 2787/2787 2788/2788 2789/2789
f 2790/2790 2791/2791 2792/2792
usemtl Rope
f 2793/2793 2794/2794 2795/2795
f 2793/2793 2795/2795 2796/2796
f 2797/2797 2798/2798 2799/2799
f 2797/2797 2799/2799 2800/2800
f 2801/2801 2802/2802 2803/2803
f 2801/2801 2803/2803 2804/2804
f 2805/2805 2806/2806 2807/2807
f 2805/2805 2807/2807 2808/2808
f 2809/2809 2810/2810 2811/2811
f 2809/2809 2811/2811 2812/2812
f 2813/2813 2814/2814 2815/2815
f 2816/2816 2817/2817 2818/2818
f 2819/2819 2820/2820 2821/2821
f 2822/2822 2823/2823 2824/2824
f 2825/2825 2826/2826 2827/2827
f 2828/2828 2829/2829 2830/2830
f 2831/2831 2832/2832 2833/2833
f 2834/2834 2835/2835 2836/2836
f 2837/2837 2838/2838 2839/2839
f 2840/2840 2841/2841 2842/2842
usemtl Leaf
f 2843/2843 2844/2844 2845/2845
f 2843/2843 2845/2845 2846/2846
usemtl Wood
f 2847/2847 2848/2848 2849/2849
f 2847/2847 2849/2849 2850/2850
f 2851/2851 2852/2852 2853/2853
f 2851/2851 2853/2853 2854/2854
f 2855/2855 2856/2856 2857/2857
f 2855/2855 2857/2857 2858/2858
f 2859/2859 2860/2860 2861/2861
f 2859/2859 2861/2861 2862/2862
f 2863/2863 2864/2864 2865/2865
f 2863/2863 2865/2865 2866/2866
f 2867/2867 2868/2868 2869/2869
f 2870/2870 2871/2871 2872/2872
f 2873/2873 2874/2874 2875/2875
f 2876/2876 2877/2877 2878/2878
f 2879/2879 2880/2880 2881/2881
f 2882/2882 2883/2883 2884/2884
f 2885/2885 2886/2886 2887/2887
f 2888/2888 2889/2889 2890/2890
f 2891/2891 2892/2892 2893/2893
f 2894/2894 2895/2895 2896/2896
usemtl Rope
f 2897/2897 2898/2898 2899/2899
f 2897/2897 2899/2899 2900/2900
f 2901/2901 2902/2902 2903/2903
f 2901/2901 2903/2903 2904/2904
f 2905/2905 2906/2906 2907/2907
f 2905/2905 2907/2907 2908/2908
f 2909/2909 2910/2910 2911/2911
f 2909/2909 2911/2911 2912/2912
f 2913/2913 2914/2914 2915/2915
f 2913/2913 2915/2915 2916/2916
f 2917/2917 2918/2918 2919/2919
f 2920/2920 2921/2921 2922/2922
f 2923/2923 2924/2924 2925/2925
f 2926/2926 2927/2927 2928/2928
f 2929/2929 2930/2930 2931/2931
f 2932/2932 2933/2933 2934/2934
f 2935/2935 2936/2936 2937/2937
f 2938/2938 2939/2939 2940/2940
f 2941/2941 2942/2942 2943/2943
f 2944/2944 2945/2945 2946/2946
usemtl Leaf
f 2947/2947 2948/2948 2949/2949
f 2947/2947 2949/2949 2950/2950
usemtl Wood
f 2951/2951 2952/2952 2953/2953
f 2951/2951 2953/2953 2954/2954
f 2955/2955 2956/2956 2957/2957
f 2955/2955 2957/2957 2958/2958
f 2959/2959 2960/2960 2961/2961
f 2959/2959 2961/2961 2962/2962
f 2963/2963 2964/2964 2965/2965
f 2963/2963 2965/2965 2966/2966
f 2967/2967 2968/2968 2969/2969
f 2967/2967 2969/2969 2970/2970
f 2971/2971 2972/2972 2973/2973
f 2974/2974 2975/2975 2976/2976
f 2977/2977 2978/2978 2979/2979
f 2980/2980 2981/2981 2982/2982
f 2983/2983 2984/2984 2985/2985
f 2986/2986 2987/2987 2988/2988
f 2989/2989 2990/2990 2991/2991
f 2992/2992 2993/2993 2994/2994
f 2995/2995 2996/2996 2997/2997
f 2998/2998 2999/2999 3000/3000
usemtl Stone
f 3001/3001 3002/3002 3003/3003
f 3004/3004 3005/3005 3006/3006
f 3004/3004 3006/3006 3007/3007
f 3008/3008 3009/3009 3010/3010
f 3008/3008 3010/3010 3011/3011
f 3012/3012 3013/3013 3014/3014
f 3015/3015 3016/3016 3017/3017
f 3018/3018 3019/3019 3020/3020
f 3018/3018 3020/3020 3021/3021
f 3022/3022 3023/3023 3024/3024
f 3022/3022 3024/3024 3025/3025
f 3026/3026 3027/3027 3028/3028
f 3029/3029 3030/3030 3031/3031
f 3032/3032 3033/3033 3034/3034
f 3032/3032 3034/3034 3035/3035
f 3036/3036 3037/3037 3038/3038
f 3036/3036 3038/3038 3039/3039
f 3040/3040 3041/3041 3042/3042
f 3043/3043 3044/3044 3045/3045
f 3046/3046 3047/3047 3048/3048
f 3046/3046 3048/3048 3049/3049
f 3050/3050 3051/3051 3052/3052
f 3050/3050 3052/3052 3053/3053
f 3054/3054 3055/3055 3056/3056
f 3057/3057 3058/3058 3059/3059
f 3060/3060 3061/3061 3062/3062
f 3060/3060 3062/3062 3063/3063
f 3064/3064 3065/3065 3066/3066
f 3064/3064 3066/3066 3067/3067
f 3068/3068 3069/3069 3070/3070
f 3071/3071 3072/3072 3073/3073
f 3074/3074 3075/3075 3076/3076
f 3074/3074 3076/3076 3077/3077
f 3078/3078 3079/3079 3080/3080
f 3078/3078 3080/3080 3081/3081
f 3082/3082 3083/3083 3084/3084
f 3085/3085 3086/3086 3087/3087
f 3088/3088 3089/3089 3090/3090
f 3088/3088 3090/3090 3091/3091
f 3092/3092 3093/3093 3094/3094
f 3092/3092 3094/3094 3095/3095
f 3096/3096 3097/3097 3098/3098
f 3099/3099 3100/3100 3101/3101
f 3102/3102 3103/3103 3104/3104
f 3102/3102 3104/3104 3105/3105
f 3106/3106 3107/3107 3108/3108
f 3106/3106 3108/3108 3109/3109
f 3110/3110 3111/3111 3112/3112
f 3113/3113 3114/3114 3115/3115
f 3116/3116 3117/3117 3118/3118
f 3116/3116 3118/3118 3119/3119
f 3120/3120 3121/3121 3122/3122
f 3120/3120 3122/3122 3123/3123
f 3124/3124 3125/3125 3126/3126
f 3127/3127 3128/3128 3129/3129
f 3130/3130 3131/3131 3132/3132
f 3130/3130 3132/3132 3133/3133
f 3134/3134 3135/3135 3136/3136
f 3134/3134 3136/3136 3137/3137
f 3138/3138 3139/3139 3140/3140
f 3141/3141 3142/3142 3143/3143
f 3144/3144 3145/3145 3146/3146
f 3144/3144 3146/3146 3147/3147
f 3148/3148 3149/3149 3150/3150
f 3148/3148 3150/3150 3151/3151
f 3152/3152 3153/3153 3154/3154
f 3155/3155 3156/3156 3157/3157
f 3158/3158 3159/3159 3160/3160
f 3158/3158 3160/3160 3161/3161
f 3162/3162 3163/3163 3164/3164
f 3162/3162 3164/3164 3165/3165
f 3166/3166 3167/3167 3168/3168
f 3169/3169 3170/3170 3171/3171
f 3172/3172 3173/3173 3174/3174
f 3172/3172 3174/3174 3175/3175
f 3176/3176 3177/3177 3178/3178
f 3176/3176 3178/3178 3179/3179
f 3180/3180 3181/3181 3182/3182
f 3183/3183 3184/3184 3185/3185
f 3186/3186 3187/3187 3188/3188
f 3186/3186 3188/3188 3189/3189
f 3190/3190 3191/3191 3192/3192
f 3190/3190 3192/3192 3193/3193
f 3194/3194 3195/3195 3196/3196
f 3197/3197 3198/3198 3199/3199
f 3200/3200 3201/3201 3202/3202
f 3200/3200 3202/3202 3203/3203
f 3204/3204 3205/3205 3206/3206
f 3204/3204 3206/3206 3207/3207
f 3208/3208 3209/3209 3210/3210
f 3211/3211 3212/3212 3213/3213
f 3214/3214 3215/3215 3216/3216
f 3214/3214 3216/3216 3217/3217
f 3218/3218 3219/3219 3220/3220
f 3218/3218 3220/3220 3221/3221
f 3222/3222 3223/3223 3224/3224
f 3225/3225 3226/3226 3227/3227
f 3228/3228 3229/3229 3230/3230
f 3228/3228 3230/3230 3231/3231
f 3232/3232 3233/3233 3234/3234
f 3232/3232 3234/3234 3235/3235
f 3236/3236 3237/3237 3238/3238
f 3239/3239 3240/3240 3241/3241
f 3242/3242 3243/3243 3244/3244
f 3242/3242 3244/3244 3245/3245
f 3246/3246 3247/3247 3248/3248
f 3246/3246 3248/3248 3249/3249
f 3250/3250 3251/3251 3252/3252
f 3253/3253 3254/3254 3255/3255
f 3256/3256 3257/3257 3258/3258
f 3256/3256 3258/3258 3259/3259
f 3260/3260 3261/3261 3262/3262
f 3260/3260 3262/3262 3263/3263
f 3264/3264 3265/3265 3266/3266
f 3267/3267 3268/3268 3269/3269
f 3270/3270 3271/3271 3272/3272
f 3270/3270 3272/3272 3273/3273
f 3274/3274 3275/3275 3276/3276
f 3274/3274 3276/3276 3277/3277
f 3278/3278 3279/3279 3280/3280
f 3281/3281 3282/3282 3283/3283
f 3284/3284 3285/3285 3286/3286
f 3284/3284 3286/3286 3287/3287
f 3288/3288 3289/3289 3290/3290
f 3288/3288 3290/3290 3291/3291
f 3292/3292 3293/3293 3294/3294
f 3295/3295 3296/3296 3297/3297
f 3298/3298 3299/3299 3300/3300
f 3298/3298 3300/3300 3301/3301
f 3302/3302 3303/3303 3304/3304
f 3302/3302 3304/3304 3305/3305
f 3306/3306 3307/3307 3308/3308
f 3309/3309 3310/3310 3311/3311
f 3312/3312 3313/3313 3314/3314
f 3312/3312 3314/3314 3315/3315
f 3316/3316 3317/3317 3318/3318
f 3316/3316 3318/3318 3319/3319
f 3320/3320 3321/3321 3322/3322
f 3323/3323 3324/3324 3325/3325
f 3326/3326 3327/3327 3328/3328
f 3326/3326 3328/3328 3329/3329
f 3330/3330 3331/3331 3332/3332
f 3330/3330 3332/3332 3333/3333
f 3334/3334 3335/3335 3336/3336
f 3337/3337 3338/3338 3339/3339
f 3340/3340 3341/3341 3342/3342
f 3340/3340 3342/3342 3343/3343
f 3344/3344 3345/3345 3346/3346
f 3344/3344 3346/3346 3347/3347
f 3348/3348 3349/3349 3350/3350
f 3351/3351 3352/3352 3353/3353
f 3354/3354 3355/3355 3356/3356
f 3354/3354 3356/3356 3357/3357
f 3358/3358 3359/3359 3360/3360
f 3358/3358 3360/3360 3361/3361
f 3362/3362 3363/3363 3364/3364
f 3365/3365 3366/3366 3367/3367
f 3368/3368 3369/3369 3370/3370
f 3368/3368 3370/3370 3371/3371
f 3372/3372 3373/3373 3374/3374
f 3372/3372 3374/3374 3375/3375
f 3376/3376 3377/3377 3378/3378
f 3379/3379 3380/3380 3381/3381
f 3382/3382 3383/3383 3384/3384
f 3382/3382 3384/3384 3385/3385
f 3386/3386 3387/3387 3388/3388
f 3386/3386 3388/3388 3389/3389
f 3390/3390 3391/3391 3392/3392
f 3393/3393 3394/3394 3395/3395
f 3396/3396 3397/3397 3398/3398
f 3396/3396 3398/3398 3399/3399
f 3400/3400 3401/3401 3402/3402
f 3400/3400 3402/3402 3403/3403
f 3404/3404 3405/3405 3406/3406
f 3407/3407 3408/3408 3409/3409
f 3410/3410 3411/3411 3412/3412
f 3410/3410 3412/3412 3413/3413
f 3414/3414 3415/3415 3416/3416
f 3414/3414 3416/3416 3417/3417
f 3418/3418 3419/3419 3420/3420
f 3421/3421 3422/3422 3423/3423
f 3424/3424 3425/3425 3426/3426
f 3424/3424 3426/3426 3427/3427
f 3428/3428 3429/3429 3430/3430
f 3428/3428 3430/3430 3431/3431
f 3432/3432 3433/3433 3434/3434
f 3435/3435 3436/3436 3437/3437
f 3438/3438 3439/3439 3440/3440
f 3438/3438 3440/3440 3441/3441
f 3442/3442 3443/3443 3444/3444
f 3442/3442 3444/3444 3445/3445
f 3446/3446 3447/3447 3448/3448
f 3449/3449 3450/3450 3451/3451
f 3452/3452 3453/3453 3454/3454
f 3452/3452 3454/3454 3455/3455
f 3456/3456 3457/3457 3458/3458
f 3456/3456 3458/3458 3459/3459
f 3460/3460 3461/3461 3462/3462
f 3463/3463 3464/3464 3465/3465
f 3466/3466 3467/3467 3468/3468
f 3466/3466 3468/3468 3469/3469
f 3470/3470 3471/3471 3472/3472
f 3470/3470 3472/3472 3473/3473
f 3474/3474 3475/3475 3476/3476
f 3477/3477 3478/3478 3479/3479
f 3480/3480 3481/3481 3482/3482
f 3480/3480 3482/3482 3483/3483
f 3484/3484 3485/3485 3486/3486
f 3484/3484 3486/3486 3487/3487
f 3488/3488 3489/3489 3490/3490
