mtllib ../../Materials/project_oen.mtl
o en-001_shipwreck_hull_chunk__large
v -2.150000 0.070000 0.000000
v -1.550000 0.070000 0.000000
v -1.550000 0.219600 -0.254865
v -2.150000 0.153600 -0.069716
v -2.150000 0.153600 -0.069716
v -1.550000 0.219600 -0.254865
v -1.550000 0.070000 0.000000
v -2.150000 0.070000 0.000000
v -2.150000 0.153600 -0.069716
v -1.550000 0.219600 -0.254865
v -1.550000 0.382800 -0.444772
v -2.150000 0.244800 -0.111193
v -2.150000 0.244800 -0.111193
v -1.550000 0.382800 -0.444772
v -1.550000 0.219600 -0.254865
v -2.150000 0.153600 -0.069716
v -2.150000 0.244800 -0.111193
v -1.550000 0.382800 -0.444772
v -1.550000 0.546000 -0.586196
v -2.150000 0.336000 -0.152549
v -2.150000 0.336000 -0.152549
v -1.550000 0.546000 -0.586196
v -1.550000 0.382800 -0.444772
v -2.150000 0.244800 -0.111193
v -1.550000 0.070000 0.000000
v -0.820000 0.070000 0.000000
v -0.820000 0.250400 -0.370583
v -1.550000 0.219600 -0.254865
v -1.550000 0.219600 -0.254865
v -0.820000 0.250400 -0.370583
v -0.820000 0.070000 0.000000
v -1.550000 0.070000 0.000000
v -1.550000 0.219600 -0.254865
v -0.820000 0.250400 -0.370583
v -0.820000 0.447200 -0.653259
v -1.550000 0.382800 -0.444772
v -1.550000 0.382800 -0.444772
v -0.820000 0.447200 -0.653259
v -0.820000 0.250400 -0.370583
v -1.550000 0.219600 -0.254865
v -1.550000 0.382800 -0.444772
v -0.820000 0.447200 -0.653259
v -0.820000 0.644000 -0.857226
v -1.550000 0.546000 -0.586196
v -1.550000 0.546000 -0.586196
v -0.820000 0.644000 -0.857226
v -0.820000 0.447200 -0.653259
v -1.550000 0.382800 -0.444772
v -1.550000 0.546000 -0.586196
v -0.820000 0.644000 -0.857226
v -0.820000 0.890000 -0.940000
v -1.550000 0.750000 -0.640000
v -1.550000 0.750000 -0.640000
v -0.820000 0.890000 -0.940000
v -0.820000 0.644000 -0.857226
v -1.550000 0.546000 -0.586196
v -0.820000 0.070000 0.000000
v 0.000000 0.070000 0.000000
v 0.000000 0.259200 -0.409156
v -0.820000 0.250400 -0.370583
v -0.820000 0.250400 -0.370583
v 0.000000 0.259200 -0.409156
v 0.000000 0.070000 0.000000
v -0.820000 0.070000 0.000000
v -0.820000 0.250400 -0.370583
v 0.000000 0.259200 -0.409156
v 0.000000 0.465600 -0.722755
v -0.820000 0.447200 -0.653259
v -0.820000 0.447200 -0.653259
v 0.000000 0.465600 -0.722755
v 0.000000 0.259200 -0.409156
v -0.820000 0.250400 -0.370583
v -0.820000 0.447200 -0.653259
v 0.000000 0.465600 -0.722755
v 0.000000 0.672000 -0.947569
v -0.820000 0.644000 -0.857226
v -0.820000 0.644000 -0.857226
v 0.000000 0.672000 -0.947569
v 0.000000 0.465600 -0.722755
v -0.820000 0.447200 -0.653259
v -0.820000 0.644000 -0.857226
v 0.000000 0.672000 -0.947569
v 0.000000 0.930000 -1.040000
v -0.820000 0.890000 -0.940000
v -0.820000 0.890000 -0.940000
v 0.000000 0.930000 -1.040000
v 0.000000 0.672000 -0.947569
v -0.820000 0.644000 -0.857226
v 0.000000 0.070000 0.000000
v 0.780000 0.070000 0.000000
v 0.780000 0.241600 -0.366726
v 0.000000 0.259200 -0.409156
v 0.000000 0.259200 -0.409156
v 0.780000 0.241600 -0.366726
v 0.780000 0.070000 0.000000
v 0.000000 0.070000 0.000000
v 0.000000 0.259200 -0.409156
v 0.780000 0.241600 -0.366726
v 0.780000 0.428800 -0.646309
v 0.000000 0.465600 -0.722755
v 0.000000 0.465600 -0.722755
v 0.780000 0.428800 -0.646309
v 0.780000 0.241600 -0.366726
v 0.000000 0.259200 -0.409156
v 0.000000 0.465600 -0.722755
v 0.780000 0.428800 -0.646309
v 0.780000 0.616000 -0.848191
v 0.000000 0.672000 -0.947569
v 0.000000 0.672000 -0.947569
v 0.780000 0.616000 -0.848191
v 0.780000 0.428800 -0.646309
v 0.000000 0.465600 -0.722755
v 0.000000 0.672000 -0.947569
v 0.780000 0.616000 -0.848191
v 0.780000 0.850000 -0.930000
v 0.000000 0.930000 -1.040000
v 0.000000 0.930000 -1.040000
v 0.780000 0.850000 -0.930000
v 0.780000 0.616000 -0.848191
v 0.000000 0.672000 -0.947569
v 0.780000 0.070000 0.000000
v 1.430000 0.070000 0.000000
v 1.430000 0.204200 -0.243294
v 0.780000 0.241600 -0.366726
v 0.780000 0.241600 -0.366726
v 1.430000 0.204200 -0.243294
v 1.430000 0.070000 0.000000
v 0.780000 0.070000 0.000000
v 0.780000 0.241600 -0.366726
v 1.430000 0.204200 -0.243294
v 1.430000 0.350600 -0.423923
v 0.780000 0.428800 -0.646309
v 0.780000 0.428800 -0.646309
v 1.430000 0.350600 -0.423923
v 1.430000 0.204200 -0.243294
v 0.780000 0.241600 -0.366726
v 0.780000 0.428800 -0.646309
v 1.430000 0.350600 -0.423923
v 1.430000 0.497000 -0.559093
v 0.780000 0.616000 -0.848191
v 0.780000 0.616000 -0.848191
v 1.430000 0.497000 -0.559093
v 1.430000 0.350600 -0.423923
v 0.780000 0.428800 -0.646309
v 1.430000 0.070000 0.000000
v 1.920000 0.070000 0.000000
v 1.920000 0.144800 -0.085145
v 1.430000 0.204200 -0.243294
v 1.430000 0.204200 -0.243294
v 1.920000 0.144800 -0.085145
v 1.920000 0.070000 0.000000
v 1.430000 0.070000 0.000000
v 1.430000 0.204200 -0.243294
v 1.920000 0.144800 -0.085145
v 1.920000 0.226400 -0.138991
v 1.430000 0.350600 -0.423923
v 1.430000 0.350600 -0.423923
v 1.920000 0.226400 -0.138991
v 1.920000 0.144800 -0.085145
v 1.430000 0.204200 -0.243294
v 1.430000 0.350600 -0.423923
v 1.920000 0.226400 -0.138991
v 1.920000 0.308000 -0.188686
v 1.430000 0.497000 -0.559093
v 1.430000 0.497000 -0.559093
v 1.920000 0.308000 -0.188686
v 1.920000 0.226400 -0.138991
v 1.430000 0.350600 -0.423923
v 1.430000 0.497000 -0.559093
v 1.920000 0.308000 -0.188686
v 1.920000 0.410000 -0.200000
v 1.430000 0.680000 -0.610000
v 1.430000 0.680000 -0.610000
v 1.920000 0.410000 -0.200000
v 1.920000 0.308000 -0.188686
v 1.430000 0.497000 -0.559093
v -1.574000 0.070000 0.000000
v -1.564964 0.086182 0.009499
v -1.564964 0.235782 -0.245367
v -1.574000 0.219600 -0.254865
v -1.564964 0.086182 0.009499
v -1.544659 0.090179 0.011845
v -1.544659 0.239779 -0.243021
v -1.564964 0.235782 -0.245367
v -1.544659 0.090179 0.011845
v -1.528377 0.078980 0.005271
v -1.528377 0.228580 -0.249594
v -1.544659 0.239779 -0.243021
v -1.528377 0.078980 0.005271
v -1.528377 0.061020 -0.005271
v -1.528377 0.210620 -0.260137
v -1.528377 0.228580 -0.249594
v -1.528377 0.061020 -0.005271
v -1.544659 0.049821 -0.011845
v -1.544659 0.199421 -0.266710
v -1.528377 0.210620 -0.260137
v -1.544659 0.049821 -0.011845
v -1.564964 0.053818 -0.009499
v -1.564964 0.203418 -0.264364
v -1.544659 0.199421 -0.266710
v -1.564964 0.053818 -0.009499
v -1.574000 0.070000 0.000000
v -1.574000 0.219600 -0.254865
v -1.564964 0.203418 -0.264364
v -1.550000 0.070000 0.000000
v -1.574000 0.070000 0.000000
v -1.564964 0.086182 0.009499
v -1.564964 0.086182 0.009499
v -1.544659 0.090179 0.011845
v -1.544659 0.090179 0.011845
v -1.528377 0.078980 0.005271
v -1.528377 0.078980 0.005271
v -1.528377 0.061020 -0.005271
v -1.528377 0.061020 -0.005271
v -1.544659 0.049821 -0.011845
v -1.544659 0.049821 -0.011845
v -1.564964 0.053818 -0.009499
v -1.564964 0.053818 -0.009499
v -1.574000 0.070000 0.000000
v -1.550000 0.219600 -0.254865
v -1.574000 0.219600 -0.254865
v -1.564964 0.235782 -0.245367
v -1.564964 0.235782 -0.245367
v -1.544659 0.239779 -0.243021
v -1.544659 0.239779 -0.243021
v -1.528377 0.228580 -0.249594
v -1.528377 0.228580 -0.249594
v -1.528377 0.210620 -0.260137
v -1.528377 0.210620 -0.260137
v -1.544659 0.199421 -0.266710
v -1.544659 0.199421 -0.266710
v -1.564964 0.203418 -0.264364
v -1.564964 0.203418 -0.264364
v -1.574000 0.219600 -0.254865
v -1.574000 0.219600 -0.254865
v -1.564964 0.233831 -0.242636
v -1.564964 0.397031 -0.432542
v -1.574000 0.382800 -0.444772
v -1.564964 0.233831 -0.242636
v -1.544659 0.237346 -0.239615
v -1.544659 0.400546 -0.429522
v -1.564964 0.397031 -0.432542
v -1.544659 0.237346 -0.239615
v -1.528377 0.227498 -0.248078
v -1.528377 0.390698 -0.437985
v -1.544659 0.400546 -0.429522
v -1.528377 0.227498 -0.248078
v -1.528377 0.211702 -0.261652
v -1.528377 0.374902 -0.451559
v -1.528377 0.390698 -0.437985
v -1.528377 0.211702 -0.261652
v -1.544659 0.201854 -0.270116
v -1.544659 0.365054 -0.460022
v -1.528377 0.374902 -0.451559
v -1.544659 0.201854 -0.270116
v -1.564964 0.205369 -0.267095
v -1.564964 0.368569 -0.457002
v -1.544659 0.365054 -0.460022
v -1.564964 0.205369 -0.267095
v -1.574000 0.219600 -0.254865
v -1.574000 0.382800 -0.444772
v -1.564964 0.368569 -0.457002
v -1.550000 0.219600 -0.254865
v -1.574000 0.219600 -0.254865
v -1.564964 0.233831 -0.242636
v -1.564964 0.233831 -0.242636
v -1.544659 0.237346 -0.239615
v -1.544659 0.237346 -0.239615
v -1.528377 0.227498 -0.248078
v -1.528377 0.227498 -0.248078
v -1.528377 0.211702 -0.261652
v -1.528377 0.211702 -0.261652
v -1.544659 0.201854 -0.270116
v -1.544659 0.201854 -0.270116
v -1.564964 0.205369 -0.267095
v -1.564964 0.205369 -0.267095
v -1.574000 0.219600 -0.254865
v -1.550000 0.382800 -0.444772
v -1.574000 0.382800 -0.444772
v -1.564964 0.397031 -0.432542
v -1.564964 0.397031 -0.432542
v -1.544659 0.400546 -0.429522
v -1.544659 0.400546 -0.429522
v -1.528377 0.390698 -0.437985
v -1.528377 0.390698 -0.437985
v -1.528377 0.374902 -0.451559
v -1.528377 0.374902 -0.451559
v -1.544659 0.365054 -0.460022
v -1.544659 0.365054 -0.460022
v -1.564964 0.368569 -0.457002
v -1.564964 0.368569 -0.457002
v -1.574000 0.382800 -0.444772
v -1.574000 0.382800 -0.444772
v -1.564964 0.395088 -0.430592
v -1.564964 0.558288 -0.572016
v -1.574000 0.546000 -0.586196
v -1.564964 0.395088 -0.430592
v -1.544659 0.398123 -0.427089
v -1.544659 0.561323 -0.568513
v -1.564964 0.558288 -0.572016
v -1.544659 0.398123 -0.427089
v -1.528377 0.389619 -0.436903
v -1.528377 0.552819 -0.578327
v -1.544659 0.561323 -0.568513
v -1.528377 0.389619 -0.436903
v -1.528377 0.375981 -0.452642
v -1.528377 0.539181 -0.594066
v -1.528377 0.552819 -0.578327
v -1.528377 0.375981 -0.452642
v -1.544659 0.367477 -0.462455
v -1.544659 0.530677 -0.603879
v -1.528377 0.539181 -0.594066
v -1.544659 0.367477 -0.462455
v -1.564964 0.370512 -0.458952
v -1.564964 0.533712 -0.600376
v -1.544659 0.530677 -0.603879
v -1.564964 0.370512 -0.458952
v -1.574000 0.382800 -0.444772
v -1.574000 0.546000 -0.586196
v -1.564964 0.533712 -0.600376
v -1.550000 0.382800 -0.444772
v -1.574000 0.382800 -0.444772
v -1.564964 0.395088 -0.430592
v -1.564964 0.395088 -0.430592
v -1.544659 0.398123 -0.427089
v -1.544659 0.398123 -0.427089
v -1.528377 0.389619 -0.436903
v -1.528377 0.389619 -0.436903
v -1.528377 0.375981 -0.452642
v -1.528377 0.375981 -0.452642
v -1.544659 0.367477 -0.462455
v -1.544659 0.367477 -0.462455
v -1.564964 0.370512 -0.458952
v -1.564964 0.370512 -0.458952
v -1.574000 0.382800 -0.444772
v -1.550000 0.546000 -0.586196
v -1.574000 0.546000 -0.586196
v -1.564964 0.558288 -0.572016
v -1.564964 0.558288 -0.572016
v -1.544659 0.561323 -0.568513
v -1.544659 0.561323 -0.568513
v -1.528377 0.552819 -0.578327
v -1.528377 0.552819 -0.578327
v -1.528377 0.539181 -0.594066
v -1.528377 0.539181 -0.594066
v -1.544659 0.530677 -0.603879
v -1.544659 0.530677 -0.603879
v -1.564964 0.533712 -0.600376
v -1.564964 0.533712 -0.600376
v -1.574000 0.546000 -0.586196
v -1.550000 0.552121 -0.562990
v -1.531236 0.549816 -0.571727
v -1.531236 0.753816 -0.625531
v -1.550000 0.756121 -0.616794
v -1.531236 0.549816 -0.571727
v -1.526602 0.544638 -0.591360
v -1.526602 0.748638 -0.645164
v -1.531236 0.753816 -0.625531
v -1.526602 0.544638 -0.591360
v -1.539587 0.540486 -0.607104
v -1.539587 0.744486 -0.660908
v -1.526602 0.748638 -0.645164
v -1.539587 0.540486 -0.607104
v -1.560413 0.540486 -0.607104
v -1.560413 0.744486 -0.660908
v -1.539587 0.744486 -0.660908
v -1.560413 0.540486 -0.607104
v -1.573398 0.544638 -0.591360
v -1.573398 0.748638 -0.645164
v -1.560413 0.744486 -0.660908
v -1.573398 0.544638 -0.591360
v -1.568764 0.549816 -0.571727
v -1.568764 0.753816 -0.625531
v -1.573398 0.748638 -0.645164
v -1.568764 0.549816 -0.571727
v -1.550000 0.552121 -0.562990
v -1.550000 0.756121 -0.616794
v -1.568764 0.753816 -0.625531
v -1.550000 0.546000 -0.586196
v -1.550000 0.552121 -0.562990
v -1.531236 0.549816 -0.571727
v -1.531236 0.549816 -0.571727
v -1.526602 0.544638 -0.591360
v -1.526602 0.544638 -0.591360
v -1.539587 0.540486 -0.607104
v -1.539587 0.540486 -0.607104
v -1.560413 0.540486 -0.607104
v -1.560413 0.540486 -0.607104
v -1.573398 0.544638 -0.591360
v -1.573398 0.544638 -0.591360
v -1.568764 0.549816 -0.571727
v -1.568764 0.549816 -0.571727
v -1.550000 0.552121 -0.562990
v -1.550000 0.750000 -0.640000
v -1.550000 0.756121 -0.616794
v -1.531236 0.753816 -0.625531
v -1.531236 0.753816 -0.625531
v -1.526602 0.748638 -0.645164
v -1.526602 0.748638 -0.645164
v -1.539587 0.744486 -0.660908
v -1.539587 0.744486 -0.660908
v -1.560413 0.744486 -0.660908
v -1.560413 0.744486 -0.660908
v -1.573398 0.748638 -0.645164
v -1.573398 0.748638 -0.645164
v -1.568764 0.753816 -0.625531
v -1.568764 0.753816 -0.625531
v -1.550000 0.756121 -0.616794
v -1.550000 0.754109 -0.612655
v -1.528430 0.754010 -0.623168
v -1.542606 0.978446 -0.655905
v -1.565393 0.978551 -0.644799
v -1.528430 0.754010 -0.623168
v -1.523103 0.750892 -0.646356
v -1.536979 0.975152 -0.680401
v -1.542606 0.978446 -0.655905
v -1.523103 0.750892 -0.646356
v -1.538030 0.747102 -0.664758
v -1.552747 0.971149 -0.699841
v -1.536979 0.975152 -0.680401
v -1.538030 0.747102 -0.664758
v -1.561970 0.745495 -0.664517
v -1.578038 0.969451 -0.699586
v -1.552747 0.971149 -0.699841
v -1.561970 0.745495 -0.664517
v -1.576897 0.747280 -0.645814
v -1.593807 0.971337 -0.679828
v -1.578038 0.969451 -0.699586
v -1.576897 0.747280 -0.645814
v -1.571570 0.751113 -0.622733
v -1.588179 0.975387 -0.655446
v -1.593807 0.971337 -0.679828
v -1.571570 0.751113 -0.622733
v -1.550000 0.754109 -0.612655
v -1.565393 0.978551 -0.644799
v -1.588179 0.975387 -0.655446
v -1.550000 0.750000 -0.640000
v -1.550000 0.754109 -0.612655
v -1.528430 0.754010 -0.623168
v -1.528430 0.754010 -0.623168
v -1.523103 0.750892 -0.646356
v -1.523103 0.750892 -0.646356
v -1.538030 0.747102 -0.664758
v -1.538030 0.747102 -0.664758
v -1.561970 0.745495 -0.664517
v -1.561970 0.745495 -0.664517
v -1.576897 0.747280 -0.645814
v -1.576897 0.747280 -0.645814
v -1.571570 0.751113 -0.622733
v -1.571570 0.751113 -0.622733
v -1.550000 0.754109 -0.612655
v -1.565393 0.974210 -0.673687
v -1.565393 0.978551 -0.644799
v -1.542606 0.978446 -0.655905
v -1.542606 0.978446 -0.655905
v -1.536979 0.975152 -0.680401
v -1.536979 0.975152 -0.680401
v -1.552747 0.971149 -0.699841
v -1.552747 0.971149 -0.699841
v -1.578038 0.969451 -0.699586
v -1.578038 0.969451 -0.699586
v -1.593807 0.971337 -0.679828
v -1.593807 0.971337 -0.679828
v -1.588179 0.975387 -0.655446
v -1.588179 0.975387 -0.655446
v -1.565393 0.978551 -0.644799
v -1.565393 0.974763 -0.646023
v -1.544137 0.978575 -0.656519
v -1.587334 1.214654 -0.660094
v -1.610000 1.210590 -0.648901
v -1.544137 0.978575 -0.656519
v -1.538888 0.979100 -0.679943
v -1.581736 1.215214 -0.685071
v -1.587334 1.214654 -0.660094
v -1.538888 0.979100 -0.679943
v -1.553597 0.975943 -0.698655
v -1.597422 1.211847 -0.705025
v -1.581736 1.215214 -0.685071
v -1.553597 0.975943 -0.698655
v -1.577189 0.971482 -0.698566
v -1.622578 1.207090 -0.704930
v -1.597422 1.211847 -0.705025
v -1.577189 0.971482 -0.698566
v -1.591898 0.969075 -0.679742
v -1.638264 1.204524 -0.684857
v -1.622578 1.207090 -0.704930
v -1.591898 0.969075 -0.679742
v -1.586648 0.970536 -0.656359
v -1.632666 1.206081 -0.659922
v -1.638264 1.204524 -0.684857
v -1.586648 0.970536 -0.656359
v -1.565393 0.974763 -0.646023
v -1.610000 1.210590 -0.648901
v -1.632666 1.206081 -0.659922
v -1.565393 0.974210 -0.673687
v -1.565393 0.974763 -0.646023
v -1.544137 0.978575 -0.656519
v -1.544137 0.978575 -0.656519
v -1.538888 0.979100 -0.679943
v -1.538888 0.979100 -0.679943
v -1.553597 0.975943 -0.698655
v -1.553597 0.975943 -0.698655
v -1.577189 0.971482 -0.698566
v -1.577189 0.971482 -0.698566
v -1.591898 0.969075 -0.679742
v -1.591898 0.969075 -0.679742
v -1.586648 0.970536 -0.656359
v -1.586648 0.970536 -0.656359
v -1.565393 0.974763 -0.646023
v -1.610000 1.210000 -0.678400
v -1.610000 1.210590 -0.648901
v -1.587334 1.214654 -0.660094
v -1.587334 1.214654 -0.660094
v -1.581736 1.215214 -0.685071
v -1.581736 1.215214 -0.685071
v -1.597422 1.211847 -0.705025
v -1.597422 1.211847 -0.705025
v -1.622578 1.207090 -0.704930
v -1.622578 1.207090 -0.704930
v -1.638264 1.204524 -0.684857
v -1.638264 1.204524 -0.684857
v -1.632666 1.206081 -0.659922
v -1.632666 1.206081 -0.659922
v -1.610000 1.210590 -0.648901
v -0.844000 0.070000 0.000000
v -0.834964 0.086871 0.008213
v -0.834964 0.267271 -0.362371
v -0.844000 0.250400 -0.370583
v -0.834964 0.086871 0.008213
v -0.814659 0.091038 0.010241
v -0.814659 0.271438 -0.360342
v -0.834964 0.267271 -0.362371
v -0.814659 0.091038 0.010241
v -0.798377 0.079363 0.004558
v -0.798377 0.259763 -0.366026
v -0.814659 0.271438 -0.360342
v -0.798377 0.079363 0.004558
v -0.798377 0.060637 -0.004558
v -0.798377 0.241037 -0.375141
v -0.798377 0.259763 -0.366026
v -0.798377 0.060637 -0.004558
v -0.814659 0.048962 -0.010241
v -0.814659 0.229362 -0.380825
v -0.798377 0.241037 -0.375141
v -0.814659 0.048962 -0.010241
v -0.834964 0.053129 -0.008213
v -0.834964 0.233529 -0.378796
v -0.814659 0.229362 -0.380825
v -0.834964 0.053129 -0.008213
v -0.844000 0.070000 0.000000
v -0.844000 0.250400 -0.370583
v -0.834964 0.233529 -0.378796
v -0.820000 0.070000 0.000000
v -0.844000 0.070000 0.000000
v -0.834964 0.086871 0.008213
v -0.834964 0.086871 0.008213
v -0.814659 0.091038 0.010241
v -0.814659 0.091038 0.010241
v -0.798377 0.079363 0.004558
v -0.798377 0.079363 0.004558
v -0.798377 0.060637 -0.004558
v -0.798377 0.060637 -0.004558
v -0.814659 0.048962 -0.010241
v -0.814659 0.048962 -0.010241
v -0.834964 0.053129 -0.008213
v -0.834964 0.053129 -0.008213
v -0.844000 0.070000 0.000000
v -0.820000 0.250400 -0.370583
v -0.844000 0.250400 -0.370583
v -0.834964 0.267271 -0.362371
v -0.834964 0.267271 -0.362371
v -0.814659 0.271438 -0.360342
v -0.814659 0.271438 -0.360342
v -0.798377 0.259763 -0.366026
v -0.798377 0.259763 -0.366026
v -0.798377 0.241037 -0.375141
v -0.798377 0.241037 -0.375141
v -0.814659 0.229362 -0.380825
v -0.814659 0.229362 -0.380825
v -0.834964 0.233529 -0.378796
v -0.834964 0.233529 -0.378796
v -0.844000 0.250400 -0.370583
v -0.844000 0.250400 -0.370583
v -0.834964 0.265799 -0.359862
v -0.834964 0.462599 -0.642538
v -0.844000 0.447200 -0.653259
v -0.834964 0.265799 -0.359862
v -0.814659 0.269603 -0.357214
v -0.814659 0.466403 -0.639890
v -0.834964 0.462599 -0.642538
v -0.814659 0.269603 -0.357214
v -0.798377 0.258946 -0.364634
v -0.798377 0.455746 -0.647309
v -0.814659 0.466403 -0.639890
v -0.798377 0.258946 -0.364634
v -0.798377 0.241854 -0.376533
v -0.798377 0.438654 -0.659209
v -0.798377 0.455746 -0.647309
v -0.798377 0.241854 -0.376533
v -0.814659 0.231197 -0.383953
v -0.814659 0.427997 -0.666628
v -0.798377 0.438654 -0.659209
v -0.814659 0.231197 -0.383953
v -0.834964 0.235001 -0.381305
v -0.834964 0.431801 -0.663980
v -0.814659 0.427997 -0.666628
v -0.834964 0.235001 -0.381305
v -0.844000 0.250400 -0.370583
v -0.844000 0.447200 -0.653259
v -0.834964 0.431801 -0.663980
v -0.820000 0.250400 -0.370583
v -0.844000 0.250400 -0.370583
v -0.834964 0.265799 -0.359862
v -0.834964 0.265799 -0.359862
v -0.814659 0.269603 -0.357214
v -0.814659 0.269603 -0.357214
v -0.798377 0.258946 -0.364634
v -0.798377 0.258946 -0.364634
v -0.798377 0.241854 -0.376533
v -0.798377 0.241854 -0.376533
v -0.814659 0.231197 -0.383953
v -0.814659 0.231197 -0.383953
v -0.834964 0.235001 -0.381305
v -0.834964 0.235001 -0.381305
v -0.844000 0.250400 -0.370583
v -0.820000 0.447200 -0.653259
v -0.844000 0.447200 -0.653259
v -0.834964 0.462599 -0.642538
v -0.834964 0.462599 -0.642538
v -0.814659 0.466403 -0.639890
v -0.814659 0.466403 -0.639890
v -0.798377 0.455746 -0.647309
v -0.798377 0.455746 -0.647309
v -0.798377 0.438654 -0.659209
v -0.798377 0.438654 -0.659209
v -0.814659 0.427997 -0.666628
v -0.814659 0.427997 -0.666628
v -0.834964 0.431801 -0.663980
v -0.834964 0.431801 -0.663980
v -0.844000 0.447200 -0.653259
v -0.844000 0.447200 -0.653259
v -0.834964 0.460703 -0.640230
v -0.834964 0.657503 -0.844197
v -0.844000 0.644000 -0.857226
v -0.834964 0.460703 -0.640230
v -0.814659 0.464038 -0.637012
v -0.814659 0.660838 -0.840979
v -0.834964 0.657503 -0.844197
v -0.814659 0.464038 -0.637012
v -0.798377 0.454694 -0.646029
v -0.798377 0.651494 -0.849995
v -0.814659 0.660838 -0.840979
v -0.798377 0.454694 -0.646029
v -0.798377 0.439706 -0.660489
v -0.798377 0.636506 -0.864456
v -0.798377 0.651494 -0.849995
v -0.798377 0.439706 -0.660489
v -0.814659 0.430362 -0.669506
v -0.814659 0.627162 -0.873472
v -0.798377 0.636506 -0.864456
v -0.814659 0.430362 -0.669506
v -0.834964 0.433697 -0.666288
v -0.834964 0.630497 -0.870254
v -0.814659 0.627162 -0.873472
v -0.834964 0.433697 -0.666288
v -0.844000 0.447200 -0.653259
v -0.844000 0.644000 -0.857226
v -0.834964 0.630497 -0.870254
v -0.820000 0.447200 -0.653259
v -0.844000 0.447200 -0.653259
v -0.834964 0.460703 -0.640230
v -0.834964 0.460703 -0.640230
v -0.814659 0.464038 -0.637012
v -0.814659 0.464038 -0.637012
v -0.798377 0.454694 -0.646029
v -0.798377 0.454694 -0.646029
v -0.798377 0.439706 -0.660489
v -0.798377 0.439706 -0.660489
v -0.814659 0.430362 -0.669506
v -0.814659 0.430362 -0.669506
v -0.834964 0.433697 -0.666288
v -0.834964 0.433697 -0.666288
v -0.844000 0.447200 -0.653259
v -0.820000 0.644000 -0.857226
v -0.844000 0.644000 -0.857226
v -0.834964 0.657503 -0.844197
v -0.834964 0.657503 -0.844197
v -0.814659 0.660838 -0.840979
v -0.814659 0.660838 -0.840979
v -0.798377 0.651494 -0.849995
v -0.798377 0.651494 -0.849995
v -0.798377 0.636506 -0.864456
v -0.798377 0.636506 -0.864456
v -0.814659 0.627162 -0.873472
v -0.814659 0.627162 -0.873472
v -0.834964 0.630497 -0.870254
v -0.834964 0.630497 -0.870254
v -0.844000 0.644000 -0.857226
v -0.820000 0.651654 -0.834479
v -0.801236 0.648772 -0.843043
v -0.801236 0.894772 -0.925818
v -0.820000 0.897654 -0.917253
v -0.801236 0.648772 -0.843043
v -0.796602 0.642297 -0.862287
v -0.796602 0.888297 -0.945062
v -0.801236 0.894772 -0.925818
v -0.796602 0.642297 -0.862287
v -0.809587 0.637104 -0.877720
v -0.809587 0.883104 -0.960494
v -0.796602 0.888297 -0.945062
v -0.809587 0.637104 -0.877720
v -0.830413 0.637104 -0.877720
v -0.830413 0.883104 -0.960494
v -0.809587 0.883104 -0.960494
v -0.830413 0.637104 -0.877720
v -0.843398 0.642297 -0.862287
v -0.843398 0.888297 -0.945062
v -0.830413 0.883104 -0.960494
v -0.843398 0.642297 -0.862287
v -0.838764 0.648772 -0.843043
v -0.838764 0.894772 -0.925818
v -0.843398 0.888297 -0.945062
v -0.838764 0.648772 -0.843043
v -0.820000 0.651654 -0.834479
v -0.820000 0.897654 -0.917253
v -0.838764 0.894772 -0.925818
v -0.820000 0.644000 -0.857226
v -0.820000 0.651654 -0.834479
v -0.801236 0.648772 -0.843043
v -0.801236 0.648772 -0.843043
v -0.796602 0.642297 -0.862287
v -0.796602 0.642297 -0.862287
v -0.809587 0.637104 -0.877720
v -0.809587 0.637104 -0.877720
v -0.830413 0.637104 -0.877720
v -0.830413 0.637104 -0.877720
v -0.843398 0.642297 -0.862287
v -0.843398 0.642297 -0.862287
v -0.838764 0.648772 -0.843043
v -0.838764 0.648772 -0.843043
v -0.820000 0.651654 -0.834479
v -0.820000 0.890000 -0.940000
v -0.820000 0.897654 -0.917253
v -0.801236 0.894772 -0.925818
v -0.801236 0.894772 -0.925818
v -0.796602 0.888297 -0.945062
v -0.796602 0.888297 -0.945062
v -0.809587 0.883104 -0.960494
v -0.809587 0.883104 -0.960494
v -0.830413 0.883104 -0.960494
v -0.830413 0.883104 -0.960494
v -0.843398 0.888297 -0.945062
v -0.843398 0.888297 -0.945062
v -0.838764 0.894772 -0.925818
v -0.838764 0.894772 -0.925818
v -0.820000 0.897654 -0.917253
v -0.024000 0.070000 0.000000
v -0.014964 0.087031 0.007875
v -0.014964 0.276231 -0.401281
v -0.024000 0.259200 -0.409156
v -0.014964 0.087031 0.007875
v 0.005341 0.091238 0.009821
v 0.005341 0.280438 -0.399336
v -0.014964 0.276231 -0.401281
v 0.005341 0.091238 0.009821
v 0.021623 0.079452 0.004371
v 0.021623 0.268652 -0.404786
v 0.005341 0.280438 -0.399336
v 0.021623 0.079452 0.004371
v 0.021623 0.060548 -0.004371
v 0.021623 0.249748 -0.413527
v 0.021623 0.268652 -0.404786
v 0.021623 0.060548 -0.004371
v 0.005341 0.048762 -0.009821
v 0.005341 0.237962 -0.418977
v 0.021623 0.249748 -0.413527
v 0.005341 0.048762 -0.009821
v -0.014964 0.052969 -0.007875
v -0.014964 0.242169 -0.417032
v 0.005341 0.237962 -0.418977
v -0.014964 0.052969 -0.007875
v -0.024000 0.070000 0.000000
v -0.024000 0.259200 -0.409156
v -0.014964 0.242169 -0.417032
v 0.000000 0.070000 0.000000
v -0.024000 0.070000 0.000000
v -0.014964 0.087031 0.007875
v -0.014964 0.087031 0.007875
v 0.005341 0.091238 0.009821
v 0.005341 0.091238 0.009821
v 0.021623 0.079452 0.004371
v 0.021623 0.079452 0.004371
v 0.021623 0.060548 -0.004371
v 0.021623 0.060548 -0.004371
v 0.005341 0.048762 -0.009821
v 0.005341 0.048762 -0.009821
v -0.014964 0.052969 -0.007875
v -0.014964 0.052969 -0.007875
v -0.024000 0.070000 0.000000
v 0.000000 0.259200 -0.409156
v -0.024000 0.259200 -0.409156
v -0.014964 0.276231 -0.401281
v -0.014964 0.276231 -0.401281
v 0.005341 0.280438 -0.399336
v 0.005341 0.280438 -0.399336
v 0.021623 0.268652 -0.404786
v 0.021623 0.268652 -0.404786
v 0.021623 0.249748 -0.413527
v 0.021623 0.249748 -0.413527
v 0.005341 0.237962 -0.418977
v 0.005341 0.237962 -0.418977
v -0.014964 0.242169 -0.417032
v -0.014964 0.242169 -0.417032
v -0.024000 0.259200 -0.409156
v -0.024000 0.259200 -0.409156
v -0.014964 0.274874 -0.398840
v -0.014964 0.481274 -0.712439
v -0.024000 0.465600 -0.722755
v -0.014964 0.274874 -0.398840
v 0.005341 0.278745 -0.396292
v 0.005341 0.485145 -0.709891
v -0.014964 0.481274 -0.712439
v 0.005341 0.278745 -0.396292
v 0.021623 0.267898 -0.403431
v 0.021623 0.474298 -0.717030
v 0.005341 0.485145 -0.709891
v 0.021623 0.267898 -0.403431
v 0.021623 0.250502 -0.414881
v 0.021623 0.456902 -0.728480
v 0.021623 0.474298 -0.717030
v 0.021623 0.250502 -0.414881
v 0.005341 0.239655 -0.422020
v 0.005341 0.446055 -0.735618
v 0.021623 0.456902 -0.728480
v 0.005341 0.239655 -0.422020
v -0.014964 0.243526 -0.419472
v -0.014964 0.449926 -0.733071
v 0.005341 0.446055 -0.735618
v -0.014964 0.243526 -0.419472
v -0.024000 0.259200 -0.409156
v -0.024000 0.465600 -0.722755
v -0.014964 0.449926 -0.733071
v 0.000000 0.259200 -0.409156
v -0.024000 0.259200 -0.409156
v -0.014964 0.274874 -0.398840
v -0.014964 0.274874 -0.398840
v 0.005341 0.278745 -0.396292
v 0.005341 0.278745 -0.396292
v 0.021623 0.267898 -0.403431
v 0.021623 0.267898 -0.403431
v 0.021623 0.250502 -0.414881
v 0.021623 0.250502 -0.414881
v 0.005341 0.239655 -0.422020
v 0.005341 0.239655 -0.422020
v -0.014964 0.243526 -0.419472
v -0.014964 0.243526 -0.419472
v -0.024000 0.259200 -0.409156
v 0.000000 0.465600 -0.722755
v -0.024000 0.465600 -0.722755
v -0.014964 0.481274 -0.712439
v -0.014964 0.481274 -0.712439
v 0.005341 0.485145 -0.709891
v 0.005341 0.485145 -0.709891
v 0.021623 0.474298 -0.717030
v 0.021623 0.474298 -0.717030
v 0.021623 0.456902 -0.728480
v 0.021623 0.456902 -0.728480
v 0.005341 0.446055 -0.735618
v 0.005341 0.446055 -0.735618
v -0.014964 0.449926 -0.733071
v -0.014964 0.449926 -0.733071
v -0.024000 0.465600 -0.722755
v -0.024000 0.465600 -0.722755
v -0.014964 0.479422 -0.710065
v -0.014964 0.685822 -0.934879
v -0.024000 0.672000 -0.947569
v -0.014964 0.479422 -0.710065
v 0.005341 0.482836 -0.706931
v 0.005341 0.689236 -0.931745
v -0.014964 0.685822 -0.934879
v 0.005341 0.482836 -0.706931
v 0.021623 0.473271 -0.715712
v 0.021623 0.679671 -0.940526
v 0.005341 0.689236 -0.931745
v 0.021623 0.473271 -0.715712
v 0.021623 0.457929 -0.729797
v 0.021623 0.664329 -0.954611
v 0.021623 0.679671 -0.940526
v 0.021623 0.457929 -0.729797
v 0.005341 0.448364 -0.738579
v 0.005341 0.654764 -0.963393
v 0.021623 0.664329 -0.954611
v 0.005341 0.448364 -0.738579
v -0.014964 0.451778 -0.735445
v -0.014964 0.658178 -0.960259
v 0.005341 0.654764 -0.963393
v -0.014964 0.451778 -0.735445
v -0.024000 0.465600 -0.722755
v -0.024000 0.672000 -0.947569
v -0.014964 0.658178 -0.960259
v 0.000000 0.465600 -0.722755
v -0.024000 0.465600 -0.722755
v -0.014964 0.479422 -0.710065
v -0.014964 0.479422 -0.710065
v 0.005341 0.482836 -0.706931
v 0.005341 0.482836 -0.706931
v 0.021623 0.473271 -0.715712
v 0.021623 0.473271 -0.715712
v 0.021623 0.457929 -0.729797
v 0.021623 0.457929 -0.729797
v 0.005341 0.448364 -0.738579
v 0.005341 0.448364 -0.738579
v -0.014964 0.451778 -0.735445
v -0.014964 0.451778 -0.735445
v -0.024000 0.465600 -0.722755
v 0.000000 0.672000 -0.947569
v -0.024000 0.672000 -0.947569
v -0.014964 0.685822 -0.934879
v -0.014964 0.685822 -0.934879
v 0.005341 0.689236 -0.931745
v 0.005341 0.689236 -0.931745
v 0.021623 0.679671 -0.940526
v 0.021623 0.679671 -0.940526
v 0.021623 0.664329 -0.954611
v 0.021623 0.664329 -0.954611
v 0.005341 0.654764 -0.963393
v 0.005341 0.654764 -0.963393
v -0.014964 0.658178 -0.960259
v -0.014964 0.658178 -0.960259
v -0.024000 0.672000 -0.947569
v 0.000000 0.680094 -0.924975
v 0.018764 0.677047 -0.933482
v 0.018764 0.935047 -1.025913
v 0.000000 0.938094 -1.017406
v 0.018764 0.677047 -0.933482
v 0.023398 0.670199 -0.952596
v 0.023398 0.928199 -1.045028
v 0.018764 0.935047 -1.025913
v 0.023398 0.670199 -0.952596
v 0.010413 0.664707 -0.967925
v 0.010413 0.922707 -1.060356
v 0.023398 0.928199 -1.045028
v 0.010413 0.664707 -0.967925
v -0.010413 0.664707 -0.967925
v -0.010413 0.922707 -1.060356
v 0.010413 0.922707 -1.060356
v -0.010413 0.664707 -0.967925
v -0.023398 0.670199 -0.952596
v -0.023398 0.928199 -1.045028
v -0.010413 0.922707 -1.060356
v -0.023398 0.670199 -0.952596
v -0.018764 0.677047 -0.933482
v -0.018764 0.935047 -1.025913
v -0.023398 0.928199 -1.045028
v -0.018764 0.677047 -0.933482
v 0.000000 0.680094 -0.924975
v 0.000000 0.938094 -1.017406
v -0.018764 0.935047 -1.025913
v 0.000000 0.672000 -0.947569
v 0.000000 0.680094 -0.924975
v 0.018764 0.677047 -0.933482
v 0.018764 0.677047 -0.933482
v 0.023398 0.670199 -0.952596
v 0.023398 0.670199 -0.952596
v 0.010413 0.664707 -0.967925
v 0.010413 0.664707 -0.967925
v -0.010413 0.664707 -0.967925
v -0.010413 0.664707 -0.967925
v -0.023398 0.670199 -0.952596
v -0.023398 0.670199 -0.952596
v -0.018764 0.677047 -0.933482
v -0.018764 0.677047 -0.933482
v 0.000000 0.680094 -0.924975
v 0.000000 0.930000 -1.040000
v 0.000000 0.938094 -1.017406
v 0.018764 0.935047 -1.025913
v 0.018764 0.935047 -1.025913
v 0.023398 0.928199 -1.045028
v 0.023398 0.928199 -1.045028
v 0.010413 0.922707 -1.060356
v 0.010413 0.922707 -1.060356
v -0.010413 0.922707 -1.060356
v -0.010413 0.922707 -1.060356
v -0.023398 0.928199 -1.045028
v -0.023398 0.928199 -1.045028
v -0.018764 0.935047 -1.025913
v -0.018764 0.935047 -1.025913
v 0.000000 0.938094 -1.017406
v 0.000000 0.931500 -1.014049
v 0.020238 0.932790 -1.023927
v -0.004690 1.180143 -1.039949
v -0.022777 1.178990 -1.031122
v 0.020238 0.932790 -1.023927
v 0.025236 0.931980 -1.045908
v -0.000224 1.179418 -1.059594
v -0.004690 1.180143 -1.039949
v 0.025236 0.931980 -1.045908
v 0.011231 0.929678 -1.063440
v -0.012740 1.177362 -1.075262
v -0.000224 1.179418 -1.059594
v 0.011231 0.929678 -1.063440
v -0.011231 0.927619 -1.063321
v -0.032814 1.175521 -1.075155
v -0.012740 1.177362 -1.075262
v -0.011231 0.927619 -1.063321
v -0.025236 0.927353 -1.045641
v -0.045330 1.175284 -1.059355
v -0.032814 1.175521 -1.075155
v -0.025236 0.927353 -1.045641
v -0.020238 0.929080 -1.023713
v -0.040863 1.176827 -1.039758
v -0.045330 1.175284 -1.059355
v -0.020238 0.929080 -1.023713
v 0.000000 0.931500 -1.014049
v -0.022777 1.178990 -1.031122
v -0.040863 1.176827 -1.039758
v 0.000000 0.930000 -1.040000
v 0.000000 0.931500 -1.014049
v 0.020238 0.932790 -1.023927
v 0.020238 0.932790 -1.023927
v 0.025236 0.931980 -1.045908
v 0.025236 0.931980 -1.045908
v 0.011231 0.929678 -1.063440
v 0.011231 0.929678 -1.063440
v -0.011231 0.927619 -1.063321
v -0.011231 0.927619 -1.063321
v -0.025236 0.927353 -1.045641
v -0.025236 0.927353 -1.045641
v -0.020238 0.929080 -1.023713
v -0.020238 0.929080 -1.023713
v 0.000000 0.931500 -1.014049
v -0.022777 1.177649 -1.054313
v -0.022777 1.178990 -1.031122
v -0.004690 1.180143 -1.039949
v -0.004690 1.180143 -1.039949
v -0.000224 1.179418 -1.059594
v -0.000224 1.179418 -1.059594
v -0.012740 1.177362 -1.075262
v -0.012740 1.177362 -1.075262
v -0.032814 1.175521 -1.075155
v -0.032814 1.175521 -1.075155
v -0.045330 1.175284 -1.059355
v -0.045330 1.175284 -1.059355
v -0.040863 1.176827 -1.039758
v -0.040863 1.176827 -1.039758
v -0.022777 1.178990 -1.031122
v -0.022777 1.183418 -1.028836
v -0.002464 1.179174 -1.037959
v 0.021914 1.391645 -1.084756
v 0.000000 1.396224 -1.074914
v -0.002464 1.179174 -1.037959
v 0.002552 1.173781 -1.059397
v 0.027327 1.385827 -1.107885
v 0.021914 1.391645 -1.084756
v 0.002552 1.173781 -1.059397
v -0.011504 1.171301 -1.077007
v 0.012161 1.383151 -1.126883
v 0.027327 1.385827 -1.107885
v -0.011504 1.171301 -1.077007
v -0.034049 1.173601 -1.077528
v -0.012161 1.385633 -1.127445
v 0.012161 1.383151 -1.126883
v -0.034049 1.173601 -1.077528
v -0.048106 1.178950 -1.060568
v -0.027327 1.391403 -1.109148
v -0.012161 1.385633 -1.127445
v -0.048106 1.178950 -1.060568
v -0.043089 1.183319 -1.038898
v -0.021914 1.396117 -1.085769
v -0.027327 1.391403 -1.109148
v -0.043089 1.183319 -1.038898
v -0.022777 1.183418 -1.028836
v 0.000000 1.396224 -1.074914
v -0.021914 1.396117 -1.085769
v -0.022777 1.177649 -1.054313
v -0.022777 1.183418 -1.028836
v -0.002464 1.179174 -1.037959
v -0.002464 1.179174 -1.037959
v 0.002552 1.173781 -1.059397
v 0.002552 1.173781 -1.059397
v -0.011504 1.171301 -1.077007
v -0.011504 1.171301 -1.077007
v -0.034049 1.173601 -1.077528
v -0.034049 1.173601 -1.077528
v -0.048106 1.178950 -1.060568
v -0.048106 1.178950 -1.060568
v -0.043089 1.183319 -1.038898
v -0.043089 1.183319 -1.038898
v -0.022777 1.183418 -1.028836
v 0.000000 1.390000 -1.102400
v 0.000000 1.396224 -1.074914
v 0.021914 1.391645 -1.084756
v 0.021914 1.391645 -1.084756
v 0.027327 1.385827 -1.107885
v 0.027327 1.385827 -1.107885
v 0.012161 1.383151 -1.126883
v 0.012161 1.383151 -1.126883
v -0.012161 1.385633 -1.127445
v -0.012161 1.385633 -1.127445
v -0.027327 1.391403 -1.109148
v -0.027327 1.391403 -1.109148
v -0.021914 1.396117 -1.085769
v -0.021914 1.396117 -1.085769
v 0.000000 1.396224 -1.074914
v 0.756000 0.070000 0.000000
v 0.765036 0.086995 0.007953
v 0.765036 0.258595 -0.358774
v 0.756000 0.241600 -0.366726
v 0.765036 0.086995 0.007953
v 0.785341 0.091193 0.009917
v 0.785341 0.262793 -0.356810
v 0.765036 0.258595 -0.358774
v 0.785341 0.091193 0.009917
v 0.801623 0.079432 0.004413
v 0.801623 0.251032 -0.362313
v 0.785341 0.262793 -0.356810
v 0.801623 0.079432 0.004413
v 0.801623 0.060568 -0.004413
v 0.801623 0.232168 -0.371140
v 0.801623 0.251032 -0.362313
v 0.801623 0.060568 -0.004413
v 0.785341 0.048807 -0.009917
v 0.785341 0.220407 -0.376643
v 0.801623 0.232168 -0.371140
v 0.785341 0.048807 -0.009917
v 0.765036 0.053005 -0.007953
v 0.765036 0.224605 -0.374679
v 0.785341 0.220407 -0.376643
v 0.765036 0.053005 -0.007953
v 0.756000 0.070000 0.000000
v 0.756000 0.241600 -0.366726
v 0.765036 0.224605 -0.374679
v 0.780000 0.070000 0.000000
v 0.756000 0.070000 0.000000
v 0.765036 0.086995 0.007953
v 0.765036 0.086995 0.007953
v 0.785341 0.091193 0.009917
v 0.785341 0.091193 0.009917
v 0.801623 0.079432 0.004413
v 0.801623 0.079432 0.004413
v 0.801623 0.060568 -0.004413
v 0.801623 0.060568 -0.004413
v 0.785341 0.048807 -0.009917
v 0.785341 0.048807 -0.009917
v 0.765036 0.053005 -0.007953
v 0.765036 0.053005 -0.007953
v 0.756000 0.070000 0.000000
v 0.780000 0.241600 -0.366726
v 0.756000 0.241600 -0.366726
v 0.765036 0.258595 -0.358774
v 0.765036 0.258595 -0.358774
v 0.785341 0.262793 -0.356810
v 0.785341 0.262793 -0.356810
v 0.801623 0.251032 -0.362313
v 0.801623 0.251032 -0.362313
v 0.801623 0.232168 -0.371140
v 0.801623 0.232168 -0.371140
v 0.785341 0.220407 -0.376643
v 0.785341 0.220407 -0.376643
v 0.765036 0.224605 -0.374679
v 0.765036 0.224605 -0.374679
v 0.756000 0.241600 -0.366726
v 0.756000 0.241600 -0.366726
v 0.765036 0.257192 -0.356287
v 0.765036 0.444392 -0.635870
v 0.756000 0.428800 -0.646309
v 0.765036 0.257192 -0.356287
v 0.785341 0.261042 -0.353708
v 0.785341 0.448242 -0.633291
v 0.765036 0.444392 -0.635870
v 0.785341 0.261042 -0.353708
v 0.801623 0.250253 -0.360933
v 0.801623 0.437453 -0.640516
v 0.785341 0.448242 -0.633291
v 0.801623 0.250253 -0.360933
v 0.801623 0.232947 -0.372520
v 0.801623 0.420147 -0.652103
v 0.801623 0.437453 -0.640516
v 0.801623 0.232947 -0.372520
v 0.785341 0.222158 -0.379744
v 0.785341 0.409358 -0.659328
v 0.801623 0.420147 -0.652103
v 0.785341 0.222158 -0.379744
v 0.765036 0.226008 -0.377166
v 0.765036 0.413208 -0.656749
v 0.785341 0.409358 -0.659328
v 0.765036 0.226008 -0.377166
v 0.756000 0.241600 -0.366726
v 0.756000 0.428800 -0.646309
v 0.765036 0.413208 -0.656749
v 0.780000 0.241600 -0.366726
v 0.756000 0.241600 -0.366726
v 0.765036 0.257192 -0.356287
v 0.765036 0.257192 -0.356287
v 0.785341 0.261042 -0.353708
v 0.785341 0.261042 -0.353708
v 0.801623 0.250253 -0.360933
v 0.801623 0.250253 -0.360933
v 0.801623 0.232947 -0.372520
v 0.801623 0.232947 -0.372520
v 0.785341 0.222158 -0.379744
v 0.785341 0.222158 -0.379744
v 0.765036 0.226008 -0.377166
v 0.765036 0.226008 -0.377166
v 0.756000 0.241600 -0.366726
v 0.780000 0.428800 -0.646309
v 0.756000 0.428800 -0.646309
v 0.765036 0.444392 -0.635870
v 0.765036 0.444392 -0.635870
v 0.785341 0.448242 -0.633291
v 0.785341 0.448242 -0.633291
v 0.801623 0.437453 -0.640516
v 0.801623 0.437453 -0.640516
v 0.801623 0.420147 -0.652103
v 0.801623 0.420147 -0.652103
v 0.785341 0.409358 -0.659328
v 0.785341 0.409358 -0.659328
v 0.765036 0.413208 -0.656749
v 0.765036 0.413208 -0.656749
v 0.756000 0.428800 -0.646309
v 0.756000 0.428800 -0.646309
v 0.765036 0.442559 -0.633551
v 0.765036 0.629759 -0.835433
v 0.756000 0.616000 -0.848191
v 0.765036 0.442559 -0.633551
v 0.785341 0.445957 -0.630400
v 0.785341 0.633157 -0.832282
v 0.765036 0.629759 -0.835433
v 0.785341 0.445957 -0.630400
v 0.801623 0.436436 -0.639229
v 0.801623 0.623636 -0.841111
v 0.785341 0.633157 -0.832282
v 0.801623 0.436436 -0.639229
v 0.801623 0.421164 -0.653390
v 0.801623 0.608364 -0.855272
v 0.801623 0.623636 -0.841111
v 0.801623 0.421164 -0.653390
v 0.785341 0.411643 -0.662219
v 0.785341 0.598843 -0.864101
v 0.801623 0.608364 -0.855272
v 0.785341 0.411643 -0.662219
v 0.765036 0.415041 -0.659068
v 0.765036 0.602241 -0.860950
v 0.785341 0.598843 -0.864101
v 0.765036 0.415041 -0.659068
v 0.756000 0.428800 -0.646309
v 0.756000 0.616000 -0.848191
v 0.765036 0.602241 -0.860950
v 0.780000 0.428800 -0.646309
v 0.756000 0.428800 -0.646309
v 0.765036 0.442559 -0.633551
v 0.765036 0.442559 -0.633551
v 0.785341 0.445957 -0.630400
v 0.785341 0.445957 -0.630400
v 0.801623 0.436436 -0.639229
v 0.801623 0.436436 -0.639229
v 0.801623 0.421164 -0.653390
v 0.801623 0.421164 -0.653390
v 0.785341 0.411643 -0.662219
v 0.785341 0.411643 -0.662219
v 0.765036 0.415041 -0.659068
v 0.765036 0.415041 -0.659068
v 0.756000 0.428800 -0.646309
v 0.780000 0.616000 -0.848191
v 0.756000 0.616000 -0.848191
v 0.765036 0.629759 -0.835433
v 0.765036 0.629759 -0.835433
v 0.785341 0.633157 -0.832282
v 0.785341 0.633157 -0.832282
v 0.801623 0.623636 -0.841111
v 0.801623 0.623636 -0.841111
v 0.801623 0.608364 -0.855272
v 0.801623 0.608364 -0.855272
v 0.785341 0.598843 -0.864101
v 0.785341 0.598843 -0.864101
v 0.765036 0.602241 -0.860950
v 0.765036 0.602241 -0.860950
v 0.756000 0.616000 -0.848191
v 0.780000 0.623921 -0.825536
v 0.798764 0.620938 -0.834066
v 0.798764 0.854938 -0.915875
v 0.780000 0.857921 -0.907345
v 0.798764 0.620938 -0.834066
v 0.803398 0.614238 -0.853232
v 0.803398 0.848238 -0.935041
v 0.798764 0.854938 -0.915875
v 0.803398 0.614238 -0.853232
v 0.790413 0.608864 -0.868603
v 0.790413 0.842864 -0.950412
v 0.803398 0.848238 -0.935041
v 0.790413 0.608864 -0.868603
v 0.769587 0.608864 -0.868603
v 0.769587 0.842864 -0.950412
v 0.790413 0.842864 -0.950412
v 0.769587 0.608864 -0.868603
v 0.756602 0.614238 -0.853232
v 0.756602 0.848238 -0.935041
v 0.769587 0.842864 -0.950412
v 0.756602 0.614238 -0.853232
v 0.761236 0.620938 -0.834066
v 0.761236 0.854938 -0.915875
v 0.756602 0.848238 -0.935041
v 0.761236 0.620938 -0.834066
v 0.780000 0.623921 -0.825536
v 0.780000 0.857921 -0.907345
v 0.761236 0.854938 -0.915875
v 0.780000 0.616000 -0.848191
v 0.780000 0.623921 -0.825536
v 0.798764 0.620938 -0.834066
v 0.798764 0.620938 -0.834066
v 0.803398 0.614238 -0.853232
v 0.803398 0.614238 -0.853232
v 0.790413 0.608864 -0.868603
v 0.790413 0.608864 -0.868603
v 0.769587 0.608864 -0.868603
v 0.769587 0.608864 -0.868603
v 0.756602 0.614238 -0.853232
v 0.756602 0.614238 -0.853232
v 0.761236 0.620938 -0.834066
v 0.761236 0.620938 -0.834066
v 0.780000 0.623921 -0.825536
v 0.780000 0.850000 -0.930000
v 0.780000 0.857921 -0.907345
v 0.798764 0.854938 -0.915875
v 0.798764 0.854938 -0.915875
v 0.803398 0.848238 -0.935041
v 0.803398 0.848238 -0.935041
v 0.790413 0.842864 -0.950412
v 0.790413 0.842864 -0.950412
v 0.769587 0.842864 -0.950412
v 0.769587 0.842864 -0.950412
v 0.756602 0.848238 -0.935041
v 0.756602 0.848238 -0.935041
v 0.761236 0.854938 -0.915875
v 0.761236 0.854938 -0.915875
v 0.780000 0.857921 -0.907345
v 1.406000 0.070000 0.000000
v 1.415036 0.086430 0.009063
v 1.415036 0.220630 -0.234231
v 1.406000 0.204200 -0.243294
v 1.415036 0.086430 0.009063
v 1.435341 0.090488 0.011301
v 1.435341 0.224688 -0.231992
v 1.415036 0.220630 -0.234231
v 1.435341 0.090488 0.011301
v 1.451623 0.079118 0.005029
v 1.451623 0.213318 -0.238264
v 1.435341 0.224688 -0.231992
v 1.451623 0.079118 0.005029
v 1.451623 0.060882 -0.005029
v 1.451623 0.195082 -0.248323
v 1.451623 0.213318 -0.238264
v 1.451623 0.060882 -0.005029
v 1.435341 0.049512 -0.011301
v 1.435341 0.183712 -0.254595
v 1.451623 0.195082 -0.248323
v 1.435341 0.049512 -0.011301
v 1.415036 0.053570 -0.009063
v 1.415036 0.187770 -0.252356
v 1.435341 0.183712 -0.254595
v 1.415036 0.053570 -0.009063
v 1.406000 0.070000 0.000000
v 1.406000 0.204200 -0.243294
v 1.415036 0.187770 -0.252356
v 1.430000 0.070000 0.000000
v 1.406000 0.070000 0.000000
v 1.415036 0.086430 0.009063
v 1.415036 0.086430 0.009063
v 1.435341 0.090488 0.011301
v 1.435341 0.090488 0.011301
v 1.451623 0.079118 0.005029
v 1.451623 0.079118 0.005029
v 1.451623 0.060882 -0.005029
v 1.451623 0.060882 -0.005029
v 1.435341 0.049512 -0.011301
v 1.435341 0.049512 -0.011301
v 1.415036 0.053570 -0.009063
v 1.415036 0.053570 -0.009063
v 1.406000 0.070000 0.000000
v 1.430000 0.204200 -0.243294
v 1.406000 0.204200 -0.243294
v 1.415036 0.220630 -0.234231
v 1.415036 0.220630 -0.234231
v 1.435341 0.224688 -0.231992
v 1.435341 0.224688 -0.231992
v 1.451623 0.213318 -0.238264
v 1.451623 0.213318 -0.238264
v 1.451623 0.195082 -0.248323
v 1.451623 0.195082 -0.248323
v 1.435341 0.183712 -0.254595
v 1.435341 0.183712 -0.254595
v 1.415036 0.187770 -0.252356
v 1.415036 0.187770 -0.252356
v 1.406000 0.204200 -0.243294
v 1.406000 0.204200 -0.243294
v 1.415036 0.218777 -0.231479
v 1.415036 0.365177 -0.412109
v 1.406000 0.350600 -0.423923
v 1.415036 0.218777 -0.231479
v 1.435341 0.222378 -0.228561
v 1.435341 0.368778 -0.409191
v 1.415036 0.365177 -0.412109
v 1.435341 0.222378 -0.228561
v 1.451623 0.212290 -0.236737
v 1.451623 0.358690 -0.417367
v 1.435341 0.368778 -0.409191
v 1.451623 0.212290 -0.236737
v 1.451623 0.196110 -0.249850
v 1.451623 0.342510 -0.430480
v 1.451623 0.358690 -0.417367
v 1.451623 0.196110 -0.249850
v 1.435341 0.186022 -0.258026
v 1.435341 0.332422 -0.438656
v 1.451623 0.342510 -0.430480
v 1.435341 0.186022 -0.258026
v 1.415036 0.189623 -0.255108
v 1.415036 0.336023 -0.435738
v 1.435341 0.332422 -0.438656
v 1.415036 0.189623 -0.255108
v 1.406000 0.204200 -0.243294
v 1.406000 0.350600 -0.423923
v 1.415036 0.336023 -0.435738
v 1.430000 0.204200 -0.243294
v 1.406000 0.204200 -0.243294
v 1.415036 0.218777 -0.231479
v 1.415036 0.218777 -0.231479
v 1.435341 0.222378 -0.228561
v 1.435341 0.222378 -0.228561
v 1.451623 0.212290 -0.236737
v 1.451623 0.212290 -0.236737
v 1.451623 0.196110 -0.249850
v 1.451623 0.196110 -0.249850
v 1.435341 0.186022 -0.258026
v 1.435341 0.186022 -0.258026
v 1.415036 0.189623 -0.255108
v 1.415036 0.189623 -0.255108
v 1.406000 0.204200 -0.243294
v 1.430000 0.350600 -0.423923
v 1.406000 0.350600 -0.423923
v 1.415036 0.365177 -0.412109
v 1.415036 0.365177 -0.412109
v 1.435341 0.368778 -0.409191
v 1.435341 0.368778 -0.409191
v 1.451623 0.358690 -0.417367
v 1.451623 0.358690 -0.417367
v 1.451623 0.342510 -0.430480
v 1.451623 0.342510 -0.430480
v 1.435341 0.332422 -0.438656
v 1.435341 0.332422 -0.438656
v 1.415036 0.336023 -0.435738
v 1.415036 0.336023 -0.435738
v 1.406000 0.350600 -0.423923
v 1.406000 0.350600 -0.423923
v 1.415036 0.363329 -0.410137
v 1.415036 0.509729 -0.545307
v 1.406000 0.497000 -0.559093
v 1.415036 0.363329 -0.410137
v 1.435341 0.366473 -0.406732
v 1.435341 0.512873 -0.541902
v 1.415036 0.509729 -0.545307
v 1.435341 0.366473 -0.406732
v 1.451623 0.357664 -0.416273
v 1.451623 0.504064 -0.551442
v 1.435341 0.512873 -0.541902
v 1.451623 0.357664 -0.416273
v 1.451623 0.343536 -0.431574
v 1.451623 0.489936 -0.566744
v 1.451623 0.504064 -0.551442
v 1.451623 0.343536 -0.431574
v 1.435341 0.334727 -0.441115
v 1.435341 0.481127 -0.576284
v 1.451623 0.489936 -0.566744
v 1.435341 0.334727 -0.441115
v 1.415036 0.337871 -0.437710
v 1.415036 0.484271 -0.572880
v 1.435341 0.481127 -0.576284
v 1.415036 0.337871 -0.437710
v 1.406000 0.350600 -0.423923
v 1.406000 0.497000 -0.559093
v 1.415036 0.484271 -0.572880
v 1.430000 0.350600 -0.423923
v 1.406000 0.350600 -0.423923
v 1.415036 0.363329 -0.410137
v 1.415036 0.363329 -0.410137
v 1.435341 0.366473 -0.406732
v 1.435341 0.366473 -0.406732
v 1.451623 0.357664 -0.416273
v 1.451623 0.357664 -0.416273
v 1.451623 0.343536 -0.431574
v 1.451623 0.343536 -0.431574
v 1.435341 0.334727 -0.441115
v 1.435341 0.334727 -0.441115
v 1.415036 0.337871 -0.437710
v 1.415036 0.337871 -0.437710
v 1.406000 0.350600 -0.423923
v 1.430000 0.497000 -0.559093
v 1.406000 0.497000 -0.559093
v 1.415036 0.509729 -0.545307
v 1.415036 0.509729 -0.545307
v 1.435341 0.512873 -0.541902
v 1.435341 0.512873 -0.541902
v 1.451623 0.504064 -0.551442
v 1.451623 0.504064 -0.551442
v 1.451623 0.489936 -0.566744
v 1.451623 0.489936 -0.566744
v 1.435341 0.481127 -0.576284
v 1.435341 0.481127 -0.576284
v 1.415036 0.484271 -0.572880
v 1.415036 0.484271 -0.572880
v 1.406000 0.497000 -0.559093
v 1.430000 0.503432 -0.535971
v 1.448764 0.501010 -0.544677
v 1.448764 0.684010 -0.595584
v 1.430000 0.686432 -0.586878
v 1.448764 0.501010 -0.544677
v 1.453398 0.495569 -0.564238
v 1.453398 0.678569 -0.615145
v 1.448764 0.684010 -0.595584
v 1.453398 0.495569 -0.564238
v 1.440413 0.491205 -0.579925
v 1.440413 0.674205 -0.630832
v 1.453398 0.678569 -0.615145
v 1.440413 0.491205 -0.579925
v 1.419587 0.491205 -0.579925
v 1.419587 0.674205 -0.630832
v 1.440413 0.674205 -0.630832
v 1.419587 0.491205 -0.579925
v 1.406602 0.495569 -0.564238
v 1.406602 0.678569 -0.615145
v 1.419587 0.674205 -0.630832
v 1.406602 0.495569 -0.564238
v 1.411236 0.501010 -0.544677
v 1.411236 0.684010 -0.595584
v 1.406602 0.678569 -0.615145
v 1.411236 0.501010 -0.544677
v 1.430000 0.503432 -0.535971
v 1.430000 0.686432 -0.586878
v 1.411236 0.684010 -0.595584
v 1.430000 0.497000 -0.559093
v 1.430000 0.503432 -0.535971
v 1.448764 0.501010 -0.544677
v 1.448764 0.501010 -0.544677
v 1.453398 0.495569 -0.564238
v 1.453398 0.495569 -0.564238
v 1.440413 0.491205 -0.579925
v 1.440413 0.491205 -0.579925
v 1.419587 0.491205 -0.579925
v 1.419587 0.491205 -0.579925
v 1.406602 0.495569 -0.564238
v 1.406602 0.495569 -0.564238
v 1.411236 0.501010 -0.544677
v 1.411236 0.501010 -0.544677
v 1.430000 0.503432 -0.535971
v 1.430000 0.680000 -0.610000
v 1.430000 0.686432 -0.586878
v 1.448764 0.684010 -0.595584
v 1.448764 0.684010 -0.595584
v 1.453398 0.678569 -0.615145
v 1.453398 0.678569 -0.615145
v 1.440413 0.674205 -0.630832
v 1.440413 0.674205 -0.630832
v 1.419587 0.674205 -0.630832
v 1.419587 0.674205 -0.630832
v 1.406602 0.678569 -0.615145
v 1.406602 0.678569 -0.615145
v 1.411236 0.684010 -0.595584
v 1.411236 0.684010 -0.595584
v 1.430000 0.686432 -0.586878
v 1.430000 0.681481 -0.584497
v 1.449888 0.679084 -0.593992
v 1.473749 0.919024 -0.606658
v 1.452280 0.921612 -0.596408
v 1.449888 0.679084 -0.593992
v 1.454799 0.677376 -0.615542
v 1.479051 0.917181 -0.629921
v 1.473749 0.919024 -0.606658
v 1.454799 0.677376 -0.615542
v 1.441037 0.677645 -0.632918
v 1.464194 0.917470 -0.648679
v 1.479051 0.917181 -0.629921
v 1.441037 0.677645 -0.632918
v 1.418963 0.679687 -0.633037
v 1.440366 0.919675 -0.648807
v 1.464194 0.917470 -0.648679
v 1.418963 0.679687 -0.633037
v 1.405201 0.681965 -0.615808
v 1.425509 0.922134 -0.630209
v 1.440366 0.919675 -0.648807
v 1.405201 0.681965 -0.615808
v 1.410112 0.682763 -0.594206
v 1.430811 0.922996 -0.606889
v 1.425509 0.922134 -0.630209
v 1.410112 0.682763 -0.594206
v 1.430000 0.681481 -0.584497
v 1.452280 0.921612 -0.596408
v 1.430811 0.922996 -0.606889
v 1.430000 0.680000 -0.610000
v 1.430000 0.681481 -0.584497
v 1.449888 0.679084 -0.593992
v 1.449888 0.679084 -0.593992
v 1.454799 0.677376 -0.615542
v 1.454799 0.677376 -0.615542
v 1.441037 0.677645 -0.632918
v 1.441037 0.677645 -0.632918
v 1.418963 0.679687 -0.633037
v 1.418963 0.679687 -0.633037
v 1.405201 0.681965 -0.615808
v 1.405201 0.681965 -0.615808
v 1.410112 0.682763 -0.594206
v 1.410112 0.682763 -0.594206
v 1.430000 0.681481 -0.584497
v 1.452280 0.920013 -0.623939
v 1.452280 0.921612 -0.596408
v 1.473749 0.919024 -0.606658
v 1.473749 0.919024 -0.606658
v 1.479051 0.917181 -0.629921
v 1.479051 0.917181 -0.629921
v 1.464194 0.917470 -0.648679
v 1.464194 0.917470 -0.648679
v 1.440366 0.919675 -0.648807
v 1.440366 0.919675 -0.648807
v 1.425509 0.922134 -0.630209
v 1.425509 0.922134 -0.630209
v 1.430811 0.922996 -0.606889
v 1.430811 0.922996 -0.606889
v 1.452280 0.921612 -0.596408
v 1.452280 0.923092 -0.594049
v 1.475438 0.918004 -0.604898
v 1.508205 1.138420 -0.631632
v 1.490000 1.142420 -0.623103
v 1.475438 0.918004 -0.604898
v 1.481157 0.914429 -0.630085
v 1.512701 1.135610 -0.651432
v 1.508205 1.138420 -0.631632
v 1.481157 0.914429 -0.630085
v 1.465131 0.915059 -0.650643
v 1.500103 1.136105 -0.667594
v 1.512701 1.135610 -0.651432
v 1.465131 0.915059 -0.650643
v 1.439428 0.919419 -0.651092
v 1.479897 1.139533 -0.667947
v 1.500103 1.136105 -0.667594
v 1.439428 0.919419 -0.651092
v 1.423403 0.924227 -0.631094
v 1.467299 1.143313 -0.652225
v 1.479897 1.139533 -0.667947
v 1.423403 0.924227 -0.631094
v 1.429122 0.925862 -0.605708
v 1.471795 1.144598 -0.632268
v 1.467299 1.143313 -0.652225
v 1.429122 0.925862 -0.605708
v 1.452280 0.923092 -0.594049
v 1.490000 1.142420 -0.623103
v 1.471795 1.144598 -0.632268
v 1.452280 0.920013 -0.623939
v 1.452280 0.923092 -0.594049
v 1.475438 0.918004 -0.604898
v 1.475438 0.918004 -0.604898
v 1.481157 0.914429 -0.630085
v 1.481157 0.914429 -0.630085
v 1.465131 0.915059 -0.650643
v 1.465131 0.915059 -0.650643
v 1.439428 0.919419 -0.651092
v 1.439428 0.919419 -0.651092
v 1.423403 0.924227 -0.631094
v 1.423403 0.924227 -0.631094
v 1.429122 0.925862 -0.605708
v 1.429122 0.925862 -0.605708
v 1.452280 0.923092 -0.594049
v 1.490000 1.140000 -0.646600
v 1.490000 1.142420 -0.623103
v 1.508205 1.138420 -0.631632
v 1.508205 1.138420 -0.631632
v 1.512701 1.135610 -0.651432
v 1.512701 1.135610 -0.651432
v 1.500103 1.136105 -0.667594
v 1.500103 1.136105 -0.667594
v 1.479897 1.139533 -0.667947
v 1.479897 1.139533 -0.667947
v 1.467299 1.143313 -0.652225
v 1.467299 1.143313 -0.652225
v 1.471795 1.144598 -0.632268
v 1.471795 1.144598 -0.632268
v 1.490000 1.142420 -0.623103
v -2.150000 0.070000 0.000000
v -1.550000 0.070000 0.000000
v -1.550000 0.219600 0.254865
v -2.150000 0.153600 0.069716
v -2.150000 0.153600 0.069716
v -1.550000 0.219600 0.254865
v -1.550000 0.070000 0.000000
v -2.150000 0.070000 0.000000
v -2.150000 0.153600 0.069716
v -1.550000 0.219600 0.254865
v -1.550000 0.382800 0.444772
v -2.150000 0.244800 0.111193
v -2.150000 0.244800 0.111193
v -1.550000 0.382800 0.444772
v -1.550000 0.219600 0.254865
v -2.150000 0.153600 0.069716
v -2.150000 0.244800 0.111193
v -1.550000 0.382800 0.444772
v -1.550000 0.546000 0.586196
v -2.150000 0.336000 0.152549
v -2.150000 0.336000 0.152549
v -1.550000 0.546000 0.586196
v -1.550000 0.382800 0.444772
v -2.150000 0.244800 0.111193
v -2.150000 0.336000 0.152549
v -1.550000 0.546000 0.586196
v -1.550000 0.750000 0.640000
v -2.150000 0.450000 0.160000
v -2.150000 0.450000 0.160000
v -1.550000 0.750000 0.640000
v -1.550000 0.546000 0.586196
v -2.150000 0.336000 0.152549
v -1.550000 0.070000 0.000000
v -0.820000 0.070000 0.000000
v -0.820000 0.250400 0.370583
v -1.550000 0.219600 0.254865
v -1.550000 0.219600 0.254865
v -0.820000 0.250400 0.370583
v -0.820000 0.070000 0.000000
v -1.550000 0.070000 0.000000
v -1.550000 0.219600 0.254865
v -0.820000 0.250400 0.370583
v -0.820000 0.447200 0.653259
v -1.550000 0.382800 0.444772
v -1.550000 0.382800 0.444772
v -0.820000 0.447200 0.653259
v -0.820000 0.250400 0.370583
v -1.550000 0.219600 0.254865
v -1.550000 0.382800 0.444772
v -0.820000 0.447200 0.653259
v -0.820000 0.644000 0.857226
v -1.550000 0.546000 0.586196
v -1.550000 0.546000 0.586196
v -0.820000 0.644000 0.857226
v -0.820000 0.447200 0.653259
v -1.550000 0.382800 0.444772
v -0.820000 0.070000 0.000000
v 0.000000 0.070000 0.000000
v 0.000000 0.259200 0.409156
v -0.820000 0.250400 0.370583
v -0.820000 0.250400 0.370583
v 0.000000 0.259200 0.409156
v 0.000000 0.070000 0.000000
v -0.820000 0.070000 0.000000
v -0.820000 0.250400 0.370583
v 0.000000 0.259200 0.409156
v 0.000000 0.465600 0.722755
v -0.820000 0.447200 0.653259
v -0.820000 0.447200 0.653259
v 0.000000 0.465600 0.722755
v 0.000000 0.259200 0.409156
v -0.820000 0.250400 0.370583
v -0.820000 0.447200 0.653259
v 0.000000 0.465600 0.722755
v 0.000000 0.672000 0.947569
v -0.820000 0.644000 0.857226
v -0.820000 0.644000 0.857226
v 0.000000 0.672000 0.947569
v 0.000000 0.465600 0.722755
v -0.820000 0.447200 0.653259
v -0.820000 0.644000 0.857226
v 0.000000 0.672000 0.947569
v 0.000000 0.930000 1.040000
v -0.820000 0.890000 0.940000
v -0.820000 0.890000 0.940000
v 0.000000 0.930000 1.040000
v 0.000000 0.672000 0.947569
v -0.820000 0.644000 0.857226
v 0.000000 0.070000 0.000000
v 0.780000 0.070000 0.000000
v 0.780000 0.241600 0.366726
v 0.000000 0.259200 0.409156
v 0.000000 0.259200 0.409156
v 0.780000 0.241600 0.366726
v 0.780000 0.070000 0.000000
v 0.000000 0.070000 0.000000
v 0.000000 0.259200 0.409156
v 0.780000 0.241600 0.366726
v 0.780000 0.428800 0.646309
v 0.000000 0.465600 0.722755
v 0.000000 0.465600 0.722755
v 0.780000 0.428800 0.646309
v 0.780000 0.241600 0.366726
v 0.000000 0.259200 0.409156
v 0.000000 0.465600 0.722755
v 0.780000 0.428800 0.646309
v 0.780000 0.616000 0.848191
v 0.000000 0.672000 0.947569
v 0.000000 0.672000 0.947569
v 0.780000 0.616000 0.848191
v 0.780000 0.428800 0.646309
v 0.000000 0.465600 0.722755
v 0.000000 0.672000 0.947569
v 0.780000 0.616000 0.848191
v 0.780000 0.850000 0.930000
v 0.000000 0.930000 1.040000
v 0.000000 0.930000 1.040000
v 0.780000 0.850000 0.930000
v 0.780000 0.616000 0.848191
v 0.000000 0.672000 0.947569
v 0.780000 0.070000 0.000000
v 1.430000 0.070000 0.000000
v 1.430000 0.204200 0.243294
v 0.780000 0.241600 0.366726
v 0.780000 0.241600 0.366726
v 1.430000 0.204200 0.243294
v 1.430000 0.070000 0.000000
v 0.780000 0.070000 0.000000
v 0.780000 0.241600 0.366726
v 1.430000 0.204200 0.243294
v 1.430000 0.350600 0.423923
v 0.780000 0.428800 0.646309
v 0.780000 0.428800 0.646309
v 1.430000 0.350600 0.423923
v 1.430000 0.204200 0.243294
v 0.780000 0.241600 0.366726
v 0.780000 0.428800 0.646309
v 1.430000 0.350600 0.423923
v 1.430000 0.497000 0.559093
v 0.780000 0.616000 0.848191
v 0.780000 0.616000 0.848191
v 1.430000 0.497000 0.559093
v 1.430000 0.350600 0.423923
v 0.780000 0.428800 0.646309
v 0.780000 0.616000 0.848191
v 1.430000 0.497000 0.559093
v 1.430000 0.680000 0.610000
v 0.780000 0.850000 0.930000
v 0.780000 0.850000 0.930000
v 1.430000 0.680000 0.610000
v 1.430000 0.497000 0.559093
v 0.780000 0.616000 0.848191
v 1.430000 0.070000 0.000000
v 1.920000 0.070000 0.000000
v 1.920000 0.144800 0.085145
v 1.430000 0.204200 0.243294
v 1.430000 0.204200 0.243294
v 1.920000 0.144800 0.085145
v 1.920000 0.070000 0.000000
v 1.430000 0.070000 0.000000
v 1.430000 0.204200 0.243294
v 1.920000 0.144800 0.085145
v 1.920000 0.226400 0.138991
v 1.430000 0.350600 0.423923
v 1.430000 0.350600 0.423923
v 1.920000 0.226400 0.138991
v 1.920000 0.144800 0.085145
v 1.430000 0.204200 0.243294
v 1.430000 0.350600 0.423923
v 1.920000 0.226400 0.138991
v 1.920000 0.308000 0.188686
v 1.430000 0.497000 0.559093
v 1.430000 0.497000 0.559093
v 1.920000 0.308000 0.188686
v 1.920000 0.226400 0.138991
v 1.430000 0.350600 0.423923
v -1.526000 0.070000 0.000000
v -1.535036 0.086182 -0.009499
v -1.535036 0.235782 0.245367
v -1.526000 0.219600 0.254865
v -1.535036 0.086182 -0.009499
v -1.555341 0.090179 -0.011845
v -1.555341 0.239779 0.243021
v -1.535036 0.235782 0.245367
v -1.555341 0.090179 -0.011845
v -1.571623 0.078980 -0.005271
v -1.571623 0.228580 0.249594
v -1.555341 0.239779 0.243021
v -1.571623 0.078980 -0.005271
v -1.571623 0.061020 0.005271
v -1.571623 0.210620 0.260137
v -1.571623 0.228580 0.249594
v -1.571623 0.061020 0.005271
v -1.555341 0.049821 0.011845
v -1.555341 0.199421 0.266710
v -1.571623 0.210620 0.260137
v -1.555341 0.049821 0.011845
v -1.535036 0.053818 0.009499
v -1.535036 0.203418 0.264364
v -1.555341 0.199421 0.266710
v -1.535036 0.053818 0.009499
v -1.526000 0.070000 0.000000
v -1.526000 0.219600 0.254865
v -1.535036 0.203418 0.264364
v -1.550000 0.070000 0.000000
v -1.526000 0.070000 0.000000
v -1.535036 0.086182 -0.009499
v -1.535036 0.086182 -0.009499
v -1.555341 0.090179 -0.011845
v -1.555341 0.090179 -0.011845
v -1.571623 0.078980 -0.005271
v -1.571623 0.078980 -0.005271
v -1.571623 0.061020 0.005271
v -1.571623 0.061020 0.005271
v -1.555341 0.049821 0.011845
v -1.555341 0.049821 0.011845
v -1.535036 0.053818 0.009499
v -1.535036 0.053818 0.009499
v -1.526000 0.070000 0.000000
v -1.550000 0.219600 0.254865
v -1.526000 0.219600 0.254865
v -1.535036 0.235782 0.245367
v -1.535036 0.235782 0.245367
v -1.555341 0.239779 0.243021
v -1.555341 0.239779 0.243021
v -1.571623 0.228580 0.249594
v -1.571623 0.228580 0.249594
v -1.571623 0.210620 0.260137
v -1.571623 0.210620 0.260137
v -1.555341 0.199421 0.266710
v -1.555341 0.199421 0.266710
v -1.535036 0.203418 0.264364
v -1.535036 0.203418 0.264364
v -1.526000 0.219600 0.254865
v -1.526000 0.219600 0.254865
v -1.535036 0.233831 0.242636
v -1.535036 0.397031 0.432542
v -1.526000 0.382800 0.444772
v -1.535036 0.233831 0.242636
v -1.555341 0.237346 0.239615
v -1.555341 0.400546 0.429522
v -1.535036 0.397031 0.432542
v -1.555341 0.237346 0.239615
v -1.571623 0.227498 0.248078
v -1.571623 0.390698 0.437985
v -1.555341 0.400546 0.429522
v -1.571623 0.227498 0.248078
v -1.571623 0.211702 0.261652
v -1.571623 0.374902 0.451559
v -1.571623 0.390698 0.437985
v -1.571623 0.211702 0.261652
v -1.555341 0.201854 0.270116
v -1.555341 0.365054 0.460022
v -1.571623 0.374902 0.451559
v -1.555341 0.201854 0.270116
v -1.535036 0.205369 0.267095
v -1.535036 0.368569 0.457002
v -1.555341 0.365054 0.460022
v -1.535036 0.205369 0.267095
v -1.526000 0.219600 0.254865
v -1.526000 0.382800 0.444772
v -1.535036 0.368569 0.457002
v -1.550000 0.219600 0.254865
v -1.526000 0.219600 0.254865
v -1.535036 0.233831 0.242636
v -1.535036 0.233831 0.242636
v -1.555341 0.237346 0.239615
v -1.555341 0.237346 0.239615
v -1.571623 0.227498 0.248078
v -1.571623 0.227498 0.248078
v -1.571623 0.211702 0.261652
v -1.571623 0.211702 0.261652
v -1.555341 0.201854 0.270116
v -1.555341 0.201854 0.270116
v -1.535036 0.205369 0.267095
v -1.535036 0.205369 0.267095
v -1.526000 0.219600 0.254865
v -1.550000 0.382800 0.444772
v -1.526000 0.382800 0.444772
v -1.535036 0.397031 0.432542
v -1.535036 0.397031 0.432542
v -1.555341 0.400546 0.429522
v -1.555341 0.400546 0.429522
v -1.571623 0.390698 0.437985
v -1.571623 0.390698 0.437985
v -1.571623 0.374902 0.451559
v -1.571623 0.374902 0.451559
v -1.555341 0.365054 0.460022
v -1.555341 0.365054 0.460022
v -1.535036 0.368569 0.457002
v -1.535036 0.368569 0.457002
v -1.526000 0.382800 0.444772
v -1.526000 0.382800 0.444772
v -1.535036 0.395088 0.430592
v -1.535036 0.558288 0.572016
v -1.526000 0.546000 0.586196
v -1.535036 0.395088 0.430592
v -1.555341 0.398123 0.427089
v -1.555341 0.561323 0.568513
v -1.535036 0.558288 0.572016
v -1.555341 0.398123 0.427089
v -1.571623 0.389619 0.436903
v -1.571623 0.552819 0.578327
v -1.555341 0.561323 0.568513
v -1.571623 0.389619 0.436903
v -1.571623 0.375981 0.452642
v -1.571623 0.539181 0.594066
v -1.571623 0.552819 0.578327
v -1.571623 0.375981 0.452642
v -1.555341 0.367477 0.462455
v -1.555341 0.530677 0.603879
v -1.571623 0.539181 0.594066
v -1.555341 0.367477 0.462455
v -1.535036 0.370512 0.458952
v -1.535036 0.533712 0.600376
v -1.555341 0.530677 0.603879
v -1.535036 0.370512 0.458952
v -1.526000 0.382800 0.444772
v -1.526000 0.546000 0.586196
v -1.535036 0.533712 0.600376
v -1.550000 0.382800 0.444772
v -1.526000 0.382800 0.444772
v -1.535036 0.395088 0.430592
v -1.535036 0.395088 0.430592
v -1.555341 0.398123 0.427089
v -1.555341 0.398123 0.427089
v -1.571623 0.389619 0.436903
v -1.571623 0.389619 0.436903
v -1.571623 0.375981 0.452642
v -1.571623 0.375981 0.452642
v -1.555341 0.367477 0.462455
v -1.555341 0.367477 0.462455
v -1.535036 0.370512 0.458952
v -1.535036 0.370512 0.458952
v -1.526000 0.382800 0.444772
v -1.550000 0.546000 0.586196
v -1.526000 0.546000 0.586196
v -1.535036 0.558288 0.572016
v -1.535036 0.558288 0.572016
v -1.555341 0.561323 0.568513
v -1.555341 0.561323 0.568513
v -1.571623 0.552819 0.578327
v -1.571623 0.552819 0.578327
v -1.571623 0.539181 0.594066
v -1.571623 0.539181 0.594066
v -1.555341 0.530677 0.603879
v -1.555341 0.530677 0.603879
v -1.535036 0.533712 0.600376
v -1.535036 0.533712 0.600376
v -1.526000 0.546000 0.586196
v -1.550000 0.539879 0.609403
v -1.531236 0.542184 0.600665
v -1.531236 0.746184 0.654469
v -1.550000 0.743879 0.663206
v -1.531236 0.542184 0.600665
v -1.526602 0.547362 0.581032
v -1.526602 0.751362 0.634836
v -1.531236 0.746184 0.654469
v -1.526602 0.547362 0.581032
v -1.539587 0.551514 0.565288
v -1.539587 0.755514 0.619092
v -1.526602 0.751362 0.634836
v -1.539587 0.551514 0.565288
v -1.560413 0.551514 0.565288
v -1.560413 0.755514 0.619092
v -1.539587 0.755514 0.619092
v -1.560413 0.551514 0.565288
v -1.573398 0.547362 0.581032
v -1.573398 0.751362 0.634836
v -1.560413 0.755514 0.619092
v -1.573398 0.547362 0.581032
v -1.568764 0.542184 0.600665
v -1.568764 0.746184 0.654469
v -1.573398 0.751362 0.634836
v -1.568764 0.542184 0.600665
v -1.550000 0.539879 0.609403
v -1.550000 0.743879 0.663206
v -1.568764 0.746184 0.654469
v -1.550000 0.546000 0.586196
v -1.550000 0.539879 0.609403
v -1.531236 0.542184 0.600665
v -1.531236 0.542184 0.600665
v -1.526602 0.547362 0.581032
v -1.526602 0.547362 0.581032
v -1.539587 0.551514 0.565288
v -1.539587 0.551514 0.565288
v -1.560413 0.551514 0.565288
v -1.560413 0.551514 0.565288
v -1.573398 0.547362 0.581032
v -1.573398 0.547362 0.581032
v -1.568764 0.542184 0.600665
v -1.568764 0.542184 0.600665
v -1.550000 0.539879 0.609403
v -1.550000 0.750000 0.640000
v -1.550000 0.743879 0.663206
v -1.531236 0.746184 0.654469
v -1.531236 0.746184 0.654469
v -1.526602 0.751362 0.634836
v -1.526602 0.751362 0.634836
v -1.539587 0.755514 0.619092
v -1.539587 0.755514 0.619092
v -1.560413 0.755514 0.619092
v -1.560413 0.755514 0.619092
v -1.573398 0.751362 0.634836
v -1.573398 0.751362 0.634836
v -1.568764 0.746184 0.654469
v -1.568764 0.746184 0.654469
v -1.550000 0.743879 0.663206
v -1.550000 0.746905 0.669777
v -1.526740 0.750664 0.658835
v -1.558348 0.997366 0.681422
v -1.577818 0.994219 0.690581
v -1.526740 0.750664 0.658835
v -1.520995 0.753923 0.633710
v -1.553539 1.000094 0.660391
v -1.558348 0.997366 0.681422
v -1.520995 0.753923 0.633710
v -1.537091 0.754228 0.613321
v -1.567013 1.000349 0.643324
v -1.553539 1.000094 0.660391
v -1.537091 0.754228 0.613321
v -1.562909 0.751349 0.613022
v -1.588623 0.997940 0.643074
v -1.567013 1.000349 0.643324
v -1.562909 0.751349 0.613022
v -1.579005 0.747455 0.633038
v -1.602097 0.994679 0.659828
v -1.588623 0.997940 0.643074
v -1.579005 0.747455 0.633038
v -1.573260 0.745476 0.658296
v -1.597289 0.993024 0.680971
v -1.602097 0.994679 0.659828
v -1.573260 0.745476 0.658296
v -1.550000 0.746905 0.669777
v -1.577818 0.994219 0.690581
v -1.597289 0.993024 0.680971
v -1.550000 0.750000 0.640000
v -1.550000 0.746905 0.669777
v -1.526740 0.750664 0.658835
v -1.526740 0.750664 0.658835
v -1.520995 0.753923 0.633710
v -1.520995 0.753923 0.633710
v -1.537091 0.754228 0.613321
v -1.537091 0.754228 0.613321
v -1.562909 0.751349 0.613022
v -1.562909 0.751349 0.613022
v -1.579005 0.747455 0.633038
v -1.579005 0.747455 0.633038
v -1.573260 0.745476 0.658296
v -1.573260 0.745476 0.658296
v -1.550000 0.746905 0.669777
v -1.577818 0.996810 0.665656
v -1.577818 0.994219 0.690581
v -1.558348 0.997366 0.681422
v -1.558348 0.997366 0.681422
v -1.553539 1.000094 0.660391
v -1.553539 1.000094 0.660391
v -1.567013 1.000349 0.643324
v -1.567013 1.000349 0.643324
v -1.588623 0.997940 0.643074
v -1.588623 0.997940 0.643074
v -1.602097 0.994679 0.659828
v -1.602097 0.994679 0.659828
v -1.597289 0.993024 0.680971
v -1.597289 0.993024 0.680971
v -1.577818 0.994219 0.690581
v -1.577818 0.995377 0.689630
v -1.559251 0.998710 0.680771
v -1.589959 1.212050 0.694714
v -1.610000 1.208453 0.704276
v -1.559251 0.998710 0.680771
v -1.554665 1.000612 0.660529
v -1.585010 1.214103 0.672867
v -1.589959 1.212050 0.694714
v -1.554665 1.000612 0.660529
v -1.567514 0.999651 0.644149
v -1.598878 1.213067 0.655187
v -1.585010 1.214103 0.672867
v -1.567514 0.999651 0.644149
v -1.588122 0.996551 0.643963
v -1.621122 1.209721 0.654987
v -1.598878 1.213067 0.655187
v -1.588122 0.996551 0.643963
v -1.600972 0.993646 0.660113
v -1.634990 1.206585 0.672417
v -1.621122 1.209721 0.654987
v -1.600972 0.993646 0.660113
v -1.596386 0.993124 0.680437
v -1.630041 1.206021 0.694353
v -1.634990 1.206585 0.672417
v -1.596386 0.993124 0.680437
v -1.577818 0.995377 0.689630
v -1.610000 1.208453 0.704276
v -1.630041 1.206021 0.694353
v -1.577818 0.996810 0.665656
v -1.577818 0.995377 0.689630
v -1.559251 0.998710 0.680771
v -1.559251 0.998710 0.680771
v -1.554665 1.000612 0.660529
v -1.554665 1.000612 0.660529
v -1.567514 0.999651 0.644149
v -1.567514 0.999651 0.644149
v -1.588122 0.996551 0.643963
v -1.588122 0.996551 0.643963
v -1.600972 0.993646 0.660113
v -1.600972 0.993646 0.660113
v -1.596386 0.993124 0.680437
v -1.596386 0.993124 0.680437
v -1.577818 0.995377 0.689630
v -1.610000 1.210000 0.678400
v -1.610000 1.208453 0.704276
v -1.589959 1.212050 0.694714
v -1.589959 1.212050 0.694714
v -1.585010 1.214103 0.672867
v -1.585010 1.214103 0.672867
v -1.598878 1.213067 0.655187
v -1.598878 1.213067 0.655187
v -1.621122 1.209721 0.654987
v -1.621122 1.209721 0.654987
v -1.634990 1.206585 0.672417
v -1.634990 1.206585 0.672417
v -1.630041 1.206021 0.694353
v -1.630041 1.206021 0.694353
v -1.610000 1.208453 0.704276
v -0.796000 0.070000 0.000000
v -0.805036 0.086871 -0.008213
v -0.805036 0.267271 0.362371
v -0.796000 0.250400 0.370583
v -0.805036 0.086871 -0.008213
v -0.825341 0.091038 -0.010241
v -0.825341 0.271438 0.360342
v -0.805036 0.267271 0.362371
v -0.825341 0.091038 -0.010241
v -0.841623 0.079363 -0.004558
v -0.841623 0.259763 0.366026
v -0.825341 0.271438 0.360342
v -0.841623 0.079363 -0.004558
v -0.841623 0.060637 0.004558
v -0.841623 0.241037 0.375141
v -0.841623 0.259763 0.366026
v -0.841623 0.060637 0.004558
v -0.825341 0.048962 0.010241
v -0.825341 0.229362 0.380825
v -0.841623 0.241037 0.375141
v -0.825341 0.048962 0.010241
v -0.805036 0.053129 0.008213
v -0.805036 0.233529 0.378796
v -0.825341 0.229362 0.380825
v -0.805036 0.053129 0.008213
v -0.796000 0.070000 0.000000
v -0.796000 0.250400 0.370583
v -0.805036 0.233529 0.378796
v -0.820000 0.070000 0.000000
v -0.796000 0.070000 0.000000
v -0.805036 0.086871 -0.008213
v -0.805036 0.086871 -0.008213
v -0.825341 0.091038 -0.010241
v -0.825341 0.091038 -0.010241
v -0.841623 0.079363 -0.004558
v -0.841623 0.079363 -0.004558
v -0.841623 0.060637 0.004558
v -0.841623 0.060637 0.004558
v -0.825341 0.048962 0.010241
v -0.825341 0.048962 0.010241
v -0.805036 0.053129 0.008213
v -0.805036 0.053129 0.008213
v -0.796000 0.070000 0.000000
v -0.820000 0.250400 0.370583
v -0.796000 0.250400 0.370583
v -0.805036 0.267271 0.362371
v -0.805036 0.267271 0.362371
v -0.825341 0.271438 0.360342
v -0.825341 0.271438 0.360342
v -0.841623 0.259763 0.366026
v -0.841623 0.259763 0.366026
v -0.841623 0.241037 0.375141
v -0.841623 0.241037 0.375141
v -0.825341 0.229362 0.380825
v -0.825341 0.229362 0.380825
v -0.805036 0.233529 0.378796
v -0.805036 0.233529 0.378796
v -0.796000 0.250400 0.370583
v -0.796000 0.250400 0.370583
v -0.805036 0.265799 0.359862
v -0.805036 0.462599 0.642538
v -0.796000 0.447200 0.653259
v -0.805036 0.265799 0.359862
v -0.825341 0.269603 0.357214
v -0.825341 0.466403 0.639890
v -0.805036 0.462599 0.642538
v -0.825341 0.269603 0.357214
v -0.841623 0.258946 0.364634
v -0.841623 0.455746 0.647309
v -0.825341 0.466403 0.639890
v -0.841623 0.258946 0.364634
v -0.841623 0.241854 0.376533
v -0.841623 0.438654 0.659209
v -0.841623 0.455746 0.647309
v -0.841623 0.241854 0.376533
v -0.825341 0.231197 0.383953
v -0.825341 0.427997 0.666628
v -0.841623 0.438654 0.659209
v -0.825341 0.231197 0.383953
v -0.805036 0.235001 0.381305
v -0.805036 0.431801 0.663980
v -0.825341 0.427997 0.666628
v -0.805036 0.235001 0.381305
v -0.796000 0.250400 0.370583
v -0.796000 0.447200 0.653259
v -0.805036 0.431801 0.663980
v -0.820000 0.250400 0.370583
v -0.796000 0.250400 0.370583
v -0.805036 0.265799 0.359862
v -0.805036 0.265799 0.359862
v -0.825341 0.269603 0.357214
v -0.825341 0.269603 0.357214
v -0.841623 0.258946 0.364634
v -0.841623 0.258946 0.364634
v -0.841623 0.241854 0.376533
v -0.841623 0.241854 0.376533
v -0.825341 0.231197 0.383953
v -0.825341 0.231197 0.383953
v -0.805036 0.235001 0.381305
v -0.805036 0.235001 0.381305
v -0.796000 0.250400 0.370583
v -0.820000 0.447200 0.653259
v -0.796000 0.447200 0.653259
v -0.805036 0.462599 0.642538
v -0.805036 0.462599 0.642538
v -0.825341 0.466403 0.639890
v -0.825341 0.466403 0.639890
v -0.841623 0.455746 0.647309
v -0.841623 0.455746 0.647309
v -0.841623 0.438654 0.659209
v -0.841623 0.438654 0.659209
v -0.825341 0.427997 0.666628
v -0.825341 0.427997 0.666628
v -0.805036 0.431801 0.663980
v -0.805036 0.431801 0.663980
v -0.796000 0.447200 0.653259
v -0.796000 0.447200 0.653259
v -0.805036 0.460703 0.640230
v -0.805036 0.657503 0.844197
v -0.796000 0.644000 0.857226
v -0.805036 0.460703 0.640230
v -0.825341 0.464038 0.637012
v -0.825341 0.660838 0.840979
v -0.805036 0.657503 0.844197
v -0.825341 0.464038 0.637012
v -0.841623 0.454694 0.646029
v -0.841623 0.651494 0.849995
v -0.825341 0.660838 0.840979
v -0.841623 0.454694 0.646029
v -0.841623 0.439706 0.660489
v -0.841623 0.636506 0.864456
v -0.841623 0.651494 0.849995
v -0.841623 0.439706 0.660489
v -0.825341 0.430362 0.669506
v -0.825341 0.627162 0.873472
v -0.841623 0.636506 0.864456
v -0.825341 0.430362 0.669506
v -0.805036 0.433697 0.666288
v -0.805036 0.630497 0.870254
v -0.825341 0.627162 0.873472
v -0.805036 0.433697 0.666288
v -0.796000 0.447200 0.653259
v -0.796000 0.644000 0.857226
v -0.805036 0.630497 0.870254
v -0.820000 0.447200 0.653259
v -0.796000 0.447200 0.653259
v -0.805036 0.460703 0.640230
v -0.805036 0.460703 0.640230
v -0.825341 0.464038 0.637012
v -0.825341 0.464038 0.637012
v -0.841623 0.454694 0.646029
v -0.841623 0.454694 0.646029
v -0.841623 0.439706 0.660489
v -0.841623 0.439706 0.660489
v -0.825341 0.430362 0.669506
v -0.825341 0.430362 0.669506
v -0.805036 0.433697 0.666288
v -0.805036 0.433697 0.666288
v -0.796000 0.447200 0.653259
v -0.820000 0.644000 0.857226
v -0.796000 0.644000 0.857226
v -0.805036 0.657503 0.844197
v -0.805036 0.657503 0.844197
v -0.825341 0.660838 0.840979
v -0.825341 0.660838 0.840979
v -0.841623 0.651494 0.849995
v -0.841623 0.651494 0.849995
v -0.841623 0.636506 0.864456
v -0.841623 0.636506 0.864456
v -0.825341 0.627162 0.873472
v -0.825341 0.627162 0.873472
v -0.805036 0.630497 0.870254
v -0.805036 0.630497 0.870254
v -0.796000 0.644000 0.857226
v -0.820000 0.636346 0.879972
v -0.801236 0.639228 0.871408
v -0.801236 0.885228 0.954182
v -0.820000 0.882346 0.962747
v -0.801236 0.639228 0.871408
v -0.796602 0.645703 0.852164
v -0.796602 0.891703 0.934938
v -0.801236 0.885228 0.954182
v -0.796602 0.645703 0.852164
v -0.809587 0.650896 0.836731
v -0.809587 0.896896 0.919506
v -0.796602 0.891703 0.934938
v -0.809587 0.650896 0.836731
v -0.830413 0.650896 0.836731
v -0.830413 0.896896 0.919506
v -0.809587 0.896896 0.919506
v -0.830413 0.650896 0.836731
v -0.843398 0.645703 0.852164
v -0.843398 0.891703 0.934938
v -0.830413 0.896896 0.919506
v -0.843398 0.645703 0.852164
v -0.838764 0.639228 0.871408
v -0.838764 0.885228 0.954182
v -0.843398 0.891703 0.934938
v -0.838764 0.639228 0.871408
v -0.820000 0.636346 0.879972
v -0.820000 0.882346 0.962747
v -0.838764 0.885228 0.954182
v -0.820000 0.644000 0.857226
v -0.820000 0.636346 0.879972
v -0.801236 0.639228 0.871408
v -0.801236 0.639228 0.871408
v -0.796602 0.645703 0.852164
v -0.796602 0.645703 0.852164
v -0.809587 0.650896 0.836731
v -0.809587 0.650896 0.836731
v -0.830413 0.650896 0.836731
v -0.830413 0.650896 0.836731
v -0.843398 0.645703 0.852164
v -0.843398 0.645703 0.852164
v -0.838764 0.639228 0.871408
v -0.838764 0.639228 0.871408
v -0.820000 0.636346 0.879972
v -0.820000 0.890000 0.940000
v -0.820000 0.882346 0.962747
v -0.801236 0.885228 0.954182
v -0.801236 0.885228 0.954182
v -0.796602 0.891703 0.934938
v -0.796602 0.891703 0.934938
v -0.809587 0.896896 0.919506
v -0.809587 0.896896 0.919506
v -0.830413 0.896896 0.919506
v -0.830413 0.896896 0.919506
v -0.843398 0.891703 0.934938
v -0.843398 0.891703 0.934938
v -0.838764 0.885228 0.954182
v -0.838764 0.885228 0.954182
v -0.820000 0.882346 0.962747
v 0.024000 0.070000 0.000000
v 0.014964 0.087031 -0.007875
v 0.014964 0.276231 0.401281
v 0.024000 0.259200 0.409156
v 0.014964 0.087031 -0.007875
v -0.005341 0.091238 -0.009821
v -0.005341 0.280438 0.399336
v 0.014964 0.276231 0.401281
v -0.005341 0.091238 -0.009821
v -0.021623 0.079452 -0.004371
v -0.021623 0.268652 0.404786
v -0.005341 0.280438 0.399336
v -0.021623 0.079452 -0.004371
v -0.021623 0.060548 0.004371
v -0.021623 0.249748 0.413527
v -0.021623 0.268652 0.404786
v -0.021623 0.060548 0.004371
v -0.005341 0.048762 0.009821
v -0.005341 0.237962 0.418977
v -0.021623 0.249748 0.413527
v -0.005341 0.048762 0.009821
v 0.014964 0.052969 0.007875
v 0.014964 0.242169 0.417032
v -0.005341 0.237962 0.418977
v 0.014964 0.052969 0.007875
v 0.024000 0.070000 0.000000
v 0.024000 0.259200 0.409156
v 0.014964 0.242169 0.417032
v 0.000000 0.070000 0.000000
v 0.024000 0.070000 0.000000
v 0.014964 0.087031 -0.007875
v 0.014964 0.087031 -0.007875
v -0.005341 0.091238 -0.009821
v -0.005341 0.091238 -0.009821
v -0.021623 0.079452 -0.004371
v -0.021623 0.079452 -0.004371
v -0.021623 0.060548 0.004371
v -0.021623 0.060548 0.004371
v -0.005341 0.048762 0.009821
v -0.005341 0.048762 0.009821
v 0.014964 0.052969 0.007875
v 0.014964 0.052969 0.007875
v 0.024000 0.070000 0.000000
v 0.000000 0.259200 0.409156
v 0.024000 0.259200 0.409156
v 0.014964 0.276231 0.401281
v 0.014964 0.276231 0.401281
v -0.005341 0.280438 0.399336
v -0.005341 0.280438 0.399336
v -0.021623 0.268652 0.404786
v -0.021623 0.268652 0.404786
v -0.021623 0.249748 0.413527
v -0.021623 0.249748 0.413527
v -0.005341 0.237962 0.418977
v -0.005341 0.237962 0.418977
v 0.014964 0.242169 0.417032
v 0.014964 0.242169 0.417032
v 0.024000 0.259200 0.409156
v 0.024000 0.259200 0.409156
v 0.014964 0.274874 0.398840
v 0.014964 0.481274 0.712439
v 0.024000 0.465600 0.722755
v 0.014964 0.274874 0.398840
v -0.005341 0.278745 0.396292
v -0.005341 0.485145 0.709891
v 0.014964 0.481274 0.712439
v -0.005341 0.278745 0.396292
v -0.021623 0.267898 0.403431
v -0.021623 0.474298 0.717030
v -0.005341 0.485145 0.709891
v -0.021623 0.267898 0.403431
v -0.021623 0.250502 0.414881
v -0.021623 0.456902 0.728480
v -0.021623 0.474298 0.717030
v -0.021623 0.250502 0.414881
v -0.005341 0.239655 0.422020
v -0.005341 0.446055 0.735618
v -0.021623 0.456902 0.728480
v -0.005341 0.239655 0.422020
v 0.014964 0.243526 0.419472
v 0.014964 0.449926 0.733071
v -0.005341 0.446055 0.735618
v 0.014964 0.243526 0.419472
v 0.024000 0.259200 0.409156
v 0.024000 0.465600 0.722755
v 0.014964 0.449926 0.733071
v 0.000000 0.259200 0.409156
v 0.024000 0.259200 0.409156
v 0.014964 0.274874 0.398840
v 0.014964 0.274874 0.398840
v -0.005341 0.278745 0.396292
v -0.005341 0.278745 0.396292
v -0.021623 0.267898 0.403431
v -0.021623 0.267898 0.403431
v -0.021623 0.250502 0.414881
v -0.021623 0.250502 0.414881
v -0.005341 0.239655 0.422020
v -0.005341 0.239655 0.422020
v 0.014964 0.243526 0.419472
v 0.014964 0.243526 0.419472
v 0.024000 0.259200 0.409156
v 0.000000 0.465600 0.722755
v 0.024000 0.465600 0.722755
v 0.014964 0.481274 0.712439
v 0.014964 0.481274 0.712439
v -0.005341 0.485145 0.709891
v -0.005341 0.485145 0.709891
v -0.021623 0.474298 0.717030
v -0.021623 0.474298 0.717030
v -0.021623 0.456902 0.728480
v -0.021623 0.456902 0.728480
v -0.005341 0.446055 0.735618
v -0.005341 0.446055 0.735618
v 0.014964 0.449926 0.733071
v 0.014964 0.449926 0.733071
v 0.024000 0.465600 0.722755
v 0.024000 0.465600 0.722755
v 0.014964 0.479422 0.710065
v 0.014964 0.685822 0.934879
v 0.024000 0.672000 0.947569
v 0.014964 0.479422 0.710065
v -0.005341 0.482836 0.706931
v -0.005341 0.689236 0.931745
v 0.014964 0.685822 0.934879
v -0.005341 0.482836 0.706931
v -0.021623 0.473271 0.715712
v -0.021623 0.679671 0.940526
v -0.005341 0.689236 0.931745
v -0.021623 0.473271 0.715712
v -0.021623 0.457929 0.729797
v -0.021623 0.664329 0.954611
v -0.021623 0.679671 0.940526
v -0.021623 0.457929 0.729797
v -0.005341 0.448364 0.738579
v -0.005341 0.654764 0.963393
v -0.021623 0.664329 0.954611
v -0.005341 0.448364 0.738579
v 0.014964 0.451778 0.735445
v 0.014964 0.658178 0.960259
v -0.005341 0.654764 0.963393
v 0.014964 0.451778 0.735445
v 0.024000 0.465600 0.722755
v 0.024000 0.672000 0.947569
v 0.014964 0.658178 0.960259
v 0.000000 0.465600 0.722755
v 0.024000 0.465600 0.722755
v 0.014964 0.479422 0.710065
v 0.014964 0.479422 0.710065
v -0.005341 0.482836 0.706931
v -0.005341 0.482836 0.706931
v -0.021623 0.473271 0.715712
v -0.021623 0.473271 0.715712
v -0.021623 0.457929 0.729797
v -0.021623 0.457929 0.729797
v -0.005341 0.448364 0.738579
v -0.005341 0.448364 0.738579
v 0.014964 0.451778 0.735445
v 0.014964 0.451778 0.735445
v 0.024000 0.465600 0.722755
v 0.000000 0.672000 0.947569
v 0.024000 0.672000 0.947569
v 0.014964 0.685822 0.934879
v 0.014964 0.685822 0.934879
v -0.005341 0.689236 0.931745
v -0.005341 0.689236 0.931745
v -0.021623 0.679671 0.940526
v -0.021623 0.679671 0.940526
v -0.021623 0.664329 0.954611
v -0.021623 0.664329 0.954611
v -0.005341 0.654764 0.963393
v -0.005341 0.654764 0.963393
v 0.014964 0.658178 0.960259
v 0.014964 0.658178 0.960259
v 0.024000 0.672000 0.947569
v 0.000000 0.663906 0.970162
v 0.018764 0.666953 0.961656
v 0.018764 0.924953 1.054087
v 0.000000 0.921906 1.062594
v 0.018764 0.666953 0.961656
v 0.023398 0.673801 0.942541
v 0.023398 0.931801 1.034972
v 0.018764 0.924953 1.054087
v 0.023398 0.673801 0.942541
v 0.010413 0.679293 0.927212
v 0.010413 0.937293 1.019644
v 0.023398 0.931801 1.034972
v 0.010413 0.679293 0.927212
v -0.010413 0.679293 0.927212
v -0.010413 0.937293 1.019644
v 0.010413 0.937293 1.019644
v -0.010413 0.679293 0.927212
v -0.023398 0.673801 0.942541
v -0.023398 0.931801 1.034972
v -0.010413 0.937293 1.019644
v -0.023398 0.673801 0.942541
v -0.018764 0.666953 0.961656
v -0.018764 0.924953 1.054087
v -0.023398 0.931801 1.034972
v -0.018764 0.666953 0.961656
v 0.000000 0.663906 0.970162
v 0.000000 0.921906 1.062594
v -0.018764 0.924953 1.054087
v 0.000000 0.672000 0.947569
v 0.000000 0.663906 0.970162
v 0.018764 0.666953 0.961656
v 0.018764 0.666953 0.961656
v 0.023398 0.673801 0.942541
v 0.023398 0.673801 0.942541
v 0.010413 0.679293 0.927212
v 0.010413 0.679293 0.927212
v -0.010413 0.679293 0.927212
v -0.010413 0.679293 0.927212
v -0.023398 0.673801 0.942541
v -0.023398 0.673801 0.942541
v -0.018764 0.666953 0.961656
v -0.018764 0.666953 0.961656
v 0.000000 0.663906 0.970162
v 0.000000 0.930000 1.040000
v 0.000000 0.921906 1.062594
v 0.018764 0.924953 1.054087
v 0.018764 0.924953 1.054087
v 0.023398 0.931801 1.034972
v 0.023398 0.931801 1.034972
v 0.010413 0.937293 1.019644
v 0.010413 0.937293 1.019644
v -0.010413 0.937293 1.019644
v -0.010413 0.937293 1.019644
v -0.023398 0.931801 1.034972
v -0.023398 0.931801 1.034972
v -0.018764 0.924953 1.054087
v -0.018764 0.924953 1.054087
v 0.000000 0.921906 1.062594
v 0.000000 0.925076 1.066269
v 0.020874 0.927864 1.056553
v 0.009130 1.168301 1.101131
v -0.011138 1.165593 1.110564
v 0.020874 0.927864 1.056553
v 0.026029 0.932261 1.034373
v 0.014136 1.172570 1.079594
v 0.009130 1.168301 1.101131
v 0.026029 0.932261 1.034373
v 0.011584 0.934955 1.016430
v 0.000110 1.175185 1.062171
v 0.014136 1.172570 1.079594
v 0.011584 0.934955 1.016430
v -0.011584 0.933918 1.016236
v -0.022386 1.174178 1.061983
v 0.000110 1.175185 1.062171
v -0.011584 0.933918 1.016236
v -0.026029 0.929931 1.033936
v -0.036412 1.170307 1.079170
v -0.022386 1.174178 1.061983
v -0.026029 0.929931 1.033936
v -0.020874 0.925996 1.056203
v -0.031406 1.166486 1.100791
v -0.036412 1.170307 1.079170
v -0.020874 0.925996 1.056203
v 0.000000 0.925076 1.066269
v -0.011138 1.165593 1.110564
v -0.031406 1.166486 1.100791
v 0.000000 0.930000 1.040000
v 0.000000 0.925076 1.066269
v 0.020874 0.927864 1.056553
v 0.020874 0.927864 1.056553
v 0.026029 0.932261 1.034373
v 0.026029 0.932261 1.034373
v 0.011584 0.934955 1.016430
v 0.011584 0.934955 1.016430
v -0.011584 0.933918 1.016236
v -0.011584 0.933918 1.016236
v -0.026029 0.929931 1.033936
v -0.026029 0.929931 1.033936
v -0.020874 0.925996 1.056203
v -0.020874 0.925996 1.056203
v 0.000000 0.925076 1.066269
v -0.011138 1.170374 1.085058
v -0.011138 1.165593 1.110564
v 0.009130 1.168301 1.101131
v 0.009130 1.168301 1.101131
v 0.014136 1.172570 1.079594
v 0.014136 1.172570 1.079594
v 0.000110 1.175185 1.062171
v 0.000110 1.175185 1.062171
v -0.022386 1.174178 1.061983
v -0.022386 1.174178 1.061983
v -0.036412 1.170307 1.079170
v -0.036412 1.170307 1.079170
v -0.031406 1.166486 1.100791
v -0.031406 1.166486 1.100791
v -0.011138 1.165593 1.110564
v -0.011138 1.168018 1.114904
v 0.012240 1.167727 1.103573
v 0.022269 1.387478 1.120038
v 0.000000 1.387755 1.130831
v 0.012240 1.167727 1.103573
v 0.018013 1.169430 1.078300
v 0.027769 1.389100 1.095963
v 0.022269 1.387478 1.120038
v 0.018013 1.169430 1.078300
v 0.001836 1.171844 1.058115
v 0.012358 1.391400 1.076736
v 0.027769 1.389100 1.095963
v 0.001836 1.171844 1.058115
v -0.024112 1.173152 1.058219
v -0.012358 1.392646 1.076834
v 0.012358 1.391400 1.076736
v -0.024112 1.173152 1.058219
v -0.040289 1.172368 1.078532
v -0.027769 1.391899 1.096184
v -0.012358 1.392646 1.076834
v -0.040289 1.172368 1.078532
v -0.034516 1.170083 1.103760
v -0.022269 1.389723 1.120215
v -0.027769 1.391899 1.096184
v -0.034516 1.170083 1.103760
v -0.011138 1.168018 1.114904
v 0.000000 1.387755 1.130831
v -0.022269 1.389723 1.120215
v -0.011138 1.170374 1.085058
v -0.011138 1.168018 1.114904
v 0.012240 1.167727 1.103573
v 0.012240 1.167727 1.103573
v 0.018013 1.169430 1.078300
v 0.018013 1.169430 1.078300
v 0.001836 1.171844 1.058115
v 0.001836 1.171844 1.058115
v -0.024112 1.173152 1.058219
v -0.024112 1.173152 1.058219
v -0.040289 1.172368 1.078532
v -0.040289 1.172368 1.078532
v -0.034516 1.170083 1.103760
v -0.034516 1.170083 1.103760
v -0.011138 1.168018 1.114904
v 0.000000 1.390000 1.102400
v 0.000000 1.387755 1.130831
v 0.022269 1.387478 1.120038
v 0.022269 1.387478 1.120038
v 0.027769 1.389100 1.095963
v 0.027769 1.389100 1.095963
v 0.012358 1.391400 1.076736
v 0.012358 1.391400 1.076736
v -0.012358 1.392646 1.076834
v -0.012358 1.392646 1.076834
v -0.027769 1.391899 1.096184
v -0.027769 1.391899 1.096184
v -0.022269 1.389723 1.120215
v -0.022269 1.389723 1.120215
v 0.000000 1.387755 1.130831
v 0.804000 0.070000 0.000000
v 0.794964 0.086995 -0.007953
v 0.794964 0.258595 0.358774
v 0.804000 0.241600 0.366726
v 0.794964 0.086995 -0.007953
v 0.774659 0.091193 -0.009917
v 0.774659 0.262793 0.356810
v 0.794964 0.258595 0.358774
v 0.774659 0.091193 -0.009917
v 0.758377 0.079432 -0.004413
v 0.758377 0.251032 0.362313
v 0.774659 0.262793 0.356810
v 0.758377 0.079432 -0.004413
v 0.758377 0.060568 0.004413
v 0.758377 0.232168 0.371140
v 0.758377 0.251032 0.362313
v 0.758377 0.060568 0.004413
v 0.774659 0.048807 0.009917
v 0.774659 0.220407 0.376643
v 0.758377 0.232168 0.371140
v 0.774659 0.048807 0.009917
v 0.794964 0.053005 0.007953
v 0.794964 0.224605 0.374679
v 0.774659 0.220407 0.376643
v 0.794964 0.053005 0.007953
v 0.804000 0.070000 0.000000
v 0.804000 0.241600 0.366726
v 0.794964 0.224605 0.374679
v 0.780000 0.070000 0.000000
v 0.804000 0.070000 0.000000
v 0.794964 0.086995 -0.007953
v 0.794964 0.086995 -0.007953
v 0.774659 0.091193 -0.009917
v 0.774659 0.091193 -0.009917
v 0.758377 0.079432 -0.004413
v 0.758377 0.079432 -0.004413
v 0.758377 0.060568 0.004413
v 0.758377 0.060568 0.004413
v 0.774659 0.048807 0.009917
v 0.774659 0.048807 0.009917
v 0.794964 0.053005 0.007953
v 0.794964 0.053005 0.007953
v 0.804000 0.070000 0.000000
v 0.780000 0.241600 0.366726
v 0.804000 0.241600 0.366726
v 0.794964 0.258595 0.358774
v 0.794964 0.258595 0.358774
v 0.774659 0.262793 0.356810
v 0.774659 0.262793 0.356810
v 0.758377 0.251032 0.362313
v 0.758377 0.251032 0.362313
v 0.758377 0.232168 0.371140
v 0.758377 0.232168 0.371140
v 0.774659 0.220407 0.376643
v 0.774659 0.220407 0.376643
v 0.794964 0.224605 0.374679
v 0.794964 0.224605 0.374679
v 0.804000 0.241600 0.366726
v 0.804000 0.241600 0.366726
v 0.794964 0.257192 0.356287
v 0.794964 0.444392 0.635870
v 0.804000 0.428800 0.646309
v 0.794964 0.257192 0.356287
v 0.774659 0.261042 0.353708
v 0.774659 0.448242 0.633291
v 0.794964 0.444392 0.635870
v 0.774659 0.261042 0.353708
v 0.758377 0.250253 0.360933
v 0.758377 0.437453 0.640516
v 0.774659 0.448242 0.633291
v 0.758377 0.250253 0.360933
v 0.758377 0.232947 0.372520
v 0.758377 0.420147 0.652103
v 0.758377 0.437453 0.640516
v 0.758377 0.232947 0.372520
v 0.774659 0.222158 0.379744
v 0.774659 0.409358 0.659328
v 0.758377 0.420147 0.652103
v 0.774659 0.222158 0.379744
v 0.794964 0.226008 0.377166
v 0.794964 0.413208 0.656749
v 0.774659 0.409358 0.659328
v 0.794964 0.226008 0.377166
v 0.804000 0.241600 0.366726
v 0.804000 0.428800 0.646309
v 0.794964 0.413208 0.656749
v 0.780000 0.241600 0.366726
v 0.804000 0.241600 0.366726
v 0.794964 0.257192 0.356287
v 0.794964 0.257192 0.356287
v 0.774659 0.261042 0.353708
v 0.774659 0.261042 0.353708
v 0.758377 0.250253 0.360933
v 0.758377 0.250253 0.360933
v 0.758377 0.232947 0.372520
v 0.758377 0.232947 0.372520
v 0.774659 0.222158 0.379744
v 0.774659 0.222158 0.379744
v 0.794964 0.226008 0.377166
v 0.794964 0.226008 0.377166
v 0.804000 0.241600 0.366726
v 0.780000 0.428800 0.646309
v 0.804000 0.428800 0.646309
v 0.794964 0.444392 0.635870
v 0.794964 0.444392 0.635870
v 0.774659 0.448242 0.633291
v 0.774659 0.448242 0.633291
v 0.758377 0.437453 0.640516
v 0.758377 0.437453 0.640516
v 0.758377 0.420147 0.652103
v 0.758377 0.420147 0.652103
v 0.774659 0.409358 0.659328
v 0.774659 0.409358 0.659328
v 0.794964 0.413208 0.656749
v 0.794964 0.413208 0.656749
v 0.804000 0.428800 0.646309
v 0.804000 0.428800 0.646309
v 0.794964 0.442559 0.633551
v 0.794964 0.629759 0.835433
v 0.804000 0.616000 0.848191
v 0.794964 0.442559 0.633551
v 0.774659 0.445957 0.630400
v 0.774659 0.633157 0.832282
v 0.794964 0.629759 0.835433
v 0.774659 0.445957 0.630400
v 0.758377 0.436436 0.639229
v 0.758377 0.623636 0.841111
v 0.774659 0.633157 0.832282
v 0.758377 0.436436 0.639229
v 0.758377 0.421164 0.653390
v 0.758377 0.608364 0.855272
v 0.758377 0.623636 0.841111
v 0.758377 0.421164 0.653390
v 0.774659 0.411643 0.662219
v 0.774659 0.598843 0.864101
v 0.758377 0.608364 0.855272
v 0.774659 0.411643 0.662219
v 0.794964 0.415041 0.659068
v 0.794964 0.602241 0.860950
v 0.774659 0.598843 0.864101
v 0.794964 0.415041 0.659068
v 0.804000 0.428800 0.646309
v 0.804000 0.616000 0.848191
v 0.794964 0.602241 0.860950
v 0.780000 0.428800 0.646309
v 0.804000 0.428800 0.646309
v 0.794964 0.442559 0.633551
v 0.794964 0.442559 0.633551
v 0.774659 0.445957 0.630400
v 0.774659 0.445957 0.630400
v 0.758377 0.436436 0.639229
v 0.758377 0.436436 0.639229
v 0.758377 0.421164 0.653390
v 0.758377 0.421164 0.653390
v 0.774659 0.411643 0.662219
v 0.774659 0.411643 0.662219
v 0.794964 0.415041 0.659068
v 0.794964 0.415041 0.659068
v 0.804000 0.428800 0.646309
v 0.780000 0.616000 0.848191
v 0.804000 0.616000 0.848191
v 0.794964 0.629759 0.835433
v 0.794964 0.629759 0.835433
v 0.774659 0.633157 0.832282
v 0.774659 0.633157 0.832282
v 0.758377 0.623636 0.841111
v 0.758377 0.623636 0.841111
v 0.758377 0.608364 0.855272
v 0.758377 0.608364 0.855272
v 0.774659 0.598843 0.864101
v 0.774659 0.598843 0.864101
v 0.794964 0.602241 0.860950
v 0.794964 0.602241 0.860950
v 0.804000 0.616000 0.848191
v 0.780000 0.608079 0.870847
v 0.798764 0.611062 0.862317
v 0.798764 0.845062 0.944125
v 0.780000 0.842079 0.952655
v 0.798764 0.611062 0.862317
v 0.803398 0.617762 0.843150
v 0.803398 0.851762 0.924959
v 0.798764 0.845062 0.944125
v 0.803398 0.617762 0.843150
v 0.790413 0.623136 0.827779
v 0.790413 0.857136 0.909588
v 0.803398 0.851762 0.924959
v 0.790413 0.623136 0.827779
v 0.769587 0.623136 0.827779
v 0.769587 0.857136 0.909588
v 0.790413 0.857136 0.909588
v 0.769587 0.623136 0.827779
v 0.756602 0.617762 0.843150
v 0.756602 0.851762 0.924959
v 0.769587 0.857136 0.909588
v 0.756602 0.617762 0.843150
v 0.761236 0.611062 0.862317
v 0.761236 0.845062 0.944125
v 0.756602 0.851762 0.924959
v 0.761236 0.611062 0.862317
v 0.780000 0.608079 0.870847
v 0.780000 0.842079 0.952655
v 0.761236 0.845062 0.944125
v 0.780000 0.616000 0.848191
v 0.780000 0.608079 0.870847
v 0.798764 0.611062 0.862317
v 0.798764 0.611062 0.862317
v 0.803398 0.617762 0.843150
v 0.803398 0.617762 0.843150
v 0.790413 0.623136 0.827779
v 0.790413 0.623136 0.827779
v 0.769587 0.623136 0.827779
v 0.769587 0.623136 0.827779
v 0.756602 0.617762 0.843150
v 0.756602 0.617762 0.843150
v 0.761236 0.611062 0.862317
v 0.761236 0.611062 0.862317
v 0.780000 0.608079 0.870847
v 0.780000 0.850000 0.930000
v 0.780000 0.842079 0.952655
v 0.798764 0.845062 0.944125
v 0.798764 0.845062 0.944125
v 0.803398 0.851762 0.924959
v 0.803398 0.851762 0.924959
v 0.790413 0.857136 0.909588
v 0.790413 0.857136 0.909588
v 0.769587 0.857136 0.909588
v 0.769587 0.857136 0.909588
v 0.756602 0.851762 0.924959
v 0.756602 0.851762 0.924959
v 0.761236 0.845062 0.944125
v 0.761236 0.845062 0.944125
v 0.780000 0.842079 0.952655
v 1.454000 0.070000 0.000000
v 1.444964 0.086430 -0.009063
v 1.444964 0.220630 0.234231
v 1.454000 0.204200 0.243294
v 1.444964 0.086430 -0.009063
v 1.424659 0.090488 -0.011301
v 1.424659 0.224688 0.231992
v 1.444964 0.220630 0.234231
v 1.424659 0.090488 -0.011301
v 1.408377 0.079118 -0.005029
v 1.408377 0.213318 0.238264
v 1.424659 0.224688 0.231992
v 1.408377 0.079118 -0.005029
v 1.408377 0.060882 0.005029
v 1.408377 0.195082 0.248323
v 1.408377 0.213318 0.238264
v 1.408377 0.060882 0.005029
v 1.424659 0.049512 0.011301
v 1.424659 0.183712 0.254595
v 1.408377 0.195082 0.248323
v 1.424659 0.049512 0.011301
v 1.444964 0.053570 0.009063
v 1.444964 0.187770 0.252356
v 1.424659 0.183712 0.254595
v 1.444964 0.053570 0.009063
v 1.454000 0.070000 0.000000
v 1.454000 0.204200 0.243294
v 1.444964 0.187770 0.252356
v 1.430000 0.070000 0.000000
v 1.454000 0.070000 0.000000
v 1.444964 0.086430 -0.009063
v 1.444964 0.086430 -0.009063
v 1.424659 0.090488 -0.011301
v 1.424659 0.090488 -0.011301
v 1.408377 0.079118 -0.005029
v 1.408377 0.079118 -0.005029
v 1.408377 0.060882 0.005029
v 1.408377 0.060882 0.005029
v 1.424659 0.049512 0.011301
v 1.424659 0.049512 0.011301
v 1.444964 0.053570 0.009063
v 1.444964 0.053570 0.009063
v 1.454000 0.070000 0.000000
v 1.430000 0.204200 0.243294
v 1.454000 0.204200 0.243294
v 1.444964 0.220630 0.234231
v 1.444964 0.220630 0.234231
v 1.424659 0.224688 0.231992
v 1.424659 0.224688 0.231992
v 1.408377 0.213318 0.238264
v 1.408377 0.213318 0.238264
v 1.408377 0.195082 0.248323
v 1.408377 0.195082 0.248323
v 1.424659 0.183712 0.254595
v 1.424659 0.183712 0.254595
v 1.444964 0.187770 0.252356
v 1.444964 0.187770 0.252356
v 1.454000 0.204200 0.243294
v 1.454000 0.204200 0.243294
v 1.444964 0.218777 0.231479
v 1.444964 0.365177 0.412109
v 1.454000 0.350600 0.423923
v 1.444964 0.218777 0.231479
v 1.424659 0.222378 0.228561
v 1.424659 0.368778 0.409191
v 1.444964 0.365177 0.412109
v 1.424659 0.222378 0.228561
v 1.408377 0.212290 0.236737
v 1.408377 0.358690 0.417367
v 1.424659 0.368778 0.409191
v 1.408377 0.212290 0.236737
v 1.408377 0.196110 0.249850
v 1.408377 0.342510 0.430480
v 1.408377 0.358690 0.417367
v 1.408377 0.196110 0.249850
v 1.424659 0.186022 0.258026
v 1.424659 0.332422 0.438656
v 1.408377 0.342510 0.430480
v 1.424659 0.186022 0.258026
v 1.444964 0.189623 0.255108
v 1.444964 0.336023 0.435738
v 1.424659 0.332422 0.438656
v 1.444964 0.189623 0.255108
v 1.454000 0.204200 0.243294
v 1.454000 0.350600 0.423923
v 1.444964 0.336023 0.435738
v 1.430000 0.204200 0.243294
v 1.454000 0.204200 0.243294
v 1.444964 0.218777 0.231479
v 1.444964 0.218777 0.231479
v 1.424659 0.222378 0.228561
v 1.424659 0.222378 0.228561
v 1.408377 0.212290 0.236737
v 1.408377 0.212290 0.236737
v 1.408377 0.196110 0.249850
v 1.408377 0.196110 0.249850
v 1.424659 0.186022 0.258026
v 1.424659 0.186022 0.258026
v 1.444964 0.189623 0.255108
v 1.444964 0.189623 0.255108
v 1.454000 0.204200 0.243294
v 1.430000 0.350600 0.423923
v 1.454000 0.350600 0.423923
v 1.444964 0.365177 0.412109
v 1.444964 0.365177 0.412109
v 1.424659 0.368778 0.409191
v 1.424659 0.368778 0.409191
v 1.408377 0.358690 0.417367
v 1.408377 0.358690 0.417367
v 1.408377 0.342510 0.430480
v 1.408377 0.342510 0.430480
v 1.424659 0.332422 0.438656
v 1.424659 0.332422 0.438656
v 1.444964 0.336023 0.435738
v 1.444964 0.336023 0.435738
v 1.454000 0.350600 0.423923
v 1.454000 0.350600 0.423923
v 1.444964 0.363329 0.410137
v 1.444964 0.509729 0.545307
v 1.454000 0.497000 0.559093
v 1.444964 0.363329 0.410137
v 1.424659 0.366473 0.406732
v 1.424659 0.512873 0.541902
v 1.444964 0.509729 0.545307
v 1.424659 0.366473 0.406732
v 1.408377 0.357664 0.416273
v 1.408377 0.504064 0.551442
v 1.424659 0.512873 0.541902
v 1.408377 0.357664 0.416273
v 1.408377 0.343536 0.431574
v 1.408377 0.489936 0.566744
v 1.408377 0.504064 0.551442
v 1.408377 0.343536 0.431574
v 1.424659 0.334727 0.441115
v 1.424659 0.481127 0.576284
v 1.408377 0.489936 0.566744
v 1.424659 0.334727 0.441115
v 1.444964 0.337871 0.437710
v 1.444964 0.484271 0.572880
v 1.424659 0.481127 0.576284
v 1.444964 0.337871 0.437710
v 1.454000 0.350600 0.423923
v 1.454000 0.497000 0.559093
v 1.444964 0.484271 0.572880
v 1.430000 0.350600 0.423923
v 1.454000 0.350600 0.423923
v 1.444964 0.363329 0.410137
v 1.444964 0.363329 0.410137
v 1.424659 0.366473 0.406732
v 1.424659 0.366473 0.406732
v 1.408377 0.357664 0.416273
v 1.408377 0.357664 0.416273
v 1.408377 0.343536 0.431574
v 1.408377 0.343536 0.431574
v 1.424659 0.334727 0.441115
v 1.424659 0.334727 0.441115
v 1.444964 0.337871 0.437710
v 1.444964 0.337871 0.437710
v 1.454000 0.350600 0.423923
v 1.430000 0.497000 0.559093
v 1.454000 0.497000 0.559093
v 1.444964 0.509729 0.545307
v 1.444964 0.509729 0.545307
v 1.424659 0.512873 0.541902
v 1.424659 0.512873 0.541902
v 1.408377 0.504064 0.551442
v 1.408377 0.504064 0.551442
v 1.408377 0.489936 0.566744
v 1.408377 0.489936 0.566744
v 1.424659 0.481127 0.576284
v 1.424659 0.481127 0.576284
v 1.444964 0.484271 0.572880
v 1.444964 0.484271 0.572880
v 1.454000 0.497000 0.559093
v 1.430000 0.490568 0.582215
v 1.448764 0.492990 0.573510
v 1.448764 0.675990 0.624416
v 1.430000 0.673568 0.633122
v 1.448764 0.492990 0.573510
v 1.453398 0.498431 0.553948
v 1.453398 0.681431 0.604855
v 1.448764 0.675990 0.624416
v 1.453398 0.498431 0.553948
v 1.440413 0.502795 0.538261
v 1.440413 0.685795 0.589168
v 1.453398 0.681431 0.604855
v 1.440413 0.502795 0.538261
v 1.419587 0.502795 0.538261
v 1.419587 0.685795 0.589168
v 1.440413 0.685795 0.589168
v 1.419587 0.502795 0.538261
v 1.406602 0.498431 0.553948
v 1.406602 0.681431 0.604855
v 1.419587 0.685795 0.589168
v 1.406602 0.498431 0.553948
v 1.411236 0.492990 0.573510
v 1.411236 0.675990 0.624416
v 1.406602 0.681431 0.604855
v 1.411236 0.492990 0.573510
v 1.430000 0.490568 0.582215
v 1.430000 0.673568 0.633122
v 1.411236 0.675990 0.624416
v 1.430000 0.497000 0.559093
v 1.430000 0.490568 0.582215
v 1.448764 0.492990 0.573510
v 1.448764 0.492990 0.573510
v 1.453398 0.498431 0.553948
v 1.453398 0.498431 0.553948
v 1.440413 0.502795 0.538261
v 1.440413 0.502795 0.538261
v 1.419587 0.502795 0.538261
v 1.419587 0.502795 0.538261
v 1.406602 0.498431 0.553948
v 1.406602 0.498431 0.553948
v 1.411236 0.492990 0.573510
v 1.411236 0.492990 0.573510
v 1.430000 0.490568 0.582215
v 1.430000 0.680000 0.610000
v 1.430000 0.673568 0.633122
v 1.448764 0.675990 0.624416
v 1.448764 0.675990 0.624416
v 1.453398 0.681431 0.604855
v 1.453398 0.681431 0.604855
v 1.440413 0.685795 0.589168
v 1.440413 0.685795 0.589168
v 1.419587 0.685795 0.589168
v 1.419587 0.685795 0.589168
v 1.406602 0.681431 0.604855
v 1.406602 0.681431 0.604855
v 1.411236 0.675990 0.624416
v 1.411236 0.675990 0.624416
v 1.430000 0.673568 0.633122
v 1.430000 0.677019 0.634514
v 1.449251 0.676679 0.625106
v 1.465812 0.891444 0.651231
v 1.446554 0.891784 0.660643
v 1.449251 0.676679 0.625106
v 1.454005 0.678840 0.604323
v 1.470569 0.893606 0.630440
v 1.465812 0.891444 0.651231
v 1.454005 0.678840 0.604323
v 1.440683 0.681875 0.587815
v 1.457242 0.896642 0.613925
v 1.470569 0.893606 0.630440
v 1.440683 0.681875 0.587815
v 1.419317 0.683498 0.588012
v 1.435866 0.898265 0.614123
v 1.457242 0.896642 0.613925
v 1.419317 0.683498 0.588012
v 1.405995 0.682487 0.604767
v 1.422539 0.897254 0.630884
v 1.435866 0.898265 0.614123
v 1.405995 0.682487 0.604767
v 1.410749 0.679603 0.625462
v 1.427296 0.894369 0.651587
v 1.422539 0.897254 0.630884
v 1.410749 0.679603 0.625462
v 1.430000 0.677019 0.634514
v 1.446554 0.891784 0.660643
v 1.427296 0.894369 0.651587
v 1.430000 0.680000 0.610000
v 1.430000 0.677019 0.634514
v 1.449251 0.676679 0.625106
v 1.449251 0.676679 0.625106
v 1.454005 0.678840 0.604323
v 1.454005 0.678840 0.604323
v 1.440683 0.681875 0.587815
v 1.440683 0.681875 0.587815
v 1.419317 0.683498 0.588012
v 1.419317 0.683498 0.588012
v 1.405995 0.682487 0.604767
v 1.405995 0.682487 0.604767
v 1.410749 0.679603 0.625462
v 1.410749 0.679603 0.625462
v 1.430000 0.677019 0.634514
v 1.446554 0.894766 0.636119
v 1.446554 0.891784 0.660643
v 1.465812 0.891444 0.651231
v 1.465812 0.891444 0.651231
v 1.470569 0.893606 0.630440
v 1.470569 0.893606 0.630440
v 1.457242 0.896642 0.613925
v 1.457242 0.896642 0.613925
v 1.435866 0.898265 0.614123
v 1.435866 0.898265 0.614123
v 1.422539 0.897254 0.630884
v 1.422539 0.897254 0.630884
v 1.427296 0.894369 0.651587
v 1.427296 0.894369 0.651587
v 1.446554 0.891784 0.660643
v 1.446554 0.893658 0.662046
v 1.466532 0.890542 0.652133
v 1.507612 1.136276 0.660718
v 1.490000 1.139023 0.669456
v 1.466532 0.890542 0.652133
v 1.471467 0.890607 0.630161
v 1.511962 1.136334 0.641348
v 1.507612 1.136276 0.660718
v 1.471467 0.890607 0.630161
v 1.457641 0.893804 0.612676
v 1.499774 1.139152 0.625933
v 1.511962 1.136334 0.641348
v 1.457641 0.893804 0.612676
v 1.435467 0.897725 0.612843
v 1.480226 1.142609 0.626081
v 1.499774 1.139152 0.625933
v 1.435467 0.897725 0.612843
v 1.421641 0.899418 0.630538
v 1.468038 1.144101 0.641680
v 1.480226 1.142609 0.626081
v 1.421641 0.899418 0.630538
v 1.426576 0.897608 0.652435
v 1.472388 1.142505 0.660984
v 1.468038 1.144101 0.641680
v 1.426576 0.897608 0.652435
v 1.446554 0.893658 0.662046
v 1.490000 1.139023 0.669456
v 1.472388 1.142505 0.660984
v 1.446554 0.894766 0.636119
v 1.446554 0.893658 0.662046
v 1.466532 0.890542 0.652133
v 1.466532 0.890542 0.652133
v 1.471467 0.890607 0.630161
v 1.471467 0.890607 0.630161
v 1.457641 0.893804 0.612676
v 1.457641 0.893804 0.612676
v 1.435467 0.897725 0.612843
v 1.435467 0.897725 0.612843
v 1.421641 0.899418 0.630538
v 1.421641 0.899418 0.630538
v 1.426576 0.897608 0.652435
v 1.426576 0.897608 0.652435
v 1.446554 0.893658 0.662046
v 1.490000 1.140000 0.646600
v 1.490000 1.139023 0.669456
v 1.507612 1.136276 0.660718
v 1.507612 1.136276 0.660718
v 1.511962 1.136334 0.641348
v 1.511962 1.136334 0.641348
v 1.499774 1.139152 0.625933
v 1.499774 1.139152 0.625933
v 1.480226 1.142609 0.626081
v 1.480226 1.142609 0.626081
v 1.468038 1.144101 0.641680
v 1.468038 1.144101 0.641680
v 1.472388 1.142505 0.660984
v 1.472388 1.142505 0.660984
v 1.490000 1.139023 0.669456
v -1.998581 0.080000 -0.055711
v -1.999326 0.115820 -0.042688
v -1.252705 0.120494 -0.018980
v -1.252042 0.088611 -0.030572
v -1.999326 0.115820 -0.042688
v -2.000386 0.134879 -0.009690
v -1.253648 0.137459 0.010391
v -1.252705 0.120494 -0.018980
v -2.000386 0.134879 -0.009690
v -2.001266 0.128260 0.027841
v -1.254431 0.131567 0.043798
v -1.253648 0.137459 0.010391
v -2.001266 0.128260 0.027841
v -2.001553 0.099059 0.052346
v -1.254687 0.105575 0.065609
v -1.254431 0.131567 0.043798
v -2.001553 0.099059 0.052346
v -2.001114 0.060941 0.052357
v -1.254296 0.071646 0.065619
v -1.254687 0.105575 0.065609
v -2.001114 0.060941 0.052357
v -2.000153 0.031740 0.027870
v -1.253441 0.045655 0.043823
v -1.254296 0.071646 0.065619
v -2.000153 0.031740 0.027870
v -1.999121 0.025121 -0.009658
v -1.252523 0.039763 0.010420
v -1.253441 0.045655 0.043823
v -1.999121 0.025121 -0.009658
v -1.998500 0.044180 -0.042667
v -1.251970 0.056728 -0.018961
v -1.252523 0.039763 0.010420
v -1.998500 0.044180 -0.042667
v -1.998581 0.080000 -0.055711
v -1.252042 0.088611 -0.030572
v -1.251970 0.056728 -0.018961
v -2.000000 0.080000 0.000000
v -1.998581 0.080000 -0.055711
v -1.999326 0.115820 -0.042688
v -1.999326 0.115820 -0.042688
v -2.000386 0.134879 -0.009690
v -2.000386 0.134879 -0.009690
v -2.001266 0.128260 0.027841
v -2.001266 0.128260 0.027841
v -2.001553 0.099059 0.052346
v -2.001553 0.099059 0.052346
v -2.001114 0.060941 0.052357
v -2.001114 0.060941 0.052357
v -2.000153 0.031740 0.027870
v -2.000153 0.031740 0.027870
v -1.999121 0.025121 -0.009658
v -1.999121 0.025121 -0.009658
v -1.998500 0.044180 -0.042667
v -1.998500 0.044180 -0.042667
v -1.998581 0.080000 -0.055711
v -1.253305 0.088611 0.019016
v -1.252042 0.088611 -0.030572
v -1.252705 0.120494 -0.018980
v -1.252705 0.120494 -0.018980
v -1.253648 0.137459 0.010391
v -1.253648 0.137459 0.010391
v -1.254431 0.131567 0.043798
v -1.254431 0.131567 0.043798
v -1.254687 0.105575 0.065609
v -1.254687 0.105575 0.065609
v -1.254296 0.071646 0.065619
v -1.254296 0.071646 0.065619
v -1.253441 0.045655 0.043823
v -1.253441 0.045655 0.043823
v -1.252523 0.039763 0.010420
v -1.252523 0.039763 0.010420
v -1.251970 0.056728 -0.018961
v -1.251970 0.056728 -0.018961
v -1.252042 0.088611 -0.030572
v -1.254582 0.088611 -0.031707
v -1.254360 0.121225 -0.019838
v -0.491521 0.120272 -0.035783
v -0.491725 0.090397 -0.046655
v -1.254360 0.121225 -0.019838
v -1.253644 0.138579 0.010211
v -0.490865 0.136169 -0.008258
v -0.491521 0.120272 -0.035783
v -1.253644 0.138579 0.010211
v -1.252769 0.132552 0.044381
v -0.490064 0.130648 0.023042
v -0.490865 0.136169 -0.008258
v -1.252769 0.132552 0.044381
v -1.252145 0.105965 0.066682
v -0.489493 0.106294 0.043470
v -0.490064 0.130648 0.023042
v -1.252145 0.105965 0.066682
v -1.252064 0.071257 0.066680
v -0.489418 0.074501 0.043468
v -0.489493 0.106294 0.043470
v -1.252064 0.071257 0.066680
v -1.252563 0.044669 0.044376
v -0.489876 0.050146 0.023037
v -0.489418 0.074501 0.043468
v -1.252563 0.044669 0.044376
v -1.253410 0.038642 0.010206
v -0.490651 0.044626 -0.008263
v -0.489876 0.050146 0.023037
v -1.253410 0.038642 0.010206
v -1.254207 0.055996 -0.019842
v -0.491382 0.060522 -0.035787
v -0.490651 0.044626 -0.008263
v -1.254207 0.055996 -0.019842
v -1.254582 0.088611 -0.031707
v -0.491725 0.090397 -0.046655
v -0.491382 0.060522 -0.035787
v -1.253305 0.088611 0.019016
v -1.254582 0.088611 -0.031707
v -1.254360 0.121225 -0.019838
v -1.254360 0.121225 -0.019838
v -1.253644 0.138579 0.010211
v -1.253644 0.138579 0.010211
v -1.252769 0.132552 0.044381
v -1.252769 0.132552 0.044381
v -1.252145 0.105965 0.066682
v -1.252145 0.105965 0.066682
v -1.252064 0.071257 0.066680
v -1.252064 0.071257 0.066680
v -1.252563 0.044669 0.044376
v -1.252563 0.044669 0.044376
v -1.253410 0.038642 0.010206
v -1.253410 0.038642 0.010206
v -1.254207 0.055996 -0.019842
v -1.254207 0.055996 -0.019842
v -1.254582 0.088611 -0.031707
v -0.490555 0.090397 -0.000192
v -0.491725 0.090397 -0.046655
v -0.491521 0.120272 -0.035783
v -0.491521 0.120272 -0.035783
v -0.490865 0.136169 -0.008258
v -0.490865 0.136169 -0.008258
v -0.490064 0.130648 0.023042
v -0.490064 0.130648 0.023042
v -0.489493 0.106294 0.043470
v -0.489493 0.106294 0.043470
v -0.489418 0.074501 0.043468
v -0.489418 0.074501 0.043468
v -0.489876 0.050146 0.023037
v -0.489876 0.050146 0.023037
v -0.490651 0.044626 -0.008263
v -0.490651 0.044626 -0.008263
v -0.491382 0.060522 -0.035787
v -0.491382 0.060522 -0.035787
v -0.491725 0.090397 -0.046655
v -0.489583 0.090397 -0.047018
v -0.490158 0.120500 -0.036070
v 0.249716 0.133994 -0.026614
v 0.250385 0.098942 -0.039362
v -0.490158 0.120500 -0.036070
v -0.490919 0.136518 -0.008335
v 0.248830 0.152644 0.005680
v 0.249716 0.133994 -0.026614
v -0.490919 0.136518 -0.008335
v -0.491509 0.130955 0.023211
v 0.248143 0.146167 0.042411
v 0.248830 0.152644 0.005680
v -0.491509 0.130955 0.023211
v -0.491653 0.106415 0.043805
v 0.247975 0.117592 0.066391
v 0.248143 0.146167 0.042411
v -0.491653 0.106415 0.043805
v -0.491283 0.074380 0.043813
v 0.248406 0.080291 0.066400
v 0.247975 0.117592 0.066391
v -0.491283 0.074380 0.043813
v -0.490573 0.049839 0.023230
v 0.249233 0.051716 0.042434
v 0.248406 0.080291 0.066400
v -0.490573 0.049839 0.023230
v -0.489854 0.044276 -0.008312
v 0.250070 0.045239 0.005706
v 0.249233 0.051716 0.042434
v -0.489854 0.044276 -0.008312
v -0.489463 0.060294 -0.036055
v 0.250525 0.063890 -0.026598
v 0.250070 0.045239 0.005706
v -0.489463 0.060294 -0.036055
v -0.489583 0.090397 -0.047018
v 0.250385 0.098942 -0.039362
v 0.250525 0.063890 -0.026598
v -0.490555 0.090397 -0.000192
v -0.489583 0.090397 -0.047018
v -0.490158 0.120500 -0.036070
v -0.490158 0.120500 -0.036070
v -0.490919 0.136518 -0.008335
v -0.490919 0.136518 -0.008335
v -0.491509 0.130955 0.023211
v -0.491509 0.130955 0.023211
v -0.491653 0.106415 0.043805
v -0.491653 0.106415 0.043805
v -0.491283 0.074380 0.043813
v -0.491283 0.074380 0.043813
v -0.490573 0.049839 0.023230
v -0.490573 0.049839 0.023230
v -0.489854 0.044276 -0.008312
v -0.489854 0.044276 -0.008312
v -0.489463 0.060294 -0.036055
v -0.489463 0.060294 -0.036055
v -0.489583 0.090397 -0.047018
v 0.249254 0.098942 0.015161
v 0.250385 0.098942 -0.039362
v 0.249716 0.133994 -0.026614
v 0.249716 0.133994 -0.026614
v 0.248830 0.152644 0.005680
v 0.248830 0.152644 0.005680
v 0.248143 0.146167 0.042411
v 0.248143 0.146167 0.042411
v 0.247975 0.117592 0.066391
v 0.247975 0.117592 0.066391
v 0.248406 0.080291 0.066400
v 0.248406 0.080291 0.066400
v 0.249233 0.051716 0.042434
v 0.249233 0.051716 0.042434
v 0.250070 0.045239 0.005706
v 0.250070 0.045239 0.005706
v 0.250525 0.063890 -0.026598
v 0.250525 0.063890 -0.026598
v 0.250385 0.098942 -0.039362
v 0.247185 0.098942 -0.030504
v 0.247476 0.128324 -0.019811
v 1.038823 0.131726 -0.053474
v 1.038551 0.104170 -0.063502
v 0.247476 0.128324 -0.019811
v 0.248598 0.143958 0.007245
v 1.039876 0.146388 -0.028100
v 1.038823 0.131726 -0.053474
v 0.248598 0.143958 0.007245
v 0.250027 0.138528 0.038005
v 1.041216 0.141296 0.000748
v 1.039876 0.146388 -0.028100
v 0.250027 0.138528 0.038005
v 0.251094 0.114576 0.058077
v 1.042217 0.118832 0.019572
v 1.041216 0.141296 0.000748
v 0.251094 0.114576 0.058077
v 0.251300 0.083308 0.058067
v 1.042410 0.089508 0.019563
v 1.042217 0.118832 0.019572
v 0.251300 0.083308 0.058067
v 0.250549 0.059355 0.037982
v 1.041705 0.067045 0.000726
v 1.042410 0.089508 0.019563
v 0.250549 0.059355 0.037982
v 0.249191 0.053925 0.007218
v 1.040432 0.061953 -0.028125
v 1.041705 0.067045 0.000726
v 0.249191 0.053925 0.007218
v 0.247863 0.069559 -0.019829
v 1.039187 0.076615 -0.053491
v 1.040432 0.061953 -0.028125
v 0.247863 0.069559 -0.019829
v 0.247185 0.098942 -0.030504
v 1.038551 0.104170 -0.063502
v 1.039187 0.076615 -0.053491
v 0.249254 0.098942 0.015161
v 0.247185 0.098942 -0.030504
v 0.247476 0.128324 -0.019811
v 0.247476 0.128324 -0.019811
v 0.248598 0.143958 0.007245
v 0.248598 0.143958 0.007245
v 0.250027 0.138528 0.038005
v 0.250027 0.138528 0.038005
v 0.251094 0.114576 0.058077
v 0.251094 0.114576 0.058077
v 0.251300 0.083308 0.058067
v 0.251300 0.083308 0.058067
v 0.250549 0.059355 0.037982
v 0.250549 0.059355 0.037982
v 0.249191 0.053925 0.007218
v 0.249191 0.053925 0.007218
v 0.247863 0.069559 -0.019829
v 0.247863 0.069559 -0.019829
v 0.247185 0.098942 -0.030504
v 1.040491 0.104170 -0.020676
v 1.038551 0.104170 -0.063502
v 1.038823 0.131726 -0.053474
v 1.038823 0.131726 -0.053474
v 1.039876 0.146388 -0.028100
v 1.039876 0.146388 -0.028100
v 1.041216 0.141296 0.000748
v 1.041216 0.141296 0.000748
v 1.042217 0.118832 0.019572
v 1.042217 0.118832 0.019572
v 1.042410 0.089508 0.019563
v 1.042410 0.089508 0.019563
v 1.041705 0.067045 0.000726
v 1.041705 0.067045 0.000726
v 1.040432 0.061953 -0.028125
v 1.040432 0.061953 -0.028125
v 1.039187 0.076615 -0.053491
v 1.039187 0.076615 -0.053491
v 1.038551 0.104170 -0.063502
v 1.041968 0.104170 -0.073496
v 1.042272 0.138130 -0.061120
v 1.781488 0.118361 -0.033778
v 1.781233 0.090000 -0.044113
v 1.042272 0.138130 -0.061120
v 1.041743 0.156199 -0.029820
v 1.781046 0.133452 -0.007637
v 1.781488 0.118361 -0.033778
v 1.041743 0.156199 -0.029820
v 1.040628 0.149924 0.005759
v 1.780115 0.128211 0.022077
v 1.781046 0.133452 -0.007637
v 1.040628 0.149924 0.005759
v 1.039449 0.122240 0.028969
v 1.779130 0.105091 0.041461
v 1.780115 0.128211 0.022077
v 1.039449 0.122240 0.028969
v 1.038757 0.086101 0.028949
v 1.778552 0.074909 0.041445
v 1.779130 0.105091 0.041461
v 1.038757 0.086101 0.028949
v 1.038876 0.058417 0.005710
v 1.778652 0.051789 0.022036
v 1.778552 0.074909 0.041445
v 1.038876 0.058417 0.005710
v 1.039751 0.052142 -0.029876
v 1.779382 0.046548 -0.007683
v 1.778652 0.051789 0.022036
v 1.039751 0.052142 -0.029876
v 1.040972 0.070211 -0.061157
v 1.780402 0.061639 -0.033808
v 1.779382 0.046548 -0.007683
v 1.040972 0.070211 -0.061157
v 1.041968 0.104170 -0.073496
v 1.781233 0.090000 -0.044113
v 1.780402 0.061639 -0.033808
v 1.040491 0.104170 -0.020676
v 1.041968 0.104170 -0.073496
v 1.042272 0.138130 -0.061120
v 1.042272 0.138130 -0.061120
v 1.041743 0.156199 -0.029820
v 1.041743 0.156199 -0.029820
v 1.040628 0.149924 0.005759
v 1.040628 0.149924 0.005759
v 1.039449 0.122240 0.028969
v 1.039449 0.122240 0.028969
v 1.038757 0.086101 0.028949
v 1.038757 0.086101 0.028949
v 1.038876 0.058417 0.005710
v 1.038876 0.058417 0.005710
v 1.039751 0.052142 -0.029876
v 1.039751 0.052142 -0.029876
v 1.040972 0.070211 -0.061157
v 1.040972 0.070211 -0.061157
v 1.041968 0.104170 -0.073496
v 1.780000 0.090000 0.000000
v 1.781233 0.090000 -0.044113
v 1.781488 0.118361 -0.033778
v 1.781488 0.118361 -0.033778
v 1.781046 0.133452 -0.007637
v 1.781046 0.133452 -0.007637
v 1.780115 0.128211 0.022077
v 1.780115 0.128211 0.022077
v 1.779130 0.105091 0.041461
v 1.779130 0.105091 0.041461
v 1.778552 0.074909 0.041445
v 1.778552 0.074909 0.041445
v 1.778652 0.051789 0.022036
v 1.778652 0.051789 0.022036
v 1.779382 0.046548 -0.007683
v 1.779382 0.046548 -0.007683
v 1.780402 0.061639 -0.033808
v 1.780402 0.061639 -0.033808
v 1.781233 0.090000 -0.044113
v -1.548956 0.660000 -0.658562
v -1.548668 0.687271 -0.647252
v -0.849121 0.669222 -0.625495
v -0.849379 0.644760 -0.635641
v -1.548668 0.687271 -0.647252
v -1.549161 0.698567 -0.619977
v -0.849563 0.679355 -0.601030
v -0.849121 0.669222 -0.625495
v -1.549161 0.698567 -0.619977
v -1.550145 0.687271 -0.592716
v -0.850446 0.669222 -0.576577
v -0.849563 0.679355 -0.601030
v -1.550145 0.687271 -0.592716
v -1.551044 0.660000 -0.581438
v -0.851253 0.644760 -0.566460
v -0.850446 0.669222 -0.576577
v -1.551044 0.660000 -0.581438
v -1.551332 0.632729 -0.592748
v -0.851511 0.620298 -0.576606
v -0.851253 0.644760 -0.566460
v -1.551332 0.632729 -0.592748
v -1.550839 0.621433 -0.620023
v -0.851069 0.610165 -0.601071
v -0.851511 0.620298 -0.576606
v -1.550839 0.621433 -0.620023
v -1.549855 0.632729 -0.647284
v -0.850186 0.620298 -0.625524
v -0.851069 0.610165 -0.601071
v -1.549855 0.632729 -0.647284
v -1.548956 0.660000 -0.658562
v -0.849379 0.644760 -0.635641
v -0.850186 0.620298 -0.625524
v -1.550000 0.660000 -0.620000
v -1.548956 0.660000 -0.658562
v -1.548668 0.687271 -0.647252
v -1.548668 0.687271 -0.647252
v -1.549161 0.698567 -0.619977
v -1.549161 0.698567 -0.619977
v -1.550145 0.687271 -0.592716
v -1.550145 0.687271 -0.592716
v -1.551044 0.660000 -0.581438
v -1.551044 0.660000 -0.581438
v -1.551332 0.632729 -0.592748
v -1.551332 0.632729 -0.592748
v -1.550839 0.621433 -0.620023
v -1.550839 0.621433 -0.620023
v -1.549855 0.632729 -0.647284
v -1.549855 0.632729 -0.647284
v -1.548956 0.660000 -0.658562
v -0.850316 0.644760 -0.601050
v -0.849379 0.644760 -0.635641
v -0.849121 0.669222 -0.625495
v -0.849121 0.669222 -0.625495
v -0.849563 0.679355 -0.601030
v -0.849563 0.679355 -0.601030
v -0.850446 0.669222 -0.576577
v -0.850446 0.669222 -0.576577
v -0.851253 0.644760 -0.566460
v -0.851253 0.644760 -0.566460
v -0.851511 0.620298 -0.576606
v -0.851511 0.620298 -0.576606
v -0.851069 0.610165 -0.601071
v -0.851069 0.610165 -0.601071
v -0.850186 0.620298 -0.625524
v -0.850186 0.620298 -0.625524
v -0.849379 0.644760 -0.635641
v -0.851650 0.644760 -0.636777
v -0.851074 0.670039 -0.626320
v -0.125204 0.664560 -0.653263
v -0.125777 0.639428 -0.663659
v -0.851074 0.670039 -0.626320
v -0.850054 0.680510 -0.601060
v -0.124190 0.674970 -0.628151
v -0.125204 0.664560 -0.653263
v -0.850054 0.680510 -0.601060
v -0.849188 0.670039 -0.575795
v -0.123329 0.664560 -0.603033
v -0.124190 0.674970 -0.628151
v -0.849188 0.670039 -0.575795
v -0.848983 0.644760 -0.565324
v -0.123125 0.639428 -0.592623
v -0.123329 0.664560 -0.603033
v -0.848983 0.644760 -0.565324
v -0.849559 0.619481 -0.575781
v -0.123698 0.614296 -0.603019
v -0.123125 0.639428 -0.592623
v -0.849559 0.619481 -0.575781
v -0.850578 0.609010 -0.601041
v -0.124712 0.603886 -0.628131
v -0.123698 0.614296 -0.603019
v -0.850578 0.609010 -0.601041
v -0.851444 0.619481 -0.626306
v -0.125573 0.614296 -0.653249
v -0.124712 0.603886 -0.628131
v -0.851444 0.619481 -0.626306
v -0.851650 0.644760 -0.636777
v -0.125777 0.639428 -0.663659
v -0.125573 0.614296 -0.653249
v -0.850316 0.644760 -0.601050
v -0.851650 0.644760 -0.636777
v -0.851074 0.670039 -0.626320
v -0.851074 0.670039 -0.626320
v -0.850054 0.680510 -0.601060
v -0.850054 0.680510 -0.601060
v -0.849188 0.670039 -0.575795
v -0.849188 0.670039 -0.575795
v -0.848983 0.644760 -0.565324
v -0.848983 0.644760 -0.565324
v -0.849559 0.619481 -0.575781
v -0.849559 0.619481 -0.575781
v -0.850578 0.609010 -0.601041
v -0.850578 0.609010 -0.601041
v -0.851444 0.619481 -0.626306
v -0.851444 0.619481 -0.626306
v -0.851650 0.644760 -0.636777
v -0.124451 0.639428 -0.628141
v -0.125777 0.639428 -0.663659
v -0.125204 0.664560 -0.653263
v -0.125204 0.664560 -0.653263
v -0.124190 0.674970 -0.628151
v -0.124190 0.674970 -0.628151
v -0.123329 0.664560 -0.603033
v -0.123329 0.664560 -0.603033
v -0.123125 0.639428 -0.592623
v -0.123125 0.639428 -0.592623
v -0.123698 0.614296 -0.603019
v -0.123698 0.614296 -0.603019
v -0.124712 0.603886 -0.628131
v -0.124712 0.603886 -0.628131
v -0.125573 0.614296 -0.653249
v -0.125573 0.614296 -0.653249
v -0.125777 0.639428 -0.663659
v -0.121645 0.639428 -0.665237
v -0.121050 0.665695 -0.654265
v 0.608252 0.625764 -0.598712
v 0.607666 0.599875 -0.609526
v -0.121050 0.665695 -0.654265
v -0.122448 0.676575 -0.627990
v 0.606874 0.636488 -0.572815
v 0.608252 0.625764 -0.598712
v -0.122448 0.676575 -0.627990
v -0.125019 0.665695 -0.601803
v 0.604340 0.625764 -0.547006
v 0.606874 0.636488 -0.572815
v -0.125019 0.665695 -0.601803
v -0.127257 0.639428 -0.591045
v 0.602134 0.599875 -0.536403
v 0.604340 0.625764 -0.547006
v -0.127257 0.639428 -0.591045
v -0.127852 0.613160 -0.602017
v 0.601548 0.573986 -0.547217
v 0.602134 0.599875 -0.536403
v -0.127852 0.613160 -0.602017
v -0.126454 0.602280 -0.628293
v 0.602926 0.563262 -0.573114
v 0.601548 0.573986 -0.547217
v -0.126454 0.602280 -0.628293
v -0.123883 0.613160 -0.654479
v 0.605460 0.573986 -0.598923
v 0.602926 0.563262 -0.573114
v -0.123883 0.613160 -0.654479
v -0.121645 0.639428 -0.665237
v 0.607666 0.599875 -0.609526
v 0.605460 0.573986 -0.598923
v -0.124451 0.639428 -0.628141
v -0.121645 0.639428 -0.665237
v -0.121050 0.665695 -0.654265
v -0.121050 0.665695 -0.654265
v -0.122448 0.676575 -0.627990
v -0.122448 0.676575 -0.627990
v -0.125019 0.665695 -0.601803
v -0.125019 0.665695 -0.601803
v -0.127257 0.639428 -0.591045
v -0.127257 0.639428 -0.591045
v -0.127852 0.613160 -0.602017
v -0.127852 0.613160 -0.602017
v -0.126454 0.602280 -0.628293
v -0.126454 0.602280 -0.628293
v -0.123883 0.613160 -0.654479
v -0.123883 0.613160 -0.654479
v -0.121645 0.639428 -0.665237
v 0.604900 0.599875 -0.572964
v 0.607666 0.599875 -0.609526
v 0.608252 0.625764 -0.598712
v 0.608252 0.625764 -0.598712
v 0.606874 0.636488 -0.572815
v 0.606874 0.636488 -0.572815
v 0.604340 0.625764 -0.547006
v 0.604340 0.625764 -0.547006
v 0.602134 0.599875 -0.536403
v 0.602134 0.599875 -0.536403
v 0.601548 0.573986 -0.547217
v 0.601548 0.573986 -0.547217
v 0.602926 0.563262 -0.573114
v 0.602926 0.563262 -0.573114
v 0.605460 0.573986 -0.598923
v 0.605460 0.573986 -0.598923
v 0.607666 0.599875 -0.609526
v 0.604032 0.599875 -0.610428
v 0.604642 0.626370 -0.599463
v 1.339751 0.615553 -0.615556
v 1.339163 0.590000 -0.626131
v 0.604642 0.626370 -0.599463
v 0.605403 0.637345 -0.572976
v 1.340485 0.626137 -0.590011
v 1.339751 0.615553 -0.615556
v 0.605403 0.637345 -0.572976
v 0.605870 0.626370 -0.546482
v 1.340935 0.615553 -0.564460
v 1.340485 0.626137 -0.590011
v 0.605870 0.626370 -0.546482
v 0.605768 0.599875 -0.535501
v 1.340837 0.590000 -0.553869
v 1.340935 0.615553 -0.564460
v 0.605768 0.599875 -0.535501
v 0.605158 0.573380 -0.546465
v 1.340249 0.564447 -0.564444
v 1.340837 0.590000 -0.553869
v 0.605158 0.573380 -0.546465
v 0.604397 0.562405 -0.572953
v 1.339515 0.553863 -0.589989
v 1.340249 0.564447 -0.564444
v 0.604397 0.562405 -0.572953
v 0.603931 0.573380 -0.599447
v 1.339065 0.564447 -0.615540
v 1.339515 0.553863 -0.589989
v 0.603931 0.573380 -0.599447
v 0.604032 0.599875 -0.610428
v 1.339163 0.590000 -0.626131
v 1.339065 0.564447 -0.615540
v 0.604900 0.599875 -0.572964
v 0.604032 0.599875 -0.610428
v 0.604642 0.626370 -0.599463
v 0.604642 0.626370 -0.599463
v 0.605403 0.637345 -0.572976
v 0.605403 0.637345 -0.572976
v 0.605870 0.626370 -0.546482
v 0.605870 0.626370 -0.546482
v 0.605768 0.599875 -0.535501
v 0.605768 0.599875 -0.535501
v 0.605158 0.573380 -0.546465
v 0.605158 0.573380 -0.546465
v 0.604397 0.562405 -0.572953
v 0.604397 0.562405 -0.572953
v 0.603931 0.573380 -0.599447
v 0.603931 0.573380 -0.599447
v 0.604032 0.599875 -0.610428
v 1.340000 0.590000 -0.590000
v 1.339163 0.590000 -0.626131
v 1.339751 0.615553 -0.615556
v 1.339751 0.615553 -0.615556
v 1.340485 0.626137 -0.590011
v 1.340485 0.626137 -0.590011
v 1.340935 0.615553 -0.564460
v 1.340935 0.615553 -0.564460
v 1.340837 0.590000 -0.553869
v 1.340837 0.590000 -0.553869
v 1.340249 0.564447 -0.564444
v 1.340249 0.564447 -0.564444
v 1.339515 0.553863 -0.589989
v 1.339515 0.553863 -0.589989
v 1.339065 0.564447 -0.615540
v 1.339065 0.564447 -0.615540
v 1.339163 0.590000 -0.626131
v -1.550280 0.660000 0.586865
v -1.549710 0.683426 0.596566
v -0.844997 0.670361 0.589011
v -0.845605 0.645334 0.578647
v -1.549710 0.683426 0.596566
v -1.549311 0.693129 0.619994
v -0.844570 0.680728 0.614041
v -0.844997 0.670361 0.589011
v -1.549311 0.693129 0.619994
v -1.549315 0.683426 0.643426
v -0.844574 0.670361 0.639075
v -0.844570 0.680728 0.614041
v -1.549315 0.683426 0.643426
v -1.549720 0.660000 0.653135
v -0.845007 0.645334 0.649448
v -0.844574 0.670361 0.639075
v -1.549720 0.660000 0.653135
v -1.550290 0.636574 0.643434
v -0.845616 0.620307 0.639084
v -0.845007 0.645334 0.649448
v -1.550290 0.636574 0.643434
v -1.550689 0.626871 0.620006
v -0.846043 0.609940 0.614054
v -0.845616 0.620307 0.639084
v -1.550689 0.626871 0.620006
v -1.550685 0.636574 0.596574
v -0.846038 0.620307 0.589020
v -0.846043 0.609940 0.614054
v -1.550685 0.636574 0.596574
v -1.550280 0.660000 0.586865
v -0.845605 0.645334 0.578647
v -0.846038 0.620307 0.589020
v -1.550000 0.660000 0.620000
v -1.550280 0.660000 0.586865
v -1.549710 0.683426 0.596566
v -1.549710 0.683426 0.596566
v -1.549311 0.693129 0.619994
v -1.549311 0.693129 0.619994
v -1.549315 0.683426 0.643426
v -1.549315 0.683426 0.643426
v -1.549720 0.660000 0.653135
v -1.549720 0.660000 0.653135
v -1.550290 0.636574 0.643434
v -1.550290 0.636574 0.643434
v -1.550689 0.626871 0.620006
v -1.550689 0.626871 0.620006
v -1.550685 0.636574 0.596574
v -1.550685 0.636574 0.596574
v -1.550280 0.660000 0.586865
v -0.845306 0.645334 0.614047
v -0.845605 0.645334 0.578647
v -0.844997 0.670361 0.589011
v -0.844997 0.670361 0.589011
v -0.844570 0.680728 0.614041
v -0.844570 0.680728 0.614041
v -0.844574 0.670361 0.639075
v -0.844574 0.670361 0.639075
v -0.845007 0.645334 0.649448
v -0.845007 0.645334 0.649448
v -0.845616 0.620307 0.639084
v -0.845616 0.620307 0.639084
v -0.846043 0.609940 0.614054
v -0.846043 0.609940 0.614054
v -0.846038 0.620307 0.589020
v -0.846038 0.620307 0.589020
v -0.845605 0.645334 0.578647
v -0.846696 0.645334 0.579561
v -0.845901 0.669736 0.589646
v -0.088124 0.655937 0.560847
v -0.088862 0.633278 0.551482
v -0.845901 0.669736 0.589646
v -0.844758 0.679844 0.614025
v -0.087062 0.665323 0.583485
v -0.088124 0.655937 0.560847
v -0.844758 0.679844 0.614025
v -0.843936 0.669736 0.638418
v -0.086299 0.655937 0.606136
v -0.087062 0.665323 0.583485
v -0.843936 0.669736 0.638418
v -0.843916 0.645334 0.648534
v -0.086280 0.633278 0.615530
v -0.086299 0.655937 0.606136
v -0.843916 0.645334 0.648534
v -0.844711 0.620932 0.638449
v -0.087019 0.610618 0.606165
v -0.086280 0.633278 0.615530
v -0.844711 0.620932 0.638449
v -0.845854 0.610824 0.614070
v -0.088080 0.601232 0.583526
v -0.087019 0.610618 0.606165
v -0.845854 0.610824 0.614070
v -0.846677 0.620932 0.589677
v -0.088844 0.610618 0.560876
v -0.088080 0.601232 0.583526
v -0.846677 0.620932 0.589677
v -0.846696 0.645334 0.579561
v -0.088862 0.633278 0.551482
v -0.088844 0.610618 0.560876
v -0.845306 0.645334 0.614047
v -0.846696 0.645334 0.579561
v -0.845901 0.669736 0.589646
v -0.845901 0.669736 0.589646
v -0.844758 0.679844 0.614025
v -0.844758 0.679844 0.614025
v -0.843936 0.669736 0.638418
v -0.843936 0.669736 0.638418
v -0.843916 0.645334 0.648534
v -0.843916 0.645334 0.648534
v -0.844711 0.620932 0.638449
v -0.844711 0.620932 0.638449
v -0.845854 0.610824 0.614070
v -0.845854 0.610824 0.614070
v -0.846677 0.620932 0.589677
v -0.846677 0.620932 0.589677
v -0.846696 0.645334 0.579561
v -0.087571 0.633278 0.583506
v -0.088862 0.633278 0.551482
v -0.088124 0.655937 0.560847
v -0.088124 0.655937 0.560847
v -0.087062 0.665323 0.583485
v -0.087062 0.665323 0.583485
v -0.086299 0.655937 0.606136
v -0.086299 0.655937 0.606136
v -0.086280 0.633278 0.615530
v -0.086280 0.633278 0.615530
v -0.087019 0.610618 0.606165
v -0.087019 0.610618 0.606165
v -0.088080 0.601232 0.583526
v -0.088080 0.601232 0.583526
v -0.088844 0.610618 0.560876
v -0.088844 0.610618 0.560876
v -0.088862 0.633278 0.551482
v -0.087327 0.633278 0.552236
v -0.086302 0.655362 0.561404
v 0.639636 0.622128 0.564280
v 0.638482 0.597252 0.553954
v -0.086302 0.655362 0.561404
v -0.086021 0.664510 0.583518
v 0.639953 0.632432 0.589190
v 0.639636 0.622128 0.564280
v -0.086021 0.664510 0.583518
v -0.086648 0.655362 0.605625
v 0.639247 0.622128 0.614092
v 0.639953 0.632432 0.589190
v -0.086648 0.655362 0.605625
v -0.087816 0.633278 0.614775
v 0.637931 0.597252 0.624398
v 0.639247 0.622128 0.614092
v -0.087816 0.633278 0.614775
v -0.088840 0.611193 0.605608
v 0.636777 0.572376 0.614072
v 0.637931 0.597252 0.624398
v -0.088840 0.611193 0.605608
v -0.089121 0.602046 0.583494
v 0.636460 0.562072 0.589163
v 0.636777 0.572376 0.614072
v -0.089121 0.602046 0.583494
v -0.088495 0.611193 0.561387
v 0.637166 0.572376 0.564261
v 0.636460 0.562072 0.589163
v -0.088495 0.611193 0.561387
v -0.087327 0.633278 0.552236
v 0.638482 0.597252 0.553954
v 0.637166 0.572376 0.564261
v -0.087571 0.633278 0.583506
v -0.087327 0.633278 0.552236
v -0.086302 0.655362 0.561404
v -0.086302 0.655362 0.561404
v -0.086021 0.664510 0.583518
v -0.086021 0.664510 0.583518
v -0.086648 0.655362 0.605625
v -0.086648 0.655362 0.605625
v -0.087816 0.633278 0.614775
v -0.087816 0.633278 0.614775
v -0.088840 0.611193 0.605608
v -0.088840 0.611193 0.605608
v -0.089121 0.602046 0.583494
v -0.089121 0.602046 0.583494
v -0.088495 0.611193 0.561387
v -0.088495 0.611193 0.561387
v -0.087327 0.633278 0.552236
v 0.638207 0.597252 0.589176
v 0.638482 0.597252 0.553954
v 0.639636 0.622128 0.564280
v 0.639636 0.622128 0.564280
v 0.639953 0.632432 0.589190
v 0.639953 0.632432 0.589190
v 0.639247 0.622128 0.614092
v 0.639247 0.622128 0.614092
v 0.637931 0.597252 0.624398
v 0.637931 0.597252 0.624398
v 0.636777 0.572376 0.614072
v 0.636777 0.572376 0.614072
v 0.636460 0.562072 0.589163
v 0.636460 0.562072 0.589163
v 0.637166 0.572376 0.564261
v 0.637166 0.572376 0.564261
v 0.638482 0.597252 0.553954
v 0.638246 0.597252 0.555855
v 0.638478 0.620813 0.565615
v 1.340291 0.615329 0.564670
v 1.340042 0.590000 0.554178
v 0.638478 0.620813 0.565615
v 0.638551 0.630572 0.589177
v 1.340370 0.625820 0.590000
v 1.340291 0.615329 0.564670
v 0.638551 0.630572 0.589177
v 0.638422 0.620813 0.612738
v 1.340232 0.615329 0.615330
v 1.340370 0.625820 0.590000
v 0.638422 0.620813 0.612738
v 0.638167 0.597252 0.622498
v 1.339958 0.590000 0.625822
v 1.340232 0.615329 0.615330
v 0.638167 0.597252 0.622498
v 0.637935 0.573691 0.612738
v 1.339709 0.564671 0.615330
v 1.339958 0.590000 0.625822
v 0.637935 0.573691 0.612738
v 0.637862 0.563932 0.589176
v 1.339630 0.554180 0.590000
v 1.339709 0.564671 0.615330
v 0.637862 0.563932 0.589176
v 0.637991 0.573691 0.565614
v 1.339768 0.564671 0.564670
v 1.339630 0.554180 0.590000
v 0.637991 0.573691 0.565614
v 0.638246 0.597252 0.555855
v 1.340042 0.590000 0.554178
v 1.339768 0.564671 0.564670
v 0.638207 0.597252 0.589176
v 0.638246 0.597252 0.555855
v 0.638478 0.620813 0.565615
v 0.638478 0.620813 0.565615
v 0.638551 0.630572 0.589177
v 0.638551 0.630572 0.589177
v 0.638422 0.620813 0.612738
v 0.638422 0.620813 0.612738
v 0.638167 0.597252 0.622498
v 0.638167 0.597252 0.622498
v 0.637935 0.573691 0.612738
v 0.637935 0.573691 0.612738
v 0.637862 0.563932 0.589176
v 0.637862 0.563932 0.589176
v 0.637991 0.573691 0.565614
v 0.637991 0.573691 0.565614
v 0.638246 0.597252 0.555855
v 1.340000 0.590000 0.590000
v 1.340042 0.590000 0.554178
v 1.340291 0.615329 0.564670
v 1.340291 0.615329 0.564670
v 1.340370 0.625820 0.590000
v 1.340370 0.625820 0.590000
v 1.340232 0.615329 0.615330
v 1.340232 0.615329 0.615330
v 1.339958 0.590000 0.625822
v 1.339958 0.590000 0.625822
v 1.339709 0.564671 0.615330
v 1.339709 0.564671 0.615330
v 1.339630 0.554180 0.590000
v 1.339630 0.554180 0.590000
v 1.339768 0.564671 0.564670
v 1.339768 0.564671 0.564670
v 1.340042 0.590000 0.554178
v -0.450000 0.178573 0.039858
v -0.423208 0.170189 0.027869
v -0.292595 0.559410 0.044236
v -0.321693 0.568515 0.057258
v -0.423208 0.170189 0.027869
v -0.412111 0.167553 -0.000446
v -0.280541 0.556546 0.013483
v -0.292595 0.559410 0.044236
v -0.412111 0.167553 -0.000446
v -0.423208 0.172208 -0.028499
v -0.292595 0.561602 -0.016986
v -0.280541 0.556546 0.013483
v -0.423208 0.172208 -0.028499
v -0.450000 0.181427 -0.039858
v -0.321693 0.571615 -0.029323
v -0.292595 0.561602 -0.016986
v -0.450000 0.181427 -0.039858
v -0.476792 0.189811 -0.027869
v -0.350792 0.580721 -0.016301
v -0.321693 0.571615 -0.029323
v -0.476792 0.189811 -0.027869
v -0.487889 0.192447 0.000446
v -0.362845 0.583584 0.014452
v -0.350792 0.580721 -0.016301
v -0.487889 0.192447 0.000446
v -0.476792 0.187792 0.028499
v -0.350792 0.578528 0.044921
v -0.362845 0.583584 0.014452
v -0.476792 0.187792 0.028499
v -0.450000 0.178573 0.039858
v -0.321693 0.568515 0.057258
v -0.350792 0.578528 0.044921
v -0.450000 0.180000 0.000000
v -0.450000 0.178573 0.039858
v -0.423208 0.170189 0.027869
v -0.423208 0.170189 0.027869
v -0.412111 0.167553 -0.000446
v -0.412111 0.167553 -0.000446
v -0.423208 0.172208 -0.028499
v -0.423208 0.172208 -0.028499
v -0.450000 0.181427 -0.039858
v -0.450000 0.181427 -0.039858
v -0.476792 0.189811 -0.027869
v -0.476792 0.189811 -0.027869
v -0.487889 0.192447 0.000446
v -0.487889 0.192447 0.000446
v -0.476792 0.187792 0.028499
v -0.476792 0.187792 0.028499
v -0.450000 0.178573 0.039858
v -0.321693 0.570065 0.013968
v -0.321693 0.568515 0.057258
v -0.292595 0.559410 0.044236
v -0.292595 0.559410 0.044236
v -0.280541 0.556546 0.013483
v -0.280541 0.556546 0.013483
v -0.292595 0.561602 -0.016986
v -0.292595 0.561602 -0.016986
v -0.321693 0.571615 -0.029323
v -0.321693 0.571615 -0.029323
v -0.350792 0.580721 -0.016301
v -0.350792 0.580721 -0.016301
v -0.362845 0.583584 0.014452
v -0.362845 0.583584 0.014452
v -0.350792 0.578528 0.044921
v -0.350792 0.578528 0.044921
v -0.321693 0.568515 0.057258
v -0.311709 0.570065 -0.033212
v -0.343744 0.586721 -0.025554
v -0.142937 0.950831 0.018523
v -0.112355 0.934931 0.011213
v -0.343744 0.586721 -0.025554
v -0.362862 0.593620 0.005255
v -0.161188 0.957417 0.047935
v -0.142937 0.950831 0.018523
v -0.362862 0.593620 0.005255
v -0.357864 0.586721 0.041168
v -0.156417 0.950831 0.082218
v -0.161188 0.957417 0.047935
v -0.357864 0.586721 0.041168
v -0.331678 0.570065 0.061147
v -0.131418 0.934931 0.101291
v -0.156417 0.950831 0.082218
v -0.331678 0.570065 0.061147
v -0.299643 0.553410 0.053489
v -0.100837 0.919031 0.093980
v -0.131418 0.934931 0.101291
v -0.299643 0.553410 0.053489
v -0.280525 0.546511 0.022680
v -0.082586 0.912445 0.064569
v -0.100837 0.919031 0.093980
v -0.280525 0.546511 0.022680
v -0.285523 0.553410 -0.013233
v -0.087357 0.919031 0.030286
v -0.082586 0.912445 0.064569
v -0.285523 0.553410 -0.013233
v -0.311709 0.570065 -0.033212
v -0.112355 0.934931 0.011213
v -0.087357 0.919031 0.030286
v -0.321693 0.570065 0.013968
v -0.311709 0.570065 -0.033212
v -0.343744 0.586721 -0.025554
v -0.343744 0.586721 -0.025554
v -0.362862 0.593620 0.005255
v -0.362862 0.593620 0.005255
v -0.357864 0.586721 0.041168
v -0.357864 0.586721 0.041168
v -0.331678 0.570065 0.061147
v -0.331678 0.570065 0.061147
v -0.299643 0.553410 0.053489
v -0.299643 0.553410 0.053489
v -0.280525 0.546511 0.022680
v -0.280525 0.546511 0.022680
v -0.285523 0.553410 -0.013233
v -0.285523 0.553410 -0.013233
v -0.311709 0.570065 -0.033212
v -0.121887 0.934931 0.056252
v -0.112355 0.934931 0.011213
v -0.142937 0.950831 0.018523
v -0.142937 0.950831 0.018523
v -0.161188 0.957417 0.047935
v -0.161188 0.957417 0.047935
v -0.156417 0.950831 0.082218
v -0.156417 0.950831 0.082218
v -0.131418 0.934931 0.101291
v -0.131418 0.934931 0.101291
v -0.100837 0.919031 0.093980
v -0.100837 0.919031 0.093980
v -0.082586 0.912445 0.064569
v -0.082586 0.912445 0.064569
v -0.087357 0.919031 0.030286
v -0.087357 0.919031 0.030286
v -0.112355 0.934931 0.011213
v -0.121887 0.932127 0.102535
v -0.090865 0.922355 0.088337
v 0.047643 1.323868 0.113489
v 0.015838 1.333888 0.128045
v -0.090865 0.922355 0.088337
v -0.078015 0.919949 0.055344
v 0.060817 1.321402 0.079663
v 0.047643 1.323868 0.113489
v -0.078015 0.919949 0.055344
v -0.090865 0.926320 0.022883
v 0.047643 1.327933 0.046382
v 0.060817 1.321402 0.079663
v -0.090865 0.926320 0.022883
v -0.121887 0.937735 0.009969
v 0.015838 1.339637 0.033141
v 0.047643 1.327933 0.046382
v -0.121887 0.937735 0.009969
v -0.152909 0.947507 0.024166
v -0.015968 1.349656 0.047698
v 0.015838 1.339637 0.033141
v -0.152909 0.947507 0.024166
v -0.165759 0.949913 0.057159
v -0.029142 1.352122 0.081524
v -0.015968 1.349656 0.047698
v -0.165759 0.949913 0.057159
v -0.152909 0.943542 0.089621
v -0.015968 1.345591 0.114805
v -0.029142 1.352122 0.081524
v -0.152909 0.943542 0.089621
v -0.121887 0.932127 0.102535
v 0.015838 1.333888 0.128045
v -0.015968 1.345591 0.114805
v -0.121887 0.934931 0.056252
v -0.121887 0.932127 0.102535
v -0.090865 0.922355 0.088337
v -0.090865 0.922355 0.088337
v -0.078015 0.919949 0.055344
v -0.078015 0.919949 0.055344
v -0.090865 0.926320 0.022883
v -0.090865 0.926320 0.022883
v -0.121887 0.937735 0.009969
v -0.121887 0.937735 0.009969
v -0.152909 0.947507 0.024166
v -0.152909 0.947507 0.024166
v -0.165759 0.949913 0.057159
v -0.165759 0.949913 0.057159
v -0.152909 0.943542 0.089621
v -0.152909 0.943542 0.089621
v -0.121887 0.932127 0.102535
v 0.015838 1.336762 0.080593
v 0.015838 1.333888 0.128045
v 0.047643 1.323868 0.113489
v 0.047643 1.323868 0.113489
v 0.060817 1.321402 0.079663
v 0.060817 1.321402 0.079663
v 0.047643 1.327933 0.046382
v 0.047643 1.327933 0.046382
v 0.015838 1.339637 0.033141
v 0.015838 1.339637 0.033141
v -0.015968 1.349656 0.047698
v -0.015968 1.349656 0.047698
v -0.029142 1.352122 0.081524
v -0.029142 1.352122 0.081524
v -0.015968 1.345591 0.114805
v -0.015968 1.345591 0.114805
v 0.015838 1.333888 0.128045
v 0.015838 1.336839 0.130350
v 0.048768 1.324429 0.115796
v 0.185800 1.710337 0.107580
v 0.160000 1.720060 0.118983
v 0.048768 1.324429 0.115796
v 0.062408 1.319244 0.080621
v 0.196487 1.706275 0.080021
v 0.185800 1.710337 0.107580
v 0.062408 1.319244 0.080621
v 0.048768 1.324320 0.045430
v 0.185800 1.710252 0.052450
v 0.196487 1.706275 0.080021
v 0.048768 1.324320 0.045430
v 0.015838 1.336685 0.030837
v 0.160000 1.719940 0.041017
v 0.185800 1.710252 0.052450
v 0.015838 1.336685 0.030837
v -0.017092 1.349095 0.045391
v 0.134200 1.729663 0.052420
v 0.160000 1.719940 0.041017
v -0.017092 1.349095 0.045391
v -0.030733 1.354280 0.080566
v 0.123513 1.733725 0.079979
v 0.134200 1.729663 0.052420
v -0.030733 1.354280 0.080566
v -0.017092 1.349204 0.115757
v 0.134200 1.729748 0.107550
v 0.123513 1.733725 0.079979
v -0.017092 1.349204 0.115757
v 0.015838 1.336839 0.130350
v 0.160000 1.720060 0.118983
v 0.134200 1.729748 0.107550
v 0.015838 1.336762 0.080593
v 0.015838 1.336839 0.130350
v 0.048768 1.324429 0.115796
v 0.048768 1.324429 0.115796
v 0.062408 1.319244 0.080621
v 0.062408 1.319244 0.080621
v 0.048768 1.324320 0.045430
v 0.048768 1.324320 0.045430
v 0.015838 1.336685 0.030837
v 0.015838 1.336685 0.030837
v -0.017092 1.349095 0.045391
v -0.017092 1.349095 0.045391
v -0.030733 1.354280 0.080566
v -0.030733 1.354280 0.080566
v -0.017092 1.349204 0.115757
v -0.017092 1.349204 0.115757
v 0.015838 1.336839 0.130350
v 0.160000 1.720000 0.080000
v 0.160000 1.720060 0.118983
v 0.185800 1.710337 0.107580
v 0.185800 1.710337 0.107580
v 0.196487 1.706275 0.080021
v 0.196487 1.706275 0.080021
v 0.185800 1.710252 0.052450
v 0.185800 1.710252 0.052450
v 0.160000 1.719940 0.041017
v 0.160000 1.719940 0.041017
v 0.134200 1.729663 0.052420
v 0.134200 1.729663 0.052420
v 0.123513 1.733725 0.079979
v 0.123513 1.733725 0.079979
v 0.134200 1.729748 0.107550
v 0.134200 1.729748 0.107550
v 0.160000 1.720060 0.118983
v 0.090000 0.820000 0.050000
v 0.077060 0.885056 0.050000
v 0.070676 0.882412 0.059511
v 0.083090 0.820000 0.059511
v 0.083090 0.820000 0.059511
v 0.070676 0.882412 0.059511
v 0.060346 0.878133 0.055878
v 0.071910 0.820000 0.055878
v 0.071910 0.820000 0.055878
v 0.060346 0.878133 0.055878
v 0.060346 0.878133 0.044122
v 0.071910 0.820000 0.044122
v 0.071910 0.820000 0.044122
v 0.060346 0.878133 0.044122
v 0.070676 0.882412 0.040489
v 0.083090 0.820000 0.040489
v 0.083090 0.820000 0.040489
v 0.070676 0.882412 0.040489
v 0.077060 0.885056 0.050000
v 0.090000 0.820000 0.050000
v 0.077060 0.885056 0.050000
v 0.040208 0.940208 0.050000
v 0.035322 0.935322 0.059511
v 0.070676 0.882412 0.059511
v 0.070676 0.882412 0.059511
v 0.035322 0.935322 0.059511
v 0.027416 0.927416 0.055878
v 0.060346 0.878133 0.055878
v 0.060346 0.878133 0.055878
v 0.027416 0.927416 0.055878
v 0.027416 0.927416 0.044122
v 0.060346 0.878133 0.044122
v 0.060346 0.878133 0.044122
v 0.027416 0.927416 0.044122
v 0.035322 0.935322 0.040489
v 0.070676 0.882412 0.040489
v 0.070676 0.882412 0.040489
v 0.035322 0.935322 0.040489
v 0.040208 0.940208 0.050000
v 0.077060 0.885056 0.050000
v 0.040208 0.940208 0.050000
v -0.014944 0.977060 0.050000
v -0.017588 0.970676 0.059511
v 0.035322 0.935322 0.059511
v 0.035322 0.935322 0.059511
v -0.017588 0.970676 0.059511
v -0.021867 0.960346 0.055878
v 0.027416 0.927416 0.055878
v 0.027416 0.927416 0.055878
v -0.021867 0.960346 0.055878
v -0.021867 0.960346 0.044122
v 0.027416 0.927416 0.044122
v 0.027416 0.927416 0.044122
v -0.021867 0.960346 0.044122
v -0.017588 0.970676 0.040489
v 0.035322 0.935322 0.040489
v 0.035322 0.935322 0.040489
v -0.017588 0.970676 0.040489
v -0.014944 0.977060 0.050000
v 0.040208 0.940208 0.050000
v -0.014944 0.977060 0.050000
v -0.080000 0.990000 0.050000
v -0.080000 0.983090 0.059511
v -0.017588 0.970676 0.059511
v -0.017588 0.970676 0.059511
v -0.080000 0.983090 0.059511
v -0.080000 0.971910 0.055878
v -0.021867 0.960346 0.055878
v -0.021867 0.960346 0.055878
v -0.080000 0.971910 0.055878
v -0.080000 0.971910 0.044122
v -0.021867 0.960346 0.044122
v -0.021867 0.960346 0.044122
v -0.080000 0.971910 0.044122
v -0.080000 0.983090 0.040489
v -0.017588 0.970676 0.040489
v -0.017588 0.970676 0.040489
v -0.080000 0.983090 0.040489
v -0.080000 0.990000 0.050000
v -0.014944 0.977060 0.050000
v -0.080000 0.990000 0.050000
v -0.145056 0.977060 0.050000
v -0.142412 0.970676 0.059511
v -0.080000 0.983090 0.059511
v -0.080000 0.983090 0.059511
v -0.142412 0.970676 0.059511
v -0.138133 0.960346 0.055878
v -0.080000 0.971910 0.055878
v -0.080000 0.971910 0.055878
v -0.138133 0.960346 0.055878
v -0.138133 0.960346 0.044122
v -0.080000 0.971910 0.044122
v -0.080000 0.971910 0.044122
v -0.138133 0.960346 0.044122
v -0.142412 0.970676 0.040489
v -0.080000 0.983090 0.040489
v -0.080000 0.983090 0.040489
v -0.142412 0.970676 0.040489
v -0.145056 0.977060 0.050000
v -0.080000 0.990000 0.050000
v -0.145056 0.977060 0.050000
v -0.200208 0.940208 0.050000
v -0.195322 0.935322 0.059511
v -0.142412 0.970676 0.059511
v -0.142412 0.970676 0.059511
v -0.195322 0.935322 0.059511
v -0.187416 0.927416 0.055878
v -0.138133 0.960346 0.055878
v -0.138133 0.960346 0.055878
v -0.187416 0.927416 0.055878
v -0.187416 0.927416 0.044122
v -0.138133 0.960346 0.044122
v -0.138133 0.960346 0.044122
v -0.187416 0.927416 0.044122
v -0.195322 0.935322 0.040489
v -0.142412 0.970676 0.040489
v -0.142412 0.970676 0.040489
v -0.195322 0.935322 0.040489
v -0.200208 0.940208 0.050000
v -0.145056 0.977060 0.050000
v -0.200208 0.940208 0.050000
v -0.237060 0.885056 0.050000
v -0.230676 0.882412 0.059511
v -0.195322 0.935322 0.059511
v -0.195322 0.935322 0.059511
v -0.230676 0.882412 0.059511
v -0.220346 0.878133 0.055878
v -0.187416 0.927416 0.055878
v -0.187416 0.927416 0.055878
v -0.220346 0.878133 0.055878
v -0.220346 0.878133 0.044122
v -0.187416 0.927416 0.044122
v -0.187416 0.927416 0.044122
v -0.220346 0.878133 0.044122
v -0.230676 0.882412 0.040489
v -0.195322 0.935322 0.040489
v -0.195322 0.935322 0.040489
v -0.230676 0.882412 0.040489
v -0.237060 0.885056 0.050000
v -0.200208 0.940208 0.050000
v -0.237060 0.885056 0.050000
v -0.250000 0.820000 0.050000
v -0.243090 0.820000 0.059511
v -0.230676 0.882412 0.059511
v -0.230676 0.882412 0.059511
v -0.243090 0.820000 0.059511
v -0.231910 0.820000 0.055878
v -0.220346 0.878133 0.055878
v -0.220346 0.878133 0.055878
v -0.231910 0.820000 0.055878
v -0.231910 0.820000 0.044122
v -0.220346 0.878133 0.044122
v -0.220346 0.878133 0.044122
v -0.231910 0.820000 0.044122
v -0.243090 0.820000 0.040489
v -0.230676 0.882412 0.040489
v -0.230676 0.882412 0.040489
v -0.243090 0.820000 0.040489
v -0.250000 0.820000 0.050000
v -0.237060 0.885056 0.050000
v -0.250000 0.820000 0.050000
v -0.237060 0.754944 0.050000
v -0.230676 0.757588 0.059511
v -0.243090 0.820000 0.059511
v -0.243090 0.820000 0.059511
v -0.230676 0.757588 0.059511
v -0.220346 0.761867 0.055878
v -0.231910 0.820000 0.055878
v -0.231910 0.820000 0.055878
v -0.220346 0.761867 0.055878
v -0.220346 0.761867 0.044122
v -0.231910 0.820000 0.044122
v -0.231910 0.820000 0.044122
v -0.220346 0.761867 0.044122
v -0.230676 0.757588 0.040489
v -0.243090 0.820000 0.040489
v -0.243090 0.820000 0.040489
v -0.230676 0.757588 0.040489
v -0.237060 0.754944 0.050000
v -0.250000 0.820000 0.050000
v -0.237060 0.754944 0.050000
v -0.200208 0.699792 0.050000
v -0.195322 0.704678 0.059511
v -0.230676 0.757588 0.059511
v -0.230676 0.757588 0.059511
v -0.195322 0.704678 0.059511
v -0.187416 0.712584 0.055878
v -0.220346 0.761867 0.055878
v -0.220346 0.761867 0.055878
v -0.187416 0.712584 0.055878
v -0.187416 0.712584 0.044122
v -0.220346 0.761867 0.044122
v -0.220346 0.761867 0.044122
v -0.187416 0.712584 0.044122
v -0.195322 0.704678 0.040489
v -0.230676 0.757588 0.040489
v -0.230676 0.757588 0.040489
v -0.195322 0.704678 0.040489
v -0.200208 0.699792 0.050000
v -0.237060 0.754944 0.050000
v -0.200208 0.699792 0.050000
v -0.145056 0.662940 0.050000
v -0.142412 0.669324 0.059511
v -0.195322 0.704678 0.059511
v -0.195322 0.704678 0.059511
v -0.142412 0.669324 0.059511
v -0.138133 0.679654 0.055878
v -0.187416 0.712584 0.055878
v -0.187416 0.712584 0.055878
v -0.138133 0.679654 0.055878
v -0.138133 0.679654 0.044122
v -0.187416 0.712584 0.044122
v -0.187416 0.712584 0.044122
v -0.138133 0.679654 0.044122
v -0.142412 0.669324 0.040489
v -0.195322 0.704678 0.040489
v -0.195322 0.704678 0.040489
v -0.142412 0.669324 0.040489
v -0.145056 0.662940 0.050000
v -0.200208 0.699792 0.050000
v -0.145056 0.662940 0.050000
v -0.080000 0.650000 0.050000
v -0.080000 0.656910 0.059511
v -0.142412 0.669324 0.059511
v -0.142412 0.669324 0.059511
v -0.080000 0.656910 0.059511
v -0.080000 0.668090 0.055878
v -0.138133 0.679654 0.055878
v -0.138133 0.679654 0.055878
v -0.080000 0.668090 0.055878
v -0.080000 0.668090 0.044122
v -0.138133 0.679654 0.044122
v -0.138133 0.679654 0.044122
v -0.080000 0.668090 0.044122
v -0.080000 0.656910 0.040489
v -0.142412 0.669324 0.040489
v -0.142412 0.669324 0.040489
v -0.080000 0.656910 0.040489
v -0.080000 0.650000 0.050000
v -0.145056 0.662940 0.050000
v -0.080000 0.650000 0.050000
v -0.014944 0.662940 0.050000
v -0.017588 0.669324 0.059511
v -0.080000 0.656910 0.059511
v -0.080000 0.656910 0.059511
v -0.017588 0.669324 0.059511
v -0.021867 0.679654 0.055878
v -0.080000 0.668090 0.055878
v -0.080000 0.668090 0.055878
v -0.021867 0.679654 0.055878
v -0.021867 0.679654 0.044122
v -0.080000 0.668090 0.044122
v -0.080000 0.668090 0.044122
v -0.021867 0.679654 0.044122
v -0.017588 0.669324 0.040489
v -0.080000 0.656910 0.040489
v -0.080000 0.656910 0.040489
v -0.017588 0.669324 0.040489
v -0.014944 0.662940 0.050000
v -0.080000 0.650000 0.050000
v -0.014944 0.662940 0.050000
v 0.040208 0.699792 0.050000
v 0.035322 0.704678 0.059511
v -0.017588 0.669324 0.059511
v -0.017588 0.669324 0.059511
v 0.035322 0.704678 0.059511
v 0.027416 0.712584 0.055878
v -0.021867 0.679654 0.055878
v -0.021867 0.679654 0.055878
v 0.027416 0.712584 0.055878
v 0.027416 0.712584 0.044122
v -0.021867 0.679654 0.044122
v -0.021867 0.679654 0.044122
v 0.027416 0.712584 0.044122
v 0.035322 0.704678 0.040489
v -0.017588 0.669324 0.040489
v -0.017588 0.669324 0.040489
v 0.035322 0.704678 0.040489
v 0.040208 0.699792 0.050000
v -0.014944 0.662940 0.050000
v 0.040208 0.699792 0.050000
v 0.077060 0.754944 0.050000
v 0.070676 0.757588 0.059511
v 0.035322 0.704678 0.059511
v 0.035322 0.704678 0.059511
v 0.070676 0.757588 0.059511
v 0.060346 0.761867 0.055878
v 0.027416 0.712584 0.055878
v 0.027416 0.712584 0.055878
v 0.060346 0.761867 0.055878
v 0.060346 0.761867 0.044122
v 0.027416 0.712584 0.044122
v 0.027416 0.712584 0.044122
v 0.060346 0.761867 0.044122
v 0.070676 0.757588 0.040489
v 0.035322 0.704678 0.040489
v 0.035322 0.704678 0.040489
v 0.070676 0.757588 0.040489
v 0.077060 0.754944 0.050000
v 0.040208 0.699792 0.050000
v 0.077060 0.754944 0.050000
v 0.090000 0.820000 0.050000
v 0.083090 0.820000 0.059511
v 0.070676 0.757588 0.059511
v 0.070676 0.757588 0.059511
v 0.083090 0.820000 0.059511
v 0.071910 0.820000 0.055878
v 0.060346 0.761867 0.055878
v 0.060346 0.761867 0.055878
v 0.071910 0.820000 0.055878
v 0.071910 0.820000 0.044122
v 0.060346 0.761867 0.044122
v 0.060346 0.761867 0.044122
v 0.071910 0.820000 0.044122
v 0.083090 0.820000 0.040489
v 0.070676 0.757588 0.040489
v 0.070676 0.757588 0.040489
v 0.083090 0.820000 0.040489
v 0.090000 0.820000 0.050000
v 0.077060 0.754944 0.050000
v 0.498000 0.530000 -0.420000
v 0.486314 0.581198 -0.420000
v 0.479107 0.577727 -0.412000
v 0.490000 0.530000 -0.412000
v 0.490000 0.530000 -0.412000
v 0.479107 0.577727 -0.412000
v 0.471899 0.574256 -0.420000
v 0.482000 0.530000 -0.420000
v 0.482000 0.530000 -0.420000
v 0.471899 0.574256 -0.420000
v 0.479107 0.577727 -0.428000
v 0.490000 0.530000 -0.428000
v 0.490000 0.530000 -0.428000
v 0.479107 0.577727 -0.428000
v 0.486314 0.581198 -0.420000
v 0.498000 0.530000 -0.420000
v 0.486314 0.581198 -0.420000
v 0.453572 0.622256 -0.420000
v 0.448584 0.616001 -0.412000
v 0.479107 0.577727 -0.412000
v 0.479107 0.577727 -0.412000
v 0.448584 0.616001 -0.412000
v 0.443596 0.609747 -0.420000
v 0.471899 0.574256 -0.420000
v 0.471899 0.574256 -0.420000
v 0.443596 0.609747 -0.420000
v 0.448584 0.616001 -0.428000
v 0.479107 0.577727 -0.428000
v 0.479107 0.577727 -0.428000
v 0.448584 0.616001 -0.428000
v 0.453572 0.622256 -0.420000
v 0.486314 0.581198 -0.420000
v 0.453572 0.622256 -0.420000
v 0.406257 0.645041 -0.420000
v 0.404477 0.637242 -0.412000
v 0.448584 0.616001 -0.412000
v 0.448584 0.616001 -0.412000
v 0.404477 0.637242 -0.412000
v 0.402697 0.629443 -0.420000
v 0.443596 0.609747 -0.420000
v 0.443596 0.609747 -0.420000
v 0.402697 0.629443 -0.420000
v 0.404477 0.637242 -0.428000
v 0.448584 0.616001 -0.428000
v 0.448584 0.616001 -0.428000
v 0.404477 0.637242 -0.428000
v 0.406257 0.645041 -0.420000
v 0.453572 0.622256 -0.420000
v 0.406257 0.645041 -0.420000
v 0.353743 0.645041 -0.420000
v 0.355523 0.637242 -0.412000
v 0.404477 0.637242 -0.412000
v 0.404477 0.637242 -0.412000
v 0.355523 0.637242 -0.412000
v 0.357303 0.629443 -0.420000
v 0.402697 0.629443 -0.420000
v 0.402697 0.629443 -0.420000
v 0.357303 0.629443 -0.420000
v 0.355523 0.637242 -0.428000
v 0.404477 0.637242 -0.428000
v 0.404477 0.637242 -0.428000
v 0.355523 0.637242 -0.428000
v 0.353743 0.645041 -0.420000
v 0.406257 0.645041 -0.420000
v 0.353743 0.645041 -0.420000
v 0.306428 0.622256 -0.420000
v 0.311416 0.616001 -0.412000
v 0.355523 0.637242 -0.412000
v 0.355523 0.637242 -0.412000
v 0.311416 0.616001 -0.412000
v 0.316404 0.609747 -0.420000
v 0.357303 0.629443 -0.420000
v 0.357303 0.629443 -0.420000
v 0.316404 0.609747 -0.420000
v 0.311416 0.616001 -0.428000
v 0.355523 0.637242 -0.428000
v 0.355523 0.637242 -0.428000
v 0.311416 0.616001 -0.428000
v 0.306428 0.622256 -0.420000
v 0.353743 0.645041 -0.420000
v 0.306428 0.622256 -0.420000
v 0.273686 0.581198 -0.420000
v 0.280893 0.577727 -0.412000
v 0.311416 0.616001 -0.412000
v 0.311416 0.616001 -0.412000
v 0.280893 0.577727 -0.412000
v 0.288101 0.574256 -0.420000
v 0.316404 0.609747 -0.420000
v 0.316404 0.609747 -0.420000
v 0.288101 0.574256 -0.420000
v 0.280893 0.577727 -0.428000
v 0.311416 0.616001 -0.428000
v 0.311416 0.616001 -0.428000
v 0.280893 0.577727 -0.428000
v 0.273686 0.581198 -0.420000
v 0.306428 0.622256 -0.420000
v 0.273686 0.581198 -0.420000
v 0.262000 0.530000 -0.420000
v 0.270000 0.530000 -0.412000
v 0.280893 0.577727 -0.412000
v 0.280893 0.577727 -0.412000
v 0.270000 0.530000 -0.412000
v 0.278000 0.530000 -0.420000
v 0.288101 0.574256 -0.420000
v 0.288101 0.574256 -0.420000
v 0.278000 0.530000 -0.420000
v 0.270000 0.530000 -0.428000
v 0.280893 0.577727 -0.428000
v 0.280893 0.577727 -0.428000
v 0.270000 0.530000 -0.428000
v 0.262000 0.530000 -0.420000
v 0.273686 0.581198 -0.420000
v 0.262000 0.530000 -0.420000
v 0.273686 0.478802 -0.420000
v 0.280893 0.482273 -0.412000
v 0.270000 0.530000 -0.412000
v 0.270000 0.530000 -0.412000
v 0.280893 0.482273 -0.412000
v 0.288101 0.485744 -0.420000
v 0.278000 0.530000 -0.420000
v 0.278000 0.530000 -0.420000
v 0.288101 0.485744 -0.420000
v 0.280893 0.482273 -0.428000
v 0.270000 0.530000 -0.428000
v 0.270000 0.530000 -0.428000
v 0.280893 0.482273 -0.428000
v 0.273686 0.478802 -0.420000
v 0.262000 0.530000 -0.420000
v 0.273686 0.478802 -0.420000
v 0.306428 0.437744 -0.420000
v 0.311416 0.443999 -0.412000
v 0.280893 0.482273 -0.412000
v 0.280893 0.482273 -0.412000
v 0.311416 0.443999 -0.412000
v 0.316404 0.450253 -0.420000
v 0.288101 0.485744 -0.420000
v 0.288101 0.485744 -0.420000
v 0.316404 0.450253 -0.420000
v 0.311416 0.443999 -0.428000
v 0.280893 0.482273 -0.428000
v 0.280893 0.482273 -0.428000
v 0.311416 0.443999 -0.428000
v 0.306428 0.437744 -0.420000
v 0.273686 0.478802 -0.420000
v 0.306428 0.437744 -0.420000
v 0.353743 0.414959 -0.420000
v 0.355523 0.422758 -0.412000
v 0.311416 0.443999 -0.412000
v 0.311416 0.443999 -0.412000
v 0.355523 0.422758 -0.412000
v 0.357303 0.430557 -0.420000
v 0.316404 0.450253 -0.420000
v 0.316404 0.450253 -0.420000
v 0.357303 0.430557 -0.420000
v 0.355523 0.422758 -0.428000
v 0.311416 0.443999 -0.428000
v 0.311416 0.443999 -0.428000
v 0.355523 0.422758 -0.428000
v 0.353743 0.414959 -0.420000
v 0.306428 0.437744 -0.420000
v 0.353743 0.414959 -0.420000
v 0.406257 0.414959 -0.420000
v 0.404477 0.422758 -0.412000
v 0.355523 0.422758 -0.412000
v 0.355523 0.422758 -0.412000
v 0.404477 0.422758 -0.412000
v 0.402697 0.430557 -0.420000
v 0.357303 0.430557 -0.420000
v 0.357303 0.430557 -0.420000
v 0.402697 0.430557 -0.420000
v 0.404477 0.422758 -0.428000
v 0.355523 0.422758 -0.428000
v 0.355523 0.422758 -0.428000
v 0.404477 0.422758 -0.428000
v 0.406257 0.414959 -0.420000
v 0.353743 0.414959 -0.420000
v 0.406257 0.414959 -0.420000
v 0.453572 0.437744 -0.420000
v 0.448584 0.443999 -0.412000
v 0.404477 0.422758 -0.412000
v 0.404477 0.422758 -0.412000
v 0.448584 0.443999 -0.412000
v 0.443596 0.450253 -0.420000
v 0.402697 0.430557 -0.420000
v 0.402697 0.430557 -0.420000
v 0.443596 0.450253 -0.420000
v 0.448584 0.443999 -0.428000
v 0.404477 0.422758 -0.428000
v 0.404477 0.422758 -0.428000
v 0.448584 0.443999 -0.428000
v 0.453572 0.437744 -0.420000
v 0.406257 0.414959 -0.420000
v 0.453572 0.437744 -0.420000
v 0.486314 0.478802 -0.420000
v 0.479107 0.482273 -0.412000
v 0.448584 0.443999 -0.412000
v 0.448584 0.443999 -0.412000
v 0.479107 0.482273 -0.412000
v 0.471899 0.485744 -0.420000
v 0.443596 0.450253 -0.420000
v 0.443596 0.450253 -0.420000
v 0.471899 0.485744 -0.420000
v 0.479107 0.482273 -0.428000
v 0.448584 0.443999 -0.428000
v 0.448584 0.443999 -0.428000
v 0.479107 0.482273 -0.428000
v 0.486314 0.478802 -0.420000
v 0.453572 0.437744 -0.420000
v 0.486314 0.478802 -0.420000
v 0.498000 0.530000 -0.420000
v 0.490000 0.530000 -0.412000
v 0.479107 0.482273 -0.412000
v 0.479107 0.482273 -0.412000
v 0.490000 0.530000 -0.412000
v 0.482000 0.530000 -0.420000
v 0.471899 0.485744 -0.420000
v 0.471899 0.485744 -0.420000
v 0.482000 0.530000 -0.420000
v 0.490000 0.530000 -0.428000
v 0.479107 0.482273 -0.428000
v 0.479107 0.482273 -0.428000
v 0.490000 0.530000 -0.428000
v 0.498000 0.530000 -0.420000
v 0.486314 0.478802 -0.420000
v 1.279758 0.025338 -0.976270
v 1.930652 0.089833 -0.630183
v 1.927190 0.134662 -0.632025
v 1.276295 0.070167 -0.978111
v 1.883705 0.089833 -0.541889
v 1.232810 0.025338 -0.887975
v 1.229348 0.070167 -0.889817
v 1.880242 0.134662 -0.543730
v 1.232810 0.025338 -0.887975
v 1.279758 0.025338 -0.976270
v 1.276295 0.070167 -0.978111
v 1.229348 0.070167 -0.889817
v 1.930652 0.089833 -0.630183
v 1.883705 0.089833 -0.541889
v 1.880242 0.134662 -0.543730
v 1.927190 0.134662 -0.632025
v 1.276295 0.070167 -0.978111
v 1.927190 0.134662 -0.632025
v 1.880242 0.134662 -0.543730
v 1.229348 0.070167 -0.889817
v 1.232810 0.025338 -0.887975
v 1.883705 0.089833 -0.541889
v 1.930652 0.089833 -0.630183
v 1.279758 0.025338 -0.976270
v -1.743654 0.087885 0.987729
v -1.213683 0.007451 0.602683
v -1.209246 0.052115 0.599459
v -1.739218 0.132549 0.984506
v -1.160782 0.007451 0.675494
v -1.690754 0.087885 1.060541
v -1.686317 0.132549 1.057317
v -1.156346 0.052115 0.672271
v -1.690754 0.087885 1.060541
v -1.743654 0.087885 0.987729
v -1.739218 0.132549 0.984506
v -1.686317 0.132549 1.057317
v -1.213683 0.007451 0.602683
v -1.160782 0.007451 0.675494
v -1.156346 0.052115 0.672271
v -1.209246 0.052115 0.599459
v -1.739218 0.132549 0.984506
v -1.209246 0.052115 0.599459
v -1.156346 0.052115 0.672271
v -1.686317 0.132549 1.057317
v -1.690754 0.087885 1.060541
v -1.160782 0.007451 0.675494
v -1.213683 0.007451 0.602683
v -1.743654 0.087885 0.987729
v -1.186926 0.620000 -0.721697
v -1.196658 0.643401 -0.722076
v -1.177605 0.656026 -0.255540
v -1.169897 0.637492 -0.255240
v -1.196658 0.643401 -0.722076
v -1.220064 0.653094 -0.721239
v -1.196142 0.663703 -0.254877
v -1.177605 0.656026 -0.255540
v -1.220064 0.653094 -0.721239
v -1.243432 0.643401 -0.719676
v -1.214649 0.656026 -0.253640
v -1.196142 0.663703 -0.254877
v -1.243432 0.643401 -0.719676
v -1.253074 0.620000 -0.718303
v -1.222286 0.637492 -0.252553
v -1.214649 0.656026 -0.253640
v -1.253074 0.620000 -0.718303
v -1.243342 0.596599 -0.717924
v -1.214578 0.618959 -0.252252
v -1.222286 0.637492 -0.252553
v -1.243342 0.596599 -0.717924
v -1.219936 0.586906 -0.718761
v -1.196041 0.611282 -0.252915
v -1.214578 0.618959 -0.252252
v -1.219936 0.586906 -0.718761
v -1.196568 0.596599 -0.720324
v -1.177534 0.618959 -0.254153
v -1.196041 0.611282 -0.252915
v -1.196568 0.596599 -0.720324
v -1.186926 0.620000 -0.721697
v -1.169897 0.637492 -0.255240
v -1.177534 0.618959 -0.254153
v -1.220000 0.620000 -0.720000
v -1.186926 0.620000 -0.721697
v -1.196658 0.643401 -0.722076
v -1.196658 0.643401 -0.722076
v -1.220064 0.653094 -0.721239
v -1.220064 0.653094 -0.721239
v -1.243432 0.643401 -0.719676
v -1.243432 0.643401 -0.719676
v -1.253074 0.620000 -0.718303
v -1.253074 0.620000 -0.718303
v -1.243342 0.596599 -0.717924
v -1.243342 0.596599 -0.717924
v -1.219936 0.586906 -0.718761
v -1.219936 0.586906 -0.718761
v -1.196568 0.596599 -0.720324
v -1.196568 0.596599 -0.720324
v -1.186926 0.620000 -0.721697
v -1.196091 0.637492 -0.253896
v -1.169897 0.637492 -0.255240
v -1.177605 0.656026 -0.255540
v -1.177605 0.656026 -0.255540
v -1.196142 0.663703 -0.254877
v -1.196142 0.663703 -0.254877
v -1.214649 0.656026 -0.253640
v -1.214649 0.656026 -0.253640
v -1.222286 0.637492 -0.252553
v -1.222286 0.637492 -0.252553
v -1.214578 0.618959 -0.252252
v -1.214578 0.618959 -0.252252
v -1.196041 0.611282 -0.252915
v -1.196041 0.611282 -0.252915
v -1.177534 0.618959 -0.254153
v -1.177534 0.618959 -0.254153
v -1.169897 0.637492 -0.255240
v -1.168366 0.637492 -0.252548
v -1.176461 0.657114 -0.253468
v -1.198034 0.671441 0.222233
v -1.189295 0.650260 0.223227
v -1.176461 0.657114 -0.253468
v -1.196055 0.665241 -0.254639
v -1.219186 0.680214 0.220969
v -1.198034 0.671441 0.222233
v -1.196055 0.665241 -0.254639
v -1.215671 0.657114 -0.255375
v -1.240360 0.671441 0.220175
v -1.219186 0.680214 0.220969
v -1.215671 0.657114 -0.255375
v -1.223817 0.637492 -0.255245
v -1.249154 0.650260 0.220316
v -1.240360 0.671441 0.220175
v -1.223817 0.637492 -0.255245
v -1.215722 0.617871 -0.254324
v -1.240415 0.629079 0.221309
v -1.249154 0.650260 0.220316
v -1.215722 0.617871 -0.254324
v -1.196128 0.609744 -0.253153
v -1.219264 0.620306 0.222573
v -1.240415 0.629079 0.221309
v -1.196128 0.609744 -0.253153
v -1.176512 0.617871 -0.252417
v -1.198089 0.629079 0.223368
v -1.219264 0.620306 0.222573
v -1.176512 0.617871 -0.252417
v -1.168366 0.637492 -0.252548
v -1.189295 0.650260 0.223227
v -1.198089 0.629079 0.223368
v -1.196091 0.637492 -0.253896
v -1.168366 0.637492 -0.252548
v -1.176461 0.657114 -0.253468
v -1.176461 0.657114 -0.253468
v -1.196055 0.665241 -0.254639
v -1.196055 0.665241 -0.254639
v -1.215671 0.657114 -0.255375
v -1.215671 0.657114 -0.255375
v -1.223817 0.637492 -0.255245
v -1.223817 0.637492 -0.255245
v -1.215722 0.617871 -0.254324
v -1.215722 0.617871 -0.254324
v -1.196128 0.609744 -0.253153
v -1.196128 0.609744 -0.253153
v -1.176512 0.617871 -0.252417
v -1.176512 0.617871 -0.252417
v -1.168366 0.637492 -0.252548
v -1.219225 0.650260 0.221771
v -1.189295 0.650260 0.223227
v -1.198034 0.671441 0.222233
v -1.198034 0.671441 0.222233
v -1.219186 0.680214 0.220969
v -1.219186 0.680214 0.220969
v -1.240360 0.671441 0.220175
v -1.240360 0.671441 0.220175
v -1.249154 0.650260 0.220316
v -1.249154 0.650260 0.220316
v -1.240415 0.629079 0.221309
v -1.240415 0.629079 0.221309
v -1.219264 0.620306 0.222573
v -1.219264 0.620306 0.222573
v -1.198089 0.629079 0.223368
v -1.198089 0.629079 0.223368
v -1.189295 0.650260 0.223227
v -1.188783 0.650260 0.221819
v -1.197699 0.671785 0.221816
v -1.197831 0.672169 0.720046
v -1.188649 0.650000 0.720049
v -1.197699 0.671785 0.221816
v -1.219225 0.680701 0.221787
v -1.220000 0.681351 0.720016
v -1.197831 0.672169 0.720046
v -1.219225 0.680701 0.221787
v -1.240750 0.671785 0.221749
v -1.242169 0.672169 0.719977
v -1.220000 0.681351 0.720016
v -1.240750 0.671785 0.221749
v -1.249666 0.650260 0.221724
v -1.251351 0.650000 0.719951
v -1.242169 0.672169 0.719977
v -1.249666 0.650260 0.221724
v -1.240750 0.628735 0.221726
v -1.242169 0.627831 0.719954
v -1.251351 0.650000 0.719951
v -1.240750 0.628735 0.221726
v -1.219225 0.619819 0.221755
v -1.220000 0.618649 0.719984
v -1.242169 0.627831 0.719954
v -1.219225 0.619819 0.221755
v -1.197699 0.628735 0.221793
v -1.197831 0.627831 0.720023
v -1.220000 0.618649 0.719984
v -1.197699 0.628735 0.221793
v -1.188783 0.650260 0.221819
v -1.188649 0.650000 0.720049
v -1.197831 0.627831 0.720023
v -1.219225 0.650260 0.221771
v -1.188783 0.650260 0.221819
v -1.197699 0.671785 0.221816
v -1.197699 0.671785 0.221816
v -1.219225 0.680701 0.221787
v -1.219225 0.680701 0.221787
v -1.240750 0.671785 0.221749
v -1.240750 0.671785 0.221749
v -1.249666 0.650260 0.221724
v -1.249666 0.650260 0.221724
v -1.240750 0.628735 0.221726
v -1.240750 0.628735 0.221726
v -1.219225 0.619819 0.221755
v -1.219225 0.619819 0.221755
v -1.197699 0.628735 0.221793
v -1.197699 0.628735 0.221793
v -1.188783 0.650260 0.221819
v -1.220000 0.650000 0.720000
v -1.188649 0.650000 0.720049
v -1.197831 0.672169 0.720046
v -1.197831 0.672169 0.720046
v -1.220000 0.681351 0.720016
v -1.220000 0.681351 0.720016
v -1.242169 0.672169 0.719977
v -1.242169 0.672169 0.719977
v -1.251351 0.650000 0.719951
v -1.251351 0.650000 0.719951
v -1.242169 0.627831 0.719954
v -1.242169 0.627831 0.719954
v -1.220000 0.618649 0.719984
v -1.220000 0.618649 0.719984
v -1.197831 0.627831 0.720023
v -1.197831 0.627831 0.720023
v -1.188649 0.650000 0.720049
v -0.522526 0.620000 -0.959692
v -0.530563 0.639410 -0.960640
v -0.534040 0.670991 -0.327596
v -0.524509 0.647975 -0.326473
v -0.530563 0.639410 -0.960640
v -0.549986 0.647449 -0.961213
v -0.557072 0.680525 -0.328275
v -0.534040 0.670991 -0.327596
v -0.549986 0.647449 -0.961213
v -0.569418 0.639410 -0.961075
v -0.580114 0.670991 -0.328112
v -0.557072 0.680525 -0.328275
v -0.569418 0.639410 -0.961075
v -0.577474 0.620000 -0.960308
v -0.589668 0.647975 -0.327202
v -0.580114 0.670991 -0.328112
v -0.577474 0.620000 -0.960308
v -0.569437 0.600590 -0.959360
v -0.580137 0.624959 -0.326078
v -0.589668 0.647975 -0.327202
v -0.569437 0.600590 -0.959360
v -0.550014 0.592551 -0.958787
v -0.557105 0.615425 -0.325399
v -0.580137 0.624959 -0.326078
v -0.550014 0.592551 -0.958787
v -0.530582 0.600590 -0.958925
v -0.534063 0.624959 -0.325563
v -0.557105 0.615425 -0.325399
v -0.530582 0.600590 -0.958925
v -0.522526 0.620000 -0.959692
v -0.524509 0.647975 -0.326473
v -0.534063 0.624959 -0.325563
v -0.550000 0.620000 -0.960000
v -0.522526 0.620000 -0.959692
v -0.530563 0.639410 -0.960640
v -0.530563 0.639410 -0.960640
v -0.549986 0.647449 -0.961213
v -0.549986 0.647449 -0.961213
v -0.569418 0.639410 -0.961075
v -0.569418 0.639410 -0.961075
v -0.577474 0.620000 -0.960308
v -0.577474 0.620000 -0.960308
v -0.569437 0.600590 -0.959360
v -0.569437 0.600590 -0.959360
v -0.550014 0.592551 -0.958787
v -0.550014 0.592551 -0.958787
v -0.530582 0.600590 -0.958925
v -0.530582 0.600590 -0.958925
v -0.522526 0.620000 -0.959692
v -0.557089 0.647975 -0.326837
v -0.524509 0.647975 -0.326473
v -0.534040 0.670991 -0.327596
v -0.534040 0.670991 -0.327596
v -0.557072 0.680525 -0.328275
v -0.557072 0.680525 -0.328275
v -0.580114 0.670991 -0.328112
v -0.580114 0.670991 -0.328112
v -0.589668 0.647975 -0.327202
v -0.589668 0.647975 -0.327202
v -0.580137 0.624959 -0.326078
v -0.580137 0.624959 -0.326078
v -0.557105 0.615425 -0.325399
v -0.557105 0.615425 -0.325399
v -0.534063 0.624959 -0.325563
v -0.534063 0.624959 -0.325563
v -0.524509 0.647975 -0.326473
v -0.525482 0.647975 -0.326396
v -0.534735 0.670325 -0.326817
v -0.543704 0.679031 0.326493
v -0.534384 0.656521 0.326918
v -0.534735 0.670325 -0.326817
v -0.557083 0.679582 -0.327251
v -0.566213 0.688355 0.326057
v -0.543704 0.679031 0.326493
v -0.557083 0.679582 -0.327251
v -0.579434 0.670325 -0.327442
v -0.588724 0.679031 0.325864
v -0.566213 0.688355 0.326057
v -0.579434 0.670325 -0.327442
v -0.588695 0.647975 -0.327279
v -0.598053 0.656521 0.326028
v -0.588724 0.679031 0.325864
v -0.588695 0.647975 -0.327279
v -0.579442 0.625626 -0.326857
v -0.588733 0.634010 0.326453
v -0.598053 0.656521 0.326028
v -0.579442 0.625626 -0.326857
v -0.557094 0.616368 -0.326424
v -0.566224 0.624686 0.326889
v -0.588733 0.634010 0.326453
v -0.557094 0.616368 -0.326424
v -0.534743 0.625626 -0.326233
v -0.543712 0.634010 0.327082
v -0.566224 0.624686 0.326889
v -0.534743 0.625626 -0.326233
v -0.525482 0.647975 -0.326396
v -0.534384 0.656521 0.326918
v -0.543712 0.634010 0.327082
v -0.557089 0.647975 -0.326837
v -0.525482 0.647975 -0.326396
v -0.534735 0.670325 -0.326817
v -0.534735 0.670325 -0.326817
v -0.557083 0.679582 -0.327251
v -0.557083 0.679582 -0.327251
v -0.579434 0.670325 -0.327442
v -0.579434 0.670325 -0.327442
v -0.588695 0.647975 -0.327279
v -0.588695 0.647975 -0.327279
v -0.579442 0.625626 -0.326857
v -0.579442 0.625626 -0.326857
v -0.557094 0.616368 -0.326424
v -0.557094 0.616368 -0.326424
v -0.534743 0.625626 -0.326233
v -0.534743 0.625626 -0.326233
v -0.525482 0.647975 -0.326396
v -0.566218 0.656521 0.326473
v -0.534384 0.656521 0.326918
v -0.543704 0.679031 0.326493
v -0.543704 0.679031 0.326493
v -0.566213 0.688355 0.326057
v -0.566213 0.688355 0.326057
v -0.588724 0.679031 0.325864
v -0.588724 0.679031 0.325864
v -0.598053 0.656521 0.326028
v -0.598053 0.656521 0.326028
v -0.588733 0.634010 0.326453
v -0.588733 0.634010 0.326453
v -0.566224 0.624686 0.326889
v -0.566224 0.624686 0.326889
v -0.543712 0.634010 0.327082
v -0.543712 0.634010 0.327082
v -0.534384 0.656521 0.326918
v -0.538246 0.656521 0.325757
v -0.546434 0.676306 0.326170
v -0.531535 0.668465 0.959717
v -0.523894 0.650000 0.959332
v -0.546434 0.676306 0.326170
v -0.566211 0.684501 0.326761
v -0.549993 0.676113 0.960269
v -0.531535 0.668465 0.959717
v -0.566211 0.684501 0.326761
v -0.585993 0.676306 0.327183
v -0.568455 0.668465 0.960663
v -0.549993 0.676113 0.960269
v -0.585993 0.676306 0.327183
v -0.594191 0.656521 0.327189
v -0.576106 0.650000 0.960668
v -0.568455 0.668465 0.960663
v -0.594191 0.656521 0.327189
v -0.586003 0.636736 0.326776
v -0.568465 0.631535 0.960283
v -0.576106 0.650000 0.960668
v -0.586003 0.636736 0.326776
v -0.566226 0.628541 0.326185
v -0.550007 0.623887 0.959731
v -0.568465 0.631535 0.960283
v -0.566226 0.628541 0.326185
v -0.546444 0.636736 0.325763
v -0.531545 0.631535 0.959337
v -0.550007 0.623887 0.959731
v -0.546444 0.636736 0.325763
v -0.538246 0.656521 0.325757
v -0.523894 0.650000 0.959332
v -0.531545 0.631535 0.959337
v -0.566218 0.656521 0.326473
v -0.538246 0.656521 0.325757
v -0.546434 0.676306 0.326170
v -0.546434 0.676306 0.326170
v -0.566211 0.684501 0.326761
v -0.566211 0.684501 0.326761
v -0.585993 0.676306 0.327183
v -0.585993 0.676306 0.327183
v -0.594191 0.656521 0.327189
v -0.594191 0.656521 0.327189
v -0.586003 0.636736 0.326776
v -0.586003 0.636736 0.326776
v -0.566226 0.628541 0.326185
v -0.566226 0.628541 0.326185
v -0.546444 0.636736 0.325763
v -0.546444 0.636736 0.325763
v -0.538246 0.656521 0.325757
v -0.550000 0.650000 0.960000
v -0.523894 0.650000 0.959332
v -0.531535 0.668465 0.959717
v -0.531535 0.668465 0.959717
v -0.549993 0.676113 0.960269
v -0.549993 0.676113 0.960269
v -0.568455 0.668465 0.960663
v -0.568455 0.668465 0.960663
v -0.576106 0.650000 0.960668
v -0.576106 0.650000 0.960668
v -0.568465 0.631535 0.960283
v -0.568465 0.631535 0.960283
v -0.550007 0.623887 0.959731
v -0.550007 0.623887 0.959731
v -0.531545 0.631535 0.959337
v -0.531545 0.631535 0.959337
v -0.523894 0.650000 0.959332
v 0.177551 0.620000 -1.020460
v 0.169483 0.639484 -1.020234
v 0.183689 0.638914 -0.330795
v 0.192868 0.616748 -0.331052
v 0.169483 0.639484 -1.020234
v 0.150002 0.647555 -1.019870
v 0.161526 0.648096 -0.330381
v 0.183689 0.638914 -0.330795
v 0.150002 0.647555 -1.019870
v 0.130520 0.639484 -1.019583
v 0.139362 0.638914 -0.330054
v 0.161526 0.648096 -0.330381
v 0.130520 0.639484 -1.019583
v 0.122449 0.620000 -1.019540
v 0.130179 0.616748 -0.330005
v 0.139362 0.638914 -0.330054
v 0.122449 0.620000 -1.019540
v 0.130517 0.600516 -1.019766
v 0.139358 0.594581 -0.330263
v 0.130179 0.616748 -0.330005
v 0.130517 0.600516 -1.019766
v 0.149998 0.592445 -1.020130
v 0.161521 0.585400 -0.330676
v 0.139358 0.594581 -0.330263
v 0.149998 0.592445 -1.020130
v 0.169480 0.600516 -1.020417
v 0.183685 0.594581 -0.331004
v 0.161521 0.585400 -0.330676
v 0.169480 0.600516 -1.020417
v 0.177551 0.620000 -1.020460
v 0.192868 0.616748 -0.331052
v 0.183685 0.594581 -0.331004
v 0.150000 0.620000 -1.020000
v 0.177551 0.620000 -1.020460
v 0.169483 0.639484 -1.020234
v 0.169483 0.639484 -1.020234
v 0.150002 0.647555 -1.019870
v 0.150002 0.647555 -1.019870
v 0.130520 0.639484 -1.019583
v 0.130520 0.639484 -1.019583
v 0.122449 0.620000 -1.019540
v 0.122449 0.620000 -1.019540
v 0.130517 0.600516 -1.019766
v 0.130517 0.600516 -1.019766
v 0.149998 0.592445 -1.020130
v 0.149998 0.592445 -1.020130
v 0.169480 0.600516 -1.020417
v 0.169480 0.600516 -1.020417
v 0.177551 0.620000 -1.020460
v 0.161523 0.616748 -0.330529
v 0.192868 0.616748 -0.331052
v 0.183689 0.638914 -0.330795
v 0.183689 0.638914 -0.330795
v 0.161526 0.648096 -0.330381
v 0.161526 0.648096 -0.330381
v 0.139362 0.638914 -0.330054
v 0.139362 0.638914 -0.330054
v 0.130179 0.616748 -0.330005
v 0.130179 0.616748 -0.330005
v 0.139358 0.594581 -0.330263
v 0.139358 0.594581 -0.330263
v 0.161521 0.585400 -0.330676
v 0.161521 0.585400 -0.330676
v 0.183685 0.594581 -0.331004
v 0.183685 0.594581 -0.331004
v 0.192868 0.616748 -0.331052
v 0.189988 0.616748 -0.330868
v 0.181639 0.636852 -0.331766
v 0.190980 0.671327 0.334392
v 0.199912 0.649819 0.335353
v 0.181639 0.636852 -0.331766
v 0.161507 0.645180 -0.331940
v 0.169441 0.680237 0.334206
v 0.190980 0.671327 0.334392
v 0.161507 0.645180 -0.331940
v 0.141384 0.636852 -0.331287
v 0.147913 0.671327 0.334905
v 0.169441 0.680237 0.334206
v 0.141384 0.636852 -0.331287
v 0.133059 0.616748 -0.330190
v 0.139006 0.649819 0.336079
v 0.147913 0.671327 0.334905
v 0.133059 0.616748 -0.330190
v 0.141408 0.596644 -0.329291
v 0.147939 0.628311 0.337040
v 0.139006 0.649819 0.336079
v 0.141408 0.596644 -0.329291
v 0.161540 0.588316 -0.329118
v 0.169477 0.619402 0.337225
v 0.147939 0.628311 0.337040
v 0.161540 0.588316 -0.329118
v 0.181663 0.596644 -0.329771
v 0.191005 0.628311 0.336527
v 0.169477 0.619402 0.337225
v 0.181663 0.596644 -0.329771
v 0.189988 0.616748 -0.330868
v 0.199912 0.649819 0.335353
v 0.191005 0.628311 0.336527
v 0.161523 0.616748 -0.330529
v 0.189988 0.616748 -0.330868
v 0.181639 0.636852 -0.331766
v 0.181639 0.636852 -0.331766
v 0.161507 0.645180 -0.331940
v 0.161507 0.645180 -0.331940
v 0.141384 0.636852 -0.331287
v 0.141384 0.636852 -0.331287
v 0.133059 0.616748 -0.330190
v 0.133059 0.616748 -0.330190
v 0.141408 0.596644 -0.329291
v 0.141408 0.596644 -0.329291
v 0.161540 0.588316 -0.329118
v 0.161540 0.588316 -0.329118
v 0.181663 0.596644 -0.329771
v 0.181663 0.596644 -0.329771
v 0.189988 0.616748 -0.330868
v 0.169459 0.649819 0.335716
v 0.199912 0.649819 0.335353
v 0.190980 0.671327 0.334392
v 0.190980 0.671327 0.334392
v 0.169441 0.680237 0.334206
v 0.169441 0.680237 0.334206
v 0.147913 0.671327 0.334905
v 0.147913 0.671327 0.334905
v 0.139006 0.649819 0.336079
v 0.139006 0.649819 0.336079
v 0.147939 0.628311 0.337040
v 0.147939 0.628311 0.337040
v 0.169477 0.619402 0.337225
v 0.169477 0.619402 0.337225
v 0.191005 0.628311 0.336527
v 0.191005 0.628311 0.336527
v 0.199912 0.649819 0.335353
v 0.197659 0.649819 0.336518
v 0.189400 0.669768 0.336278
v 0.171246 0.671254 1.020599
v 0.180046 0.650000 1.020854
v 0.189400 0.669768 0.336278
v 0.169459 0.678031 0.335708
v 0.150000 0.680058 1.019992
v 0.171246 0.671254 1.020599
v 0.169459 0.678031 0.335708
v 0.149519 0.669768 0.335143
v 0.128755 0.671254 1.019390
v 0.150000 0.680058 1.019992
v 0.149519 0.669768 0.335143
v 0.141259 0.649819 0.334914
v 0.119954 0.650000 1.019146
v 0.128755 0.671254 1.019390
v 0.141259 0.649819 0.334914
v 0.149518 0.629870 0.335154
v 0.128754 0.628746 1.019401
v 0.119954 0.650000 1.019146
v 0.149518 0.629870 0.335154
v 0.169459 0.621607 0.335723
v 0.150000 0.619942 1.020008
v 0.128754 0.628746 1.019401
v 0.169459 0.621607 0.335723
v 0.189400 0.629870 0.336288
v 0.171245 0.628746 1.020610
v 0.150000 0.619942 1.020008
v 0.189400 0.629870 0.336288
v 0.197659 0.649819 0.336518
v 0.180046 0.650000 1.020854
v 0.171245 0.628746 1.020610
v 0.169459 0.649819 0.335716
v 0.197659 0.649819 0.336518
v 0.189400 0.669768 0.336278
v 0.189400 0.669768 0.336278
v 0.169459 0.678031 0.335708
v 0.169459 0.678031 0.335708
v 0.149519 0.669768 0.335143
v 0.149519 0.669768 0.335143
v 0.141259 0.649819 0.334914
v 0.141259 0.649819 0.334914
v 0.149518 0.629870 0.335154
v 0.149518 0.629870 0.335154
v 0.169459 0.621607 0.335723
v 0.169459 0.621607 0.335723
v 0.189400 0.629870 0.336288
v 0.189400 0.629870 0.336288
v 0.197659 0.649819 0.336518
v 0.150000 0.650000 1.020000
v 0.180046 0.650000 1.020854
v 0.171246 0.671254 1.020599
v 0.171246 0.671254 1.020599
v 0.150000 0.680058 1.019992
v 0.150000 0.680058 1.019992
v 0.128755 0.671254 1.019390
v 0.128755 0.671254 1.019390
v 0.119954 0.650000 1.019146
v 0.119954 0.650000 1.019146
v 0.128754 0.628746 1.019401
v 0.128754 0.628746 1.019401
v 0.150000 0.619942 1.020008
v 0.150000 0.619942 1.020008
v 0.171245 0.628746 1.020610
v 0.171245 0.628746 1.020610
v 0.180046 0.650000 1.020854
v 0.852154 0.620000 -0.819709
v 0.842740 0.642734 -0.820173
v 0.833673 0.647687 -0.275058
v 0.841377 0.629082 -0.274678
v 0.842740 0.642734 -0.820173
v 0.820005 0.652151 -0.820536
v 0.815068 0.655393 -0.275355
v 0.833673 0.647687 -0.275058
v 0.820005 0.652151 -0.820536
v 0.797267 0.642734 -0.820585
v 0.796460 0.647687 -0.275395
v 0.815068 0.655393 -0.275355
v 0.797267 0.642734 -0.820585
v 0.787846 0.620000 -0.820291
v 0.788750 0.629082 -0.275155
v 0.796460 0.647687 -0.275395
v 0.787846 0.620000 -0.820291
v 0.797260 0.597266 -0.819827
v 0.796454 0.610478 -0.274775
v 0.788750 0.629082 -0.275155
v 0.797260 0.597266 -0.819827
v 0.819995 0.587849 -0.819464
v 0.815060 0.602771 -0.274478
v 0.796454 0.610478 -0.274775
v 0.819995 0.587849 -0.819464
v 0.842733 0.597266 -0.819415
v 0.833667 0.610478 -0.274438
v 0.815060 0.602771 -0.274478
v 0.842733 0.597266 -0.819415
v 0.852154 0.620000 -0.819709
v 0.841377 0.629082 -0.274678
v 0.833667 0.610478 -0.274438
v 0.820000 0.620000 -0.820000
v 0.852154 0.620000 -0.819709
v 0.842740 0.642734 -0.820173
v 0.842740 0.642734 -0.820173
v 0.820005 0.652151 -0.820536
v 0.820005 0.652151 -0.820536
v 0.797267 0.642734 -0.820585
v 0.797267 0.642734 -0.820585
v 0.787846 0.620000 -0.820291
v 0.787846 0.620000 -0.820291
v 0.797260 0.597266 -0.819827
v 0.797260 0.597266 -0.819827
v 0.819995 0.587849 -0.819464
v 0.819995 0.587849 -0.819464
v 0.842733 0.597266 -0.819415
v 0.842733 0.597266 -0.819415
v 0.852154 0.620000 -0.819709
v 0.815064 0.629082 -0.274917
v 0.841377 0.629082 -0.274678
v 0.833673 0.647687 -0.275058
v 0.833673 0.647687 -0.275058
v 0.815068 0.655393 -0.275355
v 0.815068 0.655393 -0.275355
v 0.796460 0.647687 -0.275395
v 0.796460 0.647687 -0.275395
v 0.788750 0.629082 -0.275155
v 0.788750 0.629082 -0.275155
v 0.796454 0.610478 -0.274775
v 0.796454 0.610478 -0.274775
v 0.815060 0.602771 -0.274478
v 0.815060 0.602771 -0.274478
v 0.833667 0.610478 -0.274438
v 0.833667 0.610478 -0.274438
v 0.841377 0.629082 -0.274678
v 0.844243 0.629082 -0.276448
v 0.835664 0.649734 -0.276614
v 0.865241 0.667244 0.256245
v 0.874486 0.644988 0.256423
v 0.835664 0.649734 -0.276614
v 0.815018 0.658289 -0.275786
v 0.842992 0.676462 0.257137
v 0.865241 0.667244 0.256245
v 0.815018 0.658289 -0.275786
v 0.794398 0.649734 -0.274448
v 0.820771 0.667244 0.258579
v 0.842992 0.676462 0.257137
v 0.794398 0.649734 -0.274448
v 0.785884 0.629082 -0.273385
v 0.811596 0.644988 0.259725
v 0.820771 0.667244 0.258579
v 0.785884 0.629082 -0.273385
v 0.794463 0.608430 -0.273219
v 0.820841 0.622732 0.259904
v 0.811596 0.644988 0.259725
v 0.794463 0.608430 -0.273219
v 0.815109 0.599876 -0.274047
v 0.843090 0.613514 0.259011
v 0.820841 0.622732 0.259904
v 0.815109 0.599876 -0.274047
v 0.835729 0.608430 -0.275385
v 0.865311 0.622732 0.257569
v 0.843090 0.613514 0.259011
v 0.835729 0.608430 -0.275385
v 0.844243 0.629082 -0.276448
v 0.874486 0.644988 0.256423
v 0.865311 0.622732 0.257569
v 0.815064 0.629082 -0.274917
v 0.844243 0.629082 -0.276448
v 0.835664 0.649734 -0.276614
v 0.835664 0.649734 -0.276614
v 0.815018 0.658289 -0.275786
v 0.815018 0.658289 -0.275786
v 0.794398 0.649734 -0.274448
v 0.794398 0.649734 -0.274448
v 0.785884 0.629082 -0.273385
v 0.785884 0.629082 -0.273385
v 0.794463 0.608430 -0.273219
v 0.794463 0.608430 -0.273219
v 0.815109 0.599876 -0.274047
v 0.815109 0.599876 -0.274047
v 0.835729 0.608430 -0.275385
v 0.835729 0.608430 -0.275385
v 0.844243 0.629082 -0.276448
v 0.843041 0.644988 0.258074
v 0.874486 0.644988 0.256423
v 0.865241 0.667244 0.256245
v 0.865241 0.667244 0.256245
v 0.842992 0.676462 0.257137
v 0.842992 0.676462 0.257137
v 0.820771 0.667244 0.258579
v 0.820771 0.667244 0.258579
v 0.811596 0.644988 0.259725
v 0.811596 0.644988 0.259725
v 0.820841 0.622732 0.259904
v 0.820841 0.622732 0.259904
v 0.843090 0.613514 0.259011
v 0.843090 0.613514 0.259011
v 0.865311 0.622732 0.257569
v 0.865311 0.622732 0.257569
v 0.874486 0.644988 0.256423
v 0.872369 0.644988 0.259277
v 0.863787 0.665743 0.258740
v 0.839719 0.669727 0.820633
v 0.847876 0.650000 0.821143
v 0.863787 0.665743 0.258740
v 0.843052 0.674340 0.257813
v 0.820010 0.677898 0.819752
v 0.839719 0.669727 0.820633
v 0.843052 0.674340 0.257813
v 0.822310 0.665743 0.257039
v 0.800296 0.669727 0.819016
v 0.820010 0.677898 0.819752
v 0.822310 0.665743 0.257039
v 0.813712 0.644988 0.256871
v 0.792124 0.650000 0.818857
v 0.800296 0.669727 0.819016
v 0.813712 0.644988 0.256871
v 0.822295 0.624233 0.257409
v 0.800281 0.630273 0.819367
v 0.792124 0.650000 0.818857
v 0.822295 0.624233 0.257409
v 0.843030 0.615636 0.258335
v 0.819990 0.622102 0.820248
v 0.800281 0.630273 0.819367
v 0.843030 0.615636 0.258335
v 0.863772 0.624233 0.259109
v 0.839704 0.630273 0.820984
v 0.819990 0.622102 0.820248
v 0.863772 0.624233 0.259109
v 0.872369 0.644988 0.259277
v 0.847876 0.650000 0.821143
v 0.839704 0.630273 0.820984
v 0.843041 0.644988 0.258074
v 0.872369 0.644988 0.259277
v 0.863787 0.665743 0.258740
v 0.863787 0.665743 0.258740
v 0.843052 0.674340 0.257813
v 0.843052 0.674340 0.257813
v 0.822310 0.665743 0.257039
v 0.822310 0.665743 0.257039
v 0.813712 0.644988 0.256871
v 0.813712 0.644988 0.256871
v 0.822295 0.624233 0.257409
v 0.822295 0.624233 0.257409
v 0.843030 0.615636 0.258335
v 0.843030 0.615636 0.258335
v 0.863772 0.624233 0.259109
v 0.863772 0.624233 0.259109
v 0.872369 0.644988 0.259277
v 0.820000 0.650000 0.820000
v 0.847876 0.650000 0.821143
v 0.839719 0.669727 0.820633
v 0.839719 0.669727 0.820633
v 0.820010 0.677898 0.819752
v 0.820010 0.677898 0.819752
v 0.800296 0.669727 0.819016
v 0.800296 0.669727 0.819016
v 0.792124 0.650000 0.818857
v 0.792124 0.650000 0.818857
v 0.800281 0.630273 0.819367
v 0.800281 0.630273 0.819367
v 0.819990 0.622102 0.820248
v 0.819990 0.622102 0.820248
v 0.839704 0.630273 0.820984
v 0.839704 0.630273 0.820984
v 0.847876 0.650000 0.821143
v -0.050000 1.520000 0.070000
v 0.620000 1.100000 0.320000
v 0.520000 0.710000 0.440000
v 0.020000 0.920000 0.120000
v 0.020000 0.920000 0.120000
v 0.520000 0.710000 0.440000
v 0.620000 1.100000 0.320000
v -0.050000 1.520000 0.070000
v -0.047553 1.520000 0.063442
v -0.046085 1.525741 0.069152
v 0.623915 1.105741 0.319152
v 0.622447 1.100000 0.313442
v -0.046085 1.525741 0.069152
v -0.050028 1.523548 0.076034
v 0.619972 1.103548 0.326034
v 0.623915 1.105741 0.319152
v -0.050028 1.523548 0.076034
v -0.053932 1.516452 0.074577
v 0.616068 1.096452 0.324577
v 0.619972 1.103548 0.326034
v -0.053932 1.516452 0.074577
v -0.052403 1.514259 0.066795
v 0.617597 1.094259 0.316795
v 0.616068 1.096452 0.324577
v -0.052403 1.514259 0.066795
v -0.047553 1.520000 0.063442
v 0.622447 1.100000 0.313442
v 0.617597 1.094259 0.316795
v -0.050000 1.520000 0.070000
v -0.047553 1.520000 0.063442
v -0.046085 1.525741 0.069152
v -0.046085 1.525741 0.069152
v -0.050028 1.523548 0.076034
v -0.050028 1.523548 0.076034
v -0.053932 1.516452 0.074577
v -0.053932 1.516452 0.074577
v -0.052403 1.514259 0.066795
v -0.052403 1.514259 0.066795
v -0.047553 1.520000 0.063442
v 0.620000 1.100000 0.320000
v 0.622447 1.100000 0.313442
v 0.623915 1.105741 0.319152
v 0.623915 1.105741 0.319152
v 0.619972 1.103548 0.326034
v 0.619972 1.103548 0.326034
v 0.616068 1.096452 0.324577
v 0.616068 1.096452 0.324577
v 0.617597 1.094259 0.316795
v 0.617597 1.094259 0.316795
v 0.622447 1.100000 0.313442
v 0.524307 0.710000 0.433258
v 0.526882 0.714063 0.439650
v 0.886882 0.124063 0.669650
v 0.884307 0.120000 0.663258
v 0.526882 0.714063 0.439650
v 0.522575 0.714063 0.446392
v 0.882575 0.124063 0.676392
v 0.886882 0.124063 0.669650
v 0.522575 0.714063 0.446392
v 0.515693 0.710000 0.446742
v 0.875693 0.120000 0.676742
v 0.882575 0.124063 0.676392
v 0.515693 0.710000 0.446742
v 0.513118 0.705937 0.440350
v 0.873118 0.115937 0.670350
v 0.875693 0.120000 0.676742
v 0.513118 0.705937 0.440350
v 0.517425 0.705937 0.433608
v 0.877425 0.115937 0.663608
v 0.873118 0.115937 0.670350
v 0.517425 0.705937 0.433608
v 0.524307 0.710000 0.433258
v 0.884307 0.120000 0.663258
v 0.877425 0.115937 0.663608
v 0.520000 0.710000 0.440000
v 0.524307 0.710000 0.433258
v 0.526882 0.714063 0.439650
v 0.526882 0.714063 0.439650
v 0.522575 0.714063 0.446392
v 0.522575 0.714063 0.446392
v 0.515693 0.710000 0.446742
v 0.515693 0.710000 0.446742
v 0.513118 0.705937 0.440350
v 0.513118 0.705937 0.440350
v 0.517425 0.705937 0.433608
v 0.517425 0.705937 0.433608
v 0.524307 0.710000 0.433258
v 0.880000 0.120000 0.670000
v 0.884307 0.120000 0.663258
v 0.886882 0.124063 0.669650
v 0.886882 0.124063 0.669650
v 0.882575 0.124063 0.676392
v 0.882575 0.124063 0.676392
v 0.875693 0.120000 0.676742
v 0.875693 0.120000 0.676742
v 0.873118 0.115937 0.670350
v 0.873118 0.115937 0.670350
v 0.877425 0.115937 0.663608
v 0.877425 0.115937 0.663608
v 0.884307 0.120000 0.663258
v -0.590000 0.340000 -0.540000
v -0.604463 0.412710 -0.540000
v -0.610847 0.410066 -0.530489
v -0.596910 0.340000 -0.530489
v -0.596910 0.340000 -0.530489
v -0.610847 0.410066 -0.530489
v -0.621176 0.405787 -0.534122
v -0.608090 0.340000 -0.534122
v -0.608090 0.340000 -0.534122
v -0.621176 0.405787 -0.534122
v -0.621176 0.405787 -0.545878
v -0.608090 0.340000 -0.545878
v -0.608090 0.340000 -0.545878
v -0.621176 0.405787 -0.545878
v -0.610847 0.410066 -0.549511
v -0.596910 0.340000 -0.549511
v -0.596910 0.340000 -0.549511
v -0.610847 0.410066 -0.549511
v -0.604463 0.412710 -0.540000
v -0.590000 0.340000 -0.540000
v -0.604463 0.412710 -0.540000
v -0.645650 0.474350 -0.540000
v -0.650536 0.469464 -0.530489
v -0.610847 0.410066 -0.530489
v -0.610847 0.410066 -0.530489
v -0.650536 0.469464 -0.530489
v -0.658441 0.461559 -0.534122
v -0.621176 0.405787 -0.534122
v -0.621176 0.405787 -0.534122
v -0.658441 0.461559 -0.534122
v -0.658441 0.461559 -0.545878
v -0.621176 0.405787 -0.545878
v -0.621176 0.405787 -0.545878
v -0.658441 0.461559 -0.545878
v -0.650536 0.469464 -0.549511
v -0.610847 0.410066 -0.549511
v -0.610847 0.410066 -0.549511
v -0.650536 0.469464 -0.549511
v -0.645650 0.474350 -0.540000
v -0.604463 0.412710 -0.540000
v -0.645650 0.474350 -0.540000
v -0.707290 0.515537 -0.540000
v -0.709934 0.509153 -0.530489
v -0.650536 0.469464 -0.530489
v -0.650536 0.469464 -0.530489
v -0.709934 0.509153 -0.530489
v -0.714213 0.498824 -0.534122
v -0.658441 0.461559 -0.534122
v -0.658441 0.461559 -0.534122
v -0.714213 0.498824 -0.534122
v -0.714213 0.498824 -0.545878
v -0.658441 0.461559 -0.545878
v -0.658441 0.461559 -0.545878
v -0.714213 0.498824 -0.545878
v -0.709934 0.509153 -0.549511
v -0.650536 0.469464 -0.549511
v -0.650536 0.469464 -0.549511
v -0.709934 0.509153 -0.549511
v -0.707290 0.515537 -0.540000
v -0.645650 0.474350 -0.540000
v -0.707290 0.515537 -0.540000
v -0.780000 0.530000 -0.540000
v -0.780000 0.523090 -0.530489
v -0.709934 0.509153 -0.530489
v -0.709934 0.509153 -0.530489
v -0.780000 0.523090 -0.530489
v -0.780000 0.511910 -0.534122
v -0.714213 0.498824 -0.534122
v -0.714213 0.498824 -0.534122
v -0.780000 0.511910 -0.534122
v -0.780000 0.511910 -0.545878
v -0.714213 0.498824 -0.545878
v -0.714213 0.498824 -0.545878
v -0.780000 0.511910 -0.545878
v -0.780000 0.523090 -0.549511
v -0.709934 0.509153 -0.549511
v -0.709934 0.509153 -0.549511
v -0.780000 0.523090 -0.549511
v -0.780000 0.530000 -0.540000
v -0.707290 0.515537 -0.540000
v -0.780000 0.530000 -0.540000
v -0.852710 0.515537 -0.540000
v -0.850066 0.509153 -0.530489
v -0.780000 0.523090 -0.530489
v -0.780000 0.523090 -0.530489
v -0.850066 0.509153 -0.530489
v -0.845787 0.498824 -0.534122
v -0.780000 0.511910 -0.534122
v -0.780000 0.511910 -0.534122
v -0.845787 0.498824 -0.534122
v -0.845787 0.498824 -0.545878
v -0.780000 0.511910 -0.545878
v -0.780000 0.511910 -0.545878
v -0.845787 0.498824 -0.545878
v -0.850066 0.509153 -0.549511
v -0.780000 0.523090 -0.549511
v -0.780000 0.523090 -0.549511
v -0.850066 0.509153 -0.549511
v -0.852710 0.515537 -0.540000
v -0.780000 0.530000 -0.540000
v -0.852710 0.515537 -0.540000
v -0.914350 0.474350 -0.540000
v -0.909464 0.469464 -0.530489
v -0.850066 0.509153 -0.530489
v -0.850066 0.509153 -0.530489
v -0.909464 0.469464 -0.530489
v -0.901559 0.461559 -0.534122
v -0.845787 0.498824 -0.534122
v -0.845787 0.498824 -0.534122
v -0.901559 0.461559 -0.534122
v -0.901559 0.461559 -0.545878
v -0.845787 0.498824 -0.545878
v -0.845787 0.498824 -0.545878
v -0.901559 0.461559 -0.545878
v -0.909464 0.469464 -0.549511
v -0.850066 0.509153 -0.549511
v -0.850066 0.509153 -0.549511
v -0.909464 0.469464 -0.549511
v -0.914350 0.474350 -0.540000
v -0.852710 0.515537 -0.540000
v -0.914350 0.474350 -0.540000
v -0.955537 0.412710 -0.540000
v -0.949153 0.410066 -0.530489
v -0.909464 0.469464 -0.530489
v -0.909464 0.469464 -0.530489
v -0.949153 0.410066 -0.530489
v -0.938824 0.405787 -0.534122
v -0.901559 0.461559 -0.534122
v -0.901559 0.461559 -0.534122
v -0.938824 0.405787 -0.534122
v -0.938824 0.405787 -0.545878
v -0.901559 0.461559 -0.545878
v -0.901559 0.461559 -0.545878
v -0.938824 0.405787 -0.545878
v -0.949153 0.410066 -0.549511
v -0.909464 0.469464 -0.549511
v -0.909464 0.469464 -0.549511
v -0.949153 0.410066 -0.549511
v -0.955537 0.412710 -0.540000
v -0.914350 0.474350 -0.540000
v -0.955537 0.412710 -0.540000
v -0.970000 0.340000 -0.540000
v -0.963090 0.340000 -0.530489
v -0.949153 0.410066 -0.530489
v -0.949153 0.410066 -0.530489
v -0.963090 0.340000 -0.530489
v -0.951910 0.340000 -0.534122
v -0.938824 0.405787 -0.534122
v -0.938824 0.405787 -0.534122
v -0.951910 0.340000 -0.534122
v -0.951910 0.340000 -0.545878
v -0.938824 0.405787 -0.545878
v -0.938824 0.405787 -0.545878
v -0.951910 0.340000 -0.545878
v -0.963090 0.340000 -0.549511
v -0.949153 0.410066 -0.549511
v -0.949153 0.410066 -0.549511
v -0.963090 0.340000 -0.549511
v -0.970000 0.340000 -0.540000
v -0.955537 0.412710 -0.540000
v -0.970000 0.340000 -0.540000
v -0.955537 0.267290 -0.540000
v -0.949153 0.269934 -0.530489
v -0.963090 0.340000 -0.530489
v -0.963090 0.340000 -0.530489
v -0.949153 0.269934 -0.530489
v -0.938824 0.274213 -0.534122
v -0.951910 0.340000 -0.534122
v -0.951910 0.340000 -0.534122
v -0.938824 0.274213 -0.534122
v -0.938824 0.274213 -0.545878
v -0.951910 0.340000 -0.545878
v -0.951910 0.340000 -0.545878
v -0.938824 0.274213 -0.545878
v -0.949153 0.269934 -0.549511
v -0.963090 0.340000 -0.549511
v -0.963090 0.340000 -0.549511
v -0.949153 0.269934 -0.549511
v -0.955537 0.267290 -0.540000
v -0.970000 0.340000 -0.540000
v -0.955537 0.267290 -0.540000
v -0.914350 0.205650 -0.540000
v -0.909464 0.210536 -0.530489
v -0.949153 0.269934 -0.530489
v -0.949153 0.269934 -0.530489
v -0.909464 0.210536 -0.530489
v -0.901559 0.218441 -0.534122
v -0.938824 0.274213 -0.534122
v -0.938824 0.274213 -0.534122
v -0.901559 0.218441 -0.534122
v -0.901559 0.218441 -0.545878
v -0.938824 0.274213 -0.545878
v -0.938824 0.274213 -0.545878
v -0.901559 0.218441 -0.545878
v -0.909464 0.210536 -0.549511
v -0.949153 0.269934 -0.549511
v -0.949153 0.269934 -0.549511
v -0.909464 0.210536 -0.549511
v -0.914350 0.205650 -0.540000
v -0.955537 0.267290 -0.540000
v -0.914350 0.205650 -0.540000
v -0.852710 0.164463 -0.540000
v -0.850066 0.170847 -0.530489
v -0.909464 0.210536 -0.530489
v -0.909464 0.210536 -0.530489
v -0.850066 0.170847 -0.530489
v -0.845787 0.181176 -0.534122
v -0.901559 0.218441 -0.534122
v -0.901559 0.218441 -0.534122
v -0.845787 0.181176 -0.534122
v -0.845787 0.181176 -0.545878
v -0.901559 0.218441 -0.545878
v -0.901559 0.218441 -0.545878
v -0.845787 0.181176 -0.545878
v -0.850066 0.170847 -0.549511
v -0.909464 0.210536 -0.549511
v -0.909464 0.210536 -0.549511
v -0.850066 0.170847 -0.549511
v -0.852710 0.164463 -0.540000
v -0.914350 0.205650 -0.540000
v -0.852710 0.164463 -0.540000
v -0.780000 0.150000 -0.540000
v -0.780000 0.156910 -0.530489
v -0.850066 0.170847 -0.530489
v -0.850066 0.170847 -0.530489
v -0.780000 0.156910 -0.530489
v -0.780000 0.168090 -0.534122
v -0.845787 0.181176 -0.534122
v -0.845787 0.181176 -0.534122
v -0.780000 0.168090 -0.534122
v -0.780000 0.168090 -0.545878
v -0.845787 0.181176 -0.545878
v -0.845787 0.181176 -0.545878
v -0.780000 0.168090 -0.545878
v -0.780000 0.156910 -0.549511
v -0.850066 0.170847 -0.549511
v -0.850066 0.170847 -0.549511
v -0.780000 0.156910 -0.549511
v -0.780000 0.150000 -0.540000
v -0.852710 0.164463 -0.540000
v -0.780000 0.150000 -0.540000
v -0.707290 0.164463 -0.540000
v -0.709934 0.170847 -0.530489
v -0.780000 0.156910 -0.530489
v -0.780000 0.156910 -0.530489
v -0.709934 0.170847 -0.530489
v -0.714213 0.181176 -0.534122
v -0.780000 0.168090 -0.534122
v -0.780000 0.168090 -0.534122
v -0.714213 0.181176 -0.534122
v -0.714213 0.181176 -0.545878
v -0.780000 0.168090 -0.545878
v -0.780000 0.168090 -0.545878
v -0.714213 0.181176 -0.545878
v -0.709934 0.170847 -0.549511
v -0.780000 0.156910 -0.549511
v -0.780000 0.156910 -0.549511
v -0.709934 0.170847 -0.549511
v -0.707290 0.164463 -0.540000
v -0.780000 0.150000 -0.540000
v -0.707290 0.164463 -0.540000
v -0.645650 0.205650 -0.540000
v -0.650536 0.210536 -0.530489
v -0.709934 0.170847 -0.530489
v -0.709934 0.170847 -0.530489
v -0.650536 0.210536 -0.530489
v -0.658441 0.218441 -0.534122
v -0.714213 0.181176 -0.534122
v -0.714213 0.181176 -0.534122
v -0.658441 0.218441 -0.534122
v -0.658441 0.218441 -0.545878
v -0.714213 0.181176 -0.545878
v -0.714213 0.181176 -0.545878
v -0.658441 0.218441 -0.545878
v -0.650536 0.210536 -0.549511
v -0.709934 0.170847 -0.549511
v -0.709934 0.170847 -0.549511
v -0.650536 0.210536 -0.549511
v -0.645650 0.205650 -0.540000
v -0.707290 0.164463 -0.540000
v -0.645650 0.205650 -0.540000
v -0.604463 0.267290 -0.540000
v -0.610847 0.269934 -0.530489
v -0.650536 0.210536 -0.530489
v -0.650536 0.210536 -0.530489
v -0.610847 0.269934 -0.530489
v -0.621176 0.274213 -0.534122
v -0.658441 0.218441 -0.534122
v -0.658441 0.218441 -0.534122
v -0.621176 0.274213 -0.534122
v -0.621176 0.274213 -0.545878
v -0.658441 0.218441 -0.545878
v -0.658441 0.218441 -0.545878
v -0.621176 0.274213 -0.545878
v -0.610847 0.269934 -0.549511
v -0.650536 0.210536 -0.549511
v -0.650536 0.210536 -0.549511
v -0.610847 0.269934 -0.549511
v -0.604463 0.267290 -0.540000
v -0.645650 0.205650 -0.540000
v -0.604463 0.267290 -0.540000
v -0.590000 0.340000 -0.540000
v -0.596910 0.340000 -0.530489
v -0.610847 0.269934 -0.530489
v -0.610847 0.269934 -0.530489
v -0.596910 0.340000 -0.530489
v -0.608090 0.340000 -0.534122
v -0.621176 0.274213 -0.534122
v -0.621176 0.274213 -0.534122
v -0.608090 0.340000 -0.534122
v -0.608090 0.340000 -0.545878
v -0.621176 0.274213 -0.545878
v -0.621176 0.274213 -0.545878
v -0.608090 0.340000 -0.545878
v -0.596910 0.340000 -0.549511
v -0.610847 0.269934 -0.549511
v -0.610847 0.269934 -0.549511
v -0.596910 0.340000 -0.549511
v -0.590000 0.340000 -0.540000
v -0.604463 0.267290 -0.540000
v 0.573717 0.045000 -0.249104
v 1.280489 0.045000 -0.386487
v 1.280489 0.065000 -0.386487
v 0.573717 0.065000 -0.249104
v 1.326283 0.045000 -0.150896
v 0.619511 0.045000 -0.013513
v 0.619511 0.065000 -0.013513
v 1.326283 0.065000 -0.150896
v 0.619511 0.045000 -0.013513
v 0.573717 0.045000 -0.249104
v 0.573717 0.065000 -0.249104
v 0.619511 0.065000 -0.013513
v 1.280489 0.045000 -0.386487
v 1.326283 0.045000 -0.150896
v 1.326283 0.065000 -0.150896
v 1.280489 0.065000 -0.386487
v 0.573717 0.065000 -0.249104
v 1.280489 0.065000 -0.386487
v 1.326283 0.065000 -0.150896
v 0.619511 0.065000 -0.013513
v 0.619511 0.045000 -0.013513
v 1.326283 0.045000 -0.150896
v 1.280489 0.045000 -0.386487
v 0.573717 0.045000 -0.249104
vt 0.000000 0.000000
vt 1.000000 0.000000
vt 1.000000 1.000000
vt 0.000000 1.000000
vt 0.000000 0.000000
vt 1.000000 0.000000
vt 1.000000 1.000000
vt 0.000000 1.000000
vt 0.000000 0.000000
vt 1.000000 0.000000
vt 1.000000 1.000000
vt 0.000000 1.000000
vt 0.000000 0.000000
vt 1.000000 0.000000
vt 1.000000 1.000000
vt 0.000000 1.000000
vt 0.000000 0.000000
vt 1.000000 0.000000
vt 1.000000 1.000000
vt 0.000000 1.000000
vt 0.000000 0.000000
vt 1.000000 0.000000
vt 1.000000 1.000000
vt 0.000000 1.000000
vt 0.000000 0.000000
vt 1.000000 0.000000
vt 1.000000 1.000000
vt 0.000000 1.000000
vt 0.000000 0.000000
vt 1.000000 0.000000
vt 1.000000 1.000000
vt 0.000000 1.000000
vt 0.000000 0.000000
vt 1.000000 0.000000
vt 1.000000 1.000000
vt 0.000000 1.000000
vt 0.000000 0.000000
vt 1.000000 0.000000
vt 1.000000 1.000000
vt 0.000000 1.000000
vt 0.000000 0.000000
vt 1.000000 0.000000
vt 1.000000 1.000000
vt 0.000000 1.000000
vt 0.000000 0.000000
vt 1.000000 0.000000
vt 1.000000 1.000000
vt 0.000000 1.000000
vt 0.000000 0.000000
vt 1.000000 0.000000
vt 1.000000 1.000000
vt 0.000000 1.000000
vt 0.000000 0.000000
vt 1.000000 0.000000
vt 1.000000 1.000000
vt 0.000000 1.000000
vt 0.000000 0.000000
vt 1.000000 0.000000
vt 1.000000 1.000000
vt 0.000000 1.000000
vt 0.000000 0.000000
vt 1.000000 0.000000
vt 1.000000 1.000000
vt 0.000000 1.000000
vt 0.000000 0.000000
vt 1.000000 0.000000
vt 1.000000 1.000000
vt 0.000000 1.000000
vt 0.000000 0.000000
vt 1.000000 0.000000
vt 1.000000 1.000000
vt 0.000000 1.000000
vt 0.000000 0.000000
vt 1.000000 0.000000
vt 1.000000 1.000000
vt 0.000000 1.000000
vt 0.000000 0.000000
vt 1.000000 0.000000
vt 1.000000 1.000000
vt 0.000000 1.000000
vt 0.000000 0.000000
vt 1.000000 0.000000
vt 1.000000 1.000000
vt 0.000000 1.000000
vt 0.000000 0.000000
vt 1.000000 0.000000
vt 1.000000 1.000000
vt 0.000000 1.000000
vt 0.000000 0.000000
vt 1.000000 0.000000
vt 1.000000 1.000000
vt 0.000000 1.000000
vt 0.000000 0.000000
vt 1.000000 0.000000
vt 1.000000 1.000000
vt 0.000000 1.000000
vt 0.000000 0.000000
vt 1.000000 0.000000
vt 1.000000 1.000000
vt 0.000000 1.000000
vt 0.000000 0.000000
vt 1.000000 0.000000
vt 1.000000 1.000000
vt 0.000000 1.000000
vt 0.000000 0.000000
vt 1.000000 0.000000
vt 1.000000 1.000000
vt 0.000000 1.000000
vt 0.000000 0.000000
vt 1.000000 0.000000
vt 1.000000 1.000000
vt 0.000000 1.000000
vt 0.000000 0.000000
vt 1.000000 0.000000
vt 1.000000 1.000000
vt 0.000000 1.000000
vt 0.000000 0.000000
vt 1.000000 0.000000
vt 1.000000 1.000000
vt 0.000000 1.000000
vt 0.000000 0.000000
vt 1.000000 0.000000
vt 1.000000 1.000000
vt 0.000000 1.000000
vt 0.000000 0.000000
vt 1.000000 0.000000
vt 1.000000 1.000000
vt 0.000000 1.000000
vt 0.000000 0.000000
vt 1.000000 0.000000
vt 1.000000 1.000000
vt 0.000000 1.000000
vt 0.000000 0.000000
vt 1.000000 0.000000
vt 1.000000 1.000000
vt 0.000000 1.000000
vt 0.000000 0.000000
vt 1.000000 0.000000
vt 1.000000 1.000000
vt 0.000000 1.000000
vt 0.000000 0.000000
vt 1.000000 0.000000
vt 1.000000 1.000000
vt 0.000000 1.000000
vt 0.000000 0.000000
vt 1.000000 0.000000
vt 1.000000 1.000000
vt 0.000000 1.000000
vt 0.000000 0.000000
vt 1.000000 0.000000
vt 1.000000 1.000000
vt 0.000000 1.000000
vt 0.000000 0.000000
vt 1.000000 0.000000
vt 1.000000 1.000000
vt 0.000000 1.000000
vt 0.000000 0.000000
vt 1.000000 0.000000
vt 1.000000 1.000000
vt 0.000000 1.000000
vt 0.000000 0.000000
vt 1.000000 0.000000
vt 1.000000 1.000000
vt 0.000000 1.000000
vt 0.000000 0.000000
vt 1.000000 0.000000
vt 1.000000 1.000000
vt 0.000000 1.000000
vt 0.000000 0.000000
vt 1.000000 0.000000
vt 1.000000 1.000000
vt 0.000000 1.000000
vt 0.000000 0.000000
vt 1.000000 0.000000
vt 1.000000 1.000000
vt 0.000000 1.000000
vt 0.000000 0.000000
vt 1.000000 0.000000
vt 1.000000 1.000000
vt 0.000000 1.000000
vt 0.000000 0.000000
vt 1.000000 0.000000
vt 1.000000 1.000000
vt 0.000000 1.000000
vt 0.000000 0.000000
vt 1.000000 0.000000
vt 1.000000 1.000000
vt 0.000000 1.000000
vt 0.000000 0.000000
vt 1.000000 0.000000
vt 1.000000 1.000000
vt 0.000000 1.000000
vt 0.000000 0.000000
vt 1.000000 0.000000
vt 1.000000 1.000000
vt 0.000000 1.000000
vt 0.000000 0.000000
vt 1.000000 0.000000
vt 1.000000 1.000000
vt 0.000000 1.000000
vt 0.000000 0.000000
vt 1.000000 0.000000
vt 1.000000 1.000000
vt 0.000000 1.000000
vt 0.500000 0.500000
vt 0.000000 0.000000
vt 1.000000 0.000000
vt 0.000000 0.000000
vt 1.000000 0.000000
vt 0.000000 0.000000
vt 1.000000 0.000000
vt 0.000000 0.000000
vt 1.000000 0.000000
vt 0.000000 0.000000
vt 1.000000 0.000000
vt 0.000000 0.000000
vt 1.000000 0.000000
vt 0.000000 0.000000
vt 1.000000 0.000000
vt 0.500000 0.500000
vt 0.000000 0.000000
vt 1.000000 0.000000
vt 0.000000 0.000000
vt 1.000000 0.000000
vt 0.000000 0.000000
vt 1.000000 0.000000
vt 0.000000 0.000000
vt 1.000000 0.000000
vt 0.000000 0.000000
vt 1.000000 0.000000
vt 0.000000 0.000000
vt 1.000000 0.000000
vt 0.000000 0.000000
vt 1.000000 0.000000
vt 0.000000 0.000000
vt 1.000000 0.000000
vt 1.000000 1.000000
vt 0.000000 1.000000
vt 0.000000 0.000000
vt 1.000000 0.000000
vt 1.000000 1.000000
vt 0.000000 1.000000
vt 0.000000 0.000000
vt 1.000000 0.000000
vt 1.000000 1.000000
vt 0.000000 1.000000
vt 0.000000 0.000000
vt 1.000000 0.000000
vt 1.000000 1.000000
vt 0.000000 1.000000
vt 0.000000 0.000000
vt 1.000000 0.000000
vt 1.000000 1.000000
vt 0.000000 1.000000
vt 0.000000 0.000000
vt 1.000000 0.000000
vt 1.000000 1.000000
vt 0.000000 1.000000
vt 0.000000 0.000000
vt 1.000000 0.000000
vt 1.000000 1.000000
vt 0.000000 1.000000
vt 0.500000 0.500000
vt 0.000000 0.000000
vt 1.000000 0.000000
vt 0.000000 0.000000
vt 1.000000 0.000000
vt 0.000000 0.000000
vt 1.000000 0.000000
vt 0.000000 0.000000
vt 1.000000 0.000000
vt 0.000000 0.000000
vt 1.000000 0.000000
vt 0.000000 0.000000
vt 1.000000 0.000000
vt 0.000000 0.000000
vt 1.000000 0.000000
vt 0.500000 0.500000
vt 0.000000 0.000000
vt 1.000000 0.000000
vt 0.000000 0.000000
vt 1.000000 0.000000
vt 0.000000 0.000000
vt 1.000000 0.000000
vt 0.000000 0.000000
vt 1.000000 0.000000
vt 0.000000 0.000000
vt 1.000000 0.000000
vt 0.000000 0.000000
vt 1.000000 0.000000
vt 0.000000 0.000000
vt 1.000000 0.000000
vt 0.000000 0.000000
vt 1.000000 0.000000
vt 1.000000 1.000000
vt 0.000000 1.000000
vt 0.000000 0.000000
vt 1.000000 0.000000
vt 1.000000 1.000000
vt 0.000000 1.000000
vt 0.000000 0.000000
vt 1.000000 0.000000
vt 1.000000 1.000000
vt 0.000000 1.000000
vt 0.000000 0.000000
vt 1.000000 0.000000
vt 1.000000 1.000000
vt 0.000000 1.000000
vt 0.000000 0.000000
vt 1.000000 0.000000
vt 1.000000 1.000000
vt 0.000000 1.000000
vt 0.000000 0.000000
vt 1.000000 0.000000
vt 1.000000 1.000000
vt 0.000000 1.000000
vt 0.000000 0.000000
vt 1.000000 0.000000
vt 1.000000 1.000000
vt 0.000000 1.000000
vt 0.500000 0.500000
vt 0.000000 0.000000
vt 1.000000 0.000000
vt 0.000000 0.000000
vt 1.000000 0.000000
vt 0.000000 0.000000
vt 1.000000 0.000000
vt 0.000000 0.000000
vt 1.000000 0.000000
vt 0.000000 0.000000
vt 1.000000 0.000000
vt 0.000000 0.000000
vt 1.000000 0.000000
vt 0.000000 0.000000
vt 1.000000 0.000000
vt 0.500000 0.500000
vt 0.000000 0.000000
vt 1.000000 0.000000
vt 0.000000 0.000000
vt 1.000000 0.000000
vt 0.000000 0.000000
vt 1.000000 0.000000
vt 0.000000 0.000000
vt 1.000000 0.000000
vt 0.000000 0.000000
vt 1.000000 0.000000
vt 0.000000 0.000000
vt 1.000000 0.000000
vt 0.000000 0.000000
vt 1.000000 0.000000
vt 0.000000 0.000000
vt 1.000000 0.000000
vt 1.000000 1.000000
vt 0.000000 1.000000
vt 0.000000 0.000000
vt 1.000000 0.000000
vt 1.000000 1.000000
vt 0.000000 1.000000
vt 0.000000 0.000000
vt 1.000000 0.000000
vt 1.000000 1.000000
vt 0.000000 1.000000
vt 0.000000 0.000000
vt 1.000000 0.000000
vt 1.000000 1.000000
vt 0.000000 1.000000
vt 0.000000 0.000000
vt 1.000000 0.000000
vt 1.000000 1.000000
vt 0.000000 1.000000
vt 0.000000 0.000000
vt 1.000000 0.000000
vt 1.000000 1.000000
vt 0.000000 1.000000
vt 0.000000 0.000000
vt 1.000000 0.000000
vt 1.000000 1.000000
vt 0.000000 1.000000
vt 0.500000 0.500000
vt 0.000000 0.000000
vt 1.000000 0.000000
vt 0.000000 0.000000
vt 1.000000 0.000000
vt 0.000000 0.000000
vt 1.000000 0.000000
vt 0.000000 0.000000
vt 1.000000 0.000000
vt 0.000000 0.000000
vt 1.000000 0.000000
vt 0.000000 0.000000
vt 1.000000 0.000000
vt 0.000000 0.000000
vt 1.000000 0.000000
vt 0.500000 0.500000
vt 0.000000 0.000000
vt 1.000000 0.000000
vt 0.000000 0.000000
vt 1.000000 0.000000
vt 0.000000 0.000000
vt 1.000000 0.000000
vt 0.000000 0.000000
vt 1.000000 0.000000
vt 0.000000 0.000000
vt 1.000000 0.000000
vt 0.000000 0.000000
vt 1.000000 0.000000
vt 0.000000 0.000000
vt 1.000000 0.000000
vt 0.000000 0.000000
vt 1.000000 0.000000
vt 1.000000 1.000000
vt 0.000000 1.000000
vt 0.000000 0.000000
vt 1.000000 0.000000
vt 1.000000 1.000000
vt 0.000000 1.000000
vt 0.000000 0.000000
vt 1.000000 0.000000
vt 1.000000 1.000000
vt 0.000000 1.000000
vt 0.000000 0.000000
vt 1.000000 0.000000
vt 1.000000 1.000000
vt 0.000000 1.000000
vt 0.000000 0.000000
vt 1.000000 0.000000
vt 1.000000 1.000000
vt 0.000000 1.000000
vt 0.000000 0.000000
vt 1.000000 0.000000
vt 1.000000 1.000000
vt 0.000000 1.000000
vt 0.000000 0.000000
vt 1.000000 0.000000
vt 1.000000 1.000000
vt 0.000000 1.000000
vt 0.500000 0.500000
vt 0.000000 0.000000
vt 1.000000 0.000000
vt 0.000000 0.000000
vt 1.000000 0.000000
vt 0.000000 0.000000
vt 1.000000 0.000000
vt 0.000000 0.000000
vt 1.000000 0.000000
vt 0.000000 0.000000
vt 1.000000 0.000000
vt 0.000000 0.000000
vt 1.000000 0.000000
vt 0.000000 0.000000
vt 1.000000 0.000000
vt 0.500000 0.500000
vt 0.000000 0.000000
vt 1.000000 0.000000
vt 0.000000 0.000000
vt 1.000000 0.000000
vt 0.000000 0.000000
vt 1.000000 0.000000
vt 0.000000 0.000000
vt 1.000000 0.000000
vt 0.000000 0.000000
vt 1.000000 0.000000
vt 0.000000 0.000000
vt 1.000000 0.000000
vt 0.000000 0.000000
vt 1.000000 0.000000
vt 0.000000 0.000000
vt 1.000000 0.000000
vt 1.000000 1.000000
vt 0.000000 1.000000
vt 0.000000 0.000000
vt 1.000000 0.000000
vt 1.000000 1.000000
vt 0.000000 1.000000
vt 0.000000 0.000000
vt 1.000000 0.000000
vt 1.000000 1.000000
vt 0.000000 1.000000
vt 0.000000 0.000000
vt 1.000000 0.000000
vt 1.000000 1.000000
vt 0.000000 1.000000
vt 0.000000 0.000000
vt 1.000000 0.000000
vt 1.000000 1.000000
vt 0.000000 1.000000
vt 0.000000 0.000000
vt 1.000000 0.000000
vt 1.000000 1.000000
vt 0.000000 1.000000
vt 0.000000 0.000000
vt 1.000000 0.000000
vt 1.000000 1.000000
vt 0.000000 1.000000
vt 0.500000 0.500000
vt 0.000000 0.000000
vt 1.000000 0.000000
vt 0.000000 0.000000
vt 1.000000 0.000000
vt 0.000000 0.000000
vt 1.000000 0.000000
vt 0.000000 0.000000
vt 1.000000 0.000000
vt 0.000000 0.000000
vt 1.000000 0.000000
vt 0.000000 0.000000
vt 1.000000 0.000000
vt 0.000000 0.000000
vt 1.000000 0.000000
vt 0.500000 0.500000
vt 0.000000 0.000000
vt 1.000000 0.000000
vt 0.000000 0.000000
vt 1.000000 0.000000
vt 0.000000 0.000000
vt 1.000000 0.000000
vt 0.000000 0.000000
vt 1.000000 0.000000
vt 0.000000 0.000000
vt 1.000000 0.000000
vt 0.000000 0.000000
vt 1.000000 0.000000
vt 0.000000 0.000000
vt 1.000000 0.000000
vt 0.000000 0.000000
vt 1.000000 0.000000
vt 1.000000 1.000000
vt 0.000000 1.000000
vt 0.000000 0.000000
vt 1.000000 0.000000
vt 1.000000 1.000000
vt 0.000000 1.000000
vt 0.000000 0.000000
vt 1.000000 0.000000
vt 1.000000 1.000000
vt 0.000000 1.000000
vt 0.000000 0.000000
vt 1.000000 0.000000
vt 1.000000 1.000000
vt 0.000000 1.000000
vt 0.000000 0.000000
vt 1.000000 0.000000
vt 1.000000 1.000000
vt 0.000000 1.000000
vt 0.000000 0.000000
vt 1.000000 0.000000
vt 1.000000 1.000000
vt 0.000000 1.000000
vt 0.000000 0.000000
vt 1.000000 0.000000
vt 1.000000 1.000000
vt 0.000000 1.000000
vt 0.500000 0.500000
vt 0.000000 0.000000
vt 1.000000 0.000000
vt 0.000000 0.000000
vt 1.000000 0.000000
vt 0.000000 0.000000
vt 1.000000 0.000000
vt 0.000000 0.000000
vt 1.000000 0.000000
vt 0.000000 0.000000
vt 1.000000 0.000000
vt 0.000000 0.000000
vt 1.000000 0.000000
vt 0.000000 0.000000
vt 1.000000 0.000000
vt 0.500000 0.500000
vt 0.000000 0.000000
vt 1.000000 0.000000
vt 0.000000 0.000000
vt 1.000000 0.000000
vt 0.000000 0.000000
vt 1.000000 0.000000
vt 0.000000 0.000000
vt 1.000000 0.000000
vt 0.000000 0.000000
vt 1.000000 0.000000
vt 0.000000 0.000000
vt 1.000000 0.000000
vt 0.000000 0.000000
vt 1.000000 0.000000
vt 0.000000 0.000000
vt 1.000000 0.000000
vt 1.000000 1.000000
vt 0.000000 1.000000
vt 0.000000 0.000000
vt 1.000000 0.000000
vt 1.000000 1.000000
vt 0.000000 1.000000
vt 0.000000 0.000000
vt 1.000000 0.000000
vt 1.000000 1.000000
vt 0.000000 1.000000
vt 0.000000 0.000000
vt 1.000000 0.000000
vt 1.000000 1.000000
vt 0.000000 1.000000
vt 0.000000 0.000000
vt 1.000000 0.000000
vt 1.000000 1.000000
vt 0.000000 1.000000
vt 0.000000 0.000000
vt 1.000000 0.000000
vt 1.000000 1.000000
vt 0.000000 1.000000
vt 0.000000 0.000000
vt 1.000000 0.000000
vt 1.000000 1.000000
vt 0.000000 1.000000
vt 0.500000 0.500000
vt 0.000000 0.000000
vt 1.000000 0.000000
vt 0.000000 0.000000
vt 1.000000 0.000000
vt 0.000000 0.000000
vt 1.000000 0.000000
vt 0.000000 0.000000
vt 1.000000 0.000000
vt 0.000000 0.000000
vt 1.000000 0.000000
vt 0.000000 0.000000
vt 1.000000 0.000000
vt 0.000000 0.000000
vt 1.000000 0.000000
vt 0.500000 0.500000
vt 0.000000 0.000000
vt 1.000000 0.000000
vt 0.000000 0.000000
vt 1.000000 0.000000
vt 0.000000 0.000000
vt 1.000000 0.000000
vt 0.000000 0.000000
vt 1.000000 0.000000
vt 0.000000 0.000000
vt 1.000000 0.000000
vt 0.000000 0.000000
vt 1.000000 0.000000
vt 0.000000 0.000000
vt 1.000000 0.000000
vt 0.000000 0.000000
vt 1.000000 0.000000
vt 1.000000 1.000000
vt 0.000000 1.000000
vt 0.000000 0.000000
vt 1.000000 0.000000
vt 1.000000 1.000000
vt 0.000000 1.000000
vt 0.000000 0.000000
vt 1.000000 0.000000
vt 1.000000 1.000000
vt 0.000000 1.000000
vt 0.000000 0.000000
vt 1.000000 0.000000
vt 1.000000 1.000000
vt 0.000000 1.000000
vt 0.000000 0.000000
vt 1.000000 0.000000
vt 1.000000 1.000000
vt 0.000000 1.000000
vt 0.000000 0.000000
vt 1.000000 0.000000
vt 1.000000 1.000000
vt 0.000000 1.000000
vt 0.000000 0.000000
vt 1.000000 0.000000
vt 1.000000 1.000000
vt 0.000000 1.000000
vt 0.500000 0.500000
vt 0.000000 0.000000
vt 1.000000 0.000000
vt 0.000000 0.000000
vt 1.000000 0.000000
vt 0.000000 0.000000
vt 1.000000 0.000000
vt 0.000000 0.000000
vt 1.000000 0.000000
vt 0.000000 0.000000
vt 1.000000 0.000000
vt 0.000000 0.000000
vt 1.000000 0.000000
vt 0.000000 0.000000
vt 1.000000 0.000000
vt 0.500000 0.500000
vt 0.000000 0.000000
vt 1.000000 0.000000
vt 0.000000 0.000000
vt 1.000000 0.000000
vt 0.000000 0.000000
vt 1.000000 0.000000
vt 0.000000 0.000000
vt 1.000000 0.000000
vt 0.000000 0.000000
vt 1.000000 0.000000
vt 0.000000 0.000000
vt 1.000000 0.000000
vt 0.000000 0.000000
vt 1.000000 0.000000
vt 0.000000 0.000000
vt 1.000000 0.000000
vt 1.000000 1.000000
vt 0.000000 1.000000
vt 0.000000 0.000000
vt 1.000000 0.000000
vt 1.000000 1.000000
vt 0.000000 1.000000
vt 0.000000 0.000000
vt 1.000000 0.000000
vt 1.000000 1.000000
vt 0.000000 1.000000
vt 0.000000 0.000000
vt 1.000000 0.000000
vt 1.000000 1.000000
vt 0.000000 1.000000
vt 0.000000 0.000000
vt 1.000000 0.000000
vt 1.000000 1.000000
vt 0.000000 1.000000
vt 0.000000 0.000000
vt 1.000000 0.000000
vt 1.000000 1.000000
vt 0.000000 1.000000
vt 0.000000 0.000000
vt 1.000000 0.000000
vt 1.000000 1.000000
vt 0.000000 1.000000
vt 0.500000 0.500000
vt 0.000000 0.000000
vt 1.000000 0.000000
vt 0.000000 0.000000
vt 1.000000 0.000000
vt 0.000000 0.000000
vt 1.000000 0.000000
vt 0.000000 0.000000
vt 1.000000 0.000000
vt 0.000000 0.000000
vt 1.000000 0.000000
vt 0.000000 0.000000
vt 1.000000 0.000000
vt 0.000000 0.000000
vt 1.000000 0.000000
vt 0.500000 0.500000
vt 0.000000 0.000000
vt 1.000000 0.000000
vt 0.000000 0.000000
vt 1.000000 0.000000
vt 0.000000 0.000000
vt 1.000000 0.000000
vt 0.000000 0.000000
vt 1.000000 0.000000
vt 0.000000 0.000000
vt 1.000000 0.000000
vt 0.000000 0.000000
vt 1.000000 0.000000
vt 0.000000 0.000000
vt 1.000000 0.000000
vt 0.000000 0.000000
vt 1.000000 0.000000
vt 1.000000 1.000000
vt 0.000000 1.000000
vt 0.000000 0.000000
vt 1.000000 0.000000
vt 1.000000 1.000000
vt 0.000000 1.000000
vt 0.000000 0.000000
vt 1.000000 0.000000
vt 1.000000 1.000000
vt 0.000000 1.000000
vt 0.000000 0.000000
vt 1.000000 0.000000
vt 1.000000 1.000000
vt 0.000000 1.000000
vt 0.000000 0.000000
vt 1.000000 0.000000
vt 1.000000 1.000000
vt 0.000000 1.000000
vt 0.000000 0.000000
vt 1.000000 0.000000
vt 1.000000 1.000000
vt 0.000000 1.000000
vt 0.000000 0.000000
vt 1.000000 0.000000
vt 1.000000 1.000000
vt 0.000000 1.000000
vt 0.500000 0.500000
vt 0.000000 0.000000
vt 1.000000 0.000000
vt 0.000000 0.000000
vt 1.000000 0.000000
vt 0.000000 0.000000
vt 1.000000 0.000000
vt 0.000000 0.000000
vt 1.000000 0.000000
vt 0.000000 0.000000
vt 1.000000 0.000000
vt 0.000000 0.000000
vt 1.000000 0.000000
vt 0.000000 0.000000
vt 1.000000 0.000000
vt 0.500000 0.500000
vt 0.000000 0.000000
vt 1.000000 0.000000
vt 0.000000 0.000000
vt 1.000000 0.000000
vt 0.000000 0.000000
vt 1.000000 0.000000
vt 0.000000 0.000000
vt 1.000000 0.000000
vt 0.000000 0.000000
vt 1.000000 0.000000
vt 0.000000 0.000000
vt 1.000000 0.000000
vt 0.000000 0.000000
vt 1.000000 0.000000
vt 0.000000 0.000000
vt 1.000000 0.000000
vt 1.000000 1.000000
vt 0.000000 1.000000
vt 0.000000 0.000000
vt 1.000000 0.000000
vt 1.000000 1.000000
vt 0.000000 1.000000
vt 0.000000 0.000000
vt 1.000000 0.000000
vt 1.000000 1.000000
vt 0.000000 1.000000
vt 0.000000 0.000000
vt 1.000000 0.000000
vt 1.000000 1.000000
vt 0.000000 1.000000
vt 0.000000 0.000000
vt 1.000000 0.000000
vt 1.000000 1.000000
vt 0.000000 1.000000
vt 0.000000 0.000000
vt 1.000000 0.000000
vt 1.000000 1.000000
vt 0.000000 1.000000
vt 0.000000 0.000000
vt 1.000000 0.000000
vt 1.000000 1.000000
vt 0.000000 1.000000
vt 0.500000 0.500000
vt 0.000000 0.000000
vt 1.000000 0.000000
vt 0.000000 0.000000
vt 1.000000 0.000000
vt 0.000000 0.000000
vt 1.000000 0.000000
vt 0.000000 0.000000
vt 1.000000 0.000000
vt 0.000000 0.000000
vt 1.000000 0.000000
vt 0.000000 0.000000
vt 1.000000 0.000000
vt 0.000000 0.000000
vt 1.000000 0.000000
vt 0.500000 0.500000
vt 0.000000 0.000000
vt 1.000000 0.000000
vt 0.000000 0.000000
vt 1.000000 0.000000
vt 0.000000 0.000000
vt 1.000000 0.000000
vt 0.000000 0.000000
vt 1.000000 0.000000
vt 0.000000 0.000000
vt 1.000000 0.000000
vt 0.000000 0.000000
vt 1.000000 0.000000
vt 0.000000 0.000000
vt 1.000000 0.000000
vt 0.000000 0.000000
vt 1.000000 0.000000
vt 1.000000 1.000000
vt 0.000000 1.000000
vt 0.000000 0.000000
vt 1.000000 0.000000
vt 1.000000 1.000000
vt 0.000000 1.000000
vt 0.000000 0.000000
vt 1.000000 0.000000
vt 1.000000 1.000000
vt 0.000000 1.000000
vt 0.000000 0.000000
vt 1.000000 0.000000
vt 1.000000 1.000000
vt 0.000000 1.000000
vt 0.000000 0.000000
vt 1.000000 0.000000
vt 1.000000 1.000000
vt 0.000000 1.000000
vt 0.000000 0.000000
vt 1.000000 0.000000
vt 1.000000 1.000000
vt 0.000000 1.000000
vt 0.000000 0.000000
vt 1.000000 0.000000
vt 1.000000 1.000000
vt 0.000000 1.000000
vt 0.500000 0.500000
vt 0.000000 0.000000
vt 1.000000 0.000000
vt 0.000000 0.000000
vt 1.000000 0.000000
vt 0.000000 0.000000
vt 1.000000 0.000000
vt 0.000000 0.000000
vt 1.000000 0.000000
vt 0.000000 0.000000
vt 1.000000 0.000000
vt 0.000000 0.000000
vt 1.000000 0.000000
vt 0.000000 0.000000
vt 1.000000 0.000000
vt 0.500000 0.500000
vt 0.000000 0.000000
vt 1.000000 0.000000
vt 0.000000 0.000000
vt 1.000000 0.000000
vt 0.000000 0.000000
vt 1.000000 0.000000
vt 0.000000 0.000000
vt 1.000000 0.000000
vt 0.000000 0.000000
vt 1.000000 0.000000
vt 0.000000 0.000000
vt 1.000000 0.000000
vt 0.000000 0.000000
vt 1.000000 0.000000
vt 0.000000 0.000000
vt 1.000000 0.000000
vt 1.000000 1.000000
vt 0.000000 1.000000
vt 0.000000 0.000000
vt 1.000000 0.000000
vt 1.000000 1.000000
vt 0.000000 1.000000
vt 0.000000 0.000000
vt 1.000000 0.000000
vt 1.000000 1.000000
vt 0.000000 1.000000
vt 0.000000 0.000000
vt 1.000000 0.000000
vt 1.000000 1.000000
vt 0.000000 1.000000
vt 0.000000 0.000000
vt 1.000000 0.000000
vt 1.000000 1.000000
vt 0.000000 1.000000
vt 0.000000 0.000000
vt 1.000000 0.000000
vt 1.000000 1.000000
vt 0.000000 1.000000
vt 0.000000 0.000000
vt 1.000000 0.000000
vt 1.000000 1.000000
vt 0.000000 1.000000
vt 0.500000 0.500000
vt 0.000000 0.000000
vt 1.000000 0.000000
vt 0.000000 0.000000
vt 1.000000 0.000000
vt 0.000000 0.000000
vt 1.000000 0.000000
vt 0.000000 0.000000
vt 1.000000 0.000000
vt 0.000000 0.000000
vt 1.000000 0.000000
vt 0.000000 0.000000
vt 1.000000 0.000000
vt 0.000000 0.000000
vt 1.000000 0.000000
vt 0.500000 0.500000
vt 0.000000 0.000000
vt 1.000000 0.000000
vt 0.000000 0.000000
vt 1.000000 0.000000
vt 0.000000 0.000000
vt 1.000000 0.000000
vt 0.000000 0.000000
vt 1.000000 0.000000
vt 0.000000 0.000000
vt 1.000000 0.000000
vt 0.000000 0.000000
vt 1.000000 0.000000
vt 0.000000 0.000000
vt 1.000000 0.000000
vt 0.000000 0.000000
vt 1.000000 0.000000
vt 1.000000 1.000000
vt 0.000000 1.000000
vt 0.000000 0.000000
vt 1.000000 0.000000
vt 1.000000 1.000000
vt 0.000000 1.000000
vt 0.000000 0.000000
vt 1.000000 0.000000
vt 1.000000 1.000000
vt 0.000000 1.000000
vt 0.000000 0.000000
vt 1.000000 0.000000
vt 1.000000 1.000000
vt 0.000000 1.000000
vt 0.000000 0.000000
vt 1.000000 0.000000
vt 1.000000 1.000000
vt 0.000000 1.000000
vt 0.000000 0.000000
vt 1.000000 0.000000
vt 1.000000 1.000000
vt 0.000000 1.000000
vt 0.000000 0.000000
vt 1.000000 0.000000
vt 1.000000 1.000000
vt 0.000000 1.000000
vt 0.500000 0.500000
vt 0.000000 0.000000
vt 1.000000 0.000000
vt 0.000000 0.000000
vt 1.000000 0.000000
vt 0.000000 0.000000
vt 1.000000 0.000000
vt 0.000000 0.000000
vt 1.000000 0.000000
vt 0.000000 0.000000
vt 1.000000 0.000000
vt 0.000000 0.000000
vt 1.000000 0.000000
vt 0.000000 0.000000
vt 1.000000 0.000000
vt 0.500000 0.500000
vt 0.000000 0.000000
vt 1.000000 0.000000
vt 0.000000 0.000000
vt 1.000000 0.000000
vt 0.000000 0.000000
vt 1.000000 0.000000
vt 0.000000 0.000000
vt 1.000000 0.000000
vt 0.000000 0.000000
vt 1.000000 0.000000
vt 0.000000 0.000000
vt 1.000000 0.000000
vt 0.000000 0.000000
vt 1.000000 0.000000
vt 0.000000 0.000000
vt 1.000000 0.000000
vt 1.000000 1.000000
vt 0.000000 1.000000
vt 0.000000 0.000000
vt 1.000000 0.000000
vt 1.000000 1.000000
vt 0.000000 1.000000
vt 0.000000 0.000000
vt 1.000000 0.000000
vt 1.000000 1.000000
vt 0.000000 1.000000
vt 0.000000 0.000000
vt 1.000000 0.000000
vt 1.000000 1.000000
vt 0.000000 1.000000
vt 0.000000 0.000000
vt 1.000000 0.000000
vt 1.000000 1.000000
vt 0.000000 1.000000
vt 0.000000 0.000000
vt 1.000000 0.000000
vt 1.000000 1.000000
vt 0.000000 1.000000
vt 0.000000 0.000000
vt 1.000000 0.000000
vt 1.000000 1.000000
vt 0.000000 1.000000
vt 0.500000 0.500000
vt 0.000000 0.000000
vt 1.000000 0.000000
vt 0.000000 0.000000
vt 1.000000 0.000000
vt 0.000000 0.000000
vt 1.000000 0.000000
vt 0.000000 0.000000
vt 1.000000 0.000000
vt 0.000000 0.000000
vt 1.000000 0.000000
vt 0.000000 0.000000
vt 1.000000 0.000000
vt 0.000000 0.000000
vt 1.000000 0.000000
vt 0.500000 0.500000
vt 0.000000 0.000000
vt 1.000000 0.000000
vt 0.000000 0.000000
vt 1.000000 0.000000
vt 0.000000 0.000000
vt 1.000000 0.000000
vt 0.000000 0.000000
vt 1.000000 0.000000
vt 0.000000 0.000000
vt 1.000000 0.000000
vt 0.000000 0.000000
vt 1.000000 0.000000
vt 0.000000 0.000000
vt 1.000000 0.000000
vt 0.000000 0.000000
vt 1.000000 0.000000
vt 1.000000 1.000000
vt 0.000000 1.000000
vt 0.000000 0.000000
vt 1.000000 0.000000
vt 1.000000 1.000000
vt 0.000000 1.000000
vt 0.000000 0.000000
vt 1.000000 0.000000
vt 1.000000 1.000000
vt 0.000000 1.000000
vt 0.000000 0.000000
vt 1.000000 0.000000
vt 1.000000 1.000000
vt 0.000000 1.000000
vt 0.000000 0.000000
vt 1.000000 0.000000
vt 1.000000 1.000000
vt 0.000000 1.000000
vt 0.000000 0.000000
vt 1.000000 0.000000
vt 1.000000 1.000000
vt 0.000000 1.000000
vt 0.000000 0.000000
vt 1.000000 0.000000
vt 1.000000 1.000000
vt 0.000000 1.000000
vt 0.500000 0.500000
vt 0.000000 0.000000
vt 1.000000 0.000000
vt 0.000000 0.000000
vt 1.000000 0.000000
vt 0.000000 0.000000
vt 1.000000 0.000000
vt 0.000000 0.000000
vt 1.000000 0.000000
vt 0.000000 0.000000
vt 1.000000 0.000000
vt 0.000000 0.000000
vt 1.000000 0.000000
vt 0.000000 0.000000
vt 1.000000 0.000000
vt 0.500000 0.500000
vt 0.000000 0.000000
vt 1.000000 0.000000
vt 0.000000 0.000000
vt 1.000000 0.000000
vt 0.000000 0.000000
vt 1.000000 0.000000
vt 0.000000 0.000000
vt 1.000000 0.000000
vt 0.000000 0.000000
vt 1.000000 0.000000
vt 0.000000 0.000000
vt 1.000000 0.000000
vt 0.000000 0.000000
vt 1.000000 0.000000
vt 0.000000 0.000000
vt 1.000000 0.000000
vt 1.000000 1.000000
vt 0.000000 1.000000
vt 0.000000 0.000000
vt 1.000000 0.000000
vt 1.000000 1.000000
vt 0.000000 1.000000
vt 0.000000 0.000000
vt 1.000000 0.000000
vt 1.000000 1.000000
vt 0.000000 1.000000
vt 0.000000 0.000000
vt 1.000000 0.000000
vt 1.000000 1.000000
vt 0.000000 1.000000
vt 0.000000 0.000000
vt 1.000000 0.000000
vt 1.000000 1.000000
vt 0.000000 1.000000
vt 0.000000 0.000000
vt 1.000000 0.000000
vt 1.000000 1.000000
vt 0.000000 1.000000
vt 0.000000 0.000000
vt 1.000000 0.000000
vt 1.000000 1.000000
vt 0.000000 1.000000
vt 0.500000 0.500000
vt 0.000000 0.000000
vt 1.000000 0.000000
vt 0.000000 0.000000
vt 1.000000 0.000000
vt 0.000000 0.000000
vt 1.000000 0.000000
vt 0.000000 0.000000
vt 1.000000 0.000000
vt 0.000000 0.000000
vt 1.000000 0.000000
vt 0.000000 0.000000
vt 1.000000 0.000000
vt 0.000000 0.000000
vt 1.000000 0.000000
vt 0.500000 0.500000
vt 0.000000 0.000000
vt 1.000000 0.000000
vt 0.000000 0.000000
vt 1.000000 0.000000
vt 0.000000 0.000000
vt 1.000000 0.000000
vt 0.000000 0.000000
vt 1.000000 0.000000
vt 0.000000 0.000000
vt 1.000000 0.000000
vt 0.000000 0.000000
vt 1.000000 0.000000
vt 0.000000 0.000000
vt 1.000000 0.000000
vt 0.000000 0.000000
vt 1.000000 0.000000
vt 1.000000 1.000000
vt 0.000000 1.000000
vt 0.000000 0.000000
vt 1.000000 0.000000
vt 1.000000 1.000000
vt 0.000000 1.000000
vt 0.000000 0.000000
vt 1.000000 0.000000
vt 1.000000 1.000000
vt 0.000000 1.000000
vt 0.000000 0.000000
vt 1.000000 0.000000
vt 1.000000 1.000000
vt 0.000000 1.000000
vt 0.000000 0.000000
vt 1.000000 0.000000
vt 1.000000 1.000000
vt 0.000000 1.000000
vt 0.000000 0.000000
vt 1.000000 0.000000
vt 1.000000 1.000000
vt 0.000000 1.000000
vt 0.000000 0.000000
vt 1.000000 0.000000
vt 1.000000 1.000000
vt 0.000000 1.000000
vt 0.500000 0.500000
vt 0.000000 0.000000
vt 1.000000 0.000000
vt 0.000000 0.000000
vt 1.000000 0.000000
vt 0.000000 0.000000
vt 1.000000 0.000000
vt 0.000000 0.000000
vt 1.000000 0.000000
vt 0.000000 0.000000
vt 1.000000 0.000000
vt 0.000000 0.000000
vt 1.000000 0.000000
vt 0.000000 0.000000
vt 1.000000 0.000000
vt 0.500000 0.500000
vt 0.000000 0.000000
vt 1.000000 0.000000
vt 0.000000 0.000000
vt 1.000000 0.000000
vt 0.000000 0.000000
vt 1.000000 0.000000
vt 0.000000 0.000000
vt 1.000000 0.000000
vt 0.000000 0.000000
vt 1.000000 0.000000
vt 0.000000 0.000000
vt 1.000000 0.000000
vt 0.000000 0.000000
vt 1.000000 0.000000
vt 0.000000 0.000000
vt 1.000000 0.000000
vt 1.000000 1.000000
vt 0.000000 1.000000
vt 0.000000 0.000000
vt 1.000000 0.000000
vt 1.000000 1.000000
vt 0.000000 1.000000
vt 0.000000 0.000000
vt 1.000000 0.000000
vt 1.000000 1.000000
vt 0.000000 1.000000
vt 0.000000 0.000000
vt 1.000000 0.000000
vt 1.000000 1.000000
vt 0.000000 1.000000
vt 0.000000 0.000000
vt 1.000000 0.000000
vt 1.000000 1.000000
vt 0.000000 1.000000
vt 0.000000 0.000000
vt 1.000000 0.000000
vt 1.000000 1.000000
vt 0.000000 1.000000
vt 0.000000 0.000000
vt 1.000000 0.000000
vt 1.000000 1.000000
vt 0.000000 1.000000
vt 0.500000 0.500000
vt 0.000000 0.000000
vt 1.000000 0.000000
vt 0.000000 0.000000
vt 1.000000 0.000000
vt 0.000000 0.000000
vt 1.000000 0.000000
vt 0.000000 0.000000
vt 1.000000 0.000000
vt 0.000000 0.000000
vt 1.000000 0.000000
vt 0.000000 0.000000
vt 1.000000 0.000000
vt 0.000000 0.000000
vt 1.000000 0.000000
vt 0.500000 0.500000
vt 0.000000 0.000000
vt 1.000000 0.000000
vt 0.000000 0.000000
vt 1.000000 0.000000
vt 0.000000 0.000000
vt 1.000000 0.000000
vt 0.000000 0.000000
vt 1.000000 0.000000
vt 0.000000 0.000000
vt 1.000000 0.000000
vt 0.000000 0.000000
vt 1.000000 0.000000
vt 0.000000 0.000000
vt 1.000000 0.000000
vt 0.000000 0.000000
vt 1.000000 0.000000
vt 1.000000 1.000000
vt 0.000000 1.000000
vt 0.000000 0.000000
vt 1.000000 0.000000
vt 1.000000 1.000000
vt 0.000000 1.000000
vt 0.000000 0.000000
vt 1.000000 0.000000
vt 1.000000 1.000000
vt 0.000000 1.000000
vt 0.000000 0.000000
vt 1.000000 0.000000
vt 1.000000 1.000000
vt 0.000000 1.000000
vt 0.000000 0.000000
vt 1.000000 0.000000
vt 1.000000 1.000000
vt 0.000000 1.000000
vt 0.000000 0.000000
vt 1.000000 0.000000
vt 1.000000 1.000000
vt 0.000000 1.000000
vt 0.000000 0.000000
vt 1.000000 0.000000
vt 1.000000 1.000000
vt 0.000000 1.000000
vt 0.500000 0.500000
vt 0.000000 0.000000
vt 1.000000 0.000000
vt 0.000000 0.000000
vt 1.000000 0.000000
vt 0.000000 0.000000
vt 1.000000 0.000000
vt 0.000000 0.000000
vt 1.000000 0.000000
vt 0.000000 0.000000
vt 1.000000 0.000000
vt 0.000000 0.000000
vt 1.000000 0.000000
vt 0.000000 0.000000
vt 1.000000 0.000000
vt 0.500000 0.500000
vt 0.000000 0.000000
vt 1.000000 0.000000
vt 0.000000 0.000000
vt 1.000000 0.000000
vt 0.000000 0.000000
vt 1.000000 0.000000
vt 0.000000 0.000000
vt 1.000000 0.000000
vt 0.000000 0.000000
vt 1.000000 0.000000
vt 0.000000 0.000000
vt 1.000000 0.000000
vt 0.000000 0.000000
vt 1.000000 0.000000
vt 0.000000 0.000000
vt 1.000000 0.000000
vt 1.000000 1.000000
vt 0.000000 1.000000
vt 0.000000 0.000000
vt 1.000000 0.000000
vt 1.000000 1.000000
vt 0.000000 1.000000
vt 0.000000 0.000000
vt 1.000000 0.000000
vt 1.000000 1.000000
vt 0.000000 1.000000
vt 0.000000 0.000000
vt 1.000000 0.000000
vt 1.000000 1.000000
vt 0.000000 1.000000
vt 0.000000 0.000000
vt 1.000000 0.000000
vt 1.000000 1.000000
vt 0.000000 1.000000
vt 0.000000 0.000000
vt 1.000000 0.000000
vt 1.000000 1.000000
vt 0.000000 1.000000
vt 0.000000 0.000000
vt 1.000000 0.000000
vt 1.000000 1.000000
vt 0.000000 1.000000
vt 0.500000 0.500000
vt 0.000000 0.000000
vt 1.000000 0.000000
vt 0.000000 0.000000
vt 1.000000 0.000000
vt 0.000000 0.000000
vt 1.000000 0.000000
vt 0.000000 0.000000
vt 1.000000 0.000000
vt 0.000000 0.000000
vt 1.000000 0.000000
vt 0.000000 0.000000
vt 1.000000 0.000000
vt 0.000000 0.000000
vt 1.000000 0.000000
vt 0.500000 0.500000
vt 0.000000 0.000000
vt 1.000000 0.000000
vt 0.000000 0.000000
vt 1.000000 0.000000
vt 0.000000 0.000000
vt 1.000000 0.000000
vt 0.000000 0.000000
vt 1.000000 0.000000
vt 0.000000 0.000000
vt 1.000000 0.000000
vt 0.000000 0.000000
vt 1.000000 0.000000
vt 0.000000 0.000000
vt 1.000000 0.000000
vt 0.000000 0.000000
vt 1.000000 0.000000
vt 1.000000 1.000000
vt 0.000000 1.000000
vt 0.000000 0.000000
vt 1.000000 0.000000
vt 1.000000 1.000000
vt 0.000000 1.000000
vt 0.000000 0.000000
vt 1.000000 0.000000
vt 1.000000 1.000000
vt 0.000000 1.000000
vt 0.000000 0.000000
vt 1.000000 0.000000
vt 1.000000 1.000000
vt 0.000000 1.000000
vt 0.000000 0.000000
vt 1.000000 0.000000
vt 1.000000 1.000000
vt 0.000000 1.000000
vt 0.000000 0.000000
vt 1.000000 0.000000
vt 1.000000 1.000000
vt 0.000000 1.000000
vt 0.000000 0.000000
vt 1.000000 0.000000
vt 1.000000 1.000000
vt 0.000000 1.000000
vt 0.500000 0.500000
vt 0.000000 0.000000
vt 1.000000 0.000000
vt 0.000000 0.000000
vt 1.000000 0.000000
vt 0.000000 0.000000
vt 1.000000 0.000000
vt 0.000000 0.000000
vt 1.000000 0.000000
vt 0.000000 0.000000
vt 1.000000 0.000000
vt 0.000000 0.000000
vt 1.000000 0.000000
vt 0.000000 0.000000
vt 1.000000 0.000000
vt 0.500000 0.500000
vt 0.000000 0.000000
vt 1.000000 0.000000
vt 0.000000 0.000000
vt 1.000000 0.000000
vt 0.000000 0.000000
vt 1.000000 0.000000
vt 0.000000 0.000000
vt 1.000000 0.000000
vt 0.000000 0.000000
vt 1.000000 0.000000
vt 0.000000 0.000000
vt 1.000000 0.000000
vt 0.000000 0.000000
vt 1.000000 0.000000
vt 0.000000 0.000000
vt 1.000000 0.000000
vt 1.000000 1.000000
vt 0.000000 1.000000
vt 0.000000 0.000000
vt 1.000000 0.000000
vt 1.000000 1.000000
vt 0.000000 1.000000
vt 0.000000 0.000000
vt 1.000000 0.000000
vt 1.000000 1.000000
vt 0.000000 1.000000
vt 0.000000 0.000000
vt 1.000000 0.000000
vt 1.000000 1.000000
vt 0.000000 1.000000
vt 0.000000 0.000000
vt 1.000000 0.000000
vt 1.000000 1.000000
vt 0.000000 1.000000
vt 0.000000 0.000000
vt 1.000000 0.000000
vt 1.000000 1.000000
vt 0.000000 1.000000
vt 0.000000 0.000000
vt 1.000000 0.000000
vt 1.000000 1.000000
vt 0.000000 1.000000
vt 0.500000 0.500000
vt 0.000000 0.000000
vt 1.000000 0.000000
vt 0.000000 0.000000
vt 1.000000 0.000000
vt 0.000000 0.000000
vt 1.000000 0.000000
vt 0.000000 0.000000
vt 1.000000 0.000000
vt 0.000000 0.000000
vt 1.000000 0.000000
vt 0.000000 0.000000
vt 1.000000 0.000000
vt 0.000000 0.000000
vt 1.000000 0.000000
vt 0.500000 0.500000
vt 0.000000 0.000000
vt 1.000000 0.000000
vt 0.000000 0.000000
vt 1.000000 0.000000
vt 0.000000 0.000000
vt 1.000000 0.000000
vt 0.000000 0.000000
vt 1.000000 0.000000
vt 0.000000 0.000000
vt 1.000000 0.000000
vt 0.000000 0.000000
vt 1.000000 0.000000
vt 0.000000 0.000000
vt 1.000000 0.000000
vt 0.000000 0.000000
vt 1.000000 0.000000
vt 1.000000 1.000000
vt 0.000000 1.000000
vt 0.000000 0.000000
vt 1.000000 0.000000
vt 1.000000 1.000000
vt 0.000000 1.000000
vt 0.000000 0.000000
vt 1.000000 0.000000
vt 1.000000 1.000000
vt 0.000000 1.000000
vt 0.000000 0.000000
vt 1.000000 0.000000
vt 1.000000 1.000000
vt 0.000000 1.000000
vt 0.000000 0.000000
vt 1.000000 0.000000
vt 1.000000 1.000000
vt 0.000000 1.000000
vt 0.000000 0.000000
vt 1.000000 0.000000
vt 1.000000 1.000000
vt 0.000000 1.000000
vt 0.000000 0.000000
vt 1.000000 0.000000
vt 1.000000 1.000000
vt 0.000000 1.000000
vt 0.500000 0.500000
vt 0.000000 0.000000
vt 1.000000 0.000000
vt 0.000000 0.000000
vt 1.000000 0.000000
vt 0.000000 0.000000
vt 1.000000 0.000000
vt 0.000000 0.000000
vt 1.000000 0.000000
vt 0.000000 0.000000
vt 1.000000 0.000000
vt 0.000000 0.000000
vt 1.000000 0.000000
vt 0.000000 0.000000
vt 1.000000 0.000000
vt 0.500000 0.500000
vt 0.000000 0.000000
vt 1.000000 0.000000
vt 0.000000 0.000000
vt 1.000000 0.000000
vt 0.000000 0.000000
vt 1.000000 0.000000
vt 0.000000 0.000000
vt 1.000000 0.000000
vt 0.000000 0.000000
vt 1.000000 0.000000
vt 0.000000 0.000000
vt 1.000000 0.000000
vt 0.000000 0.000000
vt 1.000000 0.000000
vt 0.000000 0.000000
vt 1.000000 0.000000
vt 1.000000 1.000000
vt 0.000000 1.000000
vt 0.000000 0.000000
vt 1.000000 0.000000
vt 1.000000 1.000000
vt 0.000000 1.000000
vt 0.000000 0.000000
vt 1.000000 0.000000
vt 1.000000 1.000000
vt 0.000000 1.000000
vt 0.000000 0.000000
vt 1.000000 0.000000
vt 1.000000 1.000000
vt 0.000000 1.000000
vt 0.000000 0.000000
vt 1.000000 0.000000
vt 1.000000 1.000000
vt 0.000000 1.000000
vt 0.000000 0.000000
vt 1.000000 0.000000
vt 1.000000 1.000000
vt 0.000000 1.000000
vt 0.000000 0.000000
vt 1.000000 0.000000
vt 1.000000 1.000000
vt 0.000000 1.000000
vt 0.500000 0.500000
vt 0.000000 0.000000
vt 1.000000 0.000000
vt 0.000000 0.000000
vt 1.000000 0.000000
vt 0.000000 0.000000
vt 1.000000 0.000000
vt 0.000000 0.000000
vt 1.000000 0.000000
vt 0.000000 0.000000
vt 1.000000 0.000000
vt 0.000000 0.000000
vt 1.000000 0.000000
vt 0.000000 0.000000
vt 1.000000 0.000000
vt 0.500000 0.500000
vt 0.000000 0.000000
vt 1.000000 0.000000
vt 0.000000 0.000000
vt 1.000000 0.000000
vt 0.000000 0.000000
vt 1.000000 0.000000
vt 0.000000 0.000000
vt 1.000000 0.000000
vt 0.000000 0.000000
vt 1.000000 0.000000
vt 0.000000 0.000000
vt 1.000000 0.000000
vt 0.000000 0.000000
vt 1.000000 0.000000
vt 0.000000 0.000000
vt 1.000000 0.000000
vt 1.000000 1.000000
vt 0.000000 1.000000
vt 0.000000 0.000000
vt 1.000000 0.000000
vt 1.000000 1.000000
vt 0.000000 1.000000
vt 0.000000 0.000000
vt 1.000000 0.000000
vt 1.000000 1.000000
vt 0.000000 1.000000
vt 0.000000 0.000000
vt 1.000000 0.000000
vt 1.000000 1.000000
vt 0.000000 1.000000
vt 0.000000 0.000000
vt 1.000000 0.000000
vt 1.000000 1.000000
vt 0.000000 1.000000
vt 0.000000 0.000000
vt 1.000000 0.000000
vt 1.000000 1.000000
vt 0.000000 1.000000
vt 0.000000 0.000000
vt 1.000000 0.000000
vt 1.000000 1.000000
vt 0.000000 1.000000
vt 0.000000 0.000000
vt 1.000000 0.000000
vt 1.000000 1.000000
vt 0.000000 1.000000
vt 0.000000 0.000000
vt 1.000000 0.000000
vt 1.000000 1.000000
vt 0.000000 1.000000
vt 0.000000 0.000000
vt 1.000000 0.000000
vt 1.000000 1.000000
vt 0.000000 1.000000
vt 0.000000 0.000000
vt 1.000000 0.000000
vt 1.000000 1.000000
vt 0.000000 1.000000
vt 0.000000 0.000000
vt 1.000000 0.000000
vt 1.000000 1.000000
vt 0.000000 1.000000
vt 0.000000 0.000000
vt 1.000000 0.000000
vt 1.000000 1.000000
vt 0.000000 1.000000
vt 0.000000 0.000000
vt 1.000000 0.000000
vt 1.000000 1.000000
vt 0.000000 1.000000
vt 0.000000 0.000000
vt 1.000000 0.000000
vt 1.000000 1.000000
vt 0.000000 1.000000
vt 0.000000 0.000000
vt 1.000000 0.000000
vt 1.000000 1.000000
vt 0.000000 1.000000
vt 0.000000 0.000000
vt 1.000000 0.000000
vt 1.000000 1.000000
vt 0.000000 1.000000
vt 0.000000 0.000000
vt 1.000000 0.000000
vt 1.000000 1.000000
vt 0.000000 1.000000
vt 0.000000 0.000000
vt 1.000000 0.000000
vt 1.000000 1.000000
vt 0.000000 1.000000
vt 0.000000 0.000000
vt 1.000000 0.000000
vt 1.000000 1.000000
vt 0.000000 1.000000
vt 0.000000 0.000000
vt 1.000000 0.000000
vt 1.000000 1.000000
vt 0.000000 1.000000
vt 0.000000 0.000000
vt 1.000000 0.000000
vt 1.000000 1.000000
vt 0.000000 1.000000
vt 0.000000 0.000000
vt 1.000000 0.000000
vt 1.000000 1.000000
vt 0.000000 1.000000
vt 0.000000 0.000000
vt 1.000000 0.000000
vt 1.000000 1.000000
vt 0.000000 1.000000
vt 0.000000 0.000000
vt 1.000000 0.000000
vt 1.000000 1.000000
vt 0.000000 1.000000
vt 0.000000 0.000000
vt 1.000000 0.000000
vt 1.000000 1.000000
vt 0.000000 1.000000
vt 0.000000 0.000000
vt 1.000000 0.000000
vt 1.000000 1.000000
vt 0.000000 1.000000
vt 0.000000 0.000000
vt 1.000000 0.000000
vt 1.000000 1.000000
vt 0.000000 1.000000
vt 0.000000 0.000000
vt 1.000000 0.000000
vt 1.000000 1.000000
vt 0.000000 1.000000
vt 0.000000 0.000000
vt 1.000000 0.000000
vt 1.000000 1.000000
vt 0.000000 1.000000
vt 0.000000 0.000000
vt 1.000000 0.000000
vt 1.000000 1.000000
vt 0.000000 1.000000
vt 0.000000 0.000000
vt 1.000000 0.000000
vt 1.000000 1.000000
vt 0.000000 1.000000
vt 0.000000 0.000000
vt 1.000000 0.000000
vt 1.000000 1.000000
vt 0.000000 1.000000
vt 0.000000 0.000000
vt 1.000000 0.000000
vt 1.000000 1.000000
vt 0.000000 1.000000
vt 0.000000 0.000000
vt 1.000000 0.000000
vt 1.000000 1.000000
vt 0.000000 1.000000
vt 0.000000 0.000000
vt 1.000000 0.000000
vt 1.000000 1.000000
vt 0.000000 1.000000
vt 0.000000 0.000000
vt 1.000000 0.000000
vt 1.000000 1.000000
vt 0.000000 1.000000
vt 0.000000 0.000000
vt 1.000000 0.000000
vt 1.000000 1.000000
vt 0.000000 1.000000
vt 0.000000 0.000000
vt 1.000000 0.000000
vt 1.000000 1.000000
vt 0.000000 1.000000
vt 0.000000 0.000000
vt 1.000000 0.000000
vt 1.000000 1.000000
vt 0.000000 1.000000
vt 0.000000 0.000000
vt 1.000000 0.000000
vt 1.000000 1.000000
vt 0.000000 1.000000
vt 0.000000 0.000000
vt 1.000000 0.000000
vt 1.000000 1.000000
vt 0.000000 1.000000
vt 0.000000 0.000000
vt 1.000000 0.000000
vt 1.000000 1.000000
vt 0.000000 1.000000
vt 0.000000 0.000000
vt 1.000000 0.000000
vt 1.000000 1.000000
vt 0.000000 1.000000
vt 0.000000 0.000000
vt 1.000000 0.000000
vt 1.000000 1.000000
vt 0.000000 1.000000
vt 0.000000 0.000000
vt 1.000000 0.000000
vt 1.000000 1.000000
vt 0.000000 1.000000
vt 0.000000 0.000000
vt 1.000000 0.000000
vt 1.000000 1.000000
vt 0.000000 1.000000
vt 0.000000 0.000000
vt 1.000000 0.000000
vt 1.000000 1.000000
vt 0.000000 1.000000
vt 0.000000 0.000000
vt 1.000000 0.000000
vt 1.000000 1.000000
vt 0.000000 1.000000
vt 0.000000 0.000000
vt 1.000000 0.000000
vt 1.000000 1.000000
vt 0.000000 1.000000
vt 0.000000 0.000000
vt 1.000000 0.000000
vt 1.000000 1.000000
vt 0.000000 1.000000
vt 0.500000 0.500000
vt 0.000000 0.000000
vt 1.000000 0.000000
vt 0.000000 0.000000
vt 1.000000 0.000000
vt 0.000000 0.000000
vt 1.000000 0.000000
vt 0.000000 0.000000
vt 1.000000 0.000000
vt 0.000000 0.000000
vt 1.000000 0.000000
vt 0.000000 0.000000
vt 1.000000 0.000000
vt 0.000000 0.000000
vt 1.000000 0.000000
vt 0.500000 0.500000
vt 0.000000 0.000000
vt 1.000000 0.000000
vt 0.000000 0.000000
vt 1.000000 0.000000
vt 0.000000 0.000000
vt 1.000000 0.000000
vt 0.000000 0.000000
vt 1.000000 0.000000
vt 0.000000 0.000000
vt 1.000000 0.000000
vt 0.000000 0.000000
vt 1.000000 0.000000
vt 0.000000 0.000000
vt 1.000000 0.000000
vt 0.000000 0.000000
vt 1.000000 0.000000
vt 1.000000 1.000000
vt 0.000000 1.000000
vt 0.000000 0.000000
vt 1.000000 0.000000
vt 1.000000 1.000000
vt 0.000000 1.000000
vt 0.000000 0.000000
vt 1.000000 0.000000
vt 1.000000 1.000000
vt 0.000000 1.000000
vt 0.000000 0.000000
vt 1.000000 0.000000
vt 1.000000 1.000000
vt 0.000000 1.000000
vt 0.000000 0.000000
vt 1.000000 0.000000
vt 1.000000 1.000000
vt 0.000000 1.000000
vt 0.000000 0.000000
vt 1.000000 0.000000
vt 1.000000 1.000000
vt 0.000000 1.000000
vt 0.000000 0.000000
vt 1.000000 0.000000
vt 1.000000 1.000000
vt 0.000000 1.000000
vt 0.500000 0.500000
vt 0.000000 0.000000
vt 1.000000 0.000000
vt 0.000000 0.000000
vt 1.000000 0.000000
vt 0.000000 0.000000
vt 1.000000 0.000000
vt 0.000000 0.000000
vt 1.000000 0.000000
vt 0.000000 0.000000
vt 1.000000 0.000000
vt 0.000000 0.000000
vt 1.000000 0.000000
vt 0.000000 0.000000
vt 1.000000 0.000000
vt 0.500000 0.500000
vt 0.000000 0.000000
vt 1.000000 0.000000
vt 0.000000 0.000000
vt 1.000000 0.000000
vt 0.000000 0.000000
vt 1.000000 0.000000
vt 0.000000 0.000000
vt 1.000000 0.000000
vt 0.000000 0.000000
vt 1.000000 0.000000
vt 0.000000 0.000000
vt 1.000000 0.000000
vt 0.000000 0.000000
vt 1.000000 0.000000
vt 0.000000 0.000000
vt 1.000000 0.000000
vt 1.000000 1.000000
vt 0.000000 1.000000
vt 0.000000 0.000000
vt 1.000000 0.000000
vt 1.000000 1.000000
vt 0.000000 1.000000
vt 0.000000 0.000000
vt 1.000000 0.000000
vt 1.000000 1.000000
vt 0.000000 1.000000
vt 0.000000 0.000000
vt 1.000000 0.000000
vt 1.000000 1.000000
vt 0.000000 1.000000
vt 0.000000 0.000000
vt 1.000000 0.000000
vt 1.000000 1.000000
vt 0.000000 1.000000
vt 0.000000 0.000000
vt 1.000000 0.000000
vt 1.000000 1.000000
vt 0.000000 1.000000
vt 0.000000 0.000000
vt 1.000000 0.000000
vt 1.000000 1.000000
vt 0.000000 1.000000
vt 0.500000 0.500000
vt 0.000000 0.000000
vt 1.000000 0.000000
vt 0.000000 0.000000
vt 1.000000 0.000000
vt 0.000000 0.000000
vt 1.000000 0.000000
vt 0.000000 0.000000
vt 1.000000 0.000000
vt 0.000000 0.000000
vt 1.000000 0.000000
vt 0.000000 0.000000
vt 1.000000 0.000000
vt 0.000000 0.000000
vt 1.000000 0.000000
vt 0.500000 0.500000
vt 0.000000 0.000000
vt 1.000000 0.000000
vt 0.000000 0.000000
vt 1.000000 0.000000
vt 0.000000 0.000000
vt 1.000000 0.000000
vt 0.000000 0.000000
vt 1.000000 0.000000
vt 0.000000 0.000000
vt 1.000000 0.000000
vt 0.000000 0.000000
vt 1.000000 0.000000
vt 0.000000 0.000000
vt 1.000000 0.000000
vt 0.000000 0.000000
vt 1.000000 0.000000
vt 1.000000 1.000000
vt 0.000000 1.000000
vt 0.000000 0.000000
vt 1.000000 0.000000
vt 1.000000 1.000000
vt 0.000000 1.000000
vt 0.000000 0.000000
vt 1.000000 0.000000
vt 1.000000 1.000000
vt 0.000000 1.000000
vt 0.000000 0.000000
vt 1.000000 0.000000
vt 1.000000 1.000000
vt 0.000000 1.000000
vt 0.000000 0.000000
vt 1.000000 0.000000
vt 1.000000 1.000000
vt 0.000000 1.000000
vt 0.000000 0.000000
vt 1.000000 0.000000
vt 1.000000 1.000000
vt 0.000000 1.000000
vt 0.000000 0.000000
vt 1.000000 0.000000
vt 1.000000 1.000000
vt 0.000000 1.000000
vt 0.500000 0.500000
vt 0.000000 0.000000
vt 1.000000 0.000000
vt 0.000000 0.000000
vt 1.000000 0.000000
vt 0.000000 0.000000
vt 1.000000 0.000000
vt 0.000000 0.000000
vt 1.000000 0.000000
vt 0.000000 0.000000
vt 1.000000 0.000000
vt 0.000000 0.000000
vt 1.000000 0.000000
vt 0.000000 0.000000
vt 1.000000 0.000000
vt 0.500000 0.500000
vt 0.000000 0.000000
vt 1.000000 0.000000
vt 0.000000 0.000000
vt 1.000000 0.000000
vt 0.000000 0.000000
vt 1.000000 0.000000
vt 0.000000 0.000000
vt 1.000000 0.000000
vt 0.000000 0.000000
vt 1.000000 0.000000
vt 0.000000 0.000000
vt 1.000000 0.000000
vt 0.000000 0.000000
vt 1.000000 0.000000
vt 0.000000 0.000000
vt 1.000000 0.000000
vt 1.000000 1.000000
vt 0.000000 1.000000
vt 0.000000 0.000000
vt 1.000000 0.000000
vt 1.000000 1.000000
vt 0.000000 1.000000
vt 0.000000 0.000000
vt 1.000000 0.000000
vt 1.000000 1.000000
vt 0.000000 1.000000
vt 0.000000 0.000000
vt 1.000000 0.000000
vt 1.000000 1.000000
vt 0.000000 1.000000
vt 0.000000 0.000000
vt 1.000000 0.000000
vt 1.000000 1.000000
vt 0.000000 1.000000
vt 0.000000 0.000000
vt 1.000000 0.000000
vt 1.000000 1.000000
vt 0.000000 1.000000
vt 0.000000 0.000000
vt 1.000000 0.000000
vt 1.000000 1.000000
vt 0.000000 1.000000
vt 0.500000 0.500000
vt 0.000000 0.000000
vt 1.000000 0.000000
vt 0.000000 0.000000
vt 1.000000 0.000000
vt 0.000000 0.000000
vt 1.000000 0.000000
vt 0.000000 0.000000
vt 1.000000 0.000000
vt 0.000000 0.000000
vt 1.000000 0.000000
vt 0.000000 0.000000
vt 1.000000 0.000000
vt 0.000000 0.000000
vt 1.000000 0.000000
vt 0.500000 0.500000
vt 0.000000 0.000000
vt 1.000000 0.000000
vt 0.000000 0.000000
vt 1.000000 0.000000
vt 0.000000 0.000000
vt 1.000000 0.000000
vt 0.000000 0.000000
vt 1.000000 0.000000
vt 0.000000 0.000000
vt 1.000000 0.000000
vt 0.000000 0.000000
vt 1.000000 0.000000
vt 0.000000 0.000000
vt 1.000000 0.000000
vt 0.000000 0.000000
vt 1.000000 0.000000
vt 1.000000 1.000000
vt 0.000000 1.000000
vt 0.000000 0.000000
vt 1.000000 0.000000
vt 1.000000 1.000000
vt 0.000000 1.000000
vt 0.000000 0.000000
vt 1.000000 0.000000
vt 1.000000 1.000000
vt 0.000000 1.000000
vt 0.000000 0.000000
vt 1.000000 0.000000
vt 1.000000 1.000000
vt 0.000000 1.000000
vt 0.000000 0.000000
vt 1.000000 0.000000
vt 1.000000 1.000000
vt 0.000000 1.000000
vt 0.000000 0.000000
vt 1.000000 0.000000
vt 1.000000 1.000000
vt 0.000000 1.000000
vt 0.000000 0.000000
vt 1.000000 0.000000
vt 1.000000 1.000000
vt 0.000000 1.000000
vt 0.500000 0.500000
vt 0.000000 0.000000
vt 1.000000 0.000000
vt 0.000000 0.000000
vt 1.000000 0.000000
vt 0.000000 0.000000
vt 1.000000 0.000000
vt 0.000000 0.000000
vt 1.000000 0.000000
vt 0.000000 0.000000
vt 1.000000 0.000000
vt 0.000000 0.000000
vt 1.000000 0.000000
vt 0.000000 0.000000
vt 1.000000 0.000000
vt 0.500000 0.500000
vt 0.000000 0.000000
vt 1.000000 0.000000
vt 0.000000 0.000000
vt 1.000000 0.000000
vt 0.000000 0.000000
vt 1.000000 0.000000
vt 0.000000 0.000000
vt 1.000000 0.000000
vt 0.000000 0.000000
vt 1.000000 0.000000
vt 0.000000 0.000000
vt 1.000000 0.000000
vt 0.000000 0.000000
vt 1.000000 0.000000
vt 0.000000 0.000000
vt 1.000000 0.000000
vt 1.000000 1.000000
vt 0.000000 1.000000
vt 0.000000 0.000000
vt 1.000000 0.000000
vt 1.000000 1.000000
vt 0.000000 1.000000
vt 0.000000 0.000000
vt 1.000000 0.000000
vt 1.000000 1.000000
vt 0.000000 1.000000
vt 0.000000 0.000000
vt 1.000000 0.000000
vt 1.000000 1.000000
vt 0.000000 1.000000
vt 0.000000 0.000000
vt 1.000000 0.000000
vt 1.000000 1.000000
vt 0.000000 1.000000
vt 0.000000 0.000000
vt 1.000000 0.000000
vt 1.000000 1.000000
vt 0.000000 1.000000
vt 0.000000 0.000000
vt 1.000000 0.000000
vt 1.000000 1.000000
vt 0.000000 1.000000
vt 0.500000 0.500000
vt 0.000000 0.000000
vt 1.000000 0.000000
vt 0.000000 0.000000
vt 1.000000 0.000000
vt 0.000000 0.000000
vt 1.000000 0.000000
vt 0.000000 0.000000
vt 1.000000 0.000000
vt 0.000000 0.000000
vt 1.000000 0.000000
vt 0.000000 0.000000
vt 1.000000 0.000000
vt 0.000000 0.000000
vt 1.000000 0.000000
vt 0.500000 0.500000
vt 0.000000 0.000000
vt 1.000000 0.000000
vt 0.000000 0.000000
vt 1.000000 0.000000
vt 0.000000 0.000000
vt 1.000000 0.000000
vt 0.000000 0.000000
vt 1.000000 0.000000
vt 0.000000 0.000000
vt 1.000000 0.000000
vt 0.000000 0.000000
vt 1.000000 0.000000
vt 0.000000 0.000000
vt 1.000000 0.000000
vt 0.000000 0.000000
vt 1.000000 0.000000
vt 1.000000 1.000000
vt 0.000000 1.000000
vt 0.000000 0.000000
vt 1.000000 0.000000
vt 1.000000 1.000000
vt 0.000000 1.000000
vt 0.000000 0.000000
vt 1.000000 0.000000
vt 1.000000 1.000000
vt 0.000000 1.000000
vt 0.000000 0.000000
vt 1.000000 0.000000
vt 1.000000 1.000000
vt 0.000000 1.000000
vt 0.000000 0.000000
vt 1.000000 0.000000
vt 1.000000 1.000000
vt 0.000000 1.000000
vt 0.000000 0.000000
vt 1.000000 0.000000
vt 1.000000 1.000000
vt 0.000000 1.000000
vt 0.000000 0.000000
vt 1.000000 0.000000
vt 1.000000 1.000000
vt 0.000000 1.000000
vt 0.500000 0.500000
vt 0.000000 0.000000
vt 1.000000 0.000000
vt 0.000000 0.000000
vt 1.000000 0.000000
vt 0.000000 0.000000
vt 1.000000 0.000000
vt 0.000000 0.000000
vt 1.000000 0.000000
vt 0.000000 0.000000
vt 1.000000 0.000000
vt 0.000000 0.000000
vt 1.000000 0.000000
vt 0.000000 0.000000
vt 1.000000 0.000000
vt 0.500000 0.500000
vt 0.000000 0.000000
vt 1.000000 0.000000
vt 0.000000 0.000000
vt 1.000000 0.000000
vt 0.000000 0.000000
vt 1.000000 0.000000
vt 0.000000 0.000000
vt 1.000000 0.000000
vt 0.000000 0.000000
vt 1.000000 0.000000
vt 0.000000 0.000000
vt 1.000000 0.000000
vt 0.000000 0.000000
vt 1.000000 0.000000
vt 0.000000 0.000000
vt 1.000000 0.000000
vt 1.000000 1.000000
vt 0.000000 1.000000
vt 0.000000 0.000000
vt 1.000000 0.000000
vt 1.000000 1.000000
vt 0.000000 1.000000
vt 0.000000 0.000000
vt 1.000000 0.000000
vt 1.000000 1.000000
vt 0.000000 1.000000
vt 0.000000 0.000000
vt 1.000000 0.000000
vt 1.000000 1.000000
vt 0.000000 1.000000
vt 0.000000 0.000000
vt 1.000000 0.000000
vt 1.000000 1.000000
vt 0.000000 1.000000
vt 0.000000 0.000000
vt 1.000000 0.000000
vt 1.000000 1.000000
vt 0.000000 1.000000
vt 0.000000 0.000000
vt 1.000000 0.000000
vt 1.000000 1.000000
vt 0.000000 1.000000
vt 0.500000 0.500000
vt 0.000000 0.000000
vt 1.000000 0.000000
vt 0.000000 0.000000
vt 1.000000 0.000000
vt 0.000000 0.000000
vt 1.000000 0.000000
vt 0.000000 0.000000
vt 1.000000 0.000000
vt 0.000000 0.000000
vt 1.000000 0.000000
vt 0.000000 0.000000
vt 1.000000 0.000000
vt 0.000000 0.000000
vt 1.000000 0.000000
vt 0.500000 0.500000
vt 0.000000 0.000000
vt 1.000000 0.000000
vt 0.000000 0.000000
vt 1.000000 0.000000
vt 0.000000 0.000000
vt 1.000000 0.000000
vt 0.000000 0.000000
vt 1.000000 0.000000
vt 0.000000 0.000000
vt 1.000000 0.000000
vt 0.000000 0.000000
vt 1.000000 0.000000
vt 0.000000 0.000000
vt 1.000000 0.000000
vt 0.000000 0.000000
vt 1.000000 0.000000
vt 1.000000 1.000000
vt 0.000000 1.000000
vt 0.000000 0.000000
vt 1.000000 0.000000
vt 1.000000 1.000000
vt 0.000000 1.000000
vt 0.000000 0.000000
vt 1.000000 0.000000
vt 1.000000 1.000000
vt 0.000000 1.000000
vt 0.000000 0.000000
vt 1.000000 0.000000
vt 1.000000 1.000000
vt 0.000000 1.000000
vt 0.000000 0.000000
vt 1.000000 0.000000
vt 1.000000 1.000000
vt 0.000000 1.000000
vt 0.000000 0.000000
vt 1.000000 0.000000
vt 1.000000 1.000000
vt 0.000000 1.000000
vt 0.000000 0.000000
vt 1.000000 0.000000
vt 1.000000 1.000000
vt 0.000000 1.000000
vt 0.500000 0.500000
vt 0.000000 0.000000
vt 1.000000 0.000000
vt 0.000000 0.000000
vt 1.000000 0.000000
vt 0.000000 0.000000
vt 1.000000 0.000000
vt 0.000000 0.000000
vt 1.000000 0.000000
vt 0.000000 0.000000
vt 1.000000 0.000000
vt 0.000000 0.000000
vt 1.000000 0.000000
vt 0.000000 0.000000
vt 1.000000 0.000000
vt 0.500000 0.500000
vt 0.000000 0.000000
vt 1.000000 0.000000
vt 0.000000 0.000000
vt 1.000000 0.000000
vt 0.000000 0.000000
vt 1.000000 0.000000
vt 0.000000 0.000000
vt 1.000000 0.000000
vt 0.000000 0.000000
vt 1.000000 0.000000
vt 0.000000 0.000000
vt 1.000000 0.000000
vt 0.000000 0.000000
vt 1.000000 0.000000
vt 0.000000 0.000000
vt 1.000000 0.000000
vt 1.000000 1.000000
vt 0.000000 1.000000
vt 0.000000 0.000000
vt 1.000000 0.000000
vt 1.000000 1.000000
vt 0.000000 1.000000
vt 0.000000 0.000000
vt 1.000000 0.000000
vt 1.000000 1.000000
vt 0.000000 1.000000
vt 0.000000 0.000000
vt 1.000000 0.000000
vt 1.000000 1.000000
vt 0.000000 1.000000
vt 0.000000 0.000000
vt 1.000000 0.000000
vt 1.000000 1.000000
vt 0.000000 1.000000
vt 0.000000 0.000000
vt 1.000000 0.000000
vt 1.000000 1.000000
vt 0.000000 1.000000
vt 0.000000 0.000000
vt 1.000000 0.000000
vt 1.000000 1.000000
vt 0.000000 1.000000
vt 0.500000 0.500000
vt 0.000000 0.000000
vt 1.000000 0.000000
vt 0.000000 0.000000
vt 1.000000 0.000000
vt 0.000000 0.000000
vt 1.000000 0.000000
vt 0.000000 0.000000
vt 1.000000 0.000000
vt 0.000000 0.000000
vt 1.000000 0.000000
vt 0.000000 0.000000
vt 1.000000 0.000000
vt 0.000000 0.000000
vt 1.000000 0.000000
vt 0.500000 0.500000
vt 0.000000 0.000000
vt 1.000000 0.000000
vt 0.000000 0.000000
vt 1.000000 0.000000
vt 0.000000 0.000000
vt 1.000000 0.000000
vt 0.000000 0.000000
vt 1.000000 0.000000
vt 0.000000 0.000000
vt 1.000000 0.000000
vt 0.000000 0.000000
vt 1.000000 0.000000
vt 0.000000 0.000000
vt 1.000000 0.000000
vt 0.000000 0.000000
vt 1.000000 0.000000
vt 1.000000 1.000000
vt 0.000000 1.000000
vt 0.000000 0.000000
vt 1.000000 0.000000
vt 1.000000 1.000000
vt 0.000000 1.000000
vt 0.000000 0.000000
vt 1.000000 0.000000
vt 1.000000 1.000000
vt 0.000000 1.000000
vt 0.000000 0.000000
vt 1.000000 0.000000
vt 1.000000 1.000000
vt 0.000000 1.000000
vt 0.000000 0.000000
vt 1.000000 0.000000
vt 1.000000 1.000000
vt 0.000000 1.000000
vt 0.000000 0.000000
vt 1.000000 0.000000
vt 1.000000 1.000000
vt 0.000000 1.000000
vt 0.000000 0.000000
vt 1.000000 0.000000
vt 1.000000 1.000000
vt 0.000000 1.000000
vt 0.500000 0.500000
vt 0.000000 0.000000
vt 1.000000 0.000000
vt 0.000000 0.000000
vt 1.000000 0.000000
vt 0.000000 0.000000
vt 1.000000 0.000000
vt 0.000000 0.000000
vt 1.000000 0.000000
vt 0.000000 0.000000
vt 1.000000 0.000000
vt 0.000000 0.000000
vt 1.000000 0.000000
vt 0.000000 0.000000
vt 1.000000 0.000000
vt 0.500000 0.500000
vt 0.000000 0.000000
vt 1.000000 0.000000
vt 0.000000 0.000000
vt 1.000000 0.000000
vt 0.000000 0.000000
vt 1.000000 0.000000
vt 0.000000 0.000000
vt 1.000000 0.000000
vt 0.000000 0.000000
vt 1.000000 0.000000
vt 0.000000 0.000000
vt 1.000000 0.000000
vt 0.000000 0.000000
vt 1.000000 0.000000
vt 0.000000 0.000000
vt 1.000000 0.000000
vt 1.000000 1.000000
vt 0.000000 1.000000
vt 0.000000 0.000000
vt 1.000000 0.000000
vt 1.000000 1.000000
vt 0.000000 1.000000
vt 0.000000 0.000000
vt 1.000000 0.000000
vt 1.000000 1.000000
vt 0.000000 1.000000
vt 0.000000 0.000000
vt 1.000000 0.000000
vt 1.000000 1.000000
vt 0.000000 1.000000
vt 0.000000 0.000000
vt 1.000000 0.000000
vt 1.000000 1.000000
vt 0.000000 1.000000
vt 0.000000 0.000000
vt 1.000000 0.000000
vt 1.000000 1.000000
vt 0.000000 1.000000
vt 0.000000 0.000000
vt 1.000000 0.000000
vt 1.000000 1.000000
vt 0.000000 1.000000
vt 0.500000 0.500000
vt 0.000000 0.000000
vt 1.000000 0.000000
vt 0.000000 0.000000
vt 1.000000 0.000000
vt 0.000000 0.000000
vt 1.000000 0.000000
vt 0.000000 0.000000
vt 1.000000 0.000000
vt 0.000000 0.000000
vt 1.000000 0.000000
vt 0.000000 0.000000
vt 1.000000 0.000000
vt 0.000000 0.000000
vt 1.000000 0.000000
vt 0.500000 0.500000
vt 0.000000 0.000000
vt 1.000000 0.000000
vt 0.000000 0.000000
vt 1.000000 0.000000
vt 0.000000 0.000000
vt 1.000000 0.000000
vt 0.000000 0.000000
vt 1.000000 0.000000
vt 0.000000 0.000000
vt 1.000000 0.000000
vt 0.000000 0.000000
vt 1.000000 0.000000
vt 0.000000 0.000000
vt 1.000000 0.000000
vt 0.000000 0.000000
vt 1.000000 0.000000
vt 1.000000 1.000000
vt 0.000000 1.000000
vt 0.000000 0.000000
vt 1.000000 0.000000
vt 1.000000 1.000000
vt 0.000000 1.000000
vt 0.000000 0.000000
vt 1.000000 0.000000
vt 1.000000 1.000000
vt 0.000000 1.000000
vt 0.000000 0.000000
vt 1.000000 0.000000
vt 1.000000 1.000000
vt 0.000000 1.000000
vt 0.000000 0.000000
vt 1.000000 0.000000
vt 1.000000 1.000000
vt 0.000000 1.000000
vt 0.000000 0.000000
vt 1.000000 0.000000
vt 1.000000 1.000000
vt 0.000000 1.000000
vt 0.000000 0.000000
vt 1.000000 0.000000
vt 1.000000 1.000000
vt 0.000000 1.000000
vt 0.500000 0.500000
vt 0.000000 0.000000
vt 1.000000 0.000000
vt 0.000000 0.000000
vt 1.000000 0.000000
vt 0.000000 0.000000
vt 1.000000 0.000000
vt 0.000000 0.000000
vt 1.000000 0.000000
vt 0.000000 0.000000
vt 1.000000 0.000000
vt 0.000000 0.000000
vt 1.000000 0.000000
vt 0.000000 0.000000
vt 1.000000 0.000000
vt 0.500000 0.500000
vt 0.000000 0.000000
vt 1.000000 0.000000
vt 0.000000 0.000000
vt 1.000000 0.000000
vt 0.000000 0.000000
vt 1.000000 0.000000
vt 0.000000 0.000000
vt 1.000000 0.000000
vt 0.000000 0.000000
vt 1.000000 0.000000
vt 0.000000 0.000000
vt 1.000000 0.000000
vt 0.000000 0.000000
vt 1.000000 0.000000
vt 0.000000 0.000000
vt 1.000000 0.000000
vt 1.000000 1.000000
vt 0.000000 1.000000
vt 0.000000 0.000000
vt 1.000000 0.000000
vt 1.000000 1.000000
vt 0.000000 1.000000
vt 0.000000 0.000000
vt 1.000000 0.000000
vt 1.000000 1.000000
vt 0.000000 1.000000
vt 0.000000 0.000000
vt 1.000000 0.000000
vt 1.000000 1.000000
vt 0.000000 1.000000
vt 0.000000 0.000000
vt 1.000000 0.000000
vt 1.000000 1.000000
vt 0.000000 1.000000
vt 0.000000 0.000000
vt 1.000000 0.000000
vt 1.000000 1.000000
vt 0.000000 1.000000
vt 0.000000 0.000000
vt 1.000000 0.000000
vt 1.000000 1.000000
vt 0.000000 1.000000
vt 0.500000 0.500000
vt 0.000000 0.000000
vt 1.000000 0.000000
vt 0.000000 0.000000
vt 1.000000 0.000000
vt 0.000000 0.000000
vt 1.000000 0.000000
vt 0.000000 0.000000
vt 1.000000 0.000000
vt 0.000000 0.000000
vt 1.000000 0.000000
vt 0.000000 0.000000
vt 1.000000 0.000000
vt 0.000000 0.000000
vt 1.000000 0.000000
vt 0.500000 0.500000
vt 0.000000 0.000000
vt 1.000000 0.000000
vt 0.000000 0.000000
vt 1.000000 0.000000
vt 0.000000 0.000000
vt 1.000000 0.000000
vt 0.000000 0.000000
vt 1.000000 0.000000
vt 0.000000 0.000000
vt 1.000000 0.000000
vt 0.000000 0.000000
vt 1.000000 0.000000
vt 0.000000 0.000000
vt 1.000000 0.000000
vt 0.000000 0.000000
vt 1.000000 0.000000
vt 1.000000 1.000000
vt 0.000000 1.000000
vt 0.000000 0.000000
vt 1.000000 0.000000
vt 1.000000 1.000000
vt 0.000000 1.000000
vt 0.000000 0.000000
vt 1.000000 0.000000
vt 1.000000 1.000000
vt 0.000000 1.000000
vt 0.000000 0.000000
vt 1.000000 0.000000
vt 1.000000 1.000000
vt 0.000000 1.000000
vt 0.000000 0.000000
vt 1.000000 0.000000
vt 1.000000 1.000000
vt 0.000000 1.000000
vt 0.000000 0.000000
vt 1.000000 0.000000
vt 1.000000 1.000000
vt 0.000000 1.000000
vt 0.000000 0.000000
vt 1.000000 0.000000
vt 1.000000 1.000000
vt 0.000000 1.000000
vt 0.500000 0.500000
vt 0.000000 0.000000
vt 1.000000 0.000000
vt 0.000000 0.000000
vt 1.000000 0.000000
vt 0.000000 0.000000
vt 1.000000 0.000000
vt 0.000000 0.000000
vt 1.000000 0.000000
vt 0.000000 0.000000
vt 1.000000 0.000000
vt 0.000000 0.000000
vt 1.000000 0.000000
vt 0.000000 0.000000
vt 1.000000 0.000000
vt 0.500000 0.500000
vt 0.000000 0.000000
vt 1.000000 0.000000
vt 0.000000 0.000000
vt 1.000000 0.000000
vt 0.000000 0.000000
vt 1.000000 0.000000
vt 0.000000 0.000000
vt 1.000000 0.000000
vt 0.000000 0.000000
vt 1.000000 0.000000
vt 0.000000 0.000000
vt 1.000000 0.000000
vt 0.000000 0.000000
vt 1.000000 0.000000
vt 0.000000 0.000000
vt 1.000000 0.000000
vt 1.000000 1.000000
vt 0.000000 1.000000
vt 0.000000 0.000000
vt 1.000000 0.000000
vt 1.000000 1.000000
vt 0.000000 1.000000
vt 0.000000 0.000000
vt 1.000000 0.000000
vt 1.000000 1.000000
vt 0.000000 1.000000
vt 0.000000 0.000000
vt 1.000000 0.000000
vt 1.000000 1.000000
vt 0.000000 1.000000
vt 0.000000 0.000000
vt 1.000000 0.000000
vt 1.000000 1.000000
vt 0.000000 1.000000
vt 0.000000 0.000000
vt 1.000000 0.000000
vt 1.000000 1.000000
vt 0.000000 1.000000
vt 0.000000 0.000000
vt 1.000000 0.000000
vt 1.000000 1.000000
vt 0.000000 1.000000
vt 0.500000 0.500000
vt 0.000000 0.000000
vt 1.000000 0.000000
vt 0.000000 0.000000
vt 1.000000 0.000000
vt 0.000000 0.000000
vt 1.000000 0.000000
vt 0.000000 0.000000
vt 1.000000 0.000000
vt 0.000000 0.000000
vt 1.000000 0.000000
vt 0.000000 0.000000
vt 1.000000 0.000000
vt 0.000000 0.000000
vt 1.000000 0.000000
vt 0.500000 0.500000
vt 0.000000 0.000000
vt 1.000000 0.000000
vt 0.000000 0.000000
vt 1.000000 0.000000
vt 0.000000 0.000000
vt 1.000000 0.000000
vt 0.000000 0.000000
vt 1.000000 0.000000
vt 0.000000 0.000000
vt 1.000000 0.000000
vt 0.000000 0.000000
vt 1.000000 0.000000
vt 0.000000 0.000000
vt 1.000000 0.000000
vt 0.000000 0.000000
vt 1.000000 0.000000
vt 1.000000 1.000000
vt 0.000000 1.000000
vt 0.000000 0.000000
vt 1.000000 0.000000
vt 1.000000 1.000000
vt 0.000000 1.000000
vt 0.000000 0.000000
vt 1.000000 0.000000
vt 1.000000 1.000000
vt 0.000000 1.000000
vt 0.000000 0.000000
vt 1.000000 0.000000
vt 1.000000 1.000000
vt 0.000000 1.000000
vt 0.000000 0.000000
vt 1.000000 0.000000
vt 1.000000 1.000000
vt 0.000000 1.000000
vt 0.000000 0.000000
vt 1.000000 0.000000
vt 1.000000 1.000000
vt 0.000000 1.000000
vt 0.000000 0.000000
vt 1.000000 0.000000
vt 1.000000 1.000000
vt 0.000000 1.000000
vt 0.500000 0.500000
vt 0.000000 0.000000
vt 1.000000 0.000000
vt 0.000000 0.000000
vt 1.000000 0.000000
vt 0.000000 0.000000
vt 1.000000 0.000000
vt 0.000000 0.000000
vt 1.000000 0.000000
vt 0.000000 0.000000
vt 1.000000 0.000000
vt 0.000000 0.000000
vt 1.000000 0.000000
vt 0.000000 0.000000
vt 1.000000 0.000000
vt 0.500000 0.500000
vt 0.000000 0.000000
vt 1.000000 0.000000
vt 0.000000 0.000000
vt 1.000000 0.000000
vt 0.000000 0.000000
vt 1.000000 0.000000
vt 0.000000 0.000000
vt 1.000000 0.000000
vt 0.000000 0.000000
vt 1.000000 0.000000
vt 0.000000 0.000000
vt 1.000000 0.000000
vt 0.000000 0.000000
vt 1.000000 0.000000
vt 0.000000 0.000000
vt 1.000000 0.000000
vt 1.000000 1.000000
vt 0.000000 1.000000
vt 0.000000 0.000000
vt 1.000000 0.000000
vt 1.000000 1.000000
vt 0.000000 1.000000
vt 0.000000 0.000000
vt 1.000000 0.000000
vt 1.000000 1.000000
vt 0.000000 1.000000
vt 0.000000 0.000000
vt 1.000000 0.000000
vt 1.000000 1.000000
vt 0.000000 1.000000
vt 0.000000 0.000000
vt 1.000000 0.000000
vt 1.000000 1.000000
vt 0.000000 1.000000
vt 0.000000 0.000000
vt 1.000000 0.000000
vt 1.000000 1.000000
vt 0.000000 1.000000
vt 0.000000 0.000000
vt 1.000000 0.000000
vt 1.000000 1.000000
vt 0.000000 1.000000
vt 0.500000 0.500000
vt 0.000000 0.000000
vt 1.000000 0.000000
vt 0.000000 0.000000
vt 1.000000 0.000000
vt 0.000000 0.000000
vt 1.000000 0.000000
vt 0.000000 0.000000
vt 1.000000 0.000000
vt 0.000000 0.000000
vt 1.000000 0.000000
vt 0.000000 0.000000
vt 1.000000 0.000000
vt 0.000000 0.000000
vt 1.000000 0.000000
vt 0.500000 0.500000
vt 0.000000 0.000000
vt 1.000000 0.000000
vt 0.000000 0.000000
vt 1.000000 0.000000
vt 0.000000 0.000000
vt 1.000000 0.000000
vt 0.000000 0.000000
vt 1.000000 0.000000
vt 0.000000 0.000000
vt 1.000000 0.000000
vt 0.000000 0.000000
vt 1.000000 0.000000
vt 0.000000 0.000000
vt 1.000000 0.000000
vt 0.000000 0.000000
vt 1.000000 0.000000
vt 1.000000 1.000000
vt 0.000000 1.000000
vt 0.000000 0.000000
vt 1.000000 0.000000
vt 1.000000 1.000000
vt 0.000000 1.000000
vt 0.000000 0.000000
vt 1.000000 0.000000
vt 1.000000 1.000000
vt 0.000000 1.000000
vt 0.000000 0.000000
vt 1.000000 0.000000
vt 1.000000 1.000000
vt 0.000000 1.000000
vt 0.000000 0.000000
vt 1.000000 0.000000
vt 1.000000 1.000000
vt 0.000000 1.000000
vt 0.000000 0.000000
vt 1.000000 0.000000
vt 1.000000 1.000000
vt 0.000000 1.000000
vt 0.000000 0.000000
vt 1.000000 0.000000
vt 1.000000 1.000000
vt 0.000000 1.000000
vt 0.500000 0.500000
vt 0.000000 0.000000
vt 1.000000 0.000000
vt 0.000000 0.000000
vt 1.000000 0.000000
vt 0.000000 0.000000
vt 1.000000 0.000000
vt 0.000000 0.000000
vt 1.000000 0.000000
vt 0.000000 0.000000
vt 1.000000 0.000000
vt 0.000000 0.000000
vt 1.000000 0.000000
vt 0.000000 0.000000
vt 1.000000 0.000000
vt 0.500000 0.500000
vt 0.000000 0.000000
vt 1.000000 0.000000
vt 0.000000 0.000000
vt 1.000000 0.000000
vt 0.000000 0.000000
vt 1.000000 0.000000
vt 0.000000 0.000000
vt 1.000000 0.000000
vt 0.000000 0.000000
vt 1.000000 0.000000
vt 0.000000 0.000000
vt 1.000000 0.000000
vt 0.000000 0.000000
vt 1.000000 0.000000
vt 0.000000 0.000000
vt 1.000000 0.000000
vt 1.000000 1.000000
vt 0.000000 1.000000
vt 0.000000 0.000000
vt 1.000000 0.000000
vt 1.000000 1.000000
vt 0.000000 1.000000
vt 0.000000 0.000000
vt 1.000000 0.000000
vt 1.000000 1.000000
vt 0.000000 1.000000
vt 0.000000 0.000000
vt 1.000000 0.000000
vt 1.000000 1.000000
vt 0.000000 1.000000
vt 0.000000 0.000000
vt 1.000000 0.000000
vt 1.000000 1.000000
vt 0.000000 1.000000
vt 0.000000 0.000000
vt 1.000000 0.000000
vt 1.000000 1.000000
vt 0.000000 1.000000
vt 0.000000 0.000000
vt 1.000000 0.000000
vt 1.000000 1.000000
vt 0.000000 1.000000
vt 0.500000 0.500000
vt 0.000000 0.000000
vt 1.000000 0.000000
vt 0.000000 0.000000
vt 1.000000 0.000000
vt 0.000000 0.000000
vt 1.000000 0.000000
vt 0.000000 0.000000
vt 1.000000 0.000000
vt 0.000000 0.000000
vt 1.000000 0.000000
vt 0.000000 0.000000
vt 1.000000 0.000000
vt 0.000000 0.000000
vt 1.000000 0.000000
vt 0.500000 0.500000
vt 0.000000 0.000000
vt 1.000000 0.000000
vt 0.000000 0.000000
vt 1.000000 0.000000
vt 0.000000 0.000000
vt 1.000000 0.000000
vt 0.000000 0.000000
vt 1.000000 0.000000
vt 0.000000 0.000000
vt 1.000000 0.000000
vt 0.000000 0.000000
vt 1.000000 0.000000
vt 0.000000 0.000000
vt 1.000000 0.000000
vt 0.000000 0.000000
vt 1.000000 0.000000
vt 1.000000 1.000000
vt 0.000000 1.000000
vt 0.000000 0.000000
vt 1.000000 0.000000
vt 1.000000 1.000000
vt 0.000000 1.000000
vt 0.000000 0.000000
vt 1.000000 0.000000
vt 1.000000 1.000000
vt 0.000000 1.000000
vt 0.000000 0.000000
vt 1.000000 0.000000
vt 1.000000 1.000000
vt 0.000000 1.000000
vt 0.000000 0.000000
vt 1.000000 0.000000
vt 1.000000 1.000000
vt 0.000000 1.000000
vt 0.000000 0.000000
vt 1.000000 0.000000
vt 1.000000 1.000000
vt 0.000000 1.000000
vt 0.000000 0.000000
vt 1.000000 0.000000
vt 1.000000 1.000000
vt 0.000000 1.000000
vt 0.500000 0.500000
vt 0.000000 0.000000
vt 1.000000 0.000000
vt 0.000000 0.000000
vt 1.000000 0.000000
vt 0.000000 0.000000
vt 1.000000 0.000000
vt 0.000000 0.000000
vt 1.000000 0.000000
vt 0.000000 0.000000
vt 1.000000 0.000000
vt 0.000000 0.000000
vt 1.000000 0.000000
vt 0.000000 0.000000
vt 1.000000 0.000000
vt 0.500000 0.500000
vt 0.000000 0.000000
vt 1.000000 0.000000
vt 0.000000 0.000000
vt 1.000000 0.000000
vt 0.000000 0.000000
vt 1.000000 0.000000
vt 0.000000 0.000000
vt 1.000000 0.000000
vt 0.000000 0.000000
vt 1.000000 0.000000
vt 0.000000 0.000000
vt 1.000000 0.000000
vt 0.000000 0.000000
vt 1.000000 0.000000
vt 0.000000 0.000000
vt 1.000000 0.000000
vt 1.000000 1.000000
vt 0.000000 1.000000
vt 0.000000 0.000000
vt 1.000000 0.000000
vt 1.000000 1.000000
vt 0.000000 1.000000
vt 0.000000 0.000000
vt 1.000000 0.000000
vt 1.000000 1.000000
vt 0.000000 1.000000
vt 0.000000 0.000000
vt 1.000000 0.000000
vt 1.000000 1.000000
vt 0.000000 1.000000
vt 0.000000 0.000000
vt 1.000000 0.000000
vt 1.000000 1.000000
vt 0.000000 1.000000
vt 0.000000 0.000000
vt 1.000000 0.000000
vt 1.000000 1.000000
vt 0.000000 1.000000
vt 0.000000 0.000000
vt 1.000000 0.000000
vt 1.000000 1.000000
vt 0.000000 1.000000
vt 0.500000 0.500000
vt 0.000000 0.000000
vt 1.000000 0.000000
vt 0.000000 0.000000
vt 1.000000 0.000000
vt 0.000000 0.000000
vt 1.000000 0.000000
vt 0.000000 0.000000
vt 1.000000 0.000000
vt 0.000000 0.000000
vt 1.000000 0.000000
vt 0.000000 0.000000
vt 1.000000 0.000000
vt 0.000000 0.000000
vt 1.000000 0.000000
vt 0.500000 0.500000
vt 0.000000 0.000000
vt 1.000000 0.000000
vt 0.000000 0.000000
vt 1.000000 0.000000
vt 0.000000 0.000000
vt 1.000000 0.000000
vt 0.000000 0.000000
vt 1.000000 0.000000
vt 0.000000 0.000000
vt 1.000000 0.000000
vt 0.000000 0.000000
vt 1.000000 0.000000
vt 0.000000 0.000000
vt 1.000000 0.000000
vt 0.000000 0.000000
vt 1.000000 0.000000
vt 1.000000 1.000000
vt 0.000000 1.000000
vt 0.000000 0.000000
vt 1.000000 0.000000
vt 1.000000 1.000000
vt 0.000000 1.000000
vt 0.000000 0.000000
vt 1.000000 0.000000
vt 1.000000 1.000000
vt 0.000000 1.000000
vt 0.000000 0.000000
vt 1.000000 0.000000
vt 1.000000 1.000000
vt 0.000000 1.000000
vt 0.000000 0.000000
vt 1.000000 0.000000
vt 1.000000 1.000000
vt 0.000000 1.000000
vt 0.000000 0.000000
vt 1.000000 0.000000
vt 1.000000 1.000000
vt 0.000000 1.000000
vt 0.000000 0.000000
vt 1.000000 0.000000
vt 1.000000 1.000000
vt 0.000000 1.000000
vt 0.500000 0.500000
vt 0.000000 0.000000
vt 1.000000 0.000000
vt 0.000000 0.000000
vt 1.000000 0.000000
vt 0.000000 0.000000
vt 1.000000 0.000000
vt 0.000000 0.000000
vt 1.000000 0.000000
vt 0.000000 0.000000
vt 1.000000 0.000000
vt 0.000000 0.000000
vt 1.000000 0.000000
vt 0.000000 0.000000
vt 1.000000 0.000000
vt 0.500000 0.500000
vt 0.000000 0.000000
vt 1.000000 0.000000
vt 0.000000 0.000000
vt 1.000000 0.000000
vt 0.000000 0.000000
vt 1.000000 0.000000
vt 0.000000 0.000000
vt 1.000000 0.000000
vt 0.000000 0.000000
vt 1.000000 0.000000
vt 0.000000 0.000000
vt 1.000000 0.000000
vt 0.000000 0.000000
vt 1.000000 0.000000
vt 0.000000 0.000000
vt 1.000000 0.000000
vt 1.000000 1.000000
vt 0.000000 1.000000
vt 0.000000 0.000000
vt 1.000000 0.000000
vt 1.000000 1.000000
vt 0.000000 1.000000
vt 0.000000 0.000000
vt 1.000000 0.000000
vt 1.000000 1.000000
vt 0.000000 1.000000
vt 0.000000 0.000000
vt 1.000000 0.000000
vt 1.000000 1.000000
vt 0.000000 1.000000
vt 0.000000 0.000000
vt 1.000000 0.000000
vt 1.000000 1.000000
vt 0.000000 1.000000
vt 0.000000 0.000000
vt 1.000000 0.000000
vt 1.000000 1.000000
vt 0.000000 1.000000
vt 0.000000 0.000000
vt 1.000000 0.000000
vt 1.000000 1.000000
vt 0.000000 1.000000
vt 0.500000 0.500000
vt 0.000000 0.000000
vt 1.000000 0.000000
vt 0.000000 0.000000
vt 1.000000 0.000000
vt 0.000000 0.000000
vt 1.000000 0.000000
vt 0.000000 0.000000
vt 1.000000 0.000000
vt 0.000000 0.000000
vt 1.000000 0.000000
vt 0.000000 0.000000
vt 1.000000 0.000000
vt 0.000000 0.000000
vt 1.000000 0.000000
vt 0.500000 0.500000
vt 0.000000 0.000000
vt 1.000000 0.000000
vt 0.000000 0.000000
vt 1.000000 0.000000
vt 0.000000 0.000000
vt 1.000000 0.000000
vt 0.000000 0.000000
vt 1.000000 0.000000
vt 0.000000 0.000000
vt 1.000000 0.000000
vt 0.000000 0.000000
vt 1.000000 0.000000
vt 0.000000 0.000000
vt 1.000000 0.000000
vt 0.000000 0.000000
vt 1.000000 0.000000
vt 1.000000 1.000000
vt 0.000000 1.000000
vt 0.000000 0.000000
vt 1.000000 0.000000
vt 1.000000 1.000000
vt 0.000000 1.000000
vt 0.000000 0.000000
vt 1.000000 0.000000
vt 1.000000 1.000000
vt 0.000000 1.000000
vt 0.000000 0.000000
vt 1.000000 0.000000
vt 1.000000 1.000000
vt 0.000000 1.000000
vt 0.000000 0.000000
vt 1.000000 0.000000
vt 1.000000 1.000000
vt 0.000000 1.000000
vt 0.000000 0.000000
vt 1.000000 0.000000
vt 1.000000 1.000000
vt 0.000000 1.000000
vt 0.000000 0.000000
vt 1.000000 0.000000
vt 1.000000 1.000000
vt 0.000000 1.000000
vt 0.500000 0.500000
vt 0.000000 0.000000
vt 1.000000 0.000000
vt 0.000000 0.000000
vt 1.000000 0.000000
vt 0.000000 0.000000
vt 1.000000 0.000000
vt 0.000000 0.000000
vt 1.000000 0.000000
vt 0.000000 0.000000
vt 1.000000 0.000000
vt 0.000000 0.000000
vt 1.000000 0.000000
vt 0.000000 0.000000
vt 1.000000 0.000000
vt 0.500000 0.500000
vt 0.000000 0.000000
vt 1.000000 0.000000
vt 0.000000 0.000000
vt 1.000000 0.000000
vt 0.000000 0.000000
vt 1.000000 0.000000
vt 0.000000 0.000000
vt 1.000000 0.000000
vt 0.000000 0.000000
vt 1.000000 0.000000
vt 0.000000 0.000000
vt 1.000000 0.000000
vt 0.000000 0.000000
vt 1.000000 0.000000
vt 0.000000 0.000000
vt 1.000000 0.000000
vt 1.000000 1.000000
vt 0.000000 1.000000
vt 0.000000 0.000000
vt 1.000000 0.000000
vt 1.000000 1.000000
vt 0.000000 1.000000
vt 0.000000 0.000000
vt 1.000000 0.000000
vt 1.000000 1.000000
vt 0.000000 1.000000
vt 0.000000 0.000000
vt 1.000000 0.000000
vt 1.000000 1.000000
vt 0.000000 1.000000
vt 0.000000 0.000000
vt 1.000000 0.000000
vt 1.000000 1.000000
vt 0.000000 1.000000
vt 0.000000 0.000000
vt 1.000000 0.000000
vt 1.000000 1.000000
vt 0.000000 1.000000
vt 0.000000 0.000000
vt 1.000000 0.000000
vt 1.000000 1.000000
vt 0.000000 1.000000
vt 0.000000 0.000000
vt 1.000000 0.000000
vt 1.000000 1.000000
vt 0.000000 1.000000
vt 0.000000 0.000000
vt 1.000000 0.000000
vt 1.000000 1.000000
vt 0.000000 1.000000
vt 0.500000 0.500000
vt 0.000000 0.000000
vt 1.000000 0.000000
vt 0.000000 0.000000
vt 1.000000 0.000000
vt 0.000000 0.000000
vt 1.000000 0.000000
vt 0.000000 0.000000
vt 1.000000 0.000000
vt 0.000000 0.000000
vt 1.000000 0.000000
vt 0.000000 0.000000
vt 1.000000 0.000000
vt 0.000000 0.000000
vt 1.000000 0.000000
vt 0.000000 0.000000
vt 1.000000 0.000000
vt 0.000000 0.000000
vt 1.000000 0.000000
vt 0.500000 0.500000
vt 0.000000 0.000000
vt 1.000000 0.000000
vt 0.000000 0.000000
vt 1.000000 0.000000
vt 0.000000 0.000000
vt 1.000000 0.000000
vt 0.000000 0.000000
vt 1.000000 0.000000
vt 0.000000 0.000000
vt 1.000000 0.000000
vt 0.000000 0.000000
vt 1.000000 0.000000
vt 0.000000 0.000000
vt 1.000000 0.000000
vt 0.000000 0.000000
vt 1.000000 0.000000
vt 0.000000 0.000000
vt 1.000000 0.000000
vt 0.000000 0.000000
vt 1.000000 0.000000
vt 1.000000 1.000000
vt 0.000000 1.000000
vt 0.000000 0.000000
vt 1.000000 0.000000
vt 1.000000 1.000000
vt 0.000000 1.000000
vt 0.000000 0.000000
vt 1.000000 0.000000
vt 1.000000 1.000000
vt 0.000000 1.000000
vt 0.000000 0.000000
vt 1.000000 0.000000
vt 1.000000 1.000000
vt 0.000000 1.000000
vt 0.000000 0.000000
vt 1.000000 0.000000
vt 1.000000 1.000000
vt 0.000000 1.000000
vt 0.000000 0.000000
vt 1.000000 0.000000
vt 1.000000 1.000000
vt 0.000000 1.000000
vt 0.000000 0.000000
vt 1.000000 0.000000
vt 1.000000 1.000000
vt 0.000000 1.000000
vt 0.000000 0.000000
vt 1.000000 0.000000
vt 1.000000 1.000000
vt 0.000000 1.000000
vt 0.000000 0.000000
vt 1.000000 0.000000
vt 1.000000 1.000000
vt 0.000000 1.000000
vt 0.500000 0.500000
vt 0.000000 0.000000
vt 1.000000 0.000000
vt 0.000000 0.000000
vt 1.000000 0.000000
vt 0.000000 0.000000
vt 1.000000 0.000000
vt 0.000000 0.000000
vt 1.000000 0.000000
vt 0.000000 0.000000
vt 1.000000 0.000000
vt 0.000000 0.000000
vt 1.000000 0.000000
vt 0.000000 0.000000
vt 1.000000 0.000000
vt 0.000000 0.000000
vt 1.000000 0.000000
vt 0.000000 0.000000
vt 1.000000 0.000000
vt 0.500000 0.500000
vt 0.000000 0.000000
vt 1.000000 0.000000
vt 0.000000 0.000000
vt 1.000000 0.000000
vt 0.000000 0.000000
vt 1.000000 0.000000
vt 0.000000 0.000000
vt 1.000000 0.000000
vt 0.000000 0.000000
vt 1.000000 0.000000
vt 0.000000 0.000000
vt 1.000000 0.000000
vt 0.000000 0.000000
vt 1.000000 0.000000
vt 0.000000 0.000000
vt 1.000000 0.000000
vt 0.000000 0.000000
vt 1.000000 0.000000
vt 0.000000 0.000000
vt 1.000000 0.000000
vt 1.000000 1.000000
vt 0.000000 1.000000
vt 0.000000 0.000000
vt 1.000000 0.000000
vt 1.000000 1.000000
vt 0.000000 1.000000
vt 0.000000 0.000000
vt 1.000000 0.000000
vt 1.000000 1.000000
vt 0.000000 1.000000
vt 0.000000 0.000000
vt 1.000000 0.000000
vt 1.000000 1.000000
vt 0.000000 1.000000
vt 0.000000 0.000000
vt 1.000000 0.000000
vt 1.000000 1.000000
vt 0.000000 1.000000
vt 0.000000 0.000000
vt 1.000000 0.000000
vt 1.000000 1.000000
vt 0.000000 1.000000
vt 0.000000 0.000000
vt 1.000000 0.000000
vt 1.000000 1.000000
vt 0.000000 1.000000
vt 0.000000 0.000000
vt 1.000000 0.000000
vt 1.000000 1.000000
vt 0.000000 1.000000
vt 0.000000 0.000000
vt 1.000000 0.000000
vt 1.000000 1.000000
vt 0.000000 1.000000
vt 0.500000 0.500000
vt 0.000000 0.000000
vt 1.000000 0.000000
vt 0.000000 0.000000
vt 1.000000 0.000000
vt 0.000000 0.000000
vt 1.000000 0.000000
vt 0.000000 0.000000
vt 1.000000 0.000000
vt 0.000000 0.000000
vt 1.000000 0.000000
vt 0.000000 0.000000
vt 1.000000 0.000000
vt 0.000000 0.000000
vt 1.000000 0.000000
vt 0.000000 0.000000
vt 1.000000 0.000000
vt 0.000000 0.000000
vt 1.000000 0.000000
vt 0.500000 0.500000
vt 0.000000 0.000000
vt 1.000000 0.000000
vt 0.000000 0.000000
vt 1.000000 0.000000
vt 0.000000 0.000000
vt 1.000000 0.000000
vt 0.000000 0.000000
vt 1.000000 0.000000
vt 0.000000 0.000000
vt 1.000000 0.000000
vt 0.000000 0.000000
vt 1.000000 0.000000
vt 0.000000 0.000000
vt 1.000000 0.000000
vt 0.000000 0.000000
vt 1.000000 0.000000
vt 0.000000 0.000000
vt 1.000000 0.000000
vt 0.000000 0.000000
vt 1.000000 0.000000
vt 1.000000 1.000000
vt 0.000000 1.000000
vt 0.000000 0.000000
vt 1.000000 0.000000
vt 1.000000 1.000000
vt 0.000000 1.000000
vt 0.000000 0.000000
vt 1.000000 0.000000
vt 1.000000 1.000000
vt 0.000000 1.000000
vt 0.000000 0.000000
vt 1.000000 0.000000
vt 1.000000 1.000000
vt 0.000000 1.000000
vt 0.000000 0.000000
vt 1.000000 0.000000
vt 1.000000 1.000000
vt 0.000000 1.000000
vt 0.000000 0.000000
vt 1.000000 0.000000
vt 1.000000 1.000000
vt 0.000000 1.000000
vt 0.000000 0.000000
vt 1.000000 0.000000
vt 1.000000 1.000000
vt 0.000000 1.000000
vt 0.000000 0.000000
vt 1.000000 0.000000
vt 1.000000 1.000000
vt 0.000000 1.000000
vt 0.000000 0.000000
vt 1.000000 0.000000
vt 1.000000 1.000000
vt 0.000000 1.000000
vt 0.500000 0.500000
vt 0.000000 0.000000
vt 1.000000 0.000000
vt 0.000000 0.000000
vt 1.000000 0.000000
vt 0.000000 0.000000
vt 1.000000 0.000000
vt 0.000000 0.000000
vt 1.000000 0.000000
vt 0.000000 0.000000
vt 1.000000 0.000000
vt 0.000000 0.000000
vt 1.000000 0.000000
vt 0.000000 0.000000
vt 1.000000 0.000000
vt 0.000000 0.000000
vt 1.000000 0.000000
vt 0.000000 0.000000
vt 1.000000 0.000000
vt 0.500000 0.500000
vt 0.000000 0.000000
vt 1.000000 0.000000
vt 0.000000 0.000000
vt 1.000000 0.000000
vt 0.000000 0.000000
vt 1.000000 0.000000
vt 0.000000 0.000000
vt 1.000000 0.000000
vt 0.000000 0.000000
vt 1.000000 0.000000
vt 0.000000 0.000000
vt 1.000000 0.000000
vt 0.000000 0.000000
vt 1.000000 0.000000
vt 0.000000 0.000000
vt 1.000000 0.000000
vt 0.000000 0.000000
vt 1.000000 0.000000
vt 0.000000 0.000000
vt 1.000000 0.000000
vt 1.000000 1.000000
vt 0.000000 1.000000
vt 0.000000 0.000000
vt 1.000000 0.000000
vt 1.000000 1.000000
vt 0.000000 1.000000
vt 0.000000 0.000000
vt 1.000000 0.000000
vt 1.000000 1.000000
vt 0.000000 1.000000
vt 0.000000 0.000000
vt 1.000000 0.000000
vt 1.000000 1.000000
vt 0.000000 1.000000
vt 0.000000 0.000000
vt 1.000000 0.000000
vt 1.000000 1.000000
vt 0.000000 1.000000
vt 0.000000 0.000000
vt 1.000000 0.000000
vt 1.000000 1.000000
vt 0.000000 1.000000
vt 0.000000 0.000000
vt 1.000000 0.000000
vt 1.000000 1.000000
vt 0.000000 1.000000
vt 0.000000 0.000000
vt 1.000000 0.000000
vt 1.000000 1.000000
vt 0.000000 1.000000
vt 0.000000 0.000000
vt 1.000000 0.000000
vt 1.000000 1.000000
vt 0.000000 1.000000
vt 0.500000 0.500000
vt 0.000000 0.000000
vt 1.000000 0.000000
vt 0.000000 0.000000
vt 1.000000 0.000000
vt 0.000000 0.000000
vt 1.000000 0.000000
vt 0.000000 0.000000
vt 1.000000 0.000000
vt 0.000000 0.000000
vt 1.000000 0.000000
vt 0.000000 0.000000
vt 1.000000 0.000000
vt 0.000000 0.000000
vt 1.000000 0.000000
vt 0.000000 0.000000
vt 1.000000 0.000000
vt 0.000000 0.000000
vt 1.000000 0.000000
vt 0.500000 0.500000
vt 0.000000 0.000000
vt 1.000000 0.000000
vt 0.000000 0.000000
vt 1.000000 0.000000
vt 0.000000 0.000000
vt 1.000000 0.000000
vt 0.000000 0.000000
vt 1.000000 0.000000
vt 0.000000 0.000000
vt 1.000000 0.000000
vt 0.000000 0.000000
vt 1.000000 0.000000
vt 0.000000 0.000000
vt 1.000000 0.000000
vt 0.000000 0.000000
vt 1.000000 0.000000
vt 0.000000 0.000000
vt 1.000000 0.000000
vt 0.000000 0.000000
vt 1.000000 0.000000
vt 1.000000 1.000000
vt 0.000000 1.000000
vt 0.000000 0.000000
vt 1.000000 0.000000
vt 1.000000 1.000000
vt 0.000000 1.000000
vt 0.000000 0.000000
vt 1.000000 0.000000
vt 1.000000 1.000000
vt 0.000000 1.000000
vt 0.000000 0.000000
vt 1.000000 0.000000
vt 1.000000 1.000000
vt 0.000000 1.000000
vt 0.000000 0.000000
vt 1.000000 0.000000
vt 1.000000 1.000000
vt 0.000000 1.000000
vt 0.000000 0.000000
vt 1.000000 0.000000
vt 1.000000 1.000000
vt 0.000000 1.000000
vt 0.000000 0.000000
vt 1.000000 0.000000
vt 1.000000 1.000000
vt 0.000000 1.000000
vt 0.000000 0.000000
vt 1.000000 0.000000
vt 1.000000 1.000000
vt 0.000000 1.000000
vt 0.500000 0.500000
vt 0.000000 0.000000
vt 1.000000 0.000000
vt 0.000000 0.000000
vt 1.000000 0.000000
vt 0.000000 0.000000
vt 1.000000 0.000000
vt 0.000000 0.000000
vt 1.000000 0.000000
vt 0.000000 0.000000
vt 1.000000 0.000000
vt 0.000000 0.000000
vt 1.000000 0.000000
vt 0.000000 0.000000
vt 1.000000 0.000000
vt 0.000000 0.000000
vt 1.000000 0.000000
vt 0.500000 0.500000
vt 0.000000 0.000000
vt 1.000000 0.000000
vt 0.000000 0.000000
vt 1.000000 0.000000
vt 0.000000 0.000000
vt 1.000000 0.000000
vt 0.000000 0.000000
vt 1.000000 0.000000
vt 0.000000 0.000000
vt 1.000000 0.000000
vt 0.000000 0.000000
vt 1.000000 0.000000
vt 0.000000 0.000000
vt 1.000000 0.000000
vt 0.000000 0.000000
vt 1.000000 0.000000
vt 0.000000 0.000000
vt 1.000000 0.000000
vt 1.000000 1.000000
vt 0.000000 1.000000
vt 0.000000 0.000000
vt 1.000000 0.000000
vt 1.000000 1.000000
vt 0.000000 1.000000
vt 0.000000 0.000000
vt 1.000000 0.000000
vt 1.000000 1.000000
vt 0.000000 1.000000
vt 0.000000 0.000000
vt 1.000000 0.000000
vt 1.000000 1.000000
vt 0.000000 1.000000
vt 0.000000 0.000000
vt 1.000000 0.000000
vt 1.000000 1.000000
vt 0.000000 1.000000
vt 0.000000 0.000000
vt 1.000000 0.000000
vt 1.000000 1.000000
vt 0.000000 1.000000
vt 0.000000 0.000000
vt 1.000000 0.000000
vt 1.000000 1.000000
vt 0.000000 1.000000
vt 0.000000 0.000000
vt 1.000000 0.000000
vt 1.000000 1.000000
vt 0.000000 1.000000
vt 0.500000 0.500000
vt 0.000000 0.000000
vt 1.000000 0.000000
vt 0.000000 0.000000
vt 1.000000 0.000000
vt 0.000000 0.000000
vt 1.000000 0.000000
vt 0.000000 0.000000
vt 1.000000 0.000000
vt 0.000000 0.000000
vt 1.000000 0.000000
vt 0.000000 0.000000
vt 1.000000 0.000000
vt 0.000000 0.000000
vt 1.000000 0.000000
vt 0.000000 0.000000
vt 1.000000 0.000000
vt 0.500000 0.500000
vt 0.000000 0.000000
vt 1.000000 0.000000
vt 0.000000 0.000000
vt 1.000000 0.000000
vt 0.000000 0.000000
vt 1.000000 0.000000
vt 0.000000 0.000000
vt 1.000000 0.000000
vt 0.000000 0.000000
vt 1.000000 0.000000
vt 0.000000 0.000000
vt 1.000000 0.000000
vt 0.000000 0.000000
vt 1.000000 0.000000
vt 0.000000 0.000000
vt 1.000000 0.000000
vt 0.000000 0.000000
vt 1.000000 0.000000
vt 1.000000 1.000000
vt 0.000000 1.000000
vt 0.000000 0.000000
vt 1.000000 0.000000
vt 1.000000 1.000000
vt 0.000000 1.000000
vt 0.000000 0.000000
vt 1.000000 0.000000
vt 1.000000 1.000000
vt 0.000000 1.000000
vt 0.000000 0.000000
vt 1.000000 0.000000
vt 1.000000 1.000000
vt 0.000000 1.000000
vt 0.000000 0.000000
vt 1.000000 0.000000
vt 1.000000 1.000000
vt 0.000000 1.000000
vt 0.000000 0.000000
vt 1.000000 0.000000
vt 1.000000 1.000000
vt 0.000000 1.000000
vt 0.000000 0.000000
vt 1.000000 0.000000
vt 1.000000 1.000000
vt 0.000000 1.000000
vt 0.000000 0.000000
vt 1.000000 0.000000
vt 1.000000 1.000000
vt 0.000000 1.000000
vt 0.500000 0.500000
vt 0.000000 0.000000
vt 1.000000 0.000000
vt 0.000000 0.000000
vt 1.000000 0.000000
vt 0.000000 0.000000
vt 1.000000 0.000000
vt 0.000000 0.000000
vt 1.000000 0.000000
vt 0.000000 0.000000
vt 1.000000 0.000000
vt 0.000000 0.000000
vt 1.000000 0.000000
vt 0.000000 0.000000
vt 1.000000 0.000000
vt 0.000000 0.000000
vt 1.000000 0.000000
vt 0.500000 0.500000
vt 0.000000 0.000000
vt 1.000000 0.000000
vt 0.000000 0.000000
vt 1.000000 0.000000
vt 0.000000 0.000000
vt 1.000000 0.000000
vt 0.000000 0.000000
vt 1.000000 0.000000
vt 0.000000 0.000000
vt 1.000000 0.000000
vt 0.000000 0.000000
vt 1.000000 0.000000
vt 0.000000 0.000000
vt 1.000000 0.000000
vt 0.000000 0.000000
vt 1.000000 0.000000
vt 0.000000 0.000000
vt 1.000000 0.000000
vt 1.000000 1.000000
vt 0.000000 1.000000
vt 0.000000 0.000000
vt 1.000000 0.000000
vt 1.000000 1.000000
vt 0.000000 1.000000
vt 0.000000 0.000000
vt 1.000000 0.000000
vt 1.000000 1.000000
vt 0.000000 1.000000
vt 0.000000 0.000000
vt 1.000000 0.000000
vt 1.000000 1.000000
vt 0.000000 1.000000
vt 0.000000 0.000000
vt 1.000000 0.000000
vt 1.000000 1.000000
vt 0.000000 1.000000
vt 0.000000 0.000000
vt 1.000000 0.000000
vt 1.000000 1.000000
vt 0.000000 1.000000
vt 0.000000 0.000000
vt 1.000000 0.000000
vt 1.000000 1.000000
vt 0.000000 1.000000
vt 0.000000 0.000000
vt 1.000000 0.000000
vt 1.000000 1.000000
vt 0.000000 1.000000
vt 0.500000 0.500000
vt 0.000000 0.000000
vt 1.000000 0.000000
vt 0.000000 0.000000
vt 1.000000 0.000000
vt 0.000000 0.000000
vt 1.000000 0.000000
vt 0.000000 0.000000
vt 1.000000 0.000000
vt 0.000000 0.000000
vt 1.000000 0.000000
vt 0.000000 0.000000
vt 1.000000 0.000000
vt 0.000000 0.000000
vt 1.000000 0.000000
vt 0.000000 0.000000
vt 1.000000 0.000000
vt 0.500000 0.500000
vt 0.000000 0.000000
vt 1.000000 0.000000
vt 0.000000 0.000000
vt 1.000000 0.000000
vt 0.000000 0.000000
vt 1.000000 0.000000
vt 0.000000 0.000000
vt 1.000000 0.000000
vt 0.000000 0.000000
vt 1.000000 0.000000
vt 0.000000 0.000000
vt 1.000000 0.000000
vt 0.000000 0.000000
vt 1.000000 0.000000
vt 0.000000 0.000000
vt 1.000000 0.000000
vt 0.000000 0.000000
vt 1.000000 0.000000
vt 1.000000 1.000000
vt 0.000000 1.000000
vt 0.000000 0.000000
vt 1.000000 0.000000
vt 1.000000 1.000000
vt 0.000000 1.000000
vt 0.000000 0.000000
vt 1.000000 0.000000
vt 1.000000 1.000000
vt 0.000000 1.000000
vt 0.000000 0.000000
vt 1.000000 0.000000
vt 1.000000 1.000000
vt 0.000000 1.000000
vt 0.000000 0.000000
vt 1.000000 0.000000
vt 1.000000 1.000000
vt 0.000000 1.000000
vt 0.000000 0.000000
vt 1.000000 0.000000
vt 1.000000 1.000000
vt 0.000000 1.000000
vt 0.000000 0.000000
vt 1.000000 0.000000
vt 1.000000 1.000000
vt 0.000000 1.000000
vt 0.000000 0.000000
vt 1.000000 0.000000
vt 1.000000 1.000000
vt 0.000000 1.000000
vt 0.500000 0.500000
vt 0.000000 0.000000
vt 1.000000 0.000000
vt 0.000000 0.000000
vt 1.000000 0.000000
vt 0.000000 0.000000
vt 1.000000 0.000000
vt 0.000000 0.000000
vt 1.000000 0.000000
vt 0.000000 0.000000
vt 1.000000 0.000000
vt 0.000000 0.000000
vt 1.000000 0.000000
vt 0.000000 0.000000
vt 1.000000 0.000000
vt 0.000000 0.000000
vt 1.000000 0.000000
vt 0.500000 0.500000
vt 0.000000 0.000000
vt 1.000000 0.000000
vt 0.000000 0.000000
vt 1.000000 0.000000
vt 0.000000 0.000000
vt 1.000000 0.000000
vt 0.000000 0.000000
vt 1.000000 0.000000
vt 0.000000 0.000000
vt 1.000000 0.000000
vt 0.000000 0.000000
vt 1.000000 0.000000
vt 0.000000 0.000000
vt 1.000000 0.000000
vt 0.000000 0.000000
vt 1.000000 0.000000
vt 0.000000 0.000000
vt 1.000000 0.000000
vt 1.000000 1.000000
vt 0.000000 1.000000
vt 0.000000 0.000000
vt 1.000000 0.000000
vt 1.000000 1.000000
vt 0.000000 1.000000
vt 0.000000 0.000000
vt 1.000000 0.000000
vt 1.000000 1.000000
vt 0.000000 1.000000
vt 0.000000 0.000000
vt 1.000000 0.000000
vt 1.000000 1.000000
vt 0.000000 1.000000
vt 0.000000 0.000000
vt 1.000000 0.000000
vt 1.000000 1.000000
vt 0.000000 1.000000
vt 0.000000 0.000000
vt 1.000000 0.000000
vt 1.000000 1.000000
vt 0.000000 1.000000
vt 0.000000 0.000000
vt 1.000000 0.000000
vt 1.000000 1.000000
vt 0.000000 1.000000
vt 0.000000 0.000000
vt 1.000000 0.000000
vt 1.000000 1.000000
vt 0.000000 1.000000
vt 0.500000 0.500000
vt 0.000000 0.000000
vt 1.000000 0.000000
vt 0.000000 0.000000
vt 1.000000 0.000000
vt 0.000000 0.000000
vt 1.000000 0.000000
vt 0.000000 0.000000
vt 1.000000 0.000000
vt 0.000000 0.000000
vt 1.000000 0.000000
vt 0.000000 0.000000
vt 1.000000 0.000000
vt 0.000000 0.000000
vt 1.000000 0.000000
vt 0.000000 0.000000
vt 1.000000 0.000000
vt 0.500000 0.500000
vt 0.000000 0.000000
vt 1.000000 0.000000
vt 0.000000 0.000000
vt 1.000000 0.000000
vt 0.000000 0.000000
vt 1.000000 0.000000
vt 0.000000 0.000000
vt 1.000000 0.000000
vt 0.000000 0.000000
vt 1.000000 0.000000
vt 0.000000 0.000000
vt 1.000000 0.000000
vt 0.000000 0.000000
vt 1.000000 0.000000
vt 0.000000 0.000000
vt 1.000000 0.000000
vt 0.000000 0.000000
vt 1.000000 0.000000
vt 1.000000 1.000000
vt 0.000000 1.000000
vt 0.000000 0.000000
vt 1.000000 0.000000
vt 1.000000 1.000000
vt 0.000000 1.000000
vt 0.000000 0.000000
vt 1.000000 0.000000
vt 1.000000 1.000000
vt 0.000000 1.000000
vt 0.000000 0.000000
vt 1.000000 0.000000
vt 1.000000 1.000000
vt 0.000000 1.000000
vt 0.000000 0.000000
vt 1.000000 0.000000
vt 1.000000 1.000000
vt 0.000000 1.000000
vt 0.000000 0.000000
vt 1.000000 0.000000
vt 1.000000 1.000000
vt 0.000000 1.000000
vt 0.000000 0.000000
vt 1.000000 0.000000
vt 1.000000 1.000000
vt 0.000000 1.000000
vt 0.000000 0.000000
vt 1.000000 0.000000
vt 1.000000 1.000000
vt 0.000000 1.000000
vt 0.500000 0.500000
vt 0.000000 0.000000
vt 1.000000 0.000000
vt 0.000000 0.000000
vt 1.000000 0.000000
vt 0.000000 0.000000
vt 1.000000 0.000000
vt 0.000000 0.000000
vt 1.000000 0.000000
vt 0.000000 0.000000
vt 1.000000 0.000000
vt 0.000000 0.000000
vt 1.000000 0.000000
vt 0.000000 0.000000
vt 1.000000 0.000000
vt 0.000000 0.000000
vt 1.000000 0.000000
vt 0.500000 0.500000
vt 0.000000 0.000000
vt 1.000000 0.000000
vt 0.000000 0.000000
vt 1.000000 0.000000
vt 0.000000 0.000000
vt 1.000000 0.000000
vt 0.000000 0.000000
vt 1.000000 0.000000
vt 0.000000 0.000000
vt 1.000000 0.000000
vt 0.000000 0.000000
vt 1.000000 0.000000
vt 0.000000 0.000000
vt 1.000000 0.000000
vt 0.000000 0.000000
vt 1.000000 0.000000
vt 0.000000 0.000000
vt 1.000000 0.000000
vt 1.000000 1.000000
vt 0.000000 1.000000
vt 0.000000 0.000000
vt 1.000000 0.000000
vt 1.000000 1.000000
vt 0.000000 1.000000
vt 0.000000 0.000000
vt 1.000000 0.000000
vt 1.000000 1.000000
vt 0.000000 1.000000
vt 0.000000 0.000000
vt 1.000000 0.000000
vt 1.000000 1.000000
vt 0.000000 1.000000
vt 0.000000 0.000000
vt 1.000000 0.000000
vt 1.000000 1.000000
vt 0.000000 1.000000
vt 0.000000 0.000000
vt 1.000000 0.000000
vt 1.000000 1.000000
vt 0.000000 1.000000
vt 0.000000 0.000000
vt 1.000000 0.000000
vt 1.000000 1.000000
vt 0.000000 1.000000
vt 0.000000 0.000000
vt 1.000000 0.000000
vt 1.000000 1.000000
vt 0.000000 1.000000
vt 0.500000 0.500000
vt 0.000000 0.000000
vt 1.000000 0.000000
vt 0.000000 0.000000
vt 1.000000 0.000000
vt 0.000000 0.000000
vt 1.000000 0.000000
vt 0.000000 0.000000
vt 1.000000 0.000000
vt 0.000000 0.000000
vt 1.000000 0.000000
vt 0.000000 0.000000
vt 1.000000 0.000000
vt 0.000000 0.000000
vt 1.000000 0.000000
vt 0.000000 0.000000
vt 1.000000 0.000000
vt 0.500000 0.500000
vt 0.000000 0.000000
vt 1.000000 0.000000
vt 0.000000 0.000000
vt 1.000000 0.000000
vt 0.000000 0.000000
vt 1.000000 0.000000
vt 0.000000 0.000000
vt 1.000000 0.000000
vt 0.000000 0.000000
vt 1.000000 0.000000
vt 0.000000 0.000000
vt 1.000000 0.000000
vt 0.000000 0.000000
vt 1.000000 0.000000
vt 0.000000 0.000000
vt 1.000000 0.000000
vt 0.000000 0.000000
vt 1.000000 0.000000
vt 1.000000 1.000000
vt 0.000000 1.000000
vt 0.000000 0.000000
vt 1.000000 0.000000
vt 1.000000 1.000000
vt 0.000000 1.000000
vt 0.000000 0.000000
vt 1.000000 0.000000
vt 1.000000 1.000000
vt 0.000000 1.000000
vt 0.000000 0.000000
vt 1.000000 0.000000
vt 1.000000 1.000000
vt 0.000000 1.000000
vt 0.000000 0.000000
vt 1.000000 0.000000
vt 1.000000 1.000000
vt 0.000000 1.000000
vt 0.000000 0.000000
vt 1.000000 0.000000
vt 1.000000 1.000000
vt 0.000000 1.000000
vt 0.000000 0.000000
vt 1.000000 0.000000
vt 1.000000 1.000000
vt 0.000000 1.000000
vt 0.000000 0.000000
vt 1.000000 0.000000
vt 1.000000 1.000000
vt 0.000000 1.000000
vt 0.500000 0.500000
vt 0.000000 0.000000
vt 1.000000 0.000000
vt 0.000000 0.000000
vt 1.000000 0.000000
vt 0.000000 0.000000
vt 1.000000 0.000000
vt 0.000000 0.000000
vt 1.000000 0.000000
vt 0.000000 0.000000
vt 1.000000 0.000000
vt 0.000000 0.000000
vt 1.000000 0.000000
vt 0.000000 0.000000
vt 1.000000 0.000000
vt 0.000000 0.000000
vt 1.000000 0.000000
vt 0.500000 0.500000
vt 0.000000 0.000000
vt 1.000000 0.000000
vt 0.000000 0.000000
vt 1.000000 0.000000
vt 0.000000 0.000000
vt 1.000000 0.000000
vt 0.000000 0.000000
vt 1.000000 0.000000
vt 0.000000 0.000000
vt 1.000000 0.000000
vt 0.000000 0.000000
vt 1.000000 0.000000
vt 0.000000 0.000000
vt 1.000000 0.000000
vt 0.000000 0.000000
vt 1.000000 0.000000
vt 0.000000 0.000000
vt 1.000000 0.000000
vt 1.000000 1.000000
vt 0.000000 1.000000
vt 0.000000 0.000000
vt 1.000000 0.000000
vt 1.000000 1.000000
vt 0.000000 1.000000
vt 0.000000 0.000000
vt 1.000000 0.000000
vt 1.000000 1.000000
vt 0.000000 1.000000
vt 0.000000 0.000000
vt 1.000000 0.000000
vt 1.000000 1.000000
vt 0.000000 1.000000
vt 0.000000 0.000000
vt 1.000000 0.000000
vt 1.000000 1.000000
vt 0.000000 1.000000
vt 0.000000 0.000000
vt 1.000000 0.000000
vt 1.000000 1.000000
vt 0.000000 1.000000
vt 0.000000 0.000000
vt 1.000000 0.000000
vt 1.000000 1.000000
vt 0.000000 1.000000
vt 0.000000 0.000000
vt 1.000000 0.000000
vt 1.000000 1.000000
vt 0.000000 1.000000
vt 0.500000 0.500000
vt 0.000000 0.000000
vt 1.000000 0.000000
vt 0.000000 0.000000
vt 1.000000 0.000000
vt 0.000000 0.000000
vt 1.000000 0.000000
vt 0.000000 0.000000
vt 1.000000 0.000000
vt 0.000000 0.000000
vt 1.000000 0.000000
vt 0.000000 0.000000
vt 1.000000 0.000000
vt 0.000000 0.000000
vt 1.000000 0.000000
vt 0.000000 0.000000
vt 1.000000 0.000000
vt 0.500000 0.500000
vt 0.000000 0.000000
vt 1.000000 0.000000
vt 0.000000 0.000000
vt 1.000000 0.000000
vt 0.000000 0.000000
vt 1.000000 0.000000
vt 0.000000 0.000000
vt 1.000000 0.000000
vt 0.000000 0.000000
vt 1.000000 0.000000
vt 0.000000 0.000000
vt 1.000000 0.000000
vt 0.000000 0.000000
vt 1.000000 0.000000
vt 0.000000 0.000000
vt 1.000000 0.000000
vt 0.000000 0.000000
vt 1.000000 0.000000
vt 1.000000 1.000000
vt 0.000000 1.000000
vt 0.000000 0.000000
vt 1.000000 0.000000
vt 1.000000 1.000000
vt 0.000000 1.000000
vt 0.000000 0.000000
vt 1.000000 0.000000
vt 1.000000 1.000000
vt 0.000000 1.000000
vt 0.000000 0.000000
vt 1.000000 0.000000
vt 1.000000 1.000000
vt 0.000000 1.000000
vt 0.000000 0.000000
vt 1.000000 0.000000
vt 1.000000 1.000000
vt 0.000000 1.000000
vt 0.000000 0.000000
vt 1.000000 0.000000
vt 1.000000 1.000000
vt 0.000000 1.000000
vt 0.000000 0.000000
vt 1.000000 0.000000
vt 1.000000 1.000000
vt 0.000000 1.000000
vt 0.000000 0.000000
vt 1.000000 0.000000
vt 1.000000 1.000000
vt 0.000000 1.000000
vt 0.500000 0.500000
vt 0.000000 0.000000
vt 1.000000 0.000000
vt 0.000000 0.000000
vt 1.000000 0.000000
vt 0.000000 0.000000
vt 1.000000 0.000000
vt 0.000000 0.000000
vt 1.000000 0.000000
vt 0.000000 0.000000
vt 1.000000 0.000000
vt 0.000000 0.000000
vt 1.000000 0.000000
vt 0.000000 0.000000
vt 1.000000 0.000000
vt 0.000000 0.000000
vt 1.000000 0.000000
vt 0.500000 0.500000
vt 0.000000 0.000000
vt 1.000000 0.000000
vt 0.000000 0.000000
vt 1.000000 0.000000
vt 0.000000 0.000000
vt 1.000000 0.000000
vt 0.000000 0.000000
vt 1.000000 0.000000
vt 0.000000 0.000000
vt 1.000000 0.000000
vt 0.000000 0.000000
vt 1.000000 0.000000
vt 0.000000 0.000000
vt 1.000000 0.000000
vt 0.000000 0.000000
vt 1.000000 0.000000
vt 0.000000 0.000000
vt 1.000000 0.000000
vt 1.000000 1.000000
vt 0.000000 1.000000
vt 0.000000 0.000000
vt 1.000000 0.000000
vt 1.000000 1.000000
vt 0.000000 1.000000
vt 0.000000 0.000000
vt 1.000000 0.000000
vt 1.000000 1.000000
vt 0.000000 1.000000
vt 0.000000 0.000000
vt 1.000000 0.000000
vt 1.000000 1.000000
vt 0.000000 1.000000
vt 0.000000 0.000000
vt 1.000000 0.000000
vt 1.000000 1.000000
vt 0.000000 1.000000
vt 0.000000 0.000000
vt 1.000000 0.000000
vt 1.000000 1.000000
vt 0.000000 1.000000
vt 0.000000 0.000000
vt 1.000000 0.000000
vt 1.000000 1.000000
vt 0.000000 1.000000
vt 0.000000 0.000000
vt 1.000000 0.000000
vt 1.000000 1.000000
vt 0.000000 1.000000
vt 0.500000 0.500000
vt 0.000000 0.000000
vt 1.000000 0.000000
vt 0.000000 0.000000
vt 1.000000 0.000000
vt 0.000000 0.000000
vt 1.000000 0.000000
vt 0.000000 0.000000
vt 1.000000 0.000000
vt 0.000000 0.000000
vt 1.000000 0.000000
vt 0.000000 0.000000
vt 1.000000 0.000000
vt 0.000000 0.000000
vt 1.000000 0.000000
vt 0.000000 0.000000
vt 1.000000 0.000000
vt 0.500000 0.500000
vt 0.000000 0.000000
vt 1.000000 0.000000
vt 0.000000 0.000000
vt 1.000000 0.000000
vt 0.000000 0.000000
vt 1.000000 0.000000
vt 0.000000 0.000000
vt 1.000000 0.000000
vt 0.000000 0.000000
vt 1.000000 0.000000
vt 0.000000 0.000000
vt 1.000000 0.000000
vt 0.000000 0.000000
vt 1.000000 0.000000
vt 0.000000 0.000000
vt 1.000000 0.000000
vt 0.000000 0.000000
vt 1.000000 0.000000
vt 1.000000 1.000000
vt 0.000000 1.000000
vt 0.000000 0.000000
vt 1.000000 0.000000
vt 1.000000 1.000000
vt 0.000000 1.000000
vt 0.000000 0.000000
vt 1.000000 0.000000
vt 1.000000 1.000000
vt 0.000000 1.000000
vt 0.000000 0.000000
vt 1.000000 0.000000
vt 1.000000 1.000000
vt 0.000000 1.000000
vt 0.000000 0.000000
vt 1.000000 0.000000
vt 1.000000 1.000000
vt 0.000000 1.000000
vt 0.000000 0.000000
vt 1.000000 0.000000
vt 1.000000 1.000000
vt 0.000000 1.000000
vt 0.000000 0.000000
vt 1.000000 0.000000
vt 1.000000 1.000000
vt 0.000000 1.000000
vt 0.000000 0.000000
vt 1.000000 0.000000
vt 1.000000 1.000000
vt 0.000000 1.000000
vt 0.000000 0.000000
vt 1.000000 0.000000
vt 1.000000 1.000000
vt 0.000000 1.000000
vt 0.000000 0.000000
vt 1.000000 0.000000
vt 1.000000 1.000000
vt 0.000000 1.000000
vt 0.000000 0.000000
vt 1.000000 0.000000
vt 1.000000 1.000000
vt 0.000000 1.000000
vt 0.000000 0.000000
vt 1.000000 0.000000
vt 1.000000 1.000000
vt 0.000000 1.000000
vt 0.000000 0.000000
vt 1.000000 0.000000
vt 1.000000 1.000000
vt 0.000000 1.000000
vt 0.000000 0.000000
vt 1.000000 0.000000
vt 1.000000 1.000000
vt 0.000000 1.000000
vt 0.000000 0.000000
vt 1.000000 0.000000
vt 1.000000 1.000000
vt 0.000000 1.000000
vt 0.000000 0.000000
vt 1.000000 0.000000
vt 1.000000 1.000000
vt 0.000000 1.000000
vt 0.000000 0.000000
vt 1.000000 0.000000
vt 1.000000 1.000000
vt 0.000000 1.000000
vt 0.000000 0.000000
vt 1.000000 0.000000
vt 1.000000 1.000000
vt 0.000000 1.000000
vt 0.000000 0.000000
vt 1.000000 0.000000
vt 1.000000 1.000000
vt 0.000000 1.000000
vt 0.000000 0.000000
vt 1.000000 0.000000
vt 1.000000 1.000000
vt 0.000000 1.000000
vt 0.000000 0.000000
vt 1.000000 0.000000
vt 1.000000 1.000000
vt 0.000000 1.000000
vt 0.000000 0.000000
vt 1.000000 0.000000
vt 1.000000 1.000000
vt 0.000000 1.000000
vt 0.000000 0.000000
vt 1.000000 0.000000
vt 1.000000 1.000000
vt 0.000000 1.000000
vt 0.000000 0.000000
vt 1.000000 0.000000
vt 1.000000 1.000000
vt 0.000000 1.000000
vt 0.000000 0.000000
vt 1.000000 0.000000
vt 1.000000 1.000000
vt 0.000000 1.000000
vt 0.000000 0.000000
vt 1.000000 0.000000
vt 1.000000 1.000000
vt 0.000000 1.000000
vt 0.000000 0.000000
vt 1.000000 0.000000
vt 1.000000 1.000000
vt 0.000000 1.000000
vt 0.000000 0.000000
vt 1.000000 0.000000
vt 1.000000 1.000000
vt 0.000000 1.000000
vt 0.000000 0.000000
vt 1.000000 0.000000
vt 1.000000 1.000000
vt 0.000000 1.000000
vt 0.000000 0.000000
vt 1.000000 0.000000
vt 1.000000 1.000000
vt 0.000000 1.000000
vt 0.000000 0.000000
vt 1.000000 0.000000
vt 1.000000 1.000000
vt 0.000000 1.000000
vt 0.000000 0.000000
vt 1.000000 0.000000
vt 1.000000 1.000000
vt 0.000000 1.000000
vt 0.000000 0.000000
vt 1.000000 0.000000
vt 1.000000 1.000000
vt 0.000000 1.000000
vt 0.000000 0.000000
vt 1.000000 0.000000
vt 1.000000 1.000000
vt 0.000000 1.000000
vt 0.000000 0.000000
vt 1.000000 0.000000
vt 1.000000 1.000000
vt 0.000000 1.000000
vt 0.000000 0.000000
vt 1.000000 0.000000
vt 1.000000 1.000000
vt 0.000000 1.000000
vt 0.000000 0.000000
vt 1.000000 0.000000
vt 1.000000 1.000000
vt 0.000000 1.000000
vt 0.000000 0.000000
vt 1.000000 0.000000
vt 1.000000 1.000000
vt 0.000000 1.000000
vt 0.000000 0.000000
vt 1.000000 0.000000
vt 1.000000 1.000000
vt 0.000000 1.000000
vt 0.000000 0.000000
vt 1.000000 0.000000
vt 1.000000 1.000000
vt 0.000000 1.000000
vt 0.000000 0.000000
vt 1.000000 0.000000
vt 1.000000 1.000000
vt 0.000000 1.000000
vt 0.000000 0.000000
vt 1.000000 0.000000
vt 1.000000 1.000000
vt 0.000000 1.000000
vt 0.000000 0.000000
vt 1.000000 0.000000
vt 1.000000 1.000000
vt 0.000000 1.000000
vt 0.000000 0.000000
vt 1.000000 0.000000
vt 1.000000 1.000000
vt 0.000000 1.000000
vt 0.000000 0.000000
vt 1.000000 0.000000
vt 1.000000 1.000000
vt 0.000000 1.000000
vt 0.000000 0.000000
vt 1.000000 0.000000
vt 1.000000 1.000000
vt 0.000000 1.000000
vt 0.000000 0.000000
vt 1.000000 0.000000
vt 1.000000 1.000000
vt 0.000000 1.000000
vt 0.000000 0.000000
vt 1.000000 0.000000
vt 1.000000 1.000000
vt 0.000000 1.000000
vt 0.000000 0.000000
vt 1.000000 0.000000
vt 1.000000 1.000000
vt 0.000000 1.000000
vt 0.000000 0.000000
vt 1.000000 0.000000
vt 1.000000 1.000000
vt 0.000000 1.000000
vt 0.000000 0.000000
vt 1.000000 0.000000
vt 1.000000 1.000000
vt 0.000000 1.000000
vt 0.000000 0.000000
vt 1.000000 0.000000
vt 1.000000 1.000000
vt 0.000000 1.000000
vt 0.000000 0.000000
vt 1.000000 0.000000
vt 1.000000 1.000000
vt 0.000000 1.000000
vt 0.000000 0.000000
vt 1.000000 0.000000
vt 1.000000 1.000000
vt 0.000000 1.000000
vt 0.000000 0.000000
vt 1.000000 0.000000
vt 1.000000 1.000000
vt 0.000000 1.000000
vt 0.000000 0.000000
vt 1.000000 0.000000
vt 1.000000 1.000000
vt 0.000000 1.000000
vt 0.000000 0.000000
vt 1.000000 0.000000
vt 1.000000 1.000000
vt 0.000000 1.000000
vt 0.000000 0.000000
vt 1.000000 0.000000
vt 1.000000 1.000000
vt 0.000000 1.000000
vt 0.000000 0.000000
vt 1.000000 0.000000
vt 1.000000 1.000000
vt 0.000000 1.000000
vt 0.000000 0.000000
vt 1.000000 0.000000
vt 1.000000 1.000000
vt 0.000000 1.000000
vt 0.000000 0.000000
vt 1.000000 0.000000
vt 1.000000 1.000000
vt 0.000000 1.000000
vt 0.000000 0.000000
vt 1.000000 0.000000
vt 1.000000 1.000000
vt 0.000000 1.000000
vt 0.000000 0.000000
vt 1.000000 0.000000
vt 1.000000 1.000000
vt 0.000000 1.000000
vt 0.000000 0.000000
vt 1.000000 0.000000
vt 1.000000 1.000000
vt 0.000000 1.000000
vt 0.000000 0.000000
vt 1.000000 0.000000
vt 1.000000 1.000000
vt 0.000000 1.000000
vt 0.000000 0.000000
vt 1.000000 0.000000
vt 1.000000 1.000000
vt 0.000000 1.000000
vt 0.000000 0.000000
vt 1.000000 0.000000
vt 1.000000 1.000000
vt 0.000000 1.000000
vt 0.000000 0.000000
vt 1.000000 0.000000
vt 1.000000 1.000000
vt 0.000000 1.000000
vt 0.000000 0.000000
vt 1.000000 0.000000
vt 1.000000 1.000000
vt 0.000000 1.000000
vt 0.000000 0.000000
vt 1.000000 0.000000
vt 1.000000 1.000000
vt 0.000000 1.000000
vt 0.000000 0.000000
vt 1.000000 0.000000
vt 1.000000 1.000000
vt 0.000000 1.000000
vt 0.000000 0.000000
vt 1.000000 0.000000
vt 1.000000 1.000000
vt 0.000000 1.000000
vt 0.000000 0.000000
vt 1.000000 0.000000
vt 1.000000 1.000000
vt 0.000000 1.000000
vt 0.000000 0.000000
vt 1.000000 0.000000
vt 1.000000 1.000000
vt 0.000000 1.000000
vt 0.000000 0.000000
vt 1.000000 0.000000
vt 1.000000 1.000000
vt 0.000000 1.000000
vt 0.000000 0.000000
vt 1.000000 0.000000
vt 1.000000 1.000000
vt 0.000000 1.000000
vt 0.000000 0.000000
vt 1.000000 0.000000
vt 1.000000 1.000000
vt 0.000000 1.000000
vt 0.000000 0.000000
vt 1.000000 0.000000
vt 1.000000 1.000000
vt 0.000000 1.000000
vt 0.000000 0.000000
vt 1.000000 0.000000
vt 1.000000 1.000000
vt 0.000000 1.000000
vt 0.000000 0.000000
vt 1.000000 0.000000
vt 1.000000 1.000000
vt 0.000000 1.000000
vt 0.000000 0.000000
vt 1.000000 0.000000
vt 1.000000 1.000000
vt 0.000000 1.000000
vt 0.000000 0.000000
vt 1.000000 0.000000
vt 1.000000 1.000000
vt 0.000000 1.000000
vt 0.000000 0.000000
vt 1.000000 0.000000
vt 1.000000 1.000000
vt 0.000000 1.000000
vt 0.000000 0.000000
vt 1.000000 0.000000
vt 1.000000 1.000000
vt 0.000000 1.000000
vt 0.000000 0.000000
vt 1.000000 0.000000
vt 1.000000 1.000000
vt 0.000000 1.000000
vt 0.000000 0.000000
vt 1.000000 0.000000
vt 1.000000 1.000000
vt 0.000000 1.000000
vt 0.000000 0.000000
vt 1.000000 0.000000
vt 1.000000 1.000000
vt 0.000000 1.000000
vt 0.000000 0.000000
vt 1.000000 0.000000
vt 1.000000 1.000000
vt 0.000000 1.000000
vt 0.000000 0.000000
vt 1.000000 0.000000
vt 1.000000 1.000000
vt 0.000000 1.000000
vt 0.000000 0.000000
vt 1.000000 0.000000
vt 1.000000 1.000000
vt 0.000000 1.000000
vt 0.000000 0.000000
vt 1.000000 0.000000
vt 1.000000 1.000000
vt 0.000000 1.000000
vt 0.000000 0.000000
vt 1.000000 0.000000
vt 1.000000 1.000000
vt 0.000000 1.000000
vt 0.000000 0.000000
vt 1.000000 0.000000
vt 1.000000 1.000000
vt 0.000000 1.000000
vt 0.000000 0.000000
vt 1.000000 0.000000
vt 1.000000 1.000000
vt 0.000000 1.000000
vt 0.000000 0.000000
vt 1.000000 0.000000
vt 1.000000 1.000000
vt 0.000000 1.000000
vt 0.000000 0.000000
vt 1.000000 0.000000
vt 1.000000 1.000000
vt 0.000000 1.000000
vt 0.000000 0.000000
vt 1.000000 0.000000
vt 1.000000 1.000000
vt 0.000000 1.000000
vt 0.000000 0.000000
vt 1.000000 0.000000
vt 1.000000 1.000000
vt 0.000000 1.000000
vt 0.000000 0.000000
vt 1.000000 0.000000
vt 1.000000 1.000000
vt 0.000000 1.000000
vt 0.000000 0.000000
vt 1.000000 0.000000
vt 1.000000 1.000000
vt 0.000000 1.000000
vt 0.000000 0.000000
vt 1.000000 0.000000
vt 1.000000 1.000000
vt 0.000000 1.000000
vt 0.000000 0.000000
vt 1.000000 0.000000
vt 1.000000 1.000000
vt 0.000000 1.000000
vt 0.000000 0.000000
vt 1.000000 0.000000
vt 1.000000 1.000000
vt 0.000000 1.000000
vt 0.000000 0.000000
vt 1.000000 0.000000
vt 1.000000 1.000000
vt 0.000000 1.000000
vt 0.000000 0.000000
vt 1.000000 0.000000
vt 1.000000 1.000000
vt 0.000000 1.000000
vt 0.000000 0.000000
vt 1.000000 0.000000
vt 1.000000 1.000000
vt 0.000000 1.000000
vt 0.000000 0.000000
vt 1.000000 0.000000
vt 1.000000 1.000000
vt 0.000000 1.000000
vt 0.000000 0.000000
vt 1.000000 0.000000
vt 1.000000 1.000000
vt 0.000000 1.000000
vt 0.000000 0.000000
vt 1.000000 0.000000
vt 1.000000 1.000000
vt 0.000000 1.000000
vt 0.000000 0.000000
vt 1.000000 0.000000
vt 1.000000 1.000000
vt 0.000000 1.000000
vt 0.000000 0.000000
vt 1.000000 0.000000
vt 1.000000 1.000000
vt 0.000000 1.000000
vt 0.000000 0.000000
vt 1.000000 0.000000
vt 1.000000 1.000000
vt 0.000000 1.000000
vt 0.000000 0.000000
vt 1.000000 0.000000
vt 1.000000 1.000000
vt 0.000000 1.000000
vt 0.000000 0.000000
vt 1.000000 0.000000
vt 1.000000 1.000000
vt 0.000000 1.000000
vt 0.000000 0.000000
vt 1.000000 0.000000
vt 1.000000 1.000000
vt 0.000000 1.000000
vt 0.000000 0.000000
vt 1.000000 0.000000
vt 1.000000 1.000000
vt 0.000000 1.000000
vt 0.000000 0.000000
vt 1.000000 0.000000
vt 1.000000 1.000000
vt 0.000000 1.000000
vt 0.000000 0.000000
vt 1.000000 0.000000
vt 1.000000 1.000000
vt 0.000000 1.000000
vt 0.000000 0.000000
vt 1.000000 0.000000
vt 1.000000 1.000000
vt 0.000000 1.000000
vt 0.000000 0.000000
vt 1.000000 0.000000
vt 1.000000 1.000000
vt 0.000000 1.000000
vt 0.000000 0.000000
vt 1.000000 0.000000
vt 1.000000 1.000000
vt 0.000000 1.000000
vt 0.000000 0.000000
vt 1.000000 0.000000
vt 1.000000 1.000000
vt 0.000000 1.000000
vt 0.000000 0.000000
vt 1.000000 0.000000
vt 1.000000 1.000000
vt 0.000000 1.000000
vt 0.000000 0.000000
vt 1.000000 0.000000
vt 1.000000 1.000000
vt 0.000000 1.000000
vt 0.000000 0.000000
vt 1.000000 0.000000
vt 1.000000 1.000000
vt 0.000000 1.000000
vt 0.000000 0.000000
vt 1.000000 0.000000
vt 1.000000 1.000000
vt 0.000000 1.000000
vt 0.000000 0.000000
vt 1.000000 0.000000
vt 1.000000 1.000000
vt 0.000000 1.000000
vt 0.000000 0.000000
vt 1.000000 0.000000
vt 1.000000 1.000000
vt 0.000000 1.000000
vt 0.000000 0.000000
vt 1.000000 0.000000
vt 1.000000 1.000000
vt 0.000000 1.000000
vt 0.000000 0.000000
vt 1.000000 0.000000
vt 1.000000 1.000000
vt 0.000000 1.000000
vt 0.000000 0.000000
vt 1.000000 0.000000
vt 1.000000 1.000000
vt 0.000000 1.000000
vt 0.000000 0.000000
vt 1.000000 0.000000
vt 1.000000 1.000000
vt 0.000000 1.000000
vt 0.000000 0.000000
vt 1.000000 0.000000
vt 1.000000 1.000000
vt 0.000000 1.000000
vt 0.000000 0.000000
vt 1.000000 0.000000
vt 1.000000 1.000000
vt 0.000000 1.000000
vt 0.000000 0.000000
vt 1.000000 0.000000
vt 1.000000 1.000000
vt 0.000000 1.000000
vt 0.000000 0.000000
vt 1.000000 0.000000
vt 1.000000 1.000000
vt 0.000000 1.000000
vt 0.000000 0.000000
vt 1.000000 0.000000
vt 1.000000 1.000000
vt 0.000000 1.000000
vt 0.000000 0.000000
vt 1.000000 0.000000
vt 1.000000 1.000000
vt 0.000000 1.000000
vt 0.000000 0.000000
vt 1.000000 0.000000
vt 1.000000 1.000000
vt 0.000000 1.000000
vt 0.000000 0.000000
vt 1.000000 0.000000
vt 1.000000 1.000000
vt 0.000000 1.000000
vt 0.000000 0.000000
vt 1.000000 0.000000
vt 1.000000 1.000000
vt 0.000000 1.000000
vt 0.000000 0.000000
vt 1.000000 0.000000
vt 1.000000 1.000000
vt 0.000000 1.000000
vt 0.000000 0.000000
vt 1.000000 0.000000
vt 1.000000 1.000000
vt 0.000000 1.000000
vt 0.000000 0.000000
vt 1.000000 0.000000
vt 1.000000 1.000000
vt 0.000000 1.000000
vt 0.000000 0.000000
vt 1.000000 0.000000
vt 1.000000 1.000000
vt 0.000000 1.000000
vt 0.000000 0.000000
vt 1.000000 0.000000
vt 1.000000 1.000000
vt 0.000000 1.000000
vt 0.000000 0.000000
vt 1.000000 0.000000
vt 1.000000 1.000000
vt 0.000000 1.000000
vt 0.000000 0.000000
vt 1.000000 0.000000
vt 1.000000 1.000000
vt 0.000000 1.000000
vt 0.000000 0.000000
vt 1.000000 0.000000
vt 1.000000 1.000000
vt 0.000000 1.000000
vt 0.000000 0.000000
vt 1.000000 0.000000
vt 1.000000 1.000000
vt 0.000000 1.000000
vt 0.000000 0.000000
vt 1.000000 0.000000
vt 1.000000 1.000000
vt 0.000000 1.000000
vt 0.000000 0.000000
vt 1.000000 0.000000
vt 1.000000 1.000000
vt 0.000000 1.000000
vt 0.000000 0.000000
vt 1.000000 0.000000
vt 1.000000 1.000000
vt 0.000000 1.000000
vt 0.000000 0.000000
vt 1.000000 0.000000
vt 1.000000 1.000000
vt 0.000000 1.000000
vt 0.000000 0.000000
vt 1.000000 0.000000
vt 1.000000 1.000000
vt 0.000000 1.000000
vt 0.000000 0.000000
vt 1.000000 0.000000
vt 1.000000 1.000000
vt 0.000000 1.000000
vt 0.500000 0.500000
vt 0.000000 0.000000
vt 1.000000 0.000000
vt 0.000000 0.000000
vt 1.000000 0.000000
vt 0.000000 0.000000
vt 1.000000 0.000000
vt 0.000000 0.000000
vt 1.000000 0.000000
vt 0.000000 0.000000
vt 1.000000 0.000000
vt 0.000000 0.000000
vt 1.000000 0.000000
vt 0.000000 0.000000
vt 1.000000 0.000000
vt 0.000000 0.000000
vt 1.000000 0.000000
vt 0.500000 0.500000
vt 0.000000 0.000000
vt 1.000000 0.000000
vt 0.000000 0.000000
vt 1.000000 0.000000
vt 0.000000 0.000000
vt 1.000000 0.000000
vt 0.000000 0.000000
vt 1.000000 0.000000
vt 0.000000 0.000000
vt 1.000000 0.000000
vt 0.000000 0.000000
vt 1.000000 0.000000
vt 0.000000 0.000000
vt 1.000000 0.000000
vt 0.000000 0.000000
vt 1.000000 0.000000
vt 0.000000 0.000000
vt 1.000000 0.000000
vt 1.000000 1.000000
vt 0.000000 1.000000
vt 0.000000 0.000000
vt 1.000000 0.000000
vt 1.000000 1.000000
vt 0.000000 1.000000
vt 0.000000 0.000000
vt 1.000000 0.000000
vt 1.000000 1.000000
vt 0.000000 1.000000
vt 0.000000 0.000000
vt 1.000000 0.000000
vt 1.000000 1.000000
vt 0.000000 1.000000
vt 0.000000 0.000000
vt 1.000000 0.000000
vt 1.000000 1.000000
vt 0.000000 1.000000
vt 0.000000 0.000000
vt 1.000000 0.000000
vt 1.000000 1.000000
vt 0.000000 1.000000
vt 0.000000 0.000000
vt 1.000000 0.000000
vt 1.000000 1.000000
vt 0.000000 1.000000
vt 0.000000 0.000000
vt 1.000000 0.000000
vt 1.000000 1.000000
vt 0.000000 1.000000
vt 0.500000 0.500000
vt 0.000000 0.000000
vt 1.000000 0.000000
vt 0.000000 0.000000
vt 1.000000 0.000000
vt 0.000000 0.000000
vt 1.000000 0.000000
vt 0.000000 0.000000
vt 1.000000 0.000000
vt 0.000000 0.000000
vt 1.000000 0.000000
vt 0.000000 0.000000
vt 1.000000 0.000000
vt 0.000000 0.000000
vt 1.000000 0.000000
vt 0.000000 0.000000
vt 1.000000 0.000000
vt 0.500000 0.500000
vt 0.000000 0.000000
vt 1.000000 0.000000
vt 0.000000 0.000000
vt 1.000000 0.000000
vt 0.000000 0.000000
vt 1.000000 0.000000
vt 0.000000 0.000000
vt 1.000000 0.000000
vt 0.000000 0.000000
vt 1.000000 0.000000
vt 0.000000 0.000000
vt 1.000000 0.000000
vt 0.000000 0.000000
vt 1.000000 0.000000
vt 0.000000 0.000000
vt 1.000000 0.000000
vt 0.000000 0.000000
vt 1.000000 0.000000
vt 1.000000 1.000000
vt 0.000000 1.000000
vt 0.000000 0.000000
vt 1.000000 0.000000
vt 1.000000 1.000000
vt 0.000000 1.000000
vt 0.000000 0.000000
vt 1.000000 0.000000
vt 1.000000 1.000000
vt 0.000000 1.000000
vt 0.000000 0.000000
vt 1.000000 0.000000
vt 1.000000 1.000000
vt 0.000000 1.000000
vt 0.000000 0.000000
vt 1.000000 0.000000
vt 1.000000 1.000000
vt 0.000000 1.000000
vt 0.000000 0.000000
vt 1.000000 0.000000
vt 1.000000 1.000000
vt 0.000000 1.000000
vt 0.000000 0.000000
vt 1.000000 0.000000
vt 1.000000 1.000000
vt 0.000000 1.000000
vt 0.000000 0.000000
vt 1.000000 0.000000
vt 1.000000 1.000000
vt 0.000000 1.000000
vt 0.500000 0.500000
vt 0.000000 0.000000
vt 1.000000 0.000000
vt 0.000000 0.000000
vt 1.000000 0.000000
vt 0.000000 0.000000
vt 1.000000 0.000000
vt 0.000000 0.000000
vt 1.000000 0.000000
vt 0.000000 0.000000
vt 1.000000 0.000000
vt 0.000000 0.000000
vt 1.000000 0.000000
vt 0.000000 0.000000
vt 1.000000 0.000000
vt 0.000000 0.000000
vt 1.000000 0.000000
vt 0.500000 0.500000
vt 0.000000 0.000000
vt 1.000000 0.000000
vt 0.000000 0.000000
vt 1.000000 0.000000
vt 0.000000 0.000000
vt 1.000000 0.000000
vt 0.000000 0.000000
vt 1.000000 0.000000
vt 0.000000 0.000000
vt 1.000000 0.000000
vt 0.000000 0.000000
vt 1.000000 0.000000
vt 0.000000 0.000000
vt 1.000000 0.000000
vt 0.000000 0.000000
vt 1.000000 0.000000
vt 0.000000 0.000000
vt 1.000000 0.000000
vt 1.000000 1.000000
vt 0.000000 1.000000
vt 0.000000 0.000000
vt 1.000000 0.000000
vt 1.000000 1.000000
vt 0.000000 1.000000
vt 0.000000 0.000000
vt 1.000000 0.000000
vt 1.000000 1.000000
vt 0.000000 1.000000
vt 0.000000 0.000000
vt 1.000000 0.000000
vt 1.000000 1.000000
vt 0.000000 1.000000
vt 0.000000 0.000000
vt 1.000000 0.000000
vt 1.000000 1.000000
vt 0.000000 1.000000
vt 0.000000 0.000000
vt 1.000000 0.000000
vt 1.000000 1.000000
vt 0.000000 1.000000
vt 0.000000 0.000000
vt 1.000000 0.000000
vt 1.000000 1.000000
vt 0.000000 1.000000
vt 0.000000 0.000000
vt 1.000000 0.000000
vt 1.000000 1.000000
vt 0.000000 1.000000
vt 0.500000 0.500000
vt 0.000000 0.000000
vt 1.000000 0.000000
vt 0.000000 0.000000
vt 1.000000 0.000000
vt 0.000000 0.000000
vt 1.000000 0.000000
vt 0.000000 0.000000
vt 1.000000 0.000000
vt 0.000000 0.000000
vt 1.000000 0.000000
vt 0.000000 0.000000
vt 1.000000 0.000000
vt 0.000000 0.000000
vt 1.000000 0.000000
vt 0.000000 0.000000
vt 1.000000 0.000000
vt 0.500000 0.500000
vt 0.000000 0.000000
vt 1.000000 0.000000
vt 0.000000 0.000000
vt 1.000000 0.000000
vt 0.000000 0.000000
vt 1.000000 0.000000
vt 0.000000 0.000000
vt 1.000000 0.000000
vt 0.000000 0.000000
vt 1.000000 0.000000
vt 0.000000 0.000000
vt 1.000000 0.000000
vt 0.000000 0.000000
vt 1.000000 0.000000
vt 0.000000 0.000000
vt 1.000000 0.000000
vt 0.000000 0.000000
vt 1.000000 0.000000
vt 1.000000 1.000000
vt 0.000000 1.000000
vt 0.000000 0.000000
vt 1.000000 0.000000
vt 1.000000 1.000000
vt 0.000000 1.000000
vt 0.000000 0.000000
vt 1.000000 0.000000
vt 1.000000 1.000000
vt 0.000000 1.000000
vt 0.000000 0.000000
vt 1.000000 0.000000
vt 1.000000 1.000000
vt 0.000000 1.000000
vt 0.000000 0.000000
vt 1.000000 0.000000
vt 1.000000 1.000000
vt 0.000000 1.000000
vt 0.000000 0.000000
vt 1.000000 0.000000
vt 1.000000 1.000000
vt 0.000000 1.000000
vt 0.000000 0.000000
vt 1.000000 0.000000
vt 1.000000 1.000000
vt 0.000000 1.000000
vt 0.000000 0.000000
vt 1.000000 0.000000
vt 1.000000 1.000000
vt 0.000000 1.000000
vt 0.500000 0.500000
vt 0.000000 0.000000
vt 1.000000 0.000000
vt 0.000000 0.000000
vt 1.000000 0.000000
vt 0.000000 0.000000
vt 1.000000 0.000000
vt 0.000000 0.000000
vt 1.000000 0.000000
vt 0.000000 0.000000
vt 1.000000 0.000000
vt 0.000000 0.000000
vt 1.000000 0.000000
vt 0.000000 0.000000
vt 1.000000 0.000000
vt 0.000000 0.000000
vt 1.000000 0.000000
vt 0.500000 0.500000
vt 0.000000 0.000000
vt 1.000000 0.000000
vt 0.000000 0.000000
vt 1.000000 0.000000
vt 0.000000 0.000000
vt 1.000000 0.000000
vt 0.000000 0.000000
vt 1.000000 0.000000
vt 0.000000 0.000000
vt 1.000000 0.000000
vt 0.000000 0.000000
vt 1.000000 0.000000
vt 0.000000 0.000000
vt 1.000000 0.000000
vt 0.000000 0.000000
vt 1.000000 0.000000
vt 0.000000 0.000000
vt 1.000000 0.000000
vt 1.000000 1.000000
vt 0.000000 1.000000
vt 0.000000 0.000000
vt 1.000000 0.000000
vt 1.000000 1.000000
vt 0.000000 1.000000
vt 0.000000 0.000000
vt 1.000000 0.000000
vt 1.000000 1.000000
vt 0.000000 1.000000
vt 0.000000 0.000000
vt 1.000000 0.000000
vt 1.000000 1.000000
vt 0.000000 1.000000
vt 0.000000 0.000000
vt 1.000000 0.000000
vt 1.000000 1.000000
vt 0.000000 1.000000
vt 0.000000 0.000000
vt 1.000000 0.000000
vt 1.000000 1.000000
vt 0.000000 1.000000
vt 0.000000 0.000000
vt 1.000000 0.000000
vt 1.000000 1.000000
vt 0.000000 1.000000
vt 0.000000 0.000000
vt 1.000000 0.000000
vt 1.000000 1.000000
vt 0.000000 1.000000
vt 0.500000 0.500000
vt 0.000000 0.000000
vt 1.000000 0.000000
vt 0.000000 0.000000
vt 1.000000 0.000000
vt 0.000000 0.000000
vt 1.000000 0.000000
vt 0.000000 0.000000
vt 1.000000 0.000000
vt 0.000000 0.000000
vt 1.000000 0.000000
vt 0.000000 0.000000
vt 1.000000 0.000000
vt 0.000000 0.000000
vt 1.000000 0.000000
vt 0.000000 0.000000
vt 1.000000 0.000000
vt 0.500000 0.500000
vt 0.000000 0.000000
vt 1.000000 0.000000
vt 0.000000 0.000000
vt 1.000000 0.000000
vt 0.000000 0.000000
vt 1.000000 0.000000
vt 0.000000 0.000000
vt 1.000000 0.000000
vt 0.000000 0.000000
vt 1.000000 0.000000
vt 0.000000 0.000000
vt 1.000000 0.000000
vt 0.000000 0.000000
vt 1.000000 0.000000
vt 0.000000 0.000000
vt 1.000000 0.000000
vt 0.000000 0.000000
vt 1.000000 0.000000
vt 1.000000 1.000000
vt 0.000000 1.000000
vt 0.000000 0.000000
vt 1.000000 0.000000
vt 1.000000 1.000000
vt 0.000000 1.000000
vt 0.000000 0.000000
vt 1.000000 0.000000
vt 1.000000 1.000000
vt 0.000000 1.000000
vt 0.000000 0.000000
vt 1.000000 0.000000
vt 1.000000 1.000000
vt 0.000000 1.000000
vt 0.000000 0.000000
vt 1.000000 0.000000
vt 1.000000 1.000000
vt 0.000000 1.000000
vt 0.000000 0.000000
vt 1.000000 0.000000
vt 1.000000 1.000000
vt 0.000000 1.000000
vt 0.000000 0.000000
vt 1.000000 0.000000
vt 1.000000 1.000000
vt 0.000000 1.000000
vt 0.000000 0.000000
vt 1.000000 0.000000
vt 1.000000 1.000000
vt 0.000000 1.000000
vt 0.500000 0.500000
vt 0.000000 0.000000
vt 1.000000 0.000000
vt 0.000000 0.000000
vt 1.000000 0.000000
vt 0.000000 0.000000
vt 1.000000 0.000000
vt 0.000000 0.000000
vt 1.000000 0.000000
vt 0.000000 0.000000
vt 1.000000 0.000000
vt 0.000000 0.000000
vt 1.000000 0.000000
vt 0.000000 0.000000
vt 1.000000 0.000000
vt 0.000000 0.000000
vt 1.000000 0.000000
vt 0.500000 0.500000
vt 0.000000 0.000000
vt 1.000000 0.000000
vt 0.000000 0.000000
vt 1.000000 0.000000
vt 0.000000 0.000000
vt 1.000000 0.000000
vt 0.000000 0.000000
vt 1.000000 0.000000
vt 0.000000 0.000000
vt 1.000000 0.000000
vt 0.000000 0.000000
vt 1.000000 0.000000
vt 0.000000 0.000000
vt 1.000000 0.000000
vt 0.000000 0.000000
vt 1.000000 0.000000
vt 0.000000 0.000000
vt 1.000000 0.000000
vt 1.000000 1.000000
vt 0.000000 1.000000
vt 0.000000 0.000000
vt 1.000000 0.000000
vt 1.000000 1.000000
vt 0.000000 1.000000
vt 0.000000 0.000000
vt 1.000000 0.000000
vt 1.000000 1.000000
vt 0.000000 1.000000
vt 0.000000 0.000000
vt 1.000000 0.000000
vt 1.000000 1.000000
vt 0.000000 1.000000
vt 0.000000 0.000000
vt 1.000000 0.000000
vt 1.000000 1.000000
vt 0.000000 1.000000
vt 0.000000 0.000000
vt 1.000000 0.000000
vt 1.000000 1.000000
vt 0.000000 1.000000
vt 0.000000 0.000000
vt 1.000000 0.000000
vt 1.000000 1.000000
vt 0.000000 1.000000
vt 0.000000 0.000000
vt 1.000000 0.000000
vt 1.000000 1.000000
vt 0.000000 1.000000
vt 0.500000 0.500000
vt 0.000000 0.000000
vt 1.000000 0.000000
vt 0.000000 0.000000
vt 1.000000 0.000000
vt 0.000000 0.000000
vt 1.000000 0.000000
vt 0.000000 0.000000
vt 1.000000 0.000000
vt 0.000000 0.000000
vt 1.000000 0.000000
vt 0.000000 0.000000
vt 1.000000 0.000000
vt 0.000000 0.000000
vt 1.000000 0.000000
vt 0.000000 0.000000
vt 1.000000 0.000000
vt 0.500000 0.500000
vt 0.000000 0.000000
vt 1.000000 0.000000
vt 0.000000 0.000000
vt 1.000000 0.000000
vt 0.000000 0.000000
vt 1.000000 0.000000
vt 0.000000 0.000000
vt 1.000000 0.000000
vt 0.000000 0.000000
vt 1.000000 0.000000
vt 0.000000 0.000000
vt 1.000000 0.000000
vt 0.000000 0.000000
vt 1.000000 0.000000
vt 0.000000 0.000000
vt 1.000000 0.000000
vt 0.000000 0.000000
vt 1.000000 0.000000
vt 1.000000 1.000000
vt 0.000000 1.000000
vt 0.000000 0.000000
vt 1.000000 0.000000
vt 1.000000 1.000000
vt 0.000000 1.000000
vt 0.000000 0.000000
vt 1.000000 0.000000
vt 1.000000 1.000000
vt 0.000000 1.000000
vt 0.000000 0.000000
vt 1.000000 0.000000
vt 1.000000 1.000000
vt 0.000000 1.000000
vt 0.000000 0.000000
vt 1.000000 0.000000
vt 1.000000 1.000000
vt 0.000000 1.000000
vt 0.000000 0.000000
vt 1.000000 0.000000
vt 1.000000 1.000000
vt 0.000000 1.000000
vt 0.000000 0.000000
vt 1.000000 0.000000
vt 1.000000 1.000000
vt 0.000000 1.000000
vt 0.000000 0.000000
vt 1.000000 0.000000
vt 1.000000 1.000000
vt 0.000000 1.000000
vt 0.500000 0.500000
vt 0.000000 0.000000
vt 1.000000 0.000000
vt 0.000000 0.000000
vt 1.000000 0.000000
vt 0.000000 0.000000
vt 1.000000 0.000000
vt 0.000000 0.000000
vt 1.000000 0.000000
vt 0.000000 0.000000
vt 1.000000 0.000000
vt 0.000000 0.000000
vt 1.000000 0.000000
vt 0.000000 0.000000
vt 1.000000 0.000000
vt 0.000000 0.000000
vt 1.000000 0.000000
vt 0.500000 0.500000
vt 0.000000 0.000000
vt 1.000000 0.000000
vt 0.000000 0.000000
vt 1.000000 0.000000
vt 0.000000 0.000000
vt 1.000000 0.000000
vt 0.000000 0.000000
vt 1.000000 0.000000
vt 0.000000 0.000000
vt 1.000000 0.000000
vt 0.000000 0.000000
vt 1.000000 0.000000
vt 0.000000 0.000000
vt 1.000000 0.000000
vt 0.000000 0.000000
vt 1.000000 0.000000
vt 0.000000 0.000000
vt 1.000000 0.000000
vt 1.000000 1.000000
vt 0.000000 1.000000
vt 0.000000 0.000000
vt 1.000000 0.000000
vt 1.000000 1.000000
vt 0.000000 1.000000
vt 0.000000 0.000000
vt 1.000000 0.000000
vt 1.000000 1.000000
vt 0.000000 1.000000
vt 0.000000 0.000000
vt 1.000000 0.000000
vt 1.000000 1.000000
vt 0.000000 1.000000
vt 0.000000 0.000000
vt 1.000000 0.000000
vt 1.000000 1.000000
vt 0.000000 1.000000
vt 0.000000 0.000000
vt 1.000000 0.000000
vt 1.000000 1.000000
vt 0.000000 1.000000
vt 0.000000 0.000000
vt 1.000000 0.000000
vt 1.000000 1.000000
vt 0.000000 1.000000
vt 0.000000 0.000000
vt 1.000000 0.000000
vt 1.000000 1.000000
vt 0.000000 1.000000
vt 0.500000 0.500000
vt 0.000000 0.000000
vt 1.000000 0.000000
vt 0.000000 0.000000
vt 1.000000 0.000000
vt 0.000000 0.000000
vt 1.000000 0.000000
vt 0.000000 0.000000
vt 1.000000 0.000000
vt 0.000000 0.000000
vt 1.000000 0.000000
vt 0.000000 0.000000
vt 1.000000 0.000000
vt 0.000000 0.000000
vt 1.000000 0.000000
vt 0.000000 0.000000
vt 1.000000 0.000000
vt 0.500000 0.500000
vt 0.000000 0.000000
vt 1.000000 0.000000
vt 0.000000 0.000000
vt 1.000000 0.000000
vt 0.000000 0.000000
vt 1.000000 0.000000
vt 0.000000 0.000000
vt 1.000000 0.000000
vt 0.000000 0.000000
vt 1.000000 0.000000
vt 0.000000 0.000000
vt 1.000000 0.000000
vt 0.000000 0.000000
vt 1.000000 0.000000
vt 0.000000 0.000000
vt 1.000000 0.000000
vt 0.000000 0.000000
vt 1.000000 0.000000
vt 1.000000 1.000000
vt 0.000000 1.000000
vt 0.000000 0.000000
vt 1.000000 0.000000
vt 1.000000 1.000000
vt 0.000000 1.000000
vt 0.000000 0.000000
vt 1.000000 0.000000
vt 1.000000 1.000000
vt 0.000000 1.000000
vt 0.000000 0.000000
vt 1.000000 0.000000
vt 1.000000 1.000000
vt 0.000000 1.000000
vt 0.000000 0.000000
vt 1.000000 0.000000
vt 1.000000 1.000000
vt 0.000000 1.000000
vt 0.000000 0.000000
vt 1.000000 0.000000
vt 1.000000 1.000000
vt 0.000000 1.000000
vt 0.000000 0.000000
vt 1.000000 0.000000
vt 1.000000 1.000000
vt 0.000000 1.000000
vt 0.000000 0.000000
vt 1.000000 0.000000
vt 1.000000 1.000000
vt 0.000000 1.000000
vt 0.500000 0.500000
vt 0.000000 0.000000
vt 1.000000 0.000000
vt 0.000000 0.000000
vt 1.000000 0.000000
vt 0.000000 0.000000
vt 1.000000 0.000000
vt 0.000000 0.000000
vt 1.000000 0.000000
vt 0.000000 0.000000
vt 1.000000 0.000000
vt 0.000000 0.000000
vt 1.000000 0.000000
vt 0.000000 0.000000
vt 1.000000 0.000000
vt 0.000000 0.000000
vt 1.000000 0.000000
vt 0.500000 0.500000
vt 0.000000 0.000000
vt 1.000000 0.000000
vt 0.000000 0.000000
vt 1.000000 0.000000
vt 0.000000 0.000000
vt 1.000000 0.000000
vt 0.000000 0.000000
vt 1.000000 0.000000
vt 0.000000 0.000000
vt 1.000000 0.000000
vt 0.000000 0.000000
vt 1.000000 0.000000
vt 0.000000 0.000000
vt 1.000000 0.000000
vt 0.000000 0.000000
vt 1.000000 0.000000
vt 0.000000 0.000000
vt 1.000000 0.000000
vt 1.000000 1.000000
vt 0.000000 1.000000
vt 0.000000 0.000000
vt 1.000000 0.000000
vt 1.000000 1.000000
vt 0.000000 1.000000
vt 0.000000 0.000000
vt 1.000000 0.000000
vt 1.000000 1.000000
vt 0.000000 1.000000
vt 0.000000 0.000000
vt 1.000000 0.000000
vt 1.000000 1.000000
vt 0.000000 1.000000
vt 0.000000 0.000000
vt 1.000000 0.000000
vt 1.000000 1.000000
vt 0.000000 1.000000
vt 0.000000 0.000000
vt 1.000000 0.000000
vt 1.000000 1.000000
vt 0.000000 1.000000
vt 0.000000 0.000000
vt 1.000000 0.000000
vt 1.000000 1.000000
vt 0.000000 1.000000
vt 0.000000 0.000000
vt 1.000000 0.000000
vt 1.000000 1.000000
vt 0.000000 1.000000
vt 0.500000 0.500000
vt 0.000000 0.000000
vt 1.000000 0.000000
vt 0.000000 0.000000
vt 1.000000 0.000000
vt 0.000000 0.000000
vt 1.000000 0.000000
vt 0.000000 0.000000
vt 1.000000 0.000000
vt 0.000000 0.000000
vt 1.000000 0.000000
vt 0.000000 0.000000
vt 1.000000 0.000000
vt 0.000000 0.000000
vt 1.000000 0.000000
vt 0.000000 0.000000
vt 1.000000 0.000000
vt 0.500000 0.500000
vt 0.000000 0.000000
vt 1.000000 0.000000
vt 0.000000 0.000000
vt 1.000000 0.000000
vt 0.000000 0.000000
vt 1.000000 0.000000
vt 0.000000 0.000000
vt 1.000000 0.000000
vt 0.000000 0.000000
vt 1.000000 0.000000
vt 0.000000 0.000000
vt 1.000000 0.000000
vt 0.000000 0.000000
vt 1.000000 0.000000
vt 0.000000 0.000000
vt 1.000000 0.000000
vt 0.000000 0.000000
vt 1.000000 0.000000
vt 1.000000 1.000000
vt 0.000000 1.000000
vt 0.000000 0.000000
vt 1.000000 0.000000
vt 1.000000 1.000000
vt 0.000000 1.000000
vt 0.000000 0.000000
vt 1.000000 0.000000
vt 1.000000 1.000000
vt 0.000000 1.000000
vt 0.000000 0.000000
vt 1.000000 0.000000
vt 1.000000 1.000000
vt 0.000000 1.000000
vt 0.000000 0.000000
vt 1.000000 0.000000
vt 1.000000 1.000000
vt 0.000000 1.000000
vt 0.000000 0.000000
vt 1.000000 0.000000
vt 1.000000 1.000000
vt 0.000000 1.000000
vt 0.000000 0.000000
vt 1.000000 0.000000
vt 1.000000 1.000000
vt 0.000000 1.000000
vt 0.500000 0.500000
vt 0.000000 0.000000
vt 1.000000 0.000000
vt 0.000000 0.000000
vt 1.000000 0.000000
vt 0.000000 0.000000
vt 1.000000 0.000000
vt 0.000000 0.000000
vt 1.000000 0.000000
vt 0.000000 0.000000
vt 1.000000 0.000000
vt 0.500000 0.500000
vt 0.000000 0.000000
vt 1.000000 0.000000
vt 0.000000 0.000000
vt 1.000000 0.000000
vt 0.000000 0.000000
vt 1.000000 0.000000
vt 0.000000 0.000000
vt 1.000000 0.000000
vt 0.000000 0.000000
vt 1.000000 0.000000
vt 0.000000 0.000000
vt 1.000000 0.000000
vt 1.000000 1.000000
vt 0.000000 1.000000
vt 0.000000 0.000000
vt 1.000000 0.000000
vt 1.000000 1.000000
vt 0.000000 1.000000
vt 0.000000 0.000000
vt 1.000000 0.000000
vt 1.000000 1.000000
vt 0.000000 1.000000
vt 0.000000 0.000000
vt 1.000000 0.000000
vt 1.000000 1.000000
vt 0.000000 1.000000
vt 0.000000 0.000000
vt 1.000000 0.000000
vt 1.000000 1.000000
vt 0.000000 1.000000
vt 0.000000 0.000000
vt 1.000000 0.000000
vt 1.000000 1.000000
vt 0.000000 1.000000
vt 0.500000 0.500000
vt 0.000000 0.000000
vt 1.000000 0.000000
vt 0.000000 0.000000
vt 1.000000 0.000000
vt 0.000000 0.000000
vt 1.000000 0.000000
vt 0.000000 0.000000
vt 1.000000 0.000000
vt 0.000000 0.000000
vt 1.000000 0.000000
vt 0.000000 0.000000
vt 1.000000 0.000000
vt 0.500000 0.500000
vt 0.000000 0.000000
vt 1.000000 0.000000
vt 0.000000 0.000000
vt 1.000000 0.000000
vt 0.000000 0.000000
vt 1.000000 0.000000
vt 0.000000 0.000000
vt 1.000000 0.000000
vt 0.000000 0.000000
vt 1.000000 0.000000
vt 0.000000 0.000000
vt 1.000000 0.000000
vt 0.000000 0.000000
vt 1.000000 0.000000
vt 1.000000 1.000000
vt 0.000000 1.000000
vt 0.000000 0.000000
vt 1.000000 0.000000
vt 1.000000 1.000000
vt 0.000000 1.000000
vt 0.000000 0.000000
vt 1.000000 0.000000
vt 1.000000 1.000000
vt 0.000000 1.000000
vt 0.000000 0.000000
vt 1.000000 0.000000
vt 1.000000 1.000000
vt 0.000000 1.000000
vt 0.000000 0.000000
vt 1.000000 0.000000
vt 1.000000 1.000000
vt 0.000000 1.000000
vt 0.000000 0.000000
vt 1.000000 0.000000
vt 1.000000 1.000000
vt 0.000000 1.000000
vt 0.000000 0.000000
vt 1.000000 0.000000
vt 1.000000 1.000000
vt 0.000000 1.000000
vt 0.000000 0.000000
vt 1.000000 0.000000
vt 1.000000 1.000000
vt 0.000000 1.000000
vt 0.000000 0.000000
vt 1.000000 0.000000
vt 1.000000 1.000000
vt 0.000000 1.000000
vt 0.000000 0.000000
vt 1.000000 0.000000
vt 1.000000 1.000000
vt 0.000000 1.000000
vt 0.000000 0.000000
vt 1.000000 0.000000
vt 1.000000 1.000000
vt 0.000000 1.000000
vt 0.000000 0.000000
vt 1.000000 0.000000
vt 1.000000 1.000000
vt 0.000000 1.000000
vt 0.000000 0.000000
vt 1.000000 0.000000
vt 1.000000 1.000000
vt 0.000000 1.000000
vt 0.000000 0.000000
vt 1.000000 0.000000
vt 1.000000 1.000000
vt 0.000000 1.000000
vt 0.000000 0.000000
vt 1.000000 0.000000
vt 1.000000 1.000000
vt 0.000000 1.000000
vt 0.000000 0.000000
vt 1.000000 0.000000
vt 1.000000 1.000000
vt 0.000000 1.000000
vt 0.000000 0.000000
vt 1.000000 0.000000
vt 1.000000 1.000000
vt 0.000000 1.000000
vt 0.000000 0.000000
vt 1.000000 0.000000
vt 1.000000 1.000000
vt 0.000000 1.000000
vt 0.000000 0.000000
vt 1.000000 0.000000
vt 1.000000 1.000000
vt 0.000000 1.000000
vt 0.000000 0.000000
vt 1.000000 0.000000
vt 1.000000 1.000000
vt 0.000000 1.000000
vt 0.000000 0.000000
vt 1.000000 0.000000
vt 1.000000 1.000000
vt 0.000000 1.000000
vt 0.000000 0.000000
vt 1.000000 0.000000
vt 1.000000 1.000000
vt 0.000000 1.000000
vt 0.000000 0.000000
vt 1.000000 0.000000
vt 1.000000 1.000000
vt 0.000000 1.000000
vt 0.000000 0.000000
vt 1.000000 0.000000
vt 1.000000 1.000000
vt 0.000000 1.000000
vt 0.000000 0.000000
vt 1.000000 0.000000
vt 1.000000 1.000000
vt 0.000000 1.000000
vt 0.000000 0.000000
vt 1.000000 0.000000
vt 1.000000 1.000000
vt 0.000000 1.000000
vt 0.000000 0.000000
vt 1.000000 0.000000
vt 1.000000 1.000000
vt 0.000000 1.000000
vt 0.000000 0.000000
vt 1.000000 0.000000
vt 1.000000 1.000000
vt 0.000000 1.000000
vt 0.000000 0.000000
vt 1.000000 0.000000
vt 1.000000 1.000000
vt 0.000000 1.000000
vt 0.000000 0.000000
vt 1.000000 0.000000
vt 1.000000 1.000000
vt 0.000000 1.000000
vt 0.000000 0.000000
vt 1.000000 0.000000
vt 1.000000 1.000000
vt 0.000000 1.000000
vt 0.000000 0.000000
vt 1.000000 0.000000
vt 1.000000 1.000000
vt 0.000000 1.000000
vt 0.000000 0.000000
vt 1.000000 0.000000
vt 1.000000 1.000000
vt 0.000000 1.000000
vt 0.000000 0.000000
vt 1.000000 0.000000
vt 1.000000 1.000000
vt 0.000000 1.000000
vt 0.000000 0.000000
vt 1.000000 0.000000
vt 1.000000 1.000000
vt 0.000000 1.000000
vt 0.000000 0.000000
vt 1.000000 0.000000
vt 1.000000 1.000000
vt 0.000000 1.000000
vt 0.000000 0.000000
vt 1.000000 0.000000
vt 1.000000 1.000000
vt 0.000000 1.000000
vt 0.000000 0.000000
vt 1.000000 0.000000
vt 1.000000 1.000000
vt 0.000000 1.000000
vt 0.000000 0.000000
vt 1.000000 0.000000
vt 1.000000 1.000000
vt 0.000000 1.000000
vt 0.000000 0.000000
vt 1.000000 0.000000
vt 1.000000 1.000000
vt 0.000000 1.000000
vt 0.000000 0.000000
vt 1.000000 0.000000
vt 1.000000 1.000000
vt 0.000000 1.000000
vt 0.000000 0.000000
vt 1.000000 0.000000
vt 1.000000 1.000000
vt 0.000000 1.000000
vt 0.000000 0.000000
vt 1.000000 0.000000
vt 1.000000 1.000000
vt 0.000000 1.000000
vt 0.000000 0.000000
vt 1.000000 0.000000
vt 1.000000 1.000000
vt 0.000000 1.000000
vt 0.000000 0.000000
vt 1.000000 0.000000
vt 1.000000 1.000000
vt 0.000000 1.000000
vt 0.000000 0.000000
vt 1.000000 0.000000
vt 1.000000 1.000000
vt 0.000000 1.000000
vt 0.000000 0.000000
vt 1.000000 0.000000
vt 1.000000 1.000000
vt 0.000000 1.000000
vt 0.000000 0.000000
vt 1.000000 0.000000
vt 1.000000 1.000000
vt 0.000000 1.000000
vt 0.000000 0.000000
vt 1.000000 0.000000
vt 1.000000 1.000000
vt 0.000000 1.000000
vt 0.000000 0.000000
vt 1.000000 0.000000
vt 1.000000 1.000000
vt 0.000000 1.000000
vt 0.000000 0.000000
vt 1.000000 0.000000
vt 1.000000 1.000000
vt 0.000000 1.000000
vt 0.000000 0.000000
vt 1.000000 0.000000
vt 1.000000 1.000000
vt 0.000000 1.000000
vt 0.000000 0.000000
vt 1.000000 0.000000
vt 1.000000 1.000000
vt 0.000000 1.000000
vt 0.000000 0.000000
vt 1.000000 0.000000
vt 1.000000 1.000000
vt 0.000000 1.000000
vt 0.000000 0.000000
vt 1.000000 0.000000
vt 1.000000 1.000000
vt 0.000000 1.000000
vt 0.000000 0.000000
vt 1.000000 0.000000
vt 1.000000 1.000000
vt 0.000000 1.000000
vt 0.000000 0.000000
vt 1.000000 0.000000
vt 1.000000 1.000000
vt 0.000000 1.000000
vt 0.000000 0.000000
vt 1.000000 0.000000
vt 1.000000 1.000000
vt 0.000000 1.000000
vt 0.000000 0.000000
vt 1.000000 0.000000
vt 1.000000 1.000000
vt 0.000000 1.000000
vt 0.000000 0.000000
vt 1.000000 0.000000
vt 1.000000 1.000000
vt 0.000000 1.000000
vt 0.000000 0.000000
vt 1.000000 0.000000
vt 1.000000 1.000000
vt 0.000000 1.000000
vt 0.000000 0.000000
vt 1.000000 0.000000
vt 1.000000 1.000000
vt 0.000000 1.000000
vt 0.000000 0.000000
vt 1.000000 0.000000
vt 1.000000 1.000000
vt 0.000000 1.000000
vt 0.000000 0.000000
vt 1.000000 0.000000
vt 1.000000 1.000000
vt 0.000000 1.000000
vt 0.000000 0.000000
vt 1.000000 0.000000
vt 1.000000 1.000000
vt 0.000000 1.000000
vt 0.000000 0.000000
vt 1.000000 0.000000
vt 1.000000 1.000000
vt 0.000000 1.000000
vt 0.000000 0.000000
vt 1.000000 0.000000
vt 1.000000 1.000000
vt 0.000000 1.000000
vt 0.000000 0.000000
vt 1.000000 0.000000
vt 1.000000 1.000000
vt 0.000000 1.000000
vt 0.000000 0.000000
vt 1.000000 0.000000
vt 1.000000 1.000000
vt 0.000000 1.000000
vt 0.000000 0.000000
vt 1.000000 0.000000
vt 1.000000 1.000000
vt 0.000000 1.000000
vt 0.000000 0.000000
vt 1.000000 0.000000
vt 1.000000 1.000000
vt 0.000000 1.000000
vt 0.000000 0.000000
vt 1.000000 0.000000
vt 1.000000 1.000000
vt 0.000000 1.000000
vt 0.000000 0.000000
vt 1.000000 0.000000
vt 1.000000 1.000000
vt 0.000000 1.000000
vt 0.000000 0.000000
vt 1.000000 0.000000
vt 1.000000 1.000000
vt 0.000000 1.000000
vt 0.000000 0.000000
vt 1.000000 0.000000
vt 1.000000 1.000000
vt 0.000000 1.000000
vt 0.000000 0.000000
vt 1.000000 0.000000
vt 1.000000 1.000000
vt 0.000000 1.000000
vt 0.000000 0.000000
vt 1.000000 0.000000
vt 1.000000 1.000000
vt 0.000000 1.000000
vt 0.000000 0.000000
vt 1.000000 0.000000
vt 1.000000 1.000000
vt 0.000000 1.000000
vt 0.000000 0.000000
vt 1.000000 0.000000
vt 1.000000 1.000000
vt 0.000000 1.000000
vt 0.000000 0.000000
vt 1.000000 0.000000
vt 1.000000 1.000000
vt 0.000000 1.000000
vt 0.000000 0.000000
vt 1.000000 0.000000
vt 1.000000 1.000000
vt 0.000000 1.000000
vt 0.000000 0.000000
vt 1.000000 0.000000
vt 1.000000 1.000000
vt 0.000000 1.000000
vt 0.000000 0.000000
vt 1.000000 0.000000
vt 1.000000 1.000000
vt 0.000000 1.000000
vt 0.000000 0.000000
vt 1.000000 0.000000
vt 1.000000 1.000000
vt 0.000000 1.000000
vt 0.000000 0.000000
vt 1.000000 0.000000
vt 1.000000 1.000000
vt 0.000000 1.000000
vt 0.000000 0.000000
vt 1.000000 0.000000
vt 1.000000 1.000000
vt 0.000000 1.000000
usemtl Wood
f 1/1 2/2 3/3
f 1/1 3/3 4/4
f 5/5 6/6 7/7
f 5/5 7/7 8/8
f 9/9 10/10 11/11
f 9/9 11/11 12/12
f 13/13 14/14 15/15
f 13/13 15/15 16/16
f 17/17 18/18 19/19
f 17/17 19/19 20/20
f 21/21 22/22 23/23
f 21/21 23/23 24/24
f 25/25 26/26 27/27
f 25/25 27/27 28/28
f 29/29 30/30 31/31
f 29/29 31/31 32/32
f 33/33 34/34 35/35
f 33/33 35/35 36/36
f 37/37 38/38 39/39
f 37/37 39/39 40/40
f 41/41 42/42 43/43
f 41/41 43/43 44/44
f 45/45 46/46 47/47
f 45/45 47/47 48/48
f 49/49 50/50 51/51
f 49/49 51/51 52/52
f 53/53 54/54 55/55
f 53/53 55/55 56/56
f 57/57 58/58 59/59
f 57/57 59/59 60/60
f 61/61 62/62 63/63
f 61/61 63/63 64/64
f 65/65 66/66 67/67
f 65/65 67/67 68/68
f 69/69 70/70 71/71
f 69/69 71/71 72/72
f 73/73 74/74 75/75
f 73/73 75/75 76/76
f 77/77 78/78 79/79
f 77/77 79/79 80/80
f 81/81 82/82 83/83
f 81/81 83/83 84/84
f 85/85 86/86 87/87
f 85/85 87/87 88/88
f 89/89 90/90 91/91
f 89/89 91/91 92/92
f 93/93 94/94 95/95
f 93/93 95/95 96/96
f 97/97 98/98 99/99
f 97/97 99/99 100/100
f 101/101 102/102 103/103
f 101/101 103/103 104/104
f 105/105 106/106 107/107
f 105/105 107/107 108/108
f 109/109 110/110 111/111
f 109/109 111/111 112/112
f 113/113 114/114 115/115
f 113/113 115/115 116/116
f 117/117 118/118 119/119
f 117/117 119/119 120/120
f 121/121 122/122 123/123
f 121/121 123/123 124/124
f 125/125 126/126 127/127
f 125/125 127/127 128/128
f 129/129 130/130 131/131
f 129/129 131/131 132/132
f 133/133 134/134 135/135
f 133/133 135/135 136/136
f 137/137 138/138 139/139
f 137/137 139/139 140/140
f 141/141 142/142 143/143
f 141/141 143/143 144/144
f 145/145 146/146 147/147
f 145/145 147/147 148/148
f 149/149 150/150 151/151
f 149/149 151/151 152/152
f 153/153 154/154 155/155
f 153/153 155/155 156/156
f 157/157 158/158 159/159
f 157/157 159/159 160/160
f 161/161 162/162 163/163
f 161/161 163/163 164/164
f 165/165 166/166 167/167
f 165/165 167/167 168/168
f 169/169 170/170 171/171
f 169/169 171/171 172/172
f 173/173 174/174 175/175
f 173/173 175/175 176/176
f 177/177 178/178 179/179
f 177/177 179/179 180/180
f 181/181 182/182 183/183
f 181/181 183/183 184/184
f 185/185 186/186 187/187
f 185/185 187/187 188/188
f 189/189 190/190 191/191
f 189/189 191/191 192/192
f 193/193 194/194 195/195
f 193/193 195/195 196/196
f 197/197 198/198 199/199
f 197/197 199/199 200/200
f 201/201 202/202 203/203
f 201/201 203/203 204/204
f 205/205 207/207 206/206
f 205/205 209/209 208/208
f 205/205 211/211 210/210
f 205/205 213/213 212/212
f 205/205 215/215 214/214
f 205/205 217/217 216/216
f 205/205 219/219 218/218
f 220/220 221/221 222/222
f 220/220 223/223 224/224
f 220/220 225/225 226/226
f 220/220 227/227 228/228
f 220/220 229/229 230/230
f 220/220 231/231 232/232
f 220/220 233/233 234/234
f 235/235 236/236 237/237
f 235/235 237/237 238/238
f 239/239 240/240 241/241
f 239/239 241/241 242/242
f 243/243 244/244 245/245
f 243/243 245/245 246/246
f 247/247 248/248 249/249
f 247/247 249/249 250/250
f 251/251 252/252 253/253
f 251/251 253/253 254/254
f 255/255 256/256 257/257
f 255/255 257/257 258/258
f 259/259 260/260 261/261
f 259/259 261/261 262/262
f 263/263 265/265 264/264
f 263/263 267/267 266/266
f 263/263 269/269 268/268
f 263/263 271/271 270/270
f 263/263 273/273 272/272
f 263/263 275/275 274/274
f 263/263 277/277 276/276
f 278/278 279/279 280/280
f 278/278 281/281 282/282
f 278/278 283/283 284/284
f 278/278 285/285 286/286
f 278/278 287/287 288/288
f 278/278 289/289 290/290
f 278/278 291/291 292/292
f 293/293 294/294 295/295
f 293/293 295/295 296/296
f 297/297 298/298 299/299
f 297/297 299/299 300/300
f 301/301 302/302 303/303
f 301/301 303/303 304/304
f 305/305 306/306 307/307
f 305/305 307/307 308/308
f 309/309 310/310 311/311
f 309/309 311/311 312/312
f 313/313 314/314 315/315
f 313/313 315/315 316/316
f 317/317 318/318 319/319
f 317/317 319/319 320/320
f 321/321 323/323 322/322
f 321/321 325/325 324/324
f 321/321 327/327 326/326
f 321/321 329/329 328/328
f 321/321 331/331 330/330
f 321/321 333/333 332/332
f 321/321 335/335 334/334
f 336/336 337/337 338/338
f 336/336 339/339 340/340
f 336/336 341/341 342/342
f 336/336 343/343 344/344
f 336/336 345/345 346/346
f 336/336 347/347 348/348
f 336/336 349/349 350/350
f 351/351 352/352 353/353
f 351/351 353/353 354/354
f 355/355 356/356 357/357
f 355/355 357/357 358/358
f 359/359 360/360 361/361
f 359/359 361/361 362/362
f 363/363 364/364 365/365
f 363/363 365/365 366/366
f 367/367 368/368 369/369
f 367/367 369/369 370/370
f 371/371 372/372 373/373
f 371/371 373/373 374/374
f 375/375 376/376 377/377
f 375/375 377/377 378/378
f 379/379 381/381 380/380
f 379/379 383/383 382/382
f 379/379 385/385 384/384
f 379/379 387/387 386/386
f 379/379 389/389 388/388
f 379/379 391/391 390/390
f 379/379 393/393 392/392
f 394/394 395/395 396/396
f 394/394 397/397 398/398
f 394/394 399/399 400/400
f 394/394 401/401 402/402
f 394/394 403/403 404/404
f 394/394 405/405 406/406
f 394/394 407/407 408/408
f 409/409 410/410 411/411
f 409/409 411/411 412/412
f 413/413 414/414 415/415
f 413/413 415/415 416/416
f 417/417 418/418 419/419
f 417/417 419/419 420/420
f 421/421 422/422 423/423
f 421/421 423/423 424/424
f 425/425 426/426 427/427
f 425/425 427/427 428/428
f 429/429 430/430 431/431
f 429/429 431/431 432/432
f 433/433 434/434 435/435
f 433/433 435/435 436/436
f 437/437 439/439 438/438
f 437/437 441/441 440/440
f 437/437 443/443 442/442
f 437/437 445/445 444/444
f 437/437 447/447 446/446
f 437/437 449/449 448/448
f 437/437 451/451 450/450
f 452/452 453/453 454/454
f 452/452 455/455 456/456
f 452/452 457/457 458/458
f 452/452 459/459 460/460
f 452/452 461/461 462/462
f 452/452 463/463 464/464
f 452/452 465/465 466/466
f 467/467 468/468 469/469
f 467/467 469/469 470/470
f 471/471 472/472 473/473
f 471/471 473/473 474/474
f 475/475 476/476 477/477
f 475/475 477/477 478/478
f 479/479 480/480 481/481
f 479/479 481/481 482/482
f 483/483 484/484 485/485
f 483/483 485/485 486/486
f 487/487 488/488 489/489
f 487/487 489/489 490/490
f 491/491 492/492 493/493
f 491/491 493/493 494/494
f 495/495 497/497 496/496
f 495/495 499/499 498/498
f 495/495 501/501 500/500
f 495/495 503/503 502/502
f 495/495 505/505 504/504
f 495/495 507/507 506/506
f 495/495 509/509 508/508
f 510/510 511/511 512/512
f 510/510 513/513 514/514
f 510/510 515/515 516/516
f 510/510 517/517 518/518
f 510/510 519/519 520/520
f 510/510 521/521 522/522
f 510/510 523/523 524/524
f 525/525 526/526 527/527
f 525/525 527/527 528/528
f 529/529 530/530 531/531
f 529/529 531/531 532/532
f 533/533 534/534 535/535
f 533/533 535/535 536/536
f 537/537 538/538 539/539
f 537/537 539/539 540/540
f 541/541 542/542 543/543
f 541/541 543/543 544/544
f 545/545 546/546 547/547
f 545/545 547/547 548/548
f 549/549 550/550 551/551
f 549/549 551/551 552/552
f 553/553 555/555 554/554
f 553/553 557/557 556/556
f 553/553 559/559 558/558
f 553/553 561/561 560/560
f 553/553 563/563 562/562
f 553/553 565/565 564/564
f 553/553 567/567 566/566
f 568/568 569/569 570/570
f 568/568 571/571 572/572
f 568/568 573/573 574/574
f 568/568 575/575 576/576
f 568/568 577/577 578/578
f 568/568 579/579 580/580
f 568/568 581/581 582/582
f 583/583 584/584 585/585
f 583/583 585/585 586/586
f 587/587 588/588 589/589
f 587/587 589/589 590/590
f 591/591 592/592 593/593
f 591/591 593/593 594/594
f 595/595 596/596 597/597
f 595/595 597/597 598/598
f 599/599 600/600 601/601
f 599/599 601/601 602/602
f 603/603 604/604 605/605
f 603/603 605/605 606/606
f 607/607 608/608 609/609
f 607/607 609/609 610/610
f 611/611 613/613 612/612
f 611/611 615/615 614/614
f 611/611 617/617 616/616
f 611/611 619/619 618/618
f 611/611 621/621 620/620
f 611/611 623/623 622/622
f 611/611 625/625 624/624
f 626/626 627/627 628/628
f 626/626 629/629 630/630
f 626/626 631/631 632/632
f 626/626 633/633 634/634
f 626/626 635/635 636/636
f 626/626 637/637 638/638
f 626/626 639/639 640/640
f 641/641 642/642 643/643
f 641/641 643/643 644/644
f 645/645 646/646 647/647
f 645/645 647/647 648/648
f 649/649 650/650 651/651
f 649/649 651/651 652/652
f 653/653 654/654 655/655
f 653/653 655/655 656/656
f 657/657 658/658 659/659
f 657/657 659/659 660/660
f 661/661 662/662 663/663
f 661/661 663/663 664/664
f 665/665 666/666 667/667
f 665/665 667/667 668/668
f 669/669 671/671 670/670
f 669/669 673/673 672/672
f 669/669 675/675 674/674
f 669/669 677/677 676/676
f 669/669 679/679 678/678
f 669/669 681/681 680/680
f 669/669 683/683 682/682
f 684/684 685/685 686/686
f 684/684 687/687 688/688
f 684/684 689/689 690/690
f 684/684 691/691 692/692
f 684/684 693/693 694/694
f 684/684 695/695 696/696
f 684/684 697/697 698/698
f 699/699 700/700 701/701
f 699/699 701/701 702/702
f 703/703 704/704 705/705
f 703/703 705/705 706/706
f 707/707 708/708 709/709
f 707/707 709/709 710/710
f 711/711 712/712 713/713
f 711/711 713/713 714/714
f 715/715 716/716 717/717
f 715/715 717/717 718/718
f 719/719 720/720 721/721
f 719/719 721/721 722/722
f 723/723 724/724 725/725
f 723/723 725/725 726/726
f 727/727 729/729 728/728
f 727/727 731/731 730/730
f 727/727 733/733 732/732
f 727/727 735/735 734/734
f 727/727 737/737 736/736
f 727/727 739/739 738/738
f 727/727 741/741 740/740
f 742/742 743/743 744/744
f 742/742 745/745 746/746
f 742/742 747/747 748/748
f 742/742 749/749 750/750
f 742/742 751/751 752/752
f 742/742 753/753 754/754
f 742/742 755/755 756/756
f 757/757 758/758 759/759
f 757/757 759/759 760/760
f 761/761 762/762 763/763
f 761/761 763/763 764/764
f 765/765 766/766 767/767
f 765/765 767/767 768/768
f 769/769 770/770 771/771
f 769/769 771/771 772/772
f 773/773 774/774 775/775
f 773/773 775/775 776/776
f 777/777 778/778 779/779
f 777/777 779/779 780/780
f 781/781 782/782 783/783
f 781/781 783/783 784/784
f 785/785 787/787 786/786
f 785/785 789/789 788/788
f 785/785 791/791 790/790
f 785/785 793/793 792/792
f 785/785 795/795 794/794
f 785/785 797/797 796/796
f 785/785 799/799 798/798
f 800/800 801/801 802/802
f 800/800 803/803 804/804
f 800/800 805/805 806/806
f 800/800 807/807 808/808
f 800/800 809/809 810/810
f 800/800 811/811 812/812
f 800/800 813/813 814/814
f 815/815 816/816 817/817
f 815/815 817/817 818/818
f 819/819 820/820 821/821
f 819/819 821/821 822/822
f 823/823 824/824 825/825
f 823/823 825/825 826/826
f 827/827 828/828 829/829
f 827/827 829/829 830/830
f 831/831 832/832 833/833
f 831/831 833/833 834/834
f 835/835 836/836 837/837
f 835/835 837/837 838/838
f 839/839 840/840 841/841
f 839/839 841/841 842/842
f 843/843 845/845 844/844
f 843/843 847/847 846/846
f 843/843 849/849 848/848
f 843/843 851/851 850/850
f 843/843 853/853 852/852
f 843/843 855/855 854/854
f 843/843 857/857 856/856
f 858/858 859/859 860/860
f 858/858 861/861 862/862
f 858/858 863/863 864/864
f 858/858 865/865 866/866
f 858/858 867/867 868/868
f 858/858 869/869 870/870
f 858/858 871/871 872/872
f 873/873 874/874 875/875
f 873/873 875/875 876/876
f 877/877 878/878 879/879
f 877/877 879/879 880/880
f 881/881 882/882 883/883
f 881/881 883/883 884/884
f 885/885 886/886 887/887
f 885/885 887/887 888/888
f 889/889 890/890 891/891
f 889/889 891/891 892/892
f 893/893 894/894 895/895
f 893/893 895/895 896/896
f 897/897 898/898 899/899
f 897/897 899/899 900/900
f 901/901 903/903 902/902
f 901/901 905/905 904/904
f 901/901 907/907 906/906
f 901/901 909/909 908/908
f 901/901 911/911 910/910
f 901/901 913/913 912/912
f 901/901 915/915 914/914
f 916/916 917/917 918/918
f 916/916 919/919 920/920
f 916/916 921/921 922/922
f 916/916 923/923 924/924
f 916/916 925/925 926/926
f 916/916 927/927 928/928
f 916/916 929/929 930/930
f 931/931 932/932 933/933
f 931/931 933/933 934/934
f 935/935 936/936 937/937
f 935/935 937/937 938/938
f 939/939 940/940 941/941
f 939/939 941/941 942/942
f 943/943 944/944 945/945
f 943/943 945/945 946/946
f 947/947 948/948 949/949
f 947/947 949/949 950/950
f 951/951 952/952 953/953
f 951/951 953/953 954/954
f 955/955 956/956 957/957
f 955/955 957/957 958/958
f 959/959 961/961 960/960
f 959/959 963/963 962/962
f 959/959 965/965 964/964
f 959/959 967/967 966/966
f 959/959 969/969 968/968
f 959/959 971/971 970/970
f 959/959 973/973 972/972
f 974/974 975/975 976/976
f 974/974 977/977 978/978
f 974/974 979/979 980/980
f 974/974 981/981 982/982
f 974/974 983/983 984/984
f 974/974 985/985 986/986
f 974/974 987/987 988/988
f 989/989 990/990 991/991
f 989/989 991/991 992/992
f 993/993 994/994 995/995
f 993/993 995/995 996/996
f 997/997 998/998 999/999
f 997/997 999/999 1000/1000
f 1001/1001 1002/1002 1003/1003
f 1001/1001 1003/1003 1004/1004
f 1005/1005 1006/1006 1007/1007
f 1005/1005 1007/1007 1008/1008
f 1009/1009 1010/1010 1011/1011
f 1009/1009 1011/1011 1012/1012
f 1013/1013 1014/1014 1015/1015
f 1013/1013 1015/1015 1016/1016
f 1017/1017 1019/1019 1018/1018
f 1017/1017 1021/1021 1020/1020
f 1017/1017 1023/1023 1022/1022
f 1017/1017 1025/1025 1024/1024
f 1017/1017 1027/1027 1026/1026
f 1017/1017 1029/1029 1028/1028
f 1017/1017 1031/1031 1030/1030
f 1032/1032 1033/1033 1034/1034
f 1032/1032 1035/1035 1036/1036
f 1032/1032 1037/1037 1038/1038
f 1032/1032 1039/1039 1040/1040
f 1032/1032 1041/1041 1042/1042
f 1032/1032 1043/1043 1044/1044
f 1032/1032 1045/1045 1046/1046
f 1047/1047 1048/1048 1049/1049
f 1047/1047 1049/1049 1050/1050
f 1051/1051 1052/1052 1053/1053
f 1051/1051 1053/1053 1054/1054
f 1055/1055 1056/1056 1057/1057
f 1055/1055 1057/1057 1058/1058
f 1059/1059 1060/1060 1061/1061
f 1059/1059 1061/1061 1062/1062
f 1063/1063 1064/1064 1065/1065
f 1063/1063 1065/1065 1066/1066
f 1067/1067 1068/1068 1069/1069
f 1067/1067 1069/1069 1070/1070
f 1071/1071 1072/1072 1073/1073
f 1071/1071 1073/1073 1074/1074
f 1075/1075 1077/1077 1076/1076
f 1075/1075 1079/1079 1078/1078
f 1075/1075 1081/1081 1080/1080
f 1075/1075 1083/1083 1082/1082
f 1075/1075 1085/1085 1084/1084
f 1075/1075 1087/1087 1086/1086
f 1075/1075 1089/1089 1088/1088
f 1090/1090 1091/1091 1092/1092
f 1090/1090 1093/1093 1094/1094
f 1090/1090 1095/1095 1096/1096
f 1090/1090 1097/1097 1098/1098
f 1090/1090 1099/1099 1100/1100
f 1090/1090 1101/1101 1102/1102
f 1090/1090 1103/1103 1104/1104
f 1105/1105 1106/1106 1107/1107
f 1105/1105 1107/1107 1108/1108
f 1109/1109 1110/1110 1111/1111
f 1109/1109 1111/1111 1112/1112
f 1113/1113 1114/1114 1115/1115
f 1113/1113 1115/1115 1116/1116
f 1117/1117 1118/1118 1119/1119
f 1117/1117 1119/1119 1120/1120
f 1121/1121 1122/1122 1123/1123
f 1121/1121 1123/1123 1124/1124
f 1125/1125 1126/1126 1127/1127
f 1125/1125 1127/1127 1128/1128
f 1129/1129 1130/1130 1131/1131
f 1129/1129 1131/1131 1132/1132
f 1133/1133 1135/1135 1134/1134
f 1133/1133 1137/1137 1136/1136
f 1133/1133 1139/1139 1138/1138
f 1133/1133 1141/1141 1140/1140
f 1133/1133 1143/1143 1142/1142
f 1133/1133 1145/1145 1144/1144
f 1133/1133 1147/1147 1146/1146
f 1148/1148 1149/1149 1150/1150
f 1148/1148 1151/1151 1152/1152
f 1148/1148 1153/1153 1154/1154
f 1148/1148 1155/1155 1156/1156
f 1148/1148 1157/1157 1158/1158
f 1148/1148 1159/1159 1160/1160
f 1148/1148 1161/1161 1162/1162
f 1163/1163 1164/1164 1165/1165
f 1163/1163 1165/1165 1166/1166
f 1167/1167 1168/1168 1169/1169
f 1167/1167 1169/1169 1170/1170
f 1171/1171 1172/1172 1173/1173
f 1171/1171 1173/1173 1174/1174
f 1175/1175 1176/1176 1177/1177
f 1175/1175 1177/1177 1178/1178
f 1179/1179 1180/1180 1181/1181
f 1179/1179 1181/1181 1182/1182
f 1183/1183 1184/1184 1185/1185
f 1183/1183 1185/1185 1186/1186
f 1187/1187 1188/1188 1189/1189
f 1187/1187 1189/1189 1190/1190
f 1191/1191 1193/1193 1192/1192
f 1191/1191 1195/1195 1194/1194
f 1191/1191 1197/1197 1196/1196
f 1191/1191 1199/1199 1198/1198
f 1191/1191 1201/1201 1200/1200
f 1191/1191 1203/1203 1202/1202
f 1191/1191 1205/1205 1204/1204
f 1206/1206 1207/1207 1208/1208
f 1206/1206 1209/1209 1210/1210
f 1206/1206 1211/1211 1212/1212
f 1206/1206 1213/1213 1214/1214
f 1206/1206 1215/1215 1216/1216
f 1206/1206 1217/1217 1218/1218
f 1206/1206 1219/1219 1220/1220
f 1221/1221 1222/1222 1223/1223
f 1221/1221 1223/1223 1224/1224
f 1225/1225 1226/1226 1227/1227
f 1225/1225 1227/1227 1228/1228
f 1229/1229 1230/1230 1231/1231
f 1229/1229 1231/1231 1232/1232
f 1233/1233 1234/1234 1235/1235
f 1233/1233 1235/1235 1236/1236
f 1237/1237 1238/1238 1239/1239
f 1237/1237 1239/1239 1240/1240
f 1241/1241 1242/1242 1243/1243
f 1241/1241 1243/1243 1244/1244
f 1245/1245 1246/1246 1247/1247
f 1245/1245 1247/1247 1248/1248
f 1249/1249 1251/1251 1250/1250
f 1249/1249 1253/1253 1252/1252
f 1249/1249 1255/1255 1254/1254
f 1249/1249 1257/1257 1256/1256
f 1249/1249 1259/1259 1258/1258
f 1249/1249 1261/1261 1260/1260
f 1249/1249 1263/1263 1262/1262
f 1264/1264 1265/1265 1266/1266
f 1264/1264 1267/1267 1268/1268
f 1264/1264 1269/1269 1270/1270
f 1264/1264 1271/1271 1272/1272
f 1264/1264 1273/1273 1274/1274
f 1264/1264 1275/1275 1276/1276
f 1264/1264 1277/1277 1278/1278
f 1279/1279 1280/1280 1281/1281
f 1279/1279 1281/1281 1282/1282
f 1283/1283 1284/1284 1285/1285
f 1283/1283 1285/1285 1286/1286
f 1287/1287 1288/1288 1289/1289
f 1287/1287 1289/1289 1290/1290
f 1291/1291 1292/1292 1293/1293
f 1291/1291 1293/1293 1294/1294
f 1295/1295 1296/1296 1297/1297
f 1295/1295 1297/1297 1298/1298
f 1299/1299 1300/1300 1301/1301
f 1299/1299 1301/1301 1302/1302
f 1303/1303 1304/1304 1305/1305
f 1303/1303 1305/1305 1306/1306
f 1307/1307 1309/1309 1308/1308
f 1307/1307 1311/1311 1310/1310
f 1307/1307 1313/1313 1312/1312
f 1307/1307 1315/1315 1314/1314
f 1307/1307 1317/1317 1316/1316
f 1307/1307 1319/1319 1318/1318
f 1307/1307 1321/1321 1320/1320
f 1322/1322 1323/1323 1324/1324
f 1322/1322 1325/1325 1326/1326
f 1322/1322 1327/1327 1328/1328
f 1322/1322 1329/1329 1330/1330
f 1322/1322 1331/1331 1332/1332
f 1322/1322 1333/1333 1334/1334
f 1322/1322 1335/1335 1336/1336
f 1337/1337 1338/1338 1339/1339
f 1337/1337 1339/1339 1340/1340
f 1341/1341 1342/1342 1343/1343
f 1341/1341 1343/1343 1344/1344
f 1345/1345 1346/1346 1347/1347
f 1345/1345 1347/1347 1348/1348
f 1349/1349 1350/1350 1351/1351
f 1349/1349 1351/1351 1352/1352
f 1353/1353 1354/1354 1355/1355
f 1353/1353 1355/1355 1356/1356
f 1357/1357 1358/1358 1359/1359
f 1357/1357 1359/1359 1360/1360
f 1361/1361 1362/1362 1363/1363
f 1361/1361 1363/1363 1364/1364
f 1365/1365 1367/1367 1366/1366
f 1365/1365 1369/1369 1368/1368
f 1365/1365 1371/1371 1370/1370
f 1365/1365 1373/1373 1372/1372
f 1365/1365 1375/1375 1374/1374
f 1365/1365 1377/1377 1376/1376
f 1365/1365 1379/1379 1378/1378
f 1380/1380 1381/1381 1382/1382
f 1380/1380 1383/1383 1384/1384
f 1380/1380 1385/1385 1386/1386
f 1380/1380 1387/1387 1388/1388
f 1380/1380 1389/1389 1390/1390
f 1380/1380 1391/1391 1392/1392
f 1380/1380 1393/1393 1394/1394
f 1395/1395 1396/1396 1397/1397
f 1395/1395 1397/1397 1398/1398
f 1399/1399 1400/1400 1401/1401
f 1399/1399 1401/1401 1402/1402
f 1403/1403 1404/1404 1405/1405
f 1403/1403 1405/1405 1406/1406
f 1407/1407 1408/1408 1409/1409
f 1407/1407 1409/1409 1410/1410
f 1411/1411 1412/1412 1413/1413
f 1411/1411 1413/1413 1414/1414
f 1415/1415 1416/1416 1417/1417
f 1415/1415 1417/1417 1418/1418
f 1419/1419 1420/1420 1421/1421
f 1419/1419 1421/1421 1422/1422
f 1423/1423 1425/1425 1424/1424
f 1423/1423 1427/1427 1426/1426
f 1423/1423 1429/1429 1428/1428
f 1423/1423 1431/1431 1430/1430
f 1423/1423 1433/1433 1432/1432
f 1423/1423 1435/1435 1434/1434
f 1423/1423 1437/1437 1436/1436
f 1438/1438 1439/1439 1440/1440
f 1438/1438 1441/1441 1442/1442
f 1438/1438 1443/1443 1444/1444
f 1438/1438 1445/1445 1446/1446
f 1438/1438 1447/1447 1448/1448
f 1438/1438 1449/1449 1450/1450
f 1438/1438 1451/1451 1452/1452
f 1453/1453 1454/1454 1455/1455
f 1453/1453 1455/1455 1456/1456
f 1457/1457 1458/1458 1459/1459
f 1457/1457 1459/1459 1460/1460
f 1461/1461 1462/1462 1463/1463
f 1461/1461 1463/1463 1464/1464
f 1465/1465 1466/1466 1467/1467
f 1465/1465 1467/1467 1468/1468
f 1469/1469 1470/1470 1471/1471
f 1469/1469 1471/1471 1472/1472
f 1473/1473 1474/1474 1475/1475
f 1473/1473 1475/1475 1476/1476
f 1477/1477 1478/1478 1479/1479
f 1477/1477 1479/1479 1480/1480
f 1481/1481 1483/1483 1482/1482
f 1481/1481 1485/1485 1484/1484
f 1481/1481 1487/1487 1486/1486
f 1481/1481 1489/1489 1488/1488
f 1481/1481 1491/1491 1490/1490
f 1481/1481 1493/1493 1492/1492
f 1481/1481 1495/1495 1494/1494
f 1496/1496 1497/1497 1498/1498
f 1496/1496 1499/1499 1500/1500
f 1496/1496 1501/1501 1502/1502
f 1496/1496 1503/1503 1504/1504
f 1496/1496 1505/1505 1506/1506
f 1496/1496 1507/1507 1508/1508
f 1496/1496 1509/1509 1510/1510
f 1511/1511 1512/1512 1513/1513
f 1511/1511 1513/1513 1514/1514
f 1515/1515 1516/1516 1517/1517
f 1515/1515 1517/1517 1518/1518
f 1519/1519 1520/1520 1521/1521
f 1519/1519 1521/1521 1522/1522
f 1523/1523 1524/1524 1525/1525
f 1523/1523 1525/1525 1526/1526
f 1527/1527 1528/1528 1529/1529
f 1527/1527 1529/1529 1530/1530
f 1531/1531 1532/1532 1533/1533
f 1531/1531 1533/1533 1534/1534
f 1535/1535 1536/1536 1537/1537
f 1535/1535 1537/1537 1538/1538
f 1539/1539 1541/1541 1540/1540
f 1539/1539 1543/1543 1542/1542
f 1539/1539 1545/1545 1544/1544
f 1539/1539 1547/1547 1546/1546
f 1539/1539 1549/1549 1548/1548
f 1539/1539 1551/1551 1550/1550
f 1539/1539 1553/1553 1552/1552
f 1554/1554 1555/1555 1556/1556
f 1554/1554 1557/1557 1558/1558
f 1554/1554 1559/1559 1560/1560
f 1554/1554 1561/1561 1562/1562
f 1554/1554 1563/1563 1564/1564
f 1554/1554 1565/1565 1566/1566
f 1554/1554 1567/1567 1568/1568
f 1569/1569 1570/1570 1571/1571
f 1569/1569 1571/1571 1572/1572
f 1573/1573 1574/1574 1575/1575
f 1573/1573 1575/1575 1576/1576
f 1577/1577 1578/1578 1579/1579
f 1577/1577 1579/1579 1580/1580
f 1581/1581 1582/1582 1583/1583
f 1581/1581 1583/1583 1584/1584
f 1585/1585 1586/1586 1587/1587
f 1585/1585 1587/1587 1588/1588
f 1589/1589 1590/1590 1591/1591
f 1589/1589 1591/1591 1592/1592
f 1593/1593 1594/1594 1595/1595
f 1593/1593 1595/1595 1596/1596
f 1597/1597 1599/1599 1598/1598
f 1597/1597 1601/1601 1600/1600
f 1597/1597 1603/1603 1602/1602
f 1597/1597 1605/1605 1604/1604
f 1597/1597 1607/1607 1606/1606
f 1597/1597 1609/1609 1608/1608
f 1597/1597 1611/1611 1610/1610
f 1612/1612 1613/1613 1614/1614
f 1612/1612 1615/1615 1616/1616
f 1612/1612 1617/1617 1618/1618
f 1612/1612 1619/1619 1620/1620
f 1612/1612 1621/1621 1622/1622
f 1612/1612 1623/1623 1624/1624
f 1612/1612 1625/1625 1626/1626
f 1627/1627 1628/1628 1629/1629
f 1627/1627 1629/1629 1630/1630
f 1631/1631 1632/1632 1633/1633
f 1631/1631 1633/1633 1634/1634
f 1635/1635 1636/1636 1637/1637
f 1635/1635 1637/1637 1638/1638
f 1639/1639 1640/1640 1641/1641
f 1639/1639 1641/1641 1642/1642
f 1643/1643 1644/1644 1645/1645
f 1643/1643 1645/1645 1646/1646
f 1647/1647 1648/1648 1649/1649
f 1647/1647 1649/1649 1650/1650
f 1651/1651 1652/1652 1653/1653
f 1651/1651 1653/1653 1654/1654
f 1655/1655 1657/1657 1656/1656
f 1655/1655 1659/1659 1658/1658
f 1655/1655 1661/1661 1660/1660
f 1655/1655 1663/1663 1662/1662
f 1655/1655 1665/1665 1664/1664
f 1655/1655 1667/1667 1666/1666
f 1655/1655 1669/1669 1668/1668
f 1670/1670 1671/1671 1672/1672
f 1670/1670 1673/1673 1674/1674
f 1670/1670 1675/1675 1676/1676
f 1670/1670 1677/1677 1678/1678
f 1670/1670 1679/1679 1680/1680
f 1670/1670 1681/1681 1682/1682
f 1670/1670 1683/1683 1684/1684
f 1685/1685 1686/1686 1687/1687
f 1685/1685 1687/1687 1688/1688
f 1689/1689 1690/1690 1691/1691
f 1689/1689 1691/1691 1692/1692
f 1693/1693 1694/1694 1695/1695
f 1693/1693 1695/1695 1696/1696
f 1697/1697 1698/1698 1699/1699
f 1697/1697 1699/1699 1700/1700
f 1701/1701 1702/1702 1703/1703
f 1701/1701 1703/1703 1704/1704
f 1705/1705 1706/1706 1707/1707
f 1705/1705 1707/1707 1708/1708
f 1709/1709 1710/1710 1711/1711
f 1709/1709 1711/1711 1712/1712
f 1713/1713 1714/1714 1715/1715
f 1713/1713 1715/1715 1716/1716
f 1717/1717 1718/1718 1719/1719
f 1717/1717 1719/1719 1720/1720
f 1721/1721 1722/1722 1723/1723
f 1721/1721 1723/1723 1724/1724
f 1725/1725 1726/1726 1727/1727
f 1725/1725 1727/1727 1728/1728
f 1729/1729 1730/1730 1731/1731
f 1729/1729 1731/1731 1732/1732
f 1733/1733 1734/1734 1735/1735
f 1733/1733 1735/1735 1736/1736
f 1737/1737 1738/1738 1739/1739
f 1737/1737 1739/1739 1740/1740
f 1741/1741 1742/1742 1743/1743
f 1741/1741 1743/1743 1744/1744
f 1745/1745 1746/1746 1747/1747
f 1745/1745 1747/1747 1748/1748
f 1749/1749 1750/1750 1751/1751
f 1749/1749 1751/1751 1752/1752
f 1753/1753 1754/1754 1755/1755
f 1753/1753 1755/1755 1756/1756
f 1757/1757 1758/1758 1759/1759
f 1757/1757 1759/1759 1760/1760
f 1761/1761 1762/1762 1763/1763
f 1761/1761 1763/1763 1764/1764
f 1765/1765 1766/1766 1767/1767
f 1765/1765 1767/1767 1768/1768
f 1769/1769 1770/1770 1771/1771
f 1769/1769 1771/1771 1772/1772
f 1773/1773 1774/1774 1775/1775
f 1773/1773 1775/1775 1776/1776
f 1777/1777 1778/1778 1779/1779
f 1777/1777 1779/1779 1780/1780
f 1781/1781 1782/1782 1783/1783
f 1781/1781 1783/1783 1784/1784
f 1785/1785 1786/1786 1787/1787
f 1785/1785 1787/1787 1788/1788
f 1789/1789 1790/1790 1791/1791
f 1789/1789 1791/1791 1792/1792
f 1793/1793 1794/1794 1795/1795
f 1793/1793 1795/1795 1796/1796
f 1797/1797 1798/1798 1799/1799
f 1797/1797 1799/1799 1800/1800
f 1801/1801 1802/1802 1803/1803
f 1801/1801 1803/1803 1804/1804
f 1805/1805 1806/1806 1807/1807
f 1805/1805 1807/1807 1808/1808
f 1809/1809 1810/1810 1811/1811
f 1809/1809 1811/1811 1812/1812
f 1813/1813 1814/1814 1815/1815
f 1813/1813 1815/1815 1816/1816
f 1817/1817 1818/1818 1819/1819
f 1817/1817 1819/1819 1820/1820
f 1821/1821 1822/1822 1823/1823
f 1821/1821 1823/1823 1824/1824
f 1825/1825 1826/1826 1827/1827
f 1825/1825 1827/1827 1828/1828
f 1829/1829 1830/1830 1831/1831
f 1829/1829 1831/1831 1832/1832
f 1833/1833 1834/1834 1835/1835
f 1833/1833 1835/1835 1836/1836
f 1837/1837 1838/1838 1839/1839
f 1837/1837 1839/1839 1840/1840
f 1841/1841 1842/1842 1843/1843
f 1841/1841 1843/1843 1844/1844
f 1845/1845 1846/1846 1847/1847
f 1845/1845 1847/1847 1848/1848
f 1849/1849 1850/1850 1851/1851
f 1849/1849 1851/1851 1852/1852
f 1853/1853 1854/1854 1855/1855
f 1853/1853 1855/1855 1856/1856
f 1857/1857 1858/1858 1859/1859
f 1857/1857 1859/1859 1860/1860
f 1861/1861 1862/1862 1863/1863
f 1861/1861 1863/1863 1864/1864
f 1865/1865 1866/1866 1867/1867
f 1865/1865 1867/1867 1868/1868
f 1869/1869 1870/1870 1871/1871
f 1869/1869 1871/1871 1872/1872
f 1873/1873 1874/1874 1875/1875
f 1873/1873 1875/1875 1876/1876
f 1877/1877 1878/1878 1879/1879
f 1877/1877 1879/1879 1880/1880
f 1881/1881 1882/1882 1883/1883
f 1881/1881 1883/1883 1884/1884
f 1885/1885 1886/1886 1887/1887
f 1885/1885 1887/1887 1888/1888
f 1889/1889 1891/1891 1890/1890
f 1889/1889 1893/1893 1892/1892
f 1889/1889 1895/1895 1894/1894
f 1889/1889 1897/1897 1896/1896
f 1889/1889 1899/1899 1898/1898
f 1889/1889 1901/1901 1900/1900
f 1889/1889 1903/1903 1902/1902
f 1904/1904 1905/1905 1906/1906
f 1904/1904 1907/1907 1908/1908
f 1904/1904 1909/1909 1910/1910
f 1904/1904 1911/1911 1912/1912
f 1904/1904 1913/1913 1914/1914
f 1904/1904 1915/1915 1916/1916
f 1904/1904 1917/1917 1918/1918
f 1919/1919 1920/1920 1921/1921
f 1919/1919 1921/1921 1922/1922
f 1923/1923 1924/1924 1925/1925
f 1923/1923 1925/1925 1926/1926
f 1927/1927 1928/1928 1929/1929
f 1927/1927 1929/1929 1930/1930
f 1931/1931 1932/1932 1933/1933
f 1931/1931 1933/1933 1934/1934
f 1935/1935 1936/1936 1937/1937
f 1935/1935 1937/1937 1938/1938
f 1939/1939 1940/1940 1941/1941
f 1939/1939 1941/1941 1942/1942
f 1943/1943 1944/1944 1945/1945
f 1943/1943 1945/1945 1946/1946
f 1947/1947 1949/1949 1948/1948
f 1947/1947 1951/1951 1950/1950
f 1947/1947 1953/1953 1952/1952
f 1947/1947 1955/1955 1954/1954
f 1947/1947 1957/1957 1956/1956
f 1947/1947 1959/1959 1958/1958
f 1947/1947 1961/1961 1960/1960
f 1962/1962 1963/1963 1964/1964
f 1962/1962 1965/1965 1966/1966
f 1962/1962 1967/1967 1968/1968
f 1962/1962 1969/1969 1970/1970
f 1962/1962 1971/1971 1972/1972
f 1962/1962 1973/1973 1974/1974
f 1962/1962 1975/1975 1976/1976
f 1977/1977 1978/1978 1979/1979
f 1977/1977 1979/1979 1980/1980
f 1981/1981 1982/1982 1983/1983
f 1981/1981 1983/1983 1984/1984
f 1985/1985 1986/1986 1987/1987
f 1985/1985 1987/1987 1988/1988
f 1989/1989 1990/1990 1991/1991
f 1989/1989 1991/1991 1992/1992
f 1993/1993 1994/1994 1995/1995
f 1993/1993 1995/1995 1996/1996
f 1997/1997 1998/1998 1999/1999
f 1997/1997 1999/1999 2000/2000
f 2001/2001 2002/2002 2003/2003
f 2001/2001 2003/2003 2004/2004
f 2005/2005 2007/2007 2006/2006
f 2005/2005 2009/2009 2008/2008
f 2005/2005 2011/2011 2010/2010
f 2005/2005 2013/2013 2012/2012
f 2005/2005 2015/2015 2014/2014
f 2005/2005 2017/2017 2016/2016
f 2005/2005 2019/2019 2018/2018
f 2020/2020 2021/2021 2022/2022
f 2020/2020 2023/2023 2024/2024
f 2020/2020 2025/2025 2026/2026
f 2020/2020 2027/2027 2028/2028
f 2020/2020 2029/2029 2030/2030
f 2020/2020 2031/2031 2032/2032
f 2020/2020 2033/2033 2034/2034
f 2035/2035 2036/2036 2037/2037
f 2035/2035 2037/2037 2038/2038
f 2039/2039 2040/2040 2041/2041
f 2039/2039 2041/2041 2042/2042
f 2043/2043 2044/2044 2045/2045
f 2043/2043 2045/2045 2046/2046
f 2047/2047 2048/2048 2049/2049
f 2047/2047 2049/2049 2050/2050
f 2051/2051 2052/2052 2053/2053
f 2051/2051 2053/2053 2054/2054
f 2055/2055 2056/2056 2057/2057
f 2055/2055 2057/2057 2058/2058
f 2059/2059 2060/2060 2061/2061
f 2059/2059 2061/2061 2062/2062
f 2063/2063 2065/2065 2064/2064
f 2063/2063 2067/2067 2066/2066
f 2063/2063 2069/2069 2068/2068
f 2063/2063 2071/2071 2070/2070
f 2063/2063 2073/2073 2072/2072
f 2063/2063 2075/2075 2074/2074
f 2063/2063 2077/2077 2076/2076
f 2078/2078 2079/2079 2080/2080
f 2078/2078 2081/2081 2082/2082
f 2078/2078 2083/2083 2084/2084
f 2078/2078 2085/2085 2086/2086
f 2078/2078 2087/2087 2088/2088
f 2078/2078 2089/2089 2090/2090
f 2078/2078 2091/2091 2092/2092
f 2093/2093 2094/2094 2095/2095
f 2093/2093 2095/2095 2096/2096
f 2097/2097 2098/2098 2099/2099
f 2097/2097 2099/2099 2100/2100
f 2101/2101 2102/2102 2103/2103
f 2101/2101 2103/2103 2104/2104
f 2105/2105 2106/2106 2107/2107
f 2105/2105 2107/2107 2108/2108
f 2109/2109 2110/2110 2111/2111
f 2109/2109 2111/2111 2112/2112
f 2113/2113 2114/2114 2115/2115
f 2113/2113 2115/2115 2116/2116
f 2117/2117 2118/2118 2119/2119
f 2117/2117 2119/2119 2120/2120
f 2121/2121 2123/2123 2122/2122
f 2121/2121 2125/2125 2124/2124
f 2121/2121 2127/2127 2126/2126
f 2121/2121 2129/2129 2128/2128
f 2121/2121 2131/2131 2130/2130
f 2121/2121 2133/2133 2132/2132
f 2121/2121 2135/2135 2134/2134
f 2136/2136 2137/2137 2138/2138
f 2136/2136 2139/2139 2140/2140
f 2136/2136 2141/2141 2142/2142
f 2136/2136 2143/2143 2144/2144
f 2136/2136 2145/2145 2146/2146
f 2136/2136 2147/2147 2148/2148
f 2136/2136 2149/2149 2150/2150
f 2151/2151 2152/2152 2153/2153
f 2151/2151 2153/2153 2154/2154
f 2155/2155 2156/2156 2157/2157
f 2155/2155 2157/2157 2158/2158
f 2159/2159 2160/2160 2161/2161
f 2159/2159 2161/2161 2162/2162
f 2163/2163 2164/2164 2165/2165
f 2163/2163 2165/2165 2166/2166
f 2167/2167 2168/2168 2169/2169
f 2167/2167 2169/2169 2170/2170
f 2171/2171 2172/2172 2173/2173
f 2171/2171 2173/2173 2174/2174
f 2175/2175 2176/2176 2177/2177
f 2175/2175 2177/2177 2178/2178
f 2179/2179 2181/2181 2180/2180
f 2179/2179 2183/2183 2182/2182
f 2179/2179 2185/2185 2184/2184
f 2179/2179 2187/2187 2186/2186
f 2179/2179 2189/2189 2188/2188
f 2179/2179 2191/2191 2190/2190
f 2179/2179 2193/2193 2192/2192
f 2194/2194 2195/2195 2196/2196
f 2194/2194 2197/2197 2198/2198
f 2194/2194 2199/2199 2200/2200
f 2194/2194 2201/2201 2202/2202
f 2194/2194 2203/2203 2204/2204
f 2194/2194 2205/2205 2206/2206
f 2194/2194 2207/2207 2208/2208
f 2209/2209 2210/2210 2211/2211
f 2209/2209 2211/2211 2212/2212
f 2213/2213 2214/2214 2215/2215
f 2213/2213 2215/2215 2216/2216
f 2217/2217 2218/2218 2219/2219
f 2217/2217 2219/2219 2220/2220
f 2221/2221 2222/2222 2223/2223
f 2221/2221 2223/2223 2224/2224
f 2225/2225 2226/2226 2227/2227
f 2225/2225 2227/2227 2228/2228
f 2229/2229 2230/2230 2231/2231
f 2229/2229 2231/2231 2232/2232
f 2233/2233 2234/2234 2235/2235
f 2233/2233 2235/2235 2236/2236
f 2237/2237 2239/2239 2238/2238
f 2237/2237 2241/2241 2240/2240
f 2237/2237 2243/2243 2242/2242
f 2237/2237 2245/2245 2244/2244
f 2237/2237 2247/2247 2246/2246
f 2237/2237 2249/2249 2248/2248
f 2237/2237 2251/2251 2250/2250
f 2252/2252 2253/2253 2254/2254
f 2252/2252 2255/2255 2256/2256
f 2252/2252 2257/2257 2258/2258
f 2252/2252 2259/2259 2260/2260
f 2252/2252 2261/2261 2262/2262
f 2252/2252 2263/2263 2264/2264
f 2252/2252 2265/2265 2266/2266
f 2267/2267 2268/2268 2269/2269
f 2267/2267 2269/2269 2270/2270
f 2271/2271 2272/2272 2273/2273
f 2271/2271 2273/2273 2274/2274
f 2275/2275 2276/2276 2277/2277
f 2275/2275 2277/2277 2278/2278
f 2279/2279 2280/2280 2281/2281
f 2279/2279 2281/2281 2282/2282
f 2283/2283 2284/2284 2285/2285
f 2283/2283 2285/2285 2286/2286
f 2287/2287 2288/2288 2289/2289
f 2287/2287 2289/2289 2290/2290
f 2291/2291 2292/2292 2293/2293
f 2291/2291 2293/2293 2294/2294
f 2295/2295 2297/2297 2296/2296
f 2295/2295 2299/2299 2298/2298
f 2295/2295 2301/2301 2300/2300
f 2295/2295 2303/2303 2302/2302
f 2295/2295 2305/2305 2304/2304
f 2295/2295 2307/2307 2306/2306
f 2295/2295 2309/2309 2308/2308
f 2310/2310 2311/2311 2312/2312
f 2310/2310 2313/2313 2314/2314
f 2310/2310 2315/2315 2316/2316
f 2310/2310 2317/2317 2318/2318
f 2310/2310 2319/2319 2320/2320
f 2310/2310 2321/2321 2322/2322
f 2310/2310 2323/2323 2324/2324
f 2325/2325 2326/2326 2327/2327
f 2325/2325 2327/2327 2328/2328
f 2329/2329 2330/2330 2331/2331
f 2329/2329 2331/2331 2332/2332
f 2333/2333 2334/2334 2335/2335
f 2333/2333 2335/2335 2336/2336
f 2337/2337 2338/2338 2339/2339
f 2337/2337 2339/2339 2340/2340
f 2341/2341 2342/2342 2343/2343
f 2341/2341 2343/2343 2344/2344
f 2345/2345 2346/2346 2347/2347
f 2345/2345 2347/2347 2348/2348
f 2349/2349 2350/2350 2351/2351
f 2349/2349 2351/2351 2352/2352
f 2353/2353 2355/2355 2354/2354
f 2353/2353 2357/2357 2356/2356
f 2353/2353 2359/2359 2358/2358
f 2353/2353 2361/2361 2360/2360
f 2353/2353 2363/2363 2362/2362
f 2353/2353 2365/2365 2364/2364
f 2353/2353 2367/2367 2366/2366
f 2368/2368 2369/2369 2370/2370
f 2368/2368 2371/2371 2372/2372
f 2368/2368 2373/2373 2374/2374
f 2368/2368 2375/2375 2376/2376
f 2368/2368 2377/2377 2378/2378
f 2368/2368 2379/2379 2380/2380
f 2368/2368 2381/2381 2382/2382
f 2383/2383 2384/2384 2385/2385
f 2383/2383 2385/2385 2386/2386
f 2387/2387 2388/2388 2389/2389
f 2387/2387 2389/2389 2390/2390
f 2391/2391 2392/2392 2393/2393
f 2391/2391 2393/2393 2394/2394
f 2395/2395 2396/2396 2397/2397
f 2395/2395 2397/2397 2398/2398
f 2399/2399 2400/2400 2401/2401
f 2399/2399 2401/2401 2402/2402
f 2403/2403 2404/2404 2405/2405
f 2403/2403 2405/2405 2406/2406
f 2407/2407 2408/2408 2409/2409
f 2407/2407 2409/2409 2410/2410
f 2411/2411 2413/2413 2412/2412
f 2411/2411 2415/2415 2414/2414
f 2411/2411 2417/2417 2416/2416
f 2411/2411 2419/2419 2418/2418
f 2411/2411 2421/2421 2420/2420
f 2411/2411 2423/2423 2422/2422
f 2411/2411 2425/2425 2424/2424
f 2426/2426 2427/2427 2428/2428
f 2426/2426 2429/2429 2430/2430
f 2426/2426 2431/2431 2432/2432
f 2426/2426 2433/2433 2434/2434
f 2426/2426 2435/2435 2436/2436
f 2426/2426 2437/2437 2438/2438
f 2426/2426 2439/2439 2440/2440
f 2441/2441 2442/2442 2443/2443
f 2441/2441 2443/2443 2444/2444
f 2445/2445 2446/2446 2447/2447
f 2445/2445 2447/2447 2448/2448
f 2449/2449 2450/2450 2451/2451
f 2449/2449 2451/2451 2452/2452
f 2453/2453 2454/2454 2455/2455
f 2453/2453 2455/2455 2456/2456
f 2457/2457 2458/2458 2459/2459
f 2457/2457 2459/2459 2460/2460
f 2461/2461 2462/2462 2463/2463
f 2461/2461 2463/2463 2464/2464
f 2465/2465 2466/2466 2467/2467
f 2465/2465 2467/2467 2468/2468
f 2469/2469 2471/2471 2470/2470
f 2469/2469 2473/2473 2472/2472
f 2469/2469 2475/2475 2474/2474
f 2469/2469 2477/2477 2476/2476
f 2469/2469 2479/2479 2478/2478
f 2469/2469 2481/2481 2480/2480
f 2469/2469 2483/2483 2482/2482
f 2484/2484 2485/2485 2486/2486
f 2484/2484 2487/2487 2488/2488
f 2484/2484 2489/2489 2490/2490
f 2484/2484 2491/2491 2492/2492
f 2484/2484 2493/2493 2494/2494
f 2484/2484 2495/2495 2496/2496
f 2484/2484 2497/2497 2498/2498
f 2499/2499 2500/2500 2501/2501
f 2499/2499 2501/2501 2502/2502
f 2503/2503 2504/2504 2505/2505
f 2503/2503 2505/2505 2506/2506
f 2507/2507 2508/2508 2509/2509
f 2507/2507 2509/2509 2510/2510
f 2511/2511 2512/2512 2513/2513
f 2511/2511 2513/2513 2514/2514
f 2515/2515 2516/2516 2517/2517
f 2515/2515 2517/2517 2518/2518
f 2519/2519 2520/2520 2521/2521
f 2519/2519 2521/2521 2522/2522
f 2523/2523 2524/2524 2525/2525
f 2523/2523 2525/2525 2526/2526
f 2527/2527 2529/2529 2528/2528
f 2527/2527 2531/2531 2530/2530
f 2527/2527 2533/2533 2532/2532
f 2527/2527 2535/2535 2534/2534
f 2527/2527 2537/2537 2536/2536
f 2527/2527 2539/2539 2538/2538
f 2527/2527 2541/2541 2540/2540
f 2542/2542 2543/2543 2544/2544
f 2542/2542 2545/2545 2546/2546
f 2542/2542 2547/2547 2548/2548
f 2542/2542 2549/2549 2550/2550
f 2542/2542 2551/2551 2552/2552
f 2542/2542 2553/2553 2554/2554
f 2542/2542 2555/2555 2556/2556
f 2557/2557 2558/2558 2559/2559
f 2557/2557 2559/2559 2560/2560
f 2561/2561 2562/2562 2563/2563
f 2561/2561 2563/2563 2564/2564
f 2565/2565 2566/2566 2567/2567
f 2565/2565 2567/2567 2568/2568
f 2569/2569 2570/2570 2571/2571
f 2569/2569 2571/2571 2572/2572
f 2573/2573 2574/2574 2575/2575
f 2573/2573 2575/2575 2576/2576
f 2577/2577 2578/2578 2579/2579
f 2577/2577 2579/2579 2580/2580
f 2581/2581 2582/2582 2583/2583
f 2581/2581 2583/2583 2584/2584
f 2585/2585 2587/2587 2586/2586
f 2585/2585 2589/2589 2588/2588
f 2585/2585 2591/2591 2590/2590
f 2585/2585 2593/2593 2592/2592
f 2585/2585 2595/2595 2594/2594
f 2585/2585 2597/2597 2596/2596
f 2585/2585 2599/2599 2598/2598
f 2600/2600 2601/2601 2602/2602
f 2600/2600 2603/2603 2604/2604
f 2600/2600 2605/2605 2606/2606
f 2600/2600 2607/2607 2608/2608
f 2600/2600 2609/2609 2610/2610
f 2600/2600 2611/2611 2612/2612
f 2600/2600 2613/2613 2614/2614
f 2615/2615 2616/2616 2617/2617
f 2615/2615 2617/2617 2618/2618
f 2619/2619 2620/2620 2621/2621
f 2619/2619 2621/2621 2622/2622
f 2623/2623 2624/2624 2625/2625
f 2623/2623 2625/2625 2626/2626
f 2627/2627 2628/2628 2629/2629
f 2627/2627 2629/2629 2630/2630
f 2631/2631 2632/2632 2633/2633
f 2631/2631 2633/2633 2634/2634
f 2635/2635 2636/2636 2637/2637
f 2635/2635 2637/2637 2638/2638
f 2639/2639 2640/2640 2641/2641
f 2639/2639 2641/2641 2642/2642
f 2643/2643 2645/2645 2644/2644
f 2643/2643 2647/2647 2646/2646
f 2643/2643 2649/2649 2648/2648
f 2643/2643 2651/2651 2650/2650
f 2643/2643 2653/2653 2652/2652
f 2643/2643 2655/2655 2654/2654
f 2643/2643 2657/2657 2656/2656
f 2658/2658 2659/2659 2660/2660
f 2658/2658 2661/2661 2662/2662
f 2658/2658 2663/2663 2664/2664
f 2658/2658 2665/2665 2666/2666
f 2658/2658 2667/2667 2668/2668
f 2658/2658 2669/2669 2670/2670
f 2658/2658 2671/2671 2672/2672
f 2673/2673 2674/2674 2675/2675
f 2673/2673 2675/2675 2676/2676
f 2677/2677 2678/2678 2679/2679
f 2677/2677 2679/2679 2680/2680
f 2681/2681 2682/2682 2683/2683
f 2681/2681 2683/2683 2684/2684
f 2685/2685 2686/2686 2687/2687
f 2685/2685 2687/2687 2688/2688
f 2689/2689 2690/2690 2691/2691
f 2689/2689 2691/2691 2692/2692
f 2693/2693 2694/2694 2695/2695
f 2693/2693 2695/2695 2696/2696
f 2697/2697 2698/2698 2699/2699
f 2697/2697 2699/2699 2700/2700
f 2701/2701 2703/2703 2702/2702
f 2701/2701 2705/2705 2704/2704
f 2701/2701 2707/2707 2706/2706
f 2701/2701 2709/2709 2708/2708
f 2701/2701 2711/2711 2710/2710
f 2701/2701 2713/2713 2712/2712
f 2701/2701 2715/2715 2714/2714
f 2716/2716 2717/2717 2718/2718
f 2716/2716 2719/2719 2720/2720
f 2716/2716 2721/2721 2722/2722
f 2716/2716 2723/2723 2724/2724
f 2716/2716 2725/2725 2726/2726
f 2716/2716 2727/2727 2728/2728
f 2716/2716 2729/2729 2730/2730
f 2731/2731 2732/2732 2733/2733
f 2731/2731 2733/2733 2734/2734
f 2735/2735 2736/2736 2737/2737
f 2735/2735 2737/2737 2738/2738
f 2739/2739 2740/2740 2741/2741
f 2739/2739 2741/2741 2742/2742
f 2743/2743 2744/2744 2745/2745
f 2743/2743 2745/2745 2746/2746
f 2747/2747 2748/2748 2749/2749
f 2747/2747 2749/2749 2750/2750
f 2751/2751 2752/2752 2753/2753
f 2751/2751 2753/2753 2754/2754
f 2755/2755 2756/2756 2757/2757
f 2755/2755 2757/2757 2758/2758
f 2759/2759 2761/2761 2760/2760
f 2759/2759 2763/2763 2762/2762
f 2759/2759 2765/2765 2764/2764
f 2759/2759 2767/2767 2766/2766
f 2759/2759 2769/2769 2768/2768
f 2759/2759 2771/2771 2770/2770
f 2759/2759 2773/2773 2772/2772
f 2774/2774 2775/2775 2776/2776
f 2774/2774 2777/2777 2778/2778
f 2774/2774 2779/2779 2780/2780
f 2774/2774 2781/2781 2782/2782
f 2774/2774 2783/2783 2784/2784
f 2774/2774 2785/2785 2786/2786
f 2774/2774 2787/2787 2788/2788
f 2789/2789 2790/2790 2791/2791
f 2789/2789 2791/2791 2792/2792
f 2793/2793 2794/2794 2795/2795
f 2793/2793 2795/2795 2796/2796
f 2797/2797 2798/2798 2799/2799
f 2797/2797 2799/2799 2800/2800
f 2801/2801 2802/2802 2803/2803
f 2801/2801 2803/2803 2804/2804
f 2805/2805 2806/2806 2807/2807
f 2805/2805 2807/2807 2808/2808
f 2809/2809 2810/2810 2811/2811
f 2809/2809 2811/2811 2812/2812
f 2813/2813 2814/2814 2815/2815
f 2813/2813 2815/2815 2816/2816
f 2817/2817 2819/2819 2818/2818
f 2817/2817 2821/2821 2820/2820
f 2817/2817 2823/2823 2822/2822
f 2817/2817 2825/2825 2824/2824
f 2817/2817 2827/2827 2826/2826
f 2817/2817 2829/2829 2828/2828
f 2817/2817 2831/2831 2830/2830
f 2832/2832 2833/2833 2834/2834
f 2832/2832 2835/2835 2836/2836
f 2832/2832 2837/2837 2838/2838
f 2832/2832 2839/2839 2840/2840
f 2832/2832 2841/2841 2842/2842
f 2832/2832 2843/2843 2844/2844
f 2832/2832 2845/2845 2846/2846
f 2847/2847 2848/2848 2849/2849
f 2847/2847 2849/2849 2850/2850
f 2851/2851 2852/2852 2853/2853
f 2851/2851 2853/2853 2854/2854
f 2855/2855 2856/2856 2857/2857
f 2855/2855 2857/2857 2858/2858
f 2859/2859 2860/2860 2861/2861
f 2859/2859 2861/2861 2862/2862
f 2863/2863 2864/2864 2865/2865
f 2863/2863 2865/2865 2866/2866
f 2867/2867 2868/2868 2869/2869
f 2867/2867 2869/2869 2870/2870
f 2871/2871 2872/2872 2873/2873
f 2871/2871 2873/2873 2874/2874
f 2875/2875 2877/2877 2876/2876
f 2875/2875 2879/2879 2878/2878
f 2875/2875 2881/2881 2880/2880
f 2875/2875 2883/2883 2882/2882
f 2875/2875 2885/2885 2884/2884
f 2875/2875 2887/2887 2886/2886
f 2875/2875 2889/2889 2888/2888
f 2890/2890 2891/2891 2892/2892
f 2890/2890 2893/2893 2894/2894
f 2890/2890 2895/2895 2896/2896
f 2890/2890 2897/2897 2898/2898
f 2890/2890 2899/2899 2900/2900
f 2890/2890 2901/2901 2902/2902
f 2890/2890 2903/2903 2904/2904
f 2905/2905 2906/2906 2907/2907
f 2905/2905 2907/2907 2908/2908
f 2909/2909 2910/2910 2911/2911
f 2909/2909 2911/2911 2912/2912
f 2913/2913 2914/2914 2915/2915
f 2913/2913 2915/2915 2916/2916
f 2917/2917 2918/2918 2919/2919
f 2917/2917 2919/2919 2920/2920
f 2921/2921 2922/2922 2923/2923
f 2921/2921 2923/2923 2924/2924
f 2925/2925 2926/2926 2927/2927
f 2925/2925 2927/2927 2928/2928
f 2929/2929 2930/2930 2931/2931
f 2929/2929 2931/2931 2932/2932
f 2933/2933 2935/2935 2934/2934
f 2933/2933 2937/2937 2936/2936
f 2933/2933 2939/2939 2938/2938
f 2933/2933 2941/2941 2940/2940
f 2933/2933 2943/2943 2942/2942
f 2933/2933 2945/2945 2944/2944
f 2933/2933 2947/2947 2946/2946
f 2948/2948 2949/2949 2950/2950
f 2948/2948 2951/2951 2952/2952
f 2948/2948 2953/2953 2954/2954
f 2948/2948 2955/2955 2956/2956
f 2948/2948 2957/2957 2958/2958
f 2948/2948 2959/2959 2960/2960
f 2948/2948 2961/2961 2962/2962
f 2963/2963 2964/2964 2965/2965
f 2963/2963 2965/2965 2966/2966
f 2967/2967 2968/2968 2969/2969
f 2967/2967 2969/2969 2970/2970
f 2971/2971 2972/2972 2973/2973
f 2971/2971 2973/2973 2974/2974
f 2975/2975 2976/2976 2977/2977
f 2975/2975 2977/2977 2978/2978
f 2979/2979 2980/2980 2981/2981
f 2979/2979 2981/2981 2982/2982
f 2983/2983 2984/2984 2985/2985
f 2983/2983 2985/2985 2986/2986
f 2987/2987 2988/2988 2989/2989
f 2987/2987 2989/2989 2990/2990
f 2991/2991 2993/2993 2992/2992
f 2991/2991 2995/2995 2994/2994
f 2991/2991 2997/2997 2996/2996
f 2991/2991 2999/2999 2998/2998
f 2991/2991 3001/3001 3000/3000
f 2991/2991 3003/3003 3002/3002
f 2991/2991 3005/3005 3004/3004
f 3006/3006 3007/3007 3008/3008
f 3006/3006 3009/3009 3010/3010
f 3006/3006 3011/3011 3012/3012
f 3006/3006 3013/3013 3014/3014
f 3006/3006 3015/3015 3016/3016
f 3006/3006 3017/3017 3018/3018
f 3006/3006 3019/3019 3020/3020
f 3021/3021 3022/3022 3023/3023
f 3021/3021 3023/3023 3024/3024
f 3025/3025 3026/3026 3027/3027
f 3025/3025 3027/3027 3028/3028
f 3029/3029 3030/3030 3031/3031
f 3029/3029 3031/3031 3032/3032
f 3033/3033 3034/3034 3035/3035
f 3033/3033 3035/3035 3036/3036
f 3037/3037 3038/3038 3039/3039
f 3037/3037 3039/3039 3040/3040
f 3041/3041 3042/3042 3043/3043
f 3041/3041 3043/3043 3044/3044
f 3045/3045 3046/3046 3047/3047
f 3045/3045 3047/3047 3048/3048
f 3049/3049 3051/3051 3050/3050
f 3049/3049 3053/3053 3052/3052
f 3049/3049 3055/3055 3054/3054
f 3049/3049 3057/3057 3056/3056
f 3049/3049 3059/3059 3058/3058
f 3049/3049 3061/3061 3060/3060
f 3049/3049 3063/3063 3062/3062
f 3064/3064 3065/3065 3066/3066
f 3064/3064 3067/3067 3068/3068
f 3064/3064 3069/3069 3070/3070
f 3064/3064 3071/3071 3072/3072
f 3064/3064 3073/3073 3074/3074
f 3064/3064 3075/3075 3076/3076
f 3064/3064 3077/3077 3078/3078
f 3079/3079 3080/3080 3081/3081
f 3079/3079 3081/3081 3082/3082
f 3083/3083 3084/3084 3085/3085
f 3083/3083 3085/3085 3086/3086
f 3087/3087 3088/3088 3089/3089
f 3087/3087 3089/3089 3090/3090
f 3091/3091 3092/3092 3093/3093
f 3091/3091 3093/3093 3094/3094
f 3095/3095 3096/3096 3097/3097
f 3095/3095 3097/3097 3098/3098
f 3099/3099 3100/3100 3101/3101
f 3099/3099 3101/3101 3102/3102
f 3103/3103 3104/3104 3105/3105
f 3103/3103 3105/3105 3106/3106
f 3107/3107 3109/3109 3108/3108
f 3107/3107 3111/3111 3110/3110
f 3107/3107 3113/3113 3112/3112
f 3107/3107 3115/3115 3114/3114
f 3107/3107 3117/3117 3116/3116
f 3107/3107 3119/3119 3118/3118
f 3107/3107 3121/3121 3120/3120
f 3122/3122 3123/3123 3124/3124
f 3122/3122 3125/3125 3126/3126
f 3122/3122 3127/3127 3128/3128
f 3122/3122 3129/3129 3130/3130
f 3122/3122 3131/3131 3132/3132
f 3122/3122 3133/3133 3134/3134
f 3122/3122 3135/3135 3136/3136
f 3137/3137 3138/3138 3139/3139
f 3137/3137 3139/3139 3140/3140
f 3141/3141 3142/3142 3143/3143
f 3141/3141 3143/3143 3144/3144
f 3145/3145 3146/3146 3147/3147
f 3145/3145 3147/3147 3148/3148
f 3149/3149 3150/3150 3151/3151
f 3149/3149 3151/3151 3152/3152
f 3153/3153 3154/3154 3155/3155
f 3153/3153 3155/3155 3156/3156
f 3157/3157 3158/3158 3159/3159
f 3157/3157 3159/3159 3160/3160
f 3161/3161 3162/3162 3163/3163
f 3161/3161 3163/3163 3164/3164
f 3165/3165 3167/3167 3166/3166
f 3165/3165 3169/3169 3168/3168
f 3165/3165 3171/3171 3170/3170
f 3165/3165 3173/3173 3172/3172
f 3165/3165 3175/3175 3174/3174
f 3165/3165 3177/3177 3176/3176
f 3165/3165 3179/3179 3178/3178
f 3180/3180 3181/3181 3182/3182
f 3180/3180 3183/3183 3184/3184
f 3180/3180 3185/3185 3186/3186
f 3180/3180 3187/3187 3188/3188
f 3180/3180 3189/3189 3190/3190
f 3180/3180 3191/3191 3192/3192
f 3180/3180 3193/3193 3194/3194
f 3195/3195 3196/3196 3197/3197
f 3195/3195 3197/3197 3198/3198
f 3199/3199 3200/3200 3201/3201
f 3199/3199 3201/3201 3202/3202
f 3203/3203 3204/3204 3205/3205
f 3203/3203 3205/3205 3206/3206
f 3207/3207 3208/3208 3209/3209
f 3207/3207 3209/3209 3210/3210
f 3211/3211 3212/3212 3213/3213
f 3211/3211 3213/3213 3214/3214
f 3215/3215 3216/3216 3217/3217
f 3215/3215 3217/3217 3218/3218
f 3219/3219 3220/3220 3221/3221
f 3219/3219 3221/3221 3222/3222
f 3223/3223 3225/3225 3224/3224
f 3223/3223 3227/3227 3226/3226
f 3223/3223 3229/3229 3228/3228
f 3223/3223 3231/3231 3230/3230
f 3223/3223 3233/3233 3232/3232
f 3223/3223 3235/3235 3234/3234
f 3223/3223 3237/3237 3236/3236
f 3238/3238 3239/3239 3240/3240
f 3238/3238 3241/3241 3242/3242
f 3238/3238 3243/3243 3244/3244
f 3238/3238 3245/3245 3246/3246
f 3238/3238 3247/3247 3248/3248
f 3238/3238 3249/3249 3250/3250
f 3238/3238 3251/3251 3252/3252
f 3253/3253 3254/3254 3255/3255
f 3253/3253 3255/3255 3256/3256
f 3257/3257 3258/3258 3259/3259
f 3257/3257 3259/3259 3260/3260
f 3261/3261 3262/3262 3263/3263
f 3261/3261 3263/3263 3264/3264
f 3265/3265 3266/3266 3267/3267
f 3265/3265 3267/3267 3268/3268
f 3269/3269 3270/3270 3271/3271
f 3269/3269 3271/3271 3272/3272
f 3273/3273 3274/3274 3275/3275
f 3273/3273 3275/3275 3276/3276
f 3277/3277 3278/3278 3279/3279
f 3277/3277 3279/3279 3280/3280
f 3281/3281 3283/3283 3282/3282
f 3281/3281 3285/3285 3284/3284
f 3281/3281 3287/3287 3286/3286
f 3281/3281 3289/3289 3288/3288
f 3281/3281 3291/3291 3290/3290
f 3281/3281 3293/3293 3292/3292
f 3281/3281 3295/3295 3294/3294
f 3296/3296 3297/3297 3298/3298
f 3296/3296 3299/3299 3300/3300
f 3296/3296 3301/3301 3302/3302
f 3296/3296 3303/3303 3304/3304
f 3296/3296 3305/3305 3306/3306
f 3296/3296 3307/3307 3308/3308
f 3296/3296 3309/3309 3310/3310
f 3311/3311 3312/3312 3313/3313
f 3311/3311 3313/3313 3314/3314
f 3315/3315 3316/3316 3317/3317
f 3315/3315 3317/3317 3318/3318
f 3319/3319 3320/3320 3321/3321
f 3319/3319 3321/3321 3322/3322
f 3323/3323 3324/3324 3325/3325
f 3323/3323 3325/3325 3326/3326
f 3327/3327 3328/3328 3329/3329
f 3327/3327 3329/3329 3330/3330
f 3331/3331 3332/3332 3333/3333
f 3331/3331 3333/3333 3334/3334
f 3335/3335 3336/3336 3337/3337
f 3335/3335 3337/3337 3338/3338
f 3339/3339 3341/3341 3340/3340
f 3339/3339 3343/3343 3342/3342
f 3339/3339 3345/3345 3344/3344
f 3339/3339 3347/3347 3346/3346
f 3339/3339 3349/3349 3348/3348
f 3339/3339 3351/3351 3350/3350
f 3339/3339 3353/3353 3352/3352
f 3354/3354 3355/3355 3356/3356
f 3354/3354 3357/3357 3358/3358
f 3354/3354 3359/3359 3360/3360
f 3354/3354 3361/3361 3362/3362
f 3354/3354 3363/3363 3364/3364
f 3354/3354 3365/3365 3366/3366
f 3354/3354 3367/3367 3368/3368
f 3369/3369 3370/3370 3371/3371
f 3369/3369 3371/3371 3372/3372
f 3373/3373 3374/3374 3375/3375
f 3373/3373 3375/3375 3376/3376
f 3377/3377 3378/3378 3379/3379
f 3377/3377 3379/3379 3380/3380
f 3381/3381 3382/3382 3383/3383
f 3381/3381 3383/3383 3384/3384
f 3385/3385 3386/3386 3387/3387
f 3385/3385 3387/3387 3388/3388
f 3389/3389 3390/3390 3391/3391
f 3389/3389 3391/3391 3392/3392
f 3393/3393 3394/3394 3395/3395
f 3393/3393 3395/3395 3396/3396
f 3397/3397 3398/3398 3399/3399
f 3397/3397 3399/3399 3400/3400
f 3401/3401 3402/3402 3403/3403
f 3401/3401 3403/3403 3404/3404
f 3405/3405 3407/3407 3406/3406
f 3405/3405 3409/3409 3408/3408
f 3405/3405 3411/3411 3410/3410
f 3405/3405 3413/3413 3412/3412
f 3405/3405 3415/3415 3414/3414
f 3405/3405 3417/3417 3416/3416
f 3405/3405 3419/3419 3418/3418
f 3405/3405 3421/3421 3420/3420
f 3405/3405 3423/3423 3422/3422
f 3424/3424 3425/3425 3426/3426
f 3424/3424 3427/3427 3428/3428
f 3424/3424 3429/3429 3430/3430
f 3424/3424 3431/3431 3432/3432
f 3424/3424 3433/3433 3434/3434
f 3424/3424 3435/3435 3436/3436
f 3424/3424 3437/3437 3438/3438
f 3424/3424 3439/3439 3440/3440
f 3424/3424 3441/3441 3442/3442
f 3443/3443 3444/3444 3445/3445
f 3443/3443 3445/3445 3446/3446
f 3447/3447 3448/3448 3449/3449
f 3447/3447 3449/3449 3450/3450
f 3451/3451 3452/3452 3453/3453
f 3451/3451 3453/3453 3454/3454
f 3455/3455 3456/3456 3457/3457
f 3455/3455 3457/3457 3458/3458
f 3459/3459 3460/3460 3461/3461
f 3459/3459 3461/3461 3462/3462
f 3463/3463 3464/3464 3465/3465
f 3463/3463 3465/3465 3466/3466
f 3467/3467 3468/3468 3469/3469
f 3467/3467 3469/3469 3470/3470
f 3471/3471 3472/3472 3473/3473
f 3471/3471 3473/3473 3474/3474
f 3475/3475 3476/3476 3477/3477
f 3475/3475 3477/3477 3478/3478
f 3479/3479 3481/3481 3480/3480
f 3479/3479 3483/3483 3482/3482
f 3479/3479 3485/3485 3484/3484
f 3479/3479 3487/3487 3486/3486
f 3479/3479 3489/3489 3488/3488
f 3479/3479 3491/3491 3490/3490
f 3479/3479 3493/3493 3492/3492
f 3479/3479 3495/3495 3494/3494
f 3479/3479 3497/3497 3496/3496
f 3498/3498 3499/3499 3500/3500
f 3498/3498 3501/3501 3502/3502
f 3498/3498 3503/3503 3504/3504
f 3498/3498 3505/3505 3506/3506
f 3498/3498 3507/3507 3508/3508
f 3498/3498 3509/3509 3510/3510
f 3498/3498 3511/3511 3512/3512
f 3498/3498 3513/3513 3514/3514
f 3498/3498 3515/3515 3516/3516
f 3517/3517 3518/3518 3519/3519
f 3517/3517 3519/3519 3520/3520
f 3521/3521 3522/3522 3523/3523
f 3521/3521 3523/3523 3524/3524
f 3525/3525 3526/3526 3527/3527
f 3525/3525 3527/3527 3528/3528
f 3529/3529 3530/3530 3531/3531
f 3529/3529 3531/3531 3532/3532
f 3533/3533 3534/3534 3535/3535
f 3533/3533 3535/3535 3536/3536
f 3537/3537 3538/3538 3539/3539
f 3537/3537 3539/3539 3540/3540
f 3541/3541 3542/3542 3543/3543
f 3541/3541 3543/3543 3544/3544
f 3545/3545 3546/3546 3547/3547
f 3545/3545 3547/3547 3548/3548
f 3549/3549 3550/3550 3551/3551
f 3549/3549 3551/3551 3552/3552
f 3553/3553 3555/3555 3554/3554
f 3553/3553 3557/3557 3556/3556
f 3553/3553 3559/3559 3558/3558
f 3553/3553 3561/3561 3560/3560
f 3553/3553 3563/3563 3562/3562
f 3553/3553 3565/3565 3564/3564
f 3553/3553 3567/3567 3566/3566
f 3553/3553 3569/3569 3568/3568
f 3553/3553 3571/3571 3570/3570
f 3572/3572 3573/3573 3574/3574
f 3572/3572 3575/3575 3576/3576
f 3572/3572 3577/3577 3578/3578
f 3572/3572 3579/3579 3580/3580
f 3572/3572 3581/3581 3582/3582
f 3572/3572 3583/3583 3584/3584
f 3572/3572 3585/3585 3586/3586
f 3572/3572 3587/3587 3588/3588
f 3572/3572 3589/3589 3590/3590
f 3591/3591 3592/3592 3593/3593
f 3591/3591 3593/3593 3594/3594
f 3595/3595 3596/3596 3597/3597
f 3595/3595 3597/3597 3598/3598
f 3599/3599 3600/3600 3601/3601
f 3599/3599 3601/3601 3602/3602
f 3603/3603 3604/3604 3605/3605
f 3603/3603 3605/3605 3606/3606
f 3607/3607 3608/3608 3609/3609
f 3607/3607 3609/3609 3610/3610
f 3611/3611 3612/3612 3613/3613
f 3611/3611 3613/3613 3614/3614
f 3615/3615 3616/3616 3617/3617
f 3615/3615 3617/3617 3618/3618
f 3619/3619 3620/3620 3621/3621
f 3619/3619 3621/3621 3622/3622
f 3623/3623 3624/3624 3625/3625
f 3623/3623 3625/3625 3626/3626
f 3627/3627 3629/3629 3628/3628
f 3627/3627 3631/3631 3630/3630
f 3627/3627 3633/3633 3632/3632
f 3627/3627 3635/3635 3634/3634
f 3627/3627 3637/3637 3636/3636
f 3627/3627 3639/3639 3638/3638
f 3627/3627 3641/3641 3640/3640
f 3627/3627 3643/3643 3642/3642
f 3627/3627 3645/3645 3644/3644
f 3646/3646 3647/3647 3648/3648
f 3646/3646 3649/3649 3650/3650
f 3646/3646 3651/3651 3652/3652
f 3646/3646 3653/3653 3654/3654
f 3646/3646 3655/3655 3656/3656
f 3646/3646 3657/3657 3658/3658
f 3646/3646 3659/3659 3660/3660
f 3646/3646 3661/3661 3662/3662
f 3646/3646 3663/3663 3664/3664
f 3665/3665 3666/3666 3667/3667
f 3665/3665 3667/3667 3668/3668
f 3669/3669 3670/3670 3671/3671
f 3669/3669 3671/3671 3672/3672
f 3673/3673 3674/3674 3675/3675
f 3673/3673 3675/3675 3676/3676
f 3677/3677 3678/3678 3679/3679
f 3677/3677 3679/3679 3680/3680
f 3681/3681 3682/3682 3683/3683
f 3681/3681 3683/3683 3684/3684
f 3685/3685 3686/3686 3687/3687
f 3685/3685 3687/3687 3688/3688
f 3689/3689 3690/3690 3691/3691
f 3689/3689 3691/3691 3692/3692
f 3693/3693 3694/3694 3695/3695
f 3693/3693 3695/3695 3696/3696
f 3697/3697 3698/3698 3699/3699
f 3697/3697 3699/3699 3700/3700
f 3701/3701 3703/3703 3702/3702
f 3701/3701 3705/3705 3704/3704
f 3701/3701 3707/3707 3706/3706
f 3701/3701 3709/3709 3708/3708
f 3701/3701 3711/3711 3710/3710
f 3701/3701 3713/3713 3712/3712
f 3701/3701 3715/3715 3714/3714
f 3701/3701 3717/3717 3716/3716
f 3701/3701 3719/3719 3718/3718
f 3720/3720 3721/3721 3722/3722
f 3720/3720 3723/3723 3724/3724
f 3720/3720 3725/3725 3726/3726
f 3720/3720 3727/3727 3728/3728
f 3720/3720 3729/3729 3730/3730
f 3720/3720 3731/3731 3732/3732
f 3720/3720 3733/3733 3734/3734
f 3720/3720 3735/3735 3736/3736
f 3720/3720 3737/3737 3738/3738
f 3739/3739 3740/3740 3741/3741
f 3739/3739 3741/3741 3742/3742
f 3743/3743 3744/3744 3745/3745
f 3743/3743 3745/3745 3746/3746
f 3747/3747 3748/3748 3749/3749
f 3747/3747 3749/3749 3750/3750
f 3751/3751 3752/3752 3753/3753
f 3751/3751 3753/3753 3754/3754
f 3755/3755 3756/3756 3757/3757
f 3755/3755 3757/3757 3758/3758
f 3759/3759 3760/3760 3761/3761
f 3759/3759 3761/3761 3762/3762
f 3763/3763 3764/3764 3765/3765
f 3763/3763 3765/3765 3766/3766
f 3767/3767 3768/3768 3769/3769
f 3767/3767 3769/3769 3770/3770
f 3771/3771 3773/3773 3772/3772
f 3771/3771 3775/3775 3774/3774
f 3771/3771 3777/3777 3776/3776
f 3771/3771 3779/3779 3778/3778
f 3771/3771 3781/3781 3780/3780
f 3771/3771 3783/3783 3782/3782
f 3771/3771 3785/3785 3784/3784
f 3771/3771 3787/3787 3786/3786
f 3788/3788 3789/3789 3790/3790
f 3788/3788 3791/3791 3792/3792
f 3788/3788 3793/3793 3794/3794
f 3788/3788 3795/3795 3796/3796
f 3788/3788 3797/3797 3798/3798
f 3788/3788 3799/3799 3800/3800
f 3788/3788 3801/3801 3802/3802
f 3788/3788 3803/3803 3804/3804
f 3805/3805 3806/3806 3807/3807
f 3805/3805 3807/3807 3808/3808
f 3809/3809 3810/3810 3811/3811
f 3809/3809 3811/3811 3812/3812
f 3813/3813 3814/3814 3815/3815
f 3813/3813 3815/3815 3816/3816
f 3817/3817 3818/3818 3819/3819
f 3817/3817 3819/3819 3820/3820
f 3821/3821 3822/3822 3823/3823
f 3821/3821 3823/3823 3824/3824
f 3825/3825 3826/3826 3827/3827
f 3825/3825 3827/3827 3828/3828
f 3829/3829 3830/3830 3831/3831
f 3829/3829 3831/3831 3832/3832
f 3833/3833 3834/3834 3835/3835
f 3833/3833 3835/3835 3836/3836
f 3837/3837 3839/3839 3838/3838
f 3837/3837 3841/3841 3840/3840
f 3837/3837 3843/3843 3842/3842
f 3837/3837 3845/3845 3844/3844
f 3837/3837 3847/3847 3846/3846
f 3837/3837 3849/3849 3848/3848
f 3837/3837 3851/3851 3850/3850
f 3837/3837 3853/3853 3852/3852
f 3854/3854 3855/3855 3856/3856
f 3854/3854 3857/3857 3858/3858
f 3854/3854 3859/3859 3860/3860
f 3854/3854 3861/3861 3862/3862
f 3854/3854 3863/3863 3864/3864
f 3854/3854 3865/3865 3866/3866
f 3854/3854 3867/3867 3868/3868
f 3854/3854 3869/3869 3870/3870
f 3871/3871 3872/3872 3873/3873
f 3871/3871 3873/3873 3874/3874
f 3875/3875 3876/3876 3877/3877
f 3875/3875 3877/3877 3878/3878
f 3879/3879 3880/3880 3881/3881
f 3879/3879 3881/3881 3882/3882
f 3883/3883 3884/3884 3885/3885
f 3883/3883 3885/3885 3886/3886
f 3887/3887 3888/3888 3889/3889
f 3887/3887 3889/3889 3890/3890
f 3891/3891 3892/3892 3893/3893
f 3891/3891 3893/3893 3894/3894
f 3895/3895 3896/3896 3897/3897
f 3895/3895 3897/3897 3898/3898
f 3899/3899 3900/3900 3901/3901
f 3899/3899 3901/3901 3902/3902
f 3903/3903 3905/3905 3904/3904
f 3903/3903 3907/3907 3906/3906
f 3903/3903 3909/3909 3908/3908
f 3903/3903 3911/3911 3910/3910
f 3903/3903 3913/3913 3912/3912
f 3903/3903 3915/3915 3914/3914
f 3903/3903 3917/3917 3916/3916
f 3903/3903 3919/3919 3918/3918
f 3920/3920 3921/3921 3922/3922
f 3920/3920 3923/3923 3924/3924
f 3920/3920 3925/3925 3926/3926
f 3920/3920 3927/3927 3928/3928
f 3920/3920 3929/3929 3930/3930
f 3920/3920 3931/3931 3932/3932
f 3920/3920 3933/3933 3934/3934
f 3920/3920 3935/3935 3936/3936
f 3937/3937 3938/3938 3939/3939
f 3937/3937 3939/3939 3940/3940
f 3941/3941 3942/3942 3943/3943
f 3941/3941 3943/3943 3944/3944
f 3945/3945 3946/3946 3947/3947
f 3945/3945 3947/3947 3948/3948
f 3949/3949 3950/3950 3951/3951
f 3949/3949 3951/3951 3952/3952
f 3953/3953 3954/3954 3955/3955
f 3953/3953 3955/3955 3956/3956
f 3957/3957 3958/3958 3959/3959
f 3957/3957 3959/3959 3960/3960
f 3961/3961 3962/3962 3963/3963
f 3961/3961 3963/3963 3964/3964
f 3965/3965 3966/3966 3967/3967
f 3965/3965 3967/3967 3968/3968
f 3969/3969 3971/3971 3970/3970
f 3969/3969 3973/3973 3972/3972
f 3969/3969 3975/3975 3974/3974
f 3969/3969 3977/3977 3976/3976
f 3969/3969 3979/3979 3978/3978
f 3969/3969 3981/3981 3980/3980
f 3969/3969 3983/3983 3982/3982
f 3969/3969 3985/3985 3984/3984
f 3986/3986 3987/3987 3988/3988
f 3986/3986 3989/3989 3990/3990
f 3986/3986 3991/3991 3992/3992
f 3986/3986 3993/3993 3994/3994
f 3986/3986 3995/3995 3996/3996
f 3986/3986 3997/3997 3998/3998
f 3986/3986 3999/3999 4000/4000
f 3986/3986 4001/4001 4002/4002
f 4003/4003 4004/4004 4005/4005
f 4003/4003 4005/4005 4006/4006
f 4007/4007 4008/4008 4009/4009
f 4007/4007 4009/4009 4010/4010
f 4011/4011 4012/4012 4013/4013
f 4011/4011 4013/4013 4014/4014
f 4015/4015 4016/4016 4017/4017
f 4015/4015 4017/4017 4018/4018
f 4019/4019 4020/4020 4021/4021
f 4019/4019 4021/4021 4022/4022
f 4023/4023 4024/4024 4025/4025
f 4023/4023 4025/4025 4026/4026
f 4027/4027 4028/4028 4029/4029
f 4027/4027 4029/4029 4030/4030
f 4031/4031 4032/4032 4033/4033
f 4031/4031 4033/4033 4034/4034
f 4035/4035 4037/4037 4036/4036
f 4035/4035 4039/4039 4038/4038
f 4035/4035 4041/4041 4040/4040
f 4035/4035 4043/4043 4042/4042
f 4035/4035 4045/4045 4044/4044
f 4035/4035 4047/4047 4046/4046
f 4035/4035 4049/4049 4048/4048
f 4035/4035 4051/4051 4050/4050
f 4052/4052 4053/4053 4054/4054
f 4052/4052 4055/4055 4056/4056
f 4052/4052 4057/4057 4058/4058
f 4052/4052 4059/4059 4060/4060
f 4052/4052 4061/4061 4062/4062
f 4052/4052 4063/4063 4064/4064
f 4052/4052 4065/4065 4066/4066
f 4052/4052 4067/4067 4068/4068
f 4069/4069 4070/4070 4071/4071
f 4069/4069 4071/4071 4072/4072
f 4073/4073 4074/4074 4075/4075
f 4073/4073 4075/4075 4076/4076
f 4077/4077 4078/4078 4079/4079
f 4077/4077 4079/4079 4080/4080
f 4081/4081 4082/4082 4083/4083
f 4081/4081 4083/4083 4084/4084
f 4085/4085 4086/4086 4087/4087
f 4085/4085 4087/4087 4088/4088
f 4089/4089 4090/4090 4091/4091
f 4089/4089 4091/4091 4092/4092
f 4093/4093 4094/4094 4095/4095
f 4093/4093 4095/4095 4096/4096
f 4097/4097 4098/4098 4099/4099
f 4097/4097 4099/4099 4100/4100
f 4101/4101 4103/4103 4102/4102
f 4101/4101 4105/4105 4104/4104
f 4101/4101 4107/4107 4106/4106
f 4101/4101 4109/4109 4108/4108
f 4101/4101 4111/4111 4110/4110
f 4101/4101 4113/4113 4112/4112
f 4101/4101 4115/4115 4114/4114
f 4101/4101 4117/4117 4116/4116
f 4118/4118 4119/4119 4120/4120
f 4118/4118 4121/4121 4122/4122
f 4118/4118 4123/4123 4124/4124
f 4118/4118 4125/4125 4126/4126
f 4118/4118 4127/4127 4128/4128
f 4118/4118 4129/4129 4130/4130
f 4118/4118 4131/4131 4132/4132
f 4118/4118 4133/4133 4134/4134
f 4135/4135 4136/4136 4137/4137
f 4135/4135 4137/4137 4138/4138
f 4139/4139 4140/4140 4141/4141
f 4139/4139 4141/4141 4142/4142
f 4143/4143 4144/4144 4145/4145
f 4143/4143 4145/4145 4146/4146
f 4147/4147 4148/4148 4149/4149
f 4147/4147 4149/4149 4150/4150
f 4151/4151 4152/4152 4153/4153
f 4151/4151 4153/4153 4154/4154
f 4155/4155 4156/4156 4157/4157
f 4155/4155 4157/4157 4158/4158
f 4159/4159 4160/4160 4161/4161
f 4159/4159 4161/4161 4162/4162
f 4163/4163 4164/4164 4165/4165
f 4163/4163 4165/4165 4166/4166
f 4167/4167 4169/4169 4168/4168
f 4167/4167 4171/4171 4170/4170
f 4167/4167 4173/4173 4172/4172
f 4167/4167 4175/4175 4174/4174
f 4167/4167 4177/4177 4176/4176
f 4167/4167 4179/4179 4178/4178
f 4167/4167 4181/4181 4180/4180
f 4167/4167 4183/4183 4182/4182
f 4184/4184 4185/4185 4186/4186
f 4184/4184 4187/4187 4188/4188
f 4184/4184 4189/4189 4190/4190
f 4184/4184 4191/4191 4192/4192
f 4184/4184 4193/4193 4194/4194
f 4184/4184 4195/4195 4196/4196
f 4184/4184 4197/4197 4198/4198
f 4184/4184 4199/4199 4200/4200
f 4201/4201 4202/4202 4203/4203
f 4201/4201 4203/4203 4204/4204
f 4205/4205 4206/4206 4207/4207
f 4205/4205 4207/4207 4208/4208
f 4209/4209 4210/4210 4211/4211
f 4209/4209 4211/4211 4212/4212
f 4213/4213 4214/4214 4215/4215
f 4213/4213 4215/4215 4216/4216
f 4217/4217 4218/4218 4219/4219
f 4217/4217 4219/4219 4220/4220
f 4221/4221 4222/4222 4223/4223
f 4221/4221 4223/4223 4224/4224
f 4225/4225 4226/4226 4227/4227
f 4225/4225 4227/4227 4228/4228
f 4229/4229 4230/4230 4231/4231
f 4229/4229 4231/4231 4232/4232
f 4233/4233 4235/4235 4234/4234
f 4233/4233 4237/4237 4236/4236
f 4233/4233 4239/4239 4238/4238
f 4233/4233 4241/4241 4240/4240
f 4233/4233 4243/4243 4242/4242
f 4233/4233 4245/4245 4244/4244
f 4233/4233 4247/4247 4246/4246
f 4233/4233 4249/4249 4248/4248
f 4250/4250 4251/4251 4252/4252
f 4250/4250 4253/4253 4254/4254
f 4250/4250 4255/4255 4256/4256
f 4250/4250 4257/4257 4258/4258
f 4250/4250 4259/4259 4260/4260
f 4250/4250 4261/4261 4262/4262
f 4250/4250 4263/4263 4264/4264
f 4250/4250 4265/4265 4266/4266
f 4267/4267 4268/4268 4269/4269
f 4267/4267 4269/4269 4270/4270
f 4271/4271 4272/4272 4273/4273
f 4271/4271 4273/4273 4274/4274
f 4275/4275 4276/4276 4277/4277
f 4275/4275 4277/4277 4278/4278
f 4279/4279 4280/4280 4281/4281
f 4279/4279 4281/4281 4282/4282
f 4283/4283 4284/4284 4285/4285
f 4283/4283 4285/4285 4286/4286
f 4287/4287 4288/4288 4289/4289
f 4287/4287 4289/4289 4290/4290
f 4291/4291 4292/4292 4293/4293
f 4291/4291 4293/4293 4294/4294
f 4295/4295 4296/4296 4297/4297
f 4295/4295 4297/4297 4298/4298
f 4299/4299 4301/4301 4300/4300
f 4299/4299 4303/4303 4302/4302
f 4299/4299 4305/4305 4304/4304
f 4299/4299 4307/4307 4306/4306
f 4299/4299 4309/4309 4308/4308
f 4299/4299 4311/4311 4310/4310
f 4299/4299 4313/4313 4312/4312
f 4299/4299 4315/4315 4314/4314
f 4316/4316 4317/4317 4318/4318
f 4316/4316 4319/4319 4320/4320
f 4316/4316 4321/4321 4322/4322
f 4316/4316 4323/4323 4324/4324
f 4316/4316 4325/4325 4326/4326
f 4316/4316 4327/4327 4328/4328
f 4316/4316 4329/4329 4330/4330
f 4316/4316 4331/4331 4332/4332
f 4333/4333 4334/4334 4335/4335
f 4333/4333 4335/4335 4336/4336
f 4337/4337 4338/4338 4339/4339
f 4337/4337 4339/4339 4340/4340
f 4341/4341 4342/4342 4343/4343
f 4341/4341 4343/4343 4344/4344
f 4345/4345 4346/4346 4347/4347
f 4345/4345 4347/4347 4348/4348
f 4349/4349 4350/4350 4351/4351
f 4349/4349 4351/4351 4352/4352
f 4353/4353 4354/4354 4355/4355
f 4353/4353 4355/4355 4356/4356
f 4357/4357 4358/4358 4359/4359
f 4357/4357 4359/4359 4360/4360
f 4361/4361 4362/4362 4363/4363
f 4361/4361 4363/4363 4364/4364
f 4365/4365 4367/4367 4366/4366
f 4365/4365 4369/4369 4368/4368
f 4365/4365 4371/4371 4370/4370
f 4365/4365 4373/4373 4372/4372
f 4365/4365 4375/4375 4374/4374
f 4365/4365 4377/4377 4376/4376
f 4365/4365 4379/4379 4378/4378
f 4365/4365 4381/4381 4380/4380
f 4382/4382 4383/4383 4384/4384
f 4382/4382 4385/4385 4386/4386
f 4382/4382 4387/4387 4388/4388
f 4382/4382 4389/4389 4390/4390
f 4382/4382 4391/4391 4392/4392
f 4382/4382 4393/4393 4394/4394
f 4382/4382 4395/4395 4396/4396
f 4382/4382 4397/4397 4398/4398
f 4399/4399 4400/4400 4401/4401
f 4399/4399 4401/4401 4402/4402
f 4403/4403 4404/4404 4405/4405
f 4403/4403 4405/4405 4406/4406
f 4407/4407 4408/4408 4409/4409
f 4407/4407 4409/4409 4410/4410
f 4411/4411 4412/4412 4413/4413
f 4411/4411 4413/4413 4414/4414
f 4415/4415 4416/4416 4417/4417
f 4415/4415 4417/4417 4418/4418
f 4419/4419 4420/4420 4421/4421
f 4419/4419 4421/4421 4422/4422
f 4423/4423 4424/4424 4425/4425
f 4423/4423 4425/4425 4426/4426
f 4427/4427 4428/4428 4429/4429
f 4427/4427 4429/4429 4430/4430
f 4431/4431 4433/4433 4432/4432
f 4431/4431 4435/4435 4434/4434
f 4431/4431 4437/4437 4436/4436
f 4431/4431 4439/4439 4438/4438
f 4431/4431 4441/4441 4440/4440
f 4431/4431 4443/4443 4442/4442
f 4431/4431 4445/4445 4444/4444
f 4431/4431 4447/4447 4446/4446
f 4448/4448 4449/4449 4450/4450
f 4448/4448 4451/4451 4452/4452
f 4448/4448 4453/4453 4454/4454
f 4448/4448 4455/4455 4456/4456
f 4448/4448 4457/4457 4458/4458
f 4448/4448 4459/4459 4460/4460
f 4448/4448 4461/4461 4462/4462
f 4448/4448 4463/4463 4464/4464
f 4465/4465 4466/4466 4467/4467
f 4465/4465 4467/4467 4468/4468
f 4469/4469 4470/4470 4471/4471
f 4469/4469 4471/4471 4472/4472
f 4473/4473 4474/4474 4475/4475
f 4473/4473 4475/4475 4476/4476
f 4477/4477 4478/4478 4479/4479
f 4477/4477 4479/4479 4480/4480
f 4481/4481 4482/4482 4483/4483
f 4481/4481 4483/4483 4484/4484
f 4485/4485 4486/4486 4487/4487
f 4485/4485 4487/4487 4488/4488
f 4489/4489 4490/4490 4491/4491
f 4489/4489 4491/4491 4492/4492
f 4493/4493 4494/4494 4495/4495
f 4493/4493 4495/4495 4496/4496
f 4497/4497 4499/4499 4498/4498
f 4497/4497 4501/4501 4500/4500
f 4497/4497 4503/4503 4502/4502
f 4497/4497 4505/4505 4504/4504
f 4497/4497 4507/4507 4506/4506
f 4497/4497 4509/4509 4508/4508
f 4497/4497 4511/4511 4510/4510
f 4497/4497 4513/4513 4512/4512
f 4514/4514 4515/4515 4516/4516
f 4514/4514 4517/4517 4518/4518
f 4514/4514 4519/4519 4520/4520
f 4514/4514 4521/4521 4522/4522
f 4514/4514 4523/4523 4524/4524
f 4514/4514 4525/4525 4526/4526
f 4514/4514 4527/4527 4528/4528
f 4514/4514 4529/4529 4530/4530
usemtl Rope
f 4531/4531 4532/4532 4533/4533
f 4531/4531 4533/4533 4534/4534
f 4535/4535 4536/4536 4537/4537
f 4535/4535 4537/4537 4538/4538
f 4539/4539 4540/4540 4541/4541
f 4539/4539 4541/4541 4542/4542
f 4543/4543 4544/4544 4545/4545
f 4543/4543 4545/4545 4546/4546
f 4547/4547 4548/4548 4549/4549
f 4547/4547 4549/4549 4550/4550
f 4551/4551 4552/4552 4553/4553
f 4551/4551 4553/4553 4554/4554
f 4555/4555 4556/4556 4557/4557
f 4555/4555 4557/4557 4558/4558
f 4559/4559 4560/4560 4561/4561
f 4559/4559 4561/4561 4562/4562
f 4563/4563 4564/4564 4565/4565
f 4563/4563 4565/4565 4566/4566
f 4567/4567 4568/4568 4569/4569
f 4567/4567 4569/4569 4570/4570
f 4571/4571 4572/4572 4573/4573
f 4571/4571 4573/4573 4574/4574
f 4575/4575 4576/4576 4577/4577
f 4575/4575 4577/4577 4578/4578
f 4579/4579 4580/4580 4581/4581
f 4579/4579 4581/4581 4582/4582
f 4583/4583 4584/4584 4585/4585
f 4583/4583 4585/4585 4586/4586
f 4587/4587 4588/4588 4589/4589
f 4587/4587 4589/4589 4590/4590
f 4591/4591 4592/4592 4593/4593
f 4591/4591 4593/4593 4594/4594
f 4595/4595 4596/4596 4597/4597
f 4595/4595 4597/4597 4598/4598
f 4599/4599 4600/4600 4601/4601
f 4599/4599 4601/4601 4602/4602
f 4603/4603 4604/4604 4605/4605
f 4603/4603 4605/4605 4606/4606
f 4607/4607 4608/4608 4609/4609
f 4607/4607 4609/4609 4610/4610
f 4611/4611 4612/4612 4613/4613
f 4611/4611 4613/4613 4614/4614
f 4615/4615 4616/4616 4617/4617
f 4615/4615 4617/4617 4618/4618
f 4619/4619 4620/4620 4621/4621
f 4619/4619 4621/4621 4622/4622
f 4623/4623 4624/4624 4625/4625
f 4623/4623 4625/4625 4626/4626
f 4627/4627 4628/4628 4629/4629
f 4627/4627 4629/4629 4630/4630
f 4631/4631 4632/4632 4633/4633
f 4631/4631 4633/4633 4634/4634
f 4635/4635 4636/4636 4637/4637
f 4635/4635 4637/4637 4638/4638
f 4639/4639 4640/4640 4641/4641
f 4639/4639 4641/4641 4642/4642
f 4643/4643 4644/4644 4645/4645
f 4643/4643 4645/4645 4646/4646
f 4647/4647 4648/4648 4649/4649
f 4647/4647 4649/4649 4650/4650
f 4651/4651 4652/4652 4653/4653
f 4651/4651 4653/4653 4654/4654
f 4655/4655 4656/4656 4657/4657
f 4655/4655 4657/4657 4658/4658
f 4659/4659 4660/4660 4661/4661
f 4659/4659 4661/4661 4662/4662
f 4663/4663 4664/4664 4665/4665
f 4663/4663 4665/4665 4666/4666
f 4667/4667 4668/4668 4669/4669
f 4667/4667 4669/4669 4670/4670
f 4671/4671 4672/4672 4673/4673
f 4671/4671 4673/4673 4674/4674
f 4675/4675 4676/4676 4677/4677
f 4675/4675 4677/4677 4678/4678
f 4679/4679 4680/4680 4681/4681
f 4679/4679 4681/4681 4682/4682
f 4683/4683 4684/4684 4685/4685
f 4683/4683 4685/4685 4686/4686
f 4687/4687 4688/4688 4689/4689
f 4687/4687 4689/4689 4690/4690
f 4691/4691 4692/4692 4693/4693
f 4691/4691 4693/4693 4694/4694
f 4695/4695 4696/4696 4697/4697
f 4695/4695 4697/4697 4698/4698
f 4699/4699 4700/4700 4701/4701
f 4699/4699 4701/4701 4702/4702
f 4703/4703 4704/4704 4705/4705
f 4703/4703 4705/4705 4706/4706
f 4707/4707 4708/4708 4709/4709
f 4707/4707 4709/4709 4710/4710
f 4711/4711 4712/4712 4713/4713
f 4711/4711 4713/4713 4714/4714
f 4715/4715 4716/4716 4717/4717
f 4715/4715 4717/4717 4718/4718
f 4719/4719 4720/4720 4721/4721
f 4719/4719 4721/4721 4722/4722
f 4723/4723 4724/4724 4725/4725
f 4723/4723 4725/4725 4726/4726
f 4727/4727 4728/4728 4729/4729
f 4727/4727 4729/4729 4730/4730
f 4731/4731 4732/4732 4733/4733
f 4731/4731 4733/4733 4734/4734
f 4735/4735 4736/4736 4737/4737
f 4735/4735 4737/4737 4738/4738
f 4739/4739 4740/4740 4741/4741
f 4739/4739 4741/4741 4742/4742
f 4743/4743 4744/4744 4745/4745
f 4743/4743 4745/4745 4746/4746
f 4747/4747 4748/4748 4749/4749
f 4747/4747 4749/4749 4750/4750
f 4751/4751 4752/4752 4753/4753
f 4751/4751 4753/4753 4754/4754
f 4755/4755 4756/4756 4757/4757
f 4755/4755 4757/4757 4758/4758
f 4759/4759 4760/4760 4761/4761
f 4759/4759 4761/4761 4762/4762
f 4763/4763 4764/4764 4765/4765
f 4763/4763 4765/4765 4766/4766
f 4767/4767 4768/4768 4769/4769
f 4767/4767 4769/4769 4770/4770
f 4771/4771 4772/4772 4773/4773
f 4771/4771 4773/4773 4774/4774
f 4775/4775 4776/4776 4777/4777
f 4775/4775 4777/4777 4778/4778
f 4779/4779 4780/4780 4781/4781
f 4779/4779 4781/4781 4782/4782
f 4783/4783 4784/4784 4785/4785
f 4783/4783 4785/4785 4786/4786
f 4787/4787 4788/4788 4789/4789
f 4787/4787 4789/4789 4790/4790
f 4791/4791 4792/4792 4793/4793
f 4791/4791 4793/4793 4794/4794
f 4795/4795 4796/4796 4797/4797
f 4795/4795 4797/4797 4798/4798
f 4799/4799 4800/4800 4801/4801
f 4799/4799 4801/4801 4802/4802
f 4803/4803 4804/4804 4805/4805
f 4803/4803 4805/4805 4806/4806
f 4807/4807 4808/4808 4809/4809
f 4807/4807 4809/4809 4810/4810
f 4811/4811 4812/4812 4813/4813
f 4811/4811 4813/4813 4814/4814
f 4815/4815 4816/4816 4817/4817
f 4815/4815 4817/4817 4818/4818
f 4819/4819 4820/4820 4821/4821
f 4819/4819 4821/4821 4822/4822
f 4823/4823 4824/4824 4825/4825
f 4823/4823 4825/4825 4826/4826
f 4827/4827 4828/4828 4829/4829
f 4827/4827 4829/4829 4830/4830
f 4831/4831 4832/4832 4833/4833
f 4831/4831 4833/4833 4834/4834
f 4835/4835 4836/4836 4837/4837
f 4835/4835 4837/4837 4838/4838
f 4839/4839 4840/4840 4841/4841
f 4839/4839 4841/4841 4842/4842
f 4843/4843 4844/4844 4845/4845
f 4843/4843 4845/4845 4846/4846
f 4847/4847 4848/4848 4849/4849
f 4847/4847 4849/4849 4850/4850
usemtl Metal
f 4851/4851 4852/4852 4853/4853
f 4851/4851 4853/4853 4854/4854
f 4855/4855 4856/4856 4857/4857
f 4855/4855 4857/4857 4858/4858
f 4859/4859 4860/4860 4861/4861
f 4859/4859 4861/4861 4862/4862
f 4863/4863 4864/4864 4865/4865
f 4863/4863 4865/4865 4866/4866
f 4867/4867 4868/4868 4869/4869
f 4867/4867 4869/4869 4870/4870
f 4871/4871 4872/4872 4873/4873
f 4871/4871 4873/4873 4874/4874
f 4875/4875 4876/4876 4877/4877
f 4875/4875 4877/4877 4878/4878
f 4879/4879 4880/4880 4881/4881
f 4879/4879 4881/4881 4882/4882
f 4883/4883 4884/4884 4885/4885
f 4883/4883 4885/4885 4886/4886
f 4887/4887 4888/4888 4889/4889
f 4887/4887 4889/4889 4890/4890
f 4891/4891 4892/4892 4893/4893
f 4891/4891 4893/4893 4894/4894
f 4895/4895 4896/4896 4897/4897
f 4895/4895 4897/4897 4898/4898
f 4899/4899 4900/4900 4901/4901
f 4899/4899 4901/4901 4902/4902
f 4903/4903 4904/4904 4905/4905
f 4903/4903 4905/4905 4906/4906
f 4907/4907 4908/4908 4909/4909
f 4907/4907 4909/4909 4910/4910
f 4911/4911 4912/4912 4913/4913
f 4911/4911 4913/4913 4914/4914
f 4915/4915 4916/4916 4917/4917
f 4915/4915 4917/4917 4918/4918
f 4919/4919 4920/4920 4921/4921
f 4919/4919 4921/4921 4922/4922
f 4923/4923 4924/4924 4925/4925
f 4923/4923 4925/4925 4926/4926
f 4927/4927 4928/4928 4929/4929
f 4927/4927 4929/4929 4930/4930
f 4931/4931 4932/4932 4933/4933
f 4931/4931 4933/4933 4934/4934
f 4935/4935 4936/4936 4937/4937
f 4935/4935 4937/4937 4938/4938
f 4939/4939 4940/4940 4941/4941
f 4939/4939 4941/4941 4942/4942
f 4943/4943 4944/4944 4945/4945
f 4943/4943 4945/4945 4946/4946
f 4947/4947 4948/4948 4949/4949
f 4947/4947 4949/4949 4950/4950
f 4951/4951 4952/4952 4953/4953
f 4951/4951 4953/4953 4954/4954
f 4955/4955 4956/4956 4957/4957
f 4955/4955 4957/4957 4958/4958
f 4959/4959 4960/4960 4961/4961
f 4959/4959 4961/4961 4962/4962
f 4963/4963 4964/4964 4965/4965
f 4963/4963 4965/4965 4966/4966
f 4967/4967 4968/4968 4969/4969
f 4967/4967 4969/4969 4970/4970
f 4971/4971 4972/4972 4973/4973
f 4971/4971 4973/4973 4974/4974
f 4975/4975 4976/4976 4977/4977
f 4975/4975 4977/4977 4978/4978
f 4979/4979 4980/4980 4981/4981
f 4979/4979 4981/4981 4982/4982
f 4983/4983 4984/4984 4985/4985
f 4983/4983 4985/4985 4986/4986
f 4987/4987 4988/4988 4989/4989
f 4987/4987 4989/4989 4990/4990
f 4991/4991 4992/4992 4993/4993
f 4991/4991 4993/4993 4994/4994
f 4995/4995 4996/4996 4997/4997
f 4995/4995 4997/4997 4998/4998
f 4999/4999 5000/5000 5001/5001
f 4999/4999 5001/5001 5002/5002
f 5003/5003 5004/5004 5005/5005
f 5003/5003 5005/5005 5006/5006
f 5007/5007 5008/5008 5009/5009
f 5007/5007 5009/5009 5010/5010
f 5011/5011 5012/5012 5013/5013
f 5011/5011 5013/5013 5014/5014
f 5015/5015 5016/5016 5017/5017
f 5015/5015 5017/5017 5018/5018
f 5019/5019 5020/5020 5021/5021
f 5019/5019 5021/5021 5022/5022
f 5023/5023 5024/5024 5025/5025
f 5023/5023 5025/5025 5026/5026
f 5027/5027 5028/5028 5029/5029
f 5027/5027 5029/5029 5030/5030
f 5031/5031 5032/5032 5033/5033
f 5031/5031 5033/5033 5034/5034
f 5035/5035 5036/5036 5037/5037
f 5035/5035 5037/5037 5038/5038
f 5039/5039 5040/5040 5041/5041
f 5039/5039 5041/5041 5042/5042
f 5043/5043 5044/5044 5045/5045
f 5043/5043 5045/5045 5046/5046
f 5047/5047 5048/5048 5049/5049
f 5047/5047 5049/5049 5050/5050
f 5051/5051 5052/5052 5053/5053
f 5051/5051 5053/5053 5054/5054
f 5055/5055 5056/5056 5057/5057
f 5055/5055 5057/5057 5058/5058
f 5059/5059 5060/5060 5061/5061
f 5059/5059 5061/5061 5062/5062
f 5063/5063 5064/5064 5065/5065
f 5063/5063 5065/5065 5066/5066
f 5067/5067 5068/5068 5069/5069
f 5067/5067 5069/5069 5070/5070
f 5071/5071 5072/5072 5073/5073
f 5071/5071 5073/5073 5074/5074
usemtl Wood
f 5075/5075 5076/5076 5077/5077
f 5075/5075 5077/5077 5078/5078
f 5079/5079 5080/5080 5081/5081
f 5079/5079 5081/5081 5082/5082
f 5083/5083 5084/5084 5085/5085
f 5083/5083 5085/5085 5086/5086
f 5087/5087 5088/5088 5089/5089
f 5087/5087 5089/5089 5090/5090
f 5091/5091 5092/5092 5093/5093
f 5091/5091 5093/5093 5094/5094
f 5095/5095 5096/5096 5097/5097
f 5095/5095 5097/5097 5098/5098
f 5099/5099 5100/5100 5101/5101
f 5099/5099 5101/5101 5102/5102
f 5103/5103 5104/5104 5105/5105
f 5103/5103 5105/5105 5106/5106
f 5107/5107 5108/5108 5109/5109
f 5107/5107 5109/5109 5110/5110
f 5111/5111 5112/5112 5113/5113
f 5111/5111 5113/5113 5114/5114
f 5115/5115 5116/5116 5117/5117
f 5115/5115 5117/5117 5118/5118
f 5119/5119 5120/5120 5121/5121
f 5119/5119 5121/5121 5122/5122
f 5123/5123 5124/5124 5125/5125
f 5123/5123 5125/5125 5126/5126
f 5127/5127 5128/5128 5129/5129
f 5127/5127 5129/5129 5130/5130
f 5131/5131 5132/5132 5133/5133
f 5131/5131 5133/5133 5134/5134
f 5135/5135 5136/5136 5137/5137
f 5135/5135 5137/5137 5138/5138
f 5139/5139 5140/5140 5141/5141
f 5139/5139 5141/5141 5142/5142
f 5143/5143 5144/5144 5145/5145
f 5143/5143 5145/5145 5146/5146
f 5147/5147 5148/5148 5149/5149
f 5147/5147 5149/5149 5150/5150
f 5151/5151 5152/5152 5153/5153
f 5151/5151 5153/5153 5154/5154
f 5155/5155 5157/5157 5156/5156
f 5155/5155 5159/5159 5158/5158
f 5155/5155 5161/5161 5160/5160
f 5155/5155 5163/5163 5162/5162
f 5155/5155 5165/5165 5164/5164
f 5155/5155 5167/5167 5166/5166
f 5155/5155 5169/5169 5168/5168
f 5155/5155 5171/5171 5170/5170
f 5172/5172 5173/5173 5174/5174
f 5172/5172 5175/5175 5176/5176
f 5172/5172 5177/5177 5178/5178
f 5172/5172 5179/5179 5180/5180
f 5172/5172 5181/5181 5182/5182
f 5172/5172 5183/5183 5184/5184
f 5172/5172 5185/5185 5186/5186
f 5172/5172 5187/5187 5188/5188
f 5189/5189 5190/5190 5191/5191
f 5189/5189 5191/5191 5192/5192
f 5193/5193 5194/5194 5195/5195
f 5193/5193 5195/5195 5196/5196
f 5197/5197 5198/5198 5199/5199
f 5197/5197 5199/5199 5200/5200
f 5201/5201 5202/5202 5203/5203
f 5201/5201 5203/5203 5204/5204
f 5205/5205 5206/5206 5207/5207
f 5205/5205 5207/5207 5208/5208
f 5209/5209 5210/5210 5211/5211
f 5209/5209 5211/5211 5212/5212
f 5213/5213 5214/5214 5215/5215
f 5213/5213 5215/5215 5216/5216
f 5217/5217 5218/5218 5219/5219
f 5217/5217 5219/5219 5220/5220
f 5221/5221 5223/5223 5222/5222
f 5221/5221 5225/5225 5224/5224
f 5221/5221 5227/5227 5226/5226
f 5221/5221 5229/5229 5228/5228
f 5221/5221 5231/5231 5230/5230
f 5221/5221 5233/5233 5232/5232
f 5221/5221 5235/5235 5234/5234
f 5221/5221 5237/5237 5236/5236
f 5238/5238 5239/5239 5240/5240
f 5238/5238 5241/5241 5242/5242
f 5238/5238 5243/5243 5244/5244
f 5238/5238 5245/5245 5246/5246
f 5238/5238 5247/5247 5248/5248
f 5238/5238 5249/5249 5250/5250
f 5238/5238 5251/5251 5252/5252
f 5238/5238 5253/5253 5254/5254
f 5255/5255 5256/5256 5257/5257
f 5255/5255 5257/5257 5258/5258
f 5259/5259 5260/5260 5261/5261
f 5259/5259 5261/5261 5262/5262
f 5263/5263 5264/5264 5265/5265
f 5263/5263 5265/5265 5266/5266
f 5267/5267 5268/5268 5269/5269
f 5267/5267 5269/5269 5270/5270
f 5271/5271 5272/5272 5273/5273
f 5271/5271 5273/5273 5274/5274
f 5275/5275 5276/5276 5277/5277
f 5275/5275 5277/5277 5278/5278
f 5279/5279 5280/5280 5281/5281
f 5279/5279 5281/5281 5282/5282
f 5283/5283 5284/5284 5285/5285
f 5283/5283 5285/5285 5286/5286
f 5287/5287 5289/5289 5288/5288
f 5287/5287 5291/5291 5290/5290
f 5287/5287 5293/5293 5292/5292
f 5287/5287 5295/5295 5294/5294
f 5287/5287 5297/5297 5296/5296
f 5287/5287 5299/5299 5298/5298
f 5287/5287 5301/5301 5300/5300
f 5287/5287 5303/5303 5302/5302
f 5304/5304 5305/5305 5306/5306
f 5304/5304 5307/5307 5308/5308
f 5304/5304 5309/5309 5310/5310
f 5304/5304 5311/5311 5312/5312
f 5304/5304 5313/5313 5314/5314
f 5304/5304 5315/5315 5316/5316
f 5304/5304 5317/5317 5318/5318
f 5304/5304 5319/5319 5320/5320
f 5321/5321 5322/5322 5323/5323
f 5321/5321 5323/5323 5324/5324
f 5325/5325 5326/5326 5327/5327
f 5325/5325 5327/5327 5328/5328
f 5329/5329 5330/5330 5331/5331
f 5329/5329 5331/5331 5332/5332
f 5333/5333 5334/5334 5335/5335
f 5333/5333 5335/5335 5336/5336
f 5337/5337 5338/5338 5339/5339
f 5337/5337 5339/5339 5340/5340
f 5341/5341 5342/5342 5343/5343
f 5341/5341 5343/5343 5344/5344
f 5345/5345 5346/5346 5347/5347
f 5345/5345 5347/5347 5348/5348
f 5349/5349 5350/5350 5351/5351
f 5349/5349 5351/5351 5352/5352
f 5353/5353 5355/5355 5354/5354
f 5353/5353 5357/5357 5356/5356
f 5353/5353 5359/5359 5358/5358
f 5353/5353 5361/5361 5360/5360
f 5353/5353 5363/5363 5362/5362
f 5353/5353 5365/5365 5364/5364
f 5353/5353 5367/5367 5366/5366
f 5353/5353 5369/5369 5368/5368
f 5370/5370 5371/5371 5372/5372
f 5370/5370 5373/5373 5374/5374
f 5370/5370 5375/5375 5376/5376
f 5370/5370 5377/5377 5378/5378
f 5370/5370 5379/5379 5380/5380
f 5370/5370 5381/5381 5382/5382
f 5370/5370 5383/5383 5384/5384
f 5370/5370 5385/5385 5386/5386
f 5387/5387 5388/5388 5389/5389
f 5387/5387 5389/5389 5390/5390
f 5391/5391 5392/5392 5393/5393
f 5391/5391 5393/5393 5394/5394
f 5395/5395 5396/5396 5397/5397
f 5395/5395 5397/5397 5398/5398
f 5399/5399 5400/5400 5401/5401
f 5399/5399 5401/5401 5402/5402
f 5403/5403 5404/5404 5405/5405
f 5403/5403 5405/5405 5406/5406
f 5407/5407 5408/5408 5409/5409
f 5407/5407 5409/5409 5410/5410
f 5411/5411 5412/5412 5413/5413
f 5411/5411 5413/5413 5414/5414
f 5415/5415 5416/5416 5417/5417
f 5415/5415 5417/5417 5418/5418
f 5419/5419 5421/5421 5420/5420
f 5419/5419 5423/5423 5422/5422
f 5419/5419 5425/5425 5424/5424
f 5419/5419 5427/5427 5426/5426
f 5419/5419 5429/5429 5428/5428
f 5419/5419 5431/5431 5430/5430
f 5419/5419 5433/5433 5432/5432
f 5419/5419 5435/5435 5434/5434
f 5436/5436 5437/5437 5438/5438
f 5436/5436 5439/5439 5440/5440
f 5436/5436 5441/5441 5442/5442
f 5436/5436 5443/5443 5444/5444
f 5436/5436 5445/5445 5446/5446
f 5436/5436 5447/5447 5448/5448
f 5436/5436 5449/5449 5450/5450
f 5436/5436 5451/5451 5452/5452
f 5453/5453 5454/5454 5455/5455
f 5453/5453 5455/5455 5456/5456
f 5457/5457 5458/5458 5459/5459
f 5457/5457 5459/5459 5460/5460
f 5461/5461 5462/5462 5463/5463
f 5461/5461 5463/5463 5464/5464
f 5465/5465 5466/5466 5467/5467
f 5465/5465 5467/5467 5468/5468
f 5469/5469 5470/5470 5471/5471
f 5469/5469 5471/5471 5472/5472
f 5473/5473 5474/5474 5475/5475
f 5473/5473 5475/5475 5476/5476
f 5477/5477 5478/5478 5479/5479
f 5477/5477 5479/5479 5480/5480
f 5481/5481 5482/5482 5483/5483
f 5481/5481 5483/5483 5484/5484
f 5485/5485 5487/5487 5486/5486
f 5485/5485 5489/5489 5488/5488
f 5485/5485 5491/5491 5490/5490
f 5485/5485 5493/5493 5492/5492
f 5485/5485 5495/5495 5494/5494
f 5485/5485 5497/5497 5496/5496
f 5485/5485 5499/5499 5498/5498
f 5485/5485 5501/5501 5500/5500
f 5502/5502 5503/5503 5504/5504
f 5502/5502 5505/5505 5506/5506
f 5502/5502 5507/5507 5508/5508
f 5502/5502 5509/5509 5510/5510
f 5502/5502 5511/5511 5512/5512
f 5502/5502 5513/5513 5514/5514
f 5502/5502 5515/5515 5516/5516
f 5502/5502 5517/5517 5518/5518
f 5519/5519 5520/5520 5521/5521
f 5519/5519 5521/5521 5522/5522
f 5523/5523 5524/5524 5525/5525
f 5523/5523 5525/5525 5526/5526
f 5527/5527 5528/5528 5529/5529
f 5527/5527 5529/5529 5530/5530
f 5531/5531 5532/5532 5533/5533
f 5531/5531 5533/5533 5534/5534
f 5535/5535 5536/5536 5537/5537
f 5535/5535 5537/5537 5538/5538
f 5539/5539 5540/5540 5541/5541
f 5539/5539 5541/5541 5542/5542
f 5543/5543 5544/5544 5545/5545
f 5543/5543 5545/5545 5546/5546
f 5547/5547 5548/5548 5549/5549
f 5547/5547 5549/5549 5550/5550
f 5551/5551 5553/5553 5552/5552
f 5551/5551 5555/5555 5554/5554
f 5551/5551 5557/5557 5556/5556
f 5551/5551 5559/5559 5558/5558
f 5551/5551 5561/5561 5560/5560
f 5551/5551 5563/5563 5562/5562
f 5551/5551 5565/5565 5564/5564
f 5551/5551 5567/5567 5566/5566
f 5568/5568 5569/5569 5570/5570
f 5568/5568 5571/5571 5572/5572
f 5568/5568 5573/5573 5574/5574
f 5568/5568 5575/5575 5576/5576
f 5568/5568 5577/5577 5578/5578
f 5568/5568 5579/5579 5580/5580
f 5568/5568 5581/5581 5582/5582
f 5568/5568 5583/5583 5584/5584
f 5585/5585 5586/5586 5587/5587
f 5585/5585 5587/5587 5588/5588
f 5589/5589 5590/5590 5591/5591
f 5589/5589 5591/5591 5592/5592
f 5593/5593 5594/5594 5595/5595
f 5593/5593 5595/5595 5596/5596
f 5597/5597 5598/5598 5599/5599
f 5597/5597 5599/5599 5600/5600
f 5601/5601 5602/5602 5603/5603
f 5601/5601 5603/5603 5604/5604
f 5605/5605 5606/5606 5607/5607
f 5605/5605 5607/5607 5608/5608
f 5609/5609 5610/5610 5611/5611
f 5609/5609 5611/5611 5612/5612
f 5613/5613 5614/5614 5615/5615
f 5613/5613 5615/5615 5616/5616
f 5617/5617 5619/5619 5618/5618
f 5617/5617 5621/5621 5620/5620
f 5617/5617 5623/5623 5622/5622
f 5617/5617 5625/5625 5624/5624
f 5617/5617 5627/5627 5626/5626
f 5617/5617 5629/5629 5628/5628
f 5617/5617 5631/5631 5630/5630
f 5617/5617 5633/5633 5632/5632
f 5634/5634 5635/5635 5636/5636
f 5634/5634 5637/5637 5638/5638
f 5634/5634 5639/5639 5640/5640
f 5634/5634 5641/5641 5642/5642
f 5634/5634 5643/5643 5644/5644
f 5634/5634 5645/5645 5646/5646
f 5634/5634 5647/5647 5648/5648
f 5634/5634 5649/5649 5650/5650
f 5651/5651 5652/5652 5653/5653
f 5651/5651 5653/5653 5654/5654
f 5655/5655 5656/5656 5657/5657
f 5655/5655 5657/5657 5658/5658
f 5659/5659 5660/5660 5661/5661
f 5659/5659 5661/5661 5662/5662
f 5663/5663 5664/5664 5665/5665
f 5663/5663 5665/5665 5666/5666
f 5667/5667 5668/5668 5669/5669
f 5667/5667 5669/5669 5670/5670
f 5671/5671 5672/5672 5673/5673
f 5671/5671 5673/5673 5674/5674
f 5675/5675 5676/5676 5677/5677
f 5675/5675 5677/5677 5678/5678
f 5679/5679 5680/5680 5681/5681
f 5679/5679 5681/5681 5682/5682
f 5683/5683 5685/5685 5684/5684
f 5683/5683 5687/5687 5686/5686
f 5683/5683 5689/5689 5688/5688
f 5683/5683 5691/5691 5690/5690
f 5683/5683 5693/5693 5692/5692
f 5683/5683 5695/5695 5694/5694
f 5683/5683 5697/5697 5696/5696
f 5683/5683 5699/5699 5698/5698
f 5700/5700 5701/5701 5702/5702
f 5700/5700 5703/5703 5704/5704
f 5700/5700 5705/5705 5706/5706
f 5700/5700 5707/5707 5708/5708
f 5700/5700 5709/5709 5710/5710
f 5700/5700 5711/5711 5712/5712
f 5700/5700 5713/5713 5714/5714
f 5700/5700 5715/5715 5716/5716
f 5717/5717 5718/5718 5719/5719
f 5717/5717 5719/5719 5720/5720
f 5721/5721 5722/5722 5723/5723
f 5721/5721 5723/5723 5724/5724
f 5725/5725 5726/5726 5727/5727
f 5725/5725 5727/5727 5728/5728
f 5729/5729 5730/5730 5731/5731
f 5729/5729 5731/5731 5732/5732
f 5733/5733 5734/5734 5735/5735
f 5733/5733 5735/5735 5736/5736
f 5737/5737 5738/5738 5739/5739
f 5737/5737 5739/5739 5740/5740
f 5741/5741 5742/5742 5743/5743
f 5741/5741 5743/5743 5744/5744
f 5745/5745 5746/5746 5747/5747
f 5745/5745 5747/5747 5748/5748
f 5749/5749 5751/5751 5750/5750
f 5749/5749 5753/5753 5752/5752
f 5749/5749 5755/5755 5754/5754
f 5749/5749 5757/5757 5756/5756
f 5749/5749 5759/5759 5758/5758
f 5749/5749 5761/5761 5760/5760
f 5749/5749 5763/5763 5762/5762
f 5749/5749 5765/5765 5764/5764
f 5766/5766 5767/5767 5768/5768
f 5766/5766 5769/5769 5770/5770
f 5766/5766 5771/5771 5772/5772
f 5766/5766 5773/5773 5774/5774
f 5766/5766 5775/5775 5776/5776
f 5766/5766 5777/5777 5778/5778
f 5766/5766 5779/5779 5780/5780
f 5766/5766 5781/5781 5782/5782
f 5783/5783 5784/5784 5785/5785
f 5783/5783 5785/5785 5786/5786
f 5787/5787 5788/5788 5789/5789
f 5787/5787 5789/5789 5790/5790
f 5791/5791 5792/5792 5793/5793
f 5791/5791 5793/5793 5794/5794
f 5795/5795 5796/5796 5797/5797
f 5795/5795 5797/5797 5798/5798
f 5799/5799 5800/5800 5801/5801
f 5799/5799 5801/5801 5802/5802
f 5803/5803 5804/5804 5805/5805
f 5803/5803 5805/5805 5806/5806
f 5807/5807 5808/5808 5809/5809
f 5807/5807 5809/5809 5810/5810
f 5811/5811 5812/5812 5813/5813
f 5811/5811 5813/5813 5814/5814
f 5815/5815 5817/5817 5816/5816
f 5815/5815 5819/5819 5818/5818
f 5815/5815 5821/5821 5820/5820
f 5815/5815 5823/5823 5822/5822
f 5815/5815 5825/5825 5824/5824
f 5815/5815 5827/5827 5826/5826
f 5815/5815 5829/5829 5828/5828
f 5815/5815 5831/5831 5830/5830
f 5832/5832 5833/5833 5834/5834
f 5832/5832 5835/5835 5836/5836
f 5832/5832 5837/5837 5838/5838
f 5832/5832 5839/5839 5840/5840
f 5832/5832 5841/5841 5842/5842
f 5832/5832 5843/5843 5844/5844
f 5832/5832 5845/5845 5846/5846
f 5832/5832 5847/5847 5848/5848
f 5849/5849 5850/5850 5851/5851
f 5849/5849 5851/5851 5852/5852
f 5853/5853 5854/5854 5855/5855
f 5853/5853 5855/5855 5856/5856
f 5857/5857 5858/5858 5859/5859
f 5857/5857 5859/5859 5860/5860
f 5861/5861 5862/5862 5863/5863
f 5861/5861 5863/5863 5864/5864
f 5865/5865 5866/5866 5867/5867
f 5865/5865 5867/5867 5868/5868
f 5869/5869 5870/5870 5871/5871
f 5869/5869 5871/5871 5872/5872
f 5873/5873 5874/5874 5875/5875
f 5873/5873 5875/5875 5876/5876
f 5877/5877 5878/5878 5879/5879
f 5877/5877 5879/5879 5880/5880
f 5881/5881 5883/5883 5882/5882
f 5881/5881 5885/5885 5884/5884
f 5881/5881 5887/5887 5886/5886
f 5881/5881 5889/5889 5888/5888
f 5881/5881 5891/5891 5890/5890
f 5881/5881 5893/5893 5892/5892
f 5881/5881 5895/5895 5894/5894
f 5881/5881 5897/5897 5896/5896
f 5898/5898 5899/5899 5900/5900
f 5898/5898 5901/5901 5902/5902
f 5898/5898 5903/5903 5904/5904
f 5898/5898 5905/5905 5906/5906
f 5898/5898 5907/5907 5908/5908
f 5898/5898 5909/5909 5910/5910
f 5898/5898 5911/5911 5912/5912
f 5898/5898 5913/5913 5914/5914
usemtl Cloth
f 5915/5915 5916/5916 5917/5917
f 5915/5915 5917/5917 5918/5918
f 5919/5919 5920/5920 5921/5921
f 5919/5919 5921/5921 5922/5922
usemtl Rope
f 5923/5923 5924/5924 5925/5925
f 5923/5923 5925/5925 5926/5926
f 5927/5927 5928/5928 5929/5929
f 5927/5927 5929/5929 5930/5930
f 5931/5931 5932/5932 5933/5933
f 5931/5931 5933/5933 5934/5934
f 5935/5935 5936/5936 5937/5937
f 5935/5935 5937/5937 5938/5938
f 5939/5939 5940/5940 5941/5941
f 5939/5939 5941/5941 5942/5942
f 5943/5943 5945/5945 5944/5944
f 5943/5943 5947/5947 5946/5946
f 5943/5943 5949/5949 5948/5948
f 5943/5943 5951/5951 5950/5950
f 5943/5943 5953/5953 5952/5952
f 5954/5954 5955/5955 5956/5956
f 5954/5954 5957/5957 5958/5958
f 5954/5954 5959/5959 5960/5960
f 5954/5954 5961/5961 5962/5962
f 5954/5954 5963/5963 5964/5964
f 5965/5965 5966/5966 5967/5967
f 5965/5965 5967/5967 5968/5968
f 5969/5969 5970/5970 5971/5971
f 5969/5969 5971/5971 5972/5972
f 5973/5973 5974/5974 5975/5975
f 5973/5973 5975/5975 5976/5976
f 5977/5977 5978/5978 5979/5979
f 5977/5977 5979/5979 5980/5980
f 5981/5981 5982/5982 5983/5983
f 5981/5981 5983/5983 5984/5984
f 5985/5985 5986/5986 5987/5987
f 5985/5985 5987/5987 5988/5988
f 5989/5989 5991/5991 5990/5990
f 5989/5989 5993/5993 5992/5992
f 5989/5989 5995/5995 5994/5994
f 5989/5989 5997/5997 5996/5996
f 5989/5989 5999/5999 5998/5998
f 5989/5989 6001/6001 6000/6000
f 6002/6002 6003/6003 6004/6004
f 6002/6002 6005/6005 6006/6006
f 6002/6002 6007/6007 6008/6008
f 6002/6002 6009/6009 6010/6010
f 6002/6002 6011/6011 6012/6012
f 6002/6002 6013/6013 6014/6014
f 6015/6015 6016/6016 6017/6017
f 6015/6015 6017/6017 6018/6018
f 6019/6019 6020/6020 6021/6021
f 6019/6019 6021/6021 6022/6022
f 6023/6023 6024/6024 6025/6025
f 6023/6023 6025/6025 6026/6026
f 6027/6027 6028/6028 6029/6029
f 6027/6027 6029/6029 6030/6030
f 6031/6031 6032/6032 6033/6033
f 6031/6031 6033/6033 6034/6034
f 6035/6035 6036/6036 6037/6037
f 6035/6035 6037/6037 6038/6038
f 6039/6039 6040/6040 6041/6041
f 6039/6039 6041/6041 6042/6042
f 6043/6043 6044/6044 6045/6045
f 6043/6043 6045/6045 6046/6046
f 6047/6047 6048/6048 6049/6049
f 6047/6047 6049/6049 6050/6050
f 6051/6051 6052/6052 6053/6053
f 6051/6051 6053/6053 6054/6054
f 6055/6055 6056/6056 6057/6057
f 6055/6055 6057/6057 6058/6058
f 6059/6059 6060/6060 6061/6061
f 6059/6059 6061/6061 6062/6062
f 6063/6063 6064/6064 6065/6065
f 6063/6063 6065/6065 6066/6066
f 6067/6067 6068/6068 6069/6069
f 6067/6067 6069/6069 6070/6070
f 6071/6071 6072/6072 6073/6073
f 6071/6071 6073/6073 6074/6074
f 6075/6075 6076/6076 6077/6077
f 6075/6075 6077/6077 6078/6078
f 6079/6079 6080/6080 6081/6081
f 6079/6079 6081/6081 6082/6082
f 6083/6083 6084/6084 6085/6085
f 6083/6083 6085/6085 6086/6086
f 6087/6087 6088/6088 6089/6089
f 6087/6087 6089/6089 6090/6090
f 6091/6091 6092/6092 6093/6093
f 6091/6091 6093/6093 6094/6094
f 6095/6095 6096/6096 6097/6097
f 6095/6095 6097/6097 6098/6098
f 6099/6099 6100/6100 6101/6101
f 6099/6099 6101/6101 6102/6102
f 6103/6103 6104/6104 6105/6105
f 6103/6103 6105/6105 6106/6106
f 6107/6107 6108/6108 6109/6109
f 6107/6107 6109/6109 6110/6110
f 6111/6111 6112/6112 6113/6113
f 6111/6111 6113/6113 6114/6114
f 6115/6115 6116/6116 6117/6117
f 6115/6115 6117/6117 6118/6118
f 6119/6119 6120/6120 6121/6121
f 6119/6119 6121/6121 6122/6122
f 6123/6123 6124/6124 6125/6125
f 6123/6123 6125/6125 6126/6126
f 6127/6127 6128/6128 6129/6129
f 6127/6127 6129/6129 6130/6130
f 6131/6131 6132/6132 6133/6133
f 6131/6131 6133/6133 6134/6134
f 6135/6135 6136/6136 6137/6137
f 6135/6135 6137/6137 6138/6138
f 6139/6139 6140/6140 6141/6141
f 6139/6139 6141/6141 6142/6142
f 6143/6143 6144/6144 6145/6145
f 6143/6143 6145/6145 6146/6146
f 6147/6147 6148/6148 6149/6149
f 6147/6147 6149/6149 6150/6150
f 6151/6151 6152/6152 6153/6153
f 6151/6151 6153/6153 6154/6154
f 6155/6155 6156/6156 6157/6157
f 6155/6155 6157/6157 6158/6158
f 6159/6159 6160/6160 6161/6161
f 6159/6159 6161/6161 6162/6162
f 6163/6163 6164/6164 6165/6165
f 6163/6163 6165/6165 6166/6166
f 6167/6167 6168/6168 6169/6169
f 6167/6167 6169/6169 6170/6170
f 6171/6171 6172/6172 6173/6173
f 6171/6171 6173/6173 6174/6174
f 6175/6175 6176/6176 6177/6177
f 6175/6175 6177/6177 6178/6178
f 6179/6179 6180/6180 6181/6181
f 6179/6179 6181/6181 6182/6182
f 6183/6183 6184/6184 6185/6185
f 6183/6183 6185/6185 6186/6186
f 6187/6187 6188/6188 6189/6189
f 6187/6187 6189/6189 6190/6190
f 6191/6191 6192/6192 6193/6193
f 6191/6191 6193/6193 6194/6194
f 6195/6195 6196/6196 6197/6197
f 6195/6195 6197/6197 6198/6198
f 6199/6199 6200/6200 6201/6201
f 6199/6199 6201/6201 6202/6202
f 6203/6203 6204/6204 6205/6205
f 6203/6203 6205/6205 6206/6206
f 6207/6207 6208/6208 6209/6209
f 6207/6207 6209/6209 6210/6210
f 6211/6211 6212/6212 6213/6213
f 6211/6211 6213/6213 6214/6214
f 6215/6215 6216/6216 6217/6217
f 6215/6215 6217/6217 6218/6218
f 6219/6219 6220/6220 6221/6221
f 6219/6219 6221/6221 6222/6222
f 6223/6223 6224/6224 6225/6225
f 6223/6223 6225/6225 6226/6226
f 6227/6227 6228/6228 6229/6229
f 6227/6227 6229/6229 6230/6230
f 6231/6231 6232/6232 6233/6233
f 6231/6231 6233/6233 6234/6234
f 6235/6235 6236/6236 6237/6237
f 6235/6235 6237/6237 6238/6238
f 6239/6239 6240/6240 6241/6241
f 6239/6239 6241/6241 6242/6242
f 6243/6243 6244/6244 6245/6245
f 6243/6243 6245/6245 6246/6246
f 6247/6247 6248/6248 6249/6249
f 6247/6247 6249/6249 6250/6250
f 6251/6251 6252/6252 6253/6253
f 6251/6251 6253/6253 6254/6254
f 6255/6255 6256/6256 6257/6257
f 6255/6255 6257/6257 6258/6258
f 6259/6259 6260/6260 6261/6261
f 6259/6259 6261/6261 6262/6262
f 6263/6263 6264/6264 6265/6265
f 6263/6263 6265/6265 6266/6266
f 6267/6267 6268/6268 6269/6269
f 6267/6267 6269/6269 6270/6270
f 6271/6271 6272/6272 6273/6273
f 6271/6271 6273/6273 6274/6274
f 6275/6275 6276/6276 6277/6277
f 6275/6275 6277/6277 6278/6278
f 6279/6279 6280/6280 6281/6281
f 6279/6279 6281/6281 6282/6282
f 6283/6283 6284/6284 6285/6285
f 6283/6283 6285/6285 6286/6286
f 6287/6287 6288/6288 6289/6289
f 6287/6287 6289/6289 6290/6290
f 6291/6291 6292/6292 6293/6293
f 6291/6291 6293/6293 6294/6294
f 6295/6295 6296/6296 6297/6297
f 6295/6295 6297/6297 6298/6298
f 6299/6299 6300/6300 6301/6301
f 6299/6299 6301/6301 6302/6302
f 6303/6303 6304/6304 6305/6305
f 6303/6303 6305/6305 6306/6306
f 6307/6307 6308/6308 6309/6309
f 6307/6307 6309/6309 6310/6310
f 6311/6311 6312/6312 6313/6313
f 6311/6311 6313/6313 6314/6314
f 6315/6315 6316/6316 6317/6317
f 6315/6315 6317/6317 6318/6318
f 6319/6319 6320/6320 6321/6321
f 6319/6319 6321/6321 6322/6322
f 6323/6323 6324/6324 6325/6325
f 6323/6323 6325/6325 6326/6326
f 6327/6327 6328/6328 6329/6329
f 6327/6327 6329/6329 6330/6330
f 6331/6331 6332/6332 6333/6333
f 6331/6331 6333/6333 6334/6334
usemtl Mud
f 6335/6335 6336/6336 6337/6337
f 6335/6335 6337/6337 6338/6338
f 6339/6339 6340/6340 6341/6341
f 6339/6339 6341/6341 6342/6342
f 6343/6343 6344/6344 6345/6345
f 6343/6343 6345/6345 6346/6346
f 6347/6347 6348/6348 6349/6349
f 6347/6347 6349/6349 6350/6350
f 6351/6351 6352/6352 6353/6353
f 6351/6351 6353/6353 6354/6354
f 6355/6355 6356/6356 6357/6357
f 6355/6355 6357/6357 6358/6358
