mtllib ../../Materials/project_oen.mtl
o en-008_palm_frond_ground_clutter__small
v -0.651752 0.014840 -0.243013
v -0.646762 0.010324 -0.243654
v -0.580640 -0.003731 0.369946
v -0.585629 0.000785 0.370587
v -0.646762 0.010324 -0.243654
v -0.648168 0.003711 -0.243654
v -0.582045 -0.010343 0.369946
v -0.580640 -0.003731 0.369946
v -0.648168 0.003711 -0.243654
v -0.654563 0.001615 -0.243013
v -0.588440 -0.012440 0.370587
v -0.582045 -0.010343 0.369946
v -0.654563 0.001615 -0.243013
v -0.659552 0.006131 -0.242372
v -0.593429 -0.007924 0.371228
v -0.588440 -0.012440 0.370587
v -0.659552 0.006131 -0.242372
v -0.658146 0.012743 -0.242372
v -0.592024 -0.001311 0.371228
v -0.593429 -0.007924 0.371228
v -0.658146 0.012743 -0.242372
v -0.651752 0.014840 -0.243013
v -0.585629 0.000785 0.370587
v -0.592024 -0.001311 0.371228
v -0.653157 0.008227 -0.243013
v -0.646762 0.010324 -0.243654
v -0.651752 0.014840 -0.243013
v -0.587034 -0.005827 0.370587
v -0.585629 0.000785 0.370587
v -0.580640 -0.003731 0.369946
v -0.653157 0.008227 -0.243013
v -0.648168 0.003711 -0.243654
v -0.646762 0.010324 -0.243654
v -0.587034 -0.005827 0.370587
v -0.580640 -0.003731 0.369946
v -0.582045 -0.010343 0.369946
v -0.653157 0.008227 -0.243013
v -0.654563 0.001615 -0.243013
v -0.648168 0.003711 -0.243654
v -0.587034 -0.005827 0.370587
v -0.582045 -0.010343 0.369946
v -0.588440 -0.012440 0.370587
v -0.653157 0.008227 -0.243013
v -0.659552 0.006131 -0.242372
v -0.654563 0.001615 -0.243013
v -0.587034 -0.005827 0.370587
v -0.588440 -0.012440 0.370587
v -0.593429 -0.007924 0.371228
v -0.653157 0.008227 -0.243013
v -0.658146 0.012743 -0.242372
v -0.659552 0.006131 -0.242372
v -0.587034 -0.005827 0.370587
v -0.593429 -0.007924 0.371228
v -0.592024 -0.001311 0.371228
v -0.653157 0.008227 -0.243013
v -0.651752 0.014840 -0.243013
v -0.658146 0.012743 -0.242372
v -0.587034 -0.005827 0.370587
v -0.592024 -0.001311 0.371228
v -0.585629 0.000785 0.370587
v -0.405742 0.025343 0.018225
v -0.460836 0.047191 -0.017938
v -0.469449 -0.040474 -0.087802
v -0.411806 0.047191 -0.047398
v -0.452945 -0.019520 -0.094162
v -0.445520 -0.016554 -0.096108
v -0.426821 0.014565 0.022638
v -0.434246 0.011599 0.024585
v -0.445520 -0.016554 -0.096108
v -0.440064 -0.022669 -0.095365
v -0.421365 0.008450 0.023382
v -0.426821 0.014565 0.022638
v -0.440064 -0.022669 -0.095365
v -0.444117 -0.029415 -0.092959
v -0.425418 0.001704 0.025788
v -0.421365 0.008450 0.023382
v -0.444117 -0.029415 -0.092959
v -0.452078 -0.027468 -0.092215
v -0.433379 0.003651 0.026531
v -0.425418 0.001704 0.025788
v -0.452078 -0.027468 -0.092215
v -0.452945 -0.019520 -0.094162
v -0.434246 0.011599 0.024585
v -0.433379 0.003651 0.026531
v -0.446944 -0.023125 -0.094162
v -0.445520 -0.016554 -0.096108
v -0.452945 -0.019520 -0.094162
v -0.428246 0.007994 0.024585
v -0.434246 0.011599 0.024585
v -0.426821 0.014565 0.022638
v -0.446944 -0.023125 -0.094162
v -0.440064 -0.022669 -0.095365
v -0.445520 -0.016554 -0.096108
v -0.428246 0.007994 0.024585
v -0.426821 0.014565 0.022638
v -0.421365 0.008450 0.023382
v -0.446944 -0.023125 -0.094162
v -0.444117 -0.029415 -0.092959
v -0.440064 -0.022669 -0.095365
v -0.428246 0.007994 0.024585
v -0.421365 0.008450 0.023382
v -0.425418 0.001704 0.025788
v -0.446944 -0.023125 -0.094162
v -0.452078 -0.027468 -0.092215
v -0.444117 -0.029415 -0.092959
v -0.428246 0.007994 0.024585
v -0.425418 0.001704 0.025788
v -0.433379 0.003651 0.026531
v -0.446944 -0.023125 -0.094162
v -0.452945 -0.019520 -0.094162
v -0.452078 -0.027468 -0.092215
v -0.428246 0.007994 0.024585
v -0.433379 0.003651 0.026531
v -0.434246 0.011599 0.024585
v -0.405742 0.025343 0.018225
v -0.384591 0.047191 0.080641
v -0.420816 -0.040474 0.140997
v -0.441364 0.047191 0.073670
v -0.408543 0.011304 0.020238
v -0.412568 0.004396 0.018291
v -0.408144 -0.031638 0.137038
v -0.404119 -0.024730 0.138985
v -0.412568 0.004396 0.018291
v -0.420632 0.005856 0.019035
v -0.416208 -0.030178 0.137782
v -0.408144 -0.031638 0.137038
v -0.420632 0.005856 0.019035
v -0.421592 0.013666 0.021441
v -0.417167 -0.022367 0.140187
v -0.416208 -0.030178 0.137782
v -0.421592 0.013666 0.021441
v -0.414120 0.017034 0.022184
v -0.409696 -0.019000 0.140931
v -0.417167 -0.022367 0.140187
v -0.414120 0.017034 0.022184
v -0.408543 0.011304 0.020238
v -0.404119 -0.024730 0.138985
v -0.409696 -0.019000 0.140931
v -0.415491 0.010451 0.020238
v -0.412568 0.004396 0.018291
v -0.408543 0.011304 0.020238
v -0.411067 -0.025583 0.138985
v -0.404119 -0.024730 0.138985
v -0.408144 -0.031638 0.137038
v -0.415491 0.010451 0.020238
v -0.420632 0.005856 0.019035
v -0.412568 0.004396 0.018291
v -0.411067 -0.025583 0.138985
v -0.408144 -0.031638 0.137038
v -0.416208 -0.030178 0.137782
v -0.415491 0.010451 0.020238
v -0.421592 0.013666 0.021441
v -0.420632 0.005856 0.019035
v -0.411067 -0.025583 0.138985
v -0.416208 -0.030178 0.137782
v -0.417167 -0.022367 0.140187
v -0.415491 0.010451 0.020238
v -0.414120 0.017034 0.022184
v -0.421592 0.013666 0.021441
v -0.411067 -0.025583 0.138985
v -0.417167 -0.022367 0.140187
v -0.409696 -0.019000 0.140931
v -0.415491 0.010451 0.020238
v -0.408543 0.011304 0.020238
v -0.414120 0.017034 0.022184
v -0.411067 -0.025583 0.138985
v -0.409696 -0.019000 0.140931
v -0.404119 -0.024730 0.138985
v -0.491483 0.015686 0.036450
v -0.545838 0.030426 -0.015317
v -0.550290 -0.064938 -0.095632
v -0.493583 0.030426 -0.038582
v -0.537555 -0.044854 -0.098990
v -0.530592 -0.041107 -0.101267
v -0.510044 0.005044 0.037531
v -0.517008 0.001297 0.039808
v -0.530592 -0.041107 -0.101267
v -0.524414 -0.046473 -0.100397
v -0.503867 -0.000322 0.038401
v -0.510044 0.005044 0.037531
v -0.524414 -0.046473 -0.100397
v -0.527560 -0.053537 -0.097583
v -0.507012 -0.007386 0.041215
v -0.503867 -0.000322 0.038401
v -0.527560 -0.053537 -0.097583
v -0.535681 -0.052537 -0.096713
v -0.515133 -0.006386 0.042085
v -0.507012 -0.007386 0.041215
v -0.535681 -0.052537 -0.096713
v -0.537555 -0.044854 -0.098990
v -0.517008 0.001297 0.039808
v -0.515133 -0.006386 0.042085
v -0.531160 -0.047701 -0.098990
v -0.530592 -0.041107 -0.101267
v -0.537555 -0.044854 -0.098990
v -0.510613 -0.001551 0.039808
v -0.517008 0.001297 0.039808
v -0.510044 0.005044 0.037531
v -0.531160 -0.047701 -0.098990
v -0.524414 -0.046473 -0.100397
v -0.530592 -0.041107 -0.101267
v -0.510613 -0.001551 0.039808
v -0.510044 0.005044 0.037531
v -0.503867 -0.000322 0.038401
v -0.531160 -0.047701 -0.098990
v -0.527560 -0.053537 -0.097583
v -0.524414 -0.046473 -0.100397
v -0.510613 -0.001551 0.039808
v -0.503867 -0.000322 0.038401
v -0.507012 -0.007386 0.041215
v -0.531160 -0.047701 -0.098990
v -0.535681 -0.052537 -0.096713
v -0.527560 -0.053537 -0.097583
v -0.510613 -0.001551 0.039808
v -0.507012 -0.007386 0.041215
v -0.515133 -0.006386 0.042085
v -0.531160 -0.047701 -0.098990
v -0.537555 -0.044854 -0.098990
v -0.535681 -0.052537 -0.096713
v -0.510613 -0.001551 0.039808
v -0.515133 -0.006386 0.042085
v -0.517008 0.001297 0.039808
v -0.491483 0.015686 0.036450
v -0.462883 0.030426 0.105849
v -0.491483 -0.064938 0.181032
v -0.520083 0.030426 0.105849
v -0.484483 0.000633 0.039342
v -0.489320 -0.005623 0.037065
v -0.489320 -0.056141 0.175863
v -0.484483 -0.049885 0.178140
v -0.489320 -0.005623 0.037065
v -0.497146 -0.003233 0.037934
v -0.497146 -0.053752 0.176733
v -0.489320 -0.056141 0.175863
v -0.497146 -0.003233 0.037934
v -0.497146 0.004500 0.040749
v -0.497146 -0.046019 0.179547
v -0.497146 -0.053752 0.176733
v -0.497146 0.004500 0.040749
v -0.489320 0.006889 0.041618
v -0.489320 -0.043629 0.180417
v -0.497146 -0.046019 0.179547
v -0.489320 0.006889 0.041618
v -0.484483 0.000633 0.039342
v -0.484483 -0.049885 0.178140
v -0.489320 -0.043629 0.180417
v -0.491483 0.000633 0.039342
v -0.489320 -0.005623 0.037065
v -0.484483 0.000633 0.039342
v -0.491483 -0.049885 0.178140
v -0.484483 -0.049885 0.178140
v -0.489320 -0.056141 0.175863
v -0.491483 0.000633 0.039342
v -0.497146 -0.003233 0.037934
v -0.489320 -0.005623 0.037065
v -0.491483 -0.049885 0.178140
v -0.489320 -0.056141 0.175863
v -0.497146 -0.053752 0.176733
v -0.491483 0.000633 0.039342
v -0.497146 0.004500 0.040749
v -0.497146 -0.003233 0.037934
v -0.491483 -0.049885 0.178140
v -0.497146 -0.053752 0.176733
v -0.497146 -0.046019 0.179547
v -0.491483 0.000633 0.039342
v -0.489320 0.006889 0.041618
v -0.497146 0.004500 0.040749
v -0.491483 -0.049885 0.178140
v -0.497146 -0.046019 0.179547
v -0.489320 -0.043629 0.180417
v -0.491483 0.000633 0.039342
v -0.484483 0.000633 0.039342
v -0.489320 0.006889 0.041618
v -0.491483 -0.049885 0.178140
v -0.489320 -0.043629 0.180417
v -0.484483 -0.049885 0.178140
v -0.577225 0.006029 0.054675
v -0.627618 0.012574 -0.012333
v -0.625231 -0.091668 -0.102346
v -0.572917 0.012574 -0.029057
v -0.617703 -0.072766 -0.102649
v -0.611286 -0.068319 -0.105250
v -0.591724 -0.004334 0.052377
v -0.598141 -0.008781 0.054978
v -0.611286 -0.068319 -0.105250
v -0.604486 -0.072846 -0.104257
v -0.584924 -0.008861 0.053371
v -0.591724 -0.004334 0.052377
v -0.604486 -0.072846 -0.104257
v -0.606701 -0.080090 -0.101041
v -0.587138 -0.016105 0.056586
v -0.584924 -0.008861 0.053371
v -0.606701 -0.080090 -0.101041
v -0.614869 -0.080040 -0.100048
v -0.595307 -0.016055 0.057579
v -0.587138 -0.016105 0.056586
v -0.614869 -0.080040 -0.100048
v -0.617703 -0.072766 -0.102649
v -0.598141 -0.008781 0.054978
v -0.595307 -0.016055 0.057579
v -0.611009 -0.074812 -0.102649
v -0.611286 -0.068319 -0.105250
v -0.617703 -0.072766 -0.102649
v -0.591447 -0.010827 0.054978
v -0.598141 -0.008781 0.054978
v -0.591724 -0.004334 0.052377
v -0.611009 -0.074812 -0.102649
v -0.604486 -0.072846 -0.104257
v -0.611286 -0.068319 -0.105250
v -0.591447 -0.010827 0.054978
v -0.591724 -0.004334 0.052377
v -0.584924 -0.008861 0.053371
v -0.611009 -0.074812 -0.102649
v -0.606701 -0.080090 -0.101041
v -0.604486 -0.072846 -0.104257
v -0.591447 -0.010827 0.054978
v -0.584924 -0.008861 0.053371
v -0.587138 -0.016105 0.056586
v -0.611009 -0.074812 -0.102649
v -0.614869 -0.080040 -0.100048
v -0.606701 -0.080090 -0.101041
v -0.591447 -0.010827 0.054978
v -0.587138 -0.016105 0.056586
v -0.595307 -0.016055 0.057579
v -0.611009 -0.074812 -0.102649
v -0.617703 -0.072766 -0.102649
v -0.614869 -0.080040 -0.100048
v -0.591447 -0.010827 0.054978
v -0.595307 -0.016055 0.057579
v -0.598141 -0.008781 0.054978
v -0.577225 0.006029 0.054675
v -0.539233 0.012574 0.129415
v -0.557215 -0.091668 0.217646
v -0.596007 0.012574 0.136386
v -0.556195 -0.010468 0.057347
v -0.561742 -0.015961 0.054746
v -0.569897 -0.082371 0.212373
v -0.564349 -0.076878 0.214974
v -0.561742 -0.015961 0.054746
v -0.569225 -0.012684 0.055739
v -0.577379 -0.079094 0.213366
v -0.569897 -0.082371 0.212373
v -0.569225 -0.012684 0.055739
v -0.568302 -0.005165 0.058954
v -0.576456 -0.071575 0.216582
v -0.577379 -0.079094 0.213366
v -0.568302 -0.005165 0.058954
v -0.560249 -0.003796 0.059948
v -0.568403 -0.070206 0.217575
v -0.576456 -0.071575 0.216582
v -0.560249 -0.003796 0.059948
v -0.556195 -0.010468 0.057347
v -0.564349 -0.076878 0.214974
v -0.568403 -0.070206 0.217575
v -0.563143 -0.009615 0.057347
v -0.561742 -0.015961 0.054746
v -0.556195 -0.010468 0.057347
v -0.571297 -0.076025 0.214974
v -0.564349 -0.076878 0.214974
v -0.569897 -0.082371 0.212373
v -0.563143 -0.009615 0.057347
v -0.569225 -0.012684 0.055739
v -0.561742 -0.015961 0.054746
v -0.571297 -0.076025 0.214974
v -0.569897 -0.082371 0.212373
v -0.577379 -0.079094 0.213366
v -0.563143 -0.009615 0.057347
v -0.568302 -0.005165 0.058954
v -0.569225 -0.012684 0.055739
v -0.571297 -0.076025 0.214974
v -0.577379 -0.079094 0.213366
v -0.576456 -0.071575 0.216582
v -0.563143 -0.009615 0.057347
v -0.560249 -0.003796 0.059948
v -0.568302 -0.005165 0.058954
v -0.571297 -0.076025 0.214974
v -0.576456 -0.071575 0.216582
v -0.568403 -0.070206 0.217575
v -0.563143 -0.009615 0.057347
v -0.556195 -0.010468 0.057347
v -0.560249 -0.003796 0.059948
v -0.571297 -0.076025 0.214974
v -0.568403 -0.070206 0.217575
v -0.564349 -0.076878 0.214974
v -0.662966 -0.003629 0.072900
v -0.703981 0.000282 0.004997
v -0.689735 -0.106814 -0.078911
v -0.647650 0.000282 -0.004936
v -0.689511 -0.089546 -0.076999
v -0.683709 -0.084494 -0.079918
v -0.671175 -0.013412 0.068069
v -0.676978 -0.018465 0.070988
v -0.683709 -0.084494 -0.079918
v -0.676398 -0.088103 -0.078803
v -0.663865 -0.017022 0.069184
v -0.671175 -0.013412 0.068069
v -0.676398 -0.088103 -0.078803
v -0.677683 -0.095387 -0.075195
v -0.665149 -0.024306 0.072791
v -0.663865 -0.017022 0.069184
v -0.677683 -0.095387 -0.075195
v -0.685787 -0.096279 -0.074081
v -0.673253 -0.025198 0.073906
v -0.665149 -0.024306 0.072791
v -0.685787 -0.096279 -0.074081
v -0.689511 -0.089546 -0.076999
v -0.676978 -0.018465 0.070988
v -0.673253 -0.025198 0.073906
v -0.682617 -0.090762 -0.076999
v -0.683709 -0.084494 -0.079918
v -0.689511 -0.089546 -0.076999
v -0.670084 -0.019681 0.070988
v -0.676978 -0.018465 0.070988
v -0.671175 -0.013412 0.068069
v -0.682617 -0.090762 -0.076999
v -0.676398 -0.088103 -0.078803
v -0.683709 -0.084494 -0.079918
v -0.670084 -0.019681 0.070988
v -0.671175 -0.013412 0.068069
v -0.663865 -0.017022 0.069184
v -0.682617 -0.090762 -0.076999
v -0.677683 -0.095387 -0.075195
v -0.676398 -0.088103 -0.078803
v -0.670084 -0.019681 0.070988
v -0.663865 -0.017022 0.069184
v -0.665149 -0.024306 0.072791
v -0.682617 -0.090762 -0.076999
v -0.685787 -0.096279 -0.074081
v -0.677683 -0.095387 -0.075195
v -0.670084 -0.019681 0.070988
v -0.665149 -0.024306 0.072791
v -0.673253 -0.025198 0.073906
v -0.682617 -0.090762 -0.076999
v -0.689511 -0.089546 -0.076999
v -0.685787 -0.096279 -0.074081
v -0.670084 -0.019681 0.070988
v -0.673253 -0.025198 0.073906
v -0.676978 -0.018465 0.070988
v -0.662966 -0.003629 0.072900
v -0.617315 0.000282 0.137776
v -0.625674 -0.106814 0.222474
v -0.672816 0.000282 0.151614
v -0.628797 -0.021898 0.073693
v -0.634938 -0.026533 0.070775
v -0.652399 -0.096567 0.218762
v -0.646259 -0.091932 0.221680
v -0.634938 -0.026533 0.070775
v -0.641979 -0.022422 0.071890
v -0.659440 -0.092456 0.219876
v -0.652399 -0.096567 0.218762
v -0.641979 -0.022422 0.071890
v -0.640190 -0.015246 0.075497
v -0.657651 -0.085280 0.223484
v -0.659440 -0.092456 0.219876
v -0.640190 -0.015246 0.075497
v -0.632043 -0.014922 0.076612
v -0.649504 -0.084956 0.224599
v -0.657651 -0.085280 0.223484
v -0.632043 -0.014922 0.076612
v -0.628797 -0.021898 0.073693
v -0.646259 -0.091932 0.221680
v -0.649504 -0.084956 0.224599
v -0.635589 -0.020204 0.073693
v -0.634938 -0.026533 0.070775
v -0.628797 -0.021898 0.073693
v -0.653051 -0.090238 0.221680
v -0.646259 -0.091932 0.221680
v -0.652399 -0.096567 0.218762
v -0.635589 -0.020204 0.073693
v -0.641979 -0.022422 0.071890
v -0.634938 -0.026533 0.070775
v -0.653051 -0.090238 0.221680
v -0.652399 -0.096567 0.218762
v -0.659440 -0.092456 0.219876
v -0.635589 -0.020204 0.073693
v -0.640190 -0.015246 0.075497
v -0.641979 -0.022422 0.071890
v -0.653051 -0.090238 0.221680
v -0.659440 -0.092456 0.219876
v -0.657651 -0.085280 0.223484
v -0.635589 -0.020204 0.073693
v -0.632043 -0.014922 0.076612
v -0.640190 -0.015246 0.075497
v -0.653051 -0.090238 0.221680
v -0.657651 -0.085280 0.223484
v -0.649504 -0.084956 0.224599
v -0.635589 -0.020204 0.073693
v -0.628797 -0.021898 0.073693
v -0.632043 -0.014922 0.076612
v -0.653051 -0.090238 0.221680
v -0.649504 -0.084956 0.224599
v -0.646259 -0.091932 0.221680
v -0.748708 -0.013286 0.091125
v -0.780499 -0.007493 0.030994
v -0.755437 -0.112551 -0.037265
v -0.723377 -0.007493 0.028001
v -0.760853 -0.096713 -0.034782
v -0.755718 -0.091151 -0.038010
v -0.752138 -0.022830 0.085414
v -0.757273 -0.028392 0.088641
v -0.755718 -0.091151 -0.038010
v -0.748019 -0.093782 -0.036777
v -0.744438 -0.025461 0.086647
v -0.752138 -0.022830 0.085414
v -0.748019 -0.093782 -0.036777
v -0.748396 -0.100969 -0.032787
v -0.744815 -0.032648 0.090636
v -0.744438 -0.025461 0.086647
v -0.748396 -0.100969 -0.032787
v -0.756328 -0.102780 -0.031554
v -0.752747 -0.034459 0.091869
v -0.744815 -0.032648 0.090636
v -0.756328 -0.102780 -0.031554
v -0.760853 -0.096713 -0.034782
v -0.757273 -0.028392 0.088641
v -0.752747 -0.034459 0.091869
v -0.753863 -0.097079 -0.034782
v -0.755718 -0.091151 -0.038010
v -0.760853 -0.096713 -0.034782
v -0.750282 -0.028758 0.088641
v -0.757273 -0.028392 0.088641
v -0.752138 -0.022830 0.085414
v -0.753863 -0.097079 -0.034782
v -0.748019 -0.093782 -0.036777
v -0.755718 -0.091151 -0.038010
v -0.750282 -0.028758 0.088641
v -0.752138 -0.022830 0.085414
v -0.744438 -0.025461 0.086647
v -0.753863 -0.097079 -0.034782
v -0.748396 -0.100969 -0.032787
v -0.748019 -0.093782 -0.036777
v -0.750282 -0.028758 0.088641
v -0.744438 -0.025461 0.086647
v -0.744815 -0.032648 0.090636
v -0.753863 -0.097079 -0.034782
v -0.756328 -0.102780 -0.031554
v -0.748396 -0.100969 -0.032787
v -0.750282 -0.028758 0.088641
v -0.744815 -0.032648 0.090636
v -0.752747 -0.034459 0.091869
v -0.753863 -0.097079 -0.034782
v -0.760853 -0.096713 -0.034782
v -0.756328 -0.102780 -0.031554
v -0.750282 -0.028758 0.088641
v -0.752747 -0.034459 0.091869
v -0.757273 -0.028392 0.088641
v -0.748708 -0.013286 0.091125
v -0.699892 -0.007493 0.138488
v -0.702634 -0.112551 0.211152
v -0.753293 -0.007493 0.158987
v -0.706877 -0.033492 0.089426
v -0.713480 -0.037194 0.086199
v -0.737997 -0.101065 0.209622
v -0.731395 -0.097362 0.212850
v -0.713480 -0.037194 0.086199
v -0.719989 -0.032313 0.087432
v -0.744507 -0.096184 0.210855
v -0.737997 -0.101065 0.209622
v -0.719989 -0.032313 0.087432
v -0.717410 -0.025594 0.091421
v -0.741927 -0.089465 0.214845
v -0.744507 -0.096184 0.210855
v -0.717410 -0.025594 0.091421
v -0.709306 -0.026322 0.092654
v -0.733824 -0.090193 0.216077
v -0.741927 -0.089465 0.214845
v -0.709306 -0.026322 0.092654
v -0.706877 -0.033492 0.089426
v -0.731395 -0.097362 0.212850
v -0.733824 -0.090193 0.216077
v -0.713412 -0.030983 0.089426
v -0.713480 -0.037194 0.086199
v -0.706877 -0.033492 0.089426
v -0.737930 -0.094854 0.212850
v -0.731395 -0.097362 0.212850
v -0.737997 -0.101065 0.209622
v -0.713412 -0.030983 0.089426
v -0.719989 -0.032313 0.087432
v -0.713480 -0.037194 0.086199
v -0.737930 -0.094854 0.212850
v -0.737997 -0.101065 0.209622
v -0.744507 -0.096184 0.210855
v -0.713412 -0.030983 0.089426
v -0.717410 -0.025594 0.091421
v -0.719989 -0.032313 0.087432
v -0.737930 -0.094854 0.212850
v -0.744507 -0.096184 0.210855
v -0.741927 -0.089465 0.214845
v -0.713412 -0.030983 0.089426
v -0.709306 -0.026322 0.092654
v -0.717410 -0.025594 0.091421
v -0.737930 -0.094854 0.212850
v -0.741927 -0.089465 0.214845
v -0.733824 -0.090193 0.216077
v -0.713412 -0.030983 0.089426
v -0.706877 -0.033492 0.089426
v -0.709306 -0.026322 0.092654
v -0.737930 -0.094854 0.212850
v -0.733824 -0.090193 0.216077
v -0.731395 -0.097362 0.212850
v -0.834450 -0.022943 0.109350
v -0.859502 -0.014098 0.057618
v -0.827204 -0.115849 0.005732
v -0.802441 -0.014098 0.061608
v -0.835637 -0.100963 0.007683
v -0.831205 -0.094993 0.004155
v -0.835552 -0.032836 0.103871
v -0.839983 -0.038805 0.107399
v -0.831205 -0.094993 0.004155
v -0.823248 -0.096599 0.005502
v -0.827594 -0.034441 0.105218
v -0.835552 -0.032836 0.103871
v -0.823248 -0.096599 0.005502
v -0.822761 -0.103560 0.009863
v -0.827107 -0.041403 0.109579
v -0.827594 -0.034441 0.105218
v -0.822761 -0.103560 0.009863
v -0.830418 -0.106258 0.011211
v -0.834764 -0.044100 0.110927
v -0.827107 -0.041403 0.109579
v -0.830418 -0.106258 0.011211
v -0.835637 -0.100963 0.007683
v -0.839983 -0.038805 0.107399
v -0.834764 -0.044100 0.110927
v -0.828654 -0.100475 0.007683
v -0.831205 -0.094993 0.004155
v -0.835637 -0.100963 0.007683
v -0.833000 -0.038317 0.107399
v -0.839983 -0.038805 0.107399
v -0.835552 -0.032836 0.103871
v -0.828654 -0.100475 0.007683
v -0.823248 -0.096599 0.005502
v -0.831205 -0.094993 0.004155
v -0.833000 -0.038317 0.107399
v -0.835552 -0.032836 0.103871
v -0.827594 -0.034441 0.105218
v -0.828654 -0.100475 0.007683
v -0.822761 -0.103560 0.009863
v -0.823248 -0.096599 0.005502
v -0.833000 -0.038317 0.107399
v -0.827594 -0.034441 0.105218
v -0.827107 -0.041403 0.109579
v -0.828654 -0.100475 0.007683
v -0.830418 -0.106258 0.011211
v -0.822761 -0.103560 0.009863
v -0.833000 -0.038317 0.107399
v -0.827107 -0.041403 0.109579
v -0.834764 -0.044100 0.110927
v -0.828654 -0.100475 0.007683
v -0.835637 -0.100963 0.007683
v -0.830418 -0.106258 0.011211
v -0.833000 -0.038317 0.107399
v -0.834764 -0.044100 0.110927
v -0.839983 -0.038805 0.107399
v -0.834450 -0.022943 0.109350
v -0.785791 -0.014098 0.139945
v -0.785685 -0.115849 0.201062
v -0.836295 -0.014098 0.166799
v -0.789261 -0.045174 0.105348
v -0.796182 -0.047888 0.101820
v -0.825434 -0.102904 0.201536
v -0.818513 -0.100190 0.205064
v -0.796182 -0.047888 0.101820
v -0.802080 -0.042310 0.103168
v -0.831332 -0.097326 0.202884
v -0.825434 -0.102904 0.201536
v -0.802080 -0.042310 0.103168
v -0.798803 -0.036148 0.107528
v -0.828056 -0.091164 0.207244
v -0.831332 -0.097326 0.202884
v -0.798803 -0.036148 0.107528
v -0.790881 -0.037918 0.108876
v -0.820133 -0.092934 0.208592
v -0.828056 -0.091164 0.207244
v -0.790881 -0.037918 0.108876
v -0.789261 -0.045174 0.105348
v -0.818513 -0.100190 0.205064
v -0.820133 -0.092934 0.208592
v -0.795441 -0.041888 0.105348
v -0.796182 -0.047888 0.101820
v -0.789261 -0.045174 0.105348
v -0.824694 -0.096904 0.205064
v -0.818513 -0.100190 0.205064
v -0.825434 -0.102904 0.201536
v -0.795441 -0.041888 0.105348
v -0.802080 -0.042310 0.103168
v -0.796182 -0.047888 0.101820
v -0.824694 -0.096904 0.205064
v -0.825434 -0.102904 0.201536
v -0.831332 -0.097326 0.202884
v -0.795441 -0.041888 0.105348
v -0.798803 -0.036148 0.107528
v -0.802080 -0.042310 0.103168
v -0.824694 -0.096904 0.205064
v -0.831332 -0.097326 0.202884
v -0.828056 -0.091164 0.207244
v -0.795441 -0.041888 0.105348
v -0.790881 -0.037918 0.108876
v -0.798803 -0.036148 0.107528
v -0.824694 -0.096904 0.205064
v -0.828056 -0.091164 0.207244
v -0.820133 -0.092934 0.208592
v -0.795441 -0.041888 0.105348
v -0.789261 -0.045174 0.105348
v -0.790881 -0.037918 0.108876
v -0.824694 -0.096904 0.205064
v -0.820133 -0.092934 0.208592
v -0.818513 -0.100190 0.205064
v -0.437401 0.028414 -0.001581
v -0.435187 0.021107 -0.002308
v -0.379093 -0.031203 0.693892
v -0.381306 -0.023895 0.694619
v -0.435187 0.021107 -0.002308
v -0.440418 0.015497 -0.002308
v -0.384324 -0.036812 0.693892
v -0.379093 -0.031203 0.693892
v -0.440418 0.015497 -0.002308
v -0.447863 0.017195 -0.001581
v -0.391768 -0.035114 0.694619
v -0.384324 -0.036812 0.693892
v -0.447863 0.017195 -0.001581
v -0.450076 0.024503 -0.000853
v -0.393981 -0.027807 0.695347
v -0.391768 -0.035114 0.694619
v -0.450076 0.024503 -0.000853
v -0.444845 0.030112 -0.000853
v -0.388750 -0.022197 0.695347
v -0.393981 -0.027807 0.695347
v -0.444845 0.030112 -0.000853
v -0.437401 0.028414 -0.001581
v -0.381306 -0.023895 0.694619
v -0.388750 -0.022197 0.695347
v -0.442632 0.022805 -0.001581
v -0.435187 0.021107 -0.002308
v -0.437401 0.028414 -0.001581
v -0.386537 -0.029505 0.694619
v -0.381306 -0.023895 0.694619
v -0.379093 -0.031203 0.693892
v -0.442632 0.022805 -0.001581
v -0.440418 0.015497 -0.002308
v -0.435187 0.021107 -0.002308
v -0.386537 -0.029505 0.694619
v -0.379093 -0.031203 0.693892
v -0.384324 -0.036812 0.693892
v -0.442632 0.022805 -0.001581
v -0.447863 0.017195 -0.001581
v -0.440418 0.015497 -0.002308
v -0.386537 -0.029505 0.694619
v -0.384324 -0.036812 0.693892
v -0.391768 -0.035114 0.694619
v -0.442632 0.022805 -0.001581
v -0.450076 0.024503 -0.000853
v -0.447863 0.017195 -0.001581
v -0.386537 -0.029505 0.694619
v -0.391768 -0.035114 0.694619
v -0.393981 -0.027807 0.695347
v -0.442632 0.022805 -0.001581
v -0.444845 0.030112 -0.000853
v -0.450076 0.024503 -0.000853
v -0.386537 -0.029505 0.694619
v -0.393981 -0.027807 0.695347
v -0.388750 -0.022197 0.695347
v -0.442632 0.022805 -0.001581
v -0.437401 0.028414 -0.001581
v -0.444845 0.030112 -0.000853
v -0.386537 -0.029505 0.694619
v -0.388750 -0.022197 0.695347
v -0.381306 -0.023895 0.694619
v -0.232738 0.024043 0.176945
v -0.307453 0.043447 0.173971
v -0.356656 -0.046865 0.111057
v -0.276985 0.043447 0.116667
v -0.316169 -0.014900 0.076635
v -0.308277 -0.016181 0.074689
v -0.271906 0.003157 0.209421
v -0.279799 0.004439 0.211367
v -0.308277 -0.016181 0.074689
v -0.306749 -0.024233 0.075432
v -0.270379 -0.004895 0.210164
v -0.271906 0.003157 0.209421
v -0.306749 -0.024233 0.075432
v -0.313698 -0.027928 0.077838
v -0.277328 -0.008589 0.212570
v -0.270379 -0.004895 0.210164
v -0.313698 -0.027928 0.077838
v -0.319519 -0.022159 0.078582
v -0.283149 -0.002821 0.213313
v -0.277328 -0.008589 0.212570
v -0.319519 -0.022159 0.078582
v -0.316169 -0.014900 0.076635
v -0.279799 0.004439 0.211367
v -0.283149 -0.002821 0.213313
v -0.312882 -0.021080 0.076635
v -0.308277 -0.016181 0.074689
v -0.316169 -0.014900 0.076635
v -0.276512 -0.001742 0.211367
v -0.279799 0.004439 0.211367
v -0.271906 0.003157 0.209421
v -0.312882 -0.021080 0.076635
v -0.306749 -0.024233 0.075432
v -0.308277 -0.016181 0.074689
v -0.276512 -0.001742 0.211367
v -0.271906 0.003157 0.209421
v -0.270379 -0.004895 0.210164
v -0.312882 -0.021080 0.076635
v -0.313698 -0.027928 0.077838
v -0.306749 -0.024233 0.075432
v -0.276512 -0.001742 0.211367
v -0.270379 -0.004895 0.210164
v -0.277328 -0.008589 0.212570
v -0.312882 -0.021080 0.076635
v -0.319519 -0.022159 0.078582
v -0.313698 -0.027928 0.077838
v -0.276512 -0.001742 0.211367
v -0.277328 -0.008589 0.212570
v -0.283149 -0.002821 0.213313
v -0.312882 -0.021080 0.076635
v -0.316169 -0.014900 0.076635
v -0.319519 -0.022159 0.078582
v -0.276512 -0.001742 0.211367
v -0.283149 -0.002821 0.213313
v -0.279799 0.004439 0.211367
v -0.232738 0.024043 0.176945
v -0.175694 0.043447 0.225289
v -0.175655 -0.046865 0.305157
v -0.234983 0.043447 0.251686
v -0.189425 0.004557 0.173685
v -0.196433 0.000708 0.171739
v -0.213187 -0.036922 0.306471
v -0.206179 -0.033074 0.308417
v -0.196433 0.000708 0.171739
v -0.202593 0.006113 0.172482
v -0.219347 -0.031517 0.307214
v -0.213187 -0.036922 0.306471
v -0.202593 0.006113 0.172482
v -0.199393 0.013302 0.174888
v -0.216147 -0.024328 0.309620
v -0.219347 -0.031517 0.307214
v -0.199393 0.013302 0.174888
v -0.191254 0.012340 0.175632
v -0.208008 -0.025290 0.310364
v -0.216147 -0.024328 0.309620
v -0.191254 0.012340 0.175632
v -0.189425 0.004557 0.173685
v -0.206179 -0.033074 0.308417
v -0.208008 -0.025290 0.310364
v -0.195819 0.007404 0.173685
v -0.196433 0.000708 0.171739
v -0.189425 0.004557 0.173685
v -0.212574 -0.030226 0.308417
v -0.206179 -0.033074 0.308417
v -0.213187 -0.036922 0.306471
v -0.195819 0.007404 0.173685
v -0.202593 0.006113 0.172482
v -0.196433 0.000708 0.171739
v -0.212574 -0.030226 0.308417
v -0.213187 -0.036922 0.306471
v -0.219347 -0.031517 0.307214
v -0.195819 0.007404 0.173685
v -0.199393 0.013302 0.174888
v -0.202593 0.006113 0.172482
v -0.212574 -0.030226 0.308417
v -0.219347 -0.031517 0.307214
v -0.216147 -0.024328 0.309620
v -0.195819 0.007404 0.173685
v -0.191254 0.012340 0.175632
v -0.199393 0.013302 0.174888
v -0.212574 -0.030226 0.308417
v -0.216147 -0.024328 0.309620
v -0.208008 -0.025290 0.310364
v -0.195819 0.007404 0.173685
v -0.189425 0.004557 0.173685
v -0.191254 0.012340 0.175632
v -0.212574 -0.030226 0.308417
v -0.208008 -0.025290 0.310364
v -0.206179 -0.033074 0.308417
v -0.305477 0.013086 0.244775
v -0.388590 0.024426 0.226192
v -0.439854 -0.074622 0.150683
v -0.351365 0.024426 0.173029
v -0.400157 -0.041472 0.118987
v -0.392258 -0.041846 0.116711
v -0.345305 -0.008969 0.274193
v -0.353204 -0.008595 0.276470
v -0.392258 -0.041846 0.116711
v -0.389727 -0.049628 0.117580
v -0.342774 -0.016751 0.275063
v -0.345305 -0.008969 0.274193
v -0.389727 -0.049628 0.117580
v -0.396061 -0.054063 0.120395
v -0.349108 -0.021186 0.277877
v -0.342774 -0.016751 0.275063
v -0.396061 -0.054063 0.120395
v -0.402507 -0.049023 0.121264
v -0.355554 -0.016146 0.278747
v -0.349108 -0.021186 0.277877
v -0.402507 -0.049023 0.121264
v -0.400157 -0.041472 0.118987
v -0.353204 -0.008595 0.276470
v -0.355554 -0.016146 0.278747
v -0.396142 -0.047206 0.118987
v -0.392258 -0.041846 0.116711
v -0.400157 -0.041472 0.118987
v -0.349189 -0.014330 0.276470
v -0.353204 -0.008595 0.276470
v -0.345305 -0.008969 0.274193
v -0.396142 -0.047206 0.118987
v -0.389727 -0.049628 0.117580
v -0.392258 -0.041846 0.116711
v -0.349189 -0.014330 0.276470
v -0.345305 -0.008969 0.274193
v -0.342774 -0.016751 0.275063
v -0.396142 -0.047206 0.118987
v -0.396061 -0.054063 0.120395
v -0.389727 -0.049628 0.117580
v -0.349189 -0.014330 0.276470
v -0.342774 -0.016751 0.275063
v -0.349108 -0.021186 0.277877
v -0.396142 -0.047206 0.118987
v -0.402507 -0.049023 0.121264
v -0.396061 -0.054063 0.120395
v -0.349189 -0.014330 0.276470
v -0.349108 -0.021186 0.277877
v -0.355554 -0.016146 0.278747
v -0.396142 -0.047206 0.118987
v -0.400157 -0.041472 0.118987
v -0.402507 -0.049023 0.121264
v -0.349189 -0.014330 0.276470
v -0.355554 -0.016146 0.278747
v -0.353204 -0.008595 0.276470
v -0.305477 0.013086 0.244775
v -0.237107 0.024426 0.295556
v -0.220988 -0.074622 0.385389
v -0.292737 0.024426 0.328982
v -0.242471 -0.009807 0.236340
v -0.249839 -0.012678 0.234063
v -0.279361 -0.061810 0.391546
v -0.271993 -0.058939 0.393823
v -0.249839 -0.012678 0.234063
v -0.255317 -0.006599 0.234933
v -0.284838 -0.055731 0.392416
v -0.279361 -0.061810 0.391546
v -0.255317 -0.006599 0.234933
v -0.251334 0.000029 0.237748
v -0.280856 -0.049103 0.395230
v -0.284838 -0.055731 0.392416
v -0.251334 0.000029 0.237748
v -0.243395 -0.001954 0.238617
v -0.272917 -0.051086 0.396100
v -0.280856 -0.049103 0.395230
v -0.243395 -0.001954 0.238617
v -0.242471 -0.009807 0.236340
v -0.271993 -0.058939 0.393823
v -0.272917 -0.051086 0.396100
v -0.248471 -0.006202 0.236340
v -0.249839 -0.012678 0.234063
v -0.242471 -0.009807 0.236340
v -0.277993 -0.055334 0.393823
v -0.271993 -0.058939 0.393823
v -0.279361 -0.061810 0.391546
v -0.248471 -0.006202 0.236340
v -0.255317 -0.006599 0.234933
v -0.249839 -0.012678 0.234063
v -0.277993 -0.055334 0.393823
v -0.279361 -0.061810 0.391546
v -0.284838 -0.055731 0.392416
v -0.248471 -0.006202 0.236340
v -0.251334 0.000029 0.237748
v -0.255317 -0.006599 0.234933
v -0.277993 -0.055334 0.393823
v -0.284838 -0.055731 0.392416
v -0.280856 -0.049103 0.395230
v -0.248471 -0.006202 0.236340
v -0.243395 -0.001954 0.238617
v -0.251334 0.000029 0.237748
v -0.277993 -0.055334 0.393823
v -0.280856 -0.049103 0.395230
v -0.272917 -0.051086 0.396100
v -0.248471 -0.006202 0.236340
v -0.242471 -0.009807 0.236340
v -0.243395 -0.001954 0.238617
v -0.277993 -0.055334 0.393823
v -0.272917 -0.051086 0.396100
v -0.271993 -0.058939 0.393823
v -0.378215 0.002129 0.312605
v -0.466383 0.004171 0.276884
v -0.516662 -0.104950 0.187947
v -0.422956 0.004171 0.228654
v -0.480330 -0.071608 0.160853
v -0.472540 -0.071102 0.158251
v -0.416123 -0.020304 0.337097
v -0.423914 -0.020810 0.339699
v -0.472540 -0.071102 0.158251
v -0.469042 -0.078484 0.159245
v -0.412626 -0.027686 0.338091
v -0.416123 -0.020304 0.337097
v -0.469042 -0.078484 0.159245
v -0.474672 -0.083552 0.162460
v -0.418255 -0.032755 0.341306
v -0.412626 -0.027686 0.338091
v -0.474672 -0.083552 0.162460
v -0.481648 -0.079303 0.163454
v -0.425232 -0.028505 0.342300
v -0.418255 -0.032755 0.341306
v -0.481648 -0.079303 0.163454
v -0.480330 -0.071608 0.160853
v -0.423914 -0.020810 0.339699
v -0.425232 -0.028505 0.342300
v -0.475646 -0.076810 0.160853
v -0.472540 -0.071102 0.158251
v -0.480330 -0.071608 0.160853
v -0.419230 -0.026012 0.339699
v -0.423914 -0.020810 0.339699
v -0.416123 -0.020304 0.337097
v -0.475646 -0.076810 0.160853
v -0.469042 -0.078484 0.159245
v -0.472540 -0.071102 0.158251
v -0.419230 -0.026012 0.339699
v -0.416123 -0.020304 0.337097
v -0.412626 -0.027686 0.338091
v -0.475646 -0.076810 0.160853
v -0.474672 -0.083552 0.162460
v -0.469042 -0.078484 0.159245
v -0.419230 -0.026012 0.339699
v -0.412626 -0.027686 0.338091
v -0.418255 -0.032755 0.341306
v -0.475646 -0.076810 0.160853
v -0.481648 -0.079303 0.163454
v -0.474672 -0.083552 0.162460
v -0.419230 -0.026012 0.339699
v -0.418255 -0.032755 0.341306
v -0.425232 -0.028505 0.342300
v -0.475646 -0.076810 0.160853
v -0.480330 -0.071608 0.160853
v -0.481648 -0.079303 0.163454
v -0.419230 -0.026012 0.339699
v -0.425232 -0.028505 0.342300
v -0.423914 -0.020810 0.339699
v -0.378215 0.002129 0.312605
v -0.297590 0.004171 0.363093
v -0.263518 -0.104950 0.459409
v -0.348732 0.004171 0.403049
v -0.291982 -0.025809 0.296584
v -0.299566 -0.027660 0.293983
v -0.346304 -0.087483 0.472829
v -0.338720 -0.085632 0.475430
v -0.299566 -0.027660 0.293983
v -0.304292 -0.020998 0.294976
v -0.351030 -0.080820 0.473822
v -0.346304 -0.087483 0.472829
v -0.304292 -0.020998 0.294976
v -0.299628 -0.015029 0.298192
v -0.346367 -0.074851 0.477038
v -0.351030 -0.080820 0.473822
v -0.299628 -0.015029 0.298192
v -0.292020 -0.018002 0.299185
v -0.338759 -0.077825 0.478031
v -0.346367 -0.074851 0.477038
v -0.292020 -0.018002 0.299185
v -0.291982 -0.025809 0.296584
v -0.338720 -0.085632 0.475430
v -0.338759 -0.077825 0.478031
v -0.297498 -0.021500 0.296584
v -0.299566 -0.027660 0.293983
v -0.291982 -0.025809 0.296584
v -0.344236 -0.081322 0.475430
v -0.338720 -0.085632 0.475430
v -0.346304 -0.087483 0.472829
v -0.297498 -0.021500 0.296584
v -0.304292 -0.020998 0.294976
v -0.299566 -0.027660 0.293983
v -0.344236 -0.081322 0.475430
v -0.346304 -0.087483 0.472829
v -0.351030 -0.080820 0.473822
v -0.297498 -0.021500 0.296584
v -0.299628 -0.015029 0.298192
v -0.304292 -0.020998 0.294976
v -0.344236 -0.081322 0.475430
v -0.351030 -0.080820 0.473822
v -0.346367 -0.074851 0.477038
v -0.297498 -0.021500 0.296584
v -0.292020 -0.018002 0.299185
v -0.299628 -0.015029 0.298192
v -0.344236 -0.081322 0.475430
v -0.346367 -0.074851 0.477038
v -0.338759 -0.077825 0.478031
v -0.297498 -0.021500 0.296584
v -0.291982 -0.025809 0.296584
v -0.292020 -0.018002 0.299185
v -0.344236 -0.081322 0.475430
v -0.338759 -0.077825 0.478031
v -0.338720 -0.085632 0.475430
v -0.450953 -0.008829 0.380434
v -0.530523 -0.009776 0.338362
v -0.565701 -0.122135 0.248432
v -0.481542 -0.009776 0.295784
v -0.540474 -0.091793 0.230479
v -0.532898 -0.090450 0.227561
v -0.479170 -0.028644 0.395469
v -0.486746 -0.029986 0.398387
v -0.532898 -0.090450 0.227561
v -0.528491 -0.097309 0.228675
v -0.474763 -0.035503 0.396584
v -0.479170 -0.028644 0.395469
v -0.528491 -0.097309 0.228675
v -0.533343 -0.102891 0.232283
v -0.479616 -0.041085 0.400191
v -0.474763 -0.035503 0.396584
v -0.533343 -0.102891 0.232283
v -0.540749 -0.099482 0.233398
v -0.487022 -0.037675 0.401306
v -0.479616 -0.041085 0.400191
v -0.540749 -0.099482 0.233398
v -0.540474 -0.091793 0.230479
v -0.486746 -0.029986 0.398387
v -0.487022 -0.037675 0.401306
v -0.535191 -0.096385 0.230479
v -0.532898 -0.090450 0.227561
v -0.540474 -0.091793 0.230479
v -0.481463 -0.034579 0.398387
v -0.486746 -0.029986 0.398387
v -0.479170 -0.028644 0.395469
v -0.535191 -0.096385 0.230479
v -0.528491 -0.097309 0.228675
v -0.532898 -0.090450 0.227561
v -0.481463 -0.034579 0.398387
v -0.479170 -0.028644 0.395469
v -0.474763 -0.035503 0.396584
v -0.535191 -0.096385 0.230479
v -0.533343 -0.102891 0.232283
v -0.528491 -0.097309 0.228675
v -0.481463 -0.034579 0.398387
v -0.474763 -0.035503 0.396584
v -0.479616 -0.041085 0.400191
v -0.535191 -0.096385 0.230479
v -0.540749 -0.099482 0.233398
v -0.533343 -0.102891 0.232283
v -0.481463 -0.034579 0.398387
v -0.479616 -0.041085 0.400191
v -0.487022 -0.037675 0.401306
v -0.535191 -0.096385 0.230479
v -0.540474 -0.091793 0.230479
v -0.540749 -0.099482 0.233398
v -0.481463 -0.034579 0.398387
v -0.487022 -0.037675 0.401306
v -0.486746 -0.029986 0.398387
v -0.450953 -0.008829 0.380434
v -0.368643 -0.009776 0.416853
v -0.327277 -0.122135 0.504110
v -0.414535 -0.009776 0.462744
v -0.355212 -0.041478 0.358318
v -0.362863 -0.042288 0.355400
v -0.420771 -0.100196 0.523308
v -0.413120 -0.099386 0.526226
v -0.362863 -0.042288 0.355400
v -0.366781 -0.035138 0.356514
v -0.424689 -0.093046 0.524423
v -0.420771 -0.100196 0.523308
v -0.366781 -0.035138 0.356514
v -0.361551 -0.029908 0.360122
v -0.419459 -0.087816 0.528030
v -0.424689 -0.093046 0.524423
v -0.361551 -0.029908 0.360122
v -0.354401 -0.033826 0.361236
v -0.412309 -0.091734 0.529145
v -0.419459 -0.087816 0.528030
v -0.354401 -0.033826 0.361236
v -0.355212 -0.041478 0.358318
v -0.413120 -0.099386 0.526226
v -0.412309 -0.091734 0.529145
v -0.360161 -0.036528 0.358318
v -0.362863 -0.042288 0.355400
v -0.355212 -0.041478 0.358318
v -0.418069 -0.094436 0.526226
v -0.413120 -0.099386 0.526226
v -0.420771 -0.100196 0.523308
v -0.360161 -0.036528 0.358318
v -0.366781 -0.035138 0.356514
v -0.362863 -0.042288 0.355400
v -0.418069 -0.094436 0.526226
v -0.420771 -0.100196 0.523308
v -0.424689 -0.093046 0.524423
v -0.360161 -0.036528 0.358318
v -0.361551 -0.029908 0.360122
v -0.366781 -0.035138 0.356514
v -0.418069 -0.094436 0.526226
v -0.424689 -0.093046 0.524423
v -0.419459 -0.087816 0.528030
v -0.360161 -0.036528 0.358318
v -0.354401 -0.033826 0.361236
v -0.361551 -0.029908 0.360122
v -0.418069 -0.094436 0.526226
v -0.419459 -0.087816 0.528030
v -0.412309 -0.091734 0.529145
v -0.360161 -0.036528 0.358318
v -0.355212 -0.041478 0.358318
v -0.354401 -0.033826 0.361236
v -0.418069 -0.094436 0.526226
v -0.412309 -0.091734 0.529145
v -0.413120 -0.099386 0.526226
v -0.523692 -0.019786 0.448264
v -0.589748 -0.018598 0.408361
v -0.605263 -0.128644 0.327329
v -0.535944 -0.018598 0.372069
v -0.591984 -0.102478 0.317778
v -0.584718 -0.100355 0.314550
v -0.541311 -0.036001 0.454588
v -0.548577 -0.038124 0.457816
v -0.584718 -0.100355 0.314550
v -0.579474 -0.106575 0.315783
v -0.536067 -0.042222 0.455821
v -0.541311 -0.036001 0.454588
v -0.579474 -0.106575 0.315783
v -0.583498 -0.112542 0.319772
v -0.540091 -0.048188 0.459810
v -0.536067 -0.042222 0.455821
v -0.583498 -0.112542 0.319772
v -0.591230 -0.110010 0.321005
v -0.547823 -0.045656 0.461043
v -0.540091 -0.048188 0.459810
v -0.591230 -0.110010 0.321005
v -0.591984 -0.102478 0.317778
v -0.548577 -0.038124 0.457816
v -0.547823 -0.045656 0.461043
v -0.586181 -0.106392 0.317778
v -0.584718 -0.100355 0.314550
v -0.591984 -0.102478 0.317778
v -0.542774 -0.042038 0.457816
v -0.548577 -0.038124 0.457816
v -0.541311 -0.036001 0.454588
v -0.586181 -0.106392 0.317778
v -0.579474 -0.106575 0.315783
v -0.584718 -0.100355 0.314550
v -0.542774 -0.042038 0.457816
v -0.541311 -0.036001 0.454588
v -0.536067 -0.042222 0.455821
v -0.586181 -0.106392 0.317778
v -0.583498 -0.112542 0.319772
v -0.579474 -0.106575 0.315783
v -0.542774 -0.042038 0.457816
v -0.536067 -0.042222 0.455821
v -0.540091 -0.048188 0.459810
v -0.586181 -0.106392 0.317778
v -0.591230 -0.110010 0.321005
v -0.583498 -0.112542 0.319772
v -0.542774 -0.042038 0.457816
v -0.540091 -0.048188 0.459810
v -0.547823 -0.045656 0.461043
v -0.586181 -0.106392 0.317778
v -0.591984 -0.102478 0.317778
v -0.591230 -0.110010 0.321005
v -0.542774 -0.042038 0.457816
v -0.547823 -0.045656 0.461043
v -0.548577 -0.038124 0.457816
v -0.523692 -0.019786 0.448264
v -0.448538 -0.018598 0.465801
v -0.408742 -0.128644 0.538072
v -0.488494 -0.018598 0.516943
v -0.431323 -0.055836 0.423149
v -0.438889 -0.055609 0.419921
v -0.500058 -0.103400 0.559959
v -0.492492 -0.103626 0.563187
v -0.438889 -0.055609 0.419921
v -0.441955 -0.048073 0.421154
v -0.503124 -0.095863 0.561192
v -0.500058 -0.103400 0.559959
v -0.441955 -0.048073 0.421154
v -0.436283 -0.043642 0.425144
v -0.497452 -0.091432 0.565182
v -0.503124 -0.095863 0.561192
v -0.436283 -0.043642 0.425144
v -0.429712 -0.048440 0.426376
v -0.490881 -0.096230 0.566415
v -0.497452 -0.091432 0.565182
v -0.429712 -0.048440 0.426376
v -0.431323 -0.055836 0.423149
v -0.492492 -0.103626 0.563187
v -0.490881 -0.096230 0.566415
v -0.435633 -0.050320 0.423149
v -0.438889 -0.055609 0.419921
v -0.431323 -0.055836 0.423149
v -0.496801 -0.098110 0.563187
v -0.492492 -0.103626 0.563187
v -0.500058 -0.103400 0.559959
v -0.435633 -0.050320 0.423149
v -0.441955 -0.048073 0.421154
v -0.438889 -0.055609 0.419921
v -0.496801 -0.098110 0.563187
v -0.500058 -0.103400 0.559959
v -0.503124 -0.095863 0.561192
v -0.435633 -0.050320 0.423149
v -0.436283 -0.043642 0.425144
v -0.441955 -0.048073 0.421154
v -0.496801 -0.098110 0.563187
v -0.503124 -0.095863 0.561192
v -0.497452 -0.091432 0.565182
v -0.435633 -0.050320 0.423149
v -0.429712 -0.048440 0.426376
v -0.436283 -0.043642 0.425144
v -0.496801 -0.098110 0.563187
v -0.497452 -0.091432 0.565182
v -0.490881 -0.096230 0.566415
v -0.435633 -0.050320 0.423149
v -0.431323 -0.055836 0.423149
v -0.429712 -0.048440 0.426376
v -0.496801 -0.098110 0.563187
v -0.490881 -0.096230 0.566415
v -0.492492 -0.103626 0.563187
v -0.596430 -0.030743 0.516093
v -0.651025 -0.026092 0.480421
v -0.649934 -0.132386 0.411085
v -0.593199 -0.026092 0.450957
v -0.645467 -0.109882 0.407020
v -0.638594 -0.107048 0.403492
v -0.606499 -0.044056 0.516631
v -0.613371 -0.046891 0.520159
v -0.638594 -0.107048 0.403492
v -0.632600 -0.112522 0.404839
v -0.600504 -0.049531 0.517979
v -0.606499 -0.044056 0.516631
v -0.632600 -0.112522 0.404839
v -0.635768 -0.118740 0.409200
v -0.603673 -0.055748 0.522339
v -0.600504 -0.049531 0.517979
v -0.635768 -0.118740 0.409200
v -0.643721 -0.117109 0.410547
v -0.611625 -0.054117 0.523687
v -0.603673 -0.055748 0.522339
v -0.643721 -0.117109 0.410547
v -0.645467 -0.109882 0.407020
v -0.613371 -0.046891 0.520159
v -0.611625 -0.054117 0.523687
v -0.639230 -0.113060 0.407020
v -0.638594 -0.107048 0.403492
v -0.645467 -0.109882 0.407020
v -0.607134 -0.050068 0.520159
v -0.613371 -0.046891 0.520159
v -0.606499 -0.044056 0.516631
v -0.639230 -0.113060 0.407020
v -0.632600 -0.112522 0.404839
v -0.638594 -0.107048 0.403492
v -0.607134 -0.050068 0.520159
v -0.606499 -0.044056 0.516631
v -0.600504 -0.049531 0.517979
v -0.639230 -0.113060 0.407020
v -0.635768 -0.118740 0.409200
v -0.632600 -0.112522 0.404839
v -0.607134 -0.050068 0.520159
v -0.600504 -0.049531 0.517979
v -0.603673 -0.055748 0.522339
v -0.639230 -0.113060 0.407020
v -0.643721 -0.117109 0.410547
v -0.635768 -0.118740 0.409200
v -0.607134 -0.050068 0.520159
v -0.603673 -0.055748 0.522339
v -0.611625 -0.054117 0.523687
v -0.639230 -0.113060 0.407020
v -0.645467 -0.109882 0.407020
v -0.643721 -0.117109 0.410547
v -0.607134 -0.050068 0.520159
v -0.611625 -0.054117 0.523687
v -0.613371 -0.046891 0.520159
v -0.596430 -0.030743 0.516093
v -0.531227 -0.026092 0.517414
v -0.495410 -0.132386 0.576792
v -0.564653 -0.026092 0.573044
v -0.512015 -0.069359 0.489873
v -0.519346 -0.068120 0.486345
v -0.579945 -0.104532 0.599485
v -0.572614 -0.105770 0.603013
v -0.519346 -0.068120 0.486345
v -0.521528 -0.060301 0.487693
v -0.582127 -0.096713 0.600832
v -0.579945 -0.104532 0.599485
v -0.521528 -0.060301 0.487693
v -0.515546 -0.056707 0.492054
v -0.576146 -0.093119 0.605193
v -0.582127 -0.096713 0.600832
v -0.515546 -0.056707 0.492054
v -0.509667 -0.062305 0.493401
v -0.570266 -0.098717 0.606540
v -0.576146 -0.093119 0.605193
v -0.509667 -0.062305 0.493401
v -0.512015 -0.069359 0.489873
v -0.572614 -0.105770 0.603013
v -0.570266 -0.098717 0.606540
v -0.515620 -0.063358 0.489873
v -0.519346 -0.068120 0.486345
v -0.512015 -0.069359 0.489873
v -0.576220 -0.099770 0.603013
v -0.572614 -0.105770 0.603013
v -0.579945 -0.104532 0.599485
v -0.515620 -0.063358 0.489873
v -0.521528 -0.060301 0.487693
v -0.519346 -0.068120 0.486345
v -0.576220 -0.099770 0.603013
v -0.579945 -0.104532 0.599485
v -0.582127 -0.096713 0.600832
v -0.515620 -0.063358 0.489873
v -0.515546 -0.056707 0.492054
v -0.521528 -0.060301 0.487693
v -0.576220 -0.099770 0.603013
v -0.582127 -0.096713 0.600832
v -0.576146 -0.093119 0.605193
v -0.515620 -0.063358 0.489873
v -0.509667 -0.062305 0.493401
v -0.515546 -0.056707 0.492054
v -0.576220 -0.099770 0.603013
v -0.576146 -0.093119 0.605193
v -0.570266 -0.098717 0.606540
v -0.515620 -0.063358 0.489873
v -0.512015 -0.069359 0.489873
v -0.509667 -0.062305 0.493401
v -0.576220 -0.099770 0.603013
v -0.570266 -0.098717 0.606540
v -0.572614 -0.105770 0.603013
v -0.110910 0.035703 -0.105901
v -0.112998 0.027421 -0.106715
v -0.089349 -0.055055 0.672085
v -0.087261 -0.046773 0.672899
v -0.112998 0.027421 -0.106715
v -0.121246 0.025056 -0.106715
v -0.097596 -0.057420 0.672085
v -0.089349 -0.055055 0.672085
v -0.121246 0.025056 -0.106715
v -0.127406 0.030973 -0.105901
v -0.103756 -0.051503 0.672899
v -0.097596 -0.057420 0.672085
v -0.127406 0.030973 -0.105901
v -0.125318 0.039255 -0.105087
v -0.101668 -0.043221 0.673713
v -0.103756 -0.051503 0.672899
v -0.125318 0.039255 -0.105087
v -0.117070 0.041620 -0.105087
v -0.093420 -0.040856 0.673713
v -0.101668 -0.043221 0.673713
v -0.117070 0.041620 -0.105087
v -0.110910 0.035703 -0.105901
v -0.087261 -0.046773 0.672899
v -0.093420 -0.040856 0.673713
v -0.119158 0.033338 -0.105901
v -0.112998 0.027421 -0.106715
v -0.110910 0.035703 -0.105901
v -0.095508 -0.049138 0.672899
v -0.087261 -0.046773 0.672899
v -0.089349 -0.055055 0.672085
v -0.119158 0.033338 -0.105901
v -0.121246 0.025056 -0.106715
v -0.112998 0.027421 -0.106715
v -0.095508 -0.049138 0.672899
v -0.089349 -0.055055 0.672085
v -0.097596 -0.057420 0.672085
v -0.119158 0.033338 -0.105901
v -0.127406 0.030973 -0.105901
v -0.121246 0.025056 -0.106715
v -0.095508 -0.049138 0.672899
v -0.097596 -0.057420 0.672085
v -0.103756 -0.051503 0.672899
v -0.119158 0.033338 -0.105901
v -0.125318 0.039255 -0.105087
v -0.127406 0.030973 -0.105901
v -0.095508 -0.049138 0.672899
v -0.103756 -0.051503 0.672899
v -0.101668 -0.043221 0.673713
v -0.119158 0.033338 -0.105901
v -0.117070 0.041620 -0.105087
v -0.125318 0.039255 -0.105087
v -0.095508 -0.049138 0.672899
v -0.101668 -0.043221 0.673713
v -0.093420 -0.040856 0.673713
v -0.119158 0.033338 -0.105901
v -0.110910 0.035703 -0.105901
v -0.117070 0.041620 -0.105087
v -0.095508 -0.049138 0.672899
v -0.093420 -0.040856 0.673713
v -0.087261 -0.046773 0.672899
v -0.030667 0.022743 0.016131
v -0.104022 0.039703 0.056325
v -0.187448 -0.053256 0.024348
v -0.107822 0.039703 -0.016175
v -0.131699 -0.007060 -0.055119
v -0.125594 -0.012224 -0.057066
v -0.079579 -0.014635 0.093651
v -0.085683 -0.009472 0.095598
v -0.125594 -0.012224 -0.057066
v -0.128432 -0.019912 -0.056322
v -0.082417 -0.022324 0.094395
v -0.079579 -0.014635 0.093651
v -0.128432 -0.019912 -0.056322
v -0.136291 -0.019500 -0.053916
v -0.090275 -0.021912 0.096801
v -0.082417 -0.022324 0.094395
v -0.136291 -0.019500 -0.053916
v -0.138310 -0.011557 -0.053173
v -0.092294 -0.013969 0.097544
v -0.090275 -0.021912 0.096801
v -0.138310 -0.011557 -0.053173
v -0.131699 -0.007060 -0.055119
v -0.085683 -0.009472 0.095598
v -0.092294 -0.013969 0.097544
v -0.132065 -0.014051 -0.055119
v -0.125594 -0.012224 -0.057066
v -0.131699 -0.007060 -0.055119
v -0.086050 -0.016462 0.095598
v -0.085683 -0.009472 0.095598
v -0.079579 -0.014635 0.093651
v -0.132065 -0.014051 -0.055119
v -0.128432 -0.019912 -0.056322
v -0.125594 -0.012224 -0.057066
v -0.086050 -0.016462 0.095598
v -0.079579 -0.014635 0.093651
v -0.082417 -0.022324 0.094395
v -0.132065 -0.014051 -0.055119
v -0.136291 -0.019500 -0.053916
v -0.128432 -0.019912 -0.056322
v -0.086050 -0.016462 0.095598
v -0.082417 -0.022324 0.094395
v -0.090275 -0.021912 0.096801
v -0.132065 -0.014051 -0.055119
v -0.138310 -0.011557 -0.053173
v -0.136291 -0.019500 -0.053916
v -0.086050 -0.016462 0.095598
v -0.090275 -0.021912 0.096801
v -0.092294 -0.013969 0.097544
v -0.132065 -0.014051 -0.055119
v -0.131699 -0.007060 -0.055119
v -0.138310 -0.011557 -0.053173
v -0.086050 -0.016462 0.095598
v -0.092294 -0.013969 0.097544
v -0.085683 -0.009472 0.095598
v -0.030667 0.022743 0.016131
v 0.051884 0.039703 0.029620
v 0.097938 -0.053256 0.106181
v 0.010243 0.039703 0.089090
v 0.056523 -0.007776 -0.014203
v 0.048534 -0.007465 -0.016149
v 0.010788 -0.033895 0.134568
v 0.018778 -0.034205 0.136514
v 0.048534 -0.007465 -0.016149
v 0.046037 0.000340 -0.015406
v 0.008291 -0.026089 0.135311
v 0.010788 -0.033895 0.134568
v 0.046037 0.000340 -0.015406
v 0.052483 0.004854 -0.013000
v 0.014738 -0.021576 0.137717
v 0.008291 -0.026089 0.135311
v 0.052483 0.004854 -0.013000
v 0.058964 -0.000162 -0.012256
v 0.021219 -0.026592 0.138461
v 0.014738 -0.021576 0.137717
v 0.058964 -0.000162 -0.012256
v 0.056523 -0.007776 -0.014203
v 0.018778 -0.034205 0.136514
v 0.021219 -0.026592 0.138461
v 0.052508 -0.002042 -0.014203
v 0.048534 -0.007465 -0.016149
v 0.056523 -0.007776 -0.014203
v 0.014763 -0.028471 0.136514
v 0.018778 -0.034205 0.136514
v 0.010788 -0.033895 0.134568
v 0.052508 -0.002042 -0.014203
v 0.046037 0.000340 -0.015406
v 0.048534 -0.007465 -0.016149
v 0.014763 -0.028471 0.136514
v 0.010788 -0.033895 0.134568
v 0.008291 -0.026089 0.135311
v 0.052508 -0.002042 -0.014203
v 0.052483 0.004854 -0.013000
v 0.046037 0.000340 -0.015406
v 0.014763 -0.028471 0.136514
v 0.008291 -0.026089 0.135311
v 0.014738 -0.021576 0.137717
v 0.052508 -0.002042 -0.014203
v 0.058964 -0.000162 -0.012256
v 0.052483 0.004854 -0.013000
v 0.014763 -0.028471 0.136514
v 0.014738 -0.021576 0.137717
v 0.021219 -0.026592 0.138461
v 0.052508 -0.002042 -0.014203
v 0.056523 -0.007776 -0.014203
v 0.058964 -0.000162 -0.012256
v 0.014763 -0.028471 0.136514
v 0.021219 -0.026592 0.138461
v 0.018778 -0.034205 0.136514
v -0.061333 0.010486 0.123078
v -0.151734 0.018426 0.153145
v -0.244394 -0.084306 0.110277
v -0.146670 0.018426 0.080722
v -0.185333 -0.032163 0.028594
v -0.178755 -0.036552 0.026317
v -0.114792 -0.032079 0.202484
v -0.121370 -0.027691 0.204761
v -0.178755 -0.036552 0.026317
v -0.180593 -0.044526 0.027187
v -0.116630 -0.040053 0.203354
v -0.114792 -0.032079 0.202484
v -0.180593 -0.044526 0.027187
v -0.188307 -0.045065 0.030001
v -0.124344 -0.040593 0.206169
v -0.116630 -0.040053 0.203354
v -0.188307 -0.045065 0.030001
v -0.191237 -0.037425 0.030871
v -0.127273 -0.032952 0.207038
v -0.124344 -0.040593 0.206169
v -0.191237 -0.037425 0.030871
v -0.185333 -0.032163 0.028594
v -0.121370 -0.027691 0.204761
v -0.127273 -0.032952 0.207038
v -0.184845 -0.039146 0.028594
v -0.178755 -0.036552 0.026317
v -0.185333 -0.032163 0.028594
v -0.120882 -0.034674 0.204761
v -0.121370 -0.027691 0.204761
v -0.114792 -0.032079 0.202484
v -0.184845 -0.039146 0.028594
v -0.180593 -0.044526 0.027187
v -0.178755 -0.036552 0.026317
v -0.120882 -0.034674 0.204761
v -0.114792 -0.032079 0.202484
v -0.116630 -0.040053 0.203354
v -0.184845 -0.039146 0.028594
v -0.188307 -0.045065 0.030001
v -0.180593 -0.044526 0.027187
v -0.120882 -0.034674 0.204761
v -0.116630 -0.040053 0.203354
v -0.124344 -0.040593 0.206169
v -0.184845 -0.039146 0.028594
v -0.191237 -0.037425 0.030871
v -0.188307 -0.045065 0.030001
v -0.120882 -0.034674 0.204761
v -0.124344 -0.040593 0.206169
v -0.127273 -0.032952 0.207038
v -0.184845 -0.039146 0.028594
v -0.185333 -0.032163 0.028594
v -0.191237 -0.037425 0.030871
v -0.120882 -0.034674 0.204761
v -0.127273 -0.032952 0.207038
v -0.121370 -0.027691 0.204761
v -0.061333 0.010486 0.123078
v 0.033482 0.018426 0.132380
v 0.100694 -0.084306 0.209230
v -0.000602 0.018426 0.196482
v 0.051274 -0.028039 0.078070
v 0.043480 -0.026706 0.075793
v -0.013135 -0.056808 0.251961
v -0.005340 -0.058142 0.254238
v 0.043480 -0.026706 0.075793
v 0.041915 -0.018674 0.076663
v -0.014699 -0.048776 0.252830
v -0.013135 -0.056808 0.251961
v 0.041915 -0.018674 0.076663
v 0.048743 -0.015043 0.079478
v -0.007872 -0.045146 0.255645
v -0.014699 -0.048776 0.252830
v 0.048743 -0.015043 0.079478
v 0.054527 -0.020832 0.080347
v -0.002087 -0.050934 0.256514
v -0.007872 -0.045146 0.255645
v 0.054527 -0.020832 0.080347
v 0.051274 -0.028039 0.078070
v -0.005340 -0.058142 0.254238
v -0.002087 -0.050934 0.256514
v 0.047988 -0.021859 0.078070
v 0.043480 -0.026706 0.075793
v 0.051274 -0.028039 0.078070
v -0.008627 -0.051961 0.254238
v -0.005340 -0.058142 0.254238
v -0.013135 -0.056808 0.251961
v 0.047988 -0.021859 0.078070
v 0.041915 -0.018674 0.076663
v 0.043480 -0.026706 0.075793
v -0.008627 -0.051961 0.254238
v -0.013135 -0.056808 0.251961
v -0.014699 -0.048776 0.252830
v 0.047988 -0.021859 0.078070
v 0.048743 -0.015043 0.079478
v 0.041915 -0.018674 0.076663
v -0.008627 -0.051961 0.254238
v -0.014699 -0.048776 0.252830
v -0.007872 -0.045146 0.255645
v 0.047988 -0.021859 0.078070
v 0.054527 -0.020832 0.080347
v 0.048743 -0.015043 0.079478
v -0.008627 -0.051961 0.254238
v -0.007872 -0.045146 0.255645
v -0.002087 -0.050934 0.256514
v 0.047988 -0.021859 0.078070
v 0.051274 -0.028039 0.078070
v 0.054527 -0.020832 0.080347
v -0.008627 -0.051961 0.254238
v -0.002087 -0.050934 0.256514
v -0.005340 -0.058142 0.254238
v -0.092000 -0.001771 0.230025
v -0.197121 -0.004233 0.246571
v -0.296572 -0.118233 0.190261
v -0.183268 -0.004233 0.175305
v -0.237303 -0.061233 0.110110
v -0.230364 -0.064811 0.107509
v -0.147002 -0.048607 0.307574
v -0.153941 -0.045029 0.310176
v -0.230364 -0.064811 0.107509
v -0.231169 -0.072940 0.108503
v -0.147806 -0.056736 0.308568
v -0.147002 -0.048607 0.307574
v -0.231169 -0.072940 0.108503
v -0.238604 -0.074386 0.111718
v -0.155242 -0.058182 0.311783
v -0.147806 -0.056736 0.308568
v -0.238604 -0.074386 0.111718
v -0.242396 -0.067150 0.112712
v -0.159033 -0.050946 0.312777
v -0.155242 -0.058182 0.311783
v -0.242396 -0.067150 0.112712
v -0.237303 -0.061233 0.110110
v -0.153941 -0.045029 0.310176
v -0.159033 -0.050946 0.312777
v -0.235967 -0.068104 0.110110
v -0.230364 -0.064811 0.107509
v -0.237303 -0.061233 0.110110
v -0.152605 -0.051900 0.310176
v -0.153941 -0.045029 0.310176
v -0.147002 -0.048607 0.307574
v -0.235967 -0.068104 0.110110
v -0.231169 -0.072940 0.108503
v -0.230364 -0.064811 0.107509
v -0.152605 -0.051900 0.310176
v -0.147002 -0.048607 0.307574
v -0.147806 -0.056736 0.308568
v -0.235967 -0.068104 0.110110
v -0.238604 -0.074386 0.111718
v -0.231169 -0.072940 0.108503
v -0.152605 -0.051900 0.310176
v -0.147806 -0.056736 0.308568
v -0.155242 -0.058182 0.311783
v -0.235967 -0.068104 0.110110
v -0.242396 -0.067150 0.112712
v -0.238604 -0.074386 0.111718
v -0.152605 -0.051900 0.310176
v -0.155242 -0.058182 0.311783
v -0.159033 -0.050946 0.312777
v -0.235967 -0.068104 0.110110
v -0.237303 -0.061233 0.110110
v -0.242396 -0.067150 0.112712
v -0.152605 -0.051900 0.310176
v -0.159033 -0.050946 0.312777
v -0.153941 -0.045029 0.310176
v -0.092000 -0.001771 0.230025
v 0.014397 -0.004233 0.231985
v 0.102559 -0.118233 0.304710
v -0.011620 -0.004233 0.299763
v 0.047429 -0.051320 0.167335
v 0.039975 -0.049001 0.164734
v -0.039307 -0.079434 0.364799
v -0.031853 -0.081754 0.367400
v 0.039975 -0.049001 0.164734
v 0.039356 -0.040856 0.165727
v -0.039927 -0.071289 0.365792
v -0.039307 -0.079434 0.364799
v 0.039356 -0.040856 0.165727
v 0.046427 -0.038141 0.168943
v -0.032855 -0.068574 0.369008
v -0.039927 -0.071289 0.365792
v 0.046427 -0.038141 0.168943
v 0.051417 -0.044609 0.169936
v -0.027865 -0.075042 0.370001
v -0.032855 -0.068574 0.369008
v 0.051417 -0.044609 0.169936
v 0.047429 -0.051320 0.167335
v -0.031853 -0.081754 0.367400
v -0.027865 -0.075042 0.370001
v 0.044921 -0.044785 0.167335
v 0.039975 -0.049001 0.164734
v 0.047429 -0.051320 0.167335
v -0.034361 -0.075219 0.367400
v -0.031853 -0.081754 0.367400
v -0.039307 -0.079434 0.364799
v 0.044921 -0.044785 0.167335
v 0.039356 -0.040856 0.165727
v 0.039975 -0.049001 0.164734
v -0.034361 -0.075219 0.367400
v -0.039307 -0.079434 0.364799
v -0.039927 -0.071289 0.365792
v 0.044921 -0.044785 0.167335
v 0.046427 -0.038141 0.168943
v 0.039356 -0.040856 0.165727
v -0.034361 -0.075219 0.367400
v -0.039927 -0.071289 0.365792
v -0.032855 -0.068574 0.369008
v 0.044921 -0.044785 0.167335
v 0.051417 -0.044609 0.169936
v 0.046427 -0.038141 0.168943
v -0.034361 -0.075219 0.367400
v -0.032855 -0.068574 0.369008
v -0.027865 -0.075042 0.370001
v 0.044921 -0.044785 0.167335
v 0.047429 -0.051320 0.167335
v 0.051417 -0.044609 0.169936
v -0.034361 -0.075219 0.367400
v -0.027865 -0.075042 0.370001
v -0.031853 -0.081754 0.367400
v -0.122666 -0.014029 0.336973
v -0.223202 -0.019834 0.342475
v -0.308746 -0.137456 0.276512
v -0.200767 -0.019834 0.273428
v -0.261433 -0.083240 0.212827
v -0.254247 -0.085991 0.209909
v -0.167121 -0.057681 0.397738
v -0.174306 -0.054930 0.400657
v -0.254247 -0.085991 0.209909
v -0.254003 -0.094140 0.211024
v -0.166876 -0.065831 0.398853
v -0.167121 -0.057681 0.397738
v -0.254003 -0.094140 0.211024
v -0.261037 -0.096426 0.214631
v -0.173910 -0.068117 0.402461
v -0.166876 -0.065831 0.398853
v -0.261037 -0.096426 0.214631
v -0.265629 -0.089689 0.215746
v -0.178502 -0.061380 0.403575
v -0.173910 -0.068117 0.402461
v -0.265629 -0.089689 0.215746
v -0.261433 -0.083240 0.212827
v -0.174306 -0.054930 0.400657
v -0.178502 -0.061380 0.403575
v -0.259270 -0.089897 0.212827
v -0.254247 -0.085991 0.209909
v -0.261433 -0.083240 0.212827
v -0.172143 -0.061588 0.400657
v -0.174306 -0.054930 0.400657
v -0.167121 -0.057681 0.397738
v -0.259270 -0.089897 0.212827
v -0.254003 -0.094140 0.211024
v -0.254247 -0.085991 0.209909
v -0.172143 -0.061588 0.400657
v -0.167121 -0.057681 0.397738
v -0.166876 -0.065831 0.398853
v -0.259270 -0.089897 0.212827
v -0.261037 -0.096426 0.214631
v -0.254003 -0.094140 0.211024
v -0.172143 -0.061588 0.400657
v -0.166876 -0.065831 0.398853
v -0.173910 -0.068117 0.402461
v -0.259270 -0.089897 0.212827
v -0.265629 -0.089689 0.215746
v -0.261037 -0.096426 0.214631
v -0.172143 -0.061588 0.400657
v -0.173910 -0.068117 0.402461
v -0.178502 -0.061380 0.403575
v -0.259270 -0.089897 0.212827
v -0.261433 -0.083240 0.212827
v -0.265629 -0.089689 0.215746
v -0.172143 -0.061588 0.400657
v -0.178502 -0.061380 0.403575
v -0.174306 -0.054930 0.400657
v -0.122666 -0.014029 0.336973
v -0.022760 -0.019834 0.324471
v 0.067177 -0.137456 0.384306
v -0.040323 -0.019834 0.394914
v 0.018394 -0.071453 0.266725
v 0.011417 -0.068208 0.263806
v -0.077472 -0.090370 0.451636
v -0.070496 -0.093616 0.454554
v 0.011417 -0.068208 0.263806
v 0.011742 -0.060061 0.264921
v -0.077148 -0.082223 0.452750
v -0.077472 -0.090370 0.451636
v 0.011742 -0.060061 0.264921
v 0.018918 -0.058272 0.268528
v -0.069971 -0.080434 0.456358
v -0.077148 -0.082223 0.452750
v 0.018918 -0.058272 0.268528
v 0.023029 -0.065312 0.269643
v -0.065860 -0.087475 0.457472
v -0.069971 -0.080434 0.456358
v 0.023029 -0.065312 0.269643
v 0.018394 -0.071453 0.266725
v -0.070496 -0.093616 0.454554
v -0.065860 -0.087475 0.457472
v 0.016700 -0.064661 0.266725
v 0.011417 -0.068208 0.263806
v 0.018394 -0.071453 0.266725
v -0.072189 -0.086824 0.454554
v -0.070496 -0.093616 0.454554
v -0.077472 -0.090370 0.451636
v 0.016700 -0.064661 0.266725
v 0.011742 -0.060061 0.264921
v 0.011417 -0.068208 0.263806
v -0.072189 -0.086824 0.454554
v -0.077472 -0.090370 0.451636
v -0.077148 -0.082223 0.452750
v 0.016700 -0.064661 0.266725
v 0.018918 -0.058272 0.268528
v 0.011742 -0.060061 0.264921
v -0.072189 -0.086824 0.454554
v -0.077148 -0.082223 0.452750
v -0.069971 -0.080434 0.456358
v 0.016700 -0.064661 0.266725
v 0.023029 -0.065312 0.269643
v 0.018918 -0.058272 0.268528
v -0.072189 -0.086824 0.454554
v -0.069971 -0.080434 0.456358
v -0.065860 -0.087475 0.457472
v 0.016700 -0.064661 0.266725
v 0.018394 -0.071453 0.266725
v 0.023029 -0.065312 0.269643
v -0.072189 -0.086824 0.454554
v -0.065860 -0.087475 0.457472
v -0.070496 -0.093616 0.454554
v -0.153333 -0.026286 0.443920
v -0.239662 -0.029703 0.443717
v -0.301224 -0.144738 0.374957
v -0.208980 -0.029703 0.377919
v -0.269586 -0.097516 0.331112
v -0.262265 -0.099439 0.327884
v -0.183567 -0.062742 0.484537
v -0.190888 -0.060819 0.487765
v -0.262265 -0.099439 0.327884
v -0.260973 -0.107472 0.329117
v -0.182275 -0.070775 0.485770
v -0.183567 -0.062742 0.484537
v -0.260973 -0.107472 0.329117
v -0.267496 -0.110514 0.333107
v -0.188798 -0.073816 0.489760
v -0.182275 -0.070775 0.485770
v -0.267496 -0.110514 0.333107
v -0.272819 -0.104361 0.334340
v -0.194121 -0.067663 0.490992
v -0.188798 -0.073816 0.489760
v -0.272819 -0.104361 0.334340
v -0.269586 -0.097516 0.331112
v -0.190888 -0.060819 0.487765
v -0.194121 -0.067663 0.490992
v -0.266628 -0.103861 0.331112
v -0.262265 -0.099439 0.327884
v -0.269586 -0.097516 0.331112
v -0.187930 -0.067163 0.487765
v -0.190888 -0.060819 0.487765
v -0.183567 -0.062742 0.484537
v -0.266628 -0.103861 0.331112
v -0.260973 -0.107472 0.329117
v -0.262265 -0.099439 0.327884
v -0.187930 -0.067163 0.487765
v -0.183567 -0.062742 0.484537
v -0.182275 -0.070775 0.485770
v -0.266628 -0.103861 0.331112
v -0.267496 -0.110514 0.333107
v -0.260973 -0.107472 0.329117
v -0.187930 -0.067163 0.487765
v -0.182275 -0.070775 0.485770
v -0.188798 -0.073816 0.489760
v -0.266628 -0.103861 0.331112
v -0.272819 -0.104361 0.334340
v -0.267496 -0.110514 0.333107
v -0.187930 -0.067163 0.487765
v -0.188798 -0.073816 0.489760
v -0.194121 -0.067663 0.490992
v -0.266628 -0.103861 0.331112
v -0.269586 -0.097516 0.331112
v -0.272819 -0.104361 0.334340
v -0.187930 -0.067163 0.487765
v -0.194121 -0.067663 0.490992
v -0.190888 -0.060819 0.487765
v -0.153333 -0.026286 0.443920
v -0.071167 -0.029703 0.417436
v 0.008631 -0.144738 0.463806
v -0.080014 -0.029703 0.489495
v -0.028405 -0.087168 0.375537
v -0.034774 -0.083077 0.372309
v -0.120960 -0.093660 0.528962
v -0.114592 -0.097751 0.532190
v -0.034774 -0.083077 0.372309
v -0.033520 -0.075038 0.373542
v -0.119707 -0.085621 0.530195
v -0.120960 -0.093660 0.528962
v -0.033520 -0.075038 0.373542
v -0.026376 -0.074161 0.377531
v -0.112563 -0.084744 0.534184
v -0.119707 -0.085621 0.530195
v -0.026376 -0.074161 0.377531
v -0.023215 -0.081658 0.378764
v -0.109402 -0.092240 0.535417
v -0.112563 -0.084744 0.534184
v -0.023215 -0.081658 0.378764
v -0.028405 -0.087168 0.375537
v -0.114592 -0.097751 0.532190
v -0.109402 -0.092240 0.535417
v -0.029258 -0.080221 0.375537
v -0.034774 -0.083077 0.372309
v -0.028405 -0.087168 0.375537
v -0.115445 -0.090803 0.532190
v -0.114592 -0.097751 0.532190
v -0.120960 -0.093660 0.528962
v -0.029258 -0.080221 0.375537
v -0.033520 -0.075038 0.373542
v -0.034774 -0.083077 0.372309
v -0.115445 -0.090803 0.532190
v -0.120960 -0.093660 0.528962
v -0.119707 -0.085621 0.530195
v -0.029258 -0.080221 0.375537
v -0.026376 -0.074161 0.377531
v -0.033520 -0.075038 0.373542
v -0.115445 -0.090803 0.532190
v -0.119707 -0.085621 0.530195
v -0.112563 -0.084744 0.534184
v -0.029258 -0.080221 0.375537
v -0.023215 -0.081658 0.378764
v -0.026376 -0.074161 0.377531
v -0.115445 -0.090803 0.532190
v -0.112563 -0.084744 0.534184
v -0.109402 -0.092240 0.535417
v -0.029258 -0.080221 0.375537
v -0.028405 -0.087168 0.375537
v -0.023215 -0.081658 0.378764
v -0.115445 -0.090803 0.532190
v -0.109402 -0.092240 0.535417
v -0.114592 -0.097751 0.532190
v -0.184000 -0.038543 0.550867
v -0.256901 -0.038085 0.548117
v -0.295803 -0.148923 0.481005
v -0.218429 -0.038085 0.486549
v -0.277145 -0.108751 0.452655
v -0.269794 -0.109861 0.449127
v -0.202726 -0.067952 0.575689
v -0.210077 -0.066842 0.579217
v -0.269794 -0.109861 0.449127
v -0.267475 -0.117641 0.450474
v -0.200407 -0.075732 0.577037
v -0.202726 -0.067952 0.575689
v -0.267475 -0.117641 0.450474
v -0.273394 -0.121339 0.454835
v -0.206326 -0.079430 0.581398
v -0.200407 -0.075732 0.577037
v -0.273394 -0.121339 0.454835
v -0.279370 -0.115845 0.456182
v -0.212302 -0.073936 0.582745
v -0.206326 -0.079430 0.581398
v -0.279370 -0.115845 0.456182
v -0.277145 -0.108751 0.452655
v -0.210077 -0.066842 0.579217
v -0.212302 -0.073936 0.582745
v -0.273435 -0.114687 0.452655
v -0.269794 -0.109861 0.449127
v -0.277145 -0.108751 0.452655
v -0.206367 -0.072779 0.579217
v -0.210077 -0.066842 0.579217
v -0.202726 -0.067952 0.575689
v -0.273435 -0.114687 0.452655
v -0.267475 -0.117641 0.450474
v -0.269794 -0.109861 0.449127
v -0.206367 -0.072779 0.579217
v -0.202726 -0.067952 0.575689
v -0.200407 -0.075732 0.577037
v -0.273435 -0.114687 0.452655
v -0.273394 -0.121339 0.454835
v -0.267475 -0.117641 0.450474
v -0.206367 -0.072779 0.579217
v -0.200407 -0.075732 0.577037
v -0.206326 -0.079430 0.581398
v -0.273435 -0.114687 0.452655
v -0.279370 -0.115845 0.456182
v -0.273394 -0.121339 0.454835
v -0.206367 -0.072779 0.579217
v -0.206326 -0.079430 0.581398
v -0.212302 -0.073936 0.582745
v -0.273435 -0.114687 0.452655
v -0.277145 -0.108751 0.452655
v -0.279370 -0.115845 0.456182
v -0.206367 -0.072779 0.579217
v -0.212302 -0.073936 0.582745
v -0.210077 -0.066842 0.579217
v -0.184000 -0.038543 0.550867
v -0.120718 -0.038085 0.514567
v -0.052164 -0.148923 0.550867
v -0.120718 -0.038085 0.587167
v -0.078539 -0.100733 0.487586
v -0.084185 -0.095896 0.484058
v -0.163270 -0.095896 0.610621
v -0.157624 -0.100733 0.614148
v -0.084185 -0.095896 0.484058
v -0.082028 -0.088070 0.485405
v -0.161114 -0.088070 0.611968
v -0.163270 -0.095896 0.610621
v -0.082028 -0.088070 0.485405
v -0.075050 -0.088070 0.489766
v -0.154135 -0.088070 0.616329
v -0.161114 -0.088070 0.611968
v -0.075050 -0.088070 0.489766
v -0.072893 -0.095896 0.491114
v -0.151978 -0.095896 0.617676
v -0.154135 -0.088070 0.616329
v -0.072893 -0.095896 0.491114
v -0.078539 -0.100733 0.487586
v -0.157624 -0.100733 0.614148
v -0.151978 -0.095896 0.617676
v -0.078539 -0.093733 0.487586
v -0.084185 -0.095896 0.484058
v -0.078539 -0.100733 0.487586
v -0.157624 -0.093733 0.614148
v -0.157624 -0.100733 0.614148
v -0.163270 -0.095896 0.610621
v -0.078539 -0.093733 0.487586
v -0.082028 -0.088070 0.485405
v -0.084185 -0.095896 0.484058
v -0.157624 -0.093733 0.614148
v -0.163270 -0.095896 0.610621
v -0.161114 -0.088070 0.611968
v -0.078539 -0.093733 0.487586
v -0.075050 -0.088070 0.489766
v -0.082028 -0.088070 0.485405
v -0.157624 -0.093733 0.614148
v -0.161114 -0.088070 0.611968
v -0.154135 -0.088070 0.616329
v -0.078539 -0.093733 0.487586
v -0.072893 -0.095896 0.491114
v -0.075050 -0.088070 0.489766
v -0.157624 -0.093733 0.614148
v -0.154135 -0.088070 0.616329
v -0.151978 -0.095896 0.617676
v -0.078539 -0.093733 0.487586
v -0.078539 -0.100733 0.487586
v -0.072893 -0.095896 0.491114
v -0.157624 -0.093733 0.614148
v -0.151978 -0.095896 0.617676
v -0.157624 -0.100733 0.614148
v 0.254683 0.032099 -0.043984
v 0.249912 0.027353 -0.044625
v 0.232416 -0.037944 0.568975
v 0.237187 -0.033198 0.569616
v 0.249912 0.027353 -0.044625
v 0.243383 0.029102 -0.044625
v 0.225887 -0.036194 0.568975
v 0.232416 -0.037944 0.568975
v 0.243383 0.029102 -0.044625
v 0.241624 0.035598 -0.043984
v 0.224128 -0.029699 0.569616
v 0.225887 -0.036194 0.568975
v 0.241624 0.035598 -0.043984
v 0.246395 0.040344 -0.043343
v 0.228899 -0.024953 0.570257
v 0.224128 -0.029699 0.569616
v 0.246395 0.040344 -0.043343
v 0.252925 0.038594 -0.043343
v 0.235429 -0.026702 0.570257
v 0.228899 -0.024953 0.570257
v 0.252925 0.038594 -0.043343
v 0.254683 0.032099 -0.043984
v 0.237187 -0.033198 0.569616
v 0.235429 -0.026702 0.570257
v 0.248154 0.033848 -0.043984
v 0.249912 0.027353 -0.044625
v 0.254683 0.032099 -0.043984
v 0.230658 -0.031448 0.569616
v 0.237187 -0.033198 0.569616
v 0.232416 -0.037944 0.568975
v 0.248154 0.033848 -0.043984
v 0.243383 0.029102 -0.044625
v 0.249912 0.027353 -0.044625
v 0.230658 -0.031448 0.569616
v 0.232416 -0.037944 0.568975
v 0.225887 -0.036194 0.568975
v 0.248154 0.033848 -0.043984
v 0.241624 0.035598 -0.043984
v 0.243383 0.029102 -0.044625
v 0.230658 -0.031448 0.569616
v 0.225887 -0.036194 0.568975
v 0.224128 -0.029699 0.569616
v 0.248154 0.033848 -0.043984
v 0.246395 0.040344 -0.043343
v 0.241624 0.035598 -0.043984
v 0.230658 -0.031448 0.569616
v 0.224128 -0.029699 0.569616
v 0.228899 -0.024953 0.570257
v 0.248154 0.033848 -0.043984
v 0.252925 0.038594 -0.043343
v 0.246395 0.040344 -0.043343
v 0.230658 -0.031448 0.569616
v 0.228899 -0.024953 0.570257
v 0.235429 -0.026702 0.570257
v 0.248154 0.033848 -0.043984
v 0.254683 0.032099 -0.043984
v 0.252925 0.038594 -0.043343
v 0.230658 -0.031448 0.569616
v 0.235429 -0.026702 0.570257
v 0.237187 -0.033198 0.569616
v 0.182687 0.025343 0.051140
v 0.149458 0.047191 0.108052
v 0.080140 -0.040474 0.120310
v 0.117472 0.047191 0.060631
v 0.120279 0.008388 0.026352
v 0.122852 0.000818 0.024405
v 0.152950 -0.019483 0.143152
v 0.150377 -0.011913 0.145098
v 0.122852 0.000818 0.024405
v 0.116460 -0.004310 0.025149
v 0.146558 -0.024612 0.143895
v 0.152950 -0.019483 0.143152
v 0.116460 -0.004310 0.025149
v 0.109936 0.000090 0.027555
v 0.140034 -0.020211 0.146301
v 0.146558 -0.024612 0.143895
v 0.109936 0.000090 0.027555
v 0.112296 0.007938 0.028298
v 0.142394 -0.012363 0.147045
v 0.140034 -0.020211 0.146301
v 0.112296 0.007938 0.028298
v 0.120279 0.008388 0.026352
v 0.150377 -0.011913 0.145098
v 0.142394 -0.012363 0.147045
v 0.116365 0.002585 0.026352
v 0.122852 0.000818 0.024405
v 0.120279 0.008388 0.026352
v 0.146463 -0.017716 0.145098
v 0.150377 -0.011913 0.145098
v 0.152950 -0.019483 0.143152
v 0.116365 0.002585 0.026352
v 0.116460 -0.004310 0.025149
v 0.122852 0.000818 0.024405
v 0.146463 -0.017716 0.145098
v 0.152950 -0.019483 0.143152
v 0.146558 -0.024612 0.143895
v 0.116365 0.002585 0.026352
v 0.109936 0.000090 0.027555
v 0.116460 -0.004310 0.025149
v 0.146463 -0.017716 0.145098
v 0.146558 -0.024612 0.143895
v 0.140034 -0.020211 0.146301
v 0.116365 0.002585 0.026352
v 0.112296 0.007938 0.028298
v 0.109936 0.000090 0.027555
v 0.146463 -0.017716 0.145098
v 0.140034 -0.020211 0.146301
v 0.142394 -0.012363 0.147045
v 0.116365 0.002585 0.026352
v 0.120279 0.008388 0.026352
v 0.112296 0.007938 0.028298
v 0.146463 -0.017716 0.145098
v 0.142394 -0.012363 0.147045
v 0.150377 -0.011913 0.145098
v 0.182687 0.025343 0.051140
v 0.243911 0.047191 0.026752
v 0.306080 -0.040474 0.059769
v 0.239921 0.047191 0.083812
v 0.262980 -0.013282 -0.003919
v 0.256292 -0.008901 -0.005865
v 0.220076 -0.011434 0.112882
v 0.226764 -0.015815 0.114828
v 0.256292 -0.008901 -0.005865
v 0.258172 -0.000925 -0.005122
v 0.221956 -0.003457 0.113625
v 0.220076 -0.011434 0.112882
v 0.258172 -0.000925 -0.005122
v 0.266022 -0.000376 -0.002716
v 0.229806 -0.002908 0.116031
v 0.221956 -0.003457 0.113625
v 0.266022 -0.000376 -0.002716
v 0.268994 -0.008013 -0.001972
v 0.232778 -0.010546 0.116774
v 0.229806 -0.002908 0.116031
v 0.268994 -0.008013 -0.001972
v 0.262980 -0.013282 -0.003919
v 0.226764 -0.015815 0.114828
v 0.232778 -0.010546 0.116774
v 0.262492 -0.006300 -0.003919
v 0.256292 -0.008901 -0.005865
v 0.262980 -0.013282 -0.003919
v 0.226276 -0.008832 0.114828
v 0.226764 -0.015815 0.114828
v 0.220076 -0.011434 0.112882
v 0.262492 -0.006300 -0.003919
v 0.258172 -0.000925 -0.005122
v 0.256292 -0.008901 -0.005865
v 0.226276 -0.008832 0.114828
v 0.220076 -0.011434 0.112882
v 0.221956 -0.003457 0.113625
v 0.262492 -0.006300 -0.003919
v 0.266022 -0.000376 -0.002716
v 0.258172 -0.000925 -0.005122
v 0.226276 -0.008832 0.114828
v 0.221956 -0.003457 0.113625
v 0.229806 -0.002908 0.116031
v 0.262492 -0.006300 -0.003919
v 0.268994 -0.008013 -0.001972
v 0.266022 -0.000376 -0.002716
v 0.226276 -0.008832 0.114828
v 0.229806 -0.002908 0.116031
v 0.232778 -0.010546 0.116774
v 0.262492 -0.006300 -0.003919
v 0.262980 -0.013282 -0.003919
v 0.268994 -0.008013 -0.001972
v 0.226276 -0.008832 0.114828
v 0.232778 -0.010546 0.116774
v 0.226764 -0.015815 0.114828
v 0.205375 0.015686 0.135811
v 0.156524 0.030426 0.192800
v 0.076551 -0.064938 0.201449
v 0.130555 0.030426 0.141835
v 0.121635 -0.006921 0.099231
v 0.125013 -0.014071 0.096954
v 0.170025 -0.037006 0.235752
v 0.166647 -0.029856 0.238029
v 0.125013 -0.014071 0.096954
v 0.119331 -0.019960 0.097824
v 0.164343 -0.042895 0.236622
v 0.170025 -0.037006 0.235752
v 0.119331 -0.019960 0.097824
v 0.112441 -0.016449 0.100638
v 0.157453 -0.039384 0.239437
v 0.164343 -0.042895 0.236622
v 0.112441 -0.016449 0.100638
v 0.113865 -0.008391 0.101508
v 0.158877 -0.031326 0.240306
v 0.157453 -0.039384 0.239437
v 0.113865 -0.008391 0.101508
v 0.121635 -0.006921 0.099231
v 0.166647 -0.029856 0.238029
v 0.158877 -0.031326 0.240306
v 0.118457 -0.013159 0.099231
v 0.125013 -0.014071 0.096954
v 0.121635 -0.006921 0.099231
v 0.163469 -0.036093 0.238029
v 0.166647 -0.029856 0.238029
v 0.170025 -0.037006 0.235752
v 0.118457 -0.013159 0.099231
v 0.119331 -0.019960 0.097824
v 0.125013 -0.014071 0.096954
v 0.163469 -0.036093 0.238029
v 0.170025 -0.037006 0.235752
v 0.164343 -0.042895 0.236622
v 0.118457 -0.013159 0.099231
v 0.112441 -0.016449 0.100638
v 0.119331 -0.019960 0.097824
v 0.163469 -0.036093 0.238029
v 0.164343 -0.042895 0.236622
v 0.157453 -0.039384 0.239437
v 0.118457 -0.013159 0.099231
v 0.113865 -0.008391 0.101508
v 0.112441 -0.016449 0.100638
v 0.163469 -0.036093 0.238029
v 0.157453 -0.039384 0.239437
v 0.158877 -0.031326 0.240306
v 0.118457 -0.013159 0.099231
v 0.121635 -0.006921 0.099231
v 0.113865 -0.008391 0.101508
v 0.163469 -0.036093 0.238029
v 0.158877 -0.031326 0.240306
v 0.166647 -0.029856 0.238029
v 0.205375 0.015686 0.135811
v 0.273182 0.030426 0.103618
v 0.349758 -0.064938 0.128244
v 0.276176 0.030426 0.160739
v 0.302425 -0.032938 0.062628
v 0.296431 -0.027781 0.060351
v 0.245981 -0.025137 0.199150
v 0.251975 -0.030294 0.201427
v 0.296431 -0.027781 0.060351
v 0.299226 -0.020090 0.061221
v 0.248777 -0.017446 0.200019
v 0.245981 -0.025137 0.199150
v 0.299226 -0.020090 0.061221
v 0.306948 -0.020495 0.064035
v 0.256499 -0.017851 0.202834
v 0.248777 -0.017446 0.200019
v 0.306948 -0.020495 0.064035
v 0.308925 -0.028436 0.064905
v 0.258476 -0.025792 0.203703
v 0.256499 -0.017851 0.202834
v 0.308925 -0.028436 0.064905
v 0.302425 -0.032938 0.062628
v 0.251975 -0.030294 0.201427
v 0.258476 -0.025792 0.203703
v 0.302791 -0.025948 0.062628
v 0.296431 -0.027781 0.060351
v 0.302425 -0.032938 0.062628
v 0.252342 -0.023304 0.201427
v 0.251975 -0.030294 0.201427
v 0.245981 -0.025137 0.199150
v 0.302791 -0.025948 0.062628
v 0.299226 -0.020090 0.061221
v 0.296431 -0.027781 0.060351
v 0.252342 -0.023304 0.201427
v 0.245981 -0.025137 0.199150
v 0.248777 -0.017446 0.200019
v 0.302791 -0.025948 0.062628
v 0.306948 -0.020495 0.064035
v 0.299226 -0.020090 0.061221
v 0.252342 -0.023304 0.201427
v 0.248777 -0.017446 0.200019
v 0.256499 -0.017851 0.202834
v 0.302791 -0.025948 0.062628
v 0.308925 -0.028436 0.064905
v 0.306948 -0.020495 0.064035
v 0.252342 -0.023304 0.201427
v 0.256499 -0.017851 0.202834
v 0.258476 -0.025792 0.203703
v 0.302791 -0.025948 0.062628
v 0.302425 -0.032938 0.062628
v 0.308925 -0.028436 0.064905
v 0.252342 -0.023304 0.201427
v 0.258476 -0.025792 0.203703
v 0.251975 -0.030294 0.201427
v 0.228062 0.006029 0.220481
v 0.163783 0.012574 0.274312
v 0.073769 -0.091668 0.276639
v 0.144220 0.012574 0.220562
v 0.121873 -0.024800 0.169746
v 0.125977 -0.031441 0.167145
v 0.188851 -0.054325 0.324772
v 0.184747 -0.047684 0.327374
v 0.125977 -0.031441 0.167145
v 0.121101 -0.037995 0.168139
v 0.183975 -0.060879 0.325766
v 0.188851 -0.054325 0.324772
v 0.121101 -0.037995 0.168139
v 0.113983 -0.035404 0.171354
v 0.176857 -0.058288 0.328981
v 0.183975 -0.060879 0.325766
v 0.113983 -0.035404 0.171354
v 0.114460 -0.027249 0.172348
v 0.177334 -0.050133 0.329975
v 0.176857 -0.058288 0.328981
v 0.114460 -0.027249 0.172348
v 0.121873 -0.024800 0.169746
v 0.184747 -0.047684 0.327374
v 0.177334 -0.050133 0.329975
v 0.119479 -0.031378 0.169746
v 0.125977 -0.031441 0.167145
v 0.121873 -0.024800 0.169746
v 0.182352 -0.054262 0.327374
v 0.184747 -0.047684 0.327374
v 0.188851 -0.054325 0.324772
v 0.119479 -0.031378 0.169746
v 0.121101 -0.037995 0.168139
v 0.125977 -0.031441 0.167145
v 0.182352 -0.054262 0.327374
v 0.188851 -0.054325 0.324772
v 0.183975 -0.060879 0.325766
v 0.119479 -0.031378 0.169746
v 0.113983 -0.035404 0.171354
v 0.121101 -0.037995 0.168139
v 0.182352 -0.054262 0.327374
v 0.183975 -0.060879 0.325766
v 0.176857 -0.058288 0.328981
v 0.119479 -0.031378 0.169746
v 0.114460 -0.027249 0.172348
v 0.113983 -0.035404 0.171354
v 0.182352 -0.054262 0.327374
v 0.176857 -0.058288 0.328981
v 0.177334 -0.050133 0.329975
v 0.119479 -0.031378 0.169746
v 0.121873 -0.024800 0.169746
v 0.114460 -0.027249 0.172348
v 0.182352 -0.054262 0.327374
v 0.177334 -0.050133 0.329975
v 0.184747 -0.047684 0.327374
v 0.228062 0.006029 0.220481
v 0.300712 0.012574 0.178630
v 0.389762 -0.091668 0.191969
v 0.310645 0.012574 0.234961
v 0.340643 -0.055523 0.127411
v 0.335448 -0.049695 0.124810
v 0.269555 -0.038077 0.282437
v 0.274751 -0.043904 0.285039
v 0.335448 -0.049695 0.124810
v 0.339112 -0.042394 0.125804
v 0.273220 -0.030776 0.283431
v 0.269555 -0.038077 0.282437
v 0.339112 -0.042394 0.125804
v 0.346572 -0.043710 0.129019
v 0.280679 -0.032091 0.286646
v 0.273220 -0.030776 0.283431
v 0.346572 -0.043710 0.129019
v 0.347518 -0.051823 0.130013
v 0.281626 -0.040205 0.287640
v 0.280679 -0.032091 0.286646
v 0.347518 -0.051823 0.130013
v 0.340643 -0.055523 0.127411
v 0.274751 -0.043904 0.285039
v 0.281626 -0.040205 0.287640
v 0.341858 -0.048629 0.127411
v 0.335448 -0.049695 0.124810
v 0.340643 -0.055523 0.127411
v 0.275966 -0.037010 0.285039
v 0.274751 -0.043904 0.285039
v 0.269555 -0.038077 0.282437
v 0.341858 -0.048629 0.127411
v 0.339112 -0.042394 0.125804
v 0.335448 -0.049695 0.124810
v 0.275966 -0.037010 0.285039
v 0.269555 -0.038077 0.282437
v 0.273220 -0.030776 0.283431
v 0.341858 -0.048629 0.127411
v 0.346572 -0.043710 0.129019
v 0.339112 -0.042394 0.125804
v 0.275966 -0.037010 0.285039
v 0.273220 -0.030776 0.283431
v 0.280679 -0.032091 0.286646
v 0.341858 -0.048629 0.127411
v 0.347518 -0.051823 0.130013
v 0.346572 -0.043710 0.129019
v 0.275966 -0.037010 0.285039
v 0.280679 -0.032091 0.286646
v 0.281626 -0.040205 0.287640
v 0.341858 -0.048629 0.127411
v 0.340643 -0.055523 0.127411
v 0.347518 -0.051823 0.130013
v 0.275966 -0.037010 0.285039
v 0.281626 -0.040205 0.287640
v 0.274751 -0.043904 0.285039
v 0.250749 -0.003629 0.305151
v 0.185086 0.000282 0.349663
v 0.100547 -0.106814 0.339828
v 0.172219 0.000282 0.293929
v 0.142059 -0.040282 0.248496
v 0.146801 -0.046341 0.245578
v 0.217129 -0.062578 0.393565
v 0.212387 -0.056519 0.396483
v 0.146801 -0.046341 0.245578
v 0.142814 -0.053453 0.246693
v 0.213142 -0.069689 0.394679
v 0.217129 -0.062578 0.393565
v 0.142814 -0.053453 0.246693
v 0.135607 -0.051789 0.250300
v 0.205935 -0.068026 0.398287
v 0.213142 -0.069689 0.394679
v 0.135607 -0.051789 0.250300
v 0.135141 -0.043649 0.251415
v 0.205469 -0.059886 0.399402
v 0.205935 -0.068026 0.398287
v 0.135141 -0.043649 0.251415
v 0.142059 -0.040282 0.248496
v 0.212387 -0.056519 0.396483
v 0.205469 -0.059886 0.399402
v 0.140484 -0.047103 0.248496
v 0.146801 -0.046341 0.245578
v 0.142059 -0.040282 0.248496
v 0.210812 -0.063340 0.396483
v 0.212387 -0.056519 0.396483
v 0.217129 -0.062578 0.393565
v 0.140484 -0.047103 0.248496
v 0.142814 -0.053453 0.246693
v 0.146801 -0.046341 0.245578
v 0.210812 -0.063340 0.396483
v 0.217129 -0.062578 0.393565
v 0.213142 -0.069689 0.394679
v 0.140484 -0.047103 0.248496
v 0.135607 -0.051789 0.250300
v 0.142814 -0.053453 0.246693
v 0.210812 -0.063340 0.396483
v 0.213142 -0.069689 0.394679
v 0.205935 -0.068026 0.398287
v 0.140484 -0.047103 0.248496
v 0.135141 -0.043649 0.251415
v 0.135607 -0.051789 0.250300
v 0.210812 -0.063340 0.396483
v 0.205935 -0.068026 0.398287
v 0.205469 -0.059886 0.399402
v 0.140484 -0.047103 0.248496
v 0.142059 -0.040282 0.248496
v 0.135141 -0.043649 0.251415
v 0.210812 -0.063340 0.396483
v 0.205469 -0.059886 0.399402
v 0.212387 -0.056519 0.396483
v 0.250749 -0.003629 0.305151
v 0.313148 0.000282 0.256167
v 0.398167 -0.106814 0.260081
v 0.329871 0.000282 0.310868
v 0.356923 -0.072467 0.208623
v 0.352615 -0.066092 0.205705
v 0.283591 -0.044989 0.353691
v 0.287899 -0.051364 0.356610
v 0.352615 -0.066092 0.205705
v 0.357089 -0.059276 0.206819
v 0.288065 -0.038173 0.354806
v 0.283591 -0.044989 0.353691
v 0.357089 -0.059276 0.206819
v 0.364162 -0.061438 0.210427
v 0.295138 -0.040335 0.358413
v 0.288065 -0.038173 0.354806
v 0.364162 -0.061438 0.210427
v 0.364060 -0.069591 0.211541
v 0.295036 -0.048488 0.359528
v 0.295138 -0.040335 0.358413
v 0.364060 -0.069591 0.211541
v 0.356923 -0.072467 0.208623
v 0.287899 -0.051364 0.356610
v 0.295036 -0.048488 0.359528
v 0.358970 -0.065773 0.208623
v 0.352615 -0.066092 0.205705
v 0.356923 -0.072467 0.208623
v 0.289946 -0.044670 0.356610
v 0.287899 -0.051364 0.356610
v 0.283591 -0.044989 0.353691
v 0.358970 -0.065773 0.208623
v 0.357089 -0.059276 0.206819
v 0.352615 -0.066092 0.205705
v 0.289946 -0.044670 0.356610
v 0.283591 -0.044989 0.353691
v 0.288065 -0.038173 0.354806
v 0.358970 -0.065773 0.208623
v 0.364162 -0.061438 0.210427
v 0.357089 -0.059276 0.206819
v 0.289946 -0.044670 0.356610
v 0.288065 -0.038173 0.354806
v 0.295138 -0.040335 0.358413
v 0.358970 -0.065773 0.208623
v 0.364060 -0.069591 0.211541
v 0.364162 -0.061438 0.210427
v 0.289946 -0.044670 0.356610
v 0.295138 -0.040335 0.358413
v 0.295036 -0.048488 0.359528
v 0.358970 -0.065773 0.208623
v 0.356923 -0.072467 0.208623
v 0.364060 -0.069591 0.211541
v 0.289946 -0.044670 0.356610
v 0.295036 -0.048488 0.359528
v 0.287899 -0.051364 0.356610
v 0.273437 -0.013286 0.389822
v 0.215053 -0.007493 0.424716
v 0.145575 -0.112551 0.403260
v 0.209074 -0.007493 0.367829
v 0.176218 -0.052381 0.334829
v 0.181503 -0.057800 0.331602
v 0.249543 -0.064951 0.455025
v 0.244257 -0.059532 0.458253
v 0.181503 -0.057800 0.331602
v 0.178473 -0.065351 0.332835
v 0.246513 -0.072502 0.456258
v 0.249543 -0.064951 0.455025
v 0.178473 -0.065351 0.332835
v 0.171315 -0.064599 0.336824
v 0.239355 -0.071750 0.460248
v 0.246513 -0.072502 0.456258
v 0.171315 -0.064599 0.336824
v 0.169921 -0.056583 0.338057
v 0.237961 -0.063734 0.461480
v 0.239355 -0.071750 0.460248
v 0.169921 -0.056583 0.338057
v 0.176218 -0.052381 0.334829
v 0.244257 -0.059532 0.458253
v 0.237961 -0.063734 0.461480
v 0.175486 -0.059343 0.334829
v 0.181503 -0.057800 0.331602
v 0.176218 -0.052381 0.334829
v 0.243526 -0.066494 0.458253
v 0.244257 -0.059532 0.458253
v 0.249543 -0.064951 0.455025
v 0.175486 -0.059343 0.334829
v 0.178473 -0.065351 0.332835
v 0.181503 -0.057800 0.331602
v 0.243526 -0.066494 0.458253
v 0.249543 -0.064951 0.455025
v 0.246513 -0.072502 0.456258
v 0.175486 -0.059343 0.334829
v 0.171315 -0.064599 0.336824
v 0.178473 -0.065351 0.332835
v 0.243526 -0.066494 0.458253
v 0.246513 -0.072502 0.456258
v 0.239355 -0.071750 0.460248
v 0.175486 -0.059343 0.334829
v 0.169921 -0.056583 0.338057
v 0.171315 -0.064599 0.336824
v 0.243526 -0.066494 0.458253
v 0.239355 -0.071750 0.460248
v 0.237961 -0.063734 0.461480
v 0.175486 -0.059343 0.334829
v 0.176218 -0.052381 0.334829
v 0.169921 -0.056583 0.338057
v 0.243526 -0.066494 0.458253
v 0.237961 -0.063734 0.461480
v 0.244257 -0.059532 0.458253
v 0.273437 -0.013286 0.389822
v 0.318180 -0.007493 0.338594
v 0.390888 -0.112551 0.337529
v 0.341446 -0.007493 0.390849
v 0.360565 -0.083227 0.301964
v 0.357213 -0.076440 0.298736
v 0.294713 -0.048613 0.422160
v 0.298065 -0.055400 0.425387
v 0.357213 -0.076440 0.298736
v 0.362428 -0.070195 0.299969
v 0.299928 -0.042368 0.423392
v 0.294713 -0.048613 0.422160
v 0.362428 -0.070195 0.299969
v 0.369003 -0.073122 0.303958
v 0.306503 -0.045295 0.427382
v 0.299928 -0.042368 0.423392
v 0.369003 -0.073122 0.303958
v 0.367852 -0.081176 0.305191
v 0.305352 -0.053349 0.428615
v 0.306503 -0.045295 0.427382
v 0.367852 -0.081176 0.305191
v 0.360565 -0.083227 0.301964
v 0.298065 -0.055400 0.425387
v 0.305352 -0.053349 0.428615
v 0.363412 -0.076832 0.301964
v 0.357213 -0.076440 0.298736
v 0.360565 -0.083227 0.301964
v 0.300912 -0.049005 0.425387
v 0.298065 -0.055400 0.425387
v 0.294713 -0.048613 0.422160
v 0.363412 -0.076832 0.301964
v 0.362428 -0.070195 0.299969
v 0.357213 -0.076440 0.298736
v 0.300912 -0.049005 0.425387
v 0.294713 -0.048613 0.422160
v 0.299928 -0.042368 0.423392
v 0.363412 -0.076832 0.301964
v 0.369003 -0.073122 0.303958
v 0.362428 -0.070195 0.299969
v 0.300912 -0.049005 0.425387
v 0.299928 -0.042368 0.423392
v 0.306503 -0.045295 0.427382
v 0.363412 -0.076832 0.301964
v 0.367852 -0.081176 0.305191
v 0.369003 -0.073122 0.303958
v 0.300912 -0.049005 0.425387
v 0.306503 -0.045295 0.427382
v 0.305352 -0.053349 0.428615
v 0.363412 -0.076832 0.301964
v 0.360565 -0.083227 0.301964
v 0.367852 -0.081176 0.305191
v 0.300912 -0.049005 0.425387
v 0.305352 -0.053349 0.428615
v 0.298065 -0.055400 0.425387
v 0.296124 -0.022943 0.474492
v 0.245774 -0.014098 0.502217
v 0.192269 -0.115849 0.472679
v 0.246773 -0.014098 0.445026
v 0.212924 -0.062941 0.423728
v 0.218654 -0.067678 0.420200
v 0.280954 -0.066591 0.519916
v 0.275224 -0.061853 0.523444
v 0.218654 -0.067678 0.420200
v 0.216634 -0.075541 0.421547
v 0.278934 -0.074453 0.521263
v 0.280954 -0.066591 0.519916
v 0.216634 -0.075541 0.421547
v 0.209657 -0.075663 0.425908
v 0.271957 -0.074575 0.525624
v 0.278934 -0.074453 0.521263
v 0.209657 -0.075663 0.425908
v 0.207364 -0.067875 0.427255
v 0.269664 -0.066788 0.526971
v 0.271957 -0.074575 0.525624
v 0.207364 -0.067875 0.427255
v 0.212924 -0.062941 0.423728
v 0.275224 -0.061853 0.523444
v 0.269664 -0.066788 0.526971
v 0.213047 -0.069939 0.423728
v 0.218654 -0.067678 0.420200
v 0.212924 -0.062941 0.423728
v 0.275347 -0.068852 0.523444
v 0.275224 -0.061853 0.523444
v 0.280954 -0.066591 0.519916
v 0.213047 -0.069939 0.423728
v 0.216634 -0.075541 0.421547
v 0.218654 -0.067678 0.420200
v 0.275347 -0.068852 0.523444
v 0.280954 -0.066591 0.519916
v 0.278934 -0.074453 0.521263
v 0.213047 -0.069939 0.423728
v 0.209657 -0.075663 0.425908
v 0.216634 -0.075541 0.421547
v 0.275347 -0.068852 0.523444
v 0.278934 -0.074453 0.521263
v 0.271957 -0.074575 0.525624
v 0.213047 -0.069939 0.423728
v 0.207364 -0.067875 0.427255
v 0.209657 -0.075663 0.425908
v 0.275347 -0.068852 0.523444
v 0.271957 -0.074575 0.525624
v 0.269664 -0.066788 0.526971
v 0.213047 -0.069939 0.423728
v 0.212924 -0.062941 0.423728
v 0.207364 -0.067875 0.427255
v 0.275347 -0.068852 0.523444
v 0.269664 -0.066788 0.526971
v 0.275224 -0.061853 0.523444
v 0.296124 -0.022943 0.474492
v 0.324131 -0.014098 0.424298
v 0.385159 -0.115849 0.420994
v 0.353591 -0.014098 0.473328
v 0.363741 -0.091442 0.397885
v 0.361393 -0.084388 0.394357
v 0.307983 -0.052296 0.494073
v 0.310331 -0.059350 0.497601
v 0.361393 -0.084388 0.394357
v 0.367272 -0.078790 0.395705
v 0.313862 -0.046698 0.495421
v 0.307983 -0.052296 0.494073
v 0.367272 -0.078790 0.395705
v 0.373254 -0.082384 0.400066
v 0.319844 -0.050293 0.499782
v 0.313862 -0.046698 0.495421
v 0.373254 -0.082384 0.400066
v 0.371072 -0.090204 0.401413
v 0.317662 -0.058112 0.501129
v 0.319844 -0.050293 0.499782
v 0.371072 -0.090204 0.401413
v 0.363741 -0.091442 0.397885
v 0.310331 -0.059350 0.497601
v 0.317662 -0.058112 0.501129
v 0.367346 -0.085442 0.397885
v 0.361393 -0.084388 0.394357
v 0.363741 -0.091442 0.397885
v 0.313937 -0.053350 0.497601
v 0.310331 -0.059350 0.497601
v 0.307983 -0.052296 0.494073
v 0.367346 -0.085442 0.397885
v 0.367272 -0.078790 0.395705
v 0.361393 -0.084388 0.394357
v 0.313937 -0.053350 0.497601
v 0.307983 -0.052296 0.494073
v 0.313862 -0.046698 0.495421
v 0.367346 -0.085442 0.397885
v 0.373254 -0.082384 0.400066
v 0.367272 -0.078790 0.395705
v 0.313937 -0.053350 0.497601
v 0.313862 -0.046698 0.495421
v 0.319844 -0.050293 0.499782
v 0.367346 -0.085442 0.397885
v 0.371072 -0.090204 0.401413
v 0.373254 -0.082384 0.400066
v 0.313937 -0.053350 0.497601
v 0.319844 -0.050293 0.499782
v 0.317662 -0.058112 0.501129
v 0.367346 -0.085442 0.397885
v 0.363741 -0.091442 0.397885
v 0.371072 -0.090204 0.401413
v 0.313937 -0.053350 0.497601
v 0.317662 -0.058112 0.501129
v 0.310331 -0.059350 0.497601
vt 0.000000 0.000000
vt 1.000000 0.000000
vt 1.000000 1.000000
vt 0.000000 1.000000
vt 0.000000 0.000000
vt 1.000000 0.000000
vt 1.000000 1.000000
vt 0.000000 1.000000
vt 0.000000 0.000000
vt 1.000000 0.000000
vt 1.000000 1.000000
vt 0.000000 1.000000
vt 0.000000 0.000000
vt 1.000000 0.000000
vt 1.000000 1.000000
vt 0.000000 1.000000
vt 0.000000 0.000000
vt 1.000000 0.000000
vt 1.000000 1.000000
vt 0.000000 1.000000
vt 0.000000 0.000000
vt 1.000000 0.000000
vt 1.000000 1.000000
vt 0.000000 1.000000
vt 0.500000 0.500000
vt 0.000000 0.000000
vt 1.000000 0.000000
vt 0.500000 0.500000
vt 0.000000 1.000000
vt 1.000000 1.000000
vt 0.500000 0.500000
vt 0.000000 0.000000
vt 1.000000 0.000000
vt 0.500000 0.500000
vt 0.000000 1.000000
vt 1.000000 1.000000
vt 0.500000 0.500000
vt 0.000000 0.000000
vt 1.000000 0.000000
vt 0.500000 0.500000
vt 0.000000 1.000000
vt 1.000000 1.000000
vt 0.500000 0.500000
vt 0.000000 0.000000
vt 1.000000 0.000000
vt 0.500000 0.500000
vt 0.000000 1.000000
vt 1.000000 1.000000
vt 0.500000 0.500000
vt 0.000000 0.000000
vt 1.000000 0.000000
vt 0.500000 0.500000
vt 0.000000 1.000000
vt 1.000000 1.000000
vt 0.500000 0.500000
vt 0.000000 0.000000
vt 1.000000 0.000000
vt 0.500000 0.500000
vt 0.000000 1.000000
vt 1.000000 1.000000
vt 0.000000 0.500000
vt 0.480000 1.000000
vt 1.000000 0.500000
vt 0.480000 0.000000
vt 0.000000 0.000000
vt 1.000000 0.000000
vt 1.000000 1.000000
vt 0.000000 1.000000
vt 0.000000 0.000000
vt 1.000000 0.000000
vt 1.000000 1.000000
vt 0.000000 1.000000
vt 0.000000 0.000000
vt 1.000000 0.000000
vt 1.000000 1.000000
vt 0.000000 1.000000
vt 0.000000 0.000000
vt 1.000000 0.000000
vt 1.000000 1.000000
vt 0.000000 1.000000
vt 0.000000 0.000000
vt 1.000000 0.000000
vt 1.000000 1.000000
vt 0.000000 1.000000
vt 0.500000 0.500000
vt 0.000000 0.000000
vt 1.000000 0.000000
vt 0.500000 0.500000
vt 0.000000 1.000000
vt 1.000000 1.000000
vt 0.500000 0.500000
vt 0.000000 0.000000
vt 1.000000 0.000000
vt 0.500000 0.500000
vt 0.000000 1.000000
vt 1.000000 1.000000
vt 0.500000 0.500000
vt 0.000000 0.000000
vt 1.000000 0.000000
vt 0.500000 0.500000
vt 0.000000 1.000000
vt 1.000000 1.000000
vt 0.500000 0.500000
vt 0.000000 0.000000
vt 1.000000 0.000000
vt 0.500000 0.500000
vt 0.000000 1.000000
vt 1.000000 1.000000
vt 0.500000 0.500000
vt 0.000000 0.000000
vt 1.000000 0.000000
vt 0.500000 0.500000
vt 0.000000 1.000000
vt 1.000000 1.000000
vt 0.000000 0.500000
vt 0.480000 1.000000
vt 1.000000 0.500000
vt 0.480000 0.000000
vt 0.000000 0.000000
vt 1.000000 0.000000
vt 1.000000 1.000000
vt 0.000000 1.000000
vt 0.000000 0.000000
vt 1.000000 0.000000
vt 1.000000 1.000000
vt 0.000000 1.000000
vt 0.000000 0.000000
vt 1.000000 0.000000
vt 1.000000 1.000000
vt 0.000000 1.000000
vt 0.000000 0.000000
vt 1.000000 0.000000
vt 1.000000 1.000000
vt 0.000000 1.000000
vt 0.000000 0.000000
vt 1.000000 0.000000
vt 1.000000 1.000000
vt 0.000000 1.000000
vt 0.500000 0.500000
vt 0.000000 0.000000
vt 1.000000 0.000000
vt 0.500000 0.500000
vt 0.000000 1.000000
vt 1.000000 1.000000
vt 0.500000 0.500000
vt 0.000000 0.000000
vt 1.000000 0.000000
vt 0.500000 0.500000
vt 0.000000 1.000000
vt 1.000000 1.000000
vt 0.500000 0.500000
vt 0.000000 0.000000
vt 1.000000 0.000000
vt 0.500000 0.500000
vt 0.000000 1.000000
vt 1.000000 1.000000
vt 0.500000 0.500000
vt 0.000000 0.000000
vt 1.000000 0.000000
vt 0.500000 0.500000
vt 0.000000 1.000000
vt 1.000000 1.000000
vt 0.500000 0.500000
vt 0.000000 0.000000
vt 1.000000 0.000000
vt 0.500000 0.500000
vt 0.000000 1.000000
vt 1.000000 1.000000
vt 0.000000 0.500000
vt 0.480000 1.000000
vt 1.000000 0.500000
vt 0.480000 0.000000
vt 0.000000 0.000000
vt 1.000000 0.000000
vt 1.000000 1.000000
vt 0.000000 1.000000
vt 0.000000 0.000000
vt 1.000000 0.000000
vt 1.000000 1.000000
vt 0.000000 1.000000
vt 0.000000 0.000000
vt 1.000000 0.000000
vt 1.000000 1.000000
vt 0.000000 1.000000
vt 0.000000 0.000000
vt 1.000000 0.000000
vt 1.000000 1.000000
vt 0.000000 1.000000
vt 0.000000 0.000000
vt 1.000000 0.000000
vt 1.000000 1.000000
vt 0.000000 1.000000
vt 0.500000 0.500000
vt 0.000000 0.000000
vt 1.000000 0.000000
vt 0.500000 0.500000
vt 0.000000 1.000000
vt 1.000000 1.000000
vt 0.500000 0.500000
vt 0.000000 0.000000
vt 1.000000 0.000000
vt 0.500000 0.500000
vt 0.000000 1.000000
vt 1.000000 1.000000
vt 0.500000 0.500000
vt 0.000000 0.000000
vt 1.000000 0.000000
vt 0.500000 0.500000
vt 0.000000 1.000000
vt 1.000000 1.000000
vt 0.500000 0.500000
vt 0.000000 0.000000
vt 1.000000 0.000000
vt 0.500000 0.500000
vt 0.000000 1.000000
vt 1.000000 1.000000
vt 0.500000 0.500000
vt 0.000000 0.000000
vt 1.000000 0.000000
vt 0.500000 0.500000
vt 0.000000 1.000000
vt 1.000000 1.000000
vt 0.000000 0.500000
vt 0.480000 1.000000
vt 1.000000 0.500000
vt 0.480000 0.000000
vt 0.000000 0.000000
vt 1.000000 0.000000
vt 1.000000 1.000000
vt 0.000000 1.000000
vt 0.000000 0.000000
vt 1.000000 0.000000
vt 1.000000 1.000000
vt 0.000000 1.000000
vt 0.000000 0.000000
vt 1.000000 0.000000
vt 1.000000 1.000000
vt 0.000000 1.000000
vt 0.000000 0.000000
vt 1.000000 0.000000
vt 1.000000 1.000000
vt 0.000000 1.000000
vt 0.000000 0.000000
vt 1.000000 0.000000
vt 1.000000 1.000000
vt 0.000000 1.000000
vt 0.500000 0.500000
vt 0.000000 0.000000
vt 1.000000 0.000000
vt 0.500000 0.500000
vt 0.000000 1.000000
vt 1.000000 1.000000
vt 0.500000 0.500000
vt 0.000000 0.000000
vt 1.000000 0.000000
vt 0.500000 0.500000
vt 0.000000 1.000000
vt 1.000000 1.000000
vt 0.500000 0.500000
vt 0.000000 0.000000
vt 1.000000 0.000000
vt 0.500000 0.500000
vt 0.000000 1.000000
vt 1.000000 1.000000
vt 0.500000 0.500000
vt 0.000000 0.000000
vt 1.000000 0.000000
vt 0.500000 0.500000
vt 0.000000 1.000000
vt 1.000000 1.000000
vt 0.500000 0.500000
vt 0.000000 0.000000
vt 1.000000 0.000000
vt 0.500000 0.500000
vt 0.000000 1.000000
vt 1.000000 1.000000
vt 0.000000 0.500000
vt 0.480000 1.000000
vt 1.000000 0.500000
vt 0.480000 0.000000
vt 0.000000 0.000000
vt 1.000000 0.000000
vt 1.000000 1.000000
vt 0.000000 1.000000
vt 0.000000 0.000000
vt 1.000000 0.000000
vt 1.000000 1.000000
vt 0.000000 1.000000
vt 0.000000 0.000000
vt 1.000000 0.000000
vt 1.000000 1.000000
vt 0.000000 1.000000
vt 0.000000 0.000000
vt 1.000000 0.000000
vt 1.000000 1.000000
vt 0.000000 1.000000
vt 0.000000 0.000000
vt 1.000000 0.000000
vt 1.000000 1.000000
vt 0.000000 1.000000
vt 0.500000 0.500000
vt 0.000000 0.000000
vt 1.000000 0.000000
vt 0.500000 0.500000
vt 0.000000 1.000000
vt 1.000000 1.000000
vt 0.500000 0.500000
vt 0.000000 0.000000
vt 1.000000 0.000000
vt 0.500000 0.500000
vt 0.000000 1.000000
vt 1.000000 1.000000
vt 0.500000 0.500000
vt 0.000000 0.000000
vt 1.000000 0.000000
vt 0.500000 0.500000
vt 0.000000 1.000000
vt 1.000000 1.000000
vt 0.500000 0.500000
vt 0.000000 0.000000
vt 1.000000 0.000000
vt 0.500000 0.500000
vt 0.000000 1.000000
vt 1.000000 1.000000
vt 0.500000 0.500000
vt 0.000000 0.000000
vt 1.000000 0.000000
vt 0.500000 0.500000
vt 0.000000 1.000000
vt 1.000000 1.000000
vt 0.000000 0.500000
vt 0.480000 1.000000
vt 1.000000 0.500000
vt 0.480000 0.000000
vt 0.000000 0.000000
vt 1.000000 0.000000
vt 1.000000 1.000000
vt 0.000000 1.000000
vt 0.000000 0.000000
vt 1.000000 0.000000
vt 1.000000 1.000000
vt 0.000000 1.000000
vt 0.000000 0.000000
vt 1.000000 0.000000
vt 1.000000 1.000000
vt 0.000000 1.000000
vt 0.000000 0.000000
vt 1.000000 0.000000
vt 1.000000 1.000000
vt 0.000000 1.000000
vt 0.000000 0.000000
vt 1.000000 0.000000
vt 1.000000 1.000000
vt 0.000000 1.000000
vt 0.500000 0.500000
vt 0.000000 0.000000
vt 1.000000 0.000000
vt 0.500000 0.500000
vt 0.000000 1.000000
vt 1.000000 1.000000
vt 0.500000 0.500000
vt 0.000000 0.000000
vt 1.000000 0.000000
vt 0.500000 0.500000
vt 0.000000 1.000000
vt 1.000000 1.000000
vt 0.500000 0.500000
vt 0.000000 0.000000
vt 1.000000 0.000000
vt 0.500000 0.500000
vt 0.000000 1.000000
vt 1.000000 1.000000
vt 0.500000 0.500000
vt 0.000000 0.000000
vt 1.000000 0.000000
vt 0.500000 0.500000
vt 0.000000 1.000000
vt 1.000000 1.000000
vt 0.500000 0.500000
vt 0.000000 0.000000
vt 1.000000 0.000000
vt 0.500000 0.500000
vt 0.000000 1.000000
vt 1.000000 1.000000
vt 0.000000 0.500000
vt 0.480000 1.000000
vt 1.000000 0.500000
vt 0.480000 0.000000
vt 0.000000 0.000000
vt 1.000000 0.000000
vt 1.000000 1.000000
vt 0.000000 1.000000
vt 0.000000 0.000000
vt 1.000000 0.000000
vt 1.000000 1.000000
vt 0.000000 1.000000
vt 0.000000 0.000000
vt 1.000000 0.000000
vt 1.000000 1.000000
vt 0.000000 1.000000
vt 0.000000 0.000000
vt 1.000000 0.000000
vt 1.000000 1.000000
vt 0.000000 1.000000
vt 0.000000 0.000000
vt 1.000000 0.000000
vt 1.000000 1.000000
vt 0.000000 1.000000
vt 0.500000 0.500000
vt 0.000000 0.000000
vt 1.000000 0.000000
vt 0.500000 0.500000
vt 0.000000 1.000000
vt 1.000000 1.000000
vt 0.500000 0.500000
vt 0.000000 0.000000
vt 1.000000 0.000000
vt 0.500000 0.500000
vt 0.000000 1.000000
vt 1.000000 1.000000
vt 0.500000 0.500000
vt 0.000000 0.000000
vt 1.000000 0.000000
vt 0.500000 0.500000
vt 0.000000 1.000000
vt 1.000000 1.000000
vt 0.500000 0.500000
vt 0.000000 0.000000
vt 1.000000 0.000000
vt 0.500000 0.500000
vt 0.000000 1.000000
vt 1.000000 1.000000
vt 0.500000 0.500000
vt 0.000000 0.000000
vt 1.000000 0.000000
vt 0.500000 0.500000
vt 0.000000 1.000000
vt 1.000000 1.000000
vt 0.000000 0.500000
vt 0.480000 1.000000
vt 1.000000 0.500000
vt 0.480000 0.000000
vt 0.000000 0.000000
vt 1.000000 0.000000
vt 1.000000 1.000000
vt 0.000000 1.000000
vt 0.000000 0.000000
vt 1.000000 0.000000
vt 1.000000 1.000000
vt 0.000000 1.000000
vt 0.000000 0.000000
vt 1.000000 0.000000
vt 1.000000 1.000000
vt 0.000000 1.000000
vt 0.000000 0.000000
vt 1.000000 0.000000
vt 1.000000 1.000000
vt 0.000000 1.000000
vt 0.000000 0.000000
vt 1.000000 0.000000
vt 1.000000 1.000000
vt 0.000000 1.000000
vt 0.500000 0.500000
vt 0.000000 0.000000
vt 1.000000 0.000000
vt 0.500000 0.500000
vt 0.000000 1.000000
vt 1.000000 1.000000
vt 0.500000 0.500000
vt 0.000000 0.000000
vt 1.000000 0.000000
vt 0.500000 0.500000
vt 0.000000 1.000000
vt 1.000000 1.000000
vt 0.500000 0.500000
vt 0.000000 0.000000
vt 1.000000 0.000000
vt 0.500000 0.500000
vt 0.000000 1.000000
vt 1.000000 1.000000
vt 0.500000 0.500000
vt 0.000000 0.000000
vt 1.000000 0.000000
vt 0.500000 0.500000
vt 0.000000 1.000000
vt 1.000000 1.000000
vt 0.500000 0.500000
vt 0.000000 0.000000
vt 1.000000 0.000000
vt 0.500000 0.500000
vt 0.000000 1.000000
vt 1.000000 1.000000
vt 0.000000 0.500000
vt 0.480000 1.000000
vt 1.000000 0.500000
vt 0.480000 0.000000
vt 0.000000 0.000000
vt 1.000000 0.000000
vt 1.000000 1.000000
vt 0.000000 1.000000
vt 0.000000 0.000000
vt 1.000000 0.000000
vt 1.000000 1.000000
vt 0.000000 1.000000
vt 0.000000 0.000000
vt 1.000000 0.000000
vt 1.000000 1.000000
vt 0.000000 1.000000
vt 0.000000 0.000000
vt 1.000000 0.000000
vt 1.000000 1.000000
vt 0.000000 1.000000
vt 0.000000 0.000000
vt 1.000000 0.000000
vt 1.000000 1.000000
vt 0.000000 1.000000
vt 0.500000 0.500000
vt 0.000000 0.000000
vt 1.000000 0.000000
vt 0.500000 0.500000
vt 0.000000 1.000000
vt 1.000000 1.000000
vt 0.500000 0.500000
vt 0.000000 0.000000
vt 1.000000 0.000000
vt 0.500000 0.500000
vt 0.000000 1.000000
vt 1.000000 1.000000
vt 0.500000 0.500000
vt 0.000000 0.000000
vt 1.000000 0.000000
vt 0.500000 0.500000
vt 0.000000 1.000000
vt 1.000000 1.000000
vt 0.500000 0.500000
vt 0.000000 0.000000
vt 1.000000 0.000000
vt 0.500000 0.500000
vt 0.000000 1.000000
vt 1.000000 1.000000
vt 0.500000 0.500000
vt 0.000000 0.000000
vt 1.000000 0.000000
vt 0.500000 0.500000
vt 0.000000 1.000000
vt 1.000000 1.000000
vt 0.000000 0.500000
vt 0.480000 1.000000
vt 1.000000 0.500000
vt 0.480000 0.000000
vt 0.000000 0.000000
vt 1.000000 0.000000
vt 1.000000 1.000000
vt 0.000000 1.000000
vt 0.000000 0.000000
vt 1.000000 0.000000
vt 1.000000 1.000000
vt 0.000000 1.000000
vt 0.000000 0.000000
vt 1.000000 0.000000
vt 1.000000 1.000000
vt 0.000000 1.000000
vt 0.000000 0.000000
vt 1.000000 0.000000
vt 1.000000 1.000000
vt 0.000000 1.000000
vt 0.000000 0.000000
vt 1.000000 0.000000
vt 1.000000 1.000000
vt 0.000000 1.000000
vt 0.500000 0.500000
vt 0.000000 0.000000
vt 1.000000 0.000000
vt 0.500000 0.500000
vt 0.000000 1.000000
vt 1.000000 1.000000
vt 0.500000 0.500000
vt 0.000000 0.000000
vt 1.000000 0.000000
vt 0.500000 0.500000
vt 0.000000 1.000000
vt 1.000000 1.000000
vt 0.500000 0.500000
vt 0.000000 0.000000
vt 1.000000 0.000000
vt 0.500000 0.500000
vt 0.000000 1.000000
vt 1.000000 1.000000
vt 0.500000 0.500000
vt 0.000000 0.000000
vt 1.000000 0.000000
vt 0.500000 0.500000
vt 0.000000 1.000000
vt 1.000000 1.000000
vt 0.500000 0.500000
vt 0.000000 0.000000
vt 1.000000 0.000000
vt 0.500000 0.500000
vt 0.000000 1.000000
vt 1.000000 1.000000
vt 0.000000 0.500000
vt 0.480000 1.000000
vt 1.000000 0.500000
vt 0.480000 0.000000
vt 0.000000 0.000000
vt 1.000000 0.000000
vt 1.000000 1.000000
vt 0.000000 1.000000
vt 0.000000 0.000000
vt 1.000000 0.000000
vt 1.000000 1.000000
vt 0.000000 1.000000
vt 0.000000 0.000000
vt 1.000000 0.000000
vt 1.000000 1.000000
vt 0.000000 1.000000
vt 0.000000 0.000000
vt 1.000000 0.000000
vt 1.000000 1.000000
vt 0.000000 1.000000
vt 0.000000 0.000000
vt 1.000000 0.000000
vt 1.000000 1.000000
vt 0.000000 1.000000
vt 0.500000 0.500000
vt 0.000000 0.000000
vt 1.000000 0.000000
vt 0.500000 0.500000
vt 0.000000 1.000000
vt 1.000000 1.000000
vt 0.500000 0.500000
vt 0.000000 0.000000
vt 1.000000 0.000000
vt 0.500000 0.500000
vt 0.000000 1.000000
vt 1.000000 1.000000
vt 0.500000 0.500000
vt 0.000000 0.000000
vt 1.000000 0.000000
vt 0.500000 0.500000
vt 0.000000 1.000000
vt 1.000000 1.000000
vt 0.500000 0.500000
vt 0.000000 0.000000
vt 1.000000 0.000000
vt 0.500000 0.500000
vt 0.000000 1.000000
vt 1.000000 1.000000
vt 0.500000 0.500000
vt 0.000000 0.000000
vt 1.000000 0.000000
vt 0.500000 0.500000
vt 0.000000 1.000000
vt 1.000000 1.000000
vt 0.000000 0.500000
vt 0.480000 1.000000
vt 1.000000 0.500000
vt 0.480000 0.000000
vt 0.000000 0.000000
vt 1.000000 0.000000
vt 1.000000 1.000000
vt 0.000000 1.000000
vt 0.000000 0.000000
vt 1.000000 0.000000
vt 1.000000 1.000000
vt 0.000000 1.000000
vt 0.000000 0.000000
vt 1.000000 0.000000
vt 1.000000 1.000000
vt 0.000000 1.000000
vt 0.000000 0.000000
vt 1.000000 0.000000
vt 1.000000 1.000000
vt 0.000000 1.000000
vt 0.000000 0.000000
vt 1.000000 0.000000
vt 1.000000 1.000000
vt 0.000000 1.000000
vt 0.500000 0.500000
vt 0.000000 0.000000
vt 1.000000 0.000000
vt 0.500000 0.500000
vt 0.000000 1.000000
vt 1.000000 1.000000
vt 0.500000 0.500000
vt 0.000000 0.000000
vt 1.000000 0.000000
vt 0.500000 0.500000
vt 0.000000 1.000000
vt 1.000000 1.000000
vt 0.500000 0.500000
vt 0.000000 0.000000
vt 1.000000 0.000000
vt 0.500000 0.500000
vt 0.000000 1.000000
vt 1.000000 1.000000
vt 0.500000 0.500000
vt 0.000000 0.000000
vt 1.000000 0.000000
vt 0.500000 0.500000
vt 0.000000 1.000000
vt 1.000000 1.000000
vt 0.500000 0.500000
vt 0.000000 0.000000
vt 1.000000 0.000000
vt 0.500000 0.500000
vt 0.000000 1.000000
vt 1.000000 1.000000
vt 0.000000 0.000000
vt 1.000000 0.000000
vt 1.000000 1.000000
vt 0.000000 1.000000
vt 0.000000 0.000000
vt 1.000000 0.000000
vt 1.000000 1.000000
vt 0.000000 1.000000
vt 0.000000 0.000000
vt 1.000000 0.000000
vt 1.000000 1.000000
vt 0.000000 1.000000
vt 0.000000 0.000000
vt 1.000000 0.000000
vt 1.000000 1.000000
vt 0.000000 1.000000
vt 0.000000 0.000000
vt 1.000000 0.000000
vt 1.000000 1.000000
vt 0.000000 1.000000
vt 0.000000 0.000000
vt 1.000000 0.000000
vt 1.000000 1.000000
vt 0.000000 1.000000
vt 0.500000 0.500000
vt 0.000000 0.000000
vt 1.000000 0.000000
vt 0.500000 0.500000
vt 0.000000 1.000000
vt 1.000000 1.000000
vt 0.500000 0.500000
vt 0.000000 0.000000
vt 1.000000 0.000000
vt 0.500000 0.500000
vt 0.000000 1.000000
vt 1.000000 1.000000
vt 0.500000 0.500000
vt 0.000000 0.000000
vt 1.000000 0.000000
vt 0.500000 0.500000
vt 0.000000 1.000000
vt 1.000000 1.000000
vt 0.500000 0.500000
vt 0.000000 0.000000
vt 1.000000 0.000000
vt 0.500000 0.500000
vt 0.000000 1.000000
vt 1.000000 1.000000
vt 0.500000 0.500000
vt 0.000000 0.000000
vt 1.000000 0.000000
vt 0.500000 0.500000
vt 0.000000 1.000000
vt 1.000000 1.000000
vt 0.500000 0.500000
vt 0.000000 0.000000
vt 1.000000 0.000000
vt 0.500000 0.500000
vt 0.000000 1.000000
vt 1.000000 1.000000
vt 0.000000 0.500000
vt 0.480000 1.000000
vt 1.000000 0.500000
vt 0.480000 0.000000
vt 0.000000 0.000000
vt 1.000000 0.000000
vt 1.000000 1.000000
vt 0.000000 1.000000
vt 0.000000 0.000000
vt 1.000000 0.000000
vt 1.000000 1.000000
vt 0.000000 1.000000
vt 0.000000 0.000000
vt 1.000000 0.000000
vt 1.000000 1.000000
vt 0.000000 1.000000
vt 0.000000 0.000000
vt 1.000000 0.000000
vt 1.000000 1.000000
vt 0.000000 1.000000
vt 0.000000 0.000000
vt 1.000000 0.000000
vt 1.000000 1.000000
vt 0.000000 1.000000
vt 0.500000 0.500000
vt 0.000000 0.000000
vt 1.000000 0.000000
vt 0.500000 0.500000
vt 0.000000 1.000000
vt 1.000000 1.000000
vt 0.500000 0.500000
vt 0.000000 0.000000
vt 1.000000 0.000000
vt 0.500000 0.500000
vt 0.000000 1.000000
vt 1.000000 1.000000
vt 0.500000 0.500000
vt 0.000000 0.000000
vt 1.000000 0.000000
vt 0.500000 0.500000
vt 0.000000 1.000000
vt 1.000000 1.000000
vt 0.500000 0.500000
vt 0.000000 0.000000
vt 1.000000 0.000000
vt 0.500000 0.500000
vt 0.000000 1.000000
vt 1.000000 1.000000
vt 0.500000 0.500000
vt 0.000000 0.000000
vt 1.000000 0.000000
vt 0.500000 0.500000
vt 0.000000 1.000000
vt 1.000000 1.000000
vt 0.000000 0.500000
vt 0.480000 1.000000
vt 1.000000 0.500000
vt 0.480000 0.000000
vt 0.000000 0.000000
vt 1.000000 0.000000
vt 1.000000 1.000000
vt 0.000000 1.000000
vt 0.000000 0.000000
vt 1.000000 0.000000
vt 1.000000 1.000000
vt 0.000000 1.000000
vt 0.000000 0.000000
vt 1.000000 0.000000
vt 1.000000 1.000000
vt 0.000000 1.000000
vt 0.000000 0.000000
vt 1.000000 0.000000
vt 1.000000 1.000000
vt 0.000000 1.000000
vt 0.000000 0.000000
vt 1.000000 0.000000
vt 1.000000 1.000000
vt 0.000000 1.000000
vt 0.500000 0.500000
vt 0.000000 0.000000
vt 1.000000 0.000000
vt 0.500000 0.500000
vt 0.000000 1.000000
vt 1.000000 1.000000
vt 0.500000 0.500000
vt 0.000000 0.000000
vt 1.000000 0.000000
vt 0.500000 0.500000
vt 0.000000 1.000000
vt 1.000000 1.000000
vt 0.500000 0.500000
vt 0.000000 0.000000
vt 1.000000 0.000000
vt 0.500000 0.500000
vt 0.000000 1.000000
vt 1.000000 1.000000
vt 0.500000 0.500000
vt 0.000000 0.000000
vt 1.000000 0.000000
vt 0.500000 0.500000
vt 0.000000 1.000000
vt 1.000000 1.000000
vt 0.500000 0.500000
vt 0.000000 0.000000
vt 1.000000 0.000000
vt 0.500000 0.500000
vt 0.000000 1.000000
vt 1.000000 1.000000
vt 0.000000 0.500000
vt 0.480000 1.000000
vt 1.000000 0.500000
vt 0.480000 0.000000
vt 0.000000 0.000000
vt 1.000000 0.000000
vt 1.000000 1.000000
vt 0.000000 1.000000
vt 0.000000 0.000000
vt 1.000000 0.000000
vt 1.000000 1.000000
vt 0.000000 1.000000
vt 0.000000 0.000000
vt 1.000000 0.000000
vt 1.000000 1.000000
vt 0.000000 1.000000
vt 0.000000 0.000000
vt 1.000000 0.000000
vt 1.000000 1.000000
vt 0.000000 1.000000
vt 0.000000 0.000000
vt 1.000000 0.000000
vt 1.000000 1.000000
vt 0.000000 1.000000
vt 0.500000 0.500000
vt 0.000000 0.000000
vt 1.000000 0.000000
vt 0.500000 0.500000
vt 0.000000 1.000000
vt 1.000000 1.000000
vt 0.500000 0.500000
vt 0.000000 0.000000
vt 1.000000 0.000000
vt 0.500000 0.500000
vt 0.000000 1.000000
vt 1.000000 1.000000
vt 0.500000 0.500000
vt 0.000000 0.000000
vt 1.000000 0.000000
vt 0.500000 0.500000
vt 0.000000 1.000000
vt 1.000000 1.000000
vt 0.500000 0.500000
vt 0.000000 0.000000
vt 1.000000 0.000000
vt 0.500000 0.500000
vt 0.000000 1.000000
vt 1.000000 1.000000
vt 0.500000 0.500000
vt 0.000000 0.000000
vt 1.000000 0.000000
vt 0.500000 0.500000
vt 0.000000 1.000000
vt 1.000000 1.000000
vt 0.000000 0.500000
vt 0.480000 1.000000
vt 1.000000 0.500000
vt 0.480000 0.000000
vt 0.000000 0.000000
vt 1.000000 0.000000
vt 1.000000 1.000000
vt 0.000000 1.000000
vt 0.000000 0.000000
vt 1.000000 0.000000
vt 1.000000 1.000000
vt 0.000000 1.000000
vt 0.000000 0.000000
vt 1.000000 0.000000
vt 1.000000 1.000000
vt 0.000000 1.000000
vt 0.000000 0.000000
vt 1.000000 0.000000
vt 1.000000 1.000000
vt 0.000000 1.000000
vt 0.000000 0.000000
vt 1.000000 0.000000
vt 1.000000 1.000000
vt 0.000000 1.000000
vt 0.500000 0.500000
vt 0.000000 0.000000
vt 1.000000 0.000000
vt 0.500000 0.500000
vt 0.000000 1.000000
vt 1.000000 1.000000
vt 0.500000 0.500000
vt 0.000000 0.000000
vt 1.000000 0.000000
vt 0.500000 0.500000
vt 0.000000 1.000000
vt 1.000000 1.000000
vt 0.500000 0.500000
vt 0.000000 0.000000
vt 1.000000 0.000000
vt 0.500000 0.500000
vt 0.000000 1.000000
vt 1.000000 1.000000
vt 0.500000 0.500000
vt 0.000000 0.000000
vt 1.000000 0.000000
vt 0.500000 0.500000
vt 0.000000 1.000000
vt 1.000000 1.000000
vt 0.500000 0.500000
vt 0.000000 0.000000
vt 1.000000 0.000000
vt 0.500000 0.500000
vt 0.000000 1.000000
vt 1.000000 1.000000
vt 0.000000 0.500000
vt 0.480000 1.000000
vt 1.000000 0.500000
vt 0.480000 0.000000
vt 0.000000 0.000000
vt 1.000000 0.000000
vt 1.000000 1.000000
vt 0.000000 1.000000
vt 0.000000 0.000000
vt 1.000000 0.000000
vt 1.000000 1.000000
vt 0.000000 1.000000
vt 0.000000 0.000000
vt 1.000000 0.000000
vt 1.000000 1.000000
vt 0.000000 1.000000
vt 0.000000 0.000000
vt 1.000000 0.000000
vt 1.000000 1.000000
vt 0.000000 1.000000
vt 0.000000 0.000000
vt 1.000000 0.000000
vt 1.000000 1.000000
vt 0.000000 1.000000
vt 0.500000 0.500000
vt 0.000000 0.000000
vt 1.000000 0.000000
vt 0.500000 0.500000
vt 0.000000 1.000000
vt 1.000000 1.000000
vt 0.500000 0.500000
vt 0.000000 0.000000
vt 1.000000 0.000000
vt 0.500000 0.500000
vt 0.000000 1.000000
vt 1.000000 1.000000
vt 0.500000 0.500000
vt 0.000000 0.000000
vt 1.000000 0.000000
vt 0.500000 0.500000
vt 0.000000 1.000000
vt 1.000000 1.000000
vt 0.500000 0.500000
vt 0.000000 0.000000
vt 1.000000 0.000000
vt 0.500000 0.500000
vt 0.000000 1.000000
vt 1.000000 1.000000
vt 0.500000 0.500000
vt 0.000000 0.000000
vt 1.000000 0.000000
vt 0.500000 0.500000
vt 0.000000 1.000000
vt 1.000000 1.000000
vt 0.000000 0.500000
vt 0.480000 1.000000
vt 1.000000 0.500000
vt 0.480000 0.000000
vt 0.000000 0.000000
vt 1.000000 0.000000
vt 1.000000 1.000000
vt 0.000000 1.000000
vt 0.000000 0.000000
vt 1.000000 0.000000
vt 1.000000 1.000000
vt 0.000000 1.000000
vt 0.000000 0.000000
vt 1.000000 0.000000
vt 1.000000 1.000000
vt 0.000000 1.000000
vt 0.000000 0.000000
vt 1.000000 0.000000
vt 1.000000 1.000000
vt 0.000000 1.000000
vt 0.000000 0.000000
vt 1.000000 0.000000
vt 1.000000 1.000000
vt 0.000000 1.000000
vt 0.500000 0.500000
vt 0.000000 0.000000
vt 1.000000 0.000000
vt 0.500000 0.500000
vt 0.000000 1.000000
vt 1.000000 1.000000
vt 0.500000 0.500000
vt 0.000000 0.000000
vt 1.000000 0.000000
vt 0.500000 0.500000
vt 0.000000 1.000000
vt 1.000000 1.000000
vt 0.500000 0.500000
vt 0.000000 0.000000
vt 1.000000 0.000000
vt 0.500000 0.500000
vt 0.000000 1.000000
vt 1.000000 1.000000
vt 0.500000 0.500000
vt 0.000000 0.000000
vt 1.000000 0.000000
vt 0.500000 0.500000
vt 0.000000 1.000000
vt 1.000000 1.000000
vt 0.500000 0.500000
vt 0.000000 0.000000
vt 1.000000 0.000000
vt 0.500000 0.500000
vt 0.000000 1.000000
vt 1.000000 1.000000
vt 0.000000 0.500000
vt 0.480000 1.000000
vt 1.000000 0.500000
vt 0.480000 0.000000
vt 0.000000 0.000000
vt 1.000000 0.000000
vt 1.000000 1.000000
vt 0.000000 1.000000
vt 0.000000 0.000000
vt 1.000000 0.000000
vt 1.000000 1.000000
vt 0.000000 1.000000
vt 0.000000 0.000000
vt 1.000000 0.000000
vt 1.000000 1.000000
vt 0.000000 1.000000
vt 0.000000 0.000000
vt 1.000000 0.000000
vt 1.000000 1.000000
vt 0.000000 1.000000
vt 0.000000 0.000000
vt 1.000000 0.000000
vt 1.000000 1.000000
vt 0.000000 1.000000
vt 0.500000 0.500000
vt 0.000000 0.000000
vt 1.000000 0.000000
vt 0.500000 0.500000
vt 0.000000 1.000000
vt 1.000000 1.000000
vt 0.500000 0.500000
vt 0.000000 0.000000
vt 1.000000 0.000000
vt 0.500000 0.500000
vt 0.000000 1.000000
vt 1.000000 1.000000
vt 0.500000 0.500000
vt 0.000000 0.000000
vt 1.000000 0.000000
vt 0.500000 0.500000
vt 0.000000 1.000000
vt 1.000000 1.000000
vt 0.500000 0.500000
vt 0.000000 0.000000
vt 1.000000 0.000000
vt 0.500000 0.500000
vt 0.000000 1.000000
vt 1.000000 1.000000
vt 0.500000 0.500000
vt 0.000000 0.000000
vt 1.000000 0.000000
vt 0.500000 0.500000
vt 0.000000 1.000000
vt 1.000000 1.000000
vt 0.000000 0.500000
vt 0.480000 1.000000
vt 1.000000 0.500000
vt 0.480000 0.000000
vt 0.000000 0.000000
vt 1.000000 0.000000
vt 1.000000 1.000000
vt 0.000000 1.000000
vt 0.000000 0.000000
vt 1.000000 0.000000
vt 1.000000 1.000000
vt 0.000000 1.000000
vt 0.000000 0.000000
vt 1.000000 0.000000
vt 1.000000 1.000000
vt 0.000000 1.000000
vt 0.000000 0.000000
vt 1.000000 0.000000
vt 1.000000 1.000000
vt 0.000000 1.000000
vt 0.000000 0.000000
vt 1.000000 0.000000
vt 1.000000 1.000000
vt 0.000000 1.000000
vt 0.500000 0.500000
vt 0.000000 0.000000
vt 1.000000 0.000000
vt 0.500000 0.500000
vt 0.000000 1.000000
vt 1.000000 1.000000
vt 0.500000 0.500000
vt 0.000000 0.000000
vt 1.000000 0.000000
vt 0.500000 0.500000
vt 0.000000 1.000000
vt 1.000000 1.000000
vt 0.500000 0.500000
vt 0.000000 0.000000
vt 1.000000 0.000000
vt 0.500000 0.500000
vt 0.000000 1.000000
vt 1.000000 1.000000
vt 0.500000 0.500000
vt 0.000000 0.000000
vt 1.000000 0.000000
vt 0.500000 0.500000
vt 0.000000 1.000000
vt 1.000000 1.000000
vt 0.500000 0.500000
vt 0.000000 0.000000
vt 1.000000 0.000000
vt 0.500000 0.500000
vt 0.000000 1.000000
vt 1.000000 1.000000
vt 0.000000 0.500000
vt 0.480000 1.000000
vt 1.000000 0.500000
vt 0.480000 0.000000
vt 0.000000 0.000000
vt 1.000000 0.000000
vt 1.000000 1.000000
vt 0.000000 1.000000
vt 0.000000 0.000000
vt 1.000000 0.000000
vt 1.000000 1.000000
vt 0.000000 1.000000
vt 0.000000 0.000000
vt 1.000000 0.000000
vt 1.000000 1.000000
vt 0.000000 1.000000
vt 0.000000 0.000000
vt 1.000000 0.000000
vt 1.000000 1.000000
vt 0.000000 1.000000
vt 0.000000 0.000000
vt 1.000000 0.000000
vt 1.000000 1.000000
vt 0.000000 1.000000
vt 0.500000 0.500000
vt 0.000000 0.000000
vt 1.000000 0.000000
vt 0.500000 0.500000
vt 0.000000 1.000000
vt 1.000000 1.000000
vt 0.500000 0.500000
vt 0.000000 0.000000
vt 1.000000 0.000000
vt 0.500000 0.500000
vt 0.000000 1.000000
vt 1.000000 1.000000
vt 0.500000 0.500000
vt 0.000000 0.000000
vt 1.000000 0.000000
vt 0.500000 0.500000
vt 0.000000 1.000000
vt 1.000000 1.000000
vt 0.500000 0.500000
vt 0.000000 0.000000
vt 1.000000 0.000000
vt 0.500000 0.500000
vt 0.000000 1.000000
vt 1.000000 1.000000
vt 0.500000 0.500000
vt 0.000000 0.000000
vt 1.000000 0.000000
vt 0.500000 0.500000
vt 0.000000 1.000000
vt 1.000000 1.000000
vt 0.000000 0.500000
vt 0.480000 1.000000
vt 1.000000 0.500000
vt 0.480000 0.000000
vt 0.000000 0.000000
vt 1.000000 0.000000
vt 1.000000 1.000000
vt 0.000000 1.000000
vt 0.000000 0.000000
vt 1.000000 0.000000
vt 1.000000 1.000000
vt 0.000000 1.000000
vt 0.000000 0.000000
vt 1.000000 0.000000
vt 1.000000 1.000000
vt 0.000000 1.000000
vt 0.000000 0.000000
vt 1.000000 0.000000
vt 1.000000 1.000000
vt 0.000000 1.000000
vt 0.000000 0.000000
vt 1.000000 0.000000
vt 1.000000 1.000000
vt 0.000000 1.000000
vt 0.500000 0.500000
vt 0.000000 0.000000
vt 1.000000 0.000000
vt 0.500000 0.500000
vt 0.000000 1.000000
vt 1.000000 1.000000
vt 0.500000 0.500000
vt 0.000000 0.000000
vt 1.000000 0.000000
vt 0.500000 0.500000
vt 0.000000 1.000000
vt 1.000000 1.000000
vt 0.500000 0.500000
vt 0.000000 0.000000
vt 1.000000 0.000000
vt 0.500000 0.500000
vt 0.000000 1.000000
vt 1.000000 1.000000
vt 0.500000 0.500000
vt 0.000000 0.000000
vt 1.000000 0.000000
vt 0.500000 0.500000
vt 0.000000 1.000000
vt 1.000000 1.000000
vt 0.500000 0.500000
vt 0.000000 0.000000
vt 1.000000 0.000000
vt 0.500000 0.500000
vt 0.000000 1.000000
vt 1.000000 1.000000
vt 0.000000 0.500000
vt 0.480000 1.000000
vt 1.000000 0.500000
vt 0.480000 0.000000
vt 0.000000 0.000000
vt 1.000000 0.000000
vt 1.000000 1.000000
vt 0.000000 1.000000
vt 0.000000 0.000000
vt 1.000000 0.000000
vt 1.000000 1.000000
vt 0.000000 1.000000
vt 0.000000 0.000000
vt 1.000000 0.000000
vt 1.000000 1.000000
vt 0.000000 1.000000
vt 0.000000 0.000000
vt 1.000000 0.000000
vt 1.000000 1.000000
vt 0.000000 1.000000
vt 0.000000 0.000000
vt 1.000000 0.000000
vt 1.000000 1.000000
vt 0.000000 1.000000
vt 0.500000 0.500000
vt 0.000000 0.000000
vt 1.000000 0.000000
vt 0.500000 0.500000
vt 0.000000 1.000000
vt 1.000000 1.000000
vt 0.500000 0.500000
vt 0.000000 0.000000
vt 1.000000 0.000000
vt 0.500000 0.500000
vt 0.000000 1.000000
vt 1.000000 1.000000
vt 0.500000 0.500000
vt 0.000000 0.000000
vt 1.000000 0.000000
vt 0.500000 0.500000
vt 0.000000 1.000000
vt 1.000000 1.000000
vt 0.500000 0.500000
vt 0.000000 0.000000
vt 1.000000 0.000000
vt 0.500000 0.500000
vt 0.000000 1.000000
vt 1.000000 1.000000
vt 0.500000 0.500000
vt 0.000000 0.000000
vt 1.000000 0.000000
vt 0.500000 0.500000
vt 0.000000 1.000000
vt 1.000000 1.000000
vt 0.000000 0.500000
vt 0.480000 1.000000
vt 1.000000 0.500000
vt 0.480000 0.000000
vt 0.000000 0.000000
vt 1.000000 0.000000
vt 1.000000 1.000000
vt 0.000000 1.000000
vt 0.000000 0.000000
vt 1.000000 0.000000
vt 1.000000 1.000000
vt 0.000000 1.000000
vt 0.000000 0.000000
vt 1.000000 0.000000
vt 1.000000 1.000000
vt 0.000000 1.000000
vt 0.000000 0.000000
vt 1.000000 0.000000
vt 1.000000 1.000000
vt 0.000000 1.000000
vt 0.000000 0.000000
vt 1.000000 0.000000
vt 1.000000 1.000000
vt 0.000000 1.000000
vt 0.500000 0.500000
vt 0.000000 0.000000
vt 1.000000 0.000000
vt 0.500000 0.500000
vt 0.000000 1.000000
vt 1.000000 1.000000
vt 0.500000 0.500000
vt 0.000000 0.000000
vt 1.000000 0.000000
vt 0.500000 0.500000
vt 0.000000 1.000000
vt 1.000000 1.000000
vt 0.500000 0.500000
vt 0.000000 0.000000
vt 1.000000 0.000000
vt 0.500000 0.500000
vt 0.000000 1.000000
vt 1.000000 1.000000
vt 0.500000 0.500000
vt 0.000000 0.000000
vt 1.000000 0.000000
vt 0.500000 0.500000
vt 0.000000 1.000000
vt 1.000000 1.000000
vt 0.500000 0.500000
vt 0.000000 0.000000
vt 1.000000 0.000000
vt 0.500000 0.500000
vt 0.000000 1.000000
vt 1.000000 1.000000
vt 0.000000 0.000000
vt 1.000000 0.000000
vt 1.000000 1.000000
vt 0.000000 1.000000
vt 0.000000 0.000000
vt 1.000000 0.000000
vt 1.000000 1.000000
vt 0.000000 1.000000
vt 0.000000 0.000000
vt 1.000000 0.000000
vt 1.000000 1.000000
vt 0.000000 1.000000
vt 0.000000 0.000000
vt 1.000000 0.000000
vt 1.000000 1.000000
vt 0.000000 1.000000
vt 0.000000 0.000000
vt 1.000000 0.000000
vt 1.000000 1.000000
vt 0.000000 1.000000
vt 0.000000 0.000000
vt 1.000000 0.000000
vt 1.000000 1.000000
vt 0.000000 1.000000
vt 0.500000 0.500000
vt 0.000000 0.000000
vt 1.000000 0.000000
vt 0.500000 0.500000
vt 0.000000 1.000000
vt 1.000000 1.000000
vt 0.500000 0.500000
vt 0.000000 0.000000
vt 1.000000 0.000000
vt 0.500000 0.500000
vt 0.000000 1.000000
vt 1.000000 1.000000
vt 0.500000 0.500000
vt 0.000000 0.000000
vt 1.000000 0.000000
vt 0.500000 0.500000
vt 0.000000 1.000000
vt 1.000000 1.000000
vt 0.500000 0.500000
vt 0.000000 0.000000
vt 1.000000 0.000000
vt 0.500000 0.500000
vt 0.000000 1.000000
vt 1.000000 1.000000
vt 0.500000 0.500000
vt 0.000000 0.000000
vt 1.000000 0.000000
vt 0.500000 0.500000
vt 0.000000 1.000000
vt 1.000000 1.000000
vt 0.500000 0.500000
vt 0.000000 0.000000
vt 1.000000 0.000000
vt 0.500000 0.500000
vt 0.000000 1.000000
vt 1.000000 1.000000
vt 0.000000 0.500000
vt 0.480000 1.000000
vt 1.000000 0.500000
vt 0.480000 0.000000
vt 0.000000 0.000000
vt 1.000000 0.000000
vt 1.000000 1.000000
vt 0.000000 1.000000
vt 0.000000 0.000000
vt 1.000000 0.000000
vt 1.000000 1.000000
vt 0.000000 1.000000
vt 0.000000 0.000000
vt 1.000000 0.000000
vt 1.000000 1.000000
vt 0.000000 1.000000
vt 0.000000 0.000000
vt 1.000000 0.000000
vt 1.000000 1.000000
vt 0.000000 1.000000
vt 0.000000 0.000000
vt 1.000000 0.000000
vt 1.000000 1.000000
vt 0.000000 1.000000
vt 0.500000 0.500000
vt 0.000000 0.000000
vt 1.000000 0.000000
vt 0.500000 0.500000
vt 0.000000 1.000000
vt 1.000000 1.000000
vt 0.500000 0.500000
vt 0.000000 0.000000
vt 1.000000 0.000000
vt 0.500000 0.500000
vt 0.000000 1.000000
vt 1.000000 1.000000
vt 0.500000 0.500000
vt 0.000000 0.000000
vt 1.000000 0.000000
vt 0.500000 0.500000
vt 0.000000 1.000000
vt 1.000000 1.000000
vt 0.500000 0.500000
vt 0.000000 0.000000
vt 1.000000 0.000000
vt 0.500000 0.500000
vt 0.000000 1.000000
vt 1.000000 1.000000
vt 0.500000 0.500000
vt 0.000000 0.000000
vt 1.000000 0.000000
vt 0.500000 0.500000
vt 0.000000 1.000000
vt 1.000000 1.000000
vt 0.000000 0.500000
vt 0.480000 1.000000
vt 1.000000 0.500000
vt 0.480000 0.000000
vt 0.000000 0.000000
vt 1.000000 0.000000
vt 1.000000 1.000000
vt 0.000000 1.000000
vt 0.000000 0.000000
vt 1.000000 0.000000
vt 1.000000 1.000000
vt 0.000000 1.000000
vt 0.000000 0.000000
vt 1.000000 0.000000
vt 1.000000 1.000000
vt 0.000000 1.000000
vt 0.000000 0.000000
vt 1.000000 0.000000
vt 1.000000 1.000000
vt 0.000000 1.000000
vt 0.000000 0.000000
vt 1.000000 0.000000
vt 1.000000 1.000000
vt 0.000000 1.000000
vt 0.500000 0.500000
vt 0.000000 0.000000
vt 1.000000 0.000000
vt 0.500000 0.500000
vt 0.000000 1.000000
vt 1.000000 1.000000
vt 0.500000 0.500000
vt 0.000000 0.000000
vt 1.000000 0.000000
vt 0.500000 0.500000
vt 0.000000 1.000000
vt 1.000000 1.000000
vt 0.500000 0.500000
vt 0.000000 0.000000
vt 1.000000 0.000000
vt 0.500000 0.500000
vt 0.000000 1.000000
vt 1.000000 1.000000
vt 0.500000 0.500000
vt 0.000000 0.000000
vt 1.000000 0.000000
vt 0.500000 0.500000
vt 0.000000 1.000000
vt 1.000000 1.000000
vt 0.500000 0.500000
vt 0.000000 0.000000
vt 1.000000 0.000000
vt 0.500000 0.500000
vt 0.000000 1.000000
vt 1.000000 1.000000
vt 0.000000 0.500000
vt 0.480000 1.000000
vt 1.000000 0.500000
vt 0.480000 0.000000
vt 0.000000 0.000000
vt 1.000000 0.000000
vt 1.000000 1.000000
vt 0.000000 1.000000
vt 0.000000 0.000000
vt 1.000000 0.000000
vt 1.000000 1.000000
vt 0.000000 1.000000
vt 0.000000 0.000000
vt 1.000000 0.000000
vt 1.000000 1.000000
vt 0.000000 1.000000
vt 0.000000 0.000000
vt 1.000000 0.000000
vt 1.000000 1.000000
vt 0.000000 1.000000
vt 0.000000 0.000000
vt 1.000000 0.000000
vt 1.000000 1.000000
vt 0.000000 1.000000
vt 0.500000 0.500000
vt 0.000000 0.000000
vt 1.000000 0.000000
vt 0.500000 0.500000
vt 0.000000 1.000000
vt 1.000000 1.000000
vt 0.500000 0.500000
vt 0.000000 0.000000
vt 1.000000 0.000000
vt 0.500000 0.500000
vt 0.000000 1.000000
vt 1.000000 1.000000
vt 0.500000 0.500000
vt 0.000000 0.000000
vt 1.000000 0.000000
vt 0.500000 0.500000
vt 0.000000 1.000000
vt 1.000000 1.000000
vt 0.500000 0.500000
vt 0.000000 0.000000
vt 1.000000 0.000000
vt 0.500000 0.500000
vt 0.000000 1.000000
vt 1.000000 1.000000
vt 0.500000 0.500000
vt 0.000000 0.000000
vt 1.000000 0.000000
vt 0.500000 0.500000
vt 0.000000 1.000000
vt 1.000000 1.000000
vt 0.000000 0.500000
vt 0.480000 1.000000
vt 1.000000 0.500000
vt 0.480000 0.000000
vt 0.000000 0.000000
vt 1.000000 0.000000
vt 1.000000 1.000000
vt 0.000000 1.000000
vt 0.000000 0.000000
vt 1.000000 0.000000
vt 1.000000 1.000000
vt 0.000000 1.000000
vt 0.000000 0.000000
vt 1.000000 0.000000
vt 1.000000 1.000000
vt 0.000000 1.000000
vt 0.000000 0.000000
vt 1.000000 0.000000
vt 1.000000 1.000000
vt 0.000000 1.000000
vt 0.000000 0.000000
vt 1.000000 0.000000
vt 1.000000 1.000000
vt 0.000000 1.000000
vt 0.500000 0.500000
vt 0.000000 0.000000
vt 1.000000 0.000000
vt 0.500000 0.500000
vt 0.000000 1.000000
vt 1.000000 1.000000
vt 0.500000 0.500000
vt 0.000000 0.000000
vt 1.000000 0.000000
vt 0.500000 0.500000
vt 0.000000 1.000000
vt 1.000000 1.000000
vt 0.500000 0.500000
vt 0.000000 0.000000
vt 1.000000 0.000000
vt 0.500000 0.500000
vt 0.000000 1.000000
vt 1.000000 1.000000
vt 0.500000 0.500000
vt 0.000000 0.000000
vt 1.000000 0.000000
vt 0.500000 0.500000
vt 0.000000 1.000000
vt 1.000000 1.000000
vt 0.500000 0.500000
vt 0.000000 0.000000
vt 1.000000 0.000000
vt 0.500000 0.500000
vt 0.000000 1.000000
vt 1.000000 1.000000
vt 0.000000 0.500000
vt 0.480000 1.000000
vt 1.000000 0.500000
vt 0.480000 0.000000
vt 0.000000 0.000000
vt 1.000000 0.000000
vt 1.000000 1.000000
vt 0.000000 1.000000
vt 0.000000 0.000000
vt 1.000000 0.000000
vt 1.000000 1.000000
vt 0.000000 1.000000
vt 0.000000 0.000000
vt 1.000000 0.000000
vt 1.000000 1.000000
vt 0.000000 1.000000
vt 0.000000 0.000000
vt 1.000000 0.000000
vt 1.000000 1.000000
vt 0.000000 1.000000
vt 0.000000 0.000000
vt 1.000000 0.000000
vt 1.000000 1.000000
vt 0.000000 1.000000
vt 0.500000 0.500000
vt 0.000000 0.000000
vt 1.000000 0.000000
vt 0.500000 0.500000
vt 0.000000 1.000000
vt 1.000000 1.000000
vt 0.500000 0.500000
vt 0.000000 0.000000
vt 1.000000 0.000000
vt 0.500000 0.500000
vt 0.000000 1.000000
vt 1.000000 1.000000
vt 0.500000 0.500000
vt 0.000000 0.000000
vt 1.000000 0.000000
vt 0.500000 0.500000
vt 0.000000 1.000000
vt 1.000000 1.000000
vt 0.500000 0.500000
vt 0.000000 0.000000
vt 1.000000 0.000000
vt 0.500000 0.500000
vt 0.000000 1.000000
vt 1.000000 1.000000
vt 0.500000 0.500000
vt 0.000000 0.000000
vt 1.000000 0.000000
vt 0.500000 0.500000
vt 0.000000 1.000000
vt 1.000000 1.000000
vt 0.000000 0.500000
vt 0.480000 1.000000
vt 1.000000 0.500000
vt 0.480000 0.000000
vt 0.000000 0.000000
vt 1.000000 0.000000
vt 1.000000 1.000000
vt 0.000000 1.000000
vt 0.000000 0.000000
vt 1.000000 0.000000
vt 1.000000 1.000000
vt 0.000000 1.000000
vt 0.000000 0.000000
vt 1.000000 0.000000
vt 1.000000 1.000000
vt 0.000000 1.000000
vt 0.000000 0.000000
vt 1.000000 0.000000
vt 1.000000 1.000000
vt 0.000000 1.000000
vt 0.000000 0.000000
vt 1.000000 0.000000
vt 1.000000 1.000000
vt 0.000000 1.000000
vt 0.500000 0.500000
vt 0.000000 0.000000
vt 1.000000 0.000000
vt 0.500000 0.500000
vt 0.000000 1.000000
vt 1.000000 1.000000
vt 0.500000 0.500000
vt 0.000000 0.000000
vt 1.000000 0.000000
vt 0.500000 0.500000
vt 0.000000 1.000000
vt 1.000000 1.000000
vt 0.500000 0.500000
vt 0.000000 0.000000
vt 1.000000 0.000000
vt 0.500000 0.500000
vt 0.000000 1.000000
vt 1.000000 1.000000
vt 0.500000 0.500000
vt 0.000000 0.000000
vt 1.000000 0.000000
vt 0.500000 0.500000
vt 0.000000 1.000000
vt 1.000000 1.000000
vt 0.500000 0.500000
vt 0.000000 0.000000
vt 1.000000 0.000000
vt 0.500000 0.500000
vt 0.000000 1.000000
vt 1.000000 1.000000
vt 0.000000 0.500000
vt 0.480000 1.000000
vt 1.000000 0.500000
vt 0.480000 0.000000
vt 0.000000 0.000000
vt 1.000000 0.000000
vt 1.000000 1.000000
vt 0.000000 1.000000
vt 0.000000 0.000000
vt 1.000000 0.000000
vt 1.000000 1.000000
vt 0.000000 1.000000
vt 0.000000 0.000000
vt 1.000000 0.000000
vt 1.000000 1.000000
vt 0.000000 1.000000
vt 0.000000 0.000000
vt 1.000000 0.000000
vt 1.000000 1.000000
vt 0.000000 1.000000
vt 0.000000 0.000000
vt 1.000000 0.000000
vt 1.000000 1.000000
vt 0.000000 1.000000
vt 0.500000 0.500000
vt 0.000000 0.000000
vt 1.000000 0.000000
vt 0.500000 0.500000
vt 0.000000 1.000000
vt 1.000000 1.000000
vt 0.500000 0.500000
vt 0.000000 0.000000
vt 1.000000 0.000000
vt 0.500000 0.500000
vt 0.000000 1.000000
vt 1.000000 1.000000
vt 0.500000 0.500000
vt 0.000000 0.000000
vt 1.000000 0.000000
vt 0.500000 0.500000
vt 0.000000 1.000000
vt 1.000000 1.000000
vt 0.500000 0.500000
vt 0.000000 0.000000
vt 1.000000 0.000000
vt 0.500000 0.500000
vt 0.000000 1.000000
vt 1.000000 1.000000
vt 0.500000 0.500000
vt 0.000000 0.000000
vt 1.000000 0.000000
vt 0.500000 0.500000
vt 0.000000 1.000000
vt 1.000000 1.000000
vt 0.000000 0.500000
vt 0.480000 1.000000
vt 1.000000 0.500000
vt 0.480000 0.000000
vt 0.000000 0.000000
vt 1.000000 0.000000
vt 1.000000 1.000000
vt 0.000000 1.000000
vt 0.000000 0.000000
vt 1.000000 0.000000
vt 1.000000 1.000000
vt 0.000000 1.000000
vt 0.000000 0.000000
vt 1.000000 0.000000
vt 1.000000 1.000000
vt 0.000000 1.000000
vt 0.000000 0.000000
vt 1.000000 0.000000
vt 1.000000 1.000000
vt 0.000000 1.000000
vt 0.000000 0.000000
vt 1.000000 0.000000
vt 1.000000 1.000000
vt 0.000000 1.000000
vt 0.500000 0.500000
vt 0.000000 0.000000
vt 1.000000 0.000000
vt 0.500000 0.500000
vt 0.000000 1.000000
vt 1.000000 1.000000
vt 0.500000 0.500000
vt 0.000000 0.000000
vt 1.000000 0.000000
vt 0.500000 0.500000
vt 0.000000 1.000000
vt 1.000000 1.000000
vt 0.500000 0.500000
vt 0.000000 0.000000
vt 1.000000 0.000000
vt 0.500000 0.500000
vt 0.000000 1.000000
vt 1.000000 1.000000
vt 0.500000 0.500000
vt 0.000000 0.000000
vt 1.000000 0.000000
vt 0.500000 0.500000
vt 0.000000 1.000000
vt 1.000000 1.000000
vt 0.500000 0.500000
vt 0.000000 0.000000
vt 1.000000 0.000000
vt 0.500000 0.500000
vt 0.000000 1.000000
vt 1.000000 1.000000
vt 0.000000 0.500000
vt 0.480000 1.000000
vt 1.000000 0.500000
vt 0.480000 0.000000
vt 0.000000 0.000000
vt 1.000000 0.000000
vt 1.000000 1.000000
vt 0.000000 1.000000
vt 0.000000 0.000000
vt 1.000000 0.000000
vt 1.000000 1.000000
vt 0.000000 1.000000
vt 0.000000 0.000000
vt 1.000000 0.000000
vt 1.000000 1.000000
vt 0.000000 1.000000
vt 0.000000 0.000000
vt 1.000000 0.000000
vt 1.000000 1.000000
vt 0.000000 1.000000
vt 0.000000 0.000000
vt 1.000000 0.000000
vt 1.000000 1.000000
vt 0.000000 1.000000
vt 0.500000 0.500000
vt 0.000000 0.000000
vt 1.000000 0.000000
vt 0.500000 0.500000
vt 0.000000 1.000000
vt 1.000000 1.000000
vt 0.500000 0.500000
vt 0.000000 0.000000
vt 1.000000 0.000000
vt 0.500000 0.500000
vt 0.000000 1.000000
vt 1.000000 1.000000
vt 0.500000 0.500000
vt 0.000000 0.000000
vt 1.000000 0.000000
vt 0.500000 0.500000
vt 0.000000 1.000000
vt 1.000000 1.000000
vt 0.500000 0.500000
vt 0.000000 0.000000
vt 1.000000 0.000000
vt 0.500000 0.500000
vt 0.000000 1.000000
vt 1.000000 1.000000
vt 0.500000 0.500000
vt 0.000000 0.000000
vt 1.000000 0.000000
vt 0.500000 0.500000
vt 0.000000 1.000000
vt 1.000000 1.000000
vt 0.000000 0.500000
vt 0.480000 1.000000
vt 1.000000 0.500000
vt 0.480000 0.000000
vt 0.000000 0.000000
vt 1.000000 0.000000
vt 1.000000 1.000000
vt 0.000000 1.000000
vt 0.000000 0.000000
vt 1.000000 0.000000
vt 1.000000 1.000000
vt 0.000000 1.000000
vt 0.000000 0.000000
vt 1.000000 0.000000
vt 1.000000 1.000000
vt 0.000000 1.000000
vt 0.000000 0.000000
vt 1.000000 0.000000
vt 1.000000 1.000000
vt 0.000000 1.000000
vt 0.000000 0.000000
vt 1.000000 0.000000
vt 1.000000 1.000000
vt 0.000000 1.000000
vt 0.500000 0.500000
vt 0.000000 0.000000
vt 1.000000 0.000000
vt 0.500000 0.500000
vt 0.000000 1.000000
vt 1.000000 1.000000
vt 0.500000 0.500000
vt 0.000000 0.000000
vt 1.000000 0.000000
vt 0.500000 0.500000
vt 0.000000 1.000000
vt 1.000000 1.000000
vt 0.500000 0.500000
vt 0.000000 0.000000
vt 1.000000 0.000000
vt 0.500000 0.500000
vt 0.000000 1.000000
vt 1.000000 1.000000
vt 0.500000 0.500000
vt 0.000000 0.000000
vt 1.000000 0.000000
vt 0.500000 0.500000
vt 0.000000 1.000000
vt 1.000000 1.000000
vt 0.500000 0.500000
vt 0.000000 0.000000
vt 1.000000 0.000000
vt 0.500000 0.500000
vt 0.000000 1.000000
vt 1.000000 1.000000
vt 0.000000 0.500000
vt 0.480000 1.000000
vt 1.000000 0.500000
vt 0.480000 0.000000
vt 0.000000 0.000000
vt 1.000000 0.000000
vt 1.000000 1.000000
vt 0.000000 1.000000
vt 0.000000 0.000000
vt 1.000000 0.000000
vt 1.000000 1.000000
vt 0.000000 1.000000
vt 0.000000 0.000000
vt 1.000000 0.000000
vt 1.000000 1.000000
vt 0.000000 1.000000
vt 0.000000 0.000000
vt 1.000000 0.000000
vt 1.000000 1.000000
vt 0.000000 1.000000
vt 0.000000 0.000000
vt 1.000000 0.000000
vt 1.000000 1.000000
vt 0.000000 1.000000
vt 0.500000 0.500000
vt 0.000000 0.000000
vt 1.000000 0.000000
vt 0.500000 0.500000
vt 0.000000 1.000000
vt 1.000000 1.000000
vt 0.500000 0.500000
vt 0.000000 0.000000
vt 1.000000 0.000000
vt 0.500000 0.500000
vt 0.000000 1.000000
vt 1.000000 1.000000
vt 0.500000 0.500000
vt 0.000000 0.000000
vt 1.000000 0.000000
vt 0.500000 0.500000
vt 0.000000 1.000000
vt 1.000000 1.000000
vt 0.500000 0.500000
vt 0.000000 0.000000
vt 1.000000 0.000000
vt 0.500000 0.500000
vt 0.000000 1.000000
vt 1.000000 1.000000
vt 0.500000 0.500000
vt 0.000000 0.000000
vt 1.000000 0.000000
vt 0.500000 0.500000
vt 0.000000 1.000000
vt 1.000000 1.000000
vt 0.000000 0.500000
vt 0.480000 1.000000
vt 1.000000 0.500000
vt 0.480000 0.000000
vt 0.000000 0.000000
vt 1.000000 0.000000
vt 1.000000 1.000000
vt 0.000000 1.000000
vt 0.000000 0.000000
vt 1.000000 0.000000
vt 1.000000 1.000000
vt 0.000000 1.000000
vt 0.000000 0.000000
vt 1.000000 0.000000
vt 1.000000 1.000000
vt 0.000000 1.000000
vt 0.000000 0.000000
vt 1.000000 0.000000
vt 1.000000 1.000000
vt 0.000000 1.000000
vt 0.000000 0.000000
vt 1.000000 0.000000
vt 1.000000 1.000000
vt 0.000000 1.000000
vt 0.500000 0.500000
vt 0.000000 0.000000
vt 1.000000 0.000000
vt 0.500000 0.500000
vt 0.000000 1.000000
vt 1.000000 1.000000
vt 0.500000 0.500000
vt 0.000000 0.000000
vt 1.000000 0.000000
vt 0.500000 0.500000
vt 0.000000 1.000000
vt 1.000000 1.000000
vt 0.500000 0.500000
vt 0.000000 0.000000
vt 1.000000 0.000000
vt 0.500000 0.500000
vt 0.000000 1.000000
vt 1.000000 1.000000
vt 0.500000 0.500000
vt 0.000000 0.000000
vt 1.000000 0.000000
vt 0.500000 0.500000
vt 0.000000 1.000000
vt 1.000000 1.000000
vt 0.500000 0.500000
vt 0.000000 0.000000
vt 1.000000 0.000000
vt 0.500000 0.500000
vt 0.000000 1.000000
vt 1.000000 1.000000
vt 0.000000 0.000000
vt 1.000000 0.000000
vt 1.000000 1.000000
vt 0.000000 1.000000
vt 0.000000 0.000000
vt 1.000000 0.000000
vt 1.000000 1.000000
vt 0.000000 1.000000
vt 0.000000 0.000000
vt 1.000000 0.000000
vt 1.000000 1.000000
vt 0.000000 1.000000
vt 0.000000 0.000000
vt 1.000000 0.000000
vt 1.000000 1.000000
vt 0.000000 1.000000
vt 0.000000 0.000000
vt 1.000000 0.000000
vt 1.000000 1.000000
vt 0.000000 1.000000
vt 0.000000 0.000000
vt 1.000000 0.000000
vt 1.000000 1.000000
vt 0.000000 1.000000
vt 0.500000 0.500000
vt 0.000000 0.000000
vt 1.000000 0.000000
vt 0.500000 0.500000
vt 0.000000 1.000000
vt 1.000000 1.000000
vt 0.500000 0.500000
vt 0.000000 0.000000
vt 1.000000 0.000000
vt 0.500000 0.500000
vt 0.000000 1.000000
vt 1.000000 1.000000
vt 0.500000 0.500000
vt 0.000000 0.000000
vt 1.000000 0.000000
vt 0.500000 0.500000
vt 0.000000 1.000000
vt 1.000000 1.000000
vt 0.500000 0.500000
vt 0.000000 0.000000
vt 1.000000 0.000000
vt 0.500000 0.500000
vt 0.000000 1.000000
vt 1.000000 1.000000
vt 0.500000 0.500000
vt 0.000000 0.000000
vt 1.000000 0.000000
vt 0.500000 0.500000
vt 0.000000 1.000000
vt 1.000000 1.000000
vt 0.500000 0.500000
vt 0.000000 0.000000
vt 1.000000 0.000000
vt 0.500000 0.500000
vt 0.000000 1.000000
vt 1.000000 1.000000
vt 0.000000 0.500000
vt 0.480000 1.000000
vt 1.000000 0.500000
vt 0.480000 0.000000
vt 0.000000 0.000000
vt 1.000000 0.000000
vt 1.000000 1.000000
vt 0.000000 1.000000
vt 0.000000 0.000000
vt 1.000000 0.000000
vt 1.000000 1.000000
vt 0.000000 1.000000
vt 0.000000 0.000000
vt 1.000000 0.000000
vt 1.000000 1.000000
vt 0.000000 1.000000
vt 0.000000 0.000000
vt 1.000000 0.000000
vt 1.000000 1.000000
vt 0.000000 1.000000
vt 0.000000 0.000000
vt 1.000000 0.000000
vt 1.000000 1.000000
vt 0.000000 1.000000
vt 0.500000 0.500000
vt 0.000000 0.000000
vt 1.000000 0.000000
vt 0.500000 0.500000
vt 0.000000 1.000000
vt 1.000000 1.000000
vt 0.500000 0.500000
vt 0.000000 0.000000
vt 1.000000 0.000000
vt 0.500000 0.500000
vt 0.000000 1.000000
vt 1.000000 1.000000
vt 0.500000 0.500000
vt 0.000000 0.000000
vt 1.000000 0.000000
vt 0.500000 0.500000
vt 0.000000 1.000000
vt 1.000000 1.000000
vt 0.500000 0.500000
vt 0.000000 0.000000
vt 1.000000 0.000000
vt 0.500000 0.500000
vt 0.000000 1.000000
vt 1.000000 1.000000
vt 0.500000 0.500000
vt 0.000000 0.000000
vt 1.000000 0.000000
vt 0.500000 0.500000
vt 0.000000 1.000000
vt 1.000000 1.000000
vt 0.000000 0.500000
vt 0.480000 1.000000
vt 1.000000 0.500000
vt 0.480000 0.000000
vt 0.000000 0.000000
vt 1.000000 0.000000
vt 1.000000 1.000000
vt 0.000000 1.000000
vt 0.000000 0.000000
vt 1.000000 0.000000
vt 1.000000 1.000000
vt 0.000000 1.000000
vt 0.000000 0.000000
vt 1.000000 0.000000
vt 1.000000 1.000000
vt 0.000000 1.000000
vt 0.000000 0.000000
vt 1.000000 0.000000
vt 1.000000 1.000000
vt 0.000000 1.000000
vt 0.000000 0.000000
vt 1.000000 0.000000
vt 1.000000 1.000000
vt 0.000000 1.000000
vt 0.500000 0.500000
vt 0.000000 0.000000
vt 1.000000 0.000000
vt 0.500000 0.500000
vt 0.000000 1.000000
vt 1.000000 1.000000
vt 0.500000 0.500000
vt 0.000000 0.000000
vt 1.000000 0.000000
vt 0.500000 0.500000
vt 0.000000 1.000000
vt 1.000000 1.000000
vt 0.500000 0.500000
vt 0.000000 0.000000
vt 1.000000 0.000000
vt 0.500000 0.500000
vt 0.000000 1.000000
vt 1.000000 1.000000
vt 0.500000 0.500000
vt 0.000000 0.000000
vt 1.000000 0.000000
vt 0.500000 0.500000
vt 0.000000 1.000000
vt 1.000000 1.000000
vt 0.500000 0.500000
vt 0.000000 0.000000
vt 1.000000 0.000000
vt 0.500000 0.500000
vt 0.000000 1.000000
vt 1.000000 1.000000
vt 0.000000 0.500000
vt 0.480000 1.000000
vt 1.000000 0.500000
vt 0.480000 0.000000
vt 0.000000 0.000000
vt 1.000000 0.000000
vt 1.000000 1.000000
vt 0.000000 1.000000
vt 0.000000 0.000000
vt 1.000000 0.000000
vt 1.000000 1.000000
vt 0.000000 1.000000
vt 0.000000 0.000000
vt 1.000000 0.000000
vt 1.000000 1.000000
vt 0.000000 1.000000
vt 0.000000 0.000000
vt 1.000000 0.000000
vt 1.000000 1.000000
vt 0.000000 1.000000
vt 0.000000 0.000000
vt 1.000000 0.000000
vt 1.000000 1.000000
vt 0.000000 1.000000
vt 0.500000 0.500000
vt 0.000000 0.000000
vt 1.000000 0.000000
vt 0.500000 0.500000
vt 0.000000 1.000000
vt 1.000000 1.000000
vt 0.500000 0.500000
vt 0.000000 0.000000
vt 1.000000 0.000000
vt 0.500000 0.500000
vt 0.000000 1.000000
vt 1.000000 1.000000
vt 0.500000 0.500000
vt 0.000000 0.000000
vt 1.000000 0.000000
vt 0.500000 0.500000
vt 0.000000 1.000000
vt 1.000000 1.000000
vt 0.500000 0.500000
vt 0.000000 0.000000
vt 1.000000 0.000000
vt 0.500000 0.500000
vt 0.000000 1.000000
vt 1.000000 1.000000
vt 0.500000 0.500000
vt 0.000000 0.000000
vt 1.000000 0.000000
vt 0.500000 0.500000
vt 0.000000 1.000000
vt 1.000000 1.000000
vt 0.000000 0.500000
vt 0.480000 1.000000
vt 1.000000 0.500000
vt 0.480000 0.000000
vt 0.000000 0.000000
vt 1.000000 0.000000
vt 1.000000 1.000000
vt 0.000000 1.000000
vt 0.000000 0.000000
vt 1.000000 0.000000
vt 1.000000 1.000000
vt 0.000000 1.000000
vt 0.000000 0.000000
vt 1.000000 0.000000
vt 1.000000 1.000000
vt 0.000000 1.000000
vt 0.000000 0.000000
vt 1.000000 0.000000
vt 1.000000 1.000000
vt 0.000000 1.000000
vt 0.000000 0.000000
vt 1.000000 0.000000
vt 1.000000 1.000000
vt 0.000000 1.000000
vt 0.500000 0.500000
vt 0.000000 0.000000
vt 1.000000 0.000000
vt 0.500000 0.500000
vt 0.000000 1.000000
vt 1.000000 1.000000
vt 0.500000 0.500000
vt 0.000000 0.000000
vt 1.000000 0.000000
vt 0.500000 0.500000
vt 0.000000 1.000000
vt 1.000000 1.000000
vt 0.500000 0.500000
vt 0.000000 0.000000
vt 1.000000 0.000000
vt 0.500000 0.500000
vt 0.000000 1.000000
vt 1.000000 1.000000
vt 0.500000 0.500000
vt 0.000000 0.000000
vt 1.000000 0.000000
vt 0.500000 0.500000
vt 0.000000 1.000000
vt 1.000000 1.000000
vt 0.500000 0.500000
vt 0.000000 0.000000
vt 1.000000 0.000000
vt 0.500000 0.500000
vt 0.000000 1.000000
vt 1.000000 1.000000
vt 0.000000 0.500000
vt 0.480000 1.000000
vt 1.000000 0.500000
vt 0.480000 0.000000
vt 0.000000 0.000000
vt 1.000000 0.000000
vt 1.000000 1.000000
vt 0.000000 1.000000
vt 0.000000 0.000000
vt 1.000000 0.000000
vt 1.000000 1.000000
vt 0.000000 1.000000
vt 0.000000 0.000000
vt 1.000000 0.000000
vt 1.000000 1.000000
vt 0.000000 1.000000
vt 0.000000 0.000000
vt 1.000000 0.000000
vt 1.000000 1.000000
vt 0.000000 1.000000
vt 0.000000 0.000000
vt 1.000000 0.000000
vt 1.000000 1.000000
vt 0.000000 1.000000
vt 0.500000 0.500000
vt 0.000000 0.000000
vt 1.000000 0.000000
vt 0.500000 0.500000
vt 0.000000 1.000000
vt 1.000000 1.000000
vt 0.500000 0.500000
vt 0.000000 0.000000
vt 1.000000 0.000000
vt 0.500000 0.500000
vt 0.000000 1.000000
vt 1.000000 1.000000
vt 0.500000 0.500000
vt 0.000000 0.000000
vt 1.000000 0.000000
vt 0.500000 0.500000
vt 0.000000 1.000000
vt 1.000000 1.000000
vt 0.500000 0.500000
vt 0.000000 0.000000
vt 1.000000 0.000000
vt 0.500000 0.500000
vt 0.000000 1.000000
vt 1.000000 1.000000
vt 0.500000 0.500000
vt 0.000000 0.000000
vt 1.000000 0.000000
vt 0.500000 0.500000
vt 0.000000 1.000000
vt 1.000000 1.000000
vt 0.000000 0.500000
vt 0.480000 1.000000
vt 1.000000 0.500000
vt 0.480000 0.000000
vt 0.000000 0.000000
vt 1.000000 0.000000
vt 1.000000 1.000000
vt 0.000000 1.000000
vt 0.000000 0.000000
vt 1.000000 0.000000
vt 1.000000 1.000000
vt 0.000000 1.000000
vt 0.000000 0.000000
vt 1.000000 0.000000
vt 1.000000 1.000000
vt 0.000000 1.000000
vt 0.000000 0.000000
vt 1.000000 0.000000
vt 1.000000 1.000000
vt 0.000000 1.000000
vt 0.000000 0.000000
vt 1.000000 0.000000
vt 1.000000 1.000000
vt 0.000000 1.000000
vt 0.500000 0.500000
vt 0.000000 0.000000
vt 1.000000 0.000000
vt 0.500000 0.500000
vt 0.000000 1.000000
vt 1.000000 1.000000
vt 0.500000 0.500000
vt 0.000000 0.000000
vt 1.000000 0.000000
vt 0.500000 0.500000
vt 0.000000 1.000000
vt 1.000000 1.000000
vt 0.500000 0.500000
vt 0.000000 0.000000
vt 1.000000 0.000000
vt 0.500000 0.500000
vt 0.000000 1.000000
vt 1.000000 1.000000
vt 0.500000 0.500000
vt 0.000000 0.000000
vt 1.000000 0.000000
vt 0.500000 0.500000
vt 0.000000 1.000000
vt 1.000000 1.000000
vt 0.500000 0.500000
vt 0.000000 0.000000
vt 1.000000 0.000000
vt 0.500000 0.500000
vt 0.000000 1.000000
vt 1.000000 1.000000
vt 0.000000 0.500000
vt 0.480000 1.000000
vt 1.000000 0.500000
vt 0.480000 0.000000
vt 0.000000 0.000000
vt 1.000000 0.000000
vt 1.000000 1.000000
vt 0.000000 1.000000
vt 0.000000 0.000000
vt 1.000000 0.000000
vt 1.000000 1.000000
vt 0.000000 1.000000
vt 0.000000 0.000000
vt 1.000000 0.000000
vt 1.000000 1.000000
vt 0.000000 1.000000
vt 0.000000 0.000000
vt 1.000000 0.000000
vt 1.000000 1.000000
vt 0.000000 1.000000
vt 0.000000 0.000000
vt 1.000000 0.000000
vt 1.000000 1.000000
vt 0.000000 1.000000
vt 0.500000 0.500000
vt 0.000000 0.000000
vt 1.000000 0.000000
vt 0.500000 0.500000
vt 0.000000 1.000000
vt 1.000000 1.000000
vt 0.500000 0.500000
vt 0.000000 0.000000
vt 1.000000 0.000000
vt 0.500000 0.500000
vt 0.000000 1.000000
vt 1.000000 1.000000
vt 0.500000 0.500000
vt 0.000000 0.000000
vt 1.000000 0.000000
vt 0.500000 0.500000
vt 0.000000 1.000000
vt 1.000000 1.000000
vt 0.500000 0.500000
vt 0.000000 0.000000
vt 1.000000 0.000000
vt 0.500000 0.500000
vt 0.000000 1.000000
vt 1.000000 1.000000
vt 0.500000 0.500000
vt 0.000000 0.000000
vt 1.000000 0.000000
vt 0.500000 0.500000
vt 0.000000 1.000000
vt 1.000000 1.000000
vt 0.000000 0.500000
vt 0.480000 1.000000
vt 1.000000 0.500000
vt 0.480000 0.000000
vt 0.000000 0.000000
vt 1.000000 0.000000
vt 1.000000 1.000000
vt 0.000000 1.000000
vt 0.000000 0.000000
vt 1.000000 0.000000
vt 1.000000 1.000000
vt 0.000000 1.000000
vt 0.000000 0.000000
vt 1.000000 0.000000
vt 1.000000 1.000000
vt 0.000000 1.000000
vt 0.000000 0.000000
vt 1.000000 0.000000
vt 1.000000 1.000000
vt 0.000000 1.000000
vt 0.000000 0.000000
vt 1.000000 0.000000
vt 1.000000 1.000000
vt 0.000000 1.000000
vt 0.500000 0.500000
vt 0.000000 0.000000
vt 1.000000 0.000000
vt 0.500000 0.500000
vt 0.000000 1.000000
vt 1.000000 1.000000
vt 0.500000 0.500000
vt 0.000000 0.000000
vt 1.000000 0.000000
vt 0.500000 0.500000
vt 0.000000 1.000000
vt 1.000000 1.000000
vt 0.500000 0.500000
vt 0.000000 0.000000
vt 1.000000 0.000000
vt 0.500000 0.500000
vt 0.000000 1.000000
vt 1.000000 1.000000
vt 0.500000 0.500000
vt 0.000000 0.000000
vt 1.000000 0.000000
vt 0.500000 0.500000
vt 0.000000 1.000000
vt 1.000000 1.000000
vt 0.500000 0.500000
vt 0.000000 0.000000
vt 1.000000 0.000000
vt 0.500000 0.500000
vt 0.000000 1.000000
vt 1.000000 1.000000
vt 0.000000 0.500000
vt 0.480000 1.000000
vt 1.000000 0.500000
vt 0.480000 0.000000
vt 0.000000 0.000000
vt 1.000000 0.000000
vt 1.000000 1.000000
vt 0.000000 1.000000
vt 0.000000 0.000000
vt 1.000000 0.000000
vt 1.000000 1.000000
vt 0.000000 1.000000
vt 0.000000 0.000000
vt 1.000000 0.000000
vt 1.000000 1.000000
vt 0.000000 1.000000
vt 0.000000 0.000000
vt 1.000000 0.000000
vt 1.000000 1.000000
vt 0.000000 1.000000
vt 0.000000 0.000000
vt 1.000000 0.000000
vt 1.000000 1.000000
vt 0.000000 1.000000
vt 0.500000 0.500000
vt 0.000000 0.000000
vt 1.000000 0.000000
vt 0.500000 0.500000
vt 0.000000 1.000000
vt 1.000000 1.000000
vt 0.500000 0.500000
vt 0.000000 0.000000
vt 1.000000 0.000000
vt 0.500000 0.500000
vt 0.000000 1.000000
vt 1.000000 1.000000
vt 0.500000 0.500000
vt 0.000000 0.000000
vt 1.000000 0.000000
vt 0.500000 0.500000
vt 0.000000 1.000000
vt 1.000000 1.000000
vt 0.500000 0.500000
vt 0.000000 0.000000
vt 1.000000 0.000000
vt 0.500000 0.500000
vt 0.000000 1.000000
vt 1.000000 1.000000
vt 0.500000 0.500000
vt 0.000000 0.000000
vt 1.000000 0.000000
vt 0.500000 0.500000
vt 0.000000 1.000000
vt 1.000000 1.000000
vt 0.000000 0.500000
vt 0.480000 1.000000
vt 1.000000 0.500000
vt 0.480000 0.000000
vt 0.000000 0.000000
vt 1.000000 0.000000
vt 1.000000 1.000000
vt 0.000000 1.000000
vt 0.000000 0.000000
vt 1.000000 0.000000
vt 1.000000 1.000000
vt 0.000000 1.000000
vt 0.000000 0.000000
vt 1.000000 0.000000
vt 1.000000 1.000000
vt 0.000000 1.000000
vt 0.000000 0.000000
vt 1.000000 0.000000
vt 1.000000 1.000000
vt 0.000000 1.000000
vt 0.000000 0.000000
vt 1.000000 0.000000
vt 1.000000 1.000000
vt 0.000000 1.000000
vt 0.500000 0.500000
vt 0.000000 0.000000
vt 1.000000 0.000000
vt 0.500000 0.500000
vt 0.000000 1.000000
vt 1.000000 1.000000
vt 0.500000 0.500000
vt 0.000000 0.000000
vt 1.000000 0.000000
vt 0.500000 0.500000
vt 0.000000 1.000000
vt 1.000000 1.000000
vt 0.500000 0.500000
vt 0.000000 0.000000
vt 1.000000 0.000000
vt 0.500000 0.500000
vt 0.000000 1.000000
vt 1.000000 1.000000
vt 0.500000 0.500000
vt 0.000000 0.000000
vt 1.000000 0.000000
vt 0.500000 0.500000
vt 0.000000 1.000000
vt 1.000000 1.000000
vt 0.500000 0.500000
vt 0.000000 0.000000
vt 1.000000 0.000000
vt 0.500000 0.500000
vt 0.000000 1.000000
vt 1.000000 1.000000
vt 0.000000 0.500000
vt 0.480000 1.000000
vt 1.000000 0.500000
vt 0.480000 0.000000
vt 0.000000 0.000000
vt 1.000000 0.000000
vt 1.000000 1.000000
vt 0.000000 1.000000
vt 0.000000 0.000000
vt 1.000000 0.000000
vt 1.000000 1.000000
vt 0.000000 1.000000
vt 0.000000 0.000000
vt 1.000000 0.000000
vt 1.000000 1.000000
vt 0.000000 1.000000
vt 0.000000 0.000000
vt 1.000000 0.000000
vt 1.000000 1.000000
vt 0.000000 1.000000
vt 0.000000 0.000000
vt 1.000000 0.000000
vt 1.000000 1.000000
vt 0.000000 1.000000
vt 0.500000 0.500000
vt 0.000000 0.000000
vt 1.000000 0.000000
vt 0.500000 0.500000
vt 0.000000 1.000000
vt 1.000000 1.000000
vt 0.500000 0.500000
vt 0.000000 0.000000
vt 1.000000 0.000000
vt 0.500000 0.500000
vt 0.000000 1.000000
vt 1.000000 1.000000
vt 0.500000 0.500000
vt 0.000000 0.000000
vt 1.000000 0.000000
vt 0.500000 0.500000
vt 0.000000 1.000000
vt 1.000000 1.000000
vt 0.500000 0.500000
vt 0.000000 0.000000
vt 1.000000 0.000000
vt 0.500000 0.500000
vt 0.000000 1.000000
vt 1.000000 1.000000
vt 0.500000 0.500000
vt 0.000000 0.000000
vt 1.000000 0.000000
vt 0.500000 0.500000
vt 0.000000 1.000000
vt 1.000000 1.000000
vt 0.000000 0.500000
vt 0.480000 1.000000
vt 1.000000 0.500000
vt 0.480000 0.000000
vt 0.000000 0.000000
vt 1.000000 0.000000
vt 1.000000 1.000000
vt 0.000000 1.000000
vt 0.000000 0.000000
vt 1.000000 0.000000
vt 1.000000 1.000000
vt 0.000000 1.000000
vt 0.000000 0.000000
vt 1.000000 0.000000
vt 1.000000 1.000000
vt 0.000000 1.000000
vt 0.000000 0.000000
vt 1.000000 0.000000
vt 1.000000 1.000000
vt 0.000000 1.000000
vt 0.000000 0.000000
vt 1.000000 0.000000
vt 1.000000 1.000000
vt 0.000000 1.000000
vt 0.500000 0.500000
vt 0.000000 0.000000
vt 1.000000 0.000000
vt 0.500000 0.500000
vt 0.000000 1.000000
vt 1.000000 1.000000
vt 0.500000 0.500000
vt 0.000000 0.000000
vt 1.000000 0.000000
vt 0.500000 0.500000
vt 0.000000 1.000000
vt 1.000000 1.000000
vt 0.500000 0.500000
vt 0.000000 0.000000
vt 1.000000 0.000000
vt 0.500000 0.500000
vt 0.000000 1.000000
vt 1.000000 1.000000
vt 0.500000 0.500000
vt 0.000000 0.000000
vt 1.000000 0.000000
vt 0.500000 0.500000
vt 0.000000 1.000000
vt 1.000000 1.000000
vt 0.500000 0.500000
vt 0.000000 0.000000
vt 1.000000 0.000000
vt 0.500000 0.500000
vt 0.000000 1.000000
vt 1.000000 1.000000
usemtl Wood
f 1/1 2/2 3/3
f 1/1 3/3 4/4
f 5/5 6/6 7/7
f 5/5 7/7 8/8
f 9/9 10/10 11/11
f 9/9 11/11 12/12
f 13/13 14/14 15/15
f 13/13 15/15 16/16
f 17/17 18/18 19/19
f 17/17 19/19 20/20
f 21/21 22/22 23/23
f 21/21 23/23 24/24
f 25/25 26/26 27/27
f 28/28 29/29 30/30
f 31/31 32/32 33/33
f 34/34 35/35 36/36
f 37/37 38/38 39/39
f 40/40 41/41 42/42
f 43/43 44/44 45/45
f 46/46 47/47 48/48
f 49/49 50/50 51/51
f 52/52 53/53 54/54
f 55/55 56/56 57/57
f 58/58 59/59 60/60
usemtl Leaf
f 61/61 62/62 63/63
f 61/61 63/63 64/64
usemtl Wood
f 65/65 66/66 67/67
f 65/65 67/67 68/68
f 69/69 70/70 71/71
f 69/69 71/71 72/72
f 73/73 74/74 75/75
f 73/73 75/75 76/76
f 77/77 78/78 79/79
f 77/77 79/79 80/80
f 81/81 82/82 83/83
f 81/81 83/83 84/84
f 85/85 86/86 87/87
f 88/88 89/89 90/90
f 91/91 92/92 93/93
f 94/94 95/95 96/96
f 97/97 98/98 99/99
f 100/100 101/101 102/102
f 103/103 104/104 105/105
f 106/106 107/107 108/108
f 109/109 110/110 111/111
f 112/112 113/113 114/114
usemtl Leaf
f 115/115 116/116 117/117
f 115/115 117/117 118/118
usemtl Wood
f 119/119 120/120 121/121
f 119/119 121/121 122/122
f 123/123 124/124 125/125
f 123/123 125/125 126/126
f 127/127 128/128 129/129
f 127/127 129/129 130/130
f 131/131 132/132 133/133
f 131/131 133/133 134/134
f 135/135 136/136 137/137
f 135/135 137/137 138/138
f 139/139 140/140 141/141
f 142/142 143/143 144/144
f 145/145 146/146 147/147
f 148/148 149/149 150/150
f 151/151 152/152 153/153
f 154/154 155/155 156/156
f 157/157 158/158 159/159
f 160/160 161/161 162/162
f 163/163 164/164 165/165
f 166/166 167/167 168/168
usemtl Leaf
f 169/169 170/170 171/171
f 169/169 171/171 172/172
usemtl Wood
f 173/173 174/174 175/175
f 173/173 175/175 176/176
f 177/177 178/178 179/179
f 177/177 179/179 180/180
f 181/181 182/182 183/183
f 181/181 183/183 184/184
f 185/185 186/186 187/187
f 185/185 187/187 188/188
f 189/189 190/190 191/191
f 189/189 191/191 192/192
f 193/193 194/194 195/195
f 196/196 197/197 198/198
f 199/199 200/200 201/201
f 202/202 203/203 204/204
f 205/205 206/206 207/207
f 208/208 209/209 210/210
f 211/211 212/212 213/213
f 214/214 215/215 216/216
f 217/217 218/218 219/219
f 220/220 221/221 222/222
usemtl Leaf
f 223/223 224/224 225/225
f 223/223 225/225 226/226
usemtl Wood
f 227/227 228/228 229/229
f 227/227 229/229 230/230
f 231/231 232/232 233/233
f 231/231 233/233 234/234
f 235/235 236/236 237/237
f 235/235 237/237 238/238
f 239/239 240/240 241/241
f 239/239 241/241 242/242
f 243/243 244/244 245/245
f 243/243 245/245 246/246
f 247/247 248/248 249/249
f 250/250 251/251 252/252
f 253/253 254/254 255/255
f 256/256 257/257 258/258
f 259/259 260/260 261/261
f 262/262 263/263 264/264
f 265/265 266/266 267/267
f 268/268 269/269 270/270
f 271/271 272/272 273/273
f 274/274 275/275 276/276
usemtl Leaf
f 277/277 278/278 279/279
f 277/277 279/279 280/280
usemtl Wood
f 281/281 282/282 283/283
f 281/281 283/283 284/284
f 285/285 286/286 287/287
f 285/285 287/287 288/288
f 289/289 290/290 291/291
f 289/289 291/291 292/292
f 293/293 294/294 295/295
f 293/293 295/295 296/296
f 297/297 298/298 299/299
f 297/297 299/299 300/300
f 301/301 302/302 303/303
f 304/304 305/305 306/306
f 307/307 308/308 309/309
f 310/310 311/311 312/312
f 313/313 314/314 315/315
f 316/316 317/317 318/318
f 319/319 320/320 321/321
f 322/322 323/323 324/324
f 325/325 326/326 327/327
f 328/328 329/329 330/330
usemtl Leaf
f 331/331 332/332 333/333
f 331/331 333/333 334/334
usemtl Wood
f 335/335 336/336 337/337
f 335/335 337/337 338/338
f 339/339 340/340 341/341
f 339/339 341/341 342/342
f 343/343 344/344 345/345
f 343/343 345/345 346/346
f 347/347 348/348 349/349
f 347/347 349/349 350/350
f 351/351 352/352 353/353
f 351/351 353/353 354/354
f 355/355 356/356 357/357
f 358/358 359/359 360/360
f 361/361 362/362 363/363
f 364/364 365/365 366/366
f 367/367 368/368 369/369
f 370/370 371/371 372/372
f 373/373 374/374 375/375
f 376/376 377/377 378/378
f 379/379 380/380 381/381
f 382/382 383/383 384/384
usemtl Leaf
f 385/385 386/386 387/387
f 385/385 387/387 388/388
usemtl Wood
f 389/389 390/390 391/391
f 389/389 391/391 392/392
f 393/393 394/394 395/395
f 393/393 395/395 396/396
f 397/397 398/398 399/399
f 397/397 399/399 400/400
f 401/401 402/402 403/403
f 401/401 403/403 404/404
f 405/405 406/406 407/407
f 405/405 407/407 408/408
f 409/409 410/410 411/411
f 412/412 413/413 414/414
f 415/415 416/416 417/417
f 418/418 419/419 420/420
f 421/421 422/422 423/423
f 424/424 425/425 426/426
f 427/427 428/428 429/429
f 430/430 431/431 432/432
f 433/433 434/434 435/435
f 436/436 437/437 438/438
usemtl Leaf
f 439/439 440/440 441/441
f 439/439 441/441 442/442
usemtl Wood
f 443/443 444/444 445/445
f 443/443 445/445 446/446
f 447/447 448/448 449/449
f 447/447 449/449 450/450
f 451/451 452/452 453/453
f 451/451 453/453 454/454
f 455/455 456/456 457/457
f 455/455 457/457 458/458
f 459/459 460/460 461/461
f 459/459 461/461 462/462
f 463/463 464/464 465/465
f 466/466 467/467 468/468
f 469/469 470/470 471/471
f 472/472 473/473 474/474
f 475/475 476/476 477/477
f 478/478 479/479 480/480
f 481/481 482/482 483/483
f 484/484 485/485 486/486
f 487/487 488/488 489/489
f 490/490 491/491 492/492
usemtl Leaf
f 493/493 494/494 495/495
f 493/493 495/495 496/496
usemtl Wood
f 497/497 498/498 499/499
f 497/497 499/499 500/500
f 501/501 502/502 503/503
f 501/501 503/503 504/504
f 505/505 506/506 507/507
f 505/505 507/507 508/508
f 509/509 510/510 511/511
f 509/509 511/511 512/512
f 513/513 514/514 515/515
f 513/513 515/515 516/516
f 517/517 518/518 519/519
f 520/520 521/521 522/522
f 523/523 524/524 525/525
f 526/526 527/527 528/528
f 529/529 530/530 531/531
f 532/532 533/533 534/534
f 535/535 536/536 537/537
f 538/538 539/539 540/540
f 541/541 542/542 543/543
f 544/544 545/545 546/546
usemtl Leaf
f 547/547 548/548 549/549
f 547/547 549/549 550/550
usemtl Wood
f 551/551 552/552 553/553
f 551/551 553/553 554/554
f 555/555 556/556 557/557
f 555/555 557/557 558/558
f 559/559 560/560 561/561
f 559/559 561/561 562/562
f 563/563 564/564 565/565
f 563/563 565/565 566/566
f 567/567 568/568 569/569
f 567/567 569/569 570/570
f 571/571 572/572 573/573
f 574/574 575/575 576/576
f 577/577 578/578 579/579
f 580/580 581/581 582/582
f 583/583 584/584 585/585
f 586/586 587/587 588/588
f 589/589 590/590 591/591
f 592/592 593/593 594/594
f 595/595 596/596 597/597
f 598/598 599/599 600/600
usemtl Leaf
f 601/601 602/602 603/603
f 601/601 603/603 604/604
usemtl Wood
f 605/605 606/606 607/607
f 605/605 607/607 608/608
f 609/609 610/610 611/611
f 609/609 611/611 612/612
f 613/613 614/614 615/615
f 613/613 615/615 616/616
f 617/617 618/618 619/619
f 617/617 619/619 620/620
f 621/621 622/622 623/623
f 621/621 623/623 624/624
f 625/625 626/626 627/627
f 628/628 629/629 630/630
f 631/631 632/632 633/633
f 634/634 635/635 636/636
f 637/637 638/638 639/639
f 640/640 641/641 642/642
f 643/643 644/644 645/645
f 646/646 647/647 648/648
f 649/649 650/650 651/651
f 652/652 653/653 654/654
usemtl Leaf
f 655/655 656/656 657/657
f 655/655 657/657 658/658
usemtl Wood
f 659/659 660/660 661/661
f 659/659 661/661 662/662
f 663/663 664/664 665/665
f 663/663 665/665 666/666
f 667/667 668/668 669/669
f 667/667 669/669 670/670
f 671/671 672/672 673/673
f 671/671 673/673 674/674
f 675/675 676/676 677/677
f 675/675 677/677 678/678
f 679/679 680/680 681/681
f 682/682 683/683 684/684
f 685/685 686/686 687/687
f 688/688 689/689 690/690
f 691/691 692/692 693/693
f 694/694 695/695 696/696
f 697/697 698/698 699/699
f 700/700 701/701 702/702
f 703/703 704/704 705/705
f 706/706 707/707 708/708
f 709/709 710/710 711/711
f 709/709 711/711 712/712
f 713/713 714/714 715/715
f 713/713 715/715 716/716
f 717/717 718/718 719/719
f 717/717 719/719 720/720
f 721/721 722/722 723/723
f 721/721 723/723 724/724
f 725/725 726/726 727/727
f 725/725 727/727 728/728
f 729/729 730/730 731/731
f 729/729 731/731 732/732
f 733/733 734/734 735/735
f 736/736 737/737 738/738
f 739/739 740/740 741/741
f 742/742 743/743 744/744
f 745/745 746/746 747/747
f 748/748 749/749 750/750
f 751/751 752/752 753/753
f 754/754 755/755 756/756
f 757/757 758/758 759/759
f 760/760 761/761 762/762
f 763/763 764/764 765/765
f 766/766 767/767 768/768
usemtl Leaf
f 769/769 770/770 771/771
f 769/769 771/771 772/772
usemtl Wood
f 773/773 774/774 775/775
f 773/773 775/775 776/776
f 777/777 778/778 779/779
f 777/777 779/779 780/780
f 781/781 782/782 783/783
f 781/781 783/783 784/784
f 785/785 786/786 787/787
f 785/785 787/787 788/788
f 789/789 790/790 791/791
f 789/789 791/791 792/792
f 793/793 794/794 795/795
f 796/796 797/797 798/798
f 799/799 800/800 801/801
f 802/802 803/803 804/804
f 805/805 806/806 807/807
f 808/808 809/809 810/810
f 811/811 812/812 813/813
f 814/814 815/815 816/816
f 817/817 818/818 819/819
f 820/820 821/821 822/822
usemtl Leaf
f 823/823 824/824 825/825
f 823/823 825/825 826/826
usemtl Wood
f 827/827 828/828 829/829
f 827/827 829/829 830/830
f 831/831 832/832 833/833
f 831/831 833/833 834/834
f 835/835 836/836 837/837
f 835/835 837/837 838/838
f 839/839 840/840 841/841
f 839/839 841/841 842/842
f 843/843 844/844 845/845
f 843/843 845/845 846/846
f 847/847 848/848 849/849
f 850/850 851/851 852/852
f 853/853 854/854 855/855
f 856/856 857/857 858/858
f 859/859 860/860 861/861
f 862/862 863/863 864/864
f 865/865 866/866 867/867
f 868/868 869/869 870/870
f 871/871 872/872 873/873
f 874/874 875/875 876/876
usemtl Leaf
f 877/877 878/878 879/879
f 877/877 879/879 880/880
usemtl Wood
f 881/881 882/882 883/883
f 881/881 883/883 884/884
f 885/885 886/886 887/887
f 885/885 887/887 888/888
f 889/889 890/890 891/891
f 889/889 891/891 892/892
f 893/893 894/894 895/895
f 893/893 895/895 896/896
f 897/897 898/898 899/899
f 897/897 899/899 900/900
f 901/901 902/902 903/903
f 904/904 905/905 906/906
f 907/907 908/908 909/909
f 910/910 911/911 912/912
f 913/913 914/914 915/915
f 916/916 917/917 918/918
f 919/919 920/920 921/921
f 922/922 923/923 924/924
f 925/925 926/926 927/927
f 928/928 929/929 930/930
usemtl Leaf
f 931/931 932/932 933/933
f 931/931 933/933 934/934
usemtl Wood
f 935/935 936/936 937/937
f 935/935 937/937 938/938
f 939/939 940/940 941/941
f 939/939 941/941 942/942
f 943/943 944/944 945/945
f 943/943 945/945 946/946
f 947/947 948/948 949/949
f 947/947 949/949 950/950
f 951/951 952/952 953/953
f 951/951 953/953 954/954
f 955/955 956/956 957/957
f 958/958 959/959 960/960
f 961/961 962/962 963/963
f 964/964 965/965 966/966
f 967/967 968/968 969/969
f 970/970 971/971 972/972
f 973/973 974/974 975/975
f 976/976 977/977 978/978
f 979/979 980/980 981/981
f 982/982 983/983 984/984
usemtl Leaf
f 985/985 986/986 987/987
f 985/985 987/987 988/988
usemtl Wood
f 989/989 990/990 991/991
f 989/989 991/991 992/992
f 993/993 994/994 995/995
f 993/993 995/995 996/996
f 997/997 998/998 999/999
f 997/997 999/999 1000/1000
f 1001/1001 1002/1002 1003/1003
f 1001/1001 1003/1003 1004/1004
f 1005/1005 1006/1006 1007/1007
f 1005/1005 1007/1007 1008/1008
f 1009/1009 1010/1010 1011/1011
f 1012/1012 1013/1013 1014/1014
f 1015/1015 1016/1016 1017/1017
f 1018/1018 1019/1019 1020/1020
f 1021/1021 1022/1022 1023/1023
f 1024/1024 1025/1025 1026/1026
f 1027/1027 1028/1028 1029/1029
f 1030/1030 1031/1031 1032/1032
f 1033/1033 1034/1034 1035/1035
f 1036/1036 1037/1037 1038/1038
usemtl Leaf
f 1039/1039 1040/1040 1041/1041
f 1039/1039 1041/1041 1042/1042
usemtl Wood
f 1043/1043 1044/1044 1045/1045
f 1043/1043 1045/1045 1046/1046
f 1047/1047 1048/1048 1049/1049
f 1047/1047 1049/1049 1050/1050
f 1051/1051 1052/1052 1053/1053
f 1051/1051 1053/1053 1054/1054
f 1055/1055 1056/1056 1057/1057
f 1055/1055 1057/1057 1058/1058
f 1059/1059 1060/1060 1061/1061
f 1059/1059 1061/1061 1062/1062
f 1063/1063 1064/1064 1065/1065
f 1066/1066 1067/1067 1068/1068
f 1069/1069 1070/1070 1071/1071
f 1072/1072 1073/1073 1074/1074
f 1075/1075 1076/1076 1077/1077
f 1078/1078 1079/1079 1080/1080
f 1081/1081 1082/1082 1083/1083
f 1084/1084 1085/1085 1086/1086
f 1087/1087 1088/1088 1089/1089
f 1090/1090 1091/1091 1092/1092
usemtl Leaf
f 1093/1093 1094/1094 1095/1095
f 1093/1093 1095/1095 1096/1096
usemtl Wood
f 1097/1097 1098/1098 1099/1099
f 1097/1097 1099/1099 1100/1100
f 1101/1101 1102/1102 1103/1103
f 1101/1101 1103/1103 1104/1104
f 1105/1105 1106/1106 1107/1107
f 1105/1105 1107/1107 1108/1108
f 1109/1109 1110/1110 1111/1111
f 1109/1109 1111/1111 1112/1112
f 1113/1113 1114/1114 1115/1115
f 1113/1113 1115/1115 1116/1116
f 1117/1117 1118/1118 1119/1119
f 1120/1120 1121/1121 1122/1122
f 1123/1123 1124/1124 1125/1125
f 1126/1126 1127/1127 1128/1128
f 1129/1129 1130/1130 1131/1131
f 1132/1132 1133/1133 1134/1134
f 1135/1135 1136/1136 1137/1137
f 1138/1138 1139/1139 1140/1140
f 1141/1141 1142/1142 1143/1143
f 1144/1144 1145/1145 1146/1146
usemtl Leaf
f 1147/1147 1148/1148 1149/1149
f 1147/1147 1149/1149 1150/1150
usemtl Wood
f 1151/1151 1152/1152 1153/1153
f 1151/1151 1153/1153 1154/1154
f 1155/1155 1156/1156 1157/1157
f 1155/1155 1157/1157 1158/1158
f 1159/1159 1160/1160 1161/1161
f 1159/1159 1161/1161 1162/1162
f 1163/1163 1164/1164 1165/1165
f 1163/1163 1165/1165 1166/1166
f 1167/1167 1168/1168 1169/1169
f 1167/1167 1169/1169 1170/1170
f 1171/1171 1172/1172 1173/1173
f 1174/1174 1175/1175 1176/1176
f 1177/1177 1178/1178 1179/1179
f 1180/1180 1181/1181 1182/1182
f 1183/1183 1184/1184 1185/1185
f 1186/1186 1187/1187 1188/1188
f 1189/1189 1190/1190 1191/1191
f 1192/1192 1193/1193 1194/1194
f 1195/1195 1196/1196 1197/1197
f 1198/1198 1199/1199 1200/1200
usemtl Leaf
f 1201/1201 1202/1202 1203/1203
f 1201/1201 1203/1203 1204/1204
usemtl Wood
f 1205/1205 1206/1206 1207/1207
f 1205/1205 1207/1207 1208/1208
f 1209/1209 1210/1210 1211/1211
f 1209/1209 1211/1211 1212/1212
f 1213/1213 1214/1214 1215/1215
f 1213/1213 1215/1215 1216/1216
f 1217/1217 1218/1218 1219/1219
f 1217/1217 1219/1219 1220/1220
f 1221/1221 1222/1222 1223/1223
f 1221/1221 1223/1223 1224/1224
f 1225/1225 1226/1226 1227/1227
f 1228/1228 1229/1229 1230/1230
f 1231/1231 1232/1232 1233/1233
f 1234/1234 1235/1235 1236/1236
f 1237/1237 1238/1238 1239/1239
f 1240/1240 1241/1241 1242/1242
f 1243/1243 1244/1244 1245/1245
f 1246/1246 1247/1247 1248/1248
f 1249/1249 1250/1250 1251/1251
f 1252/1252 1253/1253 1254/1254
usemtl Leaf
f 1255/1255 1256/1256 1257/1257
f 1255/1255 1257/1257 1258/1258
usemtl Wood
f 1259/1259 1260/1260 1261/1261
f 1259/1259 1261/1261 1262/1262
f 1263/1263 1264/1264 1265/1265
f 1263/1263 1265/1265 1266/1266
f 1267/1267 1268/1268 1269/1269
f 1267/1267 1269/1269 1270/1270
f 1271/1271 1272/1272 1273/1273
f 1271/1271 1273/1273 1274/1274
f 1275/1275 1276/1276 1277/1277
f 1275/1275 1277/1277 1278/1278
f 1279/1279 1280/1280 1281/1281
f 1282/1282 1283/1283 1284/1284
f 1285/1285 1286/1286 1287/1287
f 1288/1288 1289/1289 1290/1290
f 1291/1291 1292/1292 1293/1293
f 1294/1294 1295/1295 1296/1296
f 1297/1297 1298/1298 1299/1299
f 1300/1300 1301/1301 1302/1302
f 1303/1303 1304/1304 1305/1305
f 1306/1306 1307/1307 1308/1308
usemtl Leaf
f 1309/1309 1310/1310 1311/1311
f 1309/1309 1311/1311 1312/1312
usemtl Wood
f 1313/1313 1314/1314 1315/1315
f 1313/1313 1315/1315 1316/1316
f 1317/1317 1318/1318 1319/1319
f 1317/1317 1319/1319 1320/1320
f 1321/1321 1322/1322 1323/1323
f 1321/1321 1323/1323 1324/1324
f 1325/1325 1326/1326 1327/1327
f 1325/1325 1327/1327 1328/1328
f 1329/1329 1330/1330 1331/1331
f 1329/1329 1331/1331 1332/1332
f 1333/1333 1334/1334 1335/1335
f 1336/1336 1337/1337 1338/1338
f 1339/1339 1340/1340 1341/1341
f 1342/1342 1343/1343 1344/1344
f 1345/1345 1346/1346 1347/1347
f 1348/1348 1349/1349 1350/1350
f 1351/1351 1352/1352 1353/1353
f 1354/1354 1355/1355 1356/1356
f 1357/1357 1358/1358 1359/1359
f 1360/1360 1361/1361 1362/1362
usemtl Leaf
f 1363/1363 1364/1364 1365/1365
f 1363/1363 1365/1365 1366/1366
usemtl Wood
f 1367/1367 1368/1368 1369/1369
f 1367/1367 1369/1369 1370/1370
f 1371/1371 1372/1372 1373/1373
f 1371/1371 1373/1373 1374/1374
f 1375/1375 1376/1376 1377/1377
f 1375/1375 1377/1377 1378/1378
f 1379/1379 1380/1380 1381/1381
f 1379/1379 1381/1381 1382/1382
f 1383/1383 1384/1384 1385/1385
f 1383/1383 1385/1385 1386/1386
f 1387/1387 1388/1388 1389/1389
f 1390/1390 1391/1391 1392/1392
f 1393/1393 1394/1394 1395/1395
f 1396/1396 1397/1397 1398/1398
f 1399/1399 1400/1400 1401/1401
f 1402/1402 1403/1403 1404/1404
f 1405/1405 1406/1406 1407/1407
f 1408/1408 1409/1409 1410/1410
f 1411/1411 1412/1412 1413/1413
f 1414/1414 1415/1415 1416/1416
f 1417/1417 1418/1418 1419/1419
f 1417/1417 1419/1419 1420/1420
f 1421/1421 1422/1422 1423/1423
f 1421/1421 1423/1423 1424/1424
f 1425/1425 1426/1426 1427/1427
f 1425/1425 1427/1427 1428/1428
f 1429/1429 1430/1430 1431/1431
f 1429/1429 1431/1431 1432/1432
f 1433/1433 1434/1434 1435/1435
f 1433/1433 1435/1435 1436/1436
f 1437/1437 1438/1438 1439/1439
f 1437/1437 1439/1439 1440/1440
f 1441/1441 1442/1442 1443/1443
f 1444/1444 1445/1445 1446/1446
f 1447/1447 1448/1448 1449/1449
f 1450/1450 1451/1451 1452/1452
f 1453/1453 1454/1454 1455/1455
f 1456/1456 1457/1457 1458/1458
f 1459/1459 1460/1460 1461/1461
f 1462/1462 1463/1463 1464/1464
f 1465/1465 1466/1466 1467/1467
f 1468/1468 1469/1469 1470/1470
f 1471/1471 1472/1472 1473/1473
f 1474/1474 1475/1475 1476/1476
usemtl Leaf
f 1477/1477 1478/1478 1479/1479
f 1477/1477 1479/1479 1480/1480
usemtl Wood
f 1481/1481 1482/1482 1483/1483
f 1481/1481 1483/1483 1484/1484
f 1485/1485 1486/1486 1487/1487
f 1485/1485 1487/1487 1488/1488
f 1489/1489 1490/1490 1491/1491
f 1489/1489 1491/1491 1492/1492
f 1493/1493 1494/1494 1495/1495
f 1493/1493 1495/1495 1496/1496
f 1497/1497 1498/1498 1499/1499
f 1497/1497 1499/1499 1500/1500
f 1501/1501 1502/1502 1503/1503
f 1504/1504 1505/1505 1506/1506
f 1507/1507 1508/1508 1509/1509
f 1510/1510 1511/1511 1512/1512
f 1513/1513 1514/1514 1515/1515
f 1516/1516 1517/1517 1518/1518
f 1519/1519 1520/1520 1521/1521
f 1522/1522 1523/1523 1524/1524
f 1525/1525 1526/1526 1527/1527
f 1528/1528 1529/1529 1530/1530
usemtl Leaf
f 1531/1531 1532/1532 1533/1533
f 1531/1531 1533/1533 1534/1534
usemtl Wood
f 1535/1535 1536/1536 1537/1537
f 1535/1535 1537/1537 1538/1538
f 1539/1539 1540/1540 1541/1541
f 1539/1539 1541/1541 1542/1542
f 1543/1543 1544/1544 1545/1545
f 1543/1543 1545/1545 1546/1546
f 1547/1547 1548/1548 1549/1549
f 1547/1547 1549/1549 1550/1550
f 1551/1551 1552/1552 1553/1553
f 1551/1551 1553/1553 1554/1554
f 1555/1555 1556/1556 1557/1557
f 1558/1558 1559/1559 1560/1560
f 1561/1561 1562/1562 1563/1563
f 1564/1564 1565/1565 1566/1566
f 1567/1567 1568/1568 1569/1569
f 1570/1570 1571/1571 1572/1572
f 1573/1573 1574/1574 1575/1575
f 1576/1576 1577/1577 1578/1578
f 1579/1579 1580/1580 1581/1581
f 1582/1582 1583/1583 1584/1584
usemtl Leaf
f 1585/1585 1586/1586 1587/1587
f 1585/1585 1587/1587 1588/1588
usemtl Wood
f 1589/1589 1590/1590 1591/1591
f 1589/1589 1591/1591 1592/1592
f 1593/1593 1594/1594 1595/1595
f 1593/1593 1595/1595 1596/1596
f 1597/1597 1598/1598 1599/1599
f 1597/1597 1599/1599 1600/1600
f 1601/1601 1602/1602 1603/1603
f 1601/1601 1603/1603 1604/1604
f 1605/1605 1606/1606 1607/1607
f 1605/1605 1607/1607 1608/1608
f 1609/1609 1610/1610 1611/1611
f 1612/1612 1613/1613 1614/1614
f 1615/1615 1616/1616 1617/1617
f 1618/1618 1619/1619 1620/1620
f 1621/1621 1622/1622 1623/1623
f 1624/1624 1625/1625 1626/1626
f 1627/1627 1628/1628 1629/1629
f 1630/1630 1631/1631 1632/1632
f 1633/1633 1634/1634 1635/1635
f 1636/1636 1637/1637 1638/1638
usemtl Leaf
f 1639/1639 1640/1640 1641/1641
f 1639/1639 1641/1641 1642/1642
usemtl Wood
f 1643/1643 1644/1644 1645/1645
f 1643/1643 1645/1645 1646/1646
f 1647/1647 1648/1648 1649/1649
f 1647/1647 1649/1649 1650/1650
f 1651/1651 1652/1652 1653/1653
f 1651/1651 1653/1653 1654/1654
f 1655/1655 1656/1656 1657/1657
f 1655/1655 1657/1657 1658/1658
f 1659/1659 1660/1660 1661/1661
f 1659/1659 1661/1661 1662/1662
f 1663/1663 1664/1664 1665/1665
f 1666/1666 1667/1667 1668/1668
f 1669/1669 1670/1670 1671/1671
f 1672/1672 1673/1673 1674/1674
f 1675/1675 1676/1676 1677/1677
f 1678/1678 1679/1679 1680/1680
f 1681/1681 1682/1682 1683/1683
f 1684/1684 1685/1685 1686/1686
f 1687/1687 1688/1688 1689/1689
f 1690/1690 1691/1691 1692/1692
usemtl Leaf
f 1693/1693 1694/1694 1695/1695
f 1693/1693 1695/1695 1696/1696
usemtl Wood
f 1697/1697 1698/1698 1699/1699
f 1697/1697 1699/1699 1700/1700
f 1701/1701 1702/1702 1703/1703
f 1701/1701 1703/1703 1704/1704
f 1705/1705 1706/1706 1707/1707
f 1705/1705 1707/1707 1708/1708
f 1709/1709 1710/1710 1711/1711
f 1709/1709 1711/1711 1712/1712
f 1713/1713 1714/1714 1715/1715
f 1713/1713 1715/1715 1716/1716
f 1717/1717 1718/1718 1719/1719
f 1720/1720 1721/1721 1722/1722
f 1723/1723 1724/1724 1725/1725
f 1726/1726 1727/1727 1728/1728
f 1729/1729 1730/1730 1731/1731
f 1732/1732 1733/1733 1734/1734
f 1735/1735 1736/1736 1737/1737
f 1738/1738 1739/1739 1740/1740
f 1741/1741 1742/1742 1743/1743
f 1744/1744 1745/1745 1746/1746
usemtl Leaf
f 1747/1747 1748/1748 1749/1749
f 1747/1747 1749/1749 1750/1750
usemtl Wood
f 1751/1751 1752/1752 1753/1753
f 1751/1751 1753/1753 1754/1754
f 1755/1755 1756/1756 1757/1757
f 1755/1755 1757/1757 1758/1758
f 1759/1759 1760/1760 1761/1761
f 1759/1759 1761/1761 1762/1762
f 1763/1763 1764/1764 1765/1765
f 1763/1763 1765/1765 1766/1766
f 1767/1767 1768/1768 1769/1769
f 1767/1767 1769/1769 1770/1770
f 1771/1771 1772/1772 1773/1773
f 1774/1774 1775/1775 1776/1776
f 1777/1777 1778/1778 1779/1779
f 1780/1780 1781/1781 1782/1782
f 1783/1783 1784/1784 1785/1785
f 1786/1786 1787/1787 1788/1788
f 1789/1789 1790/1790 1791/1791
f 1792/1792 1793/1793 1794/1794
f 1795/1795 1796/1796 1797/1797
f 1798/1798 1799/1799 1800/1800
usemtl Leaf
f 1801/1801 1802/1802 1803/1803
f 1801/1801 1803/1803 1804/1804
usemtl Wood
f 1805/1805 1806/1806 1807/1807
f 1805/1805 1807/1807 1808/1808
f 1809/1809 1810/1810 1811/1811
f 1809/1809 1811/1811 1812/1812
f 1813/1813 1814/1814 1815/1815
f 1813/1813 1815/1815 1816/1816
f 1817/1817 1818/1818 1819/1819
f 1817/1817 1819/1819 1820/1820
f 1821/1821 1822/1822 1823/1823
f 1821/1821 1823/1823 1824/1824
f 1825/1825 1826/1826 1827/1827
f 1828/1828 1829/1829 1830/1830
f 1831/1831 1832/1832 1833/1833
f 1834/1834 1835/1835 1836/1836
f 1837/1837 1838/1838 1839/1839
f 1840/1840 1841/1841 1842/1842
f 1843/1843 1844/1844 1845/1845
f 1846/1846 1847/1847 1848/1848
f 1849/1849 1850/1850 1851/1851
f 1852/1852 1853/1853 1854/1854
usemtl Leaf
f 1855/1855 1856/1856 1857/1857
f 1855/1855 1857/1857 1858/1858
usemtl Wood
f 1859/1859 1860/1860 1861/1861
f 1859/1859 1861/1861 1862/1862
f 1863/1863 1864/1864 1865/1865
f 1863/1863 1865/1865 1866/1866
f 1867/1867 1868/1868 1869/1869
f 1867/1867 1869/1869 1870/1870
f 1871/1871 1872/1872 1873/1873
f 1871/1871 1873/1873 1874/1874
f 1875/1875 1876/1876 1877/1877
f 1875/1875 1877/1877 1878/1878
f 1879/1879 1880/1880 1881/1881
f 1882/1882 1883/1883 1884/1884
f 1885/1885 1886/1886 1887/1887
f 1888/1888 1889/1889 1890/1890
f 1891/1891 1892/1892 1893/1893
f 1894/1894 1895/1895 1896/1896
f 1897/1897 1898/1898 1899/1899
f 1900/1900 1901/1901 1902/1902
f 1903/1903 1904/1904 1905/1905
f 1906/1906 1907/1907 1908/1908
usemtl Leaf
f 1909/1909 1910/1910 1911/1911
f 1909/1909 1911/1911 1912/1912
usemtl Wood
f 1913/1913 1914/1914 1915/1915
f 1913/1913 1915/1915 1916/1916
f 1917/1917 1918/1918 1919/1919
f 1917/1917 1919/1919 1920/1920
f 1921/1921 1922/1922 1923/1923
f 1921/1921 1923/1923 1924/1924
f 1925/1925 1926/1926 1927/1927
f 1925/1925 1927/1927 1928/1928
f 1929/1929 1930/1930 1931/1931
f 1929/1929 1931/1931 1932/1932
f 1933/1933 1934/1934 1935/1935
f 1936/1936 1937/1937 1938/1938
f 1939/1939 1940/1940 1941/1941
f 1942/1942 1943/1943 1944/1944
f 1945/1945 1946/1946 1947/1947
f 1948/1948 1949/1949 1950/1950
f 1951/1951 1952/1952 1953/1953
f 1954/1954 1955/1955 1956/1956
f 1957/1957 1958/1958 1959/1959
f 1960/1960 1961/1961 1962/1962
usemtl Leaf
f 1963/1963 1964/1964 1965/1965
f 1963/1963 1965/1965 1966/1966
usemtl Wood
f 1967/1967 1968/1968 1969/1969
f 1967/1967 1969/1969 1970/1970
f 1971/1971 1972/1972 1973/1973
f 1971/1971 1973/1973 1974/1974
f 1975/1975 1976/1976 1977/1977
f 1975/1975 1977/1977 1978/1978
f 1979/1979 1980/1980 1981/1981
f 1979/1979 1981/1981 1982/1982
f 1983/1983 1984/1984 1985/1985
f 1983/1983 1985/1985 1986/1986
f 1987/1987 1988/1988 1989/1989
f 1990/1990 1991/1991 1992/1992
f 1993/1993 1994/1994 1995/1995
f 1996/1996 1997/1997 1998/1998
f 1999/1999 2000/2000 2001/2001
f 2002/2002 2003/2003 2004/2004
f 2005/2005 2006/2006 2007/2007
f 2008/2008 2009/2009 2010/2010
f 2011/2011 2012/2012 2013/2013
f 2014/2014 2015/2015 2016/2016
usemtl Leaf
f 2017/2017 2018/2018 2019/2019
f 2017/2017 2019/2019 2020/2020
usemtl Wood
f 2021/2021 2022/2022 2023/2023
f 2021/2021 2023/2023 2024/2024
f 2025/2025 2026/2026 2027/2027
f 2025/2025 2027/2027 2028/2028
f 2029/2029 2030/2030 2031/2031
f 2029/2029 2031/2031 2032/2032
f 2033/2033 2034/2034 2035/2035
f 2033/2033 2035/2035 2036/2036
f 2037/2037 2038/2038 2039/2039
f 2037/2037 2039/2039 2040/2040
f 2041/2041 2042/2042 2043/2043
f 2044/2044 2045/2045 2046/2046
f 2047/2047 2048/2048 2049/2049
f 2050/2050 2051/2051 2052/2052
f 2053/2053 2054/2054 2055/2055
f 2056/2056 2057/2057 2058/2058
f 2059/2059 2060/2060 2061/2061
f 2062/2062 2063/2063 2064/2064
f 2065/2065 2066/2066 2067/2067
f 2068/2068 2069/2069 2070/2070
usemtl Leaf
f 2071/2071 2072/2072 2073/2073
f 2071/2071 2073/2073 2074/2074
usemtl Wood
f 2075/2075 2076/2076 2077/2077
f 2075/2075 2077/2077 2078/2078
f 2079/2079 2080/2080 2081/2081
f 2079/2079 2081/2081 2082/2082
f 2083/2083 2084/2084 2085/2085
f 2083/2083 2085/2085 2086/2086
f 2087/2087 2088/2088 2089/2089
f 2087/2087 2089/2089 2090/2090
f 2091/2091 2092/2092 2093/2093
f 2091/2091 2093/2093 2094/2094
f 2095/2095 2096/2096 2097/2097
f 2098/2098 2099/2099 2100/2100
f 2101/2101 2102/2102 2103/2103
f 2104/2104 2105/2105 2106/2106
f 2107/2107 2108/2108 2109/2109
f 2110/2110 2111/2111 2112/2112
f 2113/2113 2114/2114 2115/2115
f 2116/2116 2117/2117 2118/2118
f 2119/2119 2120/2120 2121/2121
f 2122/2122 2123/2123 2124/2124
f 2125/2125 2126/2126 2127/2127
f 2125/2125 2127/2127 2128/2128
f 2129/2129 2130/2130 2131/2131
f 2129/2129 2131/2131 2132/2132
f 2133/2133 2134/2134 2135/2135
f 2133/2133 2135/2135 2136/2136
f 2137/2137 2138/2138 2139/2139
f 2137/2137 2139/2139 2140/2140
f 2141/2141 2142/2142 2143/2143
f 2141/2141 2143/2143 2144/2144
f 2145/2145 2146/2146 2147/2147
f 2145/2145 2147/2147 2148/2148
f 2149/2149 2150/2150 2151/2151
f 2152/2152 2153/2153 2154/2154
f 2155/2155 2156/2156 2157/2157
f 2158/2158 2159/2159 2160/2160
f 2161/2161 2162/2162 2163/2163
f 2164/2164 2165/2165 2166/2166
f 2167/2167 2168/2168 2169/2169
f 2170/2170 2171/2171 2172/2172
f 2173/2173 2174/2174 2175/2175
f 2176/2176 2177/2177 2178/2178
f 2179/2179 2180/2180 2181/2181
f 2182/2182 2183/2183 2184/2184
usemtl Leaf
f 2185/2185 2186/2186 2187/2187
f 2185/2185 2187/2187 2188/2188
usemtl Wood
f 2189/2189 2190/2190 2191/2191
f 2189/2189 2191/2191 2192/2192
f 2193/2193 2194/2194 2195/2195
f 2193/2193 2195/2195 2196/2196
f 2197/2197 2198/2198 2199/2199
f 2197/2197 2199/2199 2200/2200
f 2201/2201 2202/2202 2203/2203
f 2201/2201 2203/2203 2204/2204
f 2205/2205 2206/2206 2207/2207
f 2205/2205 2207/2207 2208/2208
f 2209/2209 2210/2210 2211/2211
f 2212/2212 2213/2213 2214/2214
f 2215/2215 2216/2216 2217/2217
f 2218/2218 2219/2219 2220/2220
f 2221/2221 2222/2222 2223/2223
f 2224/2224 2225/2225 2226/2226
f 2227/2227 2228/2228 2229/2229
f 2230/2230 2231/2231 2232/2232
f 2233/2233 2234/2234 2235/2235
f 2236/2236 2237/2237 2238/2238
usemtl Leaf
f 2239/2239 2240/2240 2241/2241
f 2239/2239 2241/2241 2242/2242
usemtl Wood
f 2243/2243 2244/2244 2245/2245
f 2243/2243 2245/2245 2246/2246
f 2247/2247 2248/2248 2249/2249
f 2247/2247 2249/2249 2250/2250
f 2251/2251 2252/2252 2253/2253
f 2251/2251 2253/2253 2254/2254
f 2255/2255 2256/2256 2257/2257
f 2255/2255 2257/2257 2258/2258
f 2259/2259 2260/2260 2261/2261
f 2259/2259 2261/2261 2262/2262
f 2263/2263 2264/2264 2265/2265
f 2266/2266 2267/2267 2268/2268
f 2269/2269 2270/2270 2271/2271
f 2272/2272 2273/2273 2274/2274
f 2275/2275 2276/2276 2277/2277
f 2278/2278 2279/2279 2280/2280
f 2281/2281 2282/2282 2283/2283
f 2284/2284 2285/2285 2286/2286
f 2287/2287 2288/2288 2289/2289
f 2290/2290 2291/2291 2292/2292
usemtl Leaf
f 2293/2293 2294/2294 2295/2295
f 2293/2293 2295/2295 2296/2296
usemtl Wood
f 2297/2297 2298/2298 2299/2299
f 2297/2297 2299/2299 2300/2300
f 2301/2301 2302/2302 2303/2303
f 2301/2301 2303/2303 2304/2304
f 2305/2305 2306/2306 2307/2307
f 2305/2305 2307/2307 2308/2308
f 2309/2309 2310/2310 2311/2311
f 2309/2309 2311/2311 2312/2312
f 2313/2313 2314/2314 2315/2315
f 2313/2313 2315/2315 2316/2316
f 2317/2317 2318/2318 2319/2319
f 2320/2320 2321/2321 2322/2322
f 2323/2323 2324/2324 2325/2325
f 2326/2326 2327/2327 2328/2328
f 2329/2329 2330/2330 2331/2331
f 2332/2332 2333/2333 2334/2334
f 2335/2335 2336/2336 2337/2337
f 2338/2338 2339/2339 2340/2340
f 2341/2341 2342/2342 2343/2343
f 2344/2344 2345/2345 2346/2346
usemtl Leaf
f 2347/2347 2348/2348 2349/2349
f 2347/2347 2349/2349 2350/2350
usemtl Wood
f 2351/2351 2352/2352 2353/2353
f 2351/2351 2353/2353 2354/2354
f 2355/2355 2356/2356 2357/2357
f 2355/2355 2357/2357 2358/2358
f 2359/2359 2360/2360 2361/2361
f 2359/2359 2361/2361 2362/2362
f 2363/2363 2364/2364 2365/2365
f 2363/2363 2365/2365 2366/2366
f 2367/2367 2368/2368 2369/2369
f 2367/2367 2369/2369 2370/2370
f 2371/2371 2372/2372 2373/2373
f 2374/2374 2375/2375 2376/2376
f 2377/2377 2378/2378 2379/2379
f 2380/2380 2381/2381 2382/2382
f 2383/2383 2384/2384 2385/2385
f 2386/2386 2387/2387 2388/2388
f 2389/2389 2390/2390 2391/2391
f 2392/2392 2393/2393 2394/2394
f 2395/2395 2396/2396 2397/2397
f 2398/2398 2399/2399 2400/2400
usemtl Leaf
f 2401/2401 2402/2402 2403/2403
f 2401/2401 2403/2403 2404/2404
usemtl Wood
f 2405/2405 2406/2406 2407/2407
f 2405/2405 2407/2407 2408/2408
f 2409/2409 2410/2410 2411/2411
f 2409/2409 2411/2411 2412/2412
f 2413/2413 2414/2414 2415/2415
f 2413/2413 2415/2415 2416/2416
f 2417/2417 2418/2418 2419/2419
f 2417/2417 2419/2419 2420/2420
f 2421/2421 2422/2422 2423/2423
f 2421/2421 2423/2423 2424/2424
f 2425/2425 2426/2426 2427/2427
f 2428/2428 2429/2429 2430/2430
f 2431/2431 2432/2432 2433/2433
f 2434/2434 2435/2435 2436/2436
f 2437/2437 2438/2438 2439/2439
f 2440/2440 2441/2441 2442/2442
f 2443/2443 2444/2444 2445/2445
f 2446/2446 2447/2447 2448/2448
f 2449/2449 2450/2450 2451/2451
f 2452/2452 2453/2453 2454/2454
usemtl Leaf
f 2455/2455 2456/2456 2457/2457
f 2455/2455 2457/2457 2458/2458
usemtl Wood
f 2459/2459 2460/2460 2461/2461
f 2459/2459 2461/2461 2462/2462
f 2463/2463 2464/2464 2465/2465
f 2463/2463 2465/2465 2466/2466
f 2467/2467 2468/2468 2469/2469
f 2467/2467 2469/2469 2470/2470
f 2471/2471 2472/2472 2473/2473
f 2471/2471 2473/2473 2474/2474
f 2475/2475 2476/2476 2477/2477
f 2475/2475 2477/2477 2478/2478
f 2479/2479 2480/2480 2481/2481
f 2482/2482 2483/2483 2484/2484
f 2485/2485 2486/2486 2487/2487
f 2488/2488 2489/2489 2490/2490
f 2491/2491 2492/2492 2493/2493
f 2494/2494 2495/2495 2496/2496
f 2497/2497 2498/2498 2499/2499
f 2500/2500 2501/2501 2502/2502
f 2503/2503 2504/2504 2505/2505
f 2506/2506 2507/2507 2508/2508
usemtl Leaf
f 2509/2509 2510/2510 2511/2511
f 2509/2509 2511/2511 2512/2512
usemtl Wood
f 2513/2513 2514/2514 2515/2515
f 2513/2513 2515/2515 2516/2516
f 2517/2517 2518/2518 2519/2519
f 2517/2517 2519/2519 2520/2520
f 2521/2521 2522/2522 2523/2523
f 2521/2521 2523/2523 2524/2524
f 2525/2525 2526/2526 2527/2527
f 2525/2525 2527/2527 2528/2528
f 2529/2529 2530/2530 2531/2531
f 2529/2529 2531/2531 2532/2532
f 2533/2533 2534/2534 2535/2535
f 2536/2536 2537/2537 2538/2538
f 2539/2539 2540/2540 2541/2541
f 2542/2542 2543/2543 2544/2544
f 2545/2545 2546/2546 2547/2547
f 2548/2548 2549/2549 2550/2550
f 2551/2551 2552/2552 2553/2553
f 2554/2554 2555/2555 2556/2556
f 2557/2557 2558/2558 2559/2559
f 2560/2560 2561/2561 2562/2562
usemtl Leaf
f 2563/2563 2564/2564 2565/2565
f 2563/2563 2565/2565 2566/2566
usemtl Wood
f 2567/2567 2568/2568 2569/2569
f 2567/2567 2569/2569 2570/2570
f 2571/2571 2572/2572 2573/2573
f 2571/2571 2573/2573 2574/2574
f 2575/2575 2576/2576 2577/2577
f 2575/2575 2577/2577 2578/2578
f 2579/2579 2580/2580 2581/2581
f 2579/2579 2581/2581 2582/2582
f 2583/2583 2584/2584 2585/2585
f 2583/2583 2585/2585 2586/2586
f 2587/2587 2588/2588 2589/2589
f 2590/2590 2591/2591 2592/2592
f 2593/2593 2594/2594 2595/2595
f 2596/2596 2597/2597 2598/2598
f 2599/2599 2600/2600 2601/2601
f 2602/2602 2603/2603 2604/2604
f 2605/2605 2606/2606 2607/2607
f 2608/2608 2609/2609 2610/2610
f 2611/2611 2612/2612 2613/2613
f 2614/2614 2615/2615 2616/2616
usemtl Leaf
f 2617/2617 2618/2618 2619/2619
f 2617/2617 2619/2619 2620/2620
usemtl Wood
f 2621/2621 2622/2622 2623/2623
f 2621/2621 2623/2623 2624/2624
f 2625/2625 2626/2626 2627/2627
f 2625/2625 2627/2627 2628/2628
f 2629/2629 2630/2630 2631/2631
f 2629/2629 2631/2631 2632/2632
f 2633/2633 2634/2634 2635/2635
f 2633/2633 2635/2635 2636/2636
f 2637/2637 2638/2638 2639/2639
f 2637/2637 2639/2639 2640/2640
f 2641/2641 2642/2642 2643/2643
f 2644/2644 2645/2645 2646/2646
f 2647/2647 2648/2648 2649/2649
f 2650/2650 2651/2651 2652/2652
f 2653/2653 2654/2654 2655/2655
f 2656/2656 2657/2657 2658/2658
f 2659/2659 2660/2660 2661/2661
f 2662/2662 2663/2663 2664/2664
f 2665/2665 2666/2666 2667/2667
f 2668/2668 2669/2669 2670/2670
usemtl Leaf
f 2671/2671 2672/2672 2673/2673
f 2671/2671 2673/2673 2674/2674
usemtl Wood
f 2675/2675 2676/2676 2677/2677
f 2675/2675 2677/2677 2678/2678
f 2679/2679 2680/2680 2681/2681
f 2679/2679 2681/2681 2682/2682
f 2683/2683 2684/2684 2685/2685
f 2683/2683 2685/2685 2686/2686
f 2687/2687 2688/2688 2689/2689
f 2687/2687 2689/2689 2690/2690
f 2691/2691 2692/2692 2693/2693
f 2691/2691 2693/2693 2694/2694
f 2695/2695 2696/2696 2697/2697
f 2698/2698 2699/2699 2700/2700
f 2701/2701 2702/2702 2703/2703
f 2704/2704 2705/2705 2706/2706
f 2707/2707 2708/2708 2709/2709
f 2710/2710 2711/2711 2712/2712
f 2713/2713 2714/2714 2715/2715
f 2716/2716 2717/2717 2718/2718
f 2719/2719 2720/2720 2721/2721
f 2722/2722 2723/2723 2724/2724
usemtl Leaf
f 2725/2725 2726/2726 2727/2727
f 2725/2725 2727/2727 2728/2728
usemtl Wood
f 2729/2729 2730/2730 2731/2731
f 2729/2729 2731/2731 2732/2732
f 2733/2733 2734/2734 2735/2735
f 2733/2733 2735/2735 2736/2736
f 2737/2737 2738/2738 2739/2739
f 2737/2737 2739/2739 2740/2740
f 2741/2741 2742/2742 2743/2743
f 2741/2741 2743/2743 2744/2744
f 2745/2745 2746/2746 2747/2747
f 2745/2745 2747/2747 2748/2748
f 2749/2749 2750/2750 2751/2751
f 2752/2752 2753/2753 2754/2754
f 2755/2755 2756/2756 2757/2757
f 2758/2758 2759/2759 2760/2760
f 2761/2761 2762/2762 2763/2763
f 2764/2764 2765/2765 2766/2766
f 2767/2767 2768/2768 2769/2769
f 2770/2770 2771/2771 2772/2772
f 2773/2773 2774/2774 2775/2775
f 2776/2776 2777/2777 2778/2778
usemtl Leaf
f 2779/2779 2780/2780 2781/2781
f 2779/2779 2781/2781 2782/2782
usemtl Wood
f 2783/2783 2784/2784 2785/2785
f 2783/2783 2785/2785 2786/2786
f 2787/2787 2788/2788 2789/2789
f 2787/2787 2789/2789 2790/2790
f 2791/2791 2792/2792 2793/2793
f 2791/2791 2793/2793 2794/2794
f 2795/2795 2796/2796 2797/2797
f 2795/2795 2797/2797 2798/2798
f 2799/2799 2800/2800 2801/2801
f 2799/2799 2801/2801 2802/2802
f 2803/2803 2804/2804 2805/2805
f 2806/2806 2807/2807 2808/2808
f 2809/2809 2810/2810 2811/2811
f 2812/2812 2813/2813 2814/2814
f 2815/2815 2816/2816 2817/2817
f 2818/2818 2819/2819 2820/2820
f 2821/2821 2822/2822 2823/2823
f 2824/2824 2825/2825 2826/2826
f 2827/2827 2828/2828 2829/2829
f 2830/2830 2831/2831 2832/2832
