mtllib ../../Materials/project_oen.mtl
o pr-005_portable_radio__broken
v -0.440000 0.100000 -0.190000
v 0.440000 0.100000 -0.190000
v 0.440000 0.680000 -0.190000
v -0.440000 0.680000 -0.190000
v 0.440000 0.100000 0.190000
v -0.440000 0.100000 0.190000
v -0.440000 0.680000 0.190000
v 0.440000 0.680000 0.190000
v -0.440000 0.100000 0.190000
v -0.440000 0.100000 -0.190000
v -0.440000 0.680000 -0.190000
v -0.440000 0.680000 0.190000
v 0.440000 0.100000 -0.190000
v 0.440000 0.100000 0.190000
v 0.440000 0.680000 0.190000
v 0.440000 0.680000 -0.190000
v -0.440000 0.680000 -0.190000
v 0.440000 0.680000 -0.190000
v 0.440000 0.680000 0.190000
v -0.440000 0.680000 0.190000
v -0.440000 0.100000 0.190000
v 0.440000 0.100000 0.190000
v 0.440000 0.100000 -0.190000
v -0.440000 0.100000 -0.190000
v -0.410000 0.135000 -0.213000
v 0.410000 0.135000 -0.213000
v 0.410000 0.665000 -0.213000
v -0.410000 0.665000 -0.213000
v 0.410000 0.135000 0.177000
v -0.410000 0.135000 0.177000
v -0.410000 0.665000 0.177000
v 0.410000 0.665000 0.177000
v -0.410000 0.135000 0.177000
v -0.410000 0.135000 -0.213000
v -0.410000 0.665000 -0.213000
v -0.410000 0.665000 0.177000
v 0.410000 0.135000 -0.213000
v 0.410000 0.135000 0.177000
v 0.410000 0.665000 0.177000
v 0.410000 0.665000 -0.213000
v -0.410000 0.665000 -0.213000
v 0.410000 0.665000 -0.213000
v 0.410000 0.665000 0.177000
v -0.410000 0.665000 0.177000
v -0.410000 0.135000 0.177000
v 0.410000 0.135000 0.177000
v 0.410000 0.135000 -0.213000
v -0.410000 0.135000 -0.213000
v -0.380000 0.175000 -0.229000
v 0.380000 0.175000 -0.229000
v 0.380000 0.625000 -0.229000
v -0.380000 0.625000 -0.229000
v 0.380000 0.175000 -0.203000
v -0.380000 0.175000 -0.203000
v -0.380000 0.625000 -0.203000
v 0.380000 0.625000 -0.203000
v -0.380000 0.175000 -0.203000
v -0.380000 0.175000 -0.229000
v -0.380000 0.625000 -0.229000
v -0.380000 0.625000 -0.203000
v 0.380000 0.175000 -0.229000
v 0.380000 0.175000 -0.203000
v 0.380000 0.625000 -0.203000
v 0.380000 0.625000 -0.229000
v -0.380000 0.625000 -0.229000
v 0.380000 0.625000 -0.229000
v 0.380000 0.625000 -0.203000
v -0.380000 0.625000 -0.203000
v -0.380000 0.175000 -0.203000
v 0.380000 0.175000 -0.203000
v 0.380000 0.175000 -0.229000
v -0.380000 0.175000 -0.229000
v -0.446420 0.105256 -0.220000
v -0.371602 0.100024 -0.220000
v -0.363580 0.214744 -0.220000
v -0.438398 0.219976 -0.220000
v -0.371602 0.100024 0.200000
v -0.446420 0.105256 0.200000
v -0.438398 0.219976 0.200000
v -0.363580 0.214744 0.200000
v -0.446420 0.105256 0.200000
v -0.446420 0.105256 -0.220000
v -0.438398 0.219976 -0.220000
v -0.438398 0.219976 0.200000
v -0.371602 0.100024 -0.220000
v -0.371602 0.100024 0.200000
v -0.363580 0.214744 0.200000
v -0.363580 0.214744 -0.220000
v -0.438398 0.219976 -0.220000
v -0.363580 0.214744 -0.220000
v -0.363580 0.214744 0.200000
v -0.438398 0.219976 0.200000
v -0.446420 0.105256 0.200000
v -0.371602 0.100024 0.200000
v -0.371602 0.100024 -0.220000
v -0.446420 0.105256 -0.220000
v -0.446420 0.585256 -0.220000
v -0.371602 0.580024 -0.220000
v -0.363580 0.694744 -0.220000
v -0.438398 0.699976 -0.220000
v -0.371602 0.580024 0.200000
v -0.446420 0.585256 0.200000
v -0.438398 0.699976 0.200000
v -0.363580 0.694744 0.200000
v -0.446420 0.585256 0.200000
v -0.446420 0.585256 -0.220000
v -0.438398 0.699976 -0.220000
v -0.438398 0.699976 0.200000
v -0.371602 0.580024 -0.220000
v -0.371602 0.580024 0.200000
v -0.363580 0.694744 0.200000
v -0.363580 0.694744 -0.220000
v -0.438398 0.699976 -0.220000
v -0.363580 0.694744 -0.220000
v -0.363580 0.694744 0.200000
v -0.438398 0.699976 0.200000
v -0.446420 0.585256 0.200000
v -0.371602 0.580024 0.200000
v -0.371602 0.580024 -0.220000
v -0.446420 0.585256 -0.220000
v 0.371602 0.100024 -0.220000
v 0.446420 0.105256 -0.220000
v 0.438398 0.219976 -0.220000
v 0.363580 0.214744 -0.220000
v 0.446420 0.105256 0.200000
v 0.371602 0.100024 0.200000
v 0.363580 0.214744 0.200000
v 0.438398 0.219976 0.200000
v 0.371602 0.100024 0.200000
v 0.371602 0.100024 -0.220000
v 0.363580 0.214744 -0.220000
v 0.363580 0.214744 0.200000
v 0.446420 0.105256 -0.220000
v 0.446420 0.105256 0.200000
v 0.438398 0.219976 0.200000
v 0.438398 0.219976 -0.220000
v 0.363580 0.214744 -0.220000
v 0.438398 0.219976 -0.220000
v 0.438398 0.219976 0.200000
v 0.363580 0.214744 0.200000
v 0.371602 0.100024 0.200000
v 0.446420 0.105256 0.200000
v 0.446420 0.105256 -0.220000
v 0.371602 0.100024 -0.220000
v 0.371602 0.580024 -0.220000
v 0.446420 0.585256 -0.220000
v 0.438398 0.699976 -0.220000
v 0.363580 0.694744 -0.220000
v 0.446420 0.585256 0.200000
v 0.371602 0.580024 0.200000
v 0.363580 0.694744 0.200000
v 0.438398 0.699976 0.200000
v 0.371602 0.580024 0.200000
v 0.371602 0.580024 -0.220000
v 0.363580 0.694744 -0.220000
v 0.363580 0.694744 0.200000
v 0.446420 0.585256 -0.220000
v 0.446420 0.585256 0.200000
v 0.438398 0.699976 0.200000
v 0.438398 0.699976 -0.220000
v 0.363580 0.694744 -0.220000
v 0.438398 0.699976 -0.220000
v 0.438398 0.699976 0.200000
v 0.363580 0.694744 0.200000
v 0.371602 0.580024 0.200000
v 0.446420 0.585256 0.200000
v 0.446420 0.585256 -0.220000
v 0.371602 0.580024 -0.220000
v -0.355000 0.390000 -0.223000
v -0.346924 0.440988 -0.223000
v -0.346924 0.440988 -0.258000
v -0.355000 0.390000 -0.258000
v -0.346924 0.440988 -0.223000
v -0.323488 0.486985 -0.223000
v -0.323488 0.486985 -0.258000
v -0.346924 0.440988 -0.258000
v -0.323488 0.486985 -0.223000
v -0.286985 0.523488 -0.223000
v -0.286985 0.523488 -0.258000
v -0.323488 0.486985 -0.258000
v -0.286985 0.523488 -0.223000
v -0.240988 0.546924 -0.223000
v -0.240988 0.546924 -0.258000
v -0.286985 0.523488 -0.258000
v -0.240988 0.546924 -0.223000
v -0.190000 0.555000 -0.223000
v -0.190000 0.555000 -0.258000
v -0.240988 0.546924 -0.258000
v -0.190000 0.555000 -0.223000
v -0.139012 0.546924 -0.223000
v -0.139012 0.546924 -0.258000
v -0.190000 0.555000 -0.258000
v -0.139012 0.546924 -0.223000
v -0.093015 0.523488 -0.223000
v -0.093015 0.523488 -0.258000
v -0.139012 0.546924 -0.258000
v -0.093015 0.523488 -0.223000
v -0.056512 0.486985 -0.223000
v -0.056512 0.486985 -0.258000
v -0.093015 0.523488 -0.258000
v -0.056512 0.486985 -0.223000
v -0.033076 0.440988 -0.223000
v -0.033076 0.440988 -0.258000
v -0.056512 0.486985 -0.258000
v -0.033076 0.440988 -0.223000
v -0.025000 0.390000 -0.223000
v -0.025000 0.390000 -0.258000
v -0.033076 0.440988 -0.258000
v -0.025000 0.390000 -0.223000
v -0.033076 0.339012 -0.223000
v -0.033076 0.339012 -0.258000
v -0.025000 0.390000 -0.258000
v -0.033076 0.339012 -0.223000
v -0.056512 0.293015 -0.223000
v -0.056512 0.293015 -0.258000
v -0.033076 0.339012 -0.258000
v -0.056512 0.293015 -0.223000
v -0.093015 0.256512 -0.223000
v -0.093015 0.256512 -0.258000
v -0.056512 0.293015 -0.258000
v -0.093015 0.256512 -0.223000
v -0.139012 0.233076 -0.223000
v -0.139012 0.233076 -0.258000
v -0.093015 0.256512 -0.258000
v -0.139012 0.233076 -0.223000
v -0.190000 0.225000 -0.223000
v -0.190000 0.225000 -0.258000
v -0.139012 0.233076 -0.258000
v -0.190000 0.225000 -0.223000
v -0.240988 0.233076 -0.223000
v -0.240988 0.233076 -0.258000
v -0.190000 0.225000 -0.258000
v -0.240988 0.233076 -0.223000
v -0.286985 0.256512 -0.223000
v -0.286985 0.256512 -0.258000
v -0.240988 0.233076 -0.258000
v -0.286985 0.256512 -0.223000
v -0.323488 0.293015 -0.223000
v -0.323488 0.293015 -0.258000
v -0.286985 0.256512 -0.258000
v -0.323488 0.293015 -0.223000
v -0.346924 0.339012 -0.223000
v -0.346924 0.339012 -0.258000
v -0.323488 0.293015 -0.258000
v -0.346924 0.339012 -0.223000
v -0.355000 0.390000 -0.223000
v -0.355000 0.390000 -0.258000
v -0.346924 0.339012 -0.258000
v -0.190000 0.390000 -0.223000
v -0.355000 0.390000 -0.223000
v -0.346924 0.440988 -0.223000
v -0.346924 0.440988 -0.223000
v -0.323488 0.486985 -0.223000
v -0.323488 0.486985 -0.223000
v -0.286985 0.523488 -0.223000
v -0.286985 0.523488 -0.223000
v -0.240988 0.546924 -0.223000
v -0.240988 0.546924 -0.223000
v -0.190000 0.555000 -0.223000
v -0.190000 0.555000 -0.223000
v -0.139012 0.546924 -0.223000
v -0.139012 0.546924 -0.223000
v -0.093015 0.523488 -0.223000
v -0.093015 0.523488 -0.223000
v -0.056512 0.486985 -0.223000
v -0.056512 0.486985 -0.223000
v -0.033076 0.440988 -0.223000
v -0.033076 0.440988 -0.223000
v -0.025000 0.390000 -0.223000
v -0.025000 0.390000 -0.223000
v -0.033076 0.339012 -0.223000
v -0.033076 0.339012 -0.223000
v -0.056512 0.293015 -0.223000
v -0.056512 0.293015 -0.223000
v -0.093015 0.256512 -0.223000
v -0.093015 0.256512 -0.223000
v -0.139012 0.233076 -0.223000
v -0.139012 0.233076 -0.223000
v -0.190000 0.225000 -0.223000
v -0.190000 0.225000 -0.223000
v -0.240988 0.233076 -0.223000
v -0.240988 0.233076 -0.223000
v -0.286985 0.256512 -0.223000
v -0.286985 0.256512 -0.223000
v -0.323488 0.293015 -0.223000
v -0.323488 0.293015 -0.223000
v -0.346924 0.339012 -0.223000
v -0.346924 0.339012 -0.223000
v -0.355000 0.390000 -0.223000
v -0.190000 0.390000 -0.258000
v -0.355000 0.390000 -0.258000
v -0.346924 0.440988 -0.258000
v -0.346924 0.440988 -0.258000
v -0.323488 0.486985 -0.258000
v -0.323488 0.486985 -0.258000
v -0.286985 0.523488 -0.258000
v -0.286985 0.523488 -0.258000
v -0.240988 0.546924 -0.258000
v -0.240988 0.546924 -0.258000
v -0.190000 0.555000 -0.258000
v -0.190000 0.555000 -0.258000
v -0.139012 0.546924 -0.258000
v -0.139012 0.546924 -0.258000
v -0.093015 0.523488 -0.258000
v -0.093015 0.523488 -0.258000
v -0.056512 0.486985 -0.258000
v -0.056512 0.486985 -0.258000
v -0.033076 0.440988 -0.258000
v -0.033076 0.440988 -0.258000
v -0.025000 0.390000 -0.258000
v -0.025000 0.390000 -0.258000
v -0.033076 0.339012 -0.258000
v -0.033076 0.339012 -0.258000
v -0.056512 0.293015 -0.258000
v -0.056512 0.293015 -0.258000
v -0.093015 0.256512 -0.258000
v -0.093015 0.256512 -0.258000
v -0.139012 0.233076 -0.258000
v -0.139012 0.233076 -0.258000
v -0.190000 0.225000 -0.258000
v -0.190000 0.225000 -0.258000
v -0.240988 0.233076 -0.258000
v -0.240988 0.233076 -0.258000
v -0.286985 0.256512 -0.258000
v -0.286985 0.256512 -0.258000
v -0.323488 0.293015 -0.258000
v -0.323488 0.293015 -0.258000
v -0.346924 0.339012 -0.258000
v -0.346924 0.339012 -0.258000
v -0.355000 0.390000 -0.258000
v -0.013000 0.390000 -0.242000
v -0.020170 0.439867 -0.242000
v -0.028126 0.437531 -0.230587
v -0.021292 0.390000 -0.230587
v -0.021292 0.390000 -0.230587
v -0.028126 0.437531 -0.230587
v -0.040999 0.433751 -0.234947
v -0.034708 0.390000 -0.234947
v -0.034708 0.390000 -0.234947
v -0.040999 0.433751 -0.234947
v -0.040999 0.433751 -0.249053
v -0.034708 0.390000 -0.249053
v -0.034708 0.390000 -0.249053
v -0.040999 0.433751 -0.249053
v -0.028126 0.437531 -0.253413
v -0.021292 0.390000 -0.253413
v -0.021292 0.390000 -0.253413
v -0.028126 0.437531 -0.253413
v -0.020170 0.439867 -0.242000
v -0.013000 0.390000 -0.242000
v -0.020170 0.439867 -0.242000
v -0.041098 0.485693 -0.242000
v -0.048074 0.481211 -0.230587
v -0.028126 0.437531 -0.230587
v -0.028126 0.437531 -0.230587
v -0.048074 0.481211 -0.230587
v -0.059360 0.473957 -0.234947
v -0.040999 0.433751 -0.234947
v -0.040999 0.433751 -0.234947
v -0.059360 0.473957 -0.234947
v -0.059360 0.473957 -0.249053
v -0.040999 0.433751 -0.249053
v -0.040999 0.433751 -0.249053
v -0.059360 0.473957 -0.249053
v -0.048074 0.481211 -0.253413
v -0.028126 0.437531 -0.253413
v -0.028126 0.437531 -0.253413
v -0.048074 0.481211 -0.253413
v -0.041098 0.485693 -0.242000
v -0.020170 0.439867 -0.242000
v -0.041098 0.485693 -0.242000
v -0.074090 0.523768 -0.242000
v -0.079520 0.517501 -0.230587
v -0.048074 0.481211 -0.230587
v -0.048074 0.481211 -0.230587
v -0.079520 0.517501 -0.230587
v -0.088306 0.507362 -0.234947
v -0.059360 0.473957 -0.234947
v -0.059360 0.473957 -0.234947
v -0.088306 0.507362 -0.234947
v -0.088306 0.507362 -0.249053
v -0.059360 0.473957 -0.249053
v -0.059360 0.473957 -0.249053
v -0.088306 0.507362 -0.249053
v -0.079520 0.517501 -0.253413
v -0.048074 0.481211 -0.253413
v -0.048074 0.481211 -0.253413
v -0.079520 0.517501 -0.253413
v -0.074090 0.523768 -0.242000
v -0.041098 0.485693 -0.242000
v -0.074090 0.523768 -0.242000
v -0.116472 0.551005 -0.242000
v -0.119916 0.543462 -0.230587
v -0.079520 0.517501 -0.230587
v -0.079520 0.517501 -0.230587
v -0.119916 0.543462 -0.230587
v -0.125489 0.531258 -0.234947
v -0.088306 0.507362 -0.234947
v -0.088306 0.507362 -0.234947
v -0.125489 0.531258 -0.234947
v -0.125489 0.531258 -0.249053
v -0.088306 0.507362 -0.249053
v -0.088306 0.507362 -0.249053
v -0.125489 0.531258 -0.249053
v -0.119916 0.543462 -0.253413
v -0.079520 0.517501 -0.253413
v -0.079520 0.517501 -0.253413
v -0.119916 0.543462 -0.253413
v -0.116472 0.551005 -0.242000
v -0.074090 0.523768 -0.242000
v -0.116472 0.551005 -0.242000
v -0.164810 0.565198 -0.242000
v -0.165990 0.556991 -0.230587
v -0.119916 0.543462 -0.230587
v -0.119916 0.543462 -0.230587
v -0.165990 0.556991 -0.230587
v -0.167900 0.543711 -0.234947
v -0.125489 0.531258 -0.234947
v -0.125489 0.531258 -0.234947
v -0.167900 0.543711 -0.234947
v -0.167900 0.543711 -0.249053
v -0.125489 0.531258 -0.249053
v -0.125489 0.531258 -0.249053
v -0.167900 0.543711 -0.249053
v -0.165990 0.556991 -0.253413
v -0.119916 0.543462 -0.253413
v -0.119916 0.543462 -0.253413
v -0.165990 0.556991 -0.253413
v -0.164810 0.565198 -0.242000
v -0.116472 0.551005 -0.242000
v -0.164810 0.565198 -0.242000
v -0.215190 0.565198 -0.242000
v -0.214010 0.556991 -0.230587
v -0.165990 0.556991 -0.230587
v -0.165990 0.556991 -0.230587
v -0.214010 0.556991 -0.230587
v -0.212100 0.543711 -0.234947
v -0.167900 0.543711 -0.234947
v -0.167900 0.543711 -0.234947
v -0.212100 0.543711 -0.234947
v -0.212100 0.543711 -0.249053
v -0.167900 0.543711 -0.249053
v -0.167900 0.543711 -0.249053
v -0.212100 0.543711 -0.249053
v -0.214010 0.556991 -0.253413
v -0.165990 0.556991 -0.253413
v -0.165990 0.556991 -0.253413
v -0.214010 0.556991 -0.253413
v -0.215190 0.565198 -0.242000
v -0.164810 0.565198 -0.242000
v -0.215190 0.565198 -0.242000
v -0.263528 0.551005 -0.242000
v -0.260084 0.543462 -0.230587
v -0.214010 0.556991 -0.230587
v -0.214010 0.556991 -0.230587
v -0.260084 0.543462 -0.230587
v -0.254511 0.531258 -0.234947
v -0.212100 0.543711 -0.234947
v -0.212100 0.543711 -0.234947
v -0.254511 0.531258 -0.234947
v -0.254511 0.531258 -0.249053
v -0.212100 0.543711 -0.249053
v -0.212100 0.543711 -0.249053
v -0.254511 0.531258 -0.249053
v -0.260084 0.543462 -0.253413
v -0.214010 0.556991 -0.253413
v -0.214010 0.556991 -0.253413
v -0.260084 0.543462 -0.253413
v -0.263528 0.551005 -0.242000
v -0.215190 0.565198 -0.242000
v -0.263528 0.551005 -0.242000
v -0.305910 0.523768 -0.242000
v -0.300480 0.517501 -0.230587
v -0.260084 0.543462 -0.230587
v -0.260084 0.543462 -0.230587
v -0.300480 0.517501 -0.230587
v -0.291694 0.507362 -0.234947
v -0.254511 0.531258 -0.234947
v -0.254511 0.531258 -0.234947
v -0.291694 0.507362 -0.234947
v -0.291694 0.507362 -0.249053
v -0.254511 0.531258 -0.249053
v -0.254511 0.531258 -0.249053
v -0.291694 0.507362 -0.249053
v -0.300480 0.517501 -0.253413
v -0.260084 0.543462 -0.253413
v -0.260084 0.543462 -0.253413
v -0.300480 0.517501 -0.253413
v -0.305910 0.523768 -0.242000
v -0.263528 0.551005 -0.242000
v -0.305910 0.523768 -0.242000
v -0.338902 0.485693 -0.242000
v -0.331926 0.481211 -0.230587
v -0.300480 0.517501 -0.230587
v -0.300480 0.517501 -0.230587
v -0.331926 0.481211 -0.230587
v -0.320640 0.473957 -0.234947
v -0.291694 0.507362 -0.234947
v -0.291694 0.507362 -0.234947
v -0.320640 0.473957 -0.234947
v -0.320640 0.473957 -0.249053
v -0.291694 0.507362 -0.249053
v -0.291694 0.507362 -0.249053
v -0.320640 0.473957 -0.249053
v -0.331926 0.481211 -0.253413
v -0.300480 0.517501 -0.253413
v -0.300480 0.517501 -0.253413
v -0.331926 0.481211 -0.253413
v -0.338902 0.485693 -0.242000
v -0.305910 0.523768 -0.242000
v -0.338902 0.485693 -0.242000
v -0.359830 0.439867 -0.242000
v -0.351874 0.437531 -0.230587
v -0.331926 0.481211 -0.230587
v -0.331926 0.481211 -0.230587
v -0.351874 0.437531 -0.230587
v -0.339001 0.433751 -0.234947
v -0.320640 0.473957 -0.234947
v -0.320640 0.473957 -0.234947
v -0.339001 0.433751 -0.234947
v -0.339001 0.433751 -0.249053
v -0.320640 0.473957 -0.249053
v -0.320640 0.473957 -0.249053
v -0.339001 0.433751 -0.249053
v -0.351874 0.437531 -0.253413
v -0.331926 0.481211 -0.253413
v -0.331926 0.481211 -0.253413
v -0.351874 0.437531 -0.253413
v -0.359830 0.439867 -0.242000
v -0.338902 0.485693 -0.242000
v -0.359830 0.439867 -0.242000
v -0.367000 0.390000 -0.242000
v -0.358708 0.390000 -0.230587
v -0.351874 0.437531 -0.230587
v -0.351874 0.437531 -0.230587
v -0.358708 0.390000 -0.230587
v -0.345292 0.390000 -0.234947
v -0.339001 0.433751 -0.234947
v -0.339001 0.433751 -0.234947
v -0.345292 0.390000 -0.234947
v -0.345292 0.390000 -0.249053
v -0.339001 0.433751 -0.249053
v -0.339001 0.433751 -0.249053
v -0.345292 0.390000 -0.249053
v -0.358708 0.390000 -0.253413
v -0.351874 0.437531 -0.253413
v -0.351874 0.437531 -0.253413
v -0.358708 0.390000 -0.253413
v -0.367000 0.390000 -0.242000
v -0.359830 0.439867 -0.242000
v -0.367000 0.390000 -0.242000
v -0.359830 0.340133 -0.242000
v -0.351874 0.342469 -0.230587
v -0.358708 0.390000 -0.230587
v -0.358708 0.390000 -0.230587
v -0.351874 0.342469 -0.230587
v -0.339001 0.346249 -0.234947
v -0.345292 0.390000 -0.234947
v -0.345292 0.390000 -0.234947
v -0.339001 0.346249 -0.234947
v -0.339001 0.346249 -0.249053
v -0.345292 0.390000 -0.249053
v -0.345292 0.390000 -0.249053
v -0.339001 0.346249 -0.249053
v -0.351874 0.342469 -0.253413
v -0.358708 0.390000 -0.253413
v -0.358708 0.390000 -0.253413
v -0.351874 0.342469 -0.253413
v -0.359830 0.340133 -0.242000
v -0.367000 0.390000 -0.242000
v -0.359830 0.340133 -0.242000
v -0.338902 0.294307 -0.242000
v -0.331926 0.298789 -0.230587
v -0.351874 0.342469 -0.230587
v -0.351874 0.342469 -0.230587
v -0.331926 0.298789 -0.230587
v -0.320640 0.306043 -0.234947
v -0.339001 0.346249 -0.234947
v -0.339001 0.346249 -0.234947
v -0.320640 0.306043 -0.234947
v -0.320640 0.306043 -0.249053
v -0.339001 0.346249 -0.249053
v -0.339001 0.346249 -0.249053
v -0.320640 0.306043 -0.249053
v -0.331926 0.298789 -0.253413
v -0.351874 0.342469 -0.253413
v -0.351874 0.342469 -0.253413
v -0.331926 0.298789 -0.253413
v -0.338902 0.294307 -0.242000
v -0.359830 0.340133 -0.242000
v -0.338902 0.294307 -0.242000
v -0.305910 0.256232 -0.242000
v -0.300480 0.262499 -0.230587
v -0.331926 0.298789 -0.230587
v -0.331926 0.298789 -0.230587
v -0.300480 0.262499 -0.230587
v -0.291694 0.272638 -0.234947
v -0.320640 0.306043 -0.234947
v -0.320640 0.306043 -0.234947
v -0.291694 0.272638 -0.234947
v -0.291694 0.272638 -0.249053
v -0.320640 0.306043 -0.249053
v -0.320640 0.306043 -0.249053
v -0.291694 0.272638 -0.249053
v -0.300480 0.262499 -0.253413
v -0.331926 0.298789 -0.253413
v -0.331926 0.298789 -0.253413
v -0.300480 0.262499 -0.253413
v -0.305910 0.256232 -0.242000
v -0.338902 0.294307 -0.242000
v -0.305910 0.256232 -0.242000
v -0.263528 0.228995 -0.242000
v -0.260084 0.236538 -0.230587
v -0.300480 0.262499 -0.230587
v -0.300480 0.262499 -0.230587
v -0.260084 0.236538 -0.230587
v -0.254511 0.248742 -0.234947
v -0.291694 0.272638 -0.234947
v -0.291694 0.272638 -0.234947
v -0.254511 0.248742 -0.234947
v -0.254511 0.248742 -0.249053
v -0.291694 0.272638 -0.249053
v -0.291694 0.272638 -0.249053
v -0.254511 0.248742 -0.249053
v -0.260084 0.236538 -0.253413
v -0.300480 0.262499 -0.253413
v -0.300480 0.262499 -0.253413
v -0.260084 0.236538 -0.253413
v -0.263528 0.228995 -0.242000
v -0.305910 0.256232 -0.242000
v -0.263528 0.228995 -0.242000
v -0.215190 0.214802 -0.242000
v -0.214010 0.223009 -0.230587
v -0.260084 0.236538 -0.230587
v -0.260084 0.236538 -0.230587
v -0.214010 0.223009 -0.230587
v -0.212100 0.236289 -0.234947
v -0.254511 0.248742 -0.234947
v -0.254511 0.248742 -0.234947
v -0.212100 0.236289 -0.234947
v -0.212100 0.236289 -0.249053
v -0.254511 0.248742 -0.249053
v -0.254511 0.248742 -0.249053
v -0.212100 0.236289 -0.249053
v -0.214010 0.223009 -0.253413
v -0.260084 0.236538 -0.253413
v -0.260084 0.236538 -0.253413
v -0.214010 0.223009 -0.253413
v -0.215190 0.214802 -0.242000
v -0.263528 0.228995 -0.242000
v -0.215190 0.214802 -0.242000
v -0.164810 0.214802 -0.242000
v -0.165990 0.223009 -0.230587
v -0.214010 0.223009 -0.230587
v -0.214010 0.223009 -0.230587
v -0.165990 0.223009 -0.230587
v -0.167900 0.236289 -0.234947
v -0.212100 0.236289 -0.234947
v -0.212100 0.236289 -0.234947
v -0.167900 0.236289 -0.234947
v -0.167900 0.236289 -0.249053
v -0.212100 0.236289 -0.249053
v -0.212100 0.236289 -0.249053
v -0.167900 0.236289 -0.249053
v -0.165990 0.223009 -0.253413
v -0.214010 0.223009 -0.253413
v -0.214010 0.223009 -0.253413
v -0.165990 0.223009 -0.253413
v -0.164810 0.214802 -0.242000
v -0.215190 0.214802 -0.242000
v -0.164810 0.214802 -0.242000
v -0.116472 0.228995 -0.242000
v -0.119916 0.236538 -0.230587
v -0.165990 0.223009 -0.230587
v -0.165990 0.223009 -0.230587
v -0.119916 0.236538 -0.230587
v -0.125489 0.248742 -0.234947
v -0.167900 0.236289 -0.234947
v -0.167900 0.236289 -0.234947
v -0.125489 0.248742 -0.234947
v -0.125489 0.248742 -0.249053
v -0.167900 0.236289 -0.249053
v -0.167900 0.236289 -0.249053
v -0.125489 0.248742 -0.249053
v -0.119916 0.236538 -0.253413
v -0.165990 0.223009 -0.253413
v -0.165990 0.223009 -0.253413
v -0.119916 0.236538 -0.253413
v -0.116472 0.228995 -0.242000
v -0.164810 0.214802 -0.242000
v -0.116472 0.228995 -0.242000
v -0.074090 0.256232 -0.242000
v -0.079520 0.262499 -0.230587
v -0.119916 0.236538 -0.230587
v -0.119916 0.236538 -0.230587
v -0.079520 0.262499 -0.230587
v -0.088306 0.272638 -0.234947
v -0.125489 0.248742 -0.234947
v -0.125489 0.248742 -0.234947
v -0.088306 0.272638 -0.234947
v -0.088306 0.272638 -0.249053
v -0.125489 0.248742 -0.249053
v -0.125489 0.248742 -0.249053
v -0.088306 0.272638 -0.249053
v -0.079520 0.262499 -0.253413
v -0.119916 0.236538 -0.253413
v -0.119916 0.236538 -0.253413
v -0.079520 0.262499 -0.253413
v -0.074090 0.256232 -0.242000
v -0.116472 0.228995 -0.242000
v -0.074090 0.256232 -0.242000
v -0.041098 0.294307 -0.242000
v -0.048074 0.298789 -0.230587
v -0.079520 0.262499 -0.230587
v -0.079520 0.262499 -0.230587
v -0.048074 0.298789 -0.230587
v -0.059360 0.306043 -0.234947
v -0.088306 0.272638 -0.234947
v -0.088306 0.272638 -0.234947
v -0.059360 0.306043 -0.234947
v -0.059360 0.306043 -0.249053
v -0.088306 0.272638 -0.249053
v -0.088306 0.272638 -0.249053
v -0.059360 0.306043 -0.249053
v -0.048074 0.298789 -0.253413
v -0.079520 0.262499 -0.253413
v -0.079520 0.262499 -0.253413
v -0.048074 0.298789 -0.253413
v -0.041098 0.294307 -0.242000
v -0.074090 0.256232 -0.242000
v -0.041098 0.294307 -0.242000
v -0.020170 0.340133 -0.242000
v -0.028126 0.342469 -0.230587
v -0.048074 0.298789 -0.230587
v -0.048074 0.298789 -0.230587
v -0.028126 0.342469 -0.230587
v -0.040999 0.346249 -0.234947
v -0.059360 0.306043 -0.234947
v -0.059360 0.306043 -0.234947
v -0.040999 0.346249 -0.234947
v -0.040999 0.346249 -0.249053
v -0.059360 0.306043 -0.249053
v -0.059360 0.306043 -0.249053
v -0.040999 0.346249 -0.249053
v -0.028126 0.342469 -0.253413
v -0.048074 0.298789 -0.253413
v -0.048074 0.298789 -0.253413
v -0.028126 0.342469 -0.253413
v -0.020170 0.340133 -0.242000
v -0.041098 0.294307 -0.242000
v -0.020170 0.340133 -0.242000
v -0.013000 0.390000 -0.242000
v -0.021292 0.390000 -0.230587
v -0.028126 0.342469 -0.230587
v -0.028126 0.342469 -0.230587
v -0.021292 0.390000 -0.230587
v -0.034708 0.390000 -0.234947
v -0.040999 0.346249 -0.234947
v -0.040999 0.346249 -0.234947
v -0.034708 0.390000 -0.234947
v -0.034708 0.390000 -0.249053
v -0.040999 0.346249 -0.249053
v -0.040999 0.346249 -0.249053
v -0.034708 0.390000 -0.249053
v -0.021292 0.390000 -0.253413
v -0.028126 0.342469 -0.253413
v -0.028126 0.342469 -0.253413
v -0.021292 0.390000 -0.253413
v -0.013000 0.390000 -0.242000
v -0.020170 0.340133 -0.242000
v -0.324500 0.333802 -0.272000
v -0.315500 0.333802 -0.272000
v -0.315500 0.446198 -0.272000
v -0.324500 0.446198 -0.272000
v -0.315500 0.333802 -0.260000
v -0.324500 0.333802 -0.260000
v -0.324500 0.446198 -0.260000
v -0.315500 0.446198 -0.260000
v -0.324500 0.333802 -0.260000
v -0.324500 0.333802 -0.272000
v -0.324500 0.446198 -0.272000
v -0.324500 0.446198 -0.260000
v -0.315500 0.333802 -0.272000
v -0.315500 0.333802 -0.260000
v -0.315500 0.446198 -0.260000
v -0.315500 0.446198 -0.272000
v -0.324500 0.446198 -0.272000
v -0.315500 0.446198 -0.272000
v -0.315500 0.446198 -0.260000
v -0.324500 0.446198 -0.260000
v -0.324500 0.333802 -0.260000
v -0.315500 0.333802 -0.260000
v -0.315500 0.333802 -0.272000
v -0.324500 0.333802 -0.272000
v -0.298500 0.301590 -0.272000
v -0.289500 0.301590 -0.272000
v -0.289500 0.478410 -0.272000
v -0.298500 0.478410 -0.272000
v -0.289500 0.301590 -0.260000
v -0.298500 0.301590 -0.260000
v -0.298500 0.478410 -0.260000
v -0.289500 0.478410 -0.260000
v -0.298500 0.301590 -0.260000
v -0.298500 0.301590 -0.272000
v -0.298500 0.478410 -0.272000
v -0.298500 0.478410 -0.260000
v -0.289500 0.301590 -0.272000
v -0.289500 0.301590 -0.260000
v -0.289500 0.478410 -0.260000
v -0.289500 0.478410 -0.272000
v -0.298500 0.478410 -0.272000
v -0.289500 0.478410 -0.272000
v -0.289500 0.478410 -0.260000
v -0.298500 0.478410 -0.260000
v -0.298500 0.301590 -0.260000
v -0.289500 0.301590 -0.260000
v -0.289500 0.301590 -0.272000
v -0.298500 0.301590 -0.272000
v -0.272500 0.283046 -0.272000
v -0.263500 0.283046 -0.272000
v -0.263500 0.496954 -0.272000
v -0.272500 0.496954 -0.272000
v -0.263500 0.283046 -0.260000
v -0.272500 0.283046 -0.260000
v -0.272500 0.496954 -0.260000
v -0.263500 0.496954 -0.260000
v -0.272500 0.283046 -0.260000
v -0.272500 0.283046 -0.272000
v -0.272500 0.496954 -0.272000
v -0.272500 0.496954 -0.260000
v -0.263500 0.283046 -0.272000
v -0.263500 0.283046 -0.260000
v -0.263500 0.496954 -0.260000
v -0.263500 0.496954 -0.272000
v -0.272500 0.496954 -0.272000
v -0.263500 0.496954 -0.272000
v -0.263500 0.496954 -0.260000
v -0.272500 0.496954 -0.260000
v -0.272500 0.283046 -0.260000
v -0.263500 0.283046 -0.260000
v -0.263500 0.283046 -0.272000
v -0.272500 0.283046 -0.272000
v -0.246500 0.271564 -0.272000
v -0.237500 0.271564 -0.272000
v -0.237500 0.508436 -0.272000
v -0.246500 0.508436 -0.272000
v -0.237500 0.271564 -0.260000
v -0.246500 0.271564 -0.260000
v -0.246500 0.508436 -0.260000
v -0.237500 0.508436 -0.260000
v -0.246500 0.271564 -0.260000
v -0.246500 0.271564 -0.272000
v -0.246500 0.508436 -0.272000
v -0.246500 0.508436 -0.260000
v -0.237500 0.271564 -0.272000
v -0.237500 0.271564 -0.260000
v -0.237500 0.508436 -0.260000
v -0.237500 0.508436 -0.272000
v -0.246500 0.508436 -0.272000
v -0.237500 0.508436 -0.272000
v -0.237500 0.508436 -0.260000
v -0.246500 0.508436 -0.260000
v -0.246500 0.271564 -0.260000
v -0.237500 0.271564 -0.260000
v -0.237500 0.271564 -0.272000
v -0.246500 0.271564 -0.272000
v -0.220500 0.265181 -0.272000
v -0.211500 0.265181 -0.272000
v -0.211500 0.514819 -0.272000
v -0.220500 0.514819 -0.272000
v -0.211500 0.265181 -0.260000
v -0.220500 0.265181 -0.260000
v -0.220500 0.514819 -0.260000
v -0.211500 0.514819 -0.260000
v -0.220500 0.265181 -0.260000
v -0.220500 0.265181 -0.272000
v -0.220500 0.514819 -0.272000
v -0.220500 0.514819 -0.260000
v -0.211500 0.265181 -0.272000
v -0.211500 0.265181 -0.260000
v -0.211500 0.514819 -0.260000
v -0.211500 0.514819 -0.272000
v -0.220500 0.514819 -0.272000
v -0.211500 0.514819 -0.272000
v -0.211500 0.514819 -0.260000
v -0.220500 0.514819 -0.260000
v -0.220500 0.265181 -0.260000
v -0.211500 0.265181 -0.260000
v -0.211500 0.265181 -0.272000
v -0.220500 0.265181 -0.272000
v -0.194500 0.263125 -0.272000
v -0.185500 0.263125 -0.272000
v -0.185500 0.516875 -0.272000
v -0.194500 0.516875 -0.272000
v -0.185500 0.263125 -0.260000
v -0.194500 0.263125 -0.260000
v -0.194500 0.516875 -0.260000
v -0.185500 0.516875 -0.260000
v -0.194500 0.263125 -0.260000
v -0.194500 0.263125 -0.272000
v -0.194500 0.516875 -0.272000
v -0.194500 0.516875 -0.260000
v -0.185500 0.263125 -0.272000
v -0.185500 0.263125 -0.260000
v -0.185500 0.516875 -0.260000
v -0.185500 0.516875 -0.272000
v -0.194500 0.516875 -0.272000
v -0.185500 0.516875 -0.272000
v -0.185500 0.516875 -0.260000
v -0.194500 0.516875 -0.260000
v -0.194500 0.263125 -0.260000
v -0.185500 0.263125 -0.260000
v -0.185500 0.263125 -0.272000
v -0.194500 0.263125 -0.272000
v -0.168500 0.265181 -0.272000
v -0.159500 0.265181 -0.272000
v -0.159500 0.514819 -0.272000
v -0.168500 0.514819 -0.272000
v -0.159500 0.265181 -0.260000
v -0.168500 0.265181 -0.260000
v -0.168500 0.514819 -0.260000
v -0.159500 0.514819 -0.260000
v -0.168500 0.265181 -0.260000
v -0.168500 0.265181 -0.272000
v -0.168500 0.514819 -0.272000
v -0.168500 0.514819 -0.260000
v -0.159500 0.265181 -0.272000
v -0.159500 0.265181 -0.260000
v -0.159500 0.514819 -0.260000
v -0.159500 0.514819 -0.272000
v -0.168500 0.514819 -0.272000
v -0.159500 0.514819 -0.272000
v -0.159500 0.514819 -0.260000
v -0.168500 0.514819 -0.260000
v -0.168500 0.265181 -0.260000
v -0.159500 0.265181 -0.260000
v -0.159500 0.265181 -0.272000
v -0.168500 0.265181 -0.272000
v -0.142500 0.271564 -0.272000
v -0.133500 0.271564 -0.272000
v -0.133500 0.508436 -0.272000
v -0.142500 0.508436 -0.272000
v -0.133500 0.271564 -0.260000
v -0.142500 0.271564 -0.260000
v -0.142500 0.508436 -0.260000
v -0.133500 0.508436 -0.260000
v -0.142500 0.271564 -0.260000
v -0.142500 0.271564 -0.272000
v -0.142500 0.508436 -0.272000
v -0.142500 0.508436 -0.260000
v -0.133500 0.271564 -0.272000
v -0.133500 0.271564 -0.260000
v -0.133500 0.508436 -0.260000
v -0.133500 0.508436 -0.272000
v -0.142500 0.508436 -0.272000
v -0.133500 0.508436 -0.272000
v -0.133500 0.508436 -0.260000
v -0.142500 0.508436 -0.260000
v -0.142500 0.271564 -0.260000
v -0.133500 0.271564 -0.260000
v -0.133500 0.271564 -0.272000
v -0.142500 0.271564 -0.272000
v -0.116500 0.283046 -0.272000
v -0.107500 0.283046 -0.272000
v -0.107500 0.496954 -0.272000
v -0.116500 0.496954 -0.272000
v -0.107500 0.283046 -0.260000
v -0.116500 0.283046 -0.260000
v -0.116500 0.496954 -0.260000
v -0.107500 0.496954 -0.260000
v -0.116500 0.283046 -0.260000
v -0.116500 0.283046 -0.272000
v -0.116500 0.496954 -0.272000
v -0.116500 0.496954 -0.260000
v -0.107500 0.283046 -0.272000
v -0.107500 0.283046 -0.260000
v -0.107500 0.496954 -0.260000
v -0.107500 0.496954 -0.272000
v -0.116500 0.496954 -0.272000
v -0.107500 0.496954 -0.272000
v -0.107500 0.496954 -0.260000
v -0.116500 0.496954 -0.260000
v -0.116500 0.283046 -0.260000
v -0.107500 0.283046 -0.260000
v -0.107500 0.283046 -0.272000
v -0.116500 0.283046 -0.272000
v -0.090500 0.301590 -0.272000
v -0.081500 0.301590 -0.272000
v -0.081500 0.478410 -0.272000
v -0.090500 0.478410 -0.272000
v -0.081500 0.301590 -0.260000
v -0.090500 0.301590 -0.260000
v -0.090500 0.478410 -0.260000
v -0.081500 0.478410 -0.260000
v -0.090500 0.301590 -0.260000
v -0.090500 0.301590 -0.272000
v -0.090500 0.478410 -0.272000
v -0.090500 0.478410 -0.260000
v -0.081500 0.301590 -0.272000
v -0.081500 0.301590 -0.260000
v -0.081500 0.478410 -0.260000
v -0.081500 0.478410 -0.272000
v -0.090500 0.478410 -0.272000
v -0.081500 0.478410 -0.272000
v -0.081500 0.478410 -0.260000
v -0.090500 0.478410 -0.260000
v -0.090500 0.301590 -0.260000
v -0.081500 0.301590 -0.260000
v -0.081500 0.301590 -0.272000
v -0.090500 0.301590 -0.272000
v -0.064500 0.333802 -0.272000
v -0.055500 0.333802 -0.272000
v -0.055500 0.446198 -0.272000
v -0.064500 0.446198 -0.272000
v -0.055500 0.333802 -0.260000
v -0.064500 0.333802 -0.260000
v -0.064500 0.446198 -0.260000
v -0.055500 0.446198 -0.260000
v -0.064500 0.333802 -0.260000
v -0.064500 0.333802 -0.272000
v -0.064500 0.446198 -0.272000
v -0.064500 0.446198 -0.260000
v -0.055500 0.333802 -0.272000
v -0.055500 0.333802 -0.260000
v -0.055500 0.446198 -0.260000
v -0.055500 0.446198 -0.272000
v -0.064500 0.446198 -0.272000
v -0.055500 0.446198 -0.272000
v -0.055500 0.446198 -0.260000
v -0.064500 0.446198 -0.260000
v -0.064500 0.333802 -0.260000
v -0.055500 0.333802 -0.260000
v -0.055500 0.333802 -0.272000
v -0.064500 0.333802 -0.272000
v 0.070000 0.497500 -0.257000
v 0.340000 0.497500 -0.257000
v 0.340000 0.582500 -0.257000
v 0.070000 0.582500 -0.257000
v 0.340000 0.497500 -0.239000
v 0.070000 0.497500 -0.239000
v 0.070000 0.582500 -0.239000
v 0.340000 0.582500 -0.239000
v 0.070000 0.497500 -0.239000
v 0.070000 0.497500 -0.257000
v 0.070000 0.582500 -0.257000
v 0.070000 0.582500 -0.239000
v 0.340000 0.497500 -0.257000
v 0.340000 0.497500 -0.239000
v 0.340000 0.582500 -0.239000
v 0.340000 0.582500 -0.257000
v 0.070000 0.582500 -0.257000
v 0.340000 0.582500 -0.257000
v 0.340000 0.582500 -0.239000
v 0.070000 0.582500 -0.239000
v 0.070000 0.497500 -0.239000
v 0.340000 0.497500 -0.239000
v 0.340000 0.497500 -0.257000
v 0.070000 0.497500 -0.257000
v 0.264500 0.517000 -0.265000
v 0.319500 0.517000 -0.265000
v 0.319500 0.563000 -0.265000
v 0.264500 0.563000 -0.265000
v 0.319500 0.517000 -0.253000
v 0.264500 0.517000 -0.253000
v 0.264500 0.563000 -0.253000
v 0.319500 0.563000 -0.253000
v 0.264500 0.517000 -0.253000
v 0.264500 0.517000 -0.265000
v 0.264500 0.563000 -0.265000
v 0.264500 0.563000 -0.253000
v 0.319500 0.517000 -0.265000
v 0.319500 0.517000 -0.253000
v 0.319500 0.563000 -0.253000
v 0.319500 0.563000 -0.265000
v 0.264500 0.563000 -0.265000
v 0.319500 0.563000 -0.265000
v 0.319500 0.563000 -0.253000
v 0.264500 0.563000 -0.253000
v 0.264500 0.517000 -0.253000
v 0.319500 0.517000 -0.253000
v 0.319500 0.517000 -0.265000
v 0.264500 0.517000 -0.265000
v 0.148000 0.330000 -0.225000
v 0.154140 0.356901 -0.225000
v 0.154140 0.356901 -0.285000
v 0.148000 0.330000 -0.285000
v 0.154140 0.356901 -0.225000
v 0.171344 0.378474 -0.225000
v 0.171344 0.378474 -0.285000
v 0.154140 0.356901 -0.285000
v 0.171344 0.378474 -0.225000
v 0.196204 0.390446 -0.225000
v 0.196204 0.390446 -0.285000
v 0.171344 0.378474 -0.285000
v 0.196204 0.390446 -0.225000
v 0.223796 0.390446 -0.225000
v 0.223796 0.390446 -0.285000
v 0.196204 0.390446 -0.285000
v 0.223796 0.390446 -0.225000
v 0.248656 0.378474 -0.225000
v 0.248656 0.378474 -0.285000
v 0.223796 0.390446 -0.285000
v 0.248656 0.378474 -0.225000
v 0.265860 0.356901 -0.225000
v 0.265860 0.356901 -0.285000
v 0.248656 0.378474 -0.285000
v 0.265860 0.356901 -0.225000
v 0.272000 0.330000 -0.225000
v 0.272000 0.330000 -0.285000
v 0.265860 0.356901 -0.285000
v 0.272000 0.330000 -0.225000
v 0.265860 0.303099 -0.225000
v 0.265860 0.303099 -0.285000
v 0.272000 0.330000 -0.285000
v 0.265860 0.303099 -0.225000
v 0.248656 0.281526 -0.225000
v 0.248656 0.281526 -0.285000
v 0.265860 0.303099 -0.285000
v 0.248656 0.281526 -0.225000
v 0.223796 0.269554 -0.225000
v 0.223796 0.269554 -0.285000
v 0.248656 0.281526 -0.285000
v 0.223796 0.269554 -0.225000
v 0.196204 0.269554 -0.225000
v 0.196204 0.269554 -0.285000
v 0.223796 0.269554 -0.285000
v 0.196204 0.269554 -0.225000
v 0.171344 0.281526 -0.225000
v 0.171344 0.281526 -0.285000
v 0.196204 0.269554 -0.285000
v 0.171344 0.281526 -0.225000
v 0.154140 0.303099 -0.225000
v 0.154140 0.303099 -0.285000
v 0.171344 0.281526 -0.285000
v 0.154140 0.303099 -0.225000
v 0.148000 0.330000 -0.225000
v 0.148000 0.330000 -0.285000
v 0.154140 0.303099 -0.285000
v 0.210000 0.330000 -0.225000
v 0.148000 0.330000 -0.225000
v 0.154140 0.356901 -0.225000
v 0.154140 0.356901 -0.225000
v 0.171344 0.378474 -0.225000
v 0.171344 0.378474 -0.225000
v 0.196204 0.390446 -0.225000
v 0.196204 0.390446 -0.225000
v 0.223796 0.390446 -0.225000
v 0.223796 0.390446 -0.225000
v 0.248656 0.378474 -0.225000
v 0.248656 0.378474 -0.225000
v 0.265860 0.356901 -0.225000
v 0.265860 0.356901 -0.225000
v 0.272000 0.330000 -0.225000
v 0.272000 0.330000 -0.225000
v 0.265860 0.303099 -0.225000
v 0.265860 0.303099 -0.225000
v 0.248656 0.281526 -0.225000
v 0.248656 0.281526 -0.225000
v 0.223796 0.269554 -0.225000
v 0.223796 0.269554 -0.225000
v 0.196204 0.269554 -0.225000
v 0.196204 0.269554 -0.225000
v 0.171344 0.281526 -0.225000
v 0.171344 0.281526 -0.225000
v 0.154140 0.303099 -0.225000
v 0.154140 0.303099 -0.225000
v 0.148000 0.330000 -0.225000
v 0.210000 0.330000 -0.285000
v 0.148000 0.330000 -0.285000
v 0.154140 0.356901 -0.285000
v 0.154140 0.356901 -0.285000
v 0.171344 0.378474 -0.285000
v 0.171344 0.378474 -0.285000
v 0.196204 0.390446 -0.285000
v 0.196204 0.390446 -0.285000
v 0.223796 0.390446 -0.285000
v 0.223796 0.390446 -0.285000
v 0.248656 0.378474 -0.285000
v 0.248656 0.378474 -0.285000
v 0.265860 0.356901 -0.285000
v 0.265860 0.356901 -0.285000
v 0.272000 0.330000 -0.285000
v 0.272000 0.330000 -0.285000
v 0.265860 0.303099 -0.285000
v 0.265860 0.303099 -0.285000
v 0.248656 0.281526 -0.285000
v 0.248656 0.281526 -0.285000
v 0.223796 0.269554 -0.285000
v 0.223796 0.269554 -0.285000
v 0.196204 0.269554 -0.285000
v 0.196204 0.269554 -0.285000
v 0.171344 0.281526 -0.285000
v 0.171344 0.281526 -0.285000
v 0.154140 0.303099 -0.285000
v 0.154140 0.303099 -0.285000
v 0.148000 0.330000 -0.285000
v 0.214471 0.286267 -0.294000
v 0.227994 0.289891 -0.294000
v 0.205529 0.373733 -0.294000
v 0.192006 0.370109 -0.294000
v 0.227994 0.289891 -0.284000
v 0.214471 0.286267 -0.284000
v 0.192006 0.370109 -0.284000
v 0.205529 0.373733 -0.284000
v 0.214471 0.286267 -0.284000
v 0.214471 0.286267 -0.294000
v 0.192006 0.370109 -0.294000
v 0.192006 0.370109 -0.284000
v 0.227994 0.289891 -0.294000
v 0.227994 0.289891 -0.284000
v 0.205529 0.373733 -0.284000
v 0.205529 0.373733 -0.294000
v 0.192006 0.370109 -0.294000
v 0.205529 0.373733 -0.294000
v 0.205529 0.373733 -0.284000
v 0.192006 0.370109 -0.284000
v 0.214471 0.286267 -0.284000
v 0.227994 0.289891 -0.284000
v 0.227994 0.289891 -0.294000
v 0.214471 0.286267 -0.294000
v 0.285000 0.330000 -0.225000
v 0.289952 0.351694 -0.225000
v 0.289952 0.351694 -0.285000
v 0.285000 0.330000 -0.285000
v 0.289952 0.351694 -0.225000
v 0.303826 0.369092 -0.225000
v 0.303826 0.369092 -0.285000
v 0.289952 0.351694 -0.285000
v 0.303826 0.369092 -0.225000
v 0.323874 0.378746 -0.225000
v 0.323874 0.378746 -0.285000
v 0.303826 0.369092 -0.285000
v 0.323874 0.378746 -0.225000
v 0.346126 0.378746 -0.225000
v 0.346126 0.378746 -0.285000
v 0.323874 0.378746 -0.285000
v 0.346126 0.378746 -0.225000
v 0.366174 0.369092 -0.225000
v 0.366174 0.369092 -0.285000
v 0.346126 0.378746 -0.285000
v 0.366174 0.369092 -0.225000
v 0.380048 0.351694 -0.225000
v 0.380048 0.351694 -0.285000
v 0.366174 0.369092 -0.285000
v 0.380048 0.351694 -0.225000
v 0.385000 0.330000 -0.225000
v 0.385000 0.330000 -0.285000
v 0.380048 0.351694 -0.285000
v 0.385000 0.330000 -0.225000
v 0.380048 0.308306 -0.225000
v 0.380048 0.308306 -0.285000
v 0.385000 0.330000 -0.285000
v 0.380048 0.308306 -0.225000
v 0.366174 0.290908 -0.225000
v 0.366174 0.290908 -0.285000
v 0.380048 0.308306 -0.285000
v 0.366174 0.290908 -0.225000
v 0.346126 0.281254 -0.225000
v 0.346126 0.281254 -0.285000
v 0.366174 0.290908 -0.285000
v 0.346126 0.281254 -0.225000
v 0.323874 0.281254 -0.225000
v 0.323874 0.281254 -0.285000
v 0.346126 0.281254 -0.285000
v 0.323874 0.281254 -0.225000
v 0.303826 0.290908 -0.225000
v 0.303826 0.290908 -0.285000
v 0.323874 0.281254 -0.285000
v 0.303826 0.290908 -0.225000
v 0.289952 0.308306 -0.225000
v 0.289952 0.308306 -0.285000
v 0.303826 0.290908 -0.285000
v 0.289952 0.308306 -0.225000
v 0.285000 0.330000 -0.225000
v 0.285000 0.330000 -0.285000
v 0.289952 0.308306 -0.285000
v 0.335000 0.330000 -0.225000
v 0.285000 0.330000 -0.225000
v 0.289952 0.351694 -0.225000
v 0.289952 0.351694 -0.225000
v 0.303826 0.369092 -0.225000
v 0.303826 0.369092 -0.225000
v 0.323874 0.378746 -0.225000
v 0.323874 0.378746 -0.225000
v 0.346126 0.378746 -0.225000
v 0.346126 0.378746 -0.225000
v 0.366174 0.369092 -0.225000
v 0.366174 0.369092 -0.225000
v 0.380048 0.351694 -0.225000
v 0.380048 0.351694 -0.225000
v 0.385000 0.330000 -0.225000
v 0.385000 0.330000 -0.225000
v 0.380048 0.308306 -0.225000
v 0.380048 0.308306 -0.225000
v 0.366174 0.290908 -0.225000
v 0.366174 0.290908 -0.225000
v 0.346126 0.281254 -0.225000
v 0.346126 0.281254 -0.225000
v 0.323874 0.281254 -0.225000
v 0.323874 0.281254 -0.225000
v 0.303826 0.290908 -0.225000
v 0.303826 0.290908 -0.225000
v 0.289952 0.308306 -0.225000
v 0.289952 0.308306 -0.225000
v 0.285000 0.330000 -0.225000
v 0.335000 0.330000 -0.285000
v 0.285000 0.330000 -0.285000
v 0.289952 0.351694 -0.285000
v 0.289952 0.351694 -0.285000
v 0.303826 0.369092 -0.285000
v 0.303826 0.369092 -0.285000
v 0.323874 0.378746 -0.285000
v 0.323874 0.378746 -0.285000
v 0.346126 0.378746 -0.285000
v 0.346126 0.378746 -0.285000
v 0.366174 0.369092 -0.285000
v 0.366174 0.369092 -0.285000
v 0.380048 0.351694 -0.285000
v 0.380048 0.351694 -0.285000
v 0.385000 0.330000 -0.285000
v 0.385000 0.330000 -0.285000
v 0.380048 0.308306 -0.285000
v 0.380048 0.308306 -0.285000
v 0.366174 0.290908 -0.285000
v 0.366174 0.290908 -0.285000
v 0.346126 0.281254 -0.285000
v 0.346126 0.281254 -0.285000
v 0.323874 0.281254 -0.285000
v 0.323874 0.281254 -0.285000
v 0.303826 0.290908 -0.285000
v 0.303826 0.290908 -0.285000
v 0.289952 0.308306 -0.285000
v 0.289952 0.308306 -0.285000
v 0.285000 0.330000 -0.285000
v 0.314369 0.300873 -0.294000
v 0.327159 0.295179 -0.294000
v 0.355631 0.359127 -0.294000
v 0.342841 0.364821 -0.294000
v 0.327159 0.295179 -0.284000
v 0.314369 0.300873 -0.284000
v 0.342841 0.364821 -0.284000
v 0.355631 0.359127 -0.284000
v 0.314369 0.300873 -0.284000
v 0.314369 0.300873 -0.294000
v 0.342841 0.364821 -0.294000
v 0.342841 0.364821 -0.284000
v 0.327159 0.295179 -0.294000
v 0.327159 0.295179 -0.284000
v 0.355631 0.359127 -0.284000
v 0.355631 0.359127 -0.294000
v 0.342841 0.364821 -0.294000
v 0.355631 0.359127 -0.294000
v 0.355631 0.359127 -0.284000
v 0.342841 0.364821 -0.284000
v 0.314369 0.300873 -0.284000
v 0.327159 0.295179 -0.284000
v 0.327159 0.295179 -0.294000
v 0.314369 0.300873 -0.294000
v -0.290000 0.740000 0.024000
v -0.273029 0.740000 0.016971
v -0.273029 0.880000 0.016971
v -0.290000 0.880000 0.024000
v -0.273029 0.740000 0.016971
v -0.266000 0.740000 0.000000
v -0.266000 0.880000 0.000000
v -0.273029 0.880000 0.016971
v -0.266000 0.740000 0.000000
v -0.273029 0.740000 -0.016971
v -0.273029 0.880000 -0.016971
v -0.266000 0.880000 0.000000
v -0.273029 0.740000 -0.016971
v -0.290000 0.740000 -0.024000
v -0.290000 0.880000 -0.024000
v -0.273029 0.880000 -0.016971
v -0.290000 0.740000 -0.024000
v -0.306971 0.740000 -0.016971
v -0.306971 0.880000 -0.016971
v -0.290000 0.880000 -0.024000
v -0.306971 0.740000 -0.016971
v -0.314000 0.740000 -0.000000
v -0.314000 0.880000 -0.000000
v -0.306971 0.880000 -0.016971
v -0.314000 0.740000 -0.000000
v -0.306971 0.740000 0.016971
v -0.306971 0.880000 0.016971
v -0.314000 0.880000 -0.000000
v -0.306971 0.740000 0.016971
v -0.290000 0.740000 0.024000
v -0.290000 0.880000 0.024000
v -0.306971 0.880000 0.016971
v -0.290000 0.740000 0.000000
v -0.290000 0.740000 0.024000
v -0.273029 0.740000 0.016971
v -0.273029 0.740000 0.016971
v -0.266000 0.740000 0.000000
v -0.266000 0.740000 0.000000
v -0.273029 0.740000 -0.016971
v -0.273029 0.740000 -0.016971
v -0.290000 0.740000 -0.024000
v -0.290000 0.740000 -0.024000
v -0.306971 0.740000 -0.016971
v -0.306971 0.740000 -0.016971
v -0.314000 0.740000 -0.000000
v -0.314000 0.740000 -0.000000
v -0.306971 0.740000 0.016971
v -0.306971 0.740000 0.016971
v -0.290000 0.740000 0.024000
v -0.290000 0.880000 0.000000
v -0.290000 0.880000 0.024000
v -0.273029 0.880000 0.016971
v -0.273029 0.880000 0.016971
v -0.266000 0.880000 0.000000
v -0.266000 0.880000 0.000000
v -0.273029 0.880000 -0.016971
v -0.273029 0.880000 -0.016971
v -0.290000 0.880000 -0.024000
v -0.290000 0.880000 -0.024000
v -0.306971 0.880000 -0.016971
v -0.306971 0.880000 -0.016971
v -0.314000 0.880000 -0.000000
v -0.314000 0.880000 -0.000000
v -0.306971 0.880000 0.016971
v -0.306971 0.880000 0.016971
v -0.290000 0.880000 0.024000
v 0.290000 0.740000 0.024000
v 0.306971 0.740000 0.016971
v 0.306971 0.880000 0.016971
v 0.290000 0.880000 0.024000
v 0.306971 0.740000 0.016971
v 0.314000 0.740000 0.000000
v 0.314000 0.880000 0.000000
v 0.306971 0.880000 0.016971
v 0.314000 0.740000 0.000000
v 0.306971 0.740000 -0.016971
v 0.306971 0.880000 -0.016971
v 0.314000 0.880000 0.000000
v 0.306971 0.740000 -0.016971
v 0.290000 0.740000 -0.024000
v 0.290000 0.880000 -0.024000
v 0.306971 0.880000 -0.016971
v 0.290000 0.740000 -0.024000
v 0.273029 0.740000 -0.016971
v 0.273029 0.880000 -0.016971
v 0.290000 0.880000 -0.024000
v 0.273029 0.740000 -0.016971
v 0.266000 0.740000 -0.000000
v 0.266000 0.880000 -0.000000
v 0.273029 0.880000 -0.016971
v 0.266000 0.740000 -0.000000
v 0.273029 0.740000 0.016971
v 0.273029 0.880000 0.016971
v 0.266000 0.880000 -0.000000
v 0.273029 0.740000 0.016971
v 0.290000 0.740000 0.024000
v 0.290000 0.880000 0.024000
v 0.273029 0.880000 0.016971
v 0.290000 0.740000 0.000000
v 0.290000 0.740000 0.024000
v 0.306971 0.740000 0.016971
v 0.306971 0.740000 0.016971
v 0.314000 0.740000 0.000000
v 0.314000 0.740000 0.000000
v 0.306971 0.740000 -0.016971
v 0.306971 0.740000 -0.016971
v 0.290000 0.740000 -0.024000
v 0.290000 0.740000 -0.024000
v 0.273029 0.740000 -0.016971
v 0.273029 0.740000 -0.016971
v 0.266000 0.740000 -0.000000
v 0.266000 0.740000 -0.000000
v 0.273029 0.740000 0.016971
v 0.273029 0.740000 0.016971
v 0.290000 0.740000 0.024000
v 0.290000 0.880000 0.000000
v 0.290000 0.880000 0.024000
v 0.306971 0.880000 0.016971
v 0.306971 0.880000 0.016971
v 0.314000 0.880000 0.000000
v 0.314000 0.880000 0.000000
v 0.306971 0.880000 -0.016971
v 0.306971 0.880000 -0.016971
v 0.290000 0.880000 -0.024000
v 0.290000 0.880000 -0.024000
v 0.273029 0.880000 -0.016971
v 0.273029 0.880000 -0.016971
v 0.266000 0.880000 -0.000000
v 0.266000 0.880000 -0.000000
v 0.273029 0.880000 0.016971
v 0.273029 0.880000 0.016971
v 0.290000 0.880000 0.024000
v -0.290000 0.880000 -0.027000
v -0.290000 0.899092 -0.019092
v 0.290000 0.899092 -0.019092
v 0.290000 0.880000 -0.027000
v -0.290000 0.899092 -0.019092
v -0.290000 0.907000 -0.000000
v 0.290000 0.907000 -0.000000
v 0.290000 0.899092 -0.019092
v -0.290000 0.907000 -0.000000
v -0.290000 0.899092 0.019092
v 0.290000 0.899092 0.019092
v 0.290000 0.907000 -0.000000
v -0.290000 0.899092 0.019092
v -0.290000 0.880000 0.027000
v 0.290000 0.880000 0.027000
v 0.290000 0.899092 0.019092
v -0.290000 0.880000 0.027000
v -0.290000 0.860908 0.019092
v 0.290000 0.860908 0.019092
v 0.290000 0.880000 0.027000
v -0.290000 0.860908 0.019092
v -0.290000 0.853000 0.000000
v 0.290000 0.853000 0.000000
v 0.290000 0.860908 0.019092
v -0.290000 0.853000 0.000000
v -0.290000 0.860908 -0.019092
v 0.290000 0.860908 -0.019092
v 0.290000 0.853000 0.000000
v -0.290000 0.860908 -0.019092
v -0.290000 0.880000 -0.027000
v 0.290000 0.880000 -0.027000
v 0.290000 0.860908 -0.019092
v -0.290000 0.880000 0.000000
v -0.290000 0.880000 -0.027000
v -0.290000 0.899092 -0.019092
v -0.290000 0.899092 -0.019092
v -0.290000 0.907000 -0.000000
v -0.290000 0.907000 -0.000000
v -0.290000 0.899092 0.019092
v -0.290000 0.899092 0.019092
v -0.290000 0.880000 0.027000
v -0.290000 0.880000 0.027000
v -0.290000 0.860908 0.019092
v -0.290000 0.860908 0.019092
v -0.290000 0.853000 0.000000
v -0.290000 0.853000 0.000000
v -0.290000 0.860908 -0.019092
v -0.290000 0.860908 -0.019092
v -0.290000 0.880000 -0.027000
v 0.290000 0.880000 0.000000
v 0.290000 0.880000 -0.027000
v 0.290000 0.899092 -0.019092
v 0.290000 0.899092 -0.019092
v 0.290000 0.907000 -0.000000
v 0.290000 0.907000 -0.000000
v 0.290000 0.899092 0.019092
v 0.290000 0.899092 0.019092
v 0.290000 0.880000 0.027000
v 0.290000 0.880000 0.027000
v 0.290000 0.860908 0.019092
v 0.290000 0.860908 0.019092
v 0.290000 0.853000 0.000000
v 0.290000 0.853000 0.000000
v 0.290000 0.860908 -0.019092
v 0.290000 0.860908 -0.019092
v 0.290000 0.880000 -0.027000
v -0.340000 0.720000 0.038000
v -0.327272 0.720000 0.032728
v -0.327272 1.050000 0.032728
v -0.340000 1.050000 0.038000
v -0.327272 0.720000 0.032728
v -0.322000 0.720000 0.020000
v -0.322000 1.050000 0.020000
v -0.327272 1.050000 0.032728
v -0.322000 0.720000 0.020000
v -0.327272 0.720000 0.007272
v -0.327272 1.050000 0.007272
v -0.322000 1.050000 0.020000
v -0.327272 0.720000 0.007272
v -0.340000 0.720000 0.002000
v -0.340000 1.050000 0.002000
v -0.327272 1.050000 0.007272
v -0.340000 0.720000 0.002000
v -0.352728 0.720000 0.007272
v -0.352728 1.050000 0.007272
v -0.340000 1.050000 0.002000
v -0.352728 0.720000 0.007272
v -0.358000 0.720000 0.020000
v -0.358000 1.050000 0.020000
v -0.352728 1.050000 0.007272
v -0.358000 0.720000 0.020000
v -0.352728 0.720000 0.032728
v -0.352728 1.050000 0.032728
v -0.358000 1.050000 0.020000
v -0.352728 0.720000 0.032728
v -0.340000 0.720000 0.038000
v -0.340000 1.050000 0.038000
v -0.352728 1.050000 0.032728
v -0.340000 0.720000 0.020000
v -0.340000 0.720000 0.038000
v -0.327272 0.720000 0.032728
v -0.327272 0.720000 0.032728
v -0.322000 0.720000 0.020000
v -0.322000 0.720000 0.020000
v -0.327272 0.720000 0.007272
v -0.327272 0.720000 0.007272
v -0.340000 0.720000 0.002000
v -0.340000 0.720000 0.002000
v -0.352728 0.720000 0.007272
v -0.352728 0.720000 0.007272
v -0.358000 0.720000 0.020000
v -0.358000 0.720000 0.020000
v -0.352728 0.720000 0.032728
v -0.352728 0.720000 0.032728
v -0.340000 0.720000 0.038000
v -0.340000 1.050000 0.020000
v -0.340000 1.050000 0.038000
v -0.327272 1.050000 0.032728
v -0.327272 1.050000 0.032728
v -0.322000 1.050000 0.020000
v -0.322000 1.050000 0.020000
v -0.327272 1.050000 0.007272
v -0.327272 1.050000 0.007272
v -0.340000 1.050000 0.002000
v -0.340000 1.050000 0.002000
v -0.352728 1.050000 0.007272
v -0.352728 1.050000 0.007272
v -0.358000 1.050000 0.020000
v -0.358000 1.050000 0.020000
v -0.352728 1.050000 0.032728
v -0.352728 1.050000 0.032728
v -0.340000 1.050000 0.038000
v -0.340000 1.049744 0.030997
v -0.331482 1.048653 0.026829
v -0.271482 1.478653 0.036829
v -0.280000 1.479744 0.040997
v -0.331482 1.048653 0.026829
v -0.329379 1.048576 0.017518
v -0.269379 1.478576 0.027518
v -0.271482 1.478653 0.036829
v -0.329379 1.048576 0.017518
v -0.335273 1.049571 0.010077
v -0.275273 1.479571 0.020077
v -0.269379 1.478576 0.027518
v -0.335273 1.049571 0.010077
v -0.344727 1.050890 0.010107
v -0.284727 1.480890 0.020107
v -0.275273 1.479571 0.020077
v -0.344727 1.050890 0.010107
v -0.350621 1.051538 0.017587
v -0.290621 1.481538 0.027587
v -0.284727 1.480890 0.020107
v -0.350621 1.051538 0.017587
v -0.348518 1.051028 0.026884
v -0.288518 1.481028 0.036884
v -0.290621 1.481538 0.027587
v -0.348518 1.051028 0.026884
v -0.340000 1.049744 0.030997
v -0.280000 1.479744 0.040997
v -0.288518 1.481028 0.036884
v -0.340000 1.050000 0.020000
v -0.340000 1.049744 0.030997
v -0.331482 1.048653 0.026829
v -0.331482 1.048653 0.026829
v -0.329379 1.048576 0.017518
v -0.329379 1.048576 0.017518
v -0.335273 1.049571 0.010077
v -0.335273 1.049571 0.010077
v -0.344727 1.050890 0.010107
v -0.344727 1.050890 0.010107
v -0.350621 1.051538 0.017587
v -0.350621 1.051538 0.017587
v -0.348518 1.051028 0.026884
v -0.348518 1.051028 0.026884
v -0.340000 1.049744 0.030997
v -0.280000 1.480000 0.030000
v -0.280000 1.479744 0.040997
v -0.271482 1.478653 0.036829
v -0.271482 1.478653 0.036829
v -0.269379 1.478576 0.027518
v -0.269379 1.478576 0.027518
v -0.275273 1.479571 0.020077
v -0.275273 1.479571 0.020077
v -0.284727 1.480890 0.020107
v -0.284727 1.480890 0.020107
v -0.290621 1.481538 0.027587
v -0.290621 1.481538 0.027587
v -0.288518 1.481028 0.036884
v -0.288518 1.481028 0.036884
v -0.280000 1.479744 0.040997
v -0.096034 0.577510 -0.280000
v 0.200420 0.668145 -0.280000
v 0.196034 0.682490 -0.280000
v -0.100420 0.591855 -0.280000
v 0.200420 0.668145 -0.268000
v -0.096034 0.577510 -0.268000
v -0.100420 0.591855 -0.268000
v 0.196034 0.682490 -0.268000
v -0.096034 0.577510 -0.268000
v -0.096034 0.577510 -0.280000
v -0.100420 0.591855 -0.280000
v -0.100420 0.591855 -0.268000
v 0.200420 0.668145 -0.280000
v 0.200420 0.668145 -0.268000
v 0.196034 0.682490 -0.268000
v 0.196034 0.682490 -0.280000
v -0.100420 0.591855 -0.280000
v 0.196034 0.682490 -0.280000
v 0.196034 0.682490 -0.268000
v -0.100420 0.591855 -0.268000
v -0.096034 0.577510 -0.268000
v 0.200420 0.668145 -0.268000
v 0.200420 0.668145 -0.280000
v -0.096034 0.577510 -0.280000
v 0.127191 0.170000 -0.257491
v 0.133647 0.175885 -0.254008
v 0.293647 0.035885 -0.314008
v 0.287191 0.030000 -0.317491
v 0.133647 0.175885 -0.254008
v 0.135063 0.173637 -0.244986
v 0.295063 0.033637 -0.304986
v 0.293647 0.035885 -0.314008
v 0.135063 0.173637 -0.244986
v 0.129482 0.166363 -0.242894
v 0.289482 0.026363 -0.302894
v 0.295063 0.033637 -0.304986
v 0.129482 0.166363 -0.242894
v 0.124617 0.164115 -0.250622
v 0.284617 0.024115 -0.310622
v 0.289482 0.026363 -0.302894
v 0.124617 0.164115 -0.250622
v 0.127191 0.170000 -0.257491
v 0.287191 0.030000 -0.317491
v 0.284617 0.024115 -0.310622
v 0.130000 0.170000 -0.250000
v 0.127191 0.170000 -0.257491
v 0.133647 0.175885 -0.254008
v 0.133647 0.175885 -0.254008
v 0.135063 0.173637 -0.244986
v 0.135063 0.173637 -0.244986
v 0.129482 0.166363 -0.242894
v 0.129482 0.166363 -0.242894
v 0.124617 0.164115 -0.250622
v 0.124617 0.164115 -0.250622
v 0.127191 0.170000 -0.257491
v 0.290000 0.030000 -0.310000
v 0.287191 0.030000 -0.317491
v 0.293647 0.035885 -0.314008
v 0.293647 0.035885 -0.314008
v 0.295063 0.033637 -0.304986
v 0.295063 0.033637 -0.304986
v 0.289482 0.026363 -0.302894
v 0.289482 0.026363 -0.302894
v 0.284617 0.024115 -0.310622
v 0.284617 0.024115 -0.310622
v 0.287191 0.030000 -0.317491
v -0.150000 1.010000 0.000000
v -0.150000 1.000451 0.029389
v -0.160000 0.992361 0.023511
v -0.160000 1.000000 0.000000
v -0.160000 1.000000 0.000000
v -0.160000 0.992361 0.023511
v -0.150000 0.984271 0.017634
v -0.150000 0.990000 0.000000
v -0.150000 0.990000 0.000000
v -0.150000 0.984271 0.017634
v -0.140000 0.992361 0.023511
v -0.140000 1.000000 0.000000
v -0.140000 1.000000 0.000000
v -0.140000 0.992361 0.023511
v -0.150000 1.000451 0.029389
v -0.150000 1.010000 0.000000
v -0.150000 1.000451 0.029389
v -0.150000 0.975451 0.047553
v -0.160000 0.972361 0.038042
v -0.160000 0.992361 0.023511
v -0.160000 0.992361 0.023511
v -0.160000 0.972361 0.038042
v -0.150000 0.969271 0.028532
v -0.150000 0.984271 0.017634
v -0.150000 0.984271 0.017634
v -0.150000 0.969271 0.028532
v -0.140000 0.972361 0.038042
v -0.140000 0.992361 0.023511
v -0.140000 0.992361 0.023511
v -0.140000 0.972361 0.038042
v -0.150000 0.975451 0.047553
v -0.150000 1.000451 0.029389
v -0.150000 0.975451 0.047553
v -0.150000 0.944549 0.047553
v -0.160000 0.947639 0.038042
v -0.160000 0.972361 0.038042
v -0.160000 0.972361 0.038042
v -0.160000 0.947639 0.038042
v -0.150000 0.950729 0.028532
v -0.150000 0.969271 0.028532
v -0.150000 0.969271 0.028532
v -0.150000 0.950729 0.028532
v -0.140000 0.947639 0.038042
v -0.140000 0.972361 0.038042
v -0.140000 0.972361 0.038042
v -0.140000 0.947639 0.038042
v -0.150000 0.944549 0.047553
v -0.150000 0.975451 0.047553
v -0.150000 0.944549 0.047553
v -0.150000 0.919549 0.029389
v -0.160000 0.927639 0.023511
v -0.160000 0.947639 0.038042
v -0.160000 0.947639 0.038042
v -0.160000 0.927639 0.023511
v -0.150000 0.935729 0.017634
v -0.150000 0.950729 0.028532
v -0.150000 0.950729 0.028532
v -0.150000 0.935729 0.017634
v -0.140000 0.927639 0.023511
v -0.140000 0.947639 0.038042
v -0.140000 0.947639 0.038042
v -0.140000 0.927639 0.023511
v -0.150000 0.919549 0.029389
v -0.150000 0.944549 0.047553
v -0.150000 0.919549 0.029389
v -0.150000 0.910000 0.000000
v -0.160000 0.920000 0.000000
v -0.160000 0.927639 0.023511
v -0.160000 0.927639 0.023511
v -0.160000 0.920000 0.000000
v -0.150000 0.930000 0.000000
v -0.150000 0.935729 0.017634
v -0.150000 0.935729 0.017634
v -0.150000 0.930000 0.000000
v -0.140000 0.920000 0.000000
v -0.140000 0.927639 0.023511
v -0.140000 0.927639 0.023511
v -0.140000 0.920000 0.000000
v -0.150000 0.910000 0.000000
v -0.150000 0.919549 0.029389
v -0.150000 0.910000 0.000000
v -0.150000 0.919549 -0.029389
v -0.160000 0.927639 -0.023511
v -0.160000 0.920000 0.000000
v -0.160000 0.920000 0.000000
v -0.160000 0.927639 -0.023511
v -0.150000 0.935729 -0.017634
v -0.150000 0.930000 0.000000
v -0.150000 0.930000 0.000000
v -0.150000 0.935729 -0.017634
v -0.140000 0.927639 -0.023511
v -0.140000 0.920000 0.000000
v -0.140000 0.920000 0.000000
v -0.140000 0.927639 -0.023511
v -0.150000 0.919549 -0.029389
v -0.150000 0.910000 0.000000
v -0.150000 0.919549 -0.029389
v -0.150000 0.944549 -0.047553
v -0.160000 0.947639 -0.038042
v -0.160000 0.927639 -0.023511
v -0.160000 0.927639 -0.023511
v -0.160000 0.947639 -0.038042
v -0.150000 0.950729 -0.028532
v -0.150000 0.935729 -0.017634
v -0.150000 0.935729 -0.017634
v -0.150000 0.950729 -0.028532
v -0.140000 0.947639 -0.038042
v -0.140000 0.927639 -0.023511
v -0.140000 0.927639 -0.023511
v -0.140000 0.947639 -0.038042
v -0.150000 0.944549 -0.047553
v -0.150000 0.919549 -0.029389
v -0.150000 0.944549 -0.047553
v -0.150000 0.975451 -0.047553
v -0.160000 0.972361 -0.038042
v -0.160000 0.947639 -0.038042
v -0.160000 0.947639 -0.038042
v -0.160000 0.972361 -0.038042
v -0.150000 0.969271 -0.028532
v -0.150000 0.950729 -0.028532
v -0.150000 0.950729 -0.028532
v -0.150000 0.969271 -0.028532
v -0.140000 0.972361 -0.038042
v -0.140000 0.947639 -0.038042
v -0.140000 0.947639 -0.038042
v -0.140000 0.972361 -0.038042
v -0.150000 0.975451 -0.047553
v -0.150000 0.944549 -0.047553
v -0.150000 0.975451 -0.047553
v -0.150000 1.000451 -0.029389
v -0.160000 0.992361 -0.023511
v -0.160000 0.972361 -0.038042
v -0.160000 0.972361 -0.038042
v -0.160000 0.992361 -0.023511
v -0.150000 0.984271 -0.017634
v -0.150000 0.969271 -0.028532
v -0.150000 0.969271 -0.028532
v -0.150000 0.984271 -0.017634
v -0.140000 0.992361 -0.023511
v -0.140000 0.972361 -0.038042
v -0.140000 0.972361 -0.038042
v -0.140000 0.992361 -0.023511
v -0.150000 1.000451 -0.029389
v -0.150000 0.975451 -0.047553
v -0.150000 1.000451 -0.029389
v -0.150000 1.010000 0.000000
v -0.160000 1.000000 0.000000
v -0.160000 0.992361 -0.023511
v -0.160000 0.992361 -0.023511
v -0.160000 1.000000 0.000000
v -0.150000 0.990000 0.000000
v -0.150000 0.984271 -0.017634
v -0.150000 0.984271 -0.017634
v -0.150000 0.990000 0.000000
v -0.140000 1.000000 0.000000
v -0.140000 0.992361 -0.023511
v -0.140000 0.992361 -0.023511
v -0.140000 1.000000 0.000000
v -0.150000 1.010000 0.000000
v -0.150000 1.000451 -0.029389
v 0.000000 1.010000 0.000000
v 0.000000 1.000451 0.029389
v -0.010000 0.992361 0.023511
v -0.010000 1.000000 0.000000
v -0.010000 1.000000 0.000000
v -0.010000 0.992361 0.023511
v 0.000000 0.984271 0.017634
v 0.000000 0.990000 0.000000
v 0.000000 0.990000 0.000000
v 0.000000 0.984271 0.017634
v 0.010000 0.992361 0.023511
v 0.010000 1.000000 0.000000
v 0.010000 1.000000 0.000000
v 0.010000 0.992361 0.023511
v 0.000000 1.000451 0.029389
v 0.000000 1.010000 0.000000
v 0.000000 1.000451 0.029389
v 0.000000 0.975451 0.047553
v -0.010000 0.972361 0.038042
v -0.010000 0.992361 0.023511
v -0.010000 0.992361 0.023511
v -0.010000 0.972361 0.038042
v -0.000000 0.969271 0.028532
v 0.000000 0.984271 0.017634
v 0.000000 0.984271 0.017634
v -0.000000 0.969271 0.028532
v 0.010000 0.972361 0.038042
v 0.010000 0.992361 0.023511
v 0.010000 0.992361 0.023511
v 0.010000 0.972361 0.038042
v 0.000000 0.975451 0.047553
v 0.000000 1.000451 0.029389
v 0.000000 0.975451 0.047553
v -0.000000 0.944549 0.047553
v -0.010000 0.947639 0.038042
v -0.010000 0.972361 0.038042
v -0.010000 0.972361 0.038042
v -0.010000 0.947639 0.038042
v -0.000000 0.950729 0.028532
v -0.000000 0.969271 0.028532
v -0.000000 0.969271 0.028532
v -0.000000 0.950729 0.028532
v 0.010000 0.947639 0.038042
v 0.010000 0.972361 0.038042
v 0.010000 0.972361 0.038042
v 0.010000 0.947639 0.038042
v -0.000000 0.944549 0.047553
v 0.000000 0.975451 0.047553
v -0.000000 0.944549 0.047553
v -0.000000 0.919549 0.029389
v -0.010000 0.927639 0.023511
v -0.010000 0.947639 0.038042
v -0.010000 0.947639 0.038042
v -0.010000 0.927639 0.023511
v -0.000000 0.935729 0.017634
v -0.000000 0.950729 0.028532
v -0.000000 0.950729 0.028532
v -0.000000 0.935729 0.017634
v 0.010000 0.927639 0.023511
v 0.010000 0.947639 0.038042
v 0.010000 0.947639 0.038042
v 0.010000 0.927639 0.023511
v -0.000000 0.919549 0.029389
v -0.000000 0.944549 0.047553
v -0.000000 0.919549 0.029389
v -0.000000 0.910000 0.000000
v -0.010000 0.920000 0.000000
v -0.010000 0.927639 0.023511
v -0.010000 0.927639 0.023511
v -0.010000 0.920000 0.000000
v -0.000000 0.930000 0.000000
v -0.000000 0.935729 0.017634
v -0.000000 0.935729 0.017634
v -0.000000 0.930000 0.000000
v 0.010000 0.920000 0.000000
v 0.010000 0.927639 0.023511
v 0.010000 0.927639 0.023511
v 0.010000 0.920000 0.000000
v -0.000000 0.910000 0.000000
v -0.000000 0.919549 0.029389
v -0.000000 0.910000 0.000000
v -0.000000 0.919549 -0.029389
v -0.010000 0.927639 -0.023511
v -0.010000 0.920000 0.000000
v -0.010000 0.920000 0.000000
v -0.010000 0.927639 -0.023511
v -0.000000 0.935729 -0.017634
v -0.000000 0.930000 0.000000
v -0.000000 0.930000 0.000000
v -0.000000 0.935729 -0.017634
v 0.010000 0.927639 -0.023511
v 0.010000 0.920000 0.000000
v 0.010000 0.920000 0.000000
v 0.010000 0.927639 -0.023511
v -0.000000 0.919549 -0.029389
v -0.000000 0.910000 0.000000
v -0.000000 0.919549 -0.029389
v -0.000000 0.944549 -0.047553
v -0.010000 0.947639 -0.038042
v -0.010000 0.927639 -0.023511
v -0.010000 0.927639 -0.023511
v -0.010000 0.947639 -0.038042
v -0.000000 0.950729 -0.028532
v -0.000000 0.935729 -0.017634
v -0.000000 0.935729 -0.017634
v -0.000000 0.950729 -0.028532
v 0.010000 0.947639 -0.038042
v 0.010000 0.927639 -0.023511
v 0.010000 0.927639 -0.023511
v 0.010000 0.947639 -0.038042
v -0.000000 0.944549 -0.047553
v -0.000000 0.919549 -0.029389
v -0.000000 0.944549 -0.047553
v 0.000000 0.975451 -0.047553
v -0.010000 0.972361 -0.038042
v -0.010000 0.947639 -0.038042
v -0.010000 0.947639 -0.038042
v -0.010000 0.972361 -0.038042
v -0.000000 0.969271 -0.028532
v -0.000000 0.950729 -0.028532
v -0.000000 0.950729 -0.028532
v -0.000000 0.969271 -0.028532
v 0.010000 0.972361 -0.038042
v 0.010000 0.947639 -0.038042
v 0.010000 0.947639 -0.038042
v 0.010000 0.972361 -0.038042
v 0.000000 0.975451 -0.047553
v -0.000000 0.944549 -0.047553
v 0.000000 0.975451 -0.047553
v 0.000000 1.000451 -0.029389
v -0.010000 0.992361 -0.023511
v -0.010000 0.972361 -0.038042
v -0.010000 0.972361 -0.038042
v -0.010000 0.992361 -0.023511
v 0.000000 0.984271 -0.017634
v -0.000000 0.969271 -0.028532
v -0.000000 0.969271 -0.028532
v 0.000000 0.984271 -0.017634
v 0.010000 0.992361 -0.023511
v 0.010000 0.972361 -0.038042
v 0.010000 0.972361 -0.038042
v 0.010000 0.992361 -0.023511
v 0.000000 1.000451 -0.029389
v 0.000000 0.975451 -0.047553
v 0.000000 1.000451 -0.029389
v 0.000000 1.010000 0.000000
v -0.010000 1.000000 0.000000
v -0.010000 0.992361 -0.023511
v -0.010000 0.992361 -0.023511
v -0.010000 1.000000 0.000000
v 0.000000 0.990000 0.000000
v 0.000000 0.984271 -0.017634
v 0.000000 0.984271 -0.017634
v 0.000000 0.990000 0.000000
v 0.010000 1.000000 0.000000
v 0.010000 0.992361 -0.023511
v 0.010000 0.992361 -0.023511
v 0.010000 1.000000 0.000000
v 0.000000 1.010000 0.000000
v 0.000000 1.000451 -0.029389
v 0.150000 1.010000 0.000000
v 0.150000 1.000451 0.029389
v 0.140000 0.992361 0.023511
v 0.140000 1.000000 0.000000
v 0.140000 1.000000 0.000000
v 0.140000 0.992361 0.023511
v 0.150000 0.984271 0.017634
v 0.150000 0.990000 0.000000
v 0.150000 0.990000 0.000000
v 0.150000 0.984271 0.017634
v 0.160000 0.992361 0.023511
v 0.160000 1.000000 0.000000
v 0.160000 1.000000 0.000000
v 0.160000 0.992361 0.023511
v 0.150000 1.000451 0.029389
v 0.150000 1.010000 0.000000
v 0.150000 1.000451 0.029389
v 0.150000 0.975451 0.047553
v 0.140000 0.972361 0.038042
v 0.140000 0.992361 0.023511
v 0.140000 0.992361 0.023511
v 0.140000 0.972361 0.038042
v 0.150000 0.969271 0.028532
v 0.150000 0.984271 0.017634
v 0.150000 0.984271 0.017634
v 0.150000 0.969271 0.028532
v 0.160000 0.972361 0.038042
v 0.160000 0.992361 0.023511
v 0.160000 0.992361 0.023511
v 0.160000 0.972361 0.038042
v 0.150000 0.975451 0.047553
v 0.150000 1.000451 0.029389
v 0.150000 0.975451 0.047553
v 0.150000 0.944549 0.047553
v 0.140000 0.947639 0.038042
v 0.140000 0.972361 0.038042
v 0.140000 0.972361 0.038042
v 0.140000 0.947639 0.038042
v 0.150000 0.950729 0.028532
v 0.150000 0.969271 0.028532
v 0.150000 0.969271 0.028532
v 0.150000 0.950729 0.028532
v 0.160000 0.947639 0.038042
v 0.160000 0.972361 0.038042
v 0.160000 0.972361 0.038042
v 0.160000 0.947639 0.038042
v 0.150000 0.944549 0.047553
v 0.150000 0.975451 0.047553
v 0.150000 0.944549 0.047553
v 0.150000 0.919549 0.029389
v 0.140000 0.927639 0.023511
v 0.140000 0.947639 0.038042
v 0.140000 0.947639 0.038042
v 0.140000 0.927639 0.023511
v 0.150000 0.935729 0.017634
v 0.150000 0.950729 0.028532
v 0.150000 0.950729 0.028532
v 0.150000 0.935729 0.017634
v 0.160000 0.927639 0.023511
v 0.160000 0.947639 0.038042
v 0.160000 0.947639 0.038042
v 0.160000 0.927639 0.023511
v 0.150000 0.919549 0.029389
v 0.150000 0.944549 0.047553
v 0.150000 0.919549 0.029389
v 0.150000 0.910000 0.000000
v 0.140000 0.920000 0.000000
v 0.140000 0.927639 0.023511
v 0.140000 0.927639 0.023511
v 0.140000 0.920000 0.000000
v 0.150000 0.930000 0.000000
v 0.150000 0.935729 0.017634
v 0.150000 0.935729 0.017634
v 0.150000 0.930000 0.000000
v 0.160000 0.920000 0.000000
v 0.160000 0.927639 0.023511
v 0.160000 0.927639 0.023511
v 0.160000 0.920000 0.000000
v 0.150000 0.910000 0.000000
v 0.150000 0.919549 0.029389
v 0.150000 0.910000 0.000000
v 0.150000 0.919549 -0.029389
v 0.140000 0.927639 -0.023511
v 0.140000 0.920000 0.000000
v 0.140000 0.920000 0.000000
v 0.140000 0.927639 -0.023511
v 0.150000 0.935729 -0.017634
v 0.150000 0.930000 0.000000
v 0.150000 0.930000 0.000000
v 0.150000 0.935729 -0.017634
v 0.160000 0.927639 -0.023511
v 0.160000 0.920000 0.000000
v 0.160000 0.920000 0.000000
v 0.160000 0.927639 -0.023511
v 0.150000 0.919549 -0.029389
v 0.150000 0.910000 0.000000
v 0.150000 0.919549 -0.029389
v 0.150000 0.944549 -0.047553
v 0.140000 0.947639 -0.038042
v 0.140000 0.927639 -0.023511
v 0.140000 0.927639 -0.023511
v 0.140000 0.947639 -0.038042
v 0.150000 0.950729 -0.028532
v 0.150000 0.935729 -0.017634
v 0.150000 0.935729 -0.017634
v 0.150000 0.950729 -0.028532
v 0.160000 0.947639 -0.038042
v 0.160000 0.927639 -0.023511
v 0.160000 0.927639 -0.023511
v 0.160000 0.947639 -0.038042
v 0.150000 0.944549 -0.047553
v 0.150000 0.919549 -0.029389
v 0.150000 0.944549 -0.047553
v 0.150000 0.975451 -0.047553
v 0.140000 0.972361 -0.038042
v 0.140000 0.947639 -0.038042
v 0.140000 0.947639 -0.038042
v 0.140000 0.972361 -0.038042
v 0.150000 0.969271 -0.028532
v 0.150000 0.950729 -0.028532
v 0.150000 0.950729 -0.028532
v 0.150000 0.969271 -0.028532
v 0.160000 0.972361 -0.038042
v 0.160000 0.947639 -0.038042
v 0.160000 0.947639 -0.038042
v 0.160000 0.972361 -0.038042
v 0.150000 0.975451 -0.047553
v 0.150000 0.944549 -0.047553
v 0.150000 0.975451 -0.047553
v 0.150000 1.000451 -0.029389
v 0.140000 0.992361 -0.023511
v 0.140000 0.972361 -0.038042
v 0.140000 0.972361 -0.038042
v 0.140000 0.992361 -0.023511
v 0.150000 0.984271 -0.017634
v 0.150000 0.969271 -0.028532
v 0.150000 0.969271 -0.028532
v 0.150000 0.984271 -0.017634
v 0.160000 0.992361 -0.023511
v 0.160000 0.972361 -0.038042
v 0.160000 0.972361 -0.038042
v 0.160000 0.992361 -0.023511
v 0.150000 1.000451 -0.029389
v 0.150000 0.975451 -0.047553
v 0.150000 1.000451 -0.029389
v 0.150000 1.010000 0.000000
v 0.140000 1.000000 0.000000
v 0.140000 0.992361 -0.023511
v 0.140000 0.992361 -0.023511
v 0.140000 1.000000 0.000000
v 0.150000 0.990000 0.000000
v 0.150000 0.984271 -0.017634
v 0.150000 0.984271 -0.017634
v 0.150000 0.990000 0.000000
v 0.160000 1.000000 0.000000
v 0.160000 0.992361 -0.023511
v 0.160000 0.992361 -0.023511
v 0.160000 1.000000 0.000000
v 0.150000 1.010000 0.000000
v 0.150000 1.000451 -0.029389
v 0.392000 0.560000 -0.275500
v 0.376339 0.511802 -0.275500
v 0.376339 0.511802 -0.220500
v 0.392000 0.560000 -0.220500
v 0.376339 0.511802 -0.275500
v 0.335339 0.482013 -0.275500
v 0.335339 0.482013 -0.220500
v 0.376339 0.511802 -0.220500
v 0.335339 0.482013 -0.275500
v 0.284661 0.482013 -0.275500
v 0.284661 0.482013 -0.220500
v 0.335339 0.482013 -0.220500
v 0.284661 0.482013 -0.275500
v 0.243661 0.511802 -0.275500
v 0.243661 0.511802 -0.220500
v 0.284661 0.482013 -0.220500
v 0.243661 0.511802 -0.275500
v 0.228000 0.560000 -0.275500
v 0.228000 0.560000 -0.220500
v 0.243661 0.511802 -0.220500
v 0.228000 0.560000 -0.275500
v 0.243661 0.608198 -0.275500
v 0.243661 0.608198 -0.220500
v 0.228000 0.560000 -0.220500
v 0.243661 0.608198 -0.275500
v 0.284661 0.637987 -0.275500
v 0.284661 0.637987 -0.220500
v 0.243661 0.608198 -0.220500
v 0.284661 0.637987 -0.275500
v 0.335339 0.637987 -0.275500
v 0.335339 0.637987 -0.220500
v 0.284661 0.637987 -0.220500
v 0.335339 0.637987 -0.275500
v 0.376339 0.608198 -0.275500
v 0.376339 0.608198 -0.220500
v 0.335339 0.637987 -0.220500
v 0.376339 0.608198 -0.275500
v 0.392000 0.560000 -0.275500
v 0.392000 0.560000 -0.220500
v 0.376339 0.608198 -0.220500
v 0.310000 0.560000 -0.275500
v 0.376339 0.511802 -0.275500
v 0.392000 0.560000 -0.275500
v 0.310000 0.560000 -0.220500
v 0.392000 0.560000 -0.220500
v 0.376339 0.511802 -0.220500
v 0.310000 0.560000 -0.275500
v 0.335339 0.482013 -0.275500
v 0.376339 0.511802 -0.275500
v 0.310000 0.560000 -0.220500
v 0.376339 0.511802 -0.220500
v 0.335339 0.482013 -0.220500
v 0.310000 0.560000 -0.275500
v 0.284661 0.482013 -0.275500
v 0.335339 0.482013 -0.275500
v 0.310000 0.560000 -0.220500
v 0.335339 0.482013 -0.220500
v 0.284661 0.482013 -0.220500
v 0.310000 0.560000 -0.275500
v 0.243661 0.511802 -0.275500
v 0.284661 0.482013 -0.275500
v 0.310000 0.560000 -0.220500
v 0.284661 0.482013 -0.220500
v 0.243661 0.511802 -0.220500
v 0.310000 0.560000 -0.275500
v 0.228000 0.560000 -0.275500
v 0.243661 0.511802 -0.275500
v 0.310000 0.560000 -0.220500
v 0.243661 0.511802 -0.220500
v 0.228000 0.560000 -0.220500
v 0.310000 0.560000 -0.275500
v 0.243661 0.608198 -0.275500
v 0.228000 0.560000 -0.275500
v 0.310000 0.560000 -0.220500
v 0.228000 0.560000 -0.220500
v 0.243661 0.608198 -0.220500
v 0.310000 0.560000 -0.275500
v 0.284661 0.637987 -0.275500
v 0.243661 0.608198 -0.275500
v 0.310000 0.560000 -0.220500
v 0.243661 0.608198 -0.220500
v 0.284661 0.637987 -0.220500
v 0.310000 0.560000 -0.275500
v 0.335339 0.637987 -0.275500
v 0.284661 0.637987 -0.275500
v 0.310000 0.560000 -0.220500
v 0.284661 0.637987 -0.220500
v 0.335339 0.637987 -0.220500
v 0.310000 0.560000 -0.275500
v 0.376339 0.608198 -0.275500
v 0.335339 0.637987 -0.275500
v 0.310000 0.560000 -0.220500
v 0.335339 0.637987 -0.220500
v 0.376339 0.608198 -0.220500
v 0.310000 0.560000 -0.275500
v 0.392000 0.560000 -0.275500
v 0.376339 0.608198 -0.275500
v 0.310000 0.560000 -0.220500
v 0.376339 0.608198 -0.220500
v 0.392000 0.560000 -0.220500
v 0.161000 0.560000 -0.275500
v 0.149350 0.524145 -0.275500
v 0.149350 0.524145 -0.220500
v 0.161000 0.560000 -0.220500
v 0.149350 0.524145 -0.275500
v 0.118850 0.501986 -0.275500
v 0.118850 0.501986 -0.220500
v 0.149350 0.524145 -0.220500
v 0.118850 0.501986 -0.275500
v 0.081150 0.501986 -0.275500
v 0.081150 0.501986 -0.220500
v 0.118850 0.501986 -0.220500
v 0.081150 0.501986 -0.275500
v 0.050650 0.524145 -0.275500
v 0.050650 0.524145 -0.220500
v 0.081150 0.501986 -0.220500
v 0.050650 0.524145 -0.275500
v 0.039000 0.560000 -0.275500
v 0.039000 0.560000 -0.220500
v 0.050650 0.524145 -0.220500
v 0.039000 0.560000 -0.275500
v 0.050650 0.595855 -0.275500
v 0.050650 0.595855 -0.220500
v 0.039000 0.560000 -0.220500
v 0.050650 0.595855 -0.275500
v 0.081150 0.618014 -0.275500
v 0.081150 0.618014 -0.220500
v 0.050650 0.595855 -0.220500
v 0.081150 0.618014 -0.275500
v 0.118850 0.618014 -0.275500
v 0.118850 0.618014 -0.220500
v 0.081150 0.618014 -0.220500
v 0.118850 0.618014 -0.275500
v 0.149350 0.595855 -0.275500
v 0.149350 0.595855 -0.220500
v 0.118850 0.618014 -0.220500
v 0.149350 0.595855 -0.275500
v 0.161000 0.560000 -0.275500
v 0.161000 0.560000 -0.220500
v 0.149350 0.595855 -0.220500
v 0.100000 0.560000 -0.275500
v 0.149350 0.524145 -0.275500
v 0.161000 0.560000 -0.275500
v 0.100000 0.560000 -0.220500
v 0.161000 0.560000 -0.220500
v 0.149350 0.524145 -0.220500
v 0.100000 0.560000 -0.275500
v 0.118850 0.501986 -0.275500
v 0.149350 0.524145 -0.275500
v 0.100000 0.560000 -0.220500
v 0.149350 0.524145 -0.220500
v 0.118850 0.501986 -0.220500
v 0.100000 0.560000 -0.275500
v 0.081150 0.501986 -0.275500
v 0.118850 0.501986 -0.275500
v 0.100000 0.560000 -0.220500
v 0.118850 0.501986 -0.220500
v 0.081150 0.501986 -0.220500
v 0.100000 0.560000 -0.275500
v 0.050650 0.524145 -0.275500
v 0.081150 0.501986 -0.275500
v 0.100000 0.560000 -0.220500
v 0.081150 0.501986 -0.220500
v 0.050650 0.524145 -0.220500
v 0.100000 0.560000 -0.275500
v 0.039000 0.560000 -0.275500
v 0.050650 0.524145 -0.275500
v 0.100000 0.560000 -0.220500
v 0.050650 0.524145 -0.220500
v 0.039000 0.560000 -0.220500
v 0.100000 0.560000 -0.275500
v 0.050650 0.595855 -0.275500
v 0.039000 0.560000 -0.275500
v 0.100000 0.560000 -0.220500
v 0.039000 0.560000 -0.220500
v 0.050650 0.595855 -0.220500
v 0.100000 0.560000 -0.275500
v 0.081150 0.618014 -0.275500
v 0.050650 0.595855 -0.275500
v 0.100000 0.560000 -0.220500
v 0.050650 0.595855 -0.220500
v 0.081150 0.618014 -0.220500
v 0.100000 0.560000 -0.275500
v 0.118850 0.618014 -0.275500
v 0.081150 0.618014 -0.275500
v 0.100000 0.560000 -0.220500
v 0.081150 0.618014 -0.220500
v 0.118850 0.618014 -0.220500
v 0.100000 0.560000 -0.275500
v 0.149350 0.595855 -0.275500
v 0.118850 0.618014 -0.275500
v 0.100000 0.560000 -0.220500
v 0.118850 0.618014 -0.220500
v 0.149350 0.595855 -0.220500
v 0.100000 0.560000 -0.275500
v 0.161000 0.560000 -0.275500
v 0.149350 0.595855 -0.275500
v 0.100000 0.560000 -0.220500
v 0.149350 0.595855 -0.220500
v 0.161000 0.560000 -0.220500
v -0.320000 0.517500 -0.259000
v 0.020000 0.517500 -0.259000
v 0.020000 0.622500 -0.259000
v -0.320000 0.622500 -0.259000
v 0.020000 0.517500 -0.239000
v -0.320000 0.517500 -0.239000
v -0.320000 0.622500 -0.239000
v 0.020000 0.622500 -0.239000
v -0.320000 0.517500 -0.239000
v -0.320000 0.517500 -0.259000
v -0.320000 0.622500 -0.259000
v -0.320000 0.622500 -0.239000
v 0.020000 0.517500 -0.259000
v 0.020000 0.517500 -0.239000
v 0.020000 0.622500 -0.239000
v 0.020000 0.622500 -0.259000
v -0.320000 0.622500 -0.259000
v 0.020000 0.622500 -0.259000
v 0.020000 0.622500 -0.239000
v -0.320000 0.622500 -0.239000
v -0.320000 0.517500 -0.239000
v 0.020000 0.517500 -0.239000
v 0.020000 0.517500 -0.259000
v -0.320000 0.517500 -0.259000
v -0.297000 0.534000 -0.272000
v -0.283000 0.534000 -0.272000
v -0.283000 0.606000 -0.272000
v -0.297000 0.606000 -0.272000
v -0.283000 0.534000 -0.254000
v -0.297000 0.534000 -0.254000
v -0.297000 0.606000 -0.254000
v -0.283000 0.606000 -0.254000
v -0.297000 0.534000 -0.254000
v -0.297000 0.534000 -0.272000
v -0.297000 0.606000 -0.272000
v -0.297000 0.606000 -0.254000
v -0.283000 0.534000 -0.272000
v -0.283000 0.534000 -0.254000
v -0.283000 0.606000 -0.254000
v -0.283000 0.606000 -0.272000
v -0.297000 0.606000 -0.272000
v -0.283000 0.606000 -0.272000
v -0.283000 0.606000 -0.254000
v -0.297000 0.606000 -0.254000
v -0.297000 0.534000 -0.254000
v -0.283000 0.534000 -0.254000
v -0.283000 0.534000 -0.272000
v -0.297000 0.534000 -0.272000
v -0.241000 0.545000 -0.272000
v -0.227000 0.545000 -0.272000
v -0.227000 0.595000 -0.272000
v -0.241000 0.595000 -0.272000
v -0.227000 0.545000 -0.254000
v -0.241000 0.545000 -0.254000
v -0.241000 0.595000 -0.254000
v -0.227000 0.595000 -0.254000
v -0.241000 0.545000 -0.254000
v -0.241000 0.545000 -0.272000
v -0.241000 0.595000 -0.272000
v -0.241000 0.595000 -0.254000
v -0.227000 0.545000 -0.272000
v -0.227000 0.545000 -0.254000
v -0.227000 0.595000 -0.254000
v -0.227000 0.595000 -0.272000
v -0.241000 0.595000 -0.272000
v -0.227000 0.595000 -0.272000
v -0.227000 0.595000 -0.254000
v -0.241000 0.595000 -0.254000
v -0.241000 0.545000 -0.254000
v -0.227000 0.545000 -0.254000
v -0.227000 0.545000 -0.272000
v -0.241000 0.545000 -0.272000
v -0.185000 0.545000 -0.272000
v -0.171000 0.545000 -0.272000
v -0.171000 0.595000 -0.272000
v -0.185000 0.595000 -0.272000
v -0.171000 0.545000 -0.254000
v -0.185000 0.545000 -0.254000
v -0.185000 0.595000 -0.254000
v -0.171000 0.595000 -0.254000
v -0.185000 0.545000 -0.254000
v -0.185000 0.545000 -0.272000
v -0.185000 0.595000 -0.272000
v -0.185000 0.595000 -0.254000
v -0.171000 0.545000 -0.272000
v -0.171000 0.545000 -0.254000
v -0.171000 0.595000 -0.254000
v -0.171000 0.595000 -0.272000
v -0.185000 0.595000 -0.272000
v -0.171000 0.595000 -0.272000
v -0.171000 0.595000 -0.254000
v -0.185000 0.595000 -0.254000
v -0.185000 0.545000 -0.254000
v -0.171000 0.545000 -0.254000
v -0.171000 0.545000 -0.272000
v -0.185000 0.545000 -0.272000
v -0.129000 0.534000 -0.272000
v -0.115000 0.534000 -0.272000
v -0.115000 0.606000 -0.272000
v -0.129000 0.606000 -0.272000
v -0.115000 0.534000 -0.254000
v -0.129000 0.534000 -0.254000
v -0.129000 0.606000 -0.254000
v -0.115000 0.606000 -0.254000
v -0.129000 0.534000 -0.254000
v -0.129000 0.534000 -0.272000
v -0.129000 0.606000 -0.272000
v -0.129000 0.606000 -0.254000
v -0.115000 0.534000 -0.272000
v -0.115000 0.534000 -0.254000
v -0.115000 0.606000 -0.254000
v -0.115000 0.606000 -0.272000
v -0.129000 0.606000 -0.272000
v -0.115000 0.606000 -0.272000
v -0.115000 0.606000 -0.254000
v -0.129000 0.606000 -0.254000
v -0.129000 0.534000 -0.254000
v -0.115000 0.534000 -0.254000
v -0.115000 0.534000 -0.272000
v -0.129000 0.534000 -0.272000
v -0.073000 0.545000 -0.272000
v -0.059000 0.545000 -0.272000
v -0.059000 0.595000 -0.272000
v -0.073000 0.595000 -0.272000
v -0.059000 0.545000 -0.254000
v -0.073000 0.545000 -0.254000
v -0.073000 0.595000 -0.254000
v -0.059000 0.595000 -0.254000
v -0.073000 0.545000 -0.254000
v -0.073000 0.545000 -0.272000
v -0.073000 0.595000 -0.272000
v -0.073000 0.595000 -0.254000
v -0.059000 0.545000 -0.272000
v -0.059000 0.545000 -0.254000
v -0.059000 0.595000 -0.254000
v -0.059000 0.595000 -0.272000
v -0.073000 0.595000 -0.272000
v -0.059000 0.595000 -0.272000
v -0.059000 0.595000 -0.254000
v -0.073000 0.595000 -0.254000
v -0.073000 0.545000 -0.254000
v -0.059000 0.545000 -0.254000
v -0.059000 0.545000 -0.272000
v -0.073000 0.545000 -0.272000
v -0.017000 0.534000 -0.272000
v -0.003000 0.534000 -0.272000
v -0.003000 0.606000 -0.272000
v -0.017000 0.606000 -0.272000
v -0.003000 0.534000 -0.254000
v -0.017000 0.534000 -0.254000
v -0.017000 0.606000 -0.254000
v -0.003000 0.606000 -0.254000
v -0.017000 0.534000 -0.254000
v -0.017000 0.534000 -0.272000
v -0.017000 0.606000 -0.272000
v -0.017000 0.606000 -0.254000
v -0.003000 0.534000 -0.272000
v -0.003000 0.534000 -0.254000
v -0.003000 0.606000 -0.254000
v -0.003000 0.606000 -0.272000
v -0.017000 0.606000 -0.272000
v -0.003000 0.606000 -0.272000
v -0.003000 0.606000 -0.254000
v -0.017000 0.606000 -0.254000
v -0.017000 0.534000 -0.254000
v -0.003000 0.534000 -0.254000
v -0.003000 0.534000 -0.272000
v -0.017000 0.534000 -0.272000
v 0.267306 0.523142 -0.291000
v 0.364431 0.574784 -0.291000
v 0.352694 0.596858 -0.291000
v 0.255569 0.545216 -0.291000
v 0.364431 0.574784 -0.273000
v 0.267306 0.523142 -0.273000
v 0.255569 0.545216 -0.273000
v 0.352694 0.596858 -0.273000
v 0.267306 0.523142 -0.273000
v 0.267306 0.523142 -0.291000
v 0.255569 0.545216 -0.291000
v 0.255569 0.545216 -0.273000
v 0.364431 0.574784 -0.291000
v 0.364431 0.574784 -0.273000
v 0.352694 0.596858 -0.273000
v 0.352694 0.596858 -0.291000
v 0.255569 0.545216 -0.291000
v 0.352694 0.596858 -0.291000
v 0.352694 0.596858 -0.273000
v 0.255569 0.545216 -0.273000
v 0.267306 0.523142 -0.273000
v 0.364431 0.574784 -0.273000
v 0.364431 0.574784 -0.291000
v 0.267306 0.523142 -0.291000
vt 0.000000 0.000000
vt 1.000000 0.000000
vt 1.000000 1.000000
vt 0.000000 1.000000
vt 0.000000 0.000000
vt 1.000000 0.000000
vt 1.000000 1.000000
vt 0.000000 1.000000
vt 0.000000 0.000000
vt 1.000000 0.000000
vt 1.000000 1.000000
vt 0.000000 1.000000
vt 0.000000 0.000000
vt 1.000000 0.000000
vt 1.000000 1.000000
vt 0.000000 1.000000
vt 0.000000 0.000000
vt 1.000000 0.000000
vt 1.000000 1.000000
vt 0.000000 1.000000
vt 0.000000 0.000000
vt 1.000000 0.000000
vt 1.000000 1.000000
vt 0.000000 1.000000
vt 0.000000 0.000000
vt 1.000000 0.000000
vt 1.000000 1.000000
vt 0.000000 1.000000
vt 0.000000 0.000000
vt 1.000000 0.000000
vt 1.000000 1.000000
vt 0.000000 1.000000
vt 0.000000 0.000000
vt 1.000000 0.000000
vt 1.000000 1.000000
vt 0.000000 1.000000
vt 0.000000 0.000000
vt 1.000000 0.000000
vt 1.000000 1.000000
vt 0.000000 1.000000
vt 0.000000 0.000000
vt 1.000000 0.000000
vt 1.000000 1.000000
vt 0.000000 1.000000
vt 0.000000 0.000000
vt 1.000000 0.000000
vt 1.000000 1.000000
vt 0.000000 1.000000
vt 0.000000 0.000000
vt 1.000000 0.000000
vt 1.000000 1.000000
vt 0.000000 1.000000
vt 0.000000 0.000000
vt 1.000000 0.000000
vt 1.000000 1.000000
vt 0.000000 1.000000
vt 0.000000 0.000000
vt 1.000000 0.000000
vt 1.000000 1.000000
vt 0.000000 1.000000
vt 0.000000 0.000000
vt 1.000000 0.000000
vt 1.000000 1.000000
vt 0.000000 1.000000
vt 0.000000 0.000000
vt 1.000000 0.000000
vt 1.000000 1.000000
vt 0.000000 1.000000
vt 0.000000 0.000000
vt 1.000000 0.000000
vt 1.000000 1.000000
vt 0.000000 1.000000
vt 0.000000 0.000000
vt 1.000000 0.000000
vt 1.000000 1.000000
vt 0.000000 1.000000
vt 0.000000 0.000000
vt 1.000000 0.000000
vt 1.000000 1.000000
vt 0.000000 1.000000
vt 0.000000 0.000000
vt 1.000000 0.000000
vt 1.000000 1.000000
vt 0.000000 1.000000
vt 0.000000 0.000000
vt 1.000000 0.000000
vt 1.000000 1.000000
vt 0.000000 1.000000
vt 0.000000 0.000000
vt 1.000000 0.000000
vt 1.000000 1.000000
vt 0.000000 1.000000
vt 0.000000 0.000000
vt 1.000000 0.000000
vt 1.000000 1.000000
vt 0.000000 1.000000
vt 0.000000 0.000000
vt 1.000000 0.000000
vt 1.000000 1.000000
vt 0.000000 1.000000
vt 0.000000 0.000000
vt 1.000000 0.000000
vt 1.000000 1.000000
vt 0.000000 1.000000
vt 0.000000 0.000000
vt 1.000000 0.000000
vt 1.000000 1.000000
vt 0.000000 1.000000
vt 0.000000 0.000000
vt 1.000000 0.000000
vt 1.000000 1.000000
vt 0.000000 1.000000
vt 0.000000 0.000000
vt 1.000000 0.000000
vt 1.000000 1.000000
vt 0.000000 1.000000
vt 0.000000 0.000000
vt 1.000000 0.000000
vt 1.000000 1.000000
vt 0.000000 1.000000
vt 0.000000 0.000000
vt 1.000000 0.000000
vt 1.000000 1.000000
vt 0.000000 1.000000
vt 0.000000 0.000000
vt 1.000000 0.000000
vt 1.000000 1.000000
vt 0.000000 1.000000
vt 0.000000 0.000000
vt 1.000000 0.000000
vt 1.000000 1.000000
vt 0.000000 1.000000
vt 0.000000 0.000000
vt 1.000000 0.000000
vt 1.000000 1.000000
vt 0.000000 1.000000
vt 0.000000 0.000000
vt 1.000000 0.000000
vt 1.000000 1.000000
vt 0.000000 1.000000
vt 0.000000 0.000000
vt 1.000000 0.000000
vt 1.000000 1.000000
vt 0.000000 1.000000
vt 0.000000 0.000000
vt 1.000000 0.000000
vt 1.000000 1.000000
vt 0.000000 1.000000
vt 0.000000 0.000000
vt 1.000000 0.000000
vt 1.000000 1.000000
vt 0.000000 1.000000
vt 0.000000 0.000000
vt 1.000000 0.000000
vt 1.000000 1.000000
vt 0.000000 1.000000
vt 0.000000 0.000000
vt 1.000000 0.000000
vt 1.000000 1.000000
vt 0.000000 1.000000
vt 0.000000 0.000000
vt 1.000000 0.000000
vt 1.000000 1.000000
vt 0.000000 1.000000
vt 0.000000 0.000000
vt 1.000000 0.000000
vt 1.000000 1.000000
vt 0.000000 1.000000
vt 0.000000 0.000000
vt 1.000000 0.000000
vt 1.000000 1.000000
vt 0.000000 1.000000
vt 0.000000 0.000000
vt 1.000000 0.000000
vt 1.000000 1.000000
vt 0.000000 1.000000
vt 0.000000 0.000000
vt 1.000000 0.000000
vt 1.000000 1.000000
vt 0.000000 1.000000
vt 0.000000 0.000000
vt 1.000000 0.000000
vt 1.000000 1.000000
vt 0.000000 1.000000
vt 0.000000 0.000000
vt 1.000000 0.000000
vt 1.000000 1.000000
vt 0.000000 1.000000
vt 0.000000 0.000000
vt 1.000000 0.000000
vt 1.000000 1.000000
vt 0.000000 1.000000
vt 0.000000 0.000000
vt 1.000000 0.000000
vt 1.000000 1.000000
vt 0.000000 1.000000
vt 0.000000 0.000000
vt 1.000000 0.000000
vt 1.000000 1.000000
vt 0.000000 1.000000
vt 0.000000 0.000000
vt 1.000000 0.000000
vt 1.000000 1.000000
vt 0.000000 1.000000
vt 0.000000 0.000000
vt 1.000000 0.000000
vt 1.000000 1.000000
vt 0.000000 1.000000
vt 0.000000 0.000000
vt 1.000000 0.000000
vt 1.000000 1.000000
vt 0.000000 1.000000
vt 0.000000 0.000000
vt 1.000000 0.000000
vt 1.000000 1.000000
vt 0.000000 1.000000
vt 0.000000 0.000000
vt 1.000000 0.000000
vt 1.000000 1.000000
vt 0.000000 1.000000
vt 0.000000 0.000000
vt 1.000000 0.000000
vt 1.000000 1.000000
vt 0.000000 1.000000
vt 0.000000 0.000000
vt 1.000000 0.000000
vt 1.000000 1.000000
vt 0.000000 1.000000
vt 0.000000 0.000000
vt 1.000000 0.000000
vt 1.000000 1.000000
vt 0.000000 1.000000
vt 0.000000 0.000000
vt 1.000000 0.000000
vt 1.000000 1.000000
vt 0.000000 1.000000
vt 0.000000 0.000000
vt 1.000000 0.000000
vt 1.000000 1.000000
vt 0.000000 1.000000
vt 0.000000 0.000000
vt 1.000000 0.000000
vt 1.000000 1.000000
vt 0.000000 1.000000
vt 0.000000 0.000000
vt 1.000000 0.000000
vt 1.000000 1.000000
vt 0.000000 1.000000
vt 0.500000 0.500000
vt 0.000000 0.000000
vt 1.000000 0.000000
vt 0.000000 0.000000
vt 1.000000 0.000000
vt 0.000000 0.000000
vt 1.000000 0.000000
vt 0.000000 0.000000
vt 1.000000 0.000000
vt 0.000000 0.000000
vt 1.000000 0.000000
vt 0.000000 0.000000
vt 1.000000 0.000000
vt 0.000000 0.000000
vt 1.000000 0.000000
vt 0.000000 0.000000
vt 1.000000 0.000000
vt 0.000000 0.000000
vt 1.000000 0.000000
vt 0.000000 0.000000
vt 1.000000 0.000000
vt 0.000000 0.000000
vt 1.000000 0.000000
vt 0.000000 0.000000
vt 1.000000 0.000000
vt 0.000000 0.000000
vt 1.000000 0.000000
vt 0.000000 0.000000
vt 1.000000 0.000000
vt 0.000000 0.000000
vt 1.000000 0.000000
vt 0.000000 0.000000
vt 1.000000 0.000000
vt 0.000000 0.000000
vt 1.000000 0.000000
vt 0.000000 0.000000
vt 1.000000 0.000000
vt 0.000000 0.000000
vt 1.000000 0.000000
vt 0.000000 0.000000
vt 1.000000 0.000000
vt 0.500000 0.500000
vt 0.000000 0.000000
vt 1.000000 0.000000
vt 0.000000 0.000000
vt 1.000000 0.000000
vt 0.000000 0.000000
vt 1.000000 0.000000
vt 0.000000 0.000000
vt 1.000000 0.000000
vt 0.000000 0.000000
vt 1.000000 0.000000
vt 0.000000 0.000000
vt 1.000000 0.000000
vt 0.000000 0.000000
vt 1.000000 0.000000
vt 0.000000 0.000000
vt 1.000000 0.000000
vt 0.000000 0.000000
vt 1.000000 0.000000
vt 0.000000 0.000000
vt 1.000000 0.000000
vt 0.000000 0.000000
vt 1.000000 0.000000
vt 0.000000 0.000000
vt 1.000000 0.000000
vt 0.000000 0.000000
vt 1.000000 0.000000
vt 0.000000 0.000000
vt 1.000000 0.000000
vt 0.000000 0.000000
vt 1.000000 0.000000
vt 0.000000 0.000000
vt 1.000000 0.000000
vt 0.000000 0.000000
vt 1.000000 0.000000
vt 0.000000 0.000000
vt 1.000000 0.000000
vt 0.000000 0.000000
vt 1.000000 0.000000
vt 0.000000 0.000000
vt 1.000000 0.000000
vt 0.000000 0.000000
vt 1.000000 0.000000
vt 1.000000 1.000000
vt 0.000000 1.000000
vt 0.000000 0.000000
vt 1.000000 0.000000
vt 1.000000 1.000000
vt 0.000000 1.000000
vt 0.000000 0.000000
vt 1.000000 0.000000
vt 1.000000 1.000000
vt 0.000000 1.000000
vt 0.000000 0.000000
vt 1.000000 0.000000
vt 1.000000 1.000000
vt 0.000000 1.000000
vt 0.000000 0.000000
vt 1.000000 0.000000
vt 1.000000 1.000000
vt 0.000000 1.000000
vt 0.000000 0.000000
vt 1.000000 0.000000
vt 1.000000 1.000000
vt 0.000000 1.000000
vt 0.000000 0.000000
vt 1.000000 0.000000
vt 1.000000 1.000000
vt 0.000000 1.000000
vt 0.000000 0.000000
vt 1.000000 0.000000
vt 1.000000 1.000000
vt 0.000000 1.000000
vt 0.000000 0.000000
vt 1.000000 0.000000
vt 1.000000 1.000000
vt 0.000000 1.000000
vt 0.000000 0.000000
vt 1.000000 0.000000
vt 1.000000 1.000000
vt 0.000000 1.000000
vt 0.000000 0.000000
vt 1.000000 0.000000
vt 1.000000 1.000000
vt 0.000000 1.000000
vt 0.000000 0.000000
vt 1.000000 0.000000
vt 1.000000 1.000000
vt 0.000000 1.000000
vt 0.000000 0.000000
vt 1.000000 0.000000
vt 1.000000 1.000000
vt 0.000000 1.000000
vt 0.000000 0.000000
vt 1.000000 0.000000
vt 1.000000 1.000000
vt 0.000000 1.000000
vt 0.000000 0.000000
vt 1.000000 0.000000
vt 1.000000 1.000000
vt 0.000000 1.000000
vt 0.000000 0.000000
vt 1.000000 0.000000
vt 1.000000 1.000000
vt 0.000000 1.000000
vt 0.000000 0.000000
vt 1.000000 0.000000
vt 1.000000 1.000000
vt 0.000000 1.000000
vt 0.000000 0.000000
vt 1.000000 0.000000
vt 1.000000 1.000000
vt 0.000000 1.000000
vt 0.000000 0.000000
vt 1.000000 0.000000
vt 1.000000 1.000000
vt 0.000000 1.000000
vt 0.000000 0.000000
vt 1.000000 0.000000
vt 1.000000 1.000000
vt 0.000000 1.000000
vt 0.000000 0.000000
vt 1.000000 0.000000
vt 1.000000 1.000000
vt 0.000000 1.000000
vt 0.000000 0.000000
vt 1.000000 0.000000
vt 1.000000 1.000000
vt 0.000000 1.000000
vt 0.000000 0.000000
vt 1.000000 0.000000
vt 1.000000 1.000000
vt 0.000000 1.000000
vt 0.000000 0.000000
vt 1.000000 0.000000
vt 1.000000 1.000000
vt 0.000000 1.000000
vt 0.000000 0.000000
vt 1.000000 0.000000
vt 1.000000 1.000000
vt 0.000000 1.000000
vt 0.000000 0.000000
vt 1.000000 0.000000
vt 1.000000 1.000000
vt 0.000000 1.000000
vt 0.000000 0.000000
vt 1.000000 0.000000
vt 1.000000 1.000000
vt 0.000000 1.000000
vt 0.000000 0.000000
vt 1.000000 0.000000
vt 1.000000 1.000000
vt 0.000000 1.000000
vt 0.000000 0.000000
vt 1.000000 0.000000
vt 1.000000 1.000000
vt 0.000000 1.000000
vt 0.000000 0.000000
vt 1.000000 0.000000
vt 1.000000 1.000000
vt 0.000000 1.000000
vt 0.000000 0.000000
vt 1.000000 0.000000
vt 1.000000 1.000000
vt 0.000000 1.000000
vt 0.000000 0.000000
vt 1.000000 0.000000
vt 1.000000 1.000000
vt 0.000000 1.000000
vt 0.000000 0.000000
vt 1.000000 0.000000
vt 1.000000 1.000000
vt 0.000000 1.000000
vt 0.000000 0.000000
vt 1.000000 0.000000
vt 1.000000 1.000000
vt 0.000000 1.000000
vt 0.000000 0.000000
vt 1.000000 0.000000
vt 1.000000 1.000000
vt 0.000000 1.000000
vt 0.000000 0.000000
vt 1.000000 0.000000
vt 1.000000 1.000000
vt 0.000000 1.000000
vt 0.000000 0.000000
vt 1.000000 0.000000
vt 1.000000 1.000000
vt 0.000000 1.000000
vt 0.000000 0.000000
vt 1.000000 0.000000
vt 1.000000 1.000000
vt 0.000000 1.000000
vt 0.000000 0.000000
vt 1.000000 0.000000
vt 1.000000 1.000000
vt 0.000000 1.000000
vt 0.000000 0.000000
vt 1.000000 0.000000
vt 1.000000 1.000000
vt 0.000000 1.000000
vt 0.000000 0.000000
vt 1.000000 0.000000
vt 1.000000 1.000000
vt 0.000000 1.000000
vt 0.000000 0.000000
vt 1.000000 0.000000
vt 1.000000 1.000000
vt 0.000000 1.000000
vt 0.000000 0.000000
vt 1.000000 0.000000
vt 1.000000 1.000000
vt 0.000000 1.000000
vt 0.000000 0.000000
vt 1.000000 0.000000
vt 1.000000 1.000000
vt 0.000000 1.000000
vt 0.000000 0.000000
vt 1.000000 0.000000
vt 1.000000 1.000000
vt 0.000000 1.000000
vt 0.000000 0.000000
vt 1.000000 0.000000
vt 1.000000 1.000000
vt 0.000000 1.000000
vt 0.000000 0.000000
vt 1.000000 0.000000
vt 1.000000 1.000000
vt 0.000000 1.000000
vt 0.000000 0.000000
vt 1.000000 0.000000
vt 1.000000 1.000000
vt 0.000000 1.000000
vt 0.000000 0.000000
vt 1.000000 0.000000
vt 1.000000 1.000000
vt 0.000000 1.000000
vt 0.000000 0.000000
vt 1.000000 0.000000
vt 1.000000 1.000000
vt 0.000000 1.000000
vt 0.000000 0.000000
vt 1.000000 0.000000
vt 1.000000 1.000000
vt 0.000000 1.000000
vt 0.000000 0.000000
vt 1.000000 0.000000
vt 1.000000 1.000000
vt 0.000000 1.000000
vt 0.000000 0.000000
vt 1.000000 0.000000
vt 1.000000 1.000000
vt 0.000000 1.000000
vt 0.000000 0.000000
vt 1.000000 0.000000
vt 1.000000 1.000000
vt 0.000000 1.000000
vt 0.000000 0.000000
vt 1.000000 0.000000
vt 1.000000 1.000000
vt 0.000000 1.000000
vt 0.000000 0.000000
vt 1.000000 0.000000
vt 1.000000 1.000000
vt 0.000000 1.000000
vt 0.000000 0.000000
vt 1.000000 0.000000
vt 1.000000 1.000000
vt 0.000000 1.000000
vt 0.000000 0.000000
vt 1.000000 0.000000
vt 1.000000 1.000000
vt 0.000000 1.000000
vt 0.000000 0.000000
vt 1.000000 0.000000
vt 1.000000 1.000000
vt 0.000000 1.000000
vt 0.000000 0.000000
vt 1.000000 0.000000
vt 1.000000 1.000000
vt 0.000000 1.000000
vt 0.000000 0.000000
vt 1.000000 0.000000
vt 1.000000 1.000000
vt 0.000000 1.000000
vt 0.000000 0.000000
vt 1.000000 0.000000
vt 1.000000 1.000000
vt 0.000000 1.000000
vt 0.000000 0.000000
vt 1.000000 0.000000
vt 1.000000 1.000000
vt 0.000000 1.000000
vt 0.000000 0.000000
vt 1.000000 0.000000
vt 1.000000 1.000000
vt 0.000000 1.000000
vt 0.000000 0.000000
vt 1.000000 0.000000
vt 1.000000 1.000000
vt 0.000000 1.000000
vt 0.000000 0.000000
vt 1.000000 0.000000
vt 1.000000 1.000000
vt 0.000000 1.000000
vt 0.000000 0.000000
vt 1.000000 0.000000
vt 1.000000 1.000000
vt 0.000000 1.000000
vt 0.000000 0.000000
vt 1.000000 0.000000
vt 1.000000 1.000000
vt 0.000000 1.000000
vt 0.000000 0.000000
vt 1.000000 0.000000
vt 1.000000 1.000000
vt 0.000000 1.000000
vt 0.000000 0.000000
vt 1.000000 0.000000
vt 1.000000 1.000000
vt 0.000000 1.000000
vt 0.000000 0.000000
vt 1.000000 0.000000
vt 1.000000 1.000000
vt 0.000000 1.000000
vt 0.000000 0.000000
vt 1.000000 0.000000
vt 1.000000 1.000000
vt 0.000000 1.000000
vt 0.000000 0.000000
vt 1.000000 0.000000
vt 1.000000 1.000000
vt 0.000000 1.000000
vt 0.000000 0.000000
vt 1.000000 0.000000
vt 1.000000 1.000000
vt 0.000000 1.000000
vt 0.000000 0.000000
vt 1.000000 0.000000
vt 1.000000 1.000000
vt 0.000000 1.000000
vt 0.000000 0.000000
vt 1.000000 0.000000
vt 1.000000 1.000000
vt 0.000000 1.000000
vt 0.000000 0.000000
vt 1.000000 0.000000
vt 1.000000 1.000000
vt 0.000000 1.000000
vt 0.000000 0.000000
vt 1.000000 0.000000
vt 1.000000 1.000000
vt 0.000000 1.000000
vt 0.000000 0.000000
vt 1.000000 0.000000
vt 1.000000 1.000000
vt 0.000000 1.000000
vt 0.000000 0.000000
vt 1.000000 0.000000
vt 1.000000 1.000000
vt 0.000000 1.000000
vt 0.000000 0.000000
vt 1.000000 0.000000
vt 1.000000 1.000000
vt 0.000000 1.000000
vt 0.000000 0.000000
vt 1.000000 0.000000
vt 1.000000 1.000000
vt 0.000000 1.000000
vt 0.000000 0.000000
vt 1.000000 0.000000
vt 1.000000 1.000000
vt 0.000000 1.000000
vt 0.000000 0.000000
vt 1.000000 0.000000
vt 1.000000 1.000000
vt 0.000000 1.000000
vt 0.000000 0.000000
vt 1.000000 0.000000
vt 1.000000 1.000000
vt 0.000000 1.000000
vt 0.000000 0.000000
vt 1.000000 0.000000
vt 1.000000 1.000000
vt 0.000000 1.000000
vt 0.000000 0.000000
vt 1.000000 0.000000
vt 1.000000 1.000000
vt 0.000000 1.000000
vt 0.000000 0.000000
vt 1.000000 0.000000
vt 1.000000 1.000000
vt 0.000000 1.000000
vt 0.000000 0.000000
vt 1.000000 0.000000
vt 1.000000 1.000000
vt 0.000000 1.000000
vt 0.000000 0.000000
vt 1.000000 0.000000
vt 1.000000 1.000000
vt 0.000000 1.000000
vt 0.000000 0.000000
vt 1.000000 0.000000
vt 1.000000 1.000000
vt 0.000000 1.000000
vt 0.000000 0.000000
vt 1.000000 0.000000
vt 1.000000 1.000000
vt 0.000000 1.000000
vt 0.000000 0.000000
vt 1.000000 0.000000
vt 1.000000 1.000000
vt 0.000000 1.000000
vt 0.000000 0.000000
vt 1.000000 0.000000
vt 1.000000 1.000000
vt 0.000000 1.000000
vt 0.000000 0.000000
vt 1.000000 0.000000
vt 1.000000 1.000000
vt 0.000000 1.000000
vt 0.000000 0.000000
vt 1.000000 0.000000
vt 1.000000 1.000000
vt 0.000000 1.000000
vt 0.000000 0.000000
vt 1.000000 0.000000
vt 1.000000 1.000000
vt 0.000000 1.000000
vt 0.000000 0.000000
vt 1.000000 0.000000
vt 1.000000 1.000000
vt 0.000000 1.000000
vt 0.000000 0.000000
vt 1.000000 0.000000
vt 1.000000 1.000000
vt 0.000000 1.000000
vt 0.000000 0.000000
vt 1.000000 0.000000
vt 1.000000 1.000000
vt 0.000000 1.000000
vt 0.000000 0.000000
vt 1.000000 0.000000
vt 1.000000 1.000000
vt 0.000000 1.000000
vt 0.000000 0.000000
vt 1.000000 0.000000
vt 1.000000 1.000000
vt 0.000000 1.000000
vt 0.000000 0.000000
vt 1.000000 0.000000
vt 1.000000 1.000000
vt 0.000000 1.000000
vt 0.000000 0.000000
vt 1.000000 0.000000
vt 1.000000 1.000000
vt 0.000000 1.000000
vt 0.000000 0.000000
vt 1.000000 0.000000
vt 1.000000 1.000000
vt 0.000000 1.000000
vt 0.000000 0.000000
vt 1.000000 0.000000
vt 1.000000 1.000000
vt 0.000000 1.000000
vt 0.000000 0.000000
vt 1.000000 0.000000
vt 1.000000 1.000000
vt 0.000000 1.000000
vt 0.000000 0.000000
vt 1.000000 0.000000
vt 1.000000 1.000000
vt 0.000000 1.000000
vt 0.000000 0.000000
vt 1.000000 0.000000
vt 1.000000 1.000000
vt 0.000000 1.000000
vt 0.000000 0.000000
vt 1.000000 0.000000
vt 1.000000 1.000000
vt 0.000000 1.000000
vt 0.000000 0.000000
vt 1.000000 0.000000
vt 1.000000 1.000000
vt 0.000000 1.000000
vt 0.000000 0.000000
vt 1.000000 0.000000
vt 1.000000 1.000000
vt 0.000000 1.000000
vt 0.000000 0.000000
vt 1.000000 0.000000
vt 1.000000 1.000000
vt 0.000000 1.000000
vt 0.000000 0.000000
vt 1.000000 0.000000
vt 1.000000 1.000000
vt 0.000000 1.000000
vt 0.000000 0.000000
vt 1.000000 0.000000
vt 1.000000 1.000000
vt 0.000000 1.000000
vt 0.000000 0.000000
vt 1.000000 0.000000
vt 1.000000 1.000000
vt 0.000000 1.000000
vt 0.000000 0.000000
vt 1.000000 0.000000
vt 1.000000 1.000000
vt 0.000000 1.000000
vt 0.000000 0.000000
vt 1.000000 0.000000
vt 1.000000 1.000000
vt 0.000000 1.000000
vt 0.000000 0.000000
vt 1.000000 0.000000
vt 1.000000 1.000000
vt 0.000000 1.000000
vt 0.000000 0.000000
vt 1.000000 0.000000
vt 1.000000 1.000000
vt 0.000000 1.000000
vt 0.000000 0.000000
vt 1.000000 0.000000
vt 1.000000 1.000000
vt 0.000000 1.000000
vt 0.000000 0.000000
vt 1.000000 0.000000
vt 1.000000 1.000000
vt 0.000000 1.000000
vt 0.000000 0.000000
vt 1.000000 0.000000
vt 1.000000 1.000000
vt 0.000000 1.000000
vt 0.000000 0.000000
vt 1.000000 0.000000
vt 1.000000 1.000000
vt 0.000000 1.000000
vt 0.000000 0.000000
vt 1.000000 0.000000
vt 1.000000 1.000000
vt 0.000000 1.000000
vt 0.000000 0.000000
vt 1.000000 0.000000
vt 1.000000 1.000000
vt 0.000000 1.000000
vt 0.000000 0.000000
vt 1.000000 0.000000
vt 1.000000 1.000000
vt 0.000000 1.000000
vt 0.000000 0.000000
vt 1.000000 0.000000
vt 1.000000 1.000000
vt 0.000000 1.000000
vt 0.000000 0.000000
vt 1.000000 0.000000
vt 1.000000 1.000000
vt 0.000000 1.000000
vt 0.000000 0.000000
vt 1.000000 0.000000
vt 1.000000 1.000000
vt 0.000000 1.000000
vt 0.000000 0.000000
vt 1.000000 0.000000
vt 1.000000 1.000000
vt 0.000000 1.000000
vt 0.000000 0.000000
vt 1.000000 0.000000
vt 1.000000 1.000000
vt 0.000000 1.000000
vt 0.000000 0.000000
vt 1.000000 0.000000
vt 1.000000 1.000000
vt 0.000000 1.000000
vt 0.000000 0.000000
vt 1.000000 0.000000
vt 1.000000 1.000000
vt 0.000000 1.000000
vt 0.000000 0.000000
vt 1.000000 0.000000
vt 1.000000 1.000000
vt 0.000000 1.000000
vt 0.000000 0.000000
vt 1.000000 0.000000
vt 1.000000 1.000000
vt 0.000000 1.000000
vt 0.000000 0.000000
vt 1.000000 0.000000
vt 1.000000 1.000000
vt 0.000000 1.000000
vt 0.000000 0.000000
vt 1.000000 0.000000
vt 1.000000 1.000000
vt 0.000000 1.000000
vt 0.000000 0.000000
vt 1.000000 0.000000
vt 1.000000 1.000000
vt 0.000000 1.000000
vt 0.000000 0.000000
vt 1.000000 0.000000
vt 1.000000 1.000000
vt 0.000000 1.000000
vt 0.000000 0.000000
vt 1.000000 0.000000
vt 1.000000 1.000000
vt 0.000000 1.000000
vt 0.000000 0.000000
vt 1.000000 0.000000
vt 1.000000 1.000000
vt 0.000000 1.000000
vt 0.000000 0.000000
vt 1.000000 0.000000
vt 1.000000 1.000000
vt 0.000000 1.000000
vt 0.000000 0.000000
vt 1.000000 0.000000
vt 1.000000 1.000000
vt 0.000000 1.000000
vt 0.000000 0.000000
vt 1.000000 0.000000
vt 1.000000 1.000000
vt 0.000000 1.000000
vt 0.000000 0.000000
vt 1.000000 0.000000
vt 1.000000 1.000000
vt 0.000000 1.000000
vt 0.000000 0.000000
vt 1.000000 0.000000
vt 1.000000 1.000000
vt 0.000000 1.000000
vt 0.000000 0.000000
vt 1.000000 0.000000
vt 1.000000 1.000000
vt 0.000000 1.000000
vt 0.000000 0.000000
vt 1.000000 0.000000
vt 1.000000 1.000000
vt 0.000000 1.000000
vt 0.000000 0.000000
vt 1.000000 0.000000
vt 1.000000 1.000000
vt 0.000000 1.000000
vt 0.000000 0.000000
vt 1.000000 0.000000
vt 1.000000 1.000000
vt 0.000000 1.000000
vt 0.000000 0.000000
vt 1.000000 0.000000
vt 1.000000 1.000000
vt 0.000000 1.000000
vt 0.000000 0.000000
vt 1.000000 0.000000
vt 1.000000 1.000000
vt 0.000000 1.000000
vt 0.000000 0.000000
vt 1.000000 0.000000
vt 1.000000 1.000000
vt 0.000000 1.000000
vt 0.000000 0.000000
vt 1.000000 0.000000
vt 1.000000 1.000000
vt 0.000000 1.000000
vt 0.000000 0.000000
vt 1.000000 0.000000
vt 1.000000 1.000000
vt 0.000000 1.000000
vt 0.000000 0.000000
vt 1.000000 0.000000
vt 1.000000 1.000000
vt 0.000000 1.000000
vt 0.000000 0.000000
vt 1.000000 0.000000
vt 1.000000 1.000000
vt 0.000000 1.000000
vt 0.000000 0.000000
vt 1.000000 0.000000
vt 1.000000 1.000000
vt 0.000000 1.000000
vt 0.000000 0.000000
vt 1.000000 0.000000
vt 1.000000 1.000000
vt 0.000000 1.000000
vt 0.000000 0.000000
vt 1.000000 0.000000
vt 1.000000 1.000000
vt 0.000000 1.000000
vt 0.000000 0.000000
vt 1.000000 0.000000
vt 1.000000 1.000000
vt 0.000000 1.000000
vt 0.000000 0.000000
vt 1.000000 0.000000
vt 1.000000 1.000000
vt 0.000000 1.000000
vt 0.000000 0.000000
vt 1.000000 0.000000
vt 1.000000 1.000000
vt 0.000000 1.000000
vt 0.000000 0.000000
vt 1.000000 0.000000
vt 1.000000 1.000000
vt 0.000000 1.000000
vt 0.000000 0.000000
vt 1.000000 0.000000
vt 1.000000 1.000000
vt 0.000000 1.000000
vt 0.000000 0.000000
vt 1.000000 0.000000
vt 1.000000 1.000000
vt 0.000000 1.000000
vt 0.000000 0.000000
vt 1.000000 0.000000
vt 1.000000 1.000000
vt 0.000000 1.000000
vt 0.000000 0.000000
vt 1.000000 0.000000
vt 1.000000 1.000000
vt 0.000000 1.000000
vt 0.000000 0.000000
vt 1.000000 0.000000
vt 1.000000 1.000000
vt 0.000000 1.000000
vt 0.000000 0.000000
vt 1.000000 0.000000
vt 1.000000 1.000000
vt 0.000000 1.000000
vt 0.000000 0.000000
vt 1.000000 0.000000
vt 1.000000 1.000000
vt 0.000000 1.000000
vt 0.000000 0.000000
vt 1.000000 0.000000
vt 1.000000 1.000000
vt 0.000000 1.000000
vt 0.000000 0.000000
vt 1.000000 0.000000
vt 1.000000 1.000000
vt 0.000000 1.000000
vt 0.000000 0.000000
vt 1.000000 0.000000
vt 1.000000 1.000000
vt 0.000000 1.000000
vt 0.000000 0.000000
vt 1.000000 0.000000
vt 1.000000 1.000000
vt 0.000000 1.000000
vt 0.000000 0.000000
vt 1.000000 0.000000
vt 1.000000 1.000000
vt 0.000000 1.000000
vt 0.000000 0.000000
vt 1.000000 0.000000
vt 1.000000 1.000000
vt 0.000000 1.000000
vt 0.000000 0.000000
vt 1.000000 0.000000
vt 1.000000 1.000000
vt 0.000000 1.000000
vt 0.000000 0.000000
vt 1.000000 0.000000
vt 1.000000 1.000000
vt 0.000000 1.000000
vt 0.000000 0.000000
vt 1.000000 0.000000
vt 1.000000 1.000000
vt 0.000000 1.000000
vt 0.000000 0.000000
vt 1.000000 0.000000
vt 1.000000 1.000000
vt 0.000000 1.000000
vt 0.000000 0.000000
vt 1.000000 0.000000
vt 1.000000 1.000000
vt 0.000000 1.000000
vt 0.000000 0.000000
vt 1.000000 0.000000
vt 1.000000 1.000000
vt 0.000000 1.000000
vt 0.000000 0.000000
vt 1.000000 0.000000
vt 1.000000 1.000000
vt 0.000000 1.000000
vt 0.000000 0.000000
vt 1.000000 0.000000
vt 1.000000 1.000000
vt 0.000000 1.000000
vt 0.000000 0.000000
vt 1.000000 0.000000
vt 1.000000 1.000000
vt 0.000000 1.000000
vt 0.000000 0.000000
vt 1.000000 0.000000
vt 1.000000 1.000000
vt 0.000000 1.000000
vt 0.000000 0.000000
vt 1.000000 0.000000
vt 1.000000 1.000000
vt 0.000000 1.000000
vt 0.000000 0.000000
vt 1.000000 0.000000
vt 1.000000 1.000000
vt 0.000000 1.000000
vt 0.000000 0.000000
vt 1.000000 0.000000
vt 1.000000 1.000000
vt 0.000000 1.000000
vt 0.000000 0.000000
vt 1.000000 0.000000
vt 1.000000 1.000000
vt 0.000000 1.000000
vt 0.000000 0.000000
vt 1.000000 0.000000
vt 1.000000 1.000000
vt 0.000000 1.000000
vt 0.000000 0.000000
vt 1.000000 0.000000
vt 1.000000 1.000000
vt 0.000000 1.000000
vt 0.000000 0.000000
vt 1.000000 0.000000
vt 1.000000 1.000000
vt 0.000000 1.000000
vt 0.000000 0.000000
vt 1.000000 0.000000
vt 1.000000 1.000000
vt 0.000000 1.000000
vt 0.000000 0.000000
vt 1.000000 0.000000
vt 1.000000 1.000000
vt 0.000000 1.000000
vt 0.000000 0.000000
vt 1.000000 0.000000
vt 1.000000 1.000000
vt 0.000000 1.000000
vt 0.000000 0.000000
vt 1.000000 0.000000
vt 1.000000 1.000000
vt 0.000000 1.000000
vt 0.000000 0.000000
vt 1.000000 0.000000
vt 1.000000 1.000000
vt 0.000000 1.000000
vt 0.000000 0.000000
vt 1.000000 0.000000
vt 1.000000 1.000000
vt 0.000000 1.000000
vt 0.000000 0.000000
vt 1.000000 0.000000
vt 1.000000 1.000000
vt 0.000000 1.000000
vt 0.500000 0.500000
vt 0.000000 0.000000
vt 1.000000 0.000000
vt 0.000000 0.000000
vt 1.000000 0.000000
vt 0.000000 0.000000
vt 1.000000 0.000000
vt 0.000000 0.000000
vt 1.000000 0.000000
vt 0.000000 0.000000
vt 1.000000 0.000000
vt 0.000000 0.000000
vt 1.000000 0.000000
vt 0.000000 0.000000
vt 1.000000 0.000000
vt 0.000000 0.000000
vt 1.000000 0.000000
vt 0.000000 0.000000
vt 1.000000 0.000000
vt 0.000000 0.000000
vt 1.000000 0.000000
vt 0.000000 0.000000
vt 1.000000 0.000000
vt 0.000000 0.000000
vt 1.000000 0.000000
vt 0.000000 0.000000
vt 1.000000 0.000000
vt 0.000000 0.000000
vt 1.000000 0.000000
vt 0.500000 0.500000
vt 0.000000 0.000000
vt 1.000000 0.000000
vt 0.000000 0.000000
vt 1.000000 0.000000
vt 0.000000 0.000000
vt 1.000000 0.000000
vt 0.000000 0.000000
vt 1.000000 0.000000
vt 0.000000 0.000000
vt 1.000000 0.000000
vt 0.000000 0.000000
vt 1.000000 0.000000
vt 0.000000 0.000000
vt 1.000000 0.000000
vt 0.000000 0.000000
vt 1.000000 0.000000
vt 0.000000 0.000000
vt 1.000000 0.000000
vt 0.000000 0.000000
vt 1.000000 0.000000
vt 0.000000 0.000000
vt 1.000000 0.000000
vt 0.000000 0.000000
vt 1.000000 0.000000
vt 0.000000 0.000000
vt 1.000000 0.000000
vt 0.000000 0.000000
vt 1.000000 0.000000
vt 0.000000 0.000000
vt 1.000000 0.000000
vt 1.000000 1.000000
vt 0.000000 1.000000
vt 0.000000 0.000000
vt 1.000000 0.000000
vt 1.000000 1.000000
vt 0.000000 1.000000
vt 0.000000 0.000000
vt 1.000000 0.000000
vt 1.000000 1.000000
vt 0.000000 1.000000
vt 0.000000 0.000000
vt 1.000000 0.000000
vt 1.000000 1.000000
vt 0.000000 1.000000
vt 0.000000 0.000000
vt 1.000000 0.000000
vt 1.000000 1.000000
vt 0.000000 1.000000
vt 0.000000 0.000000
vt 1.000000 0.000000
vt 1.000000 1.000000
vt 0.000000 1.000000
vt 0.000000 0.000000
vt 1.000000 0.000000
vt 1.000000 1.000000
vt 0.000000 1.000000
vt 0.000000 0.000000
vt 1.000000 0.000000
vt 1.000000 1.000000
vt 0.000000 1.000000
vt 0.000000 0.000000
vt 1.000000 0.000000
vt 1.000000 1.000000
vt 0.000000 1.000000
vt 0.000000 0.000000
vt 1.000000 0.000000
vt 1.000000 1.000000
vt 0.000000 1.000000
vt 0.000000 0.000000
vt 1.000000 0.000000
vt 1.000000 1.000000
vt 0.000000 1.000000
vt 0.000000 0.000000
vt 1.000000 0.000000
vt 1.000000 1.000000
vt 0.000000 1.000000
vt 0.000000 0.000000
vt 1.000000 0.000000
vt 1.000000 1.000000
vt 0.000000 1.000000
vt 0.000000 0.000000
vt 1.000000 0.000000
vt 1.000000 1.000000
vt 0.000000 1.000000
vt 0.000000 0.000000
vt 1.000000 0.000000
vt 1.000000 1.000000
vt 0.000000 1.000000
vt 0.000000 0.000000
vt 1.000000 0.000000
vt 1.000000 1.000000
vt 0.000000 1.000000
vt 0.000000 0.000000
vt 1.000000 0.000000
vt 1.000000 1.000000
vt 0.000000 1.000000
vt 0.000000 0.000000
vt 1.000000 0.000000
vt 1.000000 1.000000
vt 0.000000 1.000000
vt 0.000000 0.000000
vt 1.000000 0.000000
vt 1.000000 1.000000
vt 0.000000 1.000000
vt 0.000000 0.000000
vt 1.000000 0.000000
vt 1.000000 1.000000
vt 0.000000 1.000000
vt 0.500000 0.500000
vt 0.000000 0.000000
vt 1.000000 0.000000
vt 0.000000 0.000000
vt 1.000000 0.000000
vt 0.000000 0.000000
vt 1.000000 0.000000
vt 0.000000 0.000000
vt 1.000000 0.000000
vt 0.000000 0.000000
vt 1.000000 0.000000
vt 0.000000 0.000000
vt 1.000000 0.000000
vt 0.000000 0.000000
vt 1.000000 0.000000
vt 0.000000 0.000000
vt 1.000000 0.000000
vt 0.000000 0.000000
vt 1.000000 0.000000
vt 0.000000 0.000000
vt 1.000000 0.000000
vt 0.000000 0.000000
vt 1.000000 0.000000
vt 0.000000 0.000000
vt 1.000000 0.000000
vt 0.000000 0.000000
vt 1.000000 0.000000
vt 0.000000 0.000000
vt 1.000000 0.000000
vt 0.500000 0.500000
vt 0.000000 0.000000
vt 1.000000 0.000000
vt 0.000000 0.000000
vt 1.000000 0.000000
vt 0.000000 0.000000
vt 1.000000 0.000000
vt 0.000000 0.000000
vt 1.000000 0.000000
vt 0.000000 0.000000
vt 1.000000 0.000000
vt 0.000000 0.000000
vt 1.000000 0.000000
vt 0.000000 0.000000
vt 1.000000 0.000000
vt 0.000000 0.000000
vt 1.000000 0.000000
vt 0.000000 0.000000
vt 1.000000 0.000000
vt 0.000000 0.000000
vt 1.000000 0.000000
vt 0.000000 0.000000
vt 1.000000 0.000000
vt 0.000000 0.000000
vt 1.000000 0.000000
vt 0.000000 0.000000
vt 1.000000 0.000000
vt 0.000000 0.000000
vt 1.000000 0.000000
vt 0.000000 0.000000
vt 1.000000 0.000000
vt 1.000000 1.000000
vt 0.000000 1.000000
vt 0.000000 0.000000
vt 1.000000 0.000000
vt 1.000000 1.000000
vt 0.000000 1.000000
vt 0.000000 0.000000
vt 1.000000 0.000000
vt 1.000000 1.000000
vt 0.000000 1.000000
vt 0.000000 0.000000
vt 1.000000 0.000000
vt 1.000000 1.000000
vt 0.000000 1.000000
vt 0.000000 0.000000
vt 1.000000 0.000000
vt 1.000000 1.000000
vt 0.000000 1.000000
vt 0.000000 0.000000
vt 1.000000 0.000000
vt 1.000000 1.000000
vt 0.000000 1.000000
vt 0.000000 0.000000
vt 1.000000 0.000000
vt 1.000000 1.000000
vt 0.000000 1.000000
vt 0.000000 0.000000
vt 1.000000 0.000000
vt 1.000000 1.000000
vt 0.000000 1.000000
vt 0.000000 0.000000
vt 1.000000 0.000000
vt 1.000000 1.000000
vt 0.000000 1.000000
vt 0.000000 0.000000
vt 1.000000 0.000000
vt 1.000000 1.000000
vt 0.000000 1.000000
vt 0.000000 0.000000
vt 1.000000 0.000000
vt 1.000000 1.000000
vt 0.000000 1.000000
vt 0.000000 0.000000
vt 1.000000 0.000000
vt 1.000000 1.000000
vt 0.000000 1.000000
vt 0.000000 0.000000
vt 1.000000 0.000000
vt 1.000000 1.000000
vt 0.000000 1.000000
vt 0.000000 0.000000
vt 1.000000 0.000000
vt 1.000000 1.000000
vt 0.000000 1.000000
vt 0.500000 0.500000
vt 0.000000 0.000000
vt 1.000000 0.000000
vt 0.000000 0.000000
vt 1.000000 0.000000
vt 0.000000 0.000000
vt 1.000000 0.000000
vt 0.000000 0.000000
vt 1.000000 0.000000
vt 0.000000 0.000000
vt 1.000000 0.000000
vt 0.000000 0.000000
vt 1.000000 0.000000
vt 0.000000 0.000000
vt 1.000000 0.000000
vt 0.000000 0.000000
vt 1.000000 0.000000
vt 0.500000 0.500000
vt 0.000000 0.000000
vt 1.000000 0.000000
vt 0.000000 0.000000
vt 1.000000 0.000000
vt 0.000000 0.000000
vt 1.000000 0.000000
vt 0.000000 0.000000
vt 1.000000 0.000000
vt 0.000000 0.000000
vt 1.000000 0.000000
vt 0.000000 0.000000
vt 1.000000 0.000000
vt 0.000000 0.000000
vt 1.000000 0.000000
vt 0.000000 0.000000
vt 1.000000 0.000000
vt 0.000000 0.000000
vt 1.000000 0.000000
vt 1.000000 1.000000
vt 0.000000 1.000000
vt 0.000000 0.000000
vt 1.000000 0.000000
vt 1.000000 1.000000
vt 0.000000 1.000000
vt 0.000000 0.000000
vt 1.000000 0.000000
vt 1.000000 1.000000
vt 0.000000 1.000000
vt 0.000000 0.000000
vt 1.000000 0.000000
vt 1.000000 1.000000
vt 0.000000 1.000000
vt 0.000000 0.000000
vt 1.000000 0.000000
vt 1.000000 1.000000
vt 0.000000 1.000000
vt 0.000000 0.000000
vt 1.000000 0.000000
vt 1.000000 1.000000
vt 0.000000 1.000000
vt 0.000000 0.000000
vt 1.000000 0.000000
vt 1.000000 1.000000
vt 0.000000 1.000000
vt 0.000000 0.000000
vt 1.000000 0.000000
vt 1.000000 1.000000
vt 0.000000 1.000000
vt 0.500000 0.500000
vt 0.000000 0.000000
vt 1.000000 0.000000
vt 0.000000 0.000000
vt 1.000000 0.000000
vt 0.000000 0.000000
vt 1.000000 0.000000
vt 0.000000 0.000000
vt 1.000000 0.000000
vt 0.000000 0.000000
vt 1.000000 0.000000
vt 0.000000 0.000000
vt 1.000000 0.000000
vt 0.000000 0.000000
vt 1.000000 0.000000
vt 0.000000 0.000000
vt 1.000000 0.000000
vt 0.500000 0.500000
vt 0.000000 0.000000
vt 1.000000 0.000000
vt 0.000000 0.000000
vt 1.000000 0.000000
vt 0.000000 0.000000
vt 1.000000 0.000000
vt 0.000000 0.000000
vt 1.000000 0.000000
vt 0.000000 0.000000
vt 1.000000 0.000000
vt 0.000000 0.000000
vt 1.000000 0.000000
vt 0.000000 0.000000
vt 1.000000 0.000000
vt 0.000000 0.000000
vt 1.000000 0.000000
vt 0.000000 0.000000
vt 1.000000 0.000000
vt 1.000000 1.000000
vt 0.000000 1.000000
vt 0.000000 0.000000
vt 1.000000 0.000000
vt 1.000000 1.000000
vt 0.000000 1.000000
vt 0.000000 0.000000
vt 1.000000 0.000000
vt 1.000000 1.000000
vt 0.000000 1.000000
vt 0.000000 0.000000
vt 1.000000 0.000000
vt 1.000000 1.000000
vt 0.000000 1.000000
vt 0.000000 0.000000
vt 1.000000 0.000000
vt 1.000000 1.000000
vt 0.000000 1.000000
vt 0.000000 0.000000
vt 1.000000 0.000000
vt 1.000000 1.000000
vt 0.000000 1.000000
vt 0.000000 0.000000
vt 1.000000 0.000000
vt 1.000000 1.000000
vt 0.000000 1.000000
vt 0.000000 0.000000
vt 1.000000 0.000000
vt 1.000000 1.000000
vt 0.000000 1.000000
vt 0.500000 0.500000
vt 0.000000 0.000000
vt 1.000000 0.000000
vt 0.000000 0.000000
vt 1.000000 0.000000
vt 0.000000 0.000000
vt 1.000000 0.000000
vt 0.000000 0.000000
vt 1.000000 0.000000
vt 0.000000 0.000000
vt 1.000000 0.000000
vt 0.000000 0.000000
vt 1.000000 0.000000
vt 0.000000 0.000000
vt 1.000000 0.000000
vt 0.000000 0.000000
vt 1.000000 0.000000
vt 0.500000 0.500000
vt 0.000000 0.000000
vt 1.000000 0.000000
vt 0.000000 0.000000
vt 1.000000 0.000000
vt 0.000000 0.000000
vt 1.000000 0.000000
vt 0.000000 0.000000
vt 1.000000 0.000000
vt 0.000000 0.000000
vt 1.000000 0.000000
vt 0.000000 0.000000
vt 1.000000 0.000000
vt 0.000000 0.000000
vt 1.000000 0.000000
vt 0.000000 0.000000
vt 1.000000 0.000000
vt 0.000000 0.000000
vt 1.000000 0.000000
vt 1.000000 1.000000
vt 0.000000 1.000000
vt 0.000000 0.000000
vt 1.000000 0.000000
vt 1.000000 1.000000
vt 0.000000 1.000000
vt 0.000000 0.000000
vt 1.000000 0.000000
vt 1.000000 1.000000
vt 0.000000 1.000000
vt 0.000000 0.000000
vt 1.000000 0.000000
vt 1.000000 1.000000
vt 0.000000 1.000000
vt 0.000000 0.000000
vt 1.000000 0.000000
vt 1.000000 1.000000
vt 0.000000 1.000000
vt 0.000000 0.000000
vt 1.000000 0.000000
vt 1.000000 1.000000
vt 0.000000 1.000000
vt 0.000000 0.000000
vt 1.000000 0.000000
vt 1.000000 1.000000
vt 0.000000 1.000000
vt 0.000000 0.000000
vt 1.000000 0.000000
vt 1.000000 1.000000
vt 0.000000 1.000000
vt 0.500000 0.500000
vt 0.000000 0.000000
vt 1.000000 0.000000
vt 0.000000 0.000000
vt 1.000000 0.000000
vt 0.000000 0.000000
vt 1.000000 0.000000
vt 0.000000 0.000000
vt 1.000000 0.000000
vt 0.000000 0.000000
vt 1.000000 0.000000
vt 0.000000 0.000000
vt 1.000000 0.000000
vt 0.000000 0.000000
vt 1.000000 0.000000
vt 0.000000 0.000000
vt 1.000000 0.000000
vt 0.500000 0.500000
vt 0.000000 0.000000
vt 1.000000 0.000000
vt 0.000000 0.000000
vt 1.000000 0.000000
vt 0.000000 0.000000
vt 1.000000 0.000000
vt 0.000000 0.000000
vt 1.000000 0.000000
vt 0.000000 0.000000
vt 1.000000 0.000000
vt 0.000000 0.000000
vt 1.000000 0.000000
vt 0.000000 0.000000
vt 1.000000 0.000000
vt 0.000000 0.000000
vt 1.000000 0.000000
vt 0.000000 0.000000
vt 1.000000 0.000000
vt 1.000000 1.000000
vt 0.000000 1.000000
vt 0.000000 0.000000
vt 1.000000 0.000000
vt 1.000000 1.000000
vt 0.000000 1.000000
vt 0.000000 0.000000
vt 1.000000 0.000000
vt 1.000000 1.000000
vt 0.000000 1.000000
vt 0.000000 0.000000
vt 1.000000 0.000000
vt 1.000000 1.000000
vt 0.000000 1.000000
vt 0.000000 0.000000
vt 1.000000 0.000000
vt 1.000000 1.000000
vt 0.000000 1.000000
vt 0.000000 0.000000
vt 1.000000 0.000000
vt 1.000000 1.000000
vt 0.000000 1.000000
vt 0.000000 0.000000
vt 1.000000 0.000000
vt 1.000000 1.000000
vt 0.000000 1.000000
vt 0.500000 0.500000
vt 0.000000 0.000000
vt 1.000000 0.000000
vt 0.000000 0.000000
vt 1.000000 0.000000
vt 0.000000 0.000000
vt 1.000000 0.000000
vt 0.000000 0.000000
vt 1.000000 0.000000
vt 0.000000 0.000000
vt 1.000000 0.000000
vt 0.000000 0.000000
vt 1.000000 0.000000
vt 0.000000 0.000000
vt 1.000000 0.000000
vt 0.500000 0.500000
vt 0.000000 0.000000
vt 1.000000 0.000000
vt 0.000000 0.000000
vt 1.000000 0.000000
vt 0.000000 0.000000
vt 1.000000 0.000000
vt 0.000000 0.000000
vt 1.000000 0.000000
vt 0.000000 0.000000
vt 1.000000 0.000000
vt 0.000000 0.000000
vt 1.000000 0.000000
vt 0.000000 0.000000
vt 1.000000 0.000000
vt 0.000000 0.000000
vt 1.000000 0.000000
vt 1.000000 1.000000
vt 0.000000 1.000000
vt 0.000000 0.000000
vt 1.000000 0.000000
vt 1.000000 1.000000
vt 0.000000 1.000000
vt 0.000000 0.000000
vt 1.000000 0.000000
vt 1.000000 1.000000
vt 0.000000 1.000000
vt 0.000000 0.000000
vt 1.000000 0.000000
vt 1.000000 1.000000
vt 0.000000 1.000000
vt 0.000000 0.000000
vt 1.000000 0.000000
vt 1.000000 1.000000
vt 0.000000 1.000000
vt 0.000000 0.000000
vt 1.000000 0.000000
vt 1.000000 1.000000
vt 0.000000 1.000000
vt 0.000000 0.000000
vt 1.000000 0.000000
vt 1.000000 1.000000
vt 0.000000 1.000000
vt 0.000000 0.000000
vt 1.000000 0.000000
vt 1.000000 1.000000
vt 0.000000 1.000000
vt 0.000000 0.000000
vt 1.000000 0.000000
vt 1.000000 1.000000
vt 0.000000 1.000000
vt 0.000000 0.000000
vt 1.000000 0.000000
vt 1.000000 1.000000
vt 0.000000 1.000000
vt 0.000000 0.000000
vt 1.000000 0.000000
vt 1.000000 1.000000
vt 0.000000 1.000000
vt 0.500000 0.500000
vt 0.000000 0.000000
vt 1.000000 0.000000
vt 0.000000 0.000000
vt 1.000000 0.000000
vt 0.000000 0.000000
vt 1.000000 0.000000
vt 0.000000 0.000000
vt 1.000000 0.000000
vt 0.000000 0.000000
vt 1.000000 0.000000
vt 0.500000 0.500000
vt 0.000000 0.000000
vt 1.000000 0.000000
vt 0.000000 0.000000
vt 1.000000 0.000000
vt 0.000000 0.000000
vt 1.000000 0.000000
vt 0.000000 0.000000
vt 1.000000 0.000000
vt 0.000000 0.000000
vt 1.000000 0.000000
vt 0.000000 0.000000
vt 1.000000 0.000000
vt 1.000000 1.000000
vt 0.000000 1.000000
vt 0.000000 0.000000
vt 1.000000 0.000000
vt 1.000000 1.000000
vt 0.000000 1.000000
vt 0.000000 0.000000
vt 1.000000 0.000000
vt 1.000000 1.000000
vt 0.000000 1.000000
vt 0.000000 0.000000
vt 1.000000 0.000000
vt 1.000000 1.000000
vt 0.000000 1.000000
vt 0.000000 0.000000
vt 1.000000 0.000000
vt 1.000000 1.000000
vt 0.000000 1.000000
vt 0.000000 0.000000
vt 1.000000 0.000000
vt 1.000000 1.000000
vt 0.000000 1.000000
vt 0.000000 0.000000
vt 1.000000 0.000000
vt 1.000000 1.000000
vt 0.000000 1.000000
vt 0.000000 0.000000
vt 1.000000 0.000000
vt 1.000000 1.000000
vt 0.000000 1.000000
vt 0.000000 0.000000
vt 1.000000 0.000000
vt 1.000000 1.000000
vt 0.000000 1.000000
vt 0.000000 0.000000
vt 1.000000 0.000000
vt 1.000000 1.000000
vt 0.000000 1.000000
vt 0.000000 0.000000
vt 1.000000 0.000000
vt 1.000000 1.000000
vt 0.000000 1.000000
vt 0.000000 0.000000
vt 1.000000 0.000000
vt 1.000000 1.000000
vt 0.000000 1.000000
vt 0.000000 0.000000
vt 1.000000 0.000000
vt 1.000000 1.000000
vt 0.000000 1.000000
vt 0.000000 0.000000
vt 1.000000 0.000000
vt 1.000000 1.000000
vt 0.000000 1.000000
vt 0.000000 0.000000
vt 1.000000 0.000000
vt 1.000000 1.000000
vt 0.000000 1.000000
vt 0.000000 0.000000
vt 1.000000 0.000000
vt 1.000000 1.000000
vt 0.000000 1.000000
vt 0.000000 0.000000
vt 1.000000 0.000000
vt 1.000000 1.000000
vt 0.000000 1.000000
vt 0.000000 0.000000
vt 1.000000 0.000000
vt 1.000000 1.000000
vt 0.000000 1.000000
vt 0.000000 0.000000
vt 1.000000 0.000000
vt 1.000000 1.000000
vt 0.000000 1.000000
vt 0.000000 0.000000
vt 1.000000 0.000000
vt 1.000000 1.000000
vt 0.000000 1.000000
vt 0.000000 0.000000
vt 1.000000 0.000000
vt 1.000000 1.000000
vt 0.000000 1.000000
vt 0.000000 0.000000
vt 1.000000 0.000000
vt 1.000000 1.000000
vt 0.000000 1.000000
vt 0.000000 0.000000
vt 1.000000 0.000000
vt 1.000000 1.000000
vt 0.000000 1.000000
vt 0.000000 0.000000
vt 1.000000 0.000000
vt 1.000000 1.000000
vt 0.000000 1.000000
vt 0.000000 0.000000
vt 1.000000 0.000000
vt 1.000000 1.000000
vt 0.000000 1.000000
vt 0.000000 0.000000
vt 1.000000 0.000000
vt 1.000000 1.000000
vt 0.000000 1.000000
vt 0.000000 0.000000
vt 1.000000 0.000000
vt 1.000000 1.000000
vt 0.000000 1.000000
vt 0.000000 0.000000
vt 1.000000 0.000000
vt 1.000000 1.000000
vt 0.000000 1.000000
vt 0.000000 0.000000
vt 1.000000 0.000000
vt 1.000000 1.000000
vt 0.000000 1.000000
vt 0.000000 0.000000
vt 1.000000 0.000000
vt 1.000000 1.000000
vt 0.000000 1.000000
vt 0.000000 0.000000
vt 1.000000 0.000000
vt 1.000000 1.000000
vt 0.000000 1.000000
vt 0.000000 0.000000
vt 1.000000 0.000000
vt 1.000000 1.000000
vt 0.000000 1.000000
vt 0.000000 0.000000
vt 1.000000 0.000000
vt 1.000000 1.000000
vt 0.000000 1.000000
vt 0.000000 0.000000
vt 1.000000 0.000000
vt 1.000000 1.000000
vt 0.000000 1.000000
vt 0.000000 0.000000
vt 1.000000 0.000000
vt 1.000000 1.000000
vt 0.000000 1.000000
vt 0.000000 0.000000
vt 1.000000 0.000000
vt 1.000000 1.000000
vt 0.000000 1.000000
vt 0.000000 0.000000
vt 1.000000 0.000000
vt 1.000000 1.000000
vt 0.000000 1.000000
vt 0.000000 0.000000
vt 1.000000 0.000000
vt 1.000000 1.000000
vt 0.000000 1.000000
vt 0.000000 0.000000
vt 1.000000 0.000000
vt 1.000000 1.000000
vt 0.000000 1.000000
vt 0.000000 0.000000
vt 1.000000 0.000000
vt 1.000000 1.000000
vt 0.000000 1.000000
vt 0.000000 0.000000
vt 1.000000 0.000000
vt 1.000000 1.000000
vt 0.000000 1.000000
vt 0.000000 0.000000
vt 1.000000 0.000000
vt 1.000000 1.000000
vt 0.000000 1.000000
vt 0.000000 0.000000
vt 1.000000 0.000000
vt 1.000000 1.000000
vt 0.000000 1.000000
vt 0.000000 0.000000
vt 1.000000 0.000000
vt 1.000000 1.000000
vt 0.000000 1.000000
vt 0.000000 0.000000
vt 1.000000 0.000000
vt 1.000000 1.000000
vt 0.000000 1.000000
vt 0.000000 0.000000
vt 1.000000 0.000000
vt 1.000000 1.000000
vt 0.000000 1.000000
vt 0.000000 0.000000
vt 1.000000 0.000000
vt 1.000000 1.000000
vt 0.000000 1.000000
vt 0.000000 0.000000
vt 1.000000 0.000000
vt 1.000000 1.000000
vt 0.000000 1.000000
vt 0.000000 0.000000
vt 1.000000 0.000000
vt 1.000000 1.000000
vt 0.000000 1.000000
vt 0.000000 0.000000
vt 1.000000 0.000000
vt 1.000000 1.000000
vt 0.000000 1.000000
vt 0.000000 0.000000
vt 1.000000 0.000000
vt 1.000000 1.000000
vt 0.000000 1.000000
vt 0.000000 0.000000
vt 1.000000 0.000000
vt 1.000000 1.000000
vt 0.000000 1.000000
vt 0.000000 0.000000
vt 1.000000 0.000000
vt 1.000000 1.000000
vt 0.000000 1.000000
vt 0.000000 0.000000
vt 1.000000 0.000000
vt 1.000000 1.000000
vt 0.000000 1.000000
vt 0.000000 0.000000
vt 1.000000 0.000000
vt 1.000000 1.000000
vt 0.000000 1.000000
vt 0.000000 0.000000
vt 1.000000 0.000000
vt 1.000000 1.000000
vt 0.000000 1.000000
vt 0.000000 0.000000
vt 1.000000 0.000000
vt 1.000000 1.000000
vt 0.000000 1.000000
vt 0.000000 0.000000
vt 1.000000 0.000000
vt 1.000000 1.000000
vt 0.000000 1.000000
vt 0.000000 0.000000
vt 1.000000 0.000000
vt 1.000000 1.000000
vt 0.000000 1.000000
vt 0.000000 0.000000
vt 1.000000 0.000000
vt 1.000000 1.000000
vt 0.000000 1.000000
vt 0.000000 0.000000
vt 1.000000 0.000000
vt 1.000000 1.000000
vt 0.000000 1.000000
vt 0.000000 0.000000
vt 1.000000 0.000000
vt 1.000000 1.000000
vt 0.000000 1.000000
vt 0.000000 0.000000
vt 1.000000 0.000000
vt 1.000000 1.000000
vt 0.000000 1.000000
vt 0.000000 0.000000
vt 1.000000 0.000000
vt 1.000000 1.000000
vt 0.000000 1.000000
vt 0.000000 0.000000
vt 1.000000 0.000000
vt 1.000000 1.000000
vt 0.000000 1.000000
vt 0.000000 0.000000
vt 1.000000 0.000000
vt 1.000000 1.000000
vt 0.000000 1.000000
vt 0.000000 0.000000
vt 1.000000 0.000000
vt 1.000000 1.000000
vt 0.000000 1.000000
vt 0.000000 0.000000
vt 1.000000 0.000000
vt 1.000000 1.000000
vt 0.000000 1.000000
vt 0.000000 0.000000
vt 1.000000 0.000000
vt 1.000000 1.000000
vt 0.000000 1.000000
vt 0.000000 0.000000
vt 1.000000 0.000000
vt 1.000000 1.000000
vt 0.000000 1.000000
vt 0.000000 0.000000
vt 1.000000 0.000000
vt 1.000000 1.000000
vt 0.000000 1.000000
vt 0.000000 0.000000
vt 1.000000 0.000000
vt 1.000000 1.000000
vt 0.000000 1.000000
vt 0.000000 0.000000
vt 1.000000 0.000000
vt 1.000000 1.000000
vt 0.000000 1.000000
vt 0.000000 0.000000
vt 1.000000 0.000000
vt 1.000000 1.000000
vt 0.000000 1.000000
vt 0.000000 0.000000
vt 1.000000 0.000000
vt 1.000000 1.000000
vt 0.000000 1.000000
vt 0.000000 0.000000
vt 1.000000 0.000000
vt 1.000000 1.000000
vt 0.000000 1.000000
vt 0.000000 0.000000
vt 1.000000 0.000000
vt 1.000000 1.000000
vt 0.000000 1.000000
vt 0.000000 0.000000
vt 1.000000 0.000000
vt 1.000000 1.000000
vt 0.000000 1.000000
vt 0.000000 0.000000
vt 1.000000 0.000000
vt 1.000000 1.000000
vt 0.000000 1.000000
vt 0.000000 0.000000
vt 1.000000 0.000000
vt 1.000000 1.000000
vt 0.000000 1.000000
vt 0.000000 0.000000
vt 1.000000 0.000000
vt 1.000000 1.000000
vt 0.000000 1.000000
vt 0.000000 0.000000
vt 1.000000 0.000000
vt 1.000000 1.000000
vt 0.000000 1.000000
vt 0.000000 0.000000
vt 1.000000 0.000000
vt 1.000000 1.000000
vt 0.000000 1.000000
vt 0.000000 0.000000
vt 1.000000 0.000000
vt 1.000000 1.000000
vt 0.000000 1.000000
vt 0.000000 0.000000
vt 1.000000 0.000000
vt 1.000000 1.000000
vt 0.000000 1.000000
vt 0.000000 0.000000
vt 1.000000 0.000000
vt 1.000000 1.000000
vt 0.000000 1.000000
vt 0.000000 0.000000
vt 1.000000 0.000000
vt 1.000000 1.000000
vt 0.000000 1.000000
vt 0.000000 0.000000
vt 1.000000 0.000000
vt 1.000000 1.000000
vt 0.000000 1.000000
vt 0.000000 0.000000
vt 1.000000 0.000000
vt 1.000000 1.000000
vt 0.000000 1.000000
vt 0.000000 0.000000
vt 1.000000 0.000000
vt 1.000000 1.000000
vt 0.000000 1.000000
vt 0.000000 0.000000
vt 1.000000 0.000000
vt 1.000000 1.000000
vt 0.000000 1.000000
vt 0.000000 0.000000
vt 1.000000 0.000000
vt 1.000000 1.000000
vt 0.000000 1.000000
vt 0.000000 0.000000
vt 1.000000 0.000000
vt 1.000000 1.000000
vt 0.000000 1.000000
vt 0.000000 0.000000
vt 1.000000 0.000000
vt 1.000000 1.000000
vt 0.000000 1.000000
vt 0.000000 0.000000
vt 1.000000 0.000000
vt 1.000000 1.000000
vt 0.000000 1.000000
vt 0.000000 0.000000
vt 1.000000 0.000000
vt 1.000000 1.000000
vt 0.000000 1.000000
vt 0.000000 0.000000
vt 1.000000 0.000000
vt 1.000000 1.000000
vt 0.000000 1.000000
vt 0.000000 0.000000
vt 1.000000 0.000000
vt 1.000000 1.000000
vt 0.000000 1.000000
vt 0.000000 0.000000
vt 1.000000 0.000000
vt 1.000000 1.000000
vt 0.000000 1.000000
vt 0.000000 0.000000
vt 1.000000 0.000000
vt 1.000000 1.000000
vt 0.000000 1.000000
vt 0.000000 0.000000
vt 1.000000 0.000000
vt 1.000000 1.000000
vt 0.000000 1.000000
vt 0.000000 0.000000
vt 1.000000 0.000000
vt 1.000000 1.000000
vt 0.000000 1.000000
vt 0.000000 0.000000
vt 1.000000 0.000000
vt 1.000000 1.000000
vt 0.000000 1.000000
vt 0.000000 0.000000
vt 1.000000 0.000000
vt 1.000000 1.000000
vt 0.000000 1.000000
vt 0.000000 0.000000
vt 1.000000 0.000000
vt 1.000000 1.000000
vt 0.000000 1.000000
vt 0.000000 0.000000
vt 1.000000 0.000000
vt 1.000000 1.000000
vt 0.000000 1.000000
vt 0.000000 0.000000
vt 1.000000 0.000000
vt 1.000000 1.000000
vt 0.000000 1.000000
vt 0.000000 0.000000
vt 1.000000 0.000000
vt 1.000000 1.000000
vt 0.000000 1.000000
vt 0.000000 0.000000
vt 1.000000 0.000000
vt 1.000000 1.000000
vt 0.000000 1.000000
vt 0.000000 0.000000
vt 1.000000 0.000000
vt 1.000000 1.000000
vt 0.000000 1.000000
vt 0.000000 0.000000
vt 1.000000 0.000000
vt 1.000000 1.000000
vt 0.000000 1.000000
vt 0.000000 0.000000
vt 1.000000 0.000000
vt 1.000000 1.000000
vt 0.000000 1.000000
vt 0.000000 0.000000
vt 1.000000 0.000000
vt 1.000000 1.000000
vt 0.000000 1.000000
vt 0.000000 0.000000
vt 1.000000 0.000000
vt 1.000000 1.000000
vt 0.000000 1.000000
vt 0.000000 0.000000
vt 1.000000 0.000000
vt 1.000000 1.000000
vt 0.000000 1.000000
vt 0.000000 0.000000
vt 1.000000 0.000000
vt 1.000000 1.000000
vt 0.000000 1.000000
vt 0.000000 0.000000
vt 1.000000 0.000000
vt 1.000000 1.000000
vt 0.000000 1.000000
vt 0.000000 0.000000
vt 1.000000 0.000000
vt 1.000000 1.000000
vt 0.000000 1.000000
vt 0.000000 0.000000
vt 1.000000 0.000000
vt 1.000000 1.000000
vt 0.000000 1.000000
vt 0.000000 0.000000
vt 1.000000 0.000000
vt 1.000000 1.000000
vt 0.000000 1.000000
vt 0.000000 0.000000
vt 1.000000 0.000000
vt 1.000000 1.000000
vt 0.000000 1.000000
vt 0.000000 0.000000
vt 1.000000 0.000000
vt 1.000000 1.000000
vt 0.000000 1.000000
vt 0.000000 0.000000
vt 1.000000 0.000000
vt 1.000000 1.000000
vt 0.000000 1.000000
vt 0.000000 0.000000
vt 1.000000 0.000000
vt 1.000000 1.000000
vt 0.000000 1.000000
vt 0.000000 0.000000
vt 1.000000 0.000000
vt 1.000000 1.000000
vt 0.000000 1.000000
vt 0.000000 0.000000
vt 1.000000 0.000000
vt 1.000000 1.000000
vt 0.000000 1.000000
vt 0.000000 0.000000
vt 1.000000 0.000000
vt 1.000000 1.000000
vt 0.000000 1.000000
vt 0.000000 0.000000
vt 1.000000 0.000000
vt 1.000000 1.000000
vt 0.000000 1.000000
vt 0.000000 0.000000
vt 1.000000 0.000000
vt 1.000000 1.000000
vt 0.000000 1.000000
vt 0.000000 0.000000
vt 1.000000 0.000000
vt 1.000000 1.000000
vt 0.000000 1.000000
vt 0.500000 0.500000
vt 0.000000 0.000000
vt 1.000000 0.000000
vt 0.500000 0.500000
vt 0.000000 1.000000
vt 1.000000 1.000000
vt 0.500000 0.500000
vt 0.000000 0.000000
vt 1.000000 0.000000
vt 0.500000 0.500000
vt 0.000000 1.000000
vt 1.000000 1.000000
vt 0.500000 0.500000
vt 0.000000 0.000000
vt 1.000000 0.000000
vt 0.500000 0.500000
vt 0.000000 1.000000
vt 1.000000 1.000000
vt 0.500000 0.500000
vt 0.000000 0.000000
vt 1.000000 0.000000
vt 0.500000 0.500000
vt 0.000000 1.000000
vt 1.000000 1.000000
vt 0.500000 0.500000
vt 0.000000 0.000000
vt 1.000000 0.000000
vt 0.500000 0.500000
vt 0.000000 1.000000
vt 1.000000 1.000000
vt 0.500000 0.500000
vt 0.000000 0.000000
vt 1.000000 0.000000
vt 0.500000 0.500000
vt 0.000000 1.000000
vt 1.000000 1.000000
vt 0.500000 0.500000
vt 0.000000 0.000000
vt 1.000000 0.000000
vt 0.500000 0.500000
vt 0.000000 1.000000
vt 1.000000 1.000000
vt 0.500000 0.500000
vt 0.000000 0.000000
vt 1.000000 0.000000
vt 0.500000 0.500000
vt 0.000000 1.000000
vt 1.000000 1.000000
vt 0.500000 0.500000
vt 0.000000 0.000000
vt 1.000000 0.000000
vt 0.500000 0.500000
vt 0.000000 1.000000
vt 1.000000 1.000000
vt 0.500000 0.500000
vt 0.000000 0.000000
vt 1.000000 0.000000
vt 0.500000 0.500000
vt 0.000000 1.000000
vt 1.000000 1.000000
vt 0.000000 0.000000
vt 1.000000 0.000000
vt 1.000000 1.000000
vt 0.000000 1.000000
vt 0.000000 0.000000
vt 1.000000 0.000000
vt 1.000000 1.000000
vt 0.000000 1.000000
vt 0.000000 0.000000
vt 1.000000 0.000000
vt 1.000000 1.000000
vt 0.000000 1.000000
vt 0.000000 0.000000
vt 1.000000 0.000000
vt 1.000000 1.000000
vt 0.000000 1.000000
vt 0.000000 0.000000
vt 1.000000 0.000000
vt 1.000000 1.000000
vt 0.000000 1.000000
vt 0.000000 0.000000
vt 1.000000 0.000000
vt 1.000000 1.000000
vt 0.000000 1.000000
vt 0.000000 0.000000
vt 1.000000 0.000000
vt 1.000000 1.000000
vt 0.000000 1.000000
vt 0.000000 0.000000
vt 1.000000 0.000000
vt 1.000000 1.000000
vt 0.000000 1.000000
vt 0.000000 0.000000
vt 1.000000 0.000000
vt 1.000000 1.000000
vt 0.000000 1.000000
vt 0.000000 0.000000
vt 1.000000 0.000000
vt 1.000000 1.000000
vt 0.000000 1.000000
vt 0.500000 0.500000
vt 0.000000 0.000000
vt 1.000000 0.000000
vt 0.500000 0.500000
vt 0.000000 1.000000
vt 1.000000 1.000000
vt 0.500000 0.500000
vt 0.000000 0.000000
vt 1.000000 0.000000
vt 0.500000 0.500000
vt 0.000000 1.000000
vt 1.000000 1.000000
vt 0.500000 0.500000
vt 0.000000 0.000000
vt 1.000000 0.000000
vt 0.500000 0.500000
vt 0.000000 1.000000
vt 1.000000 1.000000
vt 0.500000 0.500000
vt 0.000000 0.000000
vt 1.000000 0.000000
vt 0.500000 0.500000
vt 0.000000 1.000000
vt 1.000000 1.000000
vt 0.500000 0.500000
vt 0.000000 0.000000
vt 1.000000 0.000000
vt 0.500000 0.500000
vt 0.000000 1.000000
vt 1.000000 1.000000
vt 0.500000 0.500000
vt 0.000000 0.000000
vt 1.000000 0.000000
vt 0.500000 0.500000
vt 0.000000 1.000000
vt 1.000000 1.000000
vt 0.500000 0.500000
vt 0.000000 0.000000
vt 1.000000 0.000000
vt 0.500000 0.500000
vt 0.000000 1.000000
vt 1.000000 1.000000
vt 0.500000 0.500000
vt 0.000000 0.000000
vt 1.000000 0.000000
vt 0.500000 0.500000
vt 0.000000 1.000000
vt 1.000000 1.000000
vt 0.500000 0.500000
vt 0.000000 0.000000
vt 1.000000 0.000000
vt 0.500000 0.500000
vt 0.000000 1.000000
vt 1.000000 1.000000
vt 0.500000 0.500000
vt 0.000000 0.000000
vt 1.000000 0.000000
vt 0.500000 0.500000
vt 0.000000 1.000000
vt 1.000000 1.000000
vt 0.000000 0.000000
vt 1.000000 0.000000
vt 1.000000 1.000000
vt 0.000000 1.000000
vt 0.000000 0.000000
vt 1.000000 0.000000
vt 1.000000 1.000000
vt 0.000000 1.000000
vt 0.000000 0.000000
vt 1.000000 0.000000
vt 1.000000 1.000000
vt 0.000000 1.000000
vt 0.000000 0.000000
vt 1.000000 0.000000
vt 1.000000 1.000000
vt 0.000000 1.000000
vt 0.000000 0.000000
vt 1.000000 0.000000
vt 1.000000 1.000000
vt 0.000000 1.000000
vt 0.000000 0.000000
vt 1.000000 0.000000
vt 1.000000 1.000000
vt 0.000000 1.000000
vt 0.000000 0.000000
vt 1.000000 0.000000
vt 1.000000 1.000000
vt 0.000000 1.000000
vt 0.000000 0.000000
vt 1.000000 0.000000
vt 1.000000 1.000000
vt 0.000000 1.000000
vt 0.000000 0.000000
vt 1.000000 0.000000
vt 1.000000 1.000000
vt 0.000000 1.000000
vt 0.000000 0.000000
vt 1.000000 0.000000
vt 1.000000 1.000000
vt 0.000000 1.000000
vt 0.000000 0.000000
vt 1.000000 0.000000
vt 1.000000 1.000000
vt 0.000000 1.000000
vt 0.000000 0.000000
vt 1.000000 0.000000
vt 1.000000 1.000000
vt 0.000000 1.000000
vt 0.000000 0.000000
vt 1.000000 0.000000
vt 1.000000 1.000000
vt 0.000000 1.000000
vt 0.000000 0.000000
vt 1.000000 0.000000
vt 1.000000 1.000000
vt 0.000000 1.000000
vt 0.000000 0.000000
vt 1.000000 0.000000
vt 1.000000 1.000000
vt 0.000000 1.000000
vt 0.000000 0.000000
vt 1.000000 0.000000
vt 1.000000 1.000000
vt 0.000000 1.000000
vt 0.000000 0.000000
vt 1.000000 0.000000
vt 1.000000 1.000000
vt 0.000000 1.000000
vt 0.000000 0.000000
vt 1.000000 0.000000
vt 1.000000 1.000000
vt 0.000000 1.000000
vt 0.000000 0.000000
vt 1.000000 0.000000
vt 1.000000 1.000000
vt 0.000000 1.000000
vt 0.000000 0.000000
vt 1.000000 0.000000
vt 1.000000 1.000000
vt 0.000000 1.000000
vt 0.000000 0.000000
vt 1.000000 0.000000
vt 1.000000 1.000000
vt 0.000000 1.000000
vt 0.000000 0.000000
vt 1.000000 0.000000
vt 1.000000 1.000000
vt 0.000000 1.000000
vt 0.000000 0.000000
vt 1.000000 0.000000
vt 1.000000 1.000000
vt 0.000000 1.000000
vt 0.000000 0.000000
vt 1.000000 0.000000
vt 1.000000 1.000000
vt 0.000000 1.000000
vt 0.000000 0.000000
vt 1.000000 0.000000
vt 1.000000 1.000000
vt 0.000000 1.000000
vt 0.000000 0.000000
vt 1.000000 0.000000
vt 1.000000 1.000000
vt 0.000000 1.000000
vt 0.000000 0.000000
vt 1.000000 0.000000
vt 1.000000 1.000000
vt 0.000000 1.000000
vt 0.000000 0.000000
vt 1.000000 0.000000
vt 1.000000 1.000000
vt 0.000000 1.000000
vt 0.000000 0.000000
vt 1.000000 0.000000
vt 1.000000 1.000000
vt 0.000000 1.000000
vt 0.000000 0.000000
vt 1.000000 0.000000
vt 1.000000 1.000000
vt 0.000000 1.000000
vt 0.000000 0.000000
vt 1.000000 0.000000
vt 1.000000 1.000000
vt 0.000000 1.000000
vt 0.000000 0.000000
vt 1.000000 0.000000
vt 1.000000 1.000000
vt 0.000000 1.000000
vt 0.000000 0.000000
vt 1.000000 0.000000
vt 1.000000 1.000000
vt 0.000000 1.000000
vt 0.000000 0.000000
vt 1.000000 0.000000
vt 1.000000 1.000000
vt 0.000000 1.000000
vt 0.000000 0.000000
vt 1.000000 0.000000
vt 1.000000 1.000000
vt 0.000000 1.000000
vt 0.000000 0.000000
vt 1.000000 0.000000
vt 1.000000 1.000000
vt 0.000000 1.000000
vt 0.000000 0.000000
vt 1.000000 0.000000
vt 1.000000 1.000000
vt 0.000000 1.000000
vt 0.000000 0.000000
vt 1.000000 0.000000
vt 1.000000 1.000000
vt 0.000000 1.000000
vt 0.000000 0.000000
vt 1.000000 0.000000
vt 1.000000 1.000000
vt 0.000000 1.000000
vt 0.000000 0.000000
vt 1.000000 0.000000
vt 1.000000 1.000000
vt 0.000000 1.000000
vt 0.000000 0.000000
vt 1.000000 0.000000
vt 1.000000 1.000000
vt 0.000000 1.000000
vt 0.000000 0.000000
vt 1.000000 0.000000
vt 1.000000 1.000000
vt 0.000000 1.000000
vt 0.000000 0.000000
vt 1.000000 0.000000
vt 1.000000 1.000000
vt 0.000000 1.000000
vt 0.000000 0.000000
vt 1.000000 0.000000
vt 1.000000 1.000000
vt 0.000000 1.000000
vt 0.000000 0.000000
vt 1.000000 0.000000
vt 1.000000 1.000000
vt 0.000000 1.000000
vt 0.000000 0.000000
vt 1.000000 0.000000
vt 1.000000 1.000000
vt 0.000000 1.000000
vt 0.000000 0.000000
vt 1.000000 0.000000
vt 1.000000 1.000000
vt 0.000000 1.000000
vt 0.000000 0.000000
vt 1.000000 0.000000
vt 1.000000 1.000000
vt 0.000000 1.000000
usemtl Char
f 1/1 2/2 3/3
f 1/1 3/3 4/4
f 5/5 6/6 7/7
f 5/5 7/7 8/8
f 9/9 10/10 11/11
f 9/9 11/11 12/12
f 13/13 14/14 15/15
f 13/13 15/15 16/16
f 17/17 18/18 19/19
f 17/17 19/19 20/20
f 21/21 22/22 23/23
f 21/21 23/23 24/24
usemtl Metal
f 25/25 26/26 27/27
f 25/25 27/27 28/28
f 29/29 30/30 31/31
f 29/29 31/31 32/32
f 33/33 34/34 35/35
f 33/33 35/35 36/36
f 37/37 38/38 39/39
f 37/37 39/39 40/40
f 41/41 42/42 43/43
f 41/41 43/43 44/44
f 45/45 46/46 47/47
f 45/45 47/47 48/48
usemtl Char
f 49/49 50/50 51/51
f 49/49 51/51 52/52
f 53/53 54/54 55/55
f 53/53 55/55 56/56
f 57/57 58/58 59/59
f 57/57 59/59 60/60
f 61/61 62/62 63/63
f 61/61 63/63 64/64
f 65/65 66/66 67/67
f 65/65 67/67 68/68
f 69/69 70/70 71/71
f 69/69 71/71 72/72
usemtl Rope
f 73/73 74/74 75/75
f 73/73 75/75 76/76
f 77/77 78/78 79/79
f 77/77 79/79 80/80
f 81/81 82/82 83/83
f 81/81 83/83 84/84
f 85/85 86/86 87/87
f 85/85 87/87 88/88
f 89/89 90/90 91/91
f 89/89 91/91 92/92
f 93/93 94/94 95/95
f 93/93 95/95 96/96
f 97/97 98/98 99/99
f 97/97 99/99 100/100
f 101/101 102/102 103/103
f 101/101 103/103 104/104
f 105/105 106/106 107/107
f 105/105 107/107 108/108
f 109/109 110/110 111/111
f 109/109 111/111 112/112
f 113/113 114/114 115/115
f 113/113 115/115 116/116
f 117/117 118/118 119/119
f 117/117 119/119 120/120
f 121/121 122/122 123/123
f 121/121 123/123 124/124
f 125/125 126/126 127/127
f 125/125 127/127 128/128
f 129/129 130/130 131/131
f 129/129 131/131 132/132
f 133/133 134/134 135/135
f 133/133 135/135 136/136
f 137/137 138/138 139/139
f 137/137 139/139 140/140
f 141/141 142/142 143/143
f 141/141 143/143 144/144
f 145/145 146/146 147/147
f 145/145 147/147 148/148
f 149/149 150/150 151/151
f 149/149 151/151 152/152
f 153/153 154/154 155/155
f 153/153 155/155 156/156
f 157/157 158/158 159/159
f 157/157 159/159 160/160
f 161/161 162/162 163/163
f 161/161 163/163 164/164
f 165/165 166/166 167/167
f 165/165 167/167 168/168
usemtl Char
f 169/169 170/170 171/171
f 169/169 171/171 172/172
f 173/173 174/174 175/175
f 173/173 175/175 176/176
f 177/177 178/178 179/179
f 177/177 179/179 180/180
f 181/181 182/182 183/183
f 181/181 183/183 184/184
f 185/185 186/186 187/187
f 185/185 187/187 188/188
f 189/189 190/190 191/191
f 189/189 191/191 192/192
f 193/193 194/194 195/195
f 193/193 195/195 196/196
f 197/197 198/198 199/199
f 197/197 199/199 200/200
f 201/201 202/202 203/203
f 201/201 203/203 204/204
f 205/205 206/206 207/207
f 205/205 207/207 208/208
f 209/209 210/210 211/211
f 209/209 211/211 212/212
f 213/213 214/214 215/215
f 213/213 215/215 216/216
f 217/217 218/218 219/219
f 217/217 219/219 220/220
f 221/221 222/222 223/223
f 221/221 223/223 224/224
f 225/225 226/226 227/227
f 225/225 227/227 228/228
f 229/229 230/230 231/231
f 229/229 231/231 232/232
f 233/233 234/234 235/235
f 233/233 235/235 236/236
f 237/237 238/238 239/239
f 237/237 239/239 240/240
f 241/241 242/242 243/243
f 241/241 243/243 244/244
f 245/245 246/246 247/247
f 245/245 247/247 248/248
f 249/249 251/251 250/250
f 249/249 253/253 252/252
f 249/249 255/255 254/254
f 249/249 257/257 256/256
f 249/249 259/259 258/258
f 249/249 261/261 260/260
f 249/249 263/263 262/262
f 249/249 265/265 264/264
f 249/249 267/267 266/266
f 249/249 269/269 268/268
f 249/249 271/271 270/270
f 249/249 273/273 272/272
f 249/249 275/275 274/274
f 249/249 277/277 276/276
f 249/249 279/279 278/278
f 249/249 281/281 280/280
f 249/249 283/283 282/282
f 249/249 285/285 284/284
f 249/249 287/287 286/286
f 249/249 289/289 288/288
f 290/290 291/291 292/292
f 290/290 293/293 294/294
f 290/290 295/295 296/296
f 290/290 297/297 298/298
f 290/290 299/299 300/300
f 290/290 301/301 302/302
f 290/290 303/303 304/304
f 290/290 305/305 306/306
f 290/290 307/307 308/308
f 290/290 309/309 310/310
f 290/290 311/311 312/312
f 290/290 313/313 314/314
f 290/290 315/315 316/316
f 290/290 317/317 318/318
f 290/290 319/319 320/320
f 290/290 321/321 322/322
f 290/290 323/323 324/324
f 290/290 325/325 326/326
f 290/290 327/327 328/328
f 290/290 329/329 330/330
usemtl Metal
f 331/331 332/332 333/333
f 331/331 333/333 334/334
f 335/335 336/336 337/337
f 335/335 337/337 338/338
f 339/339 340/340 341/341
f 339/339 341/341 342/342
f 343/343 344/344 345/345
f 343/343 345/345 346/346
f 347/347 348/348 349/349
f 347/347 349/349 350/350
f 351/351 352/352 353/353
f 351/351 353/353 354/354
f 355/355 356/356 357/357
f 355/355 357/357 358/358
f 359/359 360/360 361/361
f 359/359 361/361 362/362
f 363/363 364/364 365/365
f 363/363 365/365 366/366
f 367/367 368/368 369/369
f 367/367 369/369 370/370
f 371/371 372/372 373/373
f 371/371 373/373 374/374
f 375/375 376/376 377/377
f 375/375 377/377 378/378
f 379/379 380/380 381/381
f 379/379 381/381 382/382
f 383/383 384/384 385/385
f 383/383 385/385 386/386
f 387/387 388/388 389/389
f 387/387 389/389 390/390
f 391/391 392/392 393/393
f 391/391 393/393 394/394
f 395/395 396/396 397/397
f 395/395 397/397 398/398
f 399/399 400/400 401/401
f 399/399 401/401 402/402
f 403/403 404/404 405/405
f 403/403 405/405 406/406
f 407/407 408/408 409/409
f 407/407 409/409 410/410
f 411/411 412/412 413/413
f 411/411 413/413 414/414
f 415/415 416/416 417/417
f 415/415 417/417 418/418
f 419/419 420/420 421/421
f 419/419 421/421 422/422
f 423/423 424/424 425/425
f 423/423 425/425 426/426
f 427/427 428/428 429/429
f 427/427 429/429 430/430
f 431/431 432/432 433/433
f 431/431 433/433 434/434
f 435/435 436/436 437/437
f 435/435 437/437 438/438
f 439/439 440/440 441/441
f 439/439 441/441 442/442
f 443/443 444/444 445/445
f 443/443 445/445 446/446
f 447/447 448/448 449/449
f 447/447 449/449 450/450
f 451/451 452/452 453/453
f 451/451 453/453 454/454
f 455/455 456/456 457/457
f 455/455 457/457 458/458
f 459/459 460/460 461/461
f 459/459 461/461 462/462
f 463/463 464/464 465/465
f 463/463 465/465 466/466
f 467/467 468/468 469/469
f 467/467 469/469 470/470
f 471/471 472/472 473/473
f 471/471 473/473 474/474
f 475/475 476/476 477/477
f 475/475 477/477 478/478
f 479/479 480/480 481/481
f 479/479 481/481 482/482
f 483/483 484/484 485/485
f 483/483 485/485 486/486
f 487/487 488/488 489/489
f 487/487 489/489 490/490
f 491/491 492/492 493/493
f 491/491 493/493 494/494
f 495/495 496/496 497/497
f 495/495 497/497 498/498
f 499/499 500/500 501/501
f 499/499 501/501 502/502
f 503/503 504/504 505/505
f 503/503 505/505 506/506
f 507/507 508/508 509/509
f 507/507 509/509 510/510
f 511/511 512/512 513/513
f 511/511 513/513 514/514
f 515/515 516/516 517/517
f 515/515 517/517 518/518
f 519/519 520/520 521/521
f 519/519 521/521 522/522
f 523/523 524/524 525/525
f 523/523 525/525 526/526
f 527/527 528/528 529/529
f 527/527 529/529 530/530
f 531/531 532/532 533/533
f 531/531 533/533 534/534
f 535/535 536/536 537/537
f 535/535 537/537 538/538
f 539/539 540/540 541/541
f 539/539 541/541 542/542
f 543/543 544/544 545/545
f 543/543 545/545 546/546
f 547/547 548/548 549/549
f 547/547 549/549 550/550
f 551/551 552/552 553/553
f 551/551 553/553 554/554
f 555/555 556/556 557/557
f 555/555 557/557 558/558
f 559/559 560/560 561/561
f 559/559 561/561 562/562
f 563/563 564/564 565/565
f 563/563 565/565 566/566
f 567/567 568/568 569/569
f 567/567 569/569 570/570
f 571/571 572/572 573/573
f 571/571 573/573 574/574
f 575/575 576/576 577/577
f 575/575 577/577 578/578
f 579/579 580/580 581/581
f 579/579 581/581 582/582
f 583/583 584/584 585/585
f 583/583 585/585 586/586
f 587/587 588/588 589/589
f 587/587 589/589 590/590
f 591/591 592/592 593/593
f 591/591 593/593 594/594
f 595/595 596/596 597/597
f 595/595 597/597 598/598
f 599/599 600/600 601/601
f 599/599 601/601 602/602
f 603/603 604/604 605/605
f 603/603 605/605 606/606
f 607/607 608/608 609/609
f 607/607 609/609 610/610
f 611/611 612/612 613/613
f 611/611 613/613 614/614
f 615/615 616/616 617/617
f 615/615 617/617 618/618
f 619/619 620/620 621/621
f 619/619 621/621 622/622
f 623/623 624/624 625/625
f 623/623 625/625 626/626
f 627/627 628/628 629/629
f 627/627 629/629 630/630
f 631/631 632/632 633/633
f 631/631 633/633 634/634
f 635/635 636/636 637/637
f 635/635 637/637 638/638
f 639/639 640/640 641/641
f 639/639 641/641 642/642
f 643/643 644/644 645/645
f 643/643 645/645 646/646
f 647/647 648/648 649/649
f 647/647 649/649 650/650
f 651/651 652/652 653/653
f 651/651 653/653 654/654
f 655/655 656/656 657/657
f 655/655 657/657 658/658
f 659/659 660/660 661/661
f 659/659 661/661 662/662
f 663/663 664/664 665/665
f 663/663 665/665 666/666
f 667/667 668/668 669/669
f 667/667 669/669 670/670
f 671/671 672/672 673/673
f 671/671 673/673 674/674
f 675/675 676/676 677/677
f 675/675 677/677 678/678
f 679/679 680/680 681/681
f 679/679 681/681 682/682
f 683/683 684/684 685/685
f 683/683 685/685 686/686
f 687/687 688/688 689/689
f 687/687 689/689 690/690
f 691/691 692/692 693/693
f 691/691 693/693 694/694
f 695/695 696/696 697/697
f 695/695 697/697 698/698
f 699/699 700/700 701/701
f 699/699 701/701 702/702
f 703/703 704/704 705/705
f 703/703 705/705 706/706
f 707/707 708/708 709/709
f 707/707 709/709 710/710
f 711/711 712/712 713/713
f 711/711 713/713 714/714
f 715/715 716/716 717/717
f 715/715 717/717 718/718
f 719/719 720/720 721/721
f 719/719 721/721 722/722
f 723/723 724/724 725/725
f 723/723 725/725 726/726
f 727/727 728/728 729/729
f 727/727 729/729 730/730
f 731/731 732/732 733/733
f 731/731 733/733 734/734
f 735/735 736/736 737/737
f 735/735 737/737 738/738
f 739/739 740/740 741/741
f 739/739 741/741 742/742
f 743/743 744/744 745/745
f 743/743 745/745 746/746
f 747/747 748/748 749/749
f 747/747 749/749 750/750
f 751/751 752/752 753/753
f 751/751 753/753 754/754
f 755/755 756/756 757/757
f 755/755 757/757 758/758
f 759/759 760/760 761/761
f 759/759 761/761 762/762
f 763/763 764/764 765/765
f 763/763 765/765 766/766
f 767/767 768/768 769/769
f 767/767 769/769 770/770
f 771/771 772/772 773/773
f 771/771 773/773 774/774
f 775/775 776/776 777/777
f 775/775 777/777 778/778
f 779/779 780/780 781/781
f 779/779 781/781 782/782
f 783/783 784/784 785/785
f 783/783 785/785 786/786
f 787/787 788/788 789/789
f 787/787 789/789 790/790
f 791/791 792/792 793/793
f 791/791 793/793 794/794
f 795/795 796/796 797/797
f 795/795 797/797 798/798
f 799/799 800/800 801/801
f 799/799 801/801 802/802
f 803/803 804/804 805/805
f 803/803 805/805 806/806
f 807/807 808/808 809/809
f 807/807 809/809 810/810
f 811/811 812/812 813/813
f 811/811 813/813 814/814
f 815/815 816/816 817/817
f 815/815 817/817 818/818
f 819/819 820/820 821/821
f 819/819 821/821 822/822
f 823/823 824/824 825/825
f 823/823 825/825 826/826
f 827/827 828/828 829/829
f 827/827 829/829 830/830
f 831/831 832/832 833/833
f 831/831 833/833 834/834
f 835/835 836/836 837/837
f 835/835 837/837 838/838
f 839/839 840/840 841/841
f 839/839 841/841 842/842
f 843/843 844/844 845/845
f 843/843 845/845 846/846
f 847/847 848/848 849/849
f 847/847 849/849 850/850
f 851/851 852/852 853/853
f 851/851 853/853 854/854
f 855/855 856/856 857/857
f 855/855 857/857 858/858
f 859/859 860/860 861/861
f 859/859 861/861 862/862
f 863/863 864/864 865/865
f 863/863 865/865 866/866
f 867/867 868/868 869/869
f 867/867 869/869 870/870
f 871/871 872/872 873/873
f 871/871 873/873 874/874
f 875/875 876/876 877/877
f 875/875 877/877 878/878
f 879/879 880/880 881/881
f 879/879 881/881 882/882
f 883/883 884/884 885/885
f 883/883 885/885 886/886
f 887/887 888/888 889/889
f 887/887 889/889 890/890
f 891/891 892/892 893/893
f 891/891 893/893 894/894
f 895/895 896/896 897/897
f 895/895 897/897 898/898
f 899/899 900/900 901/901
f 899/899 901/901 902/902
f 903/903 904/904 905/905
f 903/903 905/905 906/906
f 907/907 908/908 909/909
f 907/907 909/909 910/910
f 911/911 912/912 913/913
f 911/911 913/913 914/914
f 915/915 916/916 917/917
f 915/915 917/917 918/918
f 919/919 920/920 921/921
f 919/919 921/921 922/922
f 923/923 924/924 925/925
f 923/923 925/925 926/926
f 927/927 928/928 929/929
f 927/927 929/929 930/930
f 931/931 932/932 933/933
f 931/931 933/933 934/934
f 935/935 936/936 937/937
f 935/935 937/937 938/938
f 939/939 940/940 941/941
f 939/939 941/941 942/942
f 943/943 944/944 945/945
f 943/943 945/945 946/946
f 947/947 948/948 949/949
f 947/947 949/949 950/950
f 951/951 952/952 953/953
f 951/951 953/953 954/954
f 955/955 956/956 957/957
f 955/955 957/957 958/958
f 959/959 960/960 961/961
f 959/959 961/961 962/962
f 963/963 964/964 965/965
f 963/963 965/965 966/966
f 967/967 968/968 969/969
f 967/967 969/969 970/970
f 971/971 972/972 973/973
f 971/971 973/973 974/974
f 975/975 976/976 977/977
f 975/975 977/977 978/978
f 979/979 980/980 981/981
f 979/979 981/981 982/982
f 983/983 984/984 985/985
f 983/983 985/985 986/986
f 987/987 988/988 989/989
f 987/987 989/989 990/990
f 991/991 992/992 993/993
f 991/991 993/993 994/994
f 995/995 996/996 997/997
f 995/995 997/997 998/998
f 999/999 1000/1000 1001/1001
f 999/999 1001/1001 1002/1002
f 1003/1003 1004/1004 1005/1005
f 1003/1003 1005/1005 1006/1006
f 1007/1007 1008/1008 1009/1009
f 1007/1007 1009/1009 1010/1010
f 1011/1011 1012/1012 1013/1013
f 1011/1011 1013/1013 1014/1014
f 1015/1015 1016/1016 1017/1017
f 1015/1015 1017/1017 1018/1018
f 1019/1019 1020/1020 1021/1021
f 1019/1019 1021/1021 1022/1022
f 1023/1023 1024/1024 1025/1025
f 1023/1023 1025/1025 1026/1026
f 1027/1027 1028/1028 1029/1029
f 1027/1027 1029/1029 1030/1030
f 1031/1031 1032/1032 1033/1033
f 1031/1031 1033/1033 1034/1034
usemtl Cloth
f 1035/1035 1036/1036 1037/1037
f 1035/1035 1037/1037 1038/1038
f 1039/1039 1040/1040 1041/1041
f 1039/1039 1041/1041 1042/1042
f 1043/1043 1044/1044 1045/1045
f 1043/1043 1045/1045 1046/1046
f 1047/1047 1048/1048 1049/1049
f 1047/1047 1049/1049 1050/1050
f 1051/1051 1052/1052 1053/1053
f 1051/1051 1053/1053 1054/1054
f 1055/1055 1056/1056 1057/1057
f 1055/1055 1057/1057 1058/1058
usemtl Metal
f 1059/1059 1060/1060 1061/1061
f 1059/1059 1061/1061 1062/1062
f 1063/1063 1064/1064 1065/1065
f 1063/1063 1065/1065 1066/1066
f 1067/1067 1068/1068 1069/1069
f 1067/1067 1069/1069 1070/1070
f 1071/1071 1072/1072 1073/1073
f 1071/1071 1073/1073 1074/1074
f 1075/1075 1076/1076 1077/1077
f 1075/1075 1077/1077 1078/1078
f 1079/1079 1080/1080 1081/1081
f 1079/1079 1081/1081 1082/1082
f 1083/1083 1084/1084 1085/1085
f 1083/1083 1085/1085 1086/1086
f 1087/1087 1088/1088 1089/1089
f 1087/1087 1089/1089 1090/1090
f 1091/1091 1092/1092 1093/1093
f 1091/1091 1093/1093 1094/1094
f 1095/1095 1096/1096 1097/1097
f 1095/1095 1097/1097 1098/1098
f 1099/1099 1100/1100 1101/1101
f 1099/1099 1101/1101 1102/1102
f 1103/1103 1104/1104 1105/1105
f 1103/1103 1105/1105 1106/1106
f 1107/1107 1108/1108 1109/1109
f 1107/1107 1109/1109 1110/1110
f 1111/1111 1112/1112 1113/1113
f 1111/1111 1113/1113 1114/1114
f 1115/1115 1116/1116 1117/1117
f 1115/1115 1117/1117 1118/1118
f 1119/1119 1120/1120 1121/1121
f 1119/1119 1121/1121 1122/1122
f 1123/1123 1124/1124 1125/1125
f 1123/1123 1125/1125 1126/1126
f 1127/1127 1128/1128 1129/1129
f 1127/1127 1129/1129 1130/1130
f 1131/1131 1132/1132 1133/1133
f 1131/1131 1133/1133 1134/1134
f 1135/1135 1136/1136 1137/1137
f 1135/1135 1137/1137 1138/1138
f 1139/1139 1141/1141 1140/1140
f 1139/1139 1143/1143 1142/1142
f 1139/1139 1145/1145 1144/1144
f 1139/1139 1147/1147 1146/1146
f 1139/1139 1149/1149 1148/1148
f 1139/1139 1151/1151 1150/1150
f 1139/1139 1153/1153 1152/1152
f 1139/1139 1155/1155 1154/1154
f 1139/1139 1157/1157 1156/1156
f 1139/1139 1159/1159 1158/1158
f 1139/1139 1161/1161 1160/1160
f 1139/1139 1163/1163 1162/1162
f 1139/1139 1165/1165 1164/1164
f 1139/1139 1167/1167 1166/1166
f 1168/1168 1169/1169 1170/1170
f 1168/1168 1171/1171 1172/1172
f 1168/1168 1173/1173 1174/1174
f 1168/1168 1175/1175 1176/1176
f 1168/1168 1177/1177 1178/1178
f 1168/1168 1179/1179 1180/1180
f 1168/1168 1181/1181 1182/1182
f 1168/1168 1183/1183 1184/1184
f 1168/1168 1185/1185 1186/1186
f 1168/1168 1187/1187 1188/1188
f 1168/1168 1189/1189 1190/1190
f 1168/1168 1191/1191 1192/1192
f 1168/1168 1193/1193 1194/1194
f 1168/1168 1195/1195 1196/1196
usemtl Char
f 1197/1197 1198/1198 1199/1199
f 1197/1197 1199/1199 1200/1200
f 1201/1201 1202/1202 1203/1203
f 1201/1201 1203/1203 1204/1204
f 1205/1205 1206/1206 1207/1207
f 1205/1205 1207/1207 1208/1208
f 1209/1209 1210/1210 1211/1211
f 1209/1209 1211/1211 1212/1212
f 1213/1213 1214/1214 1215/1215
f 1213/1213 1215/1215 1216/1216
f 1217/1217 1218/1218 1219/1219
f 1217/1217 1219/1219 1220/1220
usemtl Metal
f 1221/1221 1222/1222 1223/1223
f 1221/1221 1223/1223 1224/1224
f 1225/1225 1226/1226 1227/1227
f 1225/1225 1227/1227 1228/1228
f 1229/1229 1230/1230 1231/1231
f 1229/1229 1231/1231 1232/1232
f 1233/1233 1234/1234 1235/1235
f 1233/1233 1235/1235 1236/1236
f 1237/1237 1238/1238 1239/1239
f 1237/1237 1239/1239 1240/1240
f 1241/1241 1242/1242 1243/1243
f 1241/1241 1243/1243 1244/1244
f 1245/1245 1246/1246 1247/1247
f 1245/1245 1247/1247 1248/1248
f 1249/1249 1250/1250 1251/1251
f 1249/1249 1251/1251 1252/1252
f 1253/1253 1254/1254 1255/1255
f 1253/1253 1255/1255 1256/1256
f 1257/1257 1258/1258 1259/1259
f 1257/1257 1259/1259 1260/1260
f 1261/1261 1262/1262 1263/1263
f 1261/1261 1263/1263 1264/1264
f 1265/1265 1266/1266 1267/1267
f 1265/1265 1267/1267 1268/1268
f 1269/1269 1270/1270 1271/1271
f 1269/1269 1271/1271 1272/1272
f 1273/1273 1274/1274 1275/1275
f 1273/1273 1275/1275 1276/1276
f 1277/1277 1279/1279 1278/1278
f 1277/1277 1281/1281 1280/1280
f 1277/1277 1283/1283 1282/1282
f 1277/1277 1285/1285 1284/1284
f 1277/1277 1287/1287 1286/1286
f 1277/1277 1289/1289 1288/1288
f 1277/1277 1291/1291 1290/1290
f 1277/1277 1293/1293 1292/1292
f 1277/1277 1295/1295 1294/1294
f 1277/1277 1297/1297 1296/1296
f 1277/1277 1299/1299 1298/1298
f 1277/1277 1301/1301 1300/1300
f 1277/1277 1303/1303 1302/1302
f 1277/1277 1305/1305 1304/1304
f 1306/1306 1307/1307 1308/1308
f 1306/1306 1309/1309 1310/1310
f 1306/1306 1311/1311 1312/1312
f 1306/1306 1313/1313 1314/1314
f 1306/1306 1315/1315 1316/1316
f 1306/1306 1317/1317 1318/1318
f 1306/1306 1319/1319 1320/1320
f 1306/1306 1321/1321 1322/1322
f 1306/1306 1323/1323 1324/1324
f 1306/1306 1325/1325 1326/1326
f 1306/1306 1327/1327 1328/1328
f 1306/1306 1329/1329 1330/1330
f 1306/1306 1331/1331 1332/1332
f 1306/1306 1333/1333 1334/1334
usemtl Char
f 1335/1335 1336/1336 1337/1337
f 1335/1335 1337/1337 1338/1338
f 1339/1339 1340/1340 1341/1341
f 1339/1339 1341/1341 1342/1342
f 1343/1343 1344/1344 1345/1345
f 1343/1343 1345/1345 1346/1346
f 1347/1347 1348/1348 1349/1349
f 1347/1347 1349/1349 1350/1350
f 1351/1351 1352/1352 1353/1353
f 1351/1351 1353/1353 1354/1354
f 1355/1355 1356/1356 1357/1357
f 1355/1355 1357/1357 1358/1358
usemtl Metal
f 1359/1359 1360/1360 1361/1361
f 1359/1359 1361/1361 1362/1362
f 1363/1363 1364/1364 1365/1365
f 1363/1363 1365/1365 1366/1366
f 1367/1367 1368/1368 1369/1369
f 1367/1367 1369/1369 1370/1370
f 1371/1371 1372/1372 1373/1373
f 1371/1371 1373/1373 1374/1374
f 1375/1375 1376/1376 1377/1377
f 1375/1375 1377/1377 1378/1378
f 1379/1379 1380/1380 1381/1381
f 1379/1379 1381/1381 1382/1382
f 1383/1383 1384/1384 1385/1385
f 1383/1383 1385/1385 1386/1386
f 1387/1387 1388/1388 1389/1389
f 1387/1387 1389/1389 1390/1390
f 1391/1391 1393/1393 1392/1392
f 1391/1391 1395/1395 1394/1394
f 1391/1391 1397/1397 1396/1396
f 1391/1391 1399/1399 1398/1398
f 1391/1391 1401/1401 1400/1400
f 1391/1391 1403/1403 1402/1402
f 1391/1391 1405/1405 1404/1404
f 1391/1391 1407/1407 1406/1406
f 1408/1408 1409/1409 1410/1410
f 1408/1408 1411/1411 1412/1412
f 1408/1408 1413/1413 1414/1414
f 1408/1408 1415/1415 1416/1416
f 1408/1408 1417/1417 1418/1418
f 1408/1408 1419/1419 1420/1420
f 1408/1408 1421/1421 1422/1422
f 1408/1408 1423/1423 1424/1424
f 1425/1425 1426/1426 1427/1427
f 1425/1425 1427/1427 1428/1428
f 1429/1429 1430/1430 1431/1431
f 1429/1429 1431/1431 1432/1432
f 1433/1433 1434/1434 1435/1435
f 1433/1433 1435/1435 1436/1436
f 1437/1437 1438/1438 1439/1439
f 1437/1437 1439/1439 1440/1440
f 1441/1441 1442/1442 1443/1443
f 1441/1441 1443/1443 1444/1444
f 1445/1445 1446/1446 1447/1447
f 1445/1445 1447/1447 1448/1448
f 1449/1449 1450/1450 1451/1451
f 1449/1449 1451/1451 1452/1452
f 1453/1453 1454/1454 1455/1455
f 1453/1453 1455/1455 1456/1456
f 1457/1457 1459/1459 1458/1458
f 1457/1457 1461/1461 1460/1460
f 1457/1457 1463/1463 1462/1462
f 1457/1457 1465/1465 1464/1464
f 1457/1457 1467/1467 1466/1466
f 1457/1457 1469/1469 1468/1468
f 1457/1457 1471/1471 1470/1470
f 1457/1457 1473/1473 1472/1472
f 1474/1474 1475/1475 1476/1476
f 1474/1474 1477/1477 1478/1478
f 1474/1474 1479/1479 1480/1480
f 1474/1474 1481/1481 1482/1482
f 1474/1474 1483/1483 1484/1484
f 1474/1474 1485/1485 1486/1486
f 1474/1474 1487/1487 1488/1488
f 1474/1474 1489/1489 1490/1490
f 1491/1491 1492/1492 1493/1493
f 1491/1491 1493/1493 1494/1494
f 1495/1495 1496/1496 1497/1497
f 1495/1495 1497/1497 1498/1498
f 1499/1499 1500/1500 1501/1501
f 1499/1499 1501/1501 1502/1502
f 1503/1503 1504/1504 1505/1505
f 1503/1503 1505/1505 1506/1506
f 1507/1507 1508/1508 1509/1509
f 1507/1507 1509/1509 1510/1510
f 1511/1511 1512/1512 1513/1513
f 1511/1511 1513/1513 1514/1514
f 1515/1515 1516/1516 1517/1517
f 1515/1515 1517/1517 1518/1518
f 1519/1519 1520/1520 1521/1521
f 1519/1519 1521/1521 1522/1522
f 1523/1523 1525/1525 1524/1524
f 1523/1523 1527/1527 1526/1526
f 1523/1523 1529/1529 1528/1528
f 1523/1523 1531/1531 1530/1530
f 1523/1523 1533/1533 1532/1532
f 1523/1523 1535/1535 1534/1534
f 1523/1523 1537/1537 1536/1536
f 1523/1523 1539/1539 1538/1538
f 1540/1540 1541/1541 1542/1542
f 1540/1540 1543/1543 1544/1544
f 1540/1540 1545/1545 1546/1546
f 1540/1540 1547/1547 1548/1548
f 1540/1540 1549/1549 1550/1550
f 1540/1540 1551/1551 1552/1552
f 1540/1540 1553/1553 1554/1554
f 1540/1540 1555/1555 1556/1556
f 1557/1557 1558/1558 1559/1559
f 1557/1557 1559/1559 1560/1560
f 1561/1561 1562/1562 1563/1563
f 1561/1561 1563/1563 1564/1564
f 1565/1565 1566/1566 1567/1567
f 1565/1565 1567/1567 1568/1568
f 1569/1569 1570/1570 1571/1571
f 1569/1569 1571/1571 1572/1572
f 1573/1573 1574/1574 1575/1575
f 1573/1573 1575/1575 1576/1576
f 1577/1577 1578/1578 1579/1579
f 1577/1577 1579/1579 1580/1580
f 1581/1581 1582/1582 1583/1583
f 1581/1581 1583/1583 1584/1584
f 1585/1585 1586/1586 1587/1587
f 1585/1585 1587/1587 1588/1588
f 1589/1589 1591/1591 1590/1590
f 1589/1589 1593/1593 1592/1592
f 1589/1589 1595/1595 1594/1594
f 1589/1589 1597/1597 1596/1596
f 1589/1589 1599/1599 1598/1598
f 1589/1589 1601/1601 1600/1600
f 1589/1589 1603/1603 1602/1602
f 1589/1589 1605/1605 1604/1604
f 1606/1606 1607/1607 1608/1608
f 1606/1606 1609/1609 1610/1610
f 1606/1606 1611/1611 1612/1612
f 1606/1606 1613/1613 1614/1614
f 1606/1606 1615/1615 1616/1616
f 1606/1606 1617/1617 1618/1618
f 1606/1606 1619/1619 1620/1620
f 1606/1606 1621/1621 1622/1622
f 1623/1623 1624/1624 1625/1625
f 1623/1623 1625/1625 1626/1626
f 1627/1627 1628/1628 1629/1629
f 1627/1627 1629/1629 1630/1630
f 1631/1631 1632/1632 1633/1633
f 1631/1631 1633/1633 1634/1634
f 1635/1635 1636/1636 1637/1637
f 1635/1635 1637/1637 1638/1638
f 1639/1639 1640/1640 1641/1641
f 1639/1639 1641/1641 1642/1642
f 1643/1643 1644/1644 1645/1645
f 1643/1643 1645/1645 1646/1646
f 1647/1647 1648/1648 1649/1649
f 1647/1647 1649/1649 1650/1650
f 1651/1651 1653/1653 1652/1652
f 1651/1651 1655/1655 1654/1654
f 1651/1651 1657/1657 1656/1656
f 1651/1651 1659/1659 1658/1658
f 1651/1651 1661/1661 1660/1660
f 1651/1651 1663/1663 1662/1662
f 1651/1651 1665/1665 1664/1664
f 1666/1666 1667/1667 1668/1668
f 1666/1666 1669/1669 1670/1670
f 1666/1666 1671/1671 1672/1672
f 1666/1666 1673/1673 1674/1674
f 1666/1666 1675/1675 1676/1676
f 1666/1666 1677/1677 1678/1678
f 1666/1666 1679/1679 1680/1680
f 1681/1681 1682/1682 1683/1683
f 1681/1681 1683/1683 1684/1684
f 1685/1685 1686/1686 1687/1687
f 1685/1685 1687/1687 1688/1688
f 1689/1689 1690/1690 1691/1691
f 1689/1689 1691/1691 1692/1692
f 1693/1693 1694/1694 1695/1695
f 1693/1693 1695/1695 1696/1696
f 1697/1697 1698/1698 1699/1699
f 1697/1697 1699/1699 1700/1700
f 1701/1701 1702/1702 1703/1703
f 1701/1701 1703/1703 1704/1704
usemtl Rope
f 1705/1705 1706/1706 1707/1707
f 1705/1705 1707/1707 1708/1708
f 1709/1709 1710/1710 1711/1711
f 1709/1709 1711/1711 1712/1712
f 1713/1713 1714/1714 1715/1715
f 1713/1713 1715/1715 1716/1716
f 1717/1717 1718/1718 1719/1719
f 1717/1717 1719/1719 1720/1720
f 1721/1721 1722/1722 1723/1723
f 1721/1721 1723/1723 1724/1724
f 1725/1725 1727/1727 1726/1726
f 1725/1725 1729/1729 1728/1728
f 1725/1725 1731/1731 1730/1730
f 1725/1725 1733/1733 1732/1732
f 1725/1725 1735/1735 1734/1734
f 1736/1736 1737/1737 1738/1738
f 1736/1736 1739/1739 1740/1740
f 1736/1736 1741/1741 1742/1742
f 1736/1736 1743/1743 1744/1744
f 1736/1736 1745/1745 1746/1746
f 1747/1747 1748/1748 1749/1749
f 1747/1747 1749/1749 1750/1750
f 1751/1751 1752/1752 1753/1753
f 1751/1751 1753/1753 1754/1754
f 1755/1755 1756/1756 1757/1757
f 1755/1755 1757/1757 1758/1758
f 1759/1759 1760/1760 1761/1761
f 1759/1759 1761/1761 1762/1762
f 1763/1763 1764/1764 1765/1765
f 1763/1763 1765/1765 1766/1766
f 1767/1767 1768/1768 1769/1769
f 1767/1767 1769/1769 1770/1770
f 1771/1771 1772/1772 1773/1773
f 1771/1771 1773/1773 1774/1774
f 1775/1775 1776/1776 1777/1777
f 1775/1775 1777/1777 1778/1778
f 1779/1779 1780/1780 1781/1781
f 1779/1779 1781/1781 1782/1782
f 1783/1783 1784/1784 1785/1785
f 1783/1783 1785/1785 1786/1786
f 1787/1787 1788/1788 1789/1789
f 1787/1787 1789/1789 1790/1790
f 1791/1791 1792/1792 1793/1793
f 1791/1791 1793/1793 1794/1794
f 1795/1795 1796/1796 1797/1797
f 1795/1795 1797/1797 1798/1798
f 1799/1799 1800/1800 1801/1801
f 1799/1799 1801/1801 1802/1802
f 1803/1803 1804/1804 1805/1805
f 1803/1803 1805/1805 1806/1806
f 1807/1807 1808/1808 1809/1809
f 1807/1807 1809/1809 1810/1810
f 1811/1811 1812/1812 1813/1813
f 1811/1811 1813/1813 1814/1814
f 1815/1815 1816/1816 1817/1817
f 1815/1815 1817/1817 1818/1818
f 1819/1819 1820/1820 1821/1821
f 1819/1819 1821/1821 1822/1822
f 1823/1823 1824/1824 1825/1825
f 1823/1823 1825/1825 1826/1826
f 1827/1827 1828/1828 1829/1829
f 1827/1827 1829/1829 1830/1830
f 1831/1831 1832/1832 1833/1833
f 1831/1831 1833/1833 1834/1834
f 1835/1835 1836/1836 1837/1837
f 1835/1835 1837/1837 1838/1838
f 1839/1839 1840/1840 1841/1841
f 1839/1839 1841/1841 1842/1842
f 1843/1843 1844/1844 1845/1845
f 1843/1843 1845/1845 1846/1846
f 1847/1847 1848/1848 1849/1849
f 1847/1847 1849/1849 1850/1850
f 1851/1851 1852/1852 1853/1853
f 1851/1851 1853/1853 1854/1854
f 1855/1855 1856/1856 1857/1857
f 1855/1855 1857/1857 1858/1858
f 1859/1859 1860/1860 1861/1861
f 1859/1859 1861/1861 1862/1862
f 1863/1863 1864/1864 1865/1865
f 1863/1863 1865/1865 1866/1866
f 1867/1867 1868/1868 1869/1869
f 1867/1867 1869/1869 1870/1870
f 1871/1871 1872/1872 1873/1873
f 1871/1871 1873/1873 1874/1874
f 1875/1875 1876/1876 1877/1877
f 1875/1875 1877/1877 1878/1878
f 1879/1879 1880/1880 1881/1881
f 1879/1879 1881/1881 1882/1882
f 1883/1883 1884/1884 1885/1885
f 1883/1883 1885/1885 1886/1886
f 1887/1887 1888/1888 1889/1889
f 1887/1887 1889/1889 1890/1890
f 1891/1891 1892/1892 1893/1893
f 1891/1891 1893/1893 1894/1894
f 1895/1895 1896/1896 1897/1897
f 1895/1895 1897/1897 1898/1898
f 1899/1899 1900/1900 1901/1901
f 1899/1899 1901/1901 1902/1902
f 1903/1903 1904/1904 1905/1905
f 1903/1903 1905/1905 1906/1906
f 1907/1907 1908/1908 1909/1909
f 1907/1907 1909/1909 1910/1910
f 1911/1911 1912/1912 1913/1913
f 1911/1911 1913/1913 1914/1914
f 1915/1915 1916/1916 1917/1917
f 1915/1915 1917/1917 1918/1918
f 1919/1919 1920/1920 1921/1921
f 1919/1919 1921/1921 1922/1922
f 1923/1923 1924/1924 1925/1925
f 1923/1923 1925/1925 1926/1926
f 1927/1927 1928/1928 1929/1929
f 1927/1927 1929/1929 1930/1930
f 1931/1931 1932/1932 1933/1933
f 1931/1931 1933/1933 1934/1934
f 1935/1935 1936/1936 1937/1937
f 1935/1935 1937/1937 1938/1938
f 1939/1939 1940/1940 1941/1941
f 1939/1939 1941/1941 1942/1942
f 1943/1943 1944/1944 1945/1945
f 1943/1943 1945/1945 1946/1946
f 1947/1947 1948/1948 1949/1949
f 1947/1947 1949/1949 1950/1950
f 1951/1951 1952/1952 1953/1953
f 1951/1951 1953/1953 1954/1954
f 1955/1955 1956/1956 1957/1957
f 1955/1955 1957/1957 1958/1958
f 1959/1959 1960/1960 1961/1961
f 1959/1959 1961/1961 1962/1962
f 1963/1963 1964/1964 1965/1965
f 1963/1963 1965/1965 1966/1966
f 1967/1967 1968/1968 1969/1969
f 1967/1967 1969/1969 1970/1970
f 1971/1971 1972/1972 1973/1973
f 1971/1971 1973/1973 1974/1974
f 1975/1975 1976/1976 1977/1977
f 1975/1975 1977/1977 1978/1978
f 1979/1979 1980/1980 1981/1981
f 1979/1979 1981/1981 1982/1982
f 1983/1983 1984/1984 1985/1985
f 1983/1983 1985/1985 1986/1986
f 1987/1987 1988/1988 1989/1989
f 1987/1987 1989/1989 1990/1990
f 1991/1991 1992/1992 1993/1993
f 1991/1991 1993/1993 1994/1994
f 1995/1995 1996/1996 1997/1997
f 1995/1995 1997/1997 1998/1998
f 1999/1999 2000/2000 2001/2001
f 1999/1999 2001/2001 2002/2002
f 2003/2003 2004/2004 2005/2005
f 2003/2003 2005/2005 2006/2006
f 2007/2007 2008/2008 2009/2009
f 2007/2007 2009/2009 2010/2010
f 2011/2011 2012/2012 2013/2013
f 2011/2011 2013/2013 2014/2014
f 2015/2015 2016/2016 2017/2017
f 2015/2015 2017/2017 2018/2018
f 2019/2019 2020/2020 2021/2021
f 2019/2019 2021/2021 2022/2022
f 2023/2023 2024/2024 2025/2025
f 2023/2023 2025/2025 2026/2026
f 2027/2027 2028/2028 2029/2029
f 2027/2027 2029/2029 2030/2030
f 2031/2031 2032/2032 2033/2033
f 2031/2031 2033/2033 2034/2034
f 2035/2035 2036/2036 2037/2037
f 2035/2035 2037/2037 2038/2038
f 2039/2039 2040/2040 2041/2041
f 2039/2039 2041/2041 2042/2042
f 2043/2043 2044/2044 2045/2045
f 2043/2043 2045/2045 2046/2046
f 2047/2047 2048/2048 2049/2049
f 2047/2047 2049/2049 2050/2050
f 2051/2051 2052/2052 2053/2053
f 2051/2051 2053/2053 2054/2054
f 2055/2055 2056/2056 2057/2057
f 2055/2055 2057/2057 2058/2058
f 2059/2059 2060/2060 2061/2061
f 2059/2059 2061/2061 2062/2062
f 2063/2063 2064/2064 2065/2065
f 2063/2063 2065/2065 2066/2066
f 2067/2067 2068/2068 2069/2069
f 2067/2067 2069/2069 2070/2070
f 2071/2071 2072/2072 2073/2073
f 2071/2071 2073/2073 2074/2074
f 2075/2075 2076/2076 2077/2077
f 2075/2075 2077/2077 2078/2078
f 2079/2079 2080/2080 2081/2081
f 2079/2079 2081/2081 2082/2082
f 2083/2083 2084/2084 2085/2085
f 2083/2083 2085/2085 2086/2086
f 2087/2087 2088/2088 2089/2089
f 2087/2087 2089/2089 2090/2090
f 2091/2091 2092/2092 2093/2093
f 2091/2091 2093/2093 2094/2094
f 2095/2095 2096/2096 2097/2097
f 2095/2095 2097/2097 2098/2098
f 2099/2099 2100/2100 2101/2101
f 2099/2099 2101/2101 2102/2102
f 2103/2103 2104/2104 2105/2105
f 2103/2103 2105/2105 2106/2106
f 2107/2107 2108/2108 2109/2109
f 2107/2107 2109/2109 2110/2110
f 2111/2111 2112/2112 2113/2113
f 2111/2111 2113/2113 2114/2114
f 2115/2115 2116/2116 2117/2117
f 2115/2115 2117/2117 2118/2118
f 2119/2119 2120/2120 2121/2121
f 2119/2119 2121/2121 2122/2122
f 2123/2123 2124/2124 2125/2125
f 2123/2123 2125/2125 2126/2126
f 2127/2127 2128/2128 2129/2129
f 2127/2127 2129/2129 2130/2130
f 2131/2131 2132/2132 2133/2133
f 2131/2131 2133/2133 2134/2134
f 2135/2135 2136/2136 2137/2137
f 2135/2135 2137/2137 2138/2138
f 2139/2139 2140/2140 2141/2141
f 2139/2139 2141/2141 2142/2142
f 2143/2143 2144/2144 2145/2145
f 2143/2143 2145/2145 2146/2146
f 2147/2147 2148/2148 2149/2149
f 2147/2147 2149/2149 2150/2150
f 2151/2151 2152/2152 2153/2153
f 2151/2151 2153/2153 2154/2154
f 2155/2155 2156/2156 2157/2157
f 2155/2155 2157/2157 2158/2158
f 2159/2159 2160/2160 2161/2161
f 2159/2159 2161/2161 2162/2162
f 2163/2163 2164/2164 2165/2165
f 2163/2163 2165/2165 2166/2166
f 2167/2167 2168/2168 2169/2169
f 2167/2167 2169/2169 2170/2170
f 2171/2171 2172/2172 2173/2173
f 2171/2171 2173/2173 2174/2174
f 2175/2175 2176/2176 2177/2177
f 2175/2175 2177/2177 2178/2178
f 2179/2179 2180/2180 2181/2181
f 2179/2179 2181/2181 2182/2182
f 2183/2183 2184/2184 2185/2185
f 2183/2183 2185/2185 2186/2186
f 2187/2187 2188/2188 2189/2189
f 2187/2187 2189/2189 2190/2190
f 2191/2191 2192/2192 2193/2193
f 2191/2191 2193/2193 2194/2194
f 2195/2195 2196/2196 2197/2197
f 2195/2195 2197/2197 2198/2198
f 2199/2199 2200/2200 2201/2201
f 2199/2199 2201/2201 2202/2202
f 2203/2203 2204/2204 2205/2205
f 2203/2203 2205/2205 2206/2206
f 2207/2207 2208/2208 2209/2209
f 2207/2207 2209/2209 2210/2210
f 2211/2211 2212/2212 2213/2213
f 2211/2211 2213/2213 2214/2214
f 2215/2215 2216/2216 2217/2217
f 2215/2215 2217/2217 2218/2218
f 2219/2219 2220/2220 2221/2221
f 2219/2219 2221/2221 2222/2222
f 2223/2223 2224/2224 2225/2225
f 2223/2223 2225/2225 2226/2226
usemtl Metal
f 2227/2227 2228/2228 2229/2229
f 2227/2227 2229/2229 2230/2230
f 2231/2231 2232/2232 2233/2233
f 2231/2231 2233/2233 2234/2234
f 2235/2235 2236/2236 2237/2237
f 2235/2235 2237/2237 2238/2238
f 2239/2239 2240/2240 2241/2241
f 2239/2239 2241/2241 2242/2242
f 2243/2243 2244/2244 2245/2245
f 2243/2243 2245/2245 2246/2246
f 2247/2247 2248/2248 2249/2249
f 2247/2247 2249/2249 2250/2250
f 2251/2251 2252/2252 2253/2253
f 2251/2251 2253/2253 2254/2254
f 2255/2255 2256/2256 2257/2257
f 2255/2255 2257/2257 2258/2258
f 2259/2259 2260/2260 2261/2261
f 2259/2259 2261/2261 2262/2262
f 2263/2263 2264/2264 2265/2265
f 2263/2263 2265/2265 2266/2266
f 2267/2267 2268/2268 2269/2269
f 2270/2270 2271/2271 2272/2272
f 2273/2273 2274/2274 2275/2275
f 2276/2276 2277/2277 2278/2278
f 2279/2279 2280/2280 2281/2281
f 2282/2282 2283/2283 2284/2284
f 2285/2285 2286/2286 2287/2287
f 2288/2288 2289/2289 2290/2290
f 2291/2291 2292/2292 2293/2293
f 2294/2294 2295/2295 2296/2296
f 2297/2297 2298/2298 2299/2299
f 2300/2300 2301/2301 2302/2302
f 2303/2303 2304/2304 2305/2305
f 2306/2306 2307/2307 2308/2308
f 2309/2309 2310/2310 2311/2311
f 2312/2312 2313/2313 2314/2314
f 2315/2315 2316/2316 2317/2317
f 2318/2318 2319/2319 2320/2320
f 2321/2321 2322/2322 2323/2323
f 2324/2324 2325/2325 2326/2326
f 2327/2327 2328/2328 2329/2329
f 2327/2327 2329/2329 2330/2330
f 2331/2331 2332/2332 2333/2333
f 2331/2331 2333/2333 2334/2334
f 2335/2335 2336/2336 2337/2337
f 2335/2335 2337/2337 2338/2338
f 2339/2339 2340/2340 2341/2341
f 2339/2339 2341/2341 2342/2342
f 2343/2343 2344/2344 2345/2345
f 2343/2343 2345/2345 2346/2346
f 2347/2347 2348/2348 2349/2349
f 2347/2347 2349/2349 2350/2350
f 2351/2351 2352/2352 2353/2353
f 2351/2351 2353/2353 2354/2354
f 2355/2355 2356/2356 2357/2357
f 2355/2355 2357/2357 2358/2358
f 2359/2359 2360/2360 2361/2361
f 2359/2359 2361/2361 2362/2362
f 2363/2363 2364/2364 2365/2365
f 2363/2363 2365/2365 2366/2366
f 2367/2367 2368/2368 2369/2369
f 2370/2370 2371/2371 2372/2372
f 2373/2373 2374/2374 2375/2375
f 2376/2376 2377/2377 2378/2378
f 2379/2379 2380/2380 2381/2381
f 2382/2382 2383/2383 2384/2384
f 2385/2385 2386/2386 2387/2387
f 2388/2388 2389/2389 2390/2390
f 2391/2391 2392/2392 2393/2393
f 2394/2394 2395/2395 2396/2396
f 2397/2397 2398/2398 2399/2399
f 2400/2400 2401/2401 2402/2402
f 2403/2403 2404/2404 2405/2405
f 2406/2406 2407/2407 2408/2408
f 2409/2409 2410/2410 2411/2411
f 2412/2412 2413/2413 2414/2414
f 2415/2415 2416/2416 2417/2417
f 2418/2418 2419/2419 2420/2420
f 2421/2421 2422/2422 2423/2423
f 2424/2424 2425/2425 2426/2426
usemtl Cloth
f 2427/2427 2428/2428 2429/2429
f 2427/2427 2429/2429 2430/2430
f 2431/2431 2432/2432 2433/2433
f 2431/2431 2433/2433 2434/2434
f 2435/2435 2436/2436 2437/2437
f 2435/2435 2437/2437 2438/2438
f 2439/2439 2440/2440 2441/2441
f 2439/2439 2441/2441 2442/2442
f 2443/2443 2444/2444 2445/2445
f 2443/2443 2445/2445 2446/2446
f 2447/2447 2448/2448 2449/2449
f 2447/2447 2449/2449 2450/2450
usemtl Metal
f 2451/2451 2452/2452 2453/2453
f 2451/2451 2453/2453 2454/2454
f 2455/2455 2456/2456 2457/2457
f 2455/2455 2457/2457 2458/2458
f 2459/2459 2460/2460 2461/2461
f 2459/2459 2461/2461 2462/2462
f 2463/2463 2464/2464 2465/2465
f 2463/2463 2465/2465 2466/2466
f 2467/2467 2468/2468 2469/2469
f 2467/2467 2469/2469 2470/2470
f 2471/2471 2472/2472 2473/2473
f 2471/2471 2473/2473 2474/2474
f 2475/2475 2476/2476 2477/2477
f 2475/2475 2477/2477 2478/2478
f 2479/2479 2480/2480 2481/2481
f 2479/2479 2481/2481 2482/2482
f 2483/2483 2484/2484 2485/2485
f 2483/2483 2485/2485 2486/2486
f 2487/2487 2488/2488 2489/2489
f 2487/2487 2489/2489 2490/2490
f 2491/2491 2492/2492 2493/2493
f 2491/2491 2493/2493 2494/2494
f 2495/2495 2496/2496 2497/2497
f 2495/2495 2497/2497 2498/2498
f 2499/2499 2500/2500 2501/2501
f 2499/2499 2501/2501 2502/2502
f 2503/2503 2504/2504 2505/2505
f 2503/2503 2505/2505 2506/2506
f 2507/2507 2508/2508 2509/2509
f 2507/2507 2509/2509 2510/2510
f 2511/2511 2512/2512 2513/2513
f 2511/2511 2513/2513 2514/2514
f 2515/2515 2516/2516 2517/2517
f 2515/2515 2517/2517 2518/2518
f 2519/2519 2520/2520 2521/2521
f 2519/2519 2521/2521 2522/2522
f 2523/2523 2524/2524 2525/2525
f 2523/2523 2525/2525 2526/2526
f 2527/2527 2528/2528 2529/2529
f 2527/2527 2529/2529 2530/2530
f 2531/2531 2532/2532 2533/2533
f 2531/2531 2533/2533 2534/2534
f 2535/2535 2536/2536 2537/2537
f 2535/2535 2537/2537 2538/2538
f 2539/2539 2540/2540 2541/2541
f 2539/2539 2541/2541 2542/2542
f 2543/2543 2544/2544 2545/2545
f 2543/2543 2545/2545 2546/2546
f 2547/2547 2548/2548 2549/2549
f 2547/2547 2549/2549 2550/2550
f 2551/2551 2552/2552 2553/2553
f 2551/2551 2553/2553 2554/2554
f 2555/2555 2556/2556 2557/2557
f 2555/2555 2557/2557 2558/2558
f 2559/2559 2560/2560 2561/2561
f 2559/2559 2561/2561 2562/2562
f 2563/2563 2564/2564 2565/2565
f 2563/2563 2565/2565 2566/2566
f 2567/2567 2568/2568 2569/2569
f 2567/2567 2569/2569 2570/2570
f 2571/2571 2572/2572 2573/2573
f 2571/2571 2573/2573 2574/2574
f 2575/2575 2576/2576 2577/2577
f 2575/2575 2577/2577 2578/2578
f 2579/2579 2580/2580 2581/2581
f 2579/2579 2581/2581 2582/2582
f 2583/2583 2584/2584 2585/2585
f 2583/2583 2585/2585 2586/2586
f 2587/2587 2588/2588 2589/2589
f 2587/2587 2589/2589 2590/2590
f 2591/2591 2592/2592 2593/2593
f 2591/2591 2593/2593 2594/2594
usemtl Char
f 2595/2595 2596/2596 2597/2597
f 2595/2595 2597/2597 2598/2598
f 2599/2599 2600/2600 2601/2601
f 2599/2599 2601/2601 2602/2602
f 2603/2603 2604/2604 2605/2605
f 2603/2603 2605/2605 2606/2606
f 2607/2607 2608/2608 2609/2609
f 2607/2607 2609/2609 2610/2610
f 2611/2611 2612/2612 2613/2613
f 2611/2611 2613/2613 2614/2614
f 2615/2615 2616/2616 2617/2617
f 2615/2615 2617/2617 2618/2618
