mtllib ../../Materials/project_oen.mtl
o pr-005_portable_radio__off
v -0.410000 0.120000 -0.160000
v 0.410000 0.120000 -0.160000
v 0.410000 0.680000 -0.160000
v -0.410000 0.680000 -0.160000
v 0.410000 0.120000 0.160000
v -0.410000 0.120000 0.160000
v -0.410000 0.680000 0.160000
v 0.410000 0.680000 0.160000
v -0.410000 0.120000 0.160000
v -0.410000 0.120000 -0.160000
v -0.410000 0.680000 -0.160000
v -0.410000 0.680000 0.160000
v 0.410000 0.120000 -0.160000
v 0.410000 0.120000 0.160000
v 0.410000 0.680000 0.160000
v 0.410000 0.680000 -0.160000
v -0.410000 0.680000 -0.160000
v 0.410000 0.680000 -0.160000
v 0.410000 0.680000 0.160000
v -0.410000 0.680000 0.160000
v -0.410000 0.120000 0.160000
v 0.410000 0.120000 0.160000
v 0.410000 0.120000 -0.160000
v -0.410000 0.120000 -0.160000
v -0.380000 0.155000 -0.186000
v 0.380000 0.155000 -0.186000
v 0.380000 0.645000 -0.186000
v -0.380000 0.645000 -0.186000
v 0.380000 0.155000 -0.160000
v -0.380000 0.155000 -0.160000
v -0.380000 0.645000 -0.160000
v 0.380000 0.645000 -0.160000
v -0.380000 0.155000 -0.160000
v -0.380000 0.155000 -0.186000
v -0.380000 0.645000 -0.186000
v -0.380000 0.645000 -0.160000
v 0.380000 0.155000 -0.186000
v 0.380000 0.155000 -0.160000
v 0.380000 0.645000 -0.160000
v 0.380000 0.645000 -0.186000
v -0.380000 0.645000 -0.186000
v 0.380000 0.645000 -0.186000
v 0.380000 0.645000 -0.160000
v -0.380000 0.645000 -0.160000
v -0.380000 0.155000 -0.160000
v 0.380000 0.155000 -0.160000
v 0.380000 0.155000 -0.186000
v -0.380000 0.155000 -0.186000
v -0.355000 0.180000 -0.199000
v 0.355000 0.180000 -0.199000
v 0.355000 0.620000 -0.199000
v -0.355000 0.620000 -0.199000
v 0.355000 0.180000 -0.181000
v -0.355000 0.180000 -0.181000
v -0.355000 0.620000 -0.181000
v 0.355000 0.620000 -0.181000
v -0.355000 0.180000 -0.181000
v -0.355000 0.180000 -0.199000
v -0.355000 0.620000 -0.199000
v -0.355000 0.620000 -0.181000
v 0.355000 0.180000 -0.199000
v 0.355000 0.180000 -0.181000
v 0.355000 0.620000 -0.181000
v 0.355000 0.620000 -0.199000
v -0.355000 0.620000 -0.199000
v 0.355000 0.620000 -0.199000
v 0.355000 0.620000 -0.181000
v -0.355000 0.620000 -0.181000
v -0.355000 0.180000 -0.181000
v 0.355000 0.180000 -0.181000
v 0.355000 0.180000 -0.199000
v -0.355000 0.180000 -0.199000
v -0.412500 0.150000 -0.185000
v -0.357500 0.150000 -0.185000
v -0.357500 0.650000 -0.185000
v -0.412500 0.650000 -0.185000
v -0.357500 0.150000 0.165000
v -0.412500 0.150000 0.165000
v -0.412500 0.650000 0.165000
v -0.357500 0.650000 0.165000
v -0.412500 0.150000 0.165000
v -0.412500 0.150000 -0.185000
v -0.412500 0.650000 -0.185000
v -0.412500 0.650000 0.165000
v -0.357500 0.150000 -0.185000
v -0.357500 0.150000 0.165000
v -0.357500 0.650000 0.165000
v -0.357500 0.650000 -0.185000
v -0.412500 0.650000 -0.185000
v -0.357500 0.650000 -0.185000
v -0.357500 0.650000 0.165000
v -0.412500 0.650000 0.165000
v -0.412500 0.150000 0.165000
v -0.357500 0.150000 0.165000
v -0.357500 0.150000 -0.185000
v -0.412500 0.150000 -0.185000
v -0.425000 0.130000 -0.230000
v -0.345000 0.130000 -0.230000
v -0.345000 0.210000 -0.230000
v -0.425000 0.210000 -0.230000
v -0.345000 0.130000 0.150000
v -0.425000 0.130000 0.150000
v -0.425000 0.210000 0.150000
v -0.345000 0.210000 0.150000
v -0.425000 0.130000 0.150000
v -0.425000 0.130000 -0.230000
v -0.425000 0.210000 -0.230000
v -0.425000 0.210000 0.150000
v -0.345000 0.130000 -0.230000
v -0.345000 0.130000 0.150000
v -0.345000 0.210000 0.150000
v -0.345000 0.210000 -0.230000
v -0.425000 0.210000 -0.230000
v -0.345000 0.210000 -0.230000
v -0.345000 0.210000 0.150000
v -0.425000 0.210000 0.150000
v -0.425000 0.130000 0.150000
v -0.345000 0.130000 0.150000
v -0.345000 0.130000 -0.230000
v -0.425000 0.130000 -0.230000
v -0.425000 0.590000 -0.230000
v -0.345000 0.590000 -0.230000
v -0.345000 0.670000 -0.230000
v -0.425000 0.670000 -0.230000
v -0.345000 0.590000 0.150000
v -0.425000 0.590000 0.150000
v -0.425000 0.670000 0.150000
v -0.345000 0.670000 0.150000
v -0.425000 0.590000 0.150000
v -0.425000 0.590000 -0.230000
v -0.425000 0.670000 -0.230000
v -0.425000 0.670000 0.150000
v -0.345000 0.590000 -0.230000
v -0.345000 0.590000 0.150000
v -0.345000 0.670000 0.150000
v -0.345000 0.670000 -0.230000
v -0.425000 0.670000 -0.230000
v -0.345000 0.670000 -0.230000
v -0.345000 0.670000 0.150000
v -0.425000 0.670000 0.150000
v -0.425000 0.590000 0.150000
v -0.345000 0.590000 0.150000
v -0.345000 0.590000 -0.230000
v -0.425000 0.590000 -0.230000
v 0.357500 0.150000 -0.185000
v 0.412500 0.150000 -0.185000
v 0.412500 0.650000 -0.185000
v 0.357500 0.650000 -0.185000
v 0.412500 0.150000 0.165000
v 0.357500 0.150000 0.165000
v 0.357500 0.650000 0.165000
v 0.412500 0.650000 0.165000
v 0.357500 0.150000 0.165000
v 0.357500 0.150000 -0.185000
v 0.357500 0.650000 -0.185000
v 0.357500 0.650000 0.165000
v 0.412500 0.150000 -0.185000
v 0.412500 0.150000 0.165000
v 0.412500 0.650000 0.165000
v 0.412500 0.650000 -0.185000
v 0.357500 0.650000 -0.185000
v 0.412500 0.650000 -0.185000
v 0.412500 0.650000 0.165000
v 0.357500 0.650000 0.165000
v 0.357500 0.150000 0.165000
v 0.412500 0.150000 0.165000
v 0.412500 0.150000 -0.185000
v 0.357500 0.150000 -0.185000
v 0.345000 0.130000 -0.230000
v 0.425000 0.130000 -0.230000
v 0.425000 0.210000 -0.230000
v 0.345000 0.210000 -0.230000
v 0.425000 0.130000 0.150000
v 0.345000 0.130000 0.150000
v 0.345000 0.210000 0.150000
v 0.425000 0.210000 0.150000
v 0.345000 0.130000 0.150000
v 0.345000 0.130000 -0.230000
v 0.345000 0.210000 -0.230000
v 0.345000 0.210000 0.150000
v 0.425000 0.130000 -0.230000
v 0.425000 0.130000 0.150000
v 0.425000 0.210000 0.150000
v 0.425000 0.210000 -0.230000
v 0.345000 0.210000 -0.230000
v 0.425000 0.210000 -0.230000
v 0.425000 0.210000 0.150000
v 0.345000 0.210000 0.150000
v 0.345000 0.130000 0.150000
v 0.425000 0.130000 0.150000
v 0.425000 0.130000 -0.230000
v 0.345000 0.130000 -0.230000
v 0.345000 0.590000 -0.230000
v 0.425000 0.590000 -0.230000
v 0.425000 0.670000 -0.230000
v 0.345000 0.670000 -0.230000
v 0.425000 0.590000 0.150000
v 0.345000 0.590000 0.150000
v 0.345000 0.670000 0.150000
v 0.425000 0.670000 0.150000
v 0.345000 0.590000 0.150000
v 0.345000 0.590000 -0.230000
v 0.345000 0.670000 -0.230000
v 0.345000 0.670000 0.150000
v 0.425000 0.590000 -0.230000
v 0.425000 0.590000 0.150000
v 0.425000 0.670000 0.150000
v 0.425000 0.670000 -0.230000
v 0.345000 0.670000 -0.230000
v 0.425000 0.670000 -0.230000
v 0.425000 0.670000 0.150000
v 0.345000 0.670000 0.150000
v 0.345000 0.590000 0.150000
v 0.425000 0.590000 0.150000
v 0.425000 0.590000 -0.230000
v 0.345000 0.590000 -0.230000
v -0.355000 0.390000 -0.197000
v -0.347414 0.437898 -0.197000
v -0.347414 0.437898 -0.235000
v -0.355000 0.390000 -0.235000
v -0.347414 0.437898 -0.197000
v -0.325398 0.481107 -0.197000
v -0.325398 0.481107 -0.235000
v -0.347414 0.437898 -0.235000
v -0.325398 0.481107 -0.197000
v -0.291107 0.515398 -0.197000
v -0.291107 0.515398 -0.235000
v -0.325398 0.481107 -0.235000
v -0.291107 0.515398 -0.197000
v -0.247898 0.537414 -0.197000
v -0.247898 0.537414 -0.235000
v -0.291107 0.515398 -0.235000
v -0.247898 0.537414 -0.197000
v -0.200000 0.545000 -0.197000
v -0.200000 0.545000 -0.235000
v -0.247898 0.537414 -0.235000
v -0.200000 0.545000 -0.197000
v -0.152102 0.537414 -0.197000
v -0.152102 0.537414 -0.235000
v -0.200000 0.545000 -0.235000
v -0.152102 0.537414 -0.197000
v -0.108893 0.515398 -0.197000
v -0.108893 0.515398 -0.235000
v -0.152102 0.537414 -0.235000
v -0.108893 0.515398 -0.197000
v -0.074602 0.481107 -0.197000
v -0.074602 0.481107 -0.235000
v -0.108893 0.515398 -0.235000
v -0.074602 0.481107 -0.197000
v -0.052586 0.437898 -0.197000
v -0.052586 0.437898 -0.235000
v -0.074602 0.481107 -0.235000
v -0.052586 0.437898 -0.197000
v -0.045000 0.390000 -0.197000
v -0.045000 0.390000 -0.235000
v -0.052586 0.437898 -0.235000
v -0.045000 0.390000 -0.197000
v -0.052586 0.342102 -0.197000
v -0.052586 0.342102 -0.235000
v -0.045000 0.390000 -0.235000
v -0.052586 0.342102 -0.197000
v -0.074602 0.298893 -0.197000
v -0.074602 0.298893 -0.235000
v -0.052586 0.342102 -0.235000
v -0.074602 0.298893 -0.197000
v -0.108893 0.264602 -0.197000
v -0.108893 0.264602 -0.235000
v -0.074602 0.298893 -0.235000
v -0.108893 0.264602 -0.197000
v -0.152102 0.242586 -0.197000
v -0.152102 0.242586 -0.235000
v -0.108893 0.264602 -0.235000
v -0.152102 0.242586 -0.197000
v -0.200000 0.235000 -0.197000
v -0.200000 0.235000 -0.235000
v -0.152102 0.242586 -0.235000
v -0.200000 0.235000 -0.197000
v -0.247898 0.242586 -0.197000
v -0.247898 0.242586 -0.235000
v -0.200000 0.235000 -0.235000
v -0.247898 0.242586 -0.197000
v -0.291107 0.264602 -0.197000
v -0.291107 0.264602 -0.235000
v -0.247898 0.242586 -0.235000
v -0.291107 0.264602 -0.197000
v -0.325398 0.298893 -0.197000
v -0.325398 0.298893 -0.235000
v -0.291107 0.264602 -0.235000
v -0.325398 0.298893 -0.197000
v -0.347414 0.342102 -0.197000
v -0.347414 0.342102 -0.235000
v -0.325398 0.298893 -0.235000
v -0.347414 0.342102 -0.197000
v -0.355000 0.390000 -0.197000
v -0.355000 0.390000 -0.235000
v -0.347414 0.342102 -0.235000
v -0.200000 0.390000 -0.197000
v -0.355000 0.390000 -0.197000
v -0.347414 0.437898 -0.197000
v -0.347414 0.437898 -0.197000
v -0.325398 0.481107 -0.197000
v -0.325398 0.481107 -0.197000
v -0.291107 0.515398 -0.197000
v -0.291107 0.515398 -0.197000
v -0.247898 0.537414 -0.197000
v -0.247898 0.537414 -0.197000
v -0.200000 0.545000 -0.197000
v -0.200000 0.545000 -0.197000
v -0.152102 0.537414 -0.197000
v -0.152102 0.537414 -0.197000
v -0.108893 0.515398 -0.197000
v -0.108893 0.515398 -0.197000
v -0.074602 0.481107 -0.197000
v -0.074602 0.481107 -0.197000
v -0.052586 0.437898 -0.197000
v -0.052586 0.437898 -0.197000
v -0.045000 0.390000 -0.197000
v -0.045000 0.390000 -0.197000
v -0.052586 0.342102 -0.197000
v -0.052586 0.342102 -0.197000
v -0.074602 0.298893 -0.197000
v -0.074602 0.298893 -0.197000
v -0.108893 0.264602 -0.197000
v -0.108893 0.264602 -0.197000
v -0.152102 0.242586 -0.197000
v -0.152102 0.242586 -0.197000
v -0.200000 0.235000 -0.197000
v -0.200000 0.235000 -0.197000
v -0.247898 0.242586 -0.197000
v -0.247898 0.242586 -0.197000
v -0.291107 0.264602 -0.197000
v -0.291107 0.264602 -0.197000
v -0.325398 0.298893 -0.197000
v -0.325398 0.298893 -0.197000
v -0.347414 0.342102 -0.197000
v -0.347414 0.342102 -0.197000
v -0.355000 0.390000 -0.197000
v -0.200000 0.390000 -0.235000
v -0.355000 0.390000 -0.235000
v -0.347414 0.437898 -0.235000
v -0.347414 0.437898 -0.235000
v -0.325398 0.481107 -0.235000
v -0.325398 0.481107 -0.235000
v -0.291107 0.515398 -0.235000
v -0.291107 0.515398 -0.235000
v -0.247898 0.537414 -0.235000
v -0.247898 0.537414 -0.235000
v -0.200000 0.545000 -0.235000
v -0.200000 0.545000 -0.235000
v -0.152102 0.537414 -0.235000
v -0.152102 0.537414 -0.235000
v -0.108893 0.515398 -0.235000
v -0.108893 0.515398 -0.235000
v -0.074602 0.481107 -0.235000
v -0.074602 0.481107 -0.235000
v -0.052586 0.437898 -0.235000
v -0.052586 0.437898 -0.235000
v -0.045000 0.390000 -0.235000
v -0.045000 0.390000 -0.235000
v -0.052586 0.342102 -0.235000
v -0.052586 0.342102 -0.235000
v -0.074602 0.298893 -0.235000
v -0.074602 0.298893 -0.235000
v -0.108893 0.264602 -0.235000
v -0.108893 0.264602 -0.235000
v -0.152102 0.242586 -0.235000
v -0.152102 0.242586 -0.235000
v -0.200000 0.235000 -0.235000
v -0.200000 0.235000 -0.235000
v -0.247898 0.242586 -0.235000
v -0.247898 0.242586 -0.235000
v -0.291107 0.264602 -0.235000
v -0.291107 0.264602 -0.235000
v -0.325398 0.298893 -0.235000
v -0.325398 0.298893 -0.235000
v -0.347414 0.342102 -0.235000
v -0.347414 0.342102 -0.235000
v -0.355000 0.390000 -0.235000
v -0.031000 0.390000 -0.214000
v -0.037846 0.437613 -0.214000
v -0.045139 0.435471 -0.203538
v -0.038601 0.390000 -0.203538
v -0.038601 0.390000 -0.203538
v -0.045139 0.435471 -0.203538
v -0.056939 0.432007 -0.207534
v -0.050899 0.390000 -0.207534
v -0.050899 0.390000 -0.207534
v -0.056939 0.432007 -0.207534
v -0.056939 0.432007 -0.220466
v -0.050899 0.390000 -0.220466
v -0.050899 0.390000 -0.220466
v -0.056939 0.432007 -0.220466
v -0.045139 0.435471 -0.224462
v -0.038601 0.390000 -0.224462
v -0.038601 0.390000 -0.224462
v -0.045139 0.435471 -0.224462
v -0.037846 0.437613 -0.214000
v -0.031000 0.390000 -0.214000
v -0.037846 0.437613 -0.214000
v -0.057828 0.481368 -0.214000
v -0.064222 0.477259 -0.203538
v -0.045139 0.435471 -0.203538
v -0.045139 0.435471 -0.203538
v -0.064222 0.477259 -0.203538
v -0.074568 0.470610 -0.207534
v -0.056939 0.432007 -0.207534
v -0.056939 0.432007 -0.207534
v -0.074568 0.470610 -0.207534
v -0.074568 0.470610 -0.220466
v -0.056939 0.432007 -0.220466
v -0.056939 0.432007 -0.220466
v -0.074568 0.470610 -0.220466
v -0.064222 0.477259 -0.224462
v -0.045139 0.435471 -0.224462
v -0.045139 0.435471 -0.224462
v -0.064222 0.477259 -0.224462
v -0.057828 0.481368 -0.214000
v -0.037846 0.437613 -0.214000
v -0.057828 0.481368 -0.214000
v -0.089329 0.517722 -0.214000
v -0.094306 0.511977 -0.203538
v -0.064222 0.477259 -0.203538
v -0.064222 0.477259 -0.203538
v -0.094306 0.511977 -0.203538
v -0.102360 0.502683 -0.207534
v -0.074568 0.470610 -0.207534
v -0.074568 0.470610 -0.207534
v -0.102360 0.502683 -0.207534
v -0.102360 0.502683 -0.220466
v -0.074568 0.470610 -0.220466
v -0.074568 0.470610 -0.220466
v -0.102360 0.502683 -0.220466
v -0.094306 0.511977 -0.224462
v -0.064222 0.477259 -0.224462
v -0.064222 0.477259 -0.224462
v -0.094306 0.511977 -0.224462
v -0.089329 0.517722 -0.214000
v -0.057828 0.481368 -0.214000
v -0.089329 0.517722 -0.214000
v -0.129795 0.543728 -0.214000
v -0.132952 0.536814 -0.203538
v -0.094306 0.511977 -0.203538
v -0.094306 0.511977 -0.203538
v -0.132952 0.536814 -0.203538
v -0.138061 0.525627 -0.207534
v -0.102360 0.502683 -0.207534
v -0.102360 0.502683 -0.207534
v -0.138061 0.525627 -0.207534
v -0.138061 0.525627 -0.220466
v -0.102360 0.502683 -0.220466
v -0.102360 0.502683 -0.220466
v -0.138061 0.525627 -0.220466
v -0.132952 0.536814 -0.224462
v -0.094306 0.511977 -0.224462
v -0.094306 0.511977 -0.224462
v -0.132952 0.536814 -0.224462
v -0.129795 0.543728 -0.214000
v -0.089329 0.517722 -0.214000
v -0.129795 0.543728 -0.214000
v -0.175949 0.557280 -0.214000
v -0.177031 0.549756 -0.203538
v -0.132952 0.536814 -0.203538
v -0.132952 0.536814 -0.203538
v -0.177031 0.549756 -0.203538
v -0.178781 0.537583 -0.207534
v -0.138061 0.525627 -0.207534
v -0.138061 0.525627 -0.207534
v -0.178781 0.537583 -0.207534
v -0.178781 0.537583 -0.220466
v -0.138061 0.525627 -0.220466
v -0.138061 0.525627 -0.220466
v -0.178781 0.537583 -0.220466
v -0.177031 0.549756 -0.224462
v -0.132952 0.536814 -0.224462
v -0.132952 0.536814 -0.224462
v -0.177031 0.549756 -0.224462
v -0.175949 0.557280 -0.214000
v -0.129795 0.543728 -0.214000
v -0.175949 0.557280 -0.214000
v -0.224051 0.557280 -0.214000
v -0.222969 0.549756 -0.203538
v -0.177031 0.549756 -0.203538
v -0.177031 0.549756 -0.203538
v -0.222969 0.549756 -0.203538
v -0.221219 0.537583 -0.207534
v -0.178781 0.537583 -0.207534
v -0.178781 0.537583 -0.207534
v -0.221219 0.537583 -0.207534
v -0.221219 0.537583 -0.220466
v -0.178781 0.537583 -0.220466
v -0.178781 0.537583 -0.220466
v -0.221219 0.537583 -0.220466
v -0.222969 0.549756 -0.224462
v -0.177031 0.549756 -0.224462
v -0.177031 0.549756 -0.224462
v -0.222969 0.549756 -0.224462
v -0.224051 0.557280 -0.214000
v -0.175949 0.557280 -0.214000
v -0.224051 0.557280 -0.214000
v -0.270205 0.543728 -0.214000
v -0.267048 0.536814 -0.203538
v -0.222969 0.549756 -0.203538
v -0.222969 0.549756 -0.203538
v -0.267048 0.536814 -0.203538
v -0.261939 0.525627 -0.207534
v -0.221219 0.537583 -0.207534
v -0.221219 0.537583 -0.207534
v -0.261939 0.525627 -0.207534
v -0.261939 0.525627 -0.220466
v -0.221219 0.537583 -0.220466
v -0.221219 0.537583 -0.220466
v -0.261939 0.525627 -0.220466
v -0.267048 0.536814 -0.224462
v -0.222969 0.549756 -0.224462
v -0.222969 0.549756 -0.224462
v -0.267048 0.536814 -0.224462
v -0.270205 0.543728 -0.214000
v -0.224051 0.557280 -0.214000
v -0.270205 0.543728 -0.214000
v -0.310671 0.517722 -0.214000
v -0.305694 0.511977 -0.203538
v -0.267048 0.536814 -0.203538
v -0.267048 0.536814 -0.203538
v -0.305694 0.511977 -0.203538
v -0.297640 0.502683 -0.207534
v -0.261939 0.525627 -0.207534
v -0.261939 0.525627 -0.207534
v -0.297640 0.502683 -0.207534
v -0.297640 0.502683 -0.220466
v -0.261939 0.525627 -0.220466
v -0.261939 0.525627 -0.220466
v -0.297640 0.502683 -0.220466
v -0.305694 0.511977 -0.224462
v -0.267048 0.536814 -0.224462
v -0.267048 0.536814 -0.224462
v -0.305694 0.511977 -0.224462
v -0.310671 0.517722 -0.214000
v -0.270205 0.543728 -0.214000
v -0.310671 0.517722 -0.214000
v -0.342172 0.481368 -0.214000
v -0.335778 0.477259 -0.203538
v -0.305694 0.511977 -0.203538
v -0.305694 0.511977 -0.203538
v -0.335778 0.477259 -0.203538
v -0.325432 0.470610 -0.207534
v -0.297640 0.502683 -0.207534
v -0.297640 0.502683 -0.207534
v -0.325432 0.470610 -0.207534
v -0.325432 0.470610 -0.220466
v -0.297640 0.502683 -0.220466
v -0.297640 0.502683 -0.220466
v -0.325432 0.470610 -0.220466
v -0.335778 0.477259 -0.224462
v -0.305694 0.511977 -0.224462
v -0.305694 0.511977 -0.224462
v -0.335778 0.477259 -0.224462
v -0.342172 0.481368 -0.214000
v -0.310671 0.517722 -0.214000
v -0.342172 0.481368 -0.214000
v -0.362154 0.437613 -0.214000
v -0.354861 0.435471 -0.203538
v -0.335778 0.477259 -0.203538
v -0.335778 0.477259 -0.203538
v -0.354861 0.435471 -0.203538
v -0.343061 0.432007 -0.207534
v -0.325432 0.470610 -0.207534
v -0.325432 0.470610 -0.207534
v -0.343061 0.432007 -0.207534
v -0.343061 0.432007 -0.220466
v -0.325432 0.470610 -0.220466
v -0.325432 0.470610 -0.220466
v -0.343061 0.432007 -0.220466
v -0.354861 0.435471 -0.224462
v -0.335778 0.477259 -0.224462
v -0.335778 0.477259 -0.224462
v -0.354861 0.435471 -0.224462
v -0.362154 0.437613 -0.214000
v -0.342172 0.481368 -0.214000
v -0.362154 0.437613 -0.214000
v -0.369000 0.390000 -0.214000
v -0.361399 0.390000 -0.203538
v -0.354861 0.435471 -0.203538
v -0.354861 0.435471 -0.203538
v -0.361399 0.390000 -0.203538
v -0.349101 0.390000 -0.207534
v -0.343061 0.432007 -0.207534
v -0.343061 0.432007 -0.207534
v -0.349101 0.390000 -0.207534
v -0.349101 0.390000 -0.220466
v -0.343061 0.432007 -0.220466
v -0.343061 0.432007 -0.220466
v -0.349101 0.390000 -0.220466
v -0.361399 0.390000 -0.224462
v -0.354861 0.435471 -0.224462
v -0.354861 0.435471 -0.224462
v -0.361399 0.390000 -0.224462
v -0.369000 0.390000 -0.214000
v -0.362154 0.437613 -0.214000
v -0.369000 0.390000 -0.214000
v -0.362154 0.342387 -0.214000
v -0.354861 0.344529 -0.203538
v -0.361399 0.390000 -0.203538
v -0.361399 0.390000 -0.203538
v -0.354861 0.344529 -0.203538
v -0.343061 0.347993 -0.207534
v -0.349101 0.390000 -0.207534
v -0.349101 0.390000 -0.207534
v -0.343061 0.347993 -0.207534
v -0.343061 0.347993 -0.220466
v -0.349101 0.390000 -0.220466
v -0.349101 0.390000 -0.220466
v -0.343061 0.347993 -0.220466
v -0.354861 0.344529 -0.224462
v -0.361399 0.390000 -0.224462
v -0.361399 0.390000 -0.224462
v -0.354861 0.344529 -0.224462
v -0.362154 0.342387 -0.214000
v -0.369000 0.390000 -0.214000
v -0.362154 0.342387 -0.214000
v -0.342172 0.298632 -0.214000
v -0.335778 0.302741 -0.203538
v -0.354861 0.344529 -0.203538
v -0.354861 0.344529 -0.203538
v -0.335778 0.302741 -0.203538
v -0.325432 0.309390 -0.207534
v -0.343061 0.347993 -0.207534
v -0.343061 0.347993 -0.207534
v -0.325432 0.309390 -0.207534
v -0.325432 0.309390 -0.220466
v -0.343061 0.347993 -0.220466
v -0.343061 0.347993 -0.220466
v -0.325432 0.309390 -0.220466
v -0.335778 0.302741 -0.224462
v -0.354861 0.344529 -0.224462
v -0.354861 0.344529 -0.224462
v -0.335778 0.302741 -0.224462
v -0.342172 0.298632 -0.214000
v -0.362154 0.342387 -0.214000
v -0.342172 0.298632 -0.214000
v -0.310671 0.262278 -0.214000
v -0.305694 0.268023 -0.203538
v -0.335778 0.302741 -0.203538
v -0.335778 0.302741 -0.203538
v -0.305694 0.268023 -0.203538
v -0.297640 0.277317 -0.207534
v -0.325432 0.309390 -0.207534
v -0.325432 0.309390 -0.207534
v -0.297640 0.277317 -0.207534
v -0.297640 0.277317 -0.220466
v -0.325432 0.309390 -0.220466
v -0.325432 0.309390 -0.220466
v -0.297640 0.277317 -0.220466
v -0.305694 0.268023 -0.224462
v -0.335778 0.302741 -0.224462
v -0.335778 0.302741 -0.224462
v -0.305694 0.268023 -0.224462
v -0.310671 0.262278 -0.214000
v -0.342172 0.298632 -0.214000
v -0.310671 0.262278 -0.214000
v -0.270205 0.236272 -0.214000
v -0.267048 0.243186 -0.203538
v -0.305694 0.268023 -0.203538
v -0.305694 0.268023 -0.203538
v -0.267048 0.243186 -0.203538
v -0.261939 0.254373 -0.207534
v -0.297640 0.277317 -0.207534
v -0.297640 0.277317 -0.207534
v -0.261939 0.254373 -0.207534
v -0.261939 0.254373 -0.220466
v -0.297640 0.277317 -0.220466
v -0.297640 0.277317 -0.220466
v -0.261939 0.254373 -0.220466
v -0.267048 0.243186 -0.224462
v -0.305694 0.268023 -0.224462
v -0.305694 0.268023 -0.224462
v -0.267048 0.243186 -0.224462
v -0.270205 0.236272 -0.214000
v -0.310671 0.262278 -0.214000
v -0.270205 0.236272 -0.214000
v -0.224051 0.222720 -0.214000
v -0.222969 0.230244 -0.203538
v -0.267048 0.243186 -0.203538
v -0.267048 0.243186 -0.203538
v -0.222969 0.230244 -0.203538
v -0.221219 0.242417 -0.207534
v -0.261939 0.254373 -0.207534
v -0.261939 0.254373 -0.207534
v -0.221219 0.242417 -0.207534
v -0.221219 0.242417 -0.220466
v -0.261939 0.254373 -0.220466
v -0.261939 0.254373 -0.220466
v -0.221219 0.242417 -0.220466
v -0.222969 0.230244 -0.224462
v -0.267048 0.243186 -0.224462
v -0.267048 0.243186 -0.224462
v -0.222969 0.230244 -0.224462
v -0.224051 0.222720 -0.214000
v -0.270205 0.236272 -0.214000
v -0.224051 0.222720 -0.214000
v -0.175949 0.222720 -0.214000
v -0.177031 0.230244 -0.203538
v -0.222969 0.230244 -0.203538
v -0.222969 0.230244 -0.203538
v -0.177031 0.230244 -0.203538
v -0.178781 0.242417 -0.207534
v -0.221219 0.242417 -0.207534
v -0.221219 0.242417 -0.207534
v -0.178781 0.242417 -0.207534
v -0.178781 0.242417 -0.220466
v -0.221219 0.242417 -0.220466
v -0.221219 0.242417 -0.220466
v -0.178781 0.242417 -0.220466
v -0.177031 0.230244 -0.224462
v -0.222969 0.230244 -0.224462
v -0.222969 0.230244 -0.224462
v -0.177031 0.230244 -0.224462
v -0.175949 0.222720 -0.214000
v -0.224051 0.222720 -0.214000
v -0.175949 0.222720 -0.214000
v -0.129795 0.236272 -0.214000
v -0.132952 0.243186 -0.203538
v -0.177031 0.230244 -0.203538
v -0.177031 0.230244 -0.203538
v -0.132952 0.243186 -0.203538
v -0.138061 0.254373 -0.207534
v -0.178781 0.242417 -0.207534
v -0.178781 0.242417 -0.207534
v -0.138061 0.254373 -0.207534
v -0.138061 0.254373 -0.220466
v -0.178781 0.242417 -0.220466
v -0.178781 0.242417 -0.220466
v -0.138061 0.254373 -0.220466
v -0.132952 0.243186 -0.224462
v -0.177031 0.230244 -0.224462
v -0.177031 0.230244 -0.224462
v -0.132952 0.243186 -0.224462
v -0.129795 0.236272 -0.214000
v -0.175949 0.222720 -0.214000
v -0.129795 0.236272 -0.214000
v -0.089329 0.262278 -0.214000
v -0.094306 0.268023 -0.203538
v -0.132952 0.243186 -0.203538
v -0.132952 0.243186 -0.203538
v -0.094306 0.268023 -0.203538
v -0.102360 0.277317 -0.207534
v -0.138061 0.254373 -0.207534
v -0.138061 0.254373 -0.207534
v -0.102360 0.277317 -0.207534
v -0.102360 0.277317 -0.220466
v -0.138061 0.254373 -0.220466
v -0.138061 0.254373 -0.220466
v -0.102360 0.277317 -0.220466
v -0.094306 0.268023 -0.224462
v -0.132952 0.243186 -0.224462
v -0.132952 0.243186 -0.224462
v -0.094306 0.268023 -0.224462
v -0.089329 0.262278 -0.214000
v -0.129795 0.236272 -0.214000
v -0.089329 0.262278 -0.214000
v -0.057828 0.298632 -0.214000
v -0.064222 0.302741 -0.203538
v -0.094306 0.268023 -0.203538
v -0.094306 0.268023 -0.203538
v -0.064222 0.302741 -0.203538
v -0.074568 0.309390 -0.207534
v -0.102360 0.277317 -0.207534
v -0.102360 0.277317 -0.207534
v -0.074568 0.309390 -0.207534
v -0.074568 0.309390 -0.220466
v -0.102360 0.277317 -0.220466
v -0.102360 0.277317 -0.220466
v -0.074568 0.309390 -0.220466
v -0.064222 0.302741 -0.224462
v -0.094306 0.268023 -0.224462
v -0.094306 0.268023 -0.224462
v -0.064222 0.302741 -0.224462
v -0.057828 0.298632 -0.214000
v -0.089329 0.262278 -0.214000
v -0.057828 0.298632 -0.214000
v -0.037846 0.342387 -0.214000
v -0.045139 0.344529 -0.203538
v -0.064222 0.302741 -0.203538
v -0.064222 0.302741 -0.203538
v -0.045139 0.344529 -0.203538
v -0.056939 0.347993 -0.207534
v -0.074568 0.309390 -0.207534
v -0.074568 0.309390 -0.207534
v -0.056939 0.347993 -0.207534
v -0.056939 0.347993 -0.220466
v -0.074568 0.309390 -0.220466
v -0.074568 0.309390 -0.220466
v -0.056939 0.347993 -0.220466
v -0.045139 0.344529 -0.224462
v -0.064222 0.302741 -0.224462
v -0.064222 0.302741 -0.224462
v -0.045139 0.344529 -0.224462
v -0.037846 0.342387 -0.214000
v -0.057828 0.298632 -0.214000
v -0.037846 0.342387 -0.214000
v -0.031000 0.390000 -0.214000
v -0.038601 0.390000 -0.203538
v -0.045139 0.344529 -0.203538
v -0.045139 0.344529 -0.203538
v -0.038601 0.390000 -0.203538
v -0.050899 0.390000 -0.207534
v -0.056939 0.347993 -0.207534
v -0.056939 0.347993 -0.207534
v -0.050899 0.390000 -0.207534
v -0.050899 0.390000 -0.220466
v -0.056939 0.347993 -0.220466
v -0.056939 0.347993 -0.220466
v -0.050899 0.390000 -0.220466
v -0.038601 0.390000 -0.224462
v -0.045139 0.344529 -0.224462
v -0.045139 0.344529 -0.224462
v -0.038601 0.390000 -0.224462
v -0.031000 0.390000 -0.214000
v -0.037846 0.342387 -0.214000
v -0.329000 0.340096 -0.247000
v -0.321000 0.340096 -0.247000
v -0.321000 0.439904 -0.247000
v -0.329000 0.439904 -0.247000
v -0.321000 0.340096 -0.237000
v -0.329000 0.340096 -0.237000
v -0.329000 0.439904 -0.237000
v -0.321000 0.439904 -0.237000
v -0.329000 0.340096 -0.237000
v -0.329000 0.340096 -0.247000
v -0.329000 0.439904 -0.247000
v -0.329000 0.439904 -0.237000
v -0.321000 0.340096 -0.247000
v -0.321000 0.340096 -0.237000
v -0.321000 0.439904 -0.237000
v -0.321000 0.439904 -0.247000
v -0.329000 0.439904 -0.247000
v -0.321000 0.439904 -0.247000
v -0.321000 0.439904 -0.237000
v -0.329000 0.439904 -0.237000
v -0.329000 0.340096 -0.237000
v -0.321000 0.340096 -0.237000
v -0.321000 0.340096 -0.247000
v -0.329000 0.340096 -0.247000
v -0.304000 0.306658 -0.247000
v -0.296000 0.306658 -0.247000
v -0.296000 0.473342 -0.247000
v -0.304000 0.473342 -0.247000
v -0.296000 0.306658 -0.237000
v -0.304000 0.306658 -0.237000
v -0.304000 0.473342 -0.237000
v -0.296000 0.473342 -0.237000
v -0.304000 0.306658 -0.237000
v -0.304000 0.306658 -0.247000
v -0.304000 0.473342 -0.247000
v -0.304000 0.473342 -0.237000
v -0.296000 0.306658 -0.247000
v -0.296000 0.306658 -0.237000
v -0.296000 0.473342 -0.237000
v -0.296000 0.473342 -0.247000
v -0.304000 0.473342 -0.247000
v -0.296000 0.473342 -0.247000
v -0.296000 0.473342 -0.237000
v -0.304000 0.473342 -0.237000
v -0.304000 0.306658 -0.237000
v -0.296000 0.306658 -0.237000
v -0.296000 0.306658 -0.247000
v -0.304000 0.306658 -0.247000
v -0.279000 0.287964 -0.247000
v -0.271000 0.287964 -0.247000
v -0.271000 0.492036 -0.247000
v -0.279000 0.492036 -0.247000
v -0.271000 0.287964 -0.237000
v -0.279000 0.287964 -0.237000
v -0.279000 0.492036 -0.237000
v -0.271000 0.492036 -0.237000
v -0.279000 0.287964 -0.237000
v -0.279000 0.287964 -0.247000
v -0.279000 0.492036 -0.247000
v -0.279000 0.492036 -0.237000
v -0.271000 0.287964 -0.247000
v -0.271000 0.287964 -0.237000
v -0.271000 0.492036 -0.237000
v -0.271000 0.492036 -0.247000
v -0.279000 0.492036 -0.247000
v -0.271000 0.492036 -0.247000
v -0.271000 0.492036 -0.237000
v -0.279000 0.492036 -0.237000
v -0.279000 0.287964 -0.237000
v -0.271000 0.287964 -0.237000
v -0.271000 0.287964 -0.247000
v -0.279000 0.287964 -0.247000
v -0.254000 0.276481 -0.247000
v -0.246000 0.276481 -0.247000
v -0.246000 0.503519 -0.247000
v -0.254000 0.503519 -0.247000
v -0.246000 0.276481 -0.237000
v -0.254000 0.276481 -0.237000
v -0.254000 0.503519 -0.237000
v -0.246000 0.503519 -0.237000
v -0.254000 0.276481 -0.237000
v -0.254000 0.276481 -0.247000
v -0.254000 0.503519 -0.247000
v -0.254000 0.503519 -0.237000
v -0.246000 0.276481 -0.247000
v -0.246000 0.276481 -0.237000
v -0.246000 0.503519 -0.237000
v -0.246000 0.503519 -0.247000
v -0.254000 0.503519 -0.247000
v -0.246000 0.503519 -0.247000
v -0.246000 0.503519 -0.237000
v -0.254000 0.503519 -0.237000
v -0.254000 0.276481 -0.237000
v -0.246000 0.276481 -0.237000
v -0.246000 0.276481 -0.247000
v -0.254000 0.276481 -0.247000
v -0.229000 0.270117 -0.247000
v -0.221000 0.270117 -0.247000
v -0.221000 0.509883 -0.247000
v -0.229000 0.509883 -0.247000
v -0.221000 0.270117 -0.237000
v -0.229000 0.270117 -0.237000
v -0.229000 0.509883 -0.237000
v -0.221000 0.509883 -0.237000
v -0.229000 0.270117 -0.237000
v -0.229000 0.270117 -0.247000
v -0.229000 0.509883 -0.247000
v -0.229000 0.509883 -0.237000
v -0.221000 0.270117 -0.247000
v -0.221000 0.270117 -0.237000
v -0.221000 0.509883 -0.237000
v -0.221000 0.509883 -0.247000
v -0.229000 0.509883 -0.247000
v -0.221000 0.509883 -0.247000
v -0.221000 0.509883 -0.237000
v -0.229000 0.509883 -0.237000
v -0.229000 0.270117 -0.237000
v -0.221000 0.270117 -0.237000
v -0.221000 0.270117 -0.247000
v -0.229000 0.270117 -0.247000
v -0.204000 0.268070 -0.247000
v -0.196000 0.268070 -0.247000
v -0.196000 0.511930 -0.247000
v -0.204000 0.511930 -0.247000
v -0.196000 0.268070 -0.237000
v -0.204000 0.268070 -0.237000
v -0.204000 0.511930 -0.237000
v -0.196000 0.511930 -0.237000
v -0.204000 0.268070 -0.237000
v -0.204000 0.268070 -0.247000
v -0.204000 0.511930 -0.247000
v -0.204000 0.511930 -0.237000
v -0.196000 0.268070 -0.247000
v -0.196000 0.268070 -0.237000
v -0.196000 0.511930 -0.237000
v -0.196000 0.511930 -0.247000
v -0.204000 0.511930 -0.247000
v -0.196000 0.511930 -0.247000
v -0.196000 0.511930 -0.237000
v -0.204000 0.511930 -0.237000
v -0.204000 0.268070 -0.237000
v -0.196000 0.268070 -0.237000
v -0.196000 0.268070 -0.247000
v -0.204000 0.268070 -0.247000
v -0.179000 0.270117 -0.247000
v -0.171000 0.270117 -0.247000
v -0.171000 0.509883 -0.247000
v -0.179000 0.509883 -0.247000
v -0.171000 0.270117 -0.237000
v -0.179000 0.270117 -0.237000
v -0.179000 0.509883 -0.237000
v -0.171000 0.509883 -0.237000
v -0.179000 0.270117 -0.237000
v -0.179000 0.270117 -0.247000
v -0.179000 0.509883 -0.247000
v -0.179000 0.509883 -0.237000
v -0.171000 0.270117 -0.247000
v -0.171000 0.270117 -0.237000
v -0.171000 0.509883 -0.237000
v -0.171000 0.509883 -0.247000
v -0.179000 0.509883 -0.247000
v -0.171000 0.509883 -0.247000
v -0.171000 0.509883 -0.237000
v -0.179000 0.509883 -0.237000
v -0.179000 0.270117 -0.237000
v -0.171000 0.270117 -0.237000
v -0.171000 0.270117 -0.247000
v -0.179000 0.270117 -0.247000
v -0.154000 0.276481 -0.247000
v -0.146000 0.276481 -0.247000
v -0.146000 0.503519 -0.247000
v -0.154000 0.503519 -0.247000
v -0.146000 0.276481 -0.237000
v -0.154000 0.276481 -0.237000
v -0.154000 0.503519 -0.237000
v -0.146000 0.503519 -0.237000
v -0.154000 0.276481 -0.237000
v -0.154000 0.276481 -0.247000
v -0.154000 0.503519 -0.247000
v -0.154000 0.503519 -0.237000
v -0.146000 0.276481 -0.247000
v -0.146000 0.276481 -0.237000
v -0.146000 0.503519 -0.237000
v -0.146000 0.503519 -0.247000
v -0.154000 0.503519 -0.247000
v -0.146000 0.503519 -0.247000
v -0.146000 0.503519 -0.237000
v -0.154000 0.503519 -0.237000
v -0.154000 0.276481 -0.237000
v -0.146000 0.276481 -0.237000
v -0.146000 0.276481 -0.247000
v -0.154000 0.276481 -0.247000
v -0.129000 0.287964 -0.247000
v -0.121000 0.287964 -0.247000
v -0.121000 0.492036 -0.247000
v -0.129000 0.492036 -0.247000
v -0.121000 0.287964 -0.237000
v -0.129000 0.287964 -0.237000
v -0.129000 0.492036 -0.237000
v -0.121000 0.492036 -0.237000
v -0.129000 0.287964 -0.237000
v -0.129000 0.287964 -0.247000
v -0.129000 0.492036 -0.247000
v -0.129000 0.492036 -0.237000
v -0.121000 0.287964 -0.247000
v -0.121000 0.287964 -0.237000
v -0.121000 0.492036 -0.237000
v -0.121000 0.492036 -0.247000
v -0.129000 0.492036 -0.247000
v -0.121000 0.492036 -0.247000
v -0.121000 0.492036 -0.237000
v -0.129000 0.492036 -0.237000
v -0.129000 0.287964 -0.237000
v -0.121000 0.287964 -0.237000
v -0.121000 0.287964 -0.247000
v -0.129000 0.287964 -0.247000
v -0.104000 0.306658 -0.247000
v -0.096000 0.306658 -0.247000
v -0.096000 0.473342 -0.247000
v -0.104000 0.473342 -0.247000
v -0.096000 0.306658 -0.237000
v -0.104000 0.306658 -0.237000
v -0.104000 0.473342 -0.237000
v -0.096000 0.473342 -0.237000
v -0.104000 0.306658 -0.237000
v -0.104000 0.306658 -0.247000
v -0.104000 0.473342 -0.247000
v -0.104000 0.473342 -0.237000
v -0.096000 0.306658 -0.247000
v -0.096000 0.306658 -0.237000
v -0.096000 0.473342 -0.237000
v -0.096000 0.473342 -0.247000
v -0.104000 0.473342 -0.247000
v -0.096000 0.473342 -0.247000
v -0.096000 0.473342 -0.237000
v -0.104000 0.473342 -0.237000
v -0.104000 0.306658 -0.237000
v -0.096000 0.306658 -0.237000
v -0.096000 0.306658 -0.247000
v -0.104000 0.306658 -0.247000
v -0.079000 0.340096 -0.247000
v -0.071000 0.340096 -0.247000
v -0.071000 0.439904 -0.247000
v -0.079000 0.439904 -0.247000
v -0.071000 0.340096 -0.237000
v -0.079000 0.340096 -0.237000
v -0.079000 0.439904 -0.237000
v -0.071000 0.439904 -0.237000
v -0.079000 0.340096 -0.237000
v -0.079000 0.340096 -0.247000
v -0.079000 0.439904 -0.247000
v -0.079000 0.439904 -0.237000
v -0.071000 0.340096 -0.247000
v -0.071000 0.340096 -0.237000
v -0.071000 0.439904 -0.237000
v -0.071000 0.439904 -0.247000
v -0.079000 0.439904 -0.247000
v -0.071000 0.439904 -0.247000
v -0.071000 0.439904 -0.237000
v -0.079000 0.439904 -0.237000
v -0.079000 0.340096 -0.237000
v -0.071000 0.340096 -0.237000
v -0.071000 0.340096 -0.247000
v -0.079000 0.340096 -0.247000
v 0.077500 0.514000 -0.223000
v 0.332500 0.514000 -0.223000
v 0.332500 0.596000 -0.223000
v 0.077500 0.596000 -0.223000
v 0.332500 0.514000 -0.207000
v 0.077500 0.514000 -0.207000
v 0.077500 0.596000 -0.207000
v 0.332500 0.596000 -0.207000
v 0.077500 0.514000 -0.207000
v 0.077500 0.514000 -0.223000
v 0.077500 0.596000 -0.223000
v 0.077500 0.596000 -0.207000
v 0.332500 0.514000 -0.223000
v 0.332500 0.514000 -0.207000
v 0.332500 0.596000 -0.207000
v 0.332500 0.596000 -0.223000
v 0.077500 0.596000 -0.223000
v 0.332500 0.596000 -0.223000
v 0.332500 0.596000 -0.207000
v 0.077500 0.596000 -0.207000
v 0.077500 0.514000 -0.207000
v 0.332500 0.514000 -0.207000
v 0.332500 0.514000 -0.223000
v 0.077500 0.514000 -0.223000
v 0.240000 0.532500 -0.232000
v 0.310000 0.532500 -0.232000
v 0.310000 0.577500 -0.232000
v 0.240000 0.577500 -0.232000
v 0.310000 0.532500 -0.222000
v 0.240000 0.532500 -0.222000
v 0.240000 0.577500 -0.222000
v 0.310000 0.577500 -0.222000
v 0.240000 0.532500 -0.222000
v 0.240000 0.532500 -0.232000
v 0.240000 0.577500 -0.232000
v 0.240000 0.577500 -0.222000
v 0.310000 0.532500 -0.232000
v 0.310000 0.532500 -0.222000
v 0.310000 0.577500 -0.222000
v 0.310000 0.577500 -0.232000
v 0.240000 0.577500 -0.232000
v 0.310000 0.577500 -0.232000
v 0.310000 0.577500 -0.222000
v 0.240000 0.577500 -0.222000
v 0.240000 0.532500 -0.222000
v 0.310000 0.532500 -0.222000
v 0.310000 0.532500 -0.232000
v 0.240000 0.532500 -0.232000
v 0.130000 0.330000 -0.196000
v 0.134567 0.352961 -0.196000
v 0.134567 0.352961 -0.250000
v 0.130000 0.330000 -0.250000
v 0.134567 0.352961 -0.196000
v 0.147574 0.372426 -0.196000
v 0.147574 0.372426 -0.250000
v 0.134567 0.352961 -0.250000
v 0.147574 0.372426 -0.196000
v 0.167039 0.385433 -0.196000
v 0.167039 0.385433 -0.250000
v 0.147574 0.372426 -0.250000
v 0.167039 0.385433 -0.196000
v 0.190000 0.390000 -0.196000
v 0.190000 0.390000 -0.250000
v 0.167039 0.385433 -0.250000
v 0.190000 0.390000 -0.196000
v 0.212961 0.385433 -0.196000
v 0.212961 0.385433 -0.250000
v 0.190000 0.390000 -0.250000
v 0.212961 0.385433 -0.196000
v 0.232426 0.372426 -0.196000
v 0.232426 0.372426 -0.250000
v 0.212961 0.385433 -0.250000
v 0.232426 0.372426 -0.196000
v 0.245433 0.352961 -0.196000
v 0.245433 0.352961 -0.250000
v 0.232426 0.372426 -0.250000
v 0.245433 0.352961 -0.196000
v 0.250000 0.330000 -0.196000
v 0.250000 0.330000 -0.250000
v 0.245433 0.352961 -0.250000
v 0.250000 0.330000 -0.196000
v 0.245433 0.307039 -0.196000
v 0.245433 0.307039 -0.250000
v 0.250000 0.330000 -0.250000
v 0.245433 0.307039 -0.196000
v 0.232426 0.287574 -0.196000
v 0.232426 0.287574 -0.250000
v 0.245433 0.307039 -0.250000
v 0.232426 0.287574 -0.196000
v 0.212961 0.274567 -0.196000
v 0.212961 0.274567 -0.250000
v 0.232426 0.287574 -0.250000
v 0.212961 0.274567 -0.196000
v 0.190000 0.270000 -0.196000
v 0.190000 0.270000 -0.250000
v 0.212961 0.274567 -0.250000
v 0.190000 0.270000 -0.196000
v 0.167039 0.274567 -0.196000
v 0.167039 0.274567 -0.250000
v 0.190000 0.270000 -0.250000
v 0.167039 0.274567 -0.196000
v 0.147574 0.287574 -0.196000
v 0.147574 0.287574 -0.250000
v 0.167039 0.274567 -0.250000
v 0.147574 0.287574 -0.196000
v 0.134567 0.307039 -0.196000
v 0.134567 0.307039 -0.250000
v 0.147574 0.287574 -0.250000
v 0.134567 0.307039 -0.196000
v 0.130000 0.330000 -0.196000
v 0.130000 0.330000 -0.250000
v 0.134567 0.307039 -0.250000
v 0.190000 0.330000 -0.196000
v 0.130000 0.330000 -0.196000
v 0.134567 0.352961 -0.196000
v 0.134567 0.352961 -0.196000
v 0.147574 0.372426 -0.196000
v 0.147574 0.372426 -0.196000
v 0.167039 0.385433 -0.196000
v 0.167039 0.385433 -0.196000
v 0.190000 0.390000 -0.196000
v 0.190000 0.390000 -0.196000
v 0.212961 0.385433 -0.196000
v 0.212961 0.385433 -0.196000
v 0.232426 0.372426 -0.196000
v 0.232426 0.372426 -0.196000
v 0.245433 0.352961 -0.196000
v 0.245433 0.352961 -0.196000
v 0.250000 0.330000 -0.196000
v 0.250000 0.330000 -0.196000
v 0.245433 0.307039 -0.196000
v 0.245433 0.307039 -0.196000
v 0.232426 0.287574 -0.196000
v 0.232426 0.287574 -0.196000
v 0.212961 0.274567 -0.196000
v 0.212961 0.274567 -0.196000
v 0.190000 0.270000 -0.196000
v 0.190000 0.270000 -0.196000
v 0.167039 0.274567 -0.196000
v 0.167039 0.274567 -0.196000
v 0.147574 0.287574 -0.196000
v 0.147574 0.287574 -0.196000
v 0.134567 0.307039 -0.196000
v 0.134567 0.307039 -0.196000
v 0.130000 0.330000 -0.196000
v 0.190000 0.330000 -0.250000
v 0.130000 0.330000 -0.250000
v 0.134567 0.352961 -0.250000
v 0.134567 0.352961 -0.250000
v 0.147574 0.372426 -0.250000
v 0.147574 0.372426 -0.250000
v 0.167039 0.385433 -0.250000
v 0.167039 0.385433 -0.250000
v 0.190000 0.390000 -0.250000
v 0.190000 0.390000 -0.250000
v 0.212961 0.385433 -0.250000
v 0.212961 0.385433 -0.250000
v 0.232426 0.372426 -0.250000
v 0.232426 0.372426 -0.250000
v 0.245433 0.352961 -0.250000
v 0.245433 0.352961 -0.250000
v 0.250000 0.330000 -0.250000
v 0.250000 0.330000 -0.250000
v 0.245433 0.307039 -0.250000
v 0.245433 0.307039 -0.250000
v 0.232426 0.287574 -0.250000
v 0.232426 0.287574 -0.250000
v 0.212961 0.274567 -0.250000
v 0.212961 0.274567 -0.250000
v 0.190000 0.270000 -0.250000
v 0.190000 0.270000 -0.250000
v 0.167039 0.274567 -0.250000
v 0.167039 0.274567 -0.250000
v 0.147574 0.287574 -0.250000
v 0.147574 0.287574 -0.250000
v 0.134567 0.307039 -0.250000
v 0.134567 0.307039 -0.250000
v 0.130000 0.330000 -0.250000
v 0.197736 0.286775 -0.262000
v 0.209149 0.290483 -0.262000
v 0.182264 0.373225 -0.262000
v 0.170851 0.369517 -0.262000
v 0.209149 0.290483 -0.252000
v 0.197736 0.286775 -0.252000
v 0.170851 0.369517 -0.252000
v 0.182264 0.373225 -0.252000
v 0.197736 0.286775 -0.252000
v 0.197736 0.286775 -0.262000
v 0.170851 0.369517 -0.262000
v 0.170851 0.369517 -0.252000
v 0.209149 0.290483 -0.262000
v 0.209149 0.290483 -0.252000
v 0.182264 0.373225 -0.252000
v 0.182264 0.373225 -0.262000
v 0.170851 0.369517 -0.262000
v 0.182264 0.373225 -0.262000
v 0.182264 0.373225 -0.252000
v 0.170851 0.369517 -0.252000
v 0.197736 0.286775 -0.252000
v 0.209149 0.290483 -0.252000
v 0.209149 0.290483 -0.262000
v 0.197736 0.286775 -0.262000
v 0.278000 0.330000 -0.196000
v 0.281578 0.347986 -0.196000
v 0.281578 0.347986 -0.250000
v 0.278000 0.330000 -0.250000
v 0.281578 0.347986 -0.196000
v 0.291766 0.363234 -0.196000
v 0.291766 0.363234 -0.250000
v 0.281578 0.347986 -0.250000
v 0.291766 0.363234 -0.196000
v 0.307014 0.373422 -0.196000
v 0.307014 0.373422 -0.250000
v 0.291766 0.363234 -0.250000
v 0.307014 0.373422 -0.196000
v 0.325000 0.377000 -0.196000
v 0.325000 0.377000 -0.250000
v 0.307014 0.373422 -0.250000
v 0.325000 0.377000 -0.196000
v 0.342986 0.373422 -0.196000
v 0.342986 0.373422 -0.250000
v 0.325000 0.377000 -0.250000
v 0.342986 0.373422 -0.196000
v 0.358234 0.363234 -0.196000
v 0.358234 0.363234 -0.250000
v 0.342986 0.373422 -0.250000
v 0.358234 0.363234 -0.196000
v 0.368422 0.347986 -0.196000
v 0.368422 0.347986 -0.250000
v 0.358234 0.363234 -0.250000
v 0.368422 0.347986 -0.196000
v 0.372000 0.330000 -0.196000
v 0.372000 0.330000 -0.250000
v 0.368422 0.347986 -0.250000
v 0.372000 0.330000 -0.196000
v 0.368422 0.312014 -0.196000
v 0.368422 0.312014 -0.250000
v 0.372000 0.330000 -0.250000
v 0.368422 0.312014 -0.196000
v 0.358234 0.296766 -0.196000
v 0.358234 0.296766 -0.250000
v 0.368422 0.312014 -0.250000
v 0.358234 0.296766 -0.196000
v 0.342986 0.286578 -0.196000
v 0.342986 0.286578 -0.250000
v 0.358234 0.296766 -0.250000
v 0.342986 0.286578 -0.196000
v 0.325000 0.283000 -0.196000
v 0.325000 0.283000 -0.250000
v 0.342986 0.286578 -0.250000
v 0.325000 0.283000 -0.196000
v 0.307014 0.286578 -0.196000
v 0.307014 0.286578 -0.250000
v 0.325000 0.283000 -0.250000
v 0.307014 0.286578 -0.196000
v 0.291766 0.296766 -0.196000
v 0.291766 0.296766 -0.250000
v 0.307014 0.286578 -0.250000
v 0.291766 0.296766 -0.196000
v 0.281578 0.312014 -0.196000
v 0.281578 0.312014 -0.250000
v 0.291766 0.296766 -0.250000
v 0.281578 0.312014 -0.196000
v 0.278000 0.330000 -0.196000
v 0.278000 0.330000 -0.250000
v 0.281578 0.312014 -0.250000
v 0.325000 0.330000 -0.196000
v 0.278000 0.330000 -0.196000
v 0.281578 0.347986 -0.196000
v 0.281578 0.347986 -0.196000
v 0.291766 0.363234 -0.196000
v 0.291766 0.363234 -0.196000
v 0.307014 0.373422 -0.196000
v 0.307014 0.373422 -0.196000
v 0.325000 0.377000 -0.196000
v 0.325000 0.377000 -0.196000
v 0.342986 0.373422 -0.196000
v 0.342986 0.373422 -0.196000
v 0.358234 0.363234 -0.196000
v 0.358234 0.363234 -0.196000
v 0.368422 0.347986 -0.196000
v 0.368422 0.347986 -0.196000
v 0.372000 0.330000 -0.196000
v 0.372000 0.330000 -0.196000
v 0.368422 0.312014 -0.196000
v 0.368422 0.312014 -0.196000
v 0.358234 0.296766 -0.196000
v 0.358234 0.296766 -0.196000
v 0.342986 0.286578 -0.196000
v 0.342986 0.286578 -0.196000
v 0.325000 0.283000 -0.196000
v 0.325000 0.283000 -0.196000
v 0.307014 0.286578 -0.196000
v 0.307014 0.286578 -0.196000
v 0.291766 0.296766 -0.196000
v 0.291766 0.296766 -0.196000
v 0.281578 0.312014 -0.196000
v 0.281578 0.312014 -0.196000
v 0.278000 0.330000 -0.196000
v 0.325000 0.330000 -0.250000
v 0.278000 0.330000 -0.250000
v 0.281578 0.347986 -0.250000
v 0.281578 0.347986 -0.250000
v 0.291766 0.363234 -0.250000
v 0.291766 0.363234 -0.250000
v 0.307014 0.373422 -0.250000
v 0.307014 0.373422 -0.250000
v 0.325000 0.377000 -0.250000
v 0.325000 0.377000 -0.250000
v 0.342986 0.373422 -0.250000
v 0.342986 0.373422 -0.250000
v 0.358234 0.363234 -0.250000
v 0.358234 0.363234 -0.250000
v 0.368422 0.347986 -0.250000
v 0.368422 0.347986 -0.250000
v 0.372000 0.330000 -0.250000
v 0.372000 0.330000 -0.250000
v 0.368422 0.312014 -0.250000
v 0.368422 0.312014 -0.250000
v 0.358234 0.296766 -0.250000
v 0.358234 0.296766 -0.250000
v 0.342986 0.286578 -0.250000
v 0.342986 0.286578 -0.250000
v 0.325000 0.283000 -0.250000
v 0.325000 0.283000 -0.250000
v 0.307014 0.286578 -0.250000
v 0.307014 0.286578 -0.250000
v 0.291766 0.296766 -0.250000
v 0.291766 0.296766 -0.250000
v 0.281578 0.312014 -0.250000
v 0.281578 0.312014 -0.250000
v 0.278000 0.330000 -0.250000
v 0.306163 0.300978 -0.262000
v 0.317209 0.296289 -0.262000
v 0.343837 0.359022 -0.262000
v 0.332791 0.363711 -0.262000
v 0.317209 0.296289 -0.252000
v 0.306163 0.300978 -0.252000
v 0.332791 0.363711 -0.252000
v 0.343837 0.359022 -0.252000
v 0.306163 0.300978 -0.252000
v 0.306163 0.300978 -0.262000
v 0.332791 0.363711 -0.262000
v 0.332791 0.363711 -0.252000
v 0.317209 0.296289 -0.262000
v 0.317209 0.296289 -0.252000
v 0.343837 0.359022 -0.252000
v 0.343837 0.359022 -0.262000
v 0.332791 0.363711 -0.262000
v 0.343837 0.359022 -0.262000
v 0.343837 0.359022 -0.252000
v 0.332791 0.363711 -0.252000
v 0.306163 0.300978 -0.252000
v 0.317209 0.296289 -0.252000
v 0.317209 0.296289 -0.262000
v 0.306163 0.300978 -0.262000
v -0.290000 0.690000 0.042000
v -0.274444 0.690000 0.035556
v -0.274444 0.910000 0.035556
v -0.290000 0.910000 0.042000
v -0.274444 0.690000 0.035556
v -0.268000 0.690000 0.020000
v -0.268000 0.910000 0.020000
v -0.274444 0.910000 0.035556
v -0.268000 0.690000 0.020000
v -0.274444 0.690000 0.004444
v -0.274444 0.910000 0.004444
v -0.268000 0.910000 0.020000
v -0.274444 0.690000 0.004444
v -0.290000 0.690000 -0.002000
v -0.290000 0.910000 -0.002000
v -0.274444 0.910000 0.004444
v -0.290000 0.690000 -0.002000
v -0.305556 0.690000 0.004444
v -0.305556 0.910000 0.004444
v -0.290000 0.910000 -0.002000
v -0.305556 0.690000 0.004444
v -0.312000 0.690000 0.020000
v -0.312000 0.910000 0.020000
v -0.305556 0.910000 0.004444
v -0.312000 0.690000 0.020000
v -0.305556 0.690000 0.035556
v -0.305556 0.910000 0.035556
v -0.312000 0.910000 0.020000
v -0.305556 0.690000 0.035556
v -0.290000 0.690000 0.042000
v -0.290000 0.910000 0.042000
v -0.305556 0.910000 0.035556
v -0.290000 0.690000 0.020000
v -0.290000 0.690000 0.042000
v -0.274444 0.690000 0.035556
v -0.274444 0.690000 0.035556
v -0.268000 0.690000 0.020000
v -0.268000 0.690000 0.020000
v -0.274444 0.690000 0.004444
v -0.274444 0.690000 0.004444
v -0.290000 0.690000 -0.002000
v -0.290000 0.690000 -0.002000
v -0.305556 0.690000 0.004444
v -0.305556 0.690000 0.004444
v -0.312000 0.690000 0.020000
v -0.312000 0.690000 0.020000
v -0.305556 0.690000 0.035556
v -0.305556 0.690000 0.035556
v -0.290000 0.690000 0.042000
v -0.290000 0.910000 0.020000
v -0.290000 0.910000 0.042000
v -0.274444 0.910000 0.035556
v -0.274444 0.910000 0.035556
v -0.268000 0.910000 0.020000
v -0.268000 0.910000 0.020000
v -0.274444 0.910000 0.004444
v -0.274444 0.910000 0.004444
v -0.290000 0.910000 -0.002000
v -0.290000 0.910000 -0.002000
v -0.305556 0.910000 0.004444
v -0.305556 0.910000 0.004444
v -0.312000 0.910000 0.020000
v -0.312000 0.910000 0.020000
v -0.305556 0.910000 0.035556
v -0.305556 0.910000 0.035556
v -0.290000 0.910000 0.042000
v 0.290000 0.690000 0.042000
v 0.305556 0.690000 0.035556
v 0.305556 0.910000 0.035556
v 0.290000 0.910000 0.042000
v 0.305556 0.690000 0.035556
v 0.312000 0.690000 0.020000
v 0.312000 0.910000 0.020000
v 0.305556 0.910000 0.035556
v 0.312000 0.690000 0.020000
v 0.305556 0.690000 0.004444
v 0.305556 0.910000 0.004444
v 0.312000 0.910000 0.020000
v 0.305556 0.690000 0.004444
v 0.290000 0.690000 -0.002000
v 0.290000 0.910000 -0.002000
v 0.305556 0.910000 0.004444
v 0.290000 0.690000 -0.002000
v 0.274444 0.690000 0.004444
v 0.274444 0.910000 0.004444
v 0.290000 0.910000 -0.002000
v 0.274444 0.690000 0.004444
v 0.268000 0.690000 0.020000
v 0.268000 0.910000 0.020000
v 0.274444 0.910000 0.004444
v 0.268000 0.690000 0.020000
v 0.274444 0.690000 0.035556
v 0.274444 0.910000 0.035556
v 0.268000 0.910000 0.020000
v 0.274444 0.690000 0.035556
v 0.290000 0.690000 0.042000
v 0.290000 0.910000 0.042000
v 0.274444 0.910000 0.035556
v 0.290000 0.690000 0.020000
v 0.290000 0.690000 0.042000
v 0.305556 0.690000 0.035556
v 0.305556 0.690000 0.035556
v 0.312000 0.690000 0.020000
v 0.312000 0.690000 0.020000
v 0.305556 0.690000 0.004444
v 0.305556 0.690000 0.004444
v 0.290000 0.690000 -0.002000
v 0.290000 0.690000 -0.002000
v 0.274444 0.690000 0.004444
v 0.274444 0.690000 0.004444
v 0.268000 0.690000 0.020000
v 0.268000 0.690000 0.020000
v 0.274444 0.690000 0.035556
v 0.274444 0.690000 0.035556
v 0.290000 0.690000 0.042000
v 0.290000 0.910000 0.020000
v 0.290000 0.910000 0.042000
v 0.305556 0.910000 0.035556
v 0.305556 0.910000 0.035556
v 0.312000 0.910000 0.020000
v 0.312000 0.910000 0.020000
v 0.305556 0.910000 0.004444
v 0.305556 0.910000 0.004444
v 0.290000 0.910000 -0.002000
v 0.290000 0.910000 -0.002000
v 0.274444 0.910000 0.004444
v 0.274444 0.910000 0.004444
v 0.268000 0.910000 0.020000
v 0.268000 0.910000 0.020000
v 0.274444 0.910000 0.035556
v 0.274444 0.910000 0.035556
v 0.290000 0.910000 0.042000
v -0.290000 0.910000 -0.004000
v -0.290000 0.926971 0.003029
v 0.290000 0.926971 0.003029
v 0.290000 0.910000 -0.004000
v -0.290000 0.926971 0.003029
v -0.290000 0.934000 0.020000
v 0.290000 0.934000 0.020000
v 0.290000 0.926971 0.003029
v -0.290000 0.934000 0.020000
v -0.290000 0.926971 0.036971
v 0.290000 0.926971 0.036971
v 0.290000 0.934000 0.020000
v -0.290000 0.926971 0.036971
v -0.290000 0.910000 0.044000
v 0.290000 0.910000 0.044000
v 0.290000 0.926971 0.036971
v -0.290000 0.910000 0.044000
v -0.290000 0.893029 0.036971
v 0.290000 0.893029 0.036971
v 0.290000 0.910000 0.044000
v -0.290000 0.893029 0.036971
v -0.290000 0.886000 0.020000
v 0.290000 0.886000 0.020000
v 0.290000 0.893029 0.036971
v -0.290000 0.886000 0.020000
v -0.290000 0.893029 0.003029
v 0.290000 0.893029 0.003029
v 0.290000 0.886000 0.020000
v -0.290000 0.893029 0.003029
v -0.290000 0.910000 -0.004000
v 0.290000 0.910000 -0.004000
v 0.290000 0.893029 0.003029
v -0.290000 0.910000 0.020000
v -0.290000 0.910000 -0.004000
v -0.290000 0.926971 0.003029
v -0.290000 0.926971 0.003029
v -0.290000 0.934000 0.020000
v -0.290000 0.934000 0.020000
v -0.290000 0.926971 0.036971
v -0.290000 0.926971 0.036971
v -0.290000 0.910000 0.044000
v -0.290000 0.910000 0.044000
v -0.290000 0.893029 0.036971
v -0.290000 0.893029 0.036971
v -0.290000 0.886000 0.020000
v -0.290000 0.886000 0.020000
v -0.290000 0.893029 0.003029
v -0.290000 0.893029 0.003029
v -0.290000 0.910000 -0.004000
v 0.290000 0.910000 0.020000
v 0.290000 0.910000 -0.004000
v 0.290000 0.926971 0.003029
v 0.290000 0.926971 0.003029
v 0.290000 0.934000 0.020000
v 0.290000 0.934000 0.020000
v 0.290000 0.926971 0.036971
v 0.290000 0.926971 0.036971
v 0.290000 0.910000 0.044000
v 0.290000 0.910000 0.044000
v 0.290000 0.893029 0.036971
v 0.290000 0.893029 0.036971
v 0.290000 0.886000 0.020000
v 0.290000 0.886000 0.020000
v 0.290000 0.893029 0.003029
v 0.290000 0.893029 0.003029
v 0.290000 0.910000 -0.004000
v 0.129000 0.910000 0.020000
v 0.119180 0.959366 0.020000
v 0.110866 0.955922 0.029000
v 0.120000 0.910000 0.029000
v 0.120000 0.910000 0.029000
v 0.110866 0.955922 0.029000
v 0.102551 0.952478 0.020000
v 0.111000 0.910000 0.020000
v 0.111000 0.910000 0.020000
v 0.102551 0.952478 0.020000
v 0.110866 0.955922 0.011000
v 0.120000 0.910000 0.011000
v 0.120000 0.910000 0.011000
v 0.110866 0.955922 0.011000
v 0.119180 0.959366 0.020000
v 0.129000 0.910000 0.020000
v 0.119180 0.959366 0.020000
v 0.091217 1.001217 0.020000
v 0.084853 0.994853 0.029000
v 0.110866 0.955922 0.029000
v 0.110866 0.955922 0.029000
v 0.084853 0.994853 0.029000
v 0.078489 0.988489 0.020000
v 0.102551 0.952478 0.020000
v 0.102551 0.952478 0.020000
v 0.078489 0.988489 0.020000
v 0.084853 0.994853 0.011000
v 0.110866 0.955922 0.011000
v 0.110866 0.955922 0.011000
v 0.084853 0.994853 0.011000
v 0.091217 1.001217 0.020000
v 0.119180 0.959366 0.020000
v 0.091217 1.001217 0.020000
v 0.049366 1.029180 0.020000
v 0.045922 1.020866 0.029000
v 0.084853 0.994853 0.029000
v 0.084853 0.994853 0.029000
v 0.045922 1.020866 0.029000
v 0.042478 1.012551 0.020000
v 0.078489 0.988489 0.020000
v 0.078489 0.988489 0.020000
v 0.042478 1.012551 0.020000
v 0.045922 1.020866 0.011000
v 0.084853 0.994853 0.011000
v 0.084853 0.994853 0.011000
v 0.045922 1.020866 0.011000
v 0.049366 1.029180 0.020000
v 0.091217 1.001217 0.020000
v 0.049366 1.029180 0.020000
v 0.000000 1.039000 0.020000
v 0.000000 1.030000 0.029000
v 0.045922 1.020866 0.029000
v 0.045922 1.020866 0.029000
v 0.000000 1.030000 0.029000
v 0.000000 1.021000 0.020000
v 0.042478 1.012551 0.020000
v 0.042478 1.012551 0.020000
v 0.000000 1.021000 0.020000
v 0.000000 1.030000 0.011000
v 0.045922 1.020866 0.011000
v 0.045922 1.020866 0.011000
v 0.000000 1.030000 0.011000
v 0.000000 1.039000 0.020000
v 0.049366 1.029180 0.020000
v 0.000000 1.039000 0.020000
v -0.049366 1.029180 0.020000
v -0.045922 1.020866 0.029000
v 0.000000 1.030000 0.029000
v 0.000000 1.030000 0.029000
v -0.045922 1.020866 0.029000
v -0.042478 1.012551 0.020000
v 0.000000 1.021000 0.020000
v 0.000000 1.021000 0.020000
v -0.042478 1.012551 0.020000
v -0.045922 1.020866 0.011000
v 0.000000 1.030000 0.011000
v 0.000000 1.030000 0.011000
v -0.045922 1.020866 0.011000
v -0.049366 1.029180 0.020000
v 0.000000 1.039000 0.020000
v -0.049366 1.029180 0.020000
v -0.091217 1.001217 0.020000
v -0.084853 0.994853 0.029000
v -0.045922 1.020866 0.029000
v -0.045922 1.020866 0.029000
v -0.084853 0.994853 0.029000
v -0.078489 0.988489 0.020000
v -0.042478 1.012551 0.020000
v -0.042478 1.012551 0.020000
v -0.078489 0.988489 0.020000
v -0.084853 0.994853 0.011000
v -0.045922 1.020866 0.011000
v -0.045922 1.020866 0.011000
v -0.084853 0.994853 0.011000
v -0.091217 1.001217 0.020000
v -0.049366 1.029180 0.020000
v -0.091217 1.001217 0.020000
v -0.119180 0.959366 0.020000
v -0.110866 0.955922 0.029000
v -0.084853 0.994853 0.029000
v -0.084853 0.994853 0.029000
v -0.110866 0.955922 0.029000
v -0.102551 0.952478 0.020000
v -0.078489 0.988489 0.020000
v -0.078489 0.988489 0.020000
v -0.102551 0.952478 0.020000
v -0.110866 0.955922 0.011000
v -0.084853 0.994853 0.011000
v -0.084853 0.994853 0.011000
v -0.110866 0.955922 0.011000
v -0.119180 0.959366 0.020000
v -0.091217 1.001217 0.020000
v -0.119180 0.959366 0.020000
v -0.129000 0.910000 0.020000
v -0.120000 0.910000 0.029000
v -0.110866 0.955922 0.029000
v -0.110866 0.955922 0.029000
v -0.120000 0.910000 0.029000
v -0.111000 0.910000 0.020000
v -0.102551 0.952478 0.020000
v -0.102551 0.952478 0.020000
v -0.111000 0.910000 0.020000
v -0.120000 0.910000 0.011000
v -0.110866 0.955922 0.011000
v -0.110866 0.955922 0.011000
v -0.120000 0.910000 0.011000
v -0.129000 0.910000 0.020000
v -0.119180 0.959366 0.020000
v -0.129000 0.910000 0.020000
v -0.119180 0.860634 0.020000
v -0.110866 0.864078 0.029000
v -0.120000 0.910000 0.029000
v -0.120000 0.910000 0.029000
v -0.110866 0.864078 0.029000
v -0.102551 0.867522 0.020000
v -0.111000 0.910000 0.020000
v -0.111000 0.910000 0.020000
v -0.102551 0.867522 0.020000
v -0.110866 0.864078 0.011000
v -0.120000 0.910000 0.011000
v -0.120000 0.910000 0.011000
v -0.110866 0.864078 0.011000
v -0.119180 0.860634 0.020000
v -0.129000 0.910000 0.020000
v -0.119180 0.860634 0.020000
v -0.091217 0.818783 0.020000
v -0.084853 0.825147 0.029000
v -0.110866 0.864078 0.029000
v -0.110866 0.864078 0.029000
v -0.084853 0.825147 0.029000
v -0.078489 0.831511 0.020000
v -0.102551 0.867522 0.020000
v -0.102551 0.867522 0.020000
v -0.078489 0.831511 0.020000
v -0.084853 0.825147 0.011000
v -0.110866 0.864078 0.011000
v -0.110866 0.864078 0.011000
v -0.084853 0.825147 0.011000
v -0.091217 0.818783 0.020000
v -0.119180 0.860634 0.020000
v -0.091217 0.818783 0.020000
v -0.049366 0.790820 0.020000
v -0.045922 0.799134 0.029000
v -0.084853 0.825147 0.029000
v -0.084853 0.825147 0.029000
v -0.045922 0.799134 0.029000
v -0.042478 0.807449 0.020000
v -0.078489 0.831511 0.020000
v -0.078489 0.831511 0.020000
v -0.042478 0.807449 0.020000
v -0.045922 0.799134 0.011000
v -0.084853 0.825147 0.011000
v -0.084853 0.825147 0.011000
v -0.045922 0.799134 0.011000
v -0.049366 0.790820 0.020000
v -0.091217 0.818783 0.020000
v -0.049366 0.790820 0.020000
v -0.000000 0.781000 0.020000
v -0.000000 0.790000 0.029000
v -0.045922 0.799134 0.029000
v -0.045922 0.799134 0.029000
v -0.000000 0.790000 0.029000
v -0.000000 0.799000 0.020000
v -0.042478 0.807449 0.020000
v -0.042478 0.807449 0.020000
v -0.000000 0.799000 0.020000
v -0.000000 0.790000 0.011000
v -0.045922 0.799134 0.011000
v -0.045922 0.799134 0.011000
v -0.000000 0.790000 0.011000
v -0.000000 0.781000 0.020000
v -0.049366 0.790820 0.020000
v -0.000000 0.781000 0.020000
v 0.049366 0.790820 0.020000
v 0.045922 0.799134 0.029000
v -0.000000 0.790000 0.029000
v -0.000000 0.790000 0.029000
v 0.045922 0.799134 0.029000
v 0.042478 0.807449 0.020000
v -0.000000 0.799000 0.020000
v -0.000000 0.799000 0.020000
v 0.042478 0.807449 0.020000
v 0.045922 0.799134 0.011000
v -0.000000 0.790000 0.011000
v -0.000000 0.790000 0.011000
v 0.045922 0.799134 0.011000
v 0.049366 0.790820 0.020000
v -0.000000 0.781000 0.020000
v 0.049366 0.790820 0.020000
v 0.091217 0.818783 0.020000
v 0.084853 0.825147 0.029000
v 0.045922 0.799134 0.029000
v 0.045922 0.799134 0.029000
v 0.084853 0.825147 0.029000
v 0.078489 0.831511 0.020000
v 0.042478 0.807449 0.020000
v 0.042478 0.807449 0.020000
v 0.078489 0.831511 0.020000
v 0.084853 0.825147 0.011000
v 0.045922 0.799134 0.011000
v 0.045922 0.799134 0.011000
v 0.084853 0.825147 0.011000
v 0.091217 0.818783 0.020000
v 0.049366 0.790820 0.020000
v 0.091217 0.818783 0.020000
v 0.119180 0.860634 0.020000
v 0.110866 0.864078 0.029000
v 0.084853 0.825147 0.029000
v 0.084853 0.825147 0.029000
v 0.110866 0.864078 0.029000
v 0.102551 0.867522 0.020000
v 0.078489 0.831511 0.020000
v 0.078489 0.831511 0.020000
v 0.102551 0.867522 0.020000
v 0.110866 0.864078 0.011000
v 0.084853 0.825147 0.011000
v 0.084853 0.825147 0.011000
v 0.110866 0.864078 0.011000
v 0.119180 0.860634 0.020000
v 0.091217 0.818783 0.020000
v 0.119180 0.860634 0.020000
v 0.129000 0.910000 0.020000
v 0.120000 0.910000 0.029000
v 0.110866 0.864078 0.029000
v 0.110866 0.864078 0.029000
v 0.120000 0.910000 0.029000
v 0.111000 0.910000 0.020000
v 0.102551 0.867522 0.020000
v 0.102551 0.867522 0.020000
v 0.111000 0.910000 0.020000
v 0.120000 0.910000 0.011000
v 0.110866 0.864078 0.011000
v 0.110866 0.864078 0.011000
v 0.120000 0.910000 0.011000
v 0.129000 0.910000 0.020000
v 0.119180 0.860634 0.020000
v -0.300000 0.670000 0.051000
v -0.292229 0.669672 0.047778
v -0.262229 1.379672 0.047778
v -0.270000 1.380000 0.051000
v -0.292229 0.669672 0.047778
v -0.289010 0.669536 0.040000
v -0.259010 1.379536 0.040000
v -0.262229 1.379672 0.047778
v -0.289010 0.669536 0.040000
v -0.292229 0.669672 0.032222
v -0.262229 1.379672 0.032222
v -0.259010 1.379536 0.040000
v -0.292229 0.669672 0.032222
v -0.300000 0.670000 0.029000
v -0.270000 1.380000 0.029000
v -0.262229 1.379672 0.032222
v -0.300000 0.670000 0.029000
v -0.307771 0.670328 0.032222
v -0.277771 1.380328 0.032222
v -0.270000 1.380000 0.029000
v -0.307771 0.670328 0.032222
v -0.310990 0.670464 0.040000
v -0.280990 1.380464 0.040000
v -0.277771 1.380328 0.032222
v -0.310990 0.670464 0.040000
v -0.307771 0.670328 0.047778
v -0.277771 1.380328 0.047778
v -0.280990 1.380464 0.040000
v -0.307771 0.670328 0.047778
v -0.300000 0.670000 0.051000
v -0.270000 1.380000 0.051000
v -0.277771 1.380328 0.047778
v -0.300000 0.670000 0.040000
v -0.300000 0.670000 0.051000
v -0.292229 0.669672 0.047778
v -0.292229 0.669672 0.047778
v -0.289010 0.669536 0.040000
v -0.289010 0.669536 0.040000
v -0.292229 0.669672 0.032222
v -0.292229 0.669672 0.032222
v -0.300000 0.670000 0.029000
v -0.300000 0.670000 0.029000
v -0.307771 0.670328 0.032222
v -0.307771 0.670328 0.032222
v -0.310990 0.670464 0.040000
v -0.310990 0.670464 0.040000
v -0.307771 0.670328 0.047778
v -0.307771 0.670328 0.047778
v -0.300000 0.670000 0.051000
v -0.270000 1.380000 0.040000
v -0.270000 1.380000 0.051000
v -0.262229 1.379672 0.047778
v -0.262229 1.379672 0.047778
v -0.259010 1.379536 0.040000
v -0.259010 1.379536 0.040000
v -0.262229 1.379672 0.032222
v -0.262229 1.379672 0.032222
v -0.270000 1.380000 0.029000
v -0.270000 1.380000 0.029000
v -0.277771 1.380328 0.032222
v -0.277771 1.380328 0.032222
v -0.280990 1.380464 0.040000
v -0.280990 1.380464 0.040000
v -0.277771 1.380328 0.047778
v -0.277771 1.380328 0.047778
v -0.270000 1.380000 0.051000
v -0.354000 0.220000 -0.204000
v -0.349899 0.229899 -0.204000
v -0.349899 0.229899 -0.236000
v -0.354000 0.220000 -0.236000
v -0.349899 0.229899 -0.204000
v -0.340000 0.234000 -0.204000
v -0.340000 0.234000 -0.236000
v -0.349899 0.229899 -0.236000
v -0.340000 0.234000 -0.204000
v -0.330101 0.229899 -0.204000
v -0.330101 0.229899 -0.236000
v -0.340000 0.234000 -0.236000
v -0.330101 0.229899 -0.204000
v -0.326000 0.220000 -0.204000
v -0.326000 0.220000 -0.236000
v -0.330101 0.229899 -0.236000
v -0.326000 0.220000 -0.204000
v -0.330101 0.210101 -0.204000
v -0.330101 0.210101 -0.236000
v -0.326000 0.220000 -0.236000
v -0.330101 0.210101 -0.204000
v -0.340000 0.206000 -0.204000
v -0.340000 0.206000 -0.236000
v -0.330101 0.210101 -0.236000
v -0.340000 0.206000 -0.204000
v -0.349899 0.210101 -0.204000
v -0.349899 0.210101 -0.236000
v -0.340000 0.206000 -0.236000
v -0.349899 0.210101 -0.204000
v -0.354000 0.220000 -0.204000
v -0.354000 0.220000 -0.236000
v -0.349899 0.210101 -0.236000
v -0.340000 0.220000 -0.204000
v -0.354000 0.220000 -0.204000
v -0.349899 0.229899 -0.204000
v -0.349899 0.229899 -0.204000
v -0.340000 0.234000 -0.204000
v -0.340000 0.234000 -0.204000
v -0.330101 0.229899 -0.204000
v -0.330101 0.229899 -0.204000
v -0.326000 0.220000 -0.204000
v -0.326000 0.220000 -0.204000
v -0.330101 0.210101 -0.204000
v -0.330101 0.210101 -0.204000
v -0.340000 0.206000 -0.204000
v -0.340000 0.206000 -0.204000
v -0.349899 0.210101 -0.204000
v -0.349899 0.210101 -0.204000
v -0.354000 0.220000 -0.204000
v -0.340000 0.220000 -0.236000
v -0.354000 0.220000 -0.236000
v -0.349899 0.229899 -0.236000
v -0.349899 0.229899 -0.236000
v -0.340000 0.234000 -0.236000
v -0.340000 0.234000 -0.236000
v -0.330101 0.229899 -0.236000
v -0.330101 0.229899 -0.236000
v -0.326000 0.220000 -0.236000
v -0.326000 0.220000 -0.236000
v -0.330101 0.210101 -0.236000
v -0.330101 0.210101 -0.236000
v -0.340000 0.206000 -0.236000
v -0.340000 0.206000 -0.236000
v -0.349899 0.210101 -0.236000
v -0.349899 0.210101 -0.236000
v -0.354000 0.220000 -0.236000
v -0.354000 0.600000 -0.204000
v -0.349899 0.609899 -0.204000
v -0.349899 0.609899 -0.236000
v -0.354000 0.600000 -0.236000
v -0.349899 0.609899 -0.204000
v -0.340000 0.614000 -0.204000
v -0.340000 0.614000 -0.236000
v -0.349899 0.609899 -0.236000
v -0.340000 0.614000 -0.204000
v -0.330101 0.609899 -0.204000
v -0.330101 0.609899 -0.236000
v -0.340000 0.614000 -0.236000
v -0.330101 0.609899 -0.204000
v -0.326000 0.600000 -0.204000
v -0.326000 0.600000 -0.236000
v -0.330101 0.609899 -0.236000
v -0.326000 0.600000 -0.204000
v -0.330101 0.590101 -0.204000
v -0.330101 0.590101 -0.236000
v -0.326000 0.600000 -0.236000
v -0.330101 0.590101 -0.204000
v -0.340000 0.586000 -0.204000
v -0.340000 0.586000 -0.236000
v -0.330101 0.590101 -0.236000
v -0.340000 0.586000 -0.204000
v -0.349899 0.590101 -0.204000
v -0.349899 0.590101 -0.236000
v -0.340000 0.586000 -0.236000
v -0.349899 0.590101 -0.204000
v -0.354000 0.600000 -0.204000
v -0.354000 0.600000 -0.236000
v -0.349899 0.590101 -0.236000
v -0.340000 0.600000 -0.204000
v -0.354000 0.600000 -0.204000
v -0.349899 0.609899 -0.204000
v -0.349899 0.609899 -0.204000
v -0.340000 0.614000 -0.204000
v -0.340000 0.614000 -0.204000
v -0.330101 0.609899 -0.204000
v -0.330101 0.609899 -0.204000
v -0.326000 0.600000 -0.204000
v -0.326000 0.600000 -0.204000
v -0.330101 0.590101 -0.204000
v -0.330101 0.590101 -0.204000
v -0.340000 0.586000 -0.204000
v -0.340000 0.586000 -0.204000
v -0.349899 0.590101 -0.204000
v -0.349899 0.590101 -0.204000
v -0.354000 0.600000 -0.204000
v -0.340000 0.600000 -0.236000
v -0.354000 0.600000 -0.236000
v -0.349899 0.609899 -0.236000
v -0.349899 0.609899 -0.236000
v -0.340000 0.614000 -0.236000
v -0.340000 0.614000 -0.236000
v -0.330101 0.609899 -0.236000
v -0.330101 0.609899 -0.236000
v -0.326000 0.600000 -0.236000
v -0.326000 0.600000 -0.236000
v -0.330101 0.590101 -0.236000
v -0.330101 0.590101 -0.236000
v -0.340000 0.586000 -0.236000
v -0.340000 0.586000 -0.236000
v -0.349899 0.590101 -0.236000
v -0.349899 0.590101 -0.236000
v -0.354000 0.600000 -0.236000
v 0.326000 0.220000 -0.204000
v 0.330101 0.229899 -0.204000
v 0.330101 0.229899 -0.236000
v 0.326000 0.220000 -0.236000
v 0.330101 0.229899 -0.204000
v 0.340000 0.234000 -0.204000
v 0.340000 0.234000 -0.236000
v 0.330101 0.229899 -0.236000
v 0.340000 0.234000 -0.204000
v 0.349899 0.229899 -0.204000
v 0.349899 0.229899 -0.236000
v 0.340000 0.234000 -0.236000
v 0.349899 0.229899 -0.204000
v 0.354000 0.220000 -0.204000
v 0.354000 0.220000 -0.236000
v 0.349899 0.229899 -0.236000
v 0.354000 0.220000 -0.204000
v 0.349899 0.210101 -0.204000
v 0.349899 0.210101 -0.236000
v 0.354000 0.220000 -0.236000
v 0.349899 0.210101 -0.204000
v 0.340000 0.206000 -0.204000
v 0.340000 0.206000 -0.236000
v 0.349899 0.210101 -0.236000
v 0.340000 0.206000 -0.204000
v 0.330101 0.210101 -0.204000
v 0.330101 0.210101 -0.236000
v 0.340000 0.206000 -0.236000
v 0.330101 0.210101 -0.204000
v 0.326000 0.220000 -0.204000
v 0.326000 0.220000 -0.236000
v 0.330101 0.210101 -0.236000
v 0.340000 0.220000 -0.204000
v 0.326000 0.220000 -0.204000
v 0.330101 0.229899 -0.204000
v 0.330101 0.229899 -0.204000
v 0.340000 0.234000 -0.204000
v 0.340000 0.234000 -0.204000
v 0.349899 0.229899 -0.204000
v 0.349899 0.229899 -0.204000
v 0.354000 0.220000 -0.204000
v 0.354000 0.220000 -0.204000
v 0.349899 0.210101 -0.204000
v 0.349899 0.210101 -0.204000
v 0.340000 0.206000 -0.204000
v 0.340000 0.206000 -0.204000
v 0.330101 0.210101 -0.204000
v 0.330101 0.210101 -0.204000
v 0.326000 0.220000 -0.204000
v 0.340000 0.220000 -0.236000
v 0.326000 0.220000 -0.236000
v 0.330101 0.229899 -0.236000
v 0.330101 0.229899 -0.236000
v 0.340000 0.234000 -0.236000
v 0.340000 0.234000 -0.236000
v 0.349899 0.229899 -0.236000
v 0.349899 0.229899 -0.236000
v 0.354000 0.220000 -0.236000
v 0.354000 0.220000 -0.236000
v 0.349899 0.210101 -0.236000
v 0.349899 0.210101 -0.236000
v 0.340000 0.206000 -0.236000
v 0.340000 0.206000 -0.236000
v 0.330101 0.210101 -0.236000
v 0.330101 0.210101 -0.236000
v 0.326000 0.220000 -0.236000
v 0.326000 0.600000 -0.204000
v 0.330101 0.609899 -0.204000
v 0.330101 0.609899 -0.236000
v 0.326000 0.600000 -0.236000
v 0.330101 0.609899 -0.204000
v 0.340000 0.614000 -0.204000
v 0.340000 0.614000 -0.236000
v 0.330101 0.609899 -0.236000
v 0.340000 0.614000 -0.204000
v 0.349899 0.609899 -0.204000
v 0.349899 0.609899 -0.236000
v 0.340000 0.614000 -0.236000
v 0.349899 0.609899 -0.204000
v 0.354000 0.600000 -0.204000
v 0.354000 0.600000 -0.236000
v 0.349899 0.609899 -0.236000
v 0.354000 0.600000 -0.204000
v 0.349899 0.590101 -0.204000
v 0.349899 0.590101 -0.236000
v 0.354000 0.600000 -0.236000
v 0.349899 0.590101 -0.204000
v 0.340000 0.586000 -0.204000
v 0.340000 0.586000 -0.236000
v 0.349899 0.590101 -0.236000
v 0.340000 0.586000 -0.204000
v 0.330101 0.590101 -0.204000
v 0.330101 0.590101 -0.236000
v 0.340000 0.586000 -0.236000
v 0.330101 0.590101 -0.204000
v 0.326000 0.600000 -0.204000
v 0.326000 0.600000 -0.236000
v 0.330101 0.590101 -0.236000
v 0.340000 0.600000 -0.204000
v 0.326000 0.600000 -0.204000
v 0.330101 0.609899 -0.204000
v 0.330101 0.609899 -0.204000
v 0.340000 0.614000 -0.204000
v 0.340000 0.614000 -0.204000
v 0.349899 0.609899 -0.204000
v 0.349899 0.609899 -0.204000
v 0.354000 0.600000 -0.204000
v 0.354000 0.600000 -0.204000
v 0.349899 0.590101 -0.204000
v 0.349899 0.590101 -0.204000
v 0.340000 0.586000 -0.204000
v 0.340000 0.586000 -0.204000
v 0.330101 0.590101 -0.204000
v 0.330101 0.590101 -0.204000
v 0.326000 0.600000 -0.204000
v 0.340000 0.600000 -0.236000
v 0.326000 0.600000 -0.236000
v 0.330101 0.609899 -0.236000
v 0.330101 0.609899 -0.236000
v 0.340000 0.614000 -0.236000
v 0.340000 0.614000 -0.236000
v 0.349899 0.609899 -0.236000
v 0.349899 0.609899 -0.236000
v 0.354000 0.600000 -0.236000
v 0.354000 0.600000 -0.236000
v 0.349899 0.590101 -0.236000
v 0.349899 0.590101 -0.236000
v 0.340000 0.586000 -0.236000
v 0.340000 0.586000 -0.236000
v 0.330101 0.590101 -0.236000
v 0.330101 0.590101 -0.236000
v 0.326000 0.600000 -0.236000
v -0.150000 1.010000 0.000000
v -0.150000 1.000451 0.029389
v -0.160000 0.992361 0.023511
v -0.160000 1.000000 0.000000
v -0.160000 1.000000 0.000000
v -0.160000 0.992361 0.023511
v -0.150000 0.984271 0.017634
v -0.150000 0.990000 0.000000
v -0.150000 0.990000 0.000000
v -0.150000 0.984271 0.017634
v -0.140000 0.992361 0.023511
v -0.140000 1.000000 0.000000
v -0.140000 1.000000 0.000000
v -0.140000 0.992361 0.023511
v -0.150000 1.000451 0.029389
v -0.150000 1.010000 0.000000
v -0.150000 1.000451 0.029389
v -0.150000 0.975451 0.047553
v -0.160000 0.972361 0.038042
v -0.160000 0.992361 0.023511
v -0.160000 0.992361 0.023511
v -0.160000 0.972361 0.038042
v -0.150000 0.969271 0.028532
v -0.150000 0.984271 0.017634
v -0.150000 0.984271 0.017634
v -0.150000 0.969271 0.028532
v -0.140000 0.972361 0.038042
v -0.140000 0.992361 0.023511
v -0.140000 0.992361 0.023511
v -0.140000 0.972361 0.038042
v -0.150000 0.975451 0.047553
v -0.150000 1.000451 0.029389
v -0.150000 0.975451 0.047553
v -0.150000 0.944549 0.047553
v -0.160000 0.947639 0.038042
v -0.160000 0.972361 0.038042
v -0.160000 0.972361 0.038042
v -0.160000 0.947639 0.038042
v -0.150000 0.950729 0.028532
v -0.150000 0.969271 0.028532
v -0.150000 0.969271 0.028532
v -0.150000 0.950729 0.028532
v -0.140000 0.947639 0.038042
v -0.140000 0.972361 0.038042
v -0.140000 0.972361 0.038042
v -0.140000 0.947639 0.038042
v -0.150000 0.944549 0.047553
v -0.150000 0.975451 0.047553
v -0.150000 0.944549 0.047553
v -0.150000 0.919549 0.029389
v -0.160000 0.927639 0.023511
v -0.160000 0.947639 0.038042
v -0.160000 0.947639 0.038042
v -0.160000 0.927639 0.023511
v -0.150000 0.935729 0.017634
v -0.150000 0.950729 0.028532
v -0.150000 0.950729 0.028532
v -0.150000 0.935729 0.017634
v -0.140000 0.927639 0.023511
v -0.140000 0.947639 0.038042
v -0.140000 0.947639 0.038042
v -0.140000 0.927639 0.023511
v -0.150000 0.919549 0.029389
v -0.150000 0.944549 0.047553
v -0.150000 0.919549 0.029389
v -0.150000 0.910000 0.000000
v -0.160000 0.920000 0.000000
v -0.160000 0.927639 0.023511
v -0.160000 0.927639 0.023511
v -0.160000 0.920000 0.000000
v -0.150000 0.930000 0.000000
v -0.150000 0.935729 0.017634
v -0.150000 0.935729 0.017634
v -0.150000 0.930000 0.000000
v -0.140000 0.920000 0.000000
v -0.140000 0.927639 0.023511
v -0.140000 0.927639 0.023511
v -0.140000 0.920000 0.000000
v -0.150000 0.910000 0.000000
v -0.150000 0.919549 0.029389
v -0.150000 0.910000 0.000000
v -0.150000 0.919549 -0.029389
v -0.160000 0.927639 -0.023511
v -0.160000 0.920000 0.000000
v -0.160000 0.920000 0.000000
v -0.160000 0.927639 -0.023511
v -0.150000 0.935729 -0.017634
v -0.150000 0.930000 0.000000
v -0.150000 0.930000 0.000000
v -0.150000 0.935729 -0.017634
v -0.140000 0.927639 -0.023511
v -0.140000 0.920000 0.000000
v -0.140000 0.920000 0.000000
v -0.140000 0.927639 -0.023511
v -0.150000 0.919549 -0.029389
v -0.150000 0.910000 0.000000
v -0.150000 0.919549 -0.029389
v -0.150000 0.944549 -0.047553
v -0.160000 0.947639 -0.038042
v -0.160000 0.927639 -0.023511
v -0.160000 0.927639 -0.023511
v -0.160000 0.947639 -0.038042
v -0.150000 0.950729 -0.028532
v -0.150000 0.935729 -0.017634
v -0.150000 0.935729 -0.017634
v -0.150000 0.950729 -0.028532
v -0.140000 0.947639 -0.038042
v -0.140000 0.927639 -0.023511
v -0.140000 0.927639 -0.023511
v -0.140000 0.947639 -0.038042
v -0.150000 0.944549 -0.047553
v -0.150000 0.919549 -0.029389
v -0.150000 0.944549 -0.047553
v -0.150000 0.975451 -0.047553
v -0.160000 0.972361 -0.038042
v -0.160000 0.947639 -0.038042
v -0.160000 0.947639 -0.038042
v -0.160000 0.972361 -0.038042
v -0.150000 0.969271 -0.028532
v -0.150000 0.950729 -0.028532
v -0.150000 0.950729 -0.028532
v -0.150000 0.969271 -0.028532
v -0.140000 0.972361 -0.038042
v -0.140000 0.947639 -0.038042
v -0.140000 0.947639 -0.038042
v -0.140000 0.972361 -0.038042
v -0.150000 0.975451 -0.047553
v -0.150000 0.944549 -0.047553
v -0.150000 0.975451 -0.047553
v -0.150000 1.000451 -0.029389
v -0.160000 0.992361 -0.023511
v -0.160000 0.972361 -0.038042
v -0.160000 0.972361 -0.038042
v -0.160000 0.992361 -0.023511
v -0.150000 0.984271 -0.017634
v -0.150000 0.969271 -0.028532
v -0.150000 0.969271 -0.028532
v -0.150000 0.984271 -0.017634
v -0.140000 0.992361 -0.023511
v -0.140000 0.972361 -0.038042
v -0.140000 0.972361 -0.038042
v -0.140000 0.992361 -0.023511
v -0.150000 1.000451 -0.029389
v -0.150000 0.975451 -0.047553
v -0.150000 1.000451 -0.029389
v -0.150000 1.010000 0.000000
v -0.160000 1.000000 0.000000
v -0.160000 0.992361 -0.023511
v -0.160000 0.992361 -0.023511
v -0.160000 1.000000 0.000000
v -0.150000 0.990000 0.000000
v -0.150000 0.984271 -0.017634
v -0.150000 0.984271 -0.017634
v -0.150000 0.990000 0.000000
v -0.140000 1.000000 0.000000
v -0.140000 0.992361 -0.023511
v -0.140000 0.992361 -0.023511
v -0.140000 1.000000 0.000000
v -0.150000 1.010000 0.000000
v -0.150000 1.000451 -0.029389
v 0.000000 1.010000 0.000000
v 0.000000 1.000451 0.029389
v -0.010000 0.992361 0.023511
v -0.010000 1.000000 0.000000
v -0.010000 1.000000 0.000000
v -0.010000 0.992361 0.023511
v 0.000000 0.984271 0.017634
v 0.000000 0.990000 0.000000
v 0.000000 0.990000 0.000000
v 0.000000 0.984271 0.017634
v 0.010000 0.992361 0.023511
v 0.010000 1.000000 0.000000
v 0.010000 1.000000 0.000000
v 0.010000 0.992361 0.023511
v 0.000000 1.000451 0.029389
v 0.000000 1.010000 0.000000
v 0.000000 1.000451 0.029389
v 0.000000 0.975451 0.047553
v -0.010000 0.972361 0.038042
v -0.010000 0.992361 0.023511
v -0.010000 0.992361 0.023511
v -0.010000 0.972361 0.038042
v -0.000000 0.969271 0.028532
v 0.000000 0.984271 0.017634
v 0.000000 0.984271 0.017634
v -0.000000 0.969271 0.028532
v 0.010000 0.972361 0.038042
v 0.010000 0.992361 0.023511
v 0.010000 0.992361 0.023511
v 0.010000 0.972361 0.038042
v 0.000000 0.975451 0.047553
v 0.000000 1.000451 0.029389
v 0.000000 0.975451 0.047553
v -0.000000 0.944549 0.047553
v -0.010000 0.947639 0.038042
v -0.010000 0.972361 0.038042
v -0.010000 0.972361 0.038042
v -0.010000 0.947639 0.038042
v -0.000000 0.950729 0.028532
v -0.000000 0.969271 0.028532
v -0.000000 0.969271 0.028532
v -0.000000 0.950729 0.028532
v 0.010000 0.947639 0.038042
v 0.010000 0.972361 0.038042
v 0.010000 0.972361 0.038042
v 0.010000 0.947639 0.038042
v -0.000000 0.944549 0.047553
v 0.000000 0.975451 0.047553
v -0.000000 0.944549 0.047553
v -0.000000 0.919549 0.029389
v -0.010000 0.927639 0.023511
v -0.010000 0.947639 0.038042
v -0.010000 0.947639 0.038042
v -0.010000 0.927639 0.023511
v -0.000000 0.935729 0.017634
v -0.000000 0.950729 0.028532
v -0.000000 0.950729 0.028532
v -0.000000 0.935729 0.017634
v 0.010000 0.927639 0.023511
v 0.010000 0.947639 0.038042
v 0.010000 0.947639 0.038042
v 0.010000 0.927639 0.023511
v -0.000000 0.919549 0.029389
v -0.000000 0.944549 0.047553
v -0.000000 0.919549 0.029389
v -0.000000 0.910000 0.000000
v -0.010000 0.920000 0.000000
v -0.010000 0.927639 0.023511
v -0.010000 0.927639 0.023511
v -0.010000 0.920000 0.000000
v -0.000000 0.930000 0.000000
v -0.000000 0.935729 0.017634
v -0.000000 0.935729 0.017634
v -0.000000 0.930000 0.000000
v 0.010000 0.920000 0.000000
v 0.010000 0.927639 0.023511
v 0.010000 0.927639 0.023511
v 0.010000 0.920000 0.000000
v -0.000000 0.910000 0.000000
v -0.000000 0.919549 0.029389
v -0.000000 0.910000 0.000000
v -0.000000 0.919549 -0.029389
v -0.010000 0.927639 -0.023511
v -0.010000 0.920000 0.000000
v -0.010000 0.920000 0.000000
v -0.010000 0.927639 -0.023511
v -0.000000 0.935729 -0.017634
v -0.000000 0.930000 0.000000
v -0.000000 0.930000 0.000000
v -0.000000 0.935729 -0.017634
v 0.010000 0.927639 -0.023511
v 0.010000 0.920000 0.000000
v 0.010000 0.920000 0.000000
v 0.010000 0.927639 -0.023511
v -0.000000 0.919549 -0.029389
v -0.000000 0.910000 0.000000
v -0.000000 0.919549 -0.029389
v -0.000000 0.944549 -0.047553
v -0.010000 0.947639 -0.038042
v -0.010000 0.927639 -0.023511
v -0.010000 0.927639 -0.023511
v -0.010000 0.947639 -0.038042
v -0.000000 0.950729 -0.028532
v -0.000000 0.935729 -0.017634
v -0.000000 0.935729 -0.017634
v -0.000000 0.950729 -0.028532
v 0.010000 0.947639 -0.038042
v 0.010000 0.927639 -0.023511
v 0.010000 0.927639 -0.023511
v 0.010000 0.947639 -0.038042
v -0.000000 0.944549 -0.047553
v -0.000000 0.919549 -0.029389
v -0.000000 0.944549 -0.047553
v 0.000000 0.975451 -0.047553
v -0.010000 0.972361 -0.038042
v -0.010000 0.947639 -0.038042
v -0.010000 0.947639 -0.038042
v -0.010000 0.972361 -0.038042
v -0.000000 0.969271 -0.028532
v -0.000000 0.950729 -0.028532
v -0.000000 0.950729 -0.028532
v -0.000000 0.969271 -0.028532
v 0.010000 0.972361 -0.038042
v 0.010000 0.947639 -0.038042
v 0.010000 0.947639 -0.038042
v 0.010000 0.972361 -0.038042
v 0.000000 0.975451 -0.047553
v -0.000000 0.944549 -0.047553
v 0.000000 0.975451 -0.047553
v 0.000000 1.000451 -0.029389
v -0.010000 0.992361 -0.023511
v -0.010000 0.972361 -0.038042
v -0.010000 0.972361 -0.038042
v -0.010000 0.992361 -0.023511
v 0.000000 0.984271 -0.017634
v -0.000000 0.969271 -0.028532
v -0.000000 0.969271 -0.028532
v 0.000000 0.984271 -0.017634
v 0.010000 0.992361 -0.023511
v 0.010000 0.972361 -0.038042
v 0.010000 0.972361 -0.038042
v 0.010000 0.992361 -0.023511
v 0.000000 1.000451 -0.029389
v 0.000000 0.975451 -0.047553
v 0.000000 1.000451 -0.029389
v 0.000000 1.010000 0.000000
v -0.010000 1.000000 0.000000
v -0.010000 0.992361 -0.023511
v -0.010000 0.992361 -0.023511
v -0.010000 1.000000 0.000000
v 0.000000 0.990000 0.000000
v 0.000000 0.984271 -0.017634
v 0.000000 0.984271 -0.017634
v 0.000000 0.990000 0.000000
v 0.010000 1.000000 0.000000
v 0.010000 0.992361 -0.023511
v 0.010000 0.992361 -0.023511
v 0.010000 1.000000 0.000000
v 0.000000 1.010000 0.000000
v 0.000000 1.000451 -0.029389
v 0.150000 1.010000 0.000000
v 0.150000 1.000451 0.029389
v 0.140000 0.992361 0.023511
v 0.140000 1.000000 0.000000
v 0.140000 1.000000 0.000000
v 0.140000 0.992361 0.023511
v 0.150000 0.984271 0.017634
v 0.150000 0.990000 0.000000
v 0.150000 0.990000 0.000000
v 0.150000 0.984271 0.017634
v 0.160000 0.992361 0.023511
v 0.160000 1.000000 0.000000
v 0.160000 1.000000 0.000000
v 0.160000 0.992361 0.023511
v 0.150000 1.000451 0.029389
v 0.150000 1.010000 0.000000
v 0.150000 1.000451 0.029389
v 0.150000 0.975451 0.047553
v 0.140000 0.972361 0.038042
v 0.140000 0.992361 0.023511
v 0.140000 0.992361 0.023511
v 0.140000 0.972361 0.038042
v 0.150000 0.969271 0.028532
v 0.150000 0.984271 0.017634
v 0.150000 0.984271 0.017634
v 0.150000 0.969271 0.028532
v 0.160000 0.972361 0.038042
v 0.160000 0.992361 0.023511
v 0.160000 0.992361 0.023511
v 0.160000 0.972361 0.038042
v 0.150000 0.975451 0.047553
v 0.150000 1.000451 0.029389
v 0.150000 0.975451 0.047553
v 0.150000 0.944549 0.047553
v 0.140000 0.947639 0.038042
v 0.140000 0.972361 0.038042
v 0.140000 0.972361 0.038042
v 0.140000 0.947639 0.038042
v 0.150000 0.950729 0.028532
v 0.150000 0.969271 0.028532
v 0.150000 0.969271 0.028532
v 0.150000 0.950729 0.028532
v 0.160000 0.947639 0.038042
v 0.160000 0.972361 0.038042
v 0.160000 0.972361 0.038042
v 0.160000 0.947639 0.038042
v 0.150000 0.944549 0.047553
v 0.150000 0.975451 0.047553
v 0.150000 0.944549 0.047553
v 0.150000 0.919549 0.029389
v 0.140000 0.927639 0.023511
v 0.140000 0.947639 0.038042
v 0.140000 0.947639 0.038042
v 0.140000 0.927639 0.023511
v 0.150000 0.935729 0.017634
v 0.150000 0.950729 0.028532
v 0.150000 0.950729 0.028532
v 0.150000 0.935729 0.017634
v 0.160000 0.927639 0.023511
v 0.160000 0.947639 0.038042
v 0.160000 0.947639 0.038042
v 0.160000 0.927639 0.023511
v 0.150000 0.919549 0.029389
v 0.150000 0.944549 0.047553
v 0.150000 0.919549 0.029389
v 0.150000 0.910000 0.000000
v 0.140000 0.920000 0.000000
v 0.140000 0.927639 0.023511
v 0.140000 0.927639 0.023511
v 0.140000 0.920000 0.000000
v 0.150000 0.930000 0.000000
v 0.150000 0.935729 0.017634
v 0.150000 0.935729 0.017634
v 0.150000 0.930000 0.000000
v 0.160000 0.920000 0.000000
v 0.160000 0.927639 0.023511
v 0.160000 0.927639 0.023511
v 0.160000 0.920000 0.000000
v 0.150000 0.910000 0.000000
v 0.150000 0.919549 0.029389
v 0.150000 0.910000 0.000000
v 0.150000 0.919549 -0.029389
v 0.140000 0.927639 -0.023511
v 0.140000 0.920000 0.000000
v 0.140000 0.920000 0.000000
v 0.140000 0.927639 -0.023511
v 0.150000 0.935729 -0.017634
v 0.150000 0.930000 0.000000
v 0.150000 0.930000 0.000000
v 0.150000 0.935729 -0.017634
v 0.160000 0.927639 -0.023511
v 0.160000 0.920000 0.000000
v 0.160000 0.920000 0.000000
v 0.160000 0.927639 -0.023511
v 0.150000 0.919549 -0.029389
v 0.150000 0.910000 0.000000
v 0.150000 0.919549 -0.029389
v 0.150000 0.944549 -0.047553
v 0.140000 0.947639 -0.038042
v 0.140000 0.927639 -0.023511
v 0.140000 0.927639 -0.023511
v 0.140000 0.947639 -0.038042
v 0.150000 0.950729 -0.028532
v 0.150000 0.935729 -0.017634
v 0.150000 0.935729 -0.017634
v 0.150000 0.950729 -0.028532
v 0.160000 0.947639 -0.038042
v 0.160000 0.927639 -0.023511
v 0.160000 0.927639 -0.023511
v 0.160000 0.947639 -0.038042
v 0.150000 0.944549 -0.047553
v 0.150000 0.919549 -0.029389
v 0.150000 0.944549 -0.047553
v 0.150000 0.975451 -0.047553
v 0.140000 0.972361 -0.038042
v 0.140000 0.947639 -0.038042
v 0.140000 0.947639 -0.038042
v 0.140000 0.972361 -0.038042
v 0.150000 0.969271 -0.028532
v 0.150000 0.950729 -0.028532
v 0.150000 0.950729 -0.028532
v 0.150000 0.969271 -0.028532
v 0.160000 0.972361 -0.038042
v 0.160000 0.947639 -0.038042
v 0.160000 0.947639 -0.038042
v 0.160000 0.972361 -0.038042
v 0.150000 0.975451 -0.047553
v 0.150000 0.944549 -0.047553
v 0.150000 0.975451 -0.047553
v 0.150000 1.000451 -0.029389
v 0.140000 0.992361 -0.023511
v 0.140000 0.972361 -0.038042
v 0.140000 0.972361 -0.038042
v 0.140000 0.992361 -0.023511
v 0.150000 0.984271 -0.017634
v 0.150000 0.969271 -0.028532
v 0.150000 0.969271 -0.028532
v 0.150000 0.984271 -0.017634
v 0.160000 0.992361 -0.023511
v 0.160000 0.972361 -0.038042
v 0.160000 0.972361 -0.038042
v 0.160000 0.992361 -0.023511
v 0.150000 1.000451 -0.029389
v 0.150000 0.975451 -0.047553
v 0.150000 1.000451 -0.029389
v 0.150000 1.010000 0.000000
v 0.140000 1.000000 0.000000
v 0.140000 0.992361 -0.023511
v 0.140000 0.992361 -0.023511
v 0.140000 1.000000 0.000000
v 0.150000 0.990000 0.000000
v 0.150000 0.984271 -0.017634
v 0.150000 0.984271 -0.017634
v 0.150000 0.990000 0.000000
v 0.160000 1.000000 0.000000
v 0.160000 0.992361 -0.023511
v 0.160000 0.992361 -0.023511
v 0.160000 1.000000 0.000000
v 0.150000 1.010000 0.000000
v 0.150000 1.000451 -0.029389
v 0.392000 0.560000 -0.275500
v 0.376339 0.511802 -0.275500
v 0.376339 0.511802 -0.220500
v 0.392000 0.560000 -0.220500
v 0.376339 0.511802 -0.275500
v 0.335339 0.482013 -0.275500
v 0.335339 0.482013 -0.220500
v 0.376339 0.511802 -0.220500
v 0.335339 0.482013 -0.275500
v 0.284661 0.482013 -0.275500
v 0.284661 0.482013 -0.220500
v 0.335339 0.482013 -0.220500
v 0.284661 0.482013 -0.275500
v 0.243661 0.511802 -0.275500
v 0.243661 0.511802 -0.220500
v 0.284661 0.482013 -0.220500
v 0.243661 0.511802 -0.275500
v 0.228000 0.560000 -0.275500
v 0.228000 0.560000 -0.220500
v 0.243661 0.511802 -0.220500
v 0.228000 0.560000 -0.275500
v 0.243661 0.608198 -0.275500
v 0.243661 0.608198 -0.220500
v 0.228000 0.560000 -0.220500
v 0.243661 0.608198 -0.275500
v 0.284661 0.637987 -0.275500
v 0.284661 0.637987 -0.220500
v 0.243661 0.608198 -0.220500
v 0.284661 0.637987 -0.275500
v 0.335339 0.637987 -0.275500
v 0.335339 0.637987 -0.220500
v 0.284661 0.637987 -0.220500
v 0.335339 0.637987 -0.275500
v 0.376339 0.608198 -0.275500
v 0.376339 0.608198 -0.220500
v 0.335339 0.637987 -0.220500
v 0.376339 0.608198 -0.275500
v 0.392000 0.560000 -0.275500
v 0.392000 0.560000 -0.220500
v 0.376339 0.608198 -0.220500
v 0.310000 0.560000 -0.275500
v 0.376339 0.511802 -0.275500
v 0.392000 0.560000 -0.275500
v 0.310000 0.560000 -0.220500
v 0.392000 0.560000 -0.220500
v 0.376339 0.511802 -0.220500
v 0.310000 0.560000 -0.275500
v 0.335339 0.482013 -0.275500
v 0.376339 0.511802 -0.275500
v 0.310000 0.560000 -0.220500
v 0.376339 0.511802 -0.220500
v 0.335339 0.482013 -0.220500
v 0.310000 0.560000 -0.275500
v 0.284661 0.482013 -0.275500
v 0.335339 0.482013 -0.275500
v 0.310000 0.560000 -0.220500
v 0.335339 0.482013 -0.220500
v 0.284661 0.482013 -0.220500
v 0.310000 0.560000 -0.275500
v 0.243661 0.511802 -0.275500
v 0.284661 0.482013 -0.275500
v 0.310000 0.560000 -0.220500
v 0.284661 0.482013 -0.220500
v 0.243661 0.511802 -0.220500
v 0.310000 0.560000 -0.275500
v 0.228000 0.560000 -0.275500
v 0.243661 0.511802 -0.275500
v 0.310000 0.560000 -0.220500
v 0.243661 0.511802 -0.220500
v 0.228000 0.560000 -0.220500
v 0.310000 0.560000 -0.275500
v 0.243661 0.608198 -0.275500
v 0.228000 0.560000 -0.275500
v 0.310000 0.560000 -0.220500
v 0.228000 0.560000 -0.220500
v 0.243661 0.608198 -0.220500
v 0.310000 0.560000 -0.275500
v 0.284661 0.637987 -0.275500
v 0.243661 0.608198 -0.275500
v 0.310000 0.560000 -0.220500
v 0.243661 0.608198 -0.220500
v 0.284661 0.637987 -0.220500
v 0.310000 0.560000 -0.275500
v 0.335339 0.637987 -0.275500
v 0.284661 0.637987 -0.275500
v 0.310000 0.560000 -0.220500
v 0.284661 0.637987 -0.220500
v 0.335339 0.637987 -0.220500
v 0.310000 0.560000 -0.275500
v 0.376339 0.608198 -0.275500
v 0.335339 0.637987 -0.275500
v 0.310000 0.560000 -0.220500
v 0.335339 0.637987 -0.220500
v 0.376339 0.608198 -0.220500
v 0.310000 0.560000 -0.275500
v 0.392000 0.560000 -0.275500
v 0.376339 0.608198 -0.275500
v 0.310000 0.560000 -0.220500
v 0.376339 0.608198 -0.220500
v 0.392000 0.560000 -0.220500
v 0.161000 0.560000 -0.275500
v 0.149350 0.524145 -0.275500
v 0.149350 0.524145 -0.220500
v 0.161000 0.560000 -0.220500
v 0.149350 0.524145 -0.275500
v 0.118850 0.501986 -0.275500
v 0.118850 0.501986 -0.220500
v 0.149350 0.524145 -0.220500
v 0.118850 0.501986 -0.275500
v 0.081150 0.501986 -0.275500
v 0.081150 0.501986 -0.220500
v 0.118850 0.501986 -0.220500
v 0.081150 0.501986 -0.275500
v 0.050650 0.524145 -0.275500
v 0.050650 0.524145 -0.220500
v 0.081150 0.501986 -0.220500
v 0.050650 0.524145 -0.275500
v 0.039000 0.560000 -0.275500
v 0.039000 0.560000 -0.220500
v 0.050650 0.524145 -0.220500
v 0.039000 0.560000 -0.275500
v 0.050650 0.595855 -0.275500
v 0.050650 0.595855 -0.220500
v 0.039000 0.560000 -0.220500
v 0.050650 0.595855 -0.275500
v 0.081150 0.618014 -0.275500
v 0.081150 0.618014 -0.220500
v 0.050650 0.595855 -0.220500
v 0.081150 0.618014 -0.275500
v 0.118850 0.618014 -0.275500
v 0.118850 0.618014 -0.220500
v 0.081150 0.618014 -0.220500
v 0.118850 0.618014 -0.275500
v 0.149350 0.595855 -0.275500
v 0.149350 0.595855 -0.220500
v 0.118850 0.618014 -0.220500
v 0.149350 0.595855 -0.275500
v 0.161000 0.560000 -0.275500
v 0.161000 0.560000 -0.220500
v 0.149350 0.595855 -0.220500
v 0.100000 0.560000 -0.275500
v 0.149350 0.524145 -0.275500
v 0.161000 0.560000 -0.275500
v 0.100000 0.560000 -0.220500
v 0.161000 0.560000 -0.220500
v 0.149350 0.524145 -0.220500
v 0.100000 0.560000 -0.275500
v 0.118850 0.501986 -0.275500
v 0.149350 0.524145 -0.275500
v 0.100000 0.560000 -0.220500
v 0.149350 0.524145 -0.220500
v 0.118850 0.501986 -0.220500
v 0.100000 0.560000 -0.275500
v 0.081150 0.501986 -0.275500
v 0.118850 0.501986 -0.275500
v 0.100000 0.560000 -0.220500
v 0.118850 0.501986 -0.220500
v 0.081150 0.501986 -0.220500
v 0.100000 0.560000 -0.275500
v 0.050650 0.524145 -0.275500
v 0.081150 0.501986 -0.275500
v 0.100000 0.560000 -0.220500
v 0.081150 0.501986 -0.220500
v 0.050650 0.524145 -0.220500
v 0.100000 0.560000 -0.275500
v 0.039000 0.560000 -0.275500
v 0.050650 0.524145 -0.275500
v 0.100000 0.560000 -0.220500
v 0.050650 0.524145 -0.220500
v 0.039000 0.560000 -0.220500
v 0.100000 0.560000 -0.275500
v 0.050650 0.595855 -0.275500
v 0.039000 0.560000 -0.275500
v 0.100000 0.560000 -0.220500
v 0.039000 0.560000 -0.220500
v 0.050650 0.595855 -0.220500
v 0.100000 0.560000 -0.275500
v 0.081150 0.618014 -0.275500
v 0.050650 0.595855 -0.275500
v 0.100000 0.560000 -0.220500
v 0.050650 0.595855 -0.220500
v 0.081150 0.618014 -0.220500
v 0.100000 0.560000 -0.275500
v 0.118850 0.618014 -0.275500
v 0.081150 0.618014 -0.275500
v 0.100000 0.560000 -0.220500
v 0.081150 0.618014 -0.220500
v 0.118850 0.618014 -0.220500
v 0.100000 0.560000 -0.275500
v 0.149350 0.595855 -0.275500
v 0.118850 0.618014 -0.275500
v 0.100000 0.560000 -0.220500
v 0.118850 0.618014 -0.220500
v 0.149350 0.595855 -0.220500
v 0.100000 0.560000 -0.275500
v 0.161000 0.560000 -0.275500
v 0.149350 0.595855 -0.275500
v 0.100000 0.560000 -0.220500
v 0.149350 0.595855 -0.220500
v 0.161000 0.560000 -0.220500
v -0.320000 0.517500 -0.259000
v 0.020000 0.517500 -0.259000
v 0.020000 0.622500 -0.259000
v -0.320000 0.622500 -0.259000
v 0.020000 0.517500 -0.239000
v -0.320000 0.517500 -0.239000
v -0.320000 0.622500 -0.239000
v 0.020000 0.622500 -0.239000
v -0.320000 0.517500 -0.239000
v -0.320000 0.517500 -0.259000
v -0.320000 0.622500 -0.259000
v -0.320000 0.622500 -0.239000
v 0.020000 0.517500 -0.259000
v 0.020000 0.517500 -0.239000
v 0.020000 0.622500 -0.239000
v 0.020000 0.622500 -0.259000
v -0.320000 0.622500 -0.259000
v 0.020000 0.622500 -0.259000
v 0.020000 0.622500 -0.239000
v -0.320000 0.622500 -0.239000
v -0.320000 0.517500 -0.239000
v 0.020000 0.517500 -0.239000
v 0.020000 0.517500 -0.259000
v -0.320000 0.517500 -0.259000
v -0.297000 0.534000 -0.272000
v -0.283000 0.534000 -0.272000
v -0.283000 0.606000 -0.272000
v -0.297000 0.606000 -0.272000
v -0.283000 0.534000 -0.254000
v -0.297000 0.534000 -0.254000
v -0.297000 0.606000 -0.254000
v -0.283000 0.606000 -0.254000
v -0.297000 0.534000 -0.254000
v -0.297000 0.534000 -0.272000
v -0.297000 0.606000 -0.272000
v -0.297000 0.606000 -0.254000
v -0.283000 0.534000 -0.272000
v -0.283000 0.534000 -0.254000
v -0.283000 0.606000 -0.254000
v -0.283000 0.606000 -0.272000
v -0.297000 0.606000 -0.272000
v -0.283000 0.606000 -0.272000
v -0.283000 0.606000 -0.254000
v -0.297000 0.606000 -0.254000
v -0.297000 0.534000 -0.254000
v -0.283000 0.534000 -0.254000
v -0.283000 0.534000 -0.272000
v -0.297000 0.534000 -0.272000
v -0.241000 0.545000 -0.272000
v -0.227000 0.545000 -0.272000
v -0.227000 0.595000 -0.272000
v -0.241000 0.595000 -0.272000
v -0.227000 0.545000 -0.254000
v -0.241000 0.545000 -0.254000
v -0.241000 0.595000 -0.254000
v -0.227000 0.595000 -0.254000
v -0.241000 0.545000 -0.254000
v -0.241000 0.545000 -0.272000
v -0.241000 0.595000 -0.272000
v -0.241000 0.595000 -0.254000
v -0.227000 0.545000 -0.272000
v -0.227000 0.545000 -0.254000
v -0.227000 0.595000 -0.254000
v -0.227000 0.595000 -0.272000
v -0.241000 0.595000 -0.272000
v -0.227000 0.595000 -0.272000
v -0.227000 0.595000 -0.254000
v -0.241000 0.595000 -0.254000
v -0.241000 0.545000 -0.254000
v -0.227000 0.545000 -0.254000
v -0.227000 0.545000 -0.272000
v -0.241000 0.545000 -0.272000
v -0.185000 0.545000 -0.272000
v -0.171000 0.545000 -0.272000
v -0.171000 0.595000 -0.272000
v -0.185000 0.595000 -0.272000
v -0.171000 0.545000 -0.254000
v -0.185000 0.545000 -0.254000
v -0.185000 0.595000 -0.254000
v -0.171000 0.595000 -0.254000
v -0.185000 0.545000 -0.254000
v -0.185000 0.545000 -0.272000
v -0.185000 0.595000 -0.272000
v -0.185000 0.595000 -0.254000
v -0.171000 0.545000 -0.272000
v -0.171000 0.545000 -0.254000
v -0.171000 0.595000 -0.254000
v -0.171000 0.595000 -0.272000
v -0.185000 0.595000 -0.272000
v -0.171000 0.595000 -0.272000
v -0.171000 0.595000 -0.254000
v -0.185000 0.595000 -0.254000
v -0.185000 0.545000 -0.254000
v -0.171000 0.545000 -0.254000
v -0.171000 0.545000 -0.272000
v -0.185000 0.545000 -0.272000
v -0.129000 0.534000 -0.272000
v -0.115000 0.534000 -0.272000
v -0.115000 0.606000 -0.272000
v -0.129000 0.606000 -0.272000
v -0.115000 0.534000 -0.254000
v -0.129000 0.534000 -0.254000
v -0.129000 0.606000 -0.254000
v -0.115000 0.606000 -0.254000
v -0.129000 0.534000 -0.254000
v -0.129000 0.534000 -0.272000
v -0.129000 0.606000 -0.272000
v -0.129000 0.606000 -0.254000
v -0.115000 0.534000 -0.272000
v -0.115000 0.534000 -0.254000
v -0.115000 0.606000 -0.254000
v -0.115000 0.606000 -0.272000
v -0.129000 0.606000 -0.272000
v -0.115000 0.606000 -0.272000
v -0.115000 0.606000 -0.254000
v -0.129000 0.606000 -0.254000
v -0.129000 0.534000 -0.254000
v -0.115000 0.534000 -0.254000
v -0.115000 0.534000 -0.272000
v -0.129000 0.534000 -0.272000
v -0.073000 0.545000 -0.272000
v -0.059000 0.545000 -0.272000
v -0.059000 0.595000 -0.272000
v -0.073000 0.595000 -0.272000
v -0.059000 0.545000 -0.254000
v -0.073000 0.545000 -0.254000
v -0.073000 0.595000 -0.254000
v -0.059000 0.595000 -0.254000
v -0.073000 0.545000 -0.254000
v -0.073000 0.545000 -0.272000
v -0.073000 0.595000 -0.272000
v -0.073000 0.595000 -0.254000
v -0.059000 0.545000 -0.272000
v -0.059000 0.545000 -0.254000
v -0.059000 0.595000 -0.254000
v -0.059000 0.595000 -0.272000
v -0.073000 0.595000 -0.272000
v -0.059000 0.595000 -0.272000
v -0.059000 0.595000 -0.254000
v -0.073000 0.595000 -0.254000
v -0.073000 0.545000 -0.254000
v -0.059000 0.545000 -0.254000
v -0.059000 0.545000 -0.272000
v -0.073000 0.545000 -0.272000
v -0.017000 0.534000 -0.272000
v -0.003000 0.534000 -0.272000
v -0.003000 0.606000 -0.272000
v -0.017000 0.606000 -0.272000
v -0.003000 0.534000 -0.254000
v -0.017000 0.534000 -0.254000
v -0.017000 0.606000 -0.254000
v -0.003000 0.606000 -0.254000
v -0.017000 0.534000 -0.254000
v -0.017000 0.534000 -0.272000
v -0.017000 0.606000 -0.272000
v -0.017000 0.606000 -0.254000
v -0.003000 0.534000 -0.272000
v -0.003000 0.534000 -0.254000
v -0.003000 0.606000 -0.254000
v -0.003000 0.606000 -0.272000
v -0.017000 0.606000 -0.272000
v -0.003000 0.606000 -0.272000
v -0.003000 0.606000 -0.254000
v -0.017000 0.606000 -0.254000
v -0.017000 0.534000 -0.254000
v -0.003000 0.534000 -0.254000
v -0.003000 0.534000 -0.272000
v -0.017000 0.534000 -0.272000
vt 0.000000 0.000000
vt 1.000000 0.000000
vt 1.000000 1.000000
vt 0.000000 1.000000
vt 0.000000 0.000000
vt 1.000000 0.000000
vt 1.000000 1.000000
vt 0.000000 1.000000
vt 0.000000 0.000000
vt 1.000000 0.000000
vt 1.000000 1.000000
vt 0.000000 1.000000
vt 0.000000 0.000000
vt 1.000000 0.000000
vt 1.000000 1.000000
vt 0.000000 1.000000
vt 0.000000 0.000000
vt 1.000000 0.000000
vt 1.000000 1.000000
vt 0.000000 1.000000
vt 0.000000 0.000000
vt 1.000000 0.000000
vt 1.000000 1.000000
vt 0.000000 1.000000
vt 0.000000 0.000000
vt 1.000000 0.000000
vt 1.000000 1.000000
vt 0.000000 1.000000
vt 0.000000 0.000000
vt 1.000000 0.000000
vt 1.000000 1.000000
vt 0.000000 1.000000
vt 0.000000 0.000000
vt 1.000000 0.000000
vt 1.000000 1.000000
vt 0.000000 1.000000
vt 0.000000 0.000000
vt 1.000000 0.000000
vt 1.000000 1.000000
vt 0.000000 1.000000
vt 0.000000 0.000000
vt 1.000000 0.000000
vt 1.000000 1.000000
vt 0.000000 1.000000
vt 0.000000 0.000000
vt 1.000000 0.000000
vt 1.000000 1.000000
vt 0.000000 1.000000
vt 0.000000 0.000000
vt 1.000000 0.000000
vt 1.000000 1.000000
vt 0.000000 1.000000
vt 0.000000 0.000000
vt 1.000000 0.000000
vt 1.000000 1.000000
vt 0.000000 1.000000
vt 0.000000 0.000000
vt 1.000000 0.000000
vt 1.000000 1.000000
vt 0.000000 1.000000
vt 0.000000 0.000000
vt 1.000000 0.000000
vt 1.000000 1.000000
vt 0.000000 1.000000
vt 0.000000 0.000000
vt 1.000000 0.000000
vt 1.000000 1.000000
vt 0.000000 1.000000
vt 0.000000 0.000000
vt 1.000000 0.000000
vt 1.000000 1.000000
vt 0.000000 1.000000
vt 0.000000 0.000000
vt 1.000000 0.000000
vt 1.000000 1.000000
vt 0.000000 1.000000
vt 0.000000 0.000000
vt 1.000000 0.000000
vt 1.000000 1.000000
vt 0.000000 1.000000
vt 0.000000 0.000000
vt 1.000000 0.000000
vt 1.000000 1.000000
vt 0.000000 1.000000
vt 0.000000 0.000000
vt 1.000000 0.000000
vt 1.000000 1.000000
vt 0.000000 1.000000
vt 0.000000 0.000000
vt 1.000000 0.000000
vt 1.000000 1.000000
vt 0.000000 1.000000
vt 0.000000 0.000000
vt 1.000000 0.000000
vt 1.000000 1.000000
vt 0.000000 1.000000
vt 0.000000 0.000000
vt 1.000000 0.000000
vt 1.000000 1.000000
vt 0.000000 1.000000
vt 0.000000 0.000000
vt 1.000000 0.000000
vt 1.000000 1.000000
vt 0.000000 1.000000
vt 0.000000 0.000000
vt 1.000000 0.000000
vt 1.000000 1.000000
vt 0.000000 1.000000
vt 0.000000 0.000000
vt 1.000000 0.000000
vt 1.000000 1.000000
vt 0.000000 1.000000
vt 0.000000 0.000000
vt 1.000000 0.000000
vt 1.000000 1.000000
vt 0.000000 1.000000
vt 0.000000 0.000000
vt 1.000000 0.000000
vt 1.000000 1.000000
vt 0.000000 1.000000
vt 0.000000 0.000000
vt 1.000000 0.000000
vt 1.000000 1.000000
vt 0.000000 1.000000
vt 0.000000 0.000000
vt 1.000000 0.000000
vt 1.000000 1.000000
vt 0.000000 1.000000
vt 0.000000 0.000000
vt 1.000000 0.000000
vt 1.000000 1.000000
vt 0.000000 1.000000
vt 0.000000 0.000000
vt 1.000000 0.000000
vt 1.000000 1.000000
vt 0.000000 1.000000
vt 0.000000 0.000000
vt 1.000000 0.000000
vt 1.000000 1.000000
vt 0.000000 1.000000
vt 0.000000 0.000000
vt 1.000000 0.000000
vt 1.000000 1.000000
vt 0.000000 1.000000
vt 0.000000 0.000000
vt 1.000000 0.000000
vt 1.000000 1.000000
vt 0.000000 1.000000
vt 0.000000 0.000000
vt 1.000000 0.000000
vt 1.000000 1.000000
vt 0.000000 1.000000
vt 0.000000 0.000000
vt 1.000000 0.000000
vt 1.000000 1.000000
vt 0.000000 1.000000
vt 0.000000 0.000000
vt 1.000000 0.000000
vt 1.000000 1.000000
vt 0.000000 1.000000
vt 0.000000 0.000000
vt 1.000000 0.000000
vt 1.000000 1.000000
vt 0.000000 1.000000
vt 0.000000 0.000000
vt 1.000000 0.000000
vt 1.000000 1.000000
vt 0.000000 1.000000
vt 0.000000 0.000000
vt 1.000000 0.000000
vt 1.000000 1.000000
vt 0.000000 1.000000
vt 0.000000 0.000000
vt 1.000000 0.000000
vt 1.000000 1.000000
vt 0.000000 1.000000
vt 0.000000 0.000000
vt 1.000000 0.000000
vt 1.000000 1.000000
vt 0.000000 1.000000
vt 0.000000 0.000000
vt 1.000000 0.000000
vt 1.000000 1.000000
vt 0.000000 1.000000
vt 0.000000 0.000000
vt 1.000000 0.000000
vt 1.000000 1.000000
vt 0.000000 1.000000
vt 0.000000 0.000000
vt 1.000000 0.000000
vt 1.000000 1.000000
vt 0.000000 1.000000
vt 0.000000 0.000000
vt 1.000000 0.000000
vt 1.000000 1.000000
vt 0.000000 1.000000
vt 0.000000 0.000000
vt 1.000000 0.000000
vt 1.000000 1.000000
vt 0.000000 1.000000
vt 0.000000 0.000000
vt 1.000000 0.000000
vt 1.000000 1.000000
vt 0.000000 1.000000
vt 0.000000 0.000000
vt 1.000000 0.000000
vt 1.000000 1.000000
vt 0.000000 1.000000
vt 0.000000 0.000000
vt 1.000000 0.000000
vt 1.000000 1.000000
vt 0.000000 1.000000
vt 0.000000 0.000000
vt 1.000000 0.000000
vt 1.000000 1.000000
vt 0.000000 1.000000
vt 0.000000 0.000000
vt 1.000000 0.000000
vt 1.000000 1.000000
vt 0.000000 1.000000
vt 0.000000 0.000000
vt 1.000000 0.000000
vt 1.000000 1.000000
vt 0.000000 1.000000
vt 0.000000 0.000000
vt 1.000000 0.000000
vt 1.000000 1.000000
vt 0.000000 1.000000
vt 0.000000 0.000000
vt 1.000000 0.000000
vt 1.000000 1.000000
vt 0.000000 1.000000
vt 0.000000 0.000000
vt 1.000000 0.000000
vt 1.000000 1.000000
vt 0.000000 1.000000
vt 0.000000 0.000000
vt 1.000000 0.000000
vt 1.000000 1.000000
vt 0.000000 1.000000
vt 0.000000 0.000000
vt 1.000000 0.000000
vt 1.000000 1.000000
vt 0.000000 1.000000
vt 0.000000 0.000000
vt 1.000000 0.000000
vt 1.000000 1.000000
vt 0.000000 1.000000
vt 0.000000 0.000000
vt 1.000000 0.000000
vt 1.000000 1.000000
vt 0.000000 1.000000
vt 0.000000 0.000000
vt 1.000000 0.000000
vt 1.000000 1.000000
vt 0.000000 1.000000
vt 0.000000 0.000000
vt 1.000000 0.000000
vt 1.000000 1.000000
vt 0.000000 1.000000
vt 0.000000 0.000000
vt 1.000000 0.000000
vt 1.000000 1.000000
vt 0.000000 1.000000
vt 0.000000 0.000000
vt 1.000000 0.000000
vt 1.000000 1.000000
vt 0.000000 1.000000
vt 0.000000 0.000000
vt 1.000000 0.000000
vt 1.000000 1.000000
vt 0.000000 1.000000
vt 0.000000 0.000000
vt 1.000000 0.000000
vt 1.000000 1.000000
vt 0.000000 1.000000
vt 0.000000 0.000000
vt 1.000000 0.000000
vt 1.000000 1.000000
vt 0.000000 1.000000
vt 0.000000 0.000000
vt 1.000000 0.000000
vt 1.000000 1.000000
vt 0.000000 1.000000
vt 0.000000 0.000000
vt 1.000000 0.000000
vt 1.000000 1.000000
vt 0.000000 1.000000
vt 0.000000 0.000000
vt 1.000000 0.000000
vt 1.000000 1.000000
vt 0.000000 1.000000
vt 0.000000 0.000000
vt 1.000000 0.000000
vt 1.000000 1.000000
vt 0.000000 1.000000
vt 0.500000 0.500000
vt 0.000000 0.000000
vt 1.000000 0.000000
vt 0.000000 0.000000
vt 1.000000 0.000000
vt 0.000000 0.000000
vt 1.000000 0.000000
vt 0.000000 0.000000
vt 1.000000 0.000000
vt 0.000000 0.000000
vt 1.000000 0.000000
vt 0.000000 0.000000
vt 1.000000 0.000000
vt 0.000000 0.000000
vt 1.000000 0.000000
vt 0.000000 0.000000
vt 1.000000 0.000000
vt 0.000000 0.000000
vt 1.000000 0.000000
vt 0.000000 0.000000
vt 1.000000 0.000000
vt 0.000000 0.000000
vt 1.000000 0.000000
vt 0.000000 0.000000
vt 1.000000 0.000000
vt 0.000000 0.000000
vt 1.000000 0.000000
vt 0.000000 0.000000
vt 1.000000 0.000000
vt 0.000000 0.000000
vt 1.000000 0.000000
vt 0.000000 0.000000
vt 1.000000 0.000000
vt 0.000000 0.000000
vt 1.000000 0.000000
vt 0.000000 0.000000
vt 1.000000 0.000000
vt 0.000000 0.000000
vt 1.000000 0.000000
vt 0.000000 0.000000
vt 1.000000 0.000000
vt 0.500000 0.500000
vt 0.000000 0.000000
vt 1.000000 0.000000
vt 0.000000 0.000000
vt 1.000000 0.000000
vt 0.000000 0.000000
vt 1.000000 0.000000
vt 0.000000 0.000000
vt 1.000000 0.000000
vt 0.000000 0.000000
vt 1.000000 0.000000
vt 0.000000 0.000000
vt 1.000000 0.000000
vt 0.000000 0.000000
vt 1.000000 0.000000
vt 0.000000 0.000000
vt 1.000000 0.000000
vt 0.000000 0.000000
vt 1.000000 0.000000
vt 0.000000 0.000000
vt 1.000000 0.000000
vt 0.000000 0.000000
vt 1.000000 0.000000
vt 0.000000 0.000000
vt 1.000000 0.000000
vt 0.000000 0.000000
vt 1.000000 0.000000
vt 0.000000 0.000000
vt 1.000000 0.000000
vt 0.000000 0.000000
vt 1.000000 0.000000
vt 0.000000 0.000000
vt 1.000000 0.000000
vt 0.000000 0.000000
vt 1.000000 0.000000
vt 0.000000 0.000000
vt 1.000000 0.000000
vt 0.000000 0.000000
vt 1.000000 0.000000
vt 0.000000 0.000000
vt 1.000000 0.000000
vt 0.000000 0.000000
vt 1.000000 0.000000
vt 1.000000 1.000000
vt 0.000000 1.000000
vt 0.000000 0.000000
vt 1.000000 0.000000
vt 1.000000 1.000000
vt 0.000000 1.000000
vt 0.000000 0.000000
vt 1.000000 0.000000
vt 1.000000 1.000000
vt 0.000000 1.000000
vt 0.000000 0.000000
vt 1.000000 0.000000
vt 1.000000 1.000000
vt 0.000000 1.000000
vt 0.000000 0.000000
vt 1.000000 0.000000
vt 1.000000 1.000000
vt 0.000000 1.000000
vt 0.000000 0.000000
vt 1.000000 0.000000
vt 1.000000 1.000000
vt 0.000000 1.000000
vt 0.000000 0.000000
vt 1.000000 0.000000
vt 1.000000 1.000000
vt 0.000000 1.000000
vt 0.000000 0.000000
vt 1.000000 0.000000
vt 1.000000 1.000000
vt 0.000000 1.000000
vt 0.000000 0.000000
vt 1.000000 0.000000
vt 1.000000 1.000000
vt 0.000000 1.000000
vt 0.000000 0.000000
vt 1.000000 0.000000
vt 1.000000 1.000000
vt 0.000000 1.000000
vt 0.000000 0.000000
vt 1.000000 0.000000
vt 1.000000 1.000000
vt 0.000000 1.000000
vt 0.000000 0.000000
vt 1.000000 0.000000
vt 1.000000 1.000000
vt 0.000000 1.000000
vt 0.000000 0.000000
vt 1.000000 0.000000
vt 1.000000 1.000000
vt 0.000000 1.000000
vt 0.000000 0.000000
vt 1.000000 0.000000
vt 1.000000 1.000000
vt 0.000000 1.000000
vt 0.000000 0.000000
vt 1.000000 0.000000
vt 1.000000 1.000000
vt 0.000000 1.000000
vt 0.000000 0.000000
vt 1.000000 0.000000
vt 1.000000 1.000000
vt 0.000000 1.000000
vt 0.000000 0.000000
vt 1.000000 0.000000
vt 1.000000 1.000000
vt 0.000000 1.000000
vt 0.000000 0.000000
vt 1.000000 0.000000
vt 1.000000 1.000000
vt 0.000000 1.000000
vt 0.000000 0.000000
vt 1.000000 0.000000
vt 1.000000 1.000000
vt 0.000000 1.000000
vt 0.000000 0.000000
vt 1.000000 0.000000
vt 1.000000 1.000000
vt 0.000000 1.000000
vt 0.000000 0.000000
vt 1.000000 0.000000
vt 1.000000 1.000000
vt 0.000000 1.000000
vt 0.000000 0.000000
vt 1.000000 0.000000
vt 1.000000 1.000000
vt 0.000000 1.000000
vt 0.000000 0.000000
vt 1.000000 0.000000
vt 1.000000 1.000000
vt 0.000000 1.000000
vt 0.000000 0.000000
vt 1.000000 0.000000
vt 1.000000 1.000000
vt 0.000000 1.000000
vt 0.000000 0.000000
vt 1.000000 0.000000
vt 1.000000 1.000000
vt 0.000000 1.000000
vt 0.000000 0.000000
vt 1.000000 0.000000
vt 1.000000 1.000000
vt 0.000000 1.000000
vt 0.000000 0.000000
vt 1.000000 0.000000
vt 1.000000 1.000000
vt 0.000000 1.000000
vt 0.000000 0.000000
vt 1.000000 0.000000
vt 1.000000 1.000000
vt 0.000000 1.000000
vt 0.000000 0.000000
vt 1.000000 0.000000
vt 1.000000 1.000000
vt 0.000000 1.000000
vt 0.000000 0.000000
vt 1.000000 0.000000
vt 1.000000 1.000000
vt 0.000000 1.000000
vt 0.000000 0.000000
vt 1.000000 0.000000
vt 1.000000 1.000000
vt 0.000000 1.000000
vt 0.000000 0.000000
vt 1.000000 0.000000
vt 1.000000 1.000000
vt 0.000000 1.000000
vt 0.000000 0.000000
vt 1.000000 0.000000
vt 1.000000 1.000000
vt 0.000000 1.000000
vt 0.000000 0.000000
vt 1.000000 0.000000
vt 1.000000 1.000000
vt 0.000000 1.000000
vt 0.000000 0.000000
vt 1.000000 0.000000
vt 1.000000 1.000000
vt 0.000000 1.000000
vt 0.000000 0.000000
vt 1.000000 0.000000
vt 1.000000 1.000000
vt 0.000000 1.000000
vt 0.000000 0.000000
vt 1.000000 0.000000
vt 1.000000 1.000000
vt 0.000000 1.000000
vt 0.000000 0.000000
vt 1.000000 0.000000
vt 1.000000 1.000000
vt 0.000000 1.000000
vt 0.000000 0.000000
vt 1.000000 0.000000
vt 1.000000 1.000000
vt 0.000000 1.000000
vt 0.000000 0.000000
vt 1.000000 0.000000
vt 1.000000 1.000000
vt 0.000000 1.000000
vt 0.000000 0.000000
vt 1.000000 0.000000
vt 1.000000 1.000000
vt 0.000000 1.000000
vt 0.000000 0.000000
vt 1.000000 0.000000
vt 1.000000 1.000000
vt 0.000000 1.000000
vt 0.000000 0.000000
vt 1.000000 0.000000
vt 1.000000 1.000000
vt 0.000000 1.000000
vt 0.000000 0.000000
vt 1.000000 0.000000
vt 1.000000 1.000000
vt 0.000000 1.000000
vt 0.000000 0.000000
vt 1.000000 0.000000
vt 1.000000 1.000000
vt 0.000000 1.000000
vt 0.000000 0.000000
vt 1.000000 0.000000
vt 1.000000 1.000000
vt 0.000000 1.000000
vt 0.000000 0.000000
vt 1.000000 0.000000
vt 1.000000 1.000000
vt 0.000000 1.000000
vt 0.000000 0.000000
vt 1.000000 0.000000
vt 1.000000 1.000000
vt 0.000000 1.000000
vt 0.000000 0.000000
vt 1.000000 0.000000
vt 1.000000 1.000000
vt 0.000000 1.000000
vt 0.000000 0.000000
vt 1.000000 0.000000
vt 1.000000 1.000000
vt 0.000000 1.000000
vt 0.000000 0.000000
vt 1.000000 0.000000
vt 1.000000 1.000000
vt 0.000000 1.000000
vt 0.000000 0.000000
vt 1.000000 0.000000
vt 1.000000 1.000000
vt 0.000000 1.000000
vt 0.000000 0.000000
vt 1.000000 0.000000
vt 1.000000 1.000000
vt 0.000000 1.000000
vt 0.000000 0.000000
vt 1.000000 0.000000
vt 1.000000 1.000000
vt 0.000000 1.000000
vt 0.000000 0.000000
vt 1.000000 0.000000
vt 1.000000 1.000000
vt 0.000000 1.000000
vt 0.000000 0.000000
vt 1.000000 0.000000
vt 1.000000 1.000000
vt 0.000000 1.000000
vt 0.000000 0.000000
vt 1.000000 0.000000
vt 1.000000 1.000000
vt 0.000000 1.000000
vt 0.000000 0.000000
vt 1.000000 0.000000
vt 1.000000 1.000000
vt 0.000000 1.000000
vt 0.000000 0.000000
vt 1.000000 0.000000
vt 1.000000 1.000000
vt 0.000000 1.000000
vt 0.000000 0.000000
vt 1.000000 0.000000
vt 1.000000 1.000000
vt 0.000000 1.000000
vt 0.000000 0.000000
vt 1.000000 0.000000
vt 1.000000 1.000000
vt 0.000000 1.000000
vt 0.000000 0.000000
vt 1.000000 0.000000
vt 1.000000 1.000000
vt 0.000000 1.000000
vt 0.000000 0.000000
vt 1.000000 0.000000
vt 1.000000 1.000000
vt 0.000000 1.000000
vt 0.000000 0.000000
vt 1.000000 0.000000
vt 1.000000 1.000000
vt 0.000000 1.000000
vt 0.000000 0.000000
vt 1.000000 0.000000
vt 1.000000 1.000000
vt 0.000000 1.000000
vt 0.000000 0.000000
vt 1.000000 0.000000
vt 1.000000 1.000000
vt 0.000000 1.000000
vt 0.000000 0.000000
vt 1.000000 0.000000
vt 1.000000 1.000000
vt 0.000000 1.000000
vt 0.000000 0.000000
vt 1.000000 0.000000
vt 1.000000 1.000000
vt 0.000000 1.000000
vt 0.000000 0.000000
vt 1.000000 0.000000
vt 1.000000 1.000000
vt 0.000000 1.000000
vt 0.000000 0.000000
vt 1.000000 0.000000
vt 1.000000 1.000000
vt 0.000000 1.000000
vt 0.000000 0.000000
vt 1.000000 0.000000
vt 1.000000 1.000000
vt 0.000000 1.000000
vt 0.000000 0.000000
vt 1.000000 0.000000
vt 1.000000 1.000000
vt 0.000000 1.000000
vt 0.000000 0.000000
vt 1.000000 0.000000
vt 1.000000 1.000000
vt 0.000000 1.000000
vt 0.000000 0.000000
vt 1.000000 0.000000
vt 1.000000 1.000000
vt 0.000000 1.000000
vt 0.000000 0.000000
vt 1.000000 0.000000
vt 1.000000 1.000000
vt 0.000000 1.000000
vt 0.000000 0.000000
vt 1.000000 0.000000
vt 1.000000 1.000000
vt 0.000000 1.000000
vt 0.000000 0.000000
vt 1.000000 0.000000
vt 1.000000 1.000000
vt 0.000000 1.000000
vt 0.000000 0.000000
vt 1.000000 0.000000
vt 1.000000 1.000000
vt 0.000000 1.000000
vt 0.000000 0.000000
vt 1.000000 0.000000
vt 1.000000 1.000000
vt 0.000000 1.000000
vt 0.000000 0.000000
vt 1.000000 0.000000
vt 1.000000 1.000000
vt 0.000000 1.000000
vt 0.000000 0.000000
vt 1.000000 0.000000
vt 1.000000 1.000000
vt 0.000000 1.000000
vt 0.000000 0.000000
vt 1.000000 0.000000
vt 1.000000 1.000000
vt 0.000000 1.000000
vt 0.000000 0.000000
vt 1.000000 0.000000
vt 1.000000 1.000000
vt 0.000000 1.000000
vt 0.000000 0.000000
vt 1.000000 0.000000
vt 1.000000 1.000000
vt 0.000000 1.000000
vt 0.000000 0.000000
vt 1.000000 0.000000
vt 1.000000 1.000000
vt 0.000000 1.000000
vt 0.000000 0.000000
vt 1.000000 0.000000
vt 1.000000 1.000000
vt 0.000000 1.000000
vt 0.000000 0.000000
vt 1.000000 0.000000
vt 1.000000 1.000000
vt 0.000000 1.000000
vt 0.000000 0.000000
vt 1.000000 0.000000
vt 1.000000 1.000000
vt 0.000000 1.000000
vt 0.000000 0.000000
vt 1.000000 0.000000
vt 1.000000 1.000000
vt 0.000000 1.000000
vt 0.000000 0.000000
vt 1.000000 0.000000
vt 1.000000 1.000000
vt 0.000000 1.000000
vt 0.000000 0.000000
vt 1.000000 0.000000
vt 1.000000 1.000000
vt 0.000000 1.000000
vt 0.000000 0.000000
vt 1.000000 0.000000
vt 1.000000 1.000000
vt 0.000000 1.000000
vt 0.000000 0.000000
vt 1.000000 0.000000
vt 1.000000 1.000000
vt 0.000000 1.000000
vt 0.000000 0.000000
vt 1.000000 0.000000
vt 1.000000 1.000000
vt 0.000000 1.000000
vt 0.000000 0.000000
vt 1.000000 0.000000
vt 1.000000 1.000000
vt 0.000000 1.000000
vt 0.000000 0.000000
vt 1.000000 0.000000
vt 1.000000 1.000000
vt 0.000000 1.000000
vt 0.000000 0.000000
vt 1.000000 0.000000
vt 1.000000 1.000000
vt 0.000000 1.000000
vt 0.000000 0.000000
vt 1.000000 0.000000
vt 1.000000 1.000000
vt 0.000000 1.000000
vt 0.000000 0.000000
vt 1.000000 0.000000
vt 1.000000 1.000000
vt 0.000000 1.000000
vt 0.000000 0.000000
vt 1.000000 0.000000
vt 1.000000 1.000000
vt 0.000000 1.000000
vt 0.000000 0.000000
vt 1.000000 0.000000
vt 1.000000 1.000000
vt 0.000000 1.000000
vt 0.000000 0.000000
vt 1.000000 0.000000
vt 1.000000 1.000000
vt 0.000000 1.000000
vt 0.000000 0.000000
vt 1.000000 0.000000
vt 1.000000 1.000000
vt 0.000000 1.000000
vt 0.000000 0.000000
vt 1.000000 0.000000
vt 1.000000 1.000000
vt 0.000000 1.000000
vt 0.000000 0.000000
vt 1.000000 0.000000
vt 1.000000 1.000000
vt 0.000000 1.000000
vt 0.000000 0.000000
vt 1.000000 0.000000
vt 1.000000 1.000000
vt 0.000000 1.000000
vt 0.000000 0.000000
vt 1.000000 0.000000
vt 1.000000 1.000000
vt 0.000000 1.000000
vt 0.000000 0.000000
vt 1.000000 0.000000
vt 1.000000 1.000000
vt 0.000000 1.000000
vt 0.000000 0.000000
vt 1.000000 0.000000
vt 1.000000 1.000000
vt 0.000000 1.000000
vt 0.000000 0.000000
vt 1.000000 0.000000
vt 1.000000 1.000000
vt 0.000000 1.000000
vt 0.000000 0.000000
vt 1.000000 0.000000
vt 1.000000 1.000000
vt 0.000000 1.000000
vt 0.000000 0.000000
vt 1.000000 0.000000
vt 1.000000 1.000000
vt 0.000000 1.000000
vt 0.000000 0.000000
vt 1.000000 0.000000
vt 1.000000 1.000000
vt 0.000000 1.000000
vt 0.000000 0.000000
vt 1.000000 0.000000
vt 1.000000 1.000000
vt 0.000000 1.000000
vt 0.000000 0.000000
vt 1.000000 0.000000
vt 1.000000 1.000000
vt 0.000000 1.000000
vt 0.000000 0.000000
vt 1.000000 0.000000
vt 1.000000 1.000000
vt 0.000000 1.000000
vt 0.000000 0.000000
vt 1.000000 0.000000
vt 1.000000 1.000000
vt 0.000000 1.000000
vt 0.000000 0.000000
vt 1.000000 0.000000
vt 1.000000 1.000000
vt 0.000000 1.000000
vt 0.000000 0.000000
vt 1.000000 0.000000
vt 1.000000 1.000000
vt 0.000000 1.000000
vt 0.000000 0.000000
vt 1.000000 0.000000
vt 1.000000 1.000000
vt 0.000000 1.000000
vt 0.000000 0.000000
vt 1.000000 0.000000
vt 1.000000 1.000000
vt 0.000000 1.000000
vt 0.000000 0.000000
vt 1.000000 0.000000
vt 1.000000 1.000000
vt 0.000000 1.000000
vt 0.000000 0.000000
vt 1.000000 0.000000
vt 1.000000 1.000000
vt 0.000000 1.000000
vt 0.000000 0.000000
vt 1.000000 0.000000
vt 1.000000 1.000000
vt 0.000000 1.000000
vt 0.000000 0.000000
vt 1.000000 0.000000
vt 1.000000 1.000000
vt 0.000000 1.000000
vt 0.000000 0.000000
vt 1.000000 0.000000
vt 1.000000 1.000000
vt 0.000000 1.000000
vt 0.000000 0.000000
vt 1.000000 0.000000
vt 1.000000 1.000000
vt 0.000000 1.000000
vt 0.000000 0.000000
vt 1.000000 0.000000
vt 1.000000 1.000000
vt 0.000000 1.000000
vt 0.000000 0.000000
vt 1.000000 0.000000
vt 1.000000 1.000000
vt 0.000000 1.000000
vt 0.000000 0.000000
vt 1.000000 0.000000
vt 1.000000 1.000000
vt 0.000000 1.000000
vt 0.000000 0.000000
vt 1.000000 0.000000
vt 1.000000 1.000000
vt 0.000000 1.000000
vt 0.000000 0.000000
vt 1.000000 0.000000
vt 1.000000 1.000000
vt 0.000000 1.000000
vt 0.000000 0.000000
vt 1.000000 0.000000
vt 1.000000 1.000000
vt 0.000000 1.000000
vt 0.000000 0.000000
vt 1.000000 0.000000
vt 1.000000 1.000000
vt 0.000000 1.000000
vt 0.000000 0.000000
vt 1.000000 0.000000
vt 1.000000 1.000000
vt 0.000000 1.000000
vt 0.000000 0.000000
vt 1.000000 0.000000
vt 1.000000 1.000000
vt 0.000000 1.000000
vt 0.000000 0.000000
vt 1.000000 0.000000
vt 1.000000 1.000000
vt 0.000000 1.000000
vt 0.000000 0.000000
vt 1.000000 0.000000
vt 1.000000 1.000000
vt 0.000000 1.000000
vt 0.000000 0.000000
vt 1.000000 0.000000
vt 1.000000 1.000000
vt 0.000000 1.000000
vt 0.000000 0.000000
vt 1.000000 0.000000
vt 1.000000 1.000000
vt 0.000000 1.000000
vt 0.000000 0.000000
vt 1.000000 0.000000
vt 1.000000 1.000000
vt 0.000000 1.000000
vt 0.000000 0.000000
vt 1.000000 0.000000
vt 1.000000 1.000000
vt 0.000000 1.000000
vt 0.000000 0.000000
vt 1.000000 0.000000
vt 1.000000 1.000000
vt 0.000000 1.000000
vt 0.000000 0.000000
vt 1.000000 0.000000
vt 1.000000 1.000000
vt 0.000000 1.000000
vt 0.000000 0.000000
vt 1.000000 0.000000
vt 1.000000 1.000000
vt 0.000000 1.000000
vt 0.000000 0.000000
vt 1.000000 0.000000
vt 1.000000 1.000000
vt 0.000000 1.000000
vt 0.000000 0.000000
vt 1.000000 0.000000
vt 1.000000 1.000000
vt 0.000000 1.000000
vt 0.000000 0.000000
vt 1.000000 0.000000
vt 1.000000 1.000000
vt 0.000000 1.000000
vt 0.000000 0.000000
vt 1.000000 0.000000
vt 1.000000 1.000000
vt 0.000000 1.000000
vt 0.000000 0.000000
vt 1.000000 0.000000
vt 1.000000 1.000000
vt 0.000000 1.000000
vt 0.000000 0.000000
vt 1.000000 0.000000
vt 1.000000 1.000000
vt 0.000000 1.000000
vt 0.000000 0.000000
vt 1.000000 0.000000
vt 1.000000 1.000000
vt 0.000000 1.000000
vt 0.000000 0.000000
vt 1.000000 0.000000
vt 1.000000 1.000000
vt 0.000000 1.000000
vt 0.000000 0.000000
vt 1.000000 0.000000
vt 1.000000 1.000000
vt 0.000000 1.000000
vt 0.000000 0.000000
vt 1.000000 0.000000
vt 1.000000 1.000000
vt 0.000000 1.000000
vt 0.000000 0.000000
vt 1.000000 0.000000
vt 1.000000 1.000000
vt 0.000000 1.000000
vt 0.000000 0.000000
vt 1.000000 0.000000
vt 1.000000 1.000000
vt 0.000000 1.000000
vt 0.000000 0.000000
vt 1.000000 0.000000
vt 1.000000 1.000000
vt 0.000000 1.000000
vt 0.000000 0.000000
vt 1.000000 0.000000
vt 1.000000 1.000000
vt 0.000000 1.000000
vt 0.000000 0.000000
vt 1.000000 0.000000
vt 1.000000 1.000000
vt 0.000000 1.000000
vt 0.000000 0.000000
vt 1.000000 0.000000
vt 1.000000 1.000000
vt 0.000000 1.000000
vt 0.000000 0.000000
vt 1.000000 0.000000
vt 1.000000 1.000000
vt 0.000000 1.000000
vt 0.000000 0.000000
vt 1.000000 0.000000
vt 1.000000 1.000000
vt 0.000000 1.000000
vt 0.000000 0.000000
vt 1.000000 0.000000
vt 1.000000 1.000000
vt 0.000000 1.000000
vt 0.000000 0.000000
vt 1.000000 0.000000
vt 1.000000 1.000000
vt 0.000000 1.000000
vt 0.000000 0.000000
vt 1.000000 0.000000
vt 1.000000 1.000000
vt 0.000000 1.000000
vt 0.000000 0.000000
vt 1.000000 0.000000
vt 1.000000 1.000000
vt 0.000000 1.000000
vt 0.000000 0.000000
vt 1.000000 0.000000
vt 1.000000 1.000000
vt 0.000000 1.000000
vt 0.000000 0.000000
vt 1.000000 0.000000
vt 1.000000 1.000000
vt 0.000000 1.000000
vt 0.000000 0.000000
vt 1.000000 0.000000
vt 1.000000 1.000000
vt 0.000000 1.000000
vt 0.000000 0.000000
vt 1.000000 0.000000
vt 1.000000 1.000000
vt 0.000000 1.000000
vt 0.000000 0.000000
vt 1.000000 0.000000
vt 1.000000 1.000000
vt 0.000000 1.000000
vt 0.000000 0.000000
vt 1.000000 0.000000
vt 1.000000 1.000000
vt 0.000000 1.000000
vt 0.000000 0.000000
vt 1.000000 0.000000
vt 1.000000 1.000000
vt 0.000000 1.000000
vt 0.000000 0.000000
vt 1.000000 0.000000
vt 1.000000 1.000000
vt 0.000000 1.000000
vt 0.000000 0.000000
vt 1.000000 0.000000
vt 1.000000 1.000000
vt 0.000000 1.000000
vt 0.000000 0.000000
vt 1.000000 0.000000
vt 1.000000 1.000000
vt 0.000000 1.000000
vt 0.000000 0.000000
vt 1.000000 0.000000
vt 1.000000 1.000000
vt 0.000000 1.000000
vt 0.000000 0.000000
vt 1.000000 0.000000
vt 1.000000 1.000000
vt 0.000000 1.000000
vt 0.000000 0.000000
vt 1.000000 0.000000
vt 1.000000 1.000000
vt 0.000000 1.000000
vt 0.000000 0.000000
vt 1.000000 0.000000
vt 1.000000 1.000000
vt 0.000000 1.000000
vt 0.000000 0.000000
vt 1.000000 0.000000
vt 1.000000 1.000000
vt 0.000000 1.000000
vt 0.000000 0.000000
vt 1.000000 0.000000
vt 1.000000 1.000000
vt 0.000000 1.000000
vt 0.000000 0.000000
vt 1.000000 0.000000
vt 1.000000 1.000000
vt 0.000000 1.000000
vt 0.000000 0.000000
vt 1.000000 0.000000
vt 1.000000 1.000000
vt 0.000000 1.000000
vt 0.000000 0.000000
vt 1.000000 0.000000
vt 1.000000 1.000000
vt 0.000000 1.000000
vt 0.000000 0.000000
vt 1.000000 0.000000
vt 1.000000 1.000000
vt 0.000000 1.000000
vt 0.000000 0.000000
vt 1.000000 0.000000
vt 1.000000 1.000000
vt 0.000000 1.000000
vt 0.000000 0.000000
vt 1.000000 0.000000
vt 1.000000 1.000000
vt 0.000000 1.000000
vt 0.000000 0.000000
vt 1.000000 0.000000
vt 1.000000 1.000000
vt 0.000000 1.000000
vt 0.000000 0.000000
vt 1.000000 0.000000
vt 1.000000 1.000000
vt 0.000000 1.000000
vt 0.000000 0.000000
vt 1.000000 0.000000
vt 1.000000 1.000000
vt 0.000000 1.000000
vt 0.000000 0.000000
vt 1.000000 0.000000
vt 1.000000 1.000000
vt 0.000000 1.000000
vt 0.000000 0.000000
vt 1.000000 0.000000
vt 1.000000 1.000000
vt 0.000000 1.000000
vt 0.000000 0.000000
vt 1.000000 0.000000
vt 1.000000 1.000000
vt 0.000000 1.000000
vt 0.000000 0.000000
vt 1.000000 0.000000
vt 1.000000 1.000000
vt 0.000000 1.000000
vt 0.000000 0.000000
vt 1.000000 0.000000
vt 1.000000 1.000000
vt 0.000000 1.000000
vt 0.000000 0.000000
vt 1.000000 0.000000
vt 1.000000 1.000000
vt 0.000000 1.000000
vt 0.000000 0.000000
vt 1.000000 0.000000
vt 1.000000 1.000000
vt 0.000000 1.000000
vt 0.000000 0.000000
vt 1.000000 0.000000
vt 1.000000 1.000000
vt 0.000000 1.000000
vt 0.000000 0.000000
vt 1.000000 0.000000
vt 1.000000 1.000000
vt 0.000000 1.000000
vt 0.000000 0.000000
vt 1.000000 0.000000
vt 1.000000 1.000000
vt 0.000000 1.000000
vt 0.000000 0.000000
vt 1.000000 0.000000
vt 1.000000 1.000000
vt 0.000000 1.000000
vt 0.000000 0.000000
vt 1.000000 0.000000
vt 1.000000 1.000000
vt 0.000000 1.000000
vt 0.500000 0.500000
vt 0.000000 0.000000
vt 1.000000 0.000000
vt 0.000000 0.000000
vt 1.000000 0.000000
vt 0.000000 0.000000
vt 1.000000 0.000000
vt 0.000000 0.000000
vt 1.000000 0.000000
vt 0.000000 0.000000
vt 1.000000 0.000000
vt 0.000000 0.000000
vt 1.000000 0.000000
vt 0.000000 0.000000
vt 1.000000 0.000000
vt 0.000000 0.000000
vt 1.000000 0.000000
vt 0.000000 0.000000
vt 1.000000 0.000000
vt 0.000000 0.000000
vt 1.000000 0.000000
vt 0.000000 0.000000
vt 1.000000 0.000000
vt 0.000000 0.000000
vt 1.000000 0.000000
vt 0.000000 0.000000
vt 1.000000 0.000000
vt 0.000000 0.000000
vt 1.000000 0.000000
vt 0.000000 0.000000
vt 1.000000 0.000000
vt 0.000000 0.000000
vt 1.000000 0.000000
vt 0.500000 0.500000
vt 0.000000 0.000000
vt 1.000000 0.000000
vt 0.000000 0.000000
vt 1.000000 0.000000
vt 0.000000 0.000000
vt 1.000000 0.000000
vt 0.000000 0.000000
vt 1.000000 0.000000
vt 0.000000 0.000000
vt 1.000000 0.000000
vt 0.000000 0.000000
vt 1.000000 0.000000
vt 0.000000 0.000000
vt 1.000000 0.000000
vt 0.000000 0.000000
vt 1.000000 0.000000
vt 0.000000 0.000000
vt 1.000000 0.000000
vt 0.000000 0.000000
vt 1.000000 0.000000
vt 0.000000 0.000000
vt 1.000000 0.000000
vt 0.000000 0.000000
vt 1.000000 0.000000
vt 0.000000 0.000000
vt 1.000000 0.000000
vt 0.000000 0.000000
vt 1.000000 0.000000
vt 0.000000 0.000000
vt 1.000000 0.000000
vt 0.000000 0.000000
vt 1.000000 0.000000
vt 0.000000 0.000000
vt 1.000000 0.000000
vt 1.000000 1.000000
vt 0.000000 1.000000
vt 0.000000 0.000000
vt 1.000000 0.000000
vt 1.000000 1.000000
vt 0.000000 1.000000
vt 0.000000 0.000000
vt 1.000000 0.000000
vt 1.000000 1.000000
vt 0.000000 1.000000
vt 0.000000 0.000000
vt 1.000000 0.000000
vt 1.000000 1.000000
vt 0.000000 1.000000
vt 0.000000 0.000000
vt 1.000000 0.000000
vt 1.000000 1.000000
vt 0.000000 1.000000
vt 0.000000 0.000000
vt 1.000000 0.000000
vt 1.000000 1.000000
vt 0.000000 1.000000
vt 0.000000 0.000000
vt 1.000000 0.000000
vt 1.000000 1.000000
vt 0.000000 1.000000
vt 0.000000 0.000000
vt 1.000000 0.000000
vt 1.000000 1.000000
vt 0.000000 1.000000
vt 0.000000 0.000000
vt 1.000000 0.000000
vt 1.000000 1.000000
vt 0.000000 1.000000
vt 0.000000 0.000000
vt 1.000000 0.000000
vt 1.000000 1.000000
vt 0.000000 1.000000
vt 0.000000 0.000000
vt 1.000000 0.000000
vt 1.000000 1.000000
vt 0.000000 1.000000
vt 0.000000 0.000000
vt 1.000000 0.000000
vt 1.000000 1.000000
vt 0.000000 1.000000
vt 0.000000 0.000000
vt 1.000000 0.000000
vt 1.000000 1.000000
vt 0.000000 1.000000
vt 0.000000 0.000000
vt 1.000000 0.000000
vt 1.000000 1.000000
vt 0.000000 1.000000
vt 0.000000 0.000000
vt 1.000000 0.000000
vt 1.000000 1.000000
vt 0.000000 1.000000
vt 0.000000 0.000000
vt 1.000000 0.000000
vt 1.000000 1.000000
vt 0.000000 1.000000
vt 0.000000 0.000000
vt 1.000000 0.000000
vt 1.000000 1.000000
vt 0.000000 1.000000
vt 0.000000 0.000000
vt 1.000000 0.000000
vt 1.000000 1.000000
vt 0.000000 1.000000
vt 0.000000 0.000000
vt 1.000000 0.000000
vt 1.000000 1.000000
vt 0.000000 1.000000
vt 0.000000 0.000000
vt 1.000000 0.000000
vt 1.000000 1.000000
vt 0.000000 1.000000
vt 0.000000 0.000000
vt 1.000000 0.000000
vt 1.000000 1.000000
vt 0.000000 1.000000
vt 0.000000 0.000000
vt 1.000000 0.000000
vt 1.000000 1.000000
vt 0.000000 1.000000
vt 0.500000 0.500000
vt 0.000000 0.000000
vt 1.000000 0.000000
vt 0.000000 0.000000
vt 1.000000 0.000000
vt 0.000000 0.000000
vt 1.000000 0.000000
vt 0.000000 0.000000
vt 1.000000 0.000000
vt 0.000000 0.000000
vt 1.000000 0.000000
vt 0.000000 0.000000
vt 1.000000 0.000000
vt 0.000000 0.000000
vt 1.000000 0.000000
vt 0.000000 0.000000
vt 1.000000 0.000000
vt 0.000000 0.000000
vt 1.000000 0.000000
vt 0.000000 0.000000
vt 1.000000 0.000000
vt 0.000000 0.000000
vt 1.000000 0.000000
vt 0.000000 0.000000
vt 1.000000 0.000000
vt 0.000000 0.000000
vt 1.000000 0.000000
vt 0.000000 0.000000
vt 1.000000 0.000000
vt 0.000000 0.000000
vt 1.000000 0.000000
vt 0.000000 0.000000
vt 1.000000 0.000000
vt 0.500000 0.500000
vt 0.000000 0.000000
vt 1.000000 0.000000
vt 0.000000 0.000000
vt 1.000000 0.000000
vt 0.000000 0.000000
vt 1.000000 0.000000
vt 0.000000 0.000000
vt 1.000000 0.000000
vt 0.000000 0.000000
vt 1.000000 0.000000
vt 0.000000 0.000000
vt 1.000000 0.000000
vt 0.000000 0.000000
vt 1.000000 0.000000
vt 0.000000 0.000000
vt 1.000000 0.000000
vt 0.000000 0.000000
vt 1.000000 0.000000
vt 0.000000 0.000000
vt 1.000000 0.000000
vt 0.000000 0.000000
vt 1.000000 0.000000
vt 0.000000 0.000000
vt 1.000000 0.000000
vt 0.000000 0.000000
vt 1.000000 0.000000
vt 0.000000 0.000000
vt 1.000000 0.000000
vt 0.000000 0.000000
vt 1.000000 0.000000
vt 0.000000 0.000000
vt 1.000000 0.000000
vt 0.000000 0.000000
vt 1.000000 0.000000
vt 1.000000 1.000000
vt 0.000000 1.000000
vt 0.000000 0.000000
vt 1.000000 0.000000
vt 1.000000 1.000000
vt 0.000000 1.000000
vt 0.000000 0.000000
vt 1.000000 0.000000
vt 1.000000 1.000000
vt 0.000000 1.000000
vt 0.000000 0.000000
vt 1.000000 0.000000
vt 1.000000 1.000000
vt 0.000000 1.000000
vt 0.000000 0.000000
vt 1.000000 0.000000
vt 1.000000 1.000000
vt 0.000000 1.000000
vt 0.000000 0.000000
vt 1.000000 0.000000
vt 1.000000 1.000000
vt 0.000000 1.000000
vt 0.000000 0.000000
vt 1.000000 0.000000
vt 1.000000 1.000000
vt 0.000000 1.000000
vt 0.000000 0.000000
vt 1.000000 0.000000
vt 1.000000 1.000000
vt 0.000000 1.000000
vt 0.000000 0.000000
vt 1.000000 0.000000
vt 1.000000 1.000000
vt 0.000000 1.000000
vt 0.000000 0.000000
vt 1.000000 0.000000
vt 1.000000 1.000000
vt 0.000000 1.000000
vt 0.000000 0.000000
vt 1.000000 0.000000
vt 1.000000 1.000000
vt 0.000000 1.000000
vt 0.000000 0.000000
vt 1.000000 0.000000
vt 1.000000 1.000000
vt 0.000000 1.000000
vt 0.000000 0.000000
vt 1.000000 0.000000
vt 1.000000 1.000000
vt 0.000000 1.000000
vt 0.000000 0.000000
vt 1.000000 0.000000
vt 1.000000 1.000000
vt 0.000000 1.000000
vt 0.500000 0.500000
vt 0.000000 0.000000
vt 1.000000 0.000000
vt 0.000000 0.000000
vt 1.000000 0.000000
vt 0.000000 0.000000
vt 1.000000 0.000000
vt 0.000000 0.000000
vt 1.000000 0.000000
vt 0.000000 0.000000
vt 1.000000 0.000000
vt 0.000000 0.000000
vt 1.000000 0.000000
vt 0.000000 0.000000
vt 1.000000 0.000000
vt 0.000000 0.000000
vt 1.000000 0.000000
vt 0.500000 0.500000
vt 0.000000 0.000000
vt 1.000000 0.000000
vt 0.000000 0.000000
vt 1.000000 0.000000
vt 0.000000 0.000000
vt 1.000000 0.000000
vt 0.000000 0.000000
vt 1.000000 0.000000
vt 0.000000 0.000000
vt 1.000000 0.000000
vt 0.000000 0.000000
vt 1.000000 0.000000
vt 0.000000 0.000000
vt 1.000000 0.000000
vt 0.000000 0.000000
vt 1.000000 0.000000
vt 0.000000 0.000000
vt 1.000000 0.000000
vt 1.000000 1.000000
vt 0.000000 1.000000
vt 0.000000 0.000000
vt 1.000000 0.000000
vt 1.000000 1.000000
vt 0.000000 1.000000
vt 0.000000 0.000000
vt 1.000000 0.000000
vt 1.000000 1.000000
vt 0.000000 1.000000
vt 0.000000 0.000000
vt 1.000000 0.000000
vt 1.000000 1.000000
vt 0.000000 1.000000
vt 0.000000 0.000000
vt 1.000000 0.000000
vt 1.000000 1.000000
vt 0.000000 1.000000
vt 0.000000 0.000000
vt 1.000000 0.000000
vt 1.000000 1.000000
vt 0.000000 1.000000
vt 0.000000 0.000000
vt 1.000000 0.000000
vt 1.000000 1.000000
vt 0.000000 1.000000
vt 0.000000 0.000000
vt 1.000000 0.000000
vt 1.000000 1.000000
vt 0.000000 1.000000
vt 0.500000 0.500000
vt 0.000000 0.000000
vt 1.000000 0.000000
vt 0.000000 0.000000
vt 1.000000 0.000000
vt 0.000000 0.000000
vt 1.000000 0.000000
vt 0.000000 0.000000
vt 1.000000 0.000000
vt 0.000000 0.000000
vt 1.000000 0.000000
vt 0.000000 0.000000
vt 1.000000 0.000000
vt 0.000000 0.000000
vt 1.000000 0.000000
vt 0.000000 0.000000
vt 1.000000 0.000000
vt 0.500000 0.500000
vt 0.000000 0.000000
vt 1.000000 0.000000
vt 0.000000 0.000000
vt 1.000000 0.000000
vt 0.000000 0.000000
vt 1.000000 0.000000
vt 0.000000 0.000000
vt 1.000000 0.000000
vt 0.000000 0.000000
vt 1.000000 0.000000
vt 0.000000 0.000000
vt 1.000000 0.000000
vt 0.000000 0.000000
vt 1.000000 0.000000
vt 0.000000 0.000000
vt 1.000000 0.000000
vt 0.000000 0.000000
vt 1.000000 0.000000
vt 1.000000 1.000000
vt 0.000000 1.000000
vt 0.000000 0.000000
vt 1.000000 0.000000
vt 1.000000 1.000000
vt 0.000000 1.000000
vt 0.000000 0.000000
vt 1.000000 0.000000
vt 1.000000 1.000000
vt 0.000000 1.000000
vt 0.000000 0.000000
vt 1.000000 0.000000
vt 1.000000 1.000000
vt 0.000000 1.000000
vt 0.000000 0.000000
vt 1.000000 0.000000
vt 1.000000 1.000000
vt 0.000000 1.000000
vt 0.000000 0.000000
vt 1.000000 0.000000
vt 1.000000 1.000000
vt 0.000000 1.000000
vt 0.000000 0.000000
vt 1.000000 0.000000
vt 1.000000 1.000000
vt 0.000000 1.000000
vt 0.000000 0.000000
vt 1.000000 0.000000
vt 1.000000 1.000000
vt 0.000000 1.000000
vt 0.500000 0.500000
vt 0.000000 0.000000
vt 1.000000 0.000000
vt 0.000000 0.000000
vt 1.000000 0.000000
vt 0.000000 0.000000
vt 1.000000 0.000000
vt 0.000000 0.000000
vt 1.000000 0.000000
vt 0.000000 0.000000
vt 1.000000 0.000000
vt 0.000000 0.000000
vt 1.000000 0.000000
vt 0.000000 0.000000
vt 1.000000 0.000000
vt 0.000000 0.000000
vt 1.000000 0.000000
vt 0.500000 0.500000
vt 0.000000 0.000000
vt 1.000000 0.000000
vt 0.000000 0.000000
vt 1.000000 0.000000
vt 0.000000 0.000000
vt 1.000000 0.000000
vt 0.000000 0.000000
vt 1.000000 0.000000
vt 0.000000 0.000000
vt 1.000000 0.000000
vt 0.000000 0.000000
vt 1.000000 0.000000
vt 0.000000 0.000000
vt 1.000000 0.000000
vt 0.000000 0.000000
vt 1.000000 0.000000
vt 0.000000 0.000000
vt 1.000000 0.000000
vt 1.000000 1.000000
vt 0.000000 1.000000
vt 0.000000 0.000000
vt 1.000000 0.000000
vt 1.000000 1.000000
vt 0.000000 1.000000
vt 0.000000 0.000000
vt 1.000000 0.000000
vt 1.000000 1.000000
vt 0.000000 1.000000
vt 0.000000 0.000000
vt 1.000000 0.000000
vt 1.000000 1.000000
vt 0.000000 1.000000
vt 0.000000 0.000000
vt 1.000000 0.000000
vt 1.000000 1.000000
vt 0.000000 1.000000
vt 0.000000 0.000000
vt 1.000000 0.000000
vt 1.000000 1.000000
vt 0.000000 1.000000
vt 0.000000 0.000000
vt 1.000000 0.000000
vt 1.000000 1.000000
vt 0.000000 1.000000
vt 0.000000 0.000000
vt 1.000000 0.000000
vt 1.000000 1.000000
vt 0.000000 1.000000
vt 0.000000 0.000000
vt 1.000000 0.000000
vt 1.000000 1.000000
vt 0.000000 1.000000
vt 0.000000 0.000000
vt 1.000000 0.000000
vt 1.000000 1.000000
vt 0.000000 1.000000
vt 0.000000 0.000000
vt 1.000000 0.000000
vt 1.000000 1.000000
vt 0.000000 1.000000
vt 0.000000 0.000000
vt 1.000000 0.000000
vt 1.000000 1.000000
vt 0.000000 1.000000
vt 0.000000 0.000000
vt 1.000000 0.000000
vt 1.000000 1.000000
vt 0.000000 1.000000
vt 0.000000 0.000000
vt 1.000000 0.000000
vt 1.000000 1.000000
vt 0.000000 1.000000
vt 0.000000 0.000000
vt 1.000000 0.000000
vt 1.000000 1.000000
vt 0.000000 1.000000
vt 0.000000 0.000000
vt 1.000000 0.000000
vt 1.000000 1.000000
vt 0.000000 1.000000
vt 0.000000 0.000000
vt 1.000000 0.000000
vt 1.000000 1.000000
vt 0.000000 1.000000
vt 0.000000 0.000000
vt 1.000000 0.000000
vt 1.000000 1.000000
vt 0.000000 1.000000
vt 0.000000 0.000000
vt 1.000000 0.000000
vt 1.000000 1.000000
vt 0.000000 1.000000
vt 0.000000 0.000000
vt 1.000000 0.000000
vt 1.000000 1.000000
vt 0.000000 1.000000
vt 0.000000 0.000000
vt 1.000000 0.000000
vt 1.000000 1.000000
vt 0.000000 1.000000
vt 0.000000 0.000000
vt 1.000000 0.000000
vt 1.000000 1.000000
vt 0.000000 1.000000
vt 0.000000 0.000000
vt 1.000000 0.000000
vt 1.000000 1.000000
vt 0.000000 1.000000
vt 0.000000 0.000000
vt 1.000000 0.000000
vt 1.000000 1.000000
vt 0.000000 1.000000
vt 0.000000 0.000000
vt 1.000000 0.000000
vt 1.000000 1.000000
vt 0.000000 1.000000
vt 0.000000 0.000000
vt 1.000000 0.000000
vt 1.000000 1.000000
vt 0.000000 1.000000
vt 0.000000 0.000000
vt 1.000000 0.000000
vt 1.000000 1.000000
vt 0.000000 1.000000
vt 0.000000 0.000000
vt 1.000000 0.000000
vt 1.000000 1.000000
vt 0.000000 1.000000
vt 0.000000 0.000000
vt 1.000000 0.000000
vt 1.000000 1.000000
vt 0.000000 1.000000
vt 0.000000 0.000000
vt 1.000000 0.000000
vt 1.000000 1.000000
vt 0.000000 1.000000
vt 0.000000 0.000000
vt 1.000000 0.000000
vt 1.000000 1.000000
vt 0.000000 1.000000
vt 0.000000 0.000000
vt 1.000000 0.000000
vt 1.000000 1.000000
vt 0.000000 1.000000
vt 0.000000 0.000000
vt 1.000000 0.000000
vt 1.000000 1.000000
vt 0.000000 1.000000
vt 0.000000 0.000000
vt 1.000000 0.000000
vt 1.000000 1.000000
vt 0.000000 1.000000
vt 0.000000 0.000000
vt 1.000000 0.000000
vt 1.000000 1.000000
vt 0.000000 1.000000
vt 0.000000 0.000000
vt 1.000000 0.000000
vt 1.000000 1.000000
vt 0.000000 1.000000
vt 0.000000 0.000000
vt 1.000000 0.000000
vt 1.000000 1.000000
vt 0.000000 1.000000
vt 0.000000 0.000000
vt 1.000000 0.000000
vt 1.000000 1.000000
vt 0.000000 1.000000
vt 0.000000 0.000000
vt 1.000000 0.000000
vt 1.000000 1.000000
vt 0.000000 1.000000
vt 0.000000 0.000000
vt 1.000000 0.000000
vt 1.000000 1.000000
vt 0.000000 1.000000
vt 0.000000 0.000000
vt 1.000000 0.000000
vt 1.000000 1.000000
vt 0.000000 1.000000
vt 0.000000 0.000000
vt 1.000000 0.000000
vt 1.000000 1.000000
vt 0.000000 1.000000
vt 0.000000 0.000000
vt 1.000000 0.000000
vt 1.000000 1.000000
vt 0.000000 1.000000
vt 0.000000 0.000000
vt 1.000000 0.000000
vt 1.000000 1.000000
vt 0.000000 1.000000
vt 0.000000 0.000000
vt 1.000000 0.000000
vt 1.000000 1.000000
vt 0.000000 1.000000
vt 0.000000 0.000000
vt 1.000000 0.000000
vt 1.000000 1.000000
vt 0.000000 1.000000
vt 0.000000 0.000000
vt 1.000000 0.000000
vt 1.000000 1.000000
vt 0.000000 1.000000
vt 0.000000 0.000000
vt 1.000000 0.000000
vt 1.000000 1.000000
vt 0.000000 1.000000
vt 0.000000 0.000000
vt 1.000000 0.000000
vt 1.000000 1.000000
vt 0.000000 1.000000
vt 0.000000 0.000000
vt 1.000000 0.000000
vt 1.000000 1.000000
vt 0.000000 1.000000
vt 0.000000 0.000000
vt 1.000000 0.000000
vt 1.000000 1.000000
vt 0.000000 1.000000
vt 0.000000 0.000000
vt 1.000000 0.000000
vt 1.000000 1.000000
vt 0.000000 1.000000
vt 0.000000 0.000000
vt 1.000000 0.000000
vt 1.000000 1.000000
vt 0.000000 1.000000
vt 0.000000 0.000000
vt 1.000000 0.000000
vt 1.000000 1.000000
vt 0.000000 1.000000
vt 0.000000 0.000000
vt 1.000000 0.000000
vt 1.000000 1.000000
vt 0.000000 1.000000
vt 0.000000 0.000000
vt 1.000000 0.000000
vt 1.000000 1.000000
vt 0.000000 1.000000
vt 0.000000 0.000000
vt 1.000000 0.000000
vt 1.000000 1.000000
vt 0.000000 1.000000
vt 0.000000 0.000000
vt 1.000000 0.000000
vt 1.000000 1.000000
vt 0.000000 1.000000
vt 0.000000 0.000000
vt 1.000000 0.000000
vt 1.000000 1.000000
vt 0.000000 1.000000
vt 0.000000 0.000000
vt 1.000000 0.000000
vt 1.000000 1.000000
vt 0.000000 1.000000
vt 0.000000 0.000000
vt 1.000000 0.000000
vt 1.000000 1.000000
vt 0.000000 1.000000
vt 0.000000 0.000000
vt 1.000000 0.000000
vt 1.000000 1.000000
vt 0.000000 1.000000
vt 0.000000 0.000000
vt 1.000000 0.000000
vt 1.000000 1.000000
vt 0.000000 1.000000
vt 0.000000 0.000000
vt 1.000000 0.000000
vt 1.000000 1.000000
vt 0.000000 1.000000
vt 0.000000 0.000000
vt 1.000000 0.000000
vt 1.000000 1.000000
vt 0.000000 1.000000
vt 0.000000 0.000000
vt 1.000000 0.000000
vt 1.000000 1.000000
vt 0.000000 1.000000
vt 0.000000 0.000000
vt 1.000000 0.000000
vt 1.000000 1.000000
vt 0.000000 1.000000
vt 0.000000 0.000000
vt 1.000000 0.000000
vt 1.000000 1.000000
vt 0.000000 1.000000
vt 0.000000 0.000000
vt 1.000000 0.000000
vt 1.000000 1.000000
vt 0.000000 1.000000
vt 0.000000 0.000000
vt 1.000000 0.000000
vt 1.000000 1.000000
vt 0.000000 1.000000
vt 0.000000 0.000000
vt 1.000000 0.000000
vt 1.000000 1.000000
vt 0.000000 1.000000
vt 0.000000 0.000000
vt 1.000000 0.000000
vt 1.000000 1.000000
vt 0.000000 1.000000
vt 0.500000 0.500000
vt 0.000000 0.000000
vt 1.000000 0.000000
vt 0.000000 0.000000
vt 1.000000 0.000000
vt 0.000000 0.000000
vt 1.000000 0.000000
vt 0.000000 0.000000
vt 1.000000 0.000000
vt 0.000000 0.000000
vt 1.000000 0.000000
vt 0.000000 0.000000
vt 1.000000 0.000000
vt 0.000000 0.000000
vt 1.000000 0.000000
vt 0.000000 0.000000
vt 1.000000 0.000000
vt 0.500000 0.500000
vt 0.000000 0.000000
vt 1.000000 0.000000
vt 0.000000 0.000000
vt 1.000000 0.000000
vt 0.000000 0.000000
vt 1.000000 0.000000
vt 0.000000 0.000000
vt 1.000000 0.000000
vt 0.000000 0.000000
vt 1.000000 0.000000
vt 0.000000 0.000000
vt 1.000000 0.000000
vt 0.000000 0.000000
vt 1.000000 0.000000
vt 0.000000 0.000000
vt 1.000000 0.000000
vt 0.000000 0.000000
vt 1.000000 0.000000
vt 1.000000 1.000000
vt 0.000000 1.000000
vt 0.000000 0.000000
vt 1.000000 0.000000
vt 1.000000 1.000000
vt 0.000000 1.000000
vt 0.000000 0.000000
vt 1.000000 0.000000
vt 1.000000 1.000000
vt 0.000000 1.000000
vt 0.000000 0.000000
vt 1.000000 0.000000
vt 1.000000 1.000000
vt 0.000000 1.000000
vt 0.000000 0.000000
vt 1.000000 0.000000
vt 1.000000 1.000000
vt 0.000000 1.000000
vt 0.000000 0.000000
vt 1.000000 0.000000
vt 1.000000 1.000000
vt 0.000000 1.000000
vt 0.000000 0.000000
vt 1.000000 0.000000
vt 1.000000 1.000000
vt 0.000000 1.000000
vt 0.000000 0.000000
vt 1.000000 0.000000
vt 1.000000 1.000000
vt 0.000000 1.000000
vt 0.500000 0.500000
vt 0.000000 0.000000
vt 1.000000 0.000000
vt 0.000000 0.000000
vt 1.000000 0.000000
vt 0.000000 0.000000
vt 1.000000 0.000000
vt 0.000000 0.000000
vt 1.000000 0.000000
vt 0.000000 0.000000
vt 1.000000 0.000000
vt 0.000000 0.000000
vt 1.000000 0.000000
vt 0.000000 0.000000
vt 1.000000 0.000000
vt 0.000000 0.000000
vt 1.000000 0.000000
vt 0.500000 0.500000
vt 0.000000 0.000000
vt 1.000000 0.000000
vt 0.000000 0.000000
vt 1.000000 0.000000
vt 0.000000 0.000000
vt 1.000000 0.000000
vt 0.000000 0.000000
vt 1.000000 0.000000
vt 0.000000 0.000000
vt 1.000000 0.000000
vt 0.000000 0.000000
vt 1.000000 0.000000
vt 0.000000 0.000000
vt 1.000000 0.000000
vt 0.000000 0.000000
vt 1.000000 0.000000
vt 0.000000 0.000000
vt 1.000000 0.000000
vt 1.000000 1.000000
vt 0.000000 1.000000
vt 0.000000 0.000000
vt 1.000000 0.000000
vt 1.000000 1.000000
vt 0.000000 1.000000
vt 0.000000 0.000000
vt 1.000000 0.000000
vt 1.000000 1.000000
vt 0.000000 1.000000
vt 0.000000 0.000000
vt 1.000000 0.000000
vt 1.000000 1.000000
vt 0.000000 1.000000
vt 0.000000 0.000000
vt 1.000000 0.000000
vt 1.000000 1.000000
vt 0.000000 1.000000
vt 0.000000 0.000000
vt 1.000000 0.000000
vt 1.000000 1.000000
vt 0.000000 1.000000
vt 0.000000 0.000000
vt 1.000000 0.000000
vt 1.000000 1.000000
vt 0.000000 1.000000
vt 0.000000 0.000000
vt 1.000000 0.000000
vt 1.000000 1.000000
vt 0.000000 1.000000
vt 0.500000 0.500000
vt 0.000000 0.000000
vt 1.000000 0.000000
vt 0.000000 0.000000
vt 1.000000 0.000000
vt 0.000000 0.000000
vt 1.000000 0.000000
vt 0.000000 0.000000
vt 1.000000 0.000000
vt 0.000000 0.000000
vt 1.000000 0.000000
vt 0.000000 0.000000
vt 1.000000 0.000000
vt 0.000000 0.000000
vt 1.000000 0.000000
vt 0.000000 0.000000
vt 1.000000 0.000000
vt 0.500000 0.500000
vt 0.000000 0.000000
vt 1.000000 0.000000
vt 0.000000 0.000000
vt 1.000000 0.000000
vt 0.000000 0.000000
vt 1.000000 0.000000
vt 0.000000 0.000000
vt 1.000000 0.000000
vt 0.000000 0.000000
vt 1.000000 0.000000
vt 0.000000 0.000000
vt 1.000000 0.000000
vt 0.000000 0.000000
vt 1.000000 0.000000
vt 0.000000 0.000000
vt 1.000000 0.000000
vt 0.000000 0.000000
vt 1.000000 0.000000
vt 1.000000 1.000000
vt 0.000000 1.000000
vt 0.000000 0.000000
vt 1.000000 0.000000
vt 1.000000 1.000000
vt 0.000000 1.000000
vt 0.000000 0.000000
vt 1.000000 0.000000
vt 1.000000 1.000000
vt 0.000000 1.000000
vt 0.000000 0.000000
vt 1.000000 0.000000
vt 1.000000 1.000000
vt 0.000000 1.000000
vt 0.000000 0.000000
vt 1.000000 0.000000
vt 1.000000 1.000000
vt 0.000000 1.000000
vt 0.000000 0.000000
vt 1.000000 0.000000
vt 1.000000 1.000000
vt 0.000000 1.000000
vt 0.000000 0.000000
vt 1.000000 0.000000
vt 1.000000 1.000000
vt 0.000000 1.000000
vt 0.000000 0.000000
vt 1.000000 0.000000
vt 1.000000 1.000000
vt 0.000000 1.000000
vt 0.500000 0.500000
vt 0.000000 0.000000
vt 1.000000 0.000000
vt 0.000000 0.000000
vt 1.000000 0.000000
vt 0.000000 0.000000
vt 1.000000 0.000000
vt 0.000000 0.000000
vt 1.000000 0.000000
vt 0.000000 0.000000
vt 1.000000 0.000000
vt 0.000000 0.000000
vt 1.000000 0.000000
vt 0.000000 0.000000
vt 1.000000 0.000000
vt 0.000000 0.000000
vt 1.000000 0.000000
vt 0.500000 0.500000
vt 0.000000 0.000000
vt 1.000000 0.000000
vt 0.000000 0.000000
vt 1.000000 0.000000
vt 0.000000 0.000000
vt 1.000000 0.000000
vt 0.000000 0.000000
vt 1.000000 0.000000
vt 0.000000 0.000000
vt 1.000000 0.000000
vt 0.000000 0.000000
vt 1.000000 0.000000
vt 0.000000 0.000000
vt 1.000000 0.000000
vt 0.000000 0.000000
vt 1.000000 0.000000
vt 0.000000 0.000000
vt 1.000000 0.000000
vt 1.000000 1.000000
vt 0.000000 1.000000
vt 0.000000 0.000000
vt 1.000000 0.000000
vt 1.000000 1.000000
vt 0.000000 1.000000
vt 0.000000 0.000000
vt 1.000000 0.000000
vt 1.000000 1.000000
vt 0.000000 1.000000
vt 0.000000 0.000000
vt 1.000000 0.000000
vt 1.000000 1.000000
vt 0.000000 1.000000
vt 0.000000 0.000000
vt 1.000000 0.000000
vt 1.000000 1.000000
vt 0.000000 1.000000
vt 0.000000 0.000000
vt 1.000000 0.000000
vt 1.000000 1.000000
vt 0.000000 1.000000
vt 0.000000 0.000000
vt 1.000000 0.000000
vt 1.000000 1.000000
vt 0.000000 1.000000
vt 0.000000 0.000000
vt 1.000000 0.000000
vt 1.000000 1.000000
vt 0.000000 1.000000
vt 0.500000 0.500000
vt 0.000000 0.000000
vt 1.000000 0.000000
vt 0.000000 0.000000
vt 1.000000 0.000000
vt 0.000000 0.000000
vt 1.000000 0.000000
vt 0.000000 0.000000
vt 1.000000 0.000000
vt 0.000000 0.000000
vt 1.000000 0.000000
vt 0.000000 0.000000
vt 1.000000 0.000000
vt 0.000000 0.000000
vt 1.000000 0.000000
vt 0.000000 0.000000
vt 1.000000 0.000000
vt 0.500000 0.500000
vt 0.000000 0.000000
vt 1.000000 0.000000
vt 0.000000 0.000000
vt 1.000000 0.000000
vt 0.000000 0.000000
vt 1.000000 0.000000
vt 0.000000 0.000000
vt 1.000000 0.000000
vt 0.000000 0.000000
vt 1.000000 0.000000
vt 0.000000 0.000000
vt 1.000000 0.000000
vt 0.000000 0.000000
vt 1.000000 0.000000
vt 0.000000 0.000000
vt 1.000000 0.000000
vt 0.000000 0.000000
vt 1.000000 0.000000
vt 1.000000 1.000000
vt 0.000000 1.000000
vt 0.000000 0.000000
vt 1.000000 0.000000
vt 1.000000 1.000000
vt 0.000000 1.000000
vt 0.000000 0.000000
vt 1.000000 0.000000
vt 1.000000 1.000000
vt 0.000000 1.000000
vt 0.000000 0.000000
vt 1.000000 0.000000
vt 1.000000 1.000000
vt 0.000000 1.000000
vt 0.000000 0.000000
vt 1.000000 0.000000
vt 1.000000 1.000000
vt 0.000000 1.000000
vt 0.000000 0.000000
vt 1.000000 0.000000
vt 1.000000 1.000000
vt 0.000000 1.000000
vt 0.000000 0.000000
vt 1.000000 0.000000
vt 1.000000 1.000000
vt 0.000000 1.000000
vt 0.000000 0.000000
vt 1.000000 0.000000
vt 1.000000 1.000000
vt 0.000000 1.000000
vt 0.000000 0.000000
vt 1.000000 0.000000
vt 1.000000 1.000000
vt 0.000000 1.000000
vt 0.000000 0.000000
vt 1.000000 0.000000
vt 1.000000 1.000000
vt 0.000000 1.000000
vt 0.000000 0.000000
vt 1.000000 0.000000
vt 1.000000 1.000000
vt 0.000000 1.000000
vt 0.000000 0.000000
vt 1.000000 0.000000
vt 1.000000 1.000000
vt 0.000000 1.000000
vt 0.000000 0.000000
vt 1.000000 0.000000
vt 1.000000 1.000000
vt 0.000000 1.000000
vt 0.000000 0.000000
vt 1.000000 0.000000
vt 1.000000 1.000000
vt 0.000000 1.000000
vt 0.000000 0.000000
vt 1.000000 0.000000
vt 1.000000 1.000000
vt 0.000000 1.000000
vt 0.000000 0.000000
vt 1.000000 0.000000
vt 1.000000 1.000000
vt 0.000000 1.000000
vt 0.000000 0.000000
vt 1.000000 0.000000
vt 1.000000 1.000000
vt 0.000000 1.000000
vt 0.000000 0.000000
vt 1.000000 0.000000
vt 1.000000 1.000000
vt 0.000000 1.000000
vt 0.000000 0.000000
vt 1.000000 0.000000
vt 1.000000 1.000000
vt 0.000000 1.000000
vt 0.000000 0.000000
vt 1.000000 0.000000
vt 1.000000 1.000000
vt 0.000000 1.000000
vt 0.000000 0.000000
vt 1.000000 0.000000
vt 1.000000 1.000000
vt 0.000000 1.000000
vt 0.000000 0.000000
vt 1.000000 0.000000
vt 1.000000 1.000000
vt 0.000000 1.000000
vt 0.000000 0.000000
vt 1.000000 0.000000
vt 1.000000 1.000000
vt 0.000000 1.000000
vt 0.000000 0.000000
vt 1.000000 0.000000
vt 1.000000 1.000000
vt 0.000000 1.000000
vt 0.000000 0.000000
vt 1.000000 0.000000
vt 1.000000 1.000000
vt 0.000000 1.000000
vt 0.000000 0.000000
vt 1.000000 0.000000
vt 1.000000 1.000000
vt 0.000000 1.000000
vt 0.000000 0.000000
vt 1.000000 0.000000
vt 1.000000 1.000000
vt 0.000000 1.000000
vt 0.000000 0.000000
vt 1.000000 0.000000
vt 1.000000 1.000000
vt 0.000000 1.000000
vt 0.000000 0.000000
vt 1.000000 0.000000
vt 1.000000 1.000000
vt 0.000000 1.000000
vt 0.000000 0.000000
vt 1.000000 0.000000
vt 1.000000 1.000000
vt 0.000000 1.000000
vt 0.000000 0.000000
vt 1.000000 0.000000
vt 1.000000 1.000000
vt 0.000000 1.000000
vt 0.000000 0.000000
vt 1.000000 0.000000
vt 1.000000 1.000000
vt 0.000000 1.000000
vt 0.000000 0.000000
vt 1.000000 0.000000
vt 1.000000 1.000000
vt 0.000000 1.000000
vt 0.000000 0.000000
vt 1.000000 0.000000
vt 1.000000 1.000000
vt 0.000000 1.000000
vt 0.000000 0.000000
vt 1.000000 0.000000
vt 1.000000 1.000000
vt 0.000000 1.000000
vt 0.000000 0.000000
vt 1.000000 0.000000
vt 1.000000 1.000000
vt 0.000000 1.000000
vt 0.000000 0.000000
vt 1.000000 0.000000
vt 1.000000 1.000000
vt 0.000000 1.000000
vt 0.000000 0.000000
vt 1.000000 0.000000
vt 1.000000 1.000000
vt 0.000000 1.000000
vt 0.000000 0.000000
vt 1.000000 0.000000
vt 1.000000 1.000000
vt 0.000000 1.000000
vt 0.000000 0.000000
vt 1.000000 0.000000
vt 1.000000 1.000000
vt 0.000000 1.000000
vt 0.000000 0.000000
vt 1.000000 0.000000
vt 1.000000 1.000000
vt 0.000000 1.000000
vt 0.000000 0.000000
vt 1.000000 0.000000
vt 1.000000 1.000000
vt 0.000000 1.000000
vt 0.000000 0.000000
vt 1.000000 0.000000
vt 1.000000 1.000000
vt 0.000000 1.000000
vt 0.000000 0.000000
vt 1.000000 0.000000
vt 1.000000 1.000000
vt 0.000000 1.000000
vt 0.000000 0.000000
vt 1.000000 0.000000
vt 1.000000 1.000000
vt 0.000000 1.000000
vt 0.000000 0.000000
vt 1.000000 0.000000
vt 1.000000 1.000000
vt 0.000000 1.000000
vt 0.000000 0.000000
vt 1.000000 0.000000
vt 1.000000 1.000000
vt 0.000000 1.000000
vt 0.000000 0.000000
vt 1.000000 0.000000
vt 1.000000 1.000000
vt 0.000000 1.000000
vt 0.000000 0.000000
vt 1.000000 0.000000
vt 1.000000 1.000000
vt 0.000000 1.000000
vt 0.000000 0.000000
vt 1.000000 0.000000
vt 1.000000 1.000000
vt 0.000000 1.000000
vt 0.000000 0.000000
vt 1.000000 0.000000
vt 1.000000 1.000000
vt 0.000000 1.000000
vt 0.000000 0.000000
vt 1.000000 0.000000
vt 1.000000 1.000000
vt 0.000000 1.000000
vt 0.000000 0.000000
vt 1.000000 0.000000
vt 1.000000 1.000000
vt 0.000000 1.000000
vt 0.000000 0.000000
vt 1.000000 0.000000
vt 1.000000 1.000000
vt 0.000000 1.000000
vt 0.000000 0.000000
vt 1.000000 0.000000
vt 1.000000 1.000000
vt 0.000000 1.000000
vt 0.000000 0.000000
vt 1.000000 0.000000
vt 1.000000 1.000000
vt 0.000000 1.000000
vt 0.000000 0.000000
vt 1.000000 0.000000
vt 1.000000 1.000000
vt 0.000000 1.000000
vt 0.000000 0.000000
vt 1.000000 0.000000
vt 1.000000 1.000000
vt 0.000000 1.000000
vt 0.000000 0.000000
vt 1.000000 0.000000
vt 1.000000 1.000000
vt 0.000000 1.000000
vt 0.000000 0.000000
vt 1.000000 0.000000
vt 1.000000 1.000000
vt 0.000000 1.000000
vt 0.000000 0.000000
vt 1.000000 0.000000
vt 1.000000 1.000000
vt 0.000000 1.000000
vt 0.000000 0.000000
vt 1.000000 0.000000
vt 1.000000 1.000000
vt 0.000000 1.000000
vt 0.000000 0.000000
vt 1.000000 0.000000
vt 1.000000 1.000000
vt 0.000000 1.000000
vt 0.000000 0.000000
vt 1.000000 0.000000
vt 1.000000 1.000000
vt 0.000000 1.000000
vt 0.000000 0.000000
vt 1.000000 0.000000
vt 1.000000 1.000000
vt 0.000000 1.000000
vt 0.000000 0.000000
vt 1.000000 0.000000
vt 1.000000 1.000000
vt 0.000000 1.000000
vt 0.000000 0.000000
vt 1.000000 0.000000
vt 1.000000 1.000000
vt 0.000000 1.000000
vt 0.000000 0.000000
vt 1.000000 0.000000
vt 1.000000 1.000000
vt 0.000000 1.000000
vt 0.000000 0.000000
vt 1.000000 0.000000
vt 1.000000 1.000000
vt 0.000000 1.000000
vt 0.000000 0.000000
vt 1.000000 0.000000
vt 1.000000 1.000000
vt 0.000000 1.000000
vt 0.000000 0.000000
vt 1.000000 0.000000
vt 1.000000 1.000000
vt 0.000000 1.000000
vt 0.000000 0.000000
vt 1.000000 0.000000
vt 1.000000 1.000000
vt 0.000000 1.000000
vt 0.000000 0.000000
vt 1.000000 0.000000
vt 1.000000 1.000000
vt 0.000000 1.000000
vt 0.000000 0.000000
vt 1.000000 0.000000
vt 1.000000 1.000000
vt 0.000000 1.000000
vt 0.000000 0.000000
vt 1.000000 0.000000
vt 1.000000 1.000000
vt 0.000000 1.000000
vt 0.000000 0.000000
vt 1.000000 0.000000
vt 1.000000 1.000000
vt 0.000000 1.000000
vt 0.000000 0.000000
vt 1.000000 0.000000
vt 1.000000 1.000000
vt 0.000000 1.000000
vt 0.000000 0.000000
vt 1.000000 0.000000
vt 1.000000 1.000000
vt 0.000000 1.000000
vt 0.000000 0.000000
vt 1.000000 0.000000
vt 1.000000 1.000000
vt 0.000000 1.000000
vt 0.000000 0.000000
vt 1.000000 0.000000
vt 1.000000 1.000000
vt 0.000000 1.000000
vt 0.000000 0.000000
vt 1.000000 0.000000
vt 1.000000 1.000000
vt 0.000000 1.000000
vt 0.000000 0.000000
vt 1.000000 0.000000
vt 1.000000 1.000000
vt 0.000000 1.000000
vt 0.000000 0.000000
vt 1.000000 0.000000
vt 1.000000 1.000000
vt 0.000000 1.000000
vt 0.000000 0.000000
vt 1.000000 0.000000
vt 1.000000 1.000000
vt 0.000000 1.000000
vt 0.000000 0.000000
vt 1.000000 0.000000
vt 1.000000 1.000000
vt 0.000000 1.000000
vt 0.000000 0.000000
vt 1.000000 0.000000
vt 1.000000 1.000000
vt 0.000000 1.000000
vt 0.000000 0.000000
vt 1.000000 0.000000
vt 1.000000 1.000000
vt 0.000000 1.000000
vt 0.000000 0.000000
vt 1.000000 0.000000
vt 1.000000 1.000000
vt 0.000000 1.000000
vt 0.000000 0.000000
vt 1.000000 0.000000
vt 1.000000 1.000000
vt 0.000000 1.000000
vt 0.000000 0.000000
vt 1.000000 0.000000
vt 1.000000 1.000000
vt 0.000000 1.000000
vt 0.000000 0.000000
vt 1.000000 0.000000
vt 1.000000 1.000000
vt 0.000000 1.000000
vt 0.000000 0.000000
vt 1.000000 0.000000
vt 1.000000 1.000000
vt 0.000000 1.000000
vt 0.000000 0.000000
vt 1.000000 0.000000
vt 1.000000 1.000000
vt 0.000000 1.000000
vt 0.000000 0.000000
vt 1.000000 0.000000
vt 1.000000 1.000000
vt 0.000000 1.000000
vt 0.000000 0.000000
vt 1.000000 0.000000
vt 1.000000 1.000000
vt 0.000000 1.000000
vt 0.000000 0.000000
vt 1.000000 0.000000
vt 1.000000 1.000000
vt 0.000000 1.000000
vt 0.000000 0.000000
vt 1.000000 0.000000
vt 1.000000 1.000000
vt 0.000000 1.000000
vt 0.000000 0.000000
vt 1.000000 0.000000
vt 1.000000 1.000000
vt 0.000000 1.000000
vt 0.000000 0.000000
vt 1.000000 0.000000
vt 1.000000 1.000000
vt 0.000000 1.000000
vt 0.000000 0.000000
vt 1.000000 0.000000
vt 1.000000 1.000000
vt 0.000000 1.000000
vt 0.000000 0.000000
vt 1.000000 0.000000
vt 1.000000 1.000000
vt 0.000000 1.000000
vt 0.000000 0.000000
vt 1.000000 0.000000
vt 1.000000 1.000000
vt 0.000000 1.000000
vt 0.000000 0.000000
vt 1.000000 0.000000
vt 1.000000 1.000000
vt 0.000000 1.000000
vt 0.000000 0.000000
vt 1.000000 0.000000
vt 1.000000 1.000000
vt 0.000000 1.000000
vt 0.000000 0.000000
vt 1.000000 0.000000
vt 1.000000 1.000000
vt 0.000000 1.000000
vt 0.000000 0.000000
vt 1.000000 0.000000
vt 1.000000 1.000000
vt 0.000000 1.000000
vt 0.000000 0.000000
vt 1.000000 0.000000
vt 1.000000 1.000000
vt 0.000000 1.000000
vt 0.000000 0.000000
vt 1.000000 0.000000
vt 1.000000 1.000000
vt 0.000000 1.000000
vt 0.000000 0.000000
vt 1.000000 0.000000
vt 1.000000 1.000000
vt 0.000000 1.000000
vt 0.000000 0.000000
vt 1.000000 0.000000
vt 1.000000 1.000000
vt 0.000000 1.000000
vt 0.000000 0.000000
vt 1.000000 0.000000
vt 1.000000 1.000000
vt 0.000000 1.000000
vt 0.000000 0.000000
vt 1.000000 0.000000
vt 1.000000 1.000000
vt 0.000000 1.000000
vt 0.000000 0.000000
vt 1.000000 0.000000
vt 1.000000 1.000000
vt 0.000000 1.000000
vt 0.000000 0.000000
vt 1.000000 0.000000
vt 1.000000 1.000000
vt 0.000000 1.000000
vt 0.000000 0.000000
vt 1.000000 0.000000
vt 1.000000 1.000000
vt 0.000000 1.000000
vt 0.000000 0.000000
vt 1.000000 0.000000
vt 1.000000 1.000000
vt 0.000000 1.000000
vt 0.000000 0.000000
vt 1.000000 0.000000
vt 1.000000 1.000000
vt 0.000000 1.000000
vt 0.000000 0.000000
vt 1.000000 0.000000
vt 1.000000 1.000000
vt 0.000000 1.000000
vt 0.000000 0.000000
vt 1.000000 0.000000
vt 1.000000 1.000000
vt 0.000000 1.000000
vt 0.000000 0.000000
vt 1.000000 0.000000
vt 1.000000 1.000000
vt 0.000000 1.000000
vt 0.000000 0.000000
vt 1.000000 0.000000
vt 1.000000 1.000000
vt 0.000000 1.000000
vt 0.000000 0.000000
vt 1.000000 0.000000
vt 1.000000 1.000000
vt 0.000000 1.000000
vt 0.000000 0.000000
vt 1.000000 0.000000
vt 1.000000 1.000000
vt 0.000000 1.000000
vt 0.000000 0.000000
vt 1.000000 0.000000
vt 1.000000 1.000000
vt 0.000000 1.000000
vt 0.000000 0.000000
vt 1.000000 0.000000
vt 1.000000 1.000000
vt 0.000000 1.000000
vt 0.000000 0.000000
vt 1.000000 0.000000
vt 1.000000 1.000000
vt 0.000000 1.000000
vt 0.000000 0.000000
vt 1.000000 0.000000
vt 1.000000 1.000000
vt 0.000000 1.000000
vt 0.000000 0.000000
vt 1.000000 0.000000
vt 1.000000 1.000000
vt 0.000000 1.000000
vt 0.000000 0.000000
vt 1.000000 0.000000
vt 1.000000 1.000000
vt 0.000000 1.000000
vt 0.000000 0.000000
vt 1.000000 0.000000
vt 1.000000 1.000000
vt 0.000000 1.000000
vt 0.500000 0.500000
vt 0.000000 0.000000
vt 1.000000 0.000000
vt 0.500000 0.500000
vt 0.000000 1.000000
vt 1.000000 1.000000
vt 0.500000 0.500000
vt 0.000000 0.000000
vt 1.000000 0.000000
vt 0.500000 0.500000
vt 0.000000 1.000000
vt 1.000000 1.000000
vt 0.500000 0.500000
vt 0.000000 0.000000
vt 1.000000 0.000000
vt 0.500000 0.500000
vt 0.000000 1.000000
vt 1.000000 1.000000
vt 0.500000 0.500000
vt 0.000000 0.000000
vt 1.000000 0.000000
vt 0.500000 0.500000
vt 0.000000 1.000000
vt 1.000000 1.000000
vt 0.500000 0.500000
vt 0.000000 0.000000
vt 1.000000 0.000000
vt 0.500000 0.500000
vt 0.000000 1.000000
vt 1.000000 1.000000
vt 0.500000 0.500000
vt 0.000000 0.000000
vt 1.000000 0.000000
vt 0.500000 0.500000
vt 0.000000 1.000000
vt 1.000000 1.000000
vt 0.500000 0.500000
vt 0.000000 0.000000
vt 1.000000 0.000000
vt 0.500000 0.500000
vt 0.000000 1.000000
vt 1.000000 1.000000
vt 0.500000 0.500000
vt 0.000000 0.000000
vt 1.000000 0.000000
vt 0.500000 0.500000
vt 0.000000 1.000000
vt 1.000000 1.000000
vt 0.500000 0.500000
vt 0.000000 0.000000
vt 1.000000 0.000000
vt 0.500000 0.500000
vt 0.000000 1.000000
vt 1.000000 1.000000
vt 0.500000 0.500000
vt 0.000000 0.000000
vt 1.000000 0.000000
vt 0.500000 0.500000
vt 0.000000 1.000000
vt 1.000000 1.000000
vt 0.000000 0.000000
vt 1.000000 0.000000
vt 1.000000 1.000000
vt 0.000000 1.000000
vt 0.000000 0.000000
vt 1.000000 0.000000
vt 1.000000 1.000000
vt 0.000000 1.000000
vt 0.000000 0.000000
vt 1.000000 0.000000
vt 1.000000 1.000000
vt 0.000000 1.000000
vt 0.000000 0.000000
vt 1.000000 0.000000
vt 1.000000 1.000000
vt 0.000000 1.000000
vt 0.000000 0.000000
vt 1.000000 0.000000
vt 1.000000 1.000000
vt 0.000000 1.000000
vt 0.000000 0.000000
vt 1.000000 0.000000
vt 1.000000 1.000000
vt 0.000000 1.000000
vt 0.000000 0.000000
vt 1.000000 0.000000
vt 1.000000 1.000000
vt 0.000000 1.000000
vt 0.000000 0.000000
vt 1.000000 0.000000
vt 1.000000 1.000000
vt 0.000000 1.000000
vt 0.000000 0.000000
vt 1.000000 0.000000
vt 1.000000 1.000000
vt 0.000000 1.000000
vt 0.000000 0.000000
vt 1.000000 0.000000
vt 1.000000 1.000000
vt 0.000000 1.000000
vt 0.500000 0.500000
vt 0.000000 0.000000
vt 1.000000 0.000000
vt 0.500000 0.500000
vt 0.000000 1.000000
vt 1.000000 1.000000
vt 0.500000 0.500000
vt 0.000000 0.000000
vt 1.000000 0.000000
vt 0.500000 0.500000
vt 0.000000 1.000000
vt 1.000000 1.000000
vt 0.500000 0.500000
vt 0.000000 0.000000
vt 1.000000 0.000000
vt 0.500000 0.500000
vt 0.000000 1.000000
vt 1.000000 1.000000
vt 0.500000 0.500000
vt 0.000000 0.000000
vt 1.000000 0.000000
vt 0.500000 0.500000
vt 0.000000 1.000000
vt 1.000000 1.000000
vt 0.500000 0.500000
vt 0.000000 0.000000
vt 1.000000 0.000000
vt 0.500000 0.500000
vt 0.000000 1.000000
vt 1.000000 1.000000
vt 0.500000 0.500000
vt 0.000000 0.000000
vt 1.000000 0.000000
vt 0.500000 0.500000
vt 0.000000 1.000000
vt 1.000000 1.000000
vt 0.500000 0.500000
vt 0.000000 0.000000
vt 1.000000 0.000000
vt 0.500000 0.500000
vt 0.000000 1.000000
vt 1.000000 1.000000
vt 0.500000 0.500000
vt 0.000000 0.000000
vt 1.000000 0.000000
vt 0.500000 0.500000
vt 0.000000 1.000000
vt 1.000000 1.000000
vt 0.500000 0.500000
vt 0.000000 0.000000
vt 1.000000 0.000000
vt 0.500000 0.500000
vt 0.000000 1.000000
vt 1.000000 1.000000
vt 0.500000 0.500000
vt 0.000000 0.000000
vt 1.000000 0.000000
vt 0.500000 0.500000
vt 0.000000 1.000000
vt 1.000000 1.000000
vt 0.000000 0.000000
vt 1.000000 0.000000
vt 1.000000 1.000000
vt 0.000000 1.000000
vt 0.000000 0.000000
vt 1.000000 0.000000
vt 1.000000 1.000000
vt 0.000000 1.000000
vt 0.000000 0.000000
vt 1.000000 0.000000
vt 1.000000 1.000000
vt 0.000000 1.000000
vt 0.000000 0.000000
vt 1.000000 0.000000
vt 1.000000 1.000000
vt 0.000000 1.000000
vt 0.000000 0.000000
vt 1.000000 0.000000
vt 1.000000 1.000000
vt 0.000000 1.000000
vt 0.000000 0.000000
vt 1.000000 0.000000
vt 1.000000 1.000000
vt 0.000000 1.000000
vt 0.000000 0.000000
vt 1.000000 0.000000
vt 1.000000 1.000000
vt 0.000000 1.000000
vt 0.000000 0.000000
vt 1.000000 0.000000
vt 1.000000 1.000000
vt 0.000000 1.000000
vt 0.000000 0.000000
vt 1.000000 0.000000
vt 1.000000 1.000000
vt 0.000000 1.000000
vt 0.000000 0.000000
vt 1.000000 0.000000
vt 1.000000 1.000000
vt 0.000000 1.000000
vt 0.000000 0.000000
vt 1.000000 0.000000
vt 1.000000 1.000000
vt 0.000000 1.000000
vt 0.000000 0.000000
vt 1.000000 0.000000
vt 1.000000 1.000000
vt 0.000000 1.000000
vt 0.000000 0.000000
vt 1.000000 0.000000
vt 1.000000 1.000000
vt 0.000000 1.000000
vt 0.000000 0.000000
vt 1.000000 0.000000
vt 1.000000 1.000000
vt 0.000000 1.000000
vt 0.000000 0.000000
vt 1.000000 0.000000
vt 1.000000 1.000000
vt 0.000000 1.000000
vt 0.000000 0.000000
vt 1.000000 0.000000
vt 1.000000 1.000000
vt 0.000000 1.000000
vt 0.000000 0.000000
vt 1.000000 0.000000
vt 1.000000 1.000000
vt 0.000000 1.000000
vt 0.000000 0.000000
vt 1.000000 0.000000
vt 1.000000 1.000000
vt 0.000000 1.000000
vt 0.000000 0.000000
vt 1.000000 0.000000
vt 1.000000 1.000000
vt 0.000000 1.000000
vt 0.000000 0.000000
vt 1.000000 0.000000
vt 1.000000 1.000000
vt 0.000000 1.000000
vt 0.000000 0.000000
vt 1.000000 0.000000
vt 1.000000 1.000000
vt 0.000000 1.000000
vt 0.000000 0.000000
vt 1.000000 0.000000
vt 1.000000 1.000000
vt 0.000000 1.000000
vt 0.000000 0.000000
vt 1.000000 0.000000
vt 1.000000 1.000000
vt 0.000000 1.000000
vt 0.000000 0.000000
vt 1.000000 0.000000
vt 1.000000 1.000000
vt 0.000000 1.000000
vt 0.000000 0.000000
vt 1.000000 0.000000
vt 1.000000 1.000000
vt 0.000000 1.000000
vt 0.000000 0.000000
vt 1.000000 0.000000
vt 1.000000 1.000000
vt 0.000000 1.000000
vt 0.000000 0.000000
vt 1.000000 0.000000
vt 1.000000 1.000000
vt 0.000000 1.000000
vt 0.000000 0.000000
vt 1.000000 0.000000
vt 1.000000 1.000000
vt 0.000000 1.000000
vt 0.000000 0.000000
vt 1.000000 0.000000
vt 1.000000 1.000000
vt 0.000000 1.000000
vt 0.000000 0.000000
vt 1.000000 0.000000
vt 1.000000 1.000000
vt 0.000000 1.000000
vt 0.000000 0.000000
vt 1.000000 0.000000
vt 1.000000 1.000000
vt 0.000000 1.000000
vt 0.000000 0.000000
vt 1.000000 0.000000
vt 1.000000 1.000000
vt 0.000000 1.000000
vt 0.000000 0.000000
vt 1.000000 0.000000
vt 1.000000 1.000000
vt 0.000000 1.000000
vt 0.000000 0.000000
vt 1.000000 0.000000
vt 1.000000 1.000000
vt 0.000000 1.000000
vt 0.000000 0.000000
vt 1.000000 0.000000
vt 1.000000 1.000000
vt 0.000000 1.000000
vt 0.000000 0.000000
vt 1.000000 0.000000
vt 1.000000 1.000000
vt 0.000000 1.000000
vt 0.000000 0.000000
vt 1.000000 0.000000
vt 1.000000 1.000000
vt 0.000000 1.000000
vt 0.000000 0.000000
vt 1.000000 0.000000
vt 1.000000 1.000000
vt 0.000000 1.000000
vt 0.000000 0.000000
vt 1.000000 0.000000
vt 1.000000 1.000000
vt 0.000000 1.000000
vt 0.000000 0.000000
vt 1.000000 0.000000
vt 1.000000 1.000000
vt 0.000000 1.000000
vt 0.000000 0.000000
vt 1.000000 0.000000
vt 1.000000 1.000000
vt 0.000000 1.000000
vt 0.000000 0.000000
vt 1.000000 0.000000
vt 1.000000 1.000000
vt 0.000000 1.000000
usemtl Char
f 1/1 2/2 3/3
f 1/1 3/3 4/4
f 5/5 6/6 7/7
f 5/5 7/7 8/8
f 9/9 10/10 11/11
f 9/9 11/11 12/12
f 13/13 14/14 15/15
f 13/13 15/15 16/16
f 17/17 18/18 19/19
f 17/17 19/19 20/20
f 21/21 22/22 23/23
f 21/21 23/23 24/24
usemtl Metal
f 25/25 26/26 27/27
f 25/25 27/27 28/28
f 29/29 30/30 31/31
f 29/29 31/31 32/32
f 33/33 34/34 35/35
f 33/33 35/35 36/36
f 37/37 38/38 39/39
f 37/37 39/39 40/40
f 41/41 42/42 43/43
f 41/41 43/43 44/44
f 45/45 46/46 47/47
f 45/45 47/47 48/48
usemtl Char
f 49/49 50/50 51/51
f 49/49 51/51 52/52
f 53/53 54/54 55/55
f 53/53 55/55 56/56
f 57/57 58/58 59/59
f 57/57 59/59 60/60
f 61/61 62/62 63/63
f 61/61 63/63 64/64
f 65/65 66/66 67/67
f 65/65 67/67 68/68
f 69/69 70/70 71/71
f 69/69 71/71 72/72
usemtl Rope
f 73/73 74/74 75/75
f 73/73 75/75 76/76
f 77/77 78/78 79/79
f 77/77 79/79 80/80
f 81/81 82/82 83/83
f 81/81 83/83 84/84
f 85/85 86/86 87/87
f 85/85 87/87 88/88
f 89/89 90/90 91/91
f 89/89 91/91 92/92
f 93/93 94/94 95/95
f 93/93 95/95 96/96
usemtl Char
f 97/97 98/98 99/99
f 97/97 99/99 100/100
f 101/101 102/102 103/103
f 101/101 103/103 104/104
f 105/105 106/106 107/107
f 105/105 107/107 108/108
f 109/109 110/110 111/111
f 109/109 111/111 112/112
f 113/113 114/114 115/115
f 113/113 115/115 116/116
f 117/117 118/118 119/119
f 117/117 119/119 120/120
f 121/121 122/122 123/123
f 121/121 123/123 124/124
f 125/125 126/126 127/127
f 125/125 127/127 128/128
f 129/129 130/130 131/131
f 129/129 131/131 132/132
f 133/133 134/134 135/135
f 133/133 135/135 136/136
f 137/137 138/138 139/139
f 137/137 139/139 140/140
f 141/141 142/142 143/143
f 141/141 143/143 144/144
usemtl Rope
f 145/145 146/146 147/147
f 145/145 147/147 148/148
f 149/149 150/150 151/151
f 149/149 151/151 152/152
f 153/153 154/154 155/155
f 153/153 155/155 156/156
f 157/157 158/158 159/159
f 157/157 159/159 160/160
f 161/161 162/162 163/163
f 161/161 163/163 164/164
f 165/165 166/166 167/167
f 165/165 167/167 168/168
usemtl Char
f 169/169 170/170 171/171
f 169/169 171/171 172/172
f 173/173 174/174 175/175
f 173/173 175/175 176/176
f 177/177 178/178 179/179
f 177/177 179/179 180/180
f 181/181 182/182 183/183
f 181/181 183/183 184/184
f 185/185 186/186 187/187
f 185/185 187/187 188/188
f 189/189 190/190 191/191
f 189/189 191/191 192/192
f 193/193 194/194 195/195
f 193/193 195/195 196/196
f 197/197 198/198 199/199
f 197/197 199/199 200/200
f 201/201 202/202 203/203
f 201/201 203/203 204/204
f 205/205 206/206 207/207
f 205/205 207/207 208/208
f 209/209 210/210 211/211
f 209/209 211/211 212/212
f 213/213 214/214 215/215
f 213/213 215/215 216/216
f 217/217 218/218 219/219
f 217/217 219/219 220/220
f 221/221 222/222 223/223
f 221/221 223/223 224/224
f 225/225 226/226 227/227
f 225/225 227/227 228/228
f 229/229 230/230 231/231
f 229/229 231/231 232/232
f 233/233 234/234 235/235
f 233/233 235/235 236/236
f 237/237 238/238 239/239
f 237/237 239/239 240/240
f 241/241 242/242 243/243
f 241/241 243/243 244/244
f 245/245 246/246 247/247
f 245/245 247/247 248/248
f 249/249 250/250 251/251
f 249/249 251/251 252/252
f 253/253 254/254 255/255
f 253/253 255/255 256/256
f 257/257 258/258 259/259
f 257/257 259/259 260/260
f 261/261 262/262 263/263
f 261/261 263/263 264/264
f 265/265 266/266 267/267
f 265/265 267/267 268/268
f 269/269 270/270 271/271
f 269/269 271/271 272/272
f 273/273 274/274 275/275
f 273/273 275/275 276/276
f 277/277 278/278 279/279
f 277/277 279/279 280/280
f 281/281 282/282 283/283
f 281/281 283/283 284/284
f 285/285 286/286 287/287
f 285/285 287/287 288/288
f 289/289 290/290 291/291
f 289/289 291/291 292/292
f 293/293 294/294 295/295
f 293/293 295/295 296/296
f 297/297 299/299 298/298
f 297/297 301/301 300/300
f 297/297 303/303 302/302
f 297/297 305/305 304/304
f 297/297 307/307 306/306
f 297/297 309/309 308/308
f 297/297 311/311 310/310
f 297/297 313/313 312/312
f 297/297 315/315 314/314
f 297/297 317/317 316/316
f 297/297 319/319 318/318
f 297/297 321/321 320/320
f 297/297 323/323 322/322
f 297/297 325/325 324/324
f 297/297 327/327 326/326
f 297/297 329/329 328/328
f 297/297 331/331 330/330
f 297/297 333/333 332/332
f 297/297 335/335 334/334
f 297/297 337/337 336/336
f 338/338 339/339 340/340
f 338/338 341/341 342/342
f 338/338 343/343 344/344
f 338/338 345/345 346/346
f 338/338 347/347 348/348
f 338/338 349/349 350/350
f 338/338 351/351 352/352
f 338/338 353/353 354/354
f 338/338 355/355 356/356
f 338/338 357/357 358/358
f 338/338 359/359 360/360
f 338/338 361/361 362/362
f 338/338 363/363 364/364
f 338/338 365/365 366/366
f 338/338 367/367 368/368
f 338/338 369/369 370/370
f 338/338 371/371 372/372
f 338/338 373/373 374/374
f 338/338 375/375 376/376
f 338/338 377/377 378/378
usemtl Metal
f 379/379 380/380 381/381
f 379/379 381/381 382/382
f 383/383 384/384 385/385
f 383/383 385/385 386/386
f 387/387 388/388 389/389
f 387/387 389/389 390/390
f 391/391 392/392 393/393
f 391/391 393/393 394/394
f 395/395 396/396 397/397
f 395/395 397/397 398/398
f 399/399 400/400 401/401
f 399/399 401/401 402/402
f 403/403 404/404 405/405
f 403/403 405/405 406/406
f 407/407 408/408 409/409
f 407/407 409/409 410/410
f 411/411 412/412 413/413
f 411/411 413/413 414/414
f 415/415 416/416 417/417
f 415/415 417/417 418/418
f 419/419 420/420 421/421
f 419/419 421/421 422/422
f 423/423 424/424 425/425
f 423/423 425/425 426/426
f 427/427 428/428 429/429
f 427/427 429/429 430/430
f 431/431 432/432 433/433
f 431/431 433/433 434/434
f 435/435 436/436 437/437
f 435/435 437/437 438/438
f 439/439 440/440 441/441
f 439/439 441/441 442/442
f 443/443 444/444 445/445
f 443/443 445/445 446/446
f 447/447 448/448 449/449
f 447/447 449/449 450/450
f 451/451 452/452 453/453
f 451/451 453/453 454/454
f 455/455 456/456 457/457
f 455/455 457/457 458/458
f 459/459 460/460 461/461
f 459/459 461/461 462/462
f 463/463 464/464 465/465
f 463/463 465/465 466/466
f 467/467 468/468 469/469
f 467/467 469/469 470/470
f 471/471 472/472 473/473
f 471/471 473/473 474/474
f 475/475 476/476 477/477
f 475/475 477/477 478/478
f 479/479 480/480 481/481
f 479/479 481/481 482/482
f 483/483 484/484 485/485
f 483/483 485/485 486/486
f 487/487 488/488 489/489
f 487/487 489/489 490/490
f 491/491 492/492 493/493
f 491/491 493/493 494/494
f 495/495 496/496 497/497
f 495/495 497/497 498/498
f 499/499 500/500 501/501
f 499/499 501/501 502/502
f 503/503 504/504 505/505
f 503/503 505/505 506/506
f 507/507 508/508 509/509
f 507/507 509/509 510/510
f 511/511 512/512 513/513
f 511/511 513/513 514/514
f 515/515 516/516 517/517
f 515/515 517/517 518/518
f 519/519 520/520 521/521
f 519/519 521/521 522/522
f 523/523 524/524 525/525
f 523/523 525/525 526/526
f 527/527 528/528 529/529
f 527/527 529/529 530/530
f 531/531 532/532 533/533
f 531/531 533/533 534/534
f 535/535 536/536 537/537
f 535/535 537/537 538/538
f 539/539 540/540 541/541
f 539/539 541/541 542/542
f 543/543 544/544 545/545
f 543/543 545/545 546/546
f 547/547 548/548 549/549
f 547/547 549/549 550/550
f 551/551 552/552 553/553
f 551/551 553/553 554/554
f 555/555 556/556 557/557
f 555/555 557/557 558/558
f 559/559 560/560 561/561
f 559/559 561/561 562/562
f 563/563 564/564 565/565
f 563/563 565/565 566/566
f 567/567 568/568 569/569
f 567/567 569/569 570/570
f 571/571 572/572 573/573
f 571/571 573/573 574/574
f 575/575 576/576 577/577
f 575/575 577/577 578/578
f 579/579 580/580 581/581
f 579/579 581/581 582/582
f 583/583 584/584 585/585
f 583/583 585/585 586/586
f 587/587 588/588 589/589
f 587/587 589/589 590/590
f 591/591 592/592 593/593
f 591/591 593/593 594/594
f 595/595 596/596 597/597
f 595/595 597/597 598/598
f 599/599 600/600 601/601
f 599/599 601/601 602/602
f 603/603 604/604 605/605
f 603/603 605/605 606/606
f 607/607 608/608 609/609
f 607/607 609/609 610/610
f 611/611 612/612 613/613
f 611/611 613/613 614/614
f 615/615 616/616 617/617
f 615/615 617/617 618/618
f 619/619 620/620 621/621
f 619/619 621/621 622/622
f 623/623 624/624 625/625
f 623/623 625/625 626/626
f 627/627 628/628 629/629
f 627/627 629/629 630/630
f 631/631 632/632 633/633
f 631/631 633/633 634/634
f 635/635 636/636 637/637
f 635/635 637/637 638/638
f 639/639 640/640 641/641
f 639/639 641/641 642/642
f 643/643 644/644 645/645
f 643/643 645/645 646/646
f 647/647 648/648 649/649
f 647/647 649/649 650/650
f 651/651 652/652 653/653
f 651/651 653/653 654/654
f 655/655 656/656 657/657
f 655/655 657/657 658/658
f 659/659 660/660 661/661
f 659/659 661/661 662/662
f 663/663 664/664 665/665
f 663/663 665/665 666/666
f 667/667 668/668 669/669
f 667/667 669/669 670/670
f 671/671 672/672 673/673
f 671/671 673/673 674/674
f 675/675 676/676 677/677
f 675/675 677/677 678/678
f 679/679 680/680 681/681
f 679/679 681/681 682/682
f 683/683 684/684 685/685
f 683/683 685/685 686/686
f 687/687 688/688 689/689
f 687/687 689/689 690/690
f 691/691 692/692 693/693
f 691/691 693/693 694/694
f 695/695 696/696 697/697
f 695/695 697/697 698/698
f 699/699 700/700 701/701
f 699/699 701/701 702/702
f 703/703 704/704 705/705
f 703/703 705/705 706/706
f 707/707 708/708 709/709
f 707/707 709/709 710/710
f 711/711 712/712 713/713
f 711/711 713/713 714/714
f 715/715 716/716 717/717
f 715/715 717/717 718/718
f 719/719 720/720 721/721
f 719/719 721/721 722/722
f 723/723 724/724 725/725
f 723/723 725/725 726/726
f 727/727 728/728 729/729
f 727/727 729/729 730/730
f 731/731 732/732 733/733
f 731/731 733/733 734/734
f 735/735 736/736 737/737
f 735/735 737/737 738/738
f 739/739 740/740 741/741
f 739/739 741/741 742/742
f 743/743 744/744 745/745
f 743/743 745/745 746/746
f 747/747 748/748 749/749
f 747/747 749/749 750/750
f 751/751 752/752 753/753
f 751/751 753/753 754/754
f 755/755 756/756 757/757
f 755/755 757/757 758/758
f 759/759 760/760 761/761
f 759/759 761/761 762/762
f 763/763 764/764 765/765
f 763/763 765/765 766/766
f 767/767 768/768 769/769
f 767/767 769/769 770/770
f 771/771 772/772 773/773
f 771/771 773/773 774/774
f 775/775 776/776 777/777
f 775/775 777/777 778/778
f 779/779 780/780 781/781
f 779/779 781/781 782/782
f 783/783 784/784 785/785
f 783/783 785/785 786/786
f 787/787 788/788 789/789
f 787/787 789/789 790/790
f 791/791 792/792 793/793
f 791/791 793/793 794/794
f 795/795 796/796 797/797
f 795/795 797/797 798/798
f 799/799 800/800 801/801
f 799/799 801/801 802/802
f 803/803 804/804 805/805
f 803/803 805/805 806/806
f 807/807 808/808 809/809
f 807/807 809/809 810/810
f 811/811 812/812 813/813
f 811/811 813/813 814/814
f 815/815 816/816 817/817
f 815/815 817/817 818/818
f 819/819 820/820 821/821
f 819/819 821/821 822/822
f 823/823 824/824 825/825
f 823/823 825/825 826/826
f 827/827 828/828 829/829
f 827/827 829/829 830/830
f 831/831 832/832 833/833
f 831/831 833/833 834/834
f 835/835 836/836 837/837
f 835/835 837/837 838/838
f 839/839 840/840 841/841
f 839/839 841/841 842/842
f 843/843 844/844 845/845
f 843/843 845/845 846/846
f 847/847 848/848 849/849
f 847/847 849/849 850/850
f 851/851 852/852 853/853
f 851/851 853/853 854/854
f 855/855 856/856 857/857
f 855/855 857/857 858/858
f 859/859 860/860 861/861
f 859/859 861/861 862/862
f 863/863 864/864 865/865
f 863/863 865/865 866/866
f 867/867 868/868 869/869
f 867/867 869/869 870/870
f 871/871 872/872 873/873
f 871/871 873/873 874/874
f 875/875 876/876 877/877
f 875/875 877/877 878/878
f 879/879 880/880 881/881
f 879/879 881/881 882/882
f 883/883 884/884 885/885
f 883/883 885/885 886/886
f 887/887 888/888 889/889
f 887/887 889/889 890/890
f 891/891 892/892 893/893
f 891/891 893/893 894/894
f 895/895 896/896 897/897
f 895/895 897/897 898/898
f 899/899 900/900 901/901
f 899/899 901/901 902/902
f 903/903 904/904 905/905
f 903/903 905/905 906/906
f 907/907 908/908 909/909
f 907/907 909/909 910/910
f 911/911 912/912 913/913
f 911/911 913/913 914/914
f 915/915 916/916 917/917
f 915/915 917/917 918/918
f 919/919 920/920 921/921
f 919/919 921/921 922/922
f 923/923 924/924 925/925
f 923/923 925/925 926/926
f 927/927 928/928 929/929
f 927/927 929/929 930/930
f 931/931 932/932 933/933
f 931/931 933/933 934/934
f 935/935 936/936 937/937
f 935/935 937/937 938/938
f 939/939 940/940 941/941
f 939/939 941/941 942/942
f 943/943 944/944 945/945
f 943/943 945/945 946/946
f 947/947 948/948 949/949
f 947/947 949/949 950/950
f 951/951 952/952 953/953
f 951/951 953/953 954/954
f 955/955 956/956 957/957
f 955/955 957/957 958/958
f 959/959 960/960 961/961
f 959/959 961/961 962/962
f 963/963 964/964 965/965
f 963/963 965/965 966/966
f 967/967 968/968 969/969
f 967/967 969/969 970/970
f 971/971 972/972 973/973
f 971/971 973/973 974/974
f 975/975 976/976 977/977
f 975/975 977/977 978/978
f 979/979 980/980 981/981
f 979/979 981/981 982/982
f 983/983 984/984 985/985
f 983/983 985/985 986/986
f 987/987 988/988 989/989
f 987/987 989/989 990/990
f 991/991 992/992 993/993
f 991/991 993/993 994/994
f 995/995 996/996 997/997
f 995/995 997/997 998/998
f 999/999 1000/1000 1001/1001
f 999/999 1001/1001 1002/1002
f 1003/1003 1004/1004 1005/1005
f 1003/1003 1005/1005 1006/1006
f 1007/1007 1008/1008 1009/1009
f 1007/1007 1009/1009 1010/1010
f 1011/1011 1012/1012 1013/1013
f 1011/1011 1013/1013 1014/1014
f 1015/1015 1016/1016 1017/1017
f 1015/1015 1017/1017 1018/1018
f 1019/1019 1020/1020 1021/1021
f 1019/1019 1021/1021 1022/1022
f 1023/1023 1024/1024 1025/1025
f 1023/1023 1025/1025 1026/1026
f 1027/1027 1028/1028 1029/1029
f 1027/1027 1029/1029 1030/1030
f 1031/1031 1032/1032 1033/1033
f 1031/1031 1033/1033 1034/1034
f 1035/1035 1036/1036 1037/1037
f 1035/1035 1037/1037 1038/1038
f 1039/1039 1040/1040 1041/1041
f 1039/1039 1041/1041 1042/1042
f 1043/1043 1044/1044 1045/1045
f 1043/1043 1045/1045 1046/1046
f 1047/1047 1048/1048 1049/1049
f 1047/1047 1049/1049 1050/1050
f 1051/1051 1052/1052 1053/1053
f 1051/1051 1053/1053 1054/1054
f 1055/1055 1056/1056 1057/1057
f 1055/1055 1057/1057 1058/1058
f 1059/1059 1060/1060 1061/1061
f 1059/1059 1061/1061 1062/1062
f 1063/1063 1064/1064 1065/1065
f 1063/1063 1065/1065 1066/1066
f 1067/1067 1068/1068 1069/1069
f 1067/1067 1069/1069 1070/1070
f 1071/1071 1072/1072 1073/1073
f 1071/1071 1073/1073 1074/1074
f 1075/1075 1076/1076 1077/1077
f 1075/1075 1077/1077 1078/1078
f 1079/1079 1080/1080 1081/1081
f 1079/1079 1081/1081 1082/1082
usemtl Cloth
f 1083/1083 1084/1084 1085/1085
f 1083/1083 1085/1085 1086/1086
f 1087/1087 1088/1088 1089/1089
f 1087/1087 1089/1089 1090/1090
f 1091/1091 1092/1092 1093/1093
f 1091/1091 1093/1093 1094/1094
f 1095/1095 1096/1096 1097/1097
f 1095/1095 1097/1097 1098/1098
f 1099/1099 1100/1100 1101/1101
f 1099/1099 1101/1101 1102/1102
f 1103/1103 1104/1104 1105/1105
f 1103/1103 1105/1105 1106/1106
usemtl Char
f 1107/1107 1108/1108 1109/1109
f 1107/1107 1109/1109 1110/1110
f 1111/1111 1112/1112 1113/1113
f 1111/1111 1113/1113 1114/1114
f 1115/1115 1116/1116 1117/1117
f 1115/1115 1117/1117 1118/1118
f 1119/1119 1120/1120 1121/1121
f 1119/1119 1121/1121 1122/1122
f 1123/1123 1124/1124 1125/1125
f 1123/1123 1125/1125 1126/1126
f 1127/1127 1128/1128 1129/1129
f 1127/1127 1129/1129 1130/1130
usemtl Metal
f 1131/1131 1132/1132 1133/1133
f 1131/1131 1133/1133 1134/1134
f 1135/1135 1136/1136 1137/1137
f 1135/1135 1137/1137 1138/1138
f 1139/1139 1140/1140 1141/1141
f 1139/1139 1141/1141 1142/1142
f 1143/1143 1144/1144 1145/1145
f 1143/1143 1145/1145 1146/1146
f 1147/1147 1148/1148 1149/1149
f 1147/1147 1149/1149 1150/1150
f 1151/1151 1152/1152 1153/1153
f 1151/1151 1153/1153 1154/1154
f 1155/1155 1156/1156 1157/1157
f 1155/1155 1157/1157 1158/1158
f 1159/1159 1160/1160 1161/1161
f 1159/1159 1161/1161 1162/1162
f 1163/1163 1164/1164 1165/1165
f 1163/1163 1165/1165 1166/1166
f 1167/1167 1168/1168 1169/1169
f 1167/1167 1169/1169 1170/1170
f 1171/1171 1172/1172 1173/1173
f 1171/1171 1173/1173 1174/1174
f 1175/1175 1176/1176 1177/1177
f 1175/1175 1177/1177 1178/1178
f 1179/1179 1180/1180 1181/1181
f 1179/1179 1181/1181 1182/1182
f 1183/1183 1184/1184 1185/1185
f 1183/1183 1185/1185 1186/1186
f 1187/1187 1188/1188 1189/1189
f 1187/1187 1189/1189 1190/1190
f 1191/1191 1192/1192 1193/1193
f 1191/1191 1193/1193 1194/1194
f 1195/1195 1197/1197 1196/1196
f 1195/1195 1199/1199 1198/1198
f 1195/1195 1201/1201 1200/1200
f 1195/1195 1203/1203 1202/1202
f 1195/1195 1205/1205 1204/1204
f 1195/1195 1207/1207 1206/1206
f 1195/1195 1209/1209 1208/1208
f 1195/1195 1211/1211 1210/1210
f 1195/1195 1213/1213 1212/1212
f 1195/1195 1215/1215 1214/1214
f 1195/1195 1217/1217 1216/1216
f 1195/1195 1219/1219 1218/1218
f 1195/1195 1221/1221 1220/1220
f 1195/1195 1223/1223 1222/1222
f 1195/1195 1225/1225 1224/1224
f 1195/1195 1227/1227 1226/1226
f 1228/1228 1229/1229 1230/1230
f 1228/1228 1231/1231 1232/1232
f 1228/1228 1233/1233 1234/1234
f 1228/1228 1235/1235 1236/1236
f 1228/1228 1237/1237 1238/1238
f 1228/1228 1239/1239 1240/1240
f 1228/1228 1241/1241 1242/1242
f 1228/1228 1243/1243 1244/1244
f 1228/1228 1245/1245 1246/1246
f 1228/1228 1247/1247 1248/1248
f 1228/1228 1249/1249 1250/1250
f 1228/1228 1251/1251 1252/1252
f 1228/1228 1253/1253 1254/1254
f 1228/1228 1255/1255 1256/1256
f 1228/1228 1257/1257 1258/1258
f 1228/1228 1259/1259 1260/1260
usemtl Char
f 1261/1261 1262/1262 1263/1263
f 1261/1261 1263/1263 1264/1264
f 1265/1265 1266/1266 1267/1267
f 1265/1265 1267/1267 1268/1268
f 1269/1269 1270/1270 1271/1271
f 1269/1269 1271/1271 1272/1272
f 1273/1273 1274/1274 1275/1275
f 1273/1273 1275/1275 1276/1276
f 1277/1277 1278/1278 1279/1279
f 1277/1277 1279/1279 1280/1280
f 1281/1281 1282/1282 1283/1283
f 1281/1281 1283/1283 1284/1284
usemtl Metal
f 1285/1285 1286/1286 1287/1287
f 1285/1285 1287/1287 1288/1288
f 1289/1289 1290/1290 1291/1291
f 1289/1289 1291/1291 1292/1292
f 1293/1293 1294/1294 1295/1295
f 1293/1293 1295/1295 1296/1296
f 1297/1297 1298/1298 1299/1299
f 1297/1297 1299/1299 1300/1300
f 1301/1301 1302/1302 1303/1303
f 1301/1301 1303/1303 1304/1304
f 1305/1305 1306/1306 1307/1307
f 1305/1305 1307/1307 1308/1308
f 1309/1309 1310/1310 1311/1311
f 1309/1309 1311/1311 1312/1312
f 1313/1313 1314/1314 1315/1315
f 1313/1313 1315/1315 1316/1316
f 1317/1317 1318/1318 1319/1319
f 1317/1317 1319/1319 1320/1320
f 1321/1321 1322/1322 1323/1323
f 1321/1321 1323/1323 1324/1324
f 1325/1325 1326/1326 1327/1327
f 1325/1325 1327/1327 1328/1328
f 1329/1329 1330/1330 1331/1331
f 1329/1329 1331/1331 1332/1332
f 1333/1333 1334/1334 1335/1335
f 1333/1333 1335/1335 1336/1336
f 1337/1337 1338/1338 1339/1339
f 1337/1337 1339/1339 1340/1340
f 1341/1341 1342/1342 1343/1343
f 1341/1341 1343/1343 1344/1344
f 1345/1345 1346/1346 1347/1347
f 1345/1345 1347/1347 1348/1348
f 1349/1349 1351/1351 1350/1350
f 1349/1349 1353/1353 1352/1352
f 1349/1349 1355/1355 1354/1354
f 1349/1349 1357/1357 1356/1356
f 1349/1349 1359/1359 1358/1358
f 1349/1349 1361/1361 1360/1360
f 1349/1349 1363/1363 1362/1362
f 1349/1349 1365/1365 1364/1364
f 1349/1349 1367/1367 1366/1366
f 1349/1349 1369/1369 1368/1368
f 1349/1349 1371/1371 1370/1370
f 1349/1349 1373/1373 1372/1372
f 1349/1349 1375/1375 1374/1374
f 1349/1349 1377/1377 1376/1376
f 1349/1349 1379/1379 1378/1378
f 1349/1349 1381/1381 1380/1380
f 1382/1382 1383/1383 1384/1384
f 1382/1382 1385/1385 1386/1386
f 1382/1382 1387/1387 1388/1388
f 1382/1382 1389/1389 1390/1390
f 1382/1382 1391/1391 1392/1392
f 1382/1382 1393/1393 1394/1394
f 1382/1382 1395/1395 1396/1396
f 1382/1382 1397/1397 1398/1398
f 1382/1382 1399/1399 1400/1400
f 1382/1382 1401/1401 1402/1402
f 1382/1382 1403/1403 1404/1404
f 1382/1382 1405/1405 1406/1406
f 1382/1382 1407/1407 1408/1408
f 1382/1382 1409/1409 1410/1410
f 1382/1382 1411/1411 1412/1412
f 1382/1382 1413/1413 1414/1414
usemtl Char
f 1415/1415 1416/1416 1417/1417
f 1415/1415 1417/1417 1418/1418
f 1419/1419 1420/1420 1421/1421
f 1419/1419 1421/1421 1422/1422
f 1423/1423 1424/1424 1425/1425
f 1423/1423 1425/1425 1426/1426
f 1427/1427 1428/1428 1429/1429
f 1427/1427 1429/1429 1430/1430
f 1431/1431 1432/1432 1433/1433
f 1431/1431 1433/1433 1434/1434
f 1435/1435 1436/1436 1437/1437
f 1435/1435 1437/1437 1438/1438
usemtl Metal
f 1439/1439 1440/1440 1441/1441
f 1439/1439 1441/1441 1442/1442
f 1443/1443 1444/1444 1445/1445
f 1443/1443 1445/1445 1446/1446
f 1447/1447 1448/1448 1449/1449
f 1447/1447 1449/1449 1450/1450
f 1451/1451 1452/1452 1453/1453
f 1451/1451 1453/1453 1454/1454
f 1455/1455 1456/1456 1457/1457
f 1455/1455 1457/1457 1458/1458
f 1459/1459 1460/1460 1461/1461
f 1459/1459 1461/1461 1462/1462
f 1463/1463 1464/1464 1465/1465
f 1463/1463 1465/1465 1466/1466
f 1467/1467 1468/1468 1469/1469
f 1467/1467 1469/1469 1470/1470
f 1471/1471 1473/1473 1472/1472
f 1471/1471 1475/1475 1474/1474
f 1471/1471 1477/1477 1476/1476
f 1471/1471 1479/1479 1478/1478
f 1471/1471 1481/1481 1480/1480
f 1471/1471 1483/1483 1482/1482
f 1471/1471 1485/1485 1484/1484
f 1471/1471 1487/1487 1486/1486
f 1488/1488 1489/1489 1490/1490
f 1488/1488 1491/1491 1492/1492
f 1488/1488 1493/1493 1494/1494
f 1488/1488 1495/1495 1496/1496
f 1488/1488 1497/1497 1498/1498
f 1488/1488 1499/1499 1500/1500
f 1488/1488 1501/1501 1502/1502
f 1488/1488 1503/1503 1504/1504
f 1505/1505 1506/1506 1507/1507
f 1505/1505 1507/1507 1508/1508
f 1509/1509 1510/1510 1511/1511
f 1509/1509 1511/1511 1512/1512
f 1513/1513 1514/1514 1515/1515
f 1513/1513 1515/1515 1516/1516
f 1517/1517 1518/1518 1519/1519
f 1517/1517 1519/1519 1520/1520
f 1521/1521 1522/1522 1523/1523
f 1521/1521 1523/1523 1524/1524
f 1525/1525 1526/1526 1527/1527
f 1525/1525 1527/1527 1528/1528
f 1529/1529 1530/1530 1531/1531
f 1529/1529 1531/1531 1532/1532
f 1533/1533 1534/1534 1535/1535
f 1533/1533 1535/1535 1536/1536
f 1537/1537 1539/1539 1538/1538
f 1537/1537 1541/1541 1540/1540
f 1537/1537 1543/1543 1542/1542
f 1537/1537 1545/1545 1544/1544
f 1537/1537 1547/1547 1546/1546
f 1537/1537 1549/1549 1548/1548
f 1537/1537 1551/1551 1550/1550
f 1537/1537 1553/1553 1552/1552
f 1554/1554 1555/1555 1556/1556
f 1554/1554 1557/1557 1558/1558
f 1554/1554 1559/1559 1560/1560
f 1554/1554 1561/1561 1562/1562
f 1554/1554 1563/1563 1564/1564
f 1554/1554 1565/1565 1566/1566
f 1554/1554 1567/1567 1568/1568
f 1554/1554 1569/1569 1570/1570
f 1571/1571 1572/1572 1573/1573
f 1571/1571 1573/1573 1574/1574
f 1575/1575 1576/1576 1577/1577
f 1575/1575 1577/1577 1578/1578
f 1579/1579 1580/1580 1581/1581
f 1579/1579 1581/1581 1582/1582
f 1583/1583 1584/1584 1585/1585
f 1583/1583 1585/1585 1586/1586
f 1587/1587 1588/1588 1589/1589
f 1587/1587 1589/1589 1590/1590
f 1591/1591 1592/1592 1593/1593
f 1591/1591 1593/1593 1594/1594
f 1595/1595 1596/1596 1597/1597
f 1595/1595 1597/1597 1598/1598
f 1599/1599 1600/1600 1601/1601
f 1599/1599 1601/1601 1602/1602
f 1603/1603 1605/1605 1604/1604
f 1603/1603 1607/1607 1606/1606
f 1603/1603 1609/1609 1608/1608
f 1603/1603 1611/1611 1610/1610
f 1603/1603 1613/1613 1612/1612
f 1603/1603 1615/1615 1614/1614
f 1603/1603 1617/1617 1616/1616
f 1603/1603 1619/1619 1618/1618
f 1620/1620 1621/1621 1622/1622
f 1620/1620 1623/1623 1624/1624
f 1620/1620 1625/1625 1626/1626
f 1620/1620 1627/1627 1628/1628
f 1620/1620 1629/1629 1630/1630
f 1620/1620 1631/1631 1632/1632
f 1620/1620 1633/1633 1634/1634
f 1620/1620 1635/1635 1636/1636
usemtl Rope
f 1637/1637 1638/1638 1639/1639
f 1637/1637 1639/1639 1640/1640
f 1641/1641 1642/1642 1643/1643
f 1641/1641 1643/1643 1644/1644
f 1645/1645 1646/1646 1647/1647
f 1645/1645 1647/1647 1648/1648
f 1649/1649 1650/1650 1651/1651
f 1649/1649 1651/1651 1652/1652
f 1653/1653 1654/1654 1655/1655
f 1653/1653 1655/1655 1656/1656
f 1657/1657 1658/1658 1659/1659
f 1657/1657 1659/1659 1660/1660
f 1661/1661 1662/1662 1663/1663
f 1661/1661 1663/1663 1664/1664
f 1665/1665 1666/1666 1667/1667
f 1665/1665 1667/1667 1668/1668
f 1669/1669 1670/1670 1671/1671
f 1669/1669 1671/1671 1672/1672
f 1673/1673 1674/1674 1675/1675
f 1673/1673 1675/1675 1676/1676
f 1677/1677 1678/1678 1679/1679
f 1677/1677 1679/1679 1680/1680
f 1681/1681 1682/1682 1683/1683
f 1681/1681 1683/1683 1684/1684
f 1685/1685 1686/1686 1687/1687
f 1685/1685 1687/1687 1688/1688
f 1689/1689 1690/1690 1691/1691
f 1689/1689 1691/1691 1692/1692
f 1693/1693 1694/1694 1695/1695
f 1693/1693 1695/1695 1696/1696
f 1697/1697 1698/1698 1699/1699
f 1697/1697 1699/1699 1700/1700
f 1701/1701 1702/1702 1703/1703
f 1701/1701 1703/1703 1704/1704
f 1705/1705 1706/1706 1707/1707
f 1705/1705 1707/1707 1708/1708
f 1709/1709 1710/1710 1711/1711
f 1709/1709 1711/1711 1712/1712
f 1713/1713 1714/1714 1715/1715
f 1713/1713 1715/1715 1716/1716
f 1717/1717 1718/1718 1719/1719
f 1717/1717 1719/1719 1720/1720
f 1721/1721 1722/1722 1723/1723
f 1721/1721 1723/1723 1724/1724
f 1725/1725 1726/1726 1727/1727
f 1725/1725 1727/1727 1728/1728
f 1729/1729 1730/1730 1731/1731
f 1729/1729 1731/1731 1732/1732
f 1733/1733 1734/1734 1735/1735
f 1733/1733 1735/1735 1736/1736
f 1737/1737 1738/1738 1739/1739
f 1737/1737 1739/1739 1740/1740
f 1741/1741 1742/1742 1743/1743
f 1741/1741 1743/1743 1744/1744
f 1745/1745 1746/1746 1747/1747
f 1745/1745 1747/1747 1748/1748
f 1749/1749 1750/1750 1751/1751
f 1749/1749 1751/1751 1752/1752
f 1753/1753 1754/1754 1755/1755
f 1753/1753 1755/1755 1756/1756
f 1757/1757 1758/1758 1759/1759
f 1757/1757 1759/1759 1760/1760
f 1761/1761 1762/1762 1763/1763
f 1761/1761 1763/1763 1764/1764
f 1765/1765 1766/1766 1767/1767
f 1765/1765 1767/1767 1768/1768
f 1769/1769 1770/1770 1771/1771
f 1769/1769 1771/1771 1772/1772
f 1773/1773 1774/1774 1775/1775
f 1773/1773 1775/1775 1776/1776
f 1777/1777 1778/1778 1779/1779
f 1777/1777 1779/1779 1780/1780
f 1781/1781 1782/1782 1783/1783
f 1781/1781 1783/1783 1784/1784
f 1785/1785 1786/1786 1787/1787
f 1785/1785 1787/1787 1788/1788
f 1789/1789 1790/1790 1791/1791
f 1789/1789 1791/1791 1792/1792
f 1793/1793 1794/1794 1795/1795
f 1793/1793 1795/1795 1796/1796
f 1797/1797 1798/1798 1799/1799
f 1797/1797 1799/1799 1800/1800
f 1801/1801 1802/1802 1803/1803
f 1801/1801 1803/1803 1804/1804
f 1805/1805 1806/1806 1807/1807
f 1805/1805 1807/1807 1808/1808
f 1809/1809 1810/1810 1811/1811
f 1809/1809 1811/1811 1812/1812
f 1813/1813 1814/1814 1815/1815
f 1813/1813 1815/1815 1816/1816
f 1817/1817 1818/1818 1819/1819
f 1817/1817 1819/1819 1820/1820
f 1821/1821 1822/1822 1823/1823
f 1821/1821 1823/1823 1824/1824
f 1825/1825 1826/1826 1827/1827
f 1825/1825 1827/1827 1828/1828
f 1829/1829 1830/1830 1831/1831
f 1829/1829 1831/1831 1832/1832
f 1833/1833 1834/1834 1835/1835
f 1833/1833 1835/1835 1836/1836
f 1837/1837 1838/1838 1839/1839
f 1837/1837 1839/1839 1840/1840
f 1841/1841 1842/1842 1843/1843
f 1841/1841 1843/1843 1844/1844
f 1845/1845 1846/1846 1847/1847
f 1845/1845 1847/1847 1848/1848
f 1849/1849 1850/1850 1851/1851
f 1849/1849 1851/1851 1852/1852
f 1853/1853 1854/1854 1855/1855
f 1853/1853 1855/1855 1856/1856
f 1857/1857 1858/1858 1859/1859
f 1857/1857 1859/1859 1860/1860
f 1861/1861 1862/1862 1863/1863
f 1861/1861 1863/1863 1864/1864
f 1865/1865 1866/1866 1867/1867
f 1865/1865 1867/1867 1868/1868
f 1869/1869 1870/1870 1871/1871
f 1869/1869 1871/1871 1872/1872
f 1873/1873 1874/1874 1875/1875
f 1873/1873 1875/1875 1876/1876
f 1877/1877 1878/1878 1879/1879
f 1877/1877 1879/1879 1880/1880
f 1881/1881 1882/1882 1883/1883
f 1881/1881 1883/1883 1884/1884
f 1885/1885 1886/1886 1887/1887
f 1885/1885 1887/1887 1888/1888
f 1889/1889 1890/1890 1891/1891
f 1889/1889 1891/1891 1892/1892
usemtl Metal
f 1893/1893 1894/1894 1895/1895
f 1893/1893 1895/1895 1896/1896
f 1897/1897 1898/1898 1899/1899
f 1897/1897 1899/1899 1900/1900
f 1901/1901 1902/1902 1903/1903
f 1901/1901 1903/1903 1904/1904
f 1905/1905 1906/1906 1907/1907
f 1905/1905 1907/1907 1908/1908
f 1909/1909 1910/1910 1911/1911
f 1909/1909 1911/1911 1912/1912
f 1913/1913 1914/1914 1915/1915
f 1913/1913 1915/1915 1916/1916
f 1917/1917 1918/1918 1919/1919
f 1917/1917 1919/1919 1920/1920
f 1921/1921 1922/1922 1923/1923
f 1921/1921 1923/1923 1924/1924
f 1925/1925 1927/1927 1926/1926
f 1925/1925 1929/1929 1928/1928
f 1925/1925 1931/1931 1930/1930
f 1925/1925 1933/1933 1932/1932
f 1925/1925 1935/1935 1934/1934
f 1925/1925 1937/1937 1936/1936
f 1925/1925 1939/1939 1938/1938
f 1925/1925 1941/1941 1940/1940
f 1942/1942 1943/1943 1944/1944
f 1942/1942 1945/1945 1946/1946
f 1942/1942 1947/1947 1948/1948
f 1942/1942 1949/1949 1950/1950
f 1942/1942 1951/1951 1952/1952
f 1942/1942 1953/1953 1954/1954
f 1942/1942 1955/1955 1956/1956
f 1942/1942 1957/1957 1958/1958
f 1959/1959 1960/1960 1961/1961
f 1959/1959 1961/1961 1962/1962
f 1963/1963 1964/1964 1965/1965
f 1963/1963 1965/1965 1966/1966
f 1967/1967 1968/1968 1969/1969
f 1967/1967 1969/1969 1970/1970
f 1971/1971 1972/1972 1973/1973
f 1971/1971 1973/1973 1974/1974
f 1975/1975 1976/1976 1977/1977
f 1975/1975 1977/1977 1978/1978
f 1979/1979 1980/1980 1981/1981
f 1979/1979 1981/1981 1982/1982
f 1983/1983 1984/1984 1985/1985
f 1983/1983 1985/1985 1986/1986
f 1987/1987 1988/1988 1989/1989
f 1987/1987 1989/1989 1990/1990
f 1991/1991 1993/1993 1992/1992
f 1991/1991 1995/1995 1994/1994
f 1991/1991 1997/1997 1996/1996
f 1991/1991 1999/1999 1998/1998
f 1991/1991 2001/2001 2000/2000
f 1991/1991 2003/2003 2002/2002
f 1991/1991 2005/2005 2004/2004
f 1991/1991 2007/2007 2006/2006
f 2008/2008 2009/2009 2010/2010
f 2008/2008 2011/2011 2012/2012
f 2008/2008 2013/2013 2014/2014
f 2008/2008 2015/2015 2016/2016
f 2008/2008 2017/2017 2018/2018
f 2008/2008 2019/2019 2020/2020
f 2008/2008 2021/2021 2022/2022
f 2008/2008 2023/2023 2024/2024
f 2025/2025 2026/2026 2027/2027
f 2025/2025 2027/2027 2028/2028
f 2029/2029 2030/2030 2031/2031
f 2029/2029 2031/2031 2032/2032
f 2033/2033 2034/2034 2035/2035
f 2033/2033 2035/2035 2036/2036
f 2037/2037 2038/2038 2039/2039
f 2037/2037 2039/2039 2040/2040
f 2041/2041 2042/2042 2043/2043
f 2041/2041 2043/2043 2044/2044
f 2045/2045 2046/2046 2047/2047
f 2045/2045 2047/2047 2048/2048
f 2049/2049 2050/2050 2051/2051
f 2049/2049 2051/2051 2052/2052
f 2053/2053 2054/2054 2055/2055
f 2053/2053 2055/2055 2056/2056
f 2057/2057 2059/2059 2058/2058
f 2057/2057 2061/2061 2060/2060
f 2057/2057 2063/2063 2062/2062
f 2057/2057 2065/2065 2064/2064
f 2057/2057 2067/2067 2066/2066
f 2057/2057 2069/2069 2068/2068
f 2057/2057 2071/2071 2070/2070
f 2057/2057 2073/2073 2072/2072
f 2074/2074 2075/2075 2076/2076
f 2074/2074 2077/2077 2078/2078
f 2074/2074 2079/2079 2080/2080
f 2074/2074 2081/2081 2082/2082
f 2074/2074 2083/2083 2084/2084
f 2074/2074 2085/2085 2086/2086
f 2074/2074 2087/2087 2088/2088
f 2074/2074 2089/2089 2090/2090
f 2091/2091 2092/2092 2093/2093
f 2091/2091 2093/2093 2094/2094
f 2095/2095 2096/2096 2097/2097
f 2095/2095 2097/2097 2098/2098
f 2099/2099 2100/2100 2101/2101
f 2099/2099 2101/2101 2102/2102
f 2103/2103 2104/2104 2105/2105
f 2103/2103 2105/2105 2106/2106
f 2107/2107 2108/2108 2109/2109
f 2107/2107 2109/2109 2110/2110
f 2111/2111 2112/2112 2113/2113
f 2111/2111 2113/2113 2114/2114
f 2115/2115 2116/2116 2117/2117
f 2115/2115 2117/2117 2118/2118
f 2119/2119 2120/2120 2121/2121
f 2119/2119 2121/2121 2122/2122
f 2123/2123 2125/2125 2124/2124
f 2123/2123 2127/2127 2126/2126
f 2123/2123 2129/2129 2128/2128
f 2123/2123 2131/2131 2130/2130
f 2123/2123 2133/2133 2132/2132
f 2123/2123 2135/2135 2134/2134
f 2123/2123 2137/2137 2136/2136
f 2123/2123 2139/2139 2138/2138
f 2140/2140 2141/2141 2142/2142
f 2140/2140 2143/2143 2144/2144
f 2140/2140 2145/2145 2146/2146
f 2140/2140 2147/2147 2148/2148
f 2140/2140 2149/2149 2150/2150
f 2140/2140 2151/2151 2152/2152
f 2140/2140 2153/2153 2154/2154
f 2140/2140 2155/2155 2156/2156
f 2157/2157 2158/2158 2159/2159
f 2157/2157 2159/2159 2160/2160
f 2161/2161 2162/2162 2163/2163
f 2161/2161 2163/2163 2164/2164
f 2165/2165 2166/2166 2167/2167
f 2165/2165 2167/2167 2168/2168
f 2169/2169 2170/2170 2171/2171
f 2169/2169 2171/2171 2172/2172
f 2173/2173 2174/2174 2175/2175
f 2173/2173 2175/2175 2176/2176
f 2177/2177 2178/2178 2179/2179
f 2177/2177 2179/2179 2180/2180
f 2181/2181 2182/2182 2183/2183
f 2181/2181 2183/2183 2184/2184
f 2185/2185 2186/2186 2187/2187
f 2185/2185 2187/2187 2188/2188
f 2189/2189 2191/2191 2190/2190
f 2189/2189 2193/2193 2192/2192
f 2189/2189 2195/2195 2194/2194
f 2189/2189 2197/2197 2196/2196
f 2189/2189 2199/2199 2198/2198
f 2189/2189 2201/2201 2200/2200
f 2189/2189 2203/2203 2202/2202
f 2189/2189 2205/2205 2204/2204
f 2206/2206 2207/2207 2208/2208
f 2206/2206 2209/2209 2210/2210
f 2206/2206 2211/2211 2212/2212
f 2206/2206 2213/2213 2214/2214
f 2206/2206 2215/2215 2216/2216
f 2206/2206 2217/2217 2218/2218
f 2206/2206 2219/2219 2220/2220
f 2206/2206 2221/2221 2222/2222
usemtl Rope
f 2223/2223 2224/2224 2225/2225
f 2223/2223 2225/2225 2226/2226
f 2227/2227 2228/2228 2229/2229
f 2227/2227 2229/2229 2230/2230
f 2231/2231 2232/2232 2233/2233
f 2231/2231 2233/2233 2234/2234
f 2235/2235 2236/2236 2237/2237
f 2235/2235 2237/2237 2238/2238
f 2239/2239 2240/2240 2241/2241
f 2239/2239 2241/2241 2242/2242
f 2243/2243 2244/2244 2245/2245
f 2243/2243 2245/2245 2246/2246
f 2247/2247 2248/2248 2249/2249
f 2247/2247 2249/2249 2250/2250
f 2251/2251 2252/2252 2253/2253
f 2251/2251 2253/2253 2254/2254
f 2255/2255 2256/2256 2257/2257
f 2255/2255 2257/2257 2258/2258
f 2259/2259 2260/2260 2261/2261
f 2259/2259 2261/2261 2262/2262
f 2263/2263 2264/2264 2265/2265
f 2263/2263 2265/2265 2266/2266
f 2267/2267 2268/2268 2269/2269
f 2267/2267 2269/2269 2270/2270
f 2271/2271 2272/2272 2273/2273
f 2271/2271 2273/2273 2274/2274
f 2275/2275 2276/2276 2277/2277
f 2275/2275 2277/2277 2278/2278
f 2279/2279 2280/2280 2281/2281
f 2279/2279 2281/2281 2282/2282
f 2283/2283 2284/2284 2285/2285
f 2283/2283 2285/2285 2286/2286
f 2287/2287 2288/2288 2289/2289
f 2287/2287 2289/2289 2290/2290
f 2291/2291 2292/2292 2293/2293
f 2291/2291 2293/2293 2294/2294
f 2295/2295 2296/2296 2297/2297
f 2295/2295 2297/2297 2298/2298
f 2299/2299 2300/2300 2301/2301
f 2299/2299 2301/2301 2302/2302
f 2303/2303 2304/2304 2305/2305
f 2303/2303 2305/2305 2306/2306
f 2307/2307 2308/2308 2309/2309
f 2307/2307 2309/2309 2310/2310
f 2311/2311 2312/2312 2313/2313
f 2311/2311 2313/2313 2314/2314
f 2315/2315 2316/2316 2317/2317
f 2315/2315 2317/2317 2318/2318
f 2319/2319 2320/2320 2321/2321
f 2319/2319 2321/2321 2322/2322
f 2323/2323 2324/2324 2325/2325
f 2323/2323 2325/2325 2326/2326
f 2327/2327 2328/2328 2329/2329
f 2327/2327 2329/2329 2330/2330
f 2331/2331 2332/2332 2333/2333
f 2331/2331 2333/2333 2334/2334
f 2335/2335 2336/2336 2337/2337
f 2335/2335 2337/2337 2338/2338
f 2339/2339 2340/2340 2341/2341
f 2339/2339 2341/2341 2342/2342
f 2343/2343 2344/2344 2345/2345
f 2343/2343 2345/2345 2346/2346
f 2347/2347 2348/2348 2349/2349
f 2347/2347 2349/2349 2350/2350
f 2351/2351 2352/2352 2353/2353
f 2351/2351 2353/2353 2354/2354
f 2355/2355 2356/2356 2357/2357
f 2355/2355 2357/2357 2358/2358
f 2359/2359 2360/2360 2361/2361
f 2359/2359 2361/2361 2362/2362
f 2363/2363 2364/2364 2365/2365
f 2363/2363 2365/2365 2366/2366
f 2367/2367 2368/2368 2369/2369
f 2367/2367 2369/2369 2370/2370
f 2371/2371 2372/2372 2373/2373
f 2371/2371 2373/2373 2374/2374
f 2375/2375 2376/2376 2377/2377
f 2375/2375 2377/2377 2378/2378
f 2379/2379 2380/2380 2381/2381
f 2379/2379 2381/2381 2382/2382
f 2383/2383 2384/2384 2385/2385
f 2383/2383 2385/2385 2386/2386
f 2387/2387 2388/2388 2389/2389
f 2387/2387 2389/2389 2390/2390
f 2391/2391 2392/2392 2393/2393
f 2391/2391 2393/2393 2394/2394
f 2395/2395 2396/2396 2397/2397
f 2395/2395 2397/2397 2398/2398
f 2399/2399 2400/2400 2401/2401
f 2399/2399 2401/2401 2402/2402
f 2403/2403 2404/2404 2405/2405
f 2403/2403 2405/2405 2406/2406
f 2407/2407 2408/2408 2409/2409
f 2407/2407 2409/2409 2410/2410
f 2411/2411 2412/2412 2413/2413
f 2411/2411 2413/2413 2414/2414
f 2415/2415 2416/2416 2417/2417
f 2415/2415 2417/2417 2418/2418
f 2419/2419 2420/2420 2421/2421
f 2419/2419 2421/2421 2422/2422
f 2423/2423 2424/2424 2425/2425
f 2423/2423 2425/2425 2426/2426
f 2427/2427 2428/2428 2429/2429
f 2427/2427 2429/2429 2430/2430
f 2431/2431 2432/2432 2433/2433
f 2431/2431 2433/2433 2434/2434
f 2435/2435 2436/2436 2437/2437
f 2435/2435 2437/2437 2438/2438
f 2439/2439 2440/2440 2441/2441
f 2439/2439 2441/2441 2442/2442
f 2443/2443 2444/2444 2445/2445
f 2443/2443 2445/2445 2446/2446
f 2447/2447 2448/2448 2449/2449
f 2447/2447 2449/2449 2450/2450
f 2451/2451 2452/2452 2453/2453
f 2451/2451 2453/2453 2454/2454
f 2455/2455 2456/2456 2457/2457
f 2455/2455 2457/2457 2458/2458
f 2459/2459 2460/2460 2461/2461
f 2459/2459 2461/2461 2462/2462
f 2463/2463 2464/2464 2465/2465
f 2463/2463 2465/2465 2466/2466
f 2467/2467 2468/2468 2469/2469
f 2467/2467 2469/2469 2470/2470
f 2471/2471 2472/2472 2473/2473
f 2471/2471 2473/2473 2474/2474
f 2475/2475 2476/2476 2477/2477
f 2475/2475 2477/2477 2478/2478
f 2479/2479 2480/2480 2481/2481
f 2479/2479 2481/2481 2482/2482
f 2483/2483 2484/2484 2485/2485
f 2483/2483 2485/2485 2486/2486
f 2487/2487 2488/2488 2489/2489
f 2487/2487 2489/2489 2490/2490
f 2491/2491 2492/2492 2493/2493
f 2491/2491 2493/2493 2494/2494
f 2495/2495 2496/2496 2497/2497
f 2495/2495 2497/2497 2498/2498
f 2499/2499 2500/2500 2501/2501
f 2499/2499 2501/2501 2502/2502
f 2503/2503 2504/2504 2505/2505
f 2503/2503 2505/2505 2506/2506
f 2507/2507 2508/2508 2509/2509
f 2507/2507 2509/2509 2510/2510
f 2511/2511 2512/2512 2513/2513
f 2511/2511 2513/2513 2514/2514
f 2515/2515 2516/2516 2517/2517
f 2515/2515 2517/2517 2518/2518
f 2519/2519 2520/2520 2521/2521
f 2519/2519 2521/2521 2522/2522
f 2523/2523 2524/2524 2525/2525
f 2523/2523 2525/2525 2526/2526
f 2527/2527 2528/2528 2529/2529
f 2527/2527 2529/2529 2530/2530
f 2531/2531 2532/2532 2533/2533
f 2531/2531 2533/2533 2534/2534
f 2535/2535 2536/2536 2537/2537
f 2535/2535 2537/2537 2538/2538
f 2539/2539 2540/2540 2541/2541
f 2539/2539 2541/2541 2542/2542
f 2543/2543 2544/2544 2545/2545
f 2543/2543 2545/2545 2546/2546
f 2547/2547 2548/2548 2549/2549
f 2547/2547 2549/2549 2550/2550
f 2551/2551 2552/2552 2553/2553
f 2551/2551 2553/2553 2554/2554
f 2555/2555 2556/2556 2557/2557
f 2555/2555 2557/2557 2558/2558
f 2559/2559 2560/2560 2561/2561
f 2559/2559 2561/2561 2562/2562
f 2563/2563 2564/2564 2565/2565
f 2563/2563 2565/2565 2566/2566
f 2567/2567 2568/2568 2569/2569
f 2567/2567 2569/2569 2570/2570
f 2571/2571 2572/2572 2573/2573
f 2571/2571 2573/2573 2574/2574
f 2575/2575 2576/2576 2577/2577
f 2575/2575 2577/2577 2578/2578
f 2579/2579 2580/2580 2581/2581
f 2579/2579 2581/2581 2582/2582
f 2583/2583 2584/2584 2585/2585
f 2583/2583 2585/2585 2586/2586
f 2587/2587 2588/2588 2589/2589
f 2587/2587 2589/2589 2590/2590
f 2591/2591 2592/2592 2593/2593
f 2591/2591 2593/2593 2594/2594
f 2595/2595 2596/2596 2597/2597
f 2595/2595 2597/2597 2598/2598
f 2599/2599 2600/2600 2601/2601
f 2599/2599 2601/2601 2602/2602
f 2603/2603 2604/2604 2605/2605
f 2603/2603 2605/2605 2606/2606
f 2607/2607 2608/2608 2609/2609
f 2607/2607 2609/2609 2610/2610
f 2611/2611 2612/2612 2613/2613
f 2611/2611 2613/2613 2614/2614
f 2615/2615 2616/2616 2617/2617
f 2615/2615 2617/2617 2618/2618
f 2619/2619 2620/2620 2621/2621
f 2619/2619 2621/2621 2622/2622
f 2623/2623 2624/2624 2625/2625
f 2623/2623 2625/2625 2626/2626
f 2627/2627 2628/2628 2629/2629
f 2627/2627 2629/2629 2630/2630
f 2631/2631 2632/2632 2633/2633
f 2631/2631 2633/2633 2634/2634
f 2635/2635 2636/2636 2637/2637
f 2635/2635 2637/2637 2638/2638
f 2639/2639 2640/2640 2641/2641
f 2639/2639 2641/2641 2642/2642
f 2643/2643 2644/2644 2645/2645
f 2643/2643 2645/2645 2646/2646
f 2647/2647 2648/2648 2649/2649
f 2647/2647 2649/2649 2650/2650
f 2651/2651 2652/2652 2653/2653
f 2651/2651 2653/2653 2654/2654
f 2655/2655 2656/2656 2657/2657
f 2655/2655 2657/2657 2658/2658
f 2659/2659 2660/2660 2661/2661
f 2659/2659 2661/2661 2662/2662
f 2663/2663 2664/2664 2665/2665
f 2663/2663 2665/2665 2666/2666
f 2667/2667 2668/2668 2669/2669
f 2667/2667 2669/2669 2670/2670
f 2671/2671 2672/2672 2673/2673
f 2671/2671 2673/2673 2674/2674
f 2675/2675 2676/2676 2677/2677
f 2675/2675 2677/2677 2678/2678
f 2679/2679 2680/2680 2681/2681
f 2679/2679 2681/2681 2682/2682
f 2683/2683 2684/2684 2685/2685
f 2683/2683 2685/2685 2686/2686
f 2687/2687 2688/2688 2689/2689
f 2687/2687 2689/2689 2690/2690
f 2691/2691 2692/2692 2693/2693
f 2691/2691 2693/2693 2694/2694
f 2695/2695 2696/2696 2697/2697
f 2695/2695 2697/2697 2698/2698
f 2699/2699 2700/2700 2701/2701
f 2699/2699 2701/2701 2702/2702
usemtl Metal
f 2703/2703 2704/2704 2705/2705
f 2703/2703 2705/2705 2706/2706
f 2707/2707 2708/2708 2709/2709
f 2707/2707 2709/2709 2710/2710
f 2711/2711 2712/2712 2713/2713
f 2711/2711 2713/2713 2714/2714
f 2715/2715 2716/2716 2717/2717
f 2715/2715 2717/2717 2718/2718
f 2719/2719 2720/2720 2721/2721
f 2719/2719 2721/2721 2722/2722
f 2723/2723 2724/2724 2725/2725
f 2723/2723 2725/2725 2726/2726
f 2727/2727 2728/2728 2729/2729
f 2727/2727 2729/2729 2730/2730
f 2731/2731 2732/2732 2733/2733
f 2731/2731 2733/2733 2734/2734
f 2735/2735 2736/2736 2737/2737
f 2735/2735 2737/2737 2738/2738
f 2739/2739 2740/2740 2741/2741
f 2739/2739 2741/2741 2742/2742
f 2743/2743 2744/2744 2745/2745
f 2746/2746 2747/2747 2748/2748
f 2749/2749 2750/2750 2751/2751
f 2752/2752 2753/2753 2754/2754
f 2755/2755 2756/2756 2757/2757
f 2758/2758 2759/2759 2760/2760
f 2761/2761 2762/2762 2763/2763
f 2764/2764 2765/2765 2766/2766
f 2767/2767 2768/2768 2769/2769
f 2770/2770 2771/2771 2772/2772
f 2773/2773 2774/2774 2775/2775
f 2776/2776 2777/2777 2778/2778
f 2779/2779 2780/2780 2781/2781
f 2782/2782 2783/2783 2784/2784
f 2785/2785 2786/2786 2787/2787
f 2788/2788 2789/2789 2790/2790
f 2791/2791 2792/2792 2793/2793
f 2794/2794 2795/2795 2796/2796
f 2797/2797 2798/2798 2799/2799
f 2800/2800 2801/2801 2802/2802
f 2803/2803 2804/2804 2805/2805
f 2803/2803 2805/2805 2806/2806
f 2807/2807 2808/2808 2809/2809
f 2807/2807 2809/2809 2810/2810
f 2811/2811 2812/2812 2813/2813
f 2811/2811 2813/2813 2814/2814
f 2815/2815 2816/2816 2817/2817
f 2815/2815 2817/2817 2818/2818
f 2819/2819 2820/2820 2821/2821
f 2819/2819 2821/2821 2822/2822
f 2823/2823 2824/2824 2825/2825
f 2823/2823 2825/2825 2826/2826
f 2827/2827 2828/2828 2829/2829
f 2827/2827 2829/2829 2830/2830
f 2831/2831 2832/2832 2833/2833
f 2831/2831 2833/2833 2834/2834
f 2835/2835 2836/2836 2837/2837
f 2835/2835 2837/2837 2838/2838
f 2839/2839 2840/2840 2841/2841
f 2839/2839 2841/2841 2842/2842
f 2843/2843 2844/2844 2845/2845
f 2846/2846 2847/2847 2848/2848
f 2849/2849 2850/2850 2851/2851
f 2852/2852 2853/2853 2854/2854
f 2855/2855 2856/2856 2857/2857
f 2858/2858 2859/2859 2860/2860
f 2861/2861 2862/2862 2863/2863
f 2864/2864 2865/2865 2866/2866
f 2867/2867 2868/2868 2869/2869
f 2870/2870 2871/2871 2872/2872
f 2873/2873 2874/2874 2875/2875
f 2876/2876 2877/2877 2878/2878
f 2879/2879 2880/2880 2881/2881
f 2882/2882 2883/2883 2884/2884
f 2885/2885 2886/2886 2887/2887
f 2888/2888 2889/2889 2890/2890
f 2891/2891 2892/2892 2893/2893
f 2894/2894 2895/2895 2896/2896
f 2897/2897 2898/2898 2899/2899
f 2900/2900 2901/2901 2902/2902
usemtl Cloth
f 2903/2903 2904/2904 2905/2905
f 2903/2903 2905/2905 2906/2906
f 2907/2907 2908/2908 2909/2909
f 2907/2907 2909/2909 2910/2910
f 2911/2911 2912/2912 2913/2913
f 2911/2911 2913/2913 2914/2914
f 2915/2915 2916/2916 2917/2917
f 2915/2915 2917/2917 2918/2918
f 2919/2919 2920/2920 2921/2921
f 2919/2919 2921/2921 2922/2922
f 2923/2923 2924/2924 2925/2925
f 2923/2923 2925/2925 2926/2926
usemtl Metal
f 2927/2927 2928/2928 2929/2929
f 2927/2927 2929/2929 2930/2930
f 2931/2931 2932/2932 2933/2933
f 2931/2931 2933/2933 2934/2934
f 2935/2935 2936/2936 2937/2937
f 2935/2935 2937/2937 2938/2938
f 2939/2939 2940/2940 2941/2941
f 2939/2939 2941/2941 2942/2942
f 2943/2943 2944/2944 2945/2945
f 2943/2943 2945/2945 2946/2946
f 2947/2947 2948/2948 2949/2949
f 2947/2947 2949/2949 2950/2950
f 2951/2951 2952/2952 2953/2953
f 2951/2951 2953/2953 2954/2954
f 2955/2955 2956/2956 2957/2957
f 2955/2955 2957/2957 2958/2958
f 2959/2959 2960/2960 2961/2961
f 2959/2959 2961/2961 2962/2962
f 2963/2963 2964/2964 2965/2965
f 2963/2963 2965/2965 2966/2966
f 2967/2967 2968/2968 2969/2969
f 2967/2967 2969/2969 2970/2970
f 2971/2971 2972/2972 2973/2973
f 2971/2971 2973/2973 2974/2974
f 2975/2975 2976/2976 2977/2977
f 2975/2975 2977/2977 2978/2978
f 2979/2979 2980/2980 2981/2981
f 2979/2979 2981/2981 2982/2982
f 2983/2983 2984/2984 2985/2985
f 2983/2983 2985/2985 2986/2986
f 2987/2987 2988/2988 2989/2989
f 2987/2987 2989/2989 2990/2990
f 2991/2991 2992/2992 2993/2993
f 2991/2991 2993/2993 2994/2994
f 2995/2995 2996/2996 2997/2997
f 2995/2995 2997/2997 2998/2998
f 2999/2999 3000/3000 3001/3001
f 2999/2999 3001/3001 3002/3002
f 3003/3003 3004/3004 3005/3005
f 3003/3003 3005/3005 3006/3006
f 3007/3007 3008/3008 3009/3009
f 3007/3007 3009/3009 3010/3010
f 3011/3011 3012/3012 3013/3013
f 3011/3011 3013/3013 3014/3014
f 3015/3015 3016/3016 3017/3017
f 3015/3015 3017/3017 3018/3018
f 3019/3019 3020/3020 3021/3021
f 3019/3019 3021/3021 3022/3022
f 3023/3023 3024/3024 3025/3025
f 3023/3023 3025/3025 3026/3026
f 3027/3027 3028/3028 3029/3029
f 3027/3027 3029/3029 3030/3030
f 3031/3031 3032/3032 3033/3033
f 3031/3031 3033/3033 3034/3034
f 3035/3035 3036/3036 3037/3037
f 3035/3035 3037/3037 3038/3038
f 3039/3039 3040/3040 3041/3041
f 3039/3039 3041/3041 3042/3042
f 3043/3043 3044/3044 3045/3045
f 3043/3043 3045/3045 3046/3046
f 3047/3047 3048/3048 3049/3049
f 3047/3047 3049/3049 3050/3050
f 3051/3051 3052/3052 3053/3053
f 3051/3051 3053/3053 3054/3054
f 3055/3055 3056/3056 3057/3057
f 3055/3055 3057/3057 3058/3058
f 3059/3059 3060/3060 3061/3061
f 3059/3059 3061/3061 3062/3062
f 3063/3063 3064/3064 3065/3065
f 3063/3063 3065/3065 3066/3066
f 3067/3067 3068/3068 3069/3069
f 3067/3067 3069/3069 3070/3070
