mtllib ../../Materials/project_oen.mtl
o pr-001_tarp_presenning__wet
v -1.020000 0.790000 -0.740000
v -0.890000 0.786875 -0.735625
v -0.894389 0.781068 -0.623670
v -1.024615 0.793077 -0.627692
v -1.024615 0.793077 -0.627692
v -0.894389 0.781068 -0.623670
v -0.890000 0.786875 -0.735625
v -1.020000 0.790000 -0.740000
v -0.890000 0.786875 -0.735625
v -0.760000 0.783750 -0.731250
v -0.764171 0.769593 -0.619723
v -0.894389 0.781068 -0.623670
v -0.894389 0.781068 -0.623670
v -0.764171 0.769593 -0.619723
v -0.760000 0.783750 -0.731250
v -0.890000 0.786875 -0.735625
v -0.760000 0.783750 -0.731250
v -0.630000 0.780625 -0.726875
v -0.633970 0.760633 -0.614947
v -0.764171 0.769593 -0.619723
v -0.764171 0.769593 -0.619723
v -0.633970 0.760633 -0.614947
v -0.630000 0.780625 -0.726875
v -0.760000 0.783750 -0.731250
v -0.630000 0.780625 -0.726875
v -0.500000 0.777500 -0.722500
v -0.503794 0.751679 -0.609453
v -0.633970 0.760633 -0.614947
v -0.633970 0.760633 -0.614947
v -0.503794 0.751679 -0.609453
v -0.500000 0.777500 -0.722500
v -0.630000 0.780625 -0.726875
v -0.500000 0.777500 -0.722500
v -0.370000 0.774375 -0.718125
v -0.373650 0.740540 -0.604489
v -0.503794 0.751679 -0.609453
v -0.503794 0.751679 -0.609453
v -0.373650 0.740540 -0.604489
v -0.370000 0.774375 -0.718125
v -0.500000 0.777500 -0.722500
v -0.370000 0.774375 -0.718125
v -0.240000 0.771250 -0.713750
v -0.243543 0.731128 -0.601011
v -0.373650 0.740540 -0.604489
v -0.373650 0.740540 -0.604489
v -0.243543 0.731128 -0.601011
v -0.240000 0.771250 -0.713750
v -0.370000 0.774375 -0.718125
v -0.240000 0.771250 -0.713750
v -0.110000 0.768125 -0.709375
v -0.113477 0.727494 -0.598405
v -0.243543 0.731128 -0.601011
v -0.243543 0.731128 -0.601011
v -0.113477 0.727494 -0.598405
v -0.110000 0.768125 -0.709375
v -0.240000 0.771250 -0.713750
v -0.110000 0.768125 -0.709375
v 0.020000 0.765000 -0.705000
v 0.016546 0.726229 -0.594991
v -0.113477 0.727494 -0.598405
v -0.113477 0.727494 -0.598405
v 0.016546 0.726229 -0.594991
v 0.020000 0.765000 -0.705000
v -0.110000 0.768125 -0.709375
v 0.020000 0.765000 -0.705000
v 0.150000 0.761875 -0.700625
v 0.146523 0.722181 -0.589834
v 0.016546 0.726229 -0.594991
v 0.016546 0.726229 -0.594991
v 0.146523 0.722181 -0.589834
v 0.150000 0.761875 -0.700625
v 0.020000 0.765000 -0.705000
v 0.150000 0.761875 -0.700625
v 0.280000 0.758750 -0.696250
v 0.276457 0.717652 -0.583790
v 0.146523 0.722181 -0.589834
v 0.146523 0.722181 -0.589834
v 0.276457 0.717652 -0.583790
v 0.280000 0.758750 -0.696250
v 0.150000 0.761875 -0.700625
v 0.280000 0.758750 -0.696250
v 0.410000 0.755625 -0.691875
v 0.406350 0.718159 -0.578544
v 0.276457 0.717652 -0.583790
v 0.276457 0.717652 -0.583790
v 0.406350 0.718159 -0.578544
v 0.410000 0.755625 -0.691875
v 0.280000 0.758750 -0.696250
v 0.410000 0.755625 -0.691875
v 0.540000 0.752500 -0.687500
v 0.536206 0.722744 -0.574787
v 0.406350 0.718159 -0.578544
v 0.406350 0.718159 -0.578544
v 0.536206 0.722744 -0.574787
v 0.540000 0.752500 -0.687500
v 0.410000 0.755625 -0.691875
v 0.540000 0.752500 -0.687500
v 0.670000 0.749375 -0.683125
v 0.666030 0.726376 -0.571622
v 0.536206 0.722744 -0.574787
v 0.536206 0.722744 -0.574787
v 0.666030 0.726376 -0.571622
v 0.670000 0.749375 -0.683125
v 0.540000 0.752500 -0.687500
v 0.670000 0.749375 -0.683125
v 0.800000 0.746250 -0.678750
v 0.795829 0.728719 -0.567785
v 0.666030 0.726376 -0.571622
v 0.666030 0.726376 -0.571622
v 0.795829 0.728719 -0.567785
v 0.800000 0.746250 -0.678750
v 0.670000 0.749375 -0.683125
v 0.800000 0.746250 -0.678750
v 0.930000 0.743125 -0.674375
v 0.925611 0.732882 -0.563104
v 0.795829 0.728719 -0.567785
v 0.795829 0.728719 -0.567785
v 0.925611 0.732882 -0.563104
v 0.930000 0.743125 -0.674375
v 0.800000 0.746250 -0.678750
v 0.930000 0.743125 -0.674375
v 1.060000 0.740000 -0.670000
v 1.055385 0.738462 -0.558462
v 0.925611 0.732882 -0.563104
v 0.925611 0.732882 -0.563104
v 1.055385 0.738462 -0.558462
v 1.060000 0.740000 -0.670000
v 0.930000 0.743125 -0.674375
v -1.024615 0.793077 -0.627692
v -0.894389 0.781068 -0.623670
v -0.898328 0.775575 -0.511698
v -1.029231 0.796154 -0.515385
v -1.029231 0.796154 -0.515385
v -0.898328 0.775575 -0.511698
v -0.894389 0.781068 -0.623670
v -1.024615 0.793077 -0.627692
v -0.894389 0.781068 -0.623670
v -0.764171 0.769593 -0.619723
v -0.767461 0.756587 -0.508155
v -0.898328 0.775575 -0.511698
v -0.898328 0.775575 -0.511698
v -0.767461 0.756587 -0.508155
v -0.764171 0.769593 -0.619723
v -0.894389 0.781068 -0.623670
v -0.764171 0.769593 -0.619723
v -0.633970 0.760633 -0.614947
v -0.636661 0.742344 -0.503005
v -0.767461 0.756587 -0.508155
v -0.767461 0.756587 -0.508155
v -0.636661 0.742344 -0.503005
v -0.633970 0.760633 -0.614947
v -0.764171 0.769593 -0.619723
v -0.633970 0.760633 -0.614947
v -0.503794 0.751679 -0.609453
v -0.505960 0.727425 -0.496460
v -0.636661 0.742344 -0.503005
v -0.636661 0.742344 -0.503005
v -0.505960 0.727425 -0.496460
v -0.503794 0.751679 -0.609453
v -0.633970 0.760633 -0.614947
v -0.503794 0.751679 -0.609453
v -0.373650 0.740540 -0.604489
v -0.375385 0.708660 -0.490944
v -0.505960 0.727425 -0.496460
v -0.505960 0.727425 -0.496460
v -0.375385 0.708660 -0.490944
v -0.373650 0.740540 -0.604489
v -0.503794 0.751679 -0.609453
v -0.373650 0.740540 -0.604489
v -0.243543 0.731128 -0.601011
v -0.244958 0.694494 -0.488313
v -0.375385 0.708660 -0.490944
v -0.375385 0.708660 -0.490944
v -0.244958 0.694494 -0.488313
v -0.243543 0.731128 -0.601011
v -0.373650 0.740540 -0.604489
v -0.243543 0.731128 -0.601011
v -0.113477 0.727494 -0.598405
v -0.114695 0.691481 -0.487377
v -0.244958 0.694494 -0.488313
v -0.244958 0.694494 -0.488313
v -0.114695 0.691481 -0.487377
v -0.113477 0.727494 -0.598405
v -0.243543 0.731128 -0.601011
v -0.113477 0.727494 -0.598405
v 0.016546 0.726229 -0.594991
v 0.015394 0.691609 -0.484870
v -0.114695 0.691481 -0.487377
v -0.114695 0.691481 -0.487377
v 0.015394 0.691609 -0.484870
v 0.016546 0.726229 -0.594991
v -0.113477 0.727494 -0.598405
v 0.016546 0.726229 -0.594991
v 0.146523 0.722181 -0.589834
v 0.145305 0.685905 -0.478980
v 0.015394 0.691609 -0.484870
v 0.015394 0.691609 -0.484870
v 0.145305 0.685905 -0.478980
v 0.146523 0.722181 -0.589834
v 0.016546 0.726229 -0.594991
v 0.146523 0.722181 -0.589834
v 0.276457 0.717652 -0.583790
v 0.275042 0.680481 -0.471366
v 0.145305 0.685905 -0.478980
v 0.145305 0.685905 -0.478980
v 0.275042 0.680481 -0.471366
v 0.276457 0.717652 -0.583790
v 0.146523 0.722181 -0.589834
v 0.276457 0.717652 -0.583790
v 0.406350 0.718159 -0.578544
v 0.404615 0.685397 -0.465303
v 0.275042 0.680481 -0.471366
v 0.275042 0.680481 -0.471366
v 0.404615 0.685397 -0.465303
v 0.406350 0.718159 -0.578544
v 0.276457 0.717652 -0.583790
v 0.406350 0.718159 -0.578544
v 0.536206 0.722744 -0.574787
v 0.534040 0.697131 -0.462131
v 0.404615 0.685397 -0.465303
v 0.404615 0.685397 -0.465303
v 0.534040 0.697131 -0.462131
v 0.536206 0.722744 -0.574787
v 0.406350 0.718159 -0.578544
v 0.536206 0.722744 -0.574787
v 0.666030 0.726376 -0.571622
v 0.663339 0.706108 -0.460109
v 0.534040 0.697131 -0.462131
v 0.534040 0.697131 -0.462131
v 0.663339 0.706108 -0.460109
v 0.666030 0.726376 -0.571622
v 0.536206 0.722744 -0.574787
v 0.666030 0.726376 -0.571622
v 0.795829 0.728719 -0.567785
v 0.792539 0.712987 -0.456780
v 0.663339 0.706108 -0.460109
v 0.663339 0.706108 -0.460109
v 0.792539 0.712987 -0.456780
v 0.795829 0.728719 -0.567785
v 0.666030 0.726376 -0.571622
v 0.795829 0.728719 -0.567785
v 0.925611 0.732882 -0.563104
v 0.921672 0.723785 -0.451815
v 0.792539 0.712987 -0.456780
v 0.792539 0.712987 -0.456780
v 0.921672 0.723785 -0.451815
v 0.925611 0.732882 -0.563104
v 0.795829 0.728719 -0.567785
v 0.925611 0.732882 -0.563104
v 1.055385 0.738462 -0.558462
v 1.050769 0.736923 -0.446923
v 0.921672 0.723785 -0.451815
v 0.921672 0.723785 -0.451815
v 1.050769 0.736923 -0.446923
v 1.055385 0.738462 -0.558462
v 0.925611 0.732882 -0.563104
v -1.029231 0.796154 -0.515385
v -0.898328 0.775575 -0.511698
v -0.903011 0.770083 -0.399691
v -1.033846 0.799231 -0.403077
v -1.033846 0.799231 -0.403077
v -0.903011 0.770083 -0.399691
v -0.898328 0.775575 -0.511698
v -1.029231 0.796154 -0.515385
v -0.898328 0.775575 -0.511698
v -0.767461 0.756587 -0.508155
v -0.772208 0.743862 -0.396511
v -0.903011 0.770083 -0.399691
v -0.903011 0.770083 -0.399691
v -0.772208 0.743862 -0.396511
v -0.767461 0.756587 -0.508155
v -0.898328 0.775575 -0.511698
v -0.767461 0.756587 -0.508155
v -0.636661 0.742344 -0.503005
v -0.641468 0.724052 -0.391036
v -0.772208 0.743862 -0.396511
v -0.772208 0.743862 -0.396511
v -0.641468 0.724052 -0.391036
v -0.636661 0.742344 -0.503005
v -0.767461 0.756587 -0.508155
v -0.636661 0.742344 -0.503005
v -0.505960 0.727425 -0.496460
v -0.510819 0.702418 -0.383573
v -0.641468 0.724052 -0.391036
v -0.641468 0.724052 -0.391036
v -0.510819 0.702418 -0.383573
v -0.505960 0.727425 -0.496460
v -0.636661 0.742344 -0.503005
v -0.505960 0.727425 -0.496460
v -0.375385 0.708660 -0.490944
v -0.380287 0.676191 -0.377576
v -0.510819 0.702418 -0.383573
v -0.510819 0.702418 -0.383573
v -0.380287 0.676191 -0.377576
v -0.375385 0.708660 -0.490944
v -0.505960 0.727425 -0.496460
v -0.375385 0.708660 -0.490944
v -0.244958 0.694494 -0.488313
v -0.249891 0.658393 -0.375697
v -0.380287 0.676191 -0.377576
v -0.380287 0.676191 -0.377576
v -0.249891 0.658393 -0.375697
v -0.244958 0.694494 -0.488313
v -0.375385 0.708660 -0.490944
v -0.244958 0.694494 -0.488313
v -0.114695 0.691481 -0.487377
v -0.119647 0.656323 -0.376237
v -0.249891 0.658393 -0.375697
v -0.249891 0.658393 -0.375697
v -0.119647 0.656323 -0.376237
v -0.114695 0.691481 -0.487377
v -0.244958 0.694494 -0.488313
v -0.114695 0.691481 -0.487377
v 0.015394 0.691609 -0.484870
v 0.010435 0.656901 -0.374534
v -0.119647 0.656323 -0.376237
v -0.119647 0.656323 -0.376237
v 0.010435 0.656901 -0.374534
v 0.015394 0.691609 -0.484870
v -0.114695 0.691481 -0.487377
v 0.015394 0.691609 -0.484870
v 0.145305 0.685905 -0.478980
v 0.140353 0.649150 -0.368004
v 0.010435 0.656901 -0.374534
v 0.010435 0.656901 -0.374534
v 0.140353 0.649150 -0.368004
v 0.145305 0.685905 -0.478980
v 0.015394 0.691609 -0.484870
v 0.145305 0.685905 -0.478980
v 0.275042 0.680481 -0.471366
v 0.270109 0.643901 -0.359014
v 0.140353 0.649150 -0.368004
v 0.140353 0.649150 -0.368004
v 0.270109 0.643901 -0.359014
v 0.275042 0.680481 -0.471366
v 0.145305 0.685905 -0.478980
v 0.275042 0.680481 -0.471366
v 0.404615 0.685397 -0.465303
v 0.399713 0.654183 -0.352237
v 0.270109 0.643901 -0.359014
v 0.270109 0.643901 -0.359014
v 0.399713 0.654183 -0.352237
v 0.404615 0.685397 -0.465303
v 0.275042 0.680481 -0.471366
v 0.404615 0.685397 -0.465303
v 0.534040 0.697131 -0.462131
v 0.529181 0.672677 -0.349586
v 0.399713 0.654183 -0.352237
v 0.399713 0.654183 -0.352237
v 0.529181 0.672677 -0.349586
v 0.534040 0.697131 -0.462131
v 0.404615 0.685397 -0.465303
v 0.534040 0.697131 -0.462131
v 0.663339 0.706108 -0.460109
v 0.658532 0.686292 -0.348575
v 0.529181 0.672677 -0.349586
v 0.529181 0.672677 -0.349586
v 0.658532 0.686292 -0.348575
v 0.663339 0.706108 -0.460109
v 0.534040 0.697131 -0.462131
v 0.663339 0.706108 -0.460109
v 0.792539 0.712987 -0.456780
v 0.787792 0.697728 -0.345701
v 0.658532 0.686292 -0.348575
v 0.658532 0.686292 -0.348575
v 0.787792 0.697728 -0.345701
v 0.792539 0.712987 -0.456780
v 0.663339 0.706108 -0.460109
v 0.792539 0.712987 -0.456780
v 0.921672 0.723785 -0.451815
v 0.916989 0.715233 -0.340491
v 0.787792 0.697728 -0.345701
v 0.787792 0.697728 -0.345701
v 0.916989 0.715233 -0.340491
v 0.921672 0.723785 -0.451815
v 0.792539 0.712987 -0.456780
v 0.921672 0.723785 -0.451815
v 1.050769 0.736923 -0.446923
v 1.046154 0.735385 -0.335385
v 0.916989 0.715233 -0.340491
v 0.916989 0.715233 -0.340491
v 1.046154 0.735385 -0.335385
v 1.050769 0.736923 -0.446923
v 0.921672 0.723785 -0.451815
v -1.033846 0.799231 -0.403077
v -0.903011 0.770083 -0.399691
v -0.908882 0.766080 -0.287635
v -1.038462 0.802308 -0.290769
v -1.038462 0.802308 -0.290769
v -0.908882 0.766080 -0.287635
v -0.903011 0.770083 -0.399691
v -1.033846 0.799231 -0.403077
v -0.903011 0.770083 -0.399691
v -0.772208 0.743862 -0.396511
v -0.779286 0.733986 -0.284756
v -0.908882 0.766080 -0.287635
v -0.908882 0.766080 -0.287635
v -0.779286 0.733986 -0.284756
v -0.772208 0.743862 -0.396511
v -0.903011 0.770083 -0.399691
v -0.772208 0.743862 -0.396511
v -0.641468 0.724052 -0.391036
v -0.649658 0.708990 -0.279030
v -0.779286 0.733986 -0.284756
v -0.779286 0.733986 -0.284756
v -0.649658 0.708990 -0.279030
v -0.641468 0.724052 -0.391036
v -0.772208 0.743862 -0.396511
v -0.641468 0.724052 -0.391036
v -0.510819 0.702418 -0.383573
v -0.519985 0.680567 -0.270835
v -0.649658 0.708990 -0.279030
v -0.649658 0.708990 -0.279030
v -0.519985 0.680567 -0.270835
v -0.510819 0.702418 -0.383573
v -0.641468 0.724052 -0.391036
v -0.510819 0.702418 -0.383573
v -0.380287 0.676191 -0.377576
v -0.390253 0.647602 -0.264460
v -0.519985 0.680567 -0.270835
v -0.519985 0.680567 -0.270835
v -0.390253 0.647602 -0.264460
v -0.380287 0.676191 -0.377576
v -0.510819 0.702418 -0.383573
v -0.380287 0.676191 -0.377576
v -0.249891 0.658393 -0.375697
v -0.260452 0.627112 -0.263197
v -0.390253 0.647602 -0.264460
v -0.390253 0.647602 -0.264460
v -0.260452 0.627112 -0.263197
v -0.249891 0.658393 -0.375697
v -0.380287 0.676191 -0.377576
v -0.249891 0.658393 -0.375697
v -0.119647 0.656323 -0.376237
v -0.130574 0.625459 -0.264934
v -0.260452 0.627112 -0.263197
v -0.260452 0.627112 -0.263197
v -0.130574 0.625459 -0.264934
v -0.119647 0.656323 -0.376237
v -0.249891 0.658393 -0.375697
v -0.119647 0.656323 -0.376237
v 0.010435 0.656901 -0.374534
v -0.000616 0.624869 -0.263889
v -0.130574 0.625459 -0.264934
v -0.130574 0.625459 -0.264934
v -0.000616 0.624869 -0.263889
v 0.010435 0.656901 -0.374534
v -0.119647 0.656323 -0.376237
v 0.010435 0.656901 -0.374534
v 0.140353 0.649150 -0.368004
v 0.129426 0.614424 -0.256853
v -0.000616 0.624869 -0.263889
v -0.000616 0.624869 -0.263889
v 0.129426 0.614424 -0.256853
v 0.140353 0.649150 -0.368004
v 0.010435 0.656901 -0.374534
v 0.140353 0.649150 -0.368004
v 0.270109 0.643901 -0.359014
v 0.259548 0.609902 -0.246764
v 0.129426 0.614424 -0.256853
v 0.129426 0.614424 -0.256853
v 0.259548 0.609902 -0.246764
v 0.270109 0.643901 -0.359014
v 0.140353 0.649150 -0.368004
v 0.270109 0.643901 -0.359014
v 0.399713 0.654183 -0.352237
v 0.389747 0.625458 -0.239421
v 0.259548 0.609902 -0.246764
v 0.259548 0.609902 -0.246764
v 0.389747 0.625458 -0.239421
v 0.399713 0.654183 -0.352237
v 0.270109 0.643901 -0.359014
v 0.399713 0.654183 -0.352237
v 0.529181 0.672677 -0.349586
v 0.520015 0.649434 -0.237199
v 0.389747 0.625458 -0.239421
v 0.389747 0.625458 -0.239421
v 0.520015 0.649434 -0.237199
v 0.529181 0.672677 -0.349586
v 0.399713 0.654183 -0.352237
v 0.529181 0.672677 -0.349586
v 0.658532 0.686292 -0.348575
v 0.650342 0.666718 -0.237013
v 0.520015 0.649434 -0.237199
v 0.520015 0.649434 -0.237199
v 0.650342 0.666718 -0.237013
v 0.658532 0.686292 -0.348575
v 0.529181 0.672677 -0.349586
v 0.658532 0.686292 -0.348575
v 0.787792 0.697728 -0.345701
v 0.780714 0.682740 -0.234513
v 0.650342 0.666718 -0.237013
v 0.650342 0.666718 -0.237013
v 0.780714 0.682740 -0.234513
v 0.787792 0.697728 -0.345701
v 0.658532 0.686292 -0.348575
v 0.787792 0.697728 -0.345701
v 0.916989 0.715233 -0.340491
v 0.911118 0.707003 -0.229115
v 0.780714 0.682740 -0.234513
v 0.780714 0.682740 -0.234513
v 0.911118 0.707003 -0.229115
v 0.916989 0.715233 -0.340491
v 0.787792 0.697728 -0.345701
v 0.916989 0.715233 -0.340491
v 1.046154 0.735385 -0.335385
v 1.041538 0.733846 -0.223846
v 0.911118 0.707003 -0.229115
v 0.911118 0.707003 -0.229115
v 1.041538 0.733846 -0.223846
v 1.046154 0.735385 -0.335385
v 0.916989 0.715233 -0.340491
v -1.038462 0.802308 -0.290769
v -0.908882 0.766080 -0.287635
v -0.914797 0.765398 -0.175518
v -1.043077 0.805385 -0.178462
v -1.043077 0.805385 -0.178462
v -0.914797 0.765398 -0.175518
v -0.908882 0.766080 -0.287635
v -1.038462 0.802308 -0.290769
v -0.908882 0.766080 -0.287635
v -0.779286 0.733986 -0.284756
v -0.786451 0.730522 -0.172865
v -0.914797 0.765398 -0.175518
v -0.914797 0.765398 -0.175518
v -0.786451 0.730522 -0.172865
v -0.779286 0.733986 -0.284756
v -0.908882 0.766080 -0.287635
v -0.779286 0.733986 -0.284756
v -0.649658 0.708990 -0.279030
v -0.657975 0.702433 -0.166976
v -0.786451 0.730522 -0.172865
v -0.786451 0.730522 -0.172865
v -0.657975 0.702433 -0.166976
v -0.649658 0.708990 -0.279030
v -0.779286 0.733986 -0.284756
v -0.649658 0.708990 -0.279030
v -0.519985 0.680567 -0.270835
v -0.529311 0.669079 -0.158283
v -0.657975 0.702433 -0.166976
v -0.657975 0.702433 -0.166976
v -0.529311 0.669079 -0.158283
v -0.519985 0.680567 -0.270835
v -0.649658 0.708990 -0.279030
v -0.519985 0.680567 -0.270835
v -0.390253 0.647602 -0.264460
v -0.400408 0.631825 -0.151658
v -0.529311 0.669079 -0.158283
v -0.529311 0.669079 -0.158283
v -0.400408 0.631825 -0.151658
v -0.390253 0.647602 -0.264460
v -0.519985 0.680567 -0.270835
v -0.390253 0.647602 -0.264460
v -0.260452 0.627112 -0.263197
v -0.271223 0.610458 -0.150841
v -0.400408 0.631825 -0.151658
v -0.400408 0.631825 -0.151658
v -0.271223 0.610458 -0.150841
v -0.260452 0.627112 -0.263197
v -0.390253 0.647602 -0.264460
v -0.260452 0.627112 -0.263197
v -0.130574 0.625459 -0.264934
v -0.141725 0.608947 -0.153432
v -0.271223 0.610458 -0.150841
v -0.271223 0.610458 -0.150841
v -0.141725 0.608947 -0.153432
v -0.130574 0.625459 -0.264934
v -0.260452 0.627112 -0.263197
v -0.130574 0.625459 -0.264934
v -0.000616 0.624869 -0.263889
v -0.011894 0.605898 -0.152862
v -0.141725 0.608947 -0.153432
v -0.141725 0.608947 -0.153432
v -0.011894 0.605898 -0.152862
v -0.000616 0.624869 -0.263889
v -0.130574 0.625459 -0.264934
v -0.000616 0.624869 -0.263889
v 0.129426 0.614424 -0.256853
v 0.118275 0.592341 -0.145486
v -0.011894 0.605898 -0.152862
v -0.011894 0.605898 -0.152862
v 0.118275 0.592341 -0.145486
v 0.129426 0.614424 -0.256853
v -0.000616 0.624869 -0.263889
v 0.129426 0.614424 -0.256853
v 0.259548 0.609902 -0.246764
v 0.248777 0.588446 -0.134641
v 0.118275 0.592341 -0.145486
v 0.118275 0.592341 -0.145486
v 0.248777 0.588446 -0.134641
v 0.259548 0.609902 -0.246764
v 0.129426 0.614424 -0.256853
v 0.259548 0.609902 -0.246764
v 0.389747 0.625458 -0.239421
v 0.379592 0.607655 -0.126915
v 0.248777 0.588446 -0.134641
v 0.248777 0.588446 -0.134641
v 0.379592 0.607655 -0.126915
v 0.389747 0.625458 -0.239421
v 0.259548 0.609902 -0.246764
v 0.389747 0.625458 -0.239421
v 0.520015 0.649434 -0.237199
v 0.510689 0.634214 -0.125008
v 0.379592 0.607655 -0.126915
v 0.379592 0.607655 -0.126915
v 0.510689 0.634214 -0.125008
v 0.520015 0.649434 -0.237199
v 0.389747 0.625458 -0.239421
v 0.520015 0.649434 -0.237199
v 0.650342 0.666718 -0.237013
v 0.642025 0.652761 -0.125414
v 0.510689 0.634214 -0.125008
v 0.510689 0.634214 -0.125008
v 0.642025 0.652761 -0.125414
v 0.650342 0.666718 -0.237013
v 0.520015 0.649434 -0.237199
v 0.650342 0.666718 -0.237013
v 0.780714 0.682740 -0.234513
v 0.773549 0.671733 -0.123192
v 0.642025 0.652761 -0.125414
v 0.642025 0.652761 -0.125414
v 0.773549 0.671733 -0.123192
v 0.780714 0.682740 -0.234513
v 0.650342 0.666718 -0.237013
v 0.780714 0.682740 -0.234513
v 0.911118 0.707003 -0.229115
v 0.905203 0.700862 -0.117677
v 0.773549 0.671733 -0.123192
v 0.773549 0.671733 -0.123192
v 0.905203 0.700862 -0.117677
v 0.911118 0.707003 -0.229115
v 0.780714 0.682740 -0.234513
v 0.911118 0.707003 -0.229115
v 1.041538 0.733846 -0.223846
v 1.036923 0.732308 -0.112308
v 0.905203 0.700862 -0.117677
v 0.905203 0.700862 -0.117677
v 1.036923 0.732308 -0.112308
v 1.041538 0.733846 -0.223846
v 0.911118 0.707003 -0.229115
v -1.043077 0.805385 -0.178462
v -0.914797 0.765398 -0.175518
v -0.919260 0.767560 -0.063332
v -1.047692 0.808462 -0.066154
v -1.047692 0.808462 -0.066154
v -0.919260 0.767560 -0.063332
v -0.914797 0.765398 -0.175518
v -1.043077 0.805385 -0.178462
v -0.914797 0.765398 -0.175518
v -0.786451 0.730522 -0.172865
v -0.790768 0.732671 -0.060818
v -0.919260 0.767560 -0.063332
v -0.919260 0.767560 -0.063332
v -0.790768 0.732671 -0.060818
v -0.786451 0.730522 -0.172865
v -0.914797 0.765398 -0.175518
v -0.786451 0.730522 -0.172865
v -0.657975 0.702433 -0.166976
v -0.662157 0.703701 -0.054869
v -0.790768 0.732671 -0.060818
v -0.790768 0.732671 -0.060818
v -0.662157 0.703701 -0.054869
v -0.657975 0.702433 -0.166976
v -0.786451 0.730522 -0.172865
v -0.657975 0.702433 -0.166976
v -0.529311 0.669079 -0.158283
v -0.533375 0.668041 -0.045943
v -0.662157 0.703701 -0.054869
v -0.662157 0.703701 -0.054869
v -0.533375 0.668041 -0.045943
v -0.529311 0.669079 -0.158283
v -0.657975 0.702433 -0.166976
v -0.529311 0.669079 -0.158283
v -0.400408 0.631825 -0.151658
v -0.404375 0.629830 -0.039213
v -0.533375 0.668041 -0.045943
v -0.533375 0.668041 -0.045943
v -0.404375 0.629830 -0.039213
v -0.400408 0.631825 -0.151658
v -0.529311 0.669079 -0.158283
v -0.400408 0.631825 -0.151658
v -0.271223 0.610458 -0.150841
v -0.275118 0.609933 -0.038648
v -0.404375 0.629830 -0.039213
v -0.404375 0.629830 -0.039213
v -0.275118 0.609933 -0.038648
v -0.271223 0.610458 -0.150841
v -0.400408 0.631825 -0.151658
v -0.271223 0.610458 -0.150841
v -0.141725 0.608947 -0.153432
v -0.145575 0.608917 -0.041702
v -0.275118 0.609933 -0.038648
v -0.275118 0.609933 -0.038648
v -0.145575 0.608917 -0.041702
v -0.141725 0.608947 -0.153432
v -0.271223 0.610458 -0.150841
v -0.141725 0.608947 -0.153432
v -0.011894 0.605898 -0.152862
v -0.015729 0.603311 -0.041400
v -0.145575 0.608917 -0.041702
v -0.145575 0.608917 -0.041702
v -0.015729 0.603311 -0.041400
v -0.011894 0.605898 -0.152862
v -0.141725 0.608947 -0.153432
v -0.011894 0.605898 -0.152862
v 0.118275 0.592341 -0.145486
v 0.114425 0.587421 -0.033872
v -0.015729 0.603311 -0.041400
v -0.015729 0.603311 -0.041400
v 0.114425 0.587421 -0.033872
v 0.118275 0.592341 -0.145486
v -0.011894 0.605898 -0.152862
v 0.118275 0.592341 -0.145486
v 0.248777 0.588446 -0.134641
v 0.244882 0.584444 -0.022661
v 0.114425 0.587421 -0.033872
v 0.114425 0.587421 -0.033872
v 0.244882 0.584444 -0.022661
v 0.248777 0.588446 -0.134641
v 0.118275 0.592341 -0.145486
v 0.248777 0.588446 -0.134641
v 0.379592 0.607655 -0.126915
v 0.375625 0.605446 -0.014762
v 0.244882 0.584444 -0.022661
v 0.244882 0.584444 -0.022661
v 0.375625 0.605446 -0.014762
v 0.379592 0.607655 -0.126915
v 0.248777 0.588446 -0.134641
v 0.379592 0.607655 -0.126915
v 0.510689 0.634214 -0.125008
v 0.506625 0.631472 -0.013041
v 0.375625 0.605446 -0.014762
v 0.375625 0.605446 -0.014762
v 0.506625 0.631472 -0.013041
v 0.510689 0.634214 -0.125008
v 0.379592 0.607655 -0.126915
v 0.510689 0.634214 -0.125008
v 0.642025 0.652761 -0.125414
v 0.637843 0.648575 -0.013775
v 0.506625 0.631472 -0.013041
v 0.506625 0.631472 -0.013041
v 0.637843 0.648575 -0.013775
v 0.642025 0.652761 -0.125414
v 0.510689 0.634214 -0.125008
v 0.642025 0.652761 -0.125414
v 0.773549 0.671733 -0.123192
v 0.769232 0.667921 -0.011718
v 0.637843 0.648575 -0.013775
v 0.637843 0.648575 -0.013775
v 0.769232 0.667921 -0.011718
v 0.773549 0.671733 -0.123192
v 0.642025 0.652761 -0.125414
v 0.773549 0.671733 -0.123192
v 0.905203 0.700862 -0.117677
v 0.900740 0.698497 -0.006166
v 0.769232 0.667921 -0.011718
v 0.769232 0.667921 -0.011718
v 0.900740 0.698497 -0.006166
v 0.905203 0.700862 -0.117677
v 0.773549 0.671733 -0.123192
v 0.905203 0.700862 -0.117677
v 1.036923 0.732308 -0.112308
v 1.032308 0.730769 -0.000769
v 0.900740 0.698497 -0.006166
v 0.900740 0.698497 -0.006166
v 1.032308 0.730769 -0.000769
v 1.036923 0.732308 -0.112308
v 0.905203 0.700862 -0.117677
v -1.047692 0.808462 -0.066154
v -0.919260 0.767560 -0.063332
v -0.922263 0.770618 0.048927
v -1.052308 0.811538 0.046154
v -1.052308 0.811538 0.046154
v -0.922263 0.770618 0.048927
v -0.919260 0.767560 -0.063332
v -1.047692 0.808462 -0.066154
v -0.919260 0.767560 -0.063332
v -0.790768 0.732671 -0.060818
v -0.792220 0.736421 0.051393
v -0.922263 0.770618 0.048927
v -0.922263 0.770618 0.048927
v -0.792220 0.736421 0.051393
v -0.790768 0.732671 -0.060818
v -0.919260 0.767560 -0.063332
v -0.790768 0.732671 -0.060818
v -0.662157 0.703701 -0.054869
v -0.662180 0.707078 0.057294
v -0.792220 0.736421 0.051393
v -0.792220 0.736421 0.051393
v -0.662180 0.707078 0.057294
v -0.662157 0.703701 -0.054869
v -0.790768 0.732671 -0.060818
v -0.662157 0.703701 -0.054869
v -0.533375 0.668041 -0.045943
v -0.532145 0.670552 0.066172
v -0.662180 0.707078 0.057294
v -0.662180 0.707078 0.057294
v -0.532145 0.670552 0.066172
v -0.533375 0.668041 -0.045943
v -0.662157 0.703701 -0.054869
v -0.533375 0.668041 -0.045943
v -0.404375 0.629830 -0.039213
v -0.402116 0.633596 0.072854
v -0.532145 0.670552 0.066172
v -0.532145 0.670552 0.066172
v -0.402116 0.633596 0.072854
v -0.404375 0.629830 -0.039213
v -0.533375 0.668041 -0.045943
v -0.404375 0.629830 -0.039213
v -0.275118 0.609933 -0.038648
v -0.272095 0.616386 0.073371
v -0.402116 0.633596 0.072854
v -0.402116 0.633596 0.072854
v -0.272095 0.616386 0.073371
v -0.275118 0.609933 -0.038648
v -0.404375 0.629830 -0.039213
v -0.275118 0.609933 -0.038648
v -0.145575 0.608917 -0.041702
v -0.142082 0.615794 0.070269
v -0.272095 0.616386 0.073371
v -0.272095 0.616386 0.073371
v -0.142082 0.615794 0.070269
v -0.145575 0.608917 -0.041702
v -0.275118 0.609933 -0.038648
v -0.145575 0.608917 -0.041702
v -0.015729 0.603311 -0.041400
v -0.012078 0.608140 0.070523
v -0.142082 0.615794 0.070269
v -0.142082 0.615794 0.070269
v -0.012078 0.608140 0.070523
v -0.015729 0.603311 -0.041400
v -0.145575 0.608917 -0.041702
v -0.015729 0.603311 -0.041400
v 0.114425 0.587421 -0.033872
v 0.117918 0.591629 0.078003
v -0.012078 0.608140 0.070523
v -0.012078 0.608140 0.070523
v 0.117918 0.591629 0.078003
v 0.114425 0.587421 -0.033872
v -0.015729 0.603311 -0.041400
v 0.114425 0.587421 -0.033872
v 0.244882 0.584444 -0.022661
v 0.247905 0.590537 0.089166
v 0.117918 0.591629 0.078003
v 0.117918 0.591629 0.078003
v 0.247905 0.590537 0.089166
v 0.244882 0.584444 -0.022661
v 0.114425 0.587421 -0.033872
v 0.244882 0.584444 -0.022661
v 0.375625 0.605446 -0.014762
v 0.377884 0.612335 0.097017
v 0.247905 0.590537 0.089166
v 0.247905 0.590537 0.089166
v 0.377884 0.612335 0.097017
v 0.375625 0.605446 -0.014762
v 0.244882 0.584444 -0.022661
v 0.375625 0.605446 -0.014762
v 0.506625 0.631472 -0.013041
v 0.507855 0.636229 0.098690
v 0.377884 0.612335 0.097017
v 0.377884 0.612335 0.097017
v 0.507855 0.636229 0.098690
v 0.506625 0.631472 -0.013041
v 0.375625 0.605446 -0.014762
v 0.506625 0.631472 -0.013041
v 0.637843 0.648575 -0.013775
v 0.637820 0.650907 0.097908
v 0.507855 0.636229 0.098690
v 0.507855 0.636229 0.098690
v 0.637820 0.650907 0.097908
v 0.637843 0.648575 -0.013775
v 0.506625 0.631472 -0.013041
v 0.637843 0.648575 -0.013775
v 0.769232 0.667921 -0.011718
v 0.767780 0.669377 0.099916
v 0.637820 0.650907 0.097908
v 0.637820 0.650907 0.097908
v 0.767780 0.669377 0.099916
v 0.769232 0.667921 -0.011718
v 0.637843 0.648575 -0.013775
v 0.769232 0.667921 -0.011718
v 0.900740 0.698497 -0.006166
v 0.897737 0.698994 0.105420
v 0.767780 0.669377 0.099916
v 0.767780 0.669377 0.099916
v 0.897737 0.698994 0.105420
v 0.900740 0.698497 -0.006166
v 0.769232 0.667921 -0.011718
v 0.900740 0.698497 -0.006166
v 1.032308 0.730769 -0.000769
v 1.027692 0.729231 0.110769
v 0.897737 0.698994 0.105420
v 0.897737 0.698994 0.105420
v 1.027692 0.729231 0.110769
v 1.032308 0.730769 -0.000769
v 0.900740 0.698497 -0.006166
v -1.052308 0.811538 0.046154
v -0.922263 0.770618 0.048927
v -0.925398 0.774357 0.161260
v -1.056923 0.814615 0.158462
v -1.056923 0.814615 0.158462
v -0.925398 0.774357 0.161260
v -0.922263 0.770618 0.048927
v -1.052308 0.811538 0.046154
v -0.922263 0.770618 0.048927
v -0.792220 0.736421 0.051393
v -0.793932 0.740900 0.163770
v -0.925398 0.774357 0.161260
v -0.925398 0.774357 0.161260
v -0.793932 0.740900 0.163770
v -0.792220 0.736421 0.051393
v -0.922263 0.770618 0.048927
v -0.792220 0.736421 0.051393
v -0.662180 0.707078 0.057294
v -0.662581 0.710977 0.169514
v -0.793932 0.740900 0.163770
v -0.793932 0.740900 0.163770
v -0.662581 0.710977 0.169514
v -0.662180 0.707078 0.057294
v -0.792220 0.736421 0.051393
v -0.662180 0.707078 0.057294
v -0.532145 0.670552 0.066172
v -0.531396 0.674216 0.178063
v -0.662581 0.710977 0.169514
v -0.662581 0.710977 0.169514
v -0.531396 0.674216 0.178063
v -0.532145 0.670552 0.066172
v -0.662180 0.707078 0.057294
v -0.532145 0.670552 0.066172
v -0.402116 0.633596 0.072854
v -0.400424 0.639387 0.184543
v -0.531396 0.674216 0.178063
v -0.531396 0.674216 0.178063
v -0.400424 0.639387 0.184543
v -0.402116 0.633596 0.072854
v -0.532145 0.670552 0.066172
v -0.402116 0.633596 0.072854
v -0.272095 0.616386 0.073371
v -0.269702 0.624446 0.185217
v -0.400424 0.639387 0.184543
v -0.400424 0.639387 0.184543
v -0.269702 0.624446 0.185217
v -0.272095 0.616386 0.073371
v -0.402116 0.633596 0.072854
v -0.272095 0.616386 0.073371
v -0.142082 0.615794 0.070269
v -0.139257 0.623116 0.182481
v -0.269702 0.624446 0.185217
v -0.269702 0.624446 0.185217
v -0.139257 0.623116 0.182481
v -0.142082 0.615794 0.070269
v -0.272095 0.616386 0.073371
v -0.142082 0.615794 0.070269
v -0.012078 0.608140 0.070523
v -0.009107 0.613518 0.182907
v -0.139257 0.623116 0.182481
v -0.139257 0.623116 0.182481
v -0.009107 0.613518 0.182907
v -0.012078 0.608140 0.070523
v -0.142082 0.615794 0.070269
v -0.012078 0.608140 0.070523
v 0.117918 0.591629 0.078003
v 0.120743 0.597687 0.190139
v -0.009107 0.613518 0.182907
v -0.009107 0.613518 0.182907
v 0.120743 0.597687 0.190139
v 0.117918 0.591629 0.078003
v -0.012078 0.608140 0.070523
v 0.117918 0.591629 0.078003
v 0.247905 0.590537 0.089166
v 0.250298 0.598881 0.200840
v 0.120743 0.597687 0.190139
v 0.120743 0.597687 0.190139
v 0.250298 0.598881 0.200840
v 0.247905 0.590537 0.089166
v 0.117918 0.591629 0.078003
v 0.247905 0.590537 0.089166
v 0.377884 0.612335 0.097017
v 0.379576 0.620514 0.208421
v 0.250298 0.598881 0.200840
v 0.250298 0.598881 0.200840
v 0.379576 0.620514 0.208421
v 0.377884 0.612335 0.097017
v 0.247905 0.590537 0.089166
v 0.377884 0.612335 0.097017
v 0.507855 0.636229 0.098690
v 0.508604 0.641694 0.210184
v 0.379576 0.620514 0.208421
v 0.379576 0.620514 0.208421
v 0.508604 0.641694 0.210184
v 0.507855 0.636229 0.098690
v 0.377884 0.612335 0.097017
v 0.507855 0.636229 0.098690
v 0.637820 0.650907 0.097908
v 0.637419 0.654417 0.209634
v 0.508604 0.641694 0.210184
v 0.508604 0.641694 0.210184
v 0.637419 0.654417 0.209634
v 0.637820 0.650907 0.097908
v 0.507855 0.636229 0.098690
v 0.637820 0.650907 0.097908
v 0.767780 0.669377 0.099916
v 0.766068 0.672236 0.211712
v 0.637419 0.654417 0.209634
v 0.637419 0.654417 0.209634
v 0.766068 0.672236 0.211712
v 0.767780 0.669377 0.099916
v 0.637820 0.650907 0.097908
v 0.767780 0.669377 0.099916
v 0.897737 0.698994 0.105420
v 0.894602 0.700232 0.217083
v 0.766068 0.672236 0.211712
v 0.766068 0.672236 0.211712
v 0.894602 0.700232 0.217083
v 0.897737 0.698994 0.105420
v 0.767780 0.669377 0.099916
v 0.897737 0.698994 0.105420
v 1.027692 0.729231 0.110769
v 1.023077 0.727692 0.222308
v 0.894602 0.700232 0.217083
v 0.894602 0.700232 0.217083
v 1.023077 0.727692 0.222308
v 1.027692 0.729231 0.110769
v 0.897737 0.698994 0.105420
v -1.056923 0.814615 0.158462
v -0.925398 0.774357 0.161260
v -0.930051 0.780589 0.273663
v -1.061538 0.817692 0.270769
v -1.061538 0.817692 0.270769
v -0.930051 0.780589 0.273663
v -0.925398 0.774357 0.161260
v -1.056923 0.814615 0.158462
v -0.925398 0.774357 0.161260
v -0.793932 0.740900 0.163770
v -0.798620 0.749505 0.276301
v -0.930051 0.780589 0.273663
v -0.930051 0.780589 0.273663
v -0.798620 0.749505 0.276301
v -0.793932 0.740900 0.163770
v -0.925398 0.774357 0.161260
v -0.793932 0.740900 0.163770
v -0.662581 0.710977 0.169514
v -0.667302 0.720359 0.281788
v -0.798620 0.749505 0.276301
v -0.798620 0.749505 0.276301
v -0.667302 0.720359 0.281788
v -0.662581 0.710977 0.169514
v -0.793932 0.740900 0.163770
v -0.662581 0.710977 0.169514
v -0.531396 0.674216 0.178063
v -0.536147 0.685166 0.289742
v -0.667302 0.720359 0.281788
v -0.667302 0.720359 0.281788
v -0.536147 0.685166 0.289742
v -0.531396 0.674216 0.178063
v -0.662581 0.710977 0.169514
v -0.531396 0.674216 0.178063
v -0.400424 0.639387 0.184543
v -0.405198 0.653642 0.295876
v -0.536147 0.685166 0.289742
v -0.536147 0.685166 0.289742
v -0.405198 0.653642 0.295876
v -0.400424 0.639387 0.184543
v -0.531396 0.674216 0.178063
v -0.400424 0.639387 0.184543
v -0.269702 0.624446 0.185217
v -0.274494 0.640344 0.296899
v -0.405198 0.653642 0.295876
v -0.405198 0.653642 0.295876
v -0.274494 0.640344 0.296899
v -0.269702 0.624446 0.185217
v -0.400424 0.639387 0.184543
v -0.269702 0.624446 0.185217
v -0.139257 0.623116 0.182481
v -0.144060 0.637050 0.294921
v -0.274494 0.640344 0.296899
v -0.274494 0.640344 0.296899
v -0.144060 0.637050 0.294921
v -0.139257 0.623116 0.182481
v -0.269702 0.624446 0.185217
v -0.139257 0.623116 0.182481
v -0.009107 0.613518 0.182907
v -0.013913 0.625465 0.295726
v -0.144060 0.637050 0.294921
v -0.144060 0.637050 0.294921
v -0.013913 0.625465 0.295726
v -0.009107 0.613518 0.182907
v -0.139257 0.623116 0.182481
v -0.009107 0.613518 0.182907
v 0.120743 0.597687 0.190139
v 0.115940 0.610687 0.302522
v -0.013913 0.625465 0.295726
v -0.013913 0.625465 0.295726
v 0.115940 0.610687 0.302522
v 0.120743 0.597687 0.190139
v -0.009107 0.613518 0.182907
v 0.120743 0.597687 0.190139
v 0.250298 0.598881 0.200840
v 0.245506 0.613066 0.312370
v 0.115940 0.610687 0.302522
v 0.115940 0.610687 0.302522
v 0.245506 0.613066 0.312370
v 0.250298 0.598881 0.200840
v 0.120743 0.597687 0.190139
v 0.250298 0.598881 0.200840
v 0.379576 0.620514 0.208421
v 0.374802 0.632376 0.319474
v 0.245506 0.613066 0.312370
v 0.245506 0.613066 0.312370
v 0.374802 0.632376 0.319474
v 0.379576 0.620514 0.208421
v 0.250298 0.598881 0.200840
v 0.379576 0.620514 0.208421
v 0.508604 0.641694 0.210184
v 0.503853 0.649572 0.321455
v 0.374802 0.632376 0.319474
v 0.374802 0.632376 0.319474
v 0.503853 0.649572 0.321455
v 0.508604 0.641694 0.210184
v 0.379576 0.620514 0.208421
v 0.508604 0.641694 0.210184
v 0.637419 0.654417 0.209634
v 0.632698 0.660113 0.321401
v 0.503853 0.649572 0.321455
v 0.503853 0.649572 0.321455
v 0.632698 0.660113 0.321401
v 0.637419 0.654417 0.209634
v 0.508604 0.641694 0.210184
v 0.637419 0.654417 0.209634
v 0.766068 0.672236 0.211712
v 0.761380 0.676719 0.323660
v 0.632698 0.660113 0.321401
v 0.632698 0.660113 0.321401
v 0.761380 0.676719 0.323660
v 0.766068 0.672236 0.211712
v 0.637419 0.654417 0.209634
v 0.766068 0.672236 0.211712
v 0.894602 0.700232 0.217083
v 0.889949 0.702058 0.328817
v 0.761380 0.676719 0.323660
v 0.761380 0.676719 0.323660
v 0.889949 0.702058 0.328817
v 0.894602 0.700232 0.217083
v 0.766068 0.672236 0.211712
v 0.894602 0.700232 0.217083
v 1.023077 0.727692 0.222308
v 1.018462 0.726154 0.333846
v 0.889949 0.702058 0.328817
v 0.889949 0.702058 0.328817
v 1.018462 0.726154 0.333846
v 1.023077 0.727692 0.222308
v 0.894602 0.700232 0.217083
v -1.061538 0.817692 0.270769
v -0.930051 0.780589 0.273663
v -0.935873 0.790059 0.386126
v -1.066154 0.820769 0.383077
v -1.066154 0.820769 0.383077
v -0.935873 0.790059 0.386126
v -0.930051 0.780589 0.273663
v -1.061538 0.817692 0.270769
v -0.930051 0.780589 0.273663
v -0.798620 0.749505 0.276301
v -0.805604 0.764030 0.388970
v -0.935873 0.790059 0.386126
v -0.935873 0.790059 0.386126
v -0.805604 0.764030 0.388970
v -0.798620 0.749505 0.276301
v -0.930051 0.780589 0.273663
v -0.798620 0.749505 0.276301
v -0.667302 0.720359 0.281788
v -0.675355 0.738469 0.394108
v -0.805604 0.764030 0.388970
v -0.805604 0.764030 0.388970
v -0.675355 0.738469 0.394108
v -0.667302 0.720359 0.281788
v -0.798620 0.749505 0.276301
v -0.667302 0.720359 0.281788
v -0.536147 0.685166 0.289742
v -0.545137 0.708005 0.401235
v -0.675355 0.738469 0.394108
v -0.675355 0.738469 0.394108
v -0.545137 0.708005 0.401235
v -0.536147 0.685166 0.289742
v -0.667302 0.720359 0.281788
v -0.536147 0.685166 0.289742
v -0.405198 0.653642 0.295876
v -0.414959 0.681858 0.406896
v -0.545137 0.708005 0.401235
v -0.545137 0.708005 0.401235
v -0.414959 0.681858 0.406896
v -0.405198 0.653642 0.295876
v -0.536147 0.685166 0.289742
v -0.405198 0.653642 0.295876
v -0.274494 0.640344 0.296899
v -0.284826 0.670445 0.408437
v -0.414959 0.681858 0.406896
v -0.414959 0.681858 0.406896
v -0.284826 0.670445 0.408437
v -0.274494 0.640344 0.296899
v -0.405198 0.653642 0.295876
v -0.274494 0.640344 0.296899
v -0.144060 0.637050 0.294921
v -0.154744 0.665155 0.407561
v -0.284826 0.670445 0.408437
v -0.284826 0.670445 0.408437
v -0.154744 0.665155 0.407561
v -0.144060 0.637050 0.294921
v -0.274494 0.640344 0.296899
v -0.144060 0.637050 0.294921
v -0.013913 0.625465 0.295726
v -0.024716 0.652437 0.408928
v -0.154744 0.665155 0.407561
v -0.154744 0.665155 0.407561
v -0.024716 0.652437 0.408928
v -0.013913 0.625465 0.295726
v -0.144060 0.637050 0.294921
v -0.013913 0.625465 0.295726
v 0.115940 0.610687 0.302522
v 0.105256 0.638997 0.415121
v -0.024716 0.652437 0.408928
v -0.024716 0.652437 0.408928
v 0.105256 0.638997 0.415121
v 0.115940 0.610687 0.302522
v -0.013913 0.625465 0.295726
v 0.115940 0.610687 0.302522
v 0.245506 0.613066 0.312370
v 0.235174 0.640756 0.423774
v 0.105256 0.638997 0.415121
v 0.105256 0.638997 0.415121
v 0.235174 0.640756 0.423774
v 0.245506 0.613066 0.312370
v 0.115940 0.610687 0.302522
v 0.245506 0.613066 0.312370
v 0.374802 0.632376 0.319474
v 0.365041 0.654988 0.430215
v 0.235174 0.640756 0.423774
v 0.235174 0.640756 0.423774
v 0.365041 0.654988 0.430215
v 0.374802 0.632376 0.319474
v 0.245506 0.613066 0.312370
v 0.374802 0.632376 0.319474
v 0.503853 0.649572 0.321455
v 0.494863 0.666271 0.432530
v 0.365041 0.654988 0.430215
v 0.365041 0.654988 0.430215
v 0.494863 0.666271 0.432530
v 0.503853 0.649572 0.321455
v 0.374802 0.632376 0.319474
v 0.503853 0.649572 0.321455
v 0.632698 0.660113 0.321401
v 0.624645 0.673107 0.433204
v 0.494863 0.666271 0.432530
v 0.494863 0.666271 0.432530
v 0.624645 0.673107 0.433204
v 0.632698 0.660113 0.321401
v 0.503853 0.649572 0.321455
v 0.632698 0.660113 0.321401
v 0.761380 0.676719 0.323660
v 0.754396 0.686156 0.435742
v 0.624645 0.673107 0.433204
v 0.624645 0.673107 0.433204
v 0.754396 0.686156 0.435742
v 0.761380 0.676719 0.323660
v 0.632698 0.660113 0.321401
v 0.761380 0.676719 0.323660
v 0.889949 0.702058 0.328817
v 0.884127 0.706078 0.440615
v 0.754396 0.686156 0.435742
v 0.754396 0.686156 0.435742
v 0.884127 0.706078 0.440615
v 0.889949 0.702058 0.328817
v 0.761380 0.676719 0.323660
v 0.889949 0.702058 0.328817
v 1.018462 0.726154 0.333846
v 1.013846 0.724615 0.445385
v 0.884127 0.706078 0.440615
v 0.884127 0.706078 0.440615
v 1.013846 0.724615 0.445385
v 1.018462 0.726154 0.333846
v 0.889949 0.702058 0.328817
v -1.066154 0.820769 0.383077
v -0.935873 0.790059 0.386126
v -0.941386 0.801107 0.498639
v -1.070769 0.823846 0.495385
v -1.070769 0.823846 0.495385
v -0.941386 0.801107 0.498639
v -0.935873 0.790059 0.386126
v -1.066154 0.820769 0.383077
v -0.935873 0.790059 0.386126
v -0.805604 0.764030 0.388970
v -0.811979 0.781558 0.501749
v -0.941386 0.801107 0.498639
v -0.941386 0.801107 0.498639
v -0.811979 0.781558 0.501749
v -0.805604 0.764030 0.388970
v -0.935873 0.790059 0.386126
v -0.805604 0.764030 0.388970
v -0.675355 0.738469 0.394108
v -0.682526 0.761652 0.506467
v -0.811979 0.781558 0.501749
v -0.811979 0.781558 0.501749
v -0.682526 0.761652 0.506467
v -0.675355 0.738469 0.394108
v -0.805604 0.764030 0.388970
v -0.675355 0.738469 0.394108
v -0.545137 0.708005 0.401235
v -0.553005 0.738439 0.512578
v -0.682526 0.761652 0.506467
v -0.682526 0.761652 0.506467
v -0.553005 0.738439 0.512578
v -0.545137 0.708005 0.401235
v -0.675355 0.738469 0.394108
v -0.545137 0.708005 0.401235
v -0.414959 0.681858 0.406896
v -0.423398 0.719152 0.517662
v -0.553005 0.738439 0.512578
v -0.553005 0.738439 0.512578
v -0.423398 0.719152 0.517662
v -0.414959 0.681858 0.406896
v -0.545137 0.708005 0.401235
v -0.414959 0.681858 0.406896
v -0.284826 0.670445 0.408437
v -0.293690 0.709949 0.519860
v -0.423398 0.719152 0.517662
v -0.423398 0.719152 0.517662
v -0.293690 0.709949 0.519860
v -0.284826 0.670445 0.408437
v -0.414959 0.681858 0.406896
v -0.284826 0.670445 0.408437
v -0.154744 0.665155 0.407561
v -0.163870 0.703525 0.520363
v -0.293690 0.709949 0.519860
v -0.293690 0.709949 0.519860
v -0.163870 0.703525 0.520363
v -0.154744 0.665155 0.407561
v -0.284826 0.670445 0.408437
v -0.154744 0.665155 0.407561
v -0.024716 0.652437 0.408928
v -0.033931 0.691437 0.522437
v -0.163870 0.703525 0.520363
v -0.163870 0.703525 0.520363
v -0.033931 0.691437 0.522437
v -0.024716 0.652437 0.408928
v -0.154744 0.665155 0.407561
v -0.024716 0.652437 0.408928
v 0.105256 0.638997 0.415121
v 0.096130 0.680062 0.527895
v -0.033931 0.691437 0.522437
v -0.033931 0.691437 0.522437
v 0.096130 0.680062 0.527895
v 0.105256 0.638997 0.415121
v -0.024716 0.652437 0.408928
v 0.105256 0.638997 0.415121
v 0.235174 0.640756 0.423774
v 0.226310 0.679921 0.535076
v 0.096130 0.680062 0.527895
v 0.096130 0.680062 0.527895
v 0.226310 0.679921 0.535076
v 0.235174 0.640756 0.423774
v 0.105256 0.638997 0.415121
v 0.235174 0.640756 0.423774
v 0.365041 0.654988 0.430215
v 0.356602 0.687370 0.540707
v 0.226310 0.679921 0.535076
v 0.226310 0.679921 0.535076
v 0.356602 0.687370 0.540707
v 0.365041 0.654988 0.430215
v 0.235174 0.640756 0.423774
v 0.365041 0.654988 0.430215
v 0.494863 0.666271 0.432530
v 0.486995 0.691836 0.543446
v 0.356602 0.687370 0.540707
v 0.356602 0.687370 0.540707
v 0.486995 0.691836 0.543446
v 0.494863 0.666271 0.432530
v 0.365041 0.654988 0.430215
v 0.494863 0.666271 0.432530
v 0.624645 0.673107 0.433204
v 0.617474 0.693832 0.545035
v 0.486995 0.691836 0.543446
v 0.486995 0.691836 0.543446
v 0.617474 0.693832 0.545035
v 0.624645 0.673107 0.433204
v 0.494863 0.666271 0.432530
v 0.624645 0.673107 0.433204
v 0.754396 0.686156 0.435742
v 0.748021 0.700944 0.547931
v 0.617474 0.693832 0.545035
v 0.617474 0.693832 0.545035
v 0.748021 0.700944 0.547931
v 0.754396 0.686156 0.435742
v 0.624645 0.673107 0.433204
v 0.754396 0.686156 0.435742
v 0.884127 0.706078 0.440615
v 0.878614 0.712612 0.552463
v 0.748021 0.700944 0.547931
v 0.748021 0.700944 0.547931
v 0.878614 0.712612 0.552463
v 0.884127 0.706078 0.440615
v 0.754396 0.686156 0.435742
v 0.884127 0.706078 0.440615
v 1.013846 0.724615 0.445385
v 1.009231 0.723077 0.556923
v 0.878614 0.712612 0.552463
v 0.878614 0.712612 0.552463
v 1.009231 0.723077 0.556923
v 1.013846 0.724615 0.445385
v 0.884127 0.706078 0.440615
v -1.070769 0.823846 0.495385
v -0.941386 0.801107 0.498639
v -0.945847 0.812073 0.611185
v -1.075385 0.826923 0.607692
v -1.075385 0.826923 0.607692
v -0.945847 0.812073 0.611185
v -0.941386 0.801107 0.498639
v -1.070769 0.823846 0.495385
v -0.941386 0.801107 0.498639
v -0.811979 0.781558 0.501749
v -0.816291 0.798853 0.614604
v -0.945847 0.812073 0.611185
v -0.945847 0.812073 0.611185
v -0.816291 0.798853 0.614604
v -0.811979 0.781558 0.501749
v -0.941386 0.801107 0.498639
v -0.811979 0.781558 0.501749
v -0.682526 0.761652 0.506467
v -0.686700 0.785195 0.618851
v -0.816291 0.798853 0.614604
v -0.816291 0.798853 0.614604
v -0.686700 0.785195 0.618851
v -0.682526 0.761652 0.506467
v -0.811979 0.781558 0.501749
v -0.682526 0.761652 0.506467
v -0.553005 0.738439 0.512578
v -0.557059 0.770046 0.623816
v -0.686700 0.785195 0.618851
v -0.686700 0.785195 0.618851
v -0.557059 0.770046 0.623816
v -0.553005 0.738439 0.512578
v -0.682526 0.761652 0.506467
v -0.553005 0.738439 0.512578
v -0.423398 0.719152 0.517662
v -0.427354 0.757433 0.628252
v -0.557059 0.770046 0.623816
v -0.557059 0.770046 0.623816
v -0.427354 0.757433 0.628252
v -0.423398 0.719152 0.517662
v -0.553005 0.738439 0.512578
v -0.423398 0.719152 0.517662
v -0.293690 0.709949 0.519860
v -0.297573 0.749851 0.631201
v -0.427354 0.757433 0.628252
v -0.427354 0.757433 0.628252
v -0.297573 0.749851 0.631201
v -0.293690 0.709949 0.519860
v -0.423398 0.719152 0.517662
v -0.293690 0.709949 0.519860
v -0.163870 0.703525 0.520363
v -0.167707 0.742968 0.633277
v -0.297573 0.749851 0.631201
v -0.297573 0.749851 0.631201
v -0.167707 0.742968 0.633277
v -0.163870 0.703525 0.520363
v -0.293690 0.709949 0.519860
v -0.163870 0.703525 0.520363
v -0.033931 0.691437 0.522437
v -0.037753 0.733076 0.636163
v -0.167707 0.742968 0.633277
v -0.167707 0.742968 0.633277
v -0.037753 0.733076 0.636163
v -0.033931 0.691437 0.522437
v -0.163870 0.703525 0.520363
v -0.033931 0.691437 0.522437
v 0.096130 0.680062 0.527895
v 0.092293 0.724214 0.640791
v -0.037753 0.733076 0.636163
v -0.037753 0.733076 0.636163
v 0.092293 0.724214 0.640791
v 0.096130 0.680062 0.527895
v -0.033931 0.691437 0.522437
v 0.096130 0.680062 0.527895
v 0.226310 0.679921 0.535076
v 0.222427 0.721310 0.646306
v 0.092293 0.724214 0.640791
v 0.092293 0.724214 0.640791
v 0.222427 0.721310 0.646306
v 0.226310 0.679921 0.535076
v 0.096130 0.680062 0.527895
v 0.226310 0.679921 0.535076
v 0.356602 0.687370 0.540707
v 0.352646 0.721618 0.651024
v 0.222427 0.721310 0.646306
v 0.222427 0.721310 0.646306
v 0.352646 0.721618 0.651024
v 0.356602 0.687370 0.540707
v 0.226310 0.679921 0.535076
v 0.356602 0.687370 0.540707
v 0.486995 0.691836 0.543446
v 0.482941 0.719936 0.654252
v 0.352646 0.721618 0.651024
v 0.352646 0.721618 0.651024
v 0.482941 0.719936 0.654252
v 0.486995 0.691836 0.543446
v 0.356602 0.687370 0.540707
v 0.486995 0.691836 0.543446
v 0.617474 0.693832 0.545035
v 0.613300 0.717308 0.656888
v 0.482941 0.719936 0.654252
v 0.482941 0.719936 0.654252
v 0.613300 0.717308 0.656888
v 0.617474 0.693832 0.545035
v 0.486995 0.691836 0.543446
v 0.617474 0.693832 0.545035
v 0.748021 0.700944 0.547931
v 0.743709 0.717586 0.660196
v 0.613300 0.717308 0.656888
v 0.613300 0.717308 0.656888
v 0.743709 0.717586 0.660196
v 0.748021 0.700944 0.547931
v 0.617474 0.693832 0.545035
v 0.748021 0.700944 0.547931
v 0.878614 0.712612 0.552463
v 0.874153 0.719955 0.664348
v 0.743709 0.717586 0.660196
v 0.743709 0.717586 0.660196
v 0.874153 0.719955 0.664348
v 0.878614 0.712612 0.552463
v 0.748021 0.700944 0.547931
v 0.878614 0.712612 0.552463
v 1.009231 0.723077 0.556923
v 1.004615 0.721538 0.668462
v 0.874153 0.719955 0.664348
v 0.874153 0.719955 0.664348
v 1.004615 0.721538 0.668462
v 1.009231 0.723077 0.556923
v 0.878614 0.712612 0.552463
v -1.075385 0.826923 0.607692
v -0.945847 0.812073 0.611185
v -0.950000 0.823125 0.723750
v -1.080000 0.830000 0.720000
v -1.080000 0.830000 0.720000
v -0.950000 0.823125 0.723750
v -0.945847 0.812073 0.611185
v -1.075385 0.826923 0.607692
v -0.945847 0.812073 0.611185
v -0.816291 0.798853 0.614604
v -0.820000 0.816250 0.727500
v -0.950000 0.823125 0.723750
v -0.950000 0.823125 0.723750
v -0.820000 0.816250 0.727500
v -0.816291 0.798853 0.614604
v -0.945847 0.812073 0.611185
v -0.816291 0.798853 0.614604
v -0.686700 0.785195 0.618851
v -0.690000 0.809375 0.731250
v -0.820000 0.816250 0.727500
v -0.820000 0.816250 0.727500
v -0.690000 0.809375 0.731250
v -0.686700 0.785195 0.618851
v -0.816291 0.798853 0.614604
v -0.686700 0.785195 0.618851
v -0.557059 0.770046 0.623816
v -0.560000 0.802500 0.735000
v -0.690000 0.809375 0.731250
v -0.690000 0.809375 0.731250
v -0.560000 0.802500 0.735000
v -0.557059 0.770046 0.623816
v -0.686700 0.785195 0.618851
v -0.557059 0.770046 0.623816
v -0.427354 0.757433 0.628252
v -0.430000 0.795625 0.738750
v -0.560000 0.802500 0.735000
v -0.560000 0.802500 0.735000
v -0.430000 0.795625 0.738750
v -0.427354 0.757433 0.628252
v -0.557059 0.770046 0.623816
v -0.427354 0.757433 0.628252
v -0.297573 0.749851 0.631201
v -0.300000 0.788750 0.742500
v -0.430000 0.795625 0.738750
v -0.430000 0.795625 0.738750
v -0.300000 0.788750 0.742500
v -0.297573 0.749851 0.631201
v -0.427354 0.757433 0.628252
v -0.297573 0.749851 0.631201
v -0.167707 0.742968 0.633277
v -0.170000 0.781875 0.746250
v -0.300000 0.788750 0.742500
v -0.300000 0.788750 0.742500
v -0.170000 0.781875 0.746250
v -0.167707 0.742968 0.633277
v -0.297573 0.749851 0.631201
v -0.167707 0.742968 0.633277
v -0.037753 0.733076 0.636163
v -0.040000 0.775000 0.750000
v -0.170000 0.781875 0.746250
v -0.170000 0.781875 0.746250
v -0.040000 0.775000 0.750000
v -0.037753 0.733076 0.636163
v -0.167707 0.742968 0.633277
v -0.037753 0.733076 0.636163
v 0.092293 0.724214 0.640791
v 0.090000 0.768125 0.753750
v -0.040000 0.775000 0.750000
v -0.040000 0.775000 0.750000
v 0.090000 0.768125 0.753750
v 0.092293 0.724214 0.640791
v -0.037753 0.733076 0.636163
v 0.092293 0.724214 0.640791
v 0.222427 0.721310 0.646306
v 0.220000 0.761250 0.757500
v 0.090000 0.768125 0.753750
v 0.090000 0.768125 0.753750
v 0.220000 0.761250 0.757500
v 0.222427 0.721310 0.646306
v 0.092293 0.724214 0.640791
v 0.222427 0.721310 0.646306
v 0.352646 0.721618 0.651024
v 0.350000 0.754375 0.761250
v 0.220000 0.761250 0.757500
v 0.220000 0.761250 0.757500
v 0.350000 0.754375 0.761250
v 0.352646 0.721618 0.651024
v 0.222427 0.721310 0.646306
v 0.352646 0.721618 0.651024
v 0.482941 0.719936 0.654252
v 0.480000 0.747500 0.765000
v 0.350000 0.754375 0.761250
v 0.350000 0.754375 0.761250
v 0.480000 0.747500 0.765000
v 0.482941 0.719936 0.654252
v 0.352646 0.721618 0.651024
v 0.482941 0.719936 0.654252
v 0.613300 0.717308 0.656888
v 0.610000 0.740625 0.768750
v 0.480000 0.747500 0.765000
v 0.480000 0.747500 0.765000
v 0.610000 0.740625 0.768750
v 0.613300 0.717308 0.656888
v 0.482941 0.719936 0.654252
v 0.613300 0.717308 0.656888
v 0.743709 0.717586 0.660196
v 0.740000 0.733750 0.772500
v 0.610000 0.740625 0.768750
v 0.610000 0.740625 0.768750
v 0.740000 0.733750 0.772500
v 0.743709 0.717586 0.660196
v 0.613300 0.717308 0.656888
v 0.743709 0.717586 0.660196
v 0.874153 0.719955 0.664348
v 0.870000 0.726875 0.776250
v 0.740000 0.733750 0.772500
v 0.740000 0.733750 0.772500
v 0.870000 0.726875 0.776250
v 0.874153 0.719955 0.664348
v 0.743709 0.717586 0.660196
v 0.874153 0.719955 0.664348
v 1.004615 0.721538 0.668462
v 1.000000 0.720000 0.780000
v 0.870000 0.726875 0.776250
v 0.870000 0.726875 0.776250
v 1.000000 0.720000 0.780000
v 1.004615 0.721538 0.668462
v 0.874153 0.719955 0.664348
v -1.019664 0.790000 -0.749994
v -1.019624 0.798658 -0.744990
v 1.060376 0.748658 -0.674990
v 1.060336 0.740000 -0.679994
v -1.019624 0.798658 -0.744990
v -1.019960 0.798658 -0.734996
v 1.060040 0.748658 -0.664996
v 1.060376 0.748658 -0.674990
v -1.019960 0.798658 -0.734996
v -1.020336 0.790000 -0.730006
v 1.059664 0.740000 -0.660006
v 1.060040 0.748658 -0.664996
v -1.020336 0.790000 -0.730006
v -1.020376 0.781342 -0.735010
v 1.059624 0.731342 -0.665010
v 1.059664 0.740000 -0.660006
v -1.020376 0.781342 -0.735010
v -1.020040 0.781342 -0.745004
v 1.059960 0.731342 -0.675004
v 1.059624 0.731342 -0.665010
v -1.020040 0.781342 -0.745004
v -1.019664 0.790000 -0.749994
v 1.060336 0.740000 -0.679994
v 1.059960 0.731342 -0.675004
v -1.020000 0.790000 -0.740000
v -1.019664 0.790000 -0.749994
v -1.019624 0.798658 -0.744990
v -1.019624 0.798658 -0.744990
v -1.019960 0.798658 -0.734996
v -1.019960 0.798658 -0.734996
v -1.020336 0.790000 -0.730006
v -1.020336 0.790000 -0.730006
v -1.020376 0.781342 -0.735010
v -1.020376 0.781342 -0.735010
v -1.020040 0.781342 -0.745004
v -1.020040 0.781342 -0.745004
v -1.019664 0.790000 -0.749994
v 1.060000 0.740000 -0.670000
v 1.060336 0.740000 -0.679994
v 1.060376 0.748658 -0.674990
v 1.060376 0.748658 -0.674990
v 1.060040 0.748658 -0.664996
v 1.060040 0.748658 -0.664996
v 1.059664 0.740000 -0.660006
v 1.059664 0.740000 -0.660006
v 1.059624 0.731342 -0.665010
v 1.059624 0.731342 -0.665010
v 1.059960 0.731342 -0.675004
v 1.059960 0.731342 -0.675004
v 1.060336 0.740000 -0.679994
v 1.069991 0.740000 -0.669587
v 1.064991 0.748659 -0.669674
v 1.004991 0.728659 0.780326
v 1.009991 0.720000 0.780413
v 1.064991 0.748659 -0.669674
v 1.054999 0.748659 -0.670087
v 0.994999 0.728659 0.779913
v 1.004991 0.728659 0.780326
v 1.054999 0.748659 -0.670087
v 1.050009 0.740000 -0.670413
v 0.990009 0.720000 0.779587
v 0.994999 0.728659 0.779913
v 1.050009 0.740000 -0.670413
v 1.055009 0.731341 -0.670326
v 0.995009 0.711341 0.779674
v 0.990009 0.720000 0.779587
v 1.055009 0.731341 -0.670326
v 1.065001 0.731341 -0.669913
v 1.005001 0.711341 0.780087
v 0.995009 0.711341 0.779674
v 1.065001 0.731341 -0.669913
v 1.069991 0.740000 -0.669587
v 1.009991 0.720000 0.780413
v 1.005001 0.711341 0.780087
v 1.060000 0.740000 -0.670000
v 1.069991 0.740000 -0.669587
v 1.064991 0.748659 -0.669674
v 1.064991 0.748659 -0.669674
v 1.054999 0.748659 -0.670087
v 1.054999 0.748659 -0.670087
v 1.050009 0.740000 -0.670413
v 1.050009 0.740000 -0.670413
v 1.055009 0.731341 -0.670326
v 1.055009 0.731341 -0.670326
v 1.065001 0.731341 -0.669913
v 1.065001 0.731341 -0.669913
v 1.069991 0.740000 -0.669587
v 1.000000 0.720000 0.780000
v 1.009991 0.720000 0.780413
v 1.004991 0.728659 0.780326
v 1.004991 0.728659 0.780326
v 0.994999 0.728659 0.779913
v 0.994999 0.728659 0.779913
v 0.990009 0.720000 0.779587
v 0.990009 0.720000 0.779587
v 0.995009 0.711341 0.779674
v 0.995009 0.711341 0.779674
v 1.005001 0.711341 0.780087
v 1.005001 0.711341 0.780087
v 1.009991 0.720000 0.780413
v 0.999712 0.720000 0.789996
v 1.000313 0.728648 0.785011
v -1.079687 0.838648 0.725011
v -1.080288 0.830000 0.729996
v 1.000313 0.728648 0.785011
v 1.000601 0.728648 0.775015
v -1.079399 0.838648 0.715015
v -1.079687 0.838648 0.725011
v 1.000601 0.728648 0.775015
v 1.000288 0.720000 0.770004
v -1.079712 0.830000 0.710004
v -1.079399 0.838648 0.715015
v 1.000288 0.720000 0.770004
v 0.999687 0.711352 0.774989
v -1.080313 0.821352 0.714989
v -1.079712 0.830000 0.710004
v 0.999687 0.711352 0.774989
v 0.999399 0.711352 0.784985
v -1.080601 0.821352 0.724985
v -1.080313 0.821352 0.714989
v 0.999399 0.711352 0.784985
v 0.999712 0.720000 0.789996
v -1.080288 0.830000 0.729996
v -1.080601 0.821352 0.724985
v 1.000000 0.720000 0.780000
v 0.999712 0.720000 0.789996
v 1.000313 0.728648 0.785011
v 1.000313 0.728648 0.785011
v 1.000601 0.728648 0.775015
v 1.000601 0.728648 0.775015
v 1.000288 0.720000 0.770004
v 1.000288 0.720000 0.770004
v 0.999687 0.711352 0.774989
v 0.999687 0.711352 0.774989
v 0.999399 0.711352 0.784985
v 0.999399 0.711352 0.784985
v 0.999712 0.720000 0.789996
v -1.080000 0.830000 0.720000
v -1.080288 0.830000 0.729996
v -1.079687 0.838648 0.725011
v -1.079687 0.838648 0.725011
v -1.079399 0.838648 0.715015
v -1.079399 0.838648 0.715015
v -1.079712 0.830000 0.710004
v -1.079712 0.830000 0.710004
v -1.080313 0.821352 0.714989
v -1.080313 0.821352 0.714989
v -1.080601 0.821352 0.724985
v -1.080601 0.821352 0.724985
v -1.080288 0.830000 0.729996
v -1.089992 0.830000 0.719589
v -1.084986 0.838657 0.719558
v -1.024986 0.798657 -0.740442
v -1.029992 0.790000 -0.740411
v -1.084986 0.838657 0.719558
v -1.074994 0.838657 0.719969
v -1.014994 0.798657 -0.740031
v -1.024986 0.798657 -0.740442
v -1.074994 0.838657 0.719969
v -1.070008 0.830000 0.720411
v -1.010008 0.790000 -0.739589
v -1.014994 0.798657 -0.740031
v -1.070008 0.830000 0.720411
v -1.075014 0.821343 0.720442
v -1.015014 0.781343 -0.739558
v -1.010008 0.790000 -0.739589
v -1.075014 0.821343 0.720442
v -1.085006 0.821343 0.720031
v -1.025006 0.781343 -0.739969
v -1.015014 0.781343 -0.739558
v -1.085006 0.821343 0.720031
v -1.089992 0.830000 0.719589
v -1.029992 0.790000 -0.740411
v -1.025006 0.781343 -0.739969
v -1.080000 0.830000 0.720000
v -1.089992 0.830000 0.719589
v -1.084986 0.838657 0.719558
v -1.084986 0.838657 0.719558
v -1.074994 0.838657 0.719969
v -1.074994 0.838657 0.719969
v -1.070008 0.830000 0.720411
v -1.070008 0.830000 0.720411
v -1.075014 0.821343 0.720442
v -1.075014 0.821343 0.720442
v -1.085006 0.821343 0.720031
v -1.085006 0.821343 0.720031
v -1.089992 0.830000 0.719589
v -1.020000 0.790000 -0.740000
v -1.029992 0.790000 -0.740411
v -1.024986 0.798657 -0.740442
v -1.024986 0.798657 -0.740442
v -1.014994 0.798657 -0.740031
v -1.014994 0.798657 -0.740031
v -1.010008 0.790000 -0.739589
v -1.010008 0.790000 -0.739589
v -1.015014 0.781343 -0.739558
v -1.015014 0.781343 -0.739558
v -1.025006 0.781343 -0.739969
v -1.025006 0.781343 -0.739969
v -1.029992 0.790000 -0.740411
v -0.981000 0.790000 -0.740000
v -0.986225 0.790000 -0.720500
v -0.992287 0.797000 -0.724000
v -0.988000 0.797000 -0.740000
v -0.988000 0.797000 -0.740000
v -0.992287 0.797000 -0.724000
v -0.998349 0.790000 -0.727500
v -0.995000 0.790000 -0.740000
v -0.995000 0.790000 -0.740000
v -0.998349 0.790000 -0.727500
v -0.992287 0.783000 -0.724000
v -0.988000 0.783000 -0.740000
v -0.988000 0.783000 -0.740000
v -0.992287 0.783000 -0.724000
v -0.986225 0.790000 -0.720500
v -0.981000 0.790000 -0.740000
v -0.986225 0.790000 -0.720500
v -1.000500 0.790000 -0.706225
v -1.004000 0.797000 -0.712287
v -0.992287 0.797000 -0.724000
v -0.992287 0.797000 -0.724000
v -1.004000 0.797000 -0.712287
v -1.007500 0.790000 -0.718349
v -0.998349 0.790000 -0.727500
v -0.998349 0.790000 -0.727500
v -1.007500 0.790000 -0.718349
v -1.004000 0.783000 -0.712287
v -0.992287 0.783000 -0.724000
v -0.992287 0.783000 -0.724000
v -1.004000 0.783000 -0.712287
v -1.000500 0.790000 -0.706225
v -0.986225 0.790000 -0.720500
v -1.000500 0.790000 -0.706225
v -1.020000 0.790000 -0.701000
v -1.020000 0.797000 -0.708000
v -1.004000 0.797000 -0.712287
v -1.004000 0.797000 -0.712287
v -1.020000 0.797000 -0.708000
v -1.020000 0.790000 -0.715000
v -1.007500 0.790000 -0.718349
v -1.007500 0.790000 -0.718349
v -1.020000 0.790000 -0.715000
v -1.020000 0.783000 -0.708000
v -1.004000 0.783000 -0.712287
v -1.004000 0.783000 -0.712287
v -1.020000 0.783000 -0.708000
v -1.020000 0.790000 -0.701000
v -1.000500 0.790000 -0.706225
v -1.020000 0.790000 -0.701000
v -1.039500 0.790000 -0.706225
v -1.036000 0.797000 -0.712287
v -1.020000 0.797000 -0.708000
v -1.020000 0.797000 -0.708000
v -1.036000 0.797000 -0.712287
v -1.032500 0.790000 -0.718349
v -1.020000 0.790000 -0.715000
v -1.020000 0.790000 -0.715000
v -1.032500 0.790000 -0.718349
v -1.036000 0.783000 -0.712287
v -1.020000 0.783000 -0.708000
v -1.020000 0.783000 -0.708000
v -1.036000 0.783000 -0.712287
v -1.039500 0.790000 -0.706225
v -1.020000 0.790000 -0.701000
v -1.039500 0.790000 -0.706225
v -1.053775 0.790000 -0.720500
v -1.047713 0.797000 -0.724000
v -1.036000 0.797000 -0.712287
v -1.036000 0.797000 -0.712287
v -1.047713 0.797000 -0.724000
v -1.041651 0.790000 -0.727500
v -1.032500 0.790000 -0.718349
v -1.032500 0.790000 -0.718349
v -1.041651 0.790000 -0.727500
v -1.047713 0.783000 -0.724000
v -1.036000 0.783000 -0.712287
v -1.036000 0.783000 -0.712287
v -1.047713 0.783000 -0.724000
v -1.053775 0.790000 -0.720500
v -1.039500 0.790000 -0.706225
v -1.053775 0.790000 -0.720500
v -1.059000 0.790000 -0.740000
v -1.052000 0.797000 -0.740000
v -1.047713 0.797000 -0.724000
v -1.047713 0.797000 -0.724000
v -1.052000 0.797000 -0.740000
v -1.045000 0.790000 -0.740000
v -1.041651 0.790000 -0.727500
v -1.041651 0.790000 -0.727500
v -1.045000 0.790000 -0.740000
v -1.052000 0.783000 -0.740000
v -1.047713 0.783000 -0.724000
v -1.047713 0.783000 -0.724000
v -1.052000 0.783000 -0.740000
v -1.059000 0.790000 -0.740000
v -1.053775 0.790000 -0.720500
v -1.059000 0.790000 -0.740000
v -1.053775 0.790000 -0.759500
v -1.047713 0.797000 -0.756000
v -1.052000 0.797000 -0.740000
v -1.052000 0.797000 -0.740000
v -1.047713 0.797000 -0.756000
v -1.041651 0.790000 -0.752500
v -1.045000 0.790000 -0.740000
v -1.045000 0.790000 -0.740000
v -1.041651 0.790000 -0.752500
v -1.047713 0.783000 -0.756000
v -1.052000 0.783000 -0.740000
v -1.052000 0.783000 -0.740000
v -1.047713 0.783000 -0.756000
v -1.053775 0.790000 -0.759500
v -1.059000 0.790000 -0.740000
v -1.053775 0.790000 -0.759500
v -1.039500 0.790000 -0.773775
v -1.036000 0.797000 -0.767713
v -1.047713 0.797000 -0.756000
v -1.047713 0.797000 -0.756000
v -1.036000 0.797000 -0.767713
v -1.032500 0.790000 -0.761651
v -1.041651 0.790000 -0.752500
v -1.041651 0.790000 -0.752500
v -1.032500 0.790000 -0.761651
v -1.036000 0.783000 -0.767713
v -1.047713 0.783000 -0.756000
v -1.047713 0.783000 -0.756000
v -1.036000 0.783000 -0.767713
v -1.039500 0.790000 -0.773775
v -1.053775 0.790000 -0.759500
v -1.039500 0.790000 -0.773775
v -1.020000 0.790000 -0.779000
v -1.020000 0.797000 -0.772000
v -1.036000 0.797000 -0.767713
v -1.036000 0.797000 -0.767713
v -1.020000 0.797000 -0.772000
v -1.020000 0.790000 -0.765000
v -1.032500 0.790000 -0.761651
v -1.032500 0.790000 -0.761651
v -1.020000 0.790000 -0.765000
v -1.020000 0.783000 -0.772000
v -1.036000 0.783000 -0.767713
v -1.036000 0.783000 -0.767713
v -1.020000 0.783000 -0.772000
v -1.020000 0.790000 -0.779000
v -1.039500 0.790000 -0.773775
v -1.020000 0.790000 -0.779000
v -1.000500 0.790000 -0.773775
v -1.004000 0.797000 -0.767713
v -1.020000 0.797000 -0.772000
v -1.020000 0.797000 -0.772000
v -1.004000 0.797000 -0.767713
v -1.007500 0.790000 -0.761651
v -1.020000 0.790000 -0.765000
v -1.020000 0.790000 -0.765000
v -1.007500 0.790000 -0.761651
v -1.004000 0.783000 -0.767713
v -1.020000 0.783000 -0.772000
v -1.020000 0.783000 -0.772000
v -1.004000 0.783000 -0.767713
v -1.000500 0.790000 -0.773775
v -1.020000 0.790000 -0.779000
v -1.000500 0.790000 -0.773775
v -0.986225 0.790000 -0.759500
v -0.992287 0.797000 -0.756000
v -1.004000 0.797000 -0.767713
v -1.004000 0.797000 -0.767713
v -0.992287 0.797000 -0.756000
v -0.998349 0.790000 -0.752500
v -1.007500 0.790000 -0.761651
v -1.007500 0.790000 -0.761651
v -0.998349 0.790000 -0.752500
v -0.992287 0.783000 -0.756000
v -1.004000 0.783000 -0.767713
v -1.004000 0.783000 -0.767713
v -0.992287 0.783000 -0.756000
v -0.986225 0.790000 -0.759500
v -1.000500 0.790000 -0.773775
v -0.986225 0.790000 -0.759500
v -0.981000 0.790000 -0.740000
v -0.988000 0.797000 -0.740000
v -0.992287 0.797000 -0.756000
v -0.992287 0.797000 -0.756000
v -0.988000 0.797000 -0.740000
v -0.995000 0.790000 -0.740000
v -0.998349 0.790000 -0.752500
v -0.998349 0.790000 -0.752500
v -0.995000 0.790000 -0.740000
v -0.988000 0.783000 -0.740000
v -0.992287 0.783000 -0.756000
v -0.992287 0.783000 -0.756000
v -0.988000 0.783000 -0.740000
v -0.981000 0.790000 -0.740000
v -0.986225 0.790000 -0.759500
v 1.099000 0.740000 -0.670000
v 1.093775 0.740000 -0.650500
v 1.087713 0.747000 -0.654000
v 1.092000 0.747000 -0.670000
v 1.092000 0.747000 -0.670000
v 1.087713 0.747000 -0.654000
v 1.081651 0.740000 -0.657500
v 1.085000 0.740000 -0.670000
v 1.085000 0.740000 -0.670000
v 1.081651 0.740000 -0.657500
v 1.087713 0.733000 -0.654000
v 1.092000 0.733000 -0.670000
v 1.092000 0.733000 -0.670000
v 1.087713 0.733000 -0.654000
v 1.093775 0.740000 -0.650500
v 1.099000 0.740000 -0.670000
v 1.093775 0.740000 -0.650500
v 1.079500 0.740000 -0.636225
v 1.076000 0.747000 -0.642287
v 1.087713 0.747000 -0.654000
v 1.087713 0.747000 -0.654000
v 1.076000 0.747000 -0.642287
v 1.072500 0.740000 -0.648349
v 1.081651 0.740000 -0.657500
v 1.081651 0.740000 -0.657500
v 1.072500 0.740000 -0.648349
v 1.076000 0.733000 -0.642287
v 1.087713 0.733000 -0.654000
v 1.087713 0.733000 -0.654000
v 1.076000 0.733000 -0.642287
v 1.079500 0.740000 -0.636225
v 1.093775 0.740000 -0.650500
v 1.079500 0.740000 -0.636225
v 1.060000 0.740000 -0.631000
v 1.060000 0.747000 -0.638000
v 1.076000 0.747000 -0.642287
v 1.076000 0.747000 -0.642287
v 1.060000 0.747000 -0.638000
v 1.060000 0.740000 -0.645000
v 1.072500 0.740000 -0.648349
v 1.072500 0.740000 -0.648349
v 1.060000 0.740000 -0.645000
v 1.060000 0.733000 -0.638000
v 1.076000 0.733000 -0.642287
v 1.076000 0.733000 -0.642287
v 1.060000 0.733000 -0.638000
v 1.060000 0.740000 -0.631000
v 1.079500 0.740000 -0.636225
v 1.060000 0.740000 -0.631000
v 1.040500 0.740000 -0.636225
v 1.044000 0.747000 -0.642287
v 1.060000 0.747000 -0.638000
v 1.060000 0.747000 -0.638000
v 1.044000 0.747000 -0.642287
v 1.047500 0.740000 -0.648349
v 1.060000 0.740000 -0.645000
v 1.060000 0.740000 -0.645000
v 1.047500 0.740000 -0.648349
v 1.044000 0.733000 -0.642287
v 1.060000 0.733000 -0.638000
v 1.060000 0.733000 -0.638000
v 1.044000 0.733000 -0.642287
v 1.040500 0.740000 -0.636225
v 1.060000 0.740000 -0.631000
v 1.040500 0.740000 -0.636225
v 1.026225 0.740000 -0.650500
v 1.032287 0.747000 -0.654000
v 1.044000 0.747000 -0.642287
v 1.044000 0.747000 -0.642287
v 1.032287 0.747000 -0.654000
v 1.038349 0.740000 -0.657500
v 1.047500 0.740000 -0.648349
v 1.047500 0.740000 -0.648349
v 1.038349 0.740000 -0.657500
v 1.032287 0.733000 -0.654000
v 1.044000 0.733000 -0.642287
v 1.044000 0.733000 -0.642287
v 1.032287 0.733000 -0.654000
v 1.026225 0.740000 -0.650500
v 1.040500 0.740000 -0.636225
v 1.026225 0.740000 -0.650500
v 1.021000 0.740000 -0.670000
v 1.028000 0.747000 -0.670000
v 1.032287 0.747000 -0.654000
v 1.032287 0.747000 -0.654000
v 1.028000 0.747000 -0.670000
v 1.035000 0.740000 -0.670000
v 1.038349 0.740000 -0.657500
v 1.038349 0.740000 -0.657500
v 1.035000 0.740000 -0.670000
v 1.028000 0.733000 -0.670000
v 1.032287 0.733000 -0.654000
v 1.032287 0.733000 -0.654000
v 1.028000 0.733000 -0.670000
v 1.021000 0.740000 -0.670000
v 1.026225 0.740000 -0.650500
v 1.021000 0.740000 -0.670000
v 1.026225 0.740000 -0.689500
v 1.032287 0.747000 -0.686000
v 1.028000 0.747000 -0.670000
v 1.028000 0.747000 -0.670000
v 1.032287 0.747000 -0.686000
v 1.038349 0.740000 -0.682500
v 1.035000 0.740000 -0.670000
v 1.035000 0.740000 -0.670000
v 1.038349 0.740000 -0.682500
v 1.032287 0.733000 -0.686000
v 1.028000 0.733000 -0.670000
v 1.028000 0.733000 -0.670000
v 1.032287 0.733000 -0.686000
v 1.026225 0.740000 -0.689500
v 1.021000 0.740000 -0.670000
v 1.026225 0.740000 -0.689500
v 1.040500 0.740000 -0.703775
v 1.044000 0.747000 -0.697713
v 1.032287 0.747000 -0.686000
v 1.032287 0.747000 -0.686000
v 1.044000 0.747000 -0.697713
v 1.047500 0.740000 -0.691651
v 1.038349 0.740000 -0.682500
v 1.038349 0.740000 -0.682500
v 1.047500 0.740000 -0.691651
v 1.044000 0.733000 -0.697713
v 1.032287 0.733000 -0.686000
v 1.032287 0.733000 -0.686000
v 1.044000 0.733000 -0.697713
v 1.040500 0.740000 -0.703775
v 1.026225 0.740000 -0.689500
v 1.040500 0.740000 -0.703775
v 1.060000 0.740000 -0.709000
v 1.060000 0.747000 -0.702000
v 1.044000 0.747000 -0.697713
v 1.044000 0.747000 -0.697713
v 1.060000 0.747000 -0.702000
v 1.060000 0.740000 -0.695000
v 1.047500 0.740000 -0.691651
v 1.047500 0.740000 -0.691651
v 1.060000 0.740000 -0.695000
v 1.060000 0.733000 -0.702000
v 1.044000 0.733000 -0.697713
v 1.044000 0.733000 -0.697713
v 1.060000 0.733000 -0.702000
v 1.060000 0.740000 -0.709000
v 1.040500 0.740000 -0.703775
v 1.060000 0.740000 -0.709000
v 1.079500 0.740000 -0.703775
v 1.076000 0.747000 -0.697713
v 1.060000 0.747000 -0.702000
v 1.060000 0.747000 -0.702000
v 1.076000 0.747000 -0.697713
v 1.072500 0.740000 -0.691651
v 1.060000 0.740000 -0.695000
v 1.060000 0.740000 -0.695000
v 1.072500 0.740000 -0.691651
v 1.076000 0.733000 -0.697713
v 1.060000 0.733000 -0.702000
v 1.060000 0.733000 -0.702000
v 1.076000 0.733000 -0.697713
v 1.079500 0.740000 -0.703775
v 1.060000 0.740000 -0.709000
v 1.079500 0.740000 -0.703775
v 1.093775 0.740000 -0.689500
v 1.087713 0.747000 -0.686000
v 1.076000 0.747000 -0.697713
v 1.076000 0.747000 -0.697713
v 1.087713 0.747000 -0.686000
v 1.081651 0.740000 -0.682500
v 1.072500 0.740000 -0.691651
v 1.072500 0.740000 -0.691651
v 1.081651 0.740000 -0.682500
v 1.087713 0.733000 -0.686000
v 1.076000 0.733000 -0.697713
v 1.076000 0.733000 -0.697713
v 1.087713 0.733000 -0.686000
v 1.093775 0.740000 -0.689500
v 1.079500 0.740000 -0.703775
v 1.093775 0.740000 -0.689500
v 1.099000 0.740000 -0.670000
v 1.092000 0.747000 -0.670000
v 1.087713 0.747000 -0.686000
v 1.087713 0.747000 -0.686000
v 1.092000 0.747000 -0.670000
v 1.085000 0.740000 -0.670000
v 1.081651 0.740000 -0.682500
v 1.081651 0.740000 -0.682500
v 1.085000 0.740000 -0.670000
v 1.092000 0.733000 -0.670000
v 1.087713 0.733000 -0.686000
v 1.087713 0.733000 -0.686000
v 1.092000 0.733000 -0.670000
v 1.099000 0.740000 -0.670000
v 1.093775 0.740000 -0.689500
v 1.039000 0.720000 0.780000
v 1.033775 0.720000 0.799500
v 1.027713 0.727000 0.796000
v 1.032000 0.727000 0.780000
v 1.032000 0.727000 0.780000
v 1.027713 0.727000 0.796000
v 1.021651 0.720000 0.792500
v 1.025000 0.720000 0.780000
v 1.025000 0.720000 0.780000
v 1.021651 0.720000 0.792500
v 1.027713 0.713000 0.796000
v 1.032000 0.713000 0.780000
v 1.032000 0.713000 0.780000
v 1.027713 0.713000 0.796000
v 1.033775 0.720000 0.799500
v 1.039000 0.720000 0.780000
v 1.033775 0.720000 0.799500
v 1.019500 0.720000 0.813775
v 1.016000 0.727000 0.807713
v 1.027713 0.727000 0.796000
v 1.027713 0.727000 0.796000
v 1.016000 0.727000 0.807713
v 1.012500 0.720000 0.801651
v 1.021651 0.720000 0.792500
v 1.021651 0.720000 0.792500
v 1.012500 0.720000 0.801651
v 1.016000 0.713000 0.807713
v 1.027713 0.713000 0.796000
v 1.027713 0.713000 0.796000
v 1.016000 0.713000 0.807713
v 1.019500 0.720000 0.813775
v 1.033775 0.720000 0.799500
v 1.019500 0.720000 0.813775
v 1.000000 0.720000 0.819000
v 1.000000 0.727000 0.812000
v 1.016000 0.727000 0.807713
v 1.016000 0.727000 0.807713
v 1.000000 0.727000 0.812000
v 1.000000 0.720000 0.805000
v 1.012500 0.720000 0.801651
v 1.012500 0.720000 0.801651
v 1.000000 0.720000 0.805000
v 1.000000 0.713000 0.812000
v 1.016000 0.713000 0.807713
v 1.016000 0.713000 0.807713
v 1.000000 0.713000 0.812000
v 1.000000 0.720000 0.819000
v 1.019500 0.720000 0.813775
v 1.000000 0.720000 0.819000
v 0.980500 0.720000 0.813775
v 0.984000 0.727000 0.807713
v 1.000000 0.727000 0.812000
v 1.000000 0.727000 0.812000
v 0.984000 0.727000 0.807713
v 0.987500 0.720000 0.801651
v 1.000000 0.720000 0.805000
v 1.000000 0.720000 0.805000
v 0.987500 0.720000 0.801651
v 0.984000 0.713000 0.807713
v 1.000000 0.713000 0.812000
v 1.000000 0.713000 0.812000
v 0.984000 0.713000 0.807713
v 0.980500 0.720000 0.813775
v 1.000000 0.720000 0.819000
v 0.980500 0.720000 0.813775
v 0.966225 0.720000 0.799500
v 0.972287 0.727000 0.796000
v 0.984000 0.727000 0.807713
v 0.984000 0.727000 0.807713
v 0.972287 0.727000 0.796000
v 0.978349 0.720000 0.792500
v 0.987500 0.720000 0.801651
v 0.987500 0.720000 0.801651
v 0.978349 0.720000 0.792500
v 0.972287 0.713000 0.796000
v 0.984000 0.713000 0.807713
v 0.984000 0.713000 0.807713
v 0.972287 0.713000 0.796000
v 0.966225 0.720000 0.799500
v 0.980500 0.720000 0.813775
v 0.966225 0.720000 0.799500
v 0.961000 0.720000 0.780000
v 0.968000 0.727000 0.780000
v 0.972287 0.727000 0.796000
v 0.972287 0.727000 0.796000
v 0.968000 0.727000 0.780000
v 0.975000 0.720000 0.780000
v 0.978349 0.720000 0.792500
v 0.978349 0.720000 0.792500
v 0.975000 0.720000 0.780000
v 0.968000 0.713000 0.780000
v 0.972287 0.713000 0.796000
v 0.972287 0.713000 0.796000
v 0.968000 0.713000 0.780000
v 0.961000 0.720000 0.780000
v 0.966225 0.720000 0.799500
v 0.961000 0.720000 0.780000
v 0.966225 0.720000 0.760500
v 0.972287 0.727000 0.764000
v 0.968000 0.727000 0.780000
v 0.968000 0.727000 0.780000
v 0.972287 0.727000 0.764000
v 0.978349 0.720000 0.767500
v 0.975000 0.720000 0.780000
v 0.975000 0.720000 0.780000
v 0.978349 0.720000 0.767500
v 0.972287 0.713000 0.764000
v 0.968000 0.713000 0.780000
v 0.968000 0.713000 0.780000
v 0.972287 0.713000 0.764000
v 0.966225 0.720000 0.760500
v 0.961000 0.720000 0.780000
v 0.966225 0.720000 0.760500
v 0.980500 0.720000 0.746225
v 0.984000 0.727000 0.752287
v 0.972287 0.727000 0.764000
v 0.972287 0.727000 0.764000
v 0.984000 0.727000 0.752287
v 0.987500 0.720000 0.758349
v 0.978349 0.720000 0.767500
v 0.978349 0.720000 0.767500
v 0.987500 0.720000 0.758349
v 0.984000 0.713000 0.752287
v 0.972287 0.713000 0.764000
v 0.972287 0.713000 0.764000
v 0.984000 0.713000 0.752287
v 0.980500 0.720000 0.746225
v 0.966225 0.720000 0.760500
v 0.980500 0.720000 0.746225
v 1.000000 0.720000 0.741000
v 1.000000 0.727000 0.748000
v 0.984000 0.727000 0.752287
v 0.984000 0.727000 0.752287
v 1.000000 0.727000 0.748000
v 1.000000 0.720000 0.755000
v 0.987500 0.720000 0.758349
v 0.987500 0.720000 0.758349
v 1.000000 0.720000 0.755000
v 1.000000 0.713000 0.748000
v 0.984000 0.713000 0.752287
v 0.984000 0.713000 0.752287
v 1.000000 0.713000 0.748000
v 1.000000 0.720000 0.741000
v 0.980500 0.720000 0.746225
v 1.000000 0.720000 0.741000
v 1.019500 0.720000 0.746225
v 1.016000 0.727000 0.752287
v 1.000000 0.727000 0.748000
v 1.000000 0.727000 0.748000
v 1.016000 0.727000 0.752287
v 1.012500 0.720000 0.758349
v 1.000000 0.720000 0.755000
v 1.000000 0.720000 0.755000
v 1.012500 0.720000 0.758349
v 1.016000 0.713000 0.752287
v 1.000000 0.713000 0.748000
v 1.000000 0.713000 0.748000
v 1.016000 0.713000 0.752287
v 1.019500 0.720000 0.746225
v 1.000000 0.720000 0.741000
v 1.019500 0.720000 0.746225
v 1.033775 0.720000 0.760500
v 1.027713 0.727000 0.764000
v 1.016000 0.727000 0.752287
v 1.016000 0.727000 0.752287
v 1.027713 0.727000 0.764000
v 1.021651 0.720000 0.767500
v 1.012500 0.720000 0.758349
v 1.012500 0.720000 0.758349
v 1.021651 0.720000 0.767500
v 1.027713 0.713000 0.764000
v 1.016000 0.713000 0.752287
v 1.016000 0.713000 0.752287
v 1.027713 0.713000 0.764000
v 1.033775 0.720000 0.760500
v 1.019500 0.720000 0.746225
v 1.033775 0.720000 0.760500
v 1.039000 0.720000 0.780000
v 1.032000 0.727000 0.780000
v 1.027713 0.727000 0.764000
v 1.027713 0.727000 0.764000
v 1.032000 0.727000 0.780000
v 1.025000 0.720000 0.780000
v 1.021651 0.720000 0.767500
v 1.021651 0.720000 0.767500
v 1.025000 0.720000 0.780000
v 1.032000 0.713000 0.780000
v 1.027713 0.713000 0.764000
v 1.027713 0.713000 0.764000
v 1.032000 0.713000 0.780000
v 1.039000 0.720000 0.780000
v 1.033775 0.720000 0.760500
v -1.041000 0.830000 0.720000
v -1.046225 0.830000 0.739500
v -1.052287 0.837000 0.736000
v -1.048000 0.837000 0.720000
v -1.048000 0.837000 0.720000
v -1.052287 0.837000 0.736000
v -1.058349 0.830000 0.732500
v -1.055000 0.830000 0.720000
v -1.055000 0.830000 0.720000
v -1.058349 0.830000 0.732500
v -1.052287 0.823000 0.736000
v -1.048000 0.823000 0.720000
v -1.048000 0.823000 0.720000
v -1.052287 0.823000 0.736000
v -1.046225 0.830000 0.739500
v -1.041000 0.830000 0.720000
v -1.046225 0.830000 0.739500
v -1.060500 0.830000 0.753775
v -1.064000 0.837000 0.747713
v -1.052287 0.837000 0.736000
v -1.052287 0.837000 0.736000
v -1.064000 0.837000 0.747713
v -1.067500 0.830000 0.741651
v -1.058349 0.830000 0.732500
v -1.058349 0.830000 0.732500
v -1.067500 0.830000 0.741651
v -1.064000 0.823000 0.747713
v -1.052287 0.823000 0.736000
v -1.052287 0.823000 0.736000
v -1.064000 0.823000 0.747713
v -1.060500 0.830000 0.753775
v -1.046225 0.830000 0.739500
v -1.060500 0.830000 0.753775
v -1.080000 0.830000 0.759000
v -1.080000 0.837000 0.752000
v -1.064000 0.837000 0.747713
v -1.064000 0.837000 0.747713
v -1.080000 0.837000 0.752000
v -1.080000 0.830000 0.745000
v -1.067500 0.830000 0.741651
v -1.067500 0.830000 0.741651
v -1.080000 0.830000 0.745000
v -1.080000 0.823000 0.752000
v -1.064000 0.823000 0.747713
v -1.064000 0.823000 0.747713
v -1.080000 0.823000 0.752000
v -1.080000 0.830000 0.759000
v -1.060500 0.830000 0.753775
v -1.080000 0.830000 0.759000
v -1.099500 0.830000 0.753775
v -1.096000 0.837000 0.747713
v -1.080000 0.837000 0.752000
v -1.080000 0.837000 0.752000
v -1.096000 0.837000 0.747713
v -1.092500 0.830000 0.741651
v -1.080000 0.830000 0.745000
v -1.080000 0.830000 0.745000
v -1.092500 0.830000 0.741651
v -1.096000 0.823000 0.747713
v -1.080000 0.823000 0.752000
v -1.080000 0.823000 0.752000
v -1.096000 0.823000 0.747713
v -1.099500 0.830000 0.753775
v -1.080000 0.830000 0.759000
v -1.099500 0.830000 0.753775
v -1.113775 0.830000 0.739500
v -1.107713 0.837000 0.736000
v -1.096000 0.837000 0.747713
v -1.096000 0.837000 0.747713
v -1.107713 0.837000 0.736000
v -1.101651 0.830000 0.732500
v -1.092500 0.830000 0.741651
v -1.092500 0.830000 0.741651
v -1.101651 0.830000 0.732500
v -1.107713 0.823000 0.736000
v -1.096000 0.823000 0.747713
v -1.096000 0.823000 0.747713
v -1.107713 0.823000 0.736000
v -1.113775 0.830000 0.739500
v -1.099500 0.830000 0.753775
v -1.113775 0.830000 0.739500
v -1.119000 0.830000 0.720000
v -1.112000 0.837000 0.720000
v -1.107713 0.837000 0.736000
v -1.107713 0.837000 0.736000
v -1.112000 0.837000 0.720000
v -1.105000 0.830000 0.720000
v -1.101651 0.830000 0.732500
v -1.101651 0.830000 0.732500
v -1.105000 0.830000 0.720000
v -1.112000 0.823000 0.720000
v -1.107713 0.823000 0.736000
v -1.107713 0.823000 0.736000
v -1.112000 0.823000 0.720000
v -1.119000 0.830000 0.720000
v -1.113775 0.830000 0.739500
v -1.119000 0.830000 0.720000
v -1.113775 0.830000 0.700500
v -1.107713 0.837000 0.704000
v -1.112000 0.837000 0.720000
v -1.112000 0.837000 0.720000
v -1.107713 0.837000 0.704000
v -1.101651 0.830000 0.707500
v -1.105000 0.830000 0.720000
v -1.105000 0.830000 0.720000
v -1.101651 0.830000 0.707500
v -1.107713 0.823000 0.704000
v -1.112000 0.823000 0.720000
v -1.112000 0.823000 0.720000
v -1.107713 0.823000 0.704000
v -1.113775 0.830000 0.700500
v -1.119000 0.830000 0.720000
v -1.113775 0.830000 0.700500
v -1.099500 0.830000 0.686225
v -1.096000 0.837000 0.692287
v -1.107713 0.837000 0.704000
v -1.107713 0.837000 0.704000
v -1.096000 0.837000 0.692287
v -1.092500 0.830000 0.698349
v -1.101651 0.830000 0.707500
v -1.101651 0.830000 0.707500
v -1.092500 0.830000 0.698349
v -1.096000 0.823000 0.692287
v -1.107713 0.823000 0.704000
v -1.107713 0.823000 0.704000
v -1.096000 0.823000 0.692287
v -1.099500 0.830000 0.686225
v -1.113775 0.830000 0.700500
v -1.099500 0.830000 0.686225
v -1.080000 0.830000 0.681000
v -1.080000 0.837000 0.688000
v -1.096000 0.837000 0.692287
v -1.096000 0.837000 0.692287
v -1.080000 0.837000 0.688000
v -1.080000 0.830000 0.695000
v -1.092500 0.830000 0.698349
v -1.092500 0.830000 0.698349
v -1.080000 0.830000 0.695000
v -1.080000 0.823000 0.688000
v -1.096000 0.823000 0.692287
v -1.096000 0.823000 0.692287
v -1.080000 0.823000 0.688000
v -1.080000 0.830000 0.681000
v -1.099500 0.830000 0.686225
v -1.080000 0.830000 0.681000
v -1.060500 0.830000 0.686225
v -1.064000 0.837000 0.692287
v -1.080000 0.837000 0.688000
v -1.080000 0.837000 0.688000
v -1.064000 0.837000 0.692287
v -1.067500 0.830000 0.698349
v -1.080000 0.830000 0.695000
v -1.080000 0.830000 0.695000
v -1.067500 0.830000 0.698349
v -1.064000 0.823000 0.692287
v -1.080000 0.823000 0.688000
v -1.080000 0.823000 0.688000
v -1.064000 0.823000 0.692287
v -1.060500 0.830000 0.686225
v -1.080000 0.830000 0.681000
v -1.060500 0.830000 0.686225
v -1.046225 0.830000 0.700500
v -1.052287 0.837000 0.704000
v -1.064000 0.837000 0.692287
v -1.064000 0.837000 0.692287
v -1.052287 0.837000 0.704000
v -1.058349 0.830000 0.707500
v -1.067500 0.830000 0.698349
v -1.067500 0.830000 0.698349
v -1.058349 0.830000 0.707500
v -1.052287 0.823000 0.704000
v -1.064000 0.823000 0.692287
v -1.064000 0.823000 0.692287
v -1.052287 0.823000 0.704000
v -1.046225 0.830000 0.700500
v -1.060500 0.830000 0.686225
v -1.046225 0.830000 0.700500
v -1.041000 0.830000 0.720000
v -1.048000 0.837000 0.720000
v -1.052287 0.837000 0.704000
v -1.052287 0.837000 0.704000
v -1.048000 0.837000 0.720000
v -1.055000 0.830000 0.720000
v -1.058349 0.830000 0.707500
v -1.058349 0.830000 0.707500
v -1.055000 0.830000 0.720000
v -1.048000 0.823000 0.720000
v -1.052287 0.823000 0.704000
v -1.052287 0.823000 0.704000
v -1.048000 0.823000 0.720000
v -1.041000 0.830000 0.720000
v -1.046225 0.830000 0.700500
v -1.020000 0.792409 -0.747629
v -1.013516 0.788877 -0.744549
v -1.313516 0.028877 -0.984549
v -1.320000 0.032409 -0.987629
v -1.013516 0.788877 -0.744549
v -1.013516 0.786468 -0.736921
v -1.313516 0.026468 -0.976921
v -1.313516 0.028877 -0.984549
v -1.013516 0.786468 -0.736921
v -1.020000 0.787591 -0.732371
v -1.320000 0.027591 -0.972371
v -1.313516 0.026468 -0.976921
v -1.020000 0.787591 -0.732371
v -1.026484 0.791123 -0.735451
v -1.326484 0.031123 -0.975451
v -1.320000 0.027591 -0.972371
v -1.026484 0.791123 -0.735451
v -1.026484 0.793532 -0.743079
v -1.326484 0.033532 -0.983079
v -1.326484 0.031123 -0.975451
v -1.026484 0.793532 -0.743079
v -1.020000 0.792409 -0.747629
v -1.320000 0.032409 -0.987629
v -1.326484 0.033532 -0.983079
v -1.020000 0.790000 -0.740000
v -1.020000 0.792409 -0.747629
v -1.013516 0.788877 -0.744549
v -1.013516 0.788877 -0.744549
v -1.013516 0.786468 -0.736921
v -1.013516 0.786468 -0.736921
v -1.020000 0.787591 -0.732371
v -1.020000 0.787591 -0.732371
v -1.026484 0.791123 -0.735451
v -1.026484 0.791123 -0.735451
v -1.026484 0.793532 -0.743079
v -1.026484 0.793532 -0.743079
v -1.020000 0.792409 -0.747629
v -1.320000 0.030000 -0.980000
v -1.320000 0.032409 -0.987629
v -1.313516 0.028877 -0.984549
v -1.313516 0.028877 -0.984549
v -1.313516 0.026468 -0.976921
v -1.313516 0.026468 -0.976921
v -1.320000 0.027591 -0.972371
v -1.320000 0.027591 -0.972371
v -1.326484 0.031123 -0.975451
v -1.326484 0.031123 -0.975451
v -1.326484 0.033532 -0.983079
v -1.326484 0.033532 -0.983079
v -1.320000 0.032409 -0.987629
v -1.320000 0.010213 -0.961940
v -1.304430 0.008613 -0.970952
v -1.295085 0.129531 -0.973678
v -1.308419 0.130901 -0.965960
v -1.304430 0.008613 -0.970952
v -1.304430 0.008400 -0.989013
v -1.295085 0.129348 -0.989145
v -1.295085 0.129531 -0.973678
v -1.304430 0.008400 -0.989013
v -1.320000 0.009787 -0.998060
v -1.308419 0.130536 -0.996893
v -1.295085 0.129348 -0.989145
v -1.320000 0.009787 -0.998060
v -1.335570 0.011387 -0.989048
v -1.321753 0.131906 -0.989175
v -1.308419 0.130536 -0.996893
v -1.335570 0.011387 -0.989048
v -1.335570 0.011600 -0.970987
v -1.321753 0.132089 -0.973709
v -1.321753 0.131906 -0.989175
v -1.335570 0.011600 -0.970987
v -1.320000 0.010213 -0.961940
v -1.308419 0.130901 -0.965960
v -1.321753 0.132089 -0.973709
v -1.320000 0.010000 -0.980000
v -1.320000 0.010213 -0.961940
v -1.304430 0.008613 -0.970952
v -1.304430 0.008613 -0.970952
v -1.304430 0.008400 -0.989013
v -1.304430 0.008400 -0.989013
v -1.320000 0.009787 -0.998060
v -1.320000 0.009787 -0.998060
v -1.335570 0.011387 -0.989048
v -1.335570 0.011387 -0.989048
v -1.335570 0.011600 -0.970987
v -1.335570 0.011600 -0.970987
v -1.320000 0.010213 -0.961940
v -1.308419 0.130719 -0.981427
v -1.308419 0.130901 -0.965960
v -1.295085 0.129531 -0.973678
v -1.295085 0.129531 -0.973678
v -1.295085 0.129348 -0.989145
v -1.295085 0.129348 -0.989145
v -1.308419 0.130536 -0.996893
v -1.308419 0.130536 -0.996893
v -1.321753 0.131906 -0.989175
v -1.321753 0.131906 -0.989175
v -1.321753 0.132089 -0.973709
v -1.321753 0.132089 -0.973709
v -1.308419 0.130901 -0.965960
v -1.308419 0.130471 -0.964184
v -1.294272 0.135379 -0.972737
v -1.329462 0.234130 -0.972298
v -1.342000 0.229780 -0.964719
v -1.294272 0.135379 -0.972737
v -1.294272 0.135627 -0.989979
v -1.329462 0.234350 -0.987580
v -1.329462 0.234130 -0.972298
v -1.294272 0.135627 -0.989979
v -1.308419 0.130966 -0.998669
v -1.342000 0.230220 -0.995281
v -1.329462 0.234350 -0.987580
v -1.308419 0.130966 -0.998669
v -1.322566 0.126058 -0.990117
v -1.354538 0.225870 -0.987702
v -1.342000 0.230220 -0.995281
v -1.322566 0.126058 -0.990117
v -1.322566 0.125811 -0.972874
v -1.354538 0.225650 -0.972420
v -1.354538 0.225870 -0.987702
v -1.322566 0.125811 -0.972874
v -1.308419 0.130471 -0.964184
v -1.342000 0.229780 -0.964719
v -1.354538 0.225650 -0.972420
v -1.308419 0.130719 -0.981427
v -1.308419 0.130471 -0.964184
v -1.294272 0.135379 -0.972737
v -1.294272 0.135379 -0.972737
v -1.294272 0.135627 -0.989979
v -1.294272 0.135627 -0.989979
v -1.308419 0.130966 -0.998669
v -1.308419 0.130966 -0.998669
v -1.322566 0.126058 -0.990117
v -1.322566 0.126058 -0.990117
v -1.322566 0.125811 -0.972874
v -1.322566 0.125811 -0.972874
v -1.308419 0.130471 -0.964184
v -1.342000 0.230000 -0.980000
v -1.342000 0.229780 -0.964719
v -1.329462 0.234130 -0.972298
v -1.329462 0.234130 -0.972298
v -1.329462 0.234350 -0.987580
v -1.329462 0.234350 -0.987580
v -1.342000 0.230220 -0.995281
v -1.342000 0.230220 -0.995281
v -1.354538 0.225870 -0.987702
v -1.354538 0.225870 -0.987702
v -1.354538 0.225650 -0.972420
v -1.354538 0.225650 -0.972420
v -1.342000 0.229780 -0.964719
v 1.060000 0.742751 -0.677512
v 1.066497 0.743635 -0.672929
v 1.346497 0.033635 -0.932929
v 1.340000 0.032751 -0.937512
v 1.066497 0.743635 -0.672929
v 1.066497 0.740884 -0.665417
v 1.346497 0.030884 -0.925417
v 1.346497 0.033635 -0.932929
v 1.066497 0.740884 -0.665417
v 1.060000 0.737249 -0.662488
v 1.340000 0.027249 -0.922488
v 1.346497 0.030884 -0.925417
v 1.060000 0.737249 -0.662488
v 1.053503 0.736365 -0.667071
v 1.333503 0.026365 -0.927071
v 1.340000 0.027249 -0.922488
v 1.053503 0.736365 -0.667071
v 1.053503 0.739116 -0.674583
v 1.333503 0.029116 -0.934583
v 1.333503 0.026365 -0.927071
v 1.053503 0.739116 -0.674583
v 1.060000 0.742751 -0.677512
v 1.340000 0.032751 -0.937512
v 1.333503 0.029116 -0.934583
v 1.060000 0.740000 -0.670000
v 1.060000 0.742751 -0.677512
v 1.066497 0.743635 -0.672929
v 1.066497 0.743635 -0.672929
v 1.066497 0.740884 -0.665417
v 1.066497 0.740884 -0.665417
v 1.060000 0.737249 -0.662488
v 1.060000 0.737249 -0.662488
v 1.053503 0.736365 -0.667071
v 1.053503 0.736365 -0.667071
v 1.053503 0.739116 -0.674583
v 1.053503 0.739116 -0.674583
v 1.060000 0.742751 -0.677512
v 1.340000 0.030000 -0.930000
v 1.340000 0.032751 -0.937512
v 1.346497 0.033635 -0.932929
v 1.346497 0.033635 -0.932929
v 1.346497 0.030884 -0.925417
v 1.346497 0.030884 -0.925417
v 1.340000 0.027249 -0.922488
v 1.340000 0.027249 -0.922488
v 1.333503 0.026365 -0.927071
v 1.333503 0.026365 -0.927071
v 1.333503 0.029116 -0.934583
v 1.333503 0.029116 -0.934583
v 1.340000 0.032751 -0.937512
v 1.340000 0.009483 -0.911574
v 1.355561 0.006178 -0.920887
v 1.377994 0.112657 -0.919007
v 1.364301 0.115566 -0.910811
v 1.355561 0.006178 -0.920887
v 1.355561 0.006695 -0.939313
v 1.377994 0.113112 -0.935221
v 1.377994 0.112657 -0.919007
v 1.355561 0.006695 -0.939313
v 1.340000 0.010517 -0.948426
v 1.364301 0.116475 -0.943241
v 1.377994 0.113112 -0.935221
v 1.340000 0.010517 -0.948426
v 1.324439 0.013822 -0.939113
v 1.350608 0.119384 -0.935045
v 1.364301 0.116475 -0.943241
v 1.324439 0.013822 -0.939113
v 1.324439 0.013305 -0.920687
v 1.350608 0.118929 -0.918831
v 1.350608 0.119384 -0.935045
v 1.324439 0.013305 -0.920687
v 1.340000 0.009483 -0.911574
v 1.364301 0.115566 -0.910811
v 1.350608 0.118929 -0.918831
v 1.340000 0.010000 -0.930000
v 1.340000 0.009483 -0.911574
v 1.355561 0.006178 -0.920887
v 1.355561 0.006178 -0.920887
v 1.355561 0.006695 -0.939313
v 1.355561 0.006695 -0.939313
v 1.340000 0.010517 -0.948426
v 1.340000 0.010517 -0.948426
v 1.324439 0.013822 -0.939113
v 1.324439 0.013822 -0.939113
v 1.324439 0.013305 -0.920687
v 1.324439 0.013305 -0.920687
v 1.340000 0.009483 -0.911574
v 1.364301 0.116021 -0.927026
v 1.364301 0.115566 -0.910811
v 1.377994 0.112657 -0.919007
v 1.377994 0.112657 -0.919007
v 1.377994 0.113112 -0.935221
v 1.377994 0.113112 -0.935221
v 1.364301 0.116475 -0.943241
v 1.364301 0.116475 -0.943241
v 1.350608 0.119384 -0.935045
v 1.350608 0.119384 -0.935045
v 1.350608 0.118929 -0.918831
v 1.350608 0.118929 -0.918831
v 1.364301 0.115566 -0.910811
v 1.364301 0.116516 -0.908028
v 1.380734 0.117176 -0.917551
v 1.371522 0.230951 -0.922203
v 1.358000 0.230408 -0.914367
v 1.380734 0.117176 -0.917551
v 1.380734 0.116681 -0.936548
v 1.371522 0.230543 -0.937836
v 1.371522 0.230951 -0.922203
v 1.380734 0.116681 -0.936548
v 1.364301 0.115525 -0.946024
v 1.358000 0.229592 -0.945633
v 1.371522 0.230543 -0.937836
v 1.364301 0.115525 -0.946024
v 1.347868 0.114865 -0.936501
v 1.344478 0.229049 -0.937797
v 1.358000 0.229592 -0.945633
v 1.347868 0.114865 -0.936501
v 1.347868 0.115361 -0.917503
v 1.344478 0.229457 -0.922164
v 1.344478 0.229049 -0.937797
v 1.347868 0.115361 -0.917503
v 1.364301 0.116516 -0.908028
v 1.358000 0.230408 -0.914367
v 1.344478 0.229457 -0.922164
v 1.364301 0.116021 -0.927026
v 1.364301 0.116516 -0.908028
v 1.380734 0.117176 -0.917551
v 1.380734 0.117176 -0.917551
v 1.380734 0.116681 -0.936548
v 1.380734 0.116681 -0.936548
v 1.364301 0.115525 -0.946024
v 1.364301 0.115525 -0.946024
v 1.347868 0.114865 -0.936501
v 1.347868 0.114865 -0.936501
v 1.347868 0.115361 -0.917503
v 1.347868 0.115361 -0.917503
v 1.364301 0.116516 -0.908028
v 1.358000 0.230000 -0.930000
v 1.358000 0.230408 -0.914367
v 1.371522 0.230951 -0.922203
v 1.371522 0.230951 -0.922203
v 1.371522 0.230543 -0.937836
v 1.371522 0.230543 -0.937836
v 1.358000 0.229592 -0.945633
v 1.358000 0.229592 -0.945633
v 1.344478 0.229049 -0.937797
v 1.344478 0.229049 -0.937797
v 1.344478 0.229457 -0.922164
v 1.344478 0.229457 -0.922164
v 1.358000 0.230408 -0.914367
v 1.000000 0.717570 0.772378
v 1.006401 0.721311 0.775384
v 1.306401 0.031311 0.995384
v 1.300000 0.027570 0.992378
v 1.006401 0.721311 0.775384
v 1.006401 0.723741 0.783006
v 1.306401 0.033741 1.003006
v 1.306401 0.031311 0.995384
v 1.006401 0.723741 0.783006
v 1.000000 0.722430 0.787622
v 1.300000 0.032430 1.007622
v 1.306401 0.033741 1.003006
v 1.000000 0.722430 0.787622
v 0.993599 0.718689 0.784616
v 1.293599 0.028689 1.004616
v 1.300000 0.032430 1.007622
v 0.993599 0.718689 0.784616
v 0.993599 0.716259 0.776994
v 1.293599 0.026259 0.996994
v 1.293599 0.028689 1.004616
v 0.993599 0.716259 0.776994
v 1.000000 0.717570 0.772378
v 1.300000 0.027570 0.992378
v 1.293599 0.026259 0.996994
v 1.000000 0.720000 0.780000
v 1.000000 0.717570 0.772378
v 1.006401 0.721311 0.775384
v 1.006401 0.721311 0.775384
v 1.006401 0.723741 0.783006
v 1.006401 0.723741 0.783006
v 1.000000 0.722430 0.787622
v 1.000000 0.722430 0.787622
v 0.993599 0.718689 0.784616
v 0.993599 0.718689 0.784616
v 0.993599 0.716259 0.776994
v 0.993599 0.716259 0.776994
v 1.000000 0.717570 0.772378
v 1.300000 0.030000 1.000000
v 1.300000 0.027570 0.992378
v 1.306401 0.031311 0.995384
v 1.306401 0.031311 0.995384
v 1.306401 0.033741 1.003006
v 1.306401 0.033741 1.003006
v 1.300000 0.032430 1.007622
v 1.300000 0.032430 1.007622
v 1.293599 0.028689 1.004616
v 1.293599 0.028689 1.004616
v 1.293599 0.026259 0.996994
v 1.293599 0.026259 0.996994
v 1.300000 0.027570 0.992378
v 1.300000 0.005779 1.016522
v 1.314691 0.009352 1.008635
v 1.304895 0.105165 1.033331
v 1.289836 0.101503 1.041416
v 1.314691 0.009352 1.008635
v 1.314691 0.013573 0.992112
v 1.304895 0.109492 1.016395
v 1.304895 0.105165 1.033331
v 1.314691 0.013573 0.992112
v 1.300000 0.014221 0.983478
v 1.289836 0.110156 1.007544
v 1.304895 0.109492 1.016395
v 1.300000 0.014221 0.983478
v 1.285309 0.010648 0.991365
v 1.274778 0.106493 1.015629
v 1.289836 0.110156 1.007544
v 1.285309 0.010648 0.991365
v 1.285309 0.006427 1.007888
v 1.274778 0.102167 1.032565
v 1.274778 0.106493 1.015629
v 1.285309 0.006427 1.007888
v 1.300000 0.005779 1.016522
v 1.289836 0.101503 1.041416
v 1.274778 0.102167 1.032565
v 1.300000 0.010000 1.000000
v 1.300000 0.005779 1.016522
v 1.314691 0.009352 1.008635
v 1.314691 0.009352 1.008635
v 1.314691 0.013573 0.992112
v 1.314691 0.013573 0.992112
v 1.300000 0.014221 0.983478
v 1.300000 0.014221 0.983478
v 1.285309 0.010648 0.991365
v 1.285309 0.010648 0.991365
v 1.285309 0.006427 1.007888
v 1.285309 0.006427 1.007888
v 1.300000 0.005779 1.016522
v 1.289836 0.105829 1.024480
v 1.289836 0.101503 1.041416
v 1.304895 0.105165 1.033331
v 1.304895 0.105165 1.033331
v 1.304895 0.109492 1.016395
v 1.304895 0.109492 1.016395
v 1.289836 0.110156 1.007544
v 1.289836 0.110156 1.007544
v 1.274778 0.106493 1.015629
v 1.274778 0.106493 1.015629
v 1.274778 0.102167 1.032565
v 1.274778 0.102167 1.032565
v 1.289836 0.101503 1.041416
v 1.289836 0.109047 1.040802
v 1.304181 0.108754 1.032381
v 1.290763 0.232603 1.007030
v 1.278000 0.232863 1.014523
v 1.304181 0.108754 1.032381
v 1.304181 0.105537 1.016059
v 1.290763 0.229740 0.992508
v 1.290763 0.232603 1.007030
v 1.304181 0.105537 1.016059
v 1.289836 0.102611 1.008158
v 1.278000 0.227137 0.985477
v 1.290763 0.229740 0.992508
v 1.289836 0.102611 1.008158
v 1.275492 0.102904 1.016578
v 1.265237 0.227397 0.992970
v 1.278000 0.227137 0.985477
v 1.275492 0.102904 1.016578
v 1.275492 0.106122 1.032900
v 1.265237 0.230260 1.007492
v 1.265237 0.227397 0.992970
v 1.275492 0.106122 1.032900
v 1.289836 0.109047 1.040802
v 1.278000 0.232863 1.014523
v 1.265237 0.230260 1.007492
v 1.289836 0.105829 1.024480
v 1.289836 0.109047 1.040802
v 1.304181 0.108754 1.032381
v 1.304181 0.108754 1.032381
v 1.304181 0.105537 1.016059
v 1.304181 0.105537 1.016059
v 1.289836 0.102611 1.008158
v 1.289836 0.102611 1.008158
v 1.275492 0.102904 1.016578
v 1.275492 0.102904 1.016578
v 1.275492 0.106122 1.032900
v 1.275492 0.106122 1.032900
v 1.289836 0.109047 1.040802
v 1.278000 0.230000 1.000000
v 1.278000 0.232863 1.014523
v 1.290763 0.232603 1.007030
v 1.290763 0.232603 1.007030
v 1.290763 0.229740 0.992508
v 1.290763 0.229740 0.992508
v 1.278000 0.227137 0.985477
v 1.278000 0.227137 0.985477
v 1.265237 0.227397 0.992970
v 1.265237 0.227397 0.992970
v 1.265237 0.230260 1.007492
v 1.265237 0.230260 1.007492
v 1.278000 0.232863 1.014523
v -1.080000 0.827701 0.712337
v -1.073408 0.826809 0.716781
v -1.343408 0.026809 0.956781
v -1.350000 0.027701 0.952337
v -1.073408 0.826809 0.716781
v -1.073408 0.829108 0.724444
v -1.343408 0.029108 0.964444
v -1.343408 0.026809 0.956781
v -1.073408 0.829108 0.724444
v -1.080000 0.832299 0.727663
v -1.350000 0.032299 0.967663
v -1.343408 0.029108 0.964444
v -1.080000 0.832299 0.727663
v -1.086592 0.833191 0.723219
v -1.356592 0.033191 0.963219
v -1.350000 0.032299 0.967663
v -1.086592 0.833191 0.723219
v -1.086592 0.830892 0.715556
v -1.356592 0.030892 0.955556
v -1.356592 0.033191 0.963219
v -1.086592 0.830892 0.715556
v -1.080000 0.827701 0.712337
v -1.350000 0.027701 0.952337
v -1.356592 0.030892 0.955556
v -1.080000 0.830000 0.720000
v -1.080000 0.827701 0.712337
v -1.073408 0.826809 0.716781
v -1.073408 0.826809 0.716781
v -1.073408 0.829108 0.724444
v -1.073408 0.829108 0.724444
v -1.080000 0.832299 0.727663
v -1.080000 0.832299 0.727663
v -1.086592 0.833191 0.723219
v -1.086592 0.833191 0.723219
v -1.086592 0.830892 0.715556
v -1.086592 0.830892 0.715556
v -1.080000 0.827701 0.712337
v -1.350000 0.030000 0.960000
v -1.350000 0.027701 0.952337
v -1.343408 0.026809 0.956781
v -1.343408 0.026809 0.956781
v -1.343408 0.029108 0.964444
v -1.343408 0.029108 0.964444
v -1.350000 0.032299 0.967663
v -1.350000 0.032299 0.967663
v -1.356592 0.033191 0.963219
v -1.356592 0.033191 0.963219
v -1.356592 0.030892 0.955556
v -1.356592 0.030892 0.955556
v -1.350000 0.027701 0.952337
v -1.350000 0.009976 0.977659
v -1.334793 0.008370 0.968827
v -1.324939 0.106714 0.968612
v -1.339543 0.108257 0.977093
v -1.334793 0.008370 0.968827
v -1.334793 0.008394 0.951168
v -1.324939 0.106738 0.951654
v -1.324939 0.106714 0.968612
v -1.334793 0.008394 0.951168
v -1.350000 0.010024 0.942341
v -1.339543 0.108303 0.943177
v -1.324939 0.106738 0.951654
v -1.350000 0.010024 0.942341
v -1.365207 0.011630 0.951173
v -1.354147 0.109845 0.951658
v -1.339543 0.108303 0.943177
v -1.365207 0.011630 0.951173
v -1.365207 0.011606 0.968832
v -1.354147 0.109822 0.968616
v -1.354147 0.109845 0.951658
v -1.365207 0.011606 0.968832
v -1.350000 0.009976 0.977659
v -1.339543 0.108257 0.977093
v -1.354147 0.109822 0.968616
v -1.350000 0.010000 0.960000
v -1.350000 0.009976 0.977659
v -1.334793 0.008370 0.968827
v -1.334793 0.008370 0.968827
v -1.334793 0.008394 0.951168
v -1.334793 0.008394 0.951168
v -1.350000 0.010024 0.942341
v -1.350000 0.010024 0.942341
v -1.365207 0.011630 0.951173
v -1.365207 0.011630 0.951173
v -1.365207 0.011606 0.968832
v -1.365207 0.011606 0.968832
v -1.350000 0.009976 0.977659
v -1.339543 0.108280 0.960135
v -1.339543 0.108257 0.977093
v -1.324939 0.106714 0.968612
v -1.324939 0.106714 0.968612
v -1.324939 0.106738 0.951654
v -1.324939 0.106738 0.951654
v -1.339543 0.108303 0.943177
v -1.339543 0.108303 0.943177
v -1.354147 0.109845 0.951658
v -1.354147 0.109845 0.951658
v -1.354147 0.109822 0.968616
v -1.354147 0.109822 0.968616
v -1.339543 0.108257 0.977093
v -1.339543 0.108297 0.975901
v -1.325915 0.107444 0.968019
v -1.318395 0.229166 0.967871
v -1.332000 0.230017 0.975740
v -1.325915 0.107444 0.968019
v -1.325915 0.107427 0.952253
v -1.318395 0.229148 0.952131
v -1.318395 0.229166 0.967871
v -1.325915 0.107427 0.952253
v -1.339543 0.108262 0.944369
v -1.332000 0.229983 0.944260
v -1.318395 0.229148 0.952131
v -1.339543 0.108262 0.944369
v -1.353170 0.109116 0.952251
v -1.345605 0.230834 0.952129
v -1.332000 0.229983 0.944260
v -1.353170 0.109116 0.952251
v -1.353170 0.109133 0.968017
v -1.345605 0.230852 0.967869
v -1.345605 0.230834 0.952129
v -1.353170 0.109133 0.968017
v -1.339543 0.108297 0.975901
v -1.332000 0.230017 0.975740
v -1.345605 0.230852 0.967869
v -1.339543 0.108280 0.960135
v -1.339543 0.108297 0.975901
v -1.325915 0.107444 0.968019
v -1.325915 0.107444 0.968019
v -1.325915 0.107427 0.952253
v -1.325915 0.107427 0.952253
v -1.339543 0.108262 0.944369
v -1.339543 0.108262 0.944369
v -1.353170 0.109116 0.952251
v -1.353170 0.109116 0.952251
v -1.353170 0.109133 0.968017
v -1.353170 0.109133 0.968017
v -1.339543 0.108297 0.975901
v -1.332000 0.230000 0.960000
v -1.332000 0.230017 0.975740
v -1.318395 0.229166 0.967871
v -1.318395 0.229166 0.967871
v -1.318395 0.229148 0.952131
v -1.318395 0.229148 0.952131
v -1.332000 0.229983 0.944260
v -1.332000 0.229983 0.944260
v -1.345605 0.230834 0.952129
v -1.345605 0.230834 0.952129
v -1.345605 0.230852 0.967869
v -1.345605 0.230852 0.967869
v -1.332000 0.230017 0.975740
v -0.536416 0.656034 0.060044
v -0.199002 0.661968 0.101473
v -0.199210 0.673966 0.101447
v -0.536624 0.668032 0.060018
v -0.223376 0.661968 0.299982
v -0.560790 0.656034 0.258553
v -0.560998 0.668032 0.258527
v -0.223584 0.673966 0.299956
v -0.560790 0.656034 0.258553
v -0.536416 0.656034 0.060044
v -0.536624 0.668032 0.060018
v -0.560998 0.668032 0.258527
v -0.199002 0.661968 0.101473
v -0.223376 0.661968 0.299982
v -0.223584 0.673966 0.299956
v -0.199210 0.673966 0.101447
v -0.536624 0.668032 0.060018
v -0.199210 0.673966 0.101447
v -0.223584 0.673966 0.299956
v -0.560998 0.668032 0.258527
v -0.560790 0.656034 0.258553
v -0.223376 0.661968 0.299982
v -0.199002 0.661968 0.101473
v -0.536416 0.656034 0.060044
v -0.540000 0.676000 0.086000
v -0.539988 0.679804 0.088764
v -0.219988 0.678804 0.088764
v -0.220000 0.675000 0.086000
v -0.539988 0.679804 0.088764
v -0.539993 0.678351 0.093236
v -0.219993 0.677351 0.093236
v -0.219988 0.678804 0.088764
v -0.539993 0.678351 0.093236
v -0.540007 0.673649 0.093236
v -0.220007 0.672649 0.093236
v -0.219993 0.677351 0.093236
v -0.540007 0.673649 0.093236
v -0.540012 0.672196 0.088764
v -0.220012 0.671196 0.088764
v -0.220007 0.672649 0.093236
v -0.540012 0.672196 0.088764
v -0.540000 0.676000 0.086000
v -0.220000 0.675000 0.086000
v -0.220012 0.671196 0.088764
v -0.540000 0.676000 0.090000
v -0.540000 0.676000 0.086000
v -0.539988 0.679804 0.088764
v -0.539988 0.679804 0.088764
v -0.539993 0.678351 0.093236
v -0.539993 0.678351 0.093236
v -0.540007 0.673649 0.093236
v -0.540007 0.673649 0.093236
v -0.540012 0.672196 0.088764
v -0.540012 0.672196 0.088764
v -0.540000 0.676000 0.086000
v -0.220000 0.675000 0.090000
v -0.220000 0.675000 0.086000
v -0.219988 0.678804 0.088764
v -0.219988 0.678804 0.088764
v -0.219993 0.677351 0.093236
v -0.219993 0.677351 0.093236
v -0.220007 0.672649 0.093236
v -0.220007 0.672649 0.093236
v -0.220012 0.671196 0.088764
v -0.220012 0.671196 0.088764
v -0.220000 0.675000 0.086000
v -0.200000 0.617000 -0.070000
v 0.180000 0.605000 -0.040000
v 0.150000 0.601000 0.180000
v -0.180000 0.612000 0.150000
vt 0.000000 0.000000
vt 0.062500 0.000000
vt 0.062500 0.076923
vt 0.000000 0.076923
vt 0.000000 0.000000
vt 0.062500 0.000000
vt 0.062500 0.076923
vt 0.000000 0.076923
vt 0.062500 0.000000
vt 0.125000 0.000000
vt 0.125000 0.076923
vt 0.062500 0.076923
vt 0.062500 0.000000
vt 0.125000 0.000000
vt 0.125000 0.076923
vt 0.062500 0.076923
vt 0.125000 0.000000
vt 0.187500 0.000000
vt 0.187500 0.076923
vt 0.125000 0.076923
vt 0.125000 0.000000
vt 0.187500 0.000000
vt 0.187500 0.076923
vt 0.125000 0.076923
vt 0.187500 0.000000
vt 0.250000 0.000000
vt 0.250000 0.076923
vt 0.187500 0.076923
vt 0.187500 0.000000
vt 0.250000 0.000000
vt 0.250000 0.076923
vt 0.187500 0.076923
vt 0.250000 0.000000
vt 0.312500 0.000000
vt 0.312500 0.076923
vt 0.250000 0.076923
vt 0.250000 0.000000
vt 0.312500 0.000000
vt 0.312500 0.076923
vt 0.250000 0.076923
vt 0.312500 0.000000
vt 0.375000 0.000000
vt 0.375000 0.076923
vt 0.312500 0.076923
vt 0.312500 0.000000
vt 0.375000 0.000000
vt 0.375000 0.076923
vt 0.312500 0.076923
vt 0.375000 0.000000
vt 0.437500 0.000000
vt 0.437500 0.076923
vt 0.375000 0.076923
vt 0.375000 0.000000
vt 0.437500 0.000000
vt 0.437500 0.076923
vt 0.375000 0.076923
vt 0.437500 0.000000
vt 0.500000 0.000000
vt 0.500000 0.076923
vt 0.437500 0.076923
vt 0.437500 0.000000
vt 0.500000 0.000000
vt 0.500000 0.076923
vt 0.437500 0.076923
vt 0.500000 0.000000
vt 0.562500 0.000000
vt 0.562500 0.076923
vt 0.500000 0.076923
vt 0.500000 0.000000
vt 0.562500 0.000000
vt 0.562500 0.076923
vt 0.500000 0.076923
vt 0.562500 0.000000
vt 0.625000 0.000000
vt 0.625000 0.076923
vt 0.562500 0.076923
vt 0.562500 0.000000
vt 0.625000 0.000000
vt 0.625000 0.076923
vt 0.562500 0.076923
vt 0.625000 0.000000
vt 0.687500 0.000000
vt 0.687500 0.076923
vt 0.625000 0.076923
vt 0.625000 0.000000
vt 0.687500 0.000000
vt 0.687500 0.076923
vt 0.625000 0.076923
vt 0.687500 0.000000
vt 0.750000 0.000000
vt 0.750000 0.076923
vt 0.687500 0.076923
vt 0.687500 0.000000
vt 0.750000 0.000000
vt 0.750000 0.076923
vt 0.687500 0.076923
vt 0.750000 0.000000
vt 0.812500 0.000000
vt 0.812500 0.076923
vt 0.750000 0.076923
vt 0.750000 0.000000
vt 0.812500 0.000000
vt 0.812500 0.076923
vt 0.750000 0.076923
vt 0.812500 0.000000
vt 0.875000 0.000000
vt 0.875000 0.076923
vt 0.812500 0.076923
vt 0.812500 0.000000
vt 0.875000 0.000000
vt 0.875000 0.076923
vt 0.812500 0.076923
vt 0.875000 0.000000
vt 0.937500 0.000000
vt 0.937500 0.076923
vt 0.875000 0.076923
vt 0.875000 0.000000
vt 0.937500 0.000000
vt 0.937500 0.076923
vt 0.875000 0.076923
vt 0.937500 0.000000
vt 1.000000 0.000000
vt 1.000000 0.076923
vt 0.937500 0.076923
vt 0.937500 0.000000
vt 1.000000 0.000000
vt 1.000000 0.076923
vt 0.937500 0.076923
vt 0.000000 0.076923
vt 0.062500 0.076923
vt 0.062500 0.153846
vt 0.000000 0.153846
vt 0.000000 0.076923
vt 0.062500 0.076923
vt 0.062500 0.153846
vt 0.000000 0.153846
vt 0.062500 0.076923
vt 0.125000 0.076923
vt 0.125000 0.153846
vt 0.062500 0.153846
vt 0.062500 0.076923
vt 0.125000 0.076923
vt 0.125000 0.153846
vt 0.062500 0.153846
vt 0.125000 0.076923
vt 0.187500 0.076923
vt 0.187500 0.153846
vt 0.125000 0.153846
vt 0.125000 0.076923
vt 0.187500 0.076923
vt 0.187500 0.153846
vt 0.125000 0.153846
vt 0.187500 0.076923
vt 0.250000 0.076923
vt 0.250000 0.153846
vt 0.187500 0.153846
vt 0.187500 0.076923
vt 0.250000 0.076923
vt 0.250000 0.153846
vt 0.187500 0.153846
vt 0.250000 0.076923
vt 0.312500 0.076923
vt 0.312500 0.153846
vt 0.250000 0.153846
vt 0.250000 0.076923
vt 0.312500 0.076923
vt 0.312500 0.153846
vt 0.250000 0.153846
vt 0.312500 0.076923
vt 0.375000 0.076923
vt 0.375000 0.153846
vt 0.312500 0.153846
vt 0.312500 0.076923
vt 0.375000 0.076923
vt 0.375000 0.153846
vt 0.312500 0.153846
vt 0.375000 0.076923
vt 0.437500 0.076923
vt 0.437500 0.153846
vt 0.375000 0.153846
vt 0.375000 0.076923
vt 0.437500 0.076923
vt 0.437500 0.153846
vt 0.375000 0.153846
vt 0.437500 0.076923
vt 0.500000 0.076923
vt 0.500000 0.153846
vt 0.437500 0.153846
vt 0.437500 0.076923
vt 0.500000 0.076923
vt 0.500000 0.153846
vt 0.437500 0.153846
vt 0.500000 0.076923
vt 0.562500 0.076923
vt 0.562500 0.153846
vt 0.500000 0.153846
vt 0.500000 0.076923
vt 0.562500 0.076923
vt 0.562500 0.153846
vt 0.500000 0.153846
vt 0.562500 0.076923
vt 0.625000 0.076923
vt 0.625000 0.153846
vt 0.562500 0.153846
vt 0.562500 0.076923
vt 0.625000 0.076923
vt 0.625000 0.153846
vt 0.562500 0.153846
vt 0.625000 0.076923
vt 0.687500 0.076923
vt 0.687500 0.153846
vt 0.625000 0.153846
vt 0.625000 0.076923
vt 0.687500 0.076923
vt 0.687500 0.153846
vt 0.625000 0.153846
vt 0.687500 0.076923
vt 0.750000 0.076923
vt 0.750000 0.153846
vt 0.687500 0.153846
vt 0.687500 0.076923
vt 0.750000 0.076923
vt 0.750000 0.153846
vt 0.687500 0.153846
vt 0.750000 0.076923
vt 0.812500 0.076923
vt 0.812500 0.153846
vt 0.750000 0.153846
vt 0.750000 0.076923
vt 0.812500 0.076923
vt 0.812500 0.153846
vt 0.750000 0.153846
vt 0.812500 0.076923
vt 0.875000 0.076923
vt 0.875000 0.153846
vt 0.812500 0.153846
vt 0.812500 0.076923
vt 0.875000 0.076923
vt 0.875000 0.153846
vt 0.812500 0.153846
vt 0.875000 0.076923
vt 0.937500 0.076923
vt 0.937500 0.153846
vt 0.875000 0.153846
vt 0.875000 0.076923
vt 0.937500 0.076923
vt 0.937500 0.153846
vt 0.875000 0.153846
vt 0.937500 0.076923
vt 1.000000 0.076923
vt 1.000000 0.153846
vt 0.937500 0.153846
vt 0.937500 0.076923
vt 1.000000 0.076923
vt 1.000000 0.153846
vt 0.937500 0.153846
vt 0.000000 0.153846
vt 0.062500 0.153846
vt 0.062500 0.230769
vt 0.000000 0.230769
vt 0.000000 0.153846
vt 0.062500 0.153846
vt 0.062500 0.230769
vt 0.000000 0.230769
vt 0.062500 0.153846
vt 0.125000 0.153846
vt 0.125000 0.230769
vt 0.062500 0.230769
vt 0.062500 0.153846
vt 0.125000 0.153846
vt 0.125000 0.230769
vt 0.062500 0.230769
vt 0.125000 0.153846
vt 0.187500 0.153846
vt 0.187500 0.230769
vt 0.125000 0.230769
vt 0.125000 0.153846
vt 0.187500 0.153846
vt 0.187500 0.230769
vt 0.125000 0.230769
vt 0.187500 0.153846
vt 0.250000 0.153846
vt 0.250000 0.230769
vt 0.187500 0.230769
vt 0.187500 0.153846
vt 0.250000 0.153846
vt 0.250000 0.230769
vt 0.187500 0.230769
vt 0.250000 0.153846
vt 0.312500 0.153846
vt 0.312500 0.230769
vt 0.250000 0.230769
vt 0.250000 0.153846
vt 0.312500 0.153846
vt 0.312500 0.230769
vt 0.250000 0.230769
vt 0.312500 0.153846
vt 0.375000 0.153846
vt 0.375000 0.230769
vt 0.312500 0.230769
vt 0.312500 0.153846
vt 0.375000 0.153846
vt 0.375000 0.230769
vt 0.312500 0.230769
vt 0.375000 0.153846
vt 0.437500 0.153846
vt 0.437500 0.230769
vt 0.375000 0.230769
vt 0.375000 0.153846
vt 0.437500 0.153846
vt 0.437500 0.230769
vt 0.375000 0.230769
vt 0.437500 0.153846
vt 0.500000 0.153846
vt 0.500000 0.230769
vt 0.437500 0.230769
vt 0.437500 0.153846
vt 0.500000 0.153846
vt 0.500000 0.230769
vt 0.437500 0.230769
vt 0.500000 0.153846
vt 0.562500 0.153846
vt 0.562500 0.230769
vt 0.500000 0.230769
vt 0.500000 0.153846
vt 0.562500 0.153846
vt 0.562500 0.230769
vt 0.500000 0.230769
vt 0.562500 0.153846
vt 0.625000 0.153846
vt 0.625000 0.230769
vt 0.562500 0.230769
vt 0.562500 0.153846
vt 0.625000 0.153846
vt 0.625000 0.230769
vt 0.562500 0.230769
vt 0.625000 0.153846
vt 0.687500 0.153846
vt 0.687500 0.230769
vt 0.625000 0.230769
vt 0.625000 0.153846
vt 0.687500 0.153846
vt 0.687500 0.230769
vt 0.625000 0.230769
vt 0.687500 0.153846
vt 0.750000 0.153846
vt 0.750000 0.230769
vt 0.687500 0.230769
vt 0.687500 0.153846
vt 0.750000 0.153846
vt 0.750000 0.230769
vt 0.687500 0.230769
vt 0.750000 0.153846
vt 0.812500 0.153846
vt 0.812500 0.230769
vt 0.750000 0.230769
vt 0.750000 0.153846
vt 0.812500 0.153846
vt 0.812500 0.230769
vt 0.750000 0.230769
vt 0.812500 0.153846
vt 0.875000 0.153846
vt 0.875000 0.230769
vt 0.812500 0.230769
vt 0.812500 0.153846
vt 0.875000 0.153846
vt 0.875000 0.230769
vt 0.812500 0.230769
vt 0.875000 0.153846
vt 0.937500 0.153846
vt 0.937500 0.230769
vt 0.875000 0.230769
vt 0.875000 0.153846
vt 0.937500 0.153846
vt 0.937500 0.230769
vt 0.875000 0.230769
vt 0.937500 0.153846
vt 1.000000 0.153846
vt 1.000000 0.230769
vt 0.937500 0.230769
vt 0.937500 0.153846
vt 1.000000 0.153846
vt 1.000000 0.230769
vt 0.937500 0.230769
vt 0.000000 0.230769
vt 0.062500 0.230769
vt 0.062500 0.307692
vt 0.000000 0.307692
vt 0.000000 0.230769
vt 0.062500 0.230769
vt 0.062500 0.307692
vt 0.000000 0.307692
vt 0.062500 0.230769
vt 0.125000 0.230769
vt 0.125000 0.307692
vt 0.062500 0.307692
vt 0.062500 0.230769
vt 0.125000 0.230769
vt 0.125000 0.307692
vt 0.062500 0.307692
vt 0.125000 0.230769
vt 0.187500 0.230769
vt 0.187500 0.307692
vt 0.125000 0.307692
vt 0.125000 0.230769
vt 0.187500 0.230769
vt 0.187500 0.307692
vt 0.125000 0.307692
vt 0.187500 0.230769
vt 0.250000 0.230769
vt 0.250000 0.307692
vt 0.187500 0.307692
vt 0.187500 0.230769
vt 0.250000 0.230769
vt 0.250000 0.307692
vt 0.187500 0.307692
vt 0.250000 0.230769
vt 0.312500 0.230769
vt 0.312500 0.307692
vt 0.250000 0.307692
vt 0.250000 0.230769
vt 0.312500 0.230769
vt 0.312500 0.307692
vt 0.250000 0.307692
vt 0.312500 0.230769
vt 0.375000 0.230769
vt 0.375000 0.307692
vt 0.312500 0.307692
vt 0.312500 0.230769
vt 0.375000 0.230769
vt 0.375000 0.307692
vt 0.312500 0.307692
vt 0.375000 0.230769
vt 0.437500 0.230769
vt 0.437500 0.307692
vt 0.375000 0.307692
vt 0.375000 0.230769
vt 0.437500 0.230769
vt 0.437500 0.307692
vt 0.375000 0.307692
vt 0.437500 0.230769
vt 0.500000 0.230769
vt 0.500000 0.307692
vt 0.437500 0.307692
vt 0.437500 0.230769
vt 0.500000 0.230769
vt 0.500000 0.307692
vt 0.437500 0.307692
vt 0.500000 0.230769
vt 0.562500 0.230769
vt 0.562500 0.307692
vt 0.500000 0.307692
vt 0.500000 0.230769
vt 0.562500 0.230769
vt 0.562500 0.307692
vt 0.500000 0.307692
vt 0.562500 0.230769
vt 0.625000 0.230769
vt 0.625000 0.307692
vt 0.562500 0.307692
vt 0.562500 0.230769
vt 0.625000 0.230769
vt 0.625000 0.307692
vt 0.562500 0.307692
vt 0.625000 0.230769
vt 0.687500 0.230769
vt 0.687500 0.307692
vt 0.625000 0.307692
vt 0.625000 0.230769
vt 0.687500 0.230769
vt 0.687500 0.307692
vt 0.625000 0.307692
vt 0.687500 0.230769
vt 0.750000 0.230769
vt 0.750000 0.307692
vt 0.687500 0.307692
vt 0.687500 0.230769
vt 0.750000 0.230769
vt 0.750000 0.307692
vt 0.687500 0.307692
vt 0.750000 0.230769
vt 0.812500 0.230769
vt 0.812500 0.307692
vt 0.750000 0.307692
vt 0.750000 0.230769
vt 0.812500 0.230769
vt 0.812500 0.307692
vt 0.750000 0.307692
vt 0.812500 0.230769
vt 0.875000 0.230769
vt 0.875000 0.307692
vt 0.812500 0.307692
vt 0.812500 0.230769
vt 0.875000 0.230769
vt 0.875000 0.307692
vt 0.812500 0.307692
vt 0.875000 0.230769
vt 0.937500 0.230769
vt 0.937500 0.307692
vt 0.875000 0.307692
vt 0.875000 0.230769
vt 0.937500 0.230769
vt 0.937500 0.307692
vt 0.875000 0.307692
vt 0.937500 0.230769
vt 1.000000 0.230769
vt 1.000000 0.307692
vt 0.937500 0.307692
vt 0.937500 0.230769
vt 1.000000 0.230769
vt 1.000000 0.307692
vt 0.937500 0.307692
vt 0.000000 0.307692
vt 0.062500 0.307692
vt 0.062500 0.384615
vt 0.000000 0.384615
vt 0.000000 0.307692
vt 0.062500 0.307692
vt 0.062500 0.384615
vt 0.000000 0.384615
vt 0.062500 0.307692
vt 0.125000 0.307692
vt 0.125000 0.384615
vt 0.062500 0.384615
vt 0.062500 0.307692
vt 0.125000 0.307692
vt 0.125000 0.384615
vt 0.062500 0.384615
vt 0.125000 0.307692
vt 0.187500 0.307692
vt 0.187500 0.384615
vt 0.125000 0.384615
vt 0.125000 0.307692
vt 0.187500 0.307692
vt 0.187500 0.384615
vt 0.125000 0.384615
vt 0.187500 0.307692
vt 0.250000 0.307692
vt 0.250000 0.384615
vt 0.187500 0.384615
vt 0.187500 0.307692
vt 0.250000 0.307692
vt 0.250000 0.384615
vt 0.187500 0.384615
vt 0.250000 0.307692
vt 0.312500 0.307692
vt 0.312500 0.384615
vt 0.250000 0.384615
vt 0.250000 0.307692
vt 0.312500 0.307692
vt 0.312500 0.384615
vt 0.250000 0.384615
vt 0.312500 0.307692
vt 0.375000 0.307692
vt 0.375000 0.384615
vt 0.312500 0.384615
vt 0.312500 0.307692
vt 0.375000 0.307692
vt 0.375000 0.384615
vt 0.312500 0.384615
vt 0.375000 0.307692
vt 0.437500 0.307692
vt 0.437500 0.384615
vt 0.375000 0.384615
vt 0.375000 0.307692
vt 0.437500 0.307692
vt 0.437500 0.384615
vt 0.375000 0.384615
vt 0.437500 0.307692
vt 0.500000 0.307692
vt 0.500000 0.384615
vt 0.437500 0.384615
vt 0.437500 0.307692
vt 0.500000 0.307692
vt 0.500000 0.384615
vt 0.437500 0.384615
vt 0.500000 0.307692
vt 0.562500 0.307692
vt 0.562500 0.384615
vt 0.500000 0.384615
vt 0.500000 0.307692
vt 0.562500 0.307692
vt 0.562500 0.384615
vt 0.500000 0.384615
vt 0.562500 0.307692
vt 0.625000 0.307692
vt 0.625000 0.384615
vt 0.562500 0.384615
vt 0.562500 0.307692
vt 0.625000 0.307692
vt 0.625000 0.384615
vt 0.562500 0.384615
vt 0.625000 0.307692
vt 0.687500 0.307692
vt 0.687500 0.384615
vt 0.625000 0.384615
vt 0.625000 0.307692
vt 0.687500 0.307692
vt 0.687500 0.384615
vt 0.625000 0.384615
vt 0.687500 0.307692
vt 0.750000 0.307692
vt 0.750000 0.384615
vt 0.687500 0.384615
vt 0.687500 0.307692
vt 0.750000 0.307692
vt 0.750000 0.384615
vt 0.687500 0.384615
vt 0.750000 0.307692
vt 0.812500 0.307692
vt 0.812500 0.384615
vt 0.750000 0.384615
vt 0.750000 0.307692
vt 0.812500 0.307692
vt 0.812500 0.384615
vt 0.750000 0.384615
vt 0.812500 0.307692
vt 0.875000 0.307692
vt 0.875000 0.384615
vt 0.812500 0.384615
vt 0.812500 0.307692
vt 0.875000 0.307692
vt 0.875000 0.384615
vt 0.812500 0.384615
vt 0.875000 0.307692
vt 0.937500 0.307692
vt 0.937500 0.384615
vt 0.875000 0.384615
vt 0.875000 0.307692
vt 0.937500 0.307692
vt 0.937500 0.384615
vt 0.875000 0.384615
vt 0.937500 0.307692
vt 1.000000 0.307692
vt 1.000000 0.384615
vt 0.937500 0.384615
vt 0.937500 0.307692
vt 1.000000 0.307692
vt 1.000000 0.384615
vt 0.937500 0.384615
vt 0.000000 0.384615
vt 0.062500 0.384615
vt 0.062500 0.461538
vt 0.000000 0.461538
vt 0.000000 0.384615
vt 0.062500 0.384615
vt 0.062500 0.461538
vt 0.000000 0.461538
vt 0.062500 0.384615
vt 0.125000 0.384615
vt 0.125000 0.461538
vt 0.062500 0.461538
vt 0.062500 0.384615
vt 0.125000 0.384615
vt 0.125000 0.461538
vt 0.062500 0.461538
vt 0.125000 0.384615
vt 0.187500 0.384615
vt 0.187500 0.461538
vt 0.125000 0.461538
vt 0.125000 0.384615
vt 0.187500 0.384615
vt 0.187500 0.461538
vt 0.125000 0.461538
vt 0.187500 0.384615
vt 0.250000 0.384615
vt 0.250000 0.461538
vt 0.187500 0.461538
vt 0.187500 0.384615
vt 0.250000 0.384615
vt 0.250000 0.461538
vt 0.187500 0.461538
vt 0.250000 0.384615
vt 0.312500 0.384615
vt 0.312500 0.461538
vt 0.250000 0.461538
vt 0.250000 0.384615
vt 0.312500 0.384615
vt 0.312500 0.461538
vt 0.250000 0.461538
vt 0.312500 0.384615
vt 0.375000 0.384615
vt 0.375000 0.461538
vt 0.312500 0.461538
vt 0.312500 0.384615
vt 0.375000 0.384615
vt 0.375000 0.461538
vt 0.312500 0.461538
vt 0.375000 0.384615
vt 0.437500 0.384615
vt 0.437500 0.461538
vt 0.375000 0.461538
vt 0.375000 0.384615
vt 0.437500 0.384615
vt 0.437500 0.461538
vt 0.375000 0.461538
vt 0.437500 0.384615
vt 0.500000 0.384615
vt 0.500000 0.461538
vt 0.437500 0.461538
vt 0.437500 0.384615
vt 0.500000 0.384615
vt 0.500000 0.461538
vt 0.437500 0.461538
vt 0.500000 0.384615
vt 0.562500 0.384615
vt 0.562500 0.461538
vt 0.500000 0.461538
vt 0.500000 0.384615
vt 0.562500 0.384615
vt 0.562500 0.461538
vt 0.500000 0.461538
vt 0.562500 0.384615
vt 0.625000 0.384615
vt 0.625000 0.461538
vt 0.562500 0.461538
vt 0.562500 0.384615
vt 0.625000 0.384615
vt 0.625000 0.461538
vt 0.562500 0.461538
vt 0.625000 0.384615
vt 0.687500 0.384615
vt 0.687500 0.461538
vt 0.625000 0.461538
vt 0.625000 0.384615
vt 0.687500 0.384615
vt 0.687500 0.461538
vt 0.625000 0.461538
vt 0.687500 0.384615
vt 0.750000 0.384615
vt 0.750000 0.461538
vt 0.687500 0.461538
vt 0.687500 0.384615
vt 0.750000 0.384615
vt 0.750000 0.461538
vt 0.687500 0.461538
vt 0.750000 0.384615
vt 0.812500 0.384615
vt 0.812500 0.461538
vt 0.750000 0.461538
vt 0.750000 0.384615
vt 0.812500 0.384615
vt 0.812500 0.461538
vt 0.750000 0.461538
vt 0.812500 0.384615
vt 0.875000 0.384615
vt 0.875000 0.461538
vt 0.812500 0.461538
vt 0.812500 0.384615
vt 0.875000 0.384615
vt 0.875000 0.461538
vt 0.812500 0.461538
vt 0.875000 0.384615
vt 0.937500 0.384615
vt 0.937500 0.461538
vt 0.875000 0.461538
vt 0.875000 0.384615
vt 0.937500 0.384615
vt 0.937500 0.461538
vt 0.875000 0.461538
vt 0.937500 0.384615
vt 1.000000 0.384615
vt 1.000000 0.461538
vt 0.937500 0.461538
vt 0.937500 0.384615
vt 1.000000 0.384615
vt 1.000000 0.461538
vt 0.937500 0.461538
vt 0.000000 0.461538
vt 0.062500 0.461538
vt 0.062500 0.538462
vt 0.000000 0.538462
vt 0.000000 0.461538
vt 0.062500 0.461538
vt 0.062500 0.538462
vt 0.000000 0.538462
vt 0.062500 0.461538
vt 0.125000 0.461538
vt 0.125000 0.538462
vt 0.062500 0.538462
vt 0.062500 0.461538
vt 0.125000 0.461538
vt 0.125000 0.538462
vt 0.062500 0.538462
vt 0.125000 0.461538
vt 0.187500 0.461538
vt 0.187500 0.538462
vt 0.125000 0.538462
vt 0.125000 0.461538
vt 0.187500 0.461538
vt 0.187500 0.538462
vt 0.125000 0.538462
vt 0.187500 0.461538
vt 0.250000 0.461538
vt 0.250000 0.538462
vt 0.187500 0.538462
vt 0.187500 0.461538
vt 0.250000 0.461538
vt 0.250000 0.538462
vt 0.187500 0.538462
vt 0.250000 0.461538
vt 0.312500 0.461538
vt 0.312500 0.538462
vt 0.250000 0.538462
vt 0.250000 0.461538
vt 0.312500 0.461538
vt 0.312500 0.538462
vt 0.250000 0.538462
vt 0.312500 0.461538
vt 0.375000 0.461538
vt 0.375000 0.538462
vt 0.312500 0.538462
vt 0.312500 0.461538
vt 0.375000 0.461538
vt 0.375000 0.538462
vt 0.312500 0.538462
vt 0.375000 0.461538
vt 0.437500 0.461538
vt 0.437500 0.538462
vt 0.375000 0.538462
vt 0.375000 0.461538
vt 0.437500 0.461538
vt 0.437500 0.538462
vt 0.375000 0.538462
vt 0.437500 0.461538
vt 0.500000 0.461538
vt 0.500000 0.538462
vt 0.437500 0.538462
vt 0.437500 0.461538
vt 0.500000 0.461538
vt 0.500000 0.538462
vt 0.437500 0.538462
vt 0.500000 0.461538
vt 0.562500 0.461538
vt 0.562500 0.538462
vt 0.500000 0.538462
vt 0.500000 0.461538
vt 0.562500 0.461538
vt 0.562500 0.538462
vt 0.500000 0.538462
vt 0.562500 0.461538
vt 0.625000 0.461538
vt 0.625000 0.538462
vt 0.562500 0.538462
vt 0.562500 0.461538
vt 0.625000 0.461538
vt 0.625000 0.538462
vt 0.562500 0.538462
vt 0.625000 0.461538
vt 0.687500 0.461538
vt 0.687500 0.538462
vt 0.625000 0.538462
vt 0.625000 0.461538
vt 0.687500 0.461538
vt 0.687500 0.538462
vt 0.625000 0.538462
vt 0.687500 0.461538
vt 0.750000 0.461538
vt 0.750000 0.538462
vt 0.687500 0.538462
vt 0.687500 0.461538
vt 0.750000 0.461538
vt 0.750000 0.538462
vt 0.687500 0.538462
vt 0.750000 0.461538
vt 0.812500 0.461538
vt 0.812500 0.538462
vt 0.750000 0.538462
vt 0.750000 0.461538
vt 0.812500 0.461538
vt 0.812500 0.538462
vt 0.750000 0.538462
vt 0.812500 0.461538
vt 0.875000 0.461538
vt 0.875000 0.538462
vt 0.812500 0.538462
vt 0.812500 0.461538
vt 0.875000 0.461538
vt 0.875000 0.538462
vt 0.812500 0.538462
vt 0.875000 0.461538
vt 0.937500 0.461538
vt 0.937500 0.538462
vt 0.875000 0.538462
vt 0.875000 0.461538
vt 0.937500 0.461538
vt 0.937500 0.538462
vt 0.875000 0.538462
vt 0.937500 0.461538
vt 1.000000 0.461538
vt 1.000000 0.538462
vt 0.937500 0.538462
vt 0.937500 0.461538
vt 1.000000 0.461538
vt 1.000000 0.538462
vt 0.937500 0.538462
vt 0.000000 0.538462
vt 0.062500 0.538462
vt 0.062500 0.615385
vt 0.000000 0.615385
vt 0.000000 0.538462
vt 0.062500 0.538462
vt 0.062500 0.615385
vt 0.000000 0.615385
vt 0.062500 0.538462
vt 0.125000 0.538462
vt 0.125000 0.615385
vt 0.062500 0.615385
vt 0.062500 0.538462
vt 0.125000 0.538462
vt 0.125000 0.615385
vt 0.062500 0.615385
vt 0.125000 0.538462
vt 0.187500 0.538462
vt 0.187500 0.615385
vt 0.125000 0.615385
vt 0.125000 0.538462
vt 0.187500 0.538462
vt 0.187500 0.615385
vt 0.125000 0.615385
vt 0.187500 0.538462
vt 0.250000 0.538462
vt 0.250000 0.615385
vt 0.187500 0.615385
vt 0.187500 0.538462
vt 0.250000 0.538462
vt 0.250000 0.615385
vt 0.187500 0.615385
vt 0.250000 0.538462
vt 0.312500 0.538462
vt 0.312500 0.615385
vt 0.250000 0.615385
vt 0.250000 0.538462
vt 0.312500 0.538462
vt 0.312500 0.615385
vt 0.250000 0.615385
vt 0.312500 0.538462
vt 0.375000 0.538462
vt 0.375000 0.615385
vt 0.312500 0.615385
vt 0.312500 0.538462
vt 0.375000 0.538462
vt 0.375000 0.615385
vt 0.312500 0.615385
vt 0.375000 0.538462
vt 0.437500 0.538462
vt 0.437500 0.615385
vt 0.375000 0.615385
vt 0.375000 0.538462
vt 0.437500 0.538462
vt 0.437500 0.615385
vt 0.375000 0.615385
vt 0.437500 0.538462
vt 0.500000 0.538462
vt 0.500000 0.615385
vt 0.437500 0.615385
vt 0.437500 0.538462
vt 0.500000 0.538462
vt 0.500000 0.615385
vt 0.437500 0.615385
vt 0.500000 0.538462
vt 0.562500 0.538462
vt 0.562500 0.615385
vt 0.500000 0.615385
vt 0.500000 0.538462
vt 0.562500 0.538462
vt 0.562500 0.615385
vt 0.500000 0.615385
vt 0.562500 0.538462
vt 0.625000 0.538462
vt 0.625000 0.615385
vt 0.562500 0.615385
vt 0.562500 0.538462
vt 0.625000 0.538462
vt 0.625000 0.615385
vt 0.562500 0.615385
vt 0.625000 0.538462
vt 0.687500 0.538462
vt 0.687500 0.615385
vt 0.625000 0.615385
vt 0.625000 0.538462
vt 0.687500 0.538462
vt 0.687500 0.615385
vt 0.625000 0.615385
vt 0.687500 0.538462
vt 0.750000 0.538462
vt 0.750000 0.615385
vt 0.687500 0.615385
vt 0.687500 0.538462
vt 0.750000 0.538462
vt 0.750000 0.615385
vt 0.687500 0.615385
vt 0.750000 0.538462
vt 0.812500 0.538462
vt 0.812500 0.615385
vt 0.750000 0.615385
vt 0.750000 0.538462
vt 0.812500 0.538462
vt 0.812500 0.615385
vt 0.750000 0.615385
vt 0.812500 0.538462
vt 0.875000 0.538462
vt 0.875000 0.615385
vt 0.812500 0.615385
vt 0.812500 0.538462
vt 0.875000 0.538462
vt 0.875000 0.615385
vt 0.812500 0.615385
vt 0.875000 0.538462
vt 0.937500 0.538462
vt 0.937500 0.615385
vt 0.875000 0.615385
vt 0.875000 0.538462
vt 0.937500 0.538462
vt 0.937500 0.615385
vt 0.875000 0.615385
vt 0.937500 0.538462
vt 1.000000 0.538462
vt 1.000000 0.615385
vt 0.937500 0.615385
vt 0.937500 0.538462
vt 1.000000 0.538462
vt 1.000000 0.615385
vt 0.937500 0.615385
vt 0.000000 0.615385
vt 0.062500 0.615385
vt 0.062500 0.692308
vt 0.000000 0.692308
vt 0.000000 0.615385
vt 0.062500 0.615385
vt 0.062500 0.692308
vt 0.000000 0.692308
vt 0.062500 0.615385
vt 0.125000 0.615385
vt 0.125000 0.692308
vt 0.062500 0.692308
vt 0.062500 0.615385
vt 0.125000 0.615385
vt 0.125000 0.692308
vt 0.062500 0.692308
vt 0.125000 0.615385
vt 0.187500 0.615385
vt 0.187500 0.692308
vt 0.125000 0.692308
vt 0.125000 0.615385
vt 0.187500 0.615385
vt 0.187500 0.692308
vt 0.125000 0.692308
vt 0.187500 0.615385
vt 0.250000 0.615385
vt 0.250000 0.692308
vt 0.187500 0.692308
vt 0.187500 0.615385
vt 0.250000 0.615385
vt 0.250000 0.692308
vt 0.187500 0.692308
vt 0.250000 0.615385
vt 0.312500 0.615385
vt 0.312500 0.692308
vt 0.250000 0.692308
vt 0.250000 0.615385
vt 0.312500 0.615385
vt 0.312500 0.692308
vt 0.250000 0.692308
vt 0.312500 0.615385
vt 0.375000 0.615385
vt 0.375000 0.692308
vt 0.312500 0.692308
vt 0.312500 0.615385
vt 0.375000 0.615385
vt 0.375000 0.692308
vt 0.312500 0.692308
vt 0.375000 0.615385
vt 0.437500 0.615385
vt 0.437500 0.692308
vt 0.375000 0.692308
vt 0.375000 0.615385
vt 0.437500 0.615385
vt 0.437500 0.692308
vt 0.375000 0.692308
vt 0.437500 0.615385
vt 0.500000 0.615385
vt 0.500000 0.692308
vt 0.437500 0.692308
vt 0.437500 0.615385
vt 0.500000 0.615385
vt 0.500000 0.692308
vt 0.437500 0.692308
vt 0.500000 0.615385
vt 0.562500 0.615385
vt 0.562500 0.692308
vt 0.500000 0.692308
vt 0.500000 0.615385
vt 0.562500 0.615385
vt 0.562500 0.692308
vt 0.500000 0.692308
vt 0.562500 0.615385
vt 0.625000 0.615385
vt 0.625000 0.692308
vt 0.562500 0.692308
vt 0.562500 0.615385
vt 0.625000 0.615385
vt 0.625000 0.692308
vt 0.562500 0.692308
vt 0.625000 0.615385
vt 0.687500 0.615385
vt 0.687500 0.692308
vt 0.625000 0.692308
vt 0.625000 0.615385
vt 0.687500 0.615385
vt 0.687500 0.692308
vt 0.625000 0.692308
vt 0.687500 0.615385
vt 0.750000 0.615385
vt 0.750000 0.692308
vt 0.687500 0.692308
vt 0.687500 0.615385
vt 0.750000 0.615385
vt 0.750000 0.692308
vt 0.687500 0.692308
vt 0.750000 0.615385
vt 0.812500 0.615385
vt 0.812500 0.692308
vt 0.750000 0.692308
vt 0.750000 0.615385
vt 0.812500 0.615385
vt 0.812500 0.692308
vt 0.750000 0.692308
vt 0.812500 0.615385
vt 0.875000 0.615385
vt 0.875000 0.692308
vt 0.812500 0.692308
vt 0.812500 0.615385
vt 0.875000 0.615385
vt 0.875000 0.692308
vt 0.812500 0.692308
vt 0.875000 0.615385
vt 0.937500 0.615385
vt 0.937500 0.692308
vt 0.875000 0.692308
vt 0.875000 0.615385
vt 0.937500 0.615385
vt 0.937500 0.692308
vt 0.875000 0.692308
vt 0.937500 0.615385
vt 1.000000 0.615385
vt 1.000000 0.692308
vt 0.937500 0.692308
vt 0.937500 0.615385
vt 1.000000 0.615385
vt 1.000000 0.692308
vt 0.937500 0.692308
vt 0.000000 0.692308
vt 0.062500 0.692308
vt 0.062500 0.769231
vt 0.000000 0.769231
vt 0.000000 0.692308
vt 0.062500 0.692308
vt 0.062500 0.769231
vt 0.000000 0.769231
vt 0.062500 0.692308
vt 0.125000 0.692308
vt 0.125000 0.769231
vt 0.062500 0.769231
vt 0.062500 0.692308
vt 0.125000 0.692308
vt 0.125000 0.769231
vt 0.062500 0.769231
vt 0.125000 0.692308
vt 0.187500 0.692308
vt 0.187500 0.769231
vt 0.125000 0.769231
vt 0.125000 0.692308
vt 0.187500 0.692308
vt 0.187500 0.769231
vt 0.125000 0.769231
vt 0.187500 0.692308
vt 0.250000 0.692308
vt 0.250000 0.769231
vt 0.187500 0.769231
vt 0.187500 0.692308
vt 0.250000 0.692308
vt 0.250000 0.769231
vt 0.187500 0.769231
vt 0.250000 0.692308
vt 0.312500 0.692308
vt 0.312500 0.769231
vt 0.250000 0.769231
vt 0.250000 0.692308
vt 0.312500 0.692308
vt 0.312500 0.769231
vt 0.250000 0.769231
vt 0.312500 0.692308
vt 0.375000 0.692308
vt 0.375000 0.769231
vt 0.312500 0.769231
vt 0.312500 0.692308
vt 0.375000 0.692308
vt 0.375000 0.769231
vt 0.312500 0.769231
vt 0.375000 0.692308
vt 0.437500 0.692308
vt 0.437500 0.769231
vt 0.375000 0.769231
vt 0.375000 0.692308
vt 0.437500 0.692308
vt 0.437500 0.769231
vt 0.375000 0.769231
vt 0.437500 0.692308
vt 0.500000 0.692308
vt 0.500000 0.769231
vt 0.437500 0.769231
vt 0.437500 0.692308
vt 0.500000 0.692308
vt 0.500000 0.769231
vt 0.437500 0.769231
vt 0.500000 0.692308
vt 0.562500 0.692308
vt 0.562500 0.769231
vt 0.500000 0.769231
vt 0.500000 0.692308
vt 0.562500 0.692308
vt 0.562500 0.769231
vt 0.500000 0.769231
vt 0.562500 0.692308
vt 0.625000 0.692308
vt 0.625000 0.769231
vt 0.562500 0.769231
vt 0.562500 0.692308
vt 0.625000 0.692308
vt 0.625000 0.769231
vt 0.562500 0.769231
vt 0.625000 0.692308
vt 0.687500 0.692308
vt 0.687500 0.769231
vt 0.625000 0.769231
vt 0.625000 0.692308
vt 0.687500 0.692308
vt 0.687500 0.769231
vt 0.625000 0.769231
vt 0.687500 0.692308
vt 0.750000 0.692308
vt 0.750000 0.769231
vt 0.687500 0.769231
vt 0.687500 0.692308
vt 0.750000 0.692308
vt 0.750000 0.769231
vt 0.687500 0.769231
vt 0.750000 0.692308
vt 0.812500 0.692308
vt 0.812500 0.769231
vt 0.750000 0.769231
vt 0.750000 0.692308
vt 0.812500 0.692308
vt 0.812500 0.769231
vt 0.750000 0.769231
vt 0.812500 0.692308
vt 0.875000 0.692308
vt 0.875000 0.769231
vt 0.812500 0.769231
vt 0.812500 0.692308
vt 0.875000 0.692308
vt 0.875000 0.769231
vt 0.812500 0.769231
vt 0.875000 0.692308
vt 0.937500 0.692308
vt 0.937500 0.769231
vt 0.875000 0.769231
vt 0.875000 0.692308
vt 0.937500 0.692308
vt 0.937500 0.769231
vt 0.875000 0.769231
vt 0.937500 0.692308
vt 1.000000 0.692308
vt 1.000000 0.769231
vt 0.937500 0.769231
vt 0.937500 0.692308
vt 1.000000 0.692308
vt 1.000000 0.769231
vt 0.937500 0.769231
vt 0.000000 0.769231
vt 0.062500 0.769231
vt 0.062500 0.846154
vt 0.000000 0.846154
vt 0.000000 0.769231
vt 0.062500 0.769231
vt 0.062500 0.846154
vt 0.000000 0.846154
vt 0.062500 0.769231
vt 0.125000 0.769231
vt 0.125000 0.846154
vt 0.062500 0.846154
vt 0.062500 0.769231
vt 0.125000 0.769231
vt 0.125000 0.846154
vt 0.062500 0.846154
vt 0.125000 0.769231
vt 0.187500 0.769231
vt 0.187500 0.846154
vt 0.125000 0.846154
vt 0.125000 0.769231
vt 0.187500 0.769231
vt 0.187500 0.846154
vt 0.125000 0.846154
vt 0.187500 0.769231
vt 0.250000 0.769231
vt 0.250000 0.846154
vt 0.187500 0.846154
vt 0.187500 0.769231
vt 0.250000 0.769231
vt 0.250000 0.846154
vt 0.187500 0.846154
vt 0.250000 0.769231
vt 0.312500 0.769231
vt 0.312500 0.846154
vt 0.250000 0.846154
vt 0.250000 0.769231
vt 0.312500 0.769231
vt 0.312500 0.846154
vt 0.250000 0.846154
vt 0.312500 0.769231
vt 0.375000 0.769231
vt 0.375000 0.846154
vt 0.312500 0.846154
vt 0.312500 0.769231
vt 0.375000 0.769231
vt 0.375000 0.846154
vt 0.312500 0.846154
vt 0.375000 0.769231
vt 0.437500 0.769231
vt 0.437500 0.846154
vt 0.375000 0.846154
vt 0.375000 0.769231
vt 0.437500 0.769231
vt 0.437500 0.846154
vt 0.375000 0.846154
vt 0.437500 0.769231
vt 0.500000 0.769231
vt 0.500000 0.846154
vt 0.437500 0.846154
vt 0.437500 0.769231
vt 0.500000 0.769231
vt 0.500000 0.846154
vt 0.437500 0.846154
vt 0.500000 0.769231
vt 0.562500 0.769231
vt 0.562500 0.846154
vt 0.500000 0.846154
vt 0.500000 0.769231
vt 0.562500 0.769231
vt 0.562500 0.846154
vt 0.500000 0.846154
vt 0.562500 0.769231
vt 0.625000 0.769231
vt 0.625000 0.846154
vt 0.562500 0.846154
vt 0.562500 0.769231
vt 0.625000 0.769231
vt 0.625000 0.846154
vt 0.562500 0.846154
vt 0.625000 0.769231
vt 0.687500 0.769231
vt 0.687500 0.846154
vt 0.625000 0.846154
vt 0.625000 0.769231
vt 0.687500 0.769231
vt 0.687500 0.846154
vt 0.625000 0.846154
vt 0.687500 0.769231
vt 0.750000 0.769231
vt 0.750000 0.846154
vt 0.687500 0.846154
vt 0.687500 0.769231
vt 0.750000 0.769231
vt 0.750000 0.846154
vt 0.687500 0.846154
vt 0.750000 0.769231
vt 0.812500 0.769231
vt 0.812500 0.846154
vt 0.750000 0.846154
vt 0.750000 0.769231
vt 0.812500 0.769231
vt 0.812500 0.846154
vt 0.750000 0.846154
vt 0.812500 0.769231
vt 0.875000 0.769231
vt 0.875000 0.846154
vt 0.812500 0.846154
vt 0.812500 0.769231
vt 0.875000 0.769231
vt 0.875000 0.846154
vt 0.812500 0.846154
vt 0.875000 0.769231
vt 0.937500 0.769231
vt 0.937500 0.846154
vt 0.875000 0.846154
vt 0.875000 0.769231
vt 0.937500 0.769231
vt 0.937500 0.846154
vt 0.875000 0.846154
vt 0.937500 0.769231
vt 1.000000 0.769231
vt 1.000000 0.846154
vt 0.937500 0.846154
vt 0.937500 0.769231
vt 1.000000 0.769231
vt 1.000000 0.846154
vt 0.937500 0.846154
vt 0.000000 0.846154
vt 0.062500 0.846154
vt 0.062500 0.923077
vt 0.000000 0.923077
vt 0.000000 0.846154
vt 0.062500 0.846154
vt 0.062500 0.923077
vt 0.000000 0.923077
vt 0.062500 0.846154
vt 0.125000 0.846154
vt 0.125000 0.923077
vt 0.062500 0.923077
vt 0.062500 0.846154
vt 0.125000 0.846154
vt 0.125000 0.923077
vt 0.062500 0.923077
vt 0.125000 0.846154
vt 0.187500 0.846154
vt 0.187500 0.923077
vt 0.125000 0.923077
vt 0.125000 0.846154
vt 0.187500 0.846154
vt 0.187500 0.923077
vt 0.125000 0.923077
vt 0.187500 0.846154
vt 0.250000 0.846154
vt 0.250000 0.923077
vt 0.187500 0.923077
vt 0.187500 0.846154
vt 0.250000 0.846154
vt 0.250000 0.923077
vt 0.187500 0.923077
vt 0.250000 0.846154
vt 0.312500 0.846154
vt 0.312500 0.923077
vt 0.250000 0.923077
vt 0.250000 0.846154
vt 0.312500 0.846154
vt 0.312500 0.923077
vt 0.250000 0.923077
vt 0.312500 0.846154
vt 0.375000 0.846154
vt 0.375000 0.923077
vt 0.312500 0.923077
vt 0.312500 0.846154
vt 0.375000 0.846154
vt 0.375000 0.923077
vt 0.312500 0.923077
vt 0.375000 0.846154
vt 0.437500 0.846154
vt 0.437500 0.923077
vt 0.375000 0.923077
vt 0.375000 0.846154
vt 0.437500 0.846154
vt 0.437500 0.923077
vt 0.375000 0.923077
vt 0.437500 0.846154
vt 0.500000 0.846154
vt 0.500000 0.923077
vt 0.437500 0.923077
vt 0.437500 0.846154
vt 0.500000 0.846154
vt 0.500000 0.923077
vt 0.437500 0.923077
vt 0.500000 0.846154
vt 0.562500 0.846154
vt 0.562500 0.923077
vt 0.500000 0.923077
vt 0.500000 0.846154
vt 0.562500 0.846154
vt 0.562500 0.923077
vt 0.500000 0.923077
vt 0.562500 0.846154
vt 0.625000 0.846154
vt 0.625000 0.923077
vt 0.562500 0.923077
vt 0.562500 0.846154
vt 0.625000 0.846154
vt 0.625000 0.923077
vt 0.562500 0.923077
vt 0.625000 0.846154
vt 0.687500 0.846154
vt 0.687500 0.923077
vt 0.625000 0.923077
vt 0.625000 0.846154
vt 0.687500 0.846154
vt 0.687500 0.923077
vt 0.625000 0.923077
vt 0.687500 0.846154
vt 0.750000 0.846154
vt 0.750000 0.923077
vt 0.687500 0.923077
vt 0.687500 0.846154
vt 0.750000 0.846154
vt 0.750000 0.923077
vt 0.687500 0.923077
vt 0.750000 0.846154
vt 0.812500 0.846154
vt 0.812500 0.923077
vt 0.750000 0.923077
vt 0.750000 0.846154
vt 0.812500 0.846154
vt 0.812500 0.923077
vt 0.750000 0.923077
vt 0.812500 0.846154
vt 0.875000 0.846154
vt 0.875000 0.923077
vt 0.812500 0.923077
vt 0.812500 0.846154
vt 0.875000 0.846154
vt 0.875000 0.923077
vt 0.812500 0.923077
vt 0.875000 0.846154
vt 0.937500 0.846154
vt 0.937500 0.923077
vt 0.875000 0.923077
vt 0.875000 0.846154
vt 0.937500 0.846154
vt 0.937500 0.923077
vt 0.875000 0.923077
vt 0.937500 0.846154
vt 1.000000 0.846154
vt 1.000000 0.923077
vt 0.937500 0.923077
vt 0.937500 0.846154
vt 1.000000 0.846154
vt 1.000000 0.923077
vt 0.937500 0.923077
vt 0.000000 0.923077
vt 0.062500 0.923077
vt 0.062500 1.000000
vt 0.000000 1.000000
vt 0.000000 0.923077
vt 0.062500 0.923077
vt 0.062500 1.000000
vt 0.000000 1.000000
vt 0.062500 0.923077
vt 0.125000 0.923077
vt 0.125000 1.000000
vt 0.062500 1.000000
vt 0.062500 0.923077
vt 0.125000 0.923077
vt 0.125000 1.000000
vt 0.062500 1.000000
vt 0.125000 0.923077
vt 0.187500 0.923077
vt 0.187500 1.000000
vt 0.125000 1.000000
vt 0.125000 0.923077
vt 0.187500 0.923077
vt 0.187500 1.000000
vt 0.125000 1.000000
vt 0.187500 0.923077
vt 0.250000 0.923077
vt 0.250000 1.000000
vt 0.187500 1.000000
vt 0.187500 0.923077
vt 0.250000 0.923077
vt 0.250000 1.000000
vt 0.187500 1.000000
vt 0.250000 0.923077
vt 0.312500 0.923077
vt 0.312500 1.000000
vt 0.250000 1.000000
vt 0.250000 0.923077
vt 0.312500 0.923077
vt 0.312500 1.000000
vt 0.250000 1.000000
vt 0.312500 0.923077
vt 0.375000 0.923077
vt 0.375000 1.000000
vt 0.312500 1.000000
vt 0.312500 0.923077
vt 0.375000 0.923077
vt 0.375000 1.000000
vt 0.312500 1.000000
vt 0.375000 0.923077
vt 0.437500 0.923077
vt 0.437500 1.000000
vt 0.375000 1.000000
vt 0.375000 0.923077
vt 0.437500 0.923077
vt 0.437500 1.000000
vt 0.375000 1.000000
vt 0.437500 0.923077
vt 0.500000 0.923077
vt 0.500000 1.000000
vt 0.437500 1.000000
vt 0.437500 0.923077
vt 0.500000 0.923077
vt 0.500000 1.000000
vt 0.437500 1.000000
vt 0.500000 0.923077
vt 0.562500 0.923077
vt 0.562500 1.000000
vt 0.500000 1.000000
vt 0.500000 0.923077
vt 0.562500 0.923077
vt 0.562500 1.000000
vt 0.500000 1.000000
vt 0.562500 0.923077
vt 0.625000 0.923077
vt 0.625000 1.000000
vt 0.562500 1.000000
vt 0.562500 0.923077
vt 0.625000 0.923077
vt 0.625000 1.000000
vt 0.562500 1.000000
vt 0.625000 0.923077
vt 0.687500 0.923077
vt 0.687500 1.000000
vt 0.625000 1.000000
vt 0.625000 0.923077
vt 0.687500 0.923077
vt 0.687500 1.000000
vt 0.625000 1.000000
vt 0.687500 0.923077
vt 0.750000 0.923077
vt 0.750000 1.000000
vt 0.687500 1.000000
vt 0.687500 0.923077
vt 0.750000 0.923077
vt 0.750000 1.000000
vt 0.687500 1.000000
vt 0.750000 0.923077
vt 0.812500 0.923077
vt 0.812500 1.000000
vt 0.750000 1.000000
vt 0.750000 0.923077
vt 0.812500 0.923077
vt 0.812500 1.000000
vt 0.750000 1.000000
vt 0.812500 0.923077
vt 0.875000 0.923077
vt 0.875000 1.000000
vt 0.812500 1.000000
vt 0.812500 0.923077
vt 0.875000 0.923077
vt 0.875000 1.000000
vt 0.812500 1.000000
vt 0.875000 0.923077
vt 0.937500 0.923077
vt 0.937500 1.000000
vt 0.875000 1.000000
vt 0.875000 0.923077
vt 0.937500 0.923077
vt 0.937500 1.000000
vt 0.875000 1.000000
vt 0.937500 0.923077
vt 1.000000 0.923077
vt 1.000000 1.000000
vt 0.937500 1.000000
vt 0.937500 0.923077
vt 1.000000 0.923077
vt 1.000000 1.000000
vt 0.937500 1.000000
vt 0.000000 0.000000
vt 1.000000 0.000000
vt 1.000000 1.000000
vt 0.000000 1.000000
vt 0.000000 0.000000
vt 1.000000 0.000000
vt 1.000000 1.000000
vt 0.000000 1.000000
vt 0.000000 0.000000
vt 1.000000 0.000000
vt 1.000000 1.000000
vt 0.000000 1.000000
vt 0.000000 0.000000
vt 1.000000 0.000000
vt 1.000000 1.000000
vt 0.000000 1.000000
vt 0.000000 0.000000
vt 1.000000 0.000000
vt 1.000000 1.000000
vt 0.000000 1.000000
vt 0.000000 0.000000
vt 1.000000 0.000000
vt 1.000000 1.000000
vt 0.000000 1.000000
vt 0.500000 0.500000
vt 0.000000 0.000000
vt 1.000000 0.000000
vt 0.000000 0.000000
vt 1.000000 0.000000
vt 0.000000 0.000000
vt 1.000000 0.000000
vt 0.000000 0.000000
vt 1.000000 0.000000
vt 0.000000 0.000000
vt 1.000000 0.000000
vt 0.000000 0.000000
vt 1.000000 0.000000
vt 0.500000 0.500000
vt 0.000000 0.000000
vt 1.000000 0.000000
vt 0.000000 0.000000
vt 1.000000 0.000000
vt 0.000000 0.000000
vt 1.000000 0.000000
vt 0.000000 0.000000
vt 1.000000 0.000000
vt 0.000000 0.000000
vt 1.000000 0.000000
vt 0.000000 0.000000
vt 1.000000 0.000000
vt 0.000000 0.000000
vt 1.000000 0.000000
vt 1.000000 1.000000
vt 0.000000 1.000000
vt 0.000000 0.000000
vt 1.000000 0.000000
vt 1.000000 1.000000
vt 0.000000 1.000000
vt 0.000000 0.000000
vt 1.000000 0.000000
vt 1.000000 1.000000
vt 0.000000 1.000000
vt 0.000000 0.000000
vt 1.000000 0.000000
vt 1.000000 1.000000
vt 0.000000 1.000000
vt 0.000000 0.000000
vt 1.000000 0.000000
vt 1.000000 1.000000
vt 0.000000 1.000000
vt 0.000000 0.000000
vt 1.000000 0.000000
vt 1.000000 1.000000
vt 0.000000 1.000000
vt 0.500000 0.500000
vt 0.000000 0.000000
vt 1.000000 0.000000
vt 0.000000 0.000000
vt 1.000000 0.000000
vt 0.000000 0.000000
vt 1.000000 0.000000
vt 0.000000 0.000000
vt 1.000000 0.000000
vt 0.000000 0.000000
vt 1.000000 0.000000
vt 0.000000 0.000000
vt 1.000000 0.000000
vt 0.500000 0.500000
vt 0.000000 0.000000
vt 1.000000 0.000000
vt 0.000000 0.000000
vt 1.000000 0.000000
vt 0.000000 0.000000
vt 1.000000 0.000000
vt 0.000000 0.000000
vt 1.000000 0.000000
vt 0.000000 0.000000
vt 1.000000 0.000000
vt 0.000000 0.000000
vt 1.000000 0.000000
vt 0.000000 0.000000
vt 1.000000 0.000000
vt 1.000000 1.000000
vt 0.000000 1.000000
vt 0.000000 0.000000
vt 1.000000 0.000000
vt 1.000000 1.000000
vt 0.000000 1.000000
vt 0.000000 0.000000
vt 1.000000 0.000000
vt 1.000000 1.000000
vt 0.000000 1.000000
vt 0.000000 0.000000
vt 1.000000 0.000000
vt 1.000000 1.000000
vt 0.000000 1.000000
vt 0.000000 0.000000
vt 1.000000 0.000000
vt 1.000000 1.000000
vt 0.000000 1.000000
vt 0.000000 0.000000
vt 1.000000 0.000000
vt 1.000000 1.000000
vt 0.000000 1.000000
vt 0.500000 0.500000
vt 0.000000 0.000000
vt 1.000000 0.000000
vt 0.000000 0.000000
vt 1.000000 0.000000
vt 0.000000 0.000000
vt 1.000000 0.000000
vt 0.000000 0.000000
vt 1.000000 0.000000
vt 0.000000 0.000000
vt 1.000000 0.000000
vt 0.000000 0.000000
vt 1.000000 0.000000
vt 0.500000 0.500000
vt 0.000000 0.000000
vt 1.000000 0.000000
vt 0.000000 0.000000
vt 1.000000 0.000000
vt 0.000000 0.000000
vt 1.000000 0.000000
vt 0.000000 0.000000
vt 1.000000 0.000000
vt 0.000000 0.000000
vt 1.000000 0.000000
vt 0.000000 0.000000
vt 1.000000 0.000000
vt 0.000000 0.000000
vt 1.000000 0.000000
vt 1.000000 1.000000
vt 0.000000 1.000000
vt 0.000000 0.000000
vt 1.000000 0.000000
vt 1.000000 1.000000
vt 0.000000 1.000000
vt 0.000000 0.000000
vt 1.000000 0.000000
vt 1.000000 1.000000
vt 0.000000 1.000000
vt 0.000000 0.000000
vt 1.000000 0.000000
vt 1.000000 1.000000
vt 0.000000 1.000000
vt 0.000000 0.000000
vt 1.000000 0.000000
vt 1.000000 1.000000
vt 0.000000 1.000000
vt 0.000000 0.000000
vt 1.000000 0.000000
vt 1.000000 1.000000
vt 0.000000 1.000000
vt 0.500000 0.500000
vt 0.000000 0.000000
vt 1.000000 0.000000
vt 0.000000 0.000000
vt 1.000000 0.000000
vt 0.000000 0.000000
vt 1.000000 0.000000
vt 0.000000 0.000000
vt 1.000000 0.000000
vt 0.000000 0.000000
vt 1.000000 0.000000
vt 0.000000 0.000000
vt 1.000000 0.000000
vt 0.500000 0.500000
vt 0.000000 0.000000
vt 1.000000 0.000000
vt 0.000000 0.000000
vt 1.000000 0.000000
vt 0.000000 0.000000
vt 1.000000 0.000000
vt 0.000000 0.000000
vt 1.000000 0.000000
vt 0.000000 0.000000
vt 1.000000 0.000000
vt 0.000000 0.000000
vt 1.000000 0.000000
vt 0.000000 0.000000
vt 1.000000 0.000000
vt 1.000000 1.000000
vt 0.000000 1.000000
vt 0.000000 0.000000
vt 1.000000 0.000000
vt 1.000000 1.000000
vt 0.000000 1.000000
vt 0.000000 0.000000
vt 1.000000 0.000000
vt 1.000000 1.000000
vt 0.000000 1.000000
vt 0.000000 0.000000
vt 1.000000 0.000000
vt 1.000000 1.000000
vt 0.000000 1.000000
vt 0.000000 0.000000
vt 1.000000 0.000000
vt 1.000000 1.000000
vt 0.000000 1.000000
vt 0.000000 0.000000
vt 1.000000 0.000000
vt 1.000000 1.000000
vt 0.000000 1.000000
vt 0.000000 0.000000
vt 1.000000 0.000000
vt 1.000000 1.000000
vt 0.000000 1.000000
vt 0.000000 0.000000
vt 1.000000 0.000000
vt 1.000000 1.000000
vt 0.000000 1.000000
vt 0.000000 0.000000
vt 1.000000 0.000000
vt 1.000000 1.000000
vt 0.000000 1.000000
vt 0.000000 0.000000
vt 1.000000 0.000000
vt 1.000000 1.000000
vt 0.000000 1.000000
vt 0.000000 0.000000
vt 1.000000 0.000000
vt 1.000000 1.000000
vt 0.000000 1.000000
vt 0.000000 0.000000
vt 1.000000 0.000000
vt 1.000000 1.000000
vt 0.000000 1.000000
vt 0.000000 0.000000
vt 1.000000 0.000000
vt 1.000000 1.000000
vt 0.000000 1.000000
vt 0.000000 0.000000
vt 1.000000 0.000000
vt 1.000000 1.000000
vt 0.000000 1.000000
vt 0.000000 0.000000
vt 1.000000 0.000000
vt 1.000000 1.000000
vt 0.000000 1.000000
vt 0.000000 0.000000
vt 1.000000 0.000000
vt 1.000000 1.000000
vt 0.000000 1.000000
vt 0.000000 0.000000
vt 1.000000 0.000000
vt 1.000000 1.000000
vt 0.000000 1.000000
vt 0.000000 0.000000
vt 1.000000 0.000000
vt 1.000000 1.000000
vt 0.000000 1.000000
vt 0.000000 0.000000
vt 1.000000 0.000000
vt 1.000000 1.000000
vt 0.000000 1.000000
vt 0.000000 0.000000
vt 1.000000 0.000000
vt 1.000000 1.000000
vt 0.000000 1.000000
vt 0.000000 0.000000
vt 1.000000 0.000000
vt 1.000000 1.000000
vt 0.000000 1.000000
vt 0.000000 0.000000
vt 1.000000 0.000000
vt 1.000000 1.000000
vt 0.000000 1.000000
vt 0.000000 0.000000
vt 1.000000 0.000000
vt 1.000000 1.000000
vt 0.000000 1.000000
vt 0.000000 0.000000
vt 1.000000 0.000000
vt 1.000000 1.000000
vt 0.000000 1.000000
vt 0.000000 0.000000
vt 1.000000 0.000000
vt 1.000000 1.000000
vt 0.000000 1.000000
vt 0.000000 0.000000
vt 1.000000 0.000000
vt 1.000000 1.000000
vt 0.000000 1.000000
vt 0.000000 0.000000
vt 1.000000 0.000000
vt 1.000000 1.000000
vt 0.000000 1.000000
vt 0.000000 0.000000
vt 1.000000 0.000000
vt 1.000000 1.000000
vt 0.000000 1.000000
vt 0.000000 0.000000
vt 1.000000 0.000000
vt 1.000000 1.000000
vt 0.000000 1.000000
vt 0.000000 0.000000
vt 1.000000 0.000000
vt 1.000000 1.000000
vt 0.000000 1.000000
vt 0.000000 0.000000
vt 1.000000 0.000000
vt 1.000000 1.000000
vt 0.000000 1.000000
vt 0.000000 0.000000
vt 1.000000 0.000000
vt 1.000000 1.000000
vt 0.000000 1.000000
vt 0.000000 0.000000
vt 1.000000 0.000000
vt 1.000000 1.000000
vt 0.000000 1.000000
vt 0.000000 0.000000
vt 1.000000 0.000000
vt 1.000000 1.000000
vt 0.000000 1.000000
vt 0.000000 0.000000
vt 1.000000 0.000000
vt 1.000000 1.000000
vt 0.000000 1.000000
vt 0.000000 0.000000
vt 1.000000 0.000000
vt 1.000000 1.000000
vt 0.000000 1.000000
vt 0.000000 0.000000
vt 1.000000 0.000000
vt 1.000000 1.000000
vt 0.000000 1.000000
vt 0.000000 0.000000
vt 1.000000 0.000000
vt 1.000000 1.000000
vt 0.000000 1.000000
vt 0.000000 0.000000
vt 1.000000 0.000000
vt 1.000000 1.000000
vt 0.000000 1.000000
vt 0.000000 0.000000
vt 1.000000 0.000000
vt 1.000000 1.000000
vt 0.000000 1.000000
vt 0.000000 0.000000
vt 1.000000 0.000000
vt 1.000000 1.000000
vt 0.000000 1.000000
vt 0.000000 0.000000
vt 1.000000 0.000000
vt 1.000000 1.000000
vt 0.000000 1.000000
vt 0.000000 0.000000
vt 1.000000 0.000000
vt 1.000000 1.000000
vt 0.000000 1.000000
vt 0.000000 0.000000
vt 1.000000 0.000000
vt 1.000000 1.000000
vt 0.000000 1.000000
vt 0.000000 0.000000
vt 1.000000 0.000000
vt 1.000000 1.000000
vt 0.000000 1.000000
vt 0.000000 0.000000
vt 1.000000 0.000000
vt 1.000000 1.000000
vt 0.000000 1.000000
vt 0.000000 0.000000
vt 1.000000 0.000000
vt 1.000000 1.000000
vt 0.000000 1.000000
vt 0.000000 0.000000
vt 1.000000 0.000000
vt 1.000000 1.000000
vt 0.000000 1.000000
vt 0.000000 0.000000
vt 1.000000 0.000000
vt 1.000000 1.000000
vt 0.000000 1.000000
vt 0.000000 0.000000
vt 1.000000 0.000000
vt 1.000000 1.000000
vt 0.000000 1.000000
vt 0.000000 0.000000
vt 1.000000 0.000000
vt 1.000000 1.000000
vt 0.000000 1.000000
vt 0.000000 0.000000
vt 1.000000 0.000000
vt 1.000000 1.000000
vt 0.000000 1.000000
vt 0.000000 0.000000
vt 1.000000 0.000000
vt 1.000000 1.000000
vt 0.000000 1.000000
vt 0.000000 0.000000
vt 1.000000 0.000000
vt 1.000000 1.000000
vt 0.000000 1.000000
vt 0.000000 0.000000
vt 1.000000 0.000000
vt 1.000000 1.000000
vt 0.000000 1.000000
vt 0.000000 0.000000
vt 1.000000 0.000000
vt 1.000000 1.000000
vt 0.000000 1.000000
vt 0.000000 0.000000
vt 1.000000 0.000000
vt 1.000000 1.000000
vt 0.000000 1.000000
vt 0.000000 0.000000
vt 1.000000 0.000000
vt 1.000000 1.000000
vt 0.000000 1.000000
vt 0.000000 0.000000
vt 1.000000 0.000000
vt 1.000000 1.000000
vt 0.000000 1.000000
vt 0.000000 0.000000
vt 1.000000 0.000000
vt 1.000000 1.000000
vt 0.000000 1.000000
vt 0.000000 0.000000
vt 1.000000 0.000000
vt 1.000000 1.000000
vt 0.000000 1.000000
vt 0.000000 0.000000
vt 1.000000 0.000000
vt 1.000000 1.000000
vt 0.000000 1.000000
vt 0.000000 0.000000
vt 1.000000 0.000000
vt 1.000000 1.000000
vt 0.000000 1.000000
vt 0.000000 0.000000
vt 1.000000 0.000000
vt 1.000000 1.000000
vt 0.000000 1.000000
vt 0.000000 0.000000
vt 1.000000 0.000000
vt 1.000000 1.000000
vt 0.000000 1.000000
vt 0.000000 0.000000
vt 1.000000 0.000000
vt 1.000000 1.000000
vt 0.000000 1.000000
vt 0.000000 0.000000
vt 1.000000 0.000000
vt 1.000000 1.000000
vt 0.000000 1.000000
vt 0.000000 0.000000
vt 1.000000 0.000000
vt 1.000000 1.000000
vt 0.000000 1.000000
vt 0.000000 0.000000
vt 1.000000 0.000000
vt 1.000000 1.000000
vt 0.000000 1.000000
vt 0.000000 0.000000
vt 1.000000 0.000000
vt 1.000000 1.000000
vt 0.000000 1.000000
vt 0.000000 0.000000
vt 1.000000 0.000000
vt 1.000000 1.000000
vt 0.000000 1.000000
vt 0.000000 0.000000
vt 1.000000 0.000000
vt 1.000000 1.000000
vt 0.000000 1.000000
vt 0.000000 0.000000
vt 1.000000 0.000000
vt 1.000000 1.000000
vt 0.000000 1.000000
vt 0.000000 0.000000
vt 1.000000 0.000000
vt 1.000000 1.000000
vt 0.000000 1.000000
vt 0.000000 0.000000
vt 1.000000 0.000000
vt 1.000000 1.000000
vt 0.000000 1.000000
vt 0.000000 0.000000
vt 1.000000 0.000000
vt 1.000000 1.000000
vt 0.000000 1.000000
vt 0.000000 0.000000
vt 1.000000 0.000000
vt 1.000000 1.000000
vt 0.000000 1.000000
vt 0.000000 0.000000
vt 1.000000 0.000000
vt 1.000000 1.000000
vt 0.000000 1.000000
vt 0.000000 0.000000
vt 1.000000 0.000000
vt 1.000000 1.000000
vt 0.000000 1.000000
vt 0.000000 0.000000
vt 1.000000 0.000000
vt 1.000000 1.000000
vt 0.000000 1.000000
vt 0.000000 0.000000
vt 1.000000 0.000000
vt 1.000000 1.000000
vt 0.000000 1.000000
vt 0.000000 0.000000
vt 1.000000 0.000000
vt 1.000000 1.000000
vt 0.000000 1.000000
vt 0.000000 0.000000
vt 1.000000 0.000000
vt 1.000000 1.000000
vt 0.000000 1.000000
vt 0.000000 0.000000
vt 1.000000 0.000000
vt 1.000000 1.000000
vt 0.000000 1.000000
vt 0.000000 0.000000
vt 1.000000 0.000000
vt 1.000000 1.000000
vt 0.000000 1.000000
vt 0.000000 0.000000
vt 1.000000 0.000000
vt 1.000000 1.000000
vt 0.000000 1.000000
vt 0.000000 0.000000
vt 1.000000 0.000000
vt 1.000000 1.000000
vt 0.000000 1.000000
vt 0.000000 0.000000
vt 1.000000 0.000000
vt 1.000000 1.000000
vt 0.000000 1.000000
vt 0.000000 0.000000
vt 1.000000 0.000000
vt 1.000000 1.000000
vt 0.000000 1.000000
vt 0.000000 0.000000
vt 1.000000 0.000000
vt 1.000000 1.000000
vt 0.000000 1.000000
vt 0.000000 0.000000
vt 1.000000 0.000000
vt 1.000000 1.000000
vt 0.000000 1.000000
vt 0.000000 0.000000
vt 1.000000 0.000000
vt 1.000000 1.000000
vt 0.000000 1.000000
vt 0.000000 0.000000
vt 1.000000 0.000000
vt 1.000000 1.000000
vt 0.000000 1.000000
vt 0.000000 0.000000
vt 1.000000 0.000000
vt 1.000000 1.000000
vt 0.000000 1.000000
vt 0.000000 0.000000
vt 1.000000 0.000000
vt 1.000000 1.000000
vt 0.000000 1.000000
vt 0.000000 0.000000
vt 1.000000 0.000000
vt 1.000000 1.000000
vt 0.000000 1.000000
vt 0.000000 0.000000
vt 1.000000 0.000000
vt 1.000000 1.000000
vt 0.000000 1.000000
vt 0.000000 0.000000
vt 1.000000 0.000000
vt 1.000000 1.000000
vt 0.000000 1.000000
vt 0.000000 0.000000
vt 1.000000 0.000000
vt 1.000000 1.000000
vt 0.000000 1.000000
vt 0.000000 0.000000
vt 1.000000 0.000000
vt 1.000000 1.000000
vt 0.000000 1.000000
vt 0.000000 0.000000
vt 1.000000 0.000000
vt 1.000000 1.000000
vt 0.000000 1.000000
vt 0.000000 0.000000
vt 1.000000 0.000000
vt 1.000000 1.000000
vt 0.000000 1.000000
vt 0.000000 0.000000
vt 1.000000 0.000000
vt 1.000000 1.000000
vt 0.000000 1.000000
vt 0.000000 0.000000
vt 1.000000 0.000000
vt 1.000000 1.000000
vt 0.000000 1.000000
vt 0.000000 0.000000
vt 1.000000 0.000000
vt 1.000000 1.000000
vt 0.000000 1.000000
vt 0.000000 0.000000
vt 1.000000 0.000000
vt 1.000000 1.000000
vt 0.000000 1.000000
vt 0.000000 0.000000
vt 1.000000 0.000000
vt 1.000000 1.000000
vt 0.000000 1.000000
vt 0.000000 0.000000
vt 1.000000 0.000000
vt 1.000000 1.000000
vt 0.000000 1.000000
vt 0.000000 0.000000
vt 1.000000 0.000000
vt 1.000000 1.000000
vt 0.000000 1.000000
vt 0.000000 0.000000
vt 1.000000 0.000000
vt 1.000000 1.000000
vt 0.000000 1.000000
vt 0.000000 0.000000
vt 1.000000 0.000000
vt 1.000000 1.000000
vt 0.000000 1.000000
vt 0.000000 0.000000
vt 1.000000 0.000000
vt 1.000000 1.000000
vt 0.000000 1.000000
vt 0.000000 0.000000
vt 1.000000 0.000000
vt 1.000000 1.000000
vt 0.000000 1.000000
vt 0.000000 0.000000
vt 1.000000 0.000000
vt 1.000000 1.000000
vt 0.000000 1.000000
vt 0.000000 0.000000
vt 1.000000 0.000000
vt 1.000000 1.000000
vt 0.000000 1.000000
vt 0.000000 0.000000
vt 1.000000 0.000000
vt 1.000000 1.000000
vt 0.000000 1.000000
vt 0.000000 0.000000
vt 1.000000 0.000000
vt 1.000000 1.000000
vt 0.000000 1.000000
vt 0.000000 0.000000
vt 1.000000 0.000000
vt 1.000000 1.000000
vt 0.000000 1.000000
vt 0.000000 0.000000
vt 1.000000 0.000000
vt 1.000000 1.000000
vt 0.000000 1.000000
vt 0.000000 0.000000
vt 1.000000 0.000000
vt 1.000000 1.000000
vt 0.000000 1.000000
vt 0.000000 0.000000
vt 1.000000 0.000000
vt 1.000000 1.000000
vt 0.000000 1.000000
vt 0.000000 0.000000
vt 1.000000 0.000000
vt 1.000000 1.000000
vt 0.000000 1.000000
vt 0.000000 0.000000
vt 1.000000 0.000000
vt 1.000000 1.000000
vt 0.000000 1.000000
vt 0.000000 0.000000
vt 1.000000 0.000000
vt 1.000000 1.000000
vt 0.000000 1.000000
vt 0.000000 0.000000
vt 1.000000 0.000000
vt 1.000000 1.000000
vt 0.000000 1.000000
vt 0.000000 0.000000
vt 1.000000 0.000000
vt 1.000000 1.000000
vt 0.000000 1.000000
vt 0.000000 0.000000
vt 1.000000 0.000000
vt 1.000000 1.000000
vt 0.000000 1.000000
vt 0.000000 0.000000
vt 1.000000 0.000000
vt 1.000000 1.000000
vt 0.000000 1.000000
vt 0.000000 0.000000
vt 1.000000 0.000000
vt 1.000000 1.000000
vt 0.000000 1.000000
vt 0.000000 0.000000
vt 1.000000 0.000000
vt 1.000000 1.000000
vt 0.000000 1.000000
vt 0.000000 0.000000
vt 1.000000 0.000000
vt 1.000000 1.000000
vt 0.000000 1.000000
vt 0.000000 0.000000
vt 1.000000 0.000000
vt 1.000000 1.000000
vt 0.000000 1.000000
vt 0.000000 0.000000
vt 1.000000 0.000000
vt 1.000000 1.000000
vt 0.000000 1.000000
vt 0.000000 0.000000
vt 1.000000 0.000000
vt 1.000000 1.000000
vt 0.000000 1.000000
vt 0.000000 0.000000
vt 1.000000 0.000000
vt 1.000000 1.000000
vt 0.000000 1.000000
vt 0.000000 0.000000
vt 1.000000 0.000000
vt 1.000000 1.000000
vt 0.000000 1.000000
vt 0.000000 0.000000
vt 1.000000 0.000000
vt 1.000000 1.000000
vt 0.000000 1.000000
vt 0.000000 0.000000
vt 1.000000 0.000000
vt 1.000000 1.000000
vt 0.000000 1.000000
vt 0.000000 0.000000
vt 1.000000 0.000000
vt 1.000000 1.000000
vt 0.000000 1.000000
vt 0.000000 0.000000
vt 1.000000 0.000000
vt 1.000000 1.000000
vt 0.000000 1.000000
vt 0.000000 0.000000
vt 1.000000 0.000000
vt 1.000000 1.000000
vt 0.000000 1.000000
vt 0.000000 0.000000
vt 1.000000 0.000000
vt 1.000000 1.000000
vt 0.000000 1.000000
vt 0.000000 0.000000
vt 1.000000 0.000000
vt 1.000000 1.000000
vt 0.000000 1.000000
vt 0.000000 0.000000
vt 1.000000 0.000000
vt 1.000000 1.000000
vt 0.000000 1.000000
vt 0.000000 0.000000
vt 1.000000 0.000000
vt 1.000000 1.000000
vt 0.000000 1.000000
vt 0.000000 0.000000
vt 1.000000 0.000000
vt 1.000000 1.000000
vt 0.000000 1.000000
vt 0.000000 0.000000
vt 1.000000 0.000000
vt 1.000000 1.000000
vt 0.000000 1.000000
vt 0.000000 0.000000
vt 1.000000 0.000000
vt 1.000000 1.000000
vt 0.000000 1.000000
vt 0.000000 0.000000
vt 1.000000 0.000000
vt 1.000000 1.000000
vt 0.000000 1.000000
vt 0.000000 0.000000
vt 1.000000 0.000000
vt 1.000000 1.000000
vt 0.000000 1.000000
vt 0.000000 0.000000
vt 1.000000 0.000000
vt 1.000000 1.000000
vt 0.000000 1.000000
vt 0.000000 0.000000
vt 1.000000 0.000000
vt 1.000000 1.000000
vt 0.000000 1.000000
vt 0.000000 0.000000
vt 1.000000 0.000000
vt 1.000000 1.000000
vt 0.000000 1.000000
vt 0.000000 0.000000
vt 1.000000 0.000000
vt 1.000000 1.000000
vt 0.000000 1.000000
vt 0.000000 0.000000
vt 1.000000 0.000000
vt 1.000000 1.000000
vt 0.000000 1.000000
vt 0.000000 0.000000
vt 1.000000 0.000000
vt 1.000000 1.000000
vt 0.000000 1.000000
vt 0.000000 0.000000
vt 1.000000 0.000000
vt 1.000000 1.000000
vt 0.000000 1.000000
vt 0.000000 0.000000
vt 1.000000 0.000000
vt 1.000000 1.000000
vt 0.000000 1.000000
vt 0.000000 0.000000
vt 1.000000 0.000000
vt 1.000000 1.000000
vt 0.000000 1.000000
vt 0.000000 0.000000
vt 1.000000 0.000000
vt 1.000000 1.000000
vt 0.000000 1.000000
vt 0.000000 0.000000
vt 1.000000 0.000000
vt 1.000000 1.000000
vt 0.000000 1.000000
vt 0.000000 0.000000
vt 1.000000 0.000000
vt 1.000000 1.000000
vt 0.000000 1.000000
vt 0.000000 0.000000
vt 1.000000 0.000000
vt 1.000000 1.000000
vt 0.000000 1.000000
vt 0.000000 0.000000
vt 1.000000 0.000000
vt 1.000000 1.000000
vt 0.000000 1.000000
vt 0.000000 0.000000
vt 1.000000 0.000000
vt 1.000000 1.000000
vt 0.000000 1.000000
vt 0.000000 0.000000
vt 1.000000 0.000000
vt 1.000000 1.000000
vt 0.000000 1.000000
vt 0.000000 0.000000
vt 1.000000 0.000000
vt 1.000000 1.000000
vt 0.000000 1.000000
vt 0.000000 0.000000
vt 1.000000 0.000000
vt 1.000000 1.000000
vt 0.000000 1.000000
vt 0.000000 0.000000
vt 1.000000 0.000000
vt 1.000000 1.000000
vt 0.000000 1.000000
vt 0.000000 0.000000
vt 1.000000 0.000000
vt 1.000000 1.000000
vt 0.000000 1.000000
vt 0.000000 0.000000
vt 1.000000 0.000000
vt 1.000000 1.000000
vt 0.000000 1.000000
vt 0.000000 0.000000
vt 1.000000 0.000000
vt 1.000000 1.000000
vt 0.000000 1.000000
vt 0.000000 0.000000
vt 1.000000 0.000000
vt 1.000000 1.000000
vt 0.000000 1.000000
vt 0.000000 0.000000
vt 1.000000 0.000000
vt 1.000000 1.000000
vt 0.000000 1.000000
vt 0.000000 0.000000
vt 1.000000 0.000000
vt 1.000000 1.000000
vt 0.000000 1.000000
vt 0.000000 0.000000
vt 1.000000 0.000000
vt 1.000000 1.000000
vt 0.000000 1.000000
vt 0.000000 0.000000
vt 1.000000 0.000000
vt 1.000000 1.000000
vt 0.000000 1.000000
vt 0.000000 0.000000
vt 1.000000 0.000000
vt 1.000000 1.000000
vt 0.000000 1.000000
vt 0.000000 0.000000
vt 1.000000 0.000000
vt 1.000000 1.000000
vt 0.000000 1.000000
vt 0.000000 0.000000
vt 1.000000 0.000000
vt 1.000000 1.000000
vt 0.000000 1.000000
vt 0.000000 0.000000
vt 1.000000 0.000000
vt 1.000000 1.000000
vt 0.000000 1.000000
vt 0.000000 0.000000
vt 1.000000 0.000000
vt 1.000000 1.000000
vt 0.000000 1.000000
vt 0.000000 0.000000
vt 1.000000 0.000000
vt 1.000000 1.000000
vt 0.000000 1.000000
vt 0.000000 0.000000
vt 1.000000 0.000000
vt 1.000000 1.000000
vt 0.000000 1.000000
vt 0.000000 0.000000
vt 1.000000 0.000000
vt 1.000000 1.000000
vt 0.000000 1.000000
vt 0.000000 0.000000
vt 1.000000 0.000000
vt 1.000000 1.000000
vt 0.000000 1.000000
vt 0.000000 0.000000
vt 1.000000 0.000000
vt 1.000000 1.000000
vt 0.000000 1.000000
vt 0.000000 0.000000
vt 1.000000 0.000000
vt 1.000000 1.000000
vt 0.000000 1.000000
vt 0.000000 0.000000
vt 1.000000 0.000000
vt 1.000000 1.000000
vt 0.000000 1.000000
vt 0.000000 0.000000
vt 1.000000 0.000000
vt 1.000000 1.000000
vt 0.000000 1.000000
vt 0.000000 0.000000
vt 1.000000 0.000000
vt 1.000000 1.000000
vt 0.000000 1.000000
vt 0.000000 0.000000
vt 1.000000 0.000000
vt 1.000000 1.000000
vt 0.000000 1.000000
vt 0.000000 0.000000
vt 1.000000 0.000000
vt 1.000000 1.000000
vt 0.000000 1.000000
vt 0.000000 0.000000
vt 1.000000 0.000000
vt 1.000000 1.000000
vt 0.000000 1.000000
vt 0.000000 0.000000
vt 1.000000 0.000000
vt 1.000000 1.000000
vt 0.000000 1.000000
vt 0.000000 0.000000
vt 1.000000 0.000000
vt 1.000000 1.000000
vt 0.000000 1.000000
vt 0.000000 0.000000
vt 1.000000 0.000000
vt 1.000000 1.000000
vt 0.000000 1.000000
vt 0.000000 0.000000
vt 1.000000 0.000000
vt 1.000000 1.000000
vt 0.000000 1.000000
vt 0.500000 0.500000
vt 0.000000 0.000000
vt 1.000000 0.000000
vt 0.000000 0.000000
vt 1.000000 0.000000
vt 0.000000 0.000000
vt 1.000000 0.000000
vt 0.000000 0.000000
vt 1.000000 0.000000
vt 0.000000 0.000000
vt 1.000000 0.000000
vt 0.000000 0.000000
vt 1.000000 0.000000
vt 0.500000 0.500000
vt 0.000000 0.000000
vt 1.000000 0.000000
vt 0.000000 0.000000
vt 1.000000 0.000000
vt 0.000000 0.000000
vt 1.000000 0.000000
vt 0.000000 0.000000
vt 1.000000 0.000000
vt 0.000000 0.000000
vt 1.000000 0.000000
vt 0.000000 0.000000
vt 1.000000 0.000000
vt 0.000000 0.000000
vt 1.000000 0.000000
vt 1.000000 1.000000
vt 0.000000 1.000000
vt 0.000000 0.000000
vt 1.000000 0.000000
vt 1.000000 1.000000
vt 0.000000 1.000000
vt 0.000000 0.000000
vt 1.000000 0.000000
vt 1.000000 1.000000
vt 0.000000 1.000000
vt 0.000000 0.000000
vt 1.000000 0.000000
vt 1.000000 1.000000
vt 0.000000 1.000000
vt 0.000000 0.000000
vt 1.000000 0.000000
vt 1.000000 1.000000
vt 0.000000 1.000000
vt 0.000000 0.000000
vt 1.000000 0.000000
vt 1.000000 1.000000
vt 0.000000 1.000000
vt 0.500000 0.500000
vt 0.000000 0.000000
vt 1.000000 0.000000
vt 0.000000 0.000000
vt 1.000000 0.000000
vt 0.000000 0.000000
vt 1.000000 0.000000
vt 0.000000 0.000000
vt 1.000000 0.000000
vt 0.000000 0.000000
vt 1.000000 0.000000
vt 0.000000 0.000000
vt 1.000000 0.000000
vt 0.500000 0.500000
vt 0.000000 0.000000
vt 1.000000 0.000000
vt 0.000000 0.000000
vt 1.000000 0.000000
vt 0.000000 0.000000
vt 1.000000 0.000000
vt 0.000000 0.000000
vt 1.000000 0.000000
vt 0.000000 0.000000
vt 1.000000 0.000000
vt 0.000000 0.000000
vt 1.000000 0.000000
vt 0.000000 0.000000
vt 1.000000 0.000000
vt 1.000000 1.000000
vt 0.000000 1.000000
vt 0.000000 0.000000
vt 1.000000 0.000000
vt 1.000000 1.000000
vt 0.000000 1.000000
vt 0.000000 0.000000
vt 1.000000 0.000000
vt 1.000000 1.000000
vt 0.000000 1.000000
vt 0.000000 0.000000
vt 1.000000 0.000000
vt 1.000000 1.000000
vt 0.000000 1.000000
vt 0.000000 0.000000
vt 1.000000 0.000000
vt 1.000000 1.000000
vt 0.000000 1.000000
vt 0.000000 0.000000
vt 1.000000 0.000000
vt 1.000000 1.000000
vt 0.000000 1.000000
vt 0.500000 0.500000
vt 0.000000 0.000000
vt 1.000000 0.000000
vt 0.000000 0.000000
vt 1.000000 0.000000
vt 0.000000 0.000000
vt 1.000000 0.000000
vt 0.000000 0.000000
vt 1.000000 0.000000
vt 0.000000 0.000000
vt 1.000000 0.000000
vt 0.000000 0.000000
vt 1.000000 0.000000
vt 0.500000 0.500000
vt 0.000000 0.000000
vt 1.000000 0.000000
vt 0.000000 0.000000
vt 1.000000 0.000000
vt 0.000000 0.000000
vt 1.000000 0.000000
vt 0.000000 0.000000
vt 1.000000 0.000000
vt 0.000000 0.000000
vt 1.000000 0.000000
vt 0.000000 0.000000
vt 1.000000 0.000000
vt 0.000000 0.000000
vt 1.000000 0.000000
vt 1.000000 1.000000
vt 0.000000 1.000000
vt 0.000000 0.000000
vt 1.000000 0.000000
vt 1.000000 1.000000
vt 0.000000 1.000000
vt 0.000000 0.000000
vt 1.000000 0.000000
vt 1.000000 1.000000
vt 0.000000 1.000000
vt 0.000000 0.000000
vt 1.000000 0.000000
vt 1.000000 1.000000
vt 0.000000 1.000000
vt 0.000000 0.000000
vt 1.000000 0.000000
vt 1.000000 1.000000
vt 0.000000 1.000000
vt 0.000000 0.000000
vt 1.000000 0.000000
vt 1.000000 1.000000
vt 0.000000 1.000000
vt 0.500000 0.500000
vt 0.000000 0.000000
vt 1.000000 0.000000
vt 0.000000 0.000000
vt 1.000000 0.000000
vt 0.000000 0.000000
vt 1.000000 0.000000
vt 0.000000 0.000000
vt 1.000000 0.000000
vt 0.000000 0.000000
vt 1.000000 0.000000
vt 0.000000 0.000000
vt 1.000000 0.000000
vt 0.500000 0.500000
vt 0.000000 0.000000
vt 1.000000 0.000000
vt 0.000000 0.000000
vt 1.000000 0.000000
vt 0.000000 0.000000
vt 1.000000 0.000000
vt 0.000000 0.000000
vt 1.000000 0.000000
vt 0.000000 0.000000
vt 1.000000 0.000000
vt 0.000000 0.000000
vt 1.000000 0.000000
vt 0.000000 0.000000
vt 1.000000 0.000000
vt 1.000000 1.000000
vt 0.000000 1.000000
vt 0.000000 0.000000
vt 1.000000 0.000000
vt 1.000000 1.000000
vt 0.000000 1.000000
vt 0.000000 0.000000
vt 1.000000 0.000000
vt 1.000000 1.000000
vt 0.000000 1.000000
vt 0.000000 0.000000
vt 1.000000 0.000000
vt 1.000000 1.000000
vt 0.000000 1.000000
vt 0.000000 0.000000
vt 1.000000 0.000000
vt 1.000000 1.000000
vt 0.000000 1.000000
vt 0.000000 0.000000
vt 1.000000 0.000000
vt 1.000000 1.000000
vt 0.000000 1.000000
vt 0.500000 0.500000
vt 0.000000 0.000000
vt 1.000000 0.000000
vt 0.000000 0.000000
vt 1.000000 0.000000
vt 0.000000 0.000000
vt 1.000000 0.000000
vt 0.000000 0.000000
vt 1.000000 0.000000
vt 0.000000 0.000000
vt 1.000000 0.000000
vt 0.000000 0.000000
vt 1.000000 0.000000
vt 0.500000 0.500000
vt 0.000000 0.000000
vt 1.000000 0.000000
vt 0.000000 0.000000
vt 1.000000 0.000000
vt 0.000000 0.000000
vt 1.000000 0.000000
vt 0.000000 0.000000
vt 1.000000 0.000000
vt 0.000000 0.000000
vt 1.000000 0.000000
vt 0.000000 0.000000
vt 1.000000 0.000000
vt 0.000000 0.000000
vt 1.000000 0.000000
vt 1.000000 1.000000
vt 0.000000 1.000000
vt 0.000000 0.000000
vt 1.000000 0.000000
vt 1.000000 1.000000
vt 0.000000 1.000000
vt 0.000000 0.000000
vt 1.000000 0.000000
vt 1.000000 1.000000
vt 0.000000 1.000000
vt 0.000000 0.000000
vt 1.000000 0.000000
vt 1.000000 1.000000
vt 0.000000 1.000000
vt 0.000000 0.000000
vt 1.000000 0.000000
vt 1.000000 1.000000
vt 0.000000 1.000000
vt 0.000000 0.000000
vt 1.000000 0.000000
vt 1.000000 1.000000
vt 0.000000 1.000000
vt 0.500000 0.500000
vt 0.000000 0.000000
vt 1.000000 0.000000
vt 0.000000 0.000000
vt 1.000000 0.000000
vt 0.000000 0.000000
vt 1.000000 0.000000
vt 0.000000 0.000000
vt 1.000000 0.000000
vt 0.000000 0.000000
vt 1.000000 0.000000
vt 0.000000 0.000000
vt 1.000000 0.000000
vt 0.500000 0.500000
vt 0.000000 0.000000
vt 1.000000 0.000000
vt 0.000000 0.000000
vt 1.000000 0.000000
vt 0.000000 0.000000
vt 1.000000 0.000000
vt 0.000000 0.000000
vt 1.000000 0.000000
vt 0.000000 0.000000
vt 1.000000 0.000000
vt 0.000000 0.000000
vt 1.000000 0.000000
vt 0.000000 0.000000
vt 1.000000 0.000000
vt 1.000000 1.000000
vt 0.000000 1.000000
vt 0.000000 0.000000
vt 1.000000 0.000000
vt 1.000000 1.000000
vt 0.000000 1.000000
vt 0.000000 0.000000
vt 1.000000 0.000000
vt 1.000000 1.000000
vt 0.000000 1.000000
vt 0.000000 0.000000
vt 1.000000 0.000000
vt 1.000000 1.000000
vt 0.000000 1.000000
vt 0.000000 0.000000
vt 1.000000 0.000000
vt 1.000000 1.000000
vt 0.000000 1.000000
vt 0.000000 0.000000
vt 1.000000 0.000000
vt 1.000000 1.000000
vt 0.000000 1.000000
vt 0.500000 0.500000
vt 0.000000 0.000000
vt 1.000000 0.000000
vt 0.000000 0.000000
vt 1.000000 0.000000
vt 0.000000 0.000000
vt 1.000000 0.000000
vt 0.000000 0.000000
vt 1.000000 0.000000
vt 0.000000 0.000000
vt 1.000000 0.000000
vt 0.000000 0.000000
vt 1.000000 0.000000
vt 0.500000 0.500000
vt 0.000000 0.000000
vt 1.000000 0.000000
vt 0.000000 0.000000
vt 1.000000 0.000000
vt 0.000000 0.000000
vt 1.000000 0.000000
vt 0.000000 0.000000
vt 1.000000 0.000000
vt 0.000000 0.000000
vt 1.000000 0.000000
vt 0.000000 0.000000
vt 1.000000 0.000000
vt 0.000000 0.000000
vt 1.000000 0.000000
vt 1.000000 1.000000
vt 0.000000 1.000000
vt 0.000000 0.000000
vt 1.000000 0.000000
vt 1.000000 1.000000
vt 0.000000 1.000000
vt 0.000000 0.000000
vt 1.000000 0.000000
vt 1.000000 1.000000
vt 0.000000 1.000000
vt 0.000000 0.000000
vt 1.000000 0.000000
vt 1.000000 1.000000
vt 0.000000 1.000000
vt 0.000000 0.000000
vt 1.000000 0.000000
vt 1.000000 1.000000
vt 0.000000 1.000000
vt 0.000000 0.000000
vt 1.000000 0.000000
vt 1.000000 1.000000
vt 0.000000 1.000000
vt 0.500000 0.500000
vt 0.000000 0.000000
vt 1.000000 0.000000
vt 0.000000 0.000000
vt 1.000000 0.000000
vt 0.000000 0.000000
vt 1.000000 0.000000
vt 0.000000 0.000000
vt 1.000000 0.000000
vt 0.000000 0.000000
vt 1.000000 0.000000
vt 0.000000 0.000000
vt 1.000000 0.000000
vt 0.500000 0.500000
vt 0.000000 0.000000
vt 1.000000 0.000000
vt 0.000000 0.000000
vt 1.000000 0.000000
vt 0.000000 0.000000
vt 1.000000 0.000000
vt 0.000000 0.000000
vt 1.000000 0.000000
vt 0.000000 0.000000
vt 1.000000 0.000000
vt 0.000000 0.000000
vt 1.000000 0.000000
vt 0.000000 0.000000
vt 1.000000 0.000000
vt 1.000000 1.000000
vt 0.000000 1.000000
vt 0.000000 0.000000
vt 1.000000 0.000000
vt 1.000000 1.000000
vt 0.000000 1.000000
vt 0.000000 0.000000
vt 1.000000 0.000000
vt 1.000000 1.000000
vt 0.000000 1.000000
vt 0.000000 0.000000
vt 1.000000 0.000000
vt 1.000000 1.000000
vt 0.000000 1.000000
vt 0.000000 0.000000
vt 1.000000 0.000000
vt 1.000000 1.000000
vt 0.000000 1.000000
vt 0.000000 0.000000
vt 1.000000 0.000000
vt 1.000000 1.000000
vt 0.000000 1.000000
vt 0.500000 0.500000
vt 0.000000 0.000000
vt 1.000000 0.000000
vt 0.000000 0.000000
vt 1.000000 0.000000
vt 0.000000 0.000000
vt 1.000000 0.000000
vt 0.000000 0.000000
vt 1.000000 0.000000
vt 0.000000 0.000000
vt 1.000000 0.000000
vt 0.000000 0.000000
vt 1.000000 0.000000
vt 0.500000 0.500000
vt 0.000000 0.000000
vt 1.000000 0.000000
vt 0.000000 0.000000
vt 1.000000 0.000000
vt 0.000000 0.000000
vt 1.000000 0.000000
vt 0.000000 0.000000
vt 1.000000 0.000000
vt 0.000000 0.000000
vt 1.000000 0.000000
vt 0.000000 0.000000
vt 1.000000 0.000000
vt 0.000000 0.000000
vt 1.000000 0.000000
vt 1.000000 1.000000
vt 0.000000 1.000000
vt 0.000000 0.000000
vt 1.000000 0.000000
vt 1.000000 1.000000
vt 0.000000 1.000000
vt 0.000000 0.000000
vt 1.000000 0.000000
vt 1.000000 1.000000
vt 0.000000 1.000000
vt 0.000000 0.000000
vt 1.000000 0.000000
vt 1.000000 1.000000
vt 0.000000 1.000000
vt 0.000000 0.000000
vt 1.000000 0.000000
vt 1.000000 1.000000
vt 0.000000 1.000000
vt 0.000000 0.000000
vt 1.000000 0.000000
vt 1.000000 1.000000
vt 0.000000 1.000000
vt 0.500000 0.500000
vt 0.000000 0.000000
vt 1.000000 0.000000
vt 0.000000 0.000000
vt 1.000000 0.000000
vt 0.000000 0.000000
vt 1.000000 0.000000
vt 0.000000 0.000000
vt 1.000000 0.000000
vt 0.000000 0.000000
vt 1.000000 0.000000
vt 0.000000 0.000000
vt 1.000000 0.000000
vt 0.500000 0.500000
vt 0.000000 0.000000
vt 1.000000 0.000000
vt 0.000000 0.000000
vt 1.000000 0.000000
vt 0.000000 0.000000
vt 1.000000 0.000000
vt 0.000000 0.000000
vt 1.000000 0.000000
vt 0.000000 0.000000
vt 1.000000 0.000000
vt 0.000000 0.000000
vt 1.000000 0.000000
vt 0.000000 0.000000
vt 1.000000 0.000000
vt 1.000000 1.000000
vt 0.000000 1.000000
vt 0.000000 0.000000
vt 1.000000 0.000000
vt 1.000000 1.000000
vt 0.000000 1.000000
vt 0.000000 0.000000
vt 1.000000 0.000000
vt 1.000000 1.000000
vt 0.000000 1.000000
vt 0.000000 0.000000
vt 1.000000 0.000000
vt 1.000000 1.000000
vt 0.000000 1.000000
vt 0.000000 0.000000
vt 1.000000 0.000000
vt 1.000000 1.000000
vt 0.000000 1.000000
vt 0.000000 0.000000
vt 1.000000 0.000000
vt 1.000000 1.000000
vt 0.000000 1.000000
vt 0.500000 0.500000
vt 0.000000 0.000000
vt 1.000000 0.000000
vt 0.000000 0.000000
vt 1.000000 0.000000
vt 0.000000 0.000000
vt 1.000000 0.000000
vt 0.000000 0.000000
vt 1.000000 0.000000
vt 0.000000 0.000000
vt 1.000000 0.000000
vt 0.000000 0.000000
vt 1.000000 0.000000
vt 0.500000 0.500000
vt 0.000000 0.000000
vt 1.000000 0.000000
vt 0.000000 0.000000
vt 1.000000 0.000000
vt 0.000000 0.000000
vt 1.000000 0.000000
vt 0.000000 0.000000
vt 1.000000 0.000000
vt 0.000000 0.000000
vt 1.000000 0.000000
vt 0.000000 0.000000
vt 1.000000 0.000000
vt 0.000000 0.000000
vt 1.000000 0.000000
vt 1.000000 1.000000
vt 0.000000 1.000000
vt 0.000000 0.000000
vt 1.000000 0.000000
vt 1.000000 1.000000
vt 0.000000 1.000000
vt 0.000000 0.000000
vt 1.000000 0.000000
vt 1.000000 1.000000
vt 0.000000 1.000000
vt 0.000000 0.000000
vt 1.000000 0.000000
vt 1.000000 1.000000
vt 0.000000 1.000000
vt 0.000000 0.000000
vt 1.000000 0.000000
vt 1.000000 1.000000
vt 0.000000 1.000000
vt 0.000000 0.000000
vt 1.000000 0.000000
vt 1.000000 1.000000
vt 0.000000 1.000000
vt 0.500000 0.500000
vt 0.000000 0.000000
vt 1.000000 0.000000
vt 0.000000 0.000000
vt 1.000000 0.000000
vt 0.000000 0.000000
vt 1.000000 0.000000
vt 0.000000 0.000000
vt 1.000000 0.000000
vt 0.000000 0.000000
vt 1.000000 0.000000
vt 0.000000 0.000000
vt 1.000000 0.000000
vt 0.500000 0.500000
vt 0.000000 0.000000
vt 1.000000 0.000000
vt 0.000000 0.000000
vt 1.000000 0.000000
vt 0.000000 0.000000
vt 1.000000 0.000000
vt 0.000000 0.000000
vt 1.000000 0.000000
vt 0.000000 0.000000
vt 1.000000 0.000000
vt 0.000000 0.000000
vt 1.000000 0.000000
vt 0.000000 0.000000
vt 1.000000 0.000000
vt 1.000000 1.000000
vt 0.000000 1.000000
vt 0.000000 0.000000
vt 1.000000 0.000000
vt 1.000000 1.000000
vt 0.000000 1.000000
vt 0.000000 0.000000
vt 1.000000 0.000000
vt 1.000000 1.000000
vt 0.000000 1.000000
vt 0.000000 0.000000
vt 1.000000 0.000000
vt 1.000000 1.000000
vt 0.000000 1.000000
vt 0.000000 0.000000
vt 1.000000 0.000000
vt 1.000000 1.000000
vt 0.000000 1.000000
vt 0.000000 0.000000
vt 1.000000 0.000000
vt 1.000000 1.000000
vt 0.000000 1.000000
vt 0.000000 0.000000
vt 1.000000 0.000000
vt 1.000000 1.000000
vt 0.000000 1.000000
vt 0.000000 0.000000
vt 1.000000 0.000000
vt 1.000000 1.000000
vt 0.000000 1.000000
vt 0.000000 0.000000
vt 1.000000 0.000000
vt 1.000000 1.000000
vt 0.000000 1.000000
vt 0.000000 0.000000
vt 1.000000 0.000000
vt 1.000000 1.000000
vt 0.000000 1.000000
vt 0.000000 0.000000
vt 1.000000 0.000000
vt 1.000000 1.000000
vt 0.000000 1.000000
vt 0.500000 0.500000
vt 0.000000 0.000000
vt 1.000000 0.000000
vt 0.000000 0.000000
vt 1.000000 0.000000
vt 0.000000 0.000000
vt 1.000000 0.000000
vt 0.000000 0.000000
vt 1.000000 0.000000
vt 0.000000 0.000000
vt 1.000000 0.000000
vt 0.500000 0.500000
vt 0.000000 0.000000
vt 1.000000 0.000000
vt 0.000000 0.000000
vt 1.000000 0.000000
vt 0.000000 0.000000
vt 1.000000 0.000000
vt 0.000000 0.000000
vt 1.000000 0.000000
vt 0.000000 0.000000
vt 1.000000 0.000000
vt 0.000000 0.000000
vt 1.000000 0.000000
vt 1.000000 1.000000
vt 0.000000 1.000000
usemtl Tarp
f 1/1 2/2 3/3
f 1/1 3/3 4/4
f 5/5 6/6 7/7
f 5/5 7/7 8/8
f 9/9 10/10 11/11
f 9/9 11/11 12/12
f 13/13 14/14 15/15
f 13/13 15/15 16/16
f 17/17 18/18 19/19
f 17/17 19/19 20/20
f 21/21 22/22 23/23
f 21/21 23/23 24/24
f 25/25 26/26 27/27
f 25/25 27/27 28/28
f 29/29 30/30 31/31
f 29/29 31/31 32/32
f 33/33 34/34 35/35
f 33/33 35/35 36/36
f 37/37 38/38 39/39
f 37/37 39/39 40/40
f 41/41 42/42 43/43
f 41/41 43/43 44/44
f 45/45 46/46 47/47
f 45/45 47/47 48/48
f 49/49 50/50 51/51
f 49/49 51/51 52/52
f 53/53 54/54 55/55
f 53/53 55/55 56/56
f 57/57 58/58 59/59
f 57/57 59/59 60/60
f 61/61 62/62 63/63
f 61/61 63/63 64/64
f 65/65 66/66 67/67
f 65/65 67/67 68/68
f 69/69 70/70 71/71
f 69/69 71/71 72/72
f 73/73 74/74 75/75
f 73/73 75/75 76/76
f 77/77 78/78 79/79
f 77/77 79/79 80/80
f 81/81 82/82 83/83
f 81/81 83/83 84/84
f 85/85 86/86 87/87
f 85/85 87/87 88/88
f 89/89 90/90 91/91
f 89/89 91/91 92/92
f 93/93 94/94 95/95
f 93/93 95/95 96/96
f 97/97 98/98 99/99
f 97/97 99/99 100/100
f 101/101 102/102 103/103
f 101/101 103/103 104/104
f 105/105 106/106 107/107
f 105/105 107/107 108/108
f 109/109 110/110 111/111
f 109/109 111/111 112/112
f 113/113 114/114 115/115
f 113/113 115/115 116/116
f 117/117 118/118 119/119
f 117/117 119/119 120/120
f 121/121 122/122 123/123
f 121/121 123/123 124/124
f 125/125 126/126 127/127
f 125/125 127/127 128/128
f 129/129 130/130 131/131
f 129/129 131/131 132/132
f 133/133 134/134 135/135
f 133/133 135/135 136/136
f 137/137 138/138 139/139
f 137/137 139/139 140/140
f 141/141 142/142 143/143
f 141/141 143/143 144/144
f 145/145 146/146 147/147
f 145/145 147/147 148/148
f 149/149 150/150 151/151
f 149/149 151/151 152/152
f 153/153 154/154 155/155
f 153/153 155/155 156/156
f 157/157 158/158 159/159
f 157/157 159/159 160/160
f 161/161 162/162 163/163
f 161/161 163/163 164/164
f 165/165 166/166 167/167
f 165/165 167/167 168/168
f 169/169 170/170 171/171
f 169/169 171/171 172/172
f 173/173 174/174 175/175
f 173/173 175/175 176/176
f 177/177 178/178 179/179
f 177/177 179/179 180/180
f 181/181 182/182 183/183
f 181/181 183/183 184/184
f 185/185 186/186 187/187
f 185/185 187/187 188/188
f 189/189 190/190 191/191
f 189/189 191/191 192/192
f 193/193 194/194 195/195
f 193/193 195/195 196/196
f 197/197 198/198 199/199
f 197/197 199/199 200/200
f 201/201 202/202 203/203
f 201/201 203/203 204/204
f 205/205 206/206 207/207
f 205/205 207/207 208/208
f 209/209 210/210 211/211
f 209/209 211/211 212/212
f 213/213 214/214 215/215
f 213/213 215/215 216/216
f 217/217 218/218 219/219
f 217/217 219/219 220/220
f 221/221 222/222 223/223
f 221/221 223/223 224/224
f 225/225 226/226 227/227
f 225/225 227/227 228/228
f 229/229 230/230 231/231
f 229/229 231/231 232/232
f 233/233 234/234 235/235
f 233/233 235/235 236/236
f 237/237 238/238 239/239
f 237/237 239/239 240/240
f 241/241 242/242 243/243
f 241/241 243/243 244/244
f 245/245 246/246 247/247
f 245/245 247/247 248/248
f 249/249 250/250 251/251
f 249/249 251/251 252/252
f 253/253 254/254 255/255
f 253/253 255/255 256/256
f 257/257 258/258 259/259
f 257/257 259/259 260/260
f 261/261 262/262 263/263
f 261/261 263/263 264/264
f 265/265 266/266 267/267
f 265/265 267/267 268/268
f 269/269 270/270 271/271
f 269/269 271/271 272/272
f 273/273 274/274 275/275
f 273/273 275/275 276/276
f 277/277 278/278 279/279
f 277/277 279/279 280/280
f 281/281 282/282 283/283
f 281/281 283/283 284/284
f 285/285 286/286 287/287
f 285/285 287/287 288/288
f 289/289 290/290 291/291
f 289/289 291/291 292/292
f 293/293 294/294 295/295
f 293/293 295/295 296/296
f 297/297 298/298 299/299
f 297/297 299/299 300/300
f 301/301 302/302 303/303
f 301/301 303/303 304/304
f 305/305 306/306 307/307
f 305/305 307/307 308/308
f 309/309 310/310 311/311
f 309/309 311/311 312/312
f 313/313 314/314 315/315
f 313/313 315/315 316/316
f 317/317 318/318 319/319
f 317/317 319/319 320/320
f 321/321 322/322 323/323
f 321/321 323/323 324/324
f 325/325 326/326 327/327
f 325/325 327/327 328/328
f 329/329 330/330 331/331
f 329/329 331/331 332/332
f 333/333 334/334 335/335
f 333/333 335/335 336/336
f 337/337 338/338 339/339
f 337/337 339/339 340/340
f 341/341 342/342 343/343
f 341/341 343/343 344/344
f 345/345 346/346 347/347
f 345/345 347/347 348/348
f 349/349 350/350 351/351
f 349/349 351/351 352/352
f 353/353 354/354 355/355
f 353/353 355/355 356/356
f 357/357 358/358 359/359
f 357/357 359/359 360/360
f 361/361 362/362 363/363
f 361/361 363/363 364/364
f 365/365 366/366 367/367
f 365/365 367/367 368/368
f 369/369 370/370 371/371
f 369/369 371/371 372/372
f 373/373 374/374 375/375
f 373/373 375/375 376/376
f 377/377 378/378 379/379
f 377/377 379/379 380/380
f 381/381 382/382 383/383
f 381/381 383/383 384/384
f 385/385 386/386 387/387
f 385/385 387/387 388/388
f 389/389 390/390 391/391
f 389/389 391/391 392/392
f 393/393 394/394 395/395
f 393/393 395/395 396/396
f 397/397 398/398 399/399
f 397/397 399/399 400/400
f 401/401 402/402 403/403
f 401/401 403/403 404/404
f 405/405 406/406 407/407
f 405/405 407/407 408/408
f 409/409 410/410 411/411
f 409/409 411/411 412/412
f 413/413 414/414 415/415
f 413/413 415/415 416/416
f 417/417 418/418 419/419
f 417/417 419/419 420/420
f 421/421 422/422 423/423
f 421/421 423/423 424/424
f 425/425 426/426 427/427
f 425/425 427/427 428/428
f 429/429 430/430 431/431
f 429/429 431/431 432/432
f 433/433 434/434 435/435
f 433/433 435/435 436/436
f 437/437 438/438 439/439
f 437/437 439/439 440/440
f 441/441 442/442 443/443
f 441/441 443/443 444/444
f 445/445 446/446 447/447
f 445/445 447/447 448/448
f 449/449 450/450 451/451
f 449/449 451/451 452/452
f 453/453 454/454 455/455
f 453/453 455/455 456/456
f 457/457 458/458 459/459
f 457/457 459/459 460/460
f 461/461 462/462 463/463
f 461/461 463/463 464/464
f 465/465 466/466 467/467
f 465/465 467/467 468/468
f 469/469 470/470 471/471
f 469/469 471/471 472/472
f 473/473 474/474 475/475
f 473/473 475/475 476/476
f 477/477 478/478 479/479
f 477/477 479/479 480/480
f 481/481 482/482 483/483
f 481/481 483/483 484/484
f 485/485 486/486 487/487
f 485/485 487/487 488/488
f 489/489 490/490 491/491
f 489/489 491/491 492/492
f 493/493 494/494 495/495
f 493/493 495/495 496/496
f 497/497 498/498 499/499
f 497/497 499/499 500/500
f 501/501 502/502 503/503
f 501/501 503/503 504/504
f 505/505 506/506 507/507
f 505/505 507/507 508/508
f 509/509 510/510 511/511
f 509/509 511/511 512/512
f 513/513 514/514 515/515
f 513/513 515/515 516/516
f 517/517 518/518 519/519
f 517/517 519/519 520/520
f 521/521 522/522 523/523
f 521/521 523/523 524/524
f 525/525 526/526 527/527
f 525/525 527/527 528/528
f 529/529 530/530 531/531
f 529/529 531/531 532/532
f 533/533 534/534 535/535
f 533/533 535/535 536/536
f 537/537 538/538 539/539
f 537/537 539/539 540/540
f 541/541 542/542 543/543
f 541/541 543/543 544/544
f 545/545 546/546 547/547
f 545/545 547/547 548/548
f 549/549 550/550 551/551
f 549/549 551/551 552/552
f 553/553 554/554 555/555
f 553/553 555/555 556/556
f 557/557 558/558 559/559
f 557/557 559/559 560/560
f 561/561 562/562 563/563
f 561/561 563/563 564/564
f 565/565 566/566 567/567
f 565/565 567/567 568/568
f 569/569 570/570 571/571
f 569/569 571/571 572/572
f 573/573 574/574 575/575
f 573/573 575/575 576/576
f 577/577 578/578 579/579
f 577/577 579/579 580/580
f 581/581 582/582 583/583
f 581/581 583/583 584/584
f 585/585 586/586 587/587
f 585/585 587/587 588/588
f 589/589 590/590 591/591
f 589/589 591/591 592/592
f 593/593 594/594 595/595
f 593/593 595/595 596/596
f 597/597 598/598 599/599
f 597/597 599/599 600/600
f 601/601 602/602 603/603
f 601/601 603/603 604/604
f 605/605 606/606 607/607
f 605/605 607/607 608/608
f 609/609 610/610 611/611
f 609/609 611/611 612/612
f 613/613 614/614 615/615
f 613/613 615/615 616/616
f 617/617 618/618 619/619
f 617/617 619/619 620/620
f 621/621 622/622 623/623
f 621/621 623/623 624/624
f 625/625 626/626 627/627
f 625/625 627/627 628/628
f 629/629 630/630 631/631
f 629/629 631/631 632/632
f 633/633 634/634 635/635
f 633/633 635/635 636/636
f 637/637 638/638 639/639
f 637/637 639/639 640/640
f 641/641 642/642 643/643
f 641/641 643/643 644/644
f 645/645 646/646 647/647
f 645/645 647/647 648/648
f 649/649 650/650 651/651
f 649/649 651/651 652/652
f 653/653 654/654 655/655
f 653/653 655/655 656/656
f 657/657 658/658 659/659
f 657/657 659/659 660/660
f 661/661 662/662 663/663
f 661/661 663/663 664/664
f 665/665 666/666 667/667
f 665/665 667/667 668/668
f 669/669 670/670 671/671
f 669/669 671/671 672/672
f 673/673 674/674 675/675
f 673/673 675/675 676/676
f 677/677 678/678 679/679
f 677/677 679/679 680/680
f 681/681 682/682 683/683
f 681/681 683/683 684/684
f 685/685 686/686 687/687
f 685/685 687/687 688/688
f 689/689 690/690 691/691
f 689/689 691/691 692/692
f 693/693 694/694 695/695
f 693/693 695/695 696/696
f 697/697 698/698 699/699
f 697/697 699/699 700/700
f 701/701 702/702 703/703
f 701/701 703/703 704/704
f 705/705 706/706 707/707
f 705/705 707/707 708/708
f 709/709 710/710 711/711
f 709/709 711/711 712/712
f 713/713 714/714 715/715
f 713/713 715/715 716/716
f 717/717 718/718 719/719
f 717/717 719/719 720/720
f 721/721 722/722 723/723
f 721/721 723/723 724/724
f 725/725 726/726 727/727
f 725/725 727/727 728/728
f 729/729 730/730 731/731
f 729/729 731/731 732/732
f 733/733 734/734 735/735
f 733/733 735/735 736/736
f 737/737 738/738 739/739
f 737/737 739/739 740/740
f 741/741 742/742 743/743
f 741/741 743/743 744/744
f 745/745 746/746 747/747
f 745/745 747/747 748/748
f 749/749 750/750 751/751
f 749/749 751/751 752/752
f 753/753 754/754 755/755
f 753/753 755/755 756/756
f 757/757 758/758 759/759
f 757/757 759/759 760/760
f 761/761 762/762 763/763
f 761/761 763/763 764/764
f 765/765 766/766 767/767
f 765/765 767/767 768/768
f 769/769 770/770 771/771
f 769/769 771/771 772/772
f 773/773 774/774 775/775
f 773/773 775/775 776/776
f 777/777 778/778 779/779
f 777/777 779/779 780/780
f 781/781 782/782 783/783
f 781/781 783/783 784/784
f 785/785 786/786 787/787
f 785/785 787/787 788/788
f 789/789 790/790 791/791
f 789/789 791/791 792/792
f 793/793 794/794 795/795
f 793/793 795/795 796/796
f 797/797 798/798 799/799
f 797/797 799/799 800/800
f 801/801 802/802 803/803
f 801/801 803/803 804/804
f 805/805 806/806 807/807
f 805/805 807/807 808/808
f 809/809 810/810 811/811
f 809/809 811/811 812/812
f 813/813 814/814 815/815
f 813/813 815/815 816/816
f 817/817 818/818 819/819
f 817/817 819/819 820/820
f 821/821 822/822 823/823
f 821/821 823/823 824/824
f 825/825 826/826 827/827
f 825/825 827/827 828/828
f 829/829 830/830 831/831
f 829/829 831/831 832/832
f 833/833 834/834 835/835
f 833/833 835/835 836/836
f 837/837 838/838 839/839
f 837/837 839/839 840/840
f 841/841 842/842 843/843
f 841/841 843/843 844/844
f 845/845 846/846 847/847
f 845/845 847/847 848/848
f 849/849 850/850 851/851
f 849/849 851/851 852/852
f 853/853 854/854 855/855
f 853/853 855/855 856/856
f 857/857 858/858 859/859
f 857/857 859/859 860/860
f 861/861 862/862 863/863
f 861/861 863/863 864/864
f 865/865 866/866 867/867
f 865/865 867/867 868/868
f 869/869 870/870 871/871
f 869/869 871/871 872/872
f 873/873 874/874 875/875
f 873/873 875/875 876/876
f 877/877 878/878 879/879
f 877/877 879/879 880/880
f 881/881 882/882 883/883
f 881/881 883/883 884/884
f 885/885 886/886 887/887
f 885/885 887/887 888/888
f 889/889 890/890 891/891
f 889/889 891/891 892/892
f 893/893 894/894 895/895
f 893/893 895/895 896/896
f 897/897 898/898 899/899
f 897/897 899/899 900/900
f 901/901 902/902 903/903
f 901/901 903/903 904/904
f 905/905 906/906 907/907
f 905/905 907/907 908/908
f 909/909 910/910 911/911
f 909/909 911/911 912/912
f 913/913 914/914 915/915
f 913/913 915/915 916/916
f 917/917 918/918 919/919
f 917/917 919/919 920/920
f 921/921 922/922 923/923
f 921/921 923/923 924/924
f 925/925 926/926 927/927
f 925/925 927/927 928/928
f 929/929 930/930 931/931
f 929/929 931/931 932/932
f 933/933 934/934 935/935
f 933/933 935/935 936/936
f 937/937 938/938 939/939
f 937/937 939/939 940/940
f 941/941 942/942 943/943
f 941/941 943/943 944/944
f 945/945 946/946 947/947
f 945/945 947/947 948/948
f 949/949 950/950 951/951
f 949/949 951/951 952/952
f 953/953 954/954 955/955
f 953/953 955/955 956/956
f 957/957 958/958 959/959
f 957/957 959/959 960/960
f 961/961 962/962 963/963
f 961/961 963/963 964/964
f 965/965 966/966 967/967
f 965/965 967/967 968/968
f 969/969 970/970 971/971
f 969/969 971/971 972/972
f 973/973 974/974 975/975
f 973/973 975/975 976/976
f 977/977 978/978 979/979
f 977/977 979/979 980/980
f 981/981 982/982 983/983
f 981/981 983/983 984/984
f 985/985 986/986 987/987
f 985/985 987/987 988/988
f 989/989 990/990 991/991
f 989/989 991/991 992/992
f 993/993 994/994 995/995
f 993/993 995/995 996/996
f 997/997 998/998 999/999
f 997/997 999/999 1000/1000
f 1001/1001 1002/1002 1003/1003
f 1001/1001 1003/1003 1004/1004
f 1005/1005 1006/1006 1007/1007
f 1005/1005 1007/1007 1008/1008
f 1009/1009 1010/1010 1011/1011
f 1009/1009 1011/1011 1012/1012
f 1013/1013 1014/1014 1015/1015
f 1013/1013 1015/1015 1016/1016
f 1017/1017 1018/1018 1019/1019
f 1017/1017 1019/1019 1020/1020
f 1021/1021 1022/1022 1023/1023
f 1021/1021 1023/1023 1024/1024
f 1025/1025 1026/1026 1027/1027
f 1025/1025 1027/1027 1028/1028
f 1029/1029 1030/1030 1031/1031
f 1029/1029 1031/1031 1032/1032
f 1033/1033 1034/1034 1035/1035
f 1033/1033 1035/1035 1036/1036
f 1037/1037 1038/1038 1039/1039
f 1037/1037 1039/1039 1040/1040
f 1041/1041 1042/1042 1043/1043
f 1041/1041 1043/1043 1044/1044
f 1045/1045 1046/1046 1047/1047
f 1045/1045 1047/1047 1048/1048
f 1049/1049 1050/1050 1051/1051
f 1049/1049 1051/1051 1052/1052
f 1053/1053 1054/1054 1055/1055
f 1053/1053 1055/1055 1056/1056
f 1057/1057 1058/1058 1059/1059
f 1057/1057 1059/1059 1060/1060
f 1061/1061 1062/1062 1063/1063
f 1061/1061 1063/1063 1064/1064
f 1065/1065 1066/1066 1067/1067
f 1065/1065 1067/1067 1068/1068
f 1069/1069 1070/1070 1071/1071
f 1069/1069 1071/1071 1072/1072
f 1073/1073 1074/1074 1075/1075
f 1073/1073 1075/1075 1076/1076
f 1077/1077 1078/1078 1079/1079
f 1077/1077 1079/1079 1080/1080
f 1081/1081 1082/1082 1083/1083
f 1081/1081 1083/1083 1084/1084
f 1085/1085 1086/1086 1087/1087
f 1085/1085 1087/1087 1088/1088
f 1089/1089 1090/1090 1091/1091
f 1089/1089 1091/1091 1092/1092
f 1093/1093 1094/1094 1095/1095
f 1093/1093 1095/1095 1096/1096
f 1097/1097 1098/1098 1099/1099
f 1097/1097 1099/1099 1100/1100
f 1101/1101 1102/1102 1103/1103
f 1101/1101 1103/1103 1104/1104
f 1105/1105 1106/1106 1107/1107
f 1105/1105 1107/1107 1108/1108
f 1109/1109 1110/1110 1111/1111
f 1109/1109 1111/1111 1112/1112
f 1113/1113 1114/1114 1115/1115
f 1113/1113 1115/1115 1116/1116
f 1117/1117 1118/1118 1119/1119
f 1117/1117 1119/1119 1120/1120
f 1121/1121 1122/1122 1123/1123
f 1121/1121 1123/1123 1124/1124
f 1125/1125 1126/1126 1127/1127
f 1125/1125 1127/1127 1128/1128
f 1129/1129 1130/1130 1131/1131
f 1129/1129 1131/1131 1132/1132
f 1133/1133 1134/1134 1135/1135
f 1133/1133 1135/1135 1136/1136
f 1137/1137 1138/1138 1139/1139
f 1137/1137 1139/1139 1140/1140
f 1141/1141 1142/1142 1143/1143
f 1141/1141 1143/1143 1144/1144
f 1145/1145 1146/1146 1147/1147
f 1145/1145 1147/1147 1148/1148
f 1149/1149 1150/1150 1151/1151
f 1149/1149 1151/1151 1152/1152
f 1153/1153 1154/1154 1155/1155
f 1153/1153 1155/1155 1156/1156
f 1157/1157 1158/1158 1159/1159
f 1157/1157 1159/1159 1160/1160
f 1161/1161 1162/1162 1163/1163
f 1161/1161 1163/1163 1164/1164
f 1165/1165 1166/1166 1167/1167
f 1165/1165 1167/1167 1168/1168
f 1169/1169 1170/1170 1171/1171
f 1169/1169 1171/1171 1172/1172
f 1173/1173 1174/1174 1175/1175
f 1173/1173 1175/1175 1176/1176
f 1177/1177 1178/1178 1179/1179
f 1177/1177 1179/1179 1180/1180
f 1181/1181 1182/1182 1183/1183
f 1181/1181 1183/1183 1184/1184
f 1185/1185 1186/1186 1187/1187
f 1185/1185 1187/1187 1188/1188
f 1189/1189 1190/1190 1191/1191
f 1189/1189 1191/1191 1192/1192
f 1193/1193 1194/1194 1195/1195
f 1193/1193 1195/1195 1196/1196
f 1197/1197 1198/1198 1199/1199
f 1197/1197 1199/1199 1200/1200
f 1201/1201 1202/1202 1203/1203
f 1201/1201 1203/1203 1204/1204
f 1205/1205 1206/1206 1207/1207
f 1205/1205 1207/1207 1208/1208
f 1209/1209 1210/1210 1211/1211
f 1209/1209 1211/1211 1212/1212
f 1213/1213 1214/1214 1215/1215
f 1213/1213 1215/1215 1216/1216
f 1217/1217 1218/1218 1219/1219
f 1217/1217 1219/1219 1220/1220
f 1221/1221 1222/1222 1223/1223
f 1221/1221 1223/1223 1224/1224
f 1225/1225 1226/1226 1227/1227
f 1225/1225 1227/1227 1228/1228
f 1229/1229 1230/1230 1231/1231
f 1229/1229 1231/1231 1232/1232
f 1233/1233 1234/1234 1235/1235
f 1233/1233 1235/1235 1236/1236
f 1237/1237 1238/1238 1239/1239
f 1237/1237 1239/1239 1240/1240
f 1241/1241 1242/1242 1243/1243
f 1241/1241 1243/1243 1244/1244
f 1245/1245 1246/1246 1247/1247
f 1245/1245 1247/1247 1248/1248
f 1249/1249 1250/1250 1251/1251
f 1249/1249 1251/1251 1252/1252
f 1253/1253 1254/1254 1255/1255
f 1253/1253 1255/1255 1256/1256
f 1257/1257 1258/1258 1259/1259
f 1257/1257 1259/1259 1260/1260
f 1261/1261 1262/1262 1263/1263
f 1261/1261 1263/1263 1264/1264
f 1265/1265 1266/1266 1267/1267
f 1265/1265 1267/1267 1268/1268
f 1269/1269 1270/1270 1271/1271
f 1269/1269 1271/1271 1272/1272
f 1273/1273 1274/1274 1275/1275
f 1273/1273 1275/1275 1276/1276
f 1277/1277 1278/1278 1279/1279
f 1277/1277 1279/1279 1280/1280
f 1281/1281 1282/1282 1283/1283
f 1281/1281 1283/1283 1284/1284
f 1285/1285 1286/1286 1287/1287
f 1285/1285 1287/1287 1288/1288
f 1289/1289 1290/1290 1291/1291
f 1289/1289 1291/1291 1292/1292
f 1293/1293 1294/1294 1295/1295
f 1293/1293 1295/1295 1296/1296
f 1297/1297 1298/1298 1299/1299
f 1297/1297 1299/1299 1300/1300
f 1301/1301 1302/1302 1303/1303
f 1301/1301 1303/1303 1304/1304
f 1305/1305 1306/1306 1307/1307
f 1305/1305 1307/1307 1308/1308
f 1309/1309 1310/1310 1311/1311
f 1309/1309 1311/1311 1312/1312
f 1313/1313 1314/1314 1315/1315
f 1313/1313 1315/1315 1316/1316
f 1317/1317 1318/1318 1319/1319
f 1317/1317 1319/1319 1320/1320
f 1321/1321 1322/1322 1323/1323
f 1321/1321 1323/1323 1324/1324
f 1325/1325 1326/1326 1327/1327
f 1325/1325 1327/1327 1328/1328
f 1329/1329 1330/1330 1331/1331
f 1329/1329 1331/1331 1332/1332
f 1333/1333 1334/1334 1335/1335
f 1333/1333 1335/1335 1336/1336
f 1337/1337 1338/1338 1339/1339
f 1337/1337 1339/1339 1340/1340
f 1341/1341 1342/1342 1343/1343
f 1341/1341 1343/1343 1344/1344
f 1345/1345 1346/1346 1347/1347
f 1345/1345 1347/1347 1348/1348
f 1349/1349 1350/1350 1351/1351
f 1349/1349 1351/1351 1352/1352
f 1353/1353 1354/1354 1355/1355
f 1353/1353 1355/1355 1356/1356
f 1357/1357 1358/1358 1359/1359
f 1357/1357 1359/1359 1360/1360
f 1361/1361 1362/1362 1363/1363
f 1361/1361 1363/1363 1364/1364
f 1365/1365 1366/1366 1367/1367
f 1365/1365 1367/1367 1368/1368
f 1369/1369 1370/1370 1371/1371
f 1369/1369 1371/1371 1372/1372
f 1373/1373 1374/1374 1375/1375
f 1373/1373 1375/1375 1376/1376
f 1377/1377 1378/1378 1379/1379
f 1377/1377 1379/1379 1380/1380
f 1381/1381 1382/1382 1383/1383
f 1381/1381 1383/1383 1384/1384
f 1385/1385 1386/1386 1387/1387
f 1385/1385 1387/1387 1388/1388
f 1389/1389 1390/1390 1391/1391
f 1389/1389 1391/1391 1392/1392
f 1393/1393 1394/1394 1395/1395
f 1393/1393 1395/1395 1396/1396
f 1397/1397 1398/1398 1399/1399
f 1397/1397 1399/1399 1400/1400
f 1401/1401 1402/1402 1403/1403
f 1401/1401 1403/1403 1404/1404
f 1405/1405 1406/1406 1407/1407
f 1405/1405 1407/1407 1408/1408
f 1409/1409 1410/1410 1411/1411
f 1409/1409 1411/1411 1412/1412
f 1413/1413 1414/1414 1415/1415
f 1413/1413 1415/1415 1416/1416
f 1417/1417 1418/1418 1419/1419
f 1417/1417 1419/1419 1420/1420
f 1421/1421 1422/1422 1423/1423
f 1421/1421 1423/1423 1424/1424
f 1425/1425 1426/1426 1427/1427
f 1425/1425 1427/1427 1428/1428
f 1429/1429 1430/1430 1431/1431
f 1429/1429 1431/1431 1432/1432
f 1433/1433 1434/1434 1435/1435
f 1433/1433 1435/1435 1436/1436
f 1437/1437 1438/1438 1439/1439
f 1437/1437 1439/1439 1440/1440
f 1441/1441 1442/1442 1443/1443
f 1441/1441 1443/1443 1444/1444
f 1445/1445 1446/1446 1447/1447
f 1445/1445 1447/1447 1448/1448
f 1449/1449 1450/1450 1451/1451
f 1449/1449 1451/1451 1452/1452
f 1453/1453 1454/1454 1455/1455
f 1453/1453 1455/1455 1456/1456
f 1457/1457 1458/1458 1459/1459
f 1457/1457 1459/1459 1460/1460
f 1461/1461 1462/1462 1463/1463
f 1461/1461 1463/1463 1464/1464
f 1465/1465 1466/1466 1467/1467
f 1465/1465 1467/1467 1468/1468
f 1469/1469 1470/1470 1471/1471
f 1469/1469 1471/1471 1472/1472
f 1473/1473 1474/1474 1475/1475
f 1473/1473 1475/1475 1476/1476
f 1477/1477 1478/1478 1479/1479
f 1477/1477 1479/1479 1480/1480
f 1481/1481 1482/1482 1483/1483
f 1481/1481 1483/1483 1484/1484
f 1485/1485 1486/1486 1487/1487
f 1485/1485 1487/1487 1488/1488
f 1489/1489 1490/1490 1491/1491
f 1489/1489 1491/1491 1492/1492
f 1493/1493 1494/1494 1495/1495
f 1493/1493 1495/1495 1496/1496
f 1497/1497 1498/1498 1499/1499
f 1497/1497 1499/1499 1500/1500
f 1501/1501 1502/1502 1503/1503
f 1501/1501 1503/1503 1504/1504
f 1505/1505 1506/1506 1507/1507
f 1505/1505 1507/1507 1508/1508
f 1509/1509 1510/1510 1511/1511
f 1509/1509 1511/1511 1512/1512
f 1513/1513 1514/1514 1515/1515
f 1513/1513 1515/1515 1516/1516
f 1517/1517 1518/1518 1519/1519
f 1517/1517 1519/1519 1520/1520
f 1521/1521 1522/1522 1523/1523
f 1521/1521 1523/1523 1524/1524
f 1525/1525 1526/1526 1527/1527
f 1525/1525 1527/1527 1528/1528
f 1529/1529 1530/1530 1531/1531
f 1529/1529 1531/1531 1532/1532
f 1533/1533 1534/1534 1535/1535
f 1533/1533 1535/1535 1536/1536
f 1537/1537 1538/1538 1539/1539
f 1537/1537 1539/1539 1540/1540
f 1541/1541 1542/1542 1543/1543
f 1541/1541 1543/1543 1544/1544
f 1545/1545 1546/1546 1547/1547
f 1545/1545 1547/1547 1548/1548
f 1549/1549 1550/1550 1551/1551
f 1549/1549 1551/1551 1552/1552
f 1553/1553 1554/1554 1555/1555
f 1553/1553 1555/1555 1556/1556
f 1557/1557 1558/1558 1559/1559
f 1557/1557 1559/1559 1560/1560
f 1561/1561 1562/1562 1563/1563
f 1561/1561 1563/1563 1564/1564
f 1565/1565 1566/1566 1567/1567
f 1565/1565 1567/1567 1568/1568
f 1569/1569 1570/1570 1571/1571
f 1569/1569 1571/1571 1572/1572
f 1573/1573 1574/1574 1575/1575
f 1573/1573 1575/1575 1576/1576
f 1577/1577 1578/1578 1579/1579
f 1577/1577 1579/1579 1580/1580
f 1581/1581 1582/1582 1583/1583
f 1581/1581 1583/1583 1584/1584
f 1585/1585 1586/1586 1587/1587
f 1585/1585 1587/1587 1588/1588
f 1589/1589 1590/1590 1591/1591
f 1589/1589 1591/1591 1592/1592
f 1593/1593 1594/1594 1595/1595
f 1593/1593 1595/1595 1596/1596
f 1597/1597 1598/1598 1599/1599
f 1597/1597 1599/1599 1600/1600
f 1601/1601 1602/1602 1603/1603
f 1601/1601 1603/1603 1604/1604
f 1605/1605 1606/1606 1607/1607
f 1605/1605 1607/1607 1608/1608
f 1609/1609 1610/1610 1611/1611
f 1609/1609 1611/1611 1612/1612
f 1613/1613 1614/1614 1615/1615
f 1613/1613 1615/1615 1616/1616
f 1617/1617 1618/1618 1619/1619
f 1617/1617 1619/1619 1620/1620
f 1621/1621 1622/1622 1623/1623
f 1621/1621 1623/1623 1624/1624
f 1625/1625 1626/1626 1627/1627
f 1625/1625 1627/1627 1628/1628
f 1629/1629 1630/1630 1631/1631
f 1629/1629 1631/1631 1632/1632
f 1633/1633 1634/1634 1635/1635
f 1633/1633 1635/1635 1636/1636
f 1637/1637 1638/1638 1639/1639
f 1637/1637 1639/1639 1640/1640
f 1641/1641 1642/1642 1643/1643
f 1641/1641 1643/1643 1644/1644
f 1645/1645 1646/1646 1647/1647
f 1645/1645 1647/1647 1648/1648
f 1649/1649 1650/1650 1651/1651
f 1649/1649 1651/1651 1652/1652
f 1653/1653 1654/1654 1655/1655
f 1653/1653 1655/1655 1656/1656
f 1657/1657 1658/1658 1659/1659
f 1657/1657 1659/1659 1660/1660
f 1661/1661 1662/1662 1663/1663
f 1661/1661 1663/1663 1664/1664
usemtl Rope
f 1665/1665 1666/1666 1667/1667
f 1665/1665 1667/1667 1668/1668
f 1669/1669 1670/1670 1671/1671
f 1669/1669 1671/1671 1672/1672
f 1673/1673 1674/1674 1675/1675
f 1673/1673 1675/1675 1676/1676
f 1677/1677 1678/1678 1679/1679
f 1677/1677 1679/1679 1680/1680
f 1681/1681 1682/1682 1683/1683
f 1681/1681 1683/1683 1684/1684
f 1685/1685 1686/1686 1687/1687
f 1685/1685 1687/1687 1688/1688
f 1689/1689 1691/1691 1690/1690
f 1689/1689 1693/1693 1692/1692
f 1689/1689 1695/1695 1694/1694
f 1689/1689 1697/1697 1696/1696
f 1689/1689 1699/1699 1698/1698
f 1689/1689 1701/1701 1700/1700
f 1702/1702 1703/1703 1704/1704
f 1702/1702 1705/1705 1706/1706
f 1702/1702 1707/1707 1708/1708
f 1702/1702 1709/1709 1710/1710
f 1702/1702 1711/1711 1712/1712
f 1702/1702 1713/1713 1714/1714
f 1715/1715 1716/1716 1717/1717
f 1715/1715 1717/1717 1718/1718
f 1719/1719 1720/1720 1721/1721
f 1719/1719 1721/1721 1722/1722
f 1723/1723 1724/1724 1725/1725
f 1723/1723 1725/1725 1726/1726
f 1727/1727 1728/1728 1729/1729
f 1727/1727 1729/1729 1730/1730
f 1731/1731 1732/1732 1733/1733
f 1731/1731 1733/1733 1734/1734
f 1735/1735 1736/1736 1737/1737
f 1735/1735 1737/1737 1738/1738
f 1739/1739 1741/1741 1740/1740
f 1739/1739 1743/1743 1742/1742
f 1739/1739 1745/1745 1744/1744
f 1739/1739 1747/1747 1746/1746
f 1739/1739 1749/1749 1748/1748
f 1739/1739 1751/1751 1750/1750
f 1752/1752 1753/1753 1754/1754
f 1752/1752 1755/1755 1756/1756
f 1752/1752 1757/1757 1758/1758
f 1752/1752 1759/1759 1760/1760
f 1752/1752 1761/1761 1762/1762
f 1752/1752 1763/1763 1764/1764
f 1765/1765 1766/1766 1767/1767
f 1765/1765 1767/1767 1768/1768
f 1769/1769 1770/1770 1771/1771
f 1769/1769 1771/1771 1772/1772
f 1773/1773 1774/1774 1775/1775
f 1773/1773 1775/1775 1776/1776
f 1777/1777 1778/1778 1779/1779
f 1777/1777 1779/1779 1780/1780
f 1781/1781 1782/1782 1783/1783
f 1781/1781 1783/1783 1784/1784
f 1785/1785 1786/1786 1787/1787
f 1785/1785 1787/1787 1788/1788
f 1789/1789 1791/1791 1790/1790
f 1789/1789 1793/1793 1792/1792
f 1789/1789 1795/1795 1794/1794
f 1789/1789 1797/1797 1796/1796
f 1789/1789 1799/1799 1798/1798
f 1789/1789 1801/1801 1800/1800
f 1802/1802 1803/1803 1804/1804
f 1802/1802 1805/1805 1806/1806
f 1802/1802 1807/1807 1808/1808
f 1802/1802 1809/1809 1810/1810
f 1802/1802 1811/1811 1812/1812
f 1802/1802 1813/1813 1814/1814
f 1815/1815 1816/1816 1817/1817
f 1815/1815 1817/1817 1818/1818
f 1819/1819 1820/1820 1821/1821
f 1819/1819 1821/1821 1822/1822
f 1823/1823 1824/1824 1825/1825
f 1823/1823 1825/1825 1826/1826
f 1827/1827 1828/1828 1829/1829
f 1827/1827 1829/1829 1830/1830
f 1831/1831 1832/1832 1833/1833
f 1831/1831 1833/1833 1834/1834
f 1835/1835 1836/1836 1837/1837
f 1835/1835 1837/1837 1838/1838
f 1839/1839 1841/1841 1840/1840
f 1839/1839 1843/1843 1842/1842
f 1839/1839 1845/1845 1844/1844
f 1839/1839 1847/1847 1846/1846
f 1839/1839 1849/1849 1848/1848
f 1839/1839 1851/1851 1850/1850
f 1852/1852 1853/1853 1854/1854
f 1852/1852 1855/1855 1856/1856
f 1852/1852 1857/1857 1858/1858
f 1852/1852 1859/1859 1860/1860
f 1852/1852 1861/1861 1862/1862
f 1852/1852 1863/1863 1864/1864
usemtl Metal
f 1865/1865 1866/1866 1867/1867
f 1865/1865 1867/1867 1868/1868
f 1869/1869 1870/1870 1871/1871
f 1869/1869 1871/1871 1872/1872
f 1873/1873 1874/1874 1875/1875
f 1873/1873 1875/1875 1876/1876
f 1877/1877 1878/1878 1879/1879
f 1877/1877 1879/1879 1880/1880
f 1881/1881 1882/1882 1883/1883
f 1881/1881 1883/1883 1884/1884
f 1885/1885 1886/1886 1887/1887
f 1885/1885 1887/1887 1888/1888
f 1889/1889 1890/1890 1891/1891
f 1889/1889 1891/1891 1892/1892
f 1893/1893 1894/1894 1895/1895
f 1893/1893 1895/1895 1896/1896
f 1897/1897 1898/1898 1899/1899
f 1897/1897 1899/1899 1900/1900
f 1901/1901 1902/1902 1903/1903
f 1901/1901 1903/1903 1904/1904
f 1905/1905 1906/1906 1907/1907
f 1905/1905 1907/1907 1908/1908
f 1909/1909 1910/1910 1911/1911
f 1909/1909 1911/1911 1912/1912
f 1913/1913 1914/1914 1915/1915
f 1913/1913 1915/1915 1916/1916
f 1917/1917 1918/1918 1919/1919
f 1917/1917 1919/1919 1920/1920
f 1921/1921 1922/1922 1923/1923
f 1921/1921 1923/1923 1924/1924
f 1925/1925 1926/1926 1927/1927
f 1925/1925 1927/1927 1928/1928
f 1929/1929 1930/1930 1931/1931
f 1929/1929 1931/1931 1932/1932
f 1933/1933 1934/1934 1935/1935
f 1933/1933 1935/1935 1936/1936
f 1937/1937 1938/1938 1939/1939
f 1937/1937 1939/1939 1940/1940
f 1941/1941 1942/1942 1943/1943
f 1941/1941 1943/1943 1944/1944
f 1945/1945 1946/1946 1947/1947
f 1945/1945 1947/1947 1948/1948
f 1949/1949 1950/1950 1951/1951
f 1949/1949 1951/1951 1952/1952
f 1953/1953 1954/1954 1955/1955
f 1953/1953 1955/1955 1956/1956
f 1957/1957 1958/1958 1959/1959
f 1957/1957 1959/1959 1960/1960
f 1961/1961 1962/1962 1963/1963
f 1961/1961 1963/1963 1964/1964
f 1965/1965 1966/1966 1967/1967
f 1965/1965 1967/1967 1968/1968
f 1969/1969 1970/1970 1971/1971
f 1969/1969 1971/1971 1972/1972
f 1973/1973 1974/1974 1975/1975
f 1973/1973 1975/1975 1976/1976
f 1977/1977 1978/1978 1979/1979
f 1977/1977 1979/1979 1980/1980
f 1981/1981 1982/1982 1983/1983
f 1981/1981 1983/1983 1984/1984
f 1985/1985 1986/1986 1987/1987
f 1985/1985 1987/1987 1988/1988
f 1989/1989 1990/1990 1991/1991
f 1989/1989 1991/1991 1992/1992
f 1993/1993 1994/1994 1995/1995
f 1993/1993 1995/1995 1996/1996
f 1997/1997 1998/1998 1999/1999
f 1997/1997 1999/1999 2000/2000
f 2001/2001 2002/2002 2003/2003
f 2001/2001 2003/2003 2004/2004
f 2005/2005 2006/2006 2007/2007
f 2005/2005 2007/2007 2008/2008
f 2009/2009 2010/2010 2011/2011
f 2009/2009 2011/2011 2012/2012
f 2013/2013 2014/2014 2015/2015
f 2013/2013 2015/2015 2016/2016
f 2017/2017 2018/2018 2019/2019
f 2017/2017 2019/2019 2020/2020
f 2021/2021 2022/2022 2023/2023
f 2021/2021 2023/2023 2024/2024
f 2025/2025 2026/2026 2027/2027
f 2025/2025 2027/2027 2028/2028
f 2029/2029 2030/2030 2031/2031
f 2029/2029 2031/2031 2032/2032
f 2033/2033 2034/2034 2035/2035
f 2033/2033 2035/2035 2036/2036
f 2037/2037 2038/2038 2039/2039
f 2037/2037 2039/2039 2040/2040
f 2041/2041 2042/2042 2043/2043
f 2041/2041 2043/2043 2044/2044
f 2045/2045 2046/2046 2047/2047
f 2045/2045 2047/2047 2048/2048
f 2049/2049 2050/2050 2051/2051
f 2049/2049 2051/2051 2052/2052
f 2053/2053 2054/2054 2055/2055
f 2053/2053 2055/2055 2056/2056
f 2057/2057 2058/2058 2059/2059
f 2057/2057 2059/2059 2060/2060
f 2061/2061 2062/2062 2063/2063
f 2061/2061 2063/2063 2064/2064
f 2065/2065 2066/2066 2067/2067
f 2065/2065 2067/2067 2068/2068
f 2069/2069 2070/2070 2071/2071
f 2069/2069 2071/2071 2072/2072
f 2073/2073 2074/2074 2075/2075
f 2073/2073 2075/2075 2076/2076
f 2077/2077 2078/2078 2079/2079
f 2077/2077 2079/2079 2080/2080
f 2081/2081 2082/2082 2083/2083
f 2081/2081 2083/2083 2084/2084
f 2085/2085 2086/2086 2087/2087
f 2085/2085 2087/2087 2088/2088
f 2089/2089 2090/2090 2091/2091
f 2089/2089 2091/2091 2092/2092
f 2093/2093 2094/2094 2095/2095
f 2093/2093 2095/2095 2096/2096
f 2097/2097 2098/2098 2099/2099
f 2097/2097 2099/2099 2100/2100
f 2101/2101 2102/2102 2103/2103
f 2101/2101 2103/2103 2104/2104
f 2105/2105 2106/2106 2107/2107
f 2105/2105 2107/2107 2108/2108
f 2109/2109 2110/2110 2111/2111
f 2109/2109 2111/2111 2112/2112
f 2113/2113 2114/2114 2115/2115
f 2113/2113 2115/2115 2116/2116
f 2117/2117 2118/2118 2119/2119
f 2117/2117 2119/2119 2120/2120
f 2121/2121 2122/2122 2123/2123
f 2121/2121 2123/2123 2124/2124
f 2125/2125 2126/2126 2127/2127
f 2125/2125 2127/2127 2128/2128
f 2129/2129 2130/2130 2131/2131
f 2129/2129 2131/2131 2132/2132
f 2133/2133 2134/2134 2135/2135
f 2133/2133 2135/2135 2136/2136
f 2137/2137 2138/2138 2139/2139
f 2137/2137 2139/2139 2140/2140
f 2141/2141 2142/2142 2143/2143
f 2141/2141 2143/2143 2144/2144
f 2145/2145 2146/2146 2147/2147
f 2145/2145 2147/2147 2148/2148
f 2149/2149 2150/2150 2151/2151
f 2149/2149 2151/2151 2152/2152
f 2153/2153 2154/2154 2155/2155
f 2153/2153 2155/2155 2156/2156
f 2157/2157 2158/2158 2159/2159
f 2157/2157 2159/2159 2160/2160
f 2161/2161 2162/2162 2163/2163
f 2161/2161 2163/2163 2164/2164
f 2165/2165 2166/2166 2167/2167
f 2165/2165 2167/2167 2168/2168
f 2169/2169 2170/2170 2171/2171
f 2169/2169 2171/2171 2172/2172
f 2173/2173 2174/2174 2175/2175
f 2173/2173 2175/2175 2176/2176
f 2177/2177 2178/2178 2179/2179
f 2177/2177 2179/2179 2180/2180
f 2181/2181 2182/2182 2183/2183
f 2181/2181 2183/2183 2184/2184
f 2185/2185 2186/2186 2187/2187
f 2185/2185 2187/2187 2188/2188
f 2189/2189 2190/2190 2191/2191
f 2189/2189 2191/2191 2192/2192
f 2193/2193 2194/2194 2195/2195
f 2193/2193 2195/2195 2196/2196
f 2197/2197 2198/2198 2199/2199
f 2197/2197 2199/2199 2200/2200
f 2201/2201 2202/2202 2203/2203
f 2201/2201 2203/2203 2204/2204
f 2205/2205 2206/2206 2207/2207
f 2205/2205 2207/2207 2208/2208
f 2209/2209 2210/2210 2211/2211
f 2209/2209 2211/2211 2212/2212
f 2213/2213 2214/2214 2215/2215
f 2213/2213 2215/2215 2216/2216
f 2217/2217 2218/2218 2219/2219
f 2217/2217 2219/2219 2220/2220
f 2221/2221 2222/2222 2223/2223
f 2221/2221 2223/2223 2224/2224
f 2225/2225 2226/2226 2227/2227
f 2225/2225 2227/2227 2228/2228
f 2229/2229 2230/2230 2231/2231
f 2229/2229 2231/2231 2232/2232
f 2233/2233 2234/2234 2235/2235
f 2233/2233 2235/2235 2236/2236
f 2237/2237 2238/2238 2239/2239
f 2237/2237 2239/2239 2240/2240
f 2241/2241 2242/2242 2243/2243
f 2241/2241 2243/2243 2244/2244
f 2245/2245 2246/2246 2247/2247
f 2245/2245 2247/2247 2248/2248
f 2249/2249 2250/2250 2251/2251
f 2249/2249 2251/2251 2252/2252
f 2253/2253 2254/2254 2255/2255
f 2253/2253 2255/2255 2256/2256
f 2257/2257 2258/2258 2259/2259
f 2257/2257 2259/2259 2260/2260
f 2261/2261 2262/2262 2263/2263
f 2261/2261 2263/2263 2264/2264
f 2265/2265 2266/2266 2267/2267
f 2265/2265 2267/2267 2268/2268
f 2269/2269 2270/2270 2271/2271
f 2269/2269 2271/2271 2272/2272
f 2273/2273 2274/2274 2275/2275
f 2273/2273 2275/2275 2276/2276
f 2277/2277 2278/2278 2279/2279
f 2277/2277 2279/2279 2280/2280
f 2281/2281 2282/2282 2283/2283
f 2281/2281 2283/2283 2284/2284
f 2285/2285 2286/2286 2287/2287
f 2285/2285 2287/2287 2288/2288
f 2289/2289 2290/2290 2291/2291
f 2289/2289 2291/2291 2292/2292
f 2293/2293 2294/2294 2295/2295
f 2293/2293 2295/2295 2296/2296
f 2297/2297 2298/2298 2299/2299
f 2297/2297 2299/2299 2300/2300
f 2301/2301 2302/2302 2303/2303
f 2301/2301 2303/2303 2304/2304
f 2305/2305 2306/2306 2307/2307
f 2305/2305 2307/2307 2308/2308
f 2309/2309 2310/2310 2311/2311
f 2309/2309 2311/2311 2312/2312
f 2313/2313 2314/2314 2315/2315
f 2313/2313 2315/2315 2316/2316
f 2317/2317 2318/2318 2319/2319
f 2317/2317 2319/2319 2320/2320
f 2321/2321 2322/2322 2323/2323
f 2321/2321 2323/2323 2324/2324
f 2325/2325 2326/2326 2327/2327
f 2325/2325 2327/2327 2328/2328
f 2329/2329 2330/2330 2331/2331
f 2329/2329 2331/2331 2332/2332
f 2333/2333 2334/2334 2335/2335
f 2333/2333 2335/2335 2336/2336
f 2337/2337 2338/2338 2339/2339
f 2337/2337 2339/2339 2340/2340
f 2341/2341 2342/2342 2343/2343
f 2341/2341 2343/2343 2344/2344
f 2345/2345 2346/2346 2347/2347
f 2345/2345 2347/2347 2348/2348
f 2349/2349 2350/2350 2351/2351
f 2349/2349 2351/2351 2352/2352
f 2353/2353 2354/2354 2355/2355
f 2353/2353 2355/2355 2356/2356
f 2357/2357 2358/2358 2359/2359
f 2357/2357 2359/2359 2360/2360
f 2361/2361 2362/2362 2363/2363
f 2361/2361 2363/2363 2364/2364
f 2365/2365 2366/2366 2367/2367
f 2365/2365 2367/2367 2368/2368
f 2369/2369 2370/2370 2371/2371
f 2369/2369 2371/2371 2372/2372
f 2373/2373 2374/2374 2375/2375
f 2373/2373 2375/2375 2376/2376
f 2377/2377 2378/2378 2379/2379
f 2377/2377 2379/2379 2380/2380
f 2381/2381 2382/2382 2383/2383
f 2381/2381 2383/2383 2384/2384
f 2385/2385 2386/2386 2387/2387
f 2385/2385 2387/2387 2388/2388
f 2389/2389 2390/2390 2391/2391
f 2389/2389 2391/2391 2392/2392
f 2393/2393 2394/2394 2395/2395
f 2393/2393 2395/2395 2396/2396
f 2397/2397 2398/2398 2399/2399
f 2397/2397 2399/2399 2400/2400
f 2401/2401 2402/2402 2403/2403
f 2401/2401 2403/2403 2404/2404
f 2405/2405 2406/2406 2407/2407
f 2405/2405 2407/2407 2408/2408
f 2409/2409 2410/2410 2411/2411
f 2409/2409 2411/2411 2412/2412
f 2413/2413 2414/2414 2415/2415
f 2413/2413 2415/2415 2416/2416
f 2417/2417 2418/2418 2419/2419
f 2417/2417 2419/2419 2420/2420
f 2421/2421 2422/2422 2423/2423
f 2421/2421 2423/2423 2424/2424
f 2425/2425 2426/2426 2427/2427
f 2425/2425 2427/2427 2428/2428
f 2429/2429 2430/2430 2431/2431
f 2429/2429 2431/2431 2432/2432
f 2433/2433 2434/2434 2435/2435
f 2433/2433 2435/2435 2436/2436
f 2437/2437 2438/2438 2439/2439
f 2437/2437 2439/2439 2440/2440
f 2441/2441 2442/2442 2443/2443
f 2441/2441 2443/2443 2444/2444
f 2445/2445 2446/2446 2447/2447
f 2445/2445 2447/2447 2448/2448
f 2449/2449 2450/2450 2451/2451
f 2449/2449 2451/2451 2452/2452
f 2453/2453 2454/2454 2455/2455
f 2453/2453 2455/2455 2456/2456
f 2457/2457 2458/2458 2459/2459
f 2457/2457 2459/2459 2460/2460
f 2461/2461 2462/2462 2463/2463
f 2461/2461 2463/2463 2464/2464
f 2465/2465 2466/2466 2467/2467
f 2465/2465 2467/2467 2468/2468
f 2469/2469 2470/2470 2471/2471
f 2469/2469 2471/2471 2472/2472
f 2473/2473 2474/2474 2475/2475
f 2473/2473 2475/2475 2476/2476
f 2477/2477 2478/2478 2479/2479
f 2477/2477 2479/2479 2480/2480
f 2481/2481 2482/2482 2483/2483
f 2481/2481 2483/2483 2484/2484
f 2485/2485 2486/2486 2487/2487
f 2485/2485 2487/2487 2488/2488
f 2489/2489 2490/2490 2491/2491
f 2489/2489 2491/2491 2492/2492
f 2493/2493 2494/2494 2495/2495
f 2493/2493 2495/2495 2496/2496
f 2497/2497 2498/2498 2499/2499
f 2497/2497 2499/2499 2500/2500
f 2501/2501 2502/2502 2503/2503
f 2501/2501 2503/2503 2504/2504
f 2505/2505 2506/2506 2507/2507
f 2505/2505 2507/2507 2508/2508
f 2509/2509 2510/2510 2511/2511
f 2509/2509 2511/2511 2512/2512
f 2513/2513 2514/2514 2515/2515
f 2513/2513 2515/2515 2516/2516
f 2517/2517 2518/2518 2519/2519
f 2517/2517 2519/2519 2520/2520
f 2521/2521 2522/2522 2523/2523
f 2521/2521 2523/2523 2524/2524
f 2525/2525 2526/2526 2527/2527
f 2525/2525 2527/2527 2528/2528
f 2529/2529 2530/2530 2531/2531
f 2529/2529 2531/2531 2532/2532
f 2533/2533 2534/2534 2535/2535
f 2533/2533 2535/2535 2536/2536
f 2537/2537 2538/2538 2539/2539
f 2537/2537 2539/2539 2540/2540
f 2541/2541 2542/2542 2543/2543
f 2541/2541 2543/2543 2544/2544
f 2545/2545 2546/2546 2547/2547
f 2545/2545 2547/2547 2548/2548
f 2549/2549 2550/2550 2551/2551
f 2549/2549 2551/2551 2552/2552
f 2553/2553 2554/2554 2555/2555
f 2553/2553 2555/2555 2556/2556
f 2557/2557 2558/2558 2559/2559
f 2557/2557 2559/2559 2560/2560
f 2561/2561 2562/2562 2563/2563
f 2561/2561 2563/2563 2564/2564
f 2565/2565 2566/2566 2567/2567
f 2565/2565 2567/2567 2568/2568
f 2569/2569 2570/2570 2571/2571
f 2569/2569 2571/2571 2572/2572
f 2573/2573 2574/2574 2575/2575
f 2573/2573 2575/2575 2576/2576
f 2577/2577 2578/2578 2579/2579
f 2577/2577 2579/2579 2580/2580
f 2581/2581 2582/2582 2583/2583
f 2581/2581 2583/2583 2584/2584
f 2585/2585 2586/2586 2587/2587
f 2585/2585 2587/2587 2588/2588
f 2589/2589 2590/2590 2591/2591
f 2589/2589 2591/2591 2592/2592
f 2593/2593 2594/2594 2595/2595
f 2593/2593 2595/2595 2596/2596
f 2597/2597 2598/2598 2599/2599
f 2597/2597 2599/2599 2600/2600
f 2601/2601 2602/2602 2603/2603
f 2601/2601 2603/2603 2604/2604
f 2605/2605 2606/2606 2607/2607
f 2605/2605 2607/2607 2608/2608
f 2609/2609 2610/2610 2611/2611
f 2609/2609 2611/2611 2612/2612
f 2613/2613 2614/2614 2615/2615
f 2613/2613 2615/2615 2616/2616
f 2617/2617 2618/2618 2619/2619
f 2617/2617 2619/2619 2620/2620
f 2621/2621 2622/2622 2623/2623
f 2621/2621 2623/2623 2624/2624
f 2625/2625 2626/2626 2627/2627
f 2625/2625 2627/2627 2628/2628
f 2629/2629 2630/2630 2631/2631
f 2629/2629 2631/2631 2632/2632
usemtl Rope
f 2633/2633 2634/2634 2635/2635
f 2633/2633 2635/2635 2636/2636
f 2637/2637 2638/2638 2639/2639
f 2637/2637 2639/2639 2640/2640
f 2641/2641 2642/2642 2643/2643
f 2641/2641 2643/2643 2644/2644
f 2645/2645 2646/2646 2647/2647
f 2645/2645 2647/2647 2648/2648
f 2649/2649 2650/2650 2651/2651
f 2649/2649 2651/2651 2652/2652
f 2653/2653 2654/2654 2655/2655
f 2653/2653 2655/2655 2656/2656
f 2657/2657 2659/2659 2658/2658
f 2657/2657 2661/2661 2660/2660
f 2657/2657 2663/2663 2662/2662
f 2657/2657 2665/2665 2664/2664
f 2657/2657 2667/2667 2666/2666
f 2657/2657 2669/2669 2668/2668
f 2670/2670 2671/2671 2672/2672
f 2670/2670 2673/2673 2674/2674
f 2670/2670 2675/2675 2676/2676
f 2670/2670 2677/2677 2678/2678
f 2670/2670 2679/2679 2680/2680
f 2670/2670 2681/2681 2682/2682
usemtl Wood
f 2683/2683 2684/2684 2685/2685
f 2683/2683 2685/2685 2686/2686
f 2687/2687 2688/2688 2689/2689
f 2687/2687 2689/2689 2690/2690
f 2691/2691 2692/2692 2693/2693
f 2691/2691 2693/2693 2694/2694
f 2695/2695 2696/2696 2697/2697
f 2695/2695 2697/2697 2698/2698
f 2699/2699 2700/2700 2701/2701
f 2699/2699 2701/2701 2702/2702
f 2703/2703 2704/2704 2705/2705
f 2703/2703 2705/2705 2706/2706
f 2707/2707 2709/2709 2708/2708
f 2707/2707 2711/2711 2710/2710
f 2707/2707 2713/2713 2712/2712
f 2707/2707 2715/2715 2714/2714
f 2707/2707 2717/2717 2716/2716
f 2707/2707 2719/2719 2718/2718
f 2720/2720 2721/2721 2722/2722
f 2720/2720 2723/2723 2724/2724
f 2720/2720 2725/2725 2726/2726
f 2720/2720 2727/2727 2728/2728
f 2720/2720 2729/2729 2730/2730
f 2720/2720 2731/2731 2732/2732
f 2733/2733 2734/2734 2735/2735
f 2733/2733 2735/2735 2736/2736
f 2737/2737 2738/2738 2739/2739
f 2737/2737 2739/2739 2740/2740
f 2741/2741 2742/2742 2743/2743
f 2741/2741 2743/2743 2744/2744
f 2745/2745 2746/2746 2747/2747
f 2745/2745 2747/2747 2748/2748
f 2749/2749 2750/2750 2751/2751
f 2749/2749 2751/2751 2752/2752
f 2753/2753 2754/2754 2755/2755
f 2753/2753 2755/2755 2756/2756
f 2757/2757 2759/2759 2758/2758
f 2757/2757 2761/2761 2760/2760
f 2757/2757 2763/2763 2762/2762
f 2757/2757 2765/2765 2764/2764
f 2757/2757 2767/2767 2766/2766
f 2757/2757 2769/2769 2768/2768
f 2770/2770 2771/2771 2772/2772
f 2770/2770 2773/2773 2774/2774
f 2770/2770 2775/2775 2776/2776
f 2770/2770 2777/2777 2778/2778
f 2770/2770 2779/2779 2780/2780
f 2770/2770 2781/2781 2782/2782
usemtl Rope
f 2783/2783 2784/2784 2785/2785
f 2783/2783 2785/2785 2786/2786
f 2787/2787 2788/2788 2789/2789
f 2787/2787 2789/2789 2790/2790
f 2791/2791 2792/2792 2793/2793
f 2791/2791 2793/2793 2794/2794
f 2795/2795 2796/2796 2797/2797
f 2795/2795 2797/2797 2798/2798
f 2799/2799 2800/2800 2801/2801
f 2799/2799 2801/2801 2802/2802
f 2803/2803 2804/2804 2805/2805
f 2803/2803 2805/2805 2806/2806
f 2807/2807 2809/2809 2808/2808
f 2807/2807 2811/2811 2810/2810
f 2807/2807 2813/2813 2812/2812
f 2807/2807 2815/2815 2814/2814
f 2807/2807 2817/2817 2816/2816
f 2807/2807 2819/2819 2818/2818
f 2820/2820 2821/2821 2822/2822
f 2820/2820 2823/2823 2824/2824
f 2820/2820 2825/2825 2826/2826
f 2820/2820 2827/2827 2828/2828
f 2820/2820 2829/2829 2830/2830
f 2820/2820 2831/2831 2832/2832
usemtl Wood
f 2833/2833 2834/2834 2835/2835
f 2833/2833 2835/2835 2836/2836
f 2837/2837 2838/2838 2839/2839
f 2837/2837 2839/2839 2840/2840
f 2841/2841 2842/2842 2843/2843
f 2841/2841 2843/2843 2844/2844
f 2845/2845 2846/2846 2847/2847
f 2845/2845 2847/2847 2848/2848
f 2849/2849 2850/2850 2851/2851
f 2849/2849 2851/2851 2852/2852
f 2853/2853 2854/2854 2855/2855
f 2853/2853 2855/2855 2856/2856
f 2857/2857 2859/2859 2858/2858
f 2857/2857 2861/2861 2860/2860
f 2857/2857 2863/2863 2862/2862
f 2857/2857 2865/2865 2864/2864
f 2857/2857 2867/2867 2866/2866
f 2857/2857 2869/2869 2868/2868
f 2870/2870 2871/2871 2872/2872
f 2870/2870 2873/2873 2874/2874
f 2870/2870 2875/2875 2876/2876
f 2870/2870 2877/2877 2878/2878
f 2870/2870 2879/2879 2880/2880
f 2870/2870 2881/2881 2882/2882
f 2883/2883 2884/2884 2885/2885
f 2883/2883 2885/2885 2886/2886
f 2887/2887 2888/2888 2889/2889
f 2887/2887 2889/2889 2890/2890
f 2891/2891 2892/2892 2893/2893
f 2891/2891 2893/2893 2894/2894
f 2895/2895 2896/2896 2897/2897
f 2895/2895 2897/2897 2898/2898
f 2899/2899 2900/2900 2901/2901
f 2899/2899 2901/2901 2902/2902
f 2903/2903 2904/2904 2905/2905
f 2903/2903 2905/2905 2906/2906
f 2907/2907 2909/2909 2908/2908
f 2907/2907 2911/2911 2910/2910
f 2907/2907 2913/2913 2912/2912
f 2907/2907 2915/2915 2914/2914
f 2907/2907 2917/2917 2916/2916
f 2907/2907 2919/2919 2918/2918
f 2920/2920 2921/2921 2922/2922
f 2920/2920 2923/2923 2924/2924
f 2920/2920 2925/2925 2926/2926
f 2920/2920 2927/2927 2928/2928
f 2920/2920 2929/2929 2930/2930
f 2920/2920 2931/2931 2932/2932
usemtl Rope
f 2933/2933 2934/2934 2935/2935
f 2933/2933 2935/2935 2936/2936
f 2937/2937 2938/2938 2939/2939
f 2937/2937 2939/2939 2940/2940
f 2941/2941 2942/2942 2943/2943
f 2941/2941 2943/2943 2944/2944
f 2945/2945 2946/2946 2947/2947
f 2945/2945 2947/2947 2948/2948
f 2949/2949 2950/2950 2951/2951
f 2949/2949 2951/2951 2952/2952
f 2953/2953 2954/2954 2955/2955
f 2953/2953 2955/2955 2956/2956
f 2957/2957 2959/2959 2958/2958
f 2957/2957 2961/2961 2960/2960
f 2957/2957 2963/2963 2962/2962
f 2957/2957 2965/2965 2964/2964
f 2957/2957 2967/2967 2966/2966
f 2957/2957 2969/2969 2968/2968
f 2970/2970 2971/2971 2972/2972
f 2970/2970 2973/2973 2974/2974
f 2970/2970 2975/2975 2976/2976
f 2970/2970 2977/2977 2978/2978
f 2970/2970 2979/2979 2980/2980
f 2970/2970 2981/2981 2982/2982
usemtl Wood
f 2983/2983 2984/2984 2985/2985
f 2983/2983 2985/2985 2986/2986
f 2987/2987 2988/2988 2989/2989
f 2987/2987 2989/2989 2990/2990
f 2991/2991 2992/2992 2993/2993
f 2991/2991 2993/2993 2994/2994
f 2995/2995 2996/2996 2997/2997
f 2995/2995 2997/2997 2998/2998
f 2999/2999 3000/3000 3001/3001
f 2999/2999 3001/3001 3002/3002
f 3003/3003 3004/3004 3005/3005
f 3003/3003 3005/3005 3006/3006
f 3007/3007 3009/3009 3008/3008
f 3007/3007 3011/3011 3010/3010
f 3007/3007 3013/3013 3012/3012
f 3007/3007 3015/3015 3014/3014
f 3007/3007 3017/3017 3016/3016
f 3007/3007 3019/3019 3018/3018
f 3020/3020 3021/3021 3022/3022
f 3020/3020 3023/3023 3024/3024
f 3020/3020 3025/3025 3026/3026
f 3020/3020 3027/3027 3028/3028
f 3020/3020 3029/3029 3030/3030
f 3020/3020 3031/3031 3032/3032
f 3033/3033 3034/3034 3035/3035
f 3033/3033 3035/3035 3036/3036
f 3037/3037 3038/3038 3039/3039
f 3037/3037 3039/3039 3040/3040
f 3041/3041 3042/3042 3043/3043
f 3041/3041 3043/3043 3044/3044
f 3045/3045 3046/3046 3047/3047
f 3045/3045 3047/3047 3048/3048
f 3049/3049 3050/3050 3051/3051
f 3049/3049 3051/3051 3052/3052
f 3053/3053 3054/3054 3055/3055
f 3053/3053 3055/3055 3056/3056
f 3057/3057 3059/3059 3058/3058
f 3057/3057 3061/3061 3060/3060
f 3057/3057 3063/3063 3062/3062
f 3057/3057 3065/3065 3064/3064
f 3057/3057 3067/3067 3066/3066
f 3057/3057 3069/3069 3068/3068
f 3070/3070 3071/3071 3072/3072
f 3070/3070 3073/3073 3074/3074
f 3070/3070 3075/3075 3076/3076
f 3070/3070 3077/3077 3078/3078
f 3070/3070 3079/3079 3080/3080
f 3070/3070 3081/3081 3082/3082
usemtl Rope
f 3083/3083 3084/3084 3085/3085
f 3083/3083 3085/3085 3086/3086
f 3087/3087 3088/3088 3089/3089
f 3087/3087 3089/3089 3090/3090
f 3091/3091 3092/3092 3093/3093
f 3091/3091 3093/3093 3094/3094
f 3095/3095 3096/3096 3097/3097
f 3095/3095 3097/3097 3098/3098
f 3099/3099 3100/3100 3101/3101
f 3099/3099 3101/3101 3102/3102
f 3103/3103 3104/3104 3105/3105
f 3103/3103 3105/3105 3106/3106
f 3107/3107 3109/3109 3108/3108
f 3107/3107 3111/3111 3110/3110
f 3107/3107 3113/3113 3112/3112
f 3107/3107 3115/3115 3114/3114
f 3107/3107 3117/3117 3116/3116
f 3107/3107 3119/3119 3118/3118
f 3120/3120 3121/3121 3122/3122
f 3120/3120 3123/3123 3124/3124
f 3120/3120 3125/3125 3126/3126
f 3120/3120 3127/3127 3128/3128
f 3120/3120 3129/3129 3130/3130
f 3120/3120 3131/3131 3132/3132
usemtl Wood
f 3133/3133 3134/3134 3135/3135
f 3133/3133 3135/3135 3136/3136
f 3137/3137 3138/3138 3139/3139
f 3137/3137 3139/3139 3140/3140
f 3141/3141 3142/3142 3143/3143
f 3141/3141 3143/3143 3144/3144
f 3145/3145 3146/3146 3147/3147
f 3145/3145 3147/3147 3148/3148
f 3149/3149 3150/3150 3151/3151
f 3149/3149 3151/3151 3152/3152
f 3153/3153 3154/3154 3155/3155
f 3153/3153 3155/3155 3156/3156
f 3157/3157 3159/3159 3158/3158
f 3157/3157 3161/3161 3160/3160
f 3157/3157 3163/3163 3162/3162
f 3157/3157 3165/3165 3164/3164
f 3157/3157 3167/3167 3166/3166
f 3157/3157 3169/3169 3168/3168
f 3170/3170 3171/3171 3172/3172
f 3170/3170 3173/3173 3174/3174
f 3170/3170 3175/3175 3176/3176
f 3170/3170 3177/3177 3178/3178
f 3170/3170 3179/3179 3180/3180
f 3170/3170 3181/3181 3182/3182
f 3183/3183 3184/3184 3185/3185
f 3183/3183 3185/3185 3186/3186
f 3187/3187 3188/3188 3189/3189
f 3187/3187 3189/3189 3190/3190
f 3191/3191 3192/3192 3193/3193
f 3191/3191 3193/3193 3194/3194
f 3195/3195 3196/3196 3197/3197
f 3195/3195 3197/3197 3198/3198
f 3199/3199 3200/3200 3201/3201
f 3199/3199 3201/3201 3202/3202
f 3203/3203 3204/3204 3205/3205
f 3203/3203 3205/3205 3206/3206
f 3207/3207 3209/3209 3208/3208
f 3207/3207 3211/3211 3210/3210
f 3207/3207 3213/3213 3212/3212
f 3207/3207 3215/3215 3214/3214
f 3207/3207 3217/3217 3216/3216
f 3207/3207 3219/3219 3218/3218
f 3220/3220 3221/3221 3222/3222
f 3220/3220 3223/3223 3224/3224
f 3220/3220 3225/3225 3226/3226
f 3220/3220 3227/3227 3228/3228
f 3220/3220 3229/3229 3230/3230
f 3220/3220 3231/3231 3232/3232
usemtl Cloth
f 3233/3233 3234/3234 3235/3235
f 3233/3233 3235/3235 3236/3236
f 3237/3237 3238/3238 3239/3239
f 3237/3237 3239/3239 3240/3240
f 3241/3241 3242/3242 3243/3243
f 3241/3241 3243/3243 3244/3244
f 3245/3245 3246/3246 3247/3247
f 3245/3245 3247/3247 3248/3248
f 3249/3249 3250/3250 3251/3251
f 3249/3249 3251/3251 3252/3252
f 3253/3253 3254/3254 3255/3255
f 3253/3253 3255/3255 3256/3256
usemtl Rope
f 3257/3257 3258/3258 3259/3259
f 3257/3257 3259/3259 3260/3260
f 3261/3261 3262/3262 3263/3263
f 3261/3261 3263/3263 3264/3264
f 3265/3265 3266/3266 3267/3267
f 3265/3265 3267/3267 3268/3268
f 3269/3269 3270/3270 3271/3271
f 3269/3269 3271/3271 3272/3272
f 3273/3273 3274/3274 3275/3275
f 3273/3273 3275/3275 3276/3276
f 3277/3277 3279/3279 3278/3278
f 3277/3277 3281/3281 3280/3280
f 3277/3277 3283/3283 3282/3282
f 3277/3277 3285/3285 3284/3284
f 3277/3277 3287/3287 3286/3286
f 3288/3288 3289/3289 3290/3290
f 3288/3288 3291/3291 3292/3292
f 3288/3288 3293/3293 3294/3294
f 3288/3288 3295/3295 3296/3296
f 3288/3288 3297/3297 3298/3298
usemtl Water
f 3299/3299 3300/3300 3301/3301
f 3299/3299 3301/3301 3302/3302
