mtllib ../../Materials/project_oen.mtl
o pr-001_tarp_presenning__placed
v -1.025000 0.760000 -0.760000
v -0.896875 0.760000 -0.759973
v -0.897660 0.748050 -0.632784
v -1.028054 0.760000 -0.633333
v -0.896875 0.760000 -0.759973
v -0.768750 0.760000 -0.751496
v -0.770290 0.735684 -0.632715
v -0.897660 0.748050 -0.632784
v -0.768750 0.760000 -0.751496
v -0.640625 0.760000 -0.748000
v -0.642861 0.724144 -0.633406
v -0.770290 0.735684 -0.632715
v -0.640625 0.760000 -0.748000
v -0.512500 0.760000 -0.751534
v -0.515346 0.716945 -0.634630
v -0.642861 0.724144 -0.633406
v -0.512500 0.760000 -0.751534
v -0.384375 0.760000 -0.760027
v -0.387721 0.714761 -0.635759
v -0.515346 0.716945 -0.634630
v -0.384375 0.760000 -0.760027
v -0.256250 0.760000 -0.768504
v -0.259968 0.713528 -0.636121
v -0.387721 0.714761 -0.635759
v -0.256250 0.760000 -0.768504
v -0.128125 0.760000 -0.772000
v -0.132072 0.708791 -0.635394
v -0.259968 0.713528 -0.636121
v -0.128125 0.760000 -0.772000
v 0.000000 0.760000 -0.768466
v -0.004024 0.701291 -0.633810
v -0.132072 0.708791 -0.635394
v 0.000000 0.760000 -0.768466
v 0.128125 0.760000 -0.759973
v 0.124178 0.696784 -0.632049
v -0.004024 0.701291 -0.633810
v 0.128125 0.760000 -0.759973
v 0.256250 0.760000 -0.751496
v 0.252532 0.699950 -0.630882
v 0.124178 0.696784 -0.632049
v 0.256250 0.760000 -0.751496
v 0.384375 0.760000 -0.748000
v 0.381029 0.709445 -0.630753
v 0.252532 0.699950 -0.630882
v 0.384375 0.760000 -0.748000
v 0.512500 0.760000 -0.751534
v 0.509654 0.719833 -0.631561
v 0.381029 0.709445 -0.630753
v 0.512500 0.760000 -0.751534
v 0.640625 0.760000 -0.760027
v 0.638389 0.727824 -0.632741
v 0.509654 0.719833 -0.631561
v 0.640625 0.760000 -0.760027
v 0.768750 0.760000 -0.768504
v 0.767210 0.735274 -0.633614
v 0.638389 0.727824 -0.632741
v 0.768750 0.760000 -0.768504
v 0.896875 0.760000 -0.772000
v 0.896090 0.745821 -0.633780
v 0.767210 0.735274 -0.633614
v 0.896875 0.760000 -0.772000
v 1.025000 0.760000 -0.760000
v 1.021946 0.760000 -0.633333
v 0.896090 0.745821 -0.633780
v -1.028054 0.760000 -0.633333
v -0.897660 0.748050 -0.632784
v -0.897746 0.738616 -0.505605
v -1.014581 0.760000 -0.506667
v -0.897660 0.748050 -0.632784
v -0.770290 0.735684 -0.632715
v -0.770459 0.715924 -0.505473
v -0.897746 0.738616 -0.505605
v -0.770290 0.735684 -0.632715
v -0.642861 0.724144 -0.633406
v -0.643106 0.695124 -0.506808
v -0.770459 0.715924 -0.505473
v -0.642861 0.724144 -0.633406
v -0.515346 0.716945 -0.634630
v -0.515658 0.682917 -0.509171
v -0.643106 0.695124 -0.506808
v -0.515346 0.716945 -0.634630
v -0.387721 0.714761 -0.635759
v -0.388088 0.679653 -0.511352
v -0.515658 0.682917 -0.509171
v -0.387721 0.714761 -0.635759
v -0.259968 0.713528 -0.636121
v -0.260376 0.677026 -0.512053
v -0.388088 0.679653 -0.511352
v -0.259968 0.713528 -0.636121
v -0.132072 0.708791 -0.635394
v -0.132505 0.667377 -0.510648
v -0.260376 0.677026 -0.512053
v -0.132072 0.708791 -0.635394
v -0.004024 0.701291 -0.633810
v -0.004465 0.653620 -0.507587
v -0.132505 0.667377 -0.510648
v -0.004024 0.701291 -0.633810
v 0.124178 0.696784 -0.632049
v 0.123745 0.647158 -0.504186
v -0.004465 0.653620 -0.507587
v 0.124178 0.696784 -0.632049
v 0.252532 0.699950 -0.630882
v 0.252124 0.655571 -0.501931
v 0.123745 0.647158 -0.504186
v 0.252532 0.699950 -0.630882
v 0.381029 0.709445 -0.630753
v 0.380662 0.674453 -0.501682
v 0.252124 0.655571 -0.501931
v 0.381029 0.709445 -0.630753
v 0.509654 0.719833 -0.631561
v 0.509342 0.692887 -0.503242
v 0.380662 0.674453 -0.501682
v 0.509654 0.719833 -0.631561
v 0.638389 0.727824 -0.632741
v 0.638144 0.705624 -0.505523
v 0.509342 0.692887 -0.503242
v 0.638389 0.727824 -0.632741
v 0.767210 0.735274 -0.633614
v 0.767041 0.717428 -0.507210
v 0.638144 0.705624 -0.505523
v 0.767210 0.735274 -0.633614
v 0.896090 0.745821 -0.633780
v 0.896004 0.735406 -0.507529
v 0.767041 0.717428 -0.507210
v 0.896090 0.745821 -0.633780
v 1.021946 0.760000 -0.633333
v 1.035419 0.760000 -0.506667
v 0.896004 0.735406 -0.507529
v -1.014581 0.760000 -0.506667
v -0.897746 0.738616 -0.505605
v -0.896864 0.729487 -0.378499
v -1.016552 0.760000 -0.380000
v -0.897746 0.738616 -0.505605
v -0.770459 0.715924 -0.505473
v -0.768728 0.696701 -0.378312
v -0.896864 0.729487 -0.378499
v -0.770459 0.715924 -0.505473
v -0.643106 0.695124 -0.506808
v -0.640594 0.667467 -0.380200
v -0.768728 0.696701 -0.378312
v -0.643106 0.695124 -0.506808
v -0.515658 0.682917 -0.509171
v -0.512460 0.651109 -0.383542
v -0.640594 0.667467 -0.380200
v -0.515658 0.682917 -0.509171
v -0.388088 0.679653 -0.511352
v -0.384328 0.646803 -0.386627
v -0.512460 0.651109 -0.383542
v -0.388088 0.679653 -0.511352
v -0.260376 0.677026 -0.512053
v -0.256198 0.642300 -0.387617
v -0.384328 0.646803 -0.386627
v -0.260376 0.677026 -0.512053
v -0.132505 0.667377 -0.510648
v -0.128070 0.628154 -0.385630
v -0.256198 0.642300 -0.387617
v -0.132505 0.667377 -0.510648
v -0.004465 0.653620 -0.507587
v 0.000056 0.610323 -0.381301
v -0.128070 0.628154 -0.385630
v -0.004465 0.653620 -0.507587
v 0.123745 0.647158 -0.504186
v 0.128180 0.604887 -0.376492
v 0.000056 0.610323 -0.381301
v 0.123745 0.647158 -0.504186
v 0.252124 0.655571 -0.501931
v 0.256302 0.620269 -0.373303
v 0.128180 0.604887 -0.376492
v 0.252124 0.655571 -0.501931
v 0.380662 0.674453 -0.501682
v 0.384422 0.647892 -0.372951
v 0.256302 0.620269 -0.373303
v 0.380662 0.674453 -0.501682
v 0.509342 0.692887 -0.503242
v 0.512540 0.672190 -0.375157
v 0.384422 0.647892 -0.372951
v 0.509342 0.692887 -0.503242
v 0.638144 0.705624 -0.505523
v 0.640656 0.687604 -0.378382
v 0.512540 0.672190 -0.375157
v 0.638144 0.705624 -0.505523
v 0.767041 0.717428 -0.507210
v 0.768772 0.702484 -0.380768
v 0.640656 0.687604 -0.378382
v 0.767041 0.717428 -0.507210
v 0.896004 0.735406 -0.507529
v 0.896886 0.726745 -0.381219
v 0.768772 0.702484 -0.380768
v 0.896004 0.735406 -0.507529
v 1.035419 0.760000 -0.506667
v 1.033448 0.760000 -0.380000
v 0.896886 0.726745 -0.381219
v -1.016552 0.760000 -0.380000
v -0.896864 0.729487 -0.378499
v -0.895343 0.720466 -0.251495
v -1.031046 0.760000 -0.253333
v -0.896864 0.729487 -0.378499
v -0.768728 0.696701 -0.378312
v -0.765744 0.677978 -0.251266
v -0.895343 0.720466 -0.251495
v -0.768728 0.696701 -0.378312
v -0.640594 0.667467 -0.380200
v -0.636262 0.641294 -0.253578
v -0.765744 0.677978 -0.251266
v -0.640594 0.667467 -0.380200
v -0.512460 0.651109 -0.383542
v -0.506946 0.621466 -0.257671
v -0.636262 0.641294 -0.253578
v -0.512460 0.651109 -0.383542
v -0.384328 0.646803 -0.386627
v -0.377845 0.615793 -0.261449
v -0.506946 0.621466 -0.257671
v -0.384328 0.646803 -0.386627
v -0.256198 0.642300 -0.387617
v -0.248994 0.608786 -0.262662
v -0.377845 0.615793 -0.261449
v -0.256198 0.642300 -0.387617
v -0.128070 0.628154 -0.385630
v -0.120422 0.590623 -0.260229
v -0.248994 0.608786 -0.262662
v -0.128070 0.628154 -0.385630
v 0.000056 0.610323 -0.381301
v 0.007854 0.570605 -0.254927
v -0.120422 0.590623 -0.260229
v 0.000056 0.610323 -0.381301
v 0.128180 0.604887 -0.376492
v 0.135828 0.568011 -0.249037
v 0.007854 0.570605 -0.254927
v 0.128180 0.604887 -0.376492
v 0.256302 0.620269 -0.373303
v 0.263506 0.590312 -0.245131
v 0.135828 0.568011 -0.249037
v 0.256302 0.620269 -0.373303
v 0.384422 0.647892 -0.372951
v 0.390905 0.624605 -0.244700
v 0.263506 0.590312 -0.245131
v 0.384422 0.647892 -0.372951
v 0.512540 0.672190 -0.375157
v 0.518054 0.652314 -0.247402
v 0.390905 0.624605 -0.244700
v 0.512540 0.672190 -0.375157
v 0.640656 0.687604 -0.378382
v 0.644988 0.669224 -0.251352
v 0.518054 0.652314 -0.247402
v 0.640656 0.687604 -0.378382
v 0.768772 0.702484 -0.380768
v 0.771756 0.687347 -0.254274
v 0.644988 0.669224 -0.251352
v 0.768772 0.702484 -0.380768
v 0.896886 0.726745 -0.381219
v 0.898407 0.718265 -0.254826
v 0.771756 0.687347 -0.254274
v 0.896886 0.726745 -0.381219
v 1.033448 0.760000 -0.380000
v 1.018954 0.760000 -0.253333
v 0.898407 0.718265 -0.254826
v -1.031046 0.760000 -0.253333
v -0.895343 0.720466 -0.251495
v -0.893930 0.713854 -0.124616
v -1.036577 0.760000 -0.126667
v -0.895343 0.720466 -0.251495
v -0.765744 0.677978 -0.251266
v -0.762973 0.664657 -0.124361
v -0.893930 0.713854 -0.124616
v -0.765744 0.677978 -0.251266
v -0.636262 0.641294 -0.253578
v -0.632238 0.623758 -0.126939
v -0.762973 0.664657 -0.124361
v -0.636262 0.641294 -0.253578
v -0.506946 0.621466 -0.257671
v -0.501826 0.602645 -0.131505
v -0.632238 0.623758 -0.126939
v -0.506946 0.621466 -0.257671
v -0.377845 0.615793 -0.261449
v -0.371823 0.596223 -0.135719
v -0.501826 0.602645 -0.131505
v -0.377845 0.615793 -0.261449
v -0.248994 0.608786 -0.262662
v -0.242303 0.586756 -0.137072
v -0.371823 0.596223 -0.135719
v -0.248994 0.608786 -0.262662
v -0.120422 0.590623 -0.260229
v -0.113319 0.565310 -0.134358
v -0.242303 0.586756 -0.137072
v -0.120422 0.590623 -0.260229
v 0.007854 0.570605 -0.254927
v 0.015096 0.544311 -0.128444
v -0.113319 0.565310 -0.134358
v 0.007854 0.570605 -0.254927
v 0.135828 0.568011 -0.249037
v 0.142931 0.544570 -0.121875
v 0.015096 0.544311 -0.128444
v 0.135828 0.568011 -0.249037
v 0.263506 0.590312 -0.245131
v 0.270197 0.571414 -0.117519
v 0.142931 0.544570 -0.121875
v 0.263506 0.590312 -0.245131
v 0.390905 0.624605 -0.244700
v 0.396927 0.608427 -0.117038
v 0.270197 0.571414 -0.117519
v 0.390905 0.624605 -0.244700
v 0.518054 0.652314 -0.247402
v 0.523174 0.636138 -0.120051
v 0.396927 0.608427 -0.117038
v 0.518054 0.652314 -0.247402
v 0.644988 0.669224 -0.251352
v 0.649012 0.652969 -0.124457
v 0.523174 0.636138 -0.120051
v 0.644988 0.669224 -0.251352
v 0.771756 0.687347 -0.254274
v 0.774527 0.673990 -0.127716
v 0.649012 0.652969 -0.124457
v 0.771756 0.687347 -0.254274
v 0.898407 0.718265 -0.254826
v 0.899820 0.711036 -0.128332
v 0.774527 0.673990 -0.127716
v 0.898407 0.718265 -0.254826
v 1.018954 0.760000 -0.253333
v 1.013423 0.760000 -0.126667
v 0.899820 0.711036 -0.128332
v -1.036577 0.760000 -0.126667
v -0.893930 0.713854 -0.124616
v -0.893363 0.711928 0.002123
v -1.024947 0.760000 0.000000
v -0.893930 0.713854 -0.124616
v -0.762973 0.664657 -0.124361
v -0.761862 0.661523 0.002387
v -0.893363 0.711928 0.002123
v -0.762973 0.664657 -0.124361
v -0.632238 0.623758 -0.126939
v -0.630625 0.621686 -0.000282
v -0.761862 0.661523 0.002387
v -0.632238 0.623758 -0.126939
v -0.501826 0.602645 -0.131505
v -0.499772 0.602849 -0.005009
v -0.630625 0.621686 -0.000282
v -0.501826 0.602645 -0.131505
v -0.371823 0.596223 -0.135719
v -0.369409 0.597322 -0.009372
v -0.499772 0.602849 -0.005009
v -0.371823 0.596223 -0.135719
v -0.242303 0.586756 -0.137072
v -0.239620 0.586380 -0.010772
v -0.369409 0.597322 -0.009372
v -0.242303 0.586756 -0.137072
v -0.113319 0.565310 -0.134358
v -0.110471 0.562974 -0.007962
v -0.239620 0.586380 -0.010772
v -0.113319 0.565310 -0.134358
v 0.015096 0.544311 -0.128444
v 0.018000 0.541957 -0.001840
v -0.110471 0.562974 -0.007962
v 0.015096 0.544311 -0.128444
v 0.142931 0.544570 -0.121875
v 0.145779 0.544011 0.004960
v 0.018000 0.541957 -0.001840
v 0.142931 0.544570 -0.121875
v 0.270197 0.571414 -0.117519
v 0.272880 0.571773 0.009471
v 0.145779 0.544011 0.004960
v 0.270197 0.571414 -0.117519
v 0.396927 0.608427 -0.117038
v 0.399341 0.606798 0.009969
v 0.272880 0.571773 0.009471
v 0.396927 0.608427 -0.117038
v 0.523174 0.636138 -0.120051
v 0.525228 0.630798 0.006849
v 0.399341 0.606798 0.009969
v 0.523174 0.636138 -0.120051
v 0.649012 0.652969 -0.124457
v 0.650625 0.645404 0.002288
v 0.525228 0.630798 0.006849
v 0.649012 0.652969 -0.124457
v 0.774527 0.673990 -0.127716
v 0.775638 0.667507 -0.001086
v 0.650625 0.645404 0.002288
v 0.774527 0.673990 -0.127716
v 0.899820 0.711036 -0.128332
v 0.900387 0.707801 -0.001724
v 0.775638 0.667507 -0.001086
v 0.899820 0.711036 -0.128332
v 1.013423 0.760000 -0.126667
v 1.025053 0.760000 -0.000000
v 0.900387 0.707801 -0.001724
v -1.024947 0.760000 0.000000
v -0.893363 0.711928 0.002123
v -0.893945 0.714492 0.128717
v -1.013395 0.760000 0.126667
v -0.893363 0.711928 0.002123
v -0.761862 0.661523 0.002387
v -0.763003 0.668163 0.128973
v -0.893945 0.714492 0.128717
v -0.761862 0.661523 0.002387
v -0.630625 0.621686 -0.000282
v -0.632281 0.634015 0.126394
v -0.763003 0.668163 0.128973
v -0.630625 0.621686 -0.000282
v -0.499772 0.602849 -0.005009
v -0.501880 0.620148 0.121829
v -0.632281 0.634015 0.126394
v -0.499772 0.602849 -0.005009
v -0.369409 0.597322 -0.009372
v -0.371887 0.616657 0.117614
v -0.501880 0.620148 0.121829
v -0.369409 0.597322 -0.009372
v -0.239620 0.586380 -0.010772
v -0.242375 0.605325 0.116262
v -0.371887 0.616657 0.117614
v -0.239620 0.586380 -0.010772
v -0.110471 0.562974 -0.007962
v -0.113395 0.581640 0.118976
v -0.242375 0.605325 0.116262
v -0.110471 0.562974 -0.007962
v 0.018000 0.541957 -0.001840
v 0.015019 0.561774 0.124889
v -0.113395 0.581640 0.118976
v 0.018000 0.541957 -0.001840
v 0.145779 0.544011 0.004960
v 0.142855 0.564720 0.131458
v 0.015019 0.561774 0.124889
v 0.145779 0.544011 0.004960
v 0.272880 0.571773 0.009471
v 0.270125 0.590417 0.135815
v 0.142855 0.564720 0.131458
v 0.272880 0.571773 0.009471
v 0.399341 0.606798 0.009969
v 0.396863 0.620107 0.136296
v 0.270125 0.590417 0.135815
v 0.399341 0.606798 0.009969
v 0.525228 0.630798 0.006849
v 0.523120 0.638239 0.133283
v 0.396863 0.620107 0.136296
v 0.525228 0.630798 0.006849
v 0.650625 0.645404 0.002288
v 0.648969 0.649347 0.128877
v 0.523120 0.638239 0.133283
v 0.650625 0.645404 0.002288
v 0.775638 0.667507 -0.001086
v 0.774497 0.670440 0.125618
v 0.648969 0.649347 0.128877
v 0.775638 0.667507 -0.001086
v 0.900387 0.707801 -0.001724
v 0.899805 0.709973 0.125001
v 0.774497 0.670440 0.125618
v 0.900387 0.707801 -0.001724
v 1.025053 0.760000 -0.000000
v 1.036605 0.760000 0.126667
v 0.899805 0.709973 0.125001
v -1.013395 0.760000 0.126667
v -0.893945 0.714492 0.128717
v -0.895366 0.719438 0.255172
v -1.019046 0.760000 0.253333
v -0.893945 0.714492 0.128717
v -0.763003 0.668163 0.128973
v -0.765790 0.679901 0.255401
v -0.895366 0.719438 0.255172
v -0.763003 0.668163 0.128973
v -0.632281 0.634015 0.126394
v -0.636328 0.653056 0.253089
v -0.765790 0.679901 0.255401
v -0.632281 0.634015 0.126394
v -0.501880 0.620148 0.121829
v -0.507031 0.644043 0.248996
v -0.636328 0.653056 0.253089
v -0.501880 0.620148 0.121829
v -0.371887 0.616657 0.117614
v -0.377944 0.641845 0.245217
v -0.507031 0.644043 0.248996
v -0.371887 0.616657 0.117614
v -0.242375 0.605325 0.116262
v -0.249104 0.630386 0.244004
v -0.377944 0.641845 0.245217
v -0.242375 0.605325 0.116262
v -0.113395 0.581640 0.118976
v -0.120539 0.607925 0.246438
v -0.249104 0.630386 0.244004
v -0.113395 0.581640 0.118976
v 0.015019 0.561774 0.124889
v 0.007734 0.590513 0.251739
v -0.120539 0.607925 0.246438
v 0.015019 0.561774 0.124889
v 0.142855 0.564720 0.131458
v 0.135711 0.594118 0.257629
v 0.007734 0.590513 0.251739
v 0.142855 0.564720 0.131458
v 0.270125 0.590417 0.135815
v 0.263396 0.616396 0.261535
v 0.135711 0.594118 0.257629
v 0.270125 0.590417 0.135815
v 0.396863 0.620107 0.136296
v 0.390806 0.639923 0.261966
v 0.263396 0.616396 0.261535
v 0.396863 0.620107 0.136296
v 0.523120 0.638239 0.133283
v 0.517969 0.652701 0.259265
v 0.390806 0.639923 0.261966
v 0.523120 0.638239 0.133283
v 0.648969 0.649347 0.128877
v 0.644922 0.661080 0.255315
v 0.517969 0.652701 0.259265
v 0.648969 0.649347 0.128877
v 0.774497 0.670440 0.125618
v 0.771710 0.680384 0.252393
v 0.644922 0.661080 0.255315
v 0.774497 0.670440 0.125618
v 0.899805 0.709973 0.125001
v 0.898384 0.716231 0.251840
v 0.771710 0.680384 0.252393
v 0.899805 0.709973 0.125001
v 1.036605 0.760000 0.126667
v 1.030954 0.760000 0.253333
v 0.898384 0.716231 0.251840
v -1.019046 0.760000 0.253333
v -0.895366 0.719438 0.255172
v -0.896886 0.725462 0.381501
v -1.033523 0.760000 0.380000
v -0.895366 0.719438 0.255172
v -0.765790 0.679901 0.255401
v -0.768772 0.693345 0.381688
v -0.896886 0.725462 0.381501
v -0.765790 0.679901 0.255401
v -0.636328 0.653056 0.253089
v -0.640656 0.672891 0.379800
v -0.768772 0.693345 0.381688
v -0.636328 0.653056 0.253089
v -0.507031 0.644043 0.248996
v -0.512540 0.666466 0.376458
v -0.640656 0.672891 0.379800
v -0.507031 0.644043 0.248996
v -0.377944 0.641845 0.245217
v -0.384422 0.663608 0.373373
v -0.512540 0.666466 0.376458
v -0.377944 0.641845 0.245217
v -0.249104 0.630386 0.244004
v -0.256302 0.651852 0.372383
v -0.384422 0.663608 0.373373
v -0.249104 0.630386 0.244004
v -0.120539 0.607925 0.246438
v -0.128180 0.631905 0.374370
v -0.256302 0.651852 0.372383
v -0.120539 0.607925 0.246438
v 0.007734 0.590513 0.251739
v -0.000056 0.618052 0.378699
v -0.128180 0.631905 0.374370
v 0.007734 0.590513 0.251739
v 0.135711 0.594118 0.257629
v 0.128070 0.622278 0.383508
v -0.000056 0.618052 0.378699
v 0.135711 0.594118 0.257629
v 0.263396 0.616396 0.261535
v 0.256198 0.640767 0.386697
v 0.128070 0.622278 0.383508
v 0.263396 0.616396 0.261535
v 0.390806 0.639923 0.261966
v 0.384328 0.658887 0.387049
v 0.256198 0.640767 0.386697
v 0.390806 0.639923 0.261966
v 0.517969 0.652701 0.259265
v 0.512460 0.668360 0.384843
v 0.384328 0.658887 0.387049
v 0.517969 0.652701 0.259265
v 0.644922 0.661080 0.255315
v 0.640594 0.675877 0.381618
v 0.512460 0.668360 0.384843
v 0.644922 0.661080 0.255315
v 0.771710 0.680384 0.252393
v 0.768728 0.693579 0.379232
v 0.640594 0.675877 0.381618
v 0.771710 0.680384 0.252393
v 0.898384 0.716231 0.251840
v 0.896864 0.724303 0.378781
v 0.768728 0.693579 0.379232
v 0.898384 0.716231 0.251840
v 1.030954 0.760000 0.253333
v 1.016477 0.760000 0.380000
v 0.896864 0.724303 0.378781
v -1.033523 0.760000 0.380000
v -0.896886 0.725462 0.381501
v -0.897760 0.733458 0.507728
v -1.035366 0.760000 0.506667
v -0.896886 0.725462 0.381501
v -0.768772 0.693345 0.381688
v -0.770485 0.709632 0.507860
v -0.897760 0.733458 0.507728
v -0.768772 0.693345 0.381688
v -0.640656 0.672891 0.379800
v -0.643144 0.694718 0.506525
v -0.770485 0.709632 0.507860
v -0.640656 0.672891 0.379800
v -0.512540 0.666466 0.376458
v -0.515706 0.689147 0.504162
v -0.643144 0.694718 0.506525
v -0.512540 0.666466 0.376458
v -0.384422 0.663608 0.373373
v -0.388145 0.684787 0.501981
v -0.515706 0.689147 0.504162
v -0.384422 0.663608 0.373373
v -0.256302 0.651852 0.372383
v -0.260439 0.673658 0.501281
v -0.388145 0.684787 0.501981
v -0.256302 0.651852 0.372383
v -0.128180 0.631905 0.374370
v -0.132572 0.657924 0.502686
v -0.260439 0.673658 0.501281
v -0.128180 0.631905 0.374370
v -0.000056 0.618052 0.378699
v -0.004534 0.648418 0.505746
v -0.132572 0.657924 0.502686
v -0.000056 0.618052 0.378699
v 0.128070 0.622278 0.383508
v 0.123678 0.652697 0.509147
v -0.004534 0.648418 0.505746
v 0.128070 0.622278 0.383508
v 0.256198 0.640767 0.386697
v 0.252061 0.666676 0.511402
v 0.123678 0.652697 0.509147
v 0.256198 0.640767 0.386697
v 0.384328 0.658887 0.387049
v 0.380605 0.679773 0.511651
v 0.252061 0.666676 0.511402
v 0.384328 0.658887 0.387049
v 0.512460 0.668360 0.384843
v 0.509294 0.687158 0.510091
v 0.380605 0.679773 0.511651
v 0.512460 0.668360 0.384843
v 0.640594 0.675877 0.381618
v 0.638106 0.694407 0.507811
v 0.509294 0.687158 0.510091
v 0.640594 0.675877 0.381618
v 0.768728 0.693579 0.379232
v 0.767015 0.709620 0.506124
v 0.638106 0.694407 0.507811
v 0.768728 0.693579 0.379232
v 0.896864 0.724303 0.378781
v 0.895990 0.733557 0.505805
v 0.767015 0.709620 0.506124
v 0.896864 0.724303 0.378781
v 1.016477 0.760000 0.380000
v 1.014634 0.760000 0.506667
v 0.895990 0.733557 0.505805
v -1.035366 0.760000 0.506667
v -0.897760 0.733458 0.507728
v -0.897664 0.744983 0.633883
v -1.021843 0.760000 0.633333
v -0.897760 0.733458 0.507728
v -0.770485 0.709632 0.507860
v -0.770298 0.731757 0.633951
v -0.897664 0.744983 0.633883
v -0.770485 0.709632 0.507860
v -0.643144 0.694718 0.506525
v -0.642872 0.723308 0.633260
v -0.770298 0.731757 0.633951
v -0.643144 0.694718 0.506525
v -0.515706 0.689147 0.504162
v -0.515360 0.719275 0.632037
v -0.642872 0.723308 0.633260
v -0.515706 0.689147 0.504162
v -0.388145 0.684787 0.501981
v -0.387738 0.715243 0.630908
v -0.515360 0.719275 0.632037
v -0.388145 0.684787 0.501981
v -0.260439 0.673658 0.501281
v -0.259987 0.707684 0.630545
v -0.387738 0.715243 0.630908
v -0.260439 0.673658 0.501281
v -0.132572 0.657924 0.502686
v -0.132092 0.698618 0.631273
v -0.259987 0.707684 0.630545
v -0.132572 0.657924 0.502686
v -0.004534 0.648418 0.505746
v -0.004045 0.693932 0.632857
v -0.132092 0.698618 0.631273
v -0.004534 0.648418 0.505746
v 0.123678 0.652697 0.509147
v 0.124158 0.696955 0.634617
v -0.004045 0.693932 0.632857
v 0.123678 0.652697 0.509147
v 0.252061 0.666676 0.511402
v 0.252513 0.704837 0.635785
v 0.124158 0.696955 0.634617
v 0.252061 0.666676 0.511402
v 0.380605 0.679773 0.511651
v 0.381012 0.712021 0.635913
v 0.252513 0.704837 0.635785
v 0.380605 0.679773 0.511651
v 0.509294 0.687158 0.510091
v 0.509640 0.716546 0.635106
v 0.381012 0.712021 0.635913
v 0.509294 0.687158 0.510091
v 0.638106 0.694407 0.507811
v 0.638378 0.721669 0.633926
v 0.509640 0.716546 0.635106
v 0.638106 0.694407 0.507811
v 0.767015 0.709620 0.506124
v 0.767202 0.731281 0.633052
v 0.638378 0.721669 0.633926
v 0.767015 0.709620 0.506124
v 0.895990 0.733557 0.505805
v 0.896086 0.745180 0.632887
v 0.767202 0.731281 0.633052
v 0.895990 0.733557 0.505805
v 1.014634 0.760000 0.506667
v 1.028157 0.760000 0.633333
v 0.896086 0.745180 0.632887
v -1.021843 0.760000 0.633333
v -0.897664 0.744983 0.633883
v -0.896875 0.760000 0.760027
v -1.025000 0.760000 0.760000
v -0.897664 0.744983 0.633883
v -0.770298 0.731757 0.633951
v -0.768750 0.760000 0.768504
v -0.896875 0.760000 0.760027
v -0.770298 0.731757 0.633951
v -0.642872 0.723308 0.633260
v -0.640625 0.760000 0.772000
v -0.768750 0.760000 0.768504
v -0.642872 0.723308 0.633260
v -0.515360 0.719275 0.632037
v -0.512500 0.760000 0.768466
v -0.640625 0.760000 0.772000
v -0.515360 0.719275 0.632037
v -0.387738 0.715243 0.630908
v -0.384375 0.760000 0.759973
v -0.512500 0.760000 0.768466
v -0.387738 0.715243 0.630908
v -0.259987 0.707684 0.630545
v -0.256250 0.760000 0.751496
v -0.384375 0.760000 0.759973
v -0.259987 0.707684 0.630545
v -0.132092 0.698618 0.631273
v -0.128125 0.760000 0.748000
v -0.256250 0.760000 0.751496
v -0.132092 0.698618 0.631273
v -0.004045 0.693932 0.632857
v -0.000000 0.760000 0.751534
v -0.128125 0.760000 0.748000
v -0.004045 0.693932 0.632857
v 0.124158 0.696955 0.634617
v 0.128125 0.760000 0.760027
v -0.000000 0.760000 0.751534
v 0.124158 0.696955 0.634617
v 0.252513 0.704837 0.635785
v 0.256250 0.760000 0.768504
v 0.128125 0.760000 0.760027
v 0.252513 0.704837 0.635785
v 0.381012 0.712021 0.635913
v 0.384375 0.760000 0.772000
v 0.256250 0.760000 0.768504
v 0.381012 0.712021 0.635913
v 0.509640 0.716546 0.635106
v 0.512500 0.760000 0.768466
v 0.384375 0.760000 0.772000
v 0.509640 0.716546 0.635106
v 0.638378 0.721669 0.633926
v 0.640625 0.760000 0.759973
v 0.512500 0.760000 0.768466
v 0.638378 0.721669 0.633926
v 0.767202 0.731281 0.633052
v 0.768750 0.760000 0.751496
v 0.640625 0.760000 0.759973
v 0.767202 0.731281 0.633052
v 0.896086 0.745180 0.632887
v 0.896875 0.760000 0.748000
v 0.768750 0.760000 0.751496
v 0.896086 0.745180 0.632887
v 1.028157 0.760000 0.633333
v 1.025000 0.760000 0.760000
v 0.896875 0.760000 0.748000
v -1.025000 0.760000 -0.774000
v -1.025000 0.772124 -0.767000
v 1.025000 0.772124 -0.767000
v 1.025000 0.760000 -0.774000
v -1.025000 0.772124 -0.767000
v -1.025000 0.772124 -0.753000
v 1.025000 0.772124 -0.753000
v 1.025000 0.772124 -0.767000
v -1.025000 0.772124 -0.753000
v -1.025000 0.760000 -0.746000
v 1.025000 0.760000 -0.746000
v 1.025000 0.772124 -0.753000
v -1.025000 0.760000 -0.746000
v -1.025000 0.747876 -0.753000
v 1.025000 0.747876 -0.753000
v 1.025000 0.760000 -0.746000
v -1.025000 0.747876 -0.753000
v -1.025000 0.747876 -0.767000
v 1.025000 0.747876 -0.767000
v 1.025000 0.747876 -0.753000
v -1.025000 0.747876 -0.767000
v -1.025000 0.760000 -0.774000
v 1.025000 0.760000 -0.774000
v 1.025000 0.747876 -0.767000
v -1.025000 0.760000 -0.760000
v -1.025000 0.760000 -0.774000
v -1.025000 0.772124 -0.767000
v -1.025000 0.772124 -0.767000
v -1.025000 0.772124 -0.753000
v -1.025000 0.772124 -0.753000
v -1.025000 0.760000 -0.746000
v -1.025000 0.760000 -0.746000
v -1.025000 0.747876 -0.753000
v -1.025000 0.747876 -0.753000
v -1.025000 0.747876 -0.767000
v -1.025000 0.747876 -0.767000
v -1.025000 0.760000 -0.774000
v 1.025000 0.760000 -0.760000
v 1.025000 0.760000 -0.774000
v 1.025000 0.772124 -0.767000
v 1.025000 0.772124 -0.767000
v 1.025000 0.772124 -0.753000
v 1.025000 0.772124 -0.753000
v 1.025000 0.760000 -0.746000
v 1.025000 0.760000 -0.746000
v 1.025000 0.747876 -0.753000
v 1.025000 0.747876 -0.753000
v 1.025000 0.747876 -0.767000
v 1.025000 0.747876 -0.767000
v 1.025000 0.760000 -0.774000
v 1.039000 0.760000 -0.760000
v 1.032000 0.772124 -0.760000
v 1.032000 0.772124 0.760000
v 1.039000 0.760000 0.760000
v 1.032000 0.772124 -0.760000
v 1.018000 0.772124 -0.760000
v 1.018000 0.772124 0.760000
v 1.032000 0.772124 0.760000
v 1.018000 0.772124 -0.760000
v 1.011000 0.760000 -0.760000
v 1.011000 0.760000 0.760000
v 1.018000 0.772124 0.760000
v 1.011000 0.760000 -0.760000
v 1.018000 0.747876 -0.760000
v 1.018000 0.747876 0.760000
v 1.011000 0.760000 0.760000
v 1.018000 0.747876 -0.760000
v 1.032000 0.747876 -0.760000
v 1.032000 0.747876 0.760000
v 1.018000 0.747876 0.760000
v 1.032000 0.747876 -0.760000
v 1.039000 0.760000 -0.760000
v 1.039000 0.760000 0.760000
v 1.032000 0.747876 0.760000
v 1.025000 0.760000 -0.760000
v 1.039000 0.760000 -0.760000
v 1.032000 0.772124 -0.760000
v 1.032000 0.772124 -0.760000
v 1.018000 0.772124 -0.760000
v 1.018000 0.772124 -0.760000
v 1.011000 0.760000 -0.760000
v 1.011000 0.760000 -0.760000
v 1.018000 0.747876 -0.760000
v 1.018000 0.747876 -0.760000
v 1.032000 0.747876 -0.760000
v 1.032000 0.747876 -0.760000
v 1.039000 0.760000 -0.760000
v 1.025000 0.760000 0.760000
v 1.039000 0.760000 0.760000
v 1.032000 0.772124 0.760000
v 1.032000 0.772124 0.760000
v 1.018000 0.772124 0.760000
v 1.018000 0.772124 0.760000
v 1.011000 0.760000 0.760000
v 1.011000 0.760000 0.760000
v 1.018000 0.747876 0.760000
v 1.018000 0.747876 0.760000
v 1.032000 0.747876 0.760000
v 1.032000 0.747876 0.760000
v 1.039000 0.760000 0.760000
v 1.025000 0.760000 0.774000
v 1.025000 0.772124 0.767000
v -1.025000 0.772124 0.767000
v -1.025000 0.760000 0.774000
v 1.025000 0.772124 0.767000
v 1.025000 0.772124 0.753000
v -1.025000 0.772124 0.753000
v -1.025000 0.772124 0.767000
v 1.025000 0.772124 0.753000
v 1.025000 0.760000 0.746000
v -1.025000 0.760000 0.746000
v -1.025000 0.772124 0.753000
v 1.025000 0.760000 0.746000
v 1.025000 0.747876 0.753000
v -1.025000 0.747876 0.753000
v -1.025000 0.760000 0.746000
v 1.025000 0.747876 0.753000
v 1.025000 0.747876 0.767000
v -1.025000 0.747876 0.767000
v -1.025000 0.747876 0.753000
v 1.025000 0.747876 0.767000
v 1.025000 0.760000 0.774000
v -1.025000 0.760000 0.774000
v -1.025000 0.747876 0.767000
v 1.025000 0.760000 0.760000
v 1.025000 0.760000 0.774000
v 1.025000 0.772124 0.767000
v 1.025000 0.772124 0.767000
v 1.025000 0.772124 0.753000
v 1.025000 0.772124 0.753000
v 1.025000 0.760000 0.746000
v 1.025000 0.760000 0.746000
v 1.025000 0.747876 0.753000
v 1.025000 0.747876 0.753000
v 1.025000 0.747876 0.767000
v 1.025000 0.747876 0.767000
v 1.025000 0.760000 0.774000
v -1.025000 0.760000 0.760000
v -1.025000 0.760000 0.774000
v -1.025000 0.772124 0.767000
v -1.025000 0.772124 0.767000
v -1.025000 0.772124 0.753000
v -1.025000 0.772124 0.753000
v -1.025000 0.760000 0.746000
v -1.025000 0.760000 0.746000
v -1.025000 0.747876 0.753000
v -1.025000 0.747876 0.753000
v -1.025000 0.747876 0.767000
v -1.025000 0.747876 0.767000
v -1.025000 0.760000 0.774000
v -1.039000 0.760000 0.760000
v -1.032000 0.772124 0.760000
v -1.032000 0.772124 -0.760000
v -1.039000 0.760000 -0.760000
v -1.032000 0.772124 0.760000
v -1.018000 0.772124 0.760000
v -1.018000 0.772124 -0.760000
v -1.032000 0.772124 -0.760000
v -1.018000 0.772124 0.760000
v -1.011000 0.760000 0.760000
v -1.011000 0.760000 -0.760000
v -1.018000 0.772124 -0.760000
v -1.011000 0.760000 0.760000
v -1.018000 0.747876 0.760000
v -1.018000 0.747876 -0.760000
v -1.011000 0.760000 -0.760000
v -1.018000 0.747876 0.760000
v -1.032000 0.747876 0.760000
v -1.032000 0.747876 -0.760000
v -1.018000 0.747876 -0.760000
v -1.032000 0.747876 0.760000
v -1.039000 0.760000 0.760000
v -1.039000 0.760000 -0.760000
v -1.032000 0.747876 -0.760000
v -1.025000 0.760000 0.760000
v -1.039000 0.760000 0.760000
v -1.032000 0.772124 0.760000
v -1.032000 0.772124 0.760000
v -1.018000 0.772124 0.760000
v -1.018000 0.772124 0.760000
v -1.011000 0.760000 0.760000
v -1.011000 0.760000 0.760000
v -1.018000 0.747876 0.760000
v -1.018000 0.747876 0.760000
v -1.032000 0.747876 0.760000
v -1.032000 0.747876 0.760000
v -1.039000 0.760000 0.760000
v -1.025000 0.760000 -0.760000
v -1.039000 0.760000 -0.760000
v -1.032000 0.772124 -0.760000
v -1.032000 0.772124 -0.760000
v -1.018000 0.772124 -0.760000
v -1.018000 0.772124 -0.760000
v -1.011000 0.760000 -0.760000
v -1.011000 0.760000 -0.760000
v -1.018000 0.747876 -0.760000
v -1.018000 0.747876 -0.760000
v -1.032000 0.747876 -0.760000
v -1.032000 0.747876 -0.760000
v -1.039000 0.760000 -0.760000
v -0.983000 0.766000 -0.760000
v -0.988627 0.766000 -0.739000
v -0.995555 0.774000 -0.743000
v -0.991000 0.774000 -0.760000
v -0.991000 0.774000 -0.760000
v -0.995555 0.774000 -0.743000
v -1.002483 0.766000 -0.747000
v -0.999000 0.766000 -0.760000
v -0.999000 0.766000 -0.760000
v -1.002483 0.766000 -0.747000
v -0.995555 0.758000 -0.743000
v -0.991000 0.758000 -0.760000
v -0.991000 0.758000 -0.760000
v -0.995555 0.758000 -0.743000
v -0.988627 0.766000 -0.739000
v -0.983000 0.766000 -0.760000
v -0.988627 0.766000 -0.739000
v -1.004000 0.766000 -0.723627
v -1.008000 0.774000 -0.730555
v -0.995555 0.774000 -0.743000
v -0.995555 0.774000 -0.743000
v -1.008000 0.774000 -0.730555
v -1.012000 0.766000 -0.737483
v -1.002483 0.766000 -0.747000
v -1.002483 0.766000 -0.747000
v -1.012000 0.766000 -0.737483
v -1.008000 0.758000 -0.730555
v -0.995555 0.758000 -0.743000
v -0.995555 0.758000 -0.743000
v -1.008000 0.758000 -0.730555
v -1.004000 0.766000 -0.723627
v -0.988627 0.766000 -0.739000
v -1.004000 0.766000 -0.723627
v -1.025000 0.766000 -0.718000
v -1.025000 0.774000 -0.726000
v -1.008000 0.774000 -0.730555
v -1.008000 0.774000 -0.730555
v -1.025000 0.774000 -0.726000
v -1.025000 0.766000 -0.734000
v -1.012000 0.766000 -0.737483
v -1.012000 0.766000 -0.737483
v -1.025000 0.766000 -0.734000
v -1.025000 0.758000 -0.726000
v -1.008000 0.758000 -0.730555
v -1.008000 0.758000 -0.730555
v -1.025000 0.758000 -0.726000
v -1.025000 0.766000 -0.718000
v -1.004000 0.766000 -0.723627
v -1.025000 0.766000 -0.718000
v -1.046000 0.766000 -0.723627
v -1.042000 0.774000 -0.730555
v -1.025000 0.774000 -0.726000
v -1.025000 0.774000 -0.726000
v -1.042000 0.774000 -0.730555
v -1.038000 0.766000 -0.737483
v -1.025000 0.766000 -0.734000
v -1.025000 0.766000 -0.734000
v -1.038000 0.766000 -0.737483
v -1.042000 0.758000 -0.730555
v -1.025000 0.758000 -0.726000
v -1.025000 0.758000 -0.726000
v -1.042000 0.758000 -0.730555
v -1.046000 0.766000 -0.723627
v -1.025000 0.766000 -0.718000
v -1.046000 0.766000 -0.723627
v -1.061373 0.766000 -0.739000
v -1.054445 0.774000 -0.743000
v -1.042000 0.774000 -0.730555
v -1.042000 0.774000 -0.730555
v -1.054445 0.774000 -0.743000
v -1.047517 0.766000 -0.747000
v -1.038000 0.766000 -0.737483
v -1.038000 0.766000 -0.737483
v -1.047517 0.766000 -0.747000
v -1.054445 0.758000 -0.743000
v -1.042000 0.758000 -0.730555
v -1.042000 0.758000 -0.730555
v -1.054445 0.758000 -0.743000
v -1.061373 0.766000 -0.739000
v -1.046000 0.766000 -0.723627
v -1.061373 0.766000 -0.739000
v -1.067000 0.766000 -0.760000
v -1.059000 0.774000 -0.760000
v -1.054445 0.774000 -0.743000
v -1.054445 0.774000 -0.743000
v -1.059000 0.774000 -0.760000
v -1.051000 0.766000 -0.760000
v -1.047517 0.766000 -0.747000
v -1.047517 0.766000 -0.747000
v -1.051000 0.766000 -0.760000
v -1.059000 0.758000 -0.760000
v -1.054445 0.758000 -0.743000
v -1.054445 0.758000 -0.743000
v -1.059000 0.758000 -0.760000
v -1.067000 0.766000 -0.760000
v -1.061373 0.766000 -0.739000
v -1.067000 0.766000 -0.760000
v -1.061373 0.766000 -0.781000
v -1.054445 0.774000 -0.777000
v -1.059000 0.774000 -0.760000
v -1.059000 0.774000 -0.760000
v -1.054445 0.774000 -0.777000
v -1.047517 0.766000 -0.773000
v -1.051000 0.766000 -0.760000
v -1.051000 0.766000 -0.760000
v -1.047517 0.766000 -0.773000
v -1.054445 0.758000 -0.777000
v -1.059000 0.758000 -0.760000
v -1.059000 0.758000 -0.760000
v -1.054445 0.758000 -0.777000
v -1.061373 0.766000 -0.781000
v -1.067000 0.766000 -0.760000
v -1.061373 0.766000 -0.781000
v -1.046000 0.766000 -0.796373
v -1.042000 0.774000 -0.789445
v -1.054445 0.774000 -0.777000
v -1.054445 0.774000 -0.777000
v -1.042000 0.774000 -0.789445
v -1.038000 0.766000 -0.782517
v -1.047517 0.766000 -0.773000
v -1.047517 0.766000 -0.773000
v -1.038000 0.766000 -0.782517
v -1.042000 0.758000 -0.789445
v -1.054445 0.758000 -0.777000
v -1.054445 0.758000 -0.777000
v -1.042000 0.758000 -0.789445
v -1.046000 0.766000 -0.796373
v -1.061373 0.766000 -0.781000
v -1.046000 0.766000 -0.796373
v -1.025000 0.766000 -0.802000
v -1.025000 0.774000 -0.794000
v -1.042000 0.774000 -0.789445
v -1.042000 0.774000 -0.789445
v -1.025000 0.774000 -0.794000
v -1.025000 0.766000 -0.786000
v -1.038000 0.766000 -0.782517
v -1.038000 0.766000 -0.782517
v -1.025000 0.766000 -0.786000
v -1.025000 0.758000 -0.794000
v -1.042000 0.758000 -0.789445
v -1.042000 0.758000 -0.789445
v -1.025000 0.758000 -0.794000
v -1.025000 0.766000 -0.802000
v -1.046000 0.766000 -0.796373
v -1.025000 0.766000 -0.802000
v -1.004000 0.766000 -0.796373
v -1.008000 0.774000 -0.789445
v -1.025000 0.774000 -0.794000
v -1.025000 0.774000 -0.794000
v -1.008000 0.774000 -0.789445
v -1.012000 0.766000 -0.782517
v -1.025000 0.766000 -0.786000
v -1.025000 0.766000 -0.786000
v -1.012000 0.766000 -0.782517
v -1.008000 0.758000 -0.789445
v -1.025000 0.758000 -0.794000
v -1.025000 0.758000 -0.794000
v -1.008000 0.758000 -0.789445
v -1.004000 0.766000 -0.796373
v -1.025000 0.766000 -0.802000
v -1.004000 0.766000 -0.796373
v -0.988627 0.766000 -0.781000
v -0.995555 0.774000 -0.777000
v -1.008000 0.774000 -0.789445
v -1.008000 0.774000 -0.789445
v -0.995555 0.774000 -0.777000
v -1.002483 0.766000 -0.773000
v -1.012000 0.766000 -0.782517
v -1.012000 0.766000 -0.782517
v -1.002483 0.766000 -0.773000
v -0.995555 0.758000 -0.777000
v -1.008000 0.758000 -0.789445
v -1.008000 0.758000 -0.789445
v -0.995555 0.758000 -0.777000
v -0.988627 0.766000 -0.781000
v -1.004000 0.766000 -0.796373
v -0.988627 0.766000 -0.781000
v -0.983000 0.766000 -0.760000
v -0.991000 0.774000 -0.760000
v -0.995555 0.774000 -0.777000
v -0.995555 0.774000 -0.777000
v -0.991000 0.774000 -0.760000
v -0.999000 0.766000 -0.760000
v -1.002483 0.766000 -0.773000
v -1.002483 0.766000 -0.773000
v -0.999000 0.766000 -0.760000
v -0.991000 0.758000 -0.760000
v -0.995555 0.758000 -0.777000
v -0.995555 0.758000 -0.777000
v -0.991000 0.758000 -0.760000
v -0.983000 0.766000 -0.760000
v -0.988627 0.766000 -0.781000
v 1.067000 0.766000 -0.760000
v 1.061373 0.766000 -0.739000
v 1.054445 0.774000 -0.743000
v 1.059000 0.774000 -0.760000
v 1.059000 0.774000 -0.760000
v 1.054445 0.774000 -0.743000
v 1.047517 0.766000 -0.747000
v 1.051000 0.766000 -0.760000
v 1.051000 0.766000 -0.760000
v 1.047517 0.766000 -0.747000
v 1.054445 0.758000 -0.743000
v 1.059000 0.758000 -0.760000
v 1.059000 0.758000 -0.760000
v 1.054445 0.758000 -0.743000
v 1.061373 0.766000 -0.739000
v 1.067000 0.766000 -0.760000
v 1.061373 0.766000 -0.739000
v 1.046000 0.766000 -0.723627
v 1.042000 0.774000 -0.730555
v 1.054445 0.774000 -0.743000
v 1.054445 0.774000 -0.743000
v 1.042000 0.774000 -0.730555
v 1.038000 0.766000 -0.737483
v 1.047517 0.766000 -0.747000
v 1.047517 0.766000 -0.747000
v 1.038000 0.766000 -0.737483
v 1.042000 0.758000 -0.730555
v 1.054445 0.758000 -0.743000
v 1.054445 0.758000 -0.743000
v 1.042000 0.758000 -0.730555
v 1.046000 0.766000 -0.723627
v 1.061373 0.766000 -0.739000
v 1.046000 0.766000 -0.723627
v 1.025000 0.766000 -0.718000
v 1.025000 0.774000 -0.726000
v 1.042000 0.774000 -0.730555
v 1.042000 0.774000 -0.730555
v 1.025000 0.774000 -0.726000
v 1.025000 0.766000 -0.734000
v 1.038000 0.766000 -0.737483
v 1.038000 0.766000 -0.737483
v 1.025000 0.766000 -0.734000
v 1.025000 0.758000 -0.726000
v 1.042000 0.758000 -0.730555
v 1.042000 0.758000 -0.730555
v 1.025000 0.758000 -0.726000
v 1.025000 0.766000 -0.718000
v 1.046000 0.766000 -0.723627
v 1.025000 0.766000 -0.718000
v 1.004000 0.766000 -0.723627
v 1.008000 0.774000 -0.730555
v 1.025000 0.774000 -0.726000
v 1.025000 0.774000 -0.726000
v 1.008000 0.774000 -0.730555
v 1.012000 0.766000 -0.737483
v 1.025000 0.766000 -0.734000
v 1.025000 0.766000 -0.734000
v 1.012000 0.766000 -0.737483
v 1.008000 0.758000 -0.730555
v 1.025000 0.758000 -0.726000
v 1.025000 0.758000 -0.726000
v 1.008000 0.758000 -0.730555
v 1.004000 0.766000 -0.723627
v 1.025000 0.766000 -0.718000
v 1.004000 0.766000 -0.723627
v 0.988627 0.766000 -0.739000
v 0.995555 0.774000 -0.743000
v 1.008000 0.774000 -0.730555
v 1.008000 0.774000 -0.730555
v 0.995555 0.774000 -0.743000
v 1.002483 0.766000 -0.747000
v 1.012000 0.766000 -0.737483
v 1.012000 0.766000 -0.737483
v 1.002483 0.766000 -0.747000
v 0.995555 0.758000 -0.743000
v 1.008000 0.758000 -0.730555
v 1.008000 0.758000 -0.730555
v 0.995555 0.758000 -0.743000
v 0.988627 0.766000 -0.739000
v 1.004000 0.766000 -0.723627
v 0.988627 0.766000 -0.739000
v 0.983000 0.766000 -0.760000
v 0.991000 0.774000 -0.760000
v 0.995555 0.774000 -0.743000
v 0.995555 0.774000 -0.743000
v 0.991000 0.774000 -0.760000
v 0.999000 0.766000 -0.760000
v 1.002483 0.766000 -0.747000
v 1.002483 0.766000 -0.747000
v 0.999000 0.766000 -0.760000
v 0.991000 0.758000 -0.760000
v 0.995555 0.758000 -0.743000
v 0.995555 0.758000 -0.743000
v 0.991000 0.758000 -0.760000
v 0.983000 0.766000 -0.760000
v 0.988627 0.766000 -0.739000
v 0.983000 0.766000 -0.760000
v 0.988627 0.766000 -0.781000
v 0.995555 0.774000 -0.777000
v 0.991000 0.774000 -0.760000
v 0.991000 0.774000 -0.760000
v 0.995555 0.774000 -0.777000
v 1.002483 0.766000 -0.773000
v 0.999000 0.766000 -0.760000
v 0.999000 0.766000 -0.760000
v 1.002483 0.766000 -0.773000
v 0.995555 0.758000 -0.777000
v 0.991000 0.758000 -0.760000
v 0.991000 0.758000 -0.760000
v 0.995555 0.758000 -0.777000
v 0.988627 0.766000 -0.781000
v 0.983000 0.766000 -0.760000
v 0.988627 0.766000 -0.781000
v 1.004000 0.766000 -0.796373
v 1.008000 0.774000 -0.789445
v 0.995555 0.774000 -0.777000
v 0.995555 0.774000 -0.777000
v 1.008000 0.774000 -0.789445
v 1.012000 0.766000 -0.782517
v 1.002483 0.766000 -0.773000
v 1.002483 0.766000 -0.773000
v 1.012000 0.766000 -0.782517
v 1.008000 0.758000 -0.789445
v 0.995555 0.758000 -0.777000
v 0.995555 0.758000 -0.777000
v 1.008000 0.758000 -0.789445
v 1.004000 0.766000 -0.796373
v 0.988627 0.766000 -0.781000
v 1.004000 0.766000 -0.796373
v 1.025000 0.766000 -0.802000
v 1.025000 0.774000 -0.794000
v 1.008000 0.774000 -0.789445
v 1.008000 0.774000 -0.789445
v 1.025000 0.774000 -0.794000
v 1.025000 0.766000 -0.786000
v 1.012000 0.766000 -0.782517
v 1.012000 0.766000 -0.782517
v 1.025000 0.766000 -0.786000
v 1.025000 0.758000 -0.794000
v 1.008000 0.758000 -0.789445
v 1.008000 0.758000 -0.789445
v 1.025000 0.758000 -0.794000
v 1.025000 0.766000 -0.802000
v 1.004000 0.766000 -0.796373
v 1.025000 0.766000 -0.802000
v 1.046000 0.766000 -0.796373
v 1.042000 0.774000 -0.789445
v 1.025000 0.774000 -0.794000
v 1.025000 0.774000 -0.794000
v 1.042000 0.774000 -0.789445
v 1.038000 0.766000 -0.782517
v 1.025000 0.766000 -0.786000
v 1.025000 0.766000 -0.786000
v 1.038000 0.766000 -0.782517
v 1.042000 0.758000 -0.789445
v 1.025000 0.758000 -0.794000
v 1.025000 0.758000 -0.794000
v 1.042000 0.758000 -0.789445
v 1.046000 0.766000 -0.796373
v 1.025000 0.766000 -0.802000
v 1.046000 0.766000 -0.796373
v 1.061373 0.766000 -0.781000
v 1.054445 0.774000 -0.777000
v 1.042000 0.774000 -0.789445
v 1.042000 0.774000 -0.789445
v 1.054445 0.774000 -0.777000
v 1.047517 0.766000 -0.773000
v 1.038000 0.766000 -0.782517
v 1.038000 0.766000 -0.782517
v 1.047517 0.766000 -0.773000
v 1.054445 0.758000 -0.777000
v 1.042000 0.758000 -0.789445
v 1.042000 0.758000 -0.789445
v 1.054445 0.758000 -0.777000
v 1.061373 0.766000 -0.781000
v 1.046000 0.766000 -0.796373
v 1.061373 0.766000 -0.781000
v 1.067000 0.766000 -0.760000
v 1.059000 0.774000 -0.760000
v 1.054445 0.774000 -0.777000
v 1.054445 0.774000 -0.777000
v 1.059000 0.774000 -0.760000
v 1.051000 0.766000 -0.760000
v 1.047517 0.766000 -0.773000
v 1.047517 0.766000 -0.773000
v 1.051000 0.766000 -0.760000
v 1.059000 0.758000 -0.760000
v 1.054445 0.758000 -0.777000
v 1.054445 0.758000 -0.777000
v 1.059000 0.758000 -0.760000
v 1.067000 0.766000 -0.760000
v 1.061373 0.766000 -0.781000
v 1.067000 0.766000 0.760000
v 1.061373 0.766000 0.781000
v 1.054445 0.774000 0.777000
v 1.059000 0.774000 0.760000
v 1.059000 0.774000 0.760000
v 1.054445 0.774000 0.777000
v 1.047517 0.766000 0.773000
v 1.051000 0.766000 0.760000
v 1.051000 0.766000 0.760000
v 1.047517 0.766000 0.773000
v 1.054445 0.758000 0.777000
v 1.059000 0.758000 0.760000
v 1.059000 0.758000 0.760000
v 1.054445 0.758000 0.777000
v 1.061373 0.766000 0.781000
v 1.067000 0.766000 0.760000
v 1.061373 0.766000 0.781000
v 1.046000 0.766000 0.796373
v 1.042000 0.774000 0.789445
v 1.054445 0.774000 0.777000
v 1.054445 0.774000 0.777000
v 1.042000 0.774000 0.789445
v 1.038000 0.766000 0.782517
v 1.047517 0.766000 0.773000
v 1.047517 0.766000 0.773000
v 1.038000 0.766000 0.782517
v 1.042000 0.758000 0.789445
v 1.054445 0.758000 0.777000
v 1.054445 0.758000 0.777000
v 1.042000 0.758000 0.789445
v 1.046000 0.766000 0.796373
v 1.061373 0.766000 0.781000
v 1.046000 0.766000 0.796373
v 1.025000 0.766000 0.802000
v 1.025000 0.774000 0.794000
v 1.042000 0.774000 0.789445
v 1.042000 0.774000 0.789445
v 1.025000 0.774000 0.794000
v 1.025000 0.766000 0.786000
v 1.038000 0.766000 0.782517
v 1.038000 0.766000 0.782517
v 1.025000 0.766000 0.786000
v 1.025000 0.758000 0.794000
v 1.042000 0.758000 0.789445
v 1.042000 0.758000 0.789445
v 1.025000 0.758000 0.794000
v 1.025000 0.766000 0.802000
v 1.046000 0.766000 0.796373
v 1.025000 0.766000 0.802000
v 1.004000 0.766000 0.796373
v 1.008000 0.774000 0.789445
v 1.025000 0.774000 0.794000
v 1.025000 0.774000 0.794000
v 1.008000 0.774000 0.789445
v 1.012000 0.766000 0.782517
v 1.025000 0.766000 0.786000
v 1.025000 0.766000 0.786000
v 1.012000 0.766000 0.782517
v 1.008000 0.758000 0.789445
v 1.025000 0.758000 0.794000
v 1.025000 0.758000 0.794000
v 1.008000 0.758000 0.789445
v 1.004000 0.766000 0.796373
v 1.025000 0.766000 0.802000
v 1.004000 0.766000 0.796373
v 0.988627 0.766000 0.781000
v 0.995555 0.774000 0.777000
v 1.008000 0.774000 0.789445
v 1.008000 0.774000 0.789445
v 0.995555 0.774000 0.777000
v 1.002483 0.766000 0.773000
v 1.012000 0.766000 0.782517
v 1.012000 0.766000 0.782517
v 1.002483 0.766000 0.773000
v 0.995555 0.758000 0.777000
v 1.008000 0.758000 0.789445
v 1.008000 0.758000 0.789445
v 0.995555 0.758000 0.777000
v 0.988627 0.766000 0.781000
v 1.004000 0.766000 0.796373
v 0.988627 0.766000 0.781000
v 0.983000 0.766000 0.760000
v 0.991000 0.774000 0.760000
v 0.995555 0.774000 0.777000
v 0.995555 0.774000 0.777000
v 0.991000 0.774000 0.760000
v 0.999000 0.766000 0.760000
v 1.002483 0.766000 0.773000
v 1.002483 0.766000 0.773000
v 0.999000 0.766000 0.760000
v 0.991000 0.758000 0.760000
v 0.995555 0.758000 0.777000
v 0.995555 0.758000 0.777000
v 0.991000 0.758000 0.760000
v 0.983000 0.766000 0.760000
v 0.988627 0.766000 0.781000
v 0.983000 0.766000 0.760000
v 0.988627 0.766000 0.739000
v 0.995555 0.774000 0.743000
v 0.991000 0.774000 0.760000
v 0.991000 0.774000 0.760000
v 0.995555 0.774000 0.743000
v 1.002483 0.766000 0.747000
v 0.999000 0.766000 0.760000
v 0.999000 0.766000 0.760000
v 1.002483 0.766000 0.747000
v 0.995555 0.758000 0.743000
v 0.991000 0.758000 0.760000
v 0.991000 0.758000 0.760000
v 0.995555 0.758000 0.743000
v 0.988627 0.766000 0.739000
v 0.983000 0.766000 0.760000
v 0.988627 0.766000 0.739000
v 1.004000 0.766000 0.723627
v 1.008000 0.774000 0.730555
v 0.995555 0.774000 0.743000
v 0.995555 0.774000 0.743000
v 1.008000 0.774000 0.730555
v 1.012000 0.766000 0.737483
v 1.002483 0.766000 0.747000
v 1.002483 0.766000 0.747000
v 1.012000 0.766000 0.737483
v 1.008000 0.758000 0.730555
v 0.995555 0.758000 0.743000
v 0.995555 0.758000 0.743000
v 1.008000 0.758000 0.730555
v 1.004000 0.766000 0.723627
v 0.988627 0.766000 0.739000
v 1.004000 0.766000 0.723627
v 1.025000 0.766000 0.718000
v 1.025000 0.774000 0.726000
v 1.008000 0.774000 0.730555
v 1.008000 0.774000 0.730555
v 1.025000 0.774000 0.726000
v 1.025000 0.766000 0.734000
v 1.012000 0.766000 0.737483
v 1.012000 0.766000 0.737483
v 1.025000 0.766000 0.734000
v 1.025000 0.758000 0.726000
v 1.008000 0.758000 0.730555
v 1.008000 0.758000 0.730555
v 1.025000 0.758000 0.726000
v 1.025000 0.766000 0.718000
v 1.004000 0.766000 0.723627
v 1.025000 0.766000 0.718000
v 1.046000 0.766000 0.723627
v 1.042000 0.774000 0.730555
v 1.025000 0.774000 0.726000
v 1.025000 0.774000 0.726000
v 1.042000 0.774000 0.730555
v 1.038000 0.766000 0.737483
v 1.025000 0.766000 0.734000
v 1.025000 0.766000 0.734000
v 1.038000 0.766000 0.737483
v 1.042000 0.758000 0.730555
v 1.025000 0.758000 0.726000
v 1.025000 0.758000 0.726000
v 1.042000 0.758000 0.730555
v 1.046000 0.766000 0.723627
v 1.025000 0.766000 0.718000
v 1.046000 0.766000 0.723627
v 1.061373 0.766000 0.739000
v 1.054445 0.774000 0.743000
v 1.042000 0.774000 0.730555
v 1.042000 0.774000 0.730555
v 1.054445 0.774000 0.743000
v 1.047517 0.766000 0.747000
v 1.038000 0.766000 0.737483
v 1.038000 0.766000 0.737483
v 1.047517 0.766000 0.747000
v 1.054445 0.758000 0.743000
v 1.042000 0.758000 0.730555
v 1.042000 0.758000 0.730555
v 1.054445 0.758000 0.743000
v 1.061373 0.766000 0.739000
v 1.046000 0.766000 0.723627
v 1.061373 0.766000 0.739000
v 1.067000 0.766000 0.760000
v 1.059000 0.774000 0.760000
v 1.054445 0.774000 0.743000
v 1.054445 0.774000 0.743000
v 1.059000 0.774000 0.760000
v 1.051000 0.766000 0.760000
v 1.047517 0.766000 0.747000
v 1.047517 0.766000 0.747000
v 1.051000 0.766000 0.760000
v 1.059000 0.758000 0.760000
v 1.054445 0.758000 0.743000
v 1.054445 0.758000 0.743000
v 1.059000 0.758000 0.760000
v 1.067000 0.766000 0.760000
v 1.061373 0.766000 0.739000
v -0.983000 0.766000 0.760000
v -0.988627 0.766000 0.781000
v -0.995555 0.774000 0.777000
v -0.991000 0.774000 0.760000
v -0.991000 0.774000 0.760000
v -0.995555 0.774000 0.777000
v -1.002483 0.766000 0.773000
v -0.999000 0.766000 0.760000
v -0.999000 0.766000 0.760000
v -1.002483 0.766000 0.773000
v -0.995555 0.758000 0.777000
v -0.991000 0.758000 0.760000
v -0.991000 0.758000 0.760000
v -0.995555 0.758000 0.777000
v -0.988627 0.766000 0.781000
v -0.983000 0.766000 0.760000
v -0.988627 0.766000 0.781000
v -1.004000 0.766000 0.796373
v -1.008000 0.774000 0.789445
v -0.995555 0.774000 0.777000
v -0.995555 0.774000 0.777000
v -1.008000 0.774000 0.789445
v -1.012000 0.766000 0.782517
v -1.002483 0.766000 0.773000
v -1.002483 0.766000 0.773000
v -1.012000 0.766000 0.782517
v -1.008000 0.758000 0.789445
v -0.995555 0.758000 0.777000
v -0.995555 0.758000 0.777000
v -1.008000 0.758000 0.789445
v -1.004000 0.766000 0.796373
v -0.988627 0.766000 0.781000
v -1.004000 0.766000 0.796373
v -1.025000 0.766000 0.802000
v -1.025000 0.774000 0.794000
v -1.008000 0.774000 0.789445
v -1.008000 0.774000 0.789445
v -1.025000 0.774000 0.794000
v -1.025000 0.766000 0.786000
v -1.012000 0.766000 0.782517
v -1.012000 0.766000 0.782517
v -1.025000 0.766000 0.786000
v -1.025000 0.758000 0.794000
v -1.008000 0.758000 0.789445
v -1.008000 0.758000 0.789445
v -1.025000 0.758000 0.794000
v -1.025000 0.766000 0.802000
v -1.004000 0.766000 0.796373
v -1.025000 0.766000 0.802000
v -1.046000 0.766000 0.796373
v -1.042000 0.774000 0.789445
v -1.025000 0.774000 0.794000
v -1.025000 0.774000 0.794000
v -1.042000 0.774000 0.789445
v -1.038000 0.766000 0.782517
v -1.025000 0.766000 0.786000
v -1.025000 0.766000 0.786000
v -1.038000 0.766000 0.782517
v -1.042000 0.758000 0.789445
v -1.025000 0.758000 0.794000
v -1.025000 0.758000 0.794000
v -1.042000 0.758000 0.789445
v -1.046000 0.766000 0.796373
v -1.025000 0.766000 0.802000
v -1.046000 0.766000 0.796373
v -1.061373 0.766000 0.781000
v -1.054445 0.774000 0.777000
v -1.042000 0.774000 0.789445
v -1.042000 0.774000 0.789445
v -1.054445 0.774000 0.777000
v -1.047517 0.766000 0.773000
v -1.038000 0.766000 0.782517
v -1.038000 0.766000 0.782517
v -1.047517 0.766000 0.773000
v -1.054445 0.758000 0.777000
v -1.042000 0.758000 0.789445
v -1.042000 0.758000 0.789445
v -1.054445 0.758000 0.777000
v -1.061373 0.766000 0.781000
v -1.046000 0.766000 0.796373
v -1.061373 0.766000 0.781000
v -1.067000 0.766000 0.760000
v -1.059000 0.774000 0.760000
v -1.054445 0.774000 0.777000
v -1.054445 0.774000 0.777000
v -1.059000 0.774000 0.760000
v -1.051000 0.766000 0.760000
v -1.047517 0.766000 0.773000
v -1.047517 0.766000 0.773000
v -1.051000 0.766000 0.760000
v -1.059000 0.758000 0.760000
v -1.054445 0.758000 0.777000
v -1.054445 0.758000 0.777000
v -1.059000 0.758000 0.760000
v -1.067000 0.766000 0.760000
v -1.061373 0.766000 0.781000
v -1.067000 0.766000 0.760000
v -1.061373 0.766000 0.739000
v -1.054445 0.774000 0.743000
v -1.059000 0.774000 0.760000
v -1.059000 0.774000 0.760000
v -1.054445 0.774000 0.743000
v -1.047517 0.766000 0.747000
v -1.051000 0.766000 0.760000
v -1.051000 0.766000 0.760000
v -1.047517 0.766000 0.747000
v -1.054445 0.758000 0.743000
v -1.059000 0.758000 0.760000
v -1.059000 0.758000 0.760000
v -1.054445 0.758000 0.743000
v -1.061373 0.766000 0.739000
v -1.067000 0.766000 0.760000
v -1.061373 0.766000 0.739000
v -1.046000 0.766000 0.723627
v -1.042000 0.774000 0.730555
v -1.054445 0.774000 0.743000
v -1.054445 0.774000 0.743000
v -1.042000 0.774000 0.730555
v -1.038000 0.766000 0.737483
v -1.047517 0.766000 0.747000
v -1.047517 0.766000 0.747000
v -1.038000 0.766000 0.737483
v -1.042000 0.758000 0.730555
v -1.054445 0.758000 0.743000
v -1.054445 0.758000 0.743000
v -1.042000 0.758000 0.730555
v -1.046000 0.766000 0.723627
v -1.061373 0.766000 0.739000
v -1.046000 0.766000 0.723627
v -1.025000 0.766000 0.718000
v -1.025000 0.774000 0.726000
v -1.042000 0.774000 0.730555
v -1.042000 0.774000 0.730555
v -1.025000 0.774000 0.726000
v -1.025000 0.766000 0.734000
v -1.038000 0.766000 0.737483
v -1.038000 0.766000 0.737483
v -1.025000 0.766000 0.734000
v -1.025000 0.758000 0.726000
v -1.042000 0.758000 0.730555
v -1.042000 0.758000 0.730555
v -1.025000 0.758000 0.726000
v -1.025000 0.766000 0.718000
v -1.046000 0.766000 0.723627
v -1.025000 0.766000 0.718000
v -1.004000 0.766000 0.723627
v -1.008000 0.774000 0.730555
v -1.025000 0.774000 0.726000
v -1.025000 0.774000 0.726000
v -1.008000 0.774000 0.730555
v -1.012000 0.766000 0.737483
v -1.025000 0.766000 0.734000
v -1.025000 0.766000 0.734000
v -1.012000 0.766000 0.737483
v -1.008000 0.758000 0.730555
v -1.025000 0.758000 0.726000
v -1.025000 0.758000 0.726000
v -1.008000 0.758000 0.730555
v -1.004000 0.766000 0.723627
v -1.025000 0.766000 0.718000
v -1.004000 0.766000 0.723627
v -0.988627 0.766000 0.739000
v -0.995555 0.774000 0.743000
v -1.008000 0.774000 0.730555
v -1.008000 0.774000 0.730555
v -0.995555 0.774000 0.743000
v -1.002483 0.766000 0.747000
v -1.012000 0.766000 0.737483
v -1.012000 0.766000 0.737483
v -1.002483 0.766000 0.747000
v -0.995555 0.758000 0.743000
v -1.008000 0.758000 0.730555
v -1.008000 0.758000 0.730555
v -0.995555 0.758000 0.743000
v -0.988627 0.766000 0.739000
v -1.004000 0.766000 0.723627
v -0.988627 0.766000 0.739000
v -0.983000 0.766000 0.760000
v -0.991000 0.774000 0.760000
v -0.995555 0.774000 0.743000
v -0.995555 0.774000 0.743000
v -0.991000 0.774000 0.760000
v -0.999000 0.766000 0.760000
v -1.002483 0.766000 0.747000
v -1.002483 0.766000 0.747000
v -0.999000 0.766000 0.760000
v -0.991000 0.758000 0.760000
v -0.995555 0.758000 0.743000
v -0.995555 0.758000 0.743000
v -0.991000 0.758000 0.760000
v -0.983000 0.766000 0.760000
v -0.988627 0.766000 0.739000
v -1.031684 0.760000 -0.751902
v -1.034354 0.764682 -0.760913
v -1.349354 0.084682 -1.020913
v -1.346684 0.080000 -1.011902
v -1.034354 0.764682 -0.760913
v -1.027670 0.764682 -0.769011
v -1.342670 0.084682 -1.029011
v -1.349354 0.084682 -1.020913
v -1.027670 0.764682 -0.769011
v -1.018316 0.760000 -0.768098
v -1.333316 0.080000 -1.028098
v -1.342670 0.084682 -1.029011
v -1.018316 0.760000 -0.768098
v -1.015646 0.755318 -0.759087
v -1.330646 0.075318 -1.019087
v -1.333316 0.080000 -1.028098
v -1.015646 0.755318 -0.759087
v -1.022330 0.755318 -0.750989
v -1.337330 0.075318 -1.010989
v -1.330646 0.075318 -1.019087
v -1.022330 0.755318 -0.750989
v -1.031684 0.760000 -0.751902
v -1.346684 0.080000 -1.011902
v -1.337330 0.075318 -1.010989
v -1.025000 0.760000 -0.760000
v -1.031684 0.760000 -0.751902
v -1.034354 0.764682 -0.760913
v -1.034354 0.764682 -0.760913
v -1.027670 0.764682 -0.769011
v -1.027670 0.764682 -0.769011
v -1.018316 0.760000 -0.768098
v -1.018316 0.760000 -0.768098
v -1.015646 0.755318 -0.759087
v -1.015646 0.755318 -0.759087
v -1.022330 0.755318 -0.750989
v -1.022330 0.755318 -0.750989
v -1.031684 0.760000 -0.751902
v -1.340000 0.080000 -1.020000
v -1.346684 0.080000 -1.011902
v -1.349354 0.084682 -1.020913
v -1.349354 0.084682 -1.020913
v -1.342670 0.084682 -1.029011
v -1.342670 0.084682 -1.029011
v -1.333316 0.080000 -1.028098
v -1.333316 0.080000 -1.028098
v -1.330646 0.075318 -1.019087
v -1.330646 0.075318 -1.019087
v -1.337330 0.075318 -1.010989
v -1.337330 0.075318 -1.010989
v -1.346684 0.080000 -1.011902
v -1.340000 0.016687 -1.000295
v -1.322705 0.017779 -1.010243
v -1.321843 0.124636 -0.993866
v -1.336425 0.123715 -0.985479
v -1.322705 0.017779 -1.010243
v -1.322705 0.021092 -1.029947
v -1.321843 0.127429 -1.010481
v -1.321843 0.124636 -0.993866
v -1.322705 0.021092 -1.029947
v -1.340000 0.023313 -1.039705
v -1.336425 0.129302 -1.018708
v -1.321843 0.127429 -1.010481
v -1.340000 0.023313 -1.039705
v -1.357295 0.022221 -1.029757
v -1.351008 0.128381 -1.010321
v -1.336425 0.129302 -1.018708
v -1.357295 0.022221 -1.029757
v -1.357295 0.018908 -1.010053
v -1.351008 0.125588 -0.993706
v -1.351008 0.128381 -1.010321
v -1.357295 0.018908 -1.010053
v -1.340000 0.016687 -1.000295
v -1.336425 0.123715 -0.985479
v -1.351008 0.125588 -0.993706
v -1.340000 0.020000 -1.020000
v -1.340000 0.016687 -1.000295
v -1.322705 0.017779 -1.010243
v -1.322705 0.017779 -1.010243
v -1.322705 0.021092 -1.029947
v -1.322705 0.021092 -1.029947
v -1.340000 0.023313 -1.039705
v -1.340000 0.023313 -1.039705
v -1.357295 0.022221 -1.029757
v -1.357295 0.022221 -1.029757
v -1.357295 0.018908 -1.010053
v -1.357295 0.018908 -1.010053
v -1.340000 0.016687 -1.000295
v -1.336425 0.126509 -1.002093
v -1.336425 0.123715 -0.985479
v -1.321843 0.124636 -0.993866
v -1.321843 0.124636 -0.993866
v -1.321843 0.127429 -1.010481
v -1.321843 0.127429 -1.010481
v -1.336425 0.129302 -1.018708
v -1.336425 0.129302 -1.018708
v -1.351008 0.128381 -1.010321
v -1.351008 0.128381 -1.010321
v -1.351008 0.125588 -0.993706
v -1.351008 0.125588 -0.993706
v -1.336425 0.123715 -0.985479
v -1.336425 0.127018 -0.983959
v -1.321202 0.122879 -0.992917
v -1.295841 0.226624 -0.996465
v -1.310000 0.230474 -0.988133
v -1.321202 0.122879 -0.992917
v -1.321202 0.122370 -1.011052
v -1.295841 0.226151 -1.013332
v -1.295841 0.226624 -0.996465
v -1.321202 0.122370 -1.011052
v -1.336425 0.125999 -1.020228
v -1.310000 0.229526 -1.021867
v -1.295841 0.226151 -1.013332
v -1.336425 0.125999 -1.020228
v -1.351649 0.130138 -1.011270
v -1.324159 0.233376 -1.013535
v -1.310000 0.229526 -1.021867
v -1.351649 0.130138 -1.011270
v -1.351649 0.130647 -0.993135
v -1.324159 0.233849 -0.996668
v -1.324159 0.233376 -1.013535
v -1.351649 0.130647 -0.993135
v -1.336425 0.127018 -0.983959
v -1.310000 0.230474 -0.988133
v -1.324159 0.233849 -0.996668
v -1.336425 0.126509 -1.002093
v -1.336425 0.127018 -0.983959
v -1.321202 0.122879 -0.992917
v -1.321202 0.122879 -0.992917
v -1.321202 0.122370 -1.011052
v -1.321202 0.122370 -1.011052
v -1.336425 0.125999 -1.020228
v -1.336425 0.125999 -1.020228
v -1.351649 0.130138 -1.011270
v -1.351649 0.130138 -1.011270
v -1.351649 0.130647 -0.993135
v -1.351649 0.130647 -0.993135
v -1.336425 0.127018 -0.983959
v -1.310000 0.230000 -1.005000
v -1.310000 0.230474 -0.988133
v -1.295841 0.226624 -0.996465
v -1.295841 0.226624 -0.996465
v -1.295841 0.226151 -1.013332
v -1.295841 0.226151 -1.013332
v -1.310000 0.229526 -1.021867
v -1.310000 0.229526 -1.021867
v -1.324159 0.233376 -1.013535
v -1.324159 0.233376 -1.013535
v -1.324159 0.233849 -0.996668
v -1.324159 0.233849 -0.996668
v -1.310000 0.230474 -0.988133
v 1.025000 0.763003 -0.770061
v 1.033543 0.764487 -0.764139
v 1.288543 0.094487 -0.964139
v 1.280000 0.093003 -0.970061
v 1.033543 0.764487 -0.764139
v 1.033543 0.761484 -0.754078
v 1.288543 0.091484 -0.954078
v 1.288543 0.094487 -0.964139
v 1.033543 0.761484 -0.754078
v 1.025000 0.756997 -0.749939
v 1.280000 0.086997 -0.949939
v 1.288543 0.091484 -0.954078
v 1.025000 0.756997 -0.749939
v 1.016457 0.755513 -0.755861
v 1.271457 0.085513 -0.955861
v 1.280000 0.086997 -0.949939
v 1.016457 0.755513 -0.755861
v 1.016457 0.758516 -0.765922
v 1.271457 0.088516 -0.965922
v 1.271457 0.085513 -0.955861
v 1.016457 0.758516 -0.765922
v 1.025000 0.763003 -0.770061
v 1.280000 0.093003 -0.970061
v 1.271457 0.088516 -0.965922
v 1.025000 0.760000 -0.760000
v 1.025000 0.763003 -0.770061
v 1.033543 0.764487 -0.764139
v 1.033543 0.764487 -0.764139
v 1.033543 0.761484 -0.754078
v 1.033543 0.761484 -0.754078
v 1.025000 0.756997 -0.749939
v 1.025000 0.756997 -0.749939
v 1.016457 0.755513 -0.755861
v 1.016457 0.755513 -0.755861
v 1.016457 0.758516 -0.765922
v 1.016457 0.758516 -0.765922
v 1.025000 0.763003 -0.770061
v 1.280000 0.090000 -0.960000
v 1.280000 0.093003 -0.970061
v 1.288543 0.094487 -0.964139
v 1.288543 0.094487 -0.964139
v 1.288543 0.091484 -0.954078
v 1.288543 0.091484 -0.954078
v 1.280000 0.086997 -0.949939
v 1.280000 0.086997 -0.949939
v 1.271457 0.085513 -0.955861
v 1.271457 0.085513 -0.955861
v 1.271457 0.088516 -0.965922
v 1.271457 0.088516 -0.965922
v 1.280000 0.093003 -0.970061
v 1.280000 0.018248 -0.942588
v 1.295090 0.020527 -0.951153
v 1.286702 0.123891 -0.939983
v 1.270297 0.121413 -0.930672
v 1.295090 0.020527 -0.951153
v 1.295090 0.022279 -0.968565
v 1.286702 0.125796 -0.958913
v 1.286702 0.123891 -0.939983
v 1.295090 0.022279 -0.968565
v 1.280000 0.021752 -0.977412
v 1.270297 0.125223 -0.968531
v 1.286702 0.125796 -0.958913
v 1.280000 0.021752 -0.977412
v 1.264910 0.019473 -0.968847
v 1.253892 0.122746 -0.959220
v 1.270297 0.125223 -0.968531
v 1.264910 0.019473 -0.968847
v 1.264910 0.017721 -0.951435
v 1.253892 0.120840 -0.940290
v 1.253892 0.122746 -0.959220
v 1.264910 0.017721 -0.951435
v 1.280000 0.018248 -0.942588
v 1.270297 0.121413 -0.930672
v 1.253892 0.120840 -0.940290
v 1.280000 0.020000 -0.960000
v 1.280000 0.018248 -0.942588
v 1.295090 0.020527 -0.951153
v 1.295090 0.020527 -0.951153
v 1.295090 0.022279 -0.968565
v 1.295090 0.022279 -0.968565
v 1.280000 0.021752 -0.977412
v 1.280000 0.021752 -0.977412
v 1.264910 0.019473 -0.968847
v 1.264910 0.019473 -0.968847
v 1.264910 0.017721 -0.951435
v 1.264910 0.017721 -0.951435
v 1.280000 0.018248 -0.942588
v 1.270297 0.123318 -0.949601
v 1.270297 0.121413 -0.930672
v 1.286702 0.123891 -0.939983
v 1.286702 0.123891 -0.939983
v 1.286702 0.125796 -0.958913
v 1.286702 0.125796 -0.958913
v 1.270297 0.125223 -0.968531
v 1.270297 0.125223 -0.968531
v 1.253892 0.122746 -0.959220
v 1.253892 0.122746 -0.959220
v 1.253892 0.120840 -0.940290
v 1.253892 0.120840 -0.940290
v 1.270297 0.121413 -0.930672
v 1.270297 0.122606 -0.933088
v 1.284545 0.124335 -0.941286
v 1.274851 0.231060 -0.936333
v 1.260000 0.229258 -0.927788
v 1.284545 0.124335 -0.941286
v 1.284545 0.125047 -0.957799
v 1.274851 0.231802 -0.953544
v 1.274851 0.231060 -0.936333
v 1.284545 0.125047 -0.957799
v 1.270297 0.124031 -0.966115
v 1.260000 0.230742 -0.962212
v 1.274851 0.231802 -0.953544
v 1.270297 0.124031 -0.966115
v 1.256049 0.122302 -0.957917
v 1.245149 0.228940 -0.953667
v 1.260000 0.230742 -0.962212
v 1.256049 0.122302 -0.957917
v 1.256049 0.121589 -0.941404
v 1.245149 0.228198 -0.936456
v 1.245149 0.228940 -0.953667
v 1.256049 0.121589 -0.941404
v 1.270297 0.122606 -0.933088
v 1.260000 0.229258 -0.927788
v 1.245149 0.228198 -0.936456
v 1.270297 0.123318 -0.949601
v 1.270297 0.122606 -0.933088
v 1.284545 0.124335 -0.941286
v 1.284545 0.124335 -0.941286
v 1.284545 0.125047 -0.957799
v 1.284545 0.125047 -0.957799
v 1.270297 0.124031 -0.966115
v 1.270297 0.124031 -0.966115
v 1.256049 0.122302 -0.957917
v 1.256049 0.122302 -0.957917
v 1.256049 0.121589 -0.941404
v 1.256049 0.121589 -0.941404
v 1.270297 0.122606 -0.933088
v 1.260000 0.230000 -0.945000
v 1.260000 0.229258 -0.927788
v 1.274851 0.231060 -0.936333
v 1.274851 0.231060 -0.936333
v 1.274851 0.231802 -0.953544
v 1.274851 0.231802 -0.953544
v 1.260000 0.230742 -0.962212
v 1.260000 0.230742 -0.962212
v 1.245149 0.228940 -0.953667
v 1.245149 0.228940 -0.953667
v 1.245149 0.228198 -0.936456
v 1.245149 0.228198 -0.936456
v 1.260000 0.229258 -0.927788
v 1.031471 0.760000 0.751731
v 1.034281 0.764874 0.760597
v 1.379281 0.074874 1.030597
v 1.376471 0.070000 1.021731
v 1.034281 0.764874 0.760597
v 1.027810 0.764874 0.768866
v 1.372810 0.074874 1.038866
v 1.379281 0.074874 1.030597
v 1.027810 0.764874 0.768866
v 1.018529 0.760000 0.768269
v 1.363529 0.070000 1.038269
v 1.372810 0.074874 1.038866
v 1.018529 0.760000 0.768269
v 1.015719 0.755126 0.759403
v 1.360719 0.065126 1.029403
v 1.363529 0.070000 1.038269
v 1.015719 0.755126 0.759403
v 1.022190 0.755126 0.751134
v 1.367190 0.065126 1.021134
v 1.360719 0.065126 1.029403
v 1.022190 0.755126 0.751134
v 1.031471 0.760000 0.751731
v 1.376471 0.070000 1.021731
v 1.367190 0.065126 1.021134
v 1.025000 0.760000 0.760000
v 1.031471 0.760000 0.751731
v 1.034281 0.764874 0.760597
v 1.034281 0.764874 0.760597
v 1.027810 0.764874 0.768866
v 1.027810 0.764874 0.768866
v 1.018529 0.760000 0.768269
v 1.018529 0.760000 0.768269
v 1.015719 0.755126 0.759403
v 1.015719 0.755126 0.759403
v 1.022190 0.755126 0.751134
v 1.022190 0.755126 0.751134
v 1.031471 0.760000 0.751731
v 1.370000 0.070000 1.030000
v 1.376471 0.070000 1.021731
v 1.379281 0.074874 1.030597
v 1.379281 0.074874 1.030597
v 1.372810 0.074874 1.038866
v 1.372810 0.074874 1.038866
v 1.363529 0.070000 1.038269
v 1.363529 0.070000 1.038269
v 1.360719 0.065126 1.029403
v 1.360719 0.065126 1.029403
v 1.367190 0.065126 1.021134
v 1.367190 0.065126 1.021134
v 1.376471 0.070000 1.021731
v 1.370000 0.018520 1.049971
v 1.387337 0.019715 1.040019
v 1.383616 0.124367 1.047221
v 1.367236 0.123238 1.056623
v 1.387337 0.019715 1.040019
v 1.387337 0.021195 1.020048
v 1.383616 0.125766 1.028353
v 1.383616 0.124367 1.047221
v 1.387337 0.021195 1.020048
v 1.370000 0.021480 1.010029
v 1.367236 0.126035 1.018887
v 1.383616 0.125766 1.028353
v 1.370000 0.021480 1.010029
v 1.352663 0.020285 1.019981
v 1.350856 0.124905 1.028289
v 1.367236 0.126035 1.018887
v 1.352663 0.020285 1.019981
v 1.352663 0.018805 1.039952
v 1.350856 0.123507 1.047157
v 1.350856 0.124905 1.028289
v 1.352663 0.018805 1.039952
v 1.370000 0.018520 1.049971
v 1.367236 0.123238 1.056623
v 1.350856 0.123507 1.047157
v 1.370000 0.020000 1.030000
v 1.370000 0.018520 1.049971
v 1.387337 0.019715 1.040019
v 1.387337 0.019715 1.040019
v 1.387337 0.021195 1.020048
v 1.387337 0.021195 1.020048
v 1.370000 0.021480 1.010029
v 1.370000 0.021480 1.010029
v 1.352663 0.020285 1.019981
v 1.352663 0.020285 1.019981
v 1.352663 0.018805 1.039952
v 1.352663 0.018805 1.039952
v 1.370000 0.018520 1.049971
v 1.367236 0.124636 1.037755
v 1.367236 0.123238 1.056623
v 1.383616 0.124367 1.047221
v 1.383616 0.124367 1.047221
v 1.383616 0.125766 1.028353
v 1.383616 0.125766 1.028353
v 1.367236 0.126035 1.018887
v 1.367236 0.126035 1.018887
v 1.350856 0.124905 1.028289
v 1.350856 0.124905 1.028289
v 1.350856 0.123507 1.047157
v 1.350856 0.123507 1.047157
v 1.367236 0.123238 1.056623
v 1.367236 0.123316 1.056963
v 1.383161 0.119047 1.047020
v 1.415139 0.224687 1.053808
v 1.400000 0.228744 1.063259
v 1.383161 0.119047 1.047020
v 1.383161 0.120368 1.027812
v 1.415139 0.225942 1.035548
v 1.415139 0.224687 1.053808
v 1.383161 0.120368 1.027812
v 1.367236 0.125957 1.018547
v 1.400000 0.231256 1.026741
v 1.415139 0.225942 1.035548
v 1.367236 0.125957 1.018547
v 1.351311 0.130226 1.028490
v 1.384861 0.235313 1.036192
v 1.400000 0.231256 1.026741
v 1.351311 0.130226 1.028490
v 1.351311 0.128905 1.047698
v 1.384861 0.234058 1.054452
v 1.384861 0.235313 1.036192
v 1.351311 0.128905 1.047698
v 1.367236 0.123316 1.056963
v 1.400000 0.228744 1.063259
v 1.384861 0.234058 1.054452
v 1.367236 0.124636 1.037755
v 1.367236 0.123316 1.056963
v 1.383161 0.119047 1.047020
v 1.383161 0.119047 1.047020
v 1.383161 0.120368 1.027812
v 1.383161 0.120368 1.027812
v 1.367236 0.125957 1.018547
v 1.367236 0.125957 1.018547
v 1.351311 0.130226 1.028490
v 1.351311 0.130226 1.028490
v 1.351311 0.128905 1.047698
v 1.351311 0.128905 1.047698
v 1.367236 0.123316 1.056963
v 1.400000 0.230000 1.045000
v 1.400000 0.228744 1.063259
v 1.415139 0.224687 1.053808
v 1.415139 0.224687 1.053808
v 1.415139 0.225942 1.035548
v 1.415139 0.225942 1.035548
v 1.400000 0.231256 1.026741
v 1.400000 0.231256 1.026741
v 1.384861 0.235313 1.036192
v 1.384861 0.235313 1.036192
v 1.384861 0.234058 1.054452
v 1.384861 0.234058 1.054452
v 1.400000 0.228744 1.063259
v -1.025000 0.756768 0.750010
v -1.016474 0.755376 0.755978
v -1.281474 0.075376 0.975978
v -1.290000 0.076768 0.970010
v -1.016474 0.755376 0.755978
v -1.016474 0.758608 0.765968
v -1.281474 0.078608 0.985968
v -1.281474 0.075376 0.975978
v -1.016474 0.758608 0.765968
v -1.025000 0.763232 0.769990
v -1.290000 0.083232 0.989990
v -1.281474 0.078608 0.985968
v -1.025000 0.763232 0.769990
v -1.033526 0.764624 0.764022
v -1.298526 0.084624 0.984022
v -1.290000 0.083232 0.989990
v -1.033526 0.764624 0.764022
v -1.033526 0.761392 0.754032
v -1.298526 0.081392 0.974032
v -1.298526 0.084624 0.984022
v -1.033526 0.761392 0.754032
v -1.025000 0.756768 0.750010
v -1.290000 0.076768 0.970010
v -1.298526 0.081392 0.974032
v -1.025000 0.760000 0.760000
v -1.025000 0.756768 0.750010
v -1.016474 0.755376 0.755978
v -1.016474 0.755376 0.755978
v -1.016474 0.758608 0.765968
v -1.016474 0.758608 0.765968
v -1.025000 0.763232 0.769990
v -1.025000 0.763232 0.769990
v -1.033526 0.764624 0.764022
v -1.033526 0.764624 0.764022
v -1.033526 0.761392 0.754032
v -1.033526 0.761392 0.754032
v -1.025000 0.756768 0.750010
v -1.290000 0.080000 0.980000
v -1.290000 0.076768 0.970010
v -1.281474 0.075376 0.975978
v -1.281474 0.075376 0.975978
v -1.281474 0.078608 0.985968
v -1.281474 0.078608 0.985968
v -1.290000 0.083232 0.989990
v -1.290000 0.083232 0.989990
v -1.298526 0.084624 0.984022
v -1.298526 0.084624 0.984022
v -1.298526 0.081392 0.974032
v -1.298526 0.081392 0.974032
v -1.290000 0.076768 0.970010
v -1.290000 0.021926 0.997368
v -1.274922 0.022251 0.988541
v -1.286947 0.139821 0.974438
v -1.300192 0.139535 0.982191
v -1.274922 0.022251 0.988541
v -1.274922 0.020325 0.971173
v -1.286947 0.138129 0.959181
v -1.286947 0.139821 0.974438
v -1.274922 0.020325 0.971173
v -1.290000 0.018074 0.962632
v -1.300192 0.136152 0.951678
v -1.286947 0.138129 0.959181
v -1.290000 0.018074 0.962632
v -1.305078 0.017749 0.971459
v -1.313437 0.135866 0.959432
v -1.300192 0.136152 0.951678
v -1.305078 0.017749 0.971459
v -1.305078 0.019675 0.988827
v -1.313437 0.137558 0.974688
v -1.313437 0.135866 0.959432
v -1.305078 0.019675 0.988827
v -1.290000 0.021926 0.997368
v -1.300192 0.139535 0.982191
v -1.313437 0.137558 0.974688
v -1.290000 0.020000 0.980000
v -1.290000 0.021926 0.997368
v -1.274922 0.022251 0.988541
v -1.274922 0.022251 0.988541
v -1.274922 0.020325 0.971173
v -1.274922 0.020325 0.971173
v -1.290000 0.018074 0.962632
v -1.290000 0.018074 0.962632
v -1.305078 0.017749 0.971459
v -1.305078 0.017749 0.971459
v -1.305078 0.019675 0.988827
v -1.305078 0.019675 0.988827
v -1.290000 0.021926 0.997368
v -1.300192 0.137844 0.966935
v -1.300192 0.139535 0.982191
v -1.286947 0.139821 0.974438
v -1.286947 0.139821 0.974438
v -1.286947 0.138129 0.959181
v -1.286947 0.138129 0.959181
v -1.300192 0.136152 0.951678
v -1.300192 0.136152 0.951678
v -1.313437 0.135866 0.959432
v -1.313437 0.135866 0.959432
v -1.313437 0.137558 0.974688
v -1.313437 0.137558 0.974688
v -1.300192 0.139535 0.982191
v -1.300192 0.132411 0.984773
v -1.284126 0.136692 0.976330
v -1.296210 0.229012 1.003065
v -1.310000 0.225337 1.010311
v -1.284126 0.136692 0.976330
v -1.284126 0.142124 0.958492
v -1.296210 0.233674 0.987753
v -1.296210 0.229012 1.003065
v -1.284126 0.142124 0.958492
v -1.300192 0.143276 0.949096
v -1.310000 0.234663 0.979689
v -1.296210 0.233674 0.987753
v -1.300192 0.143276 0.949096
v -1.316258 0.138995 0.957539
v -1.323790 0.230988 0.986935
v -1.310000 0.234663 0.979689
v -1.316258 0.138995 0.957539
v -1.316258 0.133563 0.975377
v -1.323790 0.226326 1.002247
v -1.323790 0.230988 0.986935
v -1.316258 0.133563 0.975377
v -1.300192 0.132411 0.984773
v -1.310000 0.225337 1.010311
v -1.323790 0.226326 1.002247
v -1.300192 0.137844 0.966935
v -1.300192 0.132411 0.984773
v -1.284126 0.136692 0.976330
v -1.284126 0.136692 0.976330
v -1.284126 0.142124 0.958492
v -1.284126 0.142124 0.958492
v -1.300192 0.143276 0.949096
v -1.300192 0.143276 0.949096
v -1.316258 0.138995 0.957539
v -1.316258 0.138995 0.957539
v -1.316258 0.133563 0.975377
v -1.316258 0.133563 0.975377
v -1.300192 0.132411 0.984773
v -1.310000 0.230000 0.995000
v -1.310000 0.225337 1.010311
v -1.296210 0.229012 1.003065
v -1.296210 0.229012 1.003065
v -1.296210 0.233674 0.987753
v -1.296210 0.233674 0.987753
v -1.310000 0.234663 0.979689
v -1.310000 0.234663 0.979689
v -1.323790 0.230988 0.986935
v -1.323790 0.230988 0.986935
v -1.323790 0.226326 1.002247
v -1.323790 0.226326 1.002247
v -1.310000 0.225337 1.010311
vt 0.000000 0.000000
vt 0.062500 0.000000
vt 0.062500 0.083333
vt 0.000000 0.083333
vt 0.062500 0.000000
vt 0.125000 0.000000
vt 0.125000 0.083333
vt 0.062500 0.083333
vt 0.125000 0.000000
vt 0.187500 0.000000
vt 0.187500 0.083333
vt 0.125000 0.083333
vt 0.187500 0.000000
vt 0.250000 0.000000
vt 0.250000 0.083333
vt 0.187500 0.083333
vt 0.250000 0.000000
vt 0.312500 0.000000
vt 0.312500 0.083333
vt 0.250000 0.083333
vt 0.312500 0.000000
vt 0.375000 0.000000
vt 0.375000 0.083333
vt 0.312500 0.083333
vt 0.375000 0.000000
vt 0.437500 0.000000
vt 0.437500 0.083333
vt 0.375000 0.083333
vt 0.437500 0.000000
vt 0.500000 0.000000
vt 0.500000 0.083333
vt 0.437500 0.083333
vt 0.500000 0.000000
vt 0.562500 0.000000
vt 0.562500 0.083333
vt 0.500000 0.083333
vt 0.562500 0.000000
vt 0.625000 0.000000
vt 0.625000 0.083333
vt 0.562500 0.083333
vt 0.625000 0.000000
vt 0.687500 0.000000
vt 0.687500 0.083333
vt 0.625000 0.083333
vt 0.687500 0.000000
vt 0.750000 0.000000
vt 0.750000 0.083333
vt 0.687500 0.083333
vt 0.750000 0.000000
vt 0.812500 0.000000
vt 0.812500 0.083333
vt 0.750000 0.083333
vt 0.812500 0.000000
vt 0.875000 0.000000
vt 0.875000 0.083333
vt 0.812500 0.083333
vt 0.875000 0.000000
vt 0.937500 0.000000
vt 0.937500 0.083333
vt 0.875000 0.083333
vt 0.937500 0.000000
vt 1.000000 0.000000
vt 1.000000 0.083333
vt 0.937500 0.083333
vt 0.000000 0.083333
vt 0.062500 0.083333
vt 0.062500 0.166667
vt 0.000000 0.166667
vt 0.062500 0.083333
vt 0.125000 0.083333
vt 0.125000 0.166667
vt 0.062500 0.166667
vt 0.125000 0.083333
vt 0.187500 0.083333
vt 0.187500 0.166667
vt 0.125000 0.166667
vt 0.187500 0.083333
vt 0.250000 0.083333
vt 0.250000 0.166667
vt 0.187500 0.166667
vt 0.250000 0.083333
vt 0.312500 0.083333
vt 0.312500 0.166667
vt 0.250000 0.166667
vt 0.312500 0.083333
vt 0.375000 0.083333
vt 0.375000 0.166667
vt 0.312500 0.166667
vt 0.375000 0.083333
vt 0.437500 0.083333
vt 0.437500 0.166667
vt 0.375000 0.166667
vt 0.437500 0.083333
vt 0.500000 0.083333
vt 0.500000 0.166667
vt 0.437500 0.166667
vt 0.500000 0.083333
vt 0.562500 0.083333
vt 0.562500 0.166667
vt 0.500000 0.166667
vt 0.562500 0.083333
vt 0.625000 0.083333
vt 0.625000 0.166667
vt 0.562500 0.166667
vt 0.625000 0.083333
vt 0.687500 0.083333
vt 0.687500 0.166667
vt 0.625000 0.166667
vt 0.687500 0.083333
vt 0.750000 0.083333
vt 0.750000 0.166667
vt 0.687500 0.166667
vt 0.750000 0.083333
vt 0.812500 0.083333
vt 0.812500 0.166667
vt 0.750000 0.166667
vt 0.812500 0.083333
vt 0.875000 0.083333
vt 0.875000 0.166667
vt 0.812500 0.166667
vt 0.875000 0.083333
vt 0.937500 0.083333
vt 0.937500 0.166667
vt 0.875000 0.166667
vt 0.937500 0.083333
vt 1.000000 0.083333
vt 1.000000 0.166667
vt 0.937500 0.166667
vt 0.000000 0.166667
vt 0.062500 0.166667
vt 0.062500 0.250000
vt 0.000000 0.250000
vt 0.062500 0.166667
vt 0.125000 0.166667
vt 0.125000 0.250000
vt 0.062500 0.250000
vt 0.125000 0.166667
vt 0.187500 0.166667
vt 0.187500 0.250000
vt 0.125000 0.250000
vt 0.187500 0.166667
vt 0.250000 0.166667
vt 0.250000 0.250000
vt 0.187500 0.250000
vt 0.250000 0.166667
vt 0.312500 0.166667
vt 0.312500 0.250000
vt 0.250000 0.250000
vt 0.312500 0.166667
vt 0.375000 0.166667
vt 0.375000 0.250000
vt 0.312500 0.250000
vt 0.375000 0.166667
vt 0.437500 0.166667
vt 0.437500 0.250000
vt 0.375000 0.250000
vt 0.437500 0.166667
vt 0.500000 0.166667
vt 0.500000 0.250000
vt 0.437500 0.250000
vt 0.500000 0.166667
vt 0.562500 0.166667
vt 0.562500 0.250000
vt 0.500000 0.250000
vt 0.562500 0.166667
vt 0.625000 0.166667
vt 0.625000 0.250000
vt 0.562500 0.250000
vt 0.625000 0.166667
vt 0.687500 0.166667
vt 0.687500 0.250000
vt 0.625000 0.250000
vt 0.687500 0.166667
vt 0.750000 0.166667
vt 0.750000 0.250000
vt 0.687500 0.250000
vt 0.750000 0.166667
vt 0.812500 0.166667
vt 0.812500 0.250000
vt 0.750000 0.250000
vt 0.812500 0.166667
vt 0.875000 0.166667
vt 0.875000 0.250000
vt 0.812500 0.250000
vt 0.875000 0.166667
vt 0.937500 0.166667
vt 0.937500 0.250000
vt 0.875000 0.250000
vt 0.937500 0.166667
vt 1.000000 0.166667
vt 1.000000 0.250000
vt 0.937500 0.250000
vt 0.000000 0.250000
vt 0.062500 0.250000
vt 0.062500 0.333333
vt 0.000000 0.333333
vt 0.062500 0.250000
vt 0.125000 0.250000
vt 0.125000 0.333333
vt 0.062500 0.333333
vt 0.125000 0.250000
vt 0.187500 0.250000
vt 0.187500 0.333333
vt 0.125000 0.333333
vt 0.187500 0.250000
vt 0.250000 0.250000
vt 0.250000 0.333333
vt 0.187500 0.333333
vt 0.250000 0.250000
vt 0.312500 0.250000
vt 0.312500 0.333333
vt 0.250000 0.333333
vt 0.312500 0.250000
vt 0.375000 0.250000
vt 0.375000 0.333333
vt 0.312500 0.333333
vt 0.375000 0.250000
vt 0.437500 0.250000
vt 0.437500 0.333333
vt 0.375000 0.333333
vt 0.437500 0.250000
vt 0.500000 0.250000
vt 0.500000 0.333333
vt 0.437500 0.333333
vt 0.500000 0.250000
vt 0.562500 0.250000
vt 0.562500 0.333333
vt 0.500000 0.333333
vt 0.562500 0.250000
vt 0.625000 0.250000
vt 0.625000 0.333333
vt 0.562500 0.333333
vt 0.625000 0.250000
vt 0.687500 0.250000
vt 0.687500 0.333333
vt 0.625000 0.333333
vt 0.687500 0.250000
vt 0.750000 0.250000
vt 0.750000 0.333333
vt 0.687500 0.333333
vt 0.750000 0.250000
vt 0.812500 0.250000
vt 0.812500 0.333333
vt 0.750000 0.333333
vt 0.812500 0.250000
vt 0.875000 0.250000
vt 0.875000 0.333333
vt 0.812500 0.333333
vt 0.875000 0.250000
vt 0.937500 0.250000
vt 0.937500 0.333333
vt 0.875000 0.333333
vt 0.937500 0.250000
vt 1.000000 0.250000
vt 1.000000 0.333333
vt 0.937500 0.333333
vt 0.000000 0.333333
vt 0.062500 0.333333
vt 0.062500 0.416667
vt 0.000000 0.416667
vt 0.062500 0.333333
vt 0.125000 0.333333
vt 0.125000 0.416667
vt 0.062500 0.416667
vt 0.125000 0.333333
vt 0.187500 0.333333
vt 0.187500 0.416667
vt 0.125000 0.416667
vt 0.187500 0.333333
vt 0.250000 0.333333
vt 0.250000 0.416667
vt 0.187500 0.416667
vt 0.250000 0.333333
vt 0.312500 0.333333
vt 0.312500 0.416667
vt 0.250000 0.416667
vt 0.312500 0.333333
vt 0.375000 0.333333
vt 0.375000 0.416667
vt 0.312500 0.416667
vt 0.375000 0.333333
vt 0.437500 0.333333
vt 0.437500 0.416667
vt 0.375000 0.416667
vt 0.437500 0.333333
vt 0.500000 0.333333
vt 0.500000 0.416667
vt 0.437500 0.416667
vt 0.500000 0.333333
vt 0.562500 0.333333
vt 0.562500 0.416667
vt 0.500000 0.416667
vt 0.562500 0.333333
vt 0.625000 0.333333
vt 0.625000 0.416667
vt 0.562500 0.416667
vt 0.625000 0.333333
vt 0.687500 0.333333
vt 0.687500 0.416667
vt 0.625000 0.416667
vt 0.687500 0.333333
vt 0.750000 0.333333
vt 0.750000 0.416667
vt 0.687500 0.416667
vt 0.750000 0.333333
vt 0.812500 0.333333
vt 0.812500 0.416667
vt 0.750000 0.416667
vt 0.812500 0.333333
vt 0.875000 0.333333
vt 0.875000 0.416667
vt 0.812500 0.416667
vt 0.875000 0.333333
vt 0.937500 0.333333
vt 0.937500 0.416667
vt 0.875000 0.416667
vt 0.937500 0.333333
vt 1.000000 0.333333
vt 1.000000 0.416667
vt 0.937500 0.416667
vt 0.000000 0.416667
vt 0.062500 0.416667
vt 0.062500 0.500000
vt 0.000000 0.500000
vt 0.062500 0.416667
vt 0.125000 0.416667
vt 0.125000 0.500000
vt 0.062500 0.500000
vt 0.125000 0.416667
vt 0.187500 0.416667
vt 0.187500 0.500000
vt 0.125000 0.500000
vt 0.187500 0.416667
vt 0.250000 0.416667
vt 0.250000 0.500000
vt 0.187500 0.500000
vt 0.250000 0.416667
vt 0.312500 0.416667
vt 0.312500 0.500000
vt 0.250000 0.500000
vt 0.312500 0.416667
vt 0.375000 0.416667
vt 0.375000 0.500000
vt 0.312500 0.500000
vt 0.375000 0.416667
vt 0.437500 0.416667
vt 0.437500 0.500000
vt 0.375000 0.500000
vt 0.437500 0.416667
vt 0.500000 0.416667
vt 0.500000 0.500000
vt 0.437500 0.500000
vt 0.500000 0.416667
vt 0.562500 0.416667
vt 0.562500 0.500000
vt 0.500000 0.500000
vt 0.562500 0.416667
vt 0.625000 0.416667
vt 0.625000 0.500000
vt 0.562500 0.500000
vt 0.625000 0.416667
vt 0.687500 0.416667
vt 0.687500 0.500000
vt 0.625000 0.500000
vt 0.687500 0.416667
vt 0.750000 0.416667
vt 0.750000 0.500000
vt 0.687500 0.500000
vt 0.750000 0.416667
vt 0.812500 0.416667
vt 0.812500 0.500000
vt 0.750000 0.500000
vt 0.812500 0.416667
vt 0.875000 0.416667
vt 0.875000 0.500000
vt 0.812500 0.500000
vt 0.875000 0.416667
vt 0.937500 0.416667
vt 0.937500 0.500000
vt 0.875000 0.500000
vt 0.937500 0.416667
vt 1.000000 0.416667
vt 1.000000 0.500000
vt 0.937500 0.500000
vt 0.000000 0.500000
vt 0.062500 0.500000
vt 0.062500 0.583333
vt 0.000000 0.583333
vt 0.062500 0.500000
vt 0.125000 0.500000
vt 0.125000 0.583333
vt 0.062500 0.583333
vt 0.125000 0.500000
vt 0.187500 0.500000
vt 0.187500 0.583333
vt 0.125000 0.583333
vt 0.187500 0.500000
vt 0.250000 0.500000
vt 0.250000 0.583333
vt 0.187500 0.583333
vt 0.250000 0.500000
vt 0.312500 0.500000
vt 0.312500 0.583333
vt 0.250000 0.583333
vt 0.312500 0.500000
vt 0.375000 0.500000
vt 0.375000 0.583333
vt 0.312500 0.583333
vt 0.375000 0.500000
vt 0.437500 0.500000
vt 0.437500 0.583333
vt 0.375000 0.583333
vt 0.437500 0.500000
vt 0.500000 0.500000
vt 0.500000 0.583333
vt 0.437500 0.583333
vt 0.500000 0.500000
vt 0.562500 0.500000
vt 0.562500 0.583333
vt 0.500000 0.583333
vt 0.562500 0.500000
vt 0.625000 0.500000
vt 0.625000 0.583333
vt 0.562500 0.583333
vt 0.625000 0.500000
vt 0.687500 0.500000
vt 0.687500 0.583333
vt 0.625000 0.583333
vt 0.687500 0.500000
vt 0.750000 0.500000
vt 0.750000 0.583333
vt 0.687500 0.583333
vt 0.750000 0.500000
vt 0.812500 0.500000
vt 0.812500 0.583333
vt 0.750000 0.583333
vt 0.812500 0.500000
vt 0.875000 0.500000
vt 0.875000 0.583333
vt 0.812500 0.583333
vt 0.875000 0.500000
vt 0.937500 0.500000
vt 0.937500 0.583333
vt 0.875000 0.583333
vt 0.937500 0.500000
vt 1.000000 0.500000
vt 1.000000 0.583333
vt 0.937500 0.583333
vt 0.000000 0.583333
vt 0.062500 0.583333
vt 0.062500 0.666667
vt 0.000000 0.666667
vt 0.062500 0.583333
vt 0.125000 0.583333
vt 0.125000 0.666667
vt 0.062500 0.666667
vt 0.125000 0.583333
vt 0.187500 0.583333
vt 0.187500 0.666667
vt 0.125000 0.666667
vt 0.187500 0.583333
vt 0.250000 0.583333
vt 0.250000 0.666667
vt 0.187500 0.666667
vt 0.250000 0.583333
vt 0.312500 0.583333
vt 0.312500 0.666667
vt 0.250000 0.666667
vt 0.312500 0.583333
vt 0.375000 0.583333
vt 0.375000 0.666667
vt 0.312500 0.666667
vt 0.375000 0.583333
vt 0.437500 0.583333
vt 0.437500 0.666667
vt 0.375000 0.666667
vt 0.437500 0.583333
vt 0.500000 0.583333
vt 0.500000 0.666667
vt 0.437500 0.666667
vt 0.500000 0.583333
vt 0.562500 0.583333
vt 0.562500 0.666667
vt 0.500000 0.666667
vt 0.562500 0.583333
vt 0.625000 0.583333
vt 0.625000 0.666667
vt 0.562500 0.666667
vt 0.625000 0.583333
vt 0.687500 0.583333
vt 0.687500 0.666667
vt 0.625000 0.666667
vt 0.687500 0.583333
vt 0.750000 0.583333
vt 0.750000 0.666667
vt 0.687500 0.666667
vt 0.750000 0.583333
vt 0.812500 0.583333
vt 0.812500 0.666667
vt 0.750000 0.666667
vt 0.812500 0.583333
vt 0.875000 0.583333
vt 0.875000 0.666667
vt 0.812500 0.666667
vt 0.875000 0.583333
vt 0.937500 0.583333
vt 0.937500 0.666667
vt 0.875000 0.666667
vt 0.937500 0.583333
vt 1.000000 0.583333
vt 1.000000 0.666667
vt 0.937500 0.666667
vt 0.000000 0.666667
vt 0.062500 0.666667
vt 0.062500 0.750000
vt 0.000000 0.750000
vt 0.062500 0.666667
vt 0.125000 0.666667
vt 0.125000 0.750000
vt 0.062500 0.750000
vt 0.125000 0.666667
vt 0.187500 0.666667
vt 0.187500 0.750000
vt 0.125000 0.750000
vt 0.187500 0.666667
vt 0.250000 0.666667
vt 0.250000 0.750000
vt 0.187500 0.750000
vt 0.250000 0.666667
vt 0.312500 0.666667
vt 0.312500 0.750000
vt 0.250000 0.750000
vt 0.312500 0.666667
vt 0.375000 0.666667
vt 0.375000 0.750000
vt 0.312500 0.750000
vt 0.375000 0.666667
vt 0.437500 0.666667
vt 0.437500 0.750000
vt 0.375000 0.750000
vt 0.437500 0.666667
vt 0.500000 0.666667
vt 0.500000 0.750000
vt 0.437500 0.750000
vt 0.500000 0.666667
vt 0.562500 0.666667
vt 0.562500 0.750000
vt 0.500000 0.750000
vt 0.562500 0.666667
vt 0.625000 0.666667
vt 0.625000 0.750000
vt 0.562500 0.750000
vt 0.625000 0.666667
vt 0.687500 0.666667
vt 0.687500 0.750000
vt 0.625000 0.750000
vt 0.687500 0.666667
vt 0.750000 0.666667
vt 0.750000 0.750000
vt 0.687500 0.750000
vt 0.750000 0.666667
vt 0.812500 0.666667
vt 0.812500 0.750000
vt 0.750000 0.750000
vt 0.812500 0.666667
vt 0.875000 0.666667
vt 0.875000 0.750000
vt 0.812500 0.750000
vt 0.875000 0.666667
vt 0.937500 0.666667
vt 0.937500 0.750000
vt 0.875000 0.750000
vt 0.937500 0.666667
vt 1.000000 0.666667
vt 1.000000 0.750000
vt 0.937500 0.750000
vt 0.000000 0.750000
vt 0.062500 0.750000
vt 0.062500 0.833333
vt 0.000000 0.833333
vt 0.062500 0.750000
vt 0.125000 0.750000
vt 0.125000 0.833333
vt 0.062500 0.833333
vt 0.125000 0.750000
vt 0.187500 0.750000
vt 0.187500 0.833333
vt 0.125000 0.833333
vt 0.187500 0.750000
vt 0.250000 0.750000
vt 0.250000 0.833333
vt 0.187500 0.833333
vt 0.250000 0.750000
vt 0.312500 0.750000
vt 0.312500 0.833333
vt 0.250000 0.833333
vt 0.312500 0.750000
vt 0.375000 0.750000
vt 0.375000 0.833333
vt 0.312500 0.833333
vt 0.375000 0.750000
vt 0.437500 0.750000
vt 0.437500 0.833333
vt 0.375000 0.833333
vt 0.437500 0.750000
vt 0.500000 0.750000
vt 0.500000 0.833333
vt 0.437500 0.833333
vt 0.500000 0.750000
vt 0.562500 0.750000
vt 0.562500 0.833333
vt 0.500000 0.833333
vt 0.562500 0.750000
vt 0.625000 0.750000
vt 0.625000 0.833333
vt 0.562500 0.833333
vt 0.625000 0.750000
vt 0.687500 0.750000
vt 0.687500 0.833333
vt 0.625000 0.833333
vt 0.687500 0.750000
vt 0.750000 0.750000
vt 0.750000 0.833333
vt 0.687500 0.833333
vt 0.750000 0.750000
vt 0.812500 0.750000
vt 0.812500 0.833333
vt 0.750000 0.833333
vt 0.812500 0.750000
vt 0.875000 0.750000
vt 0.875000 0.833333
vt 0.812500 0.833333
vt 0.875000 0.750000
vt 0.937500 0.750000
vt 0.937500 0.833333
vt 0.875000 0.833333
vt 0.937500 0.750000
vt 1.000000 0.750000
vt 1.000000 0.833333
vt 0.937500 0.833333
vt 0.000000 0.833333
vt 0.062500 0.833333
vt 0.062500 0.916667
vt 0.000000 0.916667
vt 0.062500 0.833333
vt 0.125000 0.833333
vt 0.125000 0.916667
vt 0.062500 0.916667
vt 0.125000 0.833333
vt 0.187500 0.833333
vt 0.187500 0.916667
vt 0.125000 0.916667
vt 0.187500 0.833333
vt 0.250000 0.833333
vt 0.250000 0.916667
vt 0.187500 0.916667
vt 0.250000 0.833333
vt 0.312500 0.833333
vt 0.312500 0.916667
vt 0.250000 0.916667
vt 0.312500 0.833333
vt 0.375000 0.833333
vt 0.375000 0.916667
vt 0.312500 0.916667
vt 0.375000 0.833333
vt 0.437500 0.833333
vt 0.437500 0.916667
vt 0.375000 0.916667
vt 0.437500 0.833333
vt 0.500000 0.833333
vt 0.500000 0.916667
vt 0.437500 0.916667
vt 0.500000 0.833333
vt 0.562500 0.833333
vt 0.562500 0.916667
vt 0.500000 0.916667
vt 0.562500 0.833333
vt 0.625000 0.833333
vt 0.625000 0.916667
vt 0.562500 0.916667
vt 0.625000 0.833333
vt 0.687500 0.833333
vt 0.687500 0.916667
vt 0.625000 0.916667
vt 0.687500 0.833333
vt 0.750000 0.833333
vt 0.750000 0.916667
vt 0.687500 0.916667
vt 0.750000 0.833333
vt 0.812500 0.833333
vt 0.812500 0.916667
vt 0.750000 0.916667
vt 0.812500 0.833333
vt 0.875000 0.833333
vt 0.875000 0.916667
vt 0.812500 0.916667
vt 0.875000 0.833333
vt 0.937500 0.833333
vt 0.937500 0.916667
vt 0.875000 0.916667
vt 0.937500 0.833333
vt 1.000000 0.833333
vt 1.000000 0.916667
vt 0.937500 0.916667
vt 0.000000 0.916667
vt 0.062500 0.916667
vt 0.062500 1.000000
vt 0.000000 1.000000
vt 0.062500 0.916667
vt 0.125000 0.916667
vt 0.125000 1.000000
vt 0.062500 1.000000
vt 0.125000 0.916667
vt 0.187500 0.916667
vt 0.187500 1.000000
vt 0.125000 1.000000
vt 0.187500 0.916667
vt 0.250000 0.916667
vt 0.250000 1.000000
vt 0.187500 1.000000
vt 0.250000 0.916667
vt 0.312500 0.916667
vt 0.312500 1.000000
vt 0.250000 1.000000
vt 0.312500 0.916667
vt 0.375000 0.916667
vt 0.375000 1.000000
vt 0.312500 1.000000
vt 0.375000 0.916667
vt 0.437500 0.916667
vt 0.437500 1.000000
vt 0.375000 1.000000
vt 0.437500 0.916667
vt 0.500000 0.916667
vt 0.500000 1.000000
vt 0.437500 1.000000
vt 0.500000 0.916667
vt 0.562500 0.916667
vt 0.562500 1.000000
vt 0.500000 1.000000
vt 0.562500 0.916667
vt 0.625000 0.916667
vt 0.625000 1.000000
vt 0.562500 1.000000
vt 0.625000 0.916667
vt 0.687500 0.916667
vt 0.687500 1.000000
vt 0.625000 1.000000
vt 0.687500 0.916667
vt 0.750000 0.916667
vt 0.750000 1.000000
vt 0.687500 1.000000
vt 0.750000 0.916667
vt 0.812500 0.916667
vt 0.812500 1.000000
vt 0.750000 1.000000
vt 0.812500 0.916667
vt 0.875000 0.916667
vt 0.875000 1.000000
vt 0.812500 1.000000
vt 0.875000 0.916667
vt 0.937500 0.916667
vt 0.937500 1.000000
vt 0.875000 1.000000
vt 0.937500 0.916667
vt 1.000000 0.916667
vt 1.000000 1.000000
vt 0.937500 1.000000
vt 0.000000 0.000000
vt 1.000000 0.000000
vt 1.000000 1.000000
vt 0.000000 1.000000
vt 0.000000 0.000000
vt 1.000000 0.000000
vt 1.000000 1.000000
vt 0.000000 1.000000
vt 0.000000 0.000000
vt 1.000000 0.000000
vt 1.000000 1.000000
vt 0.000000 1.000000
vt 0.000000 0.000000
vt 1.000000 0.000000
vt 1.000000 1.000000
vt 0.000000 1.000000
vt 0.000000 0.000000
vt 1.000000 0.000000
vt 1.000000 1.000000
vt 0.000000 1.000000
vt 0.000000 0.000000
vt 1.000000 0.000000
vt 1.000000 1.000000
vt 0.000000 1.000000
vt 0.500000 0.500000
vt 0.000000 0.000000
vt 1.000000 0.000000
vt 0.000000 0.000000
vt 1.000000 0.000000
vt 0.000000 0.000000
vt 1.000000 0.000000
vt 0.000000 0.000000
vt 1.000000 0.000000
vt 0.000000 0.000000
vt 1.000000 0.000000
vt 0.000000 0.000000
vt 1.000000 0.000000
vt 0.500000 0.500000
vt 0.000000 0.000000
vt 1.000000 0.000000
vt 0.000000 0.000000
vt 1.000000 0.000000
vt 0.000000 0.000000
vt 1.000000 0.000000
vt 0.000000 0.000000
vt 1.000000 0.000000
vt 0.000000 0.000000
vt 1.000000 0.000000
vt 0.000000 0.000000
vt 1.000000 0.000000
vt 0.000000 0.000000
vt 1.000000 0.000000
vt 1.000000 1.000000
vt 0.000000 1.000000
vt 0.000000 0.000000
vt 1.000000 0.000000
vt 1.000000 1.000000
vt 0.000000 1.000000
vt 0.000000 0.000000
vt 1.000000 0.000000
vt 1.000000 1.000000
vt 0.000000 1.000000
vt 0.000000 0.000000
vt 1.000000 0.000000
vt 1.000000 1.000000
vt 0.000000 1.000000
vt 0.000000 0.000000
vt 1.000000 0.000000
vt 1.000000 1.000000
vt 0.000000 1.000000
vt 0.000000 0.000000
vt 1.000000 0.000000
vt 1.000000 1.000000
vt 0.000000 1.000000
vt 0.500000 0.500000
vt 0.000000 0.000000
vt 1.000000 0.000000
vt 0.000000 0.000000
vt 1.000000 0.000000
vt 0.000000 0.000000
vt 1.000000 0.000000
vt 0.000000 0.000000
vt 1.000000 0.000000
vt 0.000000 0.000000
vt 1.000000 0.000000
vt 0.000000 0.000000
vt 1.000000 0.000000
vt 0.500000 0.500000
vt 0.000000 0.000000
vt 1.000000 0.000000
vt 0.000000 0.000000
vt 1.000000 0.000000
vt 0.000000 0.000000
vt 1.000000 0.000000
vt 0.000000 0.000000
vt 1.000000 0.000000
vt 0.000000 0.000000
vt 1.000000 0.000000
vt 0.000000 0.000000
vt 1.000000 0.000000
vt 0.000000 0.000000
vt 1.000000 0.000000
vt 1.000000 1.000000
vt 0.000000 1.000000
vt 0.000000 0.000000
vt 1.000000 0.000000
vt 1.000000 1.000000
vt 0.000000 1.000000
vt 0.000000 0.000000
vt 1.000000 0.000000
vt 1.000000 1.000000
vt 0.000000 1.000000
vt 0.000000 0.000000
vt 1.000000 0.000000
vt 1.000000 1.000000
vt 0.000000 1.000000
vt 0.000000 0.000000
vt 1.000000 0.000000
vt 1.000000 1.000000
vt 0.000000 1.000000
vt 0.000000 0.000000
vt 1.000000 0.000000
vt 1.000000 1.000000
vt 0.000000 1.000000
vt 0.500000 0.500000
vt 0.000000 0.000000
vt 1.000000 0.000000
vt 0.000000 0.000000
vt 1.000000 0.000000
vt 0.000000 0.000000
vt 1.000000 0.000000
vt 0.000000 0.000000
vt 1.000000 0.000000
vt 0.000000 0.000000
vt 1.000000 0.000000
vt 0.000000 0.000000
vt 1.000000 0.000000
vt 0.500000 0.500000
vt 0.000000 0.000000
vt 1.000000 0.000000
vt 0.000000 0.000000
vt 1.000000 0.000000
vt 0.000000 0.000000
vt 1.000000 0.000000
vt 0.000000 0.000000
vt 1.000000 0.000000
vt 0.000000 0.000000
vt 1.000000 0.000000
vt 0.000000 0.000000
vt 1.000000 0.000000
vt 0.000000 0.000000
vt 1.000000 0.000000
vt 1.000000 1.000000
vt 0.000000 1.000000
vt 0.000000 0.000000
vt 1.000000 0.000000
vt 1.000000 1.000000
vt 0.000000 1.000000
vt 0.000000 0.000000
vt 1.000000 0.000000
vt 1.000000 1.000000
vt 0.000000 1.000000
vt 0.000000 0.000000
vt 1.000000 0.000000
vt 1.000000 1.000000
vt 0.000000 1.000000
vt 0.000000 0.000000
vt 1.000000 0.000000
vt 1.000000 1.000000
vt 0.000000 1.000000
vt 0.000000 0.000000
vt 1.000000 0.000000
vt 1.000000 1.000000
vt 0.000000 1.000000
vt 0.500000 0.500000
vt 0.000000 0.000000
vt 1.000000 0.000000
vt 0.000000 0.000000
vt 1.000000 0.000000
vt 0.000000 0.000000
vt 1.000000 0.000000
vt 0.000000 0.000000
vt 1.000000 0.000000
vt 0.000000 0.000000
vt 1.000000 0.000000
vt 0.000000 0.000000
vt 1.000000 0.000000
vt 0.500000 0.500000
vt 0.000000 0.000000
vt 1.000000 0.000000
vt 0.000000 0.000000
vt 1.000000 0.000000
vt 0.000000 0.000000
vt 1.000000 0.000000
vt 0.000000 0.000000
vt 1.000000 0.000000
vt 0.000000 0.000000
vt 1.000000 0.000000
vt 0.000000 0.000000
vt 1.000000 0.000000
vt 0.000000 0.000000
vt 1.000000 0.000000
vt 1.000000 1.000000
vt 0.000000 1.000000
vt 0.000000 0.000000
vt 1.000000 0.000000
vt 1.000000 1.000000
vt 0.000000 1.000000
vt 0.000000 0.000000
vt 1.000000 0.000000
vt 1.000000 1.000000
vt 0.000000 1.000000
vt 0.000000 0.000000
vt 1.000000 0.000000
vt 1.000000 1.000000
vt 0.000000 1.000000
vt 0.000000 0.000000
vt 1.000000 0.000000
vt 1.000000 1.000000
vt 0.000000 1.000000
vt 0.000000 0.000000
vt 1.000000 0.000000
vt 1.000000 1.000000
vt 0.000000 1.000000
vt 0.000000 0.000000
vt 1.000000 0.000000
vt 1.000000 1.000000
vt 0.000000 1.000000
vt 0.000000 0.000000
vt 1.000000 0.000000
vt 1.000000 1.000000
vt 0.000000 1.000000
vt 0.000000 0.000000
vt 1.000000 0.000000
vt 1.000000 1.000000
vt 0.000000 1.000000
vt 0.000000 0.000000
vt 1.000000 0.000000
vt 1.000000 1.000000
vt 0.000000 1.000000
vt 0.000000 0.000000
vt 1.000000 0.000000
vt 1.000000 1.000000
vt 0.000000 1.000000
vt 0.000000 0.000000
vt 1.000000 0.000000
vt 1.000000 1.000000
vt 0.000000 1.000000
vt 0.000000 0.000000
vt 1.000000 0.000000
vt 1.000000 1.000000
vt 0.000000 1.000000
vt 0.000000 0.000000
vt 1.000000 0.000000
vt 1.000000 1.000000
vt 0.000000 1.000000
vt 0.000000 0.000000
vt 1.000000 0.000000
vt 1.000000 1.000000
vt 0.000000 1.000000
vt 0.000000 0.000000
vt 1.000000 0.000000
vt 1.000000 1.000000
vt 0.000000 1.000000
vt 0.000000 0.000000
vt 1.000000 0.000000
vt 1.000000 1.000000
vt 0.000000 1.000000
vt 0.000000 0.000000
vt 1.000000 0.000000
vt 1.000000 1.000000
vt 0.000000 1.000000
vt 0.000000 0.000000
vt 1.000000 0.000000
vt 1.000000 1.000000
vt 0.000000 1.000000
vt 0.000000 0.000000
vt 1.000000 0.000000
vt 1.000000 1.000000
vt 0.000000 1.000000
vt 0.000000 0.000000
vt 1.000000 0.000000
vt 1.000000 1.000000
vt 0.000000 1.000000
vt 0.000000 0.000000
vt 1.000000 0.000000
vt 1.000000 1.000000
vt 0.000000 1.000000
vt 0.000000 0.000000
vt 1.000000 0.000000
vt 1.000000 1.000000
vt 0.000000 1.000000
vt 0.000000 0.000000
vt 1.000000 0.000000
vt 1.000000 1.000000
vt 0.000000 1.000000
vt 0.000000 0.000000
vt 1.000000 0.000000
vt 1.000000 1.000000
vt 0.000000 1.000000
vt 0.000000 0.000000
vt 1.000000 0.000000
vt 1.000000 1.000000
vt 0.000000 1.000000
vt 0.000000 0.000000
vt 1.000000 0.000000
vt 1.000000 1.000000
vt 0.000000 1.000000
vt 0.000000 0.000000
vt 1.000000 0.000000
vt 1.000000 1.000000
vt 0.000000 1.000000
vt 0.000000 0.000000
vt 1.000000 0.000000
vt 1.000000 1.000000
vt 0.000000 1.000000
vt 0.000000 0.000000
vt 1.000000 0.000000
vt 1.000000 1.000000
vt 0.000000 1.000000
vt 0.000000 0.000000
vt 1.000000 0.000000
vt 1.000000 1.000000
vt 0.000000 1.000000
vt 0.000000 0.000000
vt 1.000000 0.000000
vt 1.000000 1.000000
vt 0.000000 1.000000
vt 0.000000 0.000000
vt 1.000000 0.000000
vt 1.000000 1.000000
vt 0.000000 1.000000
vt 0.000000 0.000000
vt 1.000000 0.000000
vt 1.000000 1.000000
vt 0.000000 1.000000
vt 0.000000 0.000000
vt 1.000000 0.000000
vt 1.000000 1.000000
vt 0.000000 1.000000
vt 0.000000 0.000000
vt 1.000000 0.000000
vt 1.000000 1.000000
vt 0.000000 1.000000
vt 0.000000 0.000000
vt 1.000000 0.000000
vt 1.000000 1.000000
vt 0.000000 1.000000
vt 0.000000 0.000000
vt 1.000000 0.000000
vt 1.000000 1.000000
vt 0.000000 1.000000
vt 0.000000 0.000000
vt 1.000000 0.000000
vt 1.000000 1.000000
vt 0.000000 1.000000
vt 0.000000 0.000000
vt 1.000000 0.000000
vt 1.000000 1.000000
vt 0.000000 1.000000
vt 0.000000 0.000000
vt 1.000000 0.000000
vt 1.000000 1.000000
vt 0.000000 1.000000
vt 0.000000 0.000000
vt 1.000000 0.000000
vt 1.000000 1.000000
vt 0.000000 1.000000
vt 0.000000 0.000000
vt 1.000000 0.000000
vt 1.000000 1.000000
vt 0.000000 1.000000
vt 0.000000 0.000000
vt 1.000000 0.000000
vt 1.000000 1.000000
vt 0.000000 1.000000
vt 0.000000 0.000000
vt 1.000000 0.000000
vt 1.000000 1.000000
vt 0.000000 1.000000
vt 0.000000 0.000000
vt 1.000000 0.000000
vt 1.000000 1.000000
vt 0.000000 1.000000
vt 0.000000 0.000000
vt 1.000000 0.000000
vt 1.000000 1.000000
vt 0.000000 1.000000
vt 0.000000 0.000000
vt 1.000000 0.000000
vt 1.000000 1.000000
vt 0.000000 1.000000
vt 0.000000 0.000000
vt 1.000000 0.000000
vt 1.000000 1.000000
vt 0.000000 1.000000
vt 0.000000 0.000000
vt 1.000000 0.000000
vt 1.000000 1.000000
vt 0.000000 1.000000
vt 0.000000 0.000000
vt 1.000000 0.000000
vt 1.000000 1.000000
vt 0.000000 1.000000
vt 0.000000 0.000000
vt 1.000000 0.000000
vt 1.000000 1.000000
vt 0.000000 1.000000
vt 0.000000 0.000000
vt 1.000000 0.000000
vt 1.000000 1.000000
vt 0.000000 1.000000
vt 0.000000 0.000000
vt 1.000000 0.000000
vt 1.000000 1.000000
vt 0.000000 1.000000
vt 0.000000 0.000000
vt 1.000000 0.000000
vt 1.000000 1.000000
vt 0.000000 1.000000
vt 0.000000 0.000000
vt 1.000000 0.000000
vt 1.000000 1.000000
vt 0.000000 1.000000
vt 0.000000 0.000000
vt 1.000000 0.000000
vt 1.000000 1.000000
vt 0.000000 1.000000
vt 0.000000 0.000000
vt 1.000000 0.000000
vt 1.000000 1.000000
vt 0.000000 1.000000
vt 0.000000 0.000000
vt 1.000000 0.000000
vt 1.000000 1.000000
vt 0.000000 1.000000
vt 0.000000 0.000000
vt 1.000000 0.000000
vt 1.000000 1.000000
vt 0.000000 1.000000
vt 0.000000 0.000000
vt 1.000000 0.000000
vt 1.000000 1.000000
vt 0.000000 1.000000
vt 0.000000 0.000000
vt 1.000000 0.000000
vt 1.000000 1.000000
vt 0.000000 1.000000
vt 0.000000 0.000000
vt 1.000000 0.000000
vt 1.000000 1.000000
vt 0.000000 1.000000
vt 0.000000 0.000000
vt 1.000000 0.000000
vt 1.000000 1.000000
vt 0.000000 1.000000
vt 0.000000 0.000000
vt 1.000000 0.000000
vt 1.000000 1.000000
vt 0.000000 1.000000
vt 0.000000 0.000000
vt 1.000000 0.000000
vt 1.000000 1.000000
vt 0.000000 1.000000
vt 0.000000 0.000000
vt 1.000000 0.000000
vt 1.000000 1.000000
vt 0.000000 1.000000
vt 0.000000 0.000000
vt 1.000000 0.000000
vt 1.000000 1.000000
vt 0.000000 1.000000
vt 0.000000 0.000000
vt 1.000000 0.000000
vt 1.000000 1.000000
vt 0.000000 1.000000
vt 0.000000 0.000000
vt 1.000000 0.000000
vt 1.000000 1.000000
vt 0.000000 1.000000
vt 0.000000 0.000000
vt 1.000000 0.000000
vt 1.000000 1.000000
vt 0.000000 1.000000
vt 0.000000 0.000000
vt 1.000000 0.000000
vt 1.000000 1.000000
vt 0.000000 1.000000
vt 0.000000 0.000000
vt 1.000000 0.000000
vt 1.000000 1.000000
vt 0.000000 1.000000
vt 0.000000 0.000000
vt 1.000000 0.000000
vt 1.000000 1.000000
vt 0.000000 1.000000
vt 0.000000 0.000000
vt 1.000000 0.000000
vt 1.000000 1.000000
vt 0.000000 1.000000
vt 0.000000 0.000000
vt 1.000000 0.000000
vt 1.000000 1.000000
vt 0.000000 1.000000
vt 0.000000 0.000000
vt 1.000000 0.000000
vt 1.000000 1.000000
vt 0.000000 1.000000
vt 0.000000 0.000000
vt 1.000000 0.000000
vt 1.000000 1.000000
vt 0.000000 1.000000
vt 0.000000 0.000000
vt 1.000000 0.000000
vt 1.000000 1.000000
vt 0.000000 1.000000
vt 0.000000 0.000000
vt 1.000000 0.000000
vt 1.000000 1.000000
vt 0.000000 1.000000
vt 0.000000 0.000000
vt 1.000000 0.000000
vt 1.000000 1.000000
vt 0.000000 1.000000
vt 0.000000 0.000000
vt 1.000000 0.000000
vt 1.000000 1.000000
vt 0.000000 1.000000
vt 0.000000 0.000000
vt 1.000000 0.000000
vt 1.000000 1.000000
vt 0.000000 1.000000
vt 0.000000 0.000000
vt 1.000000 0.000000
vt 1.000000 1.000000
vt 0.000000 1.000000
vt 0.000000 0.000000
vt 1.000000 0.000000
vt 1.000000 1.000000
vt 0.000000 1.000000
vt 0.000000 0.000000
vt 1.000000 0.000000
vt 1.000000 1.000000
vt 0.000000 1.000000
vt 0.000000 0.000000
vt 1.000000 0.000000
vt 1.000000 1.000000
vt 0.000000 1.000000
vt 0.000000 0.000000
vt 1.000000 0.000000
vt 1.000000 1.000000
vt 0.000000 1.000000
vt 0.000000 0.000000
vt 1.000000 0.000000
vt 1.000000 1.000000
vt 0.000000 1.000000
vt 0.000000 0.000000
vt 1.000000 0.000000
vt 1.000000 1.000000
vt 0.000000 1.000000
vt 0.000000 0.000000
vt 1.000000 0.000000
vt 1.000000 1.000000
vt 0.000000 1.000000
vt 0.000000 0.000000
vt 1.000000 0.000000
vt 1.000000 1.000000
vt 0.000000 1.000000
vt 0.000000 0.000000
vt 1.000000 0.000000
vt 1.000000 1.000000
vt 0.000000 1.000000
vt 0.000000 0.000000
vt 1.000000 0.000000
vt 1.000000 1.000000
vt 0.000000 1.000000
vt 0.000000 0.000000
vt 1.000000 0.000000
vt 1.000000 1.000000
vt 0.000000 1.000000
vt 0.000000 0.000000
vt 1.000000 0.000000
vt 1.000000 1.000000
vt 0.000000 1.000000
vt 0.000000 0.000000
vt 1.000000 0.000000
vt 1.000000 1.000000
vt 0.000000 1.000000
vt 0.000000 0.000000
vt 1.000000 0.000000
vt 1.000000 1.000000
vt 0.000000 1.000000
vt 0.000000 0.000000
vt 1.000000 0.000000
vt 1.000000 1.000000
vt 0.000000 1.000000
vt 0.000000 0.000000
vt 1.000000 0.000000
vt 1.000000 1.000000
vt 0.000000 1.000000
vt 0.000000 0.000000
vt 1.000000 0.000000
vt 1.000000 1.000000
vt 0.000000 1.000000
vt 0.000000 0.000000
vt 1.000000 0.000000
vt 1.000000 1.000000
vt 0.000000 1.000000
vt 0.000000 0.000000
vt 1.000000 0.000000
vt 1.000000 1.000000
vt 0.000000 1.000000
vt 0.000000 0.000000
vt 1.000000 0.000000
vt 1.000000 1.000000
vt 0.000000 1.000000
vt 0.000000 0.000000
vt 1.000000 0.000000
vt 1.000000 1.000000
vt 0.000000 1.000000
vt 0.000000 0.000000
vt 1.000000 0.000000
vt 1.000000 1.000000
vt 0.000000 1.000000
vt 0.000000 0.000000
vt 1.000000 0.000000
vt 1.000000 1.000000
vt 0.000000 1.000000
vt 0.000000 0.000000
vt 1.000000 0.000000
vt 1.000000 1.000000
vt 0.000000 1.000000
vt 0.000000 0.000000
vt 1.000000 0.000000
vt 1.000000 1.000000
vt 0.000000 1.000000
vt 0.000000 0.000000
vt 1.000000 0.000000
vt 1.000000 1.000000
vt 0.000000 1.000000
vt 0.000000 0.000000
vt 1.000000 0.000000
vt 1.000000 1.000000
vt 0.000000 1.000000
vt 0.000000 0.000000
vt 1.000000 0.000000
vt 1.000000 1.000000
vt 0.000000 1.000000
vt 0.000000 0.000000
vt 1.000000 0.000000
vt 1.000000 1.000000
vt 0.000000 1.000000
vt 0.000000 0.000000
vt 1.000000 0.000000
vt 1.000000 1.000000
vt 0.000000 1.000000
vt 0.000000 0.000000
vt 1.000000 0.000000
vt 1.000000 1.000000
vt 0.000000 1.000000
vt 0.000000 0.000000
vt 1.000000 0.000000
vt 1.000000 1.000000
vt 0.000000 1.000000
vt 0.000000 0.000000
vt 1.000000 0.000000
vt 1.000000 1.000000
vt 0.000000 1.000000
vt 0.000000 0.000000
vt 1.000000 0.000000
vt 1.000000 1.000000
vt 0.000000 1.000000
vt 0.000000 0.000000
vt 1.000000 0.000000
vt 1.000000 1.000000
vt 0.000000 1.000000
vt 0.000000 0.000000
vt 1.000000 0.000000
vt 1.000000 1.000000
vt 0.000000 1.000000
vt 0.000000 0.000000
vt 1.000000 0.000000
vt 1.000000 1.000000
vt 0.000000 1.000000
vt 0.000000 0.000000
vt 1.000000 0.000000
vt 1.000000 1.000000
vt 0.000000 1.000000
vt 0.000000 0.000000
vt 1.000000 0.000000
vt 1.000000 1.000000
vt 0.000000 1.000000
vt 0.000000 0.000000
vt 1.000000 0.000000
vt 1.000000 1.000000
vt 0.000000 1.000000
vt 0.000000 0.000000
vt 1.000000 0.000000
vt 1.000000 1.000000
vt 0.000000 1.000000
vt 0.000000 0.000000
vt 1.000000 0.000000
vt 1.000000 1.000000
vt 0.000000 1.000000
vt 0.000000 0.000000
vt 1.000000 0.000000
vt 1.000000 1.000000
vt 0.000000 1.000000
vt 0.000000 0.000000
vt 1.000000 0.000000
vt 1.000000 1.000000
vt 0.000000 1.000000
vt 0.000000 0.000000
vt 1.000000 0.000000
vt 1.000000 1.000000
vt 0.000000 1.000000
vt 0.000000 0.000000
vt 1.000000 0.000000
vt 1.000000 1.000000
vt 0.000000 1.000000
vt 0.000000 0.000000
vt 1.000000 0.000000
vt 1.000000 1.000000
vt 0.000000 1.000000
vt 0.000000 0.000000
vt 1.000000 0.000000
vt 1.000000 1.000000
vt 0.000000 1.000000
vt 0.000000 0.000000
vt 1.000000 0.000000
vt 1.000000 1.000000
vt 0.000000 1.000000
vt 0.000000 0.000000
vt 1.000000 0.000000
vt 1.000000 1.000000
vt 0.000000 1.000000
vt 0.000000 0.000000
vt 1.000000 0.000000
vt 1.000000 1.000000
vt 0.000000 1.000000
vt 0.000000 0.000000
vt 1.000000 0.000000
vt 1.000000 1.000000
vt 0.000000 1.000000
vt 0.000000 0.000000
vt 1.000000 0.000000
vt 1.000000 1.000000
vt 0.000000 1.000000
vt 0.000000 0.000000
vt 1.000000 0.000000
vt 1.000000 1.000000
vt 0.000000 1.000000
vt 0.000000 0.000000
vt 1.000000 0.000000
vt 1.000000 1.000000
vt 0.000000 1.000000
vt 0.000000 0.000000
vt 1.000000 0.000000
vt 1.000000 1.000000
vt 0.000000 1.000000
vt 0.000000 0.000000
vt 1.000000 0.000000
vt 1.000000 1.000000
vt 0.000000 1.000000
vt 0.000000 0.000000
vt 1.000000 0.000000
vt 1.000000 1.000000
vt 0.000000 1.000000
vt 0.000000 0.000000
vt 1.000000 0.000000
vt 1.000000 1.000000
vt 0.000000 1.000000
vt 0.000000 0.000000
vt 1.000000 0.000000
vt 1.000000 1.000000
vt 0.000000 1.000000
vt 0.000000 0.000000
vt 1.000000 0.000000
vt 1.000000 1.000000
vt 0.000000 1.000000
vt 0.000000 0.000000
vt 1.000000 0.000000
vt 1.000000 1.000000
vt 0.000000 1.000000
vt 0.000000 0.000000
vt 1.000000 0.000000
vt 1.000000 1.000000
vt 0.000000 1.000000
vt 0.000000 0.000000
vt 1.000000 0.000000
vt 1.000000 1.000000
vt 0.000000 1.000000
vt 0.000000 0.000000
vt 1.000000 0.000000
vt 1.000000 1.000000
vt 0.000000 1.000000
vt 0.000000 0.000000
vt 1.000000 0.000000
vt 1.000000 1.000000
vt 0.000000 1.000000
vt 0.000000 0.000000
vt 1.000000 0.000000
vt 1.000000 1.000000
vt 0.000000 1.000000
vt 0.000000 0.000000
vt 1.000000 0.000000
vt 1.000000 1.000000
vt 0.000000 1.000000
vt 0.000000 0.000000
vt 1.000000 0.000000
vt 1.000000 1.000000
vt 0.000000 1.000000
vt 0.000000 0.000000
vt 1.000000 0.000000
vt 1.000000 1.000000
vt 0.000000 1.000000
vt 0.000000 0.000000
vt 1.000000 0.000000
vt 1.000000 1.000000
vt 0.000000 1.000000
vt 0.000000 0.000000
vt 1.000000 0.000000
vt 1.000000 1.000000
vt 0.000000 1.000000
vt 0.000000 0.000000
vt 1.000000 0.000000
vt 1.000000 1.000000
vt 0.000000 1.000000
vt 0.000000 0.000000
vt 1.000000 0.000000
vt 1.000000 1.000000
vt 0.000000 1.000000
vt 0.000000 0.000000
vt 1.000000 0.000000
vt 1.000000 1.000000
vt 0.000000 1.000000
vt 0.000000 0.000000
vt 1.000000 0.000000
vt 1.000000 1.000000
vt 0.000000 1.000000
vt 0.000000 0.000000
vt 1.000000 0.000000
vt 1.000000 1.000000
vt 0.000000 1.000000
vt 0.000000 0.000000
vt 1.000000 0.000000
vt 1.000000 1.000000
vt 0.000000 1.000000
vt 0.000000 0.000000
vt 1.000000 0.000000
vt 1.000000 1.000000
vt 0.000000 1.000000
vt 0.000000 0.000000
vt 1.000000 0.000000
vt 1.000000 1.000000
vt 0.000000 1.000000
vt 0.000000 0.000000
vt 1.000000 0.000000
vt 1.000000 1.000000
vt 0.000000 1.000000
vt 0.000000 0.000000
vt 1.000000 0.000000
vt 1.000000 1.000000
vt 0.000000 1.000000
vt 0.000000 0.000000
vt 1.000000 0.000000
vt 1.000000 1.000000
vt 0.000000 1.000000
vt 0.000000 0.000000
vt 1.000000 0.000000
vt 1.000000 1.000000
vt 0.000000 1.000000
vt 0.000000 0.000000
vt 1.000000 0.000000
vt 1.000000 1.000000
vt 0.000000 1.000000
vt 0.000000 0.000000
vt 1.000000 0.000000
vt 1.000000 1.000000
vt 0.000000 1.000000
vt 0.000000 0.000000
vt 1.000000 0.000000
vt 1.000000 1.000000
vt 0.000000 1.000000
vt 0.000000 0.000000
vt 1.000000 0.000000
vt 1.000000 1.000000
vt 0.000000 1.000000
vt 0.000000 0.000000
vt 1.000000 0.000000
vt 1.000000 1.000000
vt 0.000000 1.000000
vt 0.000000 0.000000
vt 1.000000 0.000000
vt 1.000000 1.000000
vt 0.000000 1.000000
vt 0.000000 0.000000
vt 1.000000 0.000000
vt 1.000000 1.000000
vt 0.000000 1.000000
vt 0.000000 0.000000
vt 1.000000 0.000000
vt 1.000000 1.000000
vt 0.000000 1.000000
vt 0.000000 0.000000
vt 1.000000 0.000000
vt 1.000000 1.000000
vt 0.000000 1.000000
vt 0.000000 0.000000
vt 1.000000 0.000000
vt 1.000000 1.000000
vt 0.000000 1.000000
vt 0.000000 0.000000
vt 1.000000 0.000000
vt 1.000000 1.000000
vt 0.000000 1.000000
vt 0.000000 0.000000
vt 1.000000 0.000000
vt 1.000000 1.000000
vt 0.000000 1.000000
vt 0.000000 0.000000
vt 1.000000 0.000000
vt 1.000000 1.000000
vt 0.000000 1.000000
vt 0.000000 0.000000
vt 1.000000 0.000000
vt 1.000000 1.000000
vt 0.000000 1.000000
vt 0.000000 0.000000
vt 1.000000 0.000000
vt 1.000000 1.000000
vt 0.000000 1.000000
vt 0.000000 0.000000
vt 1.000000 0.000000
vt 1.000000 1.000000
vt 0.000000 1.000000
vt 0.000000 0.000000
vt 1.000000 0.000000
vt 1.000000 1.000000
vt 0.000000 1.000000
vt 0.000000 0.000000
vt 1.000000 0.000000
vt 1.000000 1.000000
vt 0.000000 1.000000
vt 0.000000 0.000000
vt 1.000000 0.000000
vt 1.000000 1.000000
vt 0.000000 1.000000
vt 0.000000 0.000000
vt 1.000000 0.000000
vt 1.000000 1.000000
vt 0.000000 1.000000
vt 0.000000 0.000000
vt 1.000000 0.000000
vt 1.000000 1.000000
vt 0.000000 1.000000
vt 0.000000 0.000000
vt 1.000000 0.000000
vt 1.000000 1.000000
vt 0.000000 1.000000
vt 0.000000 0.000000
vt 1.000000 0.000000
vt 1.000000 1.000000
vt 0.000000 1.000000
vt 0.000000 0.000000
vt 1.000000 0.000000
vt 1.000000 1.000000
vt 0.000000 1.000000
vt 0.000000 0.000000
vt 1.000000 0.000000
vt 1.000000 1.000000
vt 0.000000 1.000000
vt 0.000000 0.000000
vt 1.000000 0.000000
vt 1.000000 1.000000
vt 0.000000 1.000000
vt 0.000000 0.000000
vt 1.000000 0.000000
vt 1.000000 1.000000
vt 0.000000 1.000000
vt 0.000000 0.000000
vt 1.000000 0.000000
vt 1.000000 1.000000
vt 0.000000 1.000000
vt 0.000000 0.000000
vt 1.000000 0.000000
vt 1.000000 1.000000
vt 0.000000 1.000000
vt 0.000000 0.000000
vt 1.000000 0.000000
vt 1.000000 1.000000
vt 0.000000 1.000000
vt 0.500000 0.500000
vt 0.000000 0.000000
vt 1.000000 0.000000
vt 0.000000 0.000000
vt 1.000000 0.000000
vt 0.000000 0.000000
vt 1.000000 0.000000
vt 0.000000 0.000000
vt 1.000000 0.000000
vt 0.000000 0.000000
vt 1.000000 0.000000
vt 0.000000 0.000000
vt 1.000000 0.000000
vt 0.500000 0.500000
vt 0.000000 0.000000
vt 1.000000 0.000000
vt 0.000000 0.000000
vt 1.000000 0.000000
vt 0.000000 0.000000
vt 1.000000 0.000000
vt 0.000000 0.000000
vt 1.000000 0.000000
vt 0.000000 0.000000
vt 1.000000 0.000000
vt 0.000000 0.000000
vt 1.000000 0.000000
vt 0.000000 0.000000
vt 1.000000 0.000000
vt 1.000000 1.000000
vt 0.000000 1.000000
vt 0.000000 0.000000
vt 1.000000 0.000000
vt 1.000000 1.000000
vt 0.000000 1.000000
vt 0.000000 0.000000
vt 1.000000 0.000000
vt 1.000000 1.000000
vt 0.000000 1.000000
vt 0.000000 0.000000
vt 1.000000 0.000000
vt 1.000000 1.000000
vt 0.000000 1.000000
vt 0.000000 0.000000
vt 1.000000 0.000000
vt 1.000000 1.000000
vt 0.000000 1.000000
vt 0.000000 0.000000
vt 1.000000 0.000000
vt 1.000000 1.000000
vt 0.000000 1.000000
vt 0.500000 0.500000
vt 0.000000 0.000000
vt 1.000000 0.000000
vt 0.000000 0.000000
vt 1.000000 0.000000
vt 0.000000 0.000000
vt 1.000000 0.000000
vt 0.000000 0.000000
vt 1.000000 0.000000
vt 0.000000 0.000000
vt 1.000000 0.000000
vt 0.000000 0.000000
vt 1.000000 0.000000
vt 0.500000 0.500000
vt 0.000000 0.000000
vt 1.000000 0.000000
vt 0.000000 0.000000
vt 1.000000 0.000000
vt 0.000000 0.000000
vt 1.000000 0.000000
vt 0.000000 0.000000
vt 1.000000 0.000000
vt 0.000000 0.000000
vt 1.000000 0.000000
vt 0.000000 0.000000
vt 1.000000 0.000000
vt 0.000000 0.000000
vt 1.000000 0.000000
vt 1.000000 1.000000
vt 0.000000 1.000000
vt 0.000000 0.000000
vt 1.000000 0.000000
vt 1.000000 1.000000
vt 0.000000 1.000000
vt 0.000000 0.000000
vt 1.000000 0.000000
vt 1.000000 1.000000
vt 0.000000 1.000000
vt 0.000000 0.000000
vt 1.000000 0.000000
vt 1.000000 1.000000
vt 0.000000 1.000000
vt 0.000000 0.000000
vt 1.000000 0.000000
vt 1.000000 1.000000
vt 0.000000 1.000000
vt 0.000000 0.000000
vt 1.000000 0.000000
vt 1.000000 1.000000
vt 0.000000 1.000000
vt 0.500000 0.500000
vt 0.000000 0.000000
vt 1.000000 0.000000
vt 0.000000 0.000000
vt 1.000000 0.000000
vt 0.000000 0.000000
vt 1.000000 0.000000
vt 0.000000 0.000000
vt 1.000000 0.000000
vt 0.000000 0.000000
vt 1.000000 0.000000
vt 0.000000 0.000000
vt 1.000000 0.000000
vt 0.500000 0.500000
vt 0.000000 0.000000
vt 1.000000 0.000000
vt 0.000000 0.000000
vt 1.000000 0.000000
vt 0.000000 0.000000
vt 1.000000 0.000000
vt 0.000000 0.000000
vt 1.000000 0.000000
vt 0.000000 0.000000
vt 1.000000 0.000000
vt 0.000000 0.000000
vt 1.000000 0.000000
vt 0.000000 0.000000
vt 1.000000 0.000000
vt 1.000000 1.000000
vt 0.000000 1.000000
vt 0.000000 0.000000
vt 1.000000 0.000000
vt 1.000000 1.000000
vt 0.000000 1.000000
vt 0.000000 0.000000
vt 1.000000 0.000000
vt 1.000000 1.000000
vt 0.000000 1.000000
vt 0.000000 0.000000
vt 1.000000 0.000000
vt 1.000000 1.000000
vt 0.000000 1.000000
vt 0.000000 0.000000
vt 1.000000 0.000000
vt 1.000000 1.000000
vt 0.000000 1.000000
vt 0.000000 0.000000
vt 1.000000 0.000000
vt 1.000000 1.000000
vt 0.000000 1.000000
vt 0.500000 0.500000
vt 0.000000 0.000000
vt 1.000000 0.000000
vt 0.000000 0.000000
vt 1.000000 0.000000
vt 0.000000 0.000000
vt 1.000000 0.000000
vt 0.000000 0.000000
vt 1.000000 0.000000
vt 0.000000 0.000000
vt 1.000000 0.000000
vt 0.000000 0.000000
vt 1.000000 0.000000
vt 0.500000 0.500000
vt 0.000000 0.000000
vt 1.000000 0.000000
vt 0.000000 0.000000
vt 1.000000 0.000000
vt 0.000000 0.000000
vt 1.000000 0.000000
vt 0.000000 0.000000
vt 1.000000 0.000000
vt 0.000000 0.000000
vt 1.000000 0.000000
vt 0.000000 0.000000
vt 1.000000 0.000000
vt 0.000000 0.000000
vt 1.000000 0.000000
vt 1.000000 1.000000
vt 0.000000 1.000000
vt 0.000000 0.000000
vt 1.000000 0.000000
vt 1.000000 1.000000
vt 0.000000 1.000000
vt 0.000000 0.000000
vt 1.000000 0.000000
vt 1.000000 1.000000
vt 0.000000 1.000000
vt 0.000000 0.000000
vt 1.000000 0.000000
vt 1.000000 1.000000
vt 0.000000 1.000000
vt 0.000000 0.000000
vt 1.000000 0.000000
vt 1.000000 1.000000
vt 0.000000 1.000000
vt 0.000000 0.000000
vt 1.000000 0.000000
vt 1.000000 1.000000
vt 0.000000 1.000000
vt 0.500000 0.500000
vt 0.000000 0.000000
vt 1.000000 0.000000
vt 0.000000 0.000000
vt 1.000000 0.000000
vt 0.000000 0.000000
vt 1.000000 0.000000
vt 0.000000 0.000000
vt 1.000000 0.000000
vt 0.000000 0.000000
vt 1.000000 0.000000
vt 0.000000 0.000000
vt 1.000000 0.000000
vt 0.500000 0.500000
vt 0.000000 0.000000
vt 1.000000 0.000000
vt 0.000000 0.000000
vt 1.000000 0.000000
vt 0.000000 0.000000
vt 1.000000 0.000000
vt 0.000000 0.000000
vt 1.000000 0.000000
vt 0.000000 0.000000
vt 1.000000 0.000000
vt 0.000000 0.000000
vt 1.000000 0.000000
vt 0.000000 0.000000
vt 1.000000 0.000000
vt 1.000000 1.000000
vt 0.000000 1.000000
vt 0.000000 0.000000
vt 1.000000 0.000000
vt 1.000000 1.000000
vt 0.000000 1.000000
vt 0.000000 0.000000
vt 1.000000 0.000000
vt 1.000000 1.000000
vt 0.000000 1.000000
vt 0.000000 0.000000
vt 1.000000 0.000000
vt 1.000000 1.000000
vt 0.000000 1.000000
vt 0.000000 0.000000
vt 1.000000 0.000000
vt 1.000000 1.000000
vt 0.000000 1.000000
vt 0.000000 0.000000
vt 1.000000 0.000000
vt 1.000000 1.000000
vt 0.000000 1.000000
vt 0.500000 0.500000
vt 0.000000 0.000000
vt 1.000000 0.000000
vt 0.000000 0.000000
vt 1.000000 0.000000
vt 0.000000 0.000000
vt 1.000000 0.000000
vt 0.000000 0.000000
vt 1.000000 0.000000
vt 0.000000 0.000000
vt 1.000000 0.000000
vt 0.000000 0.000000
vt 1.000000 0.000000
vt 0.500000 0.500000
vt 0.000000 0.000000
vt 1.000000 0.000000
vt 0.000000 0.000000
vt 1.000000 0.000000
vt 0.000000 0.000000
vt 1.000000 0.000000
vt 0.000000 0.000000
vt 1.000000 0.000000
vt 0.000000 0.000000
vt 1.000000 0.000000
vt 0.000000 0.000000
vt 1.000000 0.000000
vt 0.000000 0.000000
vt 1.000000 0.000000
vt 1.000000 1.000000
vt 0.000000 1.000000
vt 0.000000 0.000000
vt 1.000000 0.000000
vt 1.000000 1.000000
vt 0.000000 1.000000
vt 0.000000 0.000000
vt 1.000000 0.000000
vt 1.000000 1.000000
vt 0.000000 1.000000
vt 0.000000 0.000000
vt 1.000000 0.000000
vt 1.000000 1.000000
vt 0.000000 1.000000
vt 0.000000 0.000000
vt 1.000000 0.000000
vt 1.000000 1.000000
vt 0.000000 1.000000
vt 0.000000 0.000000
vt 1.000000 0.000000
vt 1.000000 1.000000
vt 0.000000 1.000000
vt 0.500000 0.500000
vt 0.000000 0.000000
vt 1.000000 0.000000
vt 0.000000 0.000000
vt 1.000000 0.000000
vt 0.000000 0.000000
vt 1.000000 0.000000
vt 0.000000 0.000000
vt 1.000000 0.000000
vt 0.000000 0.000000
vt 1.000000 0.000000
vt 0.000000 0.000000
vt 1.000000 0.000000
vt 0.500000 0.500000
vt 0.000000 0.000000
vt 1.000000 0.000000
vt 0.000000 0.000000
vt 1.000000 0.000000
vt 0.000000 0.000000
vt 1.000000 0.000000
vt 0.000000 0.000000
vt 1.000000 0.000000
vt 0.000000 0.000000
vt 1.000000 0.000000
vt 0.000000 0.000000
vt 1.000000 0.000000
vt 0.000000 0.000000
vt 1.000000 0.000000
vt 1.000000 1.000000
vt 0.000000 1.000000
vt 0.000000 0.000000
vt 1.000000 0.000000
vt 1.000000 1.000000
vt 0.000000 1.000000
vt 0.000000 0.000000
vt 1.000000 0.000000
vt 1.000000 1.000000
vt 0.000000 1.000000
vt 0.000000 0.000000
vt 1.000000 0.000000
vt 1.000000 1.000000
vt 0.000000 1.000000
vt 0.000000 0.000000
vt 1.000000 0.000000
vt 1.000000 1.000000
vt 0.000000 1.000000
vt 0.000000 0.000000
vt 1.000000 0.000000
vt 1.000000 1.000000
vt 0.000000 1.000000
vt 0.500000 0.500000
vt 0.000000 0.000000
vt 1.000000 0.000000
vt 0.000000 0.000000
vt 1.000000 0.000000
vt 0.000000 0.000000
vt 1.000000 0.000000
vt 0.000000 0.000000
vt 1.000000 0.000000
vt 0.000000 0.000000
vt 1.000000 0.000000
vt 0.000000 0.000000
vt 1.000000 0.000000
vt 0.500000 0.500000
vt 0.000000 0.000000
vt 1.000000 0.000000
vt 0.000000 0.000000
vt 1.000000 0.000000
vt 0.000000 0.000000
vt 1.000000 0.000000
vt 0.000000 0.000000
vt 1.000000 0.000000
vt 0.000000 0.000000
vt 1.000000 0.000000
vt 0.000000 0.000000
vt 1.000000 0.000000
vt 0.000000 0.000000
vt 1.000000 0.000000
vt 1.000000 1.000000
vt 0.000000 1.000000
vt 0.000000 0.000000
vt 1.000000 0.000000
vt 1.000000 1.000000
vt 0.000000 1.000000
vt 0.000000 0.000000
vt 1.000000 0.000000
vt 1.000000 1.000000
vt 0.000000 1.000000
vt 0.000000 0.000000
vt 1.000000 0.000000
vt 1.000000 1.000000
vt 0.000000 1.000000
vt 0.000000 0.000000
vt 1.000000 0.000000
vt 1.000000 1.000000
vt 0.000000 1.000000
vt 0.000000 0.000000
vt 1.000000 0.000000
vt 1.000000 1.000000
vt 0.000000 1.000000
vt 0.500000 0.500000
vt 0.000000 0.000000
vt 1.000000 0.000000
vt 0.000000 0.000000
vt 1.000000 0.000000
vt 0.000000 0.000000
vt 1.000000 0.000000
vt 0.000000 0.000000
vt 1.000000 0.000000
vt 0.000000 0.000000
vt 1.000000 0.000000
vt 0.000000 0.000000
vt 1.000000 0.000000
vt 0.500000 0.500000
vt 0.000000 0.000000
vt 1.000000 0.000000
vt 0.000000 0.000000
vt 1.000000 0.000000
vt 0.000000 0.000000
vt 1.000000 0.000000
vt 0.000000 0.000000
vt 1.000000 0.000000
vt 0.000000 0.000000
vt 1.000000 0.000000
vt 0.000000 0.000000
vt 1.000000 0.000000
vt 0.000000 0.000000
vt 1.000000 0.000000
vt 1.000000 1.000000
vt 0.000000 1.000000
vt 0.000000 0.000000
vt 1.000000 0.000000
vt 1.000000 1.000000
vt 0.000000 1.000000
vt 0.000000 0.000000
vt 1.000000 0.000000
vt 1.000000 1.000000
vt 0.000000 1.000000
vt 0.000000 0.000000
vt 1.000000 0.000000
vt 1.000000 1.000000
vt 0.000000 1.000000
vt 0.000000 0.000000
vt 1.000000 0.000000
vt 1.000000 1.000000
vt 0.000000 1.000000
vt 0.000000 0.000000
vt 1.000000 0.000000
vt 1.000000 1.000000
vt 0.000000 1.000000
vt 0.500000 0.500000
vt 0.000000 0.000000
vt 1.000000 0.000000
vt 0.000000 0.000000
vt 1.000000 0.000000
vt 0.000000 0.000000
vt 1.000000 0.000000
vt 0.000000 0.000000
vt 1.000000 0.000000
vt 0.000000 0.000000
vt 1.000000 0.000000
vt 0.000000 0.000000
vt 1.000000 0.000000
vt 0.500000 0.500000
vt 0.000000 0.000000
vt 1.000000 0.000000
vt 0.000000 0.000000
vt 1.000000 0.000000
vt 0.000000 0.000000
vt 1.000000 0.000000
vt 0.000000 0.000000
vt 1.000000 0.000000
vt 0.000000 0.000000
vt 1.000000 0.000000
vt 0.000000 0.000000
vt 1.000000 0.000000
vt 0.000000 0.000000
vt 1.000000 0.000000
vt 1.000000 1.000000
vt 0.000000 1.000000
vt 0.000000 0.000000
vt 1.000000 0.000000
vt 1.000000 1.000000
vt 0.000000 1.000000
vt 0.000000 0.000000
vt 1.000000 0.000000
vt 1.000000 1.000000
vt 0.000000 1.000000
vt 0.000000 0.000000
vt 1.000000 0.000000
vt 1.000000 1.000000
vt 0.000000 1.000000
vt 0.000000 0.000000
vt 1.000000 0.000000
vt 1.000000 1.000000
vt 0.000000 1.000000
vt 0.000000 0.000000
vt 1.000000 0.000000
vt 1.000000 1.000000
vt 0.000000 1.000000
vt 0.500000 0.500000
vt 0.000000 0.000000
vt 1.000000 0.000000
vt 0.000000 0.000000
vt 1.000000 0.000000
vt 0.000000 0.000000
vt 1.000000 0.000000
vt 0.000000 0.000000
vt 1.000000 0.000000
vt 0.000000 0.000000
vt 1.000000 0.000000
vt 0.000000 0.000000
vt 1.000000 0.000000
vt 0.500000 0.500000
vt 0.000000 0.000000
vt 1.000000 0.000000
vt 0.000000 0.000000
vt 1.000000 0.000000
vt 0.000000 0.000000
vt 1.000000 0.000000
vt 0.000000 0.000000
vt 1.000000 0.000000
vt 0.000000 0.000000
vt 1.000000 0.000000
vt 0.000000 0.000000
vt 1.000000 0.000000
vt 0.000000 0.000000
vt 1.000000 0.000000
vt 1.000000 1.000000
vt 0.000000 1.000000
vt 0.000000 0.000000
vt 1.000000 0.000000
vt 1.000000 1.000000
vt 0.000000 1.000000
vt 0.000000 0.000000
vt 1.000000 0.000000
vt 1.000000 1.000000
vt 0.000000 1.000000
vt 0.000000 0.000000
vt 1.000000 0.000000
vt 1.000000 1.000000
vt 0.000000 1.000000
vt 0.000000 0.000000
vt 1.000000 0.000000
vt 1.000000 1.000000
vt 0.000000 1.000000
vt 0.000000 0.000000
vt 1.000000 0.000000
vt 1.000000 1.000000
vt 0.000000 1.000000
vt 0.500000 0.500000
vt 0.000000 0.000000
vt 1.000000 0.000000
vt 0.000000 0.000000
vt 1.000000 0.000000
vt 0.000000 0.000000
vt 1.000000 0.000000
vt 0.000000 0.000000
vt 1.000000 0.000000
vt 0.000000 0.000000
vt 1.000000 0.000000
vt 0.000000 0.000000
vt 1.000000 0.000000
vt 0.500000 0.500000
vt 0.000000 0.000000
vt 1.000000 0.000000
vt 0.000000 0.000000
vt 1.000000 0.000000
vt 0.000000 0.000000
vt 1.000000 0.000000
vt 0.000000 0.000000
vt 1.000000 0.000000
vt 0.000000 0.000000
vt 1.000000 0.000000
vt 0.000000 0.000000
vt 1.000000 0.000000
usemtl Tarp
f 1/1 2/2 3/3
f 1/1 3/3 4/4
f 5/5 6/6 7/7
f 5/5 7/7 8/8
f 9/9 10/10 11/11
f 9/9 11/11 12/12
f 13/13 14/14 15/15
f 13/13 15/15 16/16
f 17/17 18/18 19/19
f 17/17 19/19 20/20
f 21/21 22/22 23/23
f 21/21 23/23 24/24
f 25/25 26/26 27/27
f 25/25 27/27 28/28
f 29/29 30/30 31/31
f 29/29 31/31 32/32
f 33/33 34/34 35/35
f 33/33 35/35 36/36
f 37/37 38/38 39/39
f 37/37 39/39 40/40
f 41/41 42/42 43/43
f 41/41 43/43 44/44
f 45/45 46/46 47/47
f 45/45 47/47 48/48
f 49/49 50/50 51/51
f 49/49 51/51 52/52
f 53/53 54/54 55/55
f 53/53 55/55 56/56
f 57/57 58/58 59/59
f 57/57 59/59 60/60
f 61/61 62/62 63/63
f 61/61 63/63 64/64
f 65/65 66/66 67/67
f 65/65 67/67 68/68
f 69/69 70/70 71/71
f 69/69 71/71 72/72
f 73/73 74/74 75/75
f 73/73 75/75 76/76
f 77/77 78/78 79/79
f 77/77 79/79 80/80
f 81/81 82/82 83/83
f 81/81 83/83 84/84
f 85/85 86/86 87/87
f 85/85 87/87 88/88
f 89/89 90/90 91/91
f 89/89 91/91 92/92
f 93/93 94/94 95/95
f 93/93 95/95 96/96
f 97/97 98/98 99/99
f 97/97 99/99 100/100
f 101/101 102/102 103/103
f 101/101 103/103 104/104
f 105/105 106/106 107/107
f 105/105 107/107 108/108
f 109/109 110/110 111/111
f 109/109 111/111 112/112
f 113/113 114/114 115/115
f 113/113 115/115 116/116
f 117/117 118/118 119/119
f 117/117 119/119 120/120
f 121/121 122/122 123/123
f 121/121 123/123 124/124
f 125/125 126/126 127/127
f 125/125 127/127 128/128
f 129/129 130/130 131/131
f 129/129 131/131 132/132
f 133/133 134/134 135/135
f 133/133 135/135 136/136
f 137/137 138/138 139/139
f 137/137 139/139 140/140
f 141/141 142/142 143/143
f 141/141 143/143 144/144
f 145/145 146/146 147/147
f 145/145 147/147 148/148
f 149/149 150/150 151/151
f 149/149 151/151 152/152
f 153/153 154/154 155/155
f 153/153 155/155 156/156
f 157/157 158/158 159/159
f 157/157 159/159 160/160
f 161/161 162/162 163/163
f 161/161 163/163 164/164
f 165/165 166/166 167/167
f 165/165 167/167 168/168
f 169/169 170/170 171/171
f 169/169 171/171 172/172
f 173/173 174/174 175/175
f 173/173 175/175 176/176
f 177/177 178/178 179/179
f 177/177 179/179 180/180
f 181/181 182/182 183/183
f 181/181 183/183 184/184
f 185/185 186/186 187/187
f 185/185 187/187 188/188
f 189/189 190/190 191/191
f 189/189 191/191 192/192
f 193/193 194/194 195/195
f 193/193 195/195 196/196
f 197/197 198/198 199/199
f 197/197 199/199 200/200
f 201/201 202/202 203/203
f 201/201 203/203 204/204
f 205/205 206/206 207/207
f 205/205 207/207 208/208
f 209/209 210/210 211/211
f 209/209 211/211 212/212
f 213/213 214/214 215/215
f 213/213 215/215 216/216
f 217/217 218/218 219/219
f 217/217 219/219 220/220
f 221/221 222/222 223/223
f 221/221 223/223 224/224
f 225/225 226/226 227/227
f 225/225 227/227 228/228
f 229/229 230/230 231/231
f 229/229 231/231 232/232
f 233/233 234/234 235/235
f 233/233 235/235 236/236
f 237/237 238/238 239/239
f 237/237 239/239 240/240
f 241/241 242/242 243/243
f 241/241 243/243 244/244
f 245/245 246/246 247/247
f 245/245 247/247 248/248
f 249/249 250/250 251/251
f 249/249 251/251 252/252
f 253/253 254/254 255/255
f 253/253 255/255 256/256
f 257/257 258/258 259/259
f 257/257 259/259 260/260
f 261/261 262/262 263/263
f 261/261 263/263 264/264
f 265/265 266/266 267/267
f 265/265 267/267 268/268
f 269/269 270/270 271/271
f 269/269 271/271 272/272
f 273/273 274/274 275/275
f 273/273 275/275 276/276
f 277/277 278/278 279/279
f 277/277 279/279 280/280
f 281/281 282/282 283/283
f 281/281 283/283 284/284
f 285/285 286/286 287/287
f 285/285 287/287 288/288
f 289/289 290/290 291/291
f 289/289 291/291 292/292
f 293/293 294/294 295/295
f 293/293 295/295 296/296
f 297/297 298/298 299/299
f 297/297 299/299 300/300
f 301/301 302/302 303/303
f 301/301 303/303 304/304
f 305/305 306/306 307/307
f 305/305 307/307 308/308
f 309/309 310/310 311/311
f 309/309 311/311 312/312
f 313/313 314/314 315/315
f 313/313 315/315 316/316
f 317/317 318/318 319/319
f 317/317 319/319 320/320
f 321/321 322/322 323/323
f 321/321 323/323 324/324
f 325/325 326/326 327/327
f 325/325 327/327 328/328
f 329/329 330/330 331/331
f 329/329 331/331 332/332
f 333/333 334/334 335/335
f 333/333 335/335 336/336
f 337/337 338/338 339/339
f 337/337 339/339 340/340
f 341/341 342/342 343/343
f 341/341 343/343 344/344
f 345/345 346/346 347/347
f 345/345 347/347 348/348
f 349/349 350/350 351/351
f 349/349 351/351 352/352
f 353/353 354/354 355/355
f 353/353 355/355 356/356
f 357/357 358/358 359/359
f 357/357 359/359 360/360
f 361/361 362/362 363/363
f 361/361 363/363 364/364
f 365/365 366/366 367/367
f 365/365 367/367 368/368
f 369/369 370/370 371/371
f 369/369 371/371 372/372
f 373/373 374/374 375/375
f 373/373 375/375 376/376
f 377/377 378/378 379/379
f 377/377 379/379 380/380
f 381/381 382/382 383/383
f 381/381 383/383 384/384
f 385/385 386/386 387/387
f 385/385 387/387 388/388
f 389/389 390/390 391/391
f 389/389 391/391 392/392
f 393/393 394/394 395/395
f 393/393 395/395 396/396
f 397/397 398/398 399/399
f 397/397 399/399 400/400
f 401/401 402/402 403/403
f 401/401 403/403 404/404
f 405/405 406/406 407/407
f 405/405 407/407 408/408
f 409/409 410/410 411/411
f 409/409 411/411 412/412
f 413/413 414/414 415/415
f 413/413 415/415 416/416
f 417/417 418/418 419/419
f 417/417 419/419 420/420
f 421/421 422/422 423/423
f 421/421 423/423 424/424
f 425/425 426/426 427/427
f 425/425 427/427 428/428
f 429/429 430/430 431/431
f 429/429 431/431 432/432
f 433/433 434/434 435/435
f 433/433 435/435 436/436
f 437/437 438/438 439/439
f 437/437 439/439 440/440
f 441/441 442/442 443/443
f 441/441 443/443 444/444
f 445/445 446/446 447/447
f 445/445 447/447 448/448
f 449/449 450/450 451/451
f 449/449 451/451 452/452
f 453/453 454/454 455/455
f 453/453 455/455 456/456
f 457/457 458/458 459/459
f 457/457 459/459 460/460
f 461/461 462/462 463/463
f 461/461 463/463 464/464
f 465/465 466/466 467/467
f 465/465 467/467 468/468
f 469/469 470/470 471/471
f 469/469 471/471 472/472
f 473/473 474/474 475/475
f 473/473 475/475 476/476
f 477/477 478/478 479/479
f 477/477 479/479 480/480
f 481/481 482/482 483/483
f 481/481 483/483 484/484
f 485/485 486/486 487/487
f 485/485 487/487 488/488
f 489/489 490/490 491/491
f 489/489 491/491 492/492
f 493/493 494/494 495/495
f 493/493 495/495 496/496
f 497/497 498/498 499/499
f 497/497 499/499 500/500
f 501/501 502/502 503/503
f 501/501 503/503 504/504
f 505/505 506/506 507/507
f 505/505 507/507 508/508
f 509/509 510/510 511/511
f 509/509 511/511 512/512
f 513/513 514/514 515/515
f 513/513 515/515 516/516
f 517/517 518/518 519/519
f 517/517 519/519 520/520
f 521/521 522/522 523/523
f 521/521 523/523 524/524
f 525/525 526/526 527/527
f 525/525 527/527 528/528
f 529/529 530/530 531/531
f 529/529 531/531 532/532
f 533/533 534/534 535/535
f 533/533 535/535 536/536
f 537/537 538/538 539/539
f 537/537 539/539 540/540
f 541/541 542/542 543/543
f 541/541 543/543 544/544
f 545/545 546/546 547/547
f 545/545 547/547 548/548
f 549/549 550/550 551/551
f 549/549 551/551 552/552
f 553/553 554/554 555/555
f 553/553 555/555 556/556
f 557/557 558/558 559/559
f 557/557 559/559 560/560
f 561/561 562/562 563/563
f 561/561 563/563 564/564
f 565/565 566/566 567/567
f 565/565 567/567 568/568
f 569/569 570/570 571/571
f 569/569 571/571 572/572
f 573/573 574/574 575/575
f 573/573 575/575 576/576
f 577/577 578/578 579/579
f 577/577 579/579 580/580
f 581/581 582/582 583/583
f 581/581 583/583 584/584
f 585/585 586/586 587/587
f 585/585 587/587 588/588
f 589/589 590/590 591/591
f 589/589 591/591 592/592
f 593/593 594/594 595/595
f 593/593 595/595 596/596
f 597/597 598/598 599/599
f 597/597 599/599 600/600
f 601/601 602/602 603/603
f 601/601 603/603 604/604
f 605/605 606/606 607/607
f 605/605 607/607 608/608
f 609/609 610/610 611/611
f 609/609 611/611 612/612
f 613/613 614/614 615/615
f 613/613 615/615 616/616
f 617/617 618/618 619/619
f 617/617 619/619 620/620
f 621/621 622/622 623/623
f 621/621 623/623 624/624
f 625/625 626/626 627/627
f 625/625 627/627 628/628
f 629/629 630/630 631/631
f 629/629 631/631 632/632
f 633/633 634/634 635/635
f 633/633 635/635 636/636
f 637/637 638/638 639/639
f 637/637 639/639 640/640
f 641/641 642/642 643/643
f 641/641 643/643 644/644
f 645/645 646/646 647/647
f 645/645 647/647 648/648
f 649/649 650/650 651/651
f 649/649 651/651 652/652
f 653/653 654/654 655/655
f 653/653 655/655 656/656
f 657/657 658/658 659/659
f 657/657 659/659 660/660
f 661/661 662/662 663/663
f 661/661 663/663 664/664
f 665/665 666/666 667/667
f 665/665 667/667 668/668
f 669/669 670/670 671/671
f 669/669 671/671 672/672
f 673/673 674/674 675/675
f 673/673 675/675 676/676
f 677/677 678/678 679/679
f 677/677 679/679 680/680
f 681/681 682/682 683/683
f 681/681 683/683 684/684
f 685/685 686/686 687/687
f 685/685 687/687 688/688
f 689/689 690/690 691/691
f 689/689 691/691 692/692
f 693/693 694/694 695/695
f 693/693 695/695 696/696
f 697/697 698/698 699/699
f 697/697 699/699 700/700
f 701/701 702/702 703/703
f 701/701 703/703 704/704
f 705/705 706/706 707/707
f 705/705 707/707 708/708
f 709/709 710/710 711/711
f 709/709 711/711 712/712
f 713/713 714/714 715/715
f 713/713 715/715 716/716
f 717/717 718/718 719/719
f 717/717 719/719 720/720
f 721/721 722/722 723/723
f 721/721 723/723 724/724
f 725/725 726/726 727/727
f 725/725 727/727 728/728
f 729/729 730/730 731/731
f 729/729 731/731 732/732
f 733/733 734/734 735/735
f 733/733 735/735 736/736
f 737/737 738/738 739/739
f 737/737 739/739 740/740
f 741/741 742/742 743/743
f 741/741 743/743 744/744
f 745/745 746/746 747/747
f 745/745 747/747 748/748
f 749/749 750/750 751/751
f 749/749 751/751 752/752
f 753/753 754/754 755/755
f 753/753 755/755 756/756
f 757/757 758/758 759/759
f 757/757 759/759 760/760
f 761/761 762/762 763/763
f 761/761 763/763 764/764
f 765/765 766/766 767/767
f 765/765 767/767 768/768
usemtl Cloth
f 769/769 770/770 771/771
f 769/769 771/771 772/772
f 773/773 774/774 775/775
f 773/773 775/775 776/776
f 777/777 778/778 779/779
f 777/777 779/779 780/780
f 781/781 782/782 783/783
f 781/781 783/783 784/784
f 785/785 786/786 787/787
f 785/785 787/787 788/788
f 789/789 790/790 791/791
f 789/789 791/791 792/792
f 793/793 795/795 794/794
f 793/793 797/797 796/796
f 793/793 799/799 798/798
f 793/793 801/801 800/800
f 793/793 803/803 802/802
f 793/793 805/805 804/804
f 806/806 807/807 808/808
f 806/806 809/809 810/810
f 806/806 811/811 812/812
f 806/806 813/813 814/814
f 806/806 815/815 816/816
f 806/806 817/817 818/818
f 819/819 820/820 821/821
f 819/819 821/821 822/822
f 823/823 824/824 825/825
f 823/823 825/825 826/826
f 827/827 828/828 829/829
f 827/827 829/829 830/830
f 831/831 832/832 833/833
f 831/831 833/833 834/834
f 835/835 836/836 837/837
f 835/835 837/837 838/838
f 839/839 840/840 841/841
f 839/839 841/841 842/842
f 843/843 845/845 844/844
f 843/843 847/847 846/846
f 843/843 849/849 848/848
f 843/843 851/851 850/850
f 843/843 853/853 852/852
f 843/843 855/855 854/854
f 856/856 857/857 858/858
f 856/856 859/859 860/860
f 856/856 861/861 862/862
f 856/856 863/863 864/864
f 856/856 865/865 866/866
f 856/856 867/867 868/868
f 869/869 870/870 871/871
f 869/869 871/871 872/872
f 873/873 874/874 875/875
f 873/873 875/875 876/876
f 877/877 878/878 879/879
f 877/877 879/879 880/880
f 881/881 882/882 883/883
f 881/881 883/883 884/884
f 885/885 886/886 887/887
f 885/885 887/887 888/888
f 889/889 890/890 891/891
f 889/889 891/891 892/892
f 893/893 895/895 894/894
f 893/893 897/897 896/896
f 893/893 899/899 898/898
f 893/893 901/901 900/900
f 893/893 903/903 902/902
f 893/893 905/905 904/904
f 906/906 907/907 908/908
f 906/906 909/909 910/910
f 906/906 911/911 912/912
f 906/906 913/913 914/914
f 906/906 915/915 916/916
f 906/906 917/917 918/918
f 919/919 920/920 921/921
f 919/919 921/921 922/922
f 923/923 924/924 925/925
f 923/923 925/925 926/926
f 927/927 928/928 929/929
f 927/927 929/929 930/930
f 931/931 932/932 933/933
f 931/931 933/933 934/934
f 935/935 936/936 937/937
f 935/935 937/937 938/938
f 939/939 940/940 941/941
f 939/939 941/941 942/942
f 943/943 945/945 944/944
f 943/943 947/947 946/946
f 943/943 949/949 948/948
f 943/943 951/951 950/950
f 943/943 953/953 952/952
f 943/943 955/955 954/954
f 956/956 957/957 958/958
f 956/956 959/959 960/960
f 956/956 961/961 962/962
f 956/956 963/963 964/964
f 956/956 965/965 966/966
f 956/956 967/967 968/968
usemtl Metal
f 969/969 970/970 971/971
f 969/969 971/971 972/972
f 973/973 974/974 975/975
f 973/973 975/975 976/976
f 977/977 978/978 979/979
f 977/977 979/979 980/980
f 981/981 982/982 983/983
f 981/981 983/983 984/984
f 985/985 986/986 987/987
f 985/985 987/987 988/988
f 989/989 990/990 991/991
f 989/989 991/991 992/992
f 993/993 994/994 995/995
f 993/993 995/995 996/996
f 997/997 998/998 999/999
f 997/997 999/999 1000/1000
f 1001/1001 1002/1002 1003/1003
f 1001/1001 1003/1003 1004/1004
f 1005/1005 1006/1006 1007/1007
f 1005/1005 1007/1007 1008/1008
f 1009/1009 1010/1010 1011/1011
f 1009/1009 1011/1011 1012/1012
f 1013/1013 1014/1014 1015/1015
f 1013/1013 1015/1015 1016/1016
f 1017/1017 1018/1018 1019/1019
f 1017/1017 1019/1019 1020/1020
f 1021/1021 1022/1022 1023/1023
f 1021/1021 1023/1023 1024/1024
f 1025/1025 1026/1026 1027/1027
f 1025/1025 1027/1027 1028/1028
f 1029/1029 1030/1030 1031/1031
f 1029/1029 1031/1031 1032/1032
f 1033/1033 1034/1034 1035/1035
f 1033/1033 1035/1035 1036/1036
f 1037/1037 1038/1038 1039/1039
f 1037/1037 1039/1039 1040/1040
f 1041/1041 1042/1042 1043/1043
f 1041/1041 1043/1043 1044/1044
f 1045/1045 1046/1046 1047/1047
f 1045/1045 1047/1047 1048/1048
f 1049/1049 1050/1050 1051/1051
f 1049/1049 1051/1051 1052/1052
f 1053/1053 1054/1054 1055/1055
f 1053/1053 1055/1055 1056/1056
f 1057/1057 1058/1058 1059/1059
f 1057/1057 1059/1059 1060/1060
f 1061/1061 1062/1062 1063/1063
f 1061/1061 1063/1063 1064/1064
f 1065/1065 1066/1066 1067/1067
f 1065/1065 1067/1067 1068/1068
f 1069/1069 1070/1070 1071/1071
f 1069/1069 1071/1071 1072/1072
f 1073/1073 1074/1074 1075/1075
f 1073/1073 1075/1075 1076/1076
f 1077/1077 1078/1078 1079/1079
f 1077/1077 1079/1079 1080/1080
f 1081/1081 1082/1082 1083/1083
f 1081/1081 1083/1083 1084/1084
f 1085/1085 1086/1086 1087/1087
f 1085/1085 1087/1087 1088/1088
f 1089/1089 1090/1090 1091/1091
f 1089/1089 1091/1091 1092/1092
f 1093/1093 1094/1094 1095/1095
f 1093/1093 1095/1095 1096/1096
f 1097/1097 1098/1098 1099/1099
f 1097/1097 1099/1099 1100/1100
f 1101/1101 1102/1102 1103/1103
f 1101/1101 1103/1103 1104/1104
f 1105/1105 1106/1106 1107/1107
f 1105/1105 1107/1107 1108/1108
f 1109/1109 1110/1110 1111/1111
f 1109/1109 1111/1111 1112/1112
f 1113/1113 1114/1114 1115/1115
f 1113/1113 1115/1115 1116/1116
f 1117/1117 1118/1118 1119/1119
f 1117/1117 1119/1119 1120/1120
f 1121/1121 1122/1122 1123/1123
f 1121/1121 1123/1123 1124/1124
f 1125/1125 1126/1126 1127/1127
f 1125/1125 1127/1127 1128/1128
f 1129/1129 1130/1130 1131/1131
f 1129/1129 1131/1131 1132/1132
f 1133/1133 1134/1134 1135/1135
f 1133/1133 1135/1135 1136/1136
f 1137/1137 1138/1138 1139/1139
f 1137/1137 1139/1139 1140/1140
f 1141/1141 1142/1142 1143/1143
f 1141/1141 1143/1143 1144/1144
f 1145/1145 1146/1146 1147/1147
f 1145/1145 1147/1147 1148/1148
f 1149/1149 1150/1150 1151/1151
f 1149/1149 1151/1151 1152/1152
f 1153/1153 1154/1154 1155/1155
f 1153/1153 1155/1155 1156/1156
f 1157/1157 1158/1158 1159/1159
f 1157/1157 1159/1159 1160/1160
f 1161/1161 1162/1162 1163/1163
f 1161/1161 1163/1163 1164/1164
f 1165/1165 1166/1166 1167/1167
f 1165/1165 1167/1167 1168/1168
f 1169/1169 1170/1170 1171/1171
f 1169/1169 1171/1171 1172/1172
f 1173/1173 1174/1174 1175/1175
f 1173/1173 1175/1175 1176/1176
f 1177/1177 1178/1178 1179/1179
f 1177/1177 1179/1179 1180/1180
f 1181/1181 1182/1182 1183/1183
f 1181/1181 1183/1183 1184/1184
f 1185/1185 1186/1186 1187/1187
f 1185/1185 1187/1187 1188/1188
f 1189/1189 1190/1190 1191/1191
f 1189/1189 1191/1191 1192/1192
f 1193/1193 1194/1194 1195/1195
f 1193/1193 1195/1195 1196/1196
f 1197/1197 1198/1198 1199/1199
f 1197/1197 1199/1199 1200/1200
f 1201/1201 1202/1202 1203/1203
f 1201/1201 1203/1203 1204/1204
f 1205/1205 1206/1206 1207/1207
f 1205/1205 1207/1207 1208/1208
f 1209/1209 1210/1210 1211/1211
f 1209/1209 1211/1211 1212/1212
f 1213/1213 1214/1214 1215/1215
f 1213/1213 1215/1215 1216/1216
f 1217/1217 1218/1218 1219/1219
f 1217/1217 1219/1219 1220/1220
f 1221/1221 1222/1222 1223/1223
f 1221/1221 1223/1223 1224/1224
f 1225/1225 1226/1226 1227/1227
f 1225/1225 1227/1227 1228/1228
f 1229/1229 1230/1230 1231/1231
f 1229/1229 1231/1231 1232/1232
f 1233/1233 1234/1234 1235/1235
f 1233/1233 1235/1235 1236/1236
f 1237/1237 1238/1238 1239/1239
f 1237/1237 1239/1239 1240/1240
f 1241/1241 1242/1242 1243/1243
f 1241/1241 1243/1243 1244/1244
f 1245/1245 1246/1246 1247/1247
f 1245/1245 1247/1247 1248/1248
f 1249/1249 1250/1250 1251/1251
f 1249/1249 1251/1251 1252/1252
f 1253/1253 1254/1254 1255/1255
f 1253/1253 1255/1255 1256/1256
f 1257/1257 1258/1258 1259/1259
f 1257/1257 1259/1259 1260/1260
f 1261/1261 1262/1262 1263/1263
f 1261/1261 1263/1263 1264/1264
f 1265/1265 1266/1266 1267/1267
f 1265/1265 1267/1267 1268/1268
f 1269/1269 1270/1270 1271/1271
f 1269/1269 1271/1271 1272/1272
f 1273/1273 1274/1274 1275/1275
f 1273/1273 1275/1275 1276/1276
f 1277/1277 1278/1278 1279/1279
f 1277/1277 1279/1279 1280/1280
f 1281/1281 1282/1282 1283/1283
f 1281/1281 1283/1283 1284/1284
f 1285/1285 1286/1286 1287/1287
f 1285/1285 1287/1287 1288/1288
f 1289/1289 1290/1290 1291/1291
f 1289/1289 1291/1291 1292/1292
f 1293/1293 1294/1294 1295/1295
f 1293/1293 1295/1295 1296/1296
f 1297/1297 1298/1298 1299/1299
f 1297/1297 1299/1299 1300/1300
f 1301/1301 1302/1302 1303/1303
f 1301/1301 1303/1303 1304/1304
f 1305/1305 1306/1306 1307/1307
f 1305/1305 1307/1307 1308/1308
f 1309/1309 1310/1310 1311/1311
f 1309/1309 1311/1311 1312/1312
f 1313/1313 1314/1314 1315/1315
f 1313/1313 1315/1315 1316/1316
f 1317/1317 1318/1318 1319/1319
f 1317/1317 1319/1319 1320/1320
f 1321/1321 1322/1322 1323/1323
f 1321/1321 1323/1323 1324/1324
f 1325/1325 1326/1326 1327/1327
f 1325/1325 1327/1327 1328/1328
f 1329/1329 1330/1330 1331/1331
f 1329/1329 1331/1331 1332/1332
f 1333/1333 1334/1334 1335/1335
f 1333/1333 1335/1335 1336/1336
f 1337/1337 1338/1338 1339/1339
f 1337/1337 1339/1339 1340/1340
f 1341/1341 1342/1342 1343/1343
f 1341/1341 1343/1343 1344/1344
f 1345/1345 1346/1346 1347/1347
f 1345/1345 1347/1347 1348/1348
f 1349/1349 1350/1350 1351/1351
f 1349/1349 1351/1351 1352/1352
f 1353/1353 1354/1354 1355/1355
f 1353/1353 1355/1355 1356/1356
f 1357/1357 1358/1358 1359/1359
f 1357/1357 1359/1359 1360/1360
f 1361/1361 1362/1362 1363/1363
f 1361/1361 1363/1363 1364/1364
f 1365/1365 1366/1366 1367/1367
f 1365/1365 1367/1367 1368/1368
f 1369/1369 1370/1370 1371/1371
f 1369/1369 1371/1371 1372/1372
f 1373/1373 1374/1374 1375/1375
f 1373/1373 1375/1375 1376/1376
f 1377/1377 1378/1378 1379/1379
f 1377/1377 1379/1379 1380/1380
f 1381/1381 1382/1382 1383/1383
f 1381/1381 1383/1383 1384/1384
f 1385/1385 1386/1386 1387/1387
f 1385/1385 1387/1387 1388/1388
f 1389/1389 1390/1390 1391/1391
f 1389/1389 1391/1391 1392/1392
f 1393/1393 1394/1394 1395/1395
f 1393/1393 1395/1395 1396/1396
f 1397/1397 1398/1398 1399/1399
f 1397/1397 1399/1399 1400/1400
f 1401/1401 1402/1402 1403/1403
f 1401/1401 1403/1403 1404/1404
f 1405/1405 1406/1406 1407/1407
f 1405/1405 1407/1407 1408/1408
f 1409/1409 1410/1410 1411/1411
f 1409/1409 1411/1411 1412/1412
f 1413/1413 1414/1414 1415/1415
f 1413/1413 1415/1415 1416/1416
f 1417/1417 1418/1418 1419/1419
f 1417/1417 1419/1419 1420/1420
f 1421/1421 1422/1422 1423/1423
f 1421/1421 1423/1423 1424/1424
f 1425/1425 1426/1426 1427/1427
f 1425/1425 1427/1427 1428/1428
f 1429/1429 1430/1430 1431/1431
f 1429/1429 1431/1431 1432/1432
f 1433/1433 1434/1434 1435/1435
f 1433/1433 1435/1435 1436/1436
f 1437/1437 1438/1438 1439/1439
f 1437/1437 1439/1439 1440/1440
f 1441/1441 1442/1442 1443/1443
f 1441/1441 1443/1443 1444/1444
f 1445/1445 1446/1446 1447/1447
f 1445/1445 1447/1447 1448/1448
f 1449/1449 1450/1450 1451/1451
f 1449/1449 1451/1451 1452/1452
f 1453/1453 1454/1454 1455/1455
f 1453/1453 1455/1455 1456/1456
f 1457/1457 1458/1458 1459/1459
f 1457/1457 1459/1459 1460/1460
f 1461/1461 1462/1462 1463/1463
f 1461/1461 1463/1463 1464/1464
f 1465/1465 1466/1466 1467/1467
f 1465/1465 1467/1467 1468/1468
f 1469/1469 1470/1470 1471/1471
f 1469/1469 1471/1471 1472/1472
f 1473/1473 1474/1474 1475/1475
f 1473/1473 1475/1475 1476/1476
f 1477/1477 1478/1478 1479/1479
f 1477/1477 1479/1479 1480/1480
f 1481/1481 1482/1482 1483/1483
f 1481/1481 1483/1483 1484/1484
f 1485/1485 1486/1486 1487/1487
f 1485/1485 1487/1487 1488/1488
f 1489/1489 1490/1490 1491/1491
f 1489/1489 1491/1491 1492/1492
f 1493/1493 1494/1494 1495/1495
f 1493/1493 1495/1495 1496/1496
f 1497/1497 1498/1498 1499/1499
f 1497/1497 1499/1499 1500/1500
f 1501/1501 1502/1502 1503/1503
f 1501/1501 1503/1503 1504/1504
f 1505/1505 1506/1506 1507/1507
f 1505/1505 1507/1507 1508/1508
f 1509/1509 1510/1510 1511/1511
f 1509/1509 1511/1511 1512/1512
f 1513/1513 1514/1514 1515/1515
f 1513/1513 1515/1515 1516/1516
f 1517/1517 1518/1518 1519/1519
f 1517/1517 1519/1519 1520/1520
f 1521/1521 1522/1522 1523/1523
f 1521/1521 1523/1523 1524/1524
f 1525/1525 1526/1526 1527/1527
f 1525/1525 1527/1527 1528/1528
f 1529/1529 1530/1530 1531/1531
f 1529/1529 1531/1531 1532/1532
f 1533/1533 1534/1534 1535/1535
f 1533/1533 1535/1535 1536/1536
f 1537/1537 1538/1538 1539/1539
f 1537/1537 1539/1539 1540/1540
f 1541/1541 1542/1542 1543/1543
f 1541/1541 1543/1543 1544/1544
f 1545/1545 1546/1546 1547/1547
f 1545/1545 1547/1547 1548/1548
f 1549/1549 1550/1550 1551/1551
f 1549/1549 1551/1551 1552/1552
f 1553/1553 1554/1554 1555/1555
f 1553/1553 1555/1555 1556/1556
f 1557/1557 1558/1558 1559/1559
f 1557/1557 1559/1559 1560/1560
f 1561/1561 1562/1562 1563/1563
f 1561/1561 1563/1563 1564/1564
f 1565/1565 1566/1566 1567/1567
f 1565/1565 1567/1567 1568/1568
f 1569/1569 1570/1570 1571/1571
f 1569/1569 1571/1571 1572/1572
f 1573/1573 1574/1574 1575/1575
f 1573/1573 1575/1575 1576/1576
f 1577/1577 1578/1578 1579/1579
f 1577/1577 1579/1579 1580/1580
f 1581/1581 1582/1582 1583/1583
f 1581/1581 1583/1583 1584/1584
f 1585/1585 1586/1586 1587/1587
f 1585/1585 1587/1587 1588/1588
f 1589/1589 1590/1590 1591/1591
f 1589/1589 1591/1591 1592/1592
f 1593/1593 1594/1594 1595/1595
f 1593/1593 1595/1595 1596/1596
f 1597/1597 1598/1598 1599/1599
f 1597/1597 1599/1599 1600/1600
f 1601/1601 1602/1602 1603/1603
f 1601/1601 1603/1603 1604/1604
f 1605/1605 1606/1606 1607/1607
f 1605/1605 1607/1607 1608/1608
f 1609/1609 1610/1610 1611/1611
f 1609/1609 1611/1611 1612/1612
f 1613/1613 1614/1614 1615/1615
f 1613/1613 1615/1615 1616/1616
f 1617/1617 1618/1618 1619/1619
f 1617/1617 1619/1619 1620/1620
f 1621/1621 1622/1622 1623/1623
f 1621/1621 1623/1623 1624/1624
f 1625/1625 1626/1626 1627/1627
f 1625/1625 1627/1627 1628/1628
f 1629/1629 1630/1630 1631/1631
f 1629/1629 1631/1631 1632/1632
f 1633/1633 1634/1634 1635/1635
f 1633/1633 1635/1635 1636/1636
f 1637/1637 1638/1638 1639/1639
f 1637/1637 1639/1639 1640/1640
f 1641/1641 1642/1642 1643/1643
f 1641/1641 1643/1643 1644/1644
f 1645/1645 1646/1646 1647/1647
f 1645/1645 1647/1647 1648/1648
f 1649/1649 1650/1650 1651/1651
f 1649/1649 1651/1651 1652/1652
f 1653/1653 1654/1654 1655/1655
f 1653/1653 1655/1655 1656/1656
f 1657/1657 1658/1658 1659/1659
f 1657/1657 1659/1659 1660/1660
f 1661/1661 1662/1662 1663/1663
f 1661/1661 1663/1663 1664/1664
f 1665/1665 1666/1666 1667/1667
f 1665/1665 1667/1667 1668/1668
f 1669/1669 1670/1670 1671/1671
f 1669/1669 1671/1671 1672/1672
f 1673/1673 1674/1674 1675/1675
f 1673/1673 1675/1675 1676/1676
f 1677/1677 1678/1678 1679/1679
f 1677/1677 1679/1679 1680/1680
f 1681/1681 1682/1682 1683/1683
f 1681/1681 1683/1683 1684/1684
f 1685/1685 1686/1686 1687/1687
f 1685/1685 1687/1687 1688/1688
f 1689/1689 1690/1690 1691/1691
f 1689/1689 1691/1691 1692/1692
f 1693/1693 1694/1694 1695/1695
f 1693/1693 1695/1695 1696/1696
f 1697/1697 1698/1698 1699/1699
f 1697/1697 1699/1699 1700/1700
f 1701/1701 1702/1702 1703/1703
f 1701/1701 1703/1703 1704/1704
f 1705/1705 1706/1706 1707/1707
f 1705/1705 1707/1707 1708/1708
f 1709/1709 1710/1710 1711/1711
f 1709/1709 1711/1711 1712/1712
f 1713/1713 1714/1714 1715/1715
f 1713/1713 1715/1715 1716/1716
f 1717/1717 1718/1718 1719/1719
f 1717/1717 1719/1719 1720/1720
f 1721/1721 1722/1722 1723/1723
f 1721/1721 1723/1723 1724/1724
f 1725/1725 1726/1726 1727/1727
f 1725/1725 1727/1727 1728/1728
f 1729/1729 1730/1730 1731/1731
f 1729/1729 1731/1731 1732/1732
f 1733/1733 1734/1734 1735/1735
f 1733/1733 1735/1735 1736/1736
usemtl Rope
f 1737/1737 1738/1738 1739/1739
f 1737/1737 1739/1739 1740/1740
f 1741/1741 1742/1742 1743/1743
f 1741/1741 1743/1743 1744/1744
f 1745/1745 1746/1746 1747/1747
f 1745/1745 1747/1747 1748/1748
f 1749/1749 1750/1750 1751/1751
f 1749/1749 1751/1751 1752/1752
f 1753/1753 1754/1754 1755/1755
f 1753/1753 1755/1755 1756/1756
f 1757/1757 1758/1758 1759/1759
f 1757/1757 1759/1759 1760/1760
f 1761/1761 1763/1763 1762/1762
f 1761/1761 1765/1765 1764/1764
f 1761/1761 1767/1767 1766/1766
f 1761/1761 1769/1769 1768/1768
f 1761/1761 1771/1771 1770/1770
f 1761/1761 1773/1773 1772/1772
f 1774/1774 1775/1775 1776/1776
f 1774/1774 1777/1777 1778/1778
f 1774/1774 1779/1779 1780/1780
f 1774/1774 1781/1781 1782/1782
f 1774/1774 1783/1783 1784/1784
f 1774/1774 1785/1785 1786/1786
usemtl Wood
f 1787/1787 1788/1788 1789/1789
f 1787/1787 1789/1789 1790/1790
f 1791/1791 1792/1792 1793/1793
f 1791/1791 1793/1793 1794/1794
f 1795/1795 1796/1796 1797/1797
f 1795/1795 1797/1797 1798/1798
f 1799/1799 1800/1800 1801/1801
f 1799/1799 1801/1801 1802/1802
f 1803/1803 1804/1804 1805/1805
f 1803/1803 1805/1805 1806/1806
f 1807/1807 1808/1808 1809/1809
f 1807/1807 1809/1809 1810/1810
f 1811/1811 1813/1813 1812/1812
f 1811/1811 1815/1815 1814/1814
f 1811/1811 1817/1817 1816/1816
f 1811/1811 1819/1819 1818/1818
f 1811/1811 1821/1821 1820/1820
f 1811/1811 1823/1823 1822/1822
f 1824/1824 1825/1825 1826/1826
f 1824/1824 1827/1827 1828/1828
f 1824/1824 1829/1829 1830/1830
f 1824/1824 1831/1831 1832/1832
f 1824/1824 1833/1833 1834/1834
f 1824/1824 1835/1835 1836/1836
f 1837/1837 1838/1838 1839/1839
f 1837/1837 1839/1839 1840/1840
f 1841/1841 1842/1842 1843/1843
f 1841/1841 1843/1843 1844/1844
f 1845/1845 1846/1846 1847/1847
f 1845/1845 1847/1847 1848/1848
f 1849/1849 1850/1850 1851/1851
f 1849/1849 1851/1851 1852/1852
f 1853/1853 1854/1854 1855/1855
f 1853/1853 1855/1855 1856/1856
f 1857/1857 1858/1858 1859/1859
f 1857/1857 1859/1859 1860/1860
f 1861/1861 1863/1863 1862/1862
f 1861/1861 1865/1865 1864/1864
f 1861/1861 1867/1867 1866/1866
f 1861/1861 1869/1869 1868/1868
f 1861/1861 1871/1871 1870/1870
f 1861/1861 1873/1873 1872/1872
f 1874/1874 1875/1875 1876/1876
f 1874/1874 1877/1877 1878/1878
f 1874/1874 1879/1879 1880/1880
f 1874/1874 1881/1881 1882/1882
f 1874/1874 1883/1883 1884/1884
f 1874/1874 1885/1885 1886/1886
usemtl Rope
f 1887/1887 1888/1888 1889/1889
f 1887/1887 1889/1889 1890/1890
f 1891/1891 1892/1892 1893/1893
f 1891/1891 1893/1893 1894/1894
f 1895/1895 1896/1896 1897/1897
f 1895/1895 1897/1897 1898/1898
f 1899/1899 1900/1900 1901/1901
f 1899/1899 1901/1901 1902/1902
f 1903/1903 1904/1904 1905/1905
f 1903/1903 1905/1905 1906/1906
f 1907/1907 1908/1908 1909/1909
f 1907/1907 1909/1909 1910/1910
f 1911/1911 1913/1913 1912/1912
f 1911/1911 1915/1915 1914/1914
f 1911/1911 1917/1917 1916/1916
f 1911/1911 1919/1919 1918/1918
f 1911/1911 1921/1921 1920/1920
f 1911/1911 1923/1923 1922/1922
f 1924/1924 1925/1925 1926/1926
f 1924/1924 1927/1927 1928/1928
f 1924/1924 1929/1929 1930/1930
f 1924/1924 1931/1931 1932/1932
f 1924/1924 1933/1933 1934/1934
f 1924/1924 1935/1935 1936/1936
usemtl Wood
f 1937/1937 1938/1938 1939/1939
f 1937/1937 1939/1939 1940/1940
f 1941/1941 1942/1942 1943/1943
f 1941/1941 1943/1943 1944/1944
f 1945/1945 1946/1946 1947/1947
f 1945/1945 1947/1947 1948/1948
f 1949/1949 1950/1950 1951/1951
f 1949/1949 1951/1951 1952/1952
f 1953/1953 1954/1954 1955/1955
f 1953/1953 1955/1955 1956/1956
f 1957/1957 1958/1958 1959/1959
f 1957/1957 1959/1959 1960/1960
f 1961/1961 1963/1963 1962/1962
f 1961/1961 1965/1965 1964/1964
f 1961/1961 1967/1967 1966/1966
f 1961/1961 1969/1969 1968/1968
f 1961/1961 1971/1971 1970/1970
f 1961/1961 1973/1973 1972/1972
f 1974/1974 1975/1975 1976/1976
f 1974/1974 1977/1977 1978/1978
f 1974/1974 1979/1979 1980/1980
f 1974/1974 1981/1981 1982/1982
f 1974/1974 1983/1983 1984/1984
f 1974/1974 1985/1985 1986/1986
f 1987/1987 1988/1988 1989/1989
f 1987/1987 1989/1989 1990/1990
f 1991/1991 1992/1992 1993/1993
f 1991/1991 1993/1993 1994/1994
f 1995/1995 1996/1996 1997/1997
f 1995/1995 1997/1997 1998/1998
f 1999/1999 2000/2000 2001/2001
f 1999/1999 2001/2001 2002/2002
f 2003/2003 2004/2004 2005/2005
f 2003/2003 2005/2005 2006/2006
f 2007/2007 2008/2008 2009/2009
f 2007/2007 2009/2009 2010/2010
f 2011/2011 2013/2013 2012/2012
f 2011/2011 2015/2015 2014/2014
f 2011/2011 2017/2017 2016/2016
f 2011/2011 2019/2019 2018/2018
f 2011/2011 2021/2021 2020/2020
f 2011/2011 2023/2023 2022/2022
f 2024/2024 2025/2025 2026/2026
f 2024/2024 2027/2027 2028/2028
f 2024/2024 2029/2029 2030/2030
f 2024/2024 2031/2031 2032/2032
f 2024/2024 2033/2033 2034/2034
f 2024/2024 2035/2035 2036/2036
usemtl Rope
f 2037/2037 2038/2038 2039/2039
f 2037/2037 2039/2039 2040/2040
f 2041/2041 2042/2042 2043/2043
f 2041/2041 2043/2043 2044/2044
f 2045/2045 2046/2046 2047/2047
f 2045/2045 2047/2047 2048/2048
f 2049/2049 2050/2050 2051/2051
f 2049/2049 2051/2051 2052/2052
f 2053/2053 2054/2054 2055/2055
f 2053/2053 2055/2055 2056/2056
f 2057/2057 2058/2058 2059/2059
f 2057/2057 2059/2059 2060/2060
f 2061/2061 2063/2063 2062/2062
f 2061/2061 2065/2065 2064/2064
f 2061/2061 2067/2067 2066/2066
f 2061/2061 2069/2069 2068/2068
f 2061/2061 2071/2071 2070/2070
f 2061/2061 2073/2073 2072/2072
f 2074/2074 2075/2075 2076/2076
f 2074/2074 2077/2077 2078/2078
f 2074/2074 2079/2079 2080/2080
f 2074/2074 2081/2081 2082/2082
f 2074/2074 2083/2083 2084/2084
f 2074/2074 2085/2085 2086/2086
usemtl Wood
f 2087/2087 2088/2088 2089/2089
f 2087/2087 2089/2089 2090/2090
f 2091/2091 2092/2092 2093/2093
f 2091/2091 2093/2093 2094/2094
f 2095/2095 2096/2096 2097/2097
f 2095/2095 2097/2097 2098/2098
f 2099/2099 2100/2100 2101/2101
f 2099/2099 2101/2101 2102/2102
f 2103/2103 2104/2104 2105/2105
f 2103/2103 2105/2105 2106/2106
f 2107/2107 2108/2108 2109/2109
f 2107/2107 2109/2109 2110/2110
f 2111/2111 2113/2113 2112/2112
f 2111/2111 2115/2115 2114/2114
f 2111/2111 2117/2117 2116/2116
f 2111/2111 2119/2119 2118/2118
f 2111/2111 2121/2121 2120/2120
f 2111/2111 2123/2123 2122/2122
f 2124/2124 2125/2125 2126/2126
f 2124/2124 2127/2127 2128/2128
f 2124/2124 2129/2129 2130/2130
f 2124/2124 2131/2131 2132/2132
f 2124/2124 2133/2133 2134/2134
f 2124/2124 2135/2135 2136/2136
f 2137/2137 2138/2138 2139/2139
f 2137/2137 2139/2139 2140/2140
f 2141/2141 2142/2142 2143/2143
f 2141/2141 2143/2143 2144/2144
f 2145/2145 2146/2146 2147/2147
f 2145/2145 2147/2147 2148/2148
f 2149/2149 2150/2150 2151/2151
f 2149/2149 2151/2151 2152/2152
f 2153/2153 2154/2154 2155/2155
f 2153/2153 2155/2155 2156/2156
f 2157/2157 2158/2158 2159/2159
f 2157/2157 2159/2159 2160/2160
f 2161/2161 2163/2163 2162/2162
f 2161/2161 2165/2165 2164/2164
f 2161/2161 2167/2167 2166/2166
f 2161/2161 2169/2169 2168/2168
f 2161/2161 2171/2171 2170/2170
f 2161/2161 2173/2173 2172/2172
f 2174/2174 2175/2175 2176/2176
f 2174/2174 2177/2177 2178/2178
f 2174/2174 2179/2179 2180/2180
f 2174/2174 2181/2181 2182/2182
f 2174/2174 2183/2183 2184/2184
f 2174/2174 2185/2185 2186/2186
usemtl Rope
f 2187/2187 2188/2188 2189/2189
f 2187/2187 2189/2189 2190/2190
f 2191/2191 2192/2192 2193/2193
f 2191/2191 2193/2193 2194/2194
f 2195/2195 2196/2196 2197/2197
f 2195/2195 2197/2197 2198/2198
f 2199/2199 2200/2200 2201/2201
f 2199/2199 2201/2201 2202/2202
f 2203/2203 2204/2204 2205/2205
f 2203/2203 2205/2205 2206/2206
f 2207/2207 2208/2208 2209/2209
f 2207/2207 2209/2209 2210/2210
f 2211/2211 2213/2213 2212/2212
f 2211/2211 2215/2215 2214/2214
f 2211/2211 2217/2217 2216/2216
f 2211/2211 2219/2219 2218/2218
f 2211/2211 2221/2221 2220/2220
f 2211/2211 2223/2223 2222/2222
f 2224/2224 2225/2225 2226/2226
f 2224/2224 2227/2227 2228/2228
f 2224/2224 2229/2229 2230/2230
f 2224/2224 2231/2231 2232/2232
f 2224/2224 2233/2233 2234/2234
f 2224/2224 2235/2235 2236/2236
usemtl Wood
f 2237/2237 2238/2238 2239/2239
f 2237/2237 2239/2239 2240/2240
f 2241/2241 2242/2242 2243/2243
f 2241/2241 2243/2243 2244/2244
f 2245/2245 2246/2246 2247/2247
f 2245/2245 2247/2247 2248/2248
f 2249/2249 2250/2250 2251/2251
f 2249/2249 2251/2251 2252/2252
f 2253/2253 2254/2254 2255/2255
f 2253/2253 2255/2255 2256/2256
f 2257/2257 2258/2258 2259/2259
f 2257/2257 2259/2259 2260/2260
f 2261/2261 2263/2263 2262/2262
f 2261/2261 2265/2265 2264/2264
f 2261/2261 2267/2267 2266/2266
f 2261/2261 2269/2269 2268/2268
f 2261/2261 2271/2271 2270/2270
f 2261/2261 2273/2273 2272/2272
f 2274/2274 2275/2275 2276/2276
f 2274/2274 2277/2277 2278/2278
f 2274/2274 2279/2279 2280/2280
f 2274/2274 2281/2281 2282/2282
f 2274/2274 2283/2283 2284/2284
f 2274/2274 2285/2285 2286/2286
f 2287/2287 2288/2288 2289/2289
f 2287/2287 2289/2289 2290/2290
f 2291/2291 2292/2292 2293/2293
f 2291/2291 2293/2293 2294/2294
f 2295/2295 2296/2296 2297/2297
f 2295/2295 2297/2297 2298/2298
f 2299/2299 2300/2300 2301/2301
f 2299/2299 2301/2301 2302/2302
f 2303/2303 2304/2304 2305/2305
f 2303/2303 2305/2305 2306/2306
f 2307/2307 2308/2308 2309/2309
f 2307/2307 2309/2309 2310/2310
f 2311/2311 2313/2313 2312/2312
f 2311/2311 2315/2315 2314/2314
f 2311/2311 2317/2317 2316/2316
f 2311/2311 2319/2319 2318/2318
f 2311/2311 2321/2321 2320/2320
f 2311/2311 2323/2323 2322/2322
f 2324/2324 2325/2325 2326/2326
f 2324/2324 2327/2327 2328/2328
f 2324/2324 2329/2329 2330/2330
f 2324/2324 2331/2331 2332/2332
f 2324/2324 2333/2333 2334/2334
f 2324/2324 2335/2335 2336/2336
