mtllib ../../Materials/project_oen.mtl
o cs-008_campfire_small_flame
v 0.444449 0.181689 0.011219
v 0.444449 0.186456 0.011219
v 0.522058 0.154564 0.059946
v 0.559736 0.152161 0.011219
v 0.444449 0.186456 0.011219
v 0.444449 0.184813 0.011219
v 0.465302 0.154457 0.099710
v 0.522058 0.154564 0.059946
v 0.444449 0.184813 0.011219
v 0.444449 0.190803 0.011219
v 0.396920 0.155613 0.072815
v 0.465302 0.154457 0.099710
v 0.444449 0.190803 0.011219
v 0.444449 0.192214 0.011219
v 0.331893 0.158534 0.041872
v 0.396920 0.155613 0.072815
v 0.444449 0.192214 0.011219
v 0.444449 0.181055 0.011219
v 0.333417 0.160445 -0.019019
v 0.331893 0.158534 0.041872
v 0.444449 0.181055 0.011219
v 0.444449 0.192342 0.011219
v 0.385409 0.162850 -0.065295
v 0.333417 0.160445 -0.019019
v 0.444449 0.192342 0.011219
v 0.444449 0.188891 0.011219
v 0.463761 0.152747 -0.070731
v 0.385409 0.162850 -0.065295
v 0.444449 0.188891 0.011219
v 0.444449 0.181624 0.011219
v 0.517189 0.161803 -0.034450
v 0.463761 0.152747 -0.070731
v 0.444449 0.181624 0.011219
v 0.444449 0.181689 0.011219
v 0.559736 0.152161 0.011219
v 0.517189 0.161803 -0.034450
v 0.559736 0.152161 0.011219
v 0.522058 0.154564 0.059946
v 0.564367 0.090000 0.086509
v 0.597975 0.090000 0.011219
v 0.522058 0.154564 0.059946
v 0.465302 0.154457 0.099710
v 0.470037 0.090000 0.119802
v 0.564367 0.090000 0.086509
v 0.465302 0.154457 0.099710
v 0.396920 0.155613 0.072815
v 0.361053 0.090000 0.119298
v 0.470037 0.090000 0.119802
v 0.396920 0.155613 0.072815
v 0.331893 0.158534 0.041872
v 0.305234 0.090000 0.049132
v 0.361053 0.090000 0.119298
v 0.331893 0.158534 0.041872
v 0.333417 0.160445 -0.019019
v 0.294488 0.090000 -0.029620
v 0.305234 0.090000 0.049132
v 0.333417 0.160445 -0.019019
v 0.385409 0.162850 -0.065295
v 0.373446 0.090000 -0.080798
v 0.294488 0.090000 -0.029620
v 0.385409 0.162850 -0.065295
v 0.463761 0.152747 -0.070731
v 0.473516 0.090000 -0.112127
v 0.373446 0.090000 -0.080798
v 0.463761 0.152747 -0.070731
v 0.517189 0.161803 -0.034450
v 0.549658 0.090000 -0.054836
v 0.473516 0.090000 -0.112127
v 0.517189 0.161803 -0.034450
v 0.559736 0.152161 0.011219
v 0.597975 0.090000 0.011219
v 0.549658 0.090000 -0.054836
v 0.597975 0.090000 0.011219
v 0.564367 0.090000 0.086509
v 0.520414 0.026269 0.058914
v 0.557581 0.021291 0.011219
v 0.564367 0.090000 0.086509
v 0.470037 0.090000 0.119802
v 0.463622 0.017967 0.092580
v 0.520414 0.026269 0.058914
v 0.470037 0.090000 0.119802
v 0.361053 0.090000 0.119298
v 0.397259 0.019331 0.072376
v 0.463622 0.017967 0.092580
v 0.361053 0.090000 0.119298
v 0.305234 0.090000 0.049132
v 0.350026 0.023644 0.036934
v 0.397259 0.019331 0.072376
v 0.305234 0.090000 0.049132
v 0.294488 0.090000 -0.029620
v 0.331278 0.019856 -0.019601
v 0.350026 0.023644 0.036934
v 0.294488 0.090000 -0.029620
v 0.373446 0.090000 -0.080798
v 0.396550 0.023650 -0.050856
v 0.331278 0.019856 -0.019601
v 0.373446 0.090000 -0.080798
v 0.473516 0.090000 -0.112127
v 0.462731 0.020672 -0.066360
v 0.396550 0.023650 -0.050856
v 0.473516 0.090000 -0.112127
v 0.549658 0.090000 -0.054836
v 0.531677 0.019264 -0.043547
v 0.462731 0.020672 -0.066360
v 0.549658 0.090000 -0.054836
v 0.597975 0.090000 0.011219
v 0.557581 0.021291 0.011219
v 0.531677 0.019264 -0.043547
v 0.557581 0.021291 0.011219
v 0.520414 0.026269 0.058914
v 0.444449 -0.003335 0.011219
v 0.444449 -0.008207 0.011219
v 0.520414 0.026269 0.058914
v 0.463622 0.017967 0.092580
v 0.444449 -0.005981 0.011219
v 0.444449 -0.003335 0.011219
v 0.463622 0.017967 0.092580
v 0.397259 0.019331 0.072376
v 0.444449 -0.011066 0.011219
v 0.444449 -0.005981 0.011219
v 0.397259 0.019331 0.072376
v 0.350026 0.023644 0.036934
v 0.444449 -0.005077 0.011219
v 0.444449 -0.011066 0.011219
v 0.350026 0.023644 0.036934
v 0.331278 0.019856 -0.019601
v 0.444449 -0.003936 0.011219
v 0.444449 -0.005077 0.011219
v 0.331278 0.019856 -0.019601
v 0.396550 0.023650 -0.050856
v 0.444449 -0.009430 0.011219
v 0.444449 -0.003936 0.011219
v 0.396550 0.023650 -0.050856
v 0.462731 0.020672 -0.066360
v 0.444449 -0.009469 0.011219
v 0.444449 -0.009430 0.011219
v 0.462731 0.020672 -0.066360
v 0.531677 0.019264 -0.043547
v 0.444449 0.001272 0.011219
v 0.444449 -0.009469 0.011219
v 0.531677 0.019264 -0.043547
v 0.557581 0.021291 0.011219
v 0.444449 -0.008207 0.011219
v 0.444449 0.001272 0.011219
v 0.365174 0.178901 0.206921
v 0.365174 0.184183 0.206921
v 0.462316 0.151535 0.277364
v 0.483827 0.158385 0.206921
v 0.365174 0.184183 0.206921
v 0.365174 0.178393 0.206921
v 0.385820 0.150116 0.308110
v 0.462316 0.151535 0.277364
v 0.365174 0.178393 0.206921
v 0.365174 0.175442 0.206921
v 0.308009 0.150859 0.292490
v 0.385820 0.150116 0.308110
v 0.365174 0.175442 0.206921
v 0.365174 0.182377 0.206921
v 0.257694 0.150194 0.240728
v 0.308009 0.150859 0.292490
v 0.365174 0.182377 0.206921
v 0.365174 0.186326 0.206921
v 0.259412 0.152466 0.173653
v 0.257694 0.150194 0.240728
v 0.365174 0.186326 0.206921
v 0.365174 0.173810 0.206921
v 0.312083 0.157425 0.127449
v 0.259412 0.152466 0.173653
v 0.365174 0.173810 0.206921
v 0.365174 0.182490 0.206921
v 0.387274 0.154567 0.098607
v 0.312083 0.157425 0.127449
v 0.365174 0.182490 0.206921
v 0.365174 0.172916 0.206921
v 0.459255 0.154804 0.138697
v 0.387274 0.154567 0.098607
v 0.365174 0.172916 0.206921
v 0.365174 0.178901 0.206921
v 0.483827 0.158385 0.206921
v 0.459255 0.154804 0.138697
v 0.483827 0.158385 0.206921
v 0.462316 0.151535 0.277364
v 0.480382 0.090000 0.290465
v 0.537352 0.090000 0.206921
v 0.462316 0.151535 0.277364
v 0.385820 0.150116 0.308110
v 0.393127 0.090000 0.343922
v 0.480382 0.090000 0.290465
v 0.385820 0.150116 0.308110
v 0.308009 0.150859 0.292490
v 0.275556 0.090000 0.341068
v 0.393127 0.090000 0.343922
v 0.308009 0.150859 0.292490
v 0.257694 0.150194 0.240728
v 0.221156 0.090000 0.252221
v 0.275556 0.090000 0.341068
v 0.257694 0.150194 0.240728
v 0.259412 0.152466 0.173653
v 0.205679 0.090000 0.156751
v 0.221156 0.090000 0.252221
v 0.259412 0.152466 0.173653
v 0.312083 0.157425 0.127449
v 0.294933 0.090000 0.101778
v 0.205679 0.090000 0.156751
v 0.312083 0.157425 0.127449
v 0.387274 0.154567 0.098607
v 0.389225 0.090000 0.089045
v 0.294933 0.090000 0.101778
v 0.387274 0.154567 0.098607
v 0.459255 0.154804 0.138697
v 0.504723 0.090000 0.105725
v 0.389225 0.090000 0.089045
v 0.459255 0.154804 0.138697
v 0.483827 0.158385 0.206921
v 0.537352 0.090000 0.206921
v 0.504723 0.090000 0.105725
v 0.537352 0.090000 0.206921
v 0.480382 0.090000 0.290465
v 0.447533 0.030982 0.266644
v 0.481112 0.021922 0.206921
v 0.480382 0.090000 0.290465
v 0.393127 0.090000 0.343922
v 0.385356 0.025421 0.305836
v 0.447533 0.030982 0.266644
v 0.393127 0.090000 0.343922
v 0.275556 0.090000 0.341068
v 0.305860 0.022601 0.295707
v 0.385356 0.025421 0.305836
v 0.275556 0.090000 0.341068
v 0.221156 0.090000 0.252221
v 0.261994 0.025229 0.239376
v 0.305860 0.022601 0.295707
v 0.221156 0.090000 0.252221
v 0.205679 0.090000 0.156751
v 0.245566 0.029648 0.169298
v 0.261994 0.025229 0.239376
v 0.205679 0.090000 0.156751
v 0.294933 0.090000 0.101778
v 0.315438 0.025568 0.132472
v 0.245566 0.029648 0.169298
v 0.294933 0.090000 0.101778
v 0.389225 0.090000 0.089045
v 0.383040 0.023164 0.119357
v 0.315438 0.025568 0.132472
v 0.389225 0.090000 0.089045
v 0.504723 0.090000 0.105725
v 0.461623 0.024861 0.136979
v 0.383040 0.023164 0.119357
v 0.504723 0.090000 0.105725
v 0.537352 0.090000 0.206921
v 0.481112 0.021922 0.206921
v 0.461623 0.024861 0.136979
v 0.481112 0.021922 0.206921
v 0.447533 0.030982 0.266644
v 0.365174 0.006897 0.206921
v 0.365174 -0.002507 0.206921
v 0.447533 0.030982 0.266644
v 0.385356 0.025421 0.305836
v 0.365174 -0.002977 0.206921
v 0.365174 0.006897 0.206921
v 0.385356 0.025421 0.305836
v 0.305860 0.022601 0.295707
v 0.365174 0.003138 0.206921
v 0.365174 -0.002977 0.206921
v 0.305860 0.022601 0.295707
v 0.261994 0.025229 0.239376
v 0.365174 0.000215 0.206921
v 0.365174 0.003138 0.206921
v 0.261994 0.025229 0.239376
v 0.245566 0.029648 0.169298
v 0.365174 -0.002491 0.206921
v 0.365174 0.000215 0.206921
v 0.245566 0.029648 0.169298
v 0.315438 0.025568 0.132472
v 0.365174 0.005347 0.206921
v 0.365174 -0.002491 0.206921
v 0.315438 0.025568 0.132472
v 0.383040 0.023164 0.119357
v 0.365174 -0.006753 0.206921
v 0.365174 0.005347 0.206921
v 0.383040 0.023164 0.119357
v 0.461623 0.024861 0.136979
v 0.365174 0.006513 0.206921
v 0.365174 -0.006753 0.206921
v 0.461623 0.024861 0.136979
v 0.481112 0.021922 0.206921
v 0.365174 -0.002507 0.206921
v 0.365174 0.006513 0.206921
v 0.235571 0.176629 0.332477
v 0.235571 0.181196 0.332477
v 0.315044 0.153304 0.385142
v 0.359327 0.155238 0.332477
v 0.235571 0.181196 0.332477
v 0.235571 0.181247 0.332477
v 0.254220 0.154163 0.416004
v 0.315044 0.153304 0.385142
v 0.235571 0.181247 0.332477
v 0.235571 0.185293 0.332477
v 0.171376 0.151467 0.420290
v 0.254220 0.154163 0.416004
v 0.235571 0.185293 0.332477
v 0.235571 0.177725 0.332477
v 0.120003 0.156155 0.365697
v 0.171376 0.151467 0.420290
v 0.235571 0.177725 0.332477
v 0.235571 0.184412 0.332477
v 0.134126 0.157419 0.303317
v 0.120003 0.156155 0.365697
v 0.235571 0.184412 0.332477
v 0.235571 0.185456 0.332477
v 0.180234 0.152608 0.256782
v 0.134126 0.157419 0.303317
v 0.235571 0.185456 0.332477
v 0.235571 0.185422 0.332477
v 0.256385 0.157201 0.239254
v 0.180234 0.152608 0.256782
v 0.235571 0.185422 0.332477
v 0.235571 0.187394 0.332477
v 0.330504 0.154670 0.269567
v 0.256385 0.157201 0.239254
v 0.235571 0.187394 0.332477
v 0.235571 0.176629 0.332477
v 0.359327 0.155238 0.332477
v 0.330504 0.154670 0.269567
v 0.359327 0.155238 0.332477
v 0.315044 0.153304 0.385142
v 0.371294 0.090000 0.422419
v 0.401182 0.090000 0.332477
v 0.315044 0.153304 0.385142
v 0.254220 0.154163 0.416004
v 0.263456 0.090000 0.457370
v 0.371294 0.090000 0.422419
v 0.254220 0.154163 0.416004
v 0.171376 0.151467 0.420290
v 0.164482 0.090000 0.429719
v 0.263456 0.090000 0.457370
v 0.171376 0.151467 0.420290
v 0.120003 0.156155 0.365697
v 0.072722 0.090000 0.379288
v 0.164482 0.090000 0.429719
v 0.120003 0.156155 0.365697
v 0.134126 0.157419 0.303317
v 0.090192 0.090000 0.290689
v 0.072722 0.090000 0.379288
v 0.134126 0.157419 0.303317
v 0.180234 0.152608 0.256782
v 0.146428 0.090000 0.210538
v 0.090192 0.090000 0.290689
v 0.180234 0.152608 0.256782
v 0.256385 0.157201 0.239254
v 0.261327 0.090000 0.217119
v 0.146428 0.090000 0.210538
v 0.256385 0.157201 0.239254
v 0.330504 0.154670 0.269567
v 0.345459 0.090000 0.259657
v 0.261327 0.090000 0.217119
v 0.330504 0.154670 0.269567
v 0.359327 0.155238 0.332477
v 0.401182 0.090000 0.332477
v 0.345459 0.090000 0.259657
v 0.401182 0.090000 0.332477
v 0.371294 0.090000 0.422419
v 0.327050 0.021031 0.393099
v 0.359958 0.020842 0.332477
v 0.371294 0.090000 0.422419
v 0.263456 0.090000 0.457370
v 0.256106 0.028296 0.424451
v 0.327050 0.021031 0.393099
v 0.263456 0.090000 0.457370
v 0.164482 0.090000 0.429719
v 0.185221 0.028450 0.401351
v 0.256106 0.028296 0.424451
v 0.164482 0.090000 0.429719
v 0.072722 0.090000 0.379288
v 0.138330 0.022959 0.360429
v 0.185221 0.028450 0.401351
v 0.072722 0.090000 0.379288
v 0.090192 0.090000 0.290689
v 0.126004 0.023610 0.300983
v 0.138330 0.022959 0.360429
v 0.090192 0.090000 0.290689
v 0.146428 0.090000 0.210538
v 0.178836 0.022330 0.254869
v 0.126004 0.023610 0.300983
v 0.146428 0.090000 0.210538
v 0.261327 0.090000 0.217119
v 0.256061 0.022385 0.240706
v 0.178836 0.022330 0.254869
v 0.261327 0.090000 0.217119
v 0.345459 0.090000 0.259657
v 0.320729 0.024141 0.276045
v 0.256061 0.022385 0.240706
v 0.345459 0.090000 0.259657
v 0.401182 0.090000 0.332477
v 0.359958 0.020842 0.332477
v 0.320729 0.024141 0.276045
v 0.359958 0.020842 0.332477
v 0.327050 0.021031 0.393099
v 0.235571 0.002154 0.332477
v 0.235571 -0.009028 0.332477
v 0.327050 0.021031 0.393099
v 0.256106 0.028296 0.424451
v 0.235571 0.002467 0.332477
v 0.235571 0.002154 0.332477
v 0.256106 0.028296 0.424451
v 0.185221 0.028450 0.401351
v 0.235571 0.001957 0.332477
v 0.235571 0.002467 0.332477
v 0.185221 0.028450 0.401351
v 0.138330 0.022959 0.360429
v 0.235571 -0.001057 0.332477
v 0.235571 0.001957 0.332477
v 0.138330 0.022959 0.360429
v 0.126004 0.023610 0.300983
v 0.235571 -0.002047 0.332477
v 0.235571 -0.001057 0.332477
v 0.126004 0.023610 0.300983
v 0.178836 0.022330 0.254869
v 0.235571 -0.007684 0.332477
v 0.235571 -0.002047 0.332477
v 0.178836 0.022330 0.254869
v 0.256061 0.022385 0.240706
v 0.235571 0.002642 0.332477
v 0.235571 -0.007684 0.332477
v 0.256061 0.022385 0.240706
v 0.320729 0.024141 0.276045
v 0.235571 -0.002858 0.332477
v 0.235571 0.002642 0.332477
v 0.320729 0.024141 0.276045
v 0.359958 0.020842 0.332477
v 0.235571 -0.009028 0.332477
v 0.235571 -0.002858 0.332477
v 0.042616 0.205900 0.400974
v 0.042616 0.216479 0.400974
v 0.137392 0.180394 0.462938
v 0.146728 0.169489 0.400974
v 0.042616 0.216479 0.400974
v 0.042616 0.213333 0.400974
v 0.063135 0.178074 0.491644
v 0.137392 0.180394 0.462938
v 0.042616 0.213333 0.400974
v 0.042616 0.218196 0.400974
v -0.018903 0.173589 0.483996
v 0.063135 0.178074 0.491644
v 0.042616 0.218196 0.400974
v 0.042616 0.215434 0.400974
v -0.075373 0.177563 0.434434
v -0.018903 0.173589 0.483996
v 0.042616 0.215434 0.400974
v 0.042616 0.216418 0.400974
v -0.080114 0.177396 0.366169
v -0.075373 0.177563 0.434434
v 0.042616 0.216418 0.400974
v 0.042616 0.212605 0.400974
v -0.007079 0.176464 0.333908
v -0.080114 0.177396 0.366169
v 0.042616 0.212605 0.400974
v 0.042616 0.211821 0.400974
v 0.064312 0.177150 0.305103
v -0.007079 0.176464 0.333908
v 0.042616 0.211821 0.400974
v 0.042616 0.216787 0.400974
v 0.125880 0.172070 0.346537
v 0.064312 0.177150 0.305103
v 0.042616 0.216787 0.400974
v 0.042616 0.205900 0.400974
v 0.146728 0.169489 0.400974
v 0.125880 0.172070 0.346537
v 0.146728 0.169489 0.400974
v 0.137392 0.180394 0.462938
v 0.173328 0.090000 0.486432
v 0.199721 0.090000 0.400974
v 0.137392 0.180394 0.462938
v 0.063135 0.178074 0.491644
v 0.067940 0.090000 0.512875
v 0.173328 0.090000 0.486432
v 0.063135 0.178074 0.491644
v -0.018903 0.173589 0.483996
v -0.047166 0.090000 0.522139
v 0.067940 0.090000 0.512875
v -0.018903 0.173589 0.483996
v -0.075373 0.177563 0.434434
v -0.129929 0.090000 0.449906
v -0.047166 0.090000 0.522139
v -0.075373 0.177563 0.434434
v -0.080114 0.177396 0.366169
v -0.112632 0.090000 0.356947
v -0.129929 0.090000 0.449906
v -0.080114 0.177396 0.366169
v -0.007079 0.176464 0.333908
v -0.038612 0.090000 0.291353
v -0.112632 0.090000 0.356947
v -0.007079 0.176464 0.333908
v 0.064312 0.177150 0.305103
v 0.071477 0.090000 0.273442
v -0.038612 0.090000 0.291353
v 0.064312 0.177150 0.305103
v 0.125880 0.172070 0.346537
v 0.153862 0.090000 0.328243
v 0.071477 0.090000 0.273442
v 0.125880 0.172070 0.346537
v 0.146728 0.169489 0.400974
v 0.199721 0.090000 0.400974
v 0.153862 0.090000 0.328243
v 0.199721 0.090000 0.400974
v 0.173328 0.090000 0.486432
v 0.141413 0.002747 0.465566
v 0.144376 0.003297 0.400974
v 0.173328 0.090000 0.486432
v 0.067940 0.090000 0.512875
v 0.063906 0.005696 0.495051
v 0.141413 0.002747 0.465566
v 0.067940 0.090000 0.512875
v -0.047166 0.090000 0.522139
v -0.018424 0.007445 0.483349
v 0.063906 0.005696 0.495051
v -0.047166 0.090000 0.522139
v -0.129929 0.090000 0.449906
v -0.064589 0.000011 0.431376
v -0.018424 0.007445 0.483349
v -0.129929 0.090000 0.449906
v -0.112632 0.090000 0.356947
v -0.070304 0.007700 0.368951
v -0.064589 0.000011 0.431376
v -0.112632 0.090000 0.356947
v -0.038612 0.090000 0.291353
v -0.012407 0.008280 0.326719
v -0.070304 0.007700 0.368951
v -0.038612 0.090000 0.291353
v 0.071477 0.090000 0.273442
v 0.062549 0.010807 0.312893
v -0.012407 0.008280 0.326719
v 0.071477 0.090000 0.273442
v 0.153862 0.090000 0.328243
v 0.131188 0.011687 0.343066
v 0.062549 0.010807 0.312893
v 0.153862 0.090000 0.328243
v 0.199721 0.090000 0.400974
v 0.144376 0.003297 0.400974
v 0.131188 0.011687 0.343066
v 0.144376 0.003297 0.400974
v 0.141413 0.002747 0.465566
v 0.042616 -0.026495 0.400974
v 0.042616 -0.026175 0.400974
v 0.141413 0.002747 0.465566
v 0.063906 0.005696 0.495051
v 0.042616 -0.031187 0.400974
v 0.042616 -0.026495 0.400974
v 0.063906 0.005696 0.495051
v -0.018424 0.007445 0.483349
v 0.042616 -0.021300 0.400974
v 0.042616 -0.031187 0.400974
v -0.018424 0.007445 0.483349
v -0.064589 0.000011 0.431376
v 0.042616 -0.036068 0.400974
v 0.042616 -0.021300 0.400974
v -0.064589 0.000011 0.431376
v -0.070304 0.007700 0.368951
v 0.042616 -0.037188 0.400974
v 0.042616 -0.036068 0.400974
v -0.070304 0.007700 0.368951
v -0.012407 0.008280 0.326719
v 0.042616 -0.033047 0.400974
v 0.042616 -0.037188 0.400974
v -0.012407 0.008280 0.326719
v 0.062549 0.010807 0.312893
v 0.042616 -0.030887 0.400974
v 0.042616 -0.033047 0.400974
v 0.062549 0.010807 0.312893
v 0.131188 0.011687 0.343066
v 0.042616 -0.026677 0.400974
v 0.042616 -0.030887 0.400974
v 0.131188 0.011687 0.343066
v 0.144376 0.003297 0.400974
v 0.042616 -0.026175 0.400974
v 0.042616 -0.026677 0.400974
v -0.135257 0.208081 0.393302
v -0.135257 0.202088 0.393302
v -0.057320 0.168613 0.449931
v -0.037620 0.173530 0.393302
v -0.135257 0.202088 0.393302
v -0.135257 0.206678 0.393302
v -0.117206 0.179062 0.481950
v -0.057320 0.168613 0.449931
v -0.135257 0.206678 0.393302
v -0.135257 0.202216 0.393302
v -0.190377 0.170814 0.475973
v -0.117206 0.179062 0.481950
v -0.135257 0.202216 0.393302
v -0.135257 0.213105 0.393302
v -0.224713 0.169268 0.421496
v -0.190377 0.170814 0.475973
v -0.135257 0.213105 0.393302
v -0.135257 0.210501 0.393302
v -0.251569 0.178327 0.356643
v -0.224713 0.169268 0.421496
v -0.135257 0.210501 0.393302
v -0.135257 0.211529 0.393302
v -0.191234 0.175412 0.309346
v -0.251569 0.178327 0.356643
v -0.135257 0.211529 0.393302
v -0.135257 0.203820 0.393302
v -0.114498 0.169488 0.291358
v -0.191234 0.175412 0.309346
v -0.135257 0.203820 0.393302
v -0.135257 0.210003 0.393302
v -0.045359 0.179246 0.327982
v -0.114498 0.169488 0.291358
v -0.135257 0.210003 0.393302
v -0.135257 0.208081 0.393302
v -0.037620 0.173530 0.393302
v -0.045359 0.179246 0.327982
v -0.037620 0.173530 0.393302
v -0.057320 0.168613 0.449931
v -0.023276 0.090000 0.474667
v 0.009871 0.090000 0.393302
v -0.057320 0.168613 0.449931
v -0.117206 0.179062 0.481950
v -0.110387 0.090000 0.515437
v -0.023276 0.090000 0.474667
v -0.117206 0.179062 0.481950
v -0.190377 0.170814 0.475973
v -0.222662 0.090000 0.524396
v -0.110387 0.090000 0.515437
v -0.190377 0.170814 0.475973
v -0.224713 0.169268 0.421496
v -0.269351 0.090000 0.435565
v -0.222662 0.090000 0.524396
v -0.224713 0.169268 0.421496
v -0.251569 0.178327 0.356643
v -0.280147 0.090000 0.347636
v -0.269351 0.090000 0.435565
v -0.251569 0.178327 0.356643
v -0.191234 0.175412 0.309346
v -0.202366 0.090000 0.292649
v -0.280147 0.090000 0.347636
v -0.191234 0.175412 0.309346
v -0.114498 0.169488 0.291358
v -0.108849 0.090000 0.263613
v -0.202366 0.090000 0.292649
v -0.114498 0.169488 0.291358
v -0.045359 0.179246 0.327982
v -0.001305 0.090000 0.295972
v -0.108849 0.090000 0.263613
v -0.045359 0.179246 0.327982
v -0.037620 0.173530 0.393302
v 0.009871 0.090000 0.393302
v -0.001305 0.090000 0.295972
v 0.009871 0.090000 0.393302
v -0.023276 0.090000 0.474667
v -0.045056 -0.000043 0.458842
v -0.025995 -0.001095 0.393302
v -0.023276 0.090000 0.474667
v -0.110387 0.090000 0.515437
v -0.113995 0.002848 0.497718
v -0.045056 -0.000043 0.458842
v -0.110387 0.090000 0.515437
v -0.222662 0.090000 0.524396
v -0.190460 0.004295 0.476097
v -0.113995 0.002848 0.497718
v -0.222662 0.090000 0.524396
v -0.269351 0.090000 0.435565
v -0.231307 -0.000725 0.423574
v -0.190460 0.004295 0.476097
v -0.269351 0.090000 0.435565
v -0.280147 0.090000 0.347636
v -0.236621 0.002362 0.361355
v -0.231307 -0.000725 0.423574
v -0.280147 0.090000 0.347636
v -0.202366 0.090000 0.292649
v -0.184900 0.010847 0.318845
v -0.236621 0.002362 0.361355
v -0.202366 0.090000 0.292649
v -0.108849 0.090000 0.263613
v -0.116084 -0.001296 0.299147
v -0.184900 0.010847 0.318845
v -0.108849 0.090000 0.263613
v -0.001305 0.090000 0.295972
v -0.053540 0.008574 0.333926
v -0.116084 -0.001296 0.299147
v -0.001305 0.090000 0.295972
v 0.009871 0.090000 0.393302
v -0.025995 -0.001095 0.393302
v -0.053540 0.008574 0.333926
v -0.025995 -0.001095 0.393302
v -0.045056 -0.000043 0.458842
v -0.135257 -0.028165 0.393302
v -0.135257 -0.039107 0.393302
v -0.045056 -0.000043 0.458842
v -0.113995 0.002848 0.497718
v -0.135257 -0.025118 0.393302
v -0.135257 -0.028165 0.393302
v -0.113995 0.002848 0.497718
v -0.190460 0.004295 0.476097
v -0.135257 -0.024312 0.393302
v -0.135257 -0.025118 0.393302
v -0.190460 0.004295 0.476097
v -0.231307 -0.000725 0.423574
v -0.135257 -0.022135 0.393302
v -0.135257 -0.024312 0.393302
v -0.231307 -0.000725 0.423574
v -0.236621 0.002362 0.361355
v -0.135257 -0.028124 0.393302
v -0.135257 -0.022135 0.393302
v -0.236621 0.002362 0.361355
v -0.184900 0.010847 0.318845
v -0.135257 -0.035502 0.393302
v -0.135257 -0.028124 0.393302
v -0.184900 0.010847 0.318845
v -0.116084 -0.001296 0.299147
v -0.135257 -0.028559 0.393302
v -0.135257 -0.035502 0.393302
v -0.116084 -0.001296 0.299147
v -0.053540 0.008574 0.333926
v -0.135257 -0.030166 0.393302
v -0.135257 -0.028559 0.393302
v -0.053540 0.008574 0.333926
v -0.025995 -0.001095 0.393302
v -0.135257 -0.039107 0.393302
v -0.135257 -0.030166 0.393302
v -0.328656 0.187849 0.304322
v -0.328656 0.185884 0.304322
v -0.246454 0.154499 0.355010
v -0.206753 0.156483 0.304322
v -0.328656 0.185884 0.304322
v -0.328656 0.182682 0.304322
v -0.308789 0.154166 0.387119
v -0.246454 0.154499 0.355010
v -0.328656 0.182682 0.304322
v -0.328656 0.175203 0.304322
v -0.392763 0.153298 0.385919
v -0.308789 0.154166 0.387119
v -0.328656 0.175203 0.304322
v -0.328656 0.182382 0.304322
v -0.440218 0.156589 0.334161
v -0.392763 0.153298 0.385919
v -0.328656 0.182382 0.304322
v -0.328656 0.176668 0.304322
v -0.432350 0.156124 0.276586
v -0.440218 0.156589 0.334161
v -0.328656 0.176668 0.304322
v -0.328656 0.173975 0.304322
v -0.386349 0.155692 0.230888
v -0.432350 0.156124 0.276586
v -0.328656 0.173975 0.304322
v -0.328656 0.181680 0.304322
v -0.310544 0.158597 0.228836
v -0.386349 0.155692 0.230888
v -0.328656 0.181680 0.304322
v -0.328656 0.176123 0.304322
v -0.237798 0.151988 0.248296
v -0.310544 0.158597 0.228836
v -0.328656 0.176123 0.304322
v -0.328656 0.187849 0.304322
v -0.206753 0.156483 0.304322
v -0.237798 0.151988 0.248296
v -0.206753 0.156483 0.304322
v -0.246454 0.154499 0.355010
v -0.205121 0.090000 0.380497
v -0.147013 0.090000 0.304322
v -0.246454 0.154499 0.355010
v -0.308789 0.154166 0.387119
v -0.304449 0.090000 0.405206
v -0.205121 0.090000 0.380497
v -0.308789 0.154166 0.387119
v -0.392763 0.153298 0.385919
v -0.419709 0.090000 0.420217
v -0.304449 0.090000 0.405206
v -0.392763 0.153298 0.385919
v -0.440218 0.156589 0.334161
v -0.473700 0.090000 0.343117
v -0.419709 0.090000 0.420217
v -0.440218 0.156589 0.334161
v -0.432350 0.156124 0.276586
v -0.491242 0.090000 0.260834
v -0.473700 0.090000 0.343117
v -0.432350 0.156124 0.276586
v -0.386349 0.155692 0.230888
v -0.411327 0.090000 0.199095
v -0.491242 0.090000 0.260834
v -0.386349 0.155692 0.230888
v -0.310544 0.158597 0.228836
v -0.304437 0.090000 0.203387
v -0.411327 0.090000 0.199095
v -0.310544 0.158597 0.228836
v -0.237798 0.151988 0.248296
v -0.189619 0.090000 0.218587
v -0.304437 0.090000 0.203387
v -0.237798 0.151988 0.248296
v -0.206753 0.156483 0.304322
v -0.147013 0.090000 0.304322
v -0.189619 0.090000 0.218587
v -0.147013 0.090000 0.304322
v -0.205121 0.090000 0.380497
v -0.244033 0.022733 0.356502
v -0.221598 0.029566 0.304322
v -0.205121 0.090000 0.380497
v -0.304449 0.090000 0.405206
v -0.306549 0.030532 0.396455
v -0.244033 0.022733 0.356502
v -0.304449 0.090000 0.405206
v -0.419709 0.090000 0.420217
v -0.380210 0.030238 0.369941
v -0.306549 0.030532 0.396455
v -0.419709 0.090000 0.420217
v -0.473700 0.090000 0.343117
v -0.446325 0.024601 0.335795
v -0.380210 0.030238 0.369941
v -0.473700 0.090000 0.343117
v -0.491242 0.090000 0.260834
v -0.429388 0.024689 0.277379
v -0.446325 0.024601 0.335795
v -0.491242 0.090000 0.260834
v -0.411327 0.090000 0.199095
v -0.382094 0.027217 0.236304
v -0.429388 0.024689 0.277379
v -0.411327 0.090000 0.199095
v -0.304437 0.090000 0.203387
v -0.307852 0.030364 0.217617
v -0.382094 0.027217 0.236304
v -0.304437 0.090000 0.203387
v -0.189619 0.090000 0.218587
v -0.237164 0.029789 0.247905
v -0.307852 0.030364 0.217617
v -0.189619 0.090000 0.218587
v -0.147013 0.090000 0.304322
v -0.221598 0.029566 0.304322
v -0.237164 0.029789 0.247905
v -0.221598 0.029566 0.304322
v -0.244033 0.022733 0.356502
v -0.328656 -0.005053 0.304322
v -0.328656 0.003284 0.304322
v -0.244033 0.022733 0.356502
v -0.306549 0.030532 0.396455
v -0.328656 -0.001155 0.304322
v -0.328656 -0.005053 0.304322
v -0.306549 0.030532 0.396455
v -0.380210 0.030238 0.369941
v -0.328656 -0.005823 0.304322
v -0.328656 -0.001155 0.304322
v -0.380210 0.030238 0.369941
v -0.446325 0.024601 0.335795
v -0.328656 0.005880 0.304322
v -0.328656 -0.005823 0.304322
v -0.446325 0.024601 0.335795
v -0.429388 0.024689 0.277379
v -0.328656 -0.005006 0.304322
v -0.328656 0.005880 0.304322
v -0.429388 0.024689 0.277379
v -0.382094 0.027217 0.236304
v -0.328656 -0.002312 0.304322
v -0.328656 -0.005006 0.304322
v -0.382094 0.027217 0.236304
v -0.307852 0.030364 0.217617
v -0.328656 0.006017 0.304322
v -0.328656 -0.002312 0.304322
v -0.307852 0.030364 0.217617
v -0.237164 0.029789 0.247905
v -0.328656 0.006030 0.304322
v -0.328656 0.006017 0.304322
v -0.237164 0.029789 0.247905
v -0.221598 0.029566 0.304322
v -0.328656 0.003284 0.304322
v -0.328656 0.006030 0.304322
v -0.442576 0.202669 0.090322
v -0.442576 0.200573 0.090322
v -0.369798 0.176988 0.142193
v -0.339134 0.170184 0.090322
v -0.442576 0.200573 0.090322
v -0.442576 0.195748 0.090322
v -0.424313 0.166114 0.178295
v -0.369798 0.176988 0.142193
v -0.442576 0.195748 0.090322
v -0.442576 0.211215 0.090322
v -0.484085 0.169536 0.151391
v -0.424313 0.166114 0.178295
v -0.442576 0.211215 0.090322
v -0.442576 0.197186 0.090322
v -0.539395 0.173294 0.120254
v -0.484085 0.169536 0.151391
v -0.442576 0.197186 0.090322
v -0.442576 0.206233 0.090322
v -0.536256 0.175183 0.061360
v -0.539395 0.173294 0.120254
v -0.442576 0.206233 0.090322
v -0.442576 0.197961 0.090322
v -0.489367 0.169693 0.021483
v -0.536256 0.175183 0.061360
v -0.442576 0.197961 0.090322
v -0.442576 0.207388 0.090322
v -0.425675 0.167240 0.008906
v -0.489367 0.169693 0.021483
v -0.442576 0.207388 0.090322
v -0.442576 0.198836 0.090322
v -0.364479 0.172712 0.034660
v -0.425675 0.167240 0.008906
v -0.442576 0.198836 0.090322
v -0.442576 0.202669 0.090322
v -0.339134 0.170184 0.090322
v -0.364479 0.172712 0.034660
v -0.339134 0.170184 0.090322
v -0.369798 0.176988 0.142193
v -0.327639 0.090000 0.172241
v -0.298592 0.090000 0.090322
v -0.369798 0.176988 0.142193
v -0.424313 0.166114 0.178295
v -0.420712 0.090000 0.195643
v -0.327639 0.090000 0.172241
v -0.424313 0.166114 0.178295
v -0.484085 0.169536 0.151391
v -0.505164 0.090000 0.182402
v -0.420712 0.090000 0.195643
v -0.484085 0.169536 0.151391
v -0.539395 0.173294 0.120254
v -0.556844 0.090000 0.125649
v -0.505164 0.090000 0.182402
v -0.539395 0.173294 0.120254
v -0.536256 0.175183 0.061360
v -0.554130 0.090000 0.055834
v -0.556844 0.090000 0.125649
v -0.536256 0.175183 0.061360
v -0.489367 0.169693 0.021483
v -0.516126 0.090000 -0.017886
v -0.554130 0.090000 0.055834
v -0.489367 0.169693 0.021483
v -0.425675 0.167240 0.008906
v -0.418640 0.090000 -0.024979
v -0.516126 0.090000 -0.017886
v -0.425675 0.167240 0.008906
v -0.364479 0.172712 0.034660
v -0.337505 0.090000 0.015435
v -0.418640 0.090000 -0.024979
v -0.364479 0.172712 0.034660
v -0.339134 0.170184 0.090322
v -0.298592 0.090000 0.090322
v -0.337505 0.090000 0.015435
v -0.298592 0.090000 0.090322
v -0.327639 0.090000 0.172241
v -0.363327 0.008161 0.146805
v -0.358758 0.005475 0.090322
v -0.327639 0.090000 0.172241
v -0.420712 0.090000 0.195643
v -0.427896 0.003107 0.161039
v -0.363327 0.008161 0.146805
v -0.420712 0.090000 0.195643
v -0.505164 0.090000 0.182402
v -0.491231 0.009375 0.161904
v -0.427896 0.003107 0.161039
v -0.505164 0.090000 0.182402
v -0.556844 0.090000 0.125649
v -0.542312 0.007886 0.121156
v -0.491231 0.009375 0.161904
v -0.556844 0.090000 0.125649
v -0.554130 0.090000 0.055834
v -0.540279 0.009918 0.060116
v -0.542312 0.007886 0.121156
v -0.554130 0.090000 0.055834
v -0.516126 0.090000 -0.017886
v -0.484807 0.006668 0.028190
v -0.540279 0.009918 0.060116
v -0.516126 0.090000 -0.017886
v -0.418640 0.090000 -0.024979
v -0.428354 0.006780 0.021814
v -0.484807 0.006668 0.028190
v -0.418640 0.090000 -0.024979
v -0.337505 0.090000 0.015435
v -0.370612 0.003443 0.039031
v -0.428354 0.006780 0.021814
v -0.337505 0.090000 0.015435
v -0.298592 0.090000 0.090322
v -0.358758 0.005475 0.090322
v -0.370612 0.003443 0.039031
v -0.358758 0.005475 0.090322
v -0.363327 0.008161 0.146805
v -0.442576 -0.026892 0.090322
v -0.442576 -0.016211 0.090322
v -0.363327 0.008161 0.146805
v -0.427896 0.003107 0.161039
v -0.442576 -0.020977 0.090322
v -0.442576 -0.026892 0.090322
v -0.427896 0.003107 0.161039
v -0.491231 0.009375 0.161904
v -0.442576 -0.026621 0.090322
v -0.442576 -0.020977 0.090322
v -0.491231 0.009375 0.161904
v -0.542312 0.007886 0.121156
v -0.442576 -0.019377 0.090322
v -0.442576 -0.026621 0.090322
v -0.542312 0.007886 0.121156
v -0.540279 0.009918 0.060116
v -0.442576 -0.025101 0.090322
v -0.442576 -0.019377 0.090322
v -0.540279 0.009918 0.060116
v -0.484807 0.006668 0.028190
v -0.442576 -0.028013 0.090322
v -0.442576 -0.025101 0.090322
v -0.484807 0.006668 0.028190
v -0.428354 0.006780 0.021814
v -0.442576 -0.018228 0.090322
v -0.442576 -0.028013 0.090322
v -0.428354 0.006780 0.021814
v -0.370612 0.003443 0.039031
v -0.442576 -0.018448 0.090322
v -0.442576 -0.018228 0.090322
v -0.370612 0.003443 0.039031
v -0.358758 0.005475 0.090322
v -0.442576 -0.016211 0.090322
v -0.442576 -0.018448 0.090322
v -0.437909 0.187475 -0.113253
v -0.437909 0.194778 -0.113253
v -0.362434 0.164405 -0.054136
v -0.353449 0.161155 -0.113253
v -0.437909 0.194778 -0.113253
v -0.437909 0.198206 -0.113253
v -0.420476 0.165615 -0.020967
v -0.362434 0.164405 -0.054136
v -0.437909 0.198206 -0.113253
v -0.437909 0.194170 -0.113253
v -0.480374 0.159390 -0.044596
v -0.420476 0.165615 -0.020967
v -0.437909 0.194170 -0.113253
v -0.437909 0.195366 -0.113253
v -0.521092 0.167458 -0.084992
v -0.480374 0.159390 -0.044596
v -0.437909 0.195366 -0.113253
v -0.437909 0.200913 -0.113253
v -0.514782 0.164627 -0.139371
v -0.521092 0.167458 -0.084992
v -0.437909 0.200913 -0.113253
v -0.437909 0.194245 -0.113253
v -0.489452 0.159892 -0.196586
v -0.514782 0.164627 -0.139371
v -0.437909 0.194245 -0.113253
v -0.437909 0.189339 -0.113253
v -0.423021 0.162891 -0.192071
v -0.489452 0.159892 -0.196586
v -0.437909 0.189339 -0.113253
v -0.437909 0.192551 -0.113253
v -0.374174 0.168921 -0.163174
v -0.423021 0.162891 -0.192071
v -0.437909 0.192551 -0.113253
v -0.437909 0.187475 -0.113253
v -0.353449 0.161155 -0.113253
v -0.374174 0.168921 -0.163174
v -0.353449 0.161155 -0.113253
v -0.362434 0.164405 -0.054136
v -0.350425 0.090000 -0.044731
v -0.298067 0.090000 -0.113253
v -0.362434 0.164405 -0.054136
v -0.420476 0.165615 -0.020967
v -0.413942 0.090000 0.013625
v -0.350425 0.090000 -0.044731
v -0.420476 0.165615 -0.020967
v -0.480374 0.159390 -0.044596
v -0.494409 0.090000 -0.021906
v -0.413942 0.090000 0.013625
v -0.480374 0.159390 -0.044596
v -0.521092 0.167458 -0.084992
v -0.555588 0.090000 -0.073272
v -0.494409 0.090000 -0.021906
v -0.521092 0.167458 -0.084992
v -0.514782 0.164627 -0.139371
v -0.561225 0.090000 -0.155149
v -0.555588 0.090000 -0.073272
v -0.514782 0.164627 -0.139371
v -0.489452 0.159892 -0.196586
v -0.498165 0.090000 -0.210673
v -0.561225 0.090000 -0.155149
v -0.489452 0.159892 -0.196586
v -0.423021 0.162891 -0.192071
v -0.416530 0.090000 -0.226433
v -0.498165 0.090000 -0.210673
v -0.423021 0.162891 -0.192071
v -0.374174 0.168921 -0.163174
v -0.324978 0.090000 -0.201707
v -0.416530 0.090000 -0.226433
v -0.374174 0.168921 -0.163174
v -0.353449 0.161155 -0.113253
v -0.298067 0.090000 -0.113253
v -0.324978 0.090000 -0.201707
v -0.298067 0.090000 -0.113253
v -0.350425 0.090000 -0.044731
v -0.368236 0.019795 -0.058681
v -0.349091 0.021021 -0.113253
v -0.350425 0.090000 -0.044731
v -0.413942 0.090000 0.013625
v -0.420071 0.017926 -0.018821
v -0.368236 0.019795 -0.058681
v -0.413942 0.090000 0.013625
v -0.494409 0.090000 -0.021906
v -0.486314 0.013115 -0.034994
v -0.420071 0.017926 -0.018821
v -0.494409 0.090000 -0.021906
v -0.555588 0.090000 -0.073272
v -0.515158 0.015042 -0.087008
v -0.486314 0.013115 -0.034994
v -0.555588 0.090000 -0.073272
v -0.561225 0.090000 -0.155149
v -0.536109 0.021426 -0.146617
v -0.515158 0.015042 -0.087008
v -0.561225 0.090000 -0.155149
v -0.498165 0.090000 -0.210673
v -0.479042 0.018781 -0.179756
v -0.536109 0.021426 -0.146617
v -0.498165 0.090000 -0.210673
v -0.416530 0.090000 -0.226433
v -0.420826 0.017101 -0.203689
v -0.479042 0.018781 -0.179756
v -0.416530 0.090000 -0.226433
v -0.324978 0.090000 -0.201707
v -0.365615 0.016593 -0.169878
v -0.420826 0.017101 -0.203689
v -0.324978 0.090000 -0.201707
v -0.298067 0.090000 -0.113253
v -0.349091 0.021021 -0.113253
v -0.365615 0.016593 -0.169878
v -0.349091 0.021021 -0.113253
v -0.368236 0.019795 -0.058681
v -0.437909 -0.006957 -0.113253
v -0.437909 -0.007303 -0.113253
v -0.368236 0.019795 -0.058681
v -0.420071 0.017926 -0.018821
v -0.437909 -0.010957 -0.113253
v -0.437909 -0.006957 -0.113253
v -0.420071 0.017926 -0.018821
v -0.486314 0.013115 -0.034994
v -0.437909 -0.009527 -0.113253
v -0.437909 -0.010957 -0.113253
v -0.486314 0.013115 -0.034994
v -0.515158 0.015042 -0.087008
v -0.437909 -0.012053 -0.113253
v -0.437909 -0.009527 -0.113253
v -0.515158 0.015042 -0.087008
v -0.536109 0.021426 -0.146617
v -0.437909 -0.019318 -0.113253
v -0.437909 -0.012053 -0.113253
v -0.536109 0.021426 -0.146617
v -0.479042 0.018781 -0.179756
v -0.437909 -0.007480 -0.113253
v -0.437909 -0.019318 -0.113253
v -0.479042 0.018781 -0.179756
v -0.420826 0.017101 -0.203689
v -0.437909 -0.010000 -0.113253
v -0.437909 -0.007480 -0.113253
v -0.420826 0.017101 -0.203689
v -0.365615 0.016593 -0.169878
v -0.437909 -0.021396 -0.113253
v -0.437909 -0.010000 -0.113253
v -0.365615 0.016593 -0.169878
v -0.349091 0.021021 -0.113253
v -0.437909 -0.007303 -0.113253
v -0.437909 -0.021396 -0.113253
v -0.313471 0.186095 -0.271802
v -0.313471 0.182929 -0.271802
v -0.249356 0.155541 -0.225553
v -0.226401 0.154402 -0.271802
v -0.313471 0.182929 -0.271802
v -0.313471 0.186017 -0.271802
v -0.296406 0.156484 -0.188603
v -0.249356 0.155541 -0.225553
v -0.313471 0.186017 -0.271802
v -0.313471 0.180433 -0.271802
v -0.360924 0.157604 -0.201147
v -0.296406 0.156484 -0.188603
v -0.313471 0.180433 -0.271802
v -0.313471 0.187496 -0.271802
v -0.411262 0.153355 -0.241204
v -0.360924 0.157604 -0.201147
v -0.313471 0.187496 -0.271802
v -0.313471 0.191732 -0.271802
v -0.391390 0.160800 -0.296181
v -0.411262 0.153355 -0.241204
v -0.313471 0.191732 -0.271802
v -0.313471 0.183326 -0.271802
v -0.355564 0.153213 -0.334475
v -0.391390 0.160800 -0.296181
v -0.313471 0.183326 -0.271802
v -0.313471 0.193718 -0.271802
v -0.295361 0.161699 -0.360094
v -0.355564 0.153213 -0.334475
v -0.313471 0.193718 -0.271802
v -0.313471 0.180178 -0.271802
v -0.244780 0.163924 -0.321351
v -0.295361 0.161699 -0.360094
v -0.313471 0.180178 -0.271802
v -0.313471 0.186095 -0.271802
v -0.226401 0.154402 -0.271802
v -0.244780 0.163924 -0.321351
v -0.226401 0.154402 -0.271802
v -0.249356 0.155541 -0.225553
v -0.206333 0.090000 -0.194520
v -0.177359 0.090000 -0.271802
v -0.249356 0.155541 -0.225553
v -0.296406 0.156484 -0.188603
v -0.288685 0.090000 -0.150963
v -0.206333 0.090000 -0.194520
v -0.296406 0.156484 -0.188603
v -0.360924 0.157604 -0.201147
v -0.381813 0.090000 -0.170044
v -0.288685 0.090000 -0.150963
v -0.360924 0.157604 -0.201147
v -0.411262 0.153355 -0.241204
v -0.425191 0.090000 -0.236846
v -0.381813 0.090000 -0.170044
v -0.411262 0.153355 -0.241204
v -0.391390 0.160800 -0.296181
v -0.450506 0.090000 -0.314678
v -0.425191 0.090000 -0.236846
v -0.391390 0.160800 -0.296181
v -0.355564 0.153213 -0.334475
v -0.373422 0.090000 -0.361066
v -0.450506 0.090000 -0.314678
v -0.355564 0.153213 -0.334475
v -0.295361 0.161699 -0.360094
v -0.291550 0.090000 -0.378674
v -0.373422 0.090000 -0.361066
v -0.295361 0.161699 -0.360094
v -0.244780 0.163924 -0.321351
v -0.223195 0.090000 -0.336920
v -0.291550 0.090000 -0.378674
v -0.244780 0.163924 -0.321351
v -0.226401 0.154402 -0.271802
v -0.177359 0.090000 -0.271802
v -0.223195 0.090000 -0.336920
v -0.177359 0.090000 -0.271802
v -0.206333 0.090000 -0.194520
v -0.233250 0.023487 -0.213935
v -0.229192 0.017788 -0.271802
v -0.206333 0.090000 -0.194520
v -0.288685 0.090000 -0.150963
v -0.296495 0.025264 -0.189039
v -0.233250 0.023487 -0.213935
v -0.288685 0.090000 -0.150963
v -0.381813 0.090000 -0.170044
v -0.367759 0.016127 -0.190970
v -0.296495 0.025264 -0.189039
v -0.381813 0.090000 -0.170044
v -0.425191 0.090000 -0.236846
v -0.403322 0.025961 -0.243689
v -0.367759 0.016127 -0.190970
v -0.425191 0.090000 -0.236846
v -0.450506 0.090000 -0.314678
v -0.408243 0.026116 -0.301454
v -0.403322 0.025961 -0.243689
v -0.450506 0.090000 -0.314678
v -0.373422 0.090000 -0.361066
v -0.355670 0.025099 -0.334634
v -0.408243 0.026116 -0.301454
v -0.373422 0.090000 -0.361066
v -0.291550 0.090000 -0.378674
v -0.294806 0.024900 -0.362798
v -0.355670 0.025099 -0.334634
v -0.291550 0.090000 -0.378674
v -0.223195 0.090000 -0.336920
v -0.230896 0.017698 -0.331365
v -0.294806 0.024900 -0.362798
v -0.223195 0.090000 -0.336920
v -0.177359 0.090000 -0.271802
v -0.229192 0.017788 -0.271802
v -0.230896 0.017698 -0.331365
v -0.229192 0.017788 -0.271802
v -0.233250 0.023487 -0.213935
v -0.313471 -0.009467 -0.271802
v -0.313471 -0.010684 -0.271802
v -0.233250 0.023487 -0.213935
v -0.296495 0.025264 -0.189039
v -0.313471 0.000317 -0.271802
v -0.313471 -0.009467 -0.271802
v -0.296495 0.025264 -0.189039
v -0.367759 0.016127 -0.190970
v -0.313471 -0.009801 -0.271802
v -0.313471 0.000317 -0.271802
v -0.367759 0.016127 -0.190970
v -0.403322 0.025961 -0.243689
v -0.313471 -0.007358 -0.271802
v -0.313471 -0.009801 -0.271802
v -0.403322 0.025961 -0.243689
v -0.408243 0.026116 -0.301454
v -0.313471 -0.009434 -0.271802
v -0.313471 -0.007358 -0.271802
v -0.408243 0.026116 -0.301454
v -0.355670 0.025099 -0.334634
v -0.313471 -0.009812 -0.271802
v -0.313471 -0.009434 -0.271802
v -0.355670 0.025099 -0.334634
v -0.294806 0.024900 -0.362798
v -0.313471 -0.002929 -0.271802
v -0.313471 -0.009812 -0.271802
v -0.294806 0.024900 -0.362798
v -0.230896 0.017698 -0.331365
v -0.313471 -0.006034 -0.271802
v -0.313471 -0.002929 -0.271802
v -0.230896 0.017698 -0.331365
v -0.229192 0.017788 -0.271802
v -0.313471 -0.010684 -0.271802
v -0.313471 -0.006034 -0.271802
v -0.141469 0.182347 -0.391321
v -0.141469 0.187677 -0.391321
v -0.060355 0.158093 -0.342367
v -0.028539 0.156060 -0.391321
v -0.141469 0.187677 -0.391321
v -0.141469 0.180673 -0.391321
v -0.123075 0.159921 -0.316293
v -0.060355 0.158093 -0.342367
v -0.141469 0.180673 -0.391321
v -0.141469 0.185987 -0.391321
v -0.192857 0.153893 -0.327303
v -0.123075 0.159921 -0.316293
v -0.141469 0.185987 -0.391321
v -0.141469 0.175663 -0.391321
v -0.247022 0.153287 -0.363689
v -0.192857 0.153893 -0.327303
v -0.141469 0.175663 -0.391321
v -0.141469 0.177569 -0.391321
v -0.238832 0.158936 -0.416810
v -0.247022 0.153287 -0.363689
v -0.141469 0.177569 -0.391321
v -0.141469 0.182859 -0.391321
v -0.192529 0.158953 -0.454932
v -0.238832 0.158936 -0.416810
v -0.141469 0.182859 -0.391321
v -0.141469 0.188281 -0.391321
v -0.122554 0.153629 -0.468476
v -0.192529 0.158953 -0.454932
v -0.141469 0.188281 -0.391321
v -0.141469 0.176939 -0.391321
v -0.051534 0.152038 -0.445599
v -0.122554 0.153629 -0.468476
v -0.141469 0.176939 -0.391321
v -0.141469 0.182347 -0.391321
v -0.028539 0.156060 -0.391321
v -0.051534 0.152038 -0.445599
v -0.028539 0.156060 -0.391321
v -0.060355 0.158093 -0.342367
v -0.006120 0.090000 -0.309635
v 0.032725 0.090000 -0.391321
v -0.060355 0.158093 -0.342367
v -0.123075 0.159921 -0.316293
v -0.113069 0.090000 -0.275479
v -0.006120 0.090000 -0.309635
v -0.123075 0.159921 -0.316293
v -0.192857 0.153893 -0.327303
v -0.216201 0.090000 -0.298222
v -0.113069 0.090000 -0.275479
v -0.192857 0.153893 -0.327303
v -0.247022 0.153287 -0.363689
v -0.302582 0.090000 -0.349144
v -0.216201 0.090000 -0.298222
v -0.247022 0.153287 -0.363689
v -0.238832 0.158936 -0.416810
v -0.297817 0.090000 -0.432251
v -0.302582 0.090000 -0.349144
v -0.238832 0.158936 -0.416810
v -0.192529 0.158953 -0.454932
v -0.230473 0.090000 -0.502200
v -0.297817 0.090000 -0.432251
v -0.192529 0.158953 -0.454932
v -0.122554 0.153629 -0.468476
v -0.115213 0.090000 -0.498419
v -0.230473 0.090000 -0.502200
v -0.122554 0.153629 -0.468476
v -0.051534 0.152038 -0.445599
v -0.031540 0.090000 -0.457666
v -0.115213 0.090000 -0.498419
v -0.051534 0.152038 -0.445599
v -0.028539 0.156060 -0.391321
v 0.032725 0.090000 -0.391321
v -0.031540 0.090000 -0.457666
v 0.032725 0.090000 -0.391321
v -0.006120 0.090000 -0.309635
v -0.053178 0.020782 -0.338036
v -0.028366 0.020774 -0.391321
v -0.006120 0.090000 -0.309635
v -0.113069 0.090000 -0.275479
v -0.123245 0.020242 -0.316988
v -0.053178 0.020782 -0.338036
v -0.113069 0.090000 -0.275479
v -0.216201 0.090000 -0.298222
v -0.197750 0.027461 -0.321207
v -0.123245 0.020242 -0.316988
v -0.216201 0.090000 -0.298222
v -0.302582 0.090000 -0.349144
v -0.240554 0.028344 -0.365382
v -0.197750 0.027461 -0.321207
v -0.302582 0.090000 -0.349144
v -0.297817 0.090000 -0.432251
v -0.236428 0.021637 -0.416180
v -0.240554 0.028344 -0.365382
v -0.297817 0.090000 -0.432251
v -0.230473 0.090000 -0.502200
v -0.197788 0.027551 -0.461483
v -0.236428 0.021637 -0.416180
v -0.230473 0.090000 -0.502200
v -0.115213 0.090000 -0.498419
v -0.120128 0.022778 -0.478370
v -0.197788 0.027551 -0.461483
v -0.115213 0.090000 -0.498419
v -0.031540 0.090000 -0.457666
v -0.047909 0.026043 -0.447786
v -0.120128 0.022778 -0.478370
v -0.031540 0.090000 -0.457666
v 0.032725 0.090000 -0.391321
v -0.028366 0.020774 -0.391321
v -0.047909 0.026043 -0.447786
v -0.028366 0.020774 -0.391321
v -0.053178 0.020782 -0.338036
v -0.141469 0.001018 -0.391321
v -0.141469 0.000724 -0.391321
v -0.053178 0.020782 -0.338036
v -0.123245 0.020242 -0.316988
v -0.141469 0.005103 -0.391321
v -0.141469 0.001018 -0.391321
v -0.123245 0.020242 -0.316988
v -0.197750 0.027461 -0.321207
v -0.141469 -0.004637 -0.391321
v -0.141469 0.005103 -0.391321
v -0.197750 0.027461 -0.321207
v -0.240554 0.028344 -0.365382
v -0.141469 -0.001002 -0.391321
v -0.141469 -0.004637 -0.391321
v -0.240554 0.028344 -0.365382
v -0.236428 0.021637 -0.416180
v -0.141469 0.005613 -0.391321
v -0.141469 -0.001002 -0.391321
v -0.236428 0.021637 -0.416180
v -0.197788 0.027551 -0.461483
v -0.141469 0.000294 -0.391321
v -0.141469 0.005613 -0.391321
v -0.197788 0.027551 -0.461483
v -0.120128 0.022778 -0.478370
v -0.141469 -0.001296 -0.391321
v -0.141469 0.000294 -0.391321
v -0.120128 0.022778 -0.478370
v -0.047909 0.026043 -0.447786
v -0.141469 0.004028 -0.391321
v -0.141469 -0.001296 -0.391321
v -0.047909 0.026043 -0.447786
v -0.028366 0.020774 -0.391321
v -0.141469 0.000724 -0.391321
v -0.141469 0.004028 -0.391321
v 0.048087 0.207531 -0.435737
v 0.048087 0.196532 -0.435737
v 0.126215 0.161308 -0.376159
v 0.165950 0.171505 -0.435737
v 0.048087 0.196532 -0.435737
v 0.048087 0.202545 -0.435737
v 0.068446 0.162382 -0.330804
v 0.126215 0.161308 -0.376159
v 0.048087 0.202545 -0.435737
v 0.048087 0.194202 -0.435737
v -0.001401 0.169096 -0.357839
v 0.068446 0.162382 -0.330804
v 0.048087 0.194202 -0.435737
v 0.048087 0.191649 -0.435737
v -0.048137 0.162436 -0.403909
v -0.001401 0.169096 -0.357839
v 0.048087 0.191649 -0.435737
v 0.048087 0.205353 -0.435737
v -0.062937 0.164819 -0.472460
v -0.048137 0.162436 -0.403909
v 0.048087 0.205353 -0.435737
v 0.048087 0.192542 -0.435737
v -0.009436 0.167216 -0.526282
v -0.062937 0.164819 -0.472460
v 0.048087 0.192542 -0.435737
v 0.048087 0.200616 -0.435737
v 0.066481 0.164401 -0.530543
v -0.009436 0.167216 -0.526282
v 0.048087 0.200616 -0.435737
v 0.048087 0.203338 -0.435737
v 0.124010 0.163043 -0.493634
v 0.066481 0.164401 -0.530543
v 0.048087 0.203338 -0.435737
v 0.048087 0.207531 -0.435737
v 0.165950 0.171505 -0.435737
v 0.124010 0.163043 -0.493634
v 0.165950 0.171505 -0.435737
v 0.126215 0.161308 -0.376159
v 0.177029 0.090000 -0.337410
v 0.179379 0.090000 -0.435737
v 0.126215 0.161308 -0.376159
v 0.068446 0.162382 -0.330804
v 0.070809 0.090000 -0.318625
v 0.177029 0.090000 -0.337410
v 0.068446 0.162382 -0.330804
v -0.001401 0.169096 -0.357839
v -0.033036 0.090000 -0.308044
v 0.070809 0.090000 -0.318625
v -0.001401 0.169096 -0.357839
v -0.048137 0.162436 -0.403909
v -0.109985 0.090000 -0.383451
v -0.033036 0.090000 -0.308044
v -0.048137 0.162436 -0.403909
v -0.062937 0.164819 -0.472460
v -0.078117 0.090000 -0.477482
v -0.109985 0.090000 -0.383451
v -0.062937 0.164819 -0.472460
v -0.009436 0.167216 -0.526282
v -0.034208 0.090000 -0.565275
v -0.078117 0.090000 -0.477482
v -0.009436 0.167216 -0.526282
v 0.066481 0.164401 -0.530543
v 0.070411 0.090000 -0.550798
v -0.034208 0.090000 -0.565275
v 0.066481 0.164401 -0.530543
v 0.124010 0.163043 -0.493634
v 0.163017 0.090000 -0.523379
v 0.070411 0.090000 -0.550798
v 0.124010 0.163043 -0.493634
v 0.165950 0.171505 -0.435737
v 0.179379 0.090000 -0.435737
v 0.163017 0.090000 -0.523379
v 0.179379 0.090000 -0.435737
v 0.177029 0.090000 -0.337410
v 0.139631 0.007587 -0.365928
v 0.166265 0.017966 -0.435737
v 0.177029 0.090000 -0.337410
v 0.070809 0.090000 -0.318625
v 0.064907 0.015576 -0.349045
v 0.139631 0.007587 -0.365928
v 0.070809 0.090000 -0.318625
v -0.033036 0.090000 -0.308044
v -0.004543 0.016413 -0.352893
v 0.064907 0.015576 -0.349045
v -0.033036 0.090000 -0.308044
v -0.109985 0.090000 -0.383451
v -0.054525 0.007468 -0.401796
v -0.004543 0.016413 -0.352893
v -0.109985 0.090000 -0.383451
v -0.078117 0.090000 -0.477482
v -0.058382 0.015234 -0.470954
v -0.054525 0.007468 -0.401796
v -0.078117 0.090000 -0.477482
v -0.034208 0.090000 -0.565275
v -0.004102 0.015135 -0.517885
v -0.058382 0.015234 -0.470954
v -0.034208 0.090000 -0.565275
v 0.070411 0.090000 -0.550798
v 0.066730 0.018725 -0.531826
v -0.004102 0.015135 -0.517885
v 0.070411 0.090000 -0.550798
v 0.163017 0.090000 -0.523379
v 0.124066 0.017297 -0.493676
v 0.066730 0.018725 -0.531826
v 0.163017 0.090000 -0.523379
v 0.179379 0.090000 -0.435737
v 0.166265 0.017966 -0.435737
v 0.124066 0.017297 -0.493676
v 0.166265 0.017966 -0.435737
v 0.139631 0.007587 -0.365928
v 0.048087 -0.015027 -0.435737
v 0.048087 -0.018114 -0.435737
v 0.139631 0.007587 -0.365928
v 0.064907 0.015576 -0.349045
v 0.048087 -0.017047 -0.435737
v 0.048087 -0.015027 -0.435737
v 0.064907 0.015576 -0.349045
v -0.004543 0.016413 -0.352893
v 0.048087 -0.014209 -0.435737
v 0.048087 -0.017047 -0.435737
v -0.004543 0.016413 -0.352893
v -0.054525 0.007468 -0.401796
v 0.048087 -0.011310 -0.435737
v 0.048087 -0.014209 -0.435737
v -0.054525 0.007468 -0.401796
v -0.058382 0.015234 -0.470954
v 0.048087 -0.024680 -0.435737
v 0.048087 -0.011310 -0.435737
v -0.058382 0.015234 -0.470954
v -0.004102 0.015135 -0.517885
v 0.048087 -0.023084 -0.435737
v 0.048087 -0.024680 -0.435737
v -0.004102 0.015135 -0.517885
v 0.066730 0.018725 -0.531826
v 0.048087 -0.024911 -0.435737
v 0.048087 -0.023084 -0.435737
v 0.066730 0.018725 -0.531826
v 0.124066 0.017297 -0.493676
v 0.048087 -0.012156 -0.435737
v 0.048087 -0.024911 -0.435737
v 0.124066 0.017297 -0.493676
v 0.166265 0.017966 -0.435737
v 0.048087 -0.018114 -0.435737
v 0.048087 -0.012156 -0.435737
v 0.266075 0.199809 -0.364830
v 0.266075 0.198131 -0.364830
v 0.339255 0.173709 -0.313917
v 0.382996 0.170966 -0.364830
v 0.266075 0.198131 -0.364830
v 0.266075 0.201178 -0.364830
v 0.285548 0.170422 -0.273264
v 0.339255 0.173709 -0.313917
v 0.266075 0.201178 -0.364830
v 0.266075 0.194100 -0.364830
v 0.210663 0.163595 -0.285253
v 0.285548 0.170422 -0.273264
v 0.266075 0.194100 -0.364830
v 0.266075 0.206160 -0.364830
v 0.174811 0.172163 -0.337288
v 0.210663 0.163595 -0.285253
v 0.266075 0.206160 -0.364830
v 0.266075 0.207751 -0.364830
v 0.162656 0.172325 -0.396040
v 0.174811 0.172163 -0.337288
v 0.266075 0.207751 -0.364830
v 0.266075 0.197847 -0.364830
v 0.215132 0.164317 -0.437990
v 0.162656 0.172325 -0.396040
v 0.266075 0.197847 -0.364830
v 0.266075 0.204861 -0.364830
v 0.284165 0.166872 -0.449893
v 0.215132 0.164317 -0.437990
v 0.266075 0.204861 -0.364830
v 0.266075 0.206617 -0.364830
v 0.353027 0.167270 -0.425325
v 0.284165 0.166872 -0.449893
v 0.266075 0.206617 -0.364830
v 0.266075 0.199809 -0.364830
v 0.382996 0.170966 -0.364830
v 0.353027 0.167270 -0.425325
v 0.382996 0.170966 -0.364830
v 0.339255 0.173709 -0.313917
v 0.379353 0.090000 -0.286020
v 0.436369 0.090000 -0.364830
v 0.339255 0.173709 -0.313917
v 0.285548 0.170422 -0.273264
v 0.294337 0.090000 -0.231933
v 0.379353 0.090000 -0.286020
v 0.285548 0.170422 -0.273264
v 0.210663 0.163595 -0.285253
v 0.196846 0.090000 -0.265411
v 0.294337 0.090000 -0.231933
v 0.210663 0.163595 -0.285253
v 0.174811 0.172163 -0.337288
v 0.119979 0.090000 -0.320741
v 0.196846 0.090000 -0.265411
v 0.174811 0.172163 -0.337288
v 0.162656 0.172325 -0.396040
v 0.118786 0.090000 -0.409279
v 0.119979 0.090000 -0.320741
v 0.162656 0.172325 -0.396040
v 0.215132 0.164317 -0.437990
v 0.191057 0.090000 -0.472562
v 0.118786 0.090000 -0.409279
v 0.215132 0.164317 -0.437990
v 0.284165 0.166872 -0.449893
v 0.294872 0.090000 -0.500240
v 0.191057 0.090000 -0.472562
v 0.284165 0.166872 -0.449893
v 0.353027 0.167270 -0.425325
v 0.369177 0.090000 -0.436560
v 0.294872 0.090000 -0.500240
v 0.353027 0.167270 -0.425325
v 0.382996 0.170966 -0.364830
v 0.436369 0.090000 -0.364830
v 0.369177 0.090000 -0.436560
v 0.436369 0.090000 -0.364830
v 0.379353 0.090000 -0.286020
v 0.340204 0.013806 -0.313257
v 0.361858 0.004810 -0.364830
v 0.379353 0.090000 -0.286020
v 0.294337 0.090000 -0.231933
v 0.285575 0.009281 -0.273135
v 0.340204 0.013806 -0.313257
v 0.294337 0.090000 -0.231933
v 0.196846 0.090000 -0.265411
v 0.210198 0.014643 -0.284585
v 0.285575 0.009281 -0.273135
v 0.196846 0.090000 -0.265411
v 0.119979 0.090000 -0.320741
v 0.162163 0.014710 -0.333472
v 0.210198 0.014643 -0.284585
v 0.119979 0.090000 -0.320741
v 0.118786 0.090000 -0.409279
v 0.153535 0.004214 -0.398792
v 0.162163 0.014710 -0.333472
v 0.118786 0.090000 -0.409279
v 0.191057 0.090000 -0.472562
v 0.209892 0.013370 -0.445514
v 0.153535 0.004214 -0.398792
v 0.191057 0.090000 -0.472562
v 0.294872 0.090000 -0.500240
v 0.285379 0.011939 -0.455604
v 0.209892 0.013370 -0.445514
v 0.294872 0.090000 -0.500240
v 0.369177 0.090000 -0.436560
v 0.349774 0.014972 -0.423062
v 0.285379 0.011939 -0.455604
v 0.369177 0.090000 -0.436560
v 0.436369 0.090000 -0.364830
v 0.361858 0.004810 -0.364830
v 0.349774 0.014972 -0.423062
v 0.361858 0.004810 -0.364830
v 0.340204 0.013806 -0.313257
v 0.266075 -0.027707 -0.364830
v 0.266075 -0.022076 -0.364830
v 0.340204 0.013806 -0.313257
v 0.285575 0.009281 -0.273135
v 0.266075 -0.028645 -0.364830
v 0.266075 -0.027707 -0.364830
v 0.285575 0.009281 -0.273135
v 0.210198 0.014643 -0.284585
v 0.266075 -0.022003 -0.364830
v 0.266075 -0.028645 -0.364830
v 0.210198 0.014643 -0.284585
v 0.162163 0.014710 -0.333472
v 0.266075 -0.015157 -0.364830
v 0.266075 -0.022003 -0.364830
v 0.162163 0.014710 -0.333472
v 0.153535 0.004214 -0.398792
v 0.266075 -0.028990 -0.364830
v 0.266075 -0.015157 -0.364830
v 0.153535 0.004214 -0.398792
v 0.209892 0.013370 -0.445514
v 0.266075 -0.018483 -0.364830
v 0.266075 -0.028990 -0.364830
v 0.209892 0.013370 -0.445514
v 0.285379 0.011939 -0.455604
v 0.266075 -0.014032 -0.364830
v 0.266075 -0.018483 -0.364830
v 0.285379 0.011939 -0.455604
v 0.349774 0.014972 -0.423062
v 0.266075 -0.028259 -0.364830
v 0.266075 -0.014032 -0.364830
v 0.349774 0.014972 -0.423062
v 0.361858 0.004810 -0.364830
v 0.266075 -0.022076 -0.364830
v 0.266075 -0.028259 -0.364830
v 0.352475 0.202806 -0.204857
v 0.352475 0.207770 -0.204857
v 0.431285 0.172802 -0.158352
v 0.458915 0.168817 -0.204857
v 0.352475 0.207770 -0.204857
v 0.352475 0.193749 -0.204857
v 0.372975 0.166395 -0.123097
v 0.431285 0.172802 -0.158352
v 0.352475 0.193749 -0.204857
v 0.352475 0.198731 -0.204857
v 0.289642 0.171716 -0.128324
v 0.372975 0.166395 -0.123097
v 0.352475 0.198731 -0.204857
v 0.352475 0.202587 -0.204857
v 0.261019 0.164437 -0.181449
v 0.289642 0.171716 -0.128324
v 0.352475 0.202587 -0.204857
v 0.352475 0.206686 -0.204857
v 0.257838 0.163361 -0.229080
v 0.261019 0.164437 -0.181449
v 0.352475 0.206686 -0.204857
v 0.352475 0.201750 -0.204857
v 0.298535 0.161225 -0.270558
v 0.257838 0.163361 -0.229080
v 0.352475 0.201750 -0.204857
v 0.352475 0.203967 -0.204857
v 0.372627 0.168855 -0.285231
v 0.298535 0.161225 -0.270558
v 0.352475 0.203967 -0.204857
v 0.352475 0.206361 -0.204857
v 0.441647 0.169611 -0.257477
v 0.372627 0.168855 -0.285231
v 0.352475 0.206361 -0.204857
v 0.352475 0.202806 -0.204857
v 0.458915 0.168817 -0.204857
v 0.441647 0.169611 -0.257477
v 0.458915 0.168817 -0.204857
v 0.431285 0.172802 -0.158352
v 0.460548 0.090000 -0.141085
v 0.512194 0.090000 -0.204857
v 0.431285 0.172802 -0.158352
v 0.372975 0.166395 -0.123097
v 0.381356 0.090000 -0.089669
v 0.460548 0.090000 -0.141085
v 0.372975 0.166395 -0.123097
v 0.289642 0.171716 -0.128324
v 0.284276 0.090000 -0.121789
v 0.381356 0.090000 -0.089669
v 0.289642 0.171716 -0.128324
v 0.261019 0.164437 -0.181449
v 0.204740 0.090000 -0.167043
v 0.284276 0.090000 -0.121789
v 0.261019 0.164437 -0.181449
v 0.257838 0.163361 -0.229080
v 0.196800 0.090000 -0.244703
v 0.204740 0.090000 -0.167043
v 0.257838 0.163361 -0.229080
v 0.298535 0.161225 -0.270558
v 0.274074 0.090000 -0.300353
v 0.196800 0.090000 -0.244703
v 0.298535 0.161225 -0.270558
v 0.372627 0.168855 -0.285231
v 0.377642 0.090000 -0.305231
v 0.274074 0.090000 -0.300353
v 0.372627 0.168855 -0.285231
v 0.441647 0.169611 -0.257477
v 0.458997 0.090000 -0.267715
v 0.377642 0.090000 -0.305231
v 0.441647 0.169611 -0.257477
v 0.458915 0.168817 -0.204857
v 0.512194 0.090000 -0.204857
v 0.458997 0.090000 -0.267715
v 0.512194 0.090000 -0.204857
v 0.460548 0.090000 -0.141085
v 0.429628 0.009296 -0.159330
v 0.465079 0.018256 -0.204857
v 0.460548 0.090000 -0.141085
v 0.381356 0.090000 -0.089669
v 0.372664 0.012567 -0.124337
v 0.429628 0.009296 -0.159330
v 0.381356 0.090000 -0.089669
v 0.284276 0.090000 -0.121789
v 0.295230 0.012916 -0.135131
v 0.372664 0.012567 -0.124337
v 0.284276 0.090000 -0.121789
v 0.204740 0.090000 -0.167043
v 0.250960 0.017272 -0.178874
v 0.295230 0.012916 -0.135131
v 0.204740 0.090000 -0.167043
v 0.196800 0.090000 -0.244703
v 0.242646 0.011804 -0.232969
v 0.250960 0.017272 -0.178874
v 0.196800 0.090000 -0.244703
v 0.274074 0.090000 -0.300353
v 0.300033 0.008010 -0.268734
v 0.242646 0.011804 -0.232969
v 0.274074 0.090000 -0.300353
v 0.377642 0.090000 -0.305231
v 0.371888 0.016976 -0.282285
v 0.300033 0.008010 -0.268734
v 0.377642 0.090000 -0.305231
v 0.458997 0.090000 -0.267715
v 0.443176 0.015888 -0.258379
v 0.371888 0.016976 -0.282285
v 0.458997 0.090000 -0.267715
v 0.512194 0.090000 -0.204857
v 0.465079 0.018256 -0.204857
v 0.443176 0.015888 -0.258379
v 0.465079 0.018256 -0.204857
v 0.429628 0.009296 -0.159330
v 0.352475 -0.013774 -0.204857
v 0.352475 -0.012439 -0.204857
v 0.429628 0.009296 -0.159330
v 0.372664 0.012567 -0.124337
v 0.352475 -0.020866 -0.204857
v 0.352475 -0.013774 -0.204857
v 0.372664 0.012567 -0.124337
v 0.295230 0.012916 -0.135131
v 0.352475 -0.018945 -0.204857
v 0.352475 -0.020866 -0.204857
v 0.295230 0.012916 -0.135131
v 0.250960 0.017272 -0.178874
v 0.352475 -0.023581 -0.204857
v 0.352475 -0.018945 -0.204857
v 0.250960 0.017272 -0.178874
v 0.242646 0.011804 -0.232969
v 0.352475 -0.022152 -0.204857
v 0.352475 -0.023581 -0.204857
v 0.242646 0.011804 -0.232969
v 0.300033 0.008010 -0.268734
v 0.352475 -0.014387 -0.204857
v 0.352475 -0.022152 -0.204857
v 0.300033 0.008010 -0.268734
v 0.371888 0.016976 -0.282285
v 0.352475 -0.019017 -0.204857
v 0.352475 -0.014387 -0.204857
v 0.371888 0.016976 -0.282285
v 0.443176 0.015888 -0.258379
v 0.352475 -0.013660 -0.204857
v 0.352475 -0.019017 -0.204857
v 0.443176 0.015888 -0.258379
v 0.465079 0.018256 -0.204857
v 0.352475 -0.012439 -0.204857
v 0.352475 -0.013660 -0.204857
v -0.351725 0.170000 -0.276454
v -0.362123 0.210364 -0.265142
v -0.097205 0.237029 -0.126244
v -0.088001 0.201301 -0.136258
v -0.362123 0.210364 -0.265142
v -0.380887 0.231841 -0.232706
v -0.113814 0.256040 -0.097534
v -0.097205 0.237029 -0.126244
v -0.380887 0.231841 -0.232706
v -0.399235 0.224382 -0.194326
v -0.130055 0.249437 -0.063562
v -0.113814 0.256040 -0.097534
v -0.399235 0.224382 -0.194326
v -0.408583 0.191477 -0.167958
v -0.138329 0.220311 -0.040223
v -0.130055 0.249437 -0.063562
v -0.408583 0.191477 -0.167958
v -0.404557 0.148523 -0.165942
v -0.134765 0.182290 -0.038438
v -0.138329 0.220311 -0.040223
v -0.404557 0.148523 -0.165942
v -0.389040 0.115618 -0.189220
v -0.121031 0.153164 -0.059042
v -0.134765 0.182290 -0.038438
v -0.389040 0.115618 -0.189220
v -0.369294 0.108159 -0.226900
v -0.103552 0.146562 -0.092395
v -0.121031 0.153164 -0.059042
v -0.369294 0.108159 -0.226900
v -0.354556 0.129636 -0.261352
v -0.090508 0.165573 -0.122890
v -0.103552 0.146562 -0.092395
v -0.354556 0.129636 -0.261352
v -0.351725 0.170000 -0.276454
v -0.088001 0.201301 -0.136258
v -0.090508 0.165573 -0.122890
v -0.380000 0.170000 -0.220000
v -0.351725 0.170000 -0.276454
v -0.362123 0.210364 -0.265142
v -0.362123 0.210364 -0.265142
v -0.380887 0.231841 -0.232706
v -0.380887 0.231841 -0.232706
v -0.399235 0.224382 -0.194326
v -0.399235 0.224382 -0.194326
v -0.408583 0.191477 -0.167958
v -0.408583 0.191477 -0.167958
v -0.404557 0.148523 -0.165942
v -0.404557 0.148523 -0.165942
v -0.389040 0.115618 -0.189220
v -0.389040 0.115618 -0.189220
v -0.369294 0.108159 -0.226900
v -0.369294 0.108159 -0.226900
v -0.354556 0.129636 -0.261352
v -0.354556 0.129636 -0.261352
v -0.351725 0.170000 -0.276454
v -0.113029 0.201301 -0.086287
v -0.088001 0.201301 -0.136258
v -0.097205 0.237029 -0.126244
v -0.097205 0.237029 -0.126244
v -0.113814 0.256040 -0.097534
v -0.113814 0.256040 -0.097534
v -0.130055 0.249437 -0.063562
v -0.130055 0.249437 -0.063562
v -0.138329 0.220311 -0.040223
v -0.138329 0.220311 -0.040223
v -0.134765 0.182290 -0.038438
v -0.134765 0.182290 -0.038438
v -0.121031 0.153164 -0.059042
v -0.121031 0.153164 -0.059042
v -0.103552 0.146562 -0.092395
v -0.103552 0.146562 -0.092395
v -0.090508 0.165573 -0.122890
v -0.090508 0.165573 -0.122890
v -0.088001 0.201301 -0.136258
v -0.080154 0.201301 -0.144020
v -0.089783 0.243947 -0.131616
v 0.175481 0.254397 0.027253
v 0.183824 0.217446 0.016506
v -0.089783 0.243947 -0.131616
v -0.110289 0.266639 -0.098003
v 0.157714 0.274058 0.056378
v 0.175481 0.254397 0.027253
v -0.110289 0.266639 -0.098003
v -0.132076 0.258758 -0.058907
v 0.138836 0.267230 0.090252
v 0.157714 0.274058 0.056378
v -0.132076 0.258758 -0.058907
v -0.144952 0.223993 -0.032623
v 0.127680 0.237107 0.113026
v 0.138836 0.267230 0.090252
v -0.144952 0.223993 -0.032623
v -0.142890 0.178609 -0.031449
v 0.129466 0.197784 0.114043
v 0.127680 0.237107 0.113026
v -0.142890 0.178609 -0.031449
v -0.126856 0.143844 -0.055934
v 0.143359 0.167662 0.092828
v 0.129466 0.197784 0.114043
v -0.126856 0.143844 -0.055934
v -0.104352 0.135963 -0.094622
v 0.162858 0.160833 0.059306
v 0.143359 0.167662 0.092828
v -0.104352 0.135963 -0.094622
v -0.085908 0.158655 -0.129410
v 0.178838 0.180495 0.029165
v 0.162858 0.160833 0.059306
v -0.085908 0.158655 -0.129410
v -0.080154 0.201301 -0.144020
v 0.183824 0.217446 0.016506
v 0.178838 0.180495 0.029165
v -0.113029 0.201301 -0.086287
v -0.080154 0.201301 -0.144020
v -0.089783 0.243947 -0.131616
v -0.089783 0.243947 -0.131616
v -0.110289 0.266639 -0.098003
v -0.110289 0.266639 -0.098003
v -0.132076 0.258758 -0.058907
v -0.132076 0.258758 -0.058907
v -0.144952 0.223993 -0.032623
v -0.144952 0.223993 -0.032623
v -0.142890 0.178609 -0.031449
v -0.142890 0.178609 -0.031449
v -0.126856 0.143844 -0.055934
v -0.126856 0.143844 -0.055934
v -0.104352 0.135963 -0.094622
v -0.104352 0.135963 -0.094622
v -0.085908 0.158655 -0.129410
v -0.085908 0.158655 -0.129410
v -0.080154 0.201301 -0.144020
v 0.155340 0.217446 0.066528
v 0.183824 0.217446 0.016506
v 0.175481 0.254397 0.027253
v 0.175481 0.254397 0.027253
v 0.157714 0.274058 0.056378
v 0.157714 0.274058 0.056378
v 0.138836 0.267230 0.090252
v 0.138836 0.267230 0.090252
v 0.127680 0.237107 0.113026
v 0.127680 0.237107 0.113026
v 0.129466 0.197784 0.114043
v 0.129466 0.197784 0.114043
v 0.143359 0.167662 0.092828
v 0.143359 0.167662 0.092828
v 0.162858 0.160833 0.059306
v 0.162858 0.160833 0.059306
v 0.178838 0.180495 0.029165
v 0.178838 0.180495 0.029165
v 0.183824 0.217446 0.016506
v 0.186251 0.217446 0.017250
v 0.175471 0.254602 0.026554
v 0.417550 0.282392 0.185151
v 0.426948 0.250000 0.177040
v 0.175471 0.254602 0.026554
v 0.155272 0.274372 0.054562
v 0.399941 0.299627 0.209568
v 0.417550 0.282392 0.185151
v 0.155272 0.274372 0.054562
v 0.135104 0.267506 0.088169
v 0.382359 0.293642 0.238866
v 0.399941 0.299627 0.209568
v 0.135104 0.267506 0.088169
v 0.124404 0.237216 0.111651
v 0.373032 0.267235 0.259337
v 0.382359 0.293642 0.238866
v 0.124404 0.237216 0.111651
v 0.128180 0.197675 0.114019
v 0.376323 0.232765 0.261401
v 0.373032 0.267235 0.259337
v 0.128180 0.197675 0.114019
v 0.144664 0.167385 0.094166
v 0.390693 0.206358 0.244094
v 0.376323 0.232765 0.261401
v 0.144664 0.167385 0.094166
v 0.166143 0.160519 0.061381
v 0.409418 0.200373 0.215513
v 0.390693 0.206358 0.244094
v 0.166143 0.160519 0.061381
v 0.182567 0.180289 0.031005
v 0.423736 0.217608 0.189031
v 0.409418 0.200373 0.215513
v 0.182567 0.180289 0.031005
v 0.186251 0.217446 0.017250
v 0.426948 0.250000 0.177040
v 0.423736 0.217608 0.189031
v 0.155340 0.217446 0.066528
v 0.186251 0.217446 0.017250
v 0.175471 0.254602 0.026554
v 0.175471 0.254602 0.026554
v 0.155272 0.274372 0.054562
v 0.155272 0.274372 0.054562
v 0.135104 0.267506 0.088169
v 0.135104 0.267506 0.088169
v 0.124404 0.237216 0.111651
v 0.124404 0.237216 0.111651
v 0.128180 0.197675 0.114019
v 0.128180 0.197675 0.114019
v 0.144664 0.167385 0.094166
v 0.144664 0.167385 0.094166
v 0.166143 0.160519 0.061381
v 0.166143 0.160519 0.061381
v 0.182567 0.180289 0.031005
v 0.182567 0.180289 0.031005
v 0.186251 0.217446 0.017250
v 0.400000 0.250000 0.220000
v 0.426948 0.250000 0.177040
v 0.417550 0.282392 0.185151
v 0.417550 0.282392 0.185151
v 0.399941 0.299627 0.209568
v 0.399941 0.299627 0.209568
v 0.382359 0.293642 0.238866
v 0.382359 0.293642 0.238866
v 0.373032 0.267235 0.259337
v 0.373032 0.267235 0.259337
v 0.376323 0.232765 0.261401
v 0.376323 0.232765 0.261401
v 0.390693 0.206358 0.244094
v 0.390693 0.206358 0.244094
v 0.409418 0.200373 0.215513
v 0.409418 0.200373 0.215513
v 0.423736 0.217608 0.189031
v 0.423736 0.217608 0.189031
v 0.426948 0.250000 0.177040
v -0.380000 0.233624 -0.220000
v -0.380000 0.230237 -0.220000
v -0.339255 0.200081 -0.179255
v -0.316023 0.201256 -0.220000
v -0.380000 0.230237 -0.220000
v -0.380000 0.230990 -0.220000
v -0.380000 0.202910 -0.167977
v -0.339255 0.200081 -0.179255
v -0.380000 0.230990 -0.220000
v -0.380000 0.231830 -0.220000
v -0.416920 0.201237 -0.183080
v -0.380000 0.202910 -0.167977
v -0.380000 0.231830 -0.220000
v -0.380000 0.237230 -0.220000
v -0.434499 0.203811 -0.220000
v -0.416920 0.201237 -0.183080
v -0.380000 0.237230 -0.220000
v -0.380000 0.231529 -0.220000
v -0.424472 0.201783 -0.264472
v -0.434499 0.203811 -0.220000
v -0.380000 0.231529 -0.220000
v -0.380000 0.238680 -0.220000
v -0.380000 0.204393 -0.275123
v -0.424472 0.201783 -0.264472
v -0.380000 0.238680 -0.220000
v -0.380000 0.235963 -0.220000
v -0.336803 0.204405 -0.263197
v -0.380000 0.204393 -0.275123
v -0.380000 0.235963 -0.220000
v -0.380000 0.233624 -0.220000
v -0.316023 0.201256 -0.220000
v -0.336803 0.204405 -0.263197
v -0.316023 0.201256 -0.220000
v -0.339255 0.200081 -0.179255
v -0.338675 0.135307 -0.178675
v -0.330749 0.137640 -0.220000
v -0.339255 0.200081 -0.179255
v -0.380000 0.202910 -0.167977
v -0.380000 0.138990 -0.161651
v -0.338675 0.135307 -0.178675
v -0.380000 0.202910 -0.167977
v -0.416920 0.201237 -0.183080
v -0.423481 0.136173 -0.176519
v -0.380000 0.138990 -0.161651
v -0.416920 0.201237 -0.183080
v -0.434499 0.203811 -0.220000
v -0.435534 0.137116 -0.220000
v -0.423481 0.136173 -0.176519
v -0.434499 0.203811 -0.220000
v -0.424472 0.201783 -0.264472
v -0.417707 0.138504 -0.257707
v -0.435534 0.137116 -0.220000
v -0.424472 0.201783 -0.264472
v -0.380000 0.204393 -0.275123
v -0.380000 0.136901 -0.275404
v -0.417707 0.138504 -0.257707
v -0.380000 0.204393 -0.275123
v -0.336803 0.204405 -0.263197
v -0.335130 0.138994 -0.264870
v -0.380000 0.136901 -0.275404
v -0.336803 0.204405 -0.263197
v -0.316023 0.201256 -0.220000
v -0.330749 0.137640 -0.220000
v -0.335130 0.138994 -0.264870
v -0.330749 0.137640 -0.220000
v -0.338675 0.135307 -0.178675
v -0.380000 0.108857 -0.220000
v -0.380000 0.100768 -0.220000
v -0.338675 0.135307 -0.178675
v -0.380000 0.138990 -0.161651
v -0.380000 0.109848 -0.220000
v -0.380000 0.108857 -0.220000
v -0.380000 0.138990 -0.161651
v -0.423481 0.136173 -0.176519
v -0.380000 0.103222 -0.220000
v -0.380000 0.109848 -0.220000
v -0.423481 0.136173 -0.176519
v -0.435534 0.137116 -0.220000
v -0.380000 0.101385 -0.220000
v -0.380000 0.103222 -0.220000
v -0.435534 0.137116 -0.220000
v -0.417707 0.138504 -0.257707
v -0.380000 0.109047 -0.220000
v -0.380000 0.101385 -0.220000
v -0.417707 0.138504 -0.257707
v -0.380000 0.136901 -0.275404
v -0.380000 0.106410 -0.220000
v -0.380000 0.109047 -0.220000
v -0.380000 0.136901 -0.275404
v -0.335130 0.138994 -0.264870
v -0.380000 0.104646 -0.220000
v -0.380000 0.106410 -0.220000
v -0.335130 0.138994 -0.264870
v -0.330749 0.137640 -0.220000
v -0.380000 0.100768 -0.220000
v -0.380000 0.104646 -0.220000
v 0.400000 0.313624 0.220000
v 0.400000 0.310237 0.220000
v 0.440745 0.280081 0.260745
v 0.463977 0.281256 0.220000
v 0.400000 0.310237 0.220000
v 0.400000 0.310990 0.220000
v 0.400000 0.282910 0.272023
v 0.440745 0.280081 0.260745
v 0.400000 0.310990 0.220000
v 0.400000 0.311830 0.220000
v 0.363080 0.281237 0.256920
v 0.400000 0.282910 0.272023
v 0.400000 0.311830 0.220000
v 0.400000 0.317230 0.220000
v 0.345501 0.283811 0.220000
v 0.363080 0.281237 0.256920
v 0.400000 0.317230 0.220000
v 0.400000 0.311529 0.220000
v 0.355528 0.281783 0.175528
v 0.345501 0.283811 0.220000
v 0.400000 0.311529 0.220000
v 0.400000 0.318680 0.220000
v 0.400000 0.284393 0.164877
v 0.355528 0.281783 0.175528
v 0.400000 0.318680 0.220000
v 0.400000 0.315963 0.220000
v 0.443197 0.284405 0.176803
v 0.400000 0.284393 0.164877
v 0.400000 0.315963 0.220000
v 0.400000 0.313624 0.220000
v 0.463977 0.281256 0.220000
v 0.443197 0.284405 0.176803
v 0.463977 0.281256 0.220000
v 0.440745 0.280081 0.260745
v 0.441325 0.215307 0.261325
v 0.449251 0.217640 0.220000
v 0.440745 0.280081 0.260745
v 0.400000 0.282910 0.272023
v 0.400000 0.218990 0.278349
v 0.441325 0.215307 0.261325
v 0.400000 0.282910 0.272023
v 0.363080 0.281237 0.256920
v 0.356519 0.216173 0.263481
v 0.400000 0.218990 0.278349
v 0.363080 0.281237 0.256920
v 0.345501 0.283811 0.220000
v 0.344466 0.217116 0.220000
v 0.356519 0.216173 0.263481
v 0.345501 0.283811 0.220000
v 0.355528 0.281783 0.175528
v 0.362293 0.218504 0.182293
v 0.344466 0.217116 0.220000
v 0.355528 0.281783 0.175528
v 0.400000 0.284393 0.164877
v 0.400000 0.216901 0.164596
v 0.362293 0.218504 0.182293
v 0.400000 0.284393 0.164877
v 0.443197 0.284405 0.176803
v 0.444870 0.218994 0.175130
v 0.400000 0.216901 0.164596
v 0.443197 0.284405 0.176803
v 0.463977 0.281256 0.220000
v 0.449251 0.217640 0.220000
v 0.444870 0.218994 0.175130
v 0.449251 0.217640 0.220000
v 0.441325 0.215307 0.261325
v 0.400000 0.188857 0.220000
v 0.400000 0.180768 0.220000
v 0.441325 0.215307 0.261325
v 0.400000 0.218990 0.278349
v 0.400000 0.189848 0.220000
v 0.400000 0.188857 0.220000
v 0.400000 0.218990 0.278349
v 0.356519 0.216173 0.263481
v 0.400000 0.183222 0.220000
v 0.400000 0.189848 0.220000
v 0.356519 0.216173 0.263481
v 0.344466 0.217116 0.220000
v 0.400000 0.181385 0.220000
v 0.400000 0.183222 0.220000
v 0.344466 0.217116 0.220000
v 0.362293 0.218504 0.182293
v 0.400000 0.189047 0.220000
v 0.400000 0.181385 0.220000
v 0.362293 0.218504 0.182293
v 0.400000 0.216901 0.164596
v 0.400000 0.186410 0.220000
v 0.400000 0.189047 0.220000
v 0.400000 0.216901 0.164596
v 0.444870 0.218994 0.175130
v 0.400000 0.184646 0.220000
v 0.400000 0.186410 0.220000
v 0.444870 0.218994 0.175130
v 0.449251 0.217640 0.220000
v 0.400000 0.180768 0.220000
v 0.400000 0.184646 0.220000
v -0.428512 0.210000 0.196939
v -0.417121 0.252041 0.207625
v -0.162797 0.228997 0.024669
v -0.173888 0.188065 0.014265
v -0.417121 0.252041 0.207625
v -0.393039 0.274410 0.238138
v -0.139350 0.250776 0.054377
v -0.162797 0.228997 0.024669
v -0.393039 0.274410 0.238138
v -0.367535 0.266641 0.274201
v -0.114519 0.243212 0.089489
v -0.139350 0.250776 0.054377
v -0.367535 0.266641 0.274201
v -0.352543 0.232369 0.298941
v -0.099923 0.209845 0.113576
v -0.114519 0.243212 0.089489
v -0.352543 0.232369 0.298941
v -0.355077 0.187631 0.300780
v -0.102390 0.166286 0.115367
v -0.099923 0.209845 0.113576
v -0.355077 0.187631 0.300780
v -0.373952 0.153359 0.278859
v -0.120767 0.132918 0.094024
v -0.102390 0.166286 0.115367
v -0.373952 0.153359 0.278859
v -0.400336 0.145590 0.243434
v -0.146455 0.125354 0.059534
v -0.120767 0.132918 0.094024
v -0.400336 0.145590 0.243434
v -0.421884 0.167959 0.211082
v -0.167434 0.147133 0.028035
v -0.146455 0.125354 0.059534
v -0.421884 0.167959 0.211082
v -0.428512 0.210000 0.196939
v -0.173888 0.188065 0.014265
v -0.167434 0.147133 0.028035
v -0.390000 0.210000 0.250000
v -0.428512 0.210000 0.196939
v -0.417121 0.252041 0.207625
v -0.417121 0.252041 0.207625
v -0.393039 0.274410 0.238138
v -0.393039 0.274410 0.238138
v -0.367535 0.266641 0.274201
v -0.367535 0.266641 0.274201
v -0.352543 0.232369 0.298941
v -0.352543 0.232369 0.298941
v -0.355077 0.187631 0.300780
v -0.355077 0.187631 0.300780
v -0.373952 0.153359 0.278859
v -0.373952 0.153359 0.278859
v -0.400336 0.145590 0.243434
v -0.400336 0.145590 0.243434
v -0.421884 0.167959 0.211082
v -0.421884 0.167959 0.211082
v -0.428512 0.210000 0.196939
v -0.136391 0.188065 0.065926
v -0.173888 0.188065 0.014265
v -0.162797 0.228997 0.024669
v -0.162797 0.228997 0.024669
v -0.139350 0.250776 0.054377
v -0.139350 0.250776 0.054377
v -0.114519 0.243212 0.089489
v -0.114519 0.243212 0.089489
v -0.099923 0.209845 0.113576
v -0.099923 0.209845 0.113576
v -0.102390 0.166286 0.115367
v -0.102390 0.166286 0.115367
v -0.120767 0.132918 0.094024
v -0.120767 0.132918 0.094024
v -0.146455 0.125354 0.059534
v -0.146455 0.125354 0.059534
v -0.167434 0.147133 0.028035
v -0.167434 0.147133 0.028035
v -0.173888 0.188065 0.014265
v -0.166775 0.188065 0.022025
v -0.160449 0.222370 0.032838
v 0.104784 0.235964 -0.157313
v 0.097621 0.197119 -0.169556
v -0.160449 0.222370 0.032838
v -0.142866 0.240623 0.059132
v 0.124694 0.256632 -0.127539
v 0.104784 0.235964 -0.157313
v -0.142866 0.240623 0.059132
v -0.122254 0.234284 0.088606
v 0.148034 0.249454 -0.094165
v 0.124694 0.256632 -0.127539
v -0.122254 0.234284 0.088606
v -0.108256 0.206318 0.107467
v 0.163883 0.217788 -0.072808
v 0.148034 0.249454 -0.094165
v -0.108256 0.206318 0.107467
v -0.107424 0.169812 0.106891
v 0.164826 0.176451 -0.073461
v 0.163883 0.217788 -0.072808
v -0.107424 0.169812 0.106891
v -0.120145 0.141846 0.087147
v 0.150421 0.144784 -0.095818
v 0.164826 0.176451 -0.073461
v -0.120145 0.141846 0.087147
v -0.140469 0.135507 0.057473
v 0.127408 0.137606 -0.129418
v 0.150421 0.144784 -0.095818
v -0.140469 0.135507 0.057473
v -0.158884 0.153760 0.031755
v 0.106556 0.158275 -0.158540
v 0.127408 0.137606 -0.129418
v -0.158884 0.153760 0.031755
v -0.166775 0.188065 0.022025
v 0.097621 0.197119 -0.169556
v 0.106556 0.158275 -0.158540
v -0.136391 0.188065 0.065926
v -0.166775 0.188065 0.022025
v -0.160449 0.222370 0.032838
v -0.160449 0.222370 0.032838
v -0.142866 0.240623 0.059132
v -0.142866 0.240623 0.059132
v -0.122254 0.234284 0.088606
v -0.122254 0.234284 0.088606
v -0.108256 0.206318 0.107467
v -0.108256 0.206318 0.107467
v -0.107424 0.169812 0.106891
v -0.107424 0.169812 0.106891
v -0.120145 0.141846 0.087147
v -0.120145 0.141846 0.087147
v -0.140469 0.135507 0.057473
v -0.140469 0.135507 0.057473
v -0.158884 0.153760 0.031755
v -0.158884 0.153760 0.031755
v -0.166775 0.188065 0.022025
v 0.132025 0.197119 -0.119846
v 0.097621 0.197119 -0.169556
v 0.104784 0.235964 -0.157313
v 0.104784 0.235964 -0.157313
v 0.124694 0.256632 -0.127539
v 0.124694 0.256632 -0.127539
v 0.148034 0.249454 -0.094165
v 0.148034 0.249454 -0.094165
v 0.163883 0.217788 -0.072808
v 0.163883 0.217788 -0.072808
v 0.164826 0.176451 -0.073461
v 0.164826 0.176451 -0.073461
v 0.150421 0.144784 -0.095818
v 0.150421 0.144784 -0.095818
v 0.127408 0.137606 -0.129418
v 0.127408 0.137606 -0.129418
v 0.106556 0.158275 -0.158540
v 0.106556 0.158275 -0.158540
v 0.097621 0.197119 -0.169556
v 0.099498 0.197119 -0.168178
v 0.108959 0.234500 -0.158116
v 0.349565 0.213117 -0.313904
v 0.341184 0.180000 -0.322819
v 0.108959 0.234500 -0.158116
v 0.129213 0.254390 -0.130148
v 0.367508 0.230738 -0.289126
v 0.349565 0.213117 -0.313904
v 0.129213 0.254390 -0.130148
v 0.150782 0.247482 -0.097359
v 0.386617 0.224618 -0.260077
v 0.367508 0.230738 -0.289126
v 0.150782 0.247482 -0.097359
v 0.163575 0.217009 -0.075092
v 0.397951 0.197621 -0.240351
v 0.386617 0.224618 -0.260077
v 0.163575 0.217009 -0.075092
v 0.161606 0.177229 -0.073766
v 0.396206 0.162379 -0.239177
v 0.397951 0.197621 -0.240351
v 0.161606 0.177229 -0.073766
v 0.145795 0.146756 -0.094002
v 0.382199 0.135382 -0.257104
v 0.396206 0.162379 -0.239177
v 0.145795 0.146756 -0.094002
v 0.123541 0.139848 -0.126331
v 0.362484 0.129262 -0.285745
v 0.382199 0.135382 -0.257104
v 0.123541 0.139848 -0.126331
v 0.105257 0.159738 -0.155625
v 0.346286 0.146883 -0.311697
v 0.362484 0.129262 -0.285745
v 0.105257 0.159738 -0.155625
v 0.099498 0.197119 -0.168178
v 0.341184 0.180000 -0.322819
v 0.346286 0.146883 -0.311697
v 0.132025 0.197119 -0.119846
v 0.099498 0.197119 -0.168178
v 0.108959 0.234500 -0.158116
v 0.108959 0.234500 -0.158116
v 0.129213 0.254390 -0.130148
v 0.129213 0.254390 -0.130148
v 0.150782 0.247482 -0.097359
v 0.150782 0.247482 -0.097359
v 0.163575 0.217009 -0.075092
v 0.163575 0.217009 -0.075092
v 0.161606 0.177229 -0.073766
v 0.161606 0.177229 -0.073766
v 0.145795 0.146756 -0.094002
v 0.145795 0.146756 -0.094002
v 0.123541 0.139848 -0.126331
v 0.123541 0.139848 -0.126331
v 0.105257 0.159738 -0.155625
v 0.105257 0.159738 -0.155625
v 0.099498 0.197119 -0.168178
v 0.370000 0.180000 -0.280000
v 0.341184 0.180000 -0.322819
v 0.349565 0.213117 -0.313904
v 0.349565 0.213117 -0.313904
v 0.367508 0.230738 -0.289126
v 0.367508 0.230738 -0.289126
v 0.386617 0.224618 -0.260077
v 0.386617 0.224618 -0.260077
v 0.397951 0.197621 -0.240351
v 0.397951 0.197621 -0.240351
v 0.396206 0.162379 -0.239177
v 0.396206 0.162379 -0.239177
v 0.382199 0.135382 -0.257104
v 0.382199 0.135382 -0.257104
v 0.362484 0.129262 -0.285745
v 0.362484 0.129262 -0.285745
v 0.346286 0.146883 -0.311697
v 0.346286 0.146883 -0.311697
v 0.341184 0.180000 -0.322819
v -0.390000 0.274696 0.250000
v -0.390000 0.278786 0.250000
v -0.353989 0.243511 0.286011
v -0.336674 0.240270 0.250000
v -0.390000 0.278786 0.250000
v -0.390000 0.270440 0.250000
v -0.390000 0.240952 0.311624
v -0.353989 0.243511 0.286011
v -0.390000 0.270440 0.250000
v -0.390000 0.279861 0.250000
v -0.430781 0.240310 0.290781
v -0.390000 0.240952 0.311624
v -0.390000 0.279861 0.250000
v -0.390000 0.277043 0.250000
v -0.445256 0.244433 0.250000
v -0.430781 0.240310 0.290781
v -0.390000 0.277043 0.250000
v -0.390000 0.274376 0.250000
v -0.433406 0.241954 0.206594
v -0.445256 0.244433 0.250000
v -0.390000 0.274376 0.250000
v -0.390000 0.275199 0.250000
v -0.390000 0.241623 0.199438
v -0.433406 0.241954 0.206594
v -0.390000 0.275199 0.250000
v -0.390000 0.271291 0.250000
v -0.354310 0.244045 0.214310
v -0.390000 0.241623 0.199438
v -0.390000 0.271291 0.250000
v -0.390000 0.274696 0.250000
v -0.336674 0.240270 0.250000
v -0.354310 0.244045 0.214310
v -0.336674 0.240270 0.250000
v -0.353989 0.243511 0.286011
v -0.348099 0.178570 0.291901
v -0.326739 0.178153 0.250000
v -0.353989 0.243511 0.286011
v -0.390000 0.240952 0.311624
v -0.390000 0.179388 0.311380
v -0.348099 0.178570 0.291901
v -0.390000 0.240952 0.311624
v -0.430781 0.240310 0.290781
v -0.424906 0.176738 0.284906
v -0.390000 0.179388 0.311380
v -0.430781 0.240310 0.290781
v -0.445256 0.244433 0.250000
v -0.443190 0.178265 0.250000
v -0.424906 0.176738 0.284906
v -0.445256 0.244433 0.250000
v -0.433406 0.241954 0.206594
v -0.426251 0.175206 0.213749
v -0.443190 0.178265 0.250000
v -0.433406 0.241954 0.206594
v -0.390000 0.241623 0.199438
v -0.390000 0.177197 0.195226
v -0.426251 0.175206 0.213749
v -0.390000 0.241623 0.199438
v -0.354310 0.244045 0.214310
v -0.354132 0.176405 0.214132
v -0.390000 0.177197 0.195226
v -0.354310 0.244045 0.214310
v -0.336674 0.240270 0.250000
v -0.326739 0.178153 0.250000
v -0.354132 0.176405 0.214132
v -0.326739 0.178153 0.250000
v -0.348099 0.178570 0.291901
v -0.390000 0.140601 0.250000
v -0.390000 0.148817 0.250000
v -0.348099 0.178570 0.291901
v -0.390000 0.179388 0.311380
v -0.390000 0.140250 0.250000
v -0.390000 0.140601 0.250000
v -0.390000 0.179388 0.311380
v -0.424906 0.176738 0.284906
v -0.390000 0.143732 0.250000
v -0.390000 0.140250 0.250000
v -0.424906 0.176738 0.284906
v -0.443190 0.178265 0.250000
v -0.390000 0.142948 0.250000
v -0.390000 0.143732 0.250000
v -0.443190 0.178265 0.250000
v -0.426251 0.175206 0.213749
v -0.390000 0.150184 0.250000
v -0.390000 0.142948 0.250000
v -0.426251 0.175206 0.213749
v -0.390000 0.177197 0.195226
v -0.390000 0.142116 0.250000
v -0.390000 0.150184 0.250000
v -0.390000 0.177197 0.195226
v -0.354132 0.176405 0.214132
v -0.390000 0.143340 0.250000
v -0.390000 0.142116 0.250000
v -0.354132 0.176405 0.214132
v -0.326739 0.178153 0.250000
v -0.390000 0.148817 0.250000
v -0.390000 0.143340 0.250000
v 0.370000 0.244696 -0.280000
v 0.370000 0.248786 -0.280000
v 0.406011 0.213511 -0.243989
v 0.423326 0.210270 -0.280000
v 0.370000 0.248786 -0.280000
v 0.370000 0.240440 -0.280000
v 0.370000 0.210952 -0.218376
v 0.406011 0.213511 -0.243989
v 0.370000 0.240440 -0.280000
v 0.370000 0.249861 -0.280000
v 0.329219 0.210310 -0.239219
v 0.370000 0.210952 -0.218376
v 0.370000 0.249861 -0.280000
v 0.370000 0.247043 -0.280000
v 0.314744 0.214433 -0.280000
v 0.329219 0.210310 -0.239219
v 0.370000 0.247043 -0.280000
v 0.370000 0.244376 -0.280000
v 0.326594 0.211954 -0.323406
v 0.314744 0.214433 -0.280000
v 0.370000 0.244376 -0.280000
v 0.370000 0.245199 -0.280000
v 0.370000 0.211623 -0.330562
v 0.326594 0.211954 -0.323406
v 0.370000 0.245199 -0.280000
v 0.370000 0.241291 -0.280000
v 0.405690 0.214045 -0.315690
v 0.370000 0.211623 -0.330562
v 0.370000 0.241291 -0.280000
v 0.370000 0.244696 -0.280000
v 0.423326 0.210270 -0.280000
v 0.405690 0.214045 -0.315690
v 0.423326 0.210270 -0.280000
v 0.406011 0.213511 -0.243989
v 0.411901 0.148570 -0.238099
v 0.433261 0.148153 -0.280000
v 0.406011 0.213511 -0.243989
v 0.370000 0.210952 -0.218376
v 0.370000 0.149388 -0.218620
v 0.411901 0.148570 -0.238099
v 0.370000 0.210952 -0.218376
v 0.329219 0.210310 -0.239219
v 0.335094 0.146738 -0.245094
v 0.370000 0.149388 -0.218620
v 0.329219 0.210310 -0.239219
v 0.314744 0.214433 -0.280000
v 0.316810 0.148265 -0.280000
v 0.335094 0.146738 -0.245094
v 0.314744 0.214433 -0.280000
v 0.326594 0.211954 -0.323406
v 0.333749 0.145206 -0.316251
v 0.316810 0.148265 -0.280000
v 0.326594 0.211954 -0.323406
v 0.370000 0.211623 -0.330562
v 0.370000 0.147197 -0.334774
v 0.333749 0.145206 -0.316251
v 0.370000 0.211623 -0.330562
v 0.405690 0.214045 -0.315690
v 0.405868 0.146405 -0.315868
v 0.370000 0.147197 -0.334774
v 0.405690 0.214045 -0.315690
v 0.423326 0.210270 -0.280000
v 0.433261 0.148153 -0.280000
v 0.405868 0.146405 -0.315868
v 0.433261 0.148153 -0.280000
v 0.411901 0.148570 -0.238099
v 0.370000 0.110601 -0.280000
v 0.370000 0.118817 -0.280000
v 0.411901 0.148570 -0.238099
v 0.370000 0.149388 -0.218620
v 0.370000 0.110250 -0.280000
v 0.370000 0.110601 -0.280000
v 0.370000 0.149388 -0.218620
v 0.335094 0.146738 -0.245094
v 0.370000 0.113732 -0.280000
v 0.370000 0.110250 -0.280000
v 0.335094 0.146738 -0.245094
v 0.316810 0.148265 -0.280000
v 0.370000 0.112948 -0.280000
v 0.370000 0.113732 -0.280000
v 0.316810 0.148265 -0.280000
v 0.333749 0.145206 -0.316251
v 0.370000 0.120184 -0.280000
v 0.370000 0.112948 -0.280000
v 0.333749 0.145206 -0.316251
v 0.370000 0.147197 -0.334774
v 0.370000 0.112116 -0.280000
v 0.370000 0.120184 -0.280000
v 0.370000 0.147197 -0.334774
v 0.405868 0.146405 -0.315868
v 0.370000 0.113340 -0.280000
v 0.370000 0.112116 -0.280000
v 0.405868 0.146405 -0.315868
v 0.433261 0.148153 -0.280000
v 0.370000 0.118817 -0.280000
v 0.370000 0.113340 -0.280000
v -0.309418 0.290000 -0.033454
v -0.307508 0.331233 -0.018565
v -0.113628 0.330821 -0.045146
v -0.115454 0.291409 -0.059378
v -0.307508 0.331233 -0.018565
v -0.302085 0.353172 0.019048
v -0.108445 0.351791 -0.009195
v -0.113628 0.330821 -0.045146
v -0.302085 0.353172 0.019048
v -0.295687 0.345553 0.061785
v -0.102329 0.344508 0.031655
v -0.108445 0.351791 -0.009195
v -0.295687 0.345553 0.061785
v -0.291306 0.311940 0.089650
v -0.098142 0.312379 0.058288
v -0.102329 0.344508 0.031655
v -0.291306 0.311940 0.089650
v -0.290994 0.268060 0.089604
v -0.097843 0.270439 0.058244
v -0.098142 0.312379 0.058288
v -0.290994 0.268060 0.089604
v -0.294895 0.234447 0.061668
v -0.101573 0.238310 0.031542
v -0.097843 0.270439 0.058244
v -0.294895 0.234447 0.061668
v -0.301185 0.226828 0.018915
v -0.107585 0.231027 -0.009323
v -0.101573 0.238310 0.031542
v -0.301185 0.226828 0.018915
v -0.306921 0.248767 -0.018652
v -0.113067 0.251997 -0.045230
v -0.107585 0.231027 -0.009323
v -0.306921 0.248767 -0.018652
v -0.309418 0.290000 -0.033454
v -0.115454 0.291409 -0.059378
v -0.113067 0.251997 -0.045230
v -0.300000 0.290000 0.030000
v -0.309418 0.290000 -0.033454
v -0.307508 0.331233 -0.018565
v -0.307508 0.331233 -0.018565
v -0.302085 0.353172 0.019048
v -0.302085 0.353172 0.019048
v -0.295687 0.345553 0.061785
v -0.295687 0.345553 0.061785
v -0.291306 0.311940 0.089650
v -0.291306 0.311940 0.089650
v -0.290994 0.268060 0.089604
v -0.290994 0.268060 0.089604
v -0.294895 0.234447 0.061668
v -0.294895 0.234447 0.061668
v -0.301185 0.226828 0.018915
v -0.301185 0.226828 0.018915
v -0.306921 0.248767 -0.018652
v -0.306921 0.248767 -0.018652
v -0.309418 0.290000 -0.033454
v -0.106452 0.291409 0.001273
v -0.115454 0.291409 -0.059378
v -0.113628 0.330821 -0.045146
v -0.113628 0.330821 -0.045146
v -0.108445 0.351791 -0.009195
v -0.108445 0.351791 -0.009195
v -0.102329 0.344508 0.031655
v -0.102329 0.344508 0.031655
v -0.098142 0.312379 0.058288
v -0.098142 0.312379 0.058288
v -0.097843 0.270439 0.058244
v -0.097843 0.270439 0.058244
v -0.101573 0.238310 0.031542
v -0.101573 0.238310 0.031542
v -0.107585 0.231027 -0.009323
v -0.107585 0.231027 -0.009323
v -0.113067 0.251997 -0.045230
v -0.113067 0.251997 -0.045230
v -0.115454 0.291409 -0.059378
v -0.111819 0.291409 -0.051673
v -0.114610 0.325374 -0.038876
v 0.102738 0.350039 -0.059154
v 0.105409 0.317530 -0.071403
v -0.114610 0.325374 -0.038876
v -0.113584 0.343446 -0.007292
v 0.103720 0.367337 -0.028924
v 0.102738 0.350039 -0.059154
v -0.113584 0.343446 -0.007292
v -0.109220 0.337170 0.028299
v 0.107897 0.361330 0.005143
v 0.103720 0.367337 -0.028924
v -0.109220 0.337170 0.028299
v -0.103561 0.309481 0.051244
v 0.113313 0.334828 0.027105
v 0.107897 0.361330 0.005143
v -0.103561 0.309481 0.051244
v -0.099255 0.273337 0.050808
v 0.117435 0.300232 0.026687
v 0.113313 0.334828 0.027105
v -0.099255 0.273337 0.050808
v -0.098316 0.245648 0.027193
v 0.118334 0.273729 0.004085
v 0.117435 0.300232 0.026687
v -0.098316 0.245648 0.027193
v -0.101184 0.239372 -0.008549
v 0.115589 0.267722 -0.030127
v 0.118334 0.273729 0.004085
v -0.101184 0.239372 -0.008549
v -0.106517 0.257444 -0.039696
v 0.110485 0.285020 -0.059939
v 0.115589 0.267722 -0.030127
v -0.106517 0.257444 -0.039696
v -0.111819 0.291409 -0.051673
v 0.105409 0.317530 -0.071403
v 0.110485 0.285020 -0.059939
v -0.106452 0.291409 0.001273
v -0.111819 0.291409 -0.051673
v -0.114610 0.325374 -0.038876
v -0.114610 0.325374 -0.038876
v -0.113584 0.343446 -0.007292
v -0.113584 0.343446 -0.007292
v -0.109220 0.337170 0.028299
v -0.109220 0.337170 0.028299
v -0.103561 0.309481 0.051244
v -0.103561 0.309481 0.051244
v -0.099255 0.273337 0.050808
v -0.099255 0.273337 0.050808
v -0.098316 0.245648 0.027193
v -0.098316 0.245648 0.027193
v -0.101184 0.239372 -0.008549
v -0.101184 0.239372 -0.008549
v -0.106517 0.257444 -0.039696
v -0.106517 0.257444 -0.039696
v -0.111819 0.291409 -0.051673
v 0.110547 0.317530 -0.020725
v 0.105409 0.317530 -0.071403
v 0.102738 0.350039 -0.059154
v 0.102738 0.350039 -0.059154
v 0.103720 0.367337 -0.028924
v 0.103720 0.367337 -0.028924
v 0.107897 0.361330 0.005143
v 0.107897 0.361330 0.005143
v 0.113313 0.334828 0.027105
v 0.113313 0.334828 0.027105
v 0.117435 0.300232 0.026687
v 0.117435 0.300232 0.026687
v 0.118334 0.273729 0.004085
v 0.118334 0.273729 0.004085
v 0.115589 0.267722 -0.030127
v 0.115589 0.267722 -0.030127
v 0.110485 0.285020 -0.059939
v 0.110485 0.285020 -0.059939
v 0.105409 0.317530 -0.071403
v 0.113516 0.317530 -0.081478
v 0.114159 0.356604 -0.067199
v 0.333825 0.351375 -0.059209
v 0.333144 0.310000 -0.074329
v 0.114159 0.356604 -0.067199
v 0.113111 0.377396 -0.031175
v 0.332716 0.373390 -0.021065
v 0.333825 0.351375 -0.059209
v 0.113111 0.377396 -0.031175
v 0.110864 0.370175 0.009739
v 0.330336 0.365744 0.022258
v 0.332716 0.373390 -0.021065
v 0.110864 0.370175 0.009739
v 0.108468 0.338321 0.036399
v 0.327799 0.332015 0.050486
v 0.330336 0.365744 0.022258
v 0.108468 0.338321 0.036399
v 0.107045 0.296738 0.036329
v 0.326292 0.287985 0.050412
v 0.327799 0.332015 0.050486
v 0.107045 0.296738 0.036329
v 0.107260 0.264884 0.009563
v 0.326520 0.254256 0.022071
v 0.326292 0.287985 0.050412
v 0.107260 0.264884 0.009563
v 0.109013 0.257663 -0.031375
v 0.328376 0.246610 -0.021277
v 0.326520 0.254256 0.022071
v 0.109013 0.257663 -0.031375
v 0.111484 0.278455 -0.067330
v 0.330992 0.268625 -0.059348
v 0.328376 0.246610 -0.021277
v 0.111484 0.278455 -0.067330
v 0.113516 0.317530 -0.081478
v 0.333144 0.310000 -0.074329
v 0.330992 0.268625 -0.059348
v 0.110547 0.317530 -0.020725
v 0.113516 0.317530 -0.081478
v 0.114159 0.356604 -0.067199
v 0.114159 0.356604 -0.067199
v 0.113111 0.377396 -0.031175
v 0.113111 0.377396 -0.031175
v 0.110864 0.370175 0.009739
v 0.110864 0.370175 0.009739
v 0.108468 0.338321 0.036399
v 0.108468 0.338321 0.036399
v 0.107045 0.296738 0.036329
v 0.107045 0.296738 0.036329
v 0.107260 0.264884 0.009563
v 0.107260 0.264884 0.009563
v 0.109013 0.257663 -0.031375
v 0.109013 0.257663 -0.031375
v 0.111484 0.278455 -0.067330
v 0.111484 0.278455 -0.067330
v 0.113516 0.317530 -0.081478
v 0.330000 0.310000 -0.010000
v 0.333144 0.310000 -0.074329
v 0.333825 0.351375 -0.059209
v 0.333825 0.351375 -0.059209
v 0.332716 0.373390 -0.021065
v 0.332716 0.373390 -0.021065
v 0.330336 0.365744 0.022258
v 0.330336 0.365744 0.022258
v 0.327799 0.332015 0.050486
v 0.327799 0.332015 0.050486
v 0.326292 0.287985 0.050412
v 0.326292 0.287985 0.050412
v 0.326520 0.254256 0.022071
v 0.326520 0.254256 0.022071
v 0.328376 0.246610 -0.021277
v 0.328376 0.246610 -0.021277
v 0.330992 0.268625 -0.059348
v 0.330992 0.268625 -0.059348
v 0.333144 0.310000 -0.074329
v -0.300000 0.351924 0.030000
v -0.300000 0.352482 0.030000
v -0.255787 0.325036 0.074213
v -0.237051 0.323680 0.030000
v -0.300000 0.352482 0.030000
v -0.300000 0.357751 0.030000
v -0.300000 0.321139 0.089529
v -0.255787 0.325036 0.074213
v -0.300000 0.357751 0.030000
v -0.300000 0.355812 0.030000
v -0.334522 0.322945 0.064522
v -0.300000 0.321139 0.089529
v -0.300000 0.355812 0.030000
v -0.300000 0.354964 0.030000
v -0.362055 0.321805 0.030000
v -0.334522 0.322945 0.064522
v -0.300000 0.354964 0.030000
v -0.300000 0.355564 0.030000
v -0.339886 0.321706 -0.009886
v -0.362055 0.321805 0.030000
v -0.300000 0.355564 0.030000
v -0.300000 0.359429 0.030000
v -0.300000 0.324445 -0.026158
v -0.339886 0.321706 -0.009886
v -0.300000 0.359429 0.030000
v -0.300000 0.355114 0.030000
v -0.262511 0.321835 -0.007489
v -0.300000 0.324445 -0.026158
v -0.300000 0.355114 0.030000
v -0.300000 0.351924 0.030000
v -0.237051 0.323680 0.030000
v -0.262511 0.321835 -0.007489
v -0.237051 0.323680 0.030000
v -0.255787 0.325036 0.074213
v -0.256973 0.258396 0.073027
v -0.239804 0.258250 0.030000
v -0.255787 0.325036 0.074213
v -0.300000 0.321139 0.089529
v -0.300000 0.256802 0.091128
v -0.256973 0.258396 0.073027
v -0.300000 0.321139 0.089529
v -0.334522 0.322945 0.064522
v -0.343023 0.255564 0.073023
v -0.300000 0.256802 0.091128
v -0.334522 0.322945 0.064522
v -0.362055 0.321805 0.030000
v -0.359904 0.257876 0.030000
v -0.343023 0.255564 0.073023
v -0.362055 0.321805 0.030000
v -0.339886 0.321706 -0.009886
v -0.334760 0.260098 -0.004760
v -0.359904 0.257876 0.030000
v -0.339886 0.321706 -0.009886
v -0.300000 0.324445 -0.026158
v -0.300000 0.259811 -0.032816
v -0.334760 0.260098 -0.004760
v -0.300000 0.324445 -0.026158
v -0.262511 0.321835 -0.007489
v -0.260098 0.258177 -0.009902
v -0.300000 0.259811 -0.032816
v -0.262511 0.321835 -0.007489
v -0.237051 0.323680 0.030000
v -0.239804 0.258250 0.030000
v -0.260098 0.258177 -0.009902
v -0.239804 0.258250 0.030000
v -0.256973 0.258396 0.073027
v -0.300000 0.222924 0.030000
v -0.300000 0.223335 0.030000
v -0.256973 0.258396 0.073027
v -0.300000 0.256802 0.091128
v -0.300000 0.227509 0.030000
v -0.300000 0.222924 0.030000
v -0.300000 0.256802 0.091128
v -0.343023 0.255564 0.073023
v -0.300000 0.222924 0.030000
v -0.300000 0.227509 0.030000
v -0.343023 0.255564 0.073023
v -0.359904 0.257876 0.030000
v -0.300000 0.229510 0.030000
v -0.300000 0.222924 0.030000
v -0.359904 0.257876 0.030000
v -0.334760 0.260098 -0.004760
v -0.300000 0.229203 0.030000
v -0.300000 0.229510 0.030000
v -0.334760 0.260098 -0.004760
v -0.300000 0.259811 -0.032816
v -0.300000 0.223156 0.030000
v -0.300000 0.229203 0.030000
v -0.300000 0.259811 -0.032816
v -0.260098 0.258177 -0.009902
v -0.300000 0.229788 0.030000
v -0.300000 0.223156 0.030000
v -0.260098 0.258177 -0.009902
v -0.239804 0.258250 0.030000
v -0.300000 0.223335 0.030000
v -0.300000 0.229788 0.030000
v 0.330000 0.371924 -0.010000
v 0.330000 0.372482 -0.010000
v 0.374213 0.345036 0.034213
v 0.392949 0.343680 -0.010000
v 0.330000 0.372482 -0.010000
v 0.330000 0.377751 -0.010000
v 0.330000 0.341139 0.049529
v 0.374213 0.345036 0.034213
v 0.330000 0.377751 -0.010000
v 0.330000 0.375812 -0.010000
v 0.295478 0.342945 0.024522
v 0.330000 0.341139 0.049529
v 0.330000 0.375812 -0.010000
v 0.330000 0.374964 -0.010000
v 0.267945 0.341805 -0.010000
v 0.295478 0.342945 0.024522
v 0.330000 0.374964 -0.010000
v 0.330000 0.375564 -0.010000
v 0.290114 0.341706 -0.049886
v 0.267945 0.341805 -0.010000
v 0.330000 0.375564 -0.010000
v 0.330000 0.379429 -0.010000
v 0.330000 0.344445 -0.066158
v 0.290114 0.341706 -0.049886
v 0.330000 0.379429 -0.010000
v 0.330000 0.375114 -0.010000
v 0.367489 0.341835 -0.047489
v 0.330000 0.344445 -0.066158
v 0.330000 0.375114 -0.010000
v 0.330000 0.371924 -0.010000
v 0.392949 0.343680 -0.010000
v 0.367489 0.341835 -0.047489
v 0.392949 0.343680 -0.010000
v 0.374213 0.345036 0.034213
v 0.373027 0.278396 0.033027
v 0.390196 0.278250 -0.010000
v 0.374213 0.345036 0.034213
v 0.330000 0.341139 0.049529
v 0.330000 0.276802 0.051128
v 0.373027 0.278396 0.033027
v 0.330000 0.341139 0.049529
v 0.295478 0.342945 0.024522
v 0.286977 0.275564 0.033023
v 0.330000 0.276802 0.051128
v 0.295478 0.342945 0.024522
v 0.267945 0.341805 -0.010000
v 0.270096 0.277876 -0.010000
v 0.286977 0.275564 0.033023
v 0.267945 0.341805 -0.010000
v 0.290114 0.341706 -0.049886
v 0.295240 0.280098 -0.044760
v 0.270096 0.277876 -0.010000
v 0.290114 0.341706 -0.049886
v 0.330000 0.344445 -0.066158
v 0.330000 0.279811 -0.072816
v 0.295240 0.280098 -0.044760
v 0.330000 0.344445 -0.066158
v 0.367489 0.341835 -0.047489
v 0.369902 0.278177 -0.049902
v 0.330000 0.279811 -0.072816
v 0.367489 0.341835 -0.047489
v 0.392949 0.343680 -0.010000
v 0.390196 0.278250 -0.010000
v 0.369902 0.278177 -0.049902
v 0.390196 0.278250 -0.010000
v 0.373027 0.278396 0.033027
v 0.330000 0.242924 -0.010000
v 0.330000 0.243335 -0.010000
v 0.373027 0.278396 0.033027
v 0.330000 0.276802 0.051128
v 0.330000 0.247509 -0.010000
v 0.330000 0.242924 -0.010000
v 0.330000 0.276802 0.051128
v 0.286977 0.275564 0.033023
v 0.330000 0.242924 -0.010000
v 0.330000 0.247509 -0.010000
v 0.286977 0.275564 0.033023
v 0.270096 0.277876 -0.010000
v 0.330000 0.249510 -0.010000
v 0.330000 0.242924 -0.010000
v 0.270096 0.277876 -0.010000
v 0.295240 0.280098 -0.044760
v 0.330000 0.249203 -0.010000
v 0.330000 0.249510 -0.010000
v 0.295240 0.280098 -0.044760
v 0.330000 0.279811 -0.072816
v 0.330000 0.243156 -0.010000
v 0.330000 0.249203 -0.010000
v 0.330000 0.279811 -0.072816
v 0.369902 0.278177 -0.049902
v 0.330000 0.249788 -0.010000
v 0.330000 0.243156 -0.010000
v 0.369902 0.278177 -0.049902
v 0.390196 0.278250 -0.010000
v 0.330000 0.243335 -0.010000
v 0.330000 0.249788 -0.010000
v 0.190000 0.147301 0.000000
v 0.190000 0.150048 0.000000
v 0.224220 0.133191 0.033715
v 0.244978 0.132887 0.000000
v 0.190000 0.150048 0.000000
v 0.190000 0.147510 0.000000
v 0.176924 0.134443 0.045012
v 0.224220 0.133191 0.033715
v 0.190000 0.147510 0.000000
v 0.190000 0.149849 0.000000
v 0.130576 0.133168 0.022485
v 0.176924 0.134443 0.045012
v 0.190000 0.149849 0.000000
v 0.190000 0.148252 0.000000
v 0.128680 0.133847 -0.023202
v 0.130576 0.133168 0.022485
v 0.190000 0.148252 0.000000
v 0.190000 0.149166 0.000000
v 0.175802 0.134089 -0.048876
v 0.128680 0.133847 -0.023202
v 0.190000 0.149166 0.000000
v 0.190000 0.147288 0.000000
v 0.231169 0.133513 -0.040562
v 0.175802 0.134089 -0.048876
v 0.190000 0.147288 0.000000
v 0.190000 0.147301 0.000000
v 0.244978 0.132887 0.000000
v 0.231169 0.133513 -0.040562
v 0.244978 0.132887 0.000000
v 0.224220 0.133191 0.033715
v 0.229266 0.106220 0.038687
v 0.252363 0.106876 0.000000
v 0.224220 0.133191 0.033715
v 0.176924 0.134443 0.045012
v 0.175927 0.105811 0.048446
v 0.229266 0.106220 0.038687
v 0.176924 0.134443 0.045012
v 0.130576 0.133168 0.022485
v 0.134190 0.105108 0.021118
v 0.175927 0.105811 0.048446
v 0.130576 0.133168 0.022485
v 0.128680 0.133847 -0.023202
v 0.128322 0.106594 -0.023338
v 0.134190 0.105108 0.021118
v 0.128680 0.133847 -0.023202
v 0.175802 0.134089 -0.048876
v 0.177906 0.104937 -0.041633
v 0.128322 0.106594 -0.023338
v 0.175802 0.134089 -0.048876
v 0.231169 0.133513 -0.040562
v 0.227723 0.105390 -0.037167
v 0.177906 0.104937 -0.041633
v 0.231169 0.133513 -0.040562
v 0.244978 0.132887 0.000000
v 0.252363 0.106876 0.000000
v 0.227723 0.105390 -0.037167
v 0.252363 0.106876 0.000000
v 0.229266 0.106220 0.038687
v 0.190000 0.094185 0.000000
v 0.190000 0.091587 0.000000
v 0.229266 0.106220 0.038687
v 0.175927 0.105811 0.048446
v 0.190000 0.091438 0.000000
v 0.190000 0.094185 0.000000
v 0.175927 0.105811 0.048446
v 0.134190 0.105108 0.021118
v 0.190000 0.090421 0.000000
v 0.190000 0.091438 0.000000
v 0.134190 0.105108 0.021118
v 0.128322 0.106594 -0.023338
v 0.190000 0.092941 -0.000000
v 0.190000 0.090421 0.000000
v 0.128322 0.106594 -0.023338
v 0.177906 0.104937 -0.041633
v 0.190000 0.090954 -0.000000
v 0.190000 0.092941 -0.000000
v 0.177906 0.104937 -0.041633
v 0.227723 0.105390 -0.037167
v 0.190000 0.091483 -0.000000
v 0.190000 0.090954 -0.000000
v 0.227723 0.105390 -0.037167
v 0.252363 0.106876 0.000000
v 0.190000 0.091587 0.000000
v 0.190000 0.091483 -0.000000
v 0.134350 0.148301 0.134350
v 0.134350 0.146248 0.134350
v 0.172744 0.133755 0.172178
v 0.190571 0.133605 0.134350
v 0.134350 0.146248 0.134350
v 0.134350 0.147992 0.134350
v 0.120066 0.133381 0.183522
v 0.172744 0.133755 0.172178
v 0.134350 0.147992 0.134350
v 0.134350 0.149476 0.134350
v 0.083715 0.133876 0.153510
v 0.120066 0.133381 0.183522
v 0.134350 0.149476 0.134350
v 0.134350 0.148742 0.134350
v 0.086672 0.134502 0.116310
v 0.083715 0.133876 0.153510
v 0.134350 0.148742 0.134350
v 0.134350 0.148103 0.134350
v 0.121815 0.132886 0.091197
v 0.086672 0.134502 0.116310
v 0.134350 0.148103 0.134350
v 0.134350 0.148840 0.134350
v 0.173982 0.133756 0.095303
v 0.121815 0.132886 0.091197
v 0.134350 0.148840 0.134350
v 0.134350 0.148301 0.134350
v 0.190571 0.133605 0.134350
v 0.173982 0.133756 0.095303
v 0.190571 0.133605 0.134350
v 0.172744 0.133755 0.172178
v 0.173300 0.106026 0.172726
v 0.195075 0.106693 0.134350
v 0.172744 0.133755 0.172178
v 0.120066 0.133381 0.183522
v 0.122505 0.105567 0.175127
v 0.173300 0.106026 0.172726
v 0.120066 0.133381 0.183522
v 0.083715 0.133876 0.153510
v 0.085822 0.105662 0.152713
v 0.122505 0.105567 0.175127
v 0.083715 0.133876 0.153510
v 0.086672 0.134502 0.116310
v 0.078078 0.106113 0.113058
v 0.085822 0.105662 0.152713
v 0.086672 0.134502 0.116310
v 0.121815 0.132886 0.091197
v 0.121938 0.105074 0.091622
v 0.078078 0.106113 0.113058
v 0.121815 0.132886 0.091197
v 0.173982 0.133756 0.095303
v 0.177415 0.105659 0.091920
v 0.121938 0.105074 0.091622
v 0.173982 0.133756 0.095303
v 0.190571 0.133605 0.134350
v 0.195075 0.106693 0.134350
v 0.177415 0.105659 0.091920
v 0.195075 0.106693 0.134350
v 0.173300 0.106026 0.172726
v 0.134350 0.092294 0.134350
v 0.134350 0.092768 0.134350
v 0.173300 0.106026 0.172726
v 0.122505 0.105567 0.175127
v 0.134350 0.092710 0.134350
v 0.134350 0.092294 0.134350
v 0.122505 0.105567 0.175127
v 0.085822 0.105662 0.152713
v 0.134350 0.093004 0.134350
v 0.134350 0.092710 0.134350
v 0.085822 0.105662 0.152713
v 0.078078 0.106113 0.113058
v 0.134350 0.090013 0.134350
v 0.134350 0.093004 0.134350
v 0.078078 0.106113 0.113058
v 0.121938 0.105074 0.091622
v 0.134350 0.092914 0.134350
v 0.134350 0.090013 0.134350
v 0.121938 0.105074 0.091622
v 0.177415 0.105659 0.091920
v 0.134350 0.091753 0.134350
v 0.134350 0.092914 0.134350
v 0.177415 0.105659 0.091920
v 0.195075 0.106693 0.134350
v 0.134350 0.092768 0.134350
v 0.134350 0.091753 0.134350
v 0.000000 0.147260 0.190000
v 0.000000 0.147831 0.190000
v 0.033920 0.133017 0.223420
v 0.056125 0.133194 0.190000
v 0.000000 0.147831 0.190000
v 0.000000 0.147460 0.190000
v -0.012534 0.133259 0.233148
v 0.033920 0.133017 0.223420
v 0.000000 0.147460 0.190000
v 0.000000 0.148188 0.190000
v -0.057778 0.133074 0.211862
v -0.012534 0.133259 0.233148
v 0.000000 0.148188 0.190000
v 0.000000 0.147343 0.190000
v -0.058588 0.133206 0.167831
v -0.057778 0.133074 0.211862
v 0.000000 0.147343 0.190000
v 0.000000 0.147726 0.190000
v -0.012950 0.133092 0.145420
v -0.058588 0.133206 0.167831
v 0.000000 0.147726 0.190000
v 0.000000 0.147172 0.190000
v 0.041764 0.132960 0.148852
v -0.012950 0.133092 0.145420
v 0.000000 0.147172 0.190000
v 0.000000 0.147260 0.190000
v 0.056125 0.133194 0.190000
v 0.041764 0.132960 0.148852
v 0.056125 0.133194 0.190000
v 0.033920 0.133017 0.223420
v 0.033220 0.106707 0.222730
v 0.064111 0.105664 0.190000
v 0.033920 0.133017 0.223420
v -0.012534 0.133259 0.233148
v -0.015241 0.105648 0.242466
v 0.033220 0.106707 0.222730
v -0.012534 0.133259 0.233148
v -0.057778 0.133074 0.211862
v -0.052239 0.105416 0.209766
v -0.015241 0.105648 0.242466
v -0.057778 0.133074 0.211862
v -0.058588 0.133206 0.167831
v -0.061345 0.106166 0.166788
v -0.052239 0.105416 0.209766
v -0.058588 0.133206 0.167831
v -0.012950 0.133092 0.145420
v -0.011954 0.105474 0.148849
v -0.061345 0.106166 0.166788
v -0.012950 0.133092 0.145420
v 0.041764 0.132960 0.148852
v 0.041818 0.105240 0.148799
v -0.011954 0.105474 0.148849
v 0.041764 0.132960 0.148852
v 0.056125 0.133194 0.190000
v 0.064111 0.105664 0.190000
v 0.041818 0.105240 0.148799
v 0.064111 0.105664 0.190000
v 0.033220 0.106707 0.222730
v 0.000000 0.091120 0.190000
v 0.000000 0.092219 0.190000
v 0.033220 0.106707 0.222730
v -0.015241 0.105648 0.242466
v 0.000000 0.090953 0.190000
v 0.000000 0.091120 0.190000
v -0.015241 0.105648 0.242466
v -0.052239 0.105416 0.209766
v 0.000000 0.090023 0.190000
v 0.000000 0.090953 0.190000
v -0.052239 0.105416 0.209766
v -0.061345 0.106166 0.166788
v 0.000000 0.092764 0.190000
v 0.000000 0.090023 0.190000
v -0.061345 0.106166 0.166788
v -0.011954 0.105474 0.148849
v 0.000000 0.090029 0.190000
v 0.000000 0.092764 0.190000
v -0.011954 0.105474 0.148849
v 0.041818 0.105240 0.148799
v 0.000000 0.091364 0.190000
v 0.000000 0.090029 0.190000
v 0.041818 0.105240 0.148799
v 0.064111 0.105664 0.190000
v 0.000000 0.092219 0.190000
v 0.000000 0.091364 0.190000
v -0.134350 0.148309 0.134350
v -0.134350 0.148349 0.134350
v -0.096751 0.134412 0.171395
v -0.078008 0.134723 0.134350
v -0.134350 0.148349 0.134350
v -0.134350 0.145973 0.134350
v -0.149348 0.132907 0.185980
v -0.096751 0.134412 0.171395
v -0.134350 0.145973 0.134350
v -0.134350 0.146036 0.134350
v -0.182351 0.134891 0.152513
v -0.149348 0.132907 0.185980
v -0.134350 0.146036 0.134350
v -0.134350 0.147852 0.134350
v -0.184073 0.135003 0.115536
v -0.182351 0.134891 0.152513
v -0.134350 0.147852 0.134350
v -0.134350 0.147593 0.134350
v -0.148803 0.133576 0.084597
v -0.184073 0.135003 0.115536
v -0.134350 0.147593 0.134350
v -0.134350 0.149809 0.134350
v -0.091424 0.135078 0.092057
v -0.148803 0.133576 0.084597
v -0.134350 0.149809 0.134350
v -0.134350 0.148309 0.134350
v -0.078008 0.134723 0.134350
v -0.091424 0.135078 0.092057
v -0.078008 0.134723 0.134350
v -0.096751 0.134412 0.171395
v -0.094281 0.106572 0.173828
v -0.082170 0.105343 0.134350
v -0.096751 0.134412 0.171395
v -0.149348 0.132907 0.185980
v -0.147739 0.106629 0.180439
v -0.094281 0.106572 0.173828
v -0.149348 0.132907 0.185980
v -0.182351 0.134891 0.152513
v -0.193948 0.106619 0.156901
v -0.147739 0.106629 0.180439
v -0.182351 0.134891 0.152513
v -0.184073 0.135003 0.115536
v -0.185527 0.106418 0.114986
v -0.193948 0.106619 0.156901
v -0.184073 0.135003 0.115536
v -0.148803 0.133576 0.084597
v -0.147656 0.107000 0.088547
v -0.185527 0.106418 0.114986
v -0.148803 0.133576 0.084597
v -0.091424 0.135078 0.092057
v -0.091532 0.106283 0.092164
v -0.147656 0.107000 0.088547
v -0.091424 0.135078 0.092057
v -0.078008 0.134723 0.134350
v -0.082170 0.105343 0.134350
v -0.091532 0.106283 0.092164
v -0.082170 0.105343 0.134350
v -0.094281 0.106572 0.173828
v -0.134350 0.093825 0.134350
v -0.134350 0.089971 0.134350
v -0.094281 0.106572 0.173828
v -0.147739 0.106629 0.180439
v -0.134350 0.091615 0.134350
v -0.134350 0.093825 0.134350
v -0.147739 0.106629 0.180439
v -0.193948 0.106619 0.156901
v -0.134350 0.090101 0.134350
v -0.134350 0.091615 0.134350
v -0.193948 0.106619 0.156901
v -0.185527 0.106418 0.114986
v -0.134350 0.090902 0.134350
v -0.134350 0.090101 0.134350
v -0.185527 0.106418 0.114986
v -0.147656 0.107000 0.088547
v -0.134350 0.092376 0.134350
v -0.134350 0.090902 0.134350
v -0.147656 0.107000 0.088547
v -0.091532 0.106283 0.092164
v -0.134350 0.090641 0.134350
v -0.134350 0.092376 0.134350
v -0.091532 0.106283 0.092164
v -0.082170 0.105343 0.134350
v -0.134350 0.089971 0.134350
v -0.134350 0.090641 0.134350
v -0.190000 0.149843 0.000000
v -0.190000 0.147404 0.000000
v -0.147190 0.134715 0.042179
v -0.132742 0.133590 0.000000
v -0.190000 0.147404 0.000000
v -0.190000 0.148326 0.000000
v -0.203080 0.132954 0.045029
v -0.147190 0.134715 0.042179
v -0.190000 0.148326 0.000000
v -0.190000 0.149959 0.000000
v -0.244222 0.133334 0.020516
v -0.203080 0.132954 0.045029
v -0.190000 0.149959 0.000000
v -0.190000 0.148027 0.000000
v -0.247659 0.134751 -0.021817
v -0.244222 0.133334 0.020516
v -0.190000 0.148027 0.000000
v -0.190000 0.146281 0.000000
v -0.203337 0.133928 -0.045911
v -0.247659 0.134751 -0.021817
v -0.190000 0.146281 0.000000
v -0.190000 0.149778 0.000000
v -0.157109 0.133021 -0.032406
v -0.203337 0.133928 -0.045911
v -0.190000 0.149778 0.000000
v -0.190000 0.149843 0.000000
v -0.132742 0.133590 0.000000
v -0.157109 0.133021 -0.032406
v -0.132742 0.133590 0.000000
v -0.147190 0.134715 0.042179
v -0.155914 0.107086 0.033584
v -0.132244 0.105152 0.000000
v -0.147190 0.134715 0.042179
v -0.203080 0.132954 0.045029
v -0.203045 0.106619 0.044905
v -0.155914 0.107086 0.033584
v -0.203080 0.132954 0.045029
v -0.244222 0.133334 0.020516
v -0.244250 0.105345 0.020527
v -0.203045 0.106619 0.044905
v -0.244222 0.133334 0.020516
v -0.247659 0.134751 -0.021817
v -0.247652 0.106260 -0.021815
v -0.244250 0.105345 0.020527
v -0.247659 0.134751 -0.021817
v -0.203337 0.133928 -0.045911
v -0.202266 0.106665 -0.042227
v -0.247652 0.106260 -0.021815
v -0.203337 0.133928 -0.045911
v -0.157109 0.133021 -0.032406
v -0.147446 0.106313 -0.041927
v -0.202266 0.106665 -0.042227
v -0.157109 0.133021 -0.032406
v -0.132742 0.133590 0.000000
v -0.132244 0.105152 0.000000
v -0.147446 0.106313 -0.041927
v -0.132244 0.105152 0.000000
v -0.155914 0.107086 0.033584
v -0.190000 0.092277 0.000000
v -0.190000 0.092336 0.000000
v -0.155914 0.107086 0.033584
v -0.203045 0.106619 0.044905
v -0.190000 0.091841 0.000000
v -0.190000 0.092277 0.000000
v -0.203045 0.106619 0.044905
v -0.244250 0.105345 0.020527
v -0.190000 0.093137 0.000000
v -0.190000 0.091841 0.000000
v -0.244250 0.105345 0.020527
v -0.247652 0.106260 -0.021815
v -0.190000 0.089952 0.000000
v -0.190000 0.093137 0.000000
v -0.247652 0.106260 -0.021815
v -0.202266 0.106665 -0.042227
v -0.190000 0.091974 0.000000
v -0.190000 0.089952 0.000000
v -0.202266 0.106665 -0.042227
v -0.147446 0.106313 -0.041927
v -0.190000 0.090794 0.000000
v -0.190000 0.091974 0.000000
v -0.147446 0.106313 -0.041927
v -0.132244 0.105152 0.000000
v -0.190000 0.092336 0.000000
v -0.190000 0.090794 0.000000
v -0.134350 0.148333 -0.134350
v -0.134350 0.147977 -0.134350
v -0.098609 0.133335 -0.099136
v -0.072797 0.133971 -0.134350
v -0.134350 0.147977 -0.134350
v -0.134350 0.146836 -0.134350
v -0.148025 0.135033 -0.087277
v -0.098609 0.133335 -0.099136
v -0.134350 0.146836 -0.134350
v -0.134350 0.148461 -0.134350
v -0.195320 0.134398 -0.111281
v -0.148025 0.135033 -0.087277
v -0.134350 0.148461 -0.134350
v -0.134350 0.146014 -0.134350
v -0.195119 0.133791 -0.157344
v -0.195320 0.134398 -0.111281
v -0.134350 0.146014 -0.134350
v -0.134350 0.145999 -0.134350
v -0.146666 0.133314 -0.176748
v -0.195119 0.133791 -0.157344
v -0.134350 0.145999 -0.134350
v -0.134350 0.146573 -0.134350
v -0.099577 0.133235 -0.168611
v -0.146666 0.133314 -0.176748
v -0.134350 0.146573 -0.134350
v -0.134350 0.148333 -0.134350
v -0.072797 0.133971 -0.134350
v -0.099577 0.133235 -0.168611
v -0.072797 0.133971 -0.134350
v -0.098609 0.133335 -0.099136
v -0.093438 0.105665 -0.094041
v -0.073566 0.105419 -0.134350
v -0.098609 0.133335 -0.099136
v -0.148025 0.135033 -0.087277
v -0.149223 0.104979 -0.083151
v -0.093438 0.105665 -0.094041
v -0.148025 0.135033 -0.087277
v -0.195320 0.134398 -0.111281
v -0.194653 0.106809 -0.111533
v -0.149223 0.104979 -0.083151
v -0.195320 0.134398 -0.111281
v -0.195119 0.133791 -0.157344
v -0.194052 0.106680 -0.156940
v -0.194653 0.106809 -0.111533
v -0.195119 0.133791 -0.157344
v -0.146666 0.133314 -0.176748
v -0.146596 0.106129 -0.176505
v -0.194052 0.106680 -0.156940
v -0.146666 0.133314 -0.176748
v -0.099577 0.133235 -0.168611
v -0.094329 0.106608 -0.173781
v -0.146596 0.106129 -0.176505
v -0.099577 0.133235 -0.168611
v -0.072797 0.133971 -0.134350
v -0.073566 0.105419 -0.134350
v -0.094329 0.106608 -0.173781
v -0.073566 0.105419 -0.134350
v -0.093438 0.105665 -0.094041
v -0.134350 0.091823 -0.134350
v -0.134350 0.091388 -0.134350
v -0.093438 0.105665 -0.094041
v -0.149223 0.104979 -0.083151
v -0.134350 0.090649 -0.134350
v -0.134350 0.091823 -0.134350
v -0.149223 0.104979 -0.083151
v -0.194653 0.106809 -0.111533
v -0.134350 0.089920 -0.134350
v -0.134350 0.090649 -0.134350
v -0.194653 0.106809 -0.111533
v -0.194052 0.106680 -0.156940
v -0.134350 0.091448 -0.134350
v -0.134350 0.089920 -0.134350
v -0.194052 0.106680 -0.156940
v -0.146596 0.106129 -0.176505
v -0.134350 0.092482 -0.134350
v -0.134350 0.091448 -0.134350
v -0.146596 0.106129 -0.176505
v -0.094329 0.106608 -0.173781
v -0.134350 0.090812 -0.134350
v -0.134350 0.092482 -0.134350
v -0.094329 0.106608 -0.173781
v -0.073566 0.105419 -0.134350
v -0.134350 0.091388 -0.134350
v -0.134350 0.090812 -0.134350
v -0.000000 0.146013 -0.190000
v -0.000000 0.148716 -0.190000
v 0.033239 0.133360 -0.157251
v 0.059181 0.135015 -0.190000
v -0.000000 0.148716 -0.190000
v -0.000000 0.147887 -0.190000
v -0.014526 0.134138 -0.139995
v 0.033239 0.133360 -0.157251
v -0.000000 0.147887 -0.190000
v -0.000000 0.149769 -0.190000
v -0.049170 0.133842 -0.171395
v -0.014526 0.134138 -0.139995
v -0.000000 0.149769 -0.190000
v -0.000000 0.145845 -0.190000
v -0.056335 0.133605 -0.211316
v -0.049170 0.133842 -0.171395
v -0.000000 0.145845 -0.190000
v -0.000000 0.147611 -0.190000
v -0.014440 0.133169 -0.239710
v -0.056335 0.133605 -0.211316
v -0.000000 0.147611 -0.190000
v -0.000000 0.147506 -0.190000
v 0.041904 0.134170 -0.231286
v -0.014440 0.133169 -0.239710
v -0.000000 0.147506 -0.190000
v -0.000000 0.146013 -0.190000
v 0.059181 0.135015 -0.190000
v 0.041904 0.134170 -0.231286
v 0.059181 0.135015 -0.190000
v 0.033239 0.133360 -0.157251
v 0.042951 0.106305 -0.147682
v 0.053395 0.105924 -0.190000
v 0.033239 0.133360 -0.157251
v -0.014526 0.134138 -0.139995
v -0.011898 0.106315 -0.149041
v 0.042951 0.106305 -0.147682
v -0.014526 0.134138 -0.139995
v -0.049170 0.133842 -0.171395
v -0.048102 0.107009 -0.171799
v -0.011898 0.106315 -0.149041
v -0.049170 0.133842 -0.171395
v -0.056335 0.133605 -0.211316
v -0.058838 0.105028 -0.212263
v -0.048102 0.107009 -0.171799
v -0.056335 0.133605 -0.211316
v -0.014440 0.133169 -0.239710
v -0.012828 0.104967 -0.234159
v -0.058838 0.105028 -0.212263
v -0.014440 0.133169 -0.239710
v 0.041904 0.134170 -0.231286
v 0.037779 0.106410 -0.227222
v -0.012828 0.104967 -0.234159
v 0.041904 0.134170 -0.231286
v 0.059181 0.135015 -0.190000
v 0.053395 0.105924 -0.190000
v 0.037779 0.106410 -0.227222
v 0.053395 0.105924 -0.190000
v 0.042951 0.106305 -0.147682
v -0.000000 0.091530 -0.190000
v -0.000000 0.089920 -0.190000
v 0.042951 0.106305 -0.147682
v -0.011898 0.106315 -0.149041
v -0.000000 0.094146 -0.190000
v -0.000000 0.091530 -0.190000
v -0.011898 0.106315 -0.149041
v -0.048102 0.107009 -0.171799
v -0.000000 0.092201 -0.190000
v -0.000000 0.094146 -0.190000
v -0.048102 0.107009 -0.171799
v -0.058838 0.105028 -0.212263
v -0.000000 0.091576 -0.190000
v -0.000000 0.092201 -0.190000
v -0.058838 0.105028 -0.212263
v -0.012828 0.104967 -0.234159
v -0.000000 0.092734 -0.190000
v -0.000000 0.091576 -0.190000
v -0.012828 0.104967 -0.234159
v 0.037779 0.106410 -0.227222
v -0.000000 0.092331 -0.190000
v -0.000000 0.092734 -0.190000
v 0.037779 0.106410 -0.227222
v 0.053395 0.105924 -0.190000
v -0.000000 0.089920 -0.190000
v -0.000000 0.092331 -0.190000
v 0.134350 0.150143 -0.134350
v 0.134350 0.147165 -0.134350
v 0.176476 0.133794 -0.092846
v 0.196282 0.134773 -0.134350
v 0.134350 0.147165 -0.134350
v 0.134350 0.149299 -0.134350
v 0.122368 0.133005 -0.093102
v 0.176476 0.133794 -0.092846
v 0.134350 0.149299 -0.134350
v 0.134350 0.150224 -0.134350
v 0.079026 0.133509 -0.113417
v 0.122368 0.133005 -0.093102
v 0.134350 0.150224 -0.134350
v 0.134350 0.146316 -0.134350
v 0.072099 0.133034 -0.157905
v 0.079026 0.133509 -0.113417
v 0.134350 0.146316 -0.134350
v 0.134350 0.147781 -0.134350
v 0.120167 0.133199 -0.183176
v 0.072099 0.133034 -0.157905
v 0.134350 0.147781 -0.134350
v 0.134350 0.148942 -0.134350
v 0.166950 0.133277 -0.166469
v 0.120167 0.133199 -0.183176
v 0.134350 0.148942 -0.134350
v 0.134350 0.150143 -0.134350
v 0.196282 0.134773 -0.134350
v 0.166950 0.133277 -0.166469
v 0.196282 0.134773 -0.134350
v 0.176476 0.133794 -0.092846
v 0.168571 0.104913 -0.100634
v 0.191135 0.105889 -0.134350
v 0.176476 0.133794 -0.092846
v 0.122368 0.133005 -0.093102
v 0.121186 0.105750 -0.089034
v 0.168571 0.104913 -0.100634
v 0.122368 0.133005 -0.093102
v 0.079026 0.133509 -0.113417
v 0.079914 0.106158 -0.113753
v 0.121186 0.105750 -0.089034
v 0.079026 0.133509 -0.113417
v 0.072099 0.133034 -0.157905
v 0.076976 0.106432 -0.156060
v 0.079914 0.106158 -0.113753
v 0.072099 0.133034 -0.157905
v 0.120167 0.133199 -0.183176
v 0.119171 0.105154 -0.186603
v 0.076976 0.106432 -0.156060
v 0.120167 0.133199 -0.183176
v 0.166950 0.133277 -0.166469
v 0.176558 0.106221 -0.175936
v 0.119171 0.105154 -0.186603
v 0.166950 0.133277 -0.166469
v 0.196282 0.134773 -0.134350
v 0.191135 0.105889 -0.134350
v 0.176558 0.106221 -0.175936
v 0.191135 0.105889 -0.134350
v 0.168571 0.104913 -0.100634
v 0.134350 0.091915 -0.134350
v 0.134350 0.090592 -0.134350
v 0.168571 0.104913 -0.100634
v 0.121186 0.105750 -0.089034
v 0.134350 0.092417 -0.134350
v 0.134350 0.091915 -0.134350
v 0.121186 0.105750 -0.089034
v 0.079914 0.106158 -0.113753
v 0.134350 0.093961 -0.134350
v 0.134350 0.092417 -0.134350
v 0.079914 0.106158 -0.113753
v 0.076976 0.106432 -0.156060
v 0.134350 0.090649 -0.134350
v 0.134350 0.093961 -0.134350
v 0.076976 0.106432 -0.156060
v 0.119171 0.105154 -0.186603
v 0.134350 0.092920 -0.134350
v 0.134350 0.090649 -0.134350
v 0.119171 0.105154 -0.186603
v 0.176558 0.106221 -0.175936
v 0.134350 0.091278 -0.134350
v 0.134350 0.092920 -0.134350
v 0.176558 0.106221 -0.175936
v 0.191135 0.105889 -0.134350
v 0.134350 0.090592 -0.134350
v 0.134350 0.091278 -0.134350
v -0.140000 0.230000 0.000000
v 0.140000 0.230000 0.000000
v 0.000000 0.538000 -0.033600
v 0.000000 0.790000 0.028000
v 0.048734 0.250000 -0.146418
v 0.151266 0.250000 0.046418
v 0.123140 0.490240 -0.062304
v 0.080716 0.686800 -0.039747
v -0.043992 0.230000 -0.026529
v -0.136008 0.230000 0.146529
v -0.069233 0.445600 0.071042
v -0.107306 0.622000 0.050798
v -0.037987 0.280000 0.053851
v 0.097987 0.280000 0.126149
v 0.038676 0.449400 0.073683
v 0.022770 0.588000 0.103597
v -0.166991 0.159573 -0.095000
v -0.112067 0.162452 -0.095000
v -0.113009 0.180427 -0.095000
v -0.167933 0.177548 -0.095000
v -0.112067 0.162452 0.015000
v -0.166991 0.159573 0.015000
v -0.167933 0.177548 0.015000
v -0.113009 0.180427 0.015000
v -0.166991 0.159573 0.015000
v -0.166991 0.159573 -0.095000
v -0.167933 0.177548 -0.095000
v -0.167933 0.177548 0.015000
v -0.112067 0.162452 -0.095000
v -0.112067 0.162452 0.015000
v -0.113009 0.180427 0.015000
v -0.113009 0.180427 -0.095000
v -0.167933 0.177548 -0.095000
v -0.113009 0.180427 -0.095000
v -0.113009 0.180427 0.015000
v -0.167933 0.177548 0.015000
v -0.166991 0.159573 0.015000
v -0.112067 0.162452 0.015000
v -0.112067 0.162452 -0.095000
v -0.166991 0.159573 -0.095000
v -0.116336 0.159573 -0.000081
v -0.065777 0.162452 -0.021542
v -0.066645 0.180427 -0.021174
v -0.117203 0.177548 0.000287
v -0.022797 0.162452 0.079713
v -0.073355 0.159573 0.101174
v -0.074223 0.177548 0.101542
v -0.023664 0.180427 0.080081
v -0.073355 0.159573 0.101174
v -0.116336 0.159573 -0.000081
v -0.117203 0.177548 0.000287
v -0.074223 0.177548 0.101542
v -0.065777 0.162452 -0.021542
v -0.022797 0.162452 0.079713
v -0.023664 0.180427 0.080081
v -0.066645 0.180427 -0.021174
v -0.117203 0.177548 0.000287
v -0.066645 0.180427 -0.021174
v -0.023664 0.180427 0.080081
v -0.074223 0.177548 0.101542
v -0.073355 0.159573 0.101174
v -0.022797 0.162452 0.079713
v -0.065777 0.162452 -0.021542
v -0.116336 0.159573 -0.000081
v -0.058313 0.159573 -0.058790
v -0.020160 0.162452 -0.098300
v -0.020814 0.180427 -0.097622
v -0.058968 0.177548 -0.058113
v 0.058968 0.162452 -0.021887
v 0.020814 0.159573 0.017622
v 0.020160 0.177548 0.018300
v 0.058313 0.180427 -0.021210
v 0.020814 0.159573 0.017622
v -0.058313 0.159573 -0.058790
v -0.058968 0.177548 -0.058113
v 0.020160 0.177548 0.018300
v -0.020160 0.162452 -0.098300
v 0.058968 0.162452 -0.021887
v 0.058313 0.180427 -0.021210
v -0.020814 0.180427 -0.097622
v -0.058968 0.177548 -0.058113
v -0.020814 0.180427 -0.097622
v 0.058313 0.180427 -0.021210
v 0.020160 0.177548 0.018300
v 0.020814 0.159573 0.017622
v 0.058968 0.162452 -0.021887
v -0.020160 0.162452 -0.098300
v -0.058313 0.159573 -0.058790
v 0.008980 0.159573 0.045488
v 0.028663 0.162452 -0.005788
v 0.028326 0.180427 -0.004909
v 0.008643 0.177548 0.046368
v 0.131357 0.162452 0.033632
v 0.111674 0.159573 0.084909
v 0.111337 0.177548 0.085788
v 0.131020 0.180427 0.034512
v 0.111674 0.159573 0.084909
v 0.008980 0.159573 0.045488
v 0.008643 0.177548 0.046368
v 0.111337 0.177548 0.085788
v 0.028663 0.162452 -0.005788
v 0.131357 0.162452 0.033632
v 0.131020 0.180427 0.034512
v 0.028326 0.180427 -0.004909
v 0.008643 0.177548 0.046368
v 0.028326 0.180427 -0.004909
v 0.131020 0.180427 0.034512
v 0.111337 0.177548 0.085788
v 0.111674 0.159573 0.084909
v 0.131357 0.162452 0.033632
v 0.028663 0.162452 -0.005788
v 0.008980 0.159573 0.045488
v 0.085975 0.159573 -0.011106
v 0.084059 0.162452 -0.065997
v 0.084092 0.180427 -0.065055
v 0.086008 0.177548 -0.010164
v 0.193992 0.162452 -0.069836
v 0.195908 0.159573 -0.014945
v 0.195941 0.177548 -0.014003
v 0.194025 0.180427 -0.068894
v 0.195908 0.159573 -0.014945
v 0.085975 0.159573 -0.011106
v 0.086008 0.177548 -0.010164
v 0.195941 0.177548 -0.014003
v 0.084059 0.162452 -0.065997
v 0.193992 0.162452 -0.069836
v 0.194025 0.180427 -0.068894
v 0.084092 0.180427 -0.065055
v 0.086008 0.177548 -0.010164
v 0.084092 0.180427 -0.065055
v 0.194025 0.180427 -0.068894
v 0.195941 0.177548 -0.014003
v 0.195908 0.159573 -0.014945
v 0.193992 0.162452 -0.069836
v 0.084059 0.162452 -0.065997
v 0.085975 0.159573 -0.011106
vt 0.000000 0.000000
vt 1.000000 0.000000
vt 1.000000 1.000000
vt 0.000000 1.000000
vt 0.000000 0.000000
vt 1.000000 0.000000
vt 1.000000 1.000000
vt 0.000000 1.000000
vt 0.000000 0.000000
vt 1.000000 0.000000
vt 1.000000 1.000000
vt 0.000000 1.000000
vt 0.000000 0.000000
vt 1.000000 0.000000
vt 1.000000 1.000000
vt 0.000000 1.000000
vt 0.000000 0.000000
vt 1.000000 0.000000
vt 1.000000 1.000000
vt 0.000000 1.000000
vt 0.000000 0.000000
vt 1.000000 0.000000
vt 1.000000 1.000000
vt 0.000000 1.000000
vt 0.000000 0.000000
vt 1.000000 0.000000
vt 1.000000 1.000000
vt 0.000000 1.000000
vt 0.000000 0.000000
vt 1.000000 0.000000
vt 1.000000 1.000000
vt 0.000000 1.000000
vt 0.000000 0.000000
vt 1.000000 0.000000
vt 1.000000 1.000000
vt 0.000000 1.000000
vt 0.000000 0.000000
vt 1.000000 0.000000
vt 1.000000 1.000000
vt 0.000000 1.000000
vt 0.000000 0.000000
vt 1.000000 0.000000
vt 1.000000 1.000000
vt 0.000000 1.000000
vt 0.000000 0.000000
vt 1.000000 0.000000
vt 1.000000 1.000000
vt 0.000000 1.000000
vt 0.000000 0.000000
vt 1.000000 0.000000
vt 1.000000 1.000000
vt 0.000000 1.000000
vt 0.000000 0.000000
vt 1.000000 0.000000
vt 1.000000 1.000000
vt 0.000000 1.000000
vt 0.000000 0.000000
vt 1.000000 0.000000
vt 1.000000 1.000000
vt 0.000000 1.000000
vt 0.000000 0.000000
vt 1.000000 0.000000
vt 1.000000 1.000000
vt 0.000000 1.000000
vt 0.000000 0.000000
vt 1.000000 0.000000
vt 1.000000 1.000000
vt 0.000000 1.000000
vt 0.000000 0.000000
vt 1.000000 0.000000
vt 1.000000 1.000000
vt 0.000000 1.000000
vt 0.000000 0.000000
vt 1.000000 0.000000
vt 1.000000 1.000000
vt 0.000000 1.000000
vt 0.000000 0.000000
vt 1.000000 0.000000
vt 1.000000 1.000000
vt 0.000000 1.000000
vt 0.000000 0.000000
vt 1.000000 0.000000
vt 1.000000 1.000000
vt 0.000000 1.000000
vt 0.000000 0.000000
vt 1.000000 0.000000
vt 1.000000 1.000000
vt 0.000000 1.000000
vt 0.000000 0.000000
vt 1.000000 0.000000
vt 1.000000 1.000000
vt 0.000000 1.000000
vt 0.000000 0.000000
vt 1.000000 0.000000
vt 1.000000 1.000000
vt 0.000000 1.000000
vt 0.000000 0.000000
vt 1.000000 0.000000
vt 1.000000 1.000000
vt 0.000000 1.000000
vt 0.000000 0.000000
vt 1.000000 0.000000
vt 1.000000 1.000000
vt 0.000000 1.000000
vt 0.000000 0.000000
vt 1.000000 0.000000
vt 1.000000 1.000000
vt 0.000000 1.000000
vt 0.000000 0.000000
vt 1.000000 0.000000
vt 1.000000 1.000000
vt 0.000000 1.000000
vt 0.000000 0.000000
vt 1.000000 0.000000
vt 1.000000 1.000000
vt 0.000000 1.000000
vt 0.000000 0.000000
vt 1.000000 0.000000
vt 1.000000 1.000000
vt 0.000000 1.000000
vt 0.000000 0.000000
vt 1.000000 0.000000
vt 1.000000 1.000000
vt 0.000000 1.000000
vt 0.000000 0.000000
vt 1.000000 0.000000
vt 1.000000 1.000000
vt 0.000000 1.000000
vt 0.000000 0.000000
vt 1.000000 0.000000
vt 1.000000 1.000000
vt 0.000000 1.000000
vt 0.000000 0.000000
vt 1.000000 0.000000
vt 1.000000 1.000000
vt 0.000000 1.000000
vt 0.000000 0.000000
vt 1.000000 0.000000
vt 1.000000 1.000000
vt 0.000000 1.000000
vt 0.000000 0.000000
vt 1.000000 0.000000
vt 1.000000 1.000000
vt 0.000000 1.000000
vt 0.000000 0.000000
vt 1.000000 0.000000
vt 1.000000 1.000000
vt 0.000000 1.000000
vt 0.000000 0.000000
vt 1.000000 0.000000
vt 1.000000 1.000000
vt 0.000000 1.000000
vt 0.000000 0.000000
vt 1.000000 0.000000
vt 1.000000 1.000000
vt 0.000000 1.000000
vt 0.000000 0.000000
vt 1.000000 0.000000
vt 1.000000 1.000000
vt 0.000000 1.000000
vt 0.000000 0.000000
vt 1.000000 0.000000
vt 1.000000 1.000000
vt 0.000000 1.000000
vt 0.000000 0.000000
vt 1.000000 0.000000
vt 1.000000 1.000000
vt 0.000000 1.000000
vt 0.000000 0.000000
vt 1.000000 0.000000
vt 1.000000 1.000000
vt 0.000000 1.000000
vt 0.000000 0.000000
vt 1.000000 0.000000
vt 1.000000 1.000000
vt 0.000000 1.000000
vt 0.000000 0.000000
vt 1.000000 0.000000
vt 1.000000 1.000000
vt 0.000000 1.000000
vt 0.000000 0.000000
vt 1.000000 0.000000
vt 1.000000 1.000000
vt 0.000000 1.000000
vt 0.000000 0.000000
vt 1.000000 0.000000
vt 1.000000 1.000000
vt 0.000000 1.000000
vt 0.000000 0.000000
vt 1.000000 0.000000
vt 1.000000 1.000000
vt 0.000000 1.000000
vt 0.000000 0.000000
vt 1.000000 0.000000
vt 1.000000 1.000000
vt 0.000000 1.000000
vt 0.000000 0.000000
vt 1.000000 0.000000
vt 1.000000 1.000000
vt 0.000000 1.000000
vt 0.000000 0.000000
vt 1.000000 0.000000
vt 1.000000 1.000000
vt 0.000000 1.000000
vt 0.000000 0.000000
vt 1.000000 0.000000
vt 1.000000 1.000000
vt 0.000000 1.000000
vt 0.000000 0.000000
vt 1.000000 0.000000
vt 1.000000 1.000000
vt 0.000000 1.000000
vt 0.000000 0.000000
vt 1.000000 0.000000
vt 1.000000 1.000000
vt 0.000000 1.000000
vt 0.000000 0.000000
vt 1.000000 0.000000
vt 1.000000 1.000000
vt 0.000000 1.000000
vt 0.000000 0.000000
vt 1.000000 0.000000
vt 1.000000 1.000000
vt 0.000000 1.000000
vt 0.000000 0.000000
vt 1.000000 0.000000
vt 1.000000 1.000000
vt 0.000000 1.000000
vt 0.000000 0.000000
vt 1.000000 0.000000
vt 1.000000 1.000000
vt 0.000000 1.000000
vt 0.000000 0.000000
vt 1.000000 0.000000
vt 1.000000 1.000000
vt 0.000000 1.000000
vt 0.000000 0.000000
vt 1.000000 0.000000
vt 1.000000 1.000000
vt 0.000000 1.000000
vt 0.000000 0.000000
vt 1.000000 0.000000
vt 1.000000 1.000000
vt 0.000000 1.000000
vt 0.000000 0.000000
vt 1.000000 0.000000
vt 1.000000 1.000000
vt 0.000000 1.000000
vt 0.000000 0.000000
vt 1.000000 0.000000
vt 1.000000 1.000000
vt 0.000000 1.000000
vt 0.000000 0.000000
vt 1.000000 0.000000
vt 1.000000 1.000000
vt 0.000000 1.000000
vt 0.000000 0.000000
vt 1.000000 0.000000
vt 1.000000 1.000000
vt 0.000000 1.000000
vt 0.000000 0.000000
vt 1.000000 0.000000
vt 1.000000 1.000000
vt 0.000000 1.000000
vt 0.000000 0.000000
vt 1.000000 0.000000
vt 1.000000 1.000000
vt 0.000000 1.000000
vt 0.000000 0.000000
vt 1.000000 0.000000
vt 1.000000 1.000000
vt 0.000000 1.000000
vt 0.000000 0.000000
vt 1.000000 0.000000
vt 1.000000 1.000000
vt 0.000000 1.000000
vt 0.000000 0.000000
vt 1.000000 0.000000
vt 1.000000 1.000000
vt 0.000000 1.000000
vt 0.000000 0.000000
vt 1.000000 0.000000
vt 1.000000 1.000000
vt 0.000000 1.000000
vt 0.000000 0.000000
vt 1.000000 0.000000
vt 1.000000 1.000000
vt 0.000000 1.000000
vt 0.000000 0.000000
vt 1.000000 0.000000
vt 1.000000 1.000000
vt 0.000000 1.000000
vt 0.000000 0.000000
vt 1.000000 0.000000
vt 1.000000 1.000000
vt 0.000000 1.000000
vt 0.000000 0.000000
vt 1.000000 0.000000
vt 1.000000 1.000000
vt 0.000000 1.000000
vt 0.000000 0.000000
vt 1.000000 0.000000
vt 1.000000 1.000000
vt 0.000000 1.000000
vt 0.000000 0.000000
vt 1.000000 0.000000
vt 1.000000 1.000000
vt 0.000000 1.000000
vt 0.000000 0.000000
vt 1.000000 0.000000
vt 1.000000 1.000000
vt 0.000000 1.000000
vt 0.000000 0.000000
vt 1.000000 0.000000
vt 1.000000 1.000000
vt 0.000000 1.000000
vt 0.000000 0.000000
vt 1.000000 0.000000
vt 1.000000 1.000000
vt 0.000000 1.000000
vt 0.000000 0.000000
vt 1.000000 0.000000
vt 1.000000 1.000000
vt 0.000000 1.000000
vt 0.000000 0.000000
vt 1.000000 0.000000
vt 1.000000 1.000000
vt 0.000000 1.000000
vt 0.000000 0.000000
vt 1.000000 0.000000
vt 1.000000 1.000000
vt 0.000000 1.000000
vt 0.000000 0.000000
vt 1.000000 0.000000
vt 1.000000 1.000000
vt 0.000000 1.000000
vt 0.000000 0.000000
vt 1.000000 0.000000
vt 1.000000 1.000000
vt 0.000000 1.000000
vt 0.000000 0.000000
vt 1.000000 0.000000
vt 1.000000 1.000000
vt 0.000000 1.000000
vt 0.000000 0.000000
vt 1.000000 0.000000
vt 1.000000 1.000000
vt 0.000000 1.000000
vt 0.000000 0.000000
vt 1.000000 0.000000
vt 1.000000 1.000000
vt 0.000000 1.000000
vt 0.000000 0.000000
vt 1.000000 0.000000
vt 1.000000 1.000000
vt 0.000000 1.000000
vt 0.000000 0.000000
vt 1.000000 0.000000
vt 1.000000 1.000000
vt 0.000000 1.000000
vt 0.000000 0.000000
vt 1.000000 0.000000
vt 1.000000 1.000000
vt 0.000000 1.000000
vt 0.000000 0.000000
vt 1.000000 0.000000
vt 1.000000 1.000000
vt 0.000000 1.000000
vt 0.000000 0.000000
vt 1.000000 0.000000
vt 1.000000 1.000000
vt 0.000000 1.000000
vt 0.000000 0.000000
vt 1.000000 0.000000
vt 1.000000 1.000000
vt 0.000000 1.000000
vt 0.000000 0.000000
vt 1.000000 0.000000
vt 1.000000 1.000000
vt 0.000000 1.000000
vt 0.000000 0.000000
vt 1.000000 0.000000
vt 1.000000 1.000000
vt 0.000000 1.000000
vt 0.000000 0.000000
vt 1.000000 0.000000
vt 1.000000 1.000000
vt 0.000000 1.000000
vt 0.000000 0.000000
vt 1.000000 0.000000
vt 1.000000 1.000000
vt 0.000000 1.000000
vt 0.000000 0.000000
vt 1.000000 0.000000
vt 1.000000 1.000000
vt 0.000000 1.000000
vt 0.000000 0.000000
vt 1.000000 0.000000
vt 1.000000 1.000000
vt 0.000000 1.000000
vt 0.000000 0.000000
vt 1.000000 0.000000
vt 1.000000 1.000000
vt 0.000000 1.000000
vt 0.000000 0.000000
vt 1.000000 0.000000
vt 1.000000 1.000000
vt 0.000000 1.000000
vt 0.000000 0.000000
vt 1.000000 0.000000
vt 1.000000 1.000000
vt 0.000000 1.000000
vt 0.000000 0.000000
vt 1.000000 0.000000
vt 1.000000 1.000000
vt 0.000000 1.000000
vt 0.000000 0.000000
vt 1.000000 0.000000
vt 1.000000 1.000000
vt 0.000000 1.000000
vt 0.000000 0.000000
vt 1.000000 0.000000
vt 1.000000 1.000000
vt 0.000000 1.000000
vt 0.000000 0.000000
vt 1.000000 0.000000
vt 1.000000 1.000000
vt 0.000000 1.000000
vt 0.000000 0.000000
vt 1.000000 0.000000
vt 1.000000 1.000000
vt 0.000000 1.000000
vt 0.000000 0.000000
vt 1.000000 0.000000
vt 1.000000 1.000000
vt 0.000000 1.000000
vt 0.000000 0.000000
vt 1.000000 0.000000
vt 1.000000 1.000000
vt 0.000000 1.000000
vt 0.000000 0.000000
vt 1.000000 0.000000
vt 1.000000 1.000000
vt 0.000000 1.000000
vt 0.000000 0.000000
vt 1.000000 0.000000
vt 1.000000 1.000000
vt 0.000000 1.000000
vt 0.000000 0.000000
vt 1.000000 0.000000
vt 1.000000 1.000000
vt 0.000000 1.000000
vt 0.000000 0.000000
vt 1.000000 0.000000
vt 1.000000 1.000000
vt 0.000000 1.000000
vt 0.000000 0.000000
vt 1.000000 0.000000
vt 1.000000 1.000000
vt 0.000000 1.000000
vt 0.000000 0.000000
vt 1.000000 0.000000
vt 1.000000 1.000000
vt 0.000000 1.000000
vt 0.000000 0.000000
vt 1.000000 0.000000
vt 1.000000 1.000000
vt 0.000000 1.000000
vt 0.000000 0.000000
vt 1.000000 0.000000
vt 1.000000 1.000000
vt 0.000000 1.000000
vt 0.000000 0.000000
vt 1.000000 0.000000
vt 1.000000 1.000000
vt 0.000000 1.000000
vt 0.000000 0.000000
vt 1.000000 0.000000
vt 1.000000 1.000000
vt 0.000000 1.000000
vt 0.000000 0.000000
vt 1.000000 0.000000
vt 1.000000 1.000000
vt 0.000000 1.000000
vt 0.000000 0.000000
vt 1.000000 0.000000
vt 1.000000 1.000000
vt 0.000000 1.000000
vt 0.000000 0.000000
vt 1.000000 0.000000
vt 1.000000 1.000000
vt 0.000000 1.000000
vt 0.000000 0.000000
vt 1.000000 0.000000
vt 1.000000 1.000000
vt 0.000000 1.000000
vt 0.000000 0.000000
vt 1.000000 0.000000
vt 1.000000 1.000000
vt 0.000000 1.000000
vt 0.000000 0.000000
vt 1.000000 0.000000
vt 1.000000 1.000000
vt 0.000000 1.000000
vt 0.000000 0.000000
vt 1.000000 0.000000
vt 1.000000 1.000000
vt 0.000000 1.000000
vt 0.000000 0.000000
vt 1.000000 0.000000
vt 1.000000 1.000000
vt 0.000000 1.000000
vt 0.000000 0.000000
vt 1.000000 0.000000
vt 1.000000 1.000000
vt 0.000000 1.000000
vt 0.000000 0.000000
vt 1.000000 0.000000
vt 1.000000 1.000000
vt 0.000000 1.000000
vt 0.000000 0.000000
vt 1.000000 0.000000
vt 1.000000 1.000000
vt 0.000000 1.000000
vt 0.000000 0.000000
vt 1.000000 0.000000
vt 1.000000 1.000000
vt 0.000000 1.000000
vt 0.000000 0.000000
vt 1.000000 0.000000
vt 1.000000 1.000000
vt 0.000000 1.000000
vt 0.000000 0.000000
vt 1.000000 0.000000
vt 1.000000 1.000000
vt 0.000000 1.000000
vt 0.000000 0.000000
vt 1.000000 0.000000
vt 1.000000 1.000000
vt 0.000000 1.000000
vt 0.000000 0.000000
vt 1.000000 0.000000
vt 1.000000 1.000000
vt 0.000000 1.000000
vt 0.000000 0.000000
vt 1.000000 0.000000
vt 1.000000 1.000000
vt 0.000000 1.000000
vt 0.000000 0.000000
vt 1.000000 0.000000
vt 1.000000 1.000000
vt 0.000000 1.000000
vt 0.000000 0.000000
vt 1.000000 0.000000
vt 1.000000 1.000000
vt 0.000000 1.000000
vt 0.000000 0.000000
vt 1.000000 0.000000
vt 1.000000 1.000000
vt 0.000000 1.000000
vt 0.000000 0.000000
vt 1.000000 0.000000
vt 1.000000 1.000000
vt 0.000000 1.000000
vt 0.000000 0.000000
vt 1.000000 0.000000
vt 1.000000 1.000000
vt 0.000000 1.000000
vt 0.000000 0.000000
vt 1.000000 0.000000
vt 1.000000 1.000000
vt 0.000000 1.000000
vt 0.000000 0.000000
vt 1.000000 0.000000
vt 1.000000 1.000000
vt 0.000000 1.000000
vt 0.000000 0.000000
vt 1.000000 0.000000
vt 1.000000 1.000000
vt 0.000000 1.000000
vt 0.000000 0.000000
vt 1.000000 0.000000
vt 1.000000 1.000000
vt 0.000000 1.000000
vt 0.000000 0.000000
vt 1.000000 0.000000
vt 1.000000 1.000000
vt 0.000000 1.000000
vt 0.000000 0.000000
vt 1.000000 0.000000
vt 1.000000 1.000000
vt 0.000000 1.000000
vt 0.000000 0.000000
vt 1.000000 0.000000
vt 1.000000 1.000000
vt 0.000000 1.000000
vt 0.000000 0.000000
vt 1.000000 0.000000
vt 1.000000 1.000000
vt 0.000000 1.000000
vt 0.000000 0.000000
vt 1.000000 0.000000
vt 1.000000 1.000000
vt 0.000000 1.000000
vt 0.000000 0.000000
vt 1.000000 0.000000
vt 1.000000 1.000000
vt 0.000000 1.000000
vt 0.000000 0.000000
vt 1.000000 0.000000
vt 1.000000 1.000000
vt 0.000000 1.000000
vt 0.000000 0.000000
vt 1.000000 0.000000
vt 1.000000 1.000000
vt 0.000000 1.000000
vt 0.000000 0.000000
vt 1.000000 0.000000
vt 1.000000 1.000000
vt 0.000000 1.000000
vt 0.000000 0.000000
vt 1.000000 0.000000
vt 1.000000 1.000000
vt 0.000000 1.000000
vt 0.000000 0.000000
vt 1.000000 0.000000
vt 1.000000 1.000000
vt 0.000000 1.000000
vt 0.000000 0.000000
vt 1.000000 0.000000
vt 1.000000 1.000000
vt 0.000000 1.000000
vt 0.000000 0.000000
vt 1.000000 0.000000
vt 1.000000 1.000000
vt 0.000000 1.000000
vt 0.000000 0.000000
vt 1.000000 0.000000
vt 1.000000 1.000000
vt 0.000000 1.000000
vt 0.000000 0.000000
vt 1.000000 0.000000
vt 1.000000 1.000000
vt 0.000000 1.000000
vt 0.000000 0.000000
vt 1.000000 0.000000
vt 1.000000 1.000000
vt 0.000000 1.000000
vt 0.000000 0.000000
vt 1.000000 0.000000
vt 1.000000 1.000000
vt 0.000000 1.000000
vt 0.000000 0.000000
vt 1.000000 0.000000
vt 1.000000 1.000000
vt 0.000000 1.000000
vt 0.000000 0.000000
vt 1.000000 0.000000
vt 1.000000 1.000000
vt 0.000000 1.000000
vt 0.000000 0.000000
vt 1.000000 0.000000
vt 1.000000 1.000000
vt 0.000000 1.000000
vt 0.000000 0.000000
vt 1.000000 0.000000
vt 1.000000 1.000000
vt 0.000000 1.000000
vt 0.000000 0.000000
vt 1.000000 0.000000
vt 1.000000 1.000000
vt 0.000000 1.000000
vt 0.000000 0.000000
vt 1.000000 0.000000
vt 1.000000 1.000000
vt 0.000000 1.000000
vt 0.000000 0.000000
vt 1.000000 0.000000
vt 1.000000 1.000000
vt 0.000000 1.000000
vt 0.000000 0.000000
vt 1.000000 0.000000
vt 1.000000 1.000000
vt 0.000000 1.000000
vt 0.000000 0.000000
vt 1.000000 0.000000
vt 1.000000 1.000000
vt 0.000000 1.000000
vt 0.000000 0.000000
vt 1.000000 0.000000
vt 1.000000 1.000000
vt 0.000000 1.000000
vt 0.000000 0.000000
vt 1.000000 0.000000
vt 1.000000 1.000000
vt 0.000000 1.000000
vt 0.000000 0.000000
vt 1.000000 0.000000
vt 1.000000 1.000000
vt 0.000000 1.000000
vt 0.000000 0.000000
vt 1.000000 0.000000
vt 1.000000 1.000000
vt 0.000000 1.000000
vt 0.000000 0.000000
vt 1.000000 0.000000
vt 1.000000 1.000000
vt 0.000000 1.000000
vt 0.000000 0.000000
vt 1.000000 0.000000
vt 1.000000 1.000000
vt 0.000000 1.000000
vt 0.000000 0.000000
vt 1.000000 0.000000
vt 1.000000 1.000000
vt 0.000000 1.000000
vt 0.000000 0.000000
vt 1.000000 0.000000
vt 1.000000 1.000000
vt 0.000000 1.000000
vt 0.000000 0.000000
vt 1.000000 0.000000
vt 1.000000 1.000000
vt 0.000000 1.000000
vt 0.000000 0.000000
vt 1.000000 0.000000
vt 1.000000 1.000000
vt 0.000000 1.000000
vt 0.000000 0.000000
vt 1.000000 0.000000
vt 1.000000 1.000000
vt 0.000000 1.000000
vt 0.000000 0.000000
vt 1.000000 0.000000
vt 1.000000 1.000000
vt 0.000000 1.000000
vt 0.000000 0.000000
vt 1.000000 0.000000
vt 1.000000 1.000000
vt 0.000000 1.000000
vt 0.000000 0.000000
vt 1.000000 0.000000
vt 1.000000 1.000000
vt 0.000000 1.000000
vt 0.000000 0.000000
vt 1.000000 0.000000
vt 1.000000 1.000000
vt 0.000000 1.000000
vt 0.000000 0.000000
vt 1.000000 0.000000
vt 1.000000 1.000000
vt 0.000000 1.000000
vt 0.000000 0.000000
vt 1.000000 0.000000
vt 1.000000 1.000000
vt 0.000000 1.000000
vt 0.000000 0.000000
vt 1.000000 0.000000
vt 1.000000 1.000000
vt 0.000000 1.000000
vt 0.000000 0.000000
vt 1.000000 0.000000
vt 1.000000 1.000000
vt 0.000000 1.000000
vt 0.000000 0.000000
vt 1.000000 0.000000
vt 1.000000 1.000000
vt 0.000000 1.000000
vt 0.000000 0.000000
vt 1.000000 0.000000
vt 1.000000 1.000000
vt 0.000000 1.000000
vt 0.000000 0.000000
vt 1.000000 0.000000
vt 1.000000 1.000000
vt 0.000000 1.000000
vt 0.000000 0.000000
vt 1.000000 0.000000
vt 1.000000 1.000000
vt 0.000000 1.000000
vt 0.000000 0.000000
vt 1.000000 0.000000
vt 1.000000 1.000000
vt 0.000000 1.000000
vt 0.000000 0.000000
vt 1.000000 0.000000
vt 1.000000 1.000000
vt 0.000000 1.000000
vt 0.000000 0.000000
vt 1.000000 0.000000
vt 1.000000 1.000000
vt 0.000000 1.000000
vt 0.000000 0.000000
vt 1.000000 0.000000
vt 1.000000 1.000000
vt 0.000000 1.000000
vt 0.000000 0.000000
vt 1.000000 0.000000
vt 1.000000 1.000000
vt 0.000000 1.000000
vt 0.000000 0.000000
vt 1.000000 0.000000
vt 1.000000 1.000000
vt 0.000000 1.000000
vt 0.000000 0.000000
vt 1.000000 0.000000
vt 1.000000 1.000000
vt 0.000000 1.000000
vt 0.000000 0.000000
vt 1.000000 0.000000
vt 1.000000 1.000000
vt 0.000000 1.000000
vt 0.000000 0.000000
vt 1.000000 0.000000
vt 1.000000 1.000000
vt 0.000000 1.000000
vt 0.000000 0.000000
vt 1.000000 0.000000
vt 1.000000 1.000000
vt 0.000000 1.000000
vt 0.000000 0.000000
vt 1.000000 0.000000
vt 1.000000 1.000000
vt 0.000000 1.000000
vt 0.000000 0.000000
vt 1.000000 0.000000
vt 1.000000 1.000000
vt 0.000000 1.000000
vt 0.000000 0.000000
vt 1.000000 0.000000
vt 1.000000 1.000000
vt 0.000000 1.000000
vt 0.000000 0.000000
vt 1.000000 0.000000
vt 1.000000 1.000000
vt 0.000000 1.000000
vt 0.000000 0.000000
vt 1.000000 0.000000
vt 1.000000 1.000000
vt 0.000000 1.000000
vt 0.000000 0.000000
vt 1.000000 0.000000
vt 1.000000 1.000000
vt 0.000000 1.000000
vt 0.000000 0.000000
vt 1.000000 0.000000
vt 1.000000 1.000000
vt 0.000000 1.000000
vt 0.000000 0.000000
vt 1.000000 0.000000
vt 1.000000 1.000000
vt 0.000000 1.000000
vt 0.000000 0.000000
vt 1.000000 0.000000
vt 1.000000 1.000000
vt 0.000000 1.000000
vt 0.000000 0.000000
vt 1.000000 0.000000
vt 1.000000 1.000000
vt 0.000000 1.000000
vt 0.000000 0.000000
vt 1.000000 0.000000
vt 1.000000 1.000000
vt 0.000000 1.000000
vt 0.000000 0.000000
vt 1.000000 0.000000
vt 1.000000 1.000000
vt 0.000000 1.000000
vt 0.000000 0.000000
vt 1.000000 0.000000
vt 1.000000 1.000000
vt 0.000000 1.000000
vt 0.000000 0.000000
vt 1.000000 0.000000
vt 1.000000 1.000000
vt 0.000000 1.000000
vt 0.000000 0.000000
vt 1.000000 0.000000
vt 1.000000 1.000000
vt 0.000000 1.000000
vt 0.000000 0.000000
vt 1.000000 0.000000
vt 1.000000 1.000000
vt 0.000000 1.000000
vt 0.000000 0.000000
vt 1.000000 0.000000
vt 1.000000 1.000000
vt 0.000000 1.000000
vt 0.000000 0.000000
vt 1.000000 0.000000
vt 1.000000 1.000000
vt 0.000000 1.000000
vt 0.000000 0.000000
vt 1.000000 0.000000
vt 1.000000 1.000000
vt 0.000000 1.000000
vt 0.000000 0.000000
vt 1.000000 0.000000
vt 1.000000 1.000000
vt 0.000000 1.000000
vt 0.000000 0.000000
vt 1.000000 0.000000
vt 1.000000 1.000000
vt 0.000000 1.000000
vt 0.000000 0.000000
vt 1.000000 0.000000
vt 1.000000 1.000000
vt 0.000000 1.000000
vt 0.000000 0.000000
vt 1.000000 0.000000
vt 1.000000 1.000000
vt 0.000000 1.000000
vt 0.000000 0.000000
vt 1.000000 0.000000
vt 1.000000 1.000000
vt 0.000000 1.000000
vt 0.000000 0.000000
vt 1.000000 0.000000
vt 1.000000 1.000000
vt 0.000000 1.000000
vt 0.000000 0.000000
vt 1.000000 0.000000
vt 1.000000 1.000000
vt 0.000000 1.000000
vt 0.000000 0.000000
vt 1.000000 0.000000
vt 1.000000 1.000000
vt 0.000000 1.000000
vt 0.000000 0.000000
vt 1.000000 0.000000
vt 1.000000 1.000000
vt 0.000000 1.000000
vt 0.000000 0.000000
vt 1.000000 0.000000
vt 1.000000 1.000000
vt 0.000000 1.000000
vt 0.000000 0.000000
vt 1.000000 0.000000
vt 1.000000 1.000000
vt 0.000000 1.000000
vt 0.000000 0.000000
vt 1.000000 0.000000
vt 1.000000 1.000000
vt 0.000000 1.000000
vt 0.000000 0.000000
vt 1.000000 0.000000
vt 1.000000 1.000000
vt 0.000000 1.000000
vt 0.000000 0.000000
vt 1.000000 0.000000
vt 1.000000 1.000000
vt 0.000000 1.000000
vt 0.000000 0.000000
vt 1.000000 0.000000
vt 1.000000 1.000000
vt 0.000000 1.000000
vt 0.000000 0.000000
vt 1.000000 0.000000
vt 1.000000 1.000000
vt 0.000000 1.000000
vt 0.000000 0.000000
vt 1.000000 0.000000
vt 1.000000 1.000000
vt 0.000000 1.000000
vt 0.000000 0.000000
vt 1.000000 0.000000
vt 1.000000 1.000000
vt 0.000000 1.000000
vt 0.000000 0.000000
vt 1.000000 0.000000
vt 1.000000 1.000000
vt 0.000000 1.000000
vt 0.000000 0.000000
vt 1.000000 0.000000
vt 1.000000 1.000000
vt 0.000000 1.000000
vt 0.000000 0.000000
vt 1.000000 0.000000
vt 1.000000 1.000000
vt 0.000000 1.000000
vt 0.000000 0.000000
vt 1.000000 0.000000
vt 1.000000 1.000000
vt 0.000000 1.000000
vt 0.000000 0.000000
vt 1.000000 0.000000
vt 1.000000 1.000000
vt 0.000000 1.000000
vt 0.000000 0.000000
vt 1.000000 0.000000
vt 1.000000 1.000000
vt 0.000000 1.000000
vt 0.000000 0.000000
vt 1.000000 0.000000
vt 1.000000 1.000000
vt 0.000000 1.000000
vt 0.000000 0.000000
vt 1.000000 0.000000
vt 1.000000 1.000000
vt 0.000000 1.000000
vt 0.000000 0.000000
vt 1.000000 0.000000
vt 1.000000 1.000000
vt 0.000000 1.000000
vt 0.000000 0.000000
vt 1.000000 0.000000
vt 1.000000 1.000000
vt 0.000000 1.000000
vt 0.000000 0.000000
vt 1.000000 0.000000
vt 1.000000 1.000000
vt 0.000000 1.000000
vt 0.000000 0.000000
vt 1.000000 0.000000
vt 1.000000 1.000000
vt 0.000000 1.000000
vt 0.000000 0.000000
vt 1.000000 0.000000
vt 1.000000 1.000000
vt 0.000000 1.000000
vt 0.000000 0.000000
vt 1.000000 0.000000
vt 1.000000 1.000000
vt 0.000000 1.000000
vt 0.000000 0.000000
vt 1.000000 0.000000
vt 1.000000 1.000000
vt 0.000000 1.000000
vt 0.000000 0.000000
vt 1.000000 0.000000
vt 1.000000 1.000000
vt 0.000000 1.000000
vt 0.000000 0.000000
vt 1.000000 0.000000
vt 1.000000 1.000000
vt 0.000000 1.000000
vt 0.000000 0.000000
vt 1.000000 0.000000
vt 1.000000 1.000000
vt 0.000000 1.000000
vt 0.000000 0.000000
vt 1.000000 0.000000
vt 1.000000 1.000000
vt 0.000000 1.000000
vt 0.000000 0.000000
vt 1.000000 0.000000
vt 1.000000 1.000000
vt 0.000000 1.000000
vt 0.000000 0.000000
vt 1.000000 0.000000
vt 1.000000 1.000000
vt 0.000000 1.000000
vt 0.000000 0.000000
vt 1.000000 0.000000
vt 1.000000 1.000000
vt 0.000000 1.000000
vt 0.000000 0.000000
vt 1.000000 0.000000
vt 1.000000 1.000000
vt 0.000000 1.000000
vt 0.000000 0.000000
vt 1.000000 0.000000
vt 1.000000 1.000000
vt 0.000000 1.000000
vt 0.000000 0.000000
vt 1.000000 0.000000
vt 1.000000 1.000000
vt 0.000000 1.000000
vt 0.000000 0.000000
vt 1.000000 0.000000
vt 1.000000 1.000000
vt 0.000000 1.000000
vt 0.000000 0.000000
vt 1.000000 0.000000
vt 1.000000 1.000000
vt 0.000000 1.000000
vt 0.000000 0.000000
vt 1.000000 0.000000
vt 1.000000 1.000000
vt 0.000000 1.000000
vt 0.000000 0.000000
vt 1.000000 0.000000
vt 1.000000 1.000000
vt 0.000000 1.000000
vt 0.000000 0.000000
vt 1.000000 0.000000
vt 1.000000 1.000000
vt 0.000000 1.000000
vt 0.000000 0.000000
vt 1.000000 0.000000
vt 1.000000 1.000000
vt 0.000000 1.000000
vt 0.000000 0.000000
vt 1.000000 0.000000
vt 1.000000 1.000000
vt 0.000000 1.000000
vt 0.000000 0.000000
vt 1.000000 0.000000
vt 1.000000 1.000000
vt 0.000000 1.000000
vt 0.000000 0.000000
vt 1.000000 0.000000
vt 1.000000 1.000000
vt 0.000000 1.000000
vt 0.000000 0.000000
vt 1.000000 0.000000
vt 1.000000 1.000000
vt 0.000000 1.000000
vt 0.000000 0.000000
vt 1.000000 0.000000
vt 1.000000 1.000000
vt 0.000000 1.000000
vt 0.000000 0.000000
vt 1.000000 0.000000
vt 1.000000 1.000000
vt 0.000000 1.000000
vt 0.000000 0.000000
vt 1.000000 0.000000
vt 1.000000 1.000000
vt 0.000000 1.000000
vt 0.000000 0.000000
vt 1.000000 0.000000
vt 1.000000 1.000000
vt 0.000000 1.000000
vt 0.000000 0.000000
vt 1.000000 0.000000
vt 1.000000 1.000000
vt 0.000000 1.000000
vt 0.000000 0.000000
vt 1.000000 0.000000
vt 1.000000 1.000000
vt 0.000000 1.000000
vt 0.000000 0.000000
vt 1.000000 0.000000
vt 1.000000 1.000000
vt 0.000000 1.000000
vt 0.000000 0.000000
vt 1.000000 0.000000
vt 1.000000 1.000000
vt 0.000000 1.000000
vt 0.000000 0.000000
vt 1.000000 0.000000
vt 1.000000 1.000000
vt 0.000000 1.000000
vt 0.000000 0.000000
vt 1.000000 0.000000
vt 1.000000 1.000000
vt 0.000000 1.000000
vt 0.000000 0.000000
vt 1.000000 0.000000
vt 1.000000 1.000000
vt 0.000000 1.000000
vt 0.000000 0.000000
vt 1.000000 0.000000
vt 1.000000 1.000000
vt 0.000000 1.000000
vt 0.000000 0.000000
vt 1.000000 0.000000
vt 1.000000 1.000000
vt 0.000000 1.000000
vt 0.000000 0.000000
vt 1.000000 0.000000
vt 1.000000 1.000000
vt 0.000000 1.000000
vt 0.000000 0.000000
vt 1.000000 0.000000
vt 1.000000 1.000000
vt 0.000000 1.000000
vt 0.000000 0.000000
vt 1.000000 0.000000
vt 1.000000 1.000000
vt 0.000000 1.000000
vt 0.000000 0.000000
vt 1.000000 0.000000
vt 1.000000 1.000000
vt 0.000000 1.000000
vt 0.000000 0.000000
vt 1.000000 0.000000
vt 1.000000 1.000000
vt 0.000000 1.000000
vt 0.000000 0.000000
vt 1.000000 0.000000
vt 1.000000 1.000000
vt 0.000000 1.000000
vt 0.000000 0.000000
vt 1.000000 0.000000
vt 1.000000 1.000000
vt 0.000000 1.000000
vt 0.000000 0.000000
vt 1.000000 0.000000
vt 1.000000 1.000000
vt 0.000000 1.000000
vt 0.000000 0.000000
vt 1.000000 0.000000
vt 1.000000 1.000000
vt 0.000000 1.000000
vt 0.000000 0.000000
vt 1.000000 0.000000
vt 1.000000 1.000000
vt 0.000000 1.000000
vt 0.000000 0.000000
vt 1.000000 0.000000
vt 1.000000 1.000000
vt 0.000000 1.000000
vt 0.000000 0.000000
vt 1.000000 0.000000
vt 1.000000 1.000000
vt 0.000000 1.000000
vt 0.000000 0.000000
vt 1.000000 0.000000
vt 1.000000 1.000000
vt 0.000000 1.000000
vt 0.000000 0.000000
vt 1.000000 0.000000
vt 1.000000 1.000000
vt 0.000000 1.000000
vt 0.000000 0.000000
vt 1.000000 0.000000
vt 1.000000 1.000000
vt 0.000000 1.000000
vt 0.000000 0.000000
vt 1.000000 0.000000
vt 1.000000 1.000000
vt 0.000000 1.000000
vt 0.000000 0.000000
vt 1.000000 0.000000
vt 1.000000 1.000000
vt 0.000000 1.000000
vt 0.000000 0.000000
vt 1.000000 0.000000
vt 1.000000 1.000000
vt 0.000000 1.000000
vt 0.000000 0.000000
vt 1.000000 0.000000
vt 1.000000 1.000000
vt 0.000000 1.000000
vt 0.000000 0.000000
vt 1.000000 0.000000
vt 1.000000 1.000000
vt 0.000000 1.000000
vt 0.000000 0.000000
vt 1.000000 0.000000
vt 1.000000 1.000000
vt 0.000000 1.000000
vt 0.000000 0.000000
vt 1.000000 0.000000
vt 1.000000 1.000000
vt 0.000000 1.000000
vt 0.000000 0.000000
vt 1.000000 0.000000
vt 1.000000 1.000000
vt 0.000000 1.000000
vt 0.000000 0.000000
vt 1.000000 0.000000
vt 1.000000 1.000000
vt 0.000000 1.000000
vt 0.000000 0.000000
vt 1.000000 0.000000
vt 1.000000 1.000000
vt 0.000000 1.000000
vt 0.000000 0.000000
vt 1.000000 0.000000
vt 1.000000 1.000000
vt 0.000000 1.000000
vt 0.000000 0.000000
vt 1.000000 0.000000
vt 1.000000 1.000000
vt 0.000000 1.000000
vt 0.000000 0.000000
vt 1.000000 0.000000
vt 1.000000 1.000000
vt 0.000000 1.000000
vt 0.000000 0.000000
vt 1.000000 0.000000
vt 1.000000 1.000000
vt 0.000000 1.000000
vt 0.000000 0.000000
vt 1.000000 0.000000
vt 1.000000 1.000000
vt 0.000000 1.000000
vt 0.000000 0.000000
vt 1.000000 0.000000
vt 1.000000 1.000000
vt 0.000000 1.000000
vt 0.000000 0.000000
vt 1.000000 0.000000
vt 1.000000 1.000000
vt 0.000000 1.000000
vt 0.000000 0.000000
vt 1.000000 0.000000
vt 1.000000 1.000000
vt 0.000000 1.000000
vt 0.000000 0.000000
vt 1.000000 0.000000
vt 1.000000 1.000000
vt 0.000000 1.000000
vt 0.000000 0.000000
vt 1.000000 0.000000
vt 1.000000 1.000000
vt 0.000000 1.000000
vt 0.000000 0.000000
vt 1.000000 0.000000
vt 1.000000 1.000000
vt 0.000000 1.000000
vt 0.000000 0.000000
vt 1.000000 0.000000
vt 1.000000 1.000000
vt 0.000000 1.000000
vt 0.000000 0.000000
vt 1.000000 0.000000
vt 1.000000 1.000000
vt 0.000000 1.000000
vt 0.000000 0.000000
vt 1.000000 0.000000
vt 1.000000 1.000000
vt 0.000000 1.000000
vt 0.000000 0.000000
vt 1.000000 0.000000
vt 1.000000 1.000000
vt 0.000000 1.000000
vt 0.000000 0.000000
vt 1.000000 0.000000
vt 1.000000 1.000000
vt 0.000000 1.000000
vt 0.000000 0.000000
vt 1.000000 0.000000
vt 1.000000 1.000000
vt 0.000000 1.000000
vt 0.000000 0.000000
vt 1.000000 0.000000
vt 1.000000 1.000000
vt 0.000000 1.000000
vt 0.000000 0.000000
vt 1.000000 0.000000
vt 1.000000 1.000000
vt 0.000000 1.000000
vt 0.000000 0.000000
vt 1.000000 0.000000
vt 1.000000 1.000000
vt 0.000000 1.000000
vt 0.000000 0.000000
vt 1.000000 0.000000
vt 1.000000 1.000000
vt 0.000000 1.000000
vt 0.000000 0.000000
vt 1.000000 0.000000
vt 1.000000 1.000000
vt 0.000000 1.000000
vt 0.000000 0.000000
vt 1.000000 0.000000
vt 1.000000 1.000000
vt 0.000000 1.000000
vt 0.000000 0.000000
vt 1.000000 0.000000
vt 1.000000 1.000000
vt 0.000000 1.000000
vt 0.000000 0.000000
vt 1.000000 0.000000
vt 1.000000 1.000000
vt 0.000000 1.000000
vt 0.000000 0.000000
vt 1.000000 0.000000
vt 1.000000 1.000000
vt 0.000000 1.000000
vt 0.000000 0.000000
vt 1.000000 0.000000
vt 1.000000 1.000000
vt 0.000000 1.000000
vt 0.000000 0.000000
vt 1.000000 0.000000
vt 1.000000 1.000000
vt 0.000000 1.000000
vt 0.000000 0.000000
vt 1.000000 0.000000
vt 1.000000 1.000000
vt 0.000000 1.000000
vt 0.000000 0.000000
vt 1.000000 0.000000
vt 1.000000 1.000000
vt 0.000000 1.000000
vt 0.000000 0.000000
vt 1.000000 0.000000
vt 1.000000 1.000000
vt 0.000000 1.000000
vt 0.000000 0.000000
vt 1.000000 0.000000
vt 1.000000 1.000000
vt 0.000000 1.000000
vt 0.000000 0.000000
vt 1.000000 0.000000
vt 1.000000 1.000000
vt 0.000000 1.000000
vt 0.000000 0.000000
vt 1.000000 0.000000
vt 1.000000 1.000000
vt 0.000000 1.000000
vt 0.000000 0.000000
vt 1.000000 0.000000
vt 1.000000 1.000000
vt 0.000000 1.000000
vt 0.000000 0.000000
vt 1.000000 0.000000
vt 1.000000 1.000000
vt 0.000000 1.000000
vt 0.000000 0.000000
vt 1.000000 0.000000
vt 1.000000 1.000000
vt 0.000000 1.000000
vt 0.000000 0.000000
vt 1.000000 0.000000
vt 1.000000 1.000000
vt 0.000000 1.000000
vt 0.000000 0.000000
vt 1.000000 0.000000
vt 1.000000 1.000000
vt 0.000000 1.000000
vt 0.000000 0.000000
vt 1.000000 0.000000
vt 1.000000 1.000000
vt 0.000000 1.000000
vt 0.000000 0.000000
vt 1.000000 0.000000
vt 1.000000 1.000000
vt 0.000000 1.000000
vt 0.000000 0.000000
vt 1.000000 0.000000
vt 1.000000 1.000000
vt 0.000000 1.000000
vt 0.000000 0.000000
vt 1.000000 0.000000
vt 1.000000 1.000000
vt 0.000000 1.000000
vt 0.000000 0.000000
vt 1.000000 0.000000
vt 1.000000 1.000000
vt 0.000000 1.000000
vt 0.000000 0.000000
vt 1.000000 0.000000
vt 1.000000 1.000000
vt 0.000000 1.000000
vt 0.000000 0.000000
vt 1.000000 0.000000
vt 1.000000 1.000000
vt 0.000000 1.000000
vt 0.000000 0.000000
vt 1.000000 0.000000
vt 1.000000 1.000000
vt 0.000000 1.000000
vt 0.000000 0.000000
vt 1.000000 0.000000
vt 1.000000 1.000000
vt 0.000000 1.000000
vt 0.000000 0.000000
vt 1.000000 0.000000
vt 1.000000 1.000000
vt 0.000000 1.000000
vt 0.000000 0.000000
vt 1.000000 0.000000
vt 1.000000 1.000000
vt 0.000000 1.000000
vt 0.000000 0.000000
vt 1.000000 0.000000
vt 1.000000 1.000000
vt 0.000000 1.000000
vt 0.000000 0.000000
vt 1.000000 0.000000
vt 1.000000 1.000000
vt 0.000000 1.000000
vt 0.000000 0.000000
vt 1.000000 0.000000
vt 1.000000 1.000000
vt 0.000000 1.000000
vt 0.000000 0.000000
vt 1.000000 0.000000
vt 1.000000 1.000000
vt 0.000000 1.000000
vt 0.000000 0.000000
vt 1.000000 0.000000
vt 1.000000 1.000000
vt 0.000000 1.000000
vt 0.000000 0.000000
vt 1.000000 0.000000
vt 1.000000 1.000000
vt 0.000000 1.000000
vt 0.000000 0.000000
vt 1.000000 0.000000
vt 1.000000 1.000000
vt 0.000000 1.000000
vt 0.000000 0.000000
vt 1.000000 0.000000
vt 1.000000 1.000000
vt 0.000000 1.000000
vt 0.000000 0.000000
vt 1.000000 0.000000
vt 1.000000 1.000000
vt 0.000000 1.000000
vt 0.000000 0.000000
vt 1.000000 0.000000
vt 1.000000 1.000000
vt 0.000000 1.000000
vt 0.000000 0.000000
vt 1.000000 0.000000
vt 1.000000 1.000000
vt 0.000000 1.000000
vt 0.000000 0.000000
vt 1.000000 0.000000
vt 1.000000 1.000000
vt 0.000000 1.000000
vt 0.000000 0.000000
vt 1.000000 0.000000
vt 1.000000 1.000000
vt 0.000000 1.000000
vt 0.000000 0.000000
vt 1.000000 0.000000
vt 1.000000 1.000000
vt 0.000000 1.000000
vt 0.000000 0.000000
vt 1.000000 0.000000
vt 1.000000 1.000000
vt 0.000000 1.000000
vt 0.000000 0.000000
vt 1.000000 0.000000
vt 1.000000 1.000000
vt 0.000000 1.000000
vt 0.000000 0.000000
vt 1.000000 0.000000
vt 1.000000 1.000000
vt 0.000000 1.000000
vt 0.000000 0.000000
vt 1.000000 0.000000
vt 1.000000 1.000000
vt 0.000000 1.000000
vt 0.000000 0.000000
vt 1.000000 0.000000
vt 1.000000 1.000000
vt 0.000000 1.000000
vt 0.000000 0.000000
vt 1.000000 0.000000
vt 1.000000 1.000000
vt 0.000000 1.000000
vt 0.000000 0.000000
vt 1.000000 0.000000
vt 1.000000 1.000000
vt 0.000000 1.000000
vt 0.000000 0.000000
vt 1.000000 0.000000
vt 1.000000 1.000000
vt 0.000000 1.000000
vt 0.000000 0.000000
vt 1.000000 0.000000
vt 1.000000 1.000000
vt 0.000000 1.000000
vt 0.000000 0.000000
vt 1.000000 0.000000
vt 1.000000 1.000000
vt 0.000000 1.000000
vt 0.000000 0.000000
vt 1.000000 0.000000
vt 1.000000 1.000000
vt 0.000000 1.000000
vt 0.000000 0.000000
vt 1.000000 0.000000
vt 1.000000 1.000000
vt 0.000000 1.000000
vt 0.000000 0.000000
vt 1.000000 0.000000
vt 1.000000 1.000000
vt 0.000000 1.000000
vt 0.000000 0.000000
vt 1.000000 0.000000
vt 1.000000 1.000000
vt 0.000000 1.000000
vt 0.000000 0.000000
vt 1.000000 0.000000
vt 1.000000 1.000000
vt 0.000000 1.000000
vt 0.000000 0.000000
vt 1.000000 0.000000
vt 1.000000 1.000000
vt 0.000000 1.000000
vt 0.000000 0.000000
vt 1.000000 0.000000
vt 1.000000 1.000000
vt 0.000000 1.000000
vt 0.000000 0.000000
vt 1.000000 0.000000
vt 1.000000 1.000000
vt 0.000000 1.000000
vt 0.000000 0.000000
vt 1.000000 0.000000
vt 1.000000 1.000000
vt 0.000000 1.000000
vt 0.000000 0.000000
vt 1.000000 0.000000
vt 1.000000 1.000000
vt 0.000000 1.000000
vt 0.000000 0.000000
vt 1.000000 0.000000
vt 1.000000 1.000000
vt 0.000000 1.000000
vt 0.000000 0.000000
vt 1.000000 0.000000
vt 1.000000 1.000000
vt 0.000000 1.000000
vt 0.000000 0.000000
vt 1.000000 0.000000
vt 1.000000 1.000000
vt 0.000000 1.000000
vt 0.000000 0.000000
vt 1.000000 0.000000
vt 1.000000 1.000000
vt 0.000000 1.000000
vt 0.000000 0.000000
vt 1.000000 0.000000
vt 1.000000 1.000000
vt 0.000000 1.000000
vt 0.000000 0.000000
vt 1.000000 0.000000
vt 1.000000 1.000000
vt 0.000000 1.000000
vt 0.000000 0.000000
vt 1.000000 0.000000
vt 1.000000 1.000000
vt 0.000000 1.000000
vt 0.000000 0.000000
vt 1.000000 0.000000
vt 1.000000 1.000000
vt 0.000000 1.000000
vt 0.000000 0.000000
vt 1.000000 0.000000
vt 1.000000 1.000000
vt 0.000000 1.000000
vt 0.000000 0.000000
vt 1.000000 0.000000
vt 1.000000 1.000000
vt 0.000000 1.000000
vt 0.000000 0.000000
vt 1.000000 0.000000
vt 1.000000 1.000000
vt 0.000000 1.000000
vt 0.000000 0.000000
vt 1.000000 0.000000
vt 1.000000 1.000000
vt 0.000000 1.000000
vt 0.000000 0.000000
vt 1.000000 0.000000
vt 1.000000 1.000000
vt 0.000000 1.000000
vt 0.000000 0.000000
vt 1.000000 0.000000
vt 1.000000 1.000000
vt 0.000000 1.000000
vt 0.000000 0.000000
vt 1.000000 0.000000
vt 1.000000 1.000000
vt 0.000000 1.000000
vt 0.000000 0.000000
vt 1.000000 0.000000
vt 1.000000 1.000000
vt 0.000000 1.000000
vt 0.000000 0.000000
vt 1.000000 0.000000
vt 1.000000 1.000000
vt 0.000000 1.000000
vt 0.000000 0.000000
vt 1.000000 0.000000
vt 1.000000 1.000000
vt 0.000000 1.000000
vt 0.000000 0.000000
vt 1.000000 0.000000
vt 1.000000 1.000000
vt 0.000000 1.000000
vt 0.000000 0.000000
vt 1.000000 0.000000
vt 1.000000 1.000000
vt 0.000000 1.000000
vt 0.000000 0.000000
vt 1.000000 0.000000
vt 1.000000 1.000000
vt 0.000000 1.000000
vt 0.000000 0.000000
vt 1.000000 0.000000
vt 1.000000 1.000000
vt 0.000000 1.000000
vt 0.000000 0.000000
vt 1.000000 0.000000
vt 1.000000 1.000000
vt 0.000000 1.000000
vt 0.000000 0.000000
vt 1.000000 0.000000
vt 1.000000 1.000000
vt 0.000000 1.000000
vt 0.000000 0.000000
vt 1.000000 0.000000
vt 1.000000 1.000000
vt 0.000000 1.000000
vt 0.000000 0.000000
vt 1.000000 0.000000
vt 1.000000 1.000000
vt 0.000000 1.000000
vt 0.000000 0.000000
vt 1.000000 0.000000
vt 1.000000 1.000000
vt 0.000000 1.000000
vt 0.000000 0.000000
vt 1.000000 0.000000
vt 1.000000 1.000000
vt 0.000000 1.000000
vt 0.000000 0.000000
vt 1.000000 0.000000
vt 1.000000 1.000000
vt 0.000000 1.000000
vt 0.000000 0.000000
vt 1.000000 0.000000
vt 1.000000 1.000000
vt 0.000000 1.000000
vt 0.000000 0.000000
vt 1.000000 0.000000
vt 1.000000 1.000000
vt 0.000000 1.000000
vt 0.000000 0.000000
vt 1.000000 0.000000
vt 1.000000 1.000000
vt 0.000000 1.000000
vt 0.000000 0.000000
vt 1.000000 0.000000
vt 1.000000 1.000000
vt 0.000000 1.000000
vt 0.000000 0.000000
vt 1.000000 0.000000
vt 1.000000 1.000000
vt 0.000000 1.000000
vt 0.000000 0.000000
vt 1.000000 0.000000
vt 1.000000 1.000000
vt 0.000000 1.000000
vt 0.000000 0.000000
vt 1.000000 0.000000
vt 1.000000 1.000000
vt 0.000000 1.000000
vt 0.000000 0.000000
vt 1.000000 0.000000
vt 1.000000 1.000000
vt 0.000000 1.000000
vt 0.000000 0.000000
vt 1.000000 0.000000
vt 1.000000 1.000000
vt 0.000000 1.000000
vt 0.000000 0.000000
vt 1.000000 0.000000
vt 1.000000 1.000000
vt 0.000000 1.000000
vt 0.000000 0.000000
vt 1.000000 0.000000
vt 1.000000 1.000000
vt 0.000000 1.000000
vt 0.000000 0.000000
vt 1.000000 0.000000
vt 1.000000 1.000000
vt 0.000000 1.000000
vt 0.000000 0.000000
vt 1.000000 0.000000
vt 1.000000 1.000000
vt 0.000000 1.000000
vt 0.000000 0.000000
vt 1.000000 0.000000
vt 1.000000 1.000000
vt 0.000000 1.000000
vt 0.000000 0.000000
vt 1.000000 0.000000
vt 1.000000 1.000000
vt 0.000000 1.000000
vt 0.000000 0.000000
vt 1.000000 0.000000
vt 1.000000 1.000000
vt 0.000000 1.000000
vt 0.000000 0.000000
vt 1.000000 0.000000
vt 1.000000 1.000000
vt 0.000000 1.000000
vt 0.000000 0.000000
vt 1.000000 0.000000
vt 1.000000 1.000000
vt 0.000000 1.000000
vt 0.000000 0.000000
vt 1.000000 0.000000
vt 1.000000 1.000000
vt 0.000000 1.000000
vt 0.000000 0.000000
vt 1.000000 0.000000
vt 1.000000 1.000000
vt 0.000000 1.000000
vt 0.000000 0.000000
vt 1.000000 0.000000
vt 1.000000 1.000000
vt 0.000000 1.000000
vt 0.000000 0.000000
vt 1.000000 0.000000
vt 1.000000 1.000000
vt 0.000000 1.000000
vt 0.000000 0.000000
vt 1.000000 0.000000
vt 1.000000 1.000000
vt 0.000000 1.000000
vt 0.000000 0.000000
vt 1.000000 0.000000
vt 1.000000 1.000000
vt 0.000000 1.000000
vt 0.000000 0.000000
vt 1.000000 0.000000
vt 1.000000 1.000000
vt 0.000000 1.000000
vt 0.000000 0.000000
vt 1.000000 0.000000
vt 1.000000 1.000000
vt 0.000000 1.000000
vt 0.000000 0.000000
vt 1.000000 0.000000
vt 1.000000 1.000000
vt 0.000000 1.000000
vt 0.000000 0.000000
vt 1.000000 0.000000
vt 1.000000 1.000000
vt 0.000000 1.000000
vt 0.000000 0.000000
vt 1.000000 0.000000
vt 1.000000 1.000000
vt 0.000000 1.000000
vt 0.000000 0.000000
vt 1.000000 0.000000
vt 1.000000 1.000000
vt 0.000000 1.000000
vt 0.000000 0.000000
vt 1.000000 0.000000
vt 1.000000 1.000000
vt 0.000000 1.000000
vt 0.000000 0.000000
vt 1.000000 0.000000
vt 1.000000 1.000000
vt 0.000000 1.000000
vt 0.000000 0.000000
vt 1.000000 0.000000
vt 1.000000 1.000000
vt 0.000000 1.000000
vt 0.000000 0.000000
vt 1.000000 0.000000
vt 1.000000 1.000000
vt 0.000000 1.000000
vt 0.000000 0.000000
vt 1.000000 0.000000
vt 1.000000 1.000000
vt 0.000000 1.000000
vt 0.000000 0.000000
vt 1.000000 0.000000
vt 1.000000 1.000000
vt 0.000000 1.000000
vt 0.000000 0.000000
vt 1.000000 0.000000
vt 1.000000 1.000000
vt 0.000000 1.000000
vt 0.000000 0.000000
vt 1.000000 0.000000
vt 1.000000 1.000000
vt 0.000000 1.000000
vt 0.000000 0.000000
vt 1.000000 0.000000
vt 1.000000 1.000000
vt 0.000000 1.000000
vt 0.000000 0.000000
vt 1.000000 0.000000
vt 1.000000 1.000000
vt 0.000000 1.000000
vt 0.000000 0.000000
vt 1.000000 0.000000
vt 1.000000 1.000000
vt 0.000000 1.000000
vt 0.000000 0.000000
vt 1.000000 0.000000
vt 1.000000 1.000000
vt 0.000000 1.000000
vt 0.000000 0.000000
vt 1.000000 0.000000
vt 1.000000 1.000000
vt 0.000000 1.000000
vt 0.000000 0.000000
vt 1.000000 0.000000
vt 1.000000 1.000000
vt 0.000000 1.000000
vt 0.000000 0.000000
vt 1.000000 0.000000
vt 1.000000 1.000000
vt 0.000000 1.000000
vt 0.000000 0.000000
vt 1.000000 0.000000
vt 1.000000 1.000000
vt 0.000000 1.000000
vt 0.000000 0.000000
vt 1.000000 0.000000
vt 1.000000 1.000000
vt 0.000000 1.000000
vt 0.000000 0.000000
vt 1.000000 0.000000
vt 1.000000 1.000000
vt 0.000000 1.000000
vt 0.000000 0.000000
vt 1.000000 0.000000
vt 1.000000 1.000000
vt 0.000000 1.000000
vt 0.500000 0.500000
vt 0.000000 0.000000
vt 1.000000 0.000000
vt 0.000000 0.000000
vt 1.000000 0.000000
vt 0.000000 0.000000
vt 1.000000 0.000000
vt 0.000000 0.000000
vt 1.000000 0.000000
vt 0.000000 0.000000
vt 1.000000 0.000000
vt 0.000000 0.000000
vt 1.000000 0.000000
vt 0.000000 0.000000
vt 1.000000 0.000000
vt 0.000000 0.000000
vt 1.000000 0.000000
vt 0.000000 0.000000
vt 1.000000 0.000000
vt 0.500000 0.500000
vt 0.000000 0.000000
vt 1.000000 0.000000
vt 0.000000 0.000000
vt 1.000000 0.000000
vt 0.000000 0.000000
vt 1.000000 0.000000
vt 0.000000 0.000000
vt 1.000000 0.000000
vt 0.000000 0.000000
vt 1.000000 0.000000
vt 0.000000 0.000000
vt 1.000000 0.000000
vt 0.000000 0.000000
vt 1.000000 0.000000
vt 0.000000 0.000000
vt 1.000000 0.000000
vt 0.000000 0.000000
vt 1.000000 0.000000
vt 0.000000 0.000000
vt 1.000000 0.000000
vt 1.000000 1.000000
vt 0.000000 1.000000
vt 0.000000 0.000000
vt 1.000000 0.000000
vt 1.000000 1.000000
vt 0.000000 1.000000
vt 0.000000 0.000000
vt 1.000000 0.000000
vt 1.000000 1.000000
vt 0.000000 1.000000
vt 0.000000 0.000000
vt 1.000000 0.000000
vt 1.000000 1.000000
vt 0.000000 1.000000
vt 0.000000 0.000000
vt 1.000000 0.000000
vt 1.000000 1.000000
vt 0.000000 1.000000
vt 0.000000 0.000000
vt 1.000000 0.000000
vt 1.000000 1.000000
vt 0.000000 1.000000
vt 0.000000 0.000000
vt 1.000000 0.000000
vt 1.000000 1.000000
vt 0.000000 1.000000
vt 0.000000 0.000000
vt 1.000000 0.000000
vt 1.000000 1.000000
vt 0.000000 1.000000
vt 0.000000 0.000000
vt 1.000000 0.000000
vt 1.000000 1.000000
vt 0.000000 1.000000
vt 0.500000 0.500000
vt 0.000000 0.000000
vt 1.000000 0.000000
vt 0.000000 0.000000
vt 1.000000 0.000000
vt 0.000000 0.000000
vt 1.000000 0.000000
vt 0.000000 0.000000
vt 1.000000 0.000000
vt 0.000000 0.000000
vt 1.000000 0.000000
vt 0.000000 0.000000
vt 1.000000 0.000000
vt 0.000000 0.000000
vt 1.000000 0.000000
vt 0.000000 0.000000
vt 1.000000 0.000000
vt 0.000000 0.000000
vt 1.000000 0.000000
vt 0.500000 0.500000
vt 0.000000 0.000000
vt 1.000000 0.000000
vt 0.000000 0.000000
vt 1.000000 0.000000
vt 0.000000 0.000000
vt 1.000000 0.000000
vt 0.000000 0.000000
vt 1.000000 0.000000
vt 0.000000 0.000000
vt 1.000000 0.000000
vt 0.000000 0.000000
vt 1.000000 0.000000
vt 0.000000 0.000000
vt 1.000000 0.000000
vt 0.000000 0.000000
vt 1.000000 0.000000
vt 0.000000 0.000000
vt 1.000000 0.000000
vt 0.000000 0.000000
vt 1.000000 0.000000
vt 1.000000 1.000000
vt 0.000000 1.000000
vt 0.000000 0.000000
vt 1.000000 0.000000
vt 1.000000 1.000000
vt 0.000000 1.000000
vt 0.000000 0.000000
vt 1.000000 0.000000
vt 1.000000 1.000000
vt 0.000000 1.000000
vt 0.000000 0.000000
vt 1.000000 0.000000
vt 1.000000 1.000000
vt 0.000000 1.000000
vt 0.000000 0.000000
vt 1.000000 0.000000
vt 1.000000 1.000000
vt 0.000000 1.000000
vt 0.000000 0.000000
vt 1.000000 0.000000
vt 1.000000 1.000000
vt 0.000000 1.000000
vt 0.000000 0.000000
vt 1.000000 0.000000
vt 1.000000 1.000000
vt 0.000000 1.000000
vt 0.000000 0.000000
vt 1.000000 0.000000
vt 1.000000 1.000000
vt 0.000000 1.000000
vt 0.000000 0.000000
vt 1.000000 0.000000
vt 1.000000 1.000000
vt 0.000000 1.000000
vt 0.500000 0.500000
vt 0.000000 0.000000
vt 1.000000 0.000000
vt 0.000000 0.000000
vt 1.000000 0.000000
vt 0.000000 0.000000
vt 1.000000 0.000000
vt 0.000000 0.000000
vt 1.000000 0.000000
vt 0.000000 0.000000
vt 1.000000 0.000000
vt 0.000000 0.000000
vt 1.000000 0.000000
vt 0.000000 0.000000
vt 1.000000 0.000000
vt 0.000000 0.000000
vt 1.000000 0.000000
vt 0.000000 0.000000
vt 1.000000 0.000000
vt 0.500000 0.500000
vt 0.000000 0.000000
vt 1.000000 0.000000
vt 0.000000 0.000000
vt 1.000000 0.000000
vt 0.000000 0.000000
vt 1.000000 0.000000
vt 0.000000 0.000000
vt 1.000000 0.000000
vt 0.000000 0.000000
vt 1.000000 0.000000
vt 0.000000 0.000000
vt 1.000000 0.000000
vt 0.000000 0.000000
vt 1.000000 0.000000
vt 0.000000 0.000000
vt 1.000000 0.000000
vt 0.000000 0.000000
vt 1.000000 0.000000
vt 0.000000 0.000000
vt 1.000000 0.000000
vt 1.000000 1.000000
vt 0.000000 1.000000
vt 0.000000 0.000000
vt 1.000000 0.000000
vt 1.000000 1.000000
vt 0.000000 1.000000
vt 0.000000 0.000000
vt 1.000000 0.000000
vt 1.000000 1.000000
vt 0.000000 1.000000
vt 0.000000 0.000000
vt 1.000000 0.000000
vt 1.000000 1.000000
vt 0.000000 1.000000
vt 0.000000 0.000000
vt 1.000000 0.000000
vt 1.000000 1.000000
vt 0.000000 1.000000
vt 0.000000 0.000000
vt 1.000000 0.000000
vt 1.000000 1.000000
vt 0.000000 1.000000
vt 0.000000 0.000000
vt 1.000000 0.000000
vt 1.000000 1.000000
vt 0.000000 1.000000
vt 0.000000 0.000000
vt 1.000000 0.000000
vt 1.000000 1.000000
vt 0.000000 1.000000
vt 0.000000 0.000000
vt 1.000000 0.000000
vt 1.000000 1.000000
vt 0.000000 1.000000
vt 0.000000 0.000000
vt 1.000000 0.000000
vt 1.000000 1.000000
vt 0.000000 1.000000
vt 0.000000 0.000000
vt 1.000000 0.000000
vt 1.000000 1.000000
vt 0.000000 1.000000
vt 0.000000 0.000000
vt 1.000000 0.000000
vt 1.000000 1.000000
vt 0.000000 1.000000
vt 0.000000 0.000000
vt 1.000000 0.000000
vt 1.000000 1.000000
vt 0.000000 1.000000
vt 0.000000 0.000000
vt 1.000000 0.000000
vt 1.000000 1.000000
vt 0.000000 1.000000
vt 0.000000 0.000000
vt 1.000000 0.000000
vt 1.000000 1.000000
vt 0.000000 1.000000
vt 0.000000 0.000000
vt 1.000000 0.000000
vt 1.000000 1.000000
vt 0.000000 1.000000
vt 0.000000 0.000000
vt 1.000000 0.000000
vt 1.000000 1.000000
vt 0.000000 1.000000
vt 0.000000 0.000000
vt 1.000000 0.000000
vt 1.000000 1.000000
vt 0.000000 1.000000
vt 0.000000 0.000000
vt 1.000000 0.000000
vt 1.000000 1.000000
vt 0.000000 1.000000
vt 0.000000 0.000000
vt 1.000000 0.000000
vt 1.000000 1.000000
vt 0.000000 1.000000
vt 0.000000 0.000000
vt 1.000000 0.000000
vt 1.000000 1.000000
vt 0.000000 1.000000
vt 0.000000 0.000000
vt 1.000000 0.000000
vt 1.000000 1.000000
vt 0.000000 1.000000
vt 0.000000 0.000000
vt 1.000000 0.000000
vt 1.000000 1.000000
vt 0.000000 1.000000
vt 0.000000 0.000000
vt 1.000000 0.000000
vt 1.000000 1.000000
vt 0.000000 1.000000
vt 0.000000 0.000000
vt 1.000000 0.000000
vt 1.000000 1.000000
vt 0.000000 1.000000
vt 0.000000 0.000000
vt 1.000000 0.000000
vt 1.000000 1.000000
vt 0.000000 1.000000
vt 0.000000 0.000000
vt 1.000000 0.000000
vt 1.000000 1.000000
vt 0.000000 1.000000
vt 0.000000 0.000000
vt 1.000000 0.000000
vt 1.000000 1.000000
vt 0.000000 1.000000
vt 0.000000 0.000000
vt 1.000000 0.000000
vt 1.000000 1.000000
vt 0.000000 1.000000
vt 0.000000 0.000000
vt 1.000000 0.000000
vt 1.000000 1.000000
vt 0.000000 1.000000
vt 0.000000 0.000000
vt 1.000000 0.000000
vt 1.000000 1.000000
vt 0.000000 1.000000
vt 0.000000 0.000000
vt 1.000000 0.000000
vt 1.000000 1.000000
vt 0.000000 1.000000
vt 0.000000 0.000000
vt 1.000000 0.000000
vt 1.000000 1.000000
vt 0.000000 1.000000
vt 0.000000 0.000000
vt 1.000000 0.000000
vt 1.000000 1.000000
vt 0.000000 1.000000
vt 0.000000 0.000000
vt 1.000000 0.000000
vt 1.000000 1.000000
vt 0.000000 1.000000
vt 0.000000 0.000000
vt 1.000000 0.000000
vt 1.000000 1.000000
vt 0.000000 1.000000
vt 0.000000 0.000000
vt 1.000000 0.000000
vt 1.000000 1.000000
vt 0.000000 1.000000
vt 0.000000 0.000000
vt 1.000000 0.000000
vt 1.000000 1.000000
vt 0.000000 1.000000
vt 0.000000 0.000000
vt 1.000000 0.000000
vt 1.000000 1.000000
vt 0.000000 1.000000
vt 0.000000 0.000000
vt 1.000000 0.000000
vt 1.000000 1.000000
vt 0.000000 1.000000
vt 0.000000 0.000000
vt 1.000000 0.000000
vt 1.000000 1.000000
vt 0.000000 1.000000
vt 0.000000 0.000000
vt 1.000000 0.000000
vt 1.000000 1.000000
vt 0.000000 1.000000
vt 0.000000 0.000000
vt 1.000000 0.000000
vt 1.000000 1.000000
vt 0.000000 1.000000
vt 0.000000 0.000000
vt 1.000000 0.000000
vt 1.000000 1.000000
vt 0.000000 1.000000
vt 0.000000 0.000000
vt 1.000000 0.000000
vt 1.000000 1.000000
vt 0.000000 1.000000
vt 0.000000 0.000000
vt 1.000000 0.000000
vt 1.000000 1.000000
vt 0.000000 1.000000
vt 0.000000 0.000000
vt 1.000000 0.000000
vt 1.000000 1.000000
vt 0.000000 1.000000
vt 0.000000 0.000000
vt 1.000000 0.000000
vt 1.000000 1.000000
vt 0.000000 1.000000
vt 0.000000 0.000000
vt 1.000000 0.000000
vt 1.000000 1.000000
vt 0.000000 1.000000
vt 0.000000 0.000000
vt 1.000000 0.000000
vt 1.000000 1.000000
vt 0.000000 1.000000
vt 0.000000 0.000000
vt 1.000000 0.000000
vt 1.000000 1.000000
vt 0.000000 1.000000
vt 0.000000 0.000000
vt 1.000000 0.000000
vt 1.000000 1.000000
vt 0.000000 1.000000
vt 0.000000 0.000000
vt 1.000000 0.000000
vt 1.000000 1.000000
vt 0.000000 1.000000
vt 0.000000 0.000000
vt 1.000000 0.000000
vt 1.000000 1.000000
vt 0.000000 1.000000
vt 0.000000 0.000000
vt 1.000000 0.000000
vt 1.000000 1.000000
vt 0.000000 1.000000
vt 0.000000 0.000000
vt 1.000000 0.000000
vt 1.000000 1.000000
vt 0.000000 1.000000
vt 0.000000 0.000000
vt 1.000000 0.000000
vt 1.000000 1.000000
vt 0.000000 1.000000
vt 0.500000 0.500000
vt 0.000000 0.000000
vt 1.000000 0.000000
vt 0.000000 0.000000
vt 1.000000 0.000000
vt 0.000000 0.000000
vt 1.000000 0.000000
vt 0.000000 0.000000
vt 1.000000 0.000000
vt 0.000000 0.000000
vt 1.000000 0.000000
vt 0.000000 0.000000
vt 1.000000 0.000000
vt 0.000000 0.000000
vt 1.000000 0.000000
vt 0.000000 0.000000
vt 1.000000 0.000000
vt 0.000000 0.000000
vt 1.000000 0.000000
vt 0.500000 0.500000
vt 0.000000 0.000000
vt 1.000000 0.000000
vt 0.000000 0.000000
vt 1.000000 0.000000
vt 0.000000 0.000000
vt 1.000000 0.000000
vt 0.000000 0.000000
vt 1.000000 0.000000
vt 0.000000 0.000000
vt 1.000000 0.000000
vt 0.000000 0.000000
vt 1.000000 0.000000
vt 0.000000 0.000000
vt 1.000000 0.000000
vt 0.000000 0.000000
vt 1.000000 0.000000
vt 0.000000 0.000000
vt 1.000000 0.000000
vt 0.000000 0.000000
vt 1.000000 0.000000
vt 1.000000 1.000000
vt 0.000000 1.000000
vt 0.000000 0.000000
vt 1.000000 0.000000
vt 1.000000 1.000000
vt 0.000000 1.000000
vt 0.000000 0.000000
vt 1.000000 0.000000
vt 1.000000 1.000000
vt 0.000000 1.000000
vt 0.000000 0.000000
vt 1.000000 0.000000
vt 1.000000 1.000000
vt 0.000000 1.000000
vt 0.000000 0.000000
vt 1.000000 0.000000
vt 1.000000 1.000000
vt 0.000000 1.000000
vt 0.000000 0.000000
vt 1.000000 0.000000
vt 1.000000 1.000000
vt 0.000000 1.000000
vt 0.000000 0.000000
vt 1.000000 0.000000
vt 1.000000 1.000000
vt 0.000000 1.000000
vt 0.000000 0.000000
vt 1.000000 0.000000
vt 1.000000 1.000000
vt 0.000000 1.000000
vt 0.000000 0.000000
vt 1.000000 0.000000
vt 1.000000 1.000000
vt 0.000000 1.000000
vt 0.500000 0.500000
vt 0.000000 0.000000
vt 1.000000 0.000000
vt 0.000000 0.000000
vt 1.000000 0.000000
vt 0.000000 0.000000
vt 1.000000 0.000000
vt 0.000000 0.000000
vt 1.000000 0.000000
vt 0.000000 0.000000
vt 1.000000 0.000000
vt 0.000000 0.000000
vt 1.000000 0.000000
vt 0.000000 0.000000
vt 1.000000 0.000000
vt 0.000000 0.000000
vt 1.000000 0.000000
vt 0.000000 0.000000
vt 1.000000 0.000000
vt 0.500000 0.500000
vt 0.000000 0.000000
vt 1.000000 0.000000
vt 0.000000 0.000000
vt 1.000000 0.000000
vt 0.000000 0.000000
vt 1.000000 0.000000
vt 0.000000 0.000000
vt 1.000000 0.000000
vt 0.000000 0.000000
vt 1.000000 0.000000
vt 0.000000 0.000000
vt 1.000000 0.000000
vt 0.000000 0.000000
vt 1.000000 0.000000
vt 0.000000 0.000000
vt 1.000000 0.000000
vt 0.000000 0.000000
vt 1.000000 0.000000
vt 0.000000 0.000000
vt 1.000000 0.000000
vt 1.000000 1.000000
vt 0.000000 1.000000
vt 0.000000 0.000000
vt 1.000000 0.000000
vt 1.000000 1.000000
vt 0.000000 1.000000
vt 0.000000 0.000000
vt 1.000000 0.000000
vt 1.000000 1.000000
vt 0.000000 1.000000
vt 0.000000 0.000000
vt 1.000000 0.000000
vt 1.000000 1.000000
vt 0.000000 1.000000
vt 0.000000 0.000000
vt 1.000000 0.000000
vt 1.000000 1.000000
vt 0.000000 1.000000
vt 0.000000 0.000000
vt 1.000000 0.000000
vt 1.000000 1.000000
vt 0.000000 1.000000
vt 0.000000 0.000000
vt 1.000000 0.000000
vt 1.000000 1.000000
vt 0.000000 1.000000
vt 0.000000 0.000000
vt 1.000000 0.000000
vt 1.000000 1.000000
vt 0.000000 1.000000
vt 0.000000 0.000000
vt 1.000000 0.000000
vt 1.000000 1.000000
vt 0.000000 1.000000
vt 0.500000 0.500000
vt 0.000000 0.000000
vt 1.000000 0.000000
vt 0.000000 0.000000
vt 1.000000 0.000000
vt 0.000000 0.000000
vt 1.000000 0.000000
vt 0.000000 0.000000
vt 1.000000 0.000000
vt 0.000000 0.000000
vt 1.000000 0.000000
vt 0.000000 0.000000
vt 1.000000 0.000000
vt 0.000000 0.000000
vt 1.000000 0.000000
vt 0.000000 0.000000
vt 1.000000 0.000000
vt 0.000000 0.000000
vt 1.000000 0.000000
vt 0.500000 0.500000
vt 0.000000 0.000000
vt 1.000000 0.000000
vt 0.000000 0.000000
vt 1.000000 0.000000
vt 0.000000 0.000000
vt 1.000000 0.000000
vt 0.000000 0.000000
vt 1.000000 0.000000
vt 0.000000 0.000000
vt 1.000000 0.000000
vt 0.000000 0.000000
vt 1.000000 0.000000
vt 0.000000 0.000000
vt 1.000000 0.000000
vt 0.000000 0.000000
vt 1.000000 0.000000
vt 0.000000 0.000000
vt 1.000000 0.000000
vt 0.000000 0.000000
vt 1.000000 0.000000
vt 1.000000 1.000000
vt 0.000000 1.000000
vt 0.000000 0.000000
vt 1.000000 0.000000
vt 1.000000 1.000000
vt 0.000000 1.000000
vt 0.000000 0.000000
vt 1.000000 0.000000
vt 1.000000 1.000000
vt 0.000000 1.000000
vt 0.000000 0.000000
vt 1.000000 0.000000
vt 1.000000 1.000000
vt 0.000000 1.000000
vt 0.000000 0.000000
vt 1.000000 0.000000
vt 1.000000 1.000000
vt 0.000000 1.000000
vt 0.000000 0.000000
vt 1.000000 0.000000
vt 1.000000 1.000000
vt 0.000000 1.000000
vt 0.000000 0.000000
vt 1.000000 0.000000
vt 1.000000 1.000000
vt 0.000000 1.000000
vt 0.000000 0.000000
vt 1.000000 0.000000
vt 1.000000 1.000000
vt 0.000000 1.000000
vt 0.000000 0.000000
vt 1.000000 0.000000
vt 1.000000 1.000000
vt 0.000000 1.000000
vt 0.000000 0.000000
vt 1.000000 0.000000
vt 1.000000 1.000000
vt 0.000000 1.000000
vt 0.000000 0.000000
vt 1.000000 0.000000
vt 1.000000 1.000000
vt 0.000000 1.000000
vt 0.000000 0.000000
vt 1.000000 0.000000
vt 1.000000 1.000000
vt 0.000000 1.000000
vt 0.000000 0.000000
vt 1.000000 0.000000
vt 1.000000 1.000000
vt 0.000000 1.000000
vt 0.000000 0.000000
vt 1.000000 0.000000
vt 1.000000 1.000000
vt 0.000000 1.000000
vt 0.000000 0.000000
vt 1.000000 0.000000
vt 1.000000 1.000000
vt 0.000000 1.000000
vt 0.000000 0.000000
vt 1.000000 0.000000
vt 1.000000 1.000000
vt 0.000000 1.000000
vt 0.000000 0.000000
vt 1.000000 0.000000
vt 1.000000 1.000000
vt 0.000000 1.000000
vt 0.000000 0.000000
vt 1.000000 0.000000
vt 1.000000 1.000000
vt 0.000000 1.000000
vt 0.000000 0.000000
vt 1.000000 0.000000
vt 1.000000 1.000000
vt 0.000000 1.000000
vt 0.000000 0.000000
vt 1.000000 0.000000
vt 1.000000 1.000000
vt 0.000000 1.000000
vt 0.000000 0.000000
vt 1.000000 0.000000
vt 1.000000 1.000000
vt 0.000000 1.000000
vt 0.000000 0.000000
vt 1.000000 0.000000
vt 1.000000 1.000000
vt 0.000000 1.000000
vt 0.000000 0.000000
vt 1.000000 0.000000
vt 1.000000 1.000000
vt 0.000000 1.000000
vt 0.000000 0.000000
vt 1.000000 0.000000
vt 1.000000 1.000000
vt 0.000000 1.000000
vt 0.000000 0.000000
vt 1.000000 0.000000
vt 1.000000 1.000000
vt 0.000000 1.000000
vt 0.000000 0.000000
vt 1.000000 0.000000
vt 1.000000 1.000000
vt 0.000000 1.000000
vt 0.000000 0.000000
vt 1.000000 0.000000
vt 1.000000 1.000000
vt 0.000000 1.000000
vt 0.000000 0.000000
vt 1.000000 0.000000
vt 1.000000 1.000000
vt 0.000000 1.000000
vt 0.000000 0.000000
vt 1.000000 0.000000
vt 1.000000 1.000000
vt 0.000000 1.000000
vt 0.000000 0.000000
vt 1.000000 0.000000
vt 1.000000 1.000000
vt 0.000000 1.000000
vt 0.000000 0.000000
vt 1.000000 0.000000
vt 1.000000 1.000000
vt 0.000000 1.000000
vt 0.000000 0.000000
vt 1.000000 0.000000
vt 1.000000 1.000000
vt 0.000000 1.000000
vt 0.000000 0.000000
vt 1.000000 0.000000
vt 1.000000 1.000000
vt 0.000000 1.000000
vt 0.000000 0.000000
vt 1.000000 0.000000
vt 1.000000 1.000000
vt 0.000000 1.000000
vt 0.000000 0.000000
vt 1.000000 0.000000
vt 1.000000 1.000000
vt 0.000000 1.000000
vt 0.000000 0.000000
vt 1.000000 0.000000
vt 1.000000 1.000000
vt 0.000000 1.000000
vt 0.000000 0.000000
vt 1.000000 0.000000
vt 1.000000 1.000000
vt 0.000000 1.000000
vt 0.000000 0.000000
vt 1.000000 0.000000
vt 1.000000 1.000000
vt 0.000000 1.000000
vt 0.000000 0.000000
vt 1.000000 0.000000
vt 1.000000 1.000000
vt 0.000000 1.000000
vt 0.000000 0.000000
vt 1.000000 0.000000
vt 1.000000 1.000000
vt 0.000000 1.000000
vt 0.000000 0.000000
vt 1.000000 0.000000
vt 1.000000 1.000000
vt 0.000000 1.000000
vt 0.000000 0.000000
vt 1.000000 0.000000
vt 1.000000 1.000000
vt 0.000000 1.000000
vt 0.000000 0.000000
vt 1.000000 0.000000
vt 1.000000 1.000000
vt 0.000000 1.000000
vt 0.000000 0.000000
vt 1.000000 0.000000
vt 1.000000 1.000000
vt 0.000000 1.000000
vt 0.000000 0.000000
vt 1.000000 0.000000
vt 1.000000 1.000000
vt 0.000000 1.000000
vt 0.000000 0.000000
vt 1.000000 0.000000
vt 1.000000 1.000000
vt 0.000000 1.000000
vt 0.000000 0.000000
vt 1.000000 0.000000
vt 1.000000 1.000000
vt 0.000000 1.000000
vt 0.000000 0.000000
vt 1.000000 0.000000
vt 1.000000 1.000000
vt 0.000000 1.000000
vt 0.000000 0.000000
vt 1.000000 0.000000
vt 1.000000 1.000000
vt 0.000000 1.000000
vt 0.000000 0.000000
vt 1.000000 0.000000
vt 1.000000 1.000000
vt 0.000000 1.000000
vt 0.000000 0.000000
vt 1.000000 0.000000
vt 1.000000 1.000000
vt 0.000000 1.000000
vt 0.000000 0.000000
vt 1.000000 0.000000
vt 1.000000 1.000000
vt 0.000000 1.000000
vt 0.000000 0.000000
vt 1.000000 0.000000
vt 1.000000 1.000000
vt 0.000000 1.000000
vt 0.000000 0.000000
vt 1.000000 0.000000
vt 1.000000 1.000000
vt 0.000000 1.000000
vt 0.000000 0.000000
vt 1.000000 0.000000
vt 1.000000 1.000000
vt 0.000000 1.000000
vt 0.000000 0.000000
vt 1.000000 0.000000
vt 1.000000 1.000000
vt 0.000000 1.000000
vt 0.000000 0.000000
vt 1.000000 0.000000
vt 1.000000 1.000000
vt 0.000000 1.000000
vt 0.500000 0.500000
vt 0.000000 0.000000
vt 1.000000 0.000000
vt 0.000000 0.000000
vt 1.000000 0.000000
vt 0.000000 0.000000
vt 1.000000 0.000000
vt 0.000000 0.000000
vt 1.000000 0.000000
vt 0.000000 0.000000
vt 1.000000 0.000000
vt 0.000000 0.000000
vt 1.000000 0.000000
vt 0.000000 0.000000
vt 1.000000 0.000000
vt 0.000000 0.000000
vt 1.000000 0.000000
vt 0.000000 0.000000
vt 1.000000 0.000000
vt 0.500000 0.500000
vt 0.000000 0.000000
vt 1.000000 0.000000
vt 0.000000 0.000000
vt 1.000000 0.000000
vt 0.000000 0.000000
vt 1.000000 0.000000
vt 0.000000 0.000000
vt 1.000000 0.000000
vt 0.000000 0.000000
vt 1.000000 0.000000
vt 0.000000 0.000000
vt 1.000000 0.000000
vt 0.000000 0.000000
vt 1.000000 0.000000
vt 0.000000 0.000000
vt 1.000000 0.000000
vt 0.000000 0.000000
vt 1.000000 0.000000
vt 0.000000 0.000000
vt 1.000000 0.000000
vt 1.000000 1.000000
vt 0.000000 1.000000
vt 0.000000 0.000000
vt 1.000000 0.000000
vt 1.000000 1.000000
vt 0.000000 1.000000
vt 0.000000 0.000000
vt 1.000000 0.000000
vt 1.000000 1.000000
vt 0.000000 1.000000
vt 0.000000 0.000000
vt 1.000000 0.000000
vt 1.000000 1.000000
vt 0.000000 1.000000
vt 0.000000 0.000000
vt 1.000000 0.000000
vt 1.000000 1.000000
vt 0.000000 1.000000
vt 0.000000 0.000000
vt 1.000000 0.000000
vt 1.000000 1.000000
vt 0.000000 1.000000
vt 0.000000 0.000000
vt 1.000000 0.000000
vt 1.000000 1.000000
vt 0.000000 1.000000
vt 0.000000 0.000000
vt 1.000000 0.000000
vt 1.000000 1.000000
vt 0.000000 1.000000
vt 0.000000 0.000000
vt 1.000000 0.000000
vt 1.000000 1.000000
vt 0.000000 1.000000
vt 0.500000 0.500000
vt 0.000000 0.000000
vt 1.000000 0.000000
vt 0.000000 0.000000
vt 1.000000 0.000000
vt 0.000000 0.000000
vt 1.000000 0.000000
vt 0.000000 0.000000
vt 1.000000 0.000000
vt 0.000000 0.000000
vt 1.000000 0.000000
vt 0.000000 0.000000
vt 1.000000 0.000000
vt 0.000000 0.000000
vt 1.000000 0.000000
vt 0.000000 0.000000
vt 1.000000 0.000000
vt 0.000000 0.000000
vt 1.000000 0.000000
vt 0.500000 0.500000
vt 0.000000 0.000000
vt 1.000000 0.000000
vt 0.000000 0.000000
vt 1.000000 0.000000
vt 0.000000 0.000000
vt 1.000000 0.000000
vt 0.000000 0.000000
vt 1.000000 0.000000
vt 0.000000 0.000000
vt 1.000000 0.000000
vt 0.000000 0.000000
vt 1.000000 0.000000
vt 0.000000 0.000000
vt 1.000000 0.000000
vt 0.000000 0.000000
vt 1.000000 0.000000
vt 0.000000 0.000000
vt 1.000000 0.000000
vt 0.000000 0.000000
vt 1.000000 0.000000
vt 1.000000 1.000000
vt 0.000000 1.000000
vt 0.000000 0.000000
vt 1.000000 0.000000
vt 1.000000 1.000000
vt 0.000000 1.000000
vt 0.000000 0.000000
vt 1.000000 0.000000
vt 1.000000 1.000000
vt 0.000000 1.000000
vt 0.000000 0.000000
vt 1.000000 0.000000
vt 1.000000 1.000000
vt 0.000000 1.000000
vt 0.000000 0.000000
vt 1.000000 0.000000
vt 1.000000 1.000000
vt 0.000000 1.000000
vt 0.000000 0.000000
vt 1.000000 0.000000
vt 1.000000 1.000000
vt 0.000000 1.000000
vt 0.000000 0.000000
vt 1.000000 0.000000
vt 1.000000 1.000000
vt 0.000000 1.000000
vt 0.000000 0.000000
vt 1.000000 0.000000
vt 1.000000 1.000000
vt 0.000000 1.000000
vt 0.000000 0.000000
vt 1.000000 0.000000
vt 1.000000 1.000000
vt 0.000000 1.000000
vt 0.500000 0.500000
vt 0.000000 0.000000
vt 1.000000 0.000000
vt 0.000000 0.000000
vt 1.000000 0.000000
vt 0.000000 0.000000
vt 1.000000 0.000000
vt 0.000000 0.000000
vt 1.000000 0.000000
vt 0.000000 0.000000
vt 1.000000 0.000000
vt 0.000000 0.000000
vt 1.000000 0.000000
vt 0.000000 0.000000
vt 1.000000 0.000000
vt 0.000000 0.000000
vt 1.000000 0.000000
vt 0.000000 0.000000
vt 1.000000 0.000000
vt 0.500000 0.500000
vt 0.000000 0.000000
vt 1.000000 0.000000
vt 0.000000 0.000000
vt 1.000000 0.000000
vt 0.000000 0.000000
vt 1.000000 0.000000
vt 0.000000 0.000000
vt 1.000000 0.000000
vt 0.000000 0.000000
vt 1.000000 0.000000
vt 0.000000 0.000000
vt 1.000000 0.000000
vt 0.000000 0.000000
vt 1.000000 0.000000
vt 0.000000 0.000000
vt 1.000000 0.000000
vt 0.000000 0.000000
vt 1.000000 0.000000
vt 0.000000 0.000000
vt 1.000000 0.000000
vt 1.000000 1.000000
vt 0.000000 1.000000
vt 0.000000 0.000000
vt 1.000000 0.000000
vt 1.000000 1.000000
vt 0.000000 1.000000
vt 0.000000 0.000000
vt 1.000000 0.000000
vt 1.000000 1.000000
vt 0.000000 1.000000
vt 0.000000 0.000000
vt 1.000000 0.000000
vt 1.000000 1.000000
vt 0.000000 1.000000
vt 0.000000 0.000000
vt 1.000000 0.000000
vt 1.000000 1.000000
vt 0.000000 1.000000
vt 0.000000 0.000000
vt 1.000000 0.000000
vt 1.000000 1.000000
vt 0.000000 1.000000
vt 0.000000 0.000000
vt 1.000000 0.000000
vt 1.000000 1.000000
vt 0.000000 1.000000
vt 0.000000 0.000000
vt 1.000000 0.000000
vt 1.000000 1.000000
vt 0.000000 1.000000
vt 0.000000 0.000000
vt 1.000000 0.000000
vt 1.000000 1.000000
vt 0.000000 1.000000
vt 0.000000 0.000000
vt 1.000000 0.000000
vt 1.000000 1.000000
vt 0.000000 1.000000
vt 0.000000 0.000000
vt 1.000000 0.000000
vt 1.000000 1.000000
vt 0.000000 1.000000
vt 0.000000 0.000000
vt 1.000000 0.000000
vt 1.000000 1.000000
vt 0.000000 1.000000
vt 0.000000 0.000000
vt 1.000000 0.000000
vt 1.000000 1.000000
vt 0.000000 1.000000
vt 0.000000 0.000000
vt 1.000000 0.000000
vt 1.000000 1.000000
vt 0.000000 1.000000
vt 0.000000 0.000000
vt 1.000000 0.000000
vt 1.000000 1.000000
vt 0.000000 1.000000
vt 0.000000 0.000000
vt 1.000000 0.000000
vt 1.000000 1.000000
vt 0.000000 1.000000
vt 0.000000 0.000000
vt 1.000000 0.000000
vt 1.000000 1.000000
vt 0.000000 1.000000
vt 0.000000 0.000000
vt 1.000000 0.000000
vt 1.000000 1.000000
vt 0.000000 1.000000
vt 0.000000 0.000000
vt 1.000000 0.000000
vt 1.000000 1.000000
vt 0.000000 1.000000
vt 0.000000 0.000000
vt 1.000000 0.000000
vt 1.000000 1.000000
vt 0.000000 1.000000
vt 0.000000 0.000000
vt 1.000000 0.000000
vt 1.000000 1.000000
vt 0.000000 1.000000
vt 0.000000 0.000000
vt 1.000000 0.000000
vt 1.000000 1.000000
vt 0.000000 1.000000
vt 0.000000 0.000000
vt 1.000000 0.000000
vt 1.000000 1.000000
vt 0.000000 1.000000
vt 0.000000 0.000000
vt 1.000000 0.000000
vt 1.000000 1.000000
vt 0.000000 1.000000
vt 0.000000 0.000000
vt 1.000000 0.000000
vt 1.000000 1.000000
vt 0.000000 1.000000
vt 0.000000 0.000000
vt 1.000000 0.000000
vt 1.000000 1.000000
vt 0.000000 1.000000
vt 0.000000 0.000000
vt 1.000000 0.000000
vt 1.000000 1.000000
vt 0.000000 1.000000
vt 0.000000 0.000000
vt 1.000000 0.000000
vt 1.000000 1.000000
vt 0.000000 1.000000
vt 0.000000 0.000000
vt 1.000000 0.000000
vt 1.000000 1.000000
vt 0.000000 1.000000
vt 0.000000 0.000000
vt 1.000000 0.000000
vt 1.000000 1.000000
vt 0.000000 1.000000
vt 0.000000 0.000000
vt 1.000000 0.000000
vt 1.000000 1.000000
vt 0.000000 1.000000
vt 0.000000 0.000000
vt 1.000000 0.000000
vt 1.000000 1.000000
vt 0.000000 1.000000
vt 0.000000 0.000000
vt 1.000000 0.000000
vt 1.000000 1.000000
vt 0.000000 1.000000
vt 0.000000 0.000000
vt 1.000000 0.000000
vt 1.000000 1.000000
vt 0.000000 1.000000
vt 0.000000 0.000000
vt 1.000000 0.000000
vt 1.000000 1.000000
vt 0.000000 1.000000
vt 0.000000 0.000000
vt 1.000000 0.000000
vt 1.000000 1.000000
vt 0.000000 1.000000
vt 0.000000 0.000000
vt 1.000000 0.000000
vt 1.000000 1.000000
vt 0.000000 1.000000
vt 0.000000 0.000000
vt 1.000000 0.000000
vt 1.000000 1.000000
vt 0.000000 1.000000
vt 0.000000 0.000000
vt 1.000000 0.000000
vt 1.000000 1.000000
vt 0.000000 1.000000
vt 0.000000 0.000000
vt 1.000000 0.000000
vt 1.000000 1.000000
vt 0.000000 1.000000
vt 0.000000 0.000000
vt 1.000000 0.000000
vt 1.000000 1.000000
vt 0.000000 1.000000
vt 0.000000 0.000000
vt 1.000000 0.000000
vt 1.000000 1.000000
vt 0.000000 1.000000
vt 0.000000 0.000000
vt 1.000000 0.000000
vt 1.000000 1.000000
vt 0.000000 1.000000
vt 0.000000 0.000000
vt 1.000000 0.000000
vt 1.000000 1.000000
vt 0.000000 1.000000
vt 0.000000 0.000000
vt 1.000000 0.000000
vt 1.000000 1.000000
vt 0.000000 1.000000
vt 0.000000 0.000000
vt 1.000000 0.000000
vt 1.000000 1.000000
vt 0.000000 1.000000
vt 0.000000 0.000000
vt 1.000000 0.000000
vt 1.000000 1.000000
vt 0.000000 1.000000
vt 0.000000 0.000000
vt 1.000000 0.000000
vt 1.000000 1.000000
vt 0.000000 1.000000
vt 0.000000 0.000000
vt 1.000000 0.000000
vt 1.000000 1.000000
vt 0.000000 1.000000
vt 0.000000 0.000000
vt 1.000000 0.000000
vt 1.000000 1.000000
vt 0.000000 1.000000
vt 0.000000 0.000000
vt 1.000000 0.000000
vt 1.000000 1.000000
vt 0.000000 1.000000
vt 0.000000 0.000000
vt 1.000000 0.000000
vt 1.000000 1.000000
vt 0.000000 1.000000
vt 0.000000 0.000000
vt 1.000000 0.000000
vt 1.000000 1.000000
vt 0.000000 1.000000
vt 0.000000 0.000000
vt 1.000000 0.000000
vt 1.000000 1.000000
vt 0.000000 1.000000
vt 0.000000 0.000000
vt 1.000000 0.000000
vt 1.000000 1.000000
vt 0.000000 1.000000
vt 0.000000 0.000000
vt 1.000000 0.000000
vt 1.000000 1.000000
vt 0.000000 1.000000
vt 0.000000 0.000000
vt 1.000000 0.000000
vt 1.000000 1.000000
vt 0.000000 1.000000
vt 0.000000 0.000000
vt 1.000000 0.000000
vt 1.000000 1.000000
vt 0.000000 1.000000
vt 0.000000 0.000000
vt 1.000000 0.000000
vt 1.000000 1.000000
vt 0.000000 1.000000
vt 0.000000 0.000000
vt 1.000000 0.000000
vt 1.000000 1.000000
vt 0.000000 1.000000
vt 0.000000 0.000000
vt 1.000000 0.000000
vt 1.000000 1.000000
vt 0.000000 1.000000
vt 0.000000 0.000000
vt 1.000000 0.000000
vt 1.000000 1.000000
vt 0.000000 1.000000
vt 0.000000 0.000000
vt 1.000000 0.000000
vt 1.000000 1.000000
vt 0.000000 1.000000
vt 0.000000 0.000000
vt 1.000000 0.000000
vt 1.000000 1.000000
vt 0.000000 1.000000
vt 0.000000 0.000000
vt 1.000000 0.000000
vt 1.000000 1.000000
vt 0.000000 1.000000
vt 0.000000 0.000000
vt 1.000000 0.000000
vt 1.000000 1.000000
vt 0.000000 1.000000
vt 0.000000 0.000000
vt 1.000000 0.000000
vt 1.000000 1.000000
vt 0.000000 1.000000
vt 0.000000 0.000000
vt 1.000000 0.000000
vt 1.000000 1.000000
vt 0.000000 1.000000
vt 0.000000 0.000000
vt 1.000000 0.000000
vt 1.000000 1.000000
vt 0.000000 1.000000
vt 0.000000 0.000000
vt 1.000000 0.000000
vt 1.000000 1.000000
vt 0.000000 1.000000
vt 0.000000 0.000000
vt 1.000000 0.000000
vt 1.000000 1.000000
vt 0.000000 1.000000
vt 0.000000 0.000000
vt 1.000000 0.000000
vt 1.000000 1.000000
vt 0.000000 1.000000
vt 0.000000 0.000000
vt 1.000000 0.000000
vt 1.000000 1.000000
vt 0.000000 1.000000
vt 0.000000 0.000000
vt 1.000000 0.000000
vt 1.000000 1.000000
vt 0.000000 1.000000
vt 0.000000 0.000000
vt 1.000000 0.000000
vt 1.000000 1.000000
vt 0.000000 1.000000
vt 0.000000 0.000000
vt 1.000000 0.000000
vt 1.000000 1.000000
vt 0.000000 1.000000
vt 0.000000 0.000000
vt 1.000000 0.000000
vt 1.000000 1.000000
vt 0.000000 1.000000
vt 0.000000 0.000000
vt 1.000000 0.000000
vt 1.000000 1.000000
vt 0.000000 1.000000
vt 0.000000 0.000000
vt 1.000000 0.000000
vt 1.000000 1.000000
vt 0.000000 1.000000
vt 0.000000 0.000000
vt 1.000000 0.000000
vt 1.000000 1.000000
vt 0.000000 1.000000
vt 0.000000 0.000000
vt 1.000000 0.000000
vt 1.000000 1.000000
vt 0.000000 1.000000
vt 0.000000 0.000000
vt 1.000000 0.000000
vt 1.000000 1.000000
vt 0.000000 1.000000
vt 0.000000 0.000000
vt 1.000000 0.000000
vt 1.000000 1.000000
vt 0.000000 1.000000
vt 0.000000 0.000000
vt 1.000000 0.000000
vt 1.000000 1.000000
vt 0.000000 1.000000
vt 0.000000 0.000000
vt 1.000000 0.000000
vt 1.000000 1.000000
vt 0.000000 1.000000
vt 0.000000 0.000000
vt 1.000000 0.000000
vt 1.000000 1.000000
vt 0.000000 1.000000
vt 0.000000 0.000000
vt 1.000000 0.000000
vt 1.000000 1.000000
vt 0.000000 1.000000
vt 0.000000 0.000000
vt 1.000000 0.000000
vt 1.000000 1.000000
vt 0.000000 1.000000
vt 0.000000 0.000000
vt 1.000000 0.000000
vt 1.000000 1.000000
vt 0.000000 1.000000
vt 0.000000 0.000000
vt 1.000000 0.000000
vt 1.000000 1.000000
vt 0.000000 1.000000
vt 0.000000 0.000000
vt 1.000000 0.000000
vt 1.000000 1.000000
vt 0.000000 1.000000
vt 0.000000 0.000000
vt 1.000000 0.000000
vt 1.000000 1.000000
vt 0.000000 1.000000
vt 0.000000 0.000000
vt 1.000000 0.000000
vt 1.000000 1.000000
vt 0.000000 1.000000
vt 0.000000 0.000000
vt 1.000000 0.000000
vt 1.000000 1.000000
vt 0.000000 1.000000
vt 0.000000 0.000000
vt 1.000000 0.000000
vt 1.000000 1.000000
vt 0.000000 1.000000
vt 0.000000 0.000000
vt 1.000000 0.000000
vt 1.000000 1.000000
vt 0.000000 1.000000
vt 0.000000 0.000000
vt 1.000000 0.000000
vt 1.000000 1.000000
vt 0.000000 1.000000
vt 0.000000 0.000000
vt 1.000000 0.000000
vt 1.000000 1.000000
vt 0.000000 1.000000
vt 0.000000 0.000000
vt 1.000000 0.000000
vt 1.000000 1.000000
vt 0.000000 1.000000
vt 0.000000 0.000000
vt 1.000000 0.000000
vt 1.000000 1.000000
vt 0.000000 1.000000
vt 0.000000 0.000000
vt 1.000000 0.000000
vt 1.000000 1.000000
vt 0.000000 1.000000
vt 0.000000 0.000000
vt 1.000000 0.000000
vt 1.000000 1.000000
vt 0.000000 1.000000
vt 0.000000 0.000000
vt 1.000000 0.000000
vt 1.000000 1.000000
vt 0.000000 1.000000
vt 0.000000 0.000000
vt 1.000000 0.000000
vt 1.000000 1.000000
vt 0.000000 1.000000
vt 0.000000 0.000000
vt 1.000000 0.000000
vt 1.000000 1.000000
vt 0.000000 1.000000
vt 0.000000 0.000000
vt 1.000000 0.000000
vt 1.000000 1.000000
vt 0.000000 1.000000
vt 0.000000 0.000000
vt 1.000000 0.000000
vt 1.000000 1.000000
vt 0.000000 1.000000
vt 0.000000 0.000000
vt 1.000000 0.000000
vt 1.000000 1.000000
vt 0.000000 1.000000
vt 0.000000 0.000000
vt 1.000000 0.000000
vt 1.000000 1.000000
vt 0.000000 1.000000
vt 0.000000 0.000000
vt 1.000000 0.000000
vt 1.000000 1.000000
vt 0.000000 1.000000
vt 0.000000 0.000000
vt 1.000000 0.000000
vt 1.000000 1.000000
vt 0.000000 1.000000
vt 0.000000 0.000000
vt 1.000000 0.000000
vt 1.000000 1.000000
vt 0.000000 1.000000
vt 0.000000 0.000000
vt 1.000000 0.000000
vt 1.000000 1.000000
vt 0.000000 1.000000
vt 0.000000 0.000000
vt 1.000000 0.000000
vt 1.000000 1.000000
vt 0.000000 1.000000
vt 0.000000 0.000000
vt 1.000000 0.000000
vt 1.000000 1.000000
vt 0.000000 1.000000
vt 0.000000 0.000000
vt 1.000000 0.000000
vt 1.000000 1.000000
vt 0.000000 1.000000
vt 0.000000 0.000000
vt 1.000000 0.000000
vt 1.000000 1.000000
vt 0.000000 1.000000
vt 0.000000 0.000000
vt 1.000000 0.000000
vt 1.000000 1.000000
vt 0.000000 1.000000
vt 0.000000 0.000000
vt 1.000000 0.000000
vt 1.000000 1.000000
vt 0.000000 1.000000
vt 0.000000 0.000000
vt 1.000000 0.000000
vt 1.000000 1.000000
vt 0.000000 1.000000
vt 0.000000 0.000000
vt 1.000000 0.000000
vt 1.000000 1.000000
vt 0.000000 1.000000
vt 0.000000 0.000000
vt 1.000000 0.000000
vt 1.000000 1.000000
vt 0.000000 1.000000
vt 0.000000 0.000000
vt 1.000000 0.000000
vt 1.000000 1.000000
vt 0.000000 1.000000
vt 0.000000 0.000000
vt 1.000000 0.000000
vt 1.000000 1.000000
vt 0.000000 1.000000
vt 0.000000 0.000000
vt 1.000000 0.000000
vt 1.000000 1.000000
vt 0.000000 1.000000
vt 0.000000 0.000000
vt 1.000000 0.000000
vt 1.000000 1.000000
vt 0.000000 1.000000
vt 0.000000 0.000000
vt 1.000000 0.000000
vt 1.000000 1.000000
vt 0.000000 1.000000
vt 0.000000 0.000000
vt 1.000000 0.000000
vt 1.000000 1.000000
vt 0.000000 1.000000
vt 0.000000 0.000000
vt 1.000000 0.000000
vt 1.000000 1.000000
vt 0.000000 1.000000
vt 0.000000 0.000000
vt 1.000000 0.000000
vt 1.000000 1.000000
vt 0.000000 1.000000
vt 0.000000 0.000000
vt 1.000000 0.000000
vt 1.000000 1.000000
vt 0.000000 1.000000
vt 0.000000 0.000000
vt 1.000000 0.000000
vt 1.000000 1.000000
vt 0.000000 1.000000
vt 0.000000 0.000000
vt 1.000000 0.000000
vt 1.000000 1.000000
vt 0.000000 1.000000
vt 0.000000 0.000000
vt 1.000000 0.000000
vt 1.000000 1.000000
vt 0.000000 1.000000
vt 0.000000 0.000000
vt 1.000000 0.000000
vt 1.000000 1.000000
vt 0.000000 1.000000
vt 0.000000 0.000000
vt 1.000000 0.000000
vt 1.000000 1.000000
vt 0.000000 1.000000
vt 0.000000 0.000000
vt 1.000000 0.000000
vt 1.000000 1.000000
vt 0.000000 1.000000
vt 0.000000 0.000000
vt 1.000000 0.000000
vt 1.000000 1.000000
vt 0.000000 1.000000
vt 0.000000 0.000000
vt 1.000000 0.000000
vt 1.000000 1.000000
vt 0.000000 1.000000
vt 0.000000 0.000000
vt 1.000000 0.000000
vt 1.000000 1.000000
vt 0.000000 1.000000
vt 0.000000 0.000000
vt 1.000000 0.000000
vt 1.000000 1.000000
vt 0.000000 1.000000
vt 0.000000 0.000000
vt 1.000000 0.000000
vt 1.000000 1.000000
vt 0.000000 1.000000
vt 0.000000 0.000000
vt 1.000000 0.000000
vt 1.000000 1.000000
vt 0.000000 1.000000
vt 0.000000 0.000000
vt 1.000000 0.000000
vt 1.000000 1.000000
vt 0.000000 1.000000
vt 0.000000 0.000000
vt 1.000000 0.000000
vt 1.000000 1.000000
vt 0.000000 1.000000
vt 0.000000 0.000000
vt 1.000000 0.000000
vt 1.000000 1.000000
vt 0.000000 1.000000
vt 0.000000 0.000000
vt 1.000000 0.000000
vt 1.000000 1.000000
vt 0.000000 1.000000
vt 0.000000 0.000000
vt 1.000000 0.000000
vt 1.000000 1.000000
vt 0.000000 1.000000
vt 0.000000 0.000000
vt 1.000000 0.000000
vt 1.000000 1.000000
vt 0.000000 1.000000
vt 0.000000 0.000000
vt 1.000000 0.000000
vt 1.000000 1.000000
vt 0.000000 1.000000
vt 0.000000 0.000000
vt 1.000000 0.000000
vt 1.000000 1.000000
vt 0.000000 1.000000
vt 0.000000 0.000000
vt 1.000000 0.000000
vt 1.000000 1.000000
vt 0.000000 1.000000
vt 0.000000 0.000000
vt 1.000000 0.000000
vt 1.000000 1.000000
vt 0.000000 1.000000
vt 0.000000 0.000000
vt 1.000000 0.000000
vt 1.000000 1.000000
vt 0.000000 1.000000
vt 0.000000 0.000000
vt 1.000000 0.000000
vt 1.000000 1.000000
vt 0.000000 1.000000
vt 0.000000 0.000000
vt 1.000000 0.000000
vt 1.000000 1.000000
vt 0.000000 1.000000
vt 0.000000 0.000000
vt 1.000000 0.000000
vt 1.000000 1.000000
vt 0.000000 1.000000
vt 0.000000 0.000000
vt 1.000000 0.000000
vt 1.000000 1.000000
vt 0.000000 1.000000
vt 0.000000 0.000000
vt 1.000000 0.000000
vt 1.000000 1.000000
vt 0.000000 1.000000
vt 0.000000 0.000000
vt 1.000000 0.000000
vt 1.000000 1.000000
vt 0.000000 1.000000
vt 0.000000 0.000000
vt 1.000000 0.000000
vt 1.000000 1.000000
vt 0.000000 1.000000
vt 0.000000 0.000000
vt 1.000000 0.000000
vt 1.000000 1.000000
vt 0.000000 1.000000
vt 0.000000 0.000000
vt 1.000000 0.000000
vt 1.000000 1.000000
vt 0.000000 1.000000
vt 0.000000 0.000000
vt 1.000000 0.000000
vt 1.000000 1.000000
vt 0.000000 1.000000
vt 0.000000 0.000000
vt 1.000000 0.000000
vt 1.000000 1.000000
vt 0.000000 1.000000
vt 0.000000 0.000000
vt 1.000000 0.000000
vt 1.000000 1.000000
vt 0.000000 1.000000
vt 0.000000 0.000000
vt 1.000000 0.000000
vt 1.000000 1.000000
vt 0.000000 1.000000
vt 0.000000 0.000000
vt 1.000000 0.000000
vt 1.000000 1.000000
vt 0.000000 1.000000
vt 0.000000 0.000000
vt 1.000000 0.000000
vt 1.000000 1.000000
vt 0.000000 1.000000
vt 0.000000 0.000000
vt 1.000000 0.000000
vt 1.000000 1.000000
vt 0.000000 1.000000
vt 0.000000 0.000000
vt 1.000000 0.000000
vt 1.000000 1.000000
vt 0.000000 1.000000
vt 0.000000 0.000000
vt 1.000000 0.000000
vt 1.000000 1.000000
vt 0.000000 1.000000
vt 0.000000 0.000000
vt 1.000000 0.000000
vt 1.000000 1.000000
vt 0.000000 1.000000
vt 0.000000 0.000000
vt 1.000000 0.000000
vt 1.000000 1.000000
vt 0.000000 1.000000
vt 0.000000 0.000000
vt 1.000000 0.000000
vt 1.000000 1.000000
vt 0.000000 1.000000
vt 0.000000 0.000000
vt 1.000000 0.000000
vt 1.000000 1.000000
vt 0.000000 1.000000
vt 0.000000 0.000000
vt 1.000000 0.000000
vt 1.000000 1.000000
vt 0.000000 1.000000
vt 0.000000 0.000000
vt 1.000000 0.000000
vt 1.000000 1.000000
vt 0.000000 1.000000
vt 0.000000 0.000000
vt 1.000000 0.000000
vt 1.000000 1.000000
vt 0.000000 1.000000
vt 0.000000 0.000000
vt 1.000000 0.000000
vt 1.000000 1.000000
vt 0.000000 1.000000
vt 0.000000 0.000000
vt 1.000000 0.000000
vt 1.000000 1.000000
vt 0.000000 1.000000
vt 0.000000 0.000000
vt 1.000000 0.000000
vt 1.000000 1.000000
vt 0.000000 1.000000
vt 0.000000 0.000000
vt 1.000000 0.000000
vt 1.000000 1.000000
vt 0.000000 1.000000
vt 0.000000 0.000000
vt 1.000000 0.000000
vt 1.000000 1.000000
vt 0.000000 1.000000
vt 0.000000 0.000000
vt 1.000000 0.000000
vt 1.000000 1.000000
vt 0.000000 1.000000
vt 0.000000 0.000000
vt 1.000000 0.000000
vt 1.000000 1.000000
vt 0.000000 1.000000
vt 0.000000 0.000000
vt 1.000000 0.000000
vt 1.000000 1.000000
vt 0.000000 1.000000
vt 0.000000 0.000000
vt 1.000000 0.000000
vt 1.000000 1.000000
vt 0.000000 1.000000
vt 0.000000 0.000000
vt 1.000000 0.000000
vt 1.000000 1.000000
vt 0.000000 1.000000
vt 0.000000 0.000000
vt 1.000000 0.000000
vt 1.000000 1.000000
vt 0.000000 1.000000
vt 0.000000 0.000000
vt 1.000000 0.000000
vt 1.000000 1.000000
vt 0.000000 1.000000
vt 0.000000 0.000000
vt 1.000000 0.000000
vt 1.000000 1.000000
vt 0.000000 1.000000
vt 0.000000 0.000000
vt 1.000000 0.000000
vt 1.000000 1.000000
vt 0.000000 1.000000
vt 0.000000 0.000000
vt 1.000000 0.000000
vt 1.000000 1.000000
vt 0.000000 1.000000
vt 0.000000 0.000000
vt 1.000000 0.000000
vt 1.000000 1.000000
vt 0.000000 1.000000
vt 0.000000 0.000000
vt 1.000000 0.000000
vt 1.000000 1.000000
vt 0.000000 1.000000
vt 0.000000 0.000000
vt 1.000000 0.000000
vt 1.000000 1.000000
vt 0.000000 1.000000
vt 0.000000 0.000000
vt 1.000000 0.000000
vt 1.000000 1.000000
vt 0.000000 1.000000
vt 0.000000 0.000000
vt 1.000000 0.000000
vt 1.000000 1.000000
vt 0.000000 1.000000
vt 0.000000 0.000000
vt 1.000000 0.000000
vt 1.000000 1.000000
vt 0.000000 1.000000
vt 0.000000 0.000000
vt 1.000000 0.000000
vt 1.000000 1.000000
vt 0.000000 1.000000
vt 0.000000 0.000000
vt 1.000000 0.000000
vt 1.000000 1.000000
vt 0.000000 1.000000
vt 0.000000 0.000000
vt 1.000000 0.000000
vt 1.000000 1.000000
vt 0.000000 1.000000
vt 0.000000 0.000000
vt 1.000000 0.000000
vt 1.000000 1.000000
vt 0.000000 1.000000
vt 0.000000 0.000000
vt 1.000000 0.000000
vt 1.000000 1.000000
vt 0.000000 1.000000
vt 0.000000 0.000000
vt 1.000000 0.000000
vt 1.000000 1.000000
vt 0.000000 1.000000
vt 0.000000 0.000000
vt 1.000000 0.000000
vt 1.000000 1.000000
vt 0.000000 1.000000
vt 0.000000 0.000000
vt 1.000000 0.000000
vt 1.000000 1.000000
vt 0.000000 1.000000
vt 0.000000 0.000000
vt 1.000000 0.000000
vt 1.000000 1.000000
vt 0.000000 1.000000
vt 0.000000 0.000000
vt 1.000000 0.000000
vt 1.000000 1.000000
vt 0.000000 1.000000
vt 0.000000 0.000000
vt 1.000000 0.000000
vt 1.000000 1.000000
vt 0.000000 1.000000
vt 0.000000 0.000000
vt 1.000000 0.000000
vt 1.000000 1.000000
vt 0.000000 1.000000
vt 0.000000 0.000000
vt 1.000000 0.000000
vt 1.000000 1.000000
vt 0.000000 1.000000
vt 0.000000 0.000000
vt 1.000000 0.000000
vt 1.000000 1.000000
vt 0.000000 1.000000
vt 0.000000 0.000000
vt 1.000000 0.000000
vt 1.000000 1.000000
vt 0.000000 1.000000
vt 0.000000 0.000000
vt 1.000000 0.000000
vt 1.000000 1.000000
vt 0.000000 1.000000
vt 0.000000 0.000000
vt 0.000000 0.000000
vt 0.000000 0.000000
vt 0.000000 0.000000
vt 0.000000 0.000000
vt 0.000000 0.000000
vt 0.000000 0.000000
vt 0.000000 0.000000
vt 0.000000 0.000000
vt 0.000000 0.000000
vt 0.000000 0.000000
vt 0.000000 0.000000
vt 0.000000 0.000000
vt 0.000000 0.000000
vt 0.000000 0.000000
vt 0.000000 0.000000
vt 0.000000 0.000000
vt 1.000000 0.000000
vt 1.000000 1.000000
vt 0.000000 1.000000
vt 0.000000 0.000000
vt 1.000000 0.000000
vt 1.000000 1.000000
vt 0.000000 1.000000
vt 0.000000 0.000000
vt 1.000000 0.000000
vt 1.000000 1.000000
vt 0.000000 1.000000
vt 0.000000 0.000000
vt 1.000000 0.000000
vt 1.000000 1.000000
vt 0.000000 1.000000
vt 0.000000 0.000000
vt 1.000000 0.000000
vt 1.000000 1.000000
vt 0.000000 1.000000
vt 0.000000 0.000000
vt 1.000000 0.000000
vt 1.000000 1.000000
vt 0.000000 1.000000
vt 0.000000 0.000000
vt 1.000000 0.000000
vt 1.000000 1.000000
vt 0.000000 1.000000
vt 0.000000 0.000000
vt 1.000000 0.000000
vt 1.000000 1.000000
vt 0.000000 1.000000
vt 0.000000 0.000000
vt 1.000000 0.000000
vt 1.000000 1.000000
vt 0.000000 1.000000
vt 0.000000 0.000000
vt 1.000000 0.000000
vt 1.000000 1.000000
vt 0.000000 1.000000
vt 0.000000 0.000000
vt 1.000000 0.000000
vt 1.000000 1.000000
vt 0.000000 1.000000
vt 0.000000 0.000000
vt 1.000000 0.000000
vt 1.000000 1.000000
vt 0.000000 1.000000
vt 0.000000 0.000000
vt 1.000000 0.000000
vt 1.000000 1.000000
vt 0.000000 1.000000
vt 0.000000 0.000000
vt 1.000000 0.000000
vt 1.000000 1.000000
vt 0.000000 1.000000
vt 0.000000 0.000000
vt 1.000000 0.000000
vt 1.000000 1.000000
vt 0.000000 1.000000
vt 0.000000 0.000000
vt 1.000000 0.000000
vt 1.000000 1.000000
vt 0.000000 1.000000
vt 0.000000 0.000000
vt 1.000000 0.000000
vt 1.000000 1.000000
vt 0.000000 1.000000
vt 0.000000 0.000000
vt 1.000000 0.000000
vt 1.000000 1.000000
vt 0.000000 1.000000
vt 0.000000 0.000000
vt 1.000000 0.000000
vt 1.000000 1.000000
vt 0.000000 1.000000
vt 0.000000 0.000000
vt 1.000000 0.000000
vt 1.000000 1.000000
vt 0.000000 1.000000
vt 0.000000 0.000000
vt 1.000000 0.000000
vt 1.000000 1.000000
vt 0.000000 1.000000
vt 0.000000 0.000000
vt 1.000000 0.000000
vt 1.000000 1.000000
vt 0.000000 1.000000
vt 0.000000 0.000000
vt 1.000000 0.000000
vt 1.000000 1.000000
vt 0.000000 1.000000
vt 0.000000 0.000000
vt 1.000000 0.000000
vt 1.000000 1.000000
vt 0.000000 1.000000
vt 0.000000 0.000000
vt 1.000000 0.000000
vt 1.000000 1.000000
vt 0.000000 1.000000
vt 0.000000 0.000000
vt 1.000000 0.000000
vt 1.000000 1.000000
vt 0.000000 1.000000
vt 0.000000 0.000000
vt 1.000000 0.000000
vt 1.000000 1.000000
vt 0.000000 1.000000
vt 0.000000 0.000000
vt 1.000000 0.000000
vt 1.000000 1.000000
vt 0.000000 1.000000
vt 0.000000 0.000000
vt 1.000000 0.000000
vt 1.000000 1.000000
vt 0.000000 1.000000
vt 0.000000 0.000000
vt 1.000000 0.000000
vt 1.000000 1.000000
vt 0.000000 1.000000
usemtl Stone
f 1/1 2/2 3/3
f 1/1 3/3 4/4
f 5/5 6/6 7/7
f 5/5 7/7 8/8
f 9/9 10/10 11/11
f 9/9 11/11 12/12
f 13/13 14/14 15/15
f 13/13 15/15 16/16
f 17/17 18/18 19/19
f 17/17 19/19 20/20
f 21/21 22/22 23/23
f 21/21 23/23 24/24
f 25/25 26/26 27/27
f 25/25 27/27 28/28
f 29/29 30/30 31/31
f 29/29 31/31 32/32
f 33/33 34/34 35/35
f 33/33 35/35 36/36
f 37/37 38/38 39/39
f 37/37 39/39 40/40
f 41/41 42/42 43/43
f 41/41 43/43 44/44
f 45/45 46/46 47/47
f 45/45 47/47 48/48
f 49/49 50/50 51/51
f 49/49 51/51 52/52
f 53/53 54/54 55/55
f 53/53 55/55 56/56
f 57/57 58/58 59/59
f 57/57 59/59 60/60
f 61/61 62/62 63/63
f 61/61 63/63 64/64
f 65/65 66/66 67/67
f 65/65 67/67 68/68
f 69/69 70/70 71/71
f 69/69 71/71 72/72
f 73/73 74/74 75/75
f 73/73 75/75 76/76
f 77/77 78/78 79/79
f 77/77 79/79 80/80
f 81/81 82/82 83/83
f 81/81 83/83 84/84
f 85/85 86/86 87/87
f 85/85 87/87 88/88
f 89/89 90/90 91/91
f 89/89 91/91 92/92
f 93/93 94/94 95/95
f 93/93 95/95 96/96
f 97/97 98/98 99/99
f 97/97 99/99 100/100
f 101/101 102/102 103/103
f 101/101 103/103 104/104
f 105/105 106/106 107/107
f 105/105 107/107 108/108
f 109/109 110/110 111/111
f 109/109 111/111 112/112
f 113/113 114/114 115/115
f 113/113 115/115 116/116
f 117/117 118/118 119/119
f 117/117 119/119 120/120
f 121/121 122/122 123/123
f 121/121 123/123 124/124
f 125/125 126/126 127/127
f 125/125 127/127 128/128
f 129/129 130/130 131/131
f 129/129 131/131 132/132
f 133/133 134/134 135/135
f 133/133 135/135 136/136
f 137/137 138/138 139/139
f 137/137 139/139 140/140
f 141/141 142/142 143/143
f 141/141 143/143 144/144
f 145/145 146/146 147/147
f 145/145 147/147 148/148
f 149/149 150/150 151/151
f 149/149 151/151 152/152
f 153/153 154/154 155/155
f 153/153 155/155 156/156
f 157/157 158/158 159/159
f 157/157 159/159 160/160
f 161/161 162/162 163/163
f 161/161 163/163 164/164
f 165/165 166/166 167/167
f 165/165 167/167 168/168
f 169/169 170/170 171/171
f 169/169 171/171 172/172
f 173/173 174/174 175/175
f 173/173 175/175 176/176
f 177/177 178/178 179/179
f 177/177 179/179 180/180
f 181/181 182/182 183/183
f 181/181 183/183 184/184
f 185/185 186/186 187/187
f 185/185 187/187 188/188
f 189/189 190/190 191/191
f 189/189 191/191 192/192
f 193/193 194/194 195/195
f 193/193 195/195 196/196
f 197/197 198/198 199/199
f 197/197 199/199 200/200
f 201/201 202/202 203/203
f 201/201 203/203 204/204
f 205/205 206/206 207/207
f 205/205 207/207 208/208
f 209/209 210/210 211/211
f 209/209 211/211 212/212
f 213/213 214/214 215/215
f 213/213 215/215 216/216
f 217/217 218/218 219/219
f 217/217 219/219 220/220
f 221/221 222/222 223/223
f 221/221 223/223 224/224
f 225/225 226/226 227/227
f 225/225 227/227 228/228
f 229/229 230/230 231/231
f 229/229 231/231 232/232
f 233/233 234/234 235/235
f 233/233 235/235 236/236
f 237/237 238/238 239/239
f 237/237 239/239 240/240
f 241/241 242/242 243/243
f 241/241 243/243 244/244
f 245/245 246/246 247/247
f 245/245 247/247 248/248
f 249/249 250/250 251/251
f 249/249 251/251 252/252
f 253/253 254/254 255/255
f 253/253 255/255 256/256
f 257/257 258/258 259/259
f 257/257 259/259 260/260
f 261/261 262/262 263/263
f 261/261 263/263 264/264
f 265/265 266/266 267/267
f 265/265 267/267 268/268
f 269/269 270/270 271/271
f 269/269 271/271 272/272
f 273/273 274/274 275/275
f 273/273 275/275 276/276
f 277/277 278/278 279/279
f 277/277 279/279 280/280
f 281/281 282/282 283/283
f 281/281 283/283 284/284
f 285/285 286/286 287/287
f 285/285 287/287 288/288
f 289/289 290/290 291/291
f 289/289 291/291 292/292
f 293/293 294/294 295/295
f 293/293 295/295 296/296
f 297/297 298/298 299/299
f 297/297 299/299 300/300
f 301/301 302/302 303/303
f 301/301 303/303 304/304
f 305/305 306/306 307/307
f 305/305 307/307 308/308
f 309/309 310/310 311/311
f 309/309 311/311 312/312
f 313/313 314/314 315/315
f 313/313 315/315 316/316
f 317/317 318/318 319/319
f 317/317 319/319 320/320
f 321/321 322/322 323/323
f 321/321 323/323 324/324
f 325/325 326/326 327/327
f 325/325 327/327 328/328
f 329/329 330/330 331/331
f 329/329 331/331 332/332
f 333/333 334/334 335/335
f 333/333 335/335 336/336
f 337/337 338/338 339/339
f 337/337 339/339 340/340
f 341/341 342/342 343/343
f 341/341 343/343 344/344
f 345/345 346/346 347/347
f 345/345 347/347 348/348
f 349/349 350/350 351/351
f 349/349 351/351 352/352
f 353/353 354/354 355/355
f 353/353 355/355 356/356
f 357/357 358/358 359/359
f 357/357 359/359 360/360
f 361/361 362/362 363/363
f 361/361 363/363 364/364
f 365/365 366/366 367/367
f 365/365 367/367 368/368
f 369/369 370/370 371/371
f 369/369 371/371 372/372
f 373/373 374/374 375/375
f 373/373 375/375 376/376
f 377/377 378/378 379/379
f 377/377 379/379 380/380
f 381/381 382/382 383/383
f 381/381 383/383 384/384
f 385/385 386/386 387/387
f 385/385 387/387 388/388
f 389/389 390/390 391/391
f 389/389 391/391 392/392
f 393/393 394/394 395/395
f 393/393 395/395 396/396
f 397/397 398/398 399/399
f 397/397 399/399 400/400
f 401/401 402/402 403/403
f 401/401 403/403 404/404
f 405/405 406/406 407/407
f 405/405 407/407 408/408
f 409/409 410/410 411/411
f 409/409 411/411 412/412
f 413/413 414/414 415/415
f 413/413 415/415 416/416
f 417/417 418/418 419/419
f 417/417 419/419 420/420
f 421/421 422/422 423/423
f 421/421 423/423 424/424
f 425/425 426/426 427/427
f 425/425 427/427 428/428
f 429/429 430/430 431/431
f 429/429 431/431 432/432
f 433/433 434/434 435/435
f 433/433 435/435 436/436
f 437/437 438/438 439/439
f 437/437 439/439 440/440
f 441/441 442/442 443/443
f 441/441 443/443 444/444
f 445/445 446/446 447/447
f 445/445 447/447 448/448
f 449/449 450/450 451/451
f 449/449 451/451 452/452
f 453/453 454/454 455/455
f 453/453 455/455 456/456
f 457/457 458/458 459/459
f 457/457 459/459 460/460
f 461/461 462/462 463/463
f 461/461 463/463 464/464
f 465/465 466/466 467/467
f 465/465 467/467 468/468
f 469/469 470/470 471/471
f 469/469 471/471 472/472
f 473/473 474/474 475/475
f 473/473 475/475 476/476
f 477/477 478/478 479/479
f 477/477 479/479 480/480
f 481/481 482/482 483/483
f 481/481 483/483 484/484
f 485/485 486/486 487/487
f 485/485 487/487 488/488
f 489/489 490/490 491/491
f 489/489 491/491 492/492
f 493/493 494/494 495/495
f 493/493 495/495 496/496
f 497/497 498/498 499/499
f 497/497 499/499 500/500
f 501/501 502/502 503/503
f 501/501 503/503 504/504
f 505/505 506/506 507/507
f 505/505 507/507 508/508
f 509/509 510/510 511/511
f 509/509 511/511 512/512
f 513/513 514/514 515/515
f 513/513 515/515 516/516
f 517/517 518/518 519/519
f 517/517 519/519 520/520
f 521/521 522/522 523/523
f 521/521 523/523 524/524
f 525/525 526/526 527/527
f 525/525 527/527 528/528
f 529/529 530/530 531/531
f 529/529 531/531 532/532
f 533/533 534/534 535/535
f 533/533 535/535 536/536
f 537/537 538/538 539/539
f 537/537 539/539 540/540
f 541/541 542/542 543/543
f 541/541 543/543 544/544
f 545/545 546/546 547/547
f 545/545 547/547 548/548
f 549/549 550/550 551/551
f 549/549 551/551 552/552
f 553/553 554/554 555/555
f 553/553 555/555 556/556
f 557/557 558/558 559/559
f 557/557 559/559 560/560
f 561/561 562/562 563/563
f 561/561 563/563 564/564
f 565/565 566/566 567/567
f 565/565 567/567 568/568
f 569/569 570/570 571/571
f 569/569 571/571 572/572
f 573/573 574/574 575/575
f 573/573 575/575 576/576
f 577/577 578/578 579/579
f 577/577 579/579 580/580
f 581/581 582/582 583/583
f 581/581 583/583 584/584
f 585/585 586/586 587/587
f 585/585 587/587 588/588
f 589/589 590/590 591/591
f 589/589 591/591 592/592
f 593/593 594/594 595/595
f 593/593 595/595 596/596
f 597/597 598/598 599/599
f 597/597 599/599 600/600
f 601/601 602/602 603/603
f 601/601 603/603 604/604
f 605/605 606/606 607/607
f 605/605 607/607 608/608
f 609/609 610/610 611/611
f 609/609 611/611 612/612
f 613/613 614/614 615/615
f 613/613 615/615 616/616
f 617/617 618/618 619/619
f 617/617 619/619 620/620
f 621/621 622/622 623/623
f 621/621 623/623 624/624
f 625/625 626/626 627/627
f 625/625 627/627 628/628
f 629/629 630/630 631/631
f 629/629 631/631 632/632
f 633/633 634/634 635/635
f 633/633 635/635 636/636
f 637/637 638/638 639/639
f 637/637 639/639 640/640
f 641/641 642/642 643/643
f 641/641 643/643 644/644
f 645/645 646/646 647/647
f 645/645 647/647 648/648
f 649/649 650/650 651/651
f 649/649 651/651 652/652
f 653/653 654/654 655/655
f 653/653 655/655 656/656
f 657/657 658/658 659/659
f 657/657 659/659 660/660
f 661/661 662/662 663/663
f 661/661 663/663 664/664
f 665/665 666/666 667/667
f 665/665 667/667 668/668
f 669/669 670/670 671/671
f 669/669 671/671 672/672
f 673/673 674/674 675/675
f 673/673 675/675 676/676
f 677/677 678/678 679/679
f 677/677 679/679 680/680
f 681/681 682/682 683/683
f 681/681 683/683 684/684
f 685/685 686/686 687/687
f 685/685 687/687 688/688
f 689/689 690/690 691/691
f 689/689 691/691 692/692
f 693/693 694/694 695/695
f 693/693 695/695 696/696
f 697/697 698/698 699/699
f 697/697 699/699 700/700
f 701/701 702/702 703/703
f 701/701 703/703 704/704
f 705/705 706/706 707/707
f 705/705 707/707 708/708
f 709/709 710/710 711/711
f 709/709 711/711 712/712
f 713/713 714/714 715/715
f 713/713 715/715 716/716
f 717/717 718/718 719/719
f 717/717 719/719 720/720
f 721/721 722/722 723/723
f 721/721 723/723 724/724
f 725/725 726/726 727/727
f 725/725 727/727 728/728
f 729/729 730/730 731/731
f 729/729 731/731 732/732
f 733/733 734/734 735/735
f 733/733 735/735 736/736
f 737/737 738/738 739/739
f 737/737 739/739 740/740
f 741/741 742/742 743/743
f 741/741 743/743 744/744
f 745/745 746/746 747/747
f 745/745 747/747 748/748
f 749/749 750/750 751/751
f 749/749 751/751 752/752
f 753/753 754/754 755/755
f 753/753 755/755 756/756
f 757/757 758/758 759/759
f 757/757 759/759 760/760
f 761/761 762/762 763/763
f 761/761 763/763 764/764
f 765/765 766/766 767/767
f 765/765 767/767 768/768
f 769/769 770/770 771/771
f 769/769 771/771 772/772
f 773/773 774/774 775/775
f 773/773 775/775 776/776
f 777/777 778/778 779/779
f 777/777 779/779 780/780
f 781/781 782/782 783/783
f 781/781 783/783 784/784
f 785/785 786/786 787/787
f 785/785 787/787 788/788
f 789/789 790/790 791/791
f 789/789 791/791 792/792
f 793/793 794/794 795/795
f 793/793 795/795 796/796
f 797/797 798/798 799/799
f 797/797 799/799 800/800
f 801/801 802/802 803/803
f 801/801 803/803 804/804
f 805/805 806/806 807/807
f 805/805 807/807 808/808
f 809/809 810/810 811/811
f 809/809 811/811 812/812
f 813/813 814/814 815/815
f 813/813 815/815 816/816
f 817/817 818/818 819/819
f 817/817 819/819 820/820
f 821/821 822/822 823/823
f 821/821 823/823 824/824
f 825/825 826/826 827/827
f 825/825 827/827 828/828
f 829/829 830/830 831/831
f 829/829 831/831 832/832
f 833/833 834/834 835/835
f 833/833 835/835 836/836
f 837/837 838/838 839/839
f 837/837 839/839 840/840
f 841/841 842/842 843/843
f 841/841 843/843 844/844
f 845/845 846/846 847/847
f 845/845 847/847 848/848
f 849/849 850/850 851/851
f 849/849 851/851 852/852
f 853/853 854/854 855/855
f 853/853 855/855 856/856
f 857/857 858/858 859/859
f 857/857 859/859 860/860
f 861/861 862/862 863/863
f 861/861 863/863 864/864
f 865/865 866/866 867/867
f 865/865 867/867 868/868
f 869/869 870/870 871/871
f 869/869 871/871 872/872
f 873/873 874/874 875/875
f 873/873 875/875 876/876
f 877/877 878/878 879/879
f 877/877 879/879 880/880
f 881/881 882/882 883/883
f 881/881 883/883 884/884
f 885/885 886/886 887/887
f 885/885 887/887 888/888
f 889/889 890/890 891/891
f 889/889 891/891 892/892
f 893/893 894/894 895/895
f 893/893 895/895 896/896
f 897/897 898/898 899/899
f 897/897 899/899 900/900
f 901/901 902/902 903/903
f 901/901 903/903 904/904
f 905/905 906/906 907/907
f 905/905 907/907 908/908
f 909/909 910/910 911/911
f 909/909 911/911 912/912
f 913/913 914/914 915/915
f 913/913 915/915 916/916
f 917/917 918/918 919/919
f 917/917 919/919 920/920
f 921/921 922/922 923/923
f 921/921 923/923 924/924
f 925/925 926/926 927/927
f 925/925 927/927 928/928
f 929/929 930/930 931/931
f 929/929 931/931 932/932
f 933/933 934/934 935/935
f 933/933 935/935 936/936
f 937/937 938/938 939/939
f 937/937 939/939 940/940
f 941/941 942/942 943/943
f 941/941 943/943 944/944
f 945/945 946/946 947/947
f 945/945 947/947 948/948
f 949/949 950/950 951/951
f 949/949 951/951 952/952
f 953/953 954/954 955/955
f 953/953 955/955 956/956
f 957/957 958/958 959/959
f 957/957 959/959 960/960
f 961/961 962/962 963/963
f 961/961 963/963 964/964
f 965/965 966/966 967/967
f 965/965 967/967 968/968
f 969/969 970/970 971/971
f 969/969 971/971 972/972
f 973/973 974/974 975/975
f 973/973 975/975 976/976
f 977/977 978/978 979/979
f 977/977 979/979 980/980
f 981/981 982/982 983/983
f 981/981 983/983 984/984
f 985/985 986/986 987/987
f 985/985 987/987 988/988
f 989/989 990/990 991/991
f 989/989 991/991 992/992
f 993/993 994/994 995/995
f 993/993 995/995 996/996
f 997/997 998/998 999/999
f 997/997 999/999 1000/1000
f 1001/1001 1002/1002 1003/1003
f 1001/1001 1003/1003 1004/1004
f 1005/1005 1006/1006 1007/1007
f 1005/1005 1007/1007 1008/1008
f 1009/1009 1010/1010 1011/1011
f 1009/1009 1011/1011 1012/1012
f 1013/1013 1014/1014 1015/1015
f 1013/1013 1015/1015 1016/1016
f 1017/1017 1018/1018 1019/1019
f 1017/1017 1019/1019 1020/1020
f 1021/1021 1022/1022 1023/1023
f 1021/1021 1023/1023 1024/1024
f 1025/1025 1026/1026 1027/1027
f 1025/1025 1027/1027 1028/1028
f 1029/1029 1030/1030 1031/1031
f 1029/1029 1031/1031 1032/1032
f 1033/1033 1034/1034 1035/1035
f 1033/1033 1035/1035 1036/1036
f 1037/1037 1038/1038 1039/1039
f 1037/1037 1039/1039 1040/1040
f 1041/1041 1042/1042 1043/1043
f 1041/1041 1043/1043 1044/1044
f 1045/1045 1046/1046 1047/1047
f 1045/1045 1047/1047 1048/1048
f 1049/1049 1050/1050 1051/1051
f 1049/1049 1051/1051 1052/1052
f 1053/1053 1054/1054 1055/1055
f 1053/1053 1055/1055 1056/1056
f 1057/1057 1058/1058 1059/1059
f 1057/1057 1059/1059 1060/1060
f 1061/1061 1062/1062 1063/1063
f 1061/1061 1063/1063 1064/1064
f 1065/1065 1066/1066 1067/1067
f 1065/1065 1067/1067 1068/1068
f 1069/1069 1070/1070 1071/1071
f 1069/1069 1071/1071 1072/1072
f 1073/1073 1074/1074 1075/1075
f 1073/1073 1075/1075 1076/1076
f 1077/1077 1078/1078 1079/1079
f 1077/1077 1079/1079 1080/1080
f 1081/1081 1082/1082 1083/1083
f 1081/1081 1083/1083 1084/1084
f 1085/1085 1086/1086 1087/1087
f 1085/1085 1087/1087 1088/1088
f 1089/1089 1090/1090 1091/1091
f 1089/1089 1091/1091 1092/1092
f 1093/1093 1094/1094 1095/1095
f 1093/1093 1095/1095 1096/1096
f 1097/1097 1098/1098 1099/1099
f 1097/1097 1099/1099 1100/1100
f 1101/1101 1102/1102 1103/1103
f 1101/1101 1103/1103 1104/1104
f 1105/1105 1106/1106 1107/1107
f 1105/1105 1107/1107 1108/1108
f 1109/1109 1110/1110 1111/1111
f 1109/1109 1111/1111 1112/1112
f 1113/1113 1114/1114 1115/1115
f 1113/1113 1115/1115 1116/1116
f 1117/1117 1118/1118 1119/1119
f 1117/1117 1119/1119 1120/1120
f 1121/1121 1122/1122 1123/1123
f 1121/1121 1123/1123 1124/1124
f 1125/1125 1126/1126 1127/1127
f 1125/1125 1127/1127 1128/1128
f 1129/1129 1130/1130 1131/1131
f 1129/1129 1131/1131 1132/1132
f 1133/1133 1134/1134 1135/1135
f 1133/1133 1135/1135 1136/1136
f 1137/1137 1138/1138 1139/1139
f 1137/1137 1139/1139 1140/1140
f 1141/1141 1142/1142 1143/1143
f 1141/1141 1143/1143 1144/1144
f 1145/1145 1146/1146 1147/1147
f 1145/1145 1147/1147 1148/1148
f 1149/1149 1150/1150 1151/1151
f 1149/1149 1151/1151 1152/1152
f 1153/1153 1154/1154 1155/1155
f 1153/1153 1155/1155 1156/1156
f 1157/1157 1158/1158 1159/1159
f 1157/1157 1159/1159 1160/1160
f 1161/1161 1162/1162 1163/1163
f 1161/1161 1163/1163 1164/1164
f 1165/1165 1166/1166 1167/1167
f 1165/1165 1167/1167 1168/1168
f 1169/1169 1170/1170 1171/1171
f 1169/1169 1171/1171 1172/1172
f 1173/1173 1174/1174 1175/1175
f 1173/1173 1175/1175 1176/1176
f 1177/1177 1178/1178 1179/1179
f 1177/1177 1179/1179 1180/1180
f 1181/1181 1182/1182 1183/1183
f 1181/1181 1183/1183 1184/1184
f 1185/1185 1186/1186 1187/1187
f 1185/1185 1187/1187 1188/1188
f 1189/1189 1190/1190 1191/1191
f 1189/1189 1191/1191 1192/1192
f 1193/1193 1194/1194 1195/1195
f 1193/1193 1195/1195 1196/1196
f 1197/1197 1198/1198 1199/1199
f 1197/1197 1199/1199 1200/1200
f 1201/1201 1202/1202 1203/1203
f 1201/1201 1203/1203 1204/1204
f 1205/1205 1206/1206 1207/1207
f 1205/1205 1207/1207 1208/1208
f 1209/1209 1210/1210 1211/1211
f 1209/1209 1211/1211 1212/1212
f 1213/1213 1214/1214 1215/1215
f 1213/1213 1215/1215 1216/1216
f 1217/1217 1218/1218 1219/1219
f 1217/1217 1219/1219 1220/1220
f 1221/1221 1222/1222 1223/1223
f 1221/1221 1223/1223 1224/1224
f 1225/1225 1226/1226 1227/1227
f 1225/1225 1227/1227 1228/1228
f 1229/1229 1230/1230 1231/1231
f 1229/1229 1231/1231 1232/1232
f 1233/1233 1234/1234 1235/1235
f 1233/1233 1235/1235 1236/1236
f 1237/1237 1238/1238 1239/1239
f 1237/1237 1239/1239 1240/1240
f 1241/1241 1242/1242 1243/1243
f 1241/1241 1243/1243 1244/1244
f 1245/1245 1246/1246 1247/1247
f 1245/1245 1247/1247 1248/1248
f 1249/1249 1250/1250 1251/1251
f 1249/1249 1251/1251 1252/1252
f 1253/1253 1254/1254 1255/1255
f 1253/1253 1255/1255 1256/1256
f 1257/1257 1258/1258 1259/1259
f 1257/1257 1259/1259 1260/1260
f 1261/1261 1262/1262 1263/1263
f 1261/1261 1263/1263 1264/1264
f 1265/1265 1266/1266 1267/1267
f 1265/1265 1267/1267 1268/1268
f 1269/1269 1270/1270 1271/1271
f 1269/1269 1271/1271 1272/1272
f 1273/1273 1274/1274 1275/1275
f 1273/1273 1275/1275 1276/1276
f 1277/1277 1278/1278 1279/1279
f 1277/1277 1279/1279 1280/1280
f 1281/1281 1282/1282 1283/1283
f 1281/1281 1283/1283 1284/1284
f 1285/1285 1286/1286 1287/1287
f 1285/1285 1287/1287 1288/1288
f 1289/1289 1290/1290 1291/1291
f 1289/1289 1291/1291 1292/1292
f 1293/1293 1294/1294 1295/1295
f 1293/1293 1295/1295 1296/1296
f 1297/1297 1298/1298 1299/1299
f 1297/1297 1299/1299 1300/1300
f 1301/1301 1302/1302 1303/1303
f 1301/1301 1303/1303 1304/1304
f 1305/1305 1306/1306 1307/1307
f 1305/1305 1307/1307 1308/1308
f 1309/1309 1310/1310 1311/1311
f 1309/1309 1311/1311 1312/1312
f 1313/1313 1314/1314 1315/1315
f 1313/1313 1315/1315 1316/1316
f 1317/1317 1318/1318 1319/1319
f 1317/1317 1319/1319 1320/1320
f 1321/1321 1322/1322 1323/1323
f 1321/1321 1323/1323 1324/1324
f 1325/1325 1326/1326 1327/1327
f 1325/1325 1327/1327 1328/1328
f 1329/1329 1330/1330 1331/1331
f 1329/1329 1331/1331 1332/1332
f 1333/1333 1334/1334 1335/1335
f 1333/1333 1335/1335 1336/1336
f 1337/1337 1338/1338 1339/1339
f 1337/1337 1339/1339 1340/1340
f 1341/1341 1342/1342 1343/1343
f 1341/1341 1343/1343 1344/1344
f 1345/1345 1346/1346 1347/1347
f 1345/1345 1347/1347 1348/1348
f 1349/1349 1350/1350 1351/1351
f 1349/1349 1351/1351 1352/1352
f 1353/1353 1354/1354 1355/1355
f 1353/1353 1355/1355 1356/1356
f 1357/1357 1358/1358 1359/1359
f 1357/1357 1359/1359 1360/1360
f 1361/1361 1362/1362 1363/1363
f 1361/1361 1363/1363 1364/1364
f 1365/1365 1366/1366 1367/1367
f 1365/1365 1367/1367 1368/1368
f 1369/1369 1370/1370 1371/1371
f 1369/1369 1371/1371 1372/1372
f 1373/1373 1374/1374 1375/1375
f 1373/1373 1375/1375 1376/1376
f 1377/1377 1378/1378 1379/1379
f 1377/1377 1379/1379 1380/1380
f 1381/1381 1382/1382 1383/1383
f 1381/1381 1383/1383 1384/1384
f 1385/1385 1386/1386 1387/1387
f 1385/1385 1387/1387 1388/1388
f 1389/1389 1390/1390 1391/1391
f 1389/1389 1391/1391 1392/1392
f 1393/1393 1394/1394 1395/1395
f 1393/1393 1395/1395 1396/1396
f 1397/1397 1398/1398 1399/1399
f 1397/1397 1399/1399 1400/1400
f 1401/1401 1402/1402 1403/1403
f 1401/1401 1403/1403 1404/1404
f 1405/1405 1406/1406 1407/1407
f 1405/1405 1407/1407 1408/1408
f 1409/1409 1410/1410 1411/1411
f 1409/1409 1411/1411 1412/1412
f 1413/1413 1414/1414 1415/1415
f 1413/1413 1415/1415 1416/1416
f 1417/1417 1418/1418 1419/1419
f 1417/1417 1419/1419 1420/1420
f 1421/1421 1422/1422 1423/1423
f 1421/1421 1423/1423 1424/1424
f 1425/1425 1426/1426 1427/1427
f 1425/1425 1427/1427 1428/1428
f 1429/1429 1430/1430 1431/1431
f 1429/1429 1431/1431 1432/1432
f 1433/1433 1434/1434 1435/1435
f 1433/1433 1435/1435 1436/1436
f 1437/1437 1438/1438 1439/1439
f 1437/1437 1439/1439 1440/1440
f 1441/1441 1442/1442 1443/1443
f 1441/1441 1443/1443 1444/1444
f 1445/1445 1446/1446 1447/1447
f 1445/1445 1447/1447 1448/1448
f 1449/1449 1450/1450 1451/1451
f 1449/1449 1451/1451 1452/1452
f 1453/1453 1454/1454 1455/1455
f 1453/1453 1455/1455 1456/1456
f 1457/1457 1458/1458 1459/1459
f 1457/1457 1459/1459 1460/1460
f 1461/1461 1462/1462 1463/1463
f 1461/1461 1463/1463 1464/1464
f 1465/1465 1466/1466 1467/1467
f 1465/1465 1467/1467 1468/1468
f 1469/1469 1470/1470 1471/1471
f 1469/1469 1471/1471 1472/1472
f 1473/1473 1474/1474 1475/1475
f 1473/1473 1475/1475 1476/1476
f 1477/1477 1478/1478 1479/1479
f 1477/1477 1479/1479 1480/1480
f 1481/1481 1482/1482 1483/1483
f 1481/1481 1483/1483 1484/1484
f 1485/1485 1486/1486 1487/1487
f 1485/1485 1487/1487 1488/1488
f 1489/1489 1490/1490 1491/1491
f 1489/1489 1491/1491 1492/1492
f 1493/1493 1494/1494 1495/1495
f 1493/1493 1495/1495 1496/1496
f 1497/1497 1498/1498 1499/1499
f 1497/1497 1499/1499 1500/1500
f 1501/1501 1502/1502 1503/1503
f 1501/1501 1503/1503 1504/1504
f 1505/1505 1506/1506 1507/1507
f 1505/1505 1507/1507 1508/1508
f 1509/1509 1510/1510 1511/1511
f 1509/1509 1511/1511 1512/1512
f 1513/1513 1514/1514 1515/1515
f 1513/1513 1515/1515 1516/1516
f 1517/1517 1518/1518 1519/1519
f 1517/1517 1519/1519 1520/1520
f 1521/1521 1522/1522 1523/1523
f 1521/1521 1523/1523 1524/1524
f 1525/1525 1526/1526 1527/1527
f 1525/1525 1527/1527 1528/1528
f 1529/1529 1530/1530 1531/1531
f 1529/1529 1531/1531 1532/1532
f 1533/1533 1534/1534 1535/1535
f 1533/1533 1535/1535 1536/1536
f 1537/1537 1538/1538 1539/1539
f 1537/1537 1539/1539 1540/1540
f 1541/1541 1542/1542 1543/1543
f 1541/1541 1543/1543 1544/1544
f 1545/1545 1546/1546 1547/1547
f 1545/1545 1547/1547 1548/1548
f 1549/1549 1550/1550 1551/1551
f 1549/1549 1551/1551 1552/1552
f 1553/1553 1554/1554 1555/1555
f 1553/1553 1555/1555 1556/1556
f 1557/1557 1558/1558 1559/1559
f 1557/1557 1559/1559 1560/1560
f 1561/1561 1562/1562 1563/1563
f 1561/1561 1563/1563 1564/1564
f 1565/1565 1566/1566 1567/1567
f 1565/1565 1567/1567 1568/1568
f 1569/1569 1570/1570 1571/1571
f 1569/1569 1571/1571 1572/1572
f 1573/1573 1574/1574 1575/1575
f 1573/1573 1575/1575 1576/1576
f 1577/1577 1578/1578 1579/1579
f 1577/1577 1579/1579 1580/1580
f 1581/1581 1582/1582 1583/1583
f 1581/1581 1583/1583 1584/1584
f 1585/1585 1586/1586 1587/1587
f 1585/1585 1587/1587 1588/1588
f 1589/1589 1590/1590 1591/1591
f 1589/1589 1591/1591 1592/1592
f 1593/1593 1594/1594 1595/1595
f 1593/1593 1595/1595 1596/1596
f 1597/1597 1598/1598 1599/1599
f 1597/1597 1599/1599 1600/1600
f 1601/1601 1602/1602 1603/1603
f 1601/1601 1603/1603 1604/1604
f 1605/1605 1606/1606 1607/1607
f 1605/1605 1607/1607 1608/1608
f 1609/1609 1610/1610 1611/1611
f 1609/1609 1611/1611 1612/1612
f 1613/1613 1614/1614 1615/1615
f 1613/1613 1615/1615 1616/1616
f 1617/1617 1618/1618 1619/1619
f 1617/1617 1619/1619 1620/1620
f 1621/1621 1622/1622 1623/1623
f 1621/1621 1623/1623 1624/1624
f 1625/1625 1626/1626 1627/1627
f 1625/1625 1627/1627 1628/1628
f 1629/1629 1630/1630 1631/1631
f 1629/1629 1631/1631 1632/1632
f 1633/1633 1634/1634 1635/1635
f 1633/1633 1635/1635 1636/1636
f 1637/1637 1638/1638 1639/1639
f 1637/1637 1639/1639 1640/1640
f 1641/1641 1642/1642 1643/1643
f 1641/1641 1643/1643 1644/1644
f 1645/1645 1646/1646 1647/1647
f 1645/1645 1647/1647 1648/1648
f 1649/1649 1650/1650 1651/1651
f 1649/1649 1651/1651 1652/1652
f 1653/1653 1654/1654 1655/1655
f 1653/1653 1655/1655 1656/1656
f 1657/1657 1658/1658 1659/1659
f 1657/1657 1659/1659 1660/1660
f 1661/1661 1662/1662 1663/1663
f 1661/1661 1663/1663 1664/1664
f 1665/1665 1666/1666 1667/1667
f 1665/1665 1667/1667 1668/1668
f 1669/1669 1670/1670 1671/1671
f 1669/1669 1671/1671 1672/1672
f 1673/1673 1674/1674 1675/1675
f 1673/1673 1675/1675 1676/1676
f 1677/1677 1678/1678 1679/1679
f 1677/1677 1679/1679 1680/1680
f 1681/1681 1682/1682 1683/1683
f 1681/1681 1683/1683 1684/1684
f 1685/1685 1686/1686 1687/1687
f 1685/1685 1687/1687 1688/1688
f 1689/1689 1690/1690 1691/1691
f 1689/1689 1691/1691 1692/1692
f 1693/1693 1694/1694 1695/1695
f 1693/1693 1695/1695 1696/1696
f 1697/1697 1698/1698 1699/1699
f 1697/1697 1699/1699 1700/1700
f 1701/1701 1702/1702 1703/1703
f 1701/1701 1703/1703 1704/1704
f 1705/1705 1706/1706 1707/1707
f 1705/1705 1707/1707 1708/1708
f 1709/1709 1710/1710 1711/1711
f 1709/1709 1711/1711 1712/1712
f 1713/1713 1714/1714 1715/1715
f 1713/1713 1715/1715 1716/1716
f 1717/1717 1718/1718 1719/1719
f 1717/1717 1719/1719 1720/1720
f 1721/1721 1722/1722 1723/1723
f 1721/1721 1723/1723 1724/1724
f 1725/1725 1726/1726 1727/1727
f 1725/1725 1727/1727 1728/1728
f 1729/1729 1730/1730 1731/1731
f 1729/1729 1731/1731 1732/1732
f 1733/1733 1734/1734 1735/1735
f 1733/1733 1735/1735 1736/1736
f 1737/1737 1738/1738 1739/1739
f 1737/1737 1739/1739 1740/1740
f 1741/1741 1742/1742 1743/1743
f 1741/1741 1743/1743 1744/1744
f 1745/1745 1746/1746 1747/1747
f 1745/1745 1747/1747 1748/1748
f 1749/1749 1750/1750 1751/1751
f 1749/1749 1751/1751 1752/1752
f 1753/1753 1754/1754 1755/1755
f 1753/1753 1755/1755 1756/1756
f 1757/1757 1758/1758 1759/1759
f 1757/1757 1759/1759 1760/1760
f 1761/1761 1762/1762 1763/1763
f 1761/1761 1763/1763 1764/1764
f 1765/1765 1766/1766 1767/1767
f 1765/1765 1767/1767 1768/1768
f 1769/1769 1770/1770 1771/1771
f 1769/1769 1771/1771 1772/1772
f 1773/1773 1774/1774 1775/1775
f 1773/1773 1775/1775 1776/1776
f 1777/1777 1778/1778 1779/1779
f 1777/1777 1779/1779 1780/1780
f 1781/1781 1782/1782 1783/1783
f 1781/1781 1783/1783 1784/1784
f 1785/1785 1786/1786 1787/1787
f 1785/1785 1787/1787 1788/1788
f 1789/1789 1790/1790 1791/1791
f 1789/1789 1791/1791 1792/1792
f 1793/1793 1794/1794 1795/1795
f 1793/1793 1795/1795 1796/1796
f 1797/1797 1798/1798 1799/1799
f 1797/1797 1799/1799 1800/1800
f 1801/1801 1802/1802 1803/1803
f 1801/1801 1803/1803 1804/1804
f 1805/1805 1806/1806 1807/1807
f 1805/1805 1807/1807 1808/1808
f 1809/1809 1810/1810 1811/1811
f 1809/1809 1811/1811 1812/1812
f 1813/1813 1814/1814 1815/1815
f 1813/1813 1815/1815 1816/1816
f 1817/1817 1818/1818 1819/1819
f 1817/1817 1819/1819 1820/1820
f 1821/1821 1822/1822 1823/1823
f 1821/1821 1823/1823 1824/1824
f 1825/1825 1826/1826 1827/1827
f 1825/1825 1827/1827 1828/1828
f 1829/1829 1830/1830 1831/1831
f 1829/1829 1831/1831 1832/1832
f 1833/1833 1834/1834 1835/1835
f 1833/1833 1835/1835 1836/1836
f 1837/1837 1838/1838 1839/1839
f 1837/1837 1839/1839 1840/1840
f 1841/1841 1842/1842 1843/1843
f 1841/1841 1843/1843 1844/1844
f 1845/1845 1846/1846 1847/1847
f 1845/1845 1847/1847 1848/1848
f 1849/1849 1850/1850 1851/1851
f 1849/1849 1851/1851 1852/1852
f 1853/1853 1854/1854 1855/1855
f 1853/1853 1855/1855 1856/1856
f 1857/1857 1858/1858 1859/1859
f 1857/1857 1859/1859 1860/1860
f 1861/1861 1862/1862 1863/1863
f 1861/1861 1863/1863 1864/1864
f 1865/1865 1866/1866 1867/1867
f 1865/1865 1867/1867 1868/1868
f 1869/1869 1870/1870 1871/1871
f 1869/1869 1871/1871 1872/1872
usemtl Char
f 1873/1873 1874/1874 1875/1875
f 1873/1873 1875/1875 1876/1876
f 1877/1877 1878/1878 1879/1879
f 1877/1877 1879/1879 1880/1880
f 1881/1881 1882/1882 1883/1883
f 1881/1881 1883/1883 1884/1884
f 1885/1885 1886/1886 1887/1887
f 1885/1885 1887/1887 1888/1888
f 1889/1889 1890/1890 1891/1891
f 1889/1889 1891/1891 1892/1892
f 1893/1893 1894/1894 1895/1895
f 1893/1893 1895/1895 1896/1896
f 1897/1897 1898/1898 1899/1899
f 1897/1897 1899/1899 1900/1900
f 1901/1901 1902/1902 1903/1903
f 1901/1901 1903/1903 1904/1904
f 1905/1905 1906/1906 1907/1907
f 1905/1905 1907/1907 1908/1908
f 1909/1909 1911/1911 1910/1910
f 1909/1909 1913/1913 1912/1912
f 1909/1909 1915/1915 1914/1914
f 1909/1909 1917/1917 1916/1916
f 1909/1909 1919/1919 1918/1918
f 1909/1909 1921/1921 1920/1920
f 1909/1909 1923/1923 1922/1922
f 1909/1909 1925/1925 1924/1924
f 1909/1909 1927/1927 1926/1926
f 1928/1928 1929/1929 1930/1930
f 1928/1928 1931/1931 1932/1932
f 1928/1928 1933/1933 1934/1934
f 1928/1928 1935/1935 1936/1936
f 1928/1928 1937/1937 1938/1938
f 1928/1928 1939/1939 1940/1940
f 1928/1928 1941/1941 1942/1942
f 1928/1928 1943/1943 1944/1944
f 1928/1928 1945/1945 1946/1946
f 1947/1947 1948/1948 1949/1949
f 1947/1947 1949/1949 1950/1950
f 1951/1951 1952/1952 1953/1953
f 1951/1951 1953/1953 1954/1954
f 1955/1955 1956/1956 1957/1957
f 1955/1955 1957/1957 1958/1958
f 1959/1959 1960/1960 1961/1961
f 1959/1959 1961/1961 1962/1962
f 1963/1963 1964/1964 1965/1965
f 1963/1963 1965/1965 1966/1966
f 1967/1967 1968/1968 1969/1969
f 1967/1967 1969/1969 1970/1970
f 1971/1971 1972/1972 1973/1973
f 1971/1971 1973/1973 1974/1974
f 1975/1975 1976/1976 1977/1977
f 1975/1975 1977/1977 1978/1978
f 1979/1979 1980/1980 1981/1981
f 1979/1979 1981/1981 1982/1982
f 1983/1983 1985/1985 1984/1984
f 1983/1983 1987/1987 1986/1986
f 1983/1983 1989/1989 1988/1988
f 1983/1983 1991/1991 1990/1990
f 1983/1983 1993/1993 1992/1992
f 1983/1983 1995/1995 1994/1994
f 1983/1983 1997/1997 1996/1996
f 1983/1983 1999/1999 1998/1998
f 1983/1983 2001/2001 2000/2000
f 2002/2002 2003/2003 2004/2004
f 2002/2002 2005/2005 2006/2006
f 2002/2002 2007/2007 2008/2008
f 2002/2002 2009/2009 2010/2010
f 2002/2002 2011/2011 2012/2012
f 2002/2002 2013/2013 2014/2014
f 2002/2002 2015/2015 2016/2016
f 2002/2002 2017/2017 2018/2018
f 2002/2002 2019/2019 2020/2020
f 2021/2021 2022/2022 2023/2023
f 2021/2021 2023/2023 2024/2024
f 2025/2025 2026/2026 2027/2027
f 2025/2025 2027/2027 2028/2028
f 2029/2029 2030/2030 2031/2031
f 2029/2029 2031/2031 2032/2032
f 2033/2033 2034/2034 2035/2035
f 2033/2033 2035/2035 2036/2036
f 2037/2037 2038/2038 2039/2039
f 2037/2037 2039/2039 2040/2040
f 2041/2041 2042/2042 2043/2043
f 2041/2041 2043/2043 2044/2044
f 2045/2045 2046/2046 2047/2047
f 2045/2045 2047/2047 2048/2048
f 2049/2049 2050/2050 2051/2051
f 2049/2049 2051/2051 2052/2052
f 2053/2053 2054/2054 2055/2055
f 2053/2053 2055/2055 2056/2056
f 2057/2057 2059/2059 2058/2058
f 2057/2057 2061/2061 2060/2060
f 2057/2057 2063/2063 2062/2062
f 2057/2057 2065/2065 2064/2064
f 2057/2057 2067/2067 2066/2066
f 2057/2057 2069/2069 2068/2068
f 2057/2057 2071/2071 2070/2070
f 2057/2057 2073/2073 2072/2072
f 2057/2057 2075/2075 2074/2074
f 2076/2076 2077/2077 2078/2078
f 2076/2076 2079/2079 2080/2080
f 2076/2076 2081/2081 2082/2082
f 2076/2076 2083/2083 2084/2084
f 2076/2076 2085/2085 2086/2086
f 2076/2076 2087/2087 2088/2088
f 2076/2076 2089/2089 2090/2090
f 2076/2076 2091/2091 2092/2092
f 2076/2076 2093/2093 2094/2094
usemtl Wood
f 2095/2095 2096/2096 2097/2097
f 2095/2095 2097/2097 2098/2098
f 2099/2099 2100/2100 2101/2101
f 2099/2099 2101/2101 2102/2102
f 2103/2103 2104/2104 2105/2105
f 2103/2103 2105/2105 2106/2106
f 2107/2107 2108/2108 2109/2109
f 2107/2107 2109/2109 2110/2110
f 2111/2111 2112/2112 2113/2113
f 2111/2111 2113/2113 2114/2114
f 2115/2115 2116/2116 2117/2117
f 2115/2115 2117/2117 2118/2118
f 2119/2119 2120/2120 2121/2121
f 2119/2119 2121/2121 2122/2122
f 2123/2123 2124/2124 2125/2125
f 2123/2123 2125/2125 2126/2126
f 2127/2127 2128/2128 2129/2129
f 2127/2127 2129/2129 2130/2130
f 2131/2131 2132/2132 2133/2133
f 2131/2131 2133/2133 2134/2134
f 2135/2135 2136/2136 2137/2137
f 2135/2135 2137/2137 2138/2138
f 2139/2139 2140/2140 2141/2141
f 2139/2139 2141/2141 2142/2142
f 2143/2143 2144/2144 2145/2145
f 2143/2143 2145/2145 2146/2146
f 2147/2147 2148/2148 2149/2149
f 2147/2147 2149/2149 2150/2150
f 2151/2151 2152/2152 2153/2153
f 2151/2151 2153/2153 2154/2154
f 2155/2155 2156/2156 2157/2157
f 2155/2155 2157/2157 2158/2158
f 2159/2159 2160/2160 2161/2161
f 2159/2159 2161/2161 2162/2162
f 2163/2163 2164/2164 2165/2165
f 2163/2163 2165/2165 2166/2166
f 2167/2167 2168/2168 2169/2169
f 2167/2167 2169/2169 2170/2170
f 2171/2171 2172/2172 2173/2173
f 2171/2171 2173/2173 2174/2174
f 2175/2175 2176/2176 2177/2177
f 2175/2175 2177/2177 2178/2178
f 2179/2179 2180/2180 2181/2181
f 2179/2179 2181/2181 2182/2182
f 2183/2183 2184/2184 2185/2185
f 2183/2183 2185/2185 2186/2186
f 2187/2187 2188/2188 2189/2189
f 2187/2187 2189/2189 2190/2190
f 2191/2191 2192/2192 2193/2193
f 2191/2191 2193/2193 2194/2194
f 2195/2195 2196/2196 2197/2197
f 2195/2195 2197/2197 2198/2198
f 2199/2199 2200/2200 2201/2201
f 2199/2199 2201/2201 2202/2202
f 2203/2203 2204/2204 2205/2205
f 2203/2203 2205/2205 2206/2206
f 2207/2207 2208/2208 2209/2209
f 2207/2207 2209/2209 2210/2210
f 2211/2211 2212/2212 2213/2213
f 2211/2211 2213/2213 2214/2214
f 2215/2215 2216/2216 2217/2217
f 2215/2215 2217/2217 2218/2218
f 2219/2219 2220/2220 2221/2221
f 2219/2219 2221/2221 2222/2222
f 2223/2223 2224/2224 2225/2225
f 2223/2223 2225/2225 2226/2226
f 2227/2227 2228/2228 2229/2229
f 2227/2227 2229/2229 2230/2230
f 2231/2231 2232/2232 2233/2233
f 2231/2231 2233/2233 2234/2234
f 2235/2235 2236/2236 2237/2237
f 2235/2235 2237/2237 2238/2238
f 2239/2239 2240/2240 2241/2241
f 2239/2239 2241/2241 2242/2242
f 2243/2243 2244/2244 2245/2245
f 2243/2243 2245/2245 2246/2246
f 2247/2247 2248/2248 2249/2249
f 2247/2247 2249/2249 2250/2250
f 2251/2251 2252/2252 2253/2253
f 2251/2251 2253/2253 2254/2254
f 2255/2255 2256/2256 2257/2257
f 2255/2255 2257/2257 2258/2258
f 2259/2259 2260/2260 2261/2261
f 2259/2259 2261/2261 2262/2262
f 2263/2263 2264/2264 2265/2265
f 2263/2263 2265/2265 2266/2266
f 2267/2267 2268/2268 2269/2269
f 2267/2267 2269/2269 2270/2270
f 2271/2271 2272/2272 2273/2273
f 2271/2271 2273/2273 2274/2274
f 2275/2275 2276/2276 2277/2277
f 2275/2275 2277/2277 2278/2278
f 2279/2279 2280/2280 2281/2281
f 2279/2279 2281/2281 2282/2282
f 2283/2283 2284/2284 2285/2285
f 2283/2283 2285/2285 2286/2286
usemtl Char
f 2287/2287 2288/2288 2289/2289
f 2287/2287 2289/2289 2290/2290
f 2291/2291 2292/2292 2293/2293
f 2291/2291 2293/2293 2294/2294
f 2295/2295 2296/2296 2297/2297
f 2295/2295 2297/2297 2298/2298
f 2299/2299 2300/2300 2301/2301
f 2299/2299 2301/2301 2302/2302
f 2303/2303 2304/2304 2305/2305
f 2303/2303 2305/2305 2306/2306
f 2307/2307 2308/2308 2309/2309
f 2307/2307 2309/2309 2310/2310
f 2311/2311 2312/2312 2313/2313
f 2311/2311 2313/2313 2314/2314
f 2315/2315 2316/2316 2317/2317
f 2315/2315 2317/2317 2318/2318
f 2319/2319 2320/2320 2321/2321
f 2319/2319 2321/2321 2322/2322
f 2323/2323 2325/2325 2324/2324
f 2323/2323 2327/2327 2326/2326
f 2323/2323 2329/2329 2328/2328
f 2323/2323 2331/2331 2330/2330
f 2323/2323 2333/2333 2332/2332
f 2323/2323 2335/2335 2334/2334
f 2323/2323 2337/2337 2336/2336
f 2323/2323 2339/2339 2338/2338
f 2323/2323 2341/2341 2340/2340
f 2342/2342 2343/2343 2344/2344
f 2342/2342 2345/2345 2346/2346
f 2342/2342 2347/2347 2348/2348
f 2342/2342 2349/2349 2350/2350
f 2342/2342 2351/2351 2352/2352
f 2342/2342 2353/2353 2354/2354
f 2342/2342 2355/2355 2356/2356
f 2342/2342 2357/2357 2358/2358
f 2342/2342 2359/2359 2360/2360
f 2361/2361 2362/2362 2363/2363
f 2361/2361 2363/2363 2364/2364
f 2365/2365 2366/2366 2367/2367
f 2365/2365 2367/2367 2368/2368
f 2369/2369 2370/2370 2371/2371
f 2369/2369 2371/2371 2372/2372
f 2373/2373 2374/2374 2375/2375
f 2373/2373 2375/2375 2376/2376
f 2377/2377 2378/2378 2379/2379
f 2377/2377 2379/2379 2380/2380
f 2381/2381 2382/2382 2383/2383
f 2381/2381 2383/2383 2384/2384
f 2385/2385 2386/2386 2387/2387
f 2385/2385 2387/2387 2388/2388
f 2389/2389 2390/2390 2391/2391
f 2389/2389 2391/2391 2392/2392
f 2393/2393 2394/2394 2395/2395
f 2393/2393 2395/2395 2396/2396
f 2397/2397 2399/2399 2398/2398
f 2397/2397 2401/2401 2400/2400
f 2397/2397 2403/2403 2402/2402
f 2397/2397 2405/2405 2404/2404
f 2397/2397 2407/2407 2406/2406
f 2397/2397 2409/2409 2408/2408
f 2397/2397 2411/2411 2410/2410
f 2397/2397 2413/2413 2412/2412
f 2397/2397 2415/2415 2414/2414
f 2416/2416 2417/2417 2418/2418
f 2416/2416 2419/2419 2420/2420
f 2416/2416 2421/2421 2422/2422
f 2416/2416 2423/2423 2424/2424
f 2416/2416 2425/2425 2426/2426
f 2416/2416 2427/2427 2428/2428
f 2416/2416 2429/2429 2430/2430
f 2416/2416 2431/2431 2432/2432
f 2416/2416 2433/2433 2434/2434
f 2435/2435 2436/2436 2437/2437
f 2435/2435 2437/2437 2438/2438
f 2439/2439 2440/2440 2441/2441
f 2439/2439 2441/2441 2442/2442
f 2443/2443 2444/2444 2445/2445
f 2443/2443 2445/2445 2446/2446
f 2447/2447 2448/2448 2449/2449
f 2447/2447 2449/2449 2450/2450
f 2451/2451 2452/2452 2453/2453
f 2451/2451 2453/2453 2454/2454
f 2455/2455 2456/2456 2457/2457
f 2455/2455 2457/2457 2458/2458
f 2459/2459 2460/2460 2461/2461
f 2459/2459 2461/2461 2462/2462
f 2463/2463 2464/2464 2465/2465
f 2463/2463 2465/2465 2466/2466
f 2467/2467 2468/2468 2469/2469
f 2467/2467 2469/2469 2470/2470
f 2471/2471 2473/2473 2472/2472
f 2471/2471 2475/2475 2474/2474
f 2471/2471 2477/2477 2476/2476
f 2471/2471 2479/2479 2478/2478
f 2471/2471 2481/2481 2480/2480
f 2471/2471 2483/2483 2482/2482
f 2471/2471 2485/2485 2484/2484
f 2471/2471 2487/2487 2486/2486
f 2471/2471 2489/2489 2488/2488
f 2490/2490 2491/2491 2492/2492
f 2490/2490 2493/2493 2494/2494
f 2490/2490 2495/2495 2496/2496
f 2490/2490 2497/2497 2498/2498
f 2490/2490 2499/2499 2500/2500
f 2490/2490 2501/2501 2502/2502
f 2490/2490 2503/2503 2504/2504
f 2490/2490 2505/2505 2506/2506
f 2490/2490 2507/2507 2508/2508
usemtl Wood
f 2509/2509 2510/2510 2511/2511
f 2509/2509 2511/2511 2512/2512
f 2513/2513 2514/2514 2515/2515
f 2513/2513 2515/2515 2516/2516
f 2517/2517 2518/2518 2519/2519
f 2517/2517 2519/2519 2520/2520
f 2521/2521 2522/2522 2523/2523
f 2521/2521 2523/2523 2524/2524
f 2525/2525 2526/2526 2527/2527
f 2525/2525 2527/2527 2528/2528
f 2529/2529 2530/2530 2531/2531
f 2529/2529 2531/2531 2532/2532
f 2533/2533 2534/2534 2535/2535
f 2533/2533 2535/2535 2536/2536
f 2537/2537 2538/2538 2539/2539
f 2537/2537 2539/2539 2540/2540
f 2541/2541 2542/2542 2543/2543
f 2541/2541 2543/2543 2544/2544
f 2545/2545 2546/2546 2547/2547
f 2545/2545 2547/2547 2548/2548
f 2549/2549 2550/2550 2551/2551
f 2549/2549 2551/2551 2552/2552
f 2553/2553 2554/2554 2555/2555
f 2553/2553 2555/2555 2556/2556
f 2557/2557 2558/2558 2559/2559
f 2557/2557 2559/2559 2560/2560
f 2561/2561 2562/2562 2563/2563
f 2561/2561 2563/2563 2564/2564
f 2565/2565 2566/2566 2567/2567
f 2565/2565 2567/2567 2568/2568
f 2569/2569 2570/2570 2571/2571
f 2569/2569 2571/2571 2572/2572
f 2573/2573 2574/2574 2575/2575
f 2573/2573 2575/2575 2576/2576
f 2577/2577 2578/2578 2579/2579
f 2577/2577 2579/2579 2580/2580
f 2581/2581 2582/2582 2583/2583
f 2581/2581 2583/2583 2584/2584
f 2585/2585 2586/2586 2587/2587
f 2585/2585 2587/2587 2588/2588
f 2589/2589 2590/2590 2591/2591
f 2589/2589 2591/2591 2592/2592
f 2593/2593 2594/2594 2595/2595
f 2593/2593 2595/2595 2596/2596
f 2597/2597 2598/2598 2599/2599
f 2597/2597 2599/2599 2600/2600
f 2601/2601 2602/2602 2603/2603
f 2601/2601 2603/2603 2604/2604
f 2605/2605 2606/2606 2607/2607
f 2605/2605 2607/2607 2608/2608
f 2609/2609 2610/2610 2611/2611
f 2609/2609 2611/2611 2612/2612
f 2613/2613 2614/2614 2615/2615
f 2613/2613 2615/2615 2616/2616
f 2617/2617 2618/2618 2619/2619
f 2617/2617 2619/2619 2620/2620
f 2621/2621 2622/2622 2623/2623
f 2621/2621 2623/2623 2624/2624
f 2625/2625 2626/2626 2627/2627
f 2625/2625 2627/2627 2628/2628
f 2629/2629 2630/2630 2631/2631
f 2629/2629 2631/2631 2632/2632
f 2633/2633 2634/2634 2635/2635
f 2633/2633 2635/2635 2636/2636
f 2637/2637 2638/2638 2639/2639
f 2637/2637 2639/2639 2640/2640
f 2641/2641 2642/2642 2643/2643
f 2641/2641 2643/2643 2644/2644
f 2645/2645 2646/2646 2647/2647
f 2645/2645 2647/2647 2648/2648
f 2649/2649 2650/2650 2651/2651
f 2649/2649 2651/2651 2652/2652
f 2653/2653 2654/2654 2655/2655
f 2653/2653 2655/2655 2656/2656
f 2657/2657 2658/2658 2659/2659
f 2657/2657 2659/2659 2660/2660
f 2661/2661 2662/2662 2663/2663
f 2661/2661 2663/2663 2664/2664
f 2665/2665 2666/2666 2667/2667
f 2665/2665 2667/2667 2668/2668
f 2669/2669 2670/2670 2671/2671
f 2669/2669 2671/2671 2672/2672
f 2673/2673 2674/2674 2675/2675
f 2673/2673 2675/2675 2676/2676
f 2677/2677 2678/2678 2679/2679
f 2677/2677 2679/2679 2680/2680
f 2681/2681 2682/2682 2683/2683
f 2681/2681 2683/2683 2684/2684
f 2685/2685 2686/2686 2687/2687
f 2685/2685 2687/2687 2688/2688
f 2689/2689 2690/2690 2691/2691
f 2689/2689 2691/2691 2692/2692
f 2693/2693 2694/2694 2695/2695
f 2693/2693 2695/2695 2696/2696
f 2697/2697 2698/2698 2699/2699
f 2697/2697 2699/2699 2700/2700
usemtl Char
f 2701/2701 2702/2702 2703/2703
f 2701/2701 2703/2703 2704/2704
f 2705/2705 2706/2706 2707/2707
f 2705/2705 2707/2707 2708/2708
f 2709/2709 2710/2710 2711/2711
f 2709/2709 2711/2711 2712/2712
f 2713/2713 2714/2714 2715/2715
f 2713/2713 2715/2715 2716/2716
f 2717/2717 2718/2718 2719/2719
f 2717/2717 2719/2719 2720/2720
f 2721/2721 2722/2722 2723/2723
f 2721/2721 2723/2723 2724/2724
f 2725/2725 2726/2726 2727/2727
f 2725/2725 2727/2727 2728/2728
f 2729/2729 2730/2730 2731/2731
f 2729/2729 2731/2731 2732/2732
f 2733/2733 2734/2734 2735/2735
f 2733/2733 2735/2735 2736/2736
f 2737/2737 2739/2739 2738/2738
f 2737/2737 2741/2741 2740/2740
f 2737/2737 2743/2743 2742/2742
f 2737/2737 2745/2745 2744/2744
f 2737/2737 2747/2747 2746/2746
f 2737/2737 2749/2749 2748/2748
f 2737/2737 2751/2751 2750/2750
f 2737/2737 2753/2753 2752/2752
f 2737/2737 2755/2755 2754/2754
f 2756/2756 2757/2757 2758/2758
f 2756/2756 2759/2759 2760/2760
f 2756/2756 2761/2761 2762/2762
f 2756/2756 2763/2763 2764/2764
f 2756/2756 2765/2765 2766/2766
f 2756/2756 2767/2767 2768/2768
f 2756/2756 2769/2769 2770/2770
f 2756/2756 2771/2771 2772/2772
f 2756/2756 2773/2773 2774/2774
f 2775/2775 2776/2776 2777/2777
f 2775/2775 2777/2777 2778/2778
f 2779/2779 2780/2780 2781/2781
f 2779/2779 2781/2781 2782/2782
f 2783/2783 2784/2784 2785/2785
f 2783/2783 2785/2785 2786/2786
f 2787/2787 2788/2788 2789/2789
f 2787/2787 2789/2789 2790/2790
f 2791/2791 2792/2792 2793/2793
f 2791/2791 2793/2793 2794/2794
f 2795/2795 2796/2796 2797/2797
f 2795/2795 2797/2797 2798/2798
f 2799/2799 2800/2800 2801/2801
f 2799/2799 2801/2801 2802/2802
f 2803/2803 2804/2804 2805/2805
f 2803/2803 2805/2805 2806/2806
f 2807/2807 2808/2808 2809/2809
f 2807/2807 2809/2809 2810/2810
f 2811/2811 2813/2813 2812/2812
f 2811/2811 2815/2815 2814/2814
f 2811/2811 2817/2817 2816/2816
f 2811/2811 2819/2819 2818/2818
f 2811/2811 2821/2821 2820/2820
f 2811/2811 2823/2823 2822/2822
f 2811/2811 2825/2825 2824/2824
f 2811/2811 2827/2827 2826/2826
f 2811/2811 2829/2829 2828/2828
f 2830/2830 2831/2831 2832/2832
f 2830/2830 2833/2833 2834/2834
f 2830/2830 2835/2835 2836/2836
f 2830/2830 2837/2837 2838/2838
f 2830/2830 2839/2839 2840/2840
f 2830/2830 2841/2841 2842/2842
f 2830/2830 2843/2843 2844/2844
f 2830/2830 2845/2845 2846/2846
f 2830/2830 2847/2847 2848/2848
f 2849/2849 2850/2850 2851/2851
f 2849/2849 2851/2851 2852/2852
f 2853/2853 2854/2854 2855/2855
f 2853/2853 2855/2855 2856/2856
f 2857/2857 2858/2858 2859/2859
f 2857/2857 2859/2859 2860/2860
f 2861/2861 2862/2862 2863/2863
f 2861/2861 2863/2863 2864/2864
f 2865/2865 2866/2866 2867/2867
f 2865/2865 2867/2867 2868/2868
f 2869/2869 2870/2870 2871/2871
f 2869/2869 2871/2871 2872/2872
f 2873/2873 2874/2874 2875/2875
f 2873/2873 2875/2875 2876/2876
f 2877/2877 2878/2878 2879/2879
f 2877/2877 2879/2879 2880/2880
f 2881/2881 2882/2882 2883/2883
f 2881/2881 2883/2883 2884/2884
f 2885/2885 2887/2887 2886/2886
f 2885/2885 2889/2889 2888/2888
f 2885/2885 2891/2891 2890/2890
f 2885/2885 2893/2893 2892/2892
f 2885/2885 2895/2895 2894/2894
f 2885/2885 2897/2897 2896/2896
f 2885/2885 2899/2899 2898/2898
f 2885/2885 2901/2901 2900/2900
f 2885/2885 2903/2903 2902/2902
f 2904/2904 2905/2905 2906/2906
f 2904/2904 2907/2907 2908/2908
f 2904/2904 2909/2909 2910/2910
f 2904/2904 2911/2911 2912/2912
f 2904/2904 2913/2913 2914/2914
f 2904/2904 2915/2915 2916/2916
f 2904/2904 2917/2917 2918/2918
f 2904/2904 2919/2919 2920/2920
f 2904/2904 2921/2921 2922/2922
usemtl Wood
f 2923/2923 2924/2924 2925/2925
f 2923/2923 2925/2925 2926/2926
f 2927/2927 2928/2928 2929/2929
f 2927/2927 2929/2929 2930/2930
f 2931/2931 2932/2932 2933/2933
f 2931/2931 2933/2933 2934/2934
f 2935/2935 2936/2936 2937/2937
f 2935/2935 2937/2937 2938/2938
f 2939/2939 2940/2940 2941/2941
f 2939/2939 2941/2941 2942/2942
f 2943/2943 2944/2944 2945/2945
f 2943/2943 2945/2945 2946/2946
f 2947/2947 2948/2948 2949/2949
f 2947/2947 2949/2949 2950/2950
f 2951/2951 2952/2952 2953/2953
f 2951/2951 2953/2953 2954/2954
f 2955/2955 2956/2956 2957/2957
f 2955/2955 2957/2957 2958/2958
f 2959/2959 2960/2960 2961/2961
f 2959/2959 2961/2961 2962/2962
f 2963/2963 2964/2964 2965/2965
f 2963/2963 2965/2965 2966/2966
f 2967/2967 2968/2968 2969/2969
f 2967/2967 2969/2969 2970/2970
f 2971/2971 2972/2972 2973/2973
f 2971/2971 2973/2973 2974/2974
f 2975/2975 2976/2976 2977/2977
f 2975/2975 2977/2977 2978/2978
f 2979/2979 2980/2980 2981/2981
f 2979/2979 2981/2981 2982/2982
f 2983/2983 2984/2984 2985/2985
f 2983/2983 2985/2985 2986/2986
f 2987/2987 2988/2988 2989/2989
f 2987/2987 2989/2989 2990/2990
f 2991/2991 2992/2992 2993/2993
f 2991/2991 2993/2993 2994/2994
f 2995/2995 2996/2996 2997/2997
f 2995/2995 2997/2997 2998/2998
f 2999/2999 3000/3000 3001/3001
f 2999/2999 3001/3001 3002/3002
f 3003/3003 3004/3004 3005/3005
f 3003/3003 3005/3005 3006/3006
f 3007/3007 3008/3008 3009/3009
f 3007/3007 3009/3009 3010/3010
f 3011/3011 3012/3012 3013/3013
f 3011/3011 3013/3013 3014/3014
f 3015/3015 3016/3016 3017/3017
f 3015/3015 3017/3017 3018/3018
f 3019/3019 3020/3020 3021/3021
f 3019/3019 3021/3021 3022/3022
f 3023/3023 3024/3024 3025/3025
f 3023/3023 3025/3025 3026/3026
f 3027/3027 3028/3028 3029/3029
f 3027/3027 3029/3029 3030/3030
f 3031/3031 3032/3032 3033/3033
f 3031/3031 3033/3033 3034/3034
f 3035/3035 3036/3036 3037/3037
f 3035/3035 3037/3037 3038/3038
f 3039/3039 3040/3040 3041/3041
f 3039/3039 3041/3041 3042/3042
f 3043/3043 3044/3044 3045/3045
f 3043/3043 3045/3045 3046/3046
f 3047/3047 3048/3048 3049/3049
f 3047/3047 3049/3049 3050/3050
f 3051/3051 3052/3052 3053/3053
f 3051/3051 3053/3053 3054/3054
f 3055/3055 3056/3056 3057/3057
f 3055/3055 3057/3057 3058/3058
f 3059/3059 3060/3060 3061/3061
f 3059/3059 3061/3061 3062/3062
f 3063/3063 3064/3064 3065/3065
f 3063/3063 3065/3065 3066/3066
f 3067/3067 3068/3068 3069/3069
f 3067/3067 3069/3069 3070/3070
f 3071/3071 3072/3072 3073/3073
f 3071/3071 3073/3073 3074/3074
f 3075/3075 3076/3076 3077/3077
f 3075/3075 3077/3077 3078/3078
f 3079/3079 3080/3080 3081/3081
f 3079/3079 3081/3081 3082/3082
f 3083/3083 3084/3084 3085/3085
f 3083/3083 3085/3085 3086/3086
f 3087/3087 3088/3088 3089/3089
f 3087/3087 3089/3089 3090/3090
f 3091/3091 3092/3092 3093/3093
f 3091/3091 3093/3093 3094/3094
f 3095/3095 3096/3096 3097/3097
f 3095/3095 3097/3097 3098/3098
f 3099/3099 3100/3100 3101/3101
f 3099/3099 3101/3101 3102/3102
f 3103/3103 3104/3104 3105/3105
f 3103/3103 3105/3105 3106/3106
f 3107/3107 3108/3108 3109/3109
f 3107/3107 3109/3109 3110/3110
f 3111/3111 3112/3112 3113/3113
f 3111/3111 3113/3113 3114/3114
usemtl Char
f 3115/3115 3116/3116 3117/3117
f 3115/3115 3117/3117 3118/3118
f 3119/3119 3120/3120 3121/3121
f 3119/3119 3121/3121 3122/3122
f 3123/3123 3124/3124 3125/3125
f 3123/3123 3125/3125 3126/3126
f 3127/3127 3128/3128 3129/3129
f 3127/3127 3129/3129 3130/3130
f 3131/3131 3132/3132 3133/3133
f 3131/3131 3133/3133 3134/3134
f 3135/3135 3136/3136 3137/3137
f 3135/3135 3137/3137 3138/3138
f 3139/3139 3140/3140 3141/3141
f 3139/3139 3141/3141 3142/3142
f 3143/3143 3144/3144 3145/3145
f 3143/3143 3145/3145 3146/3146
f 3147/3147 3148/3148 3149/3149
f 3147/3147 3149/3149 3150/3150
f 3151/3151 3152/3152 3153/3153
f 3151/3151 3153/3153 3154/3154
f 3155/3155 3156/3156 3157/3157
f 3155/3155 3157/3157 3158/3158
f 3159/3159 3160/3160 3161/3161
f 3159/3159 3161/3161 3162/3162
f 3163/3163 3164/3164 3165/3165
f 3163/3163 3165/3165 3166/3166
f 3167/3167 3168/3168 3169/3169
f 3167/3167 3169/3169 3170/3170
f 3171/3171 3172/3172 3173/3173
f 3171/3171 3173/3173 3174/3174
f 3175/3175 3176/3176 3177/3177
f 3175/3175 3177/3177 3178/3178
f 3179/3179 3180/3180 3181/3181
f 3179/3179 3181/3181 3182/3182
f 3183/3183 3184/3184 3185/3185
f 3183/3183 3185/3185 3186/3186
f 3187/3187 3188/3188 3189/3189
f 3187/3187 3189/3189 3190/3190
f 3191/3191 3192/3192 3193/3193
f 3191/3191 3193/3193 3194/3194
f 3195/3195 3196/3196 3197/3197
f 3195/3195 3197/3197 3198/3198
f 3199/3199 3200/3200 3201/3201
f 3199/3199 3201/3201 3202/3202
f 3203/3203 3204/3204 3205/3205
f 3203/3203 3205/3205 3206/3206
f 3207/3207 3208/3208 3209/3209
f 3207/3207 3209/3209 3210/3210
f 3211/3211 3212/3212 3213/3213
f 3211/3211 3213/3213 3214/3214
f 3215/3215 3216/3216 3217/3217
f 3215/3215 3217/3217 3218/3218
f 3219/3219 3220/3220 3221/3221
f 3219/3219 3221/3221 3222/3222
f 3223/3223 3224/3224 3225/3225
f 3223/3223 3225/3225 3226/3226
f 3227/3227 3228/3228 3229/3229
f 3227/3227 3229/3229 3230/3230
f 3231/3231 3232/3232 3233/3233
f 3231/3231 3233/3233 3234/3234
f 3235/3235 3236/3236 3237/3237
f 3235/3235 3237/3237 3238/3238
f 3239/3239 3240/3240 3241/3241
f 3239/3239 3241/3241 3242/3242
f 3243/3243 3244/3244 3245/3245
f 3243/3243 3245/3245 3246/3246
f 3247/3247 3248/3248 3249/3249
f 3247/3247 3249/3249 3250/3250
f 3251/3251 3252/3252 3253/3253
f 3251/3251 3253/3253 3254/3254
f 3255/3255 3256/3256 3257/3257
f 3255/3255 3257/3257 3258/3258
f 3259/3259 3260/3260 3261/3261
f 3259/3259 3261/3261 3262/3262
f 3263/3263 3264/3264 3265/3265
f 3263/3263 3265/3265 3266/3266
f 3267/3267 3268/3268 3269/3269
f 3267/3267 3269/3269 3270/3270
f 3271/3271 3272/3272 3273/3273
f 3271/3271 3273/3273 3274/3274
f 3275/3275 3276/3276 3277/3277
f 3275/3275 3277/3277 3278/3278
f 3279/3279 3280/3280 3281/3281
f 3279/3279 3281/3281 3282/3282
f 3283/3283 3284/3284 3285/3285
f 3283/3283 3285/3285 3286/3286
f 3287/3287 3288/3288 3289/3289
f 3287/3287 3289/3289 3290/3290
f 3291/3291 3292/3292 3293/3293
f 3291/3291 3293/3293 3294/3294
f 3295/3295 3296/3296 3297/3297
f 3295/3295 3297/3297 3298/3298
f 3299/3299 3300/3300 3301/3301
f 3299/3299 3301/3301 3302/3302
f 3303/3303 3304/3304 3305/3305
f 3303/3303 3305/3305 3306/3306
f 3307/3307 3308/3308 3309/3309
f 3307/3307 3309/3309 3310/3310
f 3311/3311 3312/3312 3313/3313
f 3311/3311 3313/3313 3314/3314
f 3315/3315 3316/3316 3317/3317
f 3315/3315 3317/3317 3318/3318
f 3319/3319 3320/3320 3321/3321
f 3319/3319 3321/3321 3322/3322
f 3323/3323 3324/3324 3325/3325
f 3323/3323 3325/3325 3326/3326
f 3327/3327 3328/3328 3329/3329
f 3327/3327 3329/3329 3330/3330
f 3331/3331 3332/3332 3333/3333
f 3331/3331 3333/3333 3334/3334
f 3335/3335 3336/3336 3337/3337
f 3335/3335 3337/3337 3338/3338
f 3339/3339 3340/3340 3341/3341
f 3339/3339 3341/3341 3342/3342
f 3343/3343 3344/3344 3345/3345
f 3343/3343 3345/3345 3346/3346
f 3347/3347 3348/3348 3349/3349
f 3347/3347 3349/3349 3350/3350
f 3351/3351 3352/3352 3353/3353
f 3351/3351 3353/3353 3354/3354
f 3355/3355 3356/3356 3357/3357
f 3355/3355 3357/3357 3358/3358
f 3359/3359 3360/3360 3361/3361
f 3359/3359 3361/3361 3362/3362
f 3363/3363 3364/3364 3365/3365
f 3363/3363 3365/3365 3366/3366
f 3367/3367 3368/3368 3369/3369
f 3367/3367 3369/3369 3370/3370
f 3371/3371 3372/3372 3373/3373
f 3371/3371 3373/3373 3374/3374
f 3375/3375 3376/3376 3377/3377
f 3375/3375 3377/3377 3378/3378
f 3379/3379 3380/3380 3381/3381
f 3379/3379 3381/3381 3382/3382
f 3383/3383 3384/3384 3385/3385
f 3383/3383 3385/3385 3386/3386
f 3387/3387 3388/3388 3389/3389
f 3387/3387 3389/3389 3390/3390
f 3391/3391 3392/3392 3393/3393
f 3391/3391 3393/3393 3394/3394
f 3395/3395 3396/3396 3397/3397
f 3395/3395 3397/3397 3398/3398
f 3399/3399 3400/3400 3401/3401
f 3399/3399 3401/3401 3402/3402
f 3403/3403 3404/3404 3405/3405
f 3403/3403 3405/3405 3406/3406
f 3407/3407 3408/3408 3409/3409
f 3407/3407 3409/3409 3410/3410
f 3411/3411 3412/3412 3413/3413
f 3411/3411 3413/3413 3414/3414
f 3415/3415 3416/3416 3417/3417
f 3415/3415 3417/3417 3418/3418
f 3419/3419 3420/3420 3421/3421
f 3419/3419 3421/3421 3422/3422
f 3423/3423 3424/3424 3425/3425
f 3423/3423 3425/3425 3426/3426
f 3427/3427 3428/3428 3429/3429
f 3427/3427 3429/3429 3430/3430
f 3431/3431 3432/3432 3433/3433
f 3431/3431 3433/3433 3434/3434
f 3435/3435 3436/3436 3437/3437
f 3435/3435 3437/3437 3438/3438
f 3439/3439 3440/3440 3441/3441
f 3439/3439 3441/3441 3442/3442
f 3443/3443 3444/3444 3445/3445
f 3443/3443 3445/3445 3446/3446
f 3447/3447 3448/3448 3449/3449
f 3447/3447 3449/3449 3450/3450
f 3451/3451 3452/3452 3453/3453
f 3451/3451 3453/3453 3454/3454
f 3455/3455 3456/3456 3457/3457
f 3455/3455 3457/3457 3458/3458
f 3459/3459 3460/3460 3461/3461
f 3459/3459 3461/3461 3462/3462
f 3463/3463 3464/3464 3465/3465
f 3463/3463 3465/3465 3466/3466
f 3467/3467 3468/3468 3469/3469
f 3467/3467 3469/3469 3470/3470
f 3471/3471 3472/3472 3473/3473
f 3471/3471 3473/3473 3474/3474
f 3475/3475 3476/3476 3477/3477
f 3475/3475 3477/3477 3478/3478
f 3479/3479 3480/3480 3481/3481
f 3479/3479 3481/3481 3482/3482
f 3483/3483 3484/3484 3485/3485
f 3483/3483 3485/3485 3486/3486
f 3487/3487 3488/3488 3489/3489
f 3487/3487 3489/3489 3490/3490
f 3491/3491 3492/3492 3493/3493
f 3491/3491 3493/3493 3494/3494
f 3495/3495 3496/3496 3497/3497
f 3495/3495 3497/3497 3498/3498
f 3499/3499 3500/3500 3501/3501
f 3499/3499 3501/3501 3502/3502
f 3503/3503 3504/3504 3505/3505
f 3503/3503 3505/3505 3506/3506
f 3507/3507 3508/3508 3509/3509
f 3507/3507 3509/3509 3510/3510
f 3511/3511 3512/3512 3513/3513
f 3511/3511 3513/3513 3514/3514
f 3515/3515 3516/3516 3517/3517
f 3515/3515 3517/3517 3518/3518
f 3519/3519 3520/3520 3521/3521
f 3519/3519 3521/3521 3522/3522
f 3523/3523 3524/3524 3525/3525
f 3523/3523 3525/3525 3526/3526
f 3527/3527 3528/3528 3529/3529
f 3527/3527 3529/3529 3530/3530
f 3531/3531 3532/3532 3533/3533
f 3531/3531 3533/3533 3534/3534
f 3535/3535 3536/3536 3537/3537
f 3535/3535 3537/3537 3538/3538
f 3539/3539 3540/3540 3541/3541
f 3539/3539 3541/3541 3542/3542
f 3543/3543 3544/3544 3545/3545
f 3543/3543 3545/3545 3546/3546
f 3547/3547 3548/3548 3549/3549
f 3547/3547 3549/3549 3550/3550
f 3551/3551 3552/3552 3553/3553
f 3551/3551 3553/3553 3554/3554
f 3555/3555 3556/3556 3557/3557
f 3555/3555 3557/3557 3558/3558
f 3559/3559 3560/3560 3561/3561
f 3559/3559 3561/3561 3562/3562
f 3563/3563 3564/3564 3565/3565
f 3563/3563 3565/3565 3566/3566
f 3567/3567 3568/3568 3569/3569
f 3567/3567 3569/3569 3570/3570
f 3571/3571 3572/3572 3573/3573
f 3571/3571 3573/3573 3574/3574
f 3575/3575 3576/3576 3577/3577
f 3575/3575 3577/3577 3578/3578
f 3579/3579 3580/3580 3581/3581
f 3579/3579 3581/3581 3582/3582
f 3583/3583 3584/3584 3585/3585
f 3583/3583 3585/3585 3586/3586
f 3587/3587 3588/3588 3589/3589
f 3587/3587 3589/3589 3590/3590
f 3591/3591 3592/3592 3593/3593
f 3591/3591 3593/3593 3594/3594
f 3595/3595 3596/3596 3597/3597
f 3595/3595 3597/3597 3598/3598
f 3599/3599 3600/3600 3601/3601
f 3599/3599 3601/3601 3602/3602
f 3603/3603 3604/3604 3605/3605
f 3603/3603 3605/3605 3606/3606
f 3607/3607 3608/3608 3609/3609
f 3607/3607 3609/3609 3610/3610
f 3611/3611 3612/3612 3613/3613
f 3611/3611 3613/3613 3614/3614
f 3615/3615 3616/3616 3617/3617
f 3615/3615 3617/3617 3618/3618
f 3619/3619 3620/3620 3621/3621
f 3619/3619 3621/3621 3622/3622
f 3623/3623 3624/3624 3625/3625
f 3623/3623 3625/3625 3626/3626
f 3627/3627 3628/3628 3629/3629
f 3627/3627 3629/3629 3630/3630
f 3631/3631 3632/3632 3633/3633
f 3631/3631 3633/3633 3634/3634
f 3635/3635 3636/3636 3637/3637
f 3635/3635 3637/3637 3638/3638
f 3639/3639 3640/3640 3641/3641
f 3639/3639 3641/3641 3642/3642
f 3643/3643 3644/3644 3645/3645
f 3643/3643 3645/3645 3646/3646
f 3647/3647 3648/3648 3649/3649
f 3647/3647 3649/3649 3650/3650
f 3651/3651 3652/3652 3653/3653
f 3651/3651 3653/3653 3654/3654
f 3655/3655 3656/3656 3657/3657
f 3655/3655 3657/3657 3658/3658
f 3659/3659 3660/3660 3661/3661
f 3659/3659 3661/3661 3662/3662
f 3663/3663 3664/3664 3665/3665
f 3663/3663 3665/3665 3666/3666
f 3667/3667 3668/3668 3669/3669
f 3667/3667 3669/3669 3670/3670
f 3671/3671 3672/3672 3673/3673
f 3671/3671 3673/3673 3674/3674
f 3675/3675 3676/3676 3677/3677
f 3675/3675 3677/3677 3678/3678
f 3679/3679 3680/3680 3681/3681
f 3679/3679 3681/3681 3682/3682
f 3683/3683 3684/3684 3685/3685
f 3683/3683 3685/3685 3686/3686
f 3687/3687 3688/3688 3689/3689
f 3687/3687 3689/3689 3690/3690
f 3691/3691 3692/3692 3693/3693
f 3691/3691 3693/3693 3694/3694
f 3695/3695 3696/3696 3697/3697
f 3695/3695 3697/3697 3698/3698
f 3699/3699 3700/3700 3701/3701
f 3699/3699 3701/3701 3702/3702
f 3703/3703 3704/3704 3705/3705
f 3703/3703 3705/3705 3706/3706
f 3707/3707 3708/3708 3709/3709
f 3707/3707 3709/3709 3710/3710
f 3711/3711 3712/3712 3713/3713
f 3711/3711 3713/3713 3714/3714
f 3715/3715 3716/3716 3717/3717
f 3715/3715 3717/3717 3718/3718
f 3719/3719 3720/3720 3721/3721
f 3719/3719 3721/3721 3722/3722
f 3723/3723 3724/3724 3725/3725
f 3723/3723 3725/3725 3726/3726
f 3727/3727 3728/3728 3729/3729
f 3727/3727 3729/3729 3730/3730
f 3731/3731 3732/3732 3733/3733
f 3731/3731 3733/3733 3734/3734
f 3735/3735 3736/3736 3737/3737
f 3735/3735 3737/3737 3738/3738
f 3739/3739 3740/3740 3741/3741
f 3739/3739 3741/3741 3742/3742
f 3743/3743 3744/3744 3745/3745
f 3743/3743 3745/3745 3746/3746
f 3747/3747 3748/3748 3749/3749
f 3747/3747 3749/3749 3750/3750
f 3751/3751 3752/3752 3753/3753
f 3751/3751 3753/3753 3754/3754
f 3755/3755 3756/3756 3757/3757
f 3755/3755 3757/3757 3758/3758
f 3759/3759 3760/3760 3761/3761
f 3759/3759 3761/3761 3762/3762
f 3763/3763 3764/3764 3765/3765
f 3763/3763 3765/3765 3766/3766
f 3767/3767 3768/3768 3769/3769
f 3767/3767 3769/3769 3770/3770
f 3771/3771 3772/3772 3773/3773
f 3771/3771 3773/3773 3774/3774
f 3775/3775 3776/3776 3777/3777
f 3775/3775 3777/3777 3778/3778
f 3779/3779 3780/3780 3781/3781
f 3779/3779 3781/3781 3782/3782
f 3783/3783 3784/3784 3785/3785
f 3783/3783 3785/3785 3786/3786
usemtl Fire
f 3787/3787 3788/3788 3789/3789
f 3787/3787 3789/3789 3790/3790
f 3788/3788 3790/3790 3789/3789
f 3791/3791 3792/3792 3793/3793
f 3791/3791 3793/3793 3794/3794
f 3792/3792 3794/3794 3793/3793
f 3795/3795 3796/3796 3797/3797
f 3795/3795 3797/3797 3798/3798
f 3796/3796 3798/3798 3797/3797
f 3799/3799 3800/3800 3801/3801
f 3799/3799 3801/3801 3802/3802
f 3800/3800 3802/3802 3801/3801
f 3803/3803 3804/3804 3805/3805
f 3803/3803 3805/3805 3806/3806
f 3807/3807 3808/3808 3809/3809
f 3807/3807 3809/3809 3810/3810
f 3811/3811 3812/3812 3813/3813
f 3811/3811 3813/3813 3814/3814
f 3815/3815 3816/3816 3817/3817
f 3815/3815 3817/3817 3818/3818
f 3819/3819 3820/3820 3821/3821
f 3819/3819 3821/3821 3822/3822
f 3823/3823 3824/3824 3825/3825
f 3823/3823 3825/3825 3826/3826
f 3827/3827 3828/3828 3829/3829
f 3827/3827 3829/3829 3830/3830
f 3831/3831 3832/3832 3833/3833
f 3831/3831 3833/3833 3834/3834
f 3835/3835 3836/3836 3837/3837
f 3835/3835 3837/3837 3838/3838
f 3839/3839 3840/3840 3841/3841
f 3839/3839 3841/3841 3842/3842
f 3843/3843 3844/3844 3845/3845
f 3843/3843 3845/3845 3846/3846
f 3847/3847 3848/3848 3849/3849
f 3847/3847 3849/3849 3850/3850
f 3851/3851 3852/3852 3853/3853
f 3851/3851 3853/3853 3854/3854
f 3855/3855 3856/3856 3857/3857
f 3855/3855 3857/3857 3858/3858
f 3859/3859 3860/3860 3861/3861
f 3859/3859 3861/3861 3862/3862
f 3863/3863 3864/3864 3865/3865
f 3863/3863 3865/3865 3866/3866
f 3867/3867 3868/3868 3869/3869
f 3867/3867 3869/3869 3870/3870
f 3871/3871 3872/3872 3873/3873
f 3871/3871 3873/3873 3874/3874
f 3875/3875 3876/3876 3877/3877
f 3875/3875 3877/3877 3878/3878
f 3879/3879 3880/3880 3881/3881
f 3879/3879 3881/3881 3882/3882
f 3883/3883 3884/3884 3885/3885
f 3883/3883 3885/3885 3886/3886
f 3887/3887 3888/3888 3889/3889
f 3887/3887 3889/3889 3890/3890
f 3891/3891 3892/3892 3893/3893
f 3891/3891 3893/3893 3894/3894
f 3895/3895 3896/3896 3897/3897
f 3895/3895 3897/3897 3898/3898
f 3899/3899 3900/3900 3901/3901
f 3899/3899 3901/3901 3902/3902
f 3903/3903 3904/3904 3905/3905
f 3903/3903 3905/3905 3906/3906
f 3907/3907 3908/3908 3909/3909
f 3907/3907 3909/3909 3910/3910
f 3911/3911 3912/3912 3913/3913
f 3911/3911 3913/3913 3914/3914
f 3915/3915 3916/3916 3917/3917
f 3915/3915 3917/3917 3918/3918
f 3919/3919 3920/3920 3921/3921
f 3919/3919 3921/3921 3922/3922
