mtllib ../../Materials/project_oen.mtl
o cs-009_campfire_strong_flame
v 0.317987 0.080917 -0.010320
v 0.317987 0.083904 -0.010320
v 0.359094 0.068854 0.021624
v 0.370140 0.068467 -0.010320
v 0.317987 0.083904 -0.010320
v 0.317987 0.081626 -0.010320
v 0.327883 0.067304 0.041659
v 0.359094 0.068854 0.021624
v 0.317987 0.081626 -0.010320
v 0.317987 0.079997 -0.010320
v 0.293895 0.070115 0.028323
v 0.327883 0.067304 0.041659
v 0.317987 0.079997 -0.010320
v 0.317987 0.078932 -0.010320
v 0.268279 0.070281 0.006435
v 0.293895 0.070115 0.028323
v 0.317987 0.078932 -0.010320
v 0.317987 0.083395 -0.010320
v 0.272816 0.070253 -0.025546
v 0.268279 0.070281 0.006435
v 0.317987 0.083395 -0.010320
v 0.317987 0.081344 -0.010320
v 0.289266 0.067837 -0.056390
v 0.272816 0.070253 -0.025546
v 0.317987 0.081344 -0.010320
v 0.317987 0.082737 -0.010320
v 0.327038 0.071057 -0.057859
v 0.289266 0.067837 -0.056390
v 0.317987 0.082737 -0.010320
v 0.317987 0.081790 -0.010320
v 0.354873 0.066889 -0.038984
v 0.327038 0.071057 -0.057859
v 0.317987 0.081790 -0.010320
v 0.317987 0.080917 -0.010320
v 0.370140 0.068467 -0.010320
v 0.354873 0.066889 -0.038984
v 0.370140 0.068467 -0.010320
v 0.359094 0.068854 0.021624
v 0.377660 0.038000 0.036051
v 0.392286 0.038000 -0.010320
v 0.359094 0.068854 0.021624
v 0.327883 0.067304 0.041659
v 0.331254 0.038000 0.059360
v 0.377660 0.038000 0.036051
v 0.327883 0.067304 0.041659
v 0.293895 0.070115 0.028323
v 0.279380 0.038000 0.051606
v 0.331254 0.038000 0.059360
v 0.293895 0.070115 0.028323
v 0.268279 0.070281 0.006435
v 0.245609 0.038000 0.014076
v 0.279380 0.038000 0.051606
v 0.268279 0.070281 0.006435
v 0.272816 0.070253 -0.025546
v 0.239436 0.038000 -0.036797
v 0.245609 0.038000 0.014076
v 0.272816 0.070253 -0.025546
v 0.289266 0.067837 -0.056390
v 0.282580 0.038000 -0.067114
v 0.239436 0.038000 -0.036797
v 0.289266 0.067837 -0.056390
v 0.327038 0.071057 -0.057859
v 0.330494 0.038000 -0.076011
v 0.282580 0.038000 -0.067114
v 0.327038 0.071057 -0.057859
v 0.354873 0.066889 -0.038984
v 0.380175 0.038000 -0.058645
v 0.330494 0.038000 -0.076011
v 0.354873 0.066889 -0.038984
v 0.370140 0.068467 -0.010320
v 0.392286 0.038000 -0.010320
v 0.380175 0.038000 -0.058645
v 0.392286 0.038000 -0.010320
v 0.377660 0.038000 0.036051
v 0.360620 0.009537 0.022810
v 0.372587 0.005626 -0.010320
v 0.377660 0.038000 0.036051
v 0.331254 0.038000 0.059360
v 0.326006 0.008159 0.031800
v 0.360620 0.009537 0.022810
v 0.331254 0.038000 0.059360
v 0.279380 0.038000 0.051606
v 0.291315 0.006114 0.032462
v 0.326006 0.008159 0.031800
v 0.279380 0.038000 0.051606
v 0.245609 0.038000 0.014076
v 0.260887 0.008466 0.008926
v 0.291315 0.006114 0.032462
v 0.245609 0.038000 0.014076
v 0.239436 0.038000 -0.036797
v 0.264085 0.005004 -0.028489
v 0.260887 0.008466 0.008926
v 0.239436 0.038000 -0.036797
v 0.282580 0.038000 -0.067114
v 0.289600 0.005412 -0.055853
v 0.264085 0.005004 -0.028489
v 0.282580 0.038000 -0.067114
v 0.330494 0.038000 -0.076011
v 0.326717 0.007433 -0.056174
v 0.289600 0.005412 -0.055853
v 0.330494 0.038000 -0.076011
v 0.380175 0.038000 -0.058645
v 0.358847 0.007259 -0.042072
v 0.326717 0.007433 -0.056174
v 0.380175 0.038000 -0.058645
v 0.392286 0.038000 -0.010320
v 0.372587 0.005626 -0.010320
v 0.358847 0.007259 -0.042072
v 0.372587 0.005626 -0.010320
v 0.360620 0.009537 0.022810
v 0.317987 -0.003944 -0.010320
v 0.317987 -0.008019 -0.010320
v 0.360620 0.009537 0.022810
v 0.326006 0.008159 0.031800
v 0.317987 -0.006695 -0.010320
v 0.317987 -0.003944 -0.010320
v 0.326006 0.008159 0.031800
v 0.291315 0.006114 0.032462
v 0.317987 -0.004344 -0.010320
v 0.317987 -0.006695 -0.010320
v 0.291315 0.006114 0.032462
v 0.260887 0.008466 0.008926
v 0.317987 -0.007492 -0.010320
v 0.317987 -0.004344 -0.010320
v 0.260887 0.008466 0.008926
v 0.264085 0.005004 -0.028489
v 0.317987 -0.005578 -0.010320
v 0.317987 -0.007492 -0.010320
v 0.264085 0.005004 -0.028489
v 0.289600 0.005412 -0.055853
v 0.317987 -0.004015 -0.010320
v 0.317987 -0.005578 -0.010320
v 0.289600 0.005412 -0.055853
v 0.326717 0.007433 -0.056174
v 0.317987 -0.008007 -0.010320
v 0.317987 -0.004015 -0.010320
v 0.326717 0.007433 -0.056174
v 0.358847 0.007259 -0.042072
v 0.317987 -0.005028 -0.010320
v 0.317987 -0.008007 -0.010320
v 0.358847 0.007259 -0.042072
v 0.372587 0.005626 -0.010320
v 0.317987 -0.008019 -0.010320
v 0.317987 -0.005028 -0.010320
v 0.295648 0.077639 0.135843
v 0.295648 0.077709 0.135843
v 0.337419 0.066556 0.171805
v 0.352205 0.068154 0.135843
v 0.295648 0.077709 0.135843
v 0.295648 0.078239 0.135843
v 0.304252 0.066234 0.185909
v 0.337419 0.066556 0.171805
v 0.295648 0.078239 0.135843
v 0.295648 0.080694 0.135843
v 0.269750 0.065283 0.181868
v 0.304252 0.066234 0.185909
v 0.295648 0.080694 0.135843
v 0.295648 0.078236 0.135843
v 0.246222 0.066830 0.154301
v 0.269750 0.065283 0.181868
v 0.295648 0.078236 0.135843
v 0.295648 0.077411 0.135843
v 0.242214 0.068136 0.115889
v 0.246222 0.066830 0.154301
v 0.295648 0.077411 0.135843
v 0.295648 0.080921 0.135843
v 0.269589 0.069304 0.089534
v 0.242214 0.068136 0.115889
v 0.295648 0.080921 0.135843
v 0.295648 0.079206 0.135843
v 0.306173 0.066179 0.074602
v 0.269589 0.069304 0.089534
v 0.295648 0.079206 0.135843
v 0.295648 0.080765 0.135843
v 0.338310 0.068432 0.099115
v 0.306173 0.066179 0.074602
v 0.295648 0.080765 0.135843
v 0.295648 0.077639 0.135843
v 0.352205 0.068154 0.135843
v 0.338310 0.068432 0.099115
v 0.352205 0.068154 0.135843
v 0.337419 0.066556 0.171805
v 0.361680 0.038000 0.192692
v 0.366745 0.038000 0.135843
v 0.337419 0.066556 0.171805
v 0.304252 0.066234 0.185909
v 0.308512 0.038000 0.210697
v 0.361680 0.038000 0.192692
v 0.304252 0.066234 0.185909
v 0.269750 0.065283 0.181868
v 0.262027 0.038000 0.195592
v 0.308512 0.038000 0.210697
v 0.269750 0.065283 0.181868
v 0.246222 0.066830 0.154301
v 0.221125 0.038000 0.163673
v 0.262027 0.038000 0.195592
v 0.246222 0.066830 0.154301
v 0.242214 0.068136 0.115889
v 0.224038 0.038000 0.109101
v 0.221125 0.038000 0.163673
v 0.242214 0.068136 0.115889
v 0.269589 0.069304 0.089534
v 0.254760 0.038000 0.063181
v 0.224038 0.038000 0.109101
v 0.269589 0.069304 0.089534
v 0.306173 0.066179 0.074602
v 0.308243 0.038000 0.062559
v 0.254760 0.038000 0.063181
v 0.306173 0.066179 0.074602
v 0.338310 0.068432 0.099115
v 0.353110 0.038000 0.086372
v 0.308243 0.038000 0.062559
v 0.338310 0.068432 0.099115
v 0.352205 0.068154 0.135843
v 0.366745 0.038000 0.135843
v 0.353110 0.038000 0.086372
v 0.366745 0.038000 0.135843
v 0.361680 0.038000 0.192692
v 0.334154 0.010435 0.168994
v 0.349679 0.006464 0.135843
v 0.361680 0.038000 0.192692
v 0.308512 0.038000 0.210697
v 0.304013 0.006105 0.184515
v 0.334154 0.010435 0.168994
v 0.308512 0.038000 0.210697
v 0.262027 0.038000 0.195592
v 0.267407 0.009064 0.186031
v 0.304013 0.006105 0.184515
v 0.262027 0.038000 0.195592
v 0.221125 0.038000 0.163673
v 0.249192 0.007876 0.153192
v 0.267407 0.009064 0.186031
v 0.221125 0.038000 0.163673
v 0.224038 0.038000 0.109101
v 0.238894 0.009214 0.114649
v 0.249192 0.007876 0.153192
v 0.224038 0.038000 0.109101
v 0.254760 0.038000 0.063181
v 0.267240 0.008307 0.085359
v 0.238894 0.009214 0.114649
v 0.254760 0.038000 0.063181
v 0.308243 0.038000 0.062559
v 0.305968 0.008080 0.075793
v 0.267240 0.008307 0.085359
v 0.308243 0.038000 0.062559
v 0.353110 0.038000 0.086372
v 0.341328 0.007414 0.096516
v 0.305968 0.008080 0.075793
v 0.353110 0.038000 0.086372
v 0.366745 0.038000 0.135843
v 0.349679 0.006464 0.135843
v 0.341328 0.007414 0.096516
v 0.349679 0.006464 0.135843
v 0.334154 0.010435 0.168994
v 0.295648 -0.002598 0.135843
v 0.295648 -0.006606 0.135843
v 0.334154 0.010435 0.168994
v 0.304013 0.006105 0.184515
v 0.295648 -0.004974 0.135843
v 0.295648 -0.002598 0.135843
v 0.304013 0.006105 0.184515
v 0.267407 0.009064 0.186031
v 0.295648 -0.002915 0.135843
v 0.295648 -0.004974 0.135843
v 0.267407 0.009064 0.186031
v 0.249192 0.007876 0.153192
v 0.295648 -0.003744 0.135843
v 0.295648 -0.002915 0.135843
v 0.249192 0.007876 0.153192
v 0.238894 0.009214 0.114649
v 0.295648 -0.004961 0.135843
v 0.295648 -0.003744 0.135843
v 0.238894 0.009214 0.114649
v 0.267240 0.008307 0.085359
v 0.295648 -0.004758 0.135843
v 0.295648 -0.004961 0.135843
v 0.267240 0.008307 0.085359
v 0.305968 0.008080 0.075793
v 0.295648 -0.006430 0.135843
v 0.295648 -0.004758 0.135843
v 0.305968 0.008080 0.075793
v 0.341328 0.007414 0.096516
v 0.295648 -0.003274 0.135843
v 0.295648 -0.006430 0.135843
v 0.341328 0.007414 0.096516
v 0.349679 0.006464 0.135843
v 0.295648 -0.006606 0.135843
v 0.295648 -0.003274 0.135843
v 0.217399 0.084247 0.237482
v 0.217399 0.081047 0.237482
v 0.263057 0.071924 0.271424
v 0.281160 0.071336 0.237482
v 0.217399 0.081047 0.237482
v 0.217399 0.088066 0.237482
v 0.226093 0.070011 0.281162
v 0.263057 0.071924 0.271424
v 0.217399 0.088066 0.237482
v 0.217399 0.083540 0.237482
v 0.191460 0.068802 0.277287
v 0.226093 0.070011 0.281162
v 0.217399 0.083540 0.237482
v 0.217399 0.082694 0.237482
v 0.155716 0.069768 0.257372
v 0.191460 0.068802 0.277287
v 0.217399 0.082694 0.237482
v 0.217399 0.084279 0.237482
v 0.166677 0.069491 0.221125
v 0.155716 0.069768 0.257372
v 0.217399 0.084279 0.237482
v 0.217399 0.087131 0.237482
v 0.185611 0.071436 0.188702
v 0.166677 0.069491 0.221125
v 0.217399 0.087131 0.237482
v 0.217399 0.082123 0.237482
v 0.228575 0.071920 0.181329
v 0.185611 0.071436 0.188702
v 0.217399 0.082123 0.237482
v 0.217399 0.083375 0.237482
v 0.265980 0.073386 0.201366
v 0.228575 0.071920 0.181329
v 0.217399 0.083375 0.237482
v 0.217399 0.084247 0.237482
v 0.281160 0.071336 0.237482
v 0.265980 0.073386 0.201366
v 0.281160 0.071336 0.237482
v 0.263057 0.071924 0.271424
v 0.284160 0.038000 0.287113
v 0.303884 0.038000 0.237482
v 0.263057 0.071924 0.271424
v 0.226093 0.070011 0.281162
v 0.233002 0.038000 0.315880
v 0.284160 0.038000 0.287113
v 0.226093 0.070011 0.281162
v 0.191460 0.068802 0.277287
v 0.177663 0.038000 0.298459
v 0.233002 0.038000 0.315880
v 0.191460 0.068802 0.277287
v 0.155716 0.069768 0.257372
v 0.149831 0.038000 0.259270
v 0.177663 0.038000 0.298459
v 0.155716 0.069768 0.257372
v 0.166677 0.069491 0.221125
v 0.137327 0.038000 0.211661
v 0.149831 0.038000 0.259270
v 0.166677 0.069491 0.221125
v 0.185611 0.071436 0.188702
v 0.171964 0.038000 0.167759
v 0.137327 0.038000 0.211661
v 0.185611 0.071436 0.188702
v 0.228575 0.071920 0.181329
v 0.230396 0.038000 0.172181
v 0.171964 0.038000 0.167759
v 0.228575 0.071920 0.181329
v 0.265980 0.073386 0.201366
v 0.284532 0.038000 0.187574
v 0.230396 0.038000 0.172181
v 0.265980 0.073386 0.201366
v 0.281160 0.071336 0.237482
v 0.303884 0.038000 0.237482
v 0.284532 0.038000 0.187574
v 0.303884 0.038000 0.237482
v 0.284160 0.038000 0.287113
v 0.263963 0.005788 0.272098
v 0.268022 0.007479 0.237482
v 0.284160 0.038000 0.287113
v 0.233002 0.038000 0.315880
v 0.228276 0.003465 0.292133
v 0.263963 0.005788 0.272098
v 0.233002 0.038000 0.315880
v 0.177663 0.038000 0.298459
v 0.191499 0.002562 0.277226
v 0.228276 0.003465 0.292133
v 0.177663 0.038000 0.298459
v 0.149831 0.038000 0.259270
v 0.157998 0.002427 0.256637
v 0.191499 0.002562 0.277226
v 0.149831 0.038000 0.259270
v 0.137327 0.038000 0.211661
v 0.161617 0.007539 0.219494
v 0.157998 0.002427 0.256637
v 0.137327 0.038000 0.211661
v 0.171964 0.038000 0.167759
v 0.185517 0.004535 0.188557
v 0.161617 0.007539 0.219494
v 0.171964 0.038000 0.167759
v 0.230396 0.038000 0.172181
v 0.227950 0.004044 0.184467
v 0.185517 0.004535 0.188557
v 0.230396 0.038000 0.172181
v 0.284532 0.038000 0.187574
v 0.260409 0.007099 0.205507
v 0.227950 0.004044 0.184467
v 0.284532 0.038000 0.187574
v 0.303884 0.038000 0.237482
v 0.268022 0.007479 0.237482
v 0.260409 0.007099 0.205507
v 0.268022 0.007479 0.237482
v 0.263963 0.005788 0.272098
v 0.217399 -0.011826 0.237482
v 0.217399 -0.008388 0.237482
v 0.263963 0.005788 0.272098
v 0.228276 0.003465 0.292133
v 0.217399 -0.011858 0.237482
v 0.217399 -0.011826 0.237482
v 0.228276 0.003465 0.292133
v 0.191499 0.002562 0.277226
v 0.217399 -0.006052 0.237482
v 0.217399 -0.011858 0.237482
v 0.191499 0.002562 0.277226
v 0.157998 0.002427 0.256637
v 0.217399 -0.007619 0.237482
v 0.217399 -0.006052 0.237482
v 0.157998 0.002427 0.256637
v 0.161617 0.007539 0.219494
v 0.217399 -0.008952 0.237482
v 0.217399 -0.007619 0.237482
v 0.161617 0.007539 0.219494
v 0.185517 0.004535 0.188557
v 0.217399 -0.010240 0.237482
v 0.217399 -0.008952 0.237482
v 0.185517 0.004535 0.188557
v 0.227950 0.004044 0.184467
v 0.217399 -0.010937 0.237482
v 0.217399 -0.010240 0.237482
v 0.227950 0.004044 0.184467
v 0.260409 0.007099 0.205507
v 0.217399 -0.011081 0.237482
v 0.217399 -0.010937 0.237482
v 0.260409 0.007099 0.205507
v 0.268022 0.007479 0.237482
v 0.217399 -0.008388 0.237482
v 0.217399 -0.011081 0.237482
v 0.094730 0.080264 0.290362
v 0.094730 0.078117 0.290362
v 0.137315 0.068148 0.326383
v 0.152326 0.065799 0.290362
v 0.094730 0.078117 0.290362
v 0.094730 0.079950 0.290362
v 0.104533 0.067029 0.346410
v 0.137315 0.068148 0.326383
v 0.094730 0.079950 0.290362
v 0.094730 0.082454 0.290362
v 0.070202 0.066540 0.333189
v 0.104533 0.067029 0.346410
v 0.094730 0.082454 0.290362
v 0.094730 0.076905 0.290362
v 0.039572 0.067083 0.310600
v 0.070202 0.066540 0.333189
v 0.094730 0.076905 0.290362
v 0.094730 0.079445 0.290362
v 0.047586 0.065528 0.273065
v 0.039572 0.067083 0.310600
v 0.094730 0.079445 0.290362
v 0.094730 0.080051 0.290362
v 0.066441 0.069689 0.240969
v 0.047586 0.065528 0.273065
v 0.094730 0.080051 0.290362
v 0.094730 0.076936 0.290362
v 0.103273 0.068500 0.241519
v 0.066441 0.069689 0.240969
v 0.094730 0.076936 0.290362
v 0.094730 0.082866 0.290362
v 0.139829 0.066680 0.252215
v 0.103273 0.068500 0.241519
v 0.094730 0.082866 0.290362
v 0.094730 0.080264 0.290362
v 0.152326 0.065799 0.290362
v 0.139829 0.066680 0.252215
v 0.152326 0.065799 0.290362
v 0.137315 0.068148 0.326383
v 0.146408 0.038000 0.334075
v 0.177979 0.038000 0.290362
v 0.137315 0.068148 0.326383
v 0.104533 0.067029 0.346410
v 0.107079 0.038000 0.360962
v 0.146408 0.038000 0.334075
v 0.104533 0.067029 0.346410
v 0.070202 0.066540 0.333189
v 0.052958 0.038000 0.363297
v 0.107079 0.038000 0.360962
v 0.070202 0.066540 0.333189
v 0.039572 0.067083 0.310600
v 0.034112 0.038000 0.312603
v 0.052958 0.038000 0.363297
v 0.039572 0.067083 0.310600
v 0.047586 0.065528 0.273065
v 0.018413 0.038000 0.262361
v 0.034112 0.038000 0.312603
v 0.047586 0.065528 0.273065
v 0.066441 0.069689 0.240969
v 0.055312 0.038000 0.221538
v 0.018413 0.038000 0.262361
v 0.066441 0.069689 0.240969
v 0.103273 0.068500 0.241519
v 0.108390 0.038000 0.212264
v 0.055312 0.038000 0.221538
v 0.103273 0.068500 0.241519
v 0.139829 0.066680 0.252215
v 0.143763 0.038000 0.248886
v 0.108390 0.038000 0.212264
v 0.139829 0.066680 0.252215
v 0.152326 0.065799 0.290362
v 0.177979 0.038000 0.290362
v 0.143763 0.038000 0.248886
v 0.177979 0.038000 0.290362
v 0.146408 0.038000 0.334075
v 0.131291 0.005903 0.321288
v 0.145986 0.007634 0.290362
v 0.146408 0.038000 0.334075
v 0.107079 0.038000 0.360962
v 0.103627 0.009755 0.341229
v 0.131291 0.005903 0.321288
v 0.107079 0.038000 0.360962
v 0.052958 0.038000 0.363297
v 0.069465 0.008033 0.334475
v 0.103627 0.009755 0.341229
v 0.052958 0.038000 0.363297
v 0.034112 0.038000 0.312603
v 0.043607 0.006305 0.309119
v 0.069465 0.008033 0.334475
v 0.034112 0.038000 0.312603
v 0.018413 0.038000 0.262361
v 0.045746 0.006991 0.272390
v 0.043607 0.006305 0.309119
v 0.018413 0.038000 0.262361
v 0.055312 0.038000 0.221538
v 0.071606 0.005995 0.249988
v 0.045746 0.006991 0.272390
v 0.055312 0.038000 0.221538
v 0.108390 0.038000 0.212264
v 0.103360 0.008386 0.241025
v 0.071606 0.005995 0.249988
v 0.108390 0.038000 0.212264
v 0.143763 0.038000 0.248886
v 0.137411 0.010462 0.254260
v 0.103360 0.008386 0.241025
v 0.143763 0.038000 0.248886
v 0.177979 0.038000 0.290362
v 0.145986 0.007634 0.290362
v 0.137411 0.010462 0.254260
v 0.145986 0.007634 0.290362
v 0.131291 0.005903 0.321288
v 0.094730 -0.006741 0.290362
v 0.094730 -0.006862 0.290362
v 0.131291 0.005903 0.321288
v 0.103627 0.009755 0.341229
v 0.094730 -0.005317 0.290362
v 0.094730 -0.006741 0.290362
v 0.103627 0.009755 0.341229
v 0.069465 0.008033 0.334475
v 0.094730 -0.005402 0.290362
v 0.094730 -0.005317 0.290362
v 0.069465 0.008033 0.334475
v 0.043607 0.006305 0.309119
v 0.094730 -0.005558 0.290362
v 0.094730 -0.005402 0.290362
v 0.043607 0.006305 0.309119
v 0.045746 0.006991 0.272390
v 0.094730 -0.001577 0.290362
v 0.094730 -0.005558 0.290362
v 0.045746 0.006991 0.272390
v 0.071606 0.005995 0.249988
v 0.094730 -0.002143 0.290362
v 0.094730 -0.001577 0.290362
v 0.071606 0.005995 0.249988
v 0.103360 0.008386 0.241025
v 0.094730 -0.005976 0.290362
v 0.094730 -0.002143 0.290362
v 0.103360 0.008386 0.241025
v 0.137411 0.010462 0.254260
v 0.094730 -0.003392 0.290362
v 0.094730 -0.005976 0.290362
v 0.137411 0.010462 0.254260
v 0.145986 0.007634 0.290362
v 0.094730 -0.006862 0.290362
v 0.094730 -0.003392 0.290362
v -0.041990 0.076517 0.313812
v -0.041990 0.077275 0.313812
v 0.007131 0.067227 0.348642
v 0.019343 0.064921 0.313812
v -0.041990 0.077275 0.313812
v -0.041990 0.079399 0.313812
v -0.032183 0.065493 0.360811
v 0.007131 0.067227 0.348642
v -0.041990 0.079399 0.313812
v -0.041990 0.074101 0.313812
v -0.071515 0.065015 0.357025
v -0.032183 0.065493 0.360811
v -0.041990 0.074101 0.313812
v -0.041990 0.076389 0.313812
v -0.091659 0.064442 0.329088
v -0.071515 0.065015 0.357025
v -0.041990 0.076389 0.313812
v -0.041990 0.076508 0.313812
v -0.088951 0.065603 0.299369
v -0.091659 0.064442 0.329088
v -0.041990 0.076508 0.313812
v -0.041990 0.075274 0.313812
v -0.072840 0.066138 0.268660
v -0.088951 0.065603 0.299369
v -0.041990 0.075274 0.313812
v -0.041990 0.076089 0.313812
v -0.031734 0.063936 0.264660
v -0.072840 0.066138 0.268660
v -0.041990 0.076089 0.313812
v -0.041990 0.077115 0.313812
v 0.001450 0.064989 0.283011
v -0.031734 0.063936 0.264660
v -0.041990 0.077115 0.313812
v -0.041990 0.076517 0.313812
v 0.019343 0.064921 0.313812
v 0.001450 0.064989 0.283011
v 0.019343 0.064921 0.313812
v 0.007131 0.067227 0.348642
v 0.026211 0.038000 0.362171
v 0.029037 0.038000 0.313812
v 0.007131 0.067227 0.348642
v -0.032183 0.065493 0.360811
v -0.026452 0.038000 0.388275
v 0.026211 0.038000 0.362171
v -0.032183 0.065493 0.360811
v -0.071515 0.065015 0.357025
v -0.085098 0.038000 0.376905
v -0.026452 0.038000 0.388275
v -0.071515 0.065015 0.357025
v -0.091659 0.064442 0.329088
v -0.113340 0.038000 0.335756
v -0.085098 0.038000 0.376905
v -0.091659 0.064442 0.329088
v -0.088951 0.065603 0.299369
v -0.116201 0.038000 0.290988
v -0.113340 0.038000 0.335756
v -0.088951 0.065603 0.299369
v -0.072840 0.066138 0.268660
v -0.082570 0.038000 0.254419
v -0.116201 0.038000 0.290988
v -0.072840 0.066138 0.268660
v -0.031734 0.063936 0.264660
v -0.026932 0.038000 0.241646
v -0.082570 0.038000 0.254419
v -0.031734 0.063936 0.264660
v 0.001450 0.064989 0.283011
v 0.015452 0.038000 0.273083
v -0.026932 0.038000 0.241646
v 0.001450 0.064989 0.283011
v 0.019343 0.064921 0.313812
v 0.029037 0.038000 0.313812
v 0.015452 0.038000 0.273083
v 0.029037 0.038000 0.313812
v 0.026211 0.038000 0.362171
v 0.001858 0.009920 0.344903
v 0.012927 0.010772 0.313812
v 0.026211 0.038000 0.362171
v -0.026452 0.038000 0.388275
v -0.030852 0.012163 0.367192
v 0.001858 0.009920 0.344903
v -0.026452 0.038000 0.388275
v -0.085098 0.038000 0.376905
v -0.072114 0.010387 0.357902
v -0.030852 0.012163 0.367192
v -0.085098 0.038000 0.376905
v -0.113340 0.038000 0.335756
v -0.092070 0.010764 0.329215
v -0.072114 0.010387 0.357902
v -0.113340 0.038000 0.335756
v -0.116201 0.038000 0.290988
v -0.097594 0.012574 0.296711
v -0.092070 0.010764 0.329215
v -0.116201 0.038000 0.290988
v -0.082570 0.038000 0.254419
v -0.071695 0.009230 0.270336
v -0.097594 0.012574 0.296711
v -0.082570 0.038000 0.254419
v -0.026932 0.038000 0.241646
v -0.032363 0.011234 0.267673
v -0.071695 0.009230 0.270336
v -0.026932 0.038000 0.241646
v 0.015452 0.038000 0.273083
v -0.001643 0.009318 0.285204
v -0.032363 0.011234 0.267673
v 0.015452 0.038000 0.273083
v 0.029037 0.038000 0.313812
v 0.012927 0.010772 0.313812
v -0.001643 0.009318 0.285204
v 0.012927 0.010772 0.313812
v 0.001858 0.009920 0.344903
v -0.041990 -0.001316 0.313812
v -0.041990 -0.000594 0.313812
v 0.001858 0.009920 0.344903
v -0.030852 0.012163 0.367192
v -0.041990 -0.002019 0.313812
v -0.041990 -0.001316 0.313812
v -0.030852 0.012163 0.367192
v -0.072114 0.010387 0.357902
v -0.041990 -0.001678 0.313812
v -0.041990 -0.002019 0.313812
v -0.072114 0.010387 0.357902
v -0.092070 0.010764 0.329215
v -0.041990 -0.003495 0.313812
v -0.041990 -0.001678 0.313812
v -0.092070 0.010764 0.329215
v -0.097594 0.012574 0.296711
v -0.041990 -0.002118 0.313812
v -0.041990 -0.003495 0.313812
v -0.097594 0.012574 0.296711
v -0.071695 0.009230 0.270336
v -0.041990 0.000814 0.313812
v -0.041990 -0.002118 0.313812
v -0.071695 0.009230 0.270336
v -0.032363 0.011234 0.267673
v -0.041990 0.002267 0.313812
v -0.041990 0.000814 0.313812
v -0.032363 0.011234 0.267673
v -0.001643 0.009318 0.285204
v -0.041990 0.000798 0.313812
v -0.041990 0.002267 0.313812
v -0.001643 0.009318 0.285204
v 0.012927 0.010772 0.313812
v -0.041990 -0.000594 0.313812
v -0.041990 0.000798 0.313812
v -0.153989 0.080275 0.287429
v -0.153989 0.077732 0.287429
v -0.110633 0.070556 0.322428
v -0.099511 0.066600 0.287429
v -0.153989 0.077732 0.287429
v -0.153989 0.081892 0.287429
v -0.146521 0.069030 0.328177
v -0.110633 0.070556 0.322428
v -0.153989 0.081892 0.287429
v -0.153989 0.078490 0.287429
v -0.180645 0.069866 0.331845
v -0.146521 0.069030 0.328177
v -0.153989 0.078490 0.287429
v -0.153989 0.079851 0.287429
v -0.204456 0.070107 0.305100
v -0.180645 0.069866 0.331845
v -0.153989 0.079851 0.287429
v -0.153989 0.077879 0.287429
v -0.205821 0.069626 0.269280
v -0.204456 0.070107 0.305100
v -0.153989 0.077879 0.287429
v -0.153989 0.083800 0.287429
v -0.178391 0.069964 0.246769
v -0.205821 0.069626 0.269280
v -0.153989 0.083800 0.287429
v -0.153989 0.078249 0.287429
v -0.145288 0.070090 0.239956
v -0.178391 0.069964 0.246769
v -0.153989 0.078249 0.287429
v -0.153989 0.080989 0.287429
v -0.113533 0.069412 0.254771
v -0.145288 0.070090 0.239956
v -0.153989 0.080989 0.287429
v -0.153989 0.080275 0.287429
v -0.099511 0.066600 0.287429
v -0.113533 0.069412 0.254771
v -0.099511 0.066600 0.287429
v -0.110633 0.070556 0.322428
v -0.103453 0.038000 0.328224
v -0.092239 0.038000 0.287429
v -0.110633 0.070556 0.322428
v -0.146521 0.069030 0.328177
v -0.140105 0.038000 0.363179
v -0.103453 0.038000 0.328224
v -0.146521 0.069030 0.328177
v -0.180645 0.069866 0.331845
v -0.190389 0.038000 0.348082
v -0.140105 0.038000 0.363179
v -0.180645 0.069866 0.331845
v -0.204456 0.070107 0.305100
v -0.217942 0.038000 0.309822
v -0.190389 0.038000 0.348082
v -0.204456 0.070107 0.305100
v -0.205821 0.069626 0.269280
v -0.221475 0.038000 0.263799
v -0.217942 0.038000 0.309822
v -0.205821 0.069626 0.269280
v -0.178391 0.069964 0.246769
v -0.187990 0.038000 0.230774
v -0.221475 0.038000 0.263799
v -0.178391 0.069964 0.246769
v -0.145288 0.070090 0.239956
v -0.140558 0.038000 0.214153
v -0.187990 0.038000 0.230774
v -0.145288 0.070090 0.239956
v -0.113533 0.069412 0.254771
v -0.104884 0.038000 0.247790
v -0.140558 0.038000 0.214153
v -0.113533 0.069412 0.254771
v -0.099511 0.066600 0.287429
v -0.092239 0.038000 0.287429
v -0.104884 0.038000 0.247790
v -0.092239 0.038000 0.287429
v -0.103453 0.038000 0.328224
v -0.120600 0.006829 0.314383
v -0.109968 0.005399 0.287429
v -0.103453 0.038000 0.328224
v -0.140105 0.038000 0.363179
v -0.144846 0.006292 0.337314
v -0.120600 0.006829 0.314383
v -0.140105 0.038000 0.363179
v -0.190389 0.038000 0.348082
v -0.182188 0.008104 0.334416
v -0.144846 0.006292 0.337314
v -0.190389 0.038000 0.348082
v -0.217942 0.038000 0.309822
v -0.199379 0.008197 0.303323
v -0.182188 0.008104 0.334416
v -0.217942 0.038000 0.309822
v -0.221475 0.038000 0.263799
v -0.200810 0.005081 0.271035
v -0.199379 0.008197 0.303323
v -0.221475 0.038000 0.263799
v -0.187990 0.038000 0.230774
v -0.180591 0.008932 0.243103
v -0.200810 0.005081 0.271035
v -0.187990 0.038000 0.230774
v -0.140558 0.038000 0.214153
v -0.145576 0.009199 0.241529
v -0.180591 0.008932 0.243103
v -0.140558 0.038000 0.214153
v -0.104884 0.038000 0.247790
v -0.113467 0.006432 0.254718
v -0.145576 0.009199 0.241529
v -0.104884 0.038000 0.247790
v -0.092239 0.038000 0.287429
v -0.109968 0.005399 0.287429
v -0.113467 0.006432 0.254718
v -0.109968 0.005399 0.287429
v -0.120600 0.006829 0.314383
v -0.153989 -0.008082 0.287429
v -0.153989 -0.007152 0.287429
v -0.120600 0.006829 0.314383
v -0.144846 0.006292 0.337314
v -0.153989 -0.002553 0.287429
v -0.153989 -0.008082 0.287429
v -0.144846 0.006292 0.337314
v -0.182188 0.008104 0.334416
v -0.153989 -0.002491 0.287429
v -0.153989 -0.002553 0.287429
v -0.182188 0.008104 0.334416
v -0.199379 0.008197 0.303323
v -0.153989 -0.002199 0.287429
v -0.153989 -0.002491 0.287429
v -0.199379 0.008197 0.303323
v -0.200810 0.005081 0.271035
v -0.153989 -0.006948 0.287429
v -0.153989 -0.002199 0.287429
v -0.200810 0.005081 0.271035
v -0.180591 0.008932 0.243103
v -0.153989 -0.006755 0.287429
v -0.153989 -0.006948 0.287429
v -0.180591 0.008932 0.243103
v -0.145576 0.009199 0.241529
v -0.153989 -0.001955 0.287429
v -0.153989 -0.006755 0.287429
v -0.145576 0.009199 0.241529
v -0.113467 0.006432 0.254718
v -0.153989 -0.008067 0.287429
v -0.153989 -0.001955 0.287429
v -0.113467 0.006432 0.254718
v -0.109968 0.005399 0.287429
v -0.153989 -0.007152 0.287429
v -0.153989 -0.008067 0.287429
v -0.267748 0.079636 0.180733
v -0.267748 0.079479 0.180733
v -0.223192 0.063304 0.217513
v -0.221183 0.065308 0.180733
v -0.267748 0.079479 0.180733
v -0.267748 0.078412 0.180733
v -0.259105 0.065333 0.228956
v -0.223192 0.063304 0.217513
v -0.267748 0.078412 0.180733
v -0.267748 0.074993 0.180733
v -0.293104 0.064523 0.223938
v -0.259105 0.065333 0.228956
v -0.267748 0.074993 0.180733
v -0.267748 0.077618 0.180733
v -0.312041 0.063706 0.196593
v -0.293104 0.064523 0.223938
v -0.267748 0.077618 0.180733
v -0.267748 0.078384 0.180733
v -0.320009 0.064138 0.162021
v -0.312041 0.063706 0.196593
v -0.267748 0.078384 0.180733
v -0.267748 0.075278 0.180733
v -0.297229 0.064813 0.130499
v -0.320009 0.064138 0.162021
v -0.267748 0.075278 0.180733
v -0.267748 0.076485 0.180733
v -0.258304 0.066906 0.128045
v -0.297229 0.064813 0.130499
v -0.267748 0.076485 0.180733
v -0.267748 0.076375 0.180733
v -0.226866 0.067229 0.146986
v -0.258304 0.066906 0.128045
v -0.267748 0.076375 0.180733
v -0.267748 0.079636 0.180733
v -0.221183 0.065308 0.180733
v -0.226866 0.067229 0.146986
v -0.221183 0.065308 0.180733
v -0.223192 0.063304 0.217513
v -0.208766 0.038000 0.229421
v -0.193491 0.038000 0.180733
v -0.223192 0.063304 0.217513
v -0.259105 0.065333 0.228956
v -0.253829 0.038000 0.258390
v -0.208766 0.038000 0.229421
v -0.259105 0.065333 0.228956
v -0.293104 0.064523 0.223938
v -0.303171 0.038000 0.241091
v -0.253829 0.038000 0.258390
v -0.293104 0.064523 0.223938
v -0.312041 0.063706 0.196593
v -0.331509 0.038000 0.203563
v -0.303171 0.038000 0.241091
v -0.312041 0.063706 0.196593
v -0.320009 0.064138 0.162021
v -0.333356 0.038000 0.157242
v -0.331509 0.038000 0.203563
v -0.320009 0.064138 0.162021
v -0.297229 0.064813 0.130499
v -0.305581 0.038000 0.116269
v -0.333356 0.038000 0.157242
v -0.297229 0.064813 0.130499
v -0.258304 0.066906 0.128045
v -0.252867 0.038000 0.097709
v -0.305581 0.038000 0.116269
v -0.258304 0.066906 0.128045
v -0.226866 0.067229 0.146986
v -0.212142 0.038000 0.134832
v -0.252867 0.038000 0.097709
v -0.226866 0.067229 0.146986
v -0.221183 0.065308 0.180733
v -0.193491 0.038000 0.180733
v -0.212142 0.038000 0.134832
v -0.193491 0.038000 0.180733
v -0.208766 0.038000 0.229421
v -0.230921 0.012774 0.211133
v -0.208231 0.011169 0.180733
v -0.208766 0.038000 0.229421
v -0.253829 0.038000 0.258390
v -0.257658 0.012550 0.237025
v -0.230921 0.012774 0.211133
v -0.253829 0.038000 0.258390
v -0.303171 0.038000 0.241091
v -0.293765 0.010695 0.225064
v -0.257658 0.012550 0.237025
v -0.303171 0.038000 0.241091
v -0.331509 0.038000 0.203563
v -0.312228 0.012136 0.196660
v -0.293765 0.010695 0.225064
v -0.331509 0.038000 0.203563
v -0.333356 0.038000 0.157242
v -0.322018 0.012492 0.161302
v -0.312228 0.012136 0.196660
v -0.333356 0.038000 0.157242
v -0.305581 0.038000 0.116269
v -0.293007 0.010878 0.137694
v -0.322018 0.012492 0.161302
v -0.305581 0.038000 0.116269
v -0.252867 0.038000 0.097709
v -0.259605 0.011655 0.135303
v -0.293007 0.010878 0.137694
v -0.252867 0.038000 0.097709
v -0.212142 0.038000 0.134832
v -0.228481 0.009771 0.148320
v -0.259605 0.011655 0.135303
v -0.212142 0.038000 0.134832
v -0.193491 0.038000 0.180733
v -0.208231 0.011169 0.180733
v -0.228481 0.009771 0.148320
v -0.208231 0.011169 0.180733
v -0.230921 0.012774 0.211133
v -0.267748 0.001376 0.180733
v -0.267748 0.001041 0.180733
v -0.230921 0.012774 0.211133
v -0.257658 0.012550 0.237025
v -0.267748 -0.001509 0.180733
v -0.267748 0.001376 0.180733
v -0.257658 0.012550 0.237025
v -0.293765 0.010695 0.225064
v -0.267748 0.000209 0.180733
v -0.267748 -0.001509 0.180733
v -0.293765 0.010695 0.225064
v -0.312228 0.012136 0.196660
v -0.267748 -0.003284 0.180733
v -0.267748 0.000209 0.180733
v -0.312228 0.012136 0.196660
v -0.322018 0.012492 0.161302
v -0.267748 -0.002387 0.180733
v -0.267748 -0.003284 0.180733
v -0.322018 0.012492 0.161302
v -0.293007 0.010878 0.137694
v -0.267748 -0.003175 0.180733
v -0.267748 -0.002387 0.180733
v -0.293007 0.010878 0.137694
v -0.259605 0.011655 0.135303
v -0.267748 -0.001241 0.180733
v -0.267748 -0.003175 0.180733
v -0.259605 0.011655 0.135303
v -0.228481 0.009771 0.148320
v -0.267748 -0.002460 0.180733
v -0.267748 -0.001241 0.180733
v -0.228481 0.009771 0.148320
v -0.208231 0.011169 0.180733
v -0.267748 0.001041 0.180733
v -0.267748 -0.002460 0.180733
v -0.308411 0.075591 0.056128
v -0.308411 0.076613 0.056128
v -0.267484 0.066511 0.085137
v -0.248840 0.066179 0.056128
v -0.308411 0.076613 0.056128
v -0.308411 0.079215 0.056128
v -0.298462 0.063945 0.103794
v -0.267484 0.066511 0.085137
v -0.308411 0.079215 0.056128
v -0.308411 0.074986 0.056128
v -0.334892 0.063727 0.094872
v -0.298462 0.063945 0.103794
v -0.308411 0.074986 0.056128
v -0.308411 0.077753 0.056128
v -0.366284 0.064097 0.073921
v -0.334892 0.063727 0.094872
v -0.308411 0.077753 0.056128
v -0.308411 0.077963 0.056128
v -0.367980 0.066319 0.037814
v -0.366284 0.064097 0.073921
v -0.308411 0.077963 0.056128
v -0.308411 0.074433 0.056128
v -0.334031 0.065887 0.018645
v -0.367980 0.066319 0.037814
v -0.308411 0.074433 0.056128
v -0.308411 0.078250 0.056128
v -0.299672 0.067898 0.014260
v -0.334031 0.065887 0.018645
v -0.308411 0.078250 0.056128
v -0.308411 0.074871 0.056128
v -0.259236 0.064333 0.021273
v -0.299672 0.067898 0.014260
v -0.308411 0.074871 0.056128
v -0.308411 0.075591 0.056128
v -0.248840 0.066179 0.056128
v -0.259236 0.064333 0.021273
v -0.248840 0.066179 0.056128
v -0.267484 0.066511 0.085137
v -0.253006 0.038000 0.095400
v -0.227231 0.038000 0.056128
v -0.267484 0.066511 0.085137
v -0.298462 0.063945 0.103794
v -0.293874 0.038000 0.125769
v -0.253006 0.038000 0.095400
v -0.298462 0.063945 0.103794
v -0.334892 0.063727 0.094872
v -0.350545 0.038000 0.117774
v -0.293874 0.038000 0.125769
v -0.334892 0.063727 0.094872
v -0.366284 0.064097 0.073921
v -0.394997 0.038000 0.082749
v -0.350545 0.038000 0.117774
v -0.366284 0.064097 0.073921
v -0.367980 0.066319 0.037814
v -0.389644 0.038000 0.031153
v -0.394997 0.038000 0.082749
v -0.367980 0.066319 0.037814
v -0.334031 0.065887 0.018645
v -0.354377 0.038000 -0.011123
v -0.389644 0.038000 0.031153
v -0.334031 0.065887 0.018645
v -0.299672 0.067898 0.014260
v -0.294051 0.038000 -0.012668
v -0.354377 0.038000 -0.011123
v -0.299672 0.067898 0.014260
v -0.259236 0.064333 0.021273
v -0.241459 0.038000 0.008673
v -0.294051 0.038000 -0.012668
v -0.259236 0.064333 0.021273
v -0.248840 0.066179 0.056128
v -0.227231 0.038000 0.056128
v -0.241459 0.038000 0.008673
v -0.227231 0.038000 0.056128
v -0.253006 0.038000 0.095400
v -0.263672 0.010548 0.087839
v -0.256529 0.010560 0.056128
v -0.253006 0.038000 0.095400
v -0.293874 0.038000 0.125769
v -0.298228 0.010186 0.104913
v -0.263672 0.010548 0.087839
v -0.293874 0.038000 0.125769
v -0.350545 0.038000 0.117774
v -0.334961 0.011289 0.094972
v -0.298228 0.010186 0.104913
v -0.350545 0.038000 0.117774
v -0.394997 0.038000 0.082749
v -0.358095 0.010796 0.071404
v -0.334961 0.011289 0.094972
v -0.394997 0.038000 0.082749
v -0.389644 0.038000 0.031153
v -0.361457 0.011041 0.039820
v -0.358095 0.010796 0.071404
v -0.389644 0.038000 0.031153
v -0.354377 0.038000 -0.011123
v -0.340412 0.012376 0.009308
v -0.361457 0.011041 0.039820
v -0.354377 0.038000 -0.011123
v -0.294051 0.038000 -0.012668
v -0.299065 0.009148 0.011352
v -0.340412 0.012376 0.009308
v -0.294051 0.038000 -0.012668
v -0.241459 0.038000 0.008673
v -0.259860 0.008216 0.021715
v -0.299065 0.009148 0.011352
v -0.241459 0.038000 0.008673
v -0.227231 0.038000 0.056128
v -0.256529 0.010560 0.056128
v -0.259860 0.008216 0.021715
v -0.256529 0.010560 0.056128
v -0.263672 0.010548 0.087839
v -0.308411 -0.001977 0.056128
v -0.308411 -0.001479 0.056128
v -0.263672 0.010548 0.087839
v -0.298228 0.010186 0.104913
v -0.308411 0.000407 0.056128
v -0.308411 -0.001977 0.056128
v -0.298228 0.010186 0.104913
v -0.334961 0.011289 0.094972
v -0.308411 -0.001661 0.056128
v -0.308411 0.000407 0.056128
v -0.334961 0.011289 0.094972
v -0.358095 0.010796 0.071404
v -0.308411 -0.001795 0.056128
v -0.308411 -0.001661 0.056128
v -0.358095 0.010796 0.071404
v -0.361457 0.011041 0.039820
v -0.308411 0.001320 0.056128
v -0.308411 -0.001795 0.056128
v -0.361457 0.011041 0.039820
v -0.340412 0.012376 0.009308
v -0.308411 -0.000921 0.056128
v -0.308411 0.001320 0.056128
v -0.340412 0.012376 0.009308
v -0.299065 0.009148 0.011352
v -0.308411 -0.000928 0.056128
v -0.308411 -0.000921 0.056128
v -0.299065 0.009148 0.011352
v -0.259860 0.008216 0.021715
v -0.308411 -0.001563 0.056128
v -0.308411 -0.000928 0.056128
v -0.259860 0.008216 0.021715
v -0.256529 0.010560 0.056128
v -0.308411 -0.001479 0.056128
v -0.308411 -0.001563 0.056128
v -0.296638 0.078555 -0.057359
v -0.296638 0.076928 -0.057359
v -0.255056 0.068884 -0.023617
v -0.244505 0.065718 -0.057359
v -0.296638 0.076928 -0.057359
v -0.296638 0.075444 -0.057359
v -0.285827 0.064716 0.001931
v -0.255056 0.068884 -0.023617
v -0.296638 0.075444 -0.057359
v -0.296638 0.080334 -0.057359
v -0.326801 0.067939 -0.006836
v -0.285827 0.064716 0.001931
v -0.296638 0.080334 -0.057359
v -0.296638 0.078160 -0.057359
v -0.348165 0.064808 -0.039223
v -0.326801 0.067939 -0.006836
v -0.296638 0.078160 -0.057359
v -0.296638 0.081516 -0.057359
v -0.354031 0.064430 -0.077561
v -0.348165 0.064808 -0.039223
v -0.296638 0.081516 -0.057359
v -0.296638 0.081637 -0.057359
v -0.323245 0.068215 -0.101927
v -0.354031 0.064430 -0.077561
v -0.296638 0.081637 -0.057359
v -0.296638 0.078866 -0.057359
v -0.285536 0.064857 -0.118249
v -0.323245 0.068215 -0.101927
v -0.296638 0.078866 -0.057359
v -0.296638 0.079639 -0.057359
v -0.252567 0.067508 -0.093121
v -0.285536 0.064857 -0.118249
v -0.296638 0.079639 -0.057359
v -0.296638 0.078555 -0.057359
v -0.244505 0.065718 -0.057359
v -0.252567 0.067508 -0.093121
v -0.244505 0.065718 -0.057359
v -0.255056 0.068884 -0.023617
v -0.232417 0.038000 -0.005247
v -0.216405 0.038000 -0.057359
v -0.255056 0.068884 -0.023617
v -0.285827 0.064716 0.001931
v -0.282725 0.038000 0.018947
v -0.232417 0.038000 -0.005247
v -0.285827 0.064716 0.001931
v -0.326801 0.067939 -0.006836
v -0.340221 0.038000 0.015642
v -0.282725 0.038000 0.018947
v -0.326801 0.067939 -0.006836
v -0.348165 0.064808 -0.039223
v -0.374803 0.038000 -0.029847
v -0.340221 0.038000 0.015642
v -0.348165 0.064808 -0.039223
v -0.354031 0.064430 -0.077561
v -0.362833 0.038000 -0.080659
v -0.374803 0.038000 -0.029847
v -0.354031 0.064430 -0.077561
v -0.323245 0.068215 -0.101927
v -0.331557 0.038000 -0.115849
v -0.362833 0.038000 -0.080659
v -0.323245 0.068215 -0.101927
v -0.285536 0.064857 -0.118249
v -0.281249 0.038000 -0.141759
v -0.331557 0.038000 -0.115849
v -0.285536 0.064857 -0.118249
v -0.252567 0.067508 -0.093121
v -0.241844 0.038000 -0.101823
v -0.281249 0.038000 -0.141759
v -0.252567 0.067508 -0.093121
v -0.244505 0.065718 -0.057359
v -0.216405 0.038000 -0.057359
v -0.241844 0.038000 -0.101823
v -0.216405 0.038000 -0.057359
v -0.232417 0.038000 -0.005247
v -0.255211 0.009600 -0.023743
v -0.234910 0.007193 -0.057359
v -0.232417 0.038000 -0.005247
v -0.282725 0.038000 0.018947
v -0.285631 0.009932 0.003008
v -0.255211 0.009600 -0.023743
v -0.282725 0.038000 0.018947
v -0.340221 0.038000 0.015642
v -0.325763 0.007962 -0.008576
v -0.285631 0.009932 0.003008
v -0.340221 0.038000 0.015642
v -0.374803 0.038000 -0.029847
v -0.355305 0.008154 -0.036710
v -0.325763 0.007962 -0.008576
v -0.374803 0.038000 -0.029847
v -0.362833 0.038000 -0.080659
v -0.352299 0.007329 -0.076951
v -0.355305 0.008154 -0.036710
v -0.362833 0.038000 -0.080659
v -0.331557 0.038000 -0.115849
v -0.324677 0.011114 -0.104325
v -0.352299 0.007329 -0.076951
v -0.331557 0.038000 -0.115849
v -0.281249 0.038000 -0.141759
v -0.287999 0.008812 -0.104742
v -0.324677 0.011114 -0.104325
v -0.281249 0.038000 -0.141759
v -0.241844 0.038000 -0.101823
v -0.251418 0.011470 -0.094054
v -0.287999 0.008812 -0.104742
v -0.241844 0.038000 -0.101823
v -0.216405 0.038000 -0.057359
v -0.234910 0.007193 -0.057359
v -0.251418 0.011470 -0.094054
v -0.234910 0.007193 -0.057359
v -0.255211 0.009600 -0.023743
v -0.296638 -0.000389 -0.057359
v -0.296638 -0.000093 -0.057359
v -0.255211 0.009600 -0.023743
v -0.285631 0.009932 0.003008
v -0.296638 0.000443 -0.057359
v -0.296638 -0.000389 -0.057359
v -0.285631 0.009932 0.003008
v -0.325763 0.007962 -0.008576
v -0.296638 -0.001986 -0.057359
v -0.296638 0.000443 -0.057359
v -0.325763 0.007962 -0.008576
v -0.355305 0.008154 -0.036710
v -0.296638 -0.004831 -0.057359
v -0.296638 -0.001986 -0.057359
v -0.355305 0.008154 -0.036710
v -0.352299 0.007329 -0.076951
v -0.296638 -0.004736 -0.057359
v -0.296638 -0.004831 -0.057359
v -0.352299 0.007329 -0.076951
v -0.324677 0.011114 -0.104325
v -0.296638 -0.005304 -0.057359
v -0.296638 -0.004736 -0.057359
v -0.324677 0.011114 -0.104325
v -0.287999 0.008812 -0.104742
v -0.296638 -0.001702 -0.057359
v -0.296638 -0.005304 -0.057359
v -0.287999 0.008812 -0.104742
v -0.251418 0.011470 -0.094054
v -0.296638 -0.000554 -0.057359
v -0.296638 -0.001702 -0.057359
v -0.251418 0.011470 -0.094054
v -0.234910 0.007193 -0.057359
v -0.296638 -0.000093 -0.057359
v -0.296638 -0.000554 -0.057359
v -0.250619 0.082076 -0.191315
v -0.250619 0.076403 -0.191315
v -0.206201 0.068712 -0.159448
v -0.198429 0.068574 -0.191315
v -0.250619 0.076403 -0.191315
v -0.250619 0.078280 -0.191315
v -0.241541 0.066948 -0.147299
v -0.206201 0.068712 -0.159448
v -0.250619 0.078280 -0.191315
v -0.250619 0.078481 -0.191315
v -0.279621 0.068872 -0.148366
v -0.241541 0.066948 -0.147299
v -0.250619 0.078481 -0.191315
v -0.250619 0.081515 -0.191315
v -0.305448 0.067799 -0.174252
v -0.279621 0.068872 -0.148366
v -0.250619 0.081515 -0.191315
v -0.250619 0.076799 -0.191315
v -0.292872 0.066742 -0.204464
v -0.305448 0.067799 -0.174252
v -0.250619 0.076799 -0.191315
v -0.250619 0.080527 -0.191315
v -0.278027 0.065805 -0.231905
v -0.292872 0.066742 -0.204464
v -0.250619 0.080527 -0.191315
v -0.250619 0.080641 -0.191315
v -0.240397 0.066321 -0.240881
v -0.278027 0.065805 -0.231905
v -0.250619 0.080641 -0.191315
v -0.250619 0.076953 -0.191315
v -0.205988 0.065616 -0.223335
v -0.240397 0.066321 -0.240881
v -0.250619 0.076953 -0.191315
v -0.250619 0.082076 -0.191315
v -0.198429 0.068574 -0.191315
v -0.205988 0.065616 -0.223335
v -0.198429 0.068574 -0.191315
v -0.206201 0.068712 -0.159448
v -0.200797 0.038000 -0.155571
v -0.174982 0.038000 -0.191315
v -0.206201 0.068712 -0.159448
v -0.241541 0.066948 -0.147299
v -0.237663 0.038000 -0.128493
v -0.200797 0.038000 -0.155571
v -0.241541 0.066948 -0.147299
v -0.279621 0.068872 -0.148366
v -0.292297 0.038000 -0.129593
v -0.237663 0.038000 -0.128493
v -0.279621 0.068872 -0.148366
v -0.305448 0.067799 -0.174252
v -0.318577 0.038000 -0.170167
v -0.292297 0.038000 -0.129593
v -0.305448 0.067799 -0.174252
v -0.292872 0.066742 -0.204464
v -0.324654 0.038000 -0.214354
v -0.318577 0.038000 -0.170167
v -0.292872 0.066742 -0.204464
v -0.278027 0.065805 -0.231905
v -0.290453 0.038000 -0.250306
v -0.324654 0.038000 -0.214354
v -0.278027 0.065805 -0.231905
v -0.240397 0.066321 -0.240881
v -0.238503 0.038000 -0.250064
v -0.290453 0.038000 -0.250306
v -0.240397 0.066321 -0.240881
v -0.205988 0.065616 -0.223335
v -0.197465 0.038000 -0.229449
v -0.238503 0.038000 -0.250064
v -0.205988 0.065616 -0.223335
v -0.198429 0.068574 -0.191315
v -0.174982 0.038000 -0.191315
v -0.197465 0.038000 -0.229449
v -0.174982 0.038000 -0.191315
v -0.200797 0.038000 -0.155571
v -0.205998 0.009284 -0.159302
v -0.200463 0.009730 -0.191315
v -0.200797 0.038000 -0.155571
v -0.237663 0.038000 -0.128493
v -0.242621 0.009066 -0.152534
v -0.205998 0.009284 -0.159302
v -0.237663 0.038000 -0.128493
v -0.292297 0.038000 -0.129593
v -0.277460 0.011273 -0.151565
v -0.242621 0.009066 -0.152534
v -0.292297 0.038000 -0.129593
v -0.318577 0.038000 -0.170167
v -0.304158 0.009830 -0.174654
v -0.277460 0.011273 -0.151565
v -0.318577 0.038000 -0.170167
v -0.324654 0.038000 -0.214354
v -0.303295 0.007710 -0.207708
v -0.304158 0.009830 -0.174654
v -0.324654 0.038000 -0.214354
v -0.290453 0.038000 -0.250306
v -0.277877 0.006848 -0.231683
v -0.303295 0.007710 -0.207708
v -0.290453 0.038000 -0.250306
v -0.238503 0.038000 -0.250064
v -0.242362 0.008447 -0.231352
v -0.277877 0.006848 -0.231683
v -0.238503 0.038000 -0.250064
v -0.197465 0.038000 -0.229449
v -0.212157 0.010807 -0.218909
v -0.242362 0.008447 -0.231352
v -0.197465 0.038000 -0.229449
v -0.174982 0.038000 -0.191315
v -0.200463 0.009730 -0.191315
v -0.212157 0.010807 -0.218909
v -0.200463 0.009730 -0.191315
v -0.205998 0.009284 -0.159302
v -0.250619 -0.005980 -0.191315
v -0.250619 -0.003501 -0.191315
v -0.205998 0.009284 -0.159302
v -0.242621 0.009066 -0.152534
v -0.250619 -0.004256 -0.191315
v -0.250619 -0.005980 -0.191315
v -0.242621 0.009066 -0.152534
v -0.277460 0.011273 -0.151565
v -0.250619 -0.002253 -0.191315
v -0.250619 -0.004256 -0.191315
v -0.277460 0.011273 -0.151565
v -0.304158 0.009830 -0.174654
v -0.250619 -0.002078 -0.191315
v -0.250619 -0.002253 -0.191315
v -0.304158 0.009830 -0.174654
v -0.303295 0.007710 -0.207708
v -0.250619 0.000013 -0.191315
v -0.250619 -0.002078 -0.191315
v -0.303295 0.007710 -0.207708
v -0.277877 0.006848 -0.231683
v -0.250619 -0.002914 -0.191315
v -0.250619 0.000013 -0.191315
v -0.277877 0.006848 -0.231683
v -0.242362 0.008447 -0.231352
v -0.250619 -0.003651 -0.191315
v -0.250619 -0.002914 -0.191315
v -0.242362 0.008447 -0.231352
v -0.212157 0.010807 -0.218909
v -0.250619 -0.001314 -0.191315
v -0.250619 -0.003651 -0.191315
v -0.212157 0.010807 -0.218909
v -0.200463 0.009730 -0.191315
v -0.250619 -0.003501 -0.191315
v -0.250619 -0.001314 -0.191315
v -0.154439 0.087650 -0.259554
v -0.154439 0.088248 -0.259554
v -0.110658 0.072802 -0.226707
v -0.102516 0.072882 -0.259554
v -0.154439 0.088248 -0.259554
v -0.154439 0.087689 -0.259554
v -0.145332 0.072440 -0.213375
v -0.110658 0.072802 -0.226707
v -0.154439 0.087689 -0.259554
v -0.154439 0.086920 -0.259554
v -0.179420 0.071124 -0.220869
v -0.145332 0.072440 -0.213375
v -0.154439 0.086920 -0.259554
v -0.154439 0.088394 -0.259554
v -0.205811 0.070672 -0.242836
v -0.179420 0.071124 -0.220869
v -0.154439 0.088394 -0.259554
v -0.154439 0.084801 -0.259554
v -0.200812 0.074761 -0.274645
v -0.205811 0.070672 -0.242836
v -0.154439 0.084801 -0.259554
v -0.154439 0.088430 -0.259554
v -0.178785 0.070818 -0.297257
v -0.200812 0.074761 -0.274645
v -0.154439 0.088430 -0.259554
v -0.154439 0.087202 -0.259554
v -0.145571 0.072023 -0.304525
v -0.178785 0.070818 -0.297257
v -0.154439 0.087202 -0.259554
v -0.154439 0.086374 -0.259554
v -0.112923 0.074731 -0.290701
v -0.145571 0.072023 -0.304525
v -0.154439 0.086374 -0.259554
v -0.154439 0.087650 -0.259554
v -0.102516 0.072882 -0.259554
v -0.112923 0.074731 -0.290701
v -0.102516 0.072882 -0.259554
v -0.110658 0.072802 -0.226707
v -0.095123 0.038000 -0.215052
v -0.082921 0.038000 -0.259554
v -0.110658 0.072802 -0.226707
v -0.145332 0.072440 -0.213375
v -0.142324 0.038000 -0.198123
v -0.095123 0.038000 -0.215052
v -0.145332 0.072440 -0.213375
v -0.179420 0.071124 -0.220869
v -0.193670 0.038000 -0.198801
v -0.142324 0.038000 -0.198123
v -0.179420 0.071124 -0.220869
v -0.205811 0.070672 -0.242836
v -0.231440 0.038000 -0.234496
v -0.193670 0.038000 -0.198801
v -0.205811 0.070672 -0.242836
v -0.200812 0.074761 -0.274645
v -0.234432 0.038000 -0.285586
v -0.231440 0.038000 -0.234496
v -0.200812 0.074761 -0.274645
v -0.178785 0.070818 -0.297257
v -0.193464 0.038000 -0.319989
v -0.234432 0.038000 -0.285586
v -0.178785 0.070818 -0.297257
v -0.145571 0.072023 -0.304525
v -0.142608 0.038000 -0.319546
v -0.193464 0.038000 -0.319989
v -0.145571 0.072023 -0.304525
v -0.112923 0.074731 -0.290701
v -0.090495 0.038000 -0.307528
v -0.142608 0.038000 -0.319546
v -0.112923 0.074731 -0.290701
v -0.102516 0.072882 -0.259554
v -0.082921 0.038000 -0.259554
v -0.090495 0.038000 -0.307528
v -0.082921 0.038000 -0.259554
v -0.095123 0.038000 -0.215052
v -0.114722 0.004770 -0.229757
v -0.099046 0.002446 -0.259554
v -0.095123 0.038000 -0.215052
v -0.142324 0.038000 -0.198123
v -0.144165 0.005691 -0.207456
v -0.114722 0.004770 -0.229757
v -0.142324 0.038000 -0.198123
v -0.193670 0.038000 -0.198801
v -0.180286 0.006312 -0.219527
v -0.144165 0.005691 -0.207456
v -0.193670 0.038000 -0.198801
v -0.231440 0.038000 -0.234496
v -0.203049 0.001528 -0.243735
v -0.180286 0.006312 -0.219527
v -0.231440 0.038000 -0.234496
v -0.234432 0.038000 -0.285586
v -0.209852 0.005835 -0.277587
v -0.203049 0.001528 -0.243735
v -0.234432 0.038000 -0.285586
v -0.193464 0.038000 -0.319989
v -0.179057 0.001993 -0.297678
v -0.209852 0.005835 -0.277587
v -0.193464 0.038000 -0.319989
v -0.142608 0.038000 -0.319546
v -0.144120 0.004938 -0.311880
v -0.179057 0.001993 -0.297678
v -0.142608 0.038000 -0.319546
v -0.090495 0.038000 -0.307528
v -0.117379 0.005233 -0.287358
v -0.144120 0.004938 -0.311880
v -0.090495 0.038000 -0.307528
v -0.082921 0.038000 -0.259554
v -0.099046 0.002446 -0.259554
v -0.117379 0.005233 -0.287358
v -0.099046 0.002446 -0.259554
v -0.114722 0.004770 -0.229757
v -0.154439 -0.007041 -0.259554
v -0.154439 -0.011802 -0.259554
v -0.114722 0.004770 -0.229757
v -0.144165 0.005691 -0.207456
v -0.154439 -0.010389 -0.259554
v -0.154439 -0.007041 -0.259554
v -0.144165 0.005691 -0.207456
v -0.180286 0.006312 -0.219527
v -0.154439 -0.012004 -0.259554
v -0.154439 -0.010389 -0.259554
v -0.180286 0.006312 -0.219527
v -0.203049 0.001528 -0.243735
v -0.154439 -0.009244 -0.259554
v -0.154439 -0.012004 -0.259554
v -0.203049 0.001528 -0.243735
v -0.209852 0.005835 -0.277587
v -0.154439 -0.012938 -0.259554
v -0.154439 -0.009244 -0.259554
v -0.209852 0.005835 -0.277587
v -0.179057 0.001993 -0.297678
v -0.154439 -0.009969 -0.259554
v -0.154439 -0.012938 -0.259554
v -0.179057 0.001993 -0.297678
v -0.144120 0.004938 -0.311880
v -0.154439 -0.009676 -0.259554
v -0.154439 -0.009969 -0.259554
v -0.144120 0.004938 -0.311880
v -0.117379 0.005233 -0.287358
v -0.154439 -0.008880 -0.259554
v -0.154439 -0.009676 -0.259554
v -0.117379 0.005233 -0.287358
v -0.099046 0.002446 -0.259554
v -0.154439 -0.011802 -0.259554
v -0.154439 -0.008880 -0.259554
v -0.026543 0.085669 -0.314069
v -0.026543 0.087982 -0.314069
v 0.016038 0.072871 -0.285924
v 0.024842 0.072987 -0.314069
v -0.026543 0.087982 -0.314069
v -0.026543 0.083050 -0.314069
v -0.018034 0.075175 -0.276059
v 0.016038 0.072871 -0.285924
v -0.026543 0.083050 -0.314069
v -0.026543 0.087789 -0.314069
v -0.058049 0.074933 -0.271082
v -0.018034 0.075175 -0.276059
v -0.026543 0.087789 -0.314069
v -0.026543 0.086756 -0.314069
v -0.079719 0.071063 -0.298823
v -0.058049 0.074933 -0.271082
v -0.026543 0.086756 -0.314069
v -0.026543 0.090739 -0.314069
v -0.074908 0.074431 -0.327937
v -0.079719 0.071063 -0.298823
v -0.026543 0.090739 -0.314069
v -0.026543 0.083324 -0.314069
v -0.053931 0.073922 -0.351438
v -0.074908 0.074431 -0.327937
v -0.026543 0.083324 -0.314069
v -0.026543 0.089655 -0.314069
v -0.017794 0.071784 -0.353153
v -0.053931 0.073922 -0.351438
v -0.026543 0.089655 -0.314069
v -0.026543 0.085056 -0.314069
v 0.016947 0.074428 -0.342815
v -0.017794 0.071784 -0.353153
v -0.026543 0.085056 -0.314069
v -0.026543 0.085669 -0.314069
v 0.024842 0.072987 -0.314069
v 0.016947 0.074428 -0.342815
v 0.024842 0.072987 -0.314069
v 0.016038 0.072871 -0.285924
v 0.040840 0.038000 -0.269530
v 0.059871 0.038000 -0.314069
v 0.016038 0.072871 -0.285924
v -0.018034 0.075175 -0.276059
v -0.011837 0.038000 -0.248371
v 0.040840 0.038000 -0.269530
v -0.018034 0.075175 -0.276059
v -0.058049 0.074933 -0.271082
v -0.064598 0.038000 -0.262147
v -0.011837 0.038000 -0.248371
v -0.058049 0.074933 -0.271082
v -0.079719 0.071063 -0.298823
v -0.096944 0.038000 -0.293885
v -0.064598 0.038000 -0.262147
v -0.079719 0.071063 -0.298823
v -0.074908 0.074431 -0.327937
v -0.094426 0.038000 -0.333533
v -0.096944 0.038000 -0.293885
v -0.074908 0.074431 -0.327937
v -0.053931 0.073922 -0.351438
v -0.064848 0.038000 -0.366333
v -0.094426 0.038000 -0.333533
v -0.053931 0.073922 -0.351438
v -0.017794 0.071784 -0.353153
v -0.011066 0.038000 -0.383213
v -0.064848 0.038000 -0.366333
v -0.017794 0.071784 -0.353153
v 0.016947 0.074428 -0.342815
v 0.042089 0.038000 -0.359434
v -0.011066 0.038000 -0.383213
v 0.016947 0.074428 -0.342815
v 0.024842 0.072987 -0.314069
v 0.059871 0.038000 -0.314069
v 0.042089 0.038000 -0.359434
v 0.059871 0.038000 -0.314069
v 0.040840 0.038000 -0.269530
v 0.012531 0.005454 -0.288242
v 0.034898 0.005777 -0.314069
v 0.040840 0.038000 -0.269530
v -0.011837 0.038000 -0.248371
v -0.017637 0.004862 -0.274286
v 0.012531 0.005454 -0.288242
v -0.011837 0.038000 -0.248371
v -0.064598 0.038000 -0.262147
v -0.056245 0.001264 -0.273544
v -0.017637 0.004862 -0.274286
v -0.064598 0.038000 -0.262147
v -0.096944 0.038000 -0.293885
v -0.084304 0.001377 -0.297508
v -0.056245 0.001264 -0.273544
v -0.096944 0.038000 -0.293885
v -0.094426 0.038000 -0.333533
v -0.079817 0.004285 -0.329344
v -0.084304 0.001377 -0.297508
v -0.094426 0.038000 -0.333533
v -0.064848 0.038000 -0.366333
v -0.055997 0.002063 -0.354257
v -0.079817 0.004285 -0.329344
v -0.064848 0.038000 -0.366333
v -0.011066 0.038000 -0.383213
v -0.016573 0.004239 -0.358606
v -0.055997 0.002063 -0.354257
v -0.011066 0.038000 -0.383213
v 0.042089 0.038000 -0.359434
v 0.018773 0.002408 -0.344023
v -0.016573 0.004239 -0.358606
v 0.042089 0.038000 -0.359434
v 0.059871 0.038000 -0.314069
v 0.034898 0.005777 -0.314069
v 0.018773 0.002408 -0.344023
v 0.034898 0.005777 -0.314069
v 0.012531 0.005454 -0.288242
v -0.026543 -0.007624 -0.314069
v -0.026543 -0.010377 -0.314069
v 0.012531 0.005454 -0.288242
v -0.017637 0.004862 -0.274286
v -0.026543 -0.010066 -0.314069
v -0.026543 -0.007624 -0.314069
v -0.017637 0.004862 -0.274286
v -0.056245 0.001264 -0.273544
v -0.026543 -0.010602 -0.314069
v -0.026543 -0.010066 -0.314069
v -0.056245 0.001264 -0.273544
v -0.084304 0.001377 -0.297508
v -0.026543 -0.013968 -0.314069
v -0.026543 -0.010602 -0.314069
v -0.084304 0.001377 -0.297508
v -0.079817 0.004285 -0.329344
v -0.026543 -0.013095 -0.314069
v -0.026543 -0.013968 -0.314069
v -0.079817 0.004285 -0.329344
v -0.055997 0.002063 -0.354257
v -0.026543 -0.011668 -0.314069
v -0.026543 -0.013095 -0.314069
v -0.055997 0.002063 -0.354257
v -0.016573 0.004239 -0.358606
v -0.026543 -0.011332 -0.314069
v -0.026543 -0.011668 -0.314069
v -0.016573 0.004239 -0.358606
v 0.018773 0.002408 -0.344023
v -0.026543 -0.010005 -0.314069
v -0.026543 -0.011332 -0.314069
v 0.018773 0.002408 -0.344023
v 0.034898 0.005777 -0.314069
v -0.026543 -0.010377 -0.314069
v -0.026543 -0.010005 -0.314069
v 0.106576 0.086425 -0.299900
v 0.106576 0.081683 -0.299900
v 0.148046 0.070057 -0.269179
v 0.160731 0.068132 -0.299900
v 0.106576 0.081683 -0.299900
v 0.106576 0.083702 -0.299900
v 0.114124 0.068001 -0.262111
v 0.148046 0.070057 -0.269179
v 0.106576 0.083702 -0.299900
v 0.106576 0.085694 -0.299900
v 0.084745 0.068674 -0.266517
v 0.114124 0.068001 -0.262111
v 0.106576 0.085694 -0.299900
v 0.106576 0.080096 -0.299900
v 0.054122 0.067214 -0.283045
v 0.084745 0.068674 -0.266517
v 0.106576 0.080096 -0.299900
v 0.106576 0.084221 -0.299900
v 0.053838 0.072013 -0.316847
v 0.054122 0.067214 -0.283045
v 0.106576 0.084221 -0.299900
v 0.106576 0.085586 -0.299900
v 0.079871 0.068757 -0.340737
v 0.053838 0.072013 -0.316847
v 0.106576 0.085586 -0.299900
v 0.106576 0.084168 -0.299900
v 0.114668 0.069864 -0.340416
v 0.079871 0.068757 -0.340737
v 0.106576 0.084168 -0.299900
v 0.106576 0.084689 -0.299900
v 0.142771 0.068643 -0.326714
v 0.114668 0.069864 -0.340416
v 0.106576 0.084689 -0.299900
v 0.106576 0.086425 -0.299900
v 0.160731 0.068132 -0.299900
v 0.142771 0.068643 -0.326714
v 0.160731 0.068132 -0.299900
v 0.148046 0.070057 -0.269179
v 0.159798 0.038000 -0.260473
v 0.176983 0.038000 -0.299900
v 0.148046 0.070057 -0.269179
v 0.114124 0.068001 -0.262111
v 0.120064 0.038000 -0.232368
v 0.159798 0.038000 -0.260473
v 0.114124 0.068001 -0.262111
v 0.084745 0.068674 -0.266517
v 0.072195 0.038000 -0.247325
v 0.120064 0.038000 -0.232368
v 0.084745 0.068674 -0.266517
v 0.054122 0.067214 -0.283045
v 0.044964 0.038000 -0.280102
v 0.072195 0.038000 -0.247325
v 0.054122 0.067214 -0.283045
v 0.053838 0.072013 -0.316847
v 0.038036 0.038000 -0.321925
v 0.044964 0.038000 -0.280102
v 0.053838 0.072013 -0.316847
v 0.079871 0.068757 -0.340737
v 0.067106 0.038000 -0.360258
v 0.038036 0.038000 -0.321925
v 0.079871 0.068757 -0.340737
v 0.114668 0.069864 -0.340416
v 0.118580 0.038000 -0.360004
v 0.067106 0.038000 -0.360258
v 0.114668 0.069864 -0.340416
v 0.142771 0.068643 -0.326714
v 0.164762 0.038000 -0.343005
v 0.118580 0.038000 -0.360004
v 0.142771 0.068643 -0.326714
v 0.160731 0.068132 -0.299900
v 0.176983 0.038000 -0.299900
v 0.164762 0.038000 -0.343005
v 0.176983 0.038000 -0.299900
v 0.159798 0.038000 -0.260473
v 0.149903 0.006240 -0.267803
v 0.154082 0.007714 -0.299900
v 0.159798 0.038000 -0.260473
v 0.120064 0.038000 -0.232368
v 0.116098 0.003876 -0.252226
v 0.149903 0.006240 -0.267803
v 0.120064 0.038000 -0.232368
v 0.072195 0.038000 -0.247325
v 0.080036 0.004387 -0.259316
v 0.116098 0.003876 -0.252226
v 0.072195 0.038000 -0.247325
v 0.044964 0.038000 -0.280102
v 0.052554 0.006983 -0.282541
v 0.080036 0.004387 -0.259316
v 0.044964 0.038000 -0.280102
v 0.038036 0.038000 -0.321925
v 0.056110 0.007108 -0.316117
v 0.052554 0.006983 -0.282541
v 0.038036 0.038000 -0.321925
v 0.067106 0.038000 -0.360258
v 0.084584 0.003976 -0.333531
v 0.056110 0.007108 -0.316117
v 0.067106 0.038000 -0.360258
v 0.118580 0.038000 -0.360004
v 0.114224 0.008662 -0.338192
v 0.084584 0.003976 -0.333531
v 0.118580 0.038000 -0.360004
v 0.164762 0.038000 -0.343005
v 0.141798 0.007458 -0.325993
v 0.114224 0.008662 -0.338192
v 0.164762 0.038000 -0.343005
v 0.176983 0.038000 -0.299900
v 0.154082 0.007714 -0.299900
v 0.141798 0.007458 -0.325993
v 0.154082 0.007714 -0.299900
v 0.149903 0.006240 -0.267803
v 0.106576 -0.003993 -0.299900
v 0.106576 -0.009435 -0.299900
v 0.149903 0.006240 -0.267803
v 0.116098 0.003876 -0.252226
v 0.106576 -0.008727 -0.299900
v 0.106576 -0.003993 -0.299900
v 0.116098 0.003876 -0.252226
v 0.080036 0.004387 -0.259316
v 0.106576 -0.007957 -0.299900
v 0.106576 -0.008727 -0.299900
v 0.080036 0.004387 -0.259316
v 0.052554 0.006983 -0.282541
v 0.106576 -0.008526 -0.299900
v 0.106576 -0.007957 -0.299900
v 0.052554 0.006983 -0.282541
v 0.056110 0.007108 -0.316117
v 0.106576 -0.005495 -0.299900
v 0.106576 -0.008526 -0.299900
v 0.056110 0.007108 -0.316117
v 0.084584 0.003976 -0.333531
v 0.106576 -0.006809 -0.299900
v 0.106576 -0.005495 -0.299900
v 0.084584 0.003976 -0.333531
v 0.114224 0.008662 -0.338192
v 0.106576 -0.007646 -0.299900
v 0.106576 -0.006809 -0.299900
v 0.114224 0.008662 -0.338192
v 0.141798 0.007458 -0.325993
v 0.106576 -0.004352 -0.299900
v 0.106576 -0.007646 -0.299900
v 0.141798 0.007458 -0.325993
v 0.154082 0.007714 -0.299900
v 0.106576 -0.009435 -0.299900
v 0.106576 -0.004352 -0.299900
v 0.202696 0.078902 -0.237447
v 0.202696 0.074533 -0.237447
v 0.244928 0.064034 -0.201685
v 0.248784 0.063274 -0.237447
v 0.202696 0.074533 -0.237447
v 0.202696 0.073356 -0.237447
v 0.210944 0.064682 -0.190239
v 0.244928 0.064034 -0.201685
v 0.202696 0.073356 -0.237447
v 0.202696 0.075470 -0.237447
v 0.179838 0.064341 -0.197492
v 0.210944 0.064682 -0.190239
v 0.202696 0.075470 -0.237447
v 0.202696 0.075925 -0.237447
v 0.158964 0.066361 -0.221383
v 0.179838 0.064341 -0.197492
v 0.202696 0.075925 -0.237447
v 0.202696 0.076931 -0.237447
v 0.151462 0.065062 -0.256265
v 0.158964 0.066361 -0.221383
v 0.202696 0.076931 -0.237447
v 0.202696 0.073545 -0.237447
v 0.176131 0.065708 -0.283880
v 0.151462 0.065062 -0.256265
v 0.202696 0.073545 -0.237447
v 0.202696 0.078276 -0.237447
v 0.210939 0.066559 -0.284621
v 0.176131 0.065708 -0.283880
v 0.202696 0.078276 -0.237447
v 0.202696 0.077691 -0.237447
v 0.237981 0.064696 -0.267326
v 0.210939 0.066559 -0.284621
v 0.202696 0.077691 -0.237447
v 0.202696 0.078902 -0.237447
v 0.248784 0.063274 -0.237447
v 0.237981 0.064696 -0.267326
v 0.248784 0.063274 -0.237447
v 0.244928 0.064034 -0.201685
v 0.261862 0.038000 -0.187346
v 0.278707 0.038000 -0.237447
v 0.244928 0.064034 -0.201685
v 0.210944 0.064682 -0.190239
v 0.216724 0.038000 -0.157161
v 0.261862 0.038000 -0.187346
v 0.210944 0.064682 -0.190239
v 0.179838 0.064341 -0.197492
v 0.162818 0.038000 -0.167742
v 0.216724 0.038000 -0.157161
v 0.179838 0.064341 -0.197492
v 0.158964 0.066361 -0.221383
v 0.130373 0.038000 -0.210882
v 0.162818 0.038000 -0.167742
v 0.158964 0.066361 -0.221383
v 0.151462 0.065062 -0.256265
v 0.140653 0.038000 -0.260235
v 0.130373 0.038000 -0.210882
v 0.151462 0.065062 -0.256265
v 0.176131 0.065708 -0.283880
v 0.171493 0.038000 -0.291987
v 0.140653 0.038000 -0.260235
v 0.176131 0.065708 -0.283880
v 0.210939 0.066559 -0.284621
v 0.216155 0.038000 -0.314477
v 0.171493 0.038000 -0.291987
v 0.210939 0.066559 -0.284621
v 0.237981 0.064696 -0.267326
v 0.261959 0.038000 -0.287630
v 0.216155 0.038000 -0.314477
v 0.237981 0.064696 -0.267326
v 0.248784 0.063274 -0.237447
v 0.278707 0.038000 -0.237447
v 0.261959 0.038000 -0.287630
v 0.278707 0.038000 -0.237447
v 0.261862 0.038000 -0.187346
v 0.243316 0.009417 -0.203050
v 0.259631 0.012904 -0.237447
v 0.261862 0.038000 -0.187346
v 0.216724 0.038000 -0.157161
v 0.210445 0.012113 -0.193097
v 0.243316 0.009417 -0.203050
v 0.216724 0.038000 -0.157161
v 0.162818 0.038000 -0.167742
v 0.176532 0.009961 -0.191713
v 0.210445 0.012113 -0.193097
v 0.162818 0.038000 -0.167742
v 0.130373 0.038000 -0.210882
v 0.160907 0.011906 -0.222097
v 0.176532 0.009961 -0.191713
v 0.130373 0.038000 -0.210882
v 0.140653 0.038000 -0.260235
v 0.154633 0.012325 -0.255101
v 0.160907 0.011906 -0.222097
v 0.140653 0.038000 -0.260235
v 0.171493 0.038000 -0.291987
v 0.175799 0.009028 -0.284460
v 0.154633 0.012325 -0.255101
v 0.171493 0.038000 -0.291987
v 0.216155 0.038000 -0.314477
v 0.211817 0.010316 -0.289651
v 0.175799 0.009028 -0.284460
v 0.216155 0.038000 -0.314477
v 0.261959 0.038000 -0.287630
v 0.238059 0.009965 -0.267392
v 0.211817 0.010316 -0.289651
v 0.261959 0.038000 -0.287630
v 0.278707 0.038000 -0.237447
v 0.259631 0.012904 -0.237447
v 0.238059 0.009965 -0.267392
v 0.259631 0.012904 -0.237447
v 0.243316 0.009417 -0.203050
v 0.202696 -0.000367 -0.237447
v 0.202696 0.002798 -0.237447
v 0.243316 0.009417 -0.203050
v 0.210445 0.012113 -0.193097
v 0.202696 -0.001497 -0.237447
v 0.202696 -0.000367 -0.237447
v 0.210445 0.012113 -0.193097
v 0.176532 0.009961 -0.191713
v 0.202696 0.000006 -0.237447
v 0.202696 -0.001497 -0.237447
v 0.176532 0.009961 -0.191713
v 0.160907 0.011906 -0.222097
v 0.202696 -0.001127 -0.237447
v 0.202696 0.000006 -0.237447
v 0.160907 0.011906 -0.222097
v 0.154633 0.012325 -0.255101
v 0.202696 0.001261 -0.237447
v 0.202696 -0.001127 -0.237447
v 0.154633 0.012325 -0.255101
v 0.175799 0.009028 -0.284460
v 0.202696 -0.001439 -0.237447
v 0.202696 0.001261 -0.237447
v 0.175799 0.009028 -0.284460
v 0.211817 0.010316 -0.289651
v 0.202696 -0.001868 -0.237447
v 0.202696 -0.001439 -0.237447
v 0.211817 0.010316 -0.289651
v 0.238059 0.009965 -0.267392
v 0.202696 -0.000419 -0.237447
v 0.202696 -0.001868 -0.237447
v 0.238059 0.009965 -0.267392
v 0.259631 0.012904 -0.237447
v 0.202696 0.002798 -0.237447
v 0.202696 -0.000419 -0.237447
v 0.281336 0.074102 -0.124710
v 0.281336 0.077468 -0.124710
v 0.319066 0.065282 -0.088849
v 0.331164 0.063561 -0.124710
v 0.281336 0.077468 -0.124710
v 0.281336 0.078386 -0.124710
v 0.290543 0.063863 -0.065564
v 0.319066 0.065282 -0.088849
v 0.281336 0.078386 -0.124710
v 0.281336 0.079331 -0.124710
v 0.257652 0.065086 -0.078245
v 0.290543 0.063863 -0.065564
v 0.281336 0.079331 -0.124710
v 0.281336 0.079367 -0.124710
v 0.233480 0.067168 -0.104980
v 0.257652 0.065086 -0.078245
v 0.281336 0.079367 -0.124710
v 0.281336 0.079447 -0.124710
v 0.241391 0.065915 -0.141177
v 0.233480 0.067168 -0.104980
v 0.281336 0.079447 -0.124710
v 0.281336 0.074380 -0.124710
v 0.259515 0.063951 -0.167519
v 0.241391 0.065915 -0.141177
v 0.281336 0.074380 -0.124710
v 0.281336 0.076642 -0.124710
v 0.288690 0.065898 -0.171955
v 0.259515 0.063951 -0.167519
v 0.281336 0.076642 -0.124710
v 0.281336 0.075678 -0.124710
v 0.314667 0.064524 -0.156389
v 0.288690 0.065898 -0.171955
v 0.281336 0.075678 -0.124710
v 0.281336 0.074102 -0.124710
v 0.331164 0.063561 -0.124710
v 0.314667 0.064524 -0.156389
v 0.331164 0.063561 -0.124710
v 0.319066 0.065282 -0.088849
v 0.330383 0.038000 -0.078093
v 0.350570 0.038000 -0.124710
v 0.319066 0.065282 -0.088849
v 0.290543 0.063863 -0.065564
v 0.292991 0.038000 -0.049837
v 0.330383 0.038000 -0.078093
v 0.290543 0.063863 -0.065564
v 0.257652 0.065086 -0.078245
v 0.250035 0.038000 -0.063301
v 0.292991 0.038000 -0.049837
v 0.257652 0.065086 -0.078245
v 0.233480 0.067168 -0.104980
v 0.225334 0.038000 -0.101622
v 0.250035 0.038000 -0.063301
v 0.233480 0.067168 -0.104980
v 0.241391 0.065915 -0.141177
v 0.212727 0.038000 -0.152994
v 0.225334 0.038000 -0.101622
v 0.241391 0.065915 -0.141177
v 0.259515 0.063951 -0.167519
v 0.243531 0.038000 -0.198878
v 0.212727 0.038000 -0.152994
v 0.259515 0.063951 -0.167519
v 0.288690 0.065898 -0.171955
v 0.294546 0.038000 -0.209567
v 0.243531 0.038000 -0.198878
v 0.288690 0.065898 -0.171955
v 0.314667 0.064524 -0.156389
v 0.327781 0.038000 -0.168853
v 0.294546 0.038000 -0.209567
v 0.314667 0.064524 -0.156389
v 0.331164 0.063561 -0.124710
v 0.350570 0.038000 -0.124710
v 0.327781 0.038000 -0.168853
v 0.350570 0.038000 -0.124710
v 0.330383 0.038000 -0.078093
v 0.319999 0.008818 -0.087962
v 0.325900 0.011346 -0.124710
v 0.330383 0.038000 -0.078093
v 0.292991 0.038000 -0.049837
v 0.288994 0.012035 -0.075515
v 0.319999 0.008818 -0.087962
v 0.292991 0.038000 -0.049837
v 0.250035 0.038000 -0.063301
v 0.260610 0.010083 -0.084049
v 0.288994 0.012035 -0.075515
v 0.250035 0.038000 -0.063301
v 0.225334 0.038000 -0.101622
v 0.233330 0.010812 -0.104918
v 0.260610 0.010083 -0.084049
v 0.225334 0.038000 -0.101622
v 0.212727 0.038000 -0.152994
v 0.237862 0.012604 -0.142632
v 0.233330 0.010812 -0.104918
v 0.212727 0.038000 -0.152994
v 0.243531 0.038000 -0.198878
v 0.259163 0.009047 -0.168209
v 0.237862 0.012604 -0.142632
v 0.243531 0.038000 -0.198878
v 0.294546 0.038000 -0.209567
v 0.290188 0.009787 -0.181575
v 0.259163 0.009047 -0.168209
v 0.294546 0.038000 -0.209567
v 0.327781 0.038000 -0.168853
v 0.317725 0.012077 -0.159295
v 0.290188 0.009787 -0.181575
v 0.327781 0.038000 -0.168853
v 0.350570 0.038000 -0.124710
v 0.325900 0.011346 -0.124710
v 0.317725 0.012077 -0.159295
v 0.325900 0.011346 -0.124710
v 0.319999 0.008818 -0.087962
v 0.281336 -0.003010 -0.124710
v 0.281336 -0.000140 -0.124710
v 0.319999 0.008818 -0.087962
v 0.288994 0.012035 -0.075515
v 0.281336 0.002185 -0.124710
v 0.281336 -0.003010 -0.124710
v 0.288994 0.012035 -0.075515
v 0.260610 0.010083 -0.084049
v 0.281336 -0.003043 -0.124710
v 0.281336 0.002185 -0.124710
v 0.260610 0.010083 -0.084049
v 0.233330 0.010812 -0.104918
v 0.281336 0.000806 -0.124710
v 0.281336 -0.003043 -0.124710
v 0.233330 0.010812 -0.104918
v 0.237862 0.012604 -0.142632
v 0.281336 0.001099 -0.124710
v 0.281336 0.000806 -0.124710
v 0.237862 0.012604 -0.142632
v 0.259163 0.009047 -0.168209
v 0.281336 -0.003302 -0.124710
v 0.281336 0.001099 -0.124710
v 0.259163 0.009047 -0.168209
v 0.290188 0.009787 -0.181575
v 0.281336 -0.001556 -0.124710
v 0.281336 -0.003302 -0.124710
v 0.290188 0.009787 -0.181575
v 0.317725 0.012077 -0.159295
v 0.281336 0.002255 -0.124710
v 0.281336 -0.001556 -0.124710
v 0.317725 0.012077 -0.159295
v 0.325900 0.011346 -0.124710
v 0.281336 -0.000140 -0.124710
v 0.281336 0.002255 -0.124710
v -0.249035 0.105000 -0.194923
v -0.252714 0.128939 -0.188058
v -0.115702 0.125743 -0.104757
v -0.112124 0.102459 -0.111434
v -0.252714 0.128939 -0.188058
v -0.262995 0.143734 -0.170476
v -0.125702 0.140133 -0.087656
v -0.115702 0.125743 -0.104757
v -0.262995 0.143734 -0.170476
v -0.275952 0.143734 -0.148892
v -0.138304 0.140133 -0.066663
v -0.125702 0.140133 -0.087656
v -0.275952 0.143734 -0.148892
v -0.286635 0.128939 -0.131551
v -0.148695 0.125743 -0.049796
v -0.138304 0.140133 -0.066663
v -0.286635 0.128939 -0.131551
v -0.290965 0.105000 -0.125077
v -0.152906 0.102459 -0.043499
v -0.148695 0.125743 -0.049796
v -0.290965 0.105000 -0.125077
v -0.287286 0.081061 -0.131942
v -0.149328 0.079175 -0.050176
v -0.152906 0.102459 -0.043499
v -0.287286 0.081061 -0.131942
v -0.277005 0.066266 -0.149524
v -0.139328 0.064784 -0.067277
v -0.149328 0.079175 -0.050176
v -0.277005 0.066266 -0.149524
v -0.264048 0.066266 -0.171108
v -0.126725 0.064784 -0.088271
v -0.139328 0.064784 -0.067277
v -0.264048 0.066266 -0.171108
v -0.253365 0.081061 -0.188449
v -0.116334 0.079175 -0.105137
v -0.126725 0.064784 -0.088271
v -0.253365 0.081061 -0.188449
v -0.249035 0.105000 -0.194923
v -0.112124 0.102459 -0.111434
v -0.116334 0.079175 -0.105137
v -0.270000 0.105000 -0.160000
v -0.249035 0.105000 -0.194923
v -0.252714 0.128939 -0.188058
v -0.252714 0.128939 -0.188058
v -0.262995 0.143734 -0.170476
v -0.262995 0.143734 -0.170476
v -0.275952 0.143734 -0.148892
v -0.275952 0.143734 -0.148892
v -0.286635 0.128939 -0.131551
v -0.286635 0.128939 -0.131551
v -0.290965 0.105000 -0.125077
v -0.290965 0.105000 -0.125077
v -0.287286 0.081061 -0.131942
v -0.287286 0.081061 -0.131942
v -0.277005 0.066266 -0.149524
v -0.277005 0.066266 -0.149524
v -0.264048 0.066266 -0.171108
v -0.264048 0.066266 -0.171108
v -0.253365 0.081061 -0.188449
v -0.253365 0.081061 -0.188449
v -0.249035 0.105000 -0.194923
v -0.132515 0.102459 -0.077467
v -0.112124 0.102459 -0.111434
v -0.115702 0.125743 -0.104757
v -0.115702 0.125743 -0.104757
v -0.125702 0.140133 -0.087656
v -0.125702 0.140133 -0.087656
v -0.138304 0.140133 -0.066663
v -0.138304 0.140133 -0.066663
v -0.148695 0.125743 -0.049796
v -0.148695 0.125743 -0.049796
v -0.152906 0.102459 -0.043499
v -0.152906 0.102459 -0.043499
v -0.149328 0.079175 -0.050176
v -0.149328 0.079175 -0.050176
v -0.139328 0.064784 -0.067277
v -0.139328 0.064784 -0.067277
v -0.126725 0.064784 -0.088271
v -0.126725 0.064784 -0.088271
v -0.116334 0.079175 -0.105137
v -0.116334 0.079175 -0.105137
v -0.112124 0.102459 -0.111434
v -0.111832 0.102459 -0.116657
v -0.118164 0.128365 -0.110429
v 0.010637 0.139796 -0.036244
v 0.015999 0.117859 -0.041517
v -0.118164 0.128365 -0.110429
v -0.129978 0.144376 -0.091611
v 0.000634 0.153354 -0.020309
v 0.010637 0.139796 -0.036244
v -0.129978 0.144376 -0.091611
v -0.142760 0.144376 -0.067391
v -0.010190 0.153354 0.000201
v 0.000634 0.153354 -0.020309
v -0.142760 0.144376 -0.067391
v -0.151629 0.128365 -0.047019
v -0.017700 0.139796 0.017451
v -0.010190 0.153354 0.000201
v -0.151629 0.128365 -0.047019
v -0.153197 0.102459 -0.038277
v -0.019028 0.117859 0.024854
v -0.017700 0.139796 0.017451
v -0.153197 0.102459 -0.038277
v -0.146865 0.076552 -0.044504
v -0.013666 0.095921 0.019580
v -0.019028 0.117859 0.024854
v -0.146865 0.076552 -0.044504
v -0.135052 0.060541 -0.063322
v -0.003663 0.082363 0.003646
v -0.013666 0.095921 0.019580
v -0.135052 0.060541 -0.063322
v -0.122269 0.060541 -0.087543
v 0.007161 0.082363 -0.016864
v -0.003663 0.082363 0.003646
v -0.122269 0.060541 -0.087543
v -0.113400 0.076552 -0.107915
v 0.014671 0.095921 -0.034115
v 0.007161 0.082363 -0.016864
v -0.113400 0.076552 -0.107915
v -0.111832 0.102459 -0.116657
v 0.015999 0.117859 -0.041517
v 0.014671 0.095921 -0.034115
v -0.132515 0.102459 -0.077467
v -0.111832 0.102459 -0.116657
v -0.118164 0.128365 -0.110429
v -0.118164 0.128365 -0.110429
v -0.129978 0.144376 -0.091611
v -0.129978 0.144376 -0.091611
v -0.142760 0.144376 -0.067391
v -0.142760 0.144376 -0.067391
v -0.151629 0.128365 -0.047019
v -0.151629 0.128365 -0.047019
v -0.153197 0.102459 -0.038277
v -0.153197 0.102459 -0.038277
v -0.146865 0.076552 -0.044504
v -0.146865 0.076552 -0.044504
v -0.135052 0.060541 -0.063322
v -0.135052 0.060541 -0.063322
v -0.122269 0.060541 -0.087543
v -0.122269 0.060541 -0.087543
v -0.113400 0.076552 -0.107915
v -0.113400 0.076552 -0.107915
v -0.111832 0.102459 -0.116657
v -0.001515 0.117859 -0.008332
v 0.015999 0.117859 -0.041517
v 0.010637 0.139796 -0.036244
v 0.010637 0.139796 -0.036244
v 0.000634 0.153354 -0.020309
v 0.000634 0.153354 -0.020309
v -0.010190 0.153354 0.000201
v -0.010190 0.153354 0.000201
v -0.017700 0.139796 0.017451
v -0.017700 0.139796 0.017451
v -0.019028 0.117859 0.024854
v -0.019028 0.117859 0.024854
v -0.013666 0.095921 0.019580
v -0.013666 0.095921 0.019580
v -0.003663 0.082363 0.003646
v -0.003663 0.082363 0.003646
v 0.007161 0.082363 -0.016864
v 0.007161 0.082363 -0.016864
v 0.014671 0.095921 -0.034115
v 0.014671 0.095921 -0.034115
v 0.015999 0.117859 -0.041517
v 0.026299 0.117859 -0.037509
v 0.018432 0.141288 -0.034371
v 0.137679 0.167652 0.075687
v 0.146176 0.142343 0.072298
v 0.018432 0.141288 -0.034371
v 0.002947 0.155768 -0.021288
v 0.120951 0.183293 0.089820
v 0.137679 0.167652 0.075687
v 0.002947 0.155768 -0.021288
v -0.014243 0.155768 -0.003256
v 0.102383 0.183293 0.109299
v 0.120951 0.183293 0.089820
v -0.014243 0.155768 -0.003256
v -0.026570 0.141288 0.012838
v 0.089066 0.167652 0.126683
v 0.102383 0.183293 0.109299
v -0.026570 0.141288 0.012838
v -0.029328 0.117859 0.020845
v 0.086088 0.142343 0.135333
v 0.089066 0.167652 0.126683
v -0.029328 0.117859 0.020845
v -0.021461 0.094430 0.017708
v 0.094585 0.117034 0.131945
v 0.086088 0.142343 0.135333
v -0.021461 0.094430 0.017708
v -0.005976 0.079950 0.004625
v 0.111313 0.101393 0.117812
v 0.094585 0.117034 0.131945
v -0.005976 0.079950 0.004625
v 0.011214 0.079950 -0.013408
v 0.129881 0.101393 0.098333
v 0.111313 0.101393 0.117812
v 0.011214 0.079950 -0.013408
v 0.023541 0.094430 -0.029501
v 0.143198 0.117034 0.080948
v 0.129881 0.101393 0.098333
v 0.023541 0.094430 -0.029501
v 0.026299 0.117859 -0.037509
v 0.146176 0.142343 0.072298
v 0.143198 0.117034 0.080948
v -0.001515 0.117859 -0.008332
v 0.026299 0.117859 -0.037509
v 0.018432 0.141288 -0.034371
v 0.018432 0.141288 -0.034371
v 0.002947 0.155768 -0.021288
v 0.002947 0.155768 -0.021288
v -0.014243 0.155768 -0.003256
v -0.014243 0.155768 -0.003256
v -0.026570 0.141288 0.012838
v -0.026570 0.141288 0.012838
v -0.029328 0.117859 0.020845
v -0.029328 0.117859 0.020845
v -0.021461 0.094430 0.017708
v -0.021461 0.094430 0.017708
v -0.005976 0.079950 0.004625
v -0.005976 0.079950 0.004625
v 0.011214 0.079950 -0.013408
v 0.011214 0.079950 -0.013408
v 0.023541 0.094430 -0.029501
v 0.023541 0.094430 -0.029501
v 0.026299 0.117859 -0.037509
v 0.116132 0.142343 0.103816
v 0.146176 0.142343 0.072298
v 0.137679 0.167652 0.075687
v 0.137679 0.167652 0.075687
v 0.120951 0.183293 0.089820
v 0.120951 0.183293 0.089820
v 0.102383 0.183293 0.109299
v 0.102383 0.183293 0.109299
v 0.089066 0.167652 0.126683
v 0.089066 0.167652 0.126683
v 0.086088 0.142343 0.135333
v 0.086088 0.142343 0.135333
v 0.094585 0.117034 0.131945
v 0.094585 0.117034 0.131945
v 0.111313 0.101393 0.117812
v 0.111313 0.101393 0.117812
v 0.129881 0.101393 0.098333
v 0.129881 0.101393 0.098333
v 0.143198 0.117034 0.080948
v 0.143198 0.117034 0.080948
v 0.146176 0.142343 0.072298
v 0.128364 0.142343 0.070316
v 0.125709 0.163303 0.076597
v 0.279706 0.166243 0.132414
v 0.282398 0.145000 0.126048
v 0.125709 0.163303 0.076597
v 0.119395 0.176256 0.093275
v 0.273307 0.179371 0.149317
v 0.279706 0.166243 0.132414
v 0.119395 0.176256 0.093275
v 0.111835 0.176256 0.113979
v 0.265645 0.179371 0.170301
v 0.273307 0.179371 0.149317
v 0.111835 0.176256 0.113979
v 0.105917 0.163303 0.130801
v 0.259647 0.166243 0.187350
v 0.265645 0.179371 0.170301
v 0.105917 0.163303 0.130801
v 0.103900 0.142343 0.137315
v 0.257602 0.145000 0.193952
v 0.259647 0.166243 0.187350
v 0.103900 0.142343 0.137315
v 0.106555 0.121384 0.131034
v 0.260294 0.123757 0.187586
v 0.257602 0.145000 0.193952
v 0.106555 0.121384 0.131034
v 0.112869 0.108430 0.114356
v 0.266693 0.110629 0.170683
v 0.260294 0.123757 0.187586
v 0.112869 0.108430 0.114356
v 0.120429 0.108430 0.093652
v 0.274355 0.110629 0.149699
v 0.266693 0.110629 0.170683
v 0.120429 0.108430 0.093652
v 0.126347 0.121384 0.076831
v 0.280353 0.123757 0.132650
v 0.274355 0.110629 0.149699
v 0.126347 0.121384 0.076831
v 0.128364 0.142343 0.070316
v 0.282398 0.145000 0.126048
v 0.280353 0.123757 0.132650
v 0.116132 0.142343 0.103816
v 0.128364 0.142343 0.070316
v 0.125709 0.163303 0.076597
v 0.125709 0.163303 0.076597
v 0.119395 0.176256 0.093275
v 0.119395 0.176256 0.093275
v 0.111835 0.176256 0.113979
v 0.111835 0.176256 0.113979
v 0.105917 0.163303 0.130801
v 0.105917 0.163303 0.130801
v 0.103900 0.142343 0.137315
v 0.103900 0.142343 0.137315
v 0.106555 0.121384 0.131034
v 0.106555 0.121384 0.131034
v 0.112869 0.108430 0.114356
v 0.112869 0.108430 0.114356
v 0.120429 0.108430 0.093652
v 0.120429 0.108430 0.093652
v 0.126347 0.121384 0.076831
v 0.126347 0.121384 0.076831
v 0.128364 0.142343 0.070316
v 0.270000 0.145000 0.160000
v 0.282398 0.145000 0.126048
v 0.279706 0.166243 0.132414
v 0.279706 0.166243 0.132414
v 0.273307 0.179371 0.149317
v 0.273307 0.179371 0.149317
v 0.265645 0.179371 0.170301
v 0.265645 0.179371 0.170301
v 0.259647 0.166243 0.187350
v 0.259647 0.166243 0.187350
v 0.257602 0.145000 0.193952
v 0.257602 0.145000 0.193952
v 0.260294 0.123757 0.187586
v 0.260294 0.123757 0.187586
v 0.266693 0.110629 0.170683
v 0.266693 0.110629 0.170683
v 0.274355 0.110629 0.149699
v 0.274355 0.110629 0.149699
v 0.280353 0.123757 0.132650
v 0.280353 0.123757 0.132650
v 0.282398 0.145000 0.126048
v -0.294674 0.138000 0.126106
v -0.287793 0.162496 0.131000
v -0.159216 0.143992 0.039475
v -0.165756 0.120707 0.034822
v -0.287793 0.162496 0.131000
v -0.274116 0.177635 0.146972
v -0.146215 0.158383 0.054657
v -0.159216 0.143992 0.039475
v -0.274116 0.177635 0.146972
v -0.258867 0.177635 0.167920
v -0.131720 0.158383 0.074570
v -0.146215 0.158383 0.054657
v -0.258867 0.177635 0.167920
v -0.247870 0.162496 0.185843
v -0.121267 0.143992 0.091606
v -0.131720 0.158383 0.074570
v -0.247870 0.162496 0.185843
v -0.245326 0.138000 0.193894
v -0.118848 0.120707 0.099260
v -0.121267 0.143992 0.091606
v -0.245326 0.138000 0.193894
v -0.252207 0.113504 0.189000
v -0.125389 0.097422 0.094607
v -0.118848 0.120707 0.099260
v -0.252207 0.113504 0.189000
v -0.265884 0.098365 0.173028
v -0.138389 0.083031 0.079425
v -0.125389 0.097422 0.094607
v -0.265884 0.098365 0.173028
v -0.281133 0.098365 0.152080
v -0.152885 0.083031 0.059513
v -0.138389 0.083031 0.079425
v -0.281133 0.098365 0.152080
v -0.292130 0.113504 0.134157
v -0.163338 0.097422 0.042476
v -0.152885 0.083031 0.059513
v -0.292130 0.113504 0.134157
v -0.294674 0.138000 0.126106
v -0.165756 0.120707 0.034822
v -0.163338 0.097422 0.042476
v -0.270000 0.138000 0.160000
v -0.294674 0.138000 0.126106
v -0.287793 0.162496 0.131000
v -0.287793 0.162496 0.131000
v -0.274116 0.177635 0.146972
v -0.274116 0.177635 0.146972
v -0.258867 0.177635 0.167920
v -0.258867 0.177635 0.167920
v -0.247870 0.162496 0.185843
v -0.247870 0.162496 0.185843
v -0.245326 0.138000 0.193894
v -0.245326 0.138000 0.193894
v -0.252207 0.113504 0.189000
v -0.252207 0.113504 0.189000
v -0.265884 0.098365 0.173028
v -0.265884 0.098365 0.173028
v -0.281133 0.098365 0.152080
v -0.281133 0.098365 0.152080
v -0.292130 0.113504 0.134157
v -0.292130 0.113504 0.134157
v -0.294674 0.138000 0.126106
v -0.142302 0.120707 0.067041
v -0.165756 0.120707 0.034822
v -0.159216 0.143992 0.039475
v -0.159216 0.143992 0.039475
v -0.146215 0.158383 0.054657
v -0.146215 0.158383 0.054657
v -0.131720 0.158383 0.074570
v -0.131720 0.158383 0.074570
v -0.121267 0.143992 0.091606
v -0.121267 0.143992 0.091606
v -0.118848 0.120707 0.099260
v -0.118848 0.120707 0.099260
v -0.125389 0.097422 0.094607
v -0.125389 0.097422 0.094607
v -0.138389 0.083031 0.079425
v -0.138389 0.083031 0.079425
v -0.152885 0.083031 0.059513
v -0.152885 0.083031 0.059513
v -0.163338 0.097422 0.042476
v -0.163338 0.097422 0.042476
v -0.165756 0.120707 0.034822
v -0.159907 0.120707 0.035444
v -0.157287 0.141951 0.041892
v -0.030745 0.150028 -0.032104
v -0.033638 0.126571 -0.039224
v -0.157287 0.141951 0.041892
v -0.148943 0.155080 0.057946
v -0.021532 0.164526 -0.014377
v -0.030745 0.150028 -0.032104
v -0.148943 0.155080 0.057946
v -0.138063 0.155080 0.077474
v -0.009518 0.164526 0.007186
v -0.021532 0.164526 -0.014377
v -0.138063 0.155080 0.077474
v -0.128802 0.141951 0.093017
v 0.000709 0.150028 0.024349
v -0.009518 0.164526 0.007186
v -0.128802 0.141951 0.093017
v -0.124697 0.120707 0.098638
v 0.005241 0.126571 0.030556
v 0.000709 0.150028 0.024349
v -0.124697 0.120707 0.098638
v -0.127317 0.099463 0.092190
v 0.002347 0.103114 0.023436
v 0.005241 0.126571 0.030556
v -0.127317 0.099463 0.092190
v -0.135661 0.086334 0.076136
v -0.006866 0.088616 0.005709
v 0.002347 0.103114 0.023436
v -0.135661 0.086334 0.076136
v -0.146542 0.086334 0.056608
v -0.018880 0.088616 -0.015854
v -0.006866 0.088616 0.005709
v -0.146542 0.086334 0.056608
v -0.155803 0.099463 0.041065
v -0.029106 0.103114 -0.033017
v -0.018880 0.088616 -0.015854
v -0.155803 0.099463 0.041065
v -0.159907 0.120707 0.035444
v -0.033638 0.126571 -0.039224
v -0.029106 0.103114 -0.033017
v -0.142302 0.120707 0.067041
v -0.159907 0.120707 0.035444
v -0.157287 0.141951 0.041892
v -0.157287 0.141951 0.041892
v -0.148943 0.155080 0.057946
v -0.148943 0.155080 0.057946
v -0.138063 0.155080 0.077474
v -0.138063 0.155080 0.077474
v -0.128802 0.141951 0.093017
v -0.128802 0.141951 0.093017
v -0.124697 0.120707 0.098638
v -0.124697 0.120707 0.098638
v -0.127317 0.099463 0.092190
v -0.127317 0.099463 0.092190
v -0.135661 0.086334 0.076136
v -0.135661 0.086334 0.076136
v -0.146542 0.086334 0.056608
v -0.146542 0.086334 0.056608
v -0.155803 0.099463 0.041065
v -0.155803 0.099463 0.041065
v -0.159907 0.120707 0.035444
v -0.014199 0.126571 -0.004334
v -0.033638 0.126571 -0.039224
v -0.030745 0.150028 -0.032104
v -0.030745 0.150028 -0.032104
v -0.021532 0.164526 -0.014377
v -0.021532 0.164526 -0.014377
v -0.009518 0.164526 0.007186
v -0.009518 0.164526 0.007186
v 0.000709 0.150028 0.024349
v 0.000709 0.150028 0.024349
v 0.005241 0.126571 0.030556
v 0.005241 0.126571 0.030556
v 0.002347 0.103114 0.023436
v 0.002347 0.103114 0.023436
v -0.006866 0.088616 0.005709
v -0.006866 0.088616 0.005709
v -0.018880 0.088616 -0.015854
v -0.018880 0.088616 -0.015854
v -0.029106 0.103114 -0.033017
v -0.029106 0.103114 -0.033017
v -0.033638 0.126571 -0.039224
v -0.030849 0.126571 -0.043873
v -0.025160 0.151640 -0.037378
v 0.132893 0.129953 -0.099074
v 0.127939 0.108118 -0.104731
v -0.025160 0.151640 -0.037378
v -0.015285 0.167134 -0.018261
v 0.141494 0.143447 -0.082424
v 0.132893 0.129953 -0.099074
v -0.015285 0.167134 -0.018261
v -0.004995 0.167134 0.006175
v 0.150456 0.143447 -0.061141
v 0.141494 0.143447 -0.082424
v -0.004995 0.167134 0.006175
v 0.001779 0.151640 0.026597
v 0.156357 0.129953 -0.043354
v 0.150456 0.143447 -0.061141
v 0.001779 0.151640 0.026597
v 0.002451 0.126571 0.035205
v 0.156941 0.108118 -0.035857
v 0.156357 0.129953 -0.043354
v 0.002451 0.126571 0.035205
v -0.003238 0.101501 0.028710
v 0.151987 0.086284 -0.041514
v 0.156941 0.108118 -0.035857
v -0.003238 0.101501 0.028710
v -0.013113 0.086008 0.009593
v 0.143386 0.072789 -0.058164
v 0.151987 0.086284 -0.041514
v -0.013113 0.086008 0.009593
v -0.023403 0.086008 -0.014843
v 0.134424 0.072789 -0.079447
v 0.143386 0.072789 -0.058164
v -0.023403 0.086008 -0.014843
v -0.030177 0.101501 -0.035265
v 0.128524 0.086284 -0.097234
v 0.134424 0.072789 -0.079447
v -0.030177 0.101501 -0.035265
v -0.030849 0.126571 -0.043873
v 0.127939 0.108118 -0.104731
v 0.128524 0.086284 -0.097234
v -0.014199 0.126571 -0.004334
v -0.030849 0.126571 -0.043873
v -0.025160 0.151640 -0.037378
v -0.025160 0.151640 -0.037378
v -0.015285 0.167134 -0.018261
v -0.015285 0.167134 -0.018261
v -0.004995 0.167134 0.006175
v -0.004995 0.167134 0.006175
v 0.001779 0.151640 0.026597
v 0.001779 0.151640 0.026597
v 0.002451 0.126571 0.035205
v 0.002451 0.126571 0.035205
v -0.003238 0.101501 0.028710
v -0.003238 0.101501 0.028710
v -0.013113 0.086008 0.009593
v -0.013113 0.086008 0.009593
v -0.023403 0.086008 -0.014843
v -0.023403 0.086008 -0.014843
v -0.030177 0.101501 -0.035265
v -0.030177 0.101501 -0.035265
v -0.030849 0.126571 -0.043873
v 0.142440 0.108118 -0.070294
v 0.127939 0.108118 -0.104731
v 0.132893 0.129953 -0.099074
v 0.132893 0.129953 -0.099074
v 0.141494 0.143447 -0.082424
v 0.141494 0.143447 -0.082424
v 0.150456 0.143447 -0.061141
v 0.150456 0.143447 -0.061141
v 0.156357 0.129953 -0.043354
v 0.156357 0.129953 -0.043354
v 0.156941 0.108118 -0.035857
v 0.156941 0.108118 -0.035857
v 0.151987 0.086284 -0.041514
v 0.151987 0.086284 -0.041514
v 0.143386 0.072789 -0.058164
v 0.143386 0.072789 -0.058164
v 0.134424 0.072789 -0.079447
v 0.134424 0.072789 -0.079447
v 0.128524 0.086284 -0.097234
v 0.128524 0.086284 -0.097234
v 0.127939 0.108118 -0.104731
v 0.117037 0.108118 -0.106416
v 0.122313 0.134070 -0.099816
v 0.252535 0.127520 -0.185618
v 0.247956 0.105000 -0.191346
v 0.122313 0.134070 -0.099816
v 0.135277 0.150108 -0.081940
v 0.263784 0.141438 -0.170106
v 0.252535 0.127520 -0.185618
v 0.135277 0.150108 -0.081940
v 0.150977 0.150108 -0.059615
v 0.277408 0.141438 -0.150733
v 0.263784 0.141438 -0.170106
v 0.150977 0.150108 -0.059615
v 0.163416 0.134070 -0.041369
v 0.288202 0.127520 -0.134900
v 0.277408 0.141438 -0.150733
v 0.163416 0.134070 -0.041369
v 0.167843 0.108118 -0.034172
v 0.292044 0.105000 -0.128654
v 0.288202 0.127520 -0.134900
v 0.167843 0.108118 -0.034172
v 0.162567 0.082167 -0.040772
v 0.287465 0.082480 -0.134382
v 0.292044 0.105000 -0.128654
v 0.162567 0.082167 -0.040772
v 0.149603 0.066128 -0.058649
v 0.276216 0.068562 -0.149894
v 0.287465 0.082480 -0.134382
v 0.149603 0.066128 -0.058649
v 0.133903 0.066128 -0.080974
v 0.262592 0.068562 -0.169267
v 0.276216 0.068562 -0.149894
v 0.133903 0.066128 -0.080974
v 0.121464 0.082167 -0.099219
v 0.251798 0.082480 -0.185100
v 0.262592 0.068562 -0.169267
v 0.121464 0.082167 -0.099219
v 0.117037 0.108118 -0.106416
v 0.247956 0.105000 -0.191346
v 0.251798 0.082480 -0.185100
v 0.142440 0.108118 -0.070294
v 0.117037 0.108118 -0.106416
v 0.122313 0.134070 -0.099816
v 0.122313 0.134070 -0.099816
v 0.135277 0.150108 -0.081940
v 0.135277 0.150108 -0.081940
v 0.150977 0.150108 -0.059615
v 0.150977 0.150108 -0.059615
v 0.163416 0.134070 -0.041369
v 0.163416 0.134070 -0.041369
v 0.167843 0.108118 -0.034172
v 0.167843 0.108118 -0.034172
v 0.162567 0.082167 -0.040772
v 0.162567 0.082167 -0.040772
v 0.149603 0.066128 -0.058649
v 0.149603 0.066128 -0.058649
v 0.133903 0.066128 -0.080974
v 0.133903 0.066128 -0.080974
v 0.121464 0.082167 -0.099219
v 0.121464 0.082167 -0.099219
v 0.117037 0.108118 -0.106416
v 0.270000 0.105000 -0.160000
v 0.247956 0.105000 -0.191346
v 0.252535 0.127520 -0.185618
v 0.252535 0.127520 -0.185618
v 0.263784 0.141438 -0.170106
v 0.263784 0.141438 -0.170106
v 0.277408 0.141438 -0.150733
v 0.277408 0.141438 -0.150733
v 0.288202 0.127520 -0.134900
v 0.288202 0.127520 -0.134900
v 0.292044 0.105000 -0.128654
v 0.292044 0.105000 -0.128654
v 0.287465 0.082480 -0.134382
v 0.287465 0.082480 -0.134382
v 0.276216 0.068562 -0.149894
v 0.276216 0.068562 -0.149894
v 0.262592 0.068562 -0.169267
v 0.262592 0.068562 -0.169267
v 0.251798 0.082480 -0.185100
v 0.251798 0.082480 -0.185100
v 0.247956 0.105000 -0.191346
v -0.229511 0.172000 -0.066047
v -0.233458 0.192836 -0.059215
v -0.130410 0.214081 -0.060783
v -0.126062 0.191126 -0.068310
v -0.233458 0.192836 -0.059215
v -0.236084 0.205714 -0.041224
v -0.133303 0.228268 -0.040963
v -0.130410 0.214081 -0.060783
v -0.236084 0.205714 -0.041224
v -0.236386 0.205714 -0.018945
v -0.133636 0.228268 -0.016419
v -0.133303 0.228268 -0.040963
v -0.236386 0.205714 -0.018945
v -0.234249 0.192836 -0.000890
v -0.131282 0.214081 0.003472
v -0.133636 0.228268 -0.016419
v -0.234249 0.192836 -0.000890
v -0.230489 0.172000 0.006047
v -0.127139 0.191126 0.011114
v -0.131282 0.214081 0.003472
v -0.230489 0.172000 0.006047
v -0.226542 0.151164 -0.000785
v -0.122791 0.168171 0.003587
v -0.127139 0.191126 0.011114
v -0.226542 0.151164 -0.000785
v -0.223916 0.138286 -0.018776
v -0.119898 0.153984 -0.016233
v -0.122791 0.168171 0.003587
v -0.223916 0.138286 -0.018776
v -0.223614 0.138286 -0.041055
v -0.119565 0.153984 -0.040776
v -0.119898 0.153984 -0.016233
v -0.223614 0.138286 -0.041055
v -0.225751 0.151164 -0.059110
v -0.121920 0.168171 -0.060668
v -0.119565 0.153984 -0.040776
v -0.225751 0.151164 -0.059110
v -0.229511 0.172000 -0.066047
v -0.126062 0.191126 -0.068310
v -0.121920 0.168171 -0.060668
v -0.230000 0.172000 -0.030000
v -0.229511 0.172000 -0.066047
v -0.233458 0.192836 -0.059215
v -0.233458 0.192836 -0.059215
v -0.236084 0.205714 -0.041224
v -0.236084 0.205714 -0.041224
v -0.236386 0.205714 -0.018945
v -0.236386 0.205714 -0.018945
v -0.234249 0.192836 -0.000890
v -0.234249 0.192836 -0.000890
v -0.230489 0.172000 0.006047
v -0.230489 0.172000 0.006047
v -0.226542 0.151164 -0.000785
v -0.226542 0.151164 -0.000785
v -0.223916 0.138286 -0.018776
v -0.223916 0.138286 -0.018776
v -0.223614 0.138286 -0.041055
v -0.223614 0.138286 -0.041055
v -0.225751 0.151164 -0.059110
v -0.225751 0.151164 -0.059110
v -0.229511 0.172000 -0.066047
v -0.126601 0.191126 -0.028598
v -0.126062 0.191126 -0.068310
v -0.130410 0.214081 -0.060783
v -0.130410 0.214081 -0.060783
v -0.133303 0.228268 -0.040963
v -0.133303 0.228268 -0.040963
v -0.133636 0.228268 -0.016419
v -0.133636 0.228268 -0.016419
v -0.131282 0.214081 0.003472
v -0.131282 0.214081 0.003472
v -0.127139 0.191126 0.011114
v -0.127139 0.191126 0.011114
v -0.122791 0.168171 0.003587
v -0.122791 0.168171 0.003587
v -0.119898 0.153984 -0.016233
v -0.119898 0.153984 -0.016233
v -0.119565 0.153984 -0.040776
v -0.119565 0.153984 -0.040776
v -0.121920 0.168171 -0.060668
v -0.121920 0.168171 -0.060668
v -0.126062 0.191126 -0.068310
v -0.117062 0.191126 -0.064358
v -0.116290 0.212714 -0.056836
v 0.011749 0.195539 -0.021737
v 0.011001 0.174609 -0.029030
v -0.116290 0.212714 -0.056836
v -0.119457 0.226056 -0.038529
v 0.008679 0.208475 -0.003987
v 0.011749 0.195539 -0.021737
v -0.119457 0.226056 -0.038529
v -0.125352 0.226056 -0.016428
v 0.002963 0.208475 0.017440
v 0.008679 0.208475 -0.003987
v -0.125352 0.226056 -0.016428
v -0.131724 0.212714 0.001024
v -0.003215 0.195539 0.034361
v 0.002963 0.208475 0.017440
v -0.131724 0.212714 0.001024
v -0.136140 0.191126 0.007162
v -0.007496 0.174609 0.040312
v -0.003215 0.195539 0.034361
v -0.136140 0.191126 0.007162
v -0.136912 0.169538 -0.000359
v -0.008245 0.153678 0.033020
v -0.007496 0.174609 0.040312
v -0.136912 0.169538 -0.000359
v -0.133745 0.156196 -0.018667
v -0.005174 0.140742 0.015270
v -0.008245 0.153678 0.033020
v -0.133745 0.156196 -0.018667
v -0.127849 0.156196 -0.040768
v 0.000542 0.140742 -0.006158
v -0.005174 0.140742 0.015270
v -0.127849 0.156196 -0.040768
v -0.121477 0.169538 -0.058220
v 0.006720 0.153678 -0.023079
v 0.000542 0.140742 -0.006158
v -0.121477 0.169538 -0.058220
v -0.117062 0.191126 -0.064358
v 0.011001 0.174609 -0.029030
v 0.006720 0.153678 -0.023079
v -0.126601 0.191126 -0.028598
v -0.117062 0.191126 -0.064358
v -0.116290 0.212714 -0.056836
v -0.116290 0.212714 -0.056836
v -0.119457 0.226056 -0.038529
v -0.119457 0.226056 -0.038529
v -0.125352 0.226056 -0.016428
v -0.125352 0.226056 -0.016428
v -0.131724 0.212714 0.001024
v -0.131724 0.212714 0.001024
v -0.136140 0.191126 0.007162
v -0.136140 0.191126 0.007162
v -0.136912 0.169538 -0.000359
v -0.136912 0.169538 -0.000359
v -0.133745 0.156196 -0.018667
v -0.133745 0.156196 -0.018667
v -0.127849 0.156196 -0.040768
v -0.127849 0.156196 -0.040768
v -0.121477 0.169538 -0.058220
v -0.121477 0.169538 -0.058220
v -0.117062 0.191126 -0.064358
v 0.001752 0.174609 0.005641
v 0.011001 0.174609 -0.029030
v 0.011749 0.195539 -0.021737
v 0.011749 0.195539 -0.021737
v 0.008679 0.208475 -0.003987
v 0.008679 0.208475 -0.003987
v 0.002963 0.208475 0.017440
v 0.002963 0.208475 0.017440
v -0.003215 0.195539 0.034361
v -0.003215 0.195539 0.034361
v -0.007496 0.174609 0.040312
v -0.007496 0.174609 0.040312
v -0.008245 0.153678 0.033020
v -0.008245 0.153678 0.033020
v -0.005174 0.140742 0.015270
v -0.005174 0.140742 0.015270
v 0.000542 0.140742 -0.006158
v 0.000542 0.140742 -0.006158
v 0.006720 0.153678 -0.023079
v 0.006720 0.153678 -0.023079
v 0.011001 0.174609 -0.029030
v 0.005055 0.174609 -0.033024
v 0.002445 0.197332 -0.025809
v 0.110845 0.207254 -0.017119
v 0.113503 0.184120 -0.024464
v 0.002445 0.197332 -0.025809
v -0.000430 0.211375 -0.006581
v 0.107919 0.221551 0.002457
v 0.110845 0.207254 -0.017119
v -0.000430 0.211375 -0.006581
v -0.002471 0.211375 0.017316
v 0.105840 0.221551 0.026786
v 0.107919 0.221551 0.002457
v -0.002471 0.211375 0.017316
v -0.002899 0.197332 0.036753
v 0.105405 0.207254 0.046574
v 0.105840 0.221551 0.026786
v -0.002899 0.197332 0.036753
v -0.001551 0.174609 0.044307
v 0.106778 0.184120 0.054264
v 0.105405 0.207254 0.046574
v -0.001551 0.174609 0.044307
v 0.001060 0.151886 0.037091
v 0.109435 0.160986 0.046919
v 0.106778 0.184120 0.054264
v 0.001060 0.151886 0.037091
v 0.003935 0.137842 0.017863
v 0.112362 0.146689 0.027343
v 0.109435 0.160986 0.046919
v 0.003935 0.137842 0.017863
v 0.005976 0.137842 -0.006034
v 0.114440 0.146689 0.003014
v 0.112362 0.146689 0.027343
v 0.005976 0.137842 -0.006034
v 0.006404 0.151886 -0.025471
v 0.114876 0.160986 -0.016774
v 0.114440 0.146689 0.003014
v 0.006404 0.151886 -0.025471
v 0.005055 0.174609 -0.033024
v 0.113503 0.184120 -0.024464
v 0.114876 0.160986 -0.016774
v 0.001752 0.174609 0.005641
v 0.005055 0.174609 -0.033024
v 0.002445 0.197332 -0.025809
v 0.002445 0.197332 -0.025809
v -0.000430 0.211375 -0.006581
v -0.000430 0.211375 -0.006581
v -0.002471 0.211375 0.017316
v -0.002471 0.211375 0.017316
v -0.002899 0.197332 0.036753
v -0.002899 0.197332 0.036753
v -0.001551 0.174609 0.044307
v -0.001551 0.174609 0.044307
v 0.001060 0.151886 0.037091
v 0.001060 0.151886 0.037091
v 0.003935 0.137842 0.017863
v 0.003935 0.137842 0.017863
v 0.005976 0.137842 -0.006034
v 0.005976 0.137842 -0.006034
v 0.006404 0.151886 -0.025471
v 0.006404 0.151886 -0.025471
v 0.005055 0.174609 -0.033024
v 0.110140 0.184120 0.014900
v 0.113503 0.184120 -0.024464
v 0.110845 0.207254 -0.017119
v 0.110845 0.207254 -0.017119
v 0.107919 0.221551 0.002457
v 0.107919 0.221551 0.002457
v 0.105840 0.221551 0.026786
v 0.105840 0.221551 0.026786
v 0.105405 0.207254 0.046574
v 0.105405 0.207254 0.046574
v 0.106778 0.184120 0.054264
v 0.106778 0.184120 0.054264
v 0.109435 0.160986 0.046919
v 0.109435 0.160986 0.046919
v 0.112362 0.146689 0.027343
v 0.112362 0.146689 0.027343
v 0.114440 0.146689 0.003014
v 0.114440 0.146689 0.003014
v 0.114876 0.160986 -0.016774
v 0.114876 0.160986 -0.016774
v 0.113503 0.184120 -0.024464
v 0.119003 0.184120 -0.027424
v 0.117538 0.209536 -0.019293
v 0.237380 0.208355 0.005889
v 0.238842 0.183000 -0.002222
v 0.117538 0.209536 -0.019293
v 0.113247 0.225244 0.001898
v 0.233100 0.224025 0.027030
v 0.237380 0.208355 0.005889
v 0.113247 0.225244 0.001898
v 0.107770 0.225244 0.028056
v 0.227635 0.224025 0.053124
v 0.233100 0.224025 0.027030
v 0.107770 0.225244 0.028056
v 0.103197 0.209536 0.049188
v 0.223074 0.208355 0.074206
v 0.227635 0.224025 0.053124
v 0.103197 0.209536 0.049188
v 0.101277 0.184120 0.057224
v 0.221158 0.183000 0.082222
v 0.223074 0.208355 0.074206
v 0.101277 0.184120 0.057224
v 0.102742 0.158704 0.049093
v 0.222620 0.157645 0.074111
v 0.221158 0.183000 0.082222
v 0.102742 0.158704 0.049093
v 0.107033 0.142996 0.027902
v 0.226900 0.141975 0.052970
v 0.222620 0.157645 0.074111
v 0.107033 0.142996 0.027902
v 0.112511 0.142996 0.001744
v 0.232365 0.141975 0.026876
v 0.226900 0.141975 0.052970
v 0.112511 0.142996 0.001744
v 0.117083 0.158704 -0.019388
v 0.236926 0.157645 0.005794
v 0.232365 0.141975 0.026876
v 0.117083 0.158704 -0.019388
v 0.119003 0.184120 -0.027424
v 0.238842 0.183000 -0.002222
v 0.236926 0.157645 0.005794
v 0.110140 0.184120 0.014900
v 0.119003 0.184120 -0.027424
v 0.117538 0.209536 -0.019293
v 0.117538 0.209536 -0.019293
v 0.113247 0.225244 0.001898
v 0.113247 0.225244 0.001898
v 0.107770 0.225244 0.028056
v 0.107770 0.225244 0.028056
v 0.103197 0.209536 0.049188
v 0.103197 0.209536 0.049188
v 0.101277 0.184120 0.057224
v 0.101277 0.184120 0.057224
v 0.102742 0.158704 0.049093
v 0.102742 0.158704 0.049093
v 0.107033 0.142996 0.027902
v 0.107033 0.142996 0.027902
v 0.112511 0.142996 0.001744
v 0.112511 0.142996 0.001744
v 0.117083 0.158704 -0.019388
v 0.117083 0.158704 -0.019388
v 0.119003 0.184120 -0.027424
v 0.230000 0.183000 0.040000
v 0.238842 0.183000 -0.002222
v 0.237380 0.208355 0.005889
v 0.237380 0.208355 0.005889
v 0.233100 0.224025 0.027030
v 0.233100 0.224025 0.027030
v 0.227635 0.224025 0.053124
v 0.227635 0.224025 0.053124
v 0.223074 0.208355 0.074206
v 0.223074 0.208355 0.074206
v 0.221158 0.183000 0.082222
v 0.221158 0.183000 0.082222
v 0.222620 0.157645 0.074111
v 0.222620 0.157645 0.074111
v 0.226900 0.141975 0.052970
v 0.226900 0.141975 0.052970
v 0.232365 0.141975 0.026876
v 0.232365 0.141975 0.026876
v 0.236926 0.157645 0.005794
v 0.236926 0.157645 0.005794
v 0.238842 0.183000 -0.002222
v -0.200041 0.090000 0.027942
v -0.199518 0.111878 0.036130
v -0.117615 0.126312 -0.011223
v -0.118082 0.106768 -0.018538
v -0.199518 0.111878 0.036130
v -0.191540 0.125399 0.053436
v -0.110488 0.138392 0.004237
v -0.117615 0.126312 -0.011223
v -0.191540 0.125399 0.053436
v -0.179154 0.125399 0.073249
v -0.099423 0.138392 0.021937
v -0.110488 0.138392 0.004237
v -0.179154 0.125399 0.073249
v -0.167091 0.111878 0.088001
v -0.088647 0.126312 0.035116
v -0.099423 0.138392 0.021937
v -0.167091 0.111878 0.088001
v -0.159959 0.090000 0.092058
v -0.082275 0.106768 0.038740
v -0.088647 0.126312 0.035116
v -0.159959 0.090000 0.092058
v -0.160482 0.068122 0.083870
v -0.082742 0.087223 0.031425
v -0.082275 0.106768 0.038740
v -0.160482 0.068122 0.083870
v -0.168460 0.054601 0.066564
v -0.089870 0.075144 0.015965
v -0.082742 0.087223 0.031425
v -0.168460 0.054601 0.066564
v -0.180846 0.054601 0.046751
v -0.100935 0.075144 -0.001735
v -0.089870 0.075144 0.015965
v -0.180846 0.054601 0.046751
v -0.192909 0.068122 0.031999
v -0.111711 0.087223 -0.014914
v -0.100935 0.075144 -0.001735
v -0.192909 0.068122 0.031999
v -0.200041 0.090000 0.027942
v -0.118082 0.106768 -0.018538
v -0.111711 0.087223 -0.014914
v -0.180000 0.090000 0.060000
v -0.200041 0.090000 0.027942
v -0.199518 0.111878 0.036130
v -0.199518 0.111878 0.036130
v -0.191540 0.125399 0.053436
v -0.191540 0.125399 0.053436
v -0.179154 0.125399 0.073249
v -0.179154 0.125399 0.073249
v -0.167091 0.111878 0.088001
v -0.167091 0.111878 0.088001
v -0.159959 0.090000 0.092058
v -0.159959 0.090000 0.092058
v -0.160482 0.068122 0.083870
v -0.160482 0.068122 0.083870
v -0.168460 0.054601 0.066564
v -0.168460 0.054601 0.066564
v -0.180846 0.054601 0.046751
v -0.180846 0.054601 0.046751
v -0.192909 0.068122 0.031999
v -0.192909 0.068122 0.031999
v -0.200041 0.090000 0.027942
v -0.100179 0.106768 0.010101
v -0.118082 0.106768 -0.018538
v -0.117615 0.126312 -0.011223
v -0.117615 0.126312 -0.011223
v -0.110488 0.138392 0.004237
v -0.110488 0.138392 0.004237
v -0.099423 0.138392 0.021937
v -0.099423 0.138392 0.021937
v -0.088647 0.126312 0.035116
v -0.088647 0.126312 0.035116
v -0.082275 0.106768 0.038740
v -0.082275 0.106768 0.038740
v -0.082742 0.087223 0.031425
v -0.082742 0.087223 0.031425
v -0.089870 0.075144 0.015965
v -0.089870 0.075144 0.015965
v -0.100935 0.075144 -0.001735
v -0.100935 0.075144 -0.001735
v -0.111711 0.087223 -0.014914
v -0.111711 0.087223 -0.014914
v -0.118082 0.106768 -0.018538
v -0.120862 0.106768 -0.026915
v -0.114646 0.131556 -0.021112
v -0.036508 0.120107 -0.061231
v -0.042163 0.097553 -0.066511
v -0.114646 0.131556 -0.021112
v -0.102905 0.146876 -0.003386
v -0.025824 0.134046 -0.045103
v -0.036508 0.120107 -0.061231
v -0.102905 0.146876 -0.003386
v -0.090122 0.146876 0.019491
v -0.014194 0.134046 -0.024288
v -0.025824 0.134046 -0.045103
v -0.090122 0.146876 0.019491
v -0.081180 0.131556 0.038781
v -0.006058 0.120107 -0.006737
v -0.014194 0.134046 -0.024288
v -0.081180 0.131556 0.038781
v -0.079495 0.106768 0.047117
v -0.004525 0.097553 0.000847
v -0.006058 0.120107 -0.006737
v -0.079495 0.106768 0.047117
v -0.085711 0.081980 0.041313
v -0.010181 0.075000 -0.004433
v -0.004525 0.097553 0.000847
v -0.085711 0.081980 0.041313
v -0.097453 0.066660 0.023587
v -0.020864 0.061061 -0.020561
v -0.010181 0.075000 -0.004433
v -0.097453 0.066660 0.023587
v -0.110236 0.066660 0.000710
v -0.032495 0.061061 -0.041376
v -0.020864 0.061061 -0.020561
v -0.110236 0.066660 0.000710
v -0.119177 0.081980 -0.018580
v -0.040630 0.075000 -0.058927
v -0.032495 0.061061 -0.041376
v -0.119177 0.081980 -0.018580
v -0.120862 0.106768 -0.026915
v -0.042163 0.097553 -0.066511
v -0.040630 0.075000 -0.058927
v -0.100179 0.106768 0.010101
v -0.120862 0.106768 -0.026915
v -0.114646 0.131556 -0.021112
v -0.114646 0.131556 -0.021112
v -0.102905 0.146876 -0.003386
v -0.102905 0.146876 -0.003386
v -0.090122 0.146876 0.019491
v -0.090122 0.146876 0.019491
v -0.081180 0.131556 0.038781
v -0.081180 0.131556 0.038781
v -0.079495 0.106768 0.047117
v -0.079495 0.106768 0.047117
v -0.085711 0.081980 0.041313
v -0.085711 0.081980 0.041313
v -0.097453 0.066660 0.023587
v -0.097453 0.066660 0.023587
v -0.110236 0.066660 0.000710
v -0.110236 0.066660 0.000710
v -0.119177 0.081980 -0.018580
v -0.119177 0.081980 -0.018580
v -0.120862 0.106768 -0.026915
v -0.023344 0.097553 -0.032832
v -0.042163 0.097553 -0.066511
v -0.036508 0.120107 -0.061231
v -0.036508 0.120107 -0.061231
v -0.025824 0.134046 -0.045103
v -0.025824 0.134046 -0.045103
v -0.014194 0.134046 -0.024288
v -0.014194 0.134046 -0.024288
v -0.006058 0.120107 -0.006737
v -0.006058 0.120107 -0.006737
v -0.004525 0.097553 0.000847
v -0.004525 0.097553 0.000847
v -0.010181 0.075000 -0.004433
v -0.010181 0.075000 -0.004433
v -0.020864 0.061061 -0.020561
v -0.020864 0.061061 -0.020561
v -0.032495 0.061061 -0.041376
v -0.032495 0.061061 -0.041376
v -0.040630 0.075000 -0.058927
v -0.040630 0.075000 -0.058927
v -0.042163 0.097553 -0.066511
v -0.021781 0.097553 -0.077073
v -0.029280 0.122556 -0.068878
v 0.066830 0.144734 -0.058056
v 0.072776 0.124912 -0.064553
v -0.029280 0.122556 -0.068878
v -0.034512 0.138009 -0.046915
v 0.062682 0.156985 -0.040644
v 0.066830 0.144734 -0.058056
v -0.034512 0.138009 -0.046915
v -0.035478 0.138009 -0.019573
v 0.061916 0.156985 -0.018967
v 0.062682 0.156985 -0.040644
v -0.035478 0.138009 -0.019573
v -0.031810 0.122556 0.002705
v 0.064825 0.144734 -0.001305
v 0.061916 0.156985 -0.018967
v -0.031810 0.122556 0.002705
v -0.024908 0.097553 0.011409
v 0.070296 0.124912 0.005595
v 0.064825 0.144734 -0.001305
v -0.024908 0.097553 0.011409
v -0.017408 0.072550 0.003214
v 0.076242 0.105090 -0.000901
v 0.070296 0.124912 0.005595
v -0.017408 0.072550 0.003214
v -0.012176 0.057098 -0.018749
v 0.080390 0.092839 -0.018314
v 0.076242 0.105090 -0.000901
v -0.012176 0.057098 -0.018749
v -0.011210 0.057098 -0.046091
v 0.081156 0.092839 -0.039991
v 0.080390 0.092839 -0.018314
v -0.011210 0.057098 -0.046091
v -0.014879 0.072550 -0.068369
v 0.078248 0.105090 -0.057652
v 0.081156 0.092839 -0.039991
v -0.014879 0.072550 -0.068369
v -0.021781 0.097553 -0.077073
v 0.072776 0.124912 -0.064553
v 0.078248 0.105090 -0.057652
v -0.023344 0.097553 -0.032832
v -0.021781 0.097553 -0.077073
v -0.029280 0.122556 -0.068878
v -0.029280 0.122556 -0.068878
v -0.034512 0.138009 -0.046915
v -0.034512 0.138009 -0.046915
v -0.035478 0.138009 -0.019573
v -0.035478 0.138009 -0.019573
v -0.031810 0.122556 0.002705
v -0.031810 0.122556 0.002705
v -0.024908 0.097553 0.011409
v -0.024908 0.097553 0.011409
v -0.017408 0.072550 0.003214
v -0.017408 0.072550 0.003214
v -0.012176 0.057098 -0.018749
v -0.012176 0.057098 -0.018749
v -0.011210 0.057098 -0.046091
v -0.011210 0.057098 -0.046091
v -0.014879 0.072550 -0.068369
v -0.014879 0.072550 -0.068369
v -0.021781 0.097553 -0.077073
v 0.071536 0.124912 -0.029479
v 0.072776 0.124912 -0.064553
v 0.066830 0.144734 -0.058056
v 0.066830 0.144734 -0.058056
v 0.062682 0.156985 -0.040644
v 0.062682 0.156985 -0.040644
v 0.061916 0.156985 -0.018967
v 0.061916 0.156985 -0.018967
v 0.064825 0.144734 -0.001305
v 0.064825 0.144734 -0.001305
v 0.070296 0.124912 0.005595
v 0.070296 0.124912 0.005595
v 0.076242 0.105090 -0.000901
v 0.076242 0.105090 -0.000901
v 0.080390 0.092839 -0.018314
v 0.080390 0.092839 -0.018314
v 0.081156 0.092839 -0.039991
v 0.081156 0.092839 -0.039991
v 0.078248 0.105090 -0.057652
v 0.078248 0.105090 -0.057652
v 0.072776 0.124912 -0.064553
v 0.053098 0.124912 -0.069064
v 0.057573 0.150559 -0.061949
v 0.169073 0.140071 -0.105411
v 0.165570 0.120000 -0.110979
v 0.057573 0.150559 -0.061949
v 0.067383 0.166409 -0.042431
v 0.176749 0.152475 -0.090136
v 0.169073 0.140071 -0.105411
v 0.067383 0.166409 -0.042431
v 0.078778 0.166409 -0.017965
v 0.185668 0.152475 -0.070990
v 0.176749 0.152475 -0.090136
v 0.078778 0.166409 -0.017965
v 0.087408 0.150559 0.002102
v 0.192421 0.140071 -0.055285
v 0.185668 0.152475 -0.070990
v 0.087408 0.150559 0.002102
v 0.089975 0.124912 0.010107
v 0.194430 0.120000 -0.049021
v 0.192421 0.140071 -0.055285
v 0.089975 0.124912 0.010107
v 0.085499 0.099266 0.002991
v 0.190927 0.099929 -0.054589
v 0.194430 0.120000 -0.049021
v 0.085499 0.099266 0.002991
v 0.075690 0.083415 -0.016527
v 0.183251 0.087525 -0.069864
v 0.190927 0.099929 -0.054589
v 0.075690 0.083415 -0.016527
v 0.064294 0.083415 -0.040992
v 0.174332 0.087525 -0.089010
v 0.183251 0.087525 -0.069864
v 0.064294 0.083415 -0.040992
v 0.055665 0.099266 -0.061060
v 0.167579 0.099929 -0.104715
v 0.174332 0.087525 -0.089010
v 0.055665 0.099266 -0.061060
v 0.053098 0.124912 -0.069064
v 0.165570 0.120000 -0.110979
v 0.167579 0.099929 -0.104715
v 0.071536 0.124912 -0.029479
v 0.053098 0.124912 -0.069064
v 0.057573 0.150559 -0.061949
v 0.057573 0.150559 -0.061949
v 0.067383 0.166409 -0.042431
v 0.067383 0.166409 -0.042431
v 0.078778 0.166409 -0.017965
v 0.078778 0.166409 -0.017965
v 0.087408 0.150559 0.002102
v 0.087408 0.150559 0.002102
v 0.089975 0.124912 0.010107
v 0.089975 0.124912 0.010107
v 0.085499 0.099266 0.002991
v 0.085499 0.099266 0.002991
v 0.075690 0.083415 -0.016527
v 0.075690 0.083415 -0.016527
v 0.064294 0.083415 -0.040992
v 0.064294 0.083415 -0.040992
v 0.055665 0.099266 -0.061060
v 0.055665 0.099266 -0.061060
v 0.053098 0.124912 -0.069064
v 0.180000 0.120000 -0.080000
v 0.165570 0.120000 -0.110979
v 0.169073 0.140071 -0.105411
v 0.169073 0.140071 -0.105411
v 0.176749 0.152475 -0.090136
v 0.176749 0.152475 -0.090136
v 0.185668 0.152475 -0.070990
v 0.185668 0.152475 -0.070990
v 0.192421 0.140071 -0.055285
v 0.192421 0.140071 -0.055285
v 0.194430 0.120000 -0.049021
v 0.194430 0.120000 -0.049021
v 0.190927 0.099929 -0.054589
v 0.190927 0.099929 -0.054589
v 0.183251 0.087525 -0.069864
v 0.183251 0.087525 -0.069864
v 0.174332 0.087525 -0.089010
v 0.174332 0.087525 -0.089010
v 0.167579 0.099929 -0.104715
v 0.167579 0.099929 -0.104715
v 0.165570 0.120000 -0.110979
v 0.135000 0.075101 0.000000
v 0.135000 0.074686 0.000000
v 0.155937 0.067118 0.023053
v 0.172543 0.067366 0.000000
v 0.135000 0.074686 0.000000
v 0.135000 0.073400 0.000000
v 0.126051 0.066806 0.034427
v 0.155937 0.067118 0.023053
v 0.135000 0.073400 0.000000
v 0.135000 0.074038 0.000000
v 0.105213 0.066577 0.012595
v 0.126051 0.066806 0.034427
v 0.135000 0.074038 0.000000
v 0.135000 0.074037 0.000000
v 0.107015 0.067377 -0.011833
v 0.105213 0.066577 0.012595
v 0.135000 0.074037 0.000000
v 0.135000 0.072940 0.000000
v 0.126450 0.067373 -0.032890
v 0.107015 0.067377 -0.011833
v 0.135000 0.072940 0.000000
v 0.135000 0.073666 0.000000
v 0.154388 0.067028 -0.021347
v 0.126450 0.067373 -0.032890
v 0.135000 0.073666 0.000000
v 0.135000 0.075101 0.000000
v 0.172543 0.067366 0.000000
v 0.154388 0.067028 -0.021347
v 0.172543 0.067366 0.000000
v 0.155937 0.067118 0.023053
v 0.159784 0.053133 0.027288
v 0.175141 0.053278 0.000000
v 0.155937 0.067118 0.023053
v 0.126051 0.066806 0.034427
v 0.126478 0.052884 0.032782
v 0.159784 0.053133 0.027288
v 0.126051 0.066806 0.034427
v 0.105213 0.066577 0.012595
v 0.104082 0.053092 0.013073
v 0.126478 0.052884 0.032782
v 0.105213 0.066577 0.012595
v 0.107015 0.067377 -0.011833
v 0.103523 0.052447 -0.013310
v 0.104082 0.053092 0.013073
v 0.107015 0.067377 -0.011833
v 0.126450 0.067373 -0.032890
v 0.127905 0.052495 -0.027293
v 0.103523 0.052447 -0.013310
v 0.126450 0.067373 -0.032890
v 0.154388 0.067028 -0.021347
v 0.158679 0.052644 -0.026071
v 0.127905 0.052495 -0.027293
v 0.154388 0.067028 -0.021347
v 0.172543 0.067366 0.000000
v 0.175141 0.053278 0.000000
v 0.158679 0.052644 -0.026071
v 0.175141 0.053278 0.000000
v 0.159784 0.053133 0.027288
v 0.135000 0.046760 0.000000
v 0.135000 0.045288 0.000000
v 0.159784 0.053133 0.027288
v 0.126478 0.052884 0.032782
v 0.135000 0.045494 0.000000
v 0.135000 0.046760 0.000000
v 0.126478 0.052884 0.032782
v 0.104082 0.053092 0.013073
v 0.135000 0.045586 0.000000
v 0.135000 0.045494 0.000000
v 0.104082 0.053092 0.013073
v 0.103523 0.052447 -0.013310
v 0.135000 0.045224 -0.000000
v 0.135000 0.045586 0.000000
v 0.103523 0.052447 -0.013310
v 0.127905 0.052495 -0.027293
v 0.135000 0.045204 -0.000000
v 0.135000 0.045224 -0.000000
v 0.127905 0.052495 -0.027293
v 0.158679 0.052644 -0.026071
v 0.135000 0.046301 -0.000000
v 0.135000 0.045204 -0.000000
v 0.158679 0.052644 -0.026071
v 0.175141 0.053278 0.000000
v 0.135000 0.045288 0.000000
v 0.135000 0.046301 -0.000000
v 0.129904 0.073174 0.075000
v 0.129904 0.073153 0.075000
v 0.154679 0.066465 0.102278
v 0.168951 0.066461 0.075000
v 0.129904 0.073153 0.075000
v 0.129904 0.074921 0.075000
v 0.122201 0.067243 0.104633
v 0.154679 0.066465 0.102278
v 0.129904 0.074921 0.075000
v 0.129904 0.073238 0.075000
v 0.094695 0.067386 0.089888
v 0.122201 0.067243 0.104633
v 0.129904 0.073238 0.075000
v 0.129904 0.073777 0.075000
v 0.100070 0.067528 0.062385
v 0.094695 0.067386 0.089888
v 0.129904 0.073777 0.075000
v 0.129904 0.074536 0.075000
v 0.122448 0.067206 0.046317
v 0.100070 0.067528 0.062385
v 0.129904 0.074536 0.075000
v 0.129904 0.075115 0.075000
v 0.153861 0.067174 0.048623
v 0.122448 0.067206 0.046317
v 0.129904 0.075115 0.075000
v 0.129904 0.073174 0.075000
v 0.168951 0.066461 0.075000
v 0.153861 0.067174 0.048623
v 0.168951 0.066461 0.075000
v 0.154679 0.066465 0.102278
v 0.154282 0.052847 0.101841
v 0.161779 0.052768 0.075000
v 0.154679 0.066465 0.102278
v 0.122201 0.067243 0.104633
v 0.122516 0.053126 0.103420
v 0.154282 0.052847 0.101841
v 0.122201 0.067243 0.104633
v 0.094695 0.067386 0.089888
v 0.097986 0.052812 0.088496
v 0.122516 0.053126 0.103420
v 0.094695 0.067386 0.089888
v 0.100070 0.067528 0.062385
v 0.101378 0.053138 0.062938
v 0.097986 0.052812 0.088496
v 0.100070 0.067528 0.062385
v 0.122448 0.067206 0.046317
v 0.121848 0.053532 0.044011
v 0.101378 0.053138 0.062938
v 0.122448 0.067206 0.046317
v 0.153861 0.067174 0.048623
v 0.154583 0.052750 0.047827
v 0.121848 0.053532 0.044011
v 0.153861 0.067174 0.048623
v 0.168951 0.066461 0.075000
v 0.161779 0.052768 0.075000
v 0.154583 0.052750 0.047827
v 0.161779 0.052768 0.075000
v 0.154282 0.052847 0.101841
v 0.129904 0.045013 0.075000
v 0.129904 0.046030 0.075000
v 0.154282 0.052847 0.101841
v 0.122516 0.053126 0.103420
v 0.129904 0.045467 0.075000
v 0.129904 0.045013 0.075000
v 0.122516 0.053126 0.103420
v 0.097986 0.052812 0.088496
v 0.129904 0.046405 0.075000
v 0.129904 0.045467 0.075000
v 0.097986 0.052812 0.088496
v 0.101378 0.053138 0.062938
v 0.129904 0.045453 0.075000
v 0.129904 0.046405 0.075000
v 0.101378 0.053138 0.062938
v 0.121848 0.053532 0.044011
v 0.129904 0.046029 0.075000
v 0.129904 0.045453 0.075000
v 0.121848 0.053532 0.044011
v 0.154583 0.052750 0.047827
v 0.129904 0.044941 0.075000
v 0.129904 0.046029 0.075000
v 0.154583 0.052750 0.047827
v 0.161779 0.052768 0.075000
v 0.129904 0.046030 0.075000
v 0.129904 0.044941 0.075000
v 0.067500 0.074203 0.116913
v 0.067500 0.074458 0.116913
v 0.088819 0.066531 0.140386
v 0.106803 0.066953 0.116913
v 0.067500 0.074458 0.116913
v 0.067500 0.072933 0.116913
v 0.060618 0.066552 0.143390
v 0.088819 0.066531 0.140386
v 0.067500 0.072933 0.116913
v 0.067500 0.073695 0.116913
v 0.038040 0.066983 0.129371
v 0.060618 0.066552 0.143390
v 0.067500 0.073695 0.116913
v 0.067500 0.074400 0.116913
v 0.035080 0.066536 0.103205
v 0.038040 0.066983 0.129371
v 0.067500 0.074400 0.116913
v 0.067500 0.074443 0.116913
v 0.059685 0.067103 0.086850
v 0.035080 0.066536 0.103205
v 0.067500 0.074443 0.116913
v 0.067500 0.074367 0.116913
v 0.088822 0.066523 0.093437
v 0.059685 0.067103 0.086850
v 0.067500 0.074367 0.116913
v 0.067500 0.074203 0.116913
v 0.106803 0.066953 0.116913
v 0.088822 0.066523 0.093437
v 0.106803 0.066953 0.116913
v 0.088819 0.066531 0.140386
v 0.091466 0.052778 0.143301
v 0.099778 0.053279 0.116913
v 0.088819 0.066531 0.140386
v 0.060618 0.066552 0.143390
v 0.058601 0.052914 0.151147
v 0.091466 0.052778 0.143301
v 0.060618 0.066552 0.143390
v 0.038040 0.066983 0.129371
v 0.033091 0.052669 0.131463
v 0.058601 0.052914 0.151147
v 0.038040 0.066983 0.129371
v 0.035080 0.066536 0.103205
v 0.039219 0.052874 0.104955
v 0.033091 0.052669 0.131463
v 0.035080 0.066536 0.103205
v 0.059685 0.067103 0.086850
v 0.058801 0.052703 0.083448
v 0.039219 0.052874 0.104955
v 0.059685 0.067103 0.086850
v 0.088822 0.066523 0.093437
v 0.090554 0.052779 0.091531
v 0.058801 0.052703 0.083448
v 0.088822 0.066523 0.093437
v 0.106803 0.066953 0.116913
v 0.099778 0.053279 0.116913
v 0.090554 0.052779 0.091531
v 0.099778 0.053279 0.116913
v 0.091466 0.052778 0.143301
v 0.067500 0.045702 0.116913
v 0.067500 0.046064 0.116913
v 0.091466 0.052778 0.143301
v 0.058601 0.052914 0.151147
v 0.067500 0.045048 0.116913
v 0.067500 0.045702 0.116913
v 0.058601 0.052914 0.151147
v 0.033091 0.052669 0.131463
v 0.067500 0.046157 0.116913
v 0.067500 0.045048 0.116913
v 0.033091 0.052669 0.131463
v 0.039219 0.052874 0.104955
v 0.067500 0.045942 0.116913
v 0.067500 0.046157 0.116913
v 0.039219 0.052874 0.104955
v 0.058801 0.052703 0.083448
v 0.067500 0.045195 0.116913
v 0.067500 0.045942 0.116913
v 0.058801 0.052703 0.083448
v 0.090554 0.052779 0.091531
v 0.067500 0.046284 0.116913
v 0.067500 0.045195 0.116913
v 0.090554 0.052779 0.091531
v 0.099778 0.053279 0.116913
v 0.067500 0.046064 0.116913
v 0.067500 0.046284 0.116913
v 0.000000 0.074944 0.150000
v 0.000000 0.073060 0.150000
v 0.019539 0.067157 0.171513
v 0.035202 0.067200 0.150000
v 0.000000 0.073060 0.150000
v 0.000000 0.073837 0.150000
v -0.008848 0.067391 0.184038
v 0.019539 0.067157 0.171513
v 0.000000 0.073837 0.150000
v 0.000000 0.073402 0.150000
v -0.030551 0.067198 0.162918
v -0.008848 0.067391 0.184038
v 0.000000 0.073402 0.150000
v 0.000000 0.074588 0.150000
v -0.029670 0.066638 0.137454
v -0.030551 0.067198 0.162918
v 0.000000 0.074588 0.150000
v 0.000000 0.073526 0.150000
v -0.006883 0.067251 0.123522
v -0.029670 0.066638 0.137454
v 0.000000 0.073526 0.150000
v 0.000000 0.073000 0.150000
v 0.025019 0.066722 0.122453
v -0.006883 0.067251 0.123522
v 0.000000 0.073000 0.150000
v 0.000000 0.074944 0.150000
v 0.035202 0.067200 0.150000
v 0.025019 0.066722 0.122453
v 0.035202 0.067200 0.150000
v 0.019539 0.067157 0.171513
v 0.021095 0.053052 0.173227
v 0.039154 0.052692 0.150000
v 0.019539 0.067157 0.171513
v -0.008848 0.067391 0.184038
v -0.007312 0.052649 0.178128
v 0.021095 0.053052 0.173227
v -0.008848 0.067391 0.184038
v -0.030551 0.067198 0.162918
v -0.031787 0.052780 0.163441
v -0.007312 0.052649 0.178128
v -0.030551 0.067198 0.162918
v -0.029670 0.066638 0.137454
v -0.031270 0.052916 0.136778
v -0.031787 0.052780 0.163441
v -0.029670 0.066638 0.137454
v -0.006883 0.067251 0.123522
v -0.008761 0.053547 0.116298
v -0.031270 0.052916 0.136778
v -0.006883 0.067251 0.123522
v 0.025019 0.066722 0.122453
v 0.021980 0.052468 0.125800
v -0.008761 0.053547 0.116298
v 0.025019 0.066722 0.122453
v 0.035202 0.067200 0.150000
v 0.039154 0.052692 0.150000
v 0.021980 0.052468 0.125800
v 0.039154 0.052692 0.150000
v 0.021095 0.053052 0.173227
v 0.000000 0.046415 0.150000
v 0.000000 0.045403 0.150000
v 0.021095 0.053052 0.173227
v -0.007312 0.052649 0.178128
v 0.000000 0.047068 0.150000
v 0.000000 0.046415 0.150000
v -0.007312 0.052649 0.178128
v -0.031787 0.052780 0.163441
v 0.000000 0.045312 0.150000
v 0.000000 0.047068 0.150000
v -0.031787 0.052780 0.163441
v -0.031270 0.052916 0.136778
v 0.000000 0.046386 0.150000
v 0.000000 0.045312 0.150000
v -0.031270 0.052916 0.136778
v -0.008761 0.053547 0.116298
v 0.000000 0.045623 0.150000
v 0.000000 0.046386 0.150000
v -0.008761 0.053547 0.116298
v 0.021980 0.052468 0.125800
v 0.000000 0.045845 0.150000
v 0.000000 0.045623 0.150000
v 0.021980 0.052468 0.125800
v 0.039154 0.052692 0.150000
v 0.000000 0.045403 0.150000
v 0.000000 0.045845 0.150000
v -0.067500 0.074560 0.116913
v -0.067500 0.073520 0.116913
v -0.047895 0.067250 0.138499
v -0.030096 0.066546 0.116913
v -0.067500 0.073520 0.116913
v -0.067500 0.073469 0.116913
v -0.075919 0.067095 0.149300
v -0.047895 0.067250 0.138499
v -0.067500 0.073469 0.116913
v -0.067500 0.073909 0.116913
v -0.102062 0.066484 0.131528
v -0.075919 0.067095 0.149300
v -0.067500 0.073909 0.116913
v -0.067500 0.074480 0.116913
v -0.100820 0.066536 0.102824
v -0.102062 0.066484 0.131528
v -0.067500 0.074480 0.116913
v -0.067500 0.074932 0.116913
v -0.075686 0.066485 0.085421
v -0.100820 0.066536 0.102824
v -0.067500 0.074932 0.116913
v -0.067500 0.074336 0.116913
v -0.044406 0.066553 0.091486
v -0.075686 0.066485 0.085421
v -0.067500 0.074336 0.116913
v -0.067500 0.074560 0.116913
v -0.030096 0.066546 0.116913
v -0.044406 0.066553 0.091486
v -0.030096 0.066546 0.116913
v -0.047895 0.067250 0.138499
v -0.042364 0.053192 0.144590
v -0.033353 0.052995 0.116913
v -0.047895 0.067250 0.138499
v -0.075919 0.067095 0.149300
v -0.076000 0.053312 0.149614
v -0.042364 0.053192 0.144590
v -0.075919 0.067095 0.149300
v -0.102062 0.066484 0.131528
v -0.098188 0.053213 0.129890
v -0.076000 0.053312 0.149614
v -0.102062 0.066484 0.131528
v -0.100820 0.066536 0.102824
v -0.098868 0.053288 0.103650
v -0.098188 0.053213 0.129890
v -0.100820 0.066536 0.102824
v -0.075686 0.066485 0.085421
v -0.074672 0.052671 0.089321
v -0.098868 0.053288 0.103650
v -0.075686 0.066485 0.085421
v -0.044406 0.066553 0.091486
v -0.042332 0.053023 0.089203
v -0.074672 0.052671 0.089321
v -0.044406 0.066553 0.091486
v -0.030096 0.066546 0.116913
v -0.033353 0.052995 0.116913
v -0.042332 0.053023 0.089203
v -0.033353 0.052995 0.116913
v -0.042364 0.053192 0.144590
v -0.067500 0.047000 0.116913
v -0.067500 0.045264 0.116913
v -0.042364 0.053192 0.144590
v -0.076000 0.053312 0.149614
v -0.067500 0.045954 0.116913
v -0.067500 0.047000 0.116913
v -0.076000 0.053312 0.149614
v -0.098188 0.053213 0.129890
v -0.067500 0.046446 0.116913
v -0.067500 0.045954 0.116913
v -0.098188 0.053213 0.129890
v -0.098868 0.053288 0.103650
v -0.067500 0.046158 0.116913
v -0.067500 0.046446 0.116913
v -0.098868 0.053288 0.103650
v -0.074672 0.052671 0.089321
v -0.067500 0.045777 0.116913
v -0.067500 0.046158 0.116913
v -0.074672 0.052671 0.089321
v -0.042332 0.053023 0.089203
v -0.067500 0.046274 0.116913
v -0.067500 0.045777 0.116913
v -0.042332 0.053023 0.089203
v -0.033353 0.052995 0.116913
v -0.067500 0.045264 0.116913
v -0.067500 0.046274 0.116913
v -0.129904 0.074230 0.075000
v -0.129904 0.073722 0.075000
v -0.109275 0.067198 0.097713
v -0.089773 0.067179 0.075000
v -0.129904 0.073722 0.075000
v -0.129904 0.074931 0.075000
v -0.137673 0.066995 0.104888
v -0.109275 0.067198 0.097713
v -0.129904 0.074931 0.075000
v -0.129904 0.074279 0.075000
v -0.158316 0.066911 0.087014
v -0.137673 0.066995 0.104888
v -0.129904 0.074279 0.075000
v -0.129904 0.073108 0.075000
v -0.163496 0.066545 0.060796
v -0.158316 0.066911 0.087014
v -0.129904 0.073108 0.075000
v -0.129904 0.073225 0.075000
v -0.137713 0.066771 0.044959
v -0.163496 0.066545 0.060796
v -0.129904 0.073225 0.075000
v -0.129904 0.073646 0.075000
v -0.107881 0.066891 0.050752
v -0.137713 0.066771 0.044959
v -0.129904 0.073646 0.075000
v -0.129904 0.074230 0.075000
v -0.089773 0.067179 0.075000
v -0.107881 0.066891 0.050752
v -0.089773 0.067179 0.075000
v -0.109275 0.067198 0.097713
v -0.105870 0.053436 0.101462
v -0.095798 0.053373 0.075000
v -0.109275 0.067198 0.097713
v -0.137673 0.066995 0.104888
v -0.138758 0.053510 0.109061
v -0.105870 0.053436 0.101462
v -0.137673 0.066995 0.104888
v -0.158316 0.066911 0.087014
v -0.161478 0.053092 0.088351
v -0.138758 0.053510 0.109061
v -0.158316 0.066911 0.087014
v -0.163496 0.066545 0.060796
v -0.157849 0.053414 0.063184
v -0.161478 0.053092 0.088351
v -0.163496 0.066545 0.060796
v -0.137713 0.066771 0.044959
v -0.137188 0.052854 0.046979
v -0.157849 0.053414 0.063184
v -0.137713 0.066771 0.044959
v -0.107881 0.066891 0.050752
v -0.105936 0.052441 0.048611
v -0.137188 0.052854 0.046979
v -0.107881 0.066891 0.050752
v -0.089773 0.067179 0.075000
v -0.095798 0.053373 0.075000
v -0.105936 0.052441 0.048611
v -0.095798 0.053373 0.075000
v -0.105870 0.053436 0.101462
v -0.129904 0.046313 0.075000
v -0.129904 0.045625 0.075000
v -0.105870 0.053436 0.101462
v -0.138758 0.053510 0.109061
v -0.129904 0.045754 0.075000
v -0.129904 0.046313 0.075000
v -0.138758 0.053510 0.109061
v -0.161478 0.053092 0.088351
v -0.129904 0.045320 0.075000
v -0.129904 0.045754 0.075000
v -0.161478 0.053092 0.088351
v -0.157849 0.053414 0.063184
v -0.129904 0.046033 0.075000
v -0.129904 0.045320 0.075000
v -0.157849 0.053414 0.063184
v -0.137188 0.052854 0.046979
v -0.129904 0.046178 0.075000
v -0.129904 0.046033 0.075000
v -0.137188 0.052854 0.046979
v -0.105936 0.052441 0.048611
v -0.129904 0.046283 0.075000
v -0.129904 0.046178 0.075000
v -0.105936 0.052441 0.048611
v -0.095798 0.053373 0.075000
v -0.129904 0.045625 0.075000
v -0.129904 0.046283 0.075000
v -0.135000 0.073302 0.000000
v -0.135000 0.074480 0.000000
v -0.115357 0.066623 0.021628
v -0.101657 0.066950 0.000000
v -0.135000 0.074480 0.000000
v -0.135000 0.074918 0.000000
v -0.141838 0.067049 0.026305
v -0.115357 0.066623 0.021628
v -0.135000 0.074918 0.000000
v -0.135000 0.074945 0.000000
v -0.166525 0.066702 0.013330
v -0.141838 0.067049 0.026305
v -0.135000 0.074945 0.000000
v -0.135000 0.074284 0.000000
v -0.163408 0.066517 -0.012012
v -0.166525 0.066702 0.013330
v -0.135000 0.074284 0.000000
v -0.135000 0.074686 0.000000
v -0.142413 0.066618 -0.028516
v -0.163408 0.066517 -0.012012
v -0.135000 0.074686 0.000000
v -0.135000 0.073367 0.000000
v -0.113890 0.067140 -0.023243
v -0.142413 0.066618 -0.028516
v -0.135000 0.073367 0.000000
v -0.135000 0.073302 0.000000
v -0.101657 0.066950 0.000000
v -0.113890 0.067140 -0.023243
v -0.101657 0.066950 0.000000
v -0.115357 0.066623 0.021628
v -0.112686 0.053006 0.024568
v -0.102958 0.053398 0.000000
v -0.115357 0.066623 0.021628
v -0.141838 0.067049 0.026305
v -0.143729 0.053298 0.033582
v -0.112686 0.053006 0.024568
v -0.141838 0.067049 0.026305
v -0.166525 0.066702 0.013330
v -0.171136 0.052985 0.015280
v -0.143729 0.053298 0.033582
v -0.166525 0.066702 0.013330
v -0.163408 0.066517 -0.012012
v -0.169025 0.053337 -0.014387
v -0.171136 0.052985 0.015280
v -0.163408 0.066517 -0.012012
v -0.142413 0.066618 -0.028516
v -0.142552 0.053197 -0.029054
v -0.169025 0.053337 -0.014387
v -0.142413 0.066618 -0.028516
v -0.113890 0.067140 -0.023243
v -0.113113 0.053293 -0.024098
v -0.142552 0.053197 -0.029054
v -0.113890 0.067140 -0.023243
v -0.101657 0.066950 0.000000
v -0.102958 0.053398 0.000000
v -0.113113 0.053293 -0.024098
v -0.102958 0.053398 0.000000
v -0.112686 0.053006 0.024568
v -0.135000 0.047088 0.000000
v -0.135000 0.046156 0.000000
v -0.112686 0.053006 0.024568
v -0.143729 0.053298 0.033582
v -0.135000 0.045022 0.000000
v -0.135000 0.047088 0.000000
v -0.143729 0.053298 0.033582
v -0.171136 0.052985 0.015280
v -0.135000 0.046427 0.000000
v -0.135000 0.045022 0.000000
v -0.171136 0.052985 0.015280
v -0.169025 0.053337 -0.014387
v -0.135000 0.046118 0.000000
v -0.135000 0.046427 0.000000
v -0.169025 0.053337 -0.014387
v -0.142552 0.053197 -0.029054
v -0.135000 0.047041 0.000000
v -0.135000 0.046118 0.000000
v -0.142552 0.053197 -0.029054
v -0.113113 0.053293 -0.024098
v -0.135000 0.046956 0.000000
v -0.135000 0.047041 0.000000
v -0.113113 0.053293 -0.024098
v -0.102958 0.053398 0.000000
v -0.135000 0.046156 0.000000
v -0.135000 0.046956 0.000000
v -0.129904 0.074552 -0.075000
v -0.129904 0.074745 -0.075000
v -0.109740 0.067073 -0.052799
v -0.093313 0.067526 -0.075000
v -0.129904 0.074745 -0.075000
v -0.129904 0.073909 -0.075000
v -0.138829 0.067001 -0.040663
v -0.109740 0.067073 -0.052799
v -0.129904 0.073909 -0.075000
v -0.129904 0.073478 -0.075000
v -0.159541 0.067531 -0.062468
v -0.138829 0.067001 -0.040663
v -0.129904 0.073478 -0.075000
v -0.129904 0.073384 -0.075000
v -0.162421 0.066809 -0.088750
v -0.159541 0.067531 -0.062468
v -0.129904 0.073384 -0.075000
v -0.129904 0.073003 -0.075000
v -0.137985 0.066446 -0.106088
v -0.162421 0.066809 -0.088750
v -0.129904 0.073003 -0.075000
v -0.129904 0.075015 -0.075000
v -0.109840 0.066631 -0.097091
v -0.137985 0.066446 -0.106088
v -0.129904 0.075015 -0.075000
v -0.129904 0.074552 -0.075000
v -0.093313 0.067526 -0.075000
v -0.109840 0.066631 -0.097091
v -0.093313 0.067526 -0.075000
v -0.109740 0.067073 -0.052799
v -0.106819 0.053209 -0.049582
v -0.089882 0.053448 -0.075000
v -0.109740 0.067073 -0.052799
v -0.138829 0.067001 -0.040663
v -0.138047 0.052766 -0.043675
v -0.106819 0.053209 -0.049582
v -0.138829 0.067001 -0.040663
v -0.159541 0.067531 -0.062468
v -0.162456 0.053316 -0.061236
v -0.138047 0.052766 -0.043675
v -0.159541 0.067531 -0.062468
v -0.162421 0.066809 -0.088750
v -0.159781 0.053031 -0.087633
v -0.162456 0.053316 -0.061236
v -0.162421 0.066809 -0.088750
v -0.137985 0.066446 -0.106088
v -0.137492 0.052626 -0.104191
v -0.159781 0.053031 -0.087633
v -0.137985 0.066446 -0.106088
v -0.109840 0.066631 -0.097091
v -0.106572 0.052778 -0.100689
v -0.137492 0.052626 -0.104191
v -0.109840 0.066631 -0.097091
v -0.093313 0.067526 -0.075000
v -0.089882 0.053448 -0.075000
v -0.106572 0.052778 -0.100689
v -0.089882 0.053448 -0.075000
v -0.106819 0.053209 -0.049582
v -0.129904 0.046500 -0.075000
v -0.129904 0.046869 -0.075000
v -0.106819 0.053209 -0.049582
v -0.138047 0.052766 -0.043675
v -0.129904 0.045620 -0.075000
v -0.129904 0.046500 -0.075000
v -0.138047 0.052766 -0.043675
v -0.162456 0.053316 -0.061236
v -0.129904 0.046327 -0.075000
v -0.129904 0.045620 -0.075000
v -0.162456 0.053316 -0.061236
v -0.159781 0.053031 -0.087633
v -0.129904 0.046014 -0.075000
v -0.129904 0.046327 -0.075000
v -0.159781 0.053031 -0.087633
v -0.137492 0.052626 -0.104191
v -0.129904 0.045051 -0.075000
v -0.129904 0.046014 -0.075000
v -0.137492 0.052626 -0.104191
v -0.106572 0.052778 -0.100689
v -0.129904 0.045928 -0.075000
v -0.129904 0.045051 -0.075000
v -0.106572 0.052778 -0.100689
v -0.089882 0.053448 -0.075000
v -0.129904 0.046869 -0.075000
v -0.129904 0.045928 -0.075000
v -0.067500 0.073267 -0.116913
v -0.067500 0.072952 -0.116913
v -0.044880 0.066531 -0.092008
v -0.027554 0.066601 -0.116913
v -0.067500 0.072952 -0.116913
v -0.067500 0.074452 -0.116913
v -0.074638 0.067105 -0.089454
v -0.044880 0.066531 -0.092008
v -0.067500 0.074452 -0.116913
v -0.067500 0.074122 -0.116913
v -0.102751 0.067150 -0.102008
v -0.074638 0.067105 -0.089454
v -0.067500 0.074122 -0.116913
v -0.067500 0.073698 -0.116913
v -0.103723 0.066861 -0.132230
v -0.102751 0.067150 -0.102008
v -0.067500 0.073698 -0.116913
v -0.067500 0.074038 -0.116913
v -0.074313 0.067289 -0.143122
v -0.103723 0.066861 -0.132230
v -0.067500 0.074038 -0.116913
v -0.067500 0.075101 -0.116913
v -0.046917 0.066802 -0.139576
v -0.074313 0.067289 -0.143122
v -0.067500 0.075101 -0.116913
v -0.067500 0.073267 -0.116913
v -0.027554 0.066601 -0.116913
v -0.046917 0.066802 -0.139576
v -0.027554 0.066601 -0.116913
v -0.044880 0.066531 -0.092008
v -0.043418 0.052791 -0.090398
v -0.031173 0.053248 -0.116913
v -0.044880 0.066531 -0.092008
v -0.074638 0.067105 -0.089454
v -0.075728 0.052809 -0.085259
v -0.043418 0.052791 -0.090398
v -0.074638 0.067105 -0.089454
v -0.102751 0.067150 -0.102008
v -0.101243 0.052974 -0.102645
v -0.075728 0.052809 -0.085259
v -0.102751 0.067150 -0.102008
v -0.103723 0.066861 -0.132230
v -0.097664 0.052727 -0.129668
v -0.101243 0.052974 -0.102645
v -0.103723 0.066861 -0.132230
v -0.074313 0.067289 -0.143122
v -0.074828 0.053368 -0.145106
v -0.097664 0.052727 -0.129668
v -0.074313 0.067289 -0.143122
v -0.046917 0.066802 -0.139576
v -0.044626 0.053466 -0.142099
v -0.074828 0.053368 -0.145106
v -0.046917 0.066802 -0.139576
v -0.027554 0.066601 -0.116913
v -0.031173 0.053248 -0.116913
v -0.044626 0.053466 -0.142099
v -0.031173 0.053248 -0.116913
v -0.043418 0.052791 -0.090398
v -0.067500 0.046210 -0.116913
v -0.067500 0.046190 -0.116913
v -0.043418 0.052791 -0.090398
v -0.075728 0.052809 -0.085259
v -0.067500 0.046144 -0.116913
v -0.067500 0.046210 -0.116913
v -0.075728 0.052809 -0.085259
v -0.101243 0.052974 -0.102645
v -0.067500 0.046844 -0.116913
v -0.067500 0.046144 -0.116913
v -0.101243 0.052974 -0.102645
v -0.097664 0.052727 -0.129668
v -0.067500 0.045720 -0.116913
v -0.067500 0.046844 -0.116913
v -0.097664 0.052727 -0.129668
v -0.074828 0.053368 -0.145106
v -0.067500 0.046602 -0.116913
v -0.067500 0.045720 -0.116913
v -0.074828 0.053368 -0.145106
v -0.044626 0.053466 -0.142099
v -0.067500 0.045557 -0.116913
v -0.067500 0.046602 -0.116913
v -0.044626 0.053466 -0.142099
v -0.031173 0.053248 -0.116913
v -0.067500 0.046190 -0.116913
v -0.067500 0.045557 -0.116913
v -0.000000 0.073533 -0.150000
v -0.000000 0.074806 -0.150000
v 0.021251 0.067418 -0.126602
v 0.040060 0.067223 -0.150000
v -0.000000 0.074806 -0.150000
v -0.000000 0.074471 -0.150000
v -0.007124 0.066479 -0.122594
v 0.021251 0.067418 -0.126602
v -0.000000 0.074471 -0.150000
v -0.000000 0.074837 -0.150000
v -0.035513 0.067509 -0.134984
v -0.007124 0.066479 -0.122594
v -0.000000 0.074837 -0.150000
v -0.000000 0.073131 -0.150000
v -0.029399 0.066793 -0.162431
v -0.035513 0.067509 -0.134984
v -0.000000 0.073131 -0.150000
v -0.000000 0.074389 -0.150000
v -0.007134 0.067467 -0.177443
v -0.029399 0.066793 -0.162431
v -0.000000 0.074389 -0.150000
v -0.000000 0.074677 -0.150000
v 0.020275 0.067003 -0.172323
v -0.007134 0.067467 -0.177443
v -0.000000 0.074677 -0.150000
v -0.000000 0.073533 -0.150000
v 0.040060 0.067223 -0.150000
v 0.020275 0.067003 -0.172323
v 0.040060 0.067223 -0.150000
v 0.021251 0.067418 -0.126602
v 0.022400 0.053525 -0.125337
v 0.031725 0.053434 -0.150000
v 0.021251 0.067418 -0.126602
v -0.007124 0.066479 -0.122594
v -0.007274 0.053053 -0.122016
v 0.022400 0.053525 -0.125337
v -0.007124 0.066479 -0.122594
v -0.035513 0.067509 -0.134984
v -0.034894 0.053272 -0.135245
v -0.007274 0.053053 -0.122016
v -0.035513 0.067509 -0.134984
v -0.029399 0.066793 -0.162431
v -0.035190 0.053543 -0.164880
v -0.034894 0.053272 -0.135245
v -0.029399 0.066793 -0.162431
v -0.007134 0.067467 -0.177443
v -0.008548 0.052822 -0.182886
v -0.035190 0.053543 -0.164880
v -0.007134 0.067467 -0.177443
v 0.020275 0.067003 -0.172323
v 0.020238 0.053240 -0.172283
v -0.008548 0.052822 -0.182886
v 0.020275 0.067003 -0.172323
v 0.040060 0.067223 -0.150000
v 0.031725 0.053434 -0.150000
v 0.020238 0.053240 -0.172283
v 0.031725 0.053434 -0.150000
v 0.022400 0.053525 -0.125337
v -0.000000 0.046545 -0.150000
v -0.000000 0.045922 -0.150000
v 0.022400 0.053525 -0.125337
v -0.007274 0.053053 -0.122016
v -0.000000 0.045243 -0.150000
v -0.000000 0.046545 -0.150000
v -0.007274 0.053053 -0.122016
v -0.034894 0.053272 -0.135245
v -0.000000 0.046628 -0.150000
v -0.000000 0.045243 -0.150000
v -0.034894 0.053272 -0.135245
v -0.035190 0.053543 -0.164880
v -0.000000 0.046751 -0.150000
v -0.000000 0.046628 -0.150000
v -0.035190 0.053543 -0.164880
v -0.008548 0.052822 -0.182886
v -0.000000 0.046484 -0.150000
v -0.000000 0.046751 -0.150000
v -0.008548 0.052822 -0.182886
v 0.020238 0.053240 -0.172283
v -0.000000 0.046409 -0.150000
v -0.000000 0.046484 -0.150000
v 0.020238 0.053240 -0.172283
v 0.031725 0.053434 -0.150000
v -0.000000 0.045922 -0.150000
v -0.000000 0.046409 -0.150000
v 0.067500 0.074928 -0.116913
v 0.067500 0.073451 -0.116913
v 0.086796 0.067308 -0.095667
v 0.106576 0.067551 -0.116913
v 0.067500 0.073451 -0.116913
v 0.067500 0.073815 -0.116913
v 0.058599 0.066737 -0.082671
v 0.086796 0.067308 -0.095667
v 0.067500 0.073815 -0.116913
v 0.067500 0.073852 -0.116913
v 0.036784 0.067070 -0.103925
v 0.058599 0.066737 -0.082671
v 0.067500 0.073852 -0.116913
v 0.067500 0.075051 -0.116913
v 0.033293 0.066857 -0.131378
v 0.036784 0.067070 -0.103925
v 0.067500 0.075051 -0.116913
v 0.067500 0.074889 -0.116913
v 0.058724 0.066644 -0.150675
v 0.033293 0.066857 -0.131378
v 0.067500 0.074889 -0.116913
v 0.067500 0.075060 -0.116913
v 0.092089 0.066644 -0.143986
v 0.058724 0.066644 -0.150675
v 0.067500 0.075060 -0.116913
v 0.067500 0.074928 -0.116913
v 0.106576 0.067551 -0.116913
v 0.092089 0.066644 -0.143986
v 0.106576 0.067551 -0.116913
v 0.086796 0.067308 -0.095667
v 0.089207 0.053235 -0.093013
v 0.104893 0.053033 -0.116913
v 0.086796 0.067308 -0.095667
v 0.058599 0.066737 -0.082671
v 0.059999 0.053233 -0.088057
v 0.089207 0.053235 -0.093013
v 0.058599 0.066737 -0.082671
v 0.036784 0.067070 -0.103925
v 0.034894 0.052660 -0.103126
v 0.059999 0.053233 -0.088057
v 0.036784 0.067070 -0.103925
v 0.033293 0.066857 -0.131378
v 0.036572 0.052924 -0.129991
v 0.034894 0.052660 -0.103126
v 0.033293 0.066857 -0.131378
v 0.058724 0.066644 -0.150675
v 0.059778 0.053478 -0.146620
v 0.036572 0.052924 -0.129991
v 0.058724 0.066644 -0.150675
v 0.092089 0.066644 -0.143986
v 0.089794 0.052771 -0.141460
v 0.059778 0.053478 -0.146620
v 0.092089 0.066644 -0.143986
v 0.106576 0.067551 -0.116913
v 0.104893 0.053033 -0.116913
v 0.089794 0.052771 -0.141460
v 0.104893 0.053033 -0.116913
v 0.089207 0.053235 -0.093013
v 0.067500 0.046628 -0.116913
v 0.067500 0.045119 -0.116913
v 0.089207 0.053235 -0.093013
v 0.059999 0.053233 -0.088057
v 0.067500 0.046749 -0.116913
v 0.067500 0.046628 -0.116913
v 0.059999 0.053233 -0.088057
v 0.034894 0.052660 -0.103126
v 0.067500 0.045878 -0.116913
v 0.067500 0.046749 -0.116913
v 0.034894 0.052660 -0.103126
v 0.036572 0.052924 -0.129991
v 0.067500 0.045200 -0.116913
v 0.067500 0.045878 -0.116913
v 0.036572 0.052924 -0.129991
v 0.059778 0.053478 -0.146620
v 0.067500 0.045074 -0.116913
v 0.067500 0.045200 -0.116913
v 0.059778 0.053478 -0.146620
v 0.089794 0.052771 -0.141460
v 0.067500 0.046919 -0.116913
v 0.067500 0.045074 -0.116913
v 0.089794 0.052771 -0.141460
v 0.104893 0.053033 -0.116913
v 0.067500 0.045119 -0.116913
v 0.067500 0.046919 -0.116913
v 0.129904 0.074936 -0.075000
v 0.129904 0.073077 -0.075000
v 0.149263 0.066783 -0.053684
v 0.162106 0.066990 -0.075000
v 0.129904 0.073077 -0.075000
v 0.129904 0.072959 -0.075000
v 0.122731 0.067230 -0.047406
v 0.149263 0.066783 -0.053684
v 0.129904 0.072959 -0.075000
v 0.129904 0.074002 -0.075000
v 0.101722 0.067291 -0.063083
v 0.122731 0.067230 -0.047406
v 0.129904 0.074002 -0.075000
v 0.129904 0.074658 -0.075000
v 0.102046 0.067053 -0.086779
v 0.101722 0.067291 -0.063083
v 0.129904 0.074658 -0.075000
v 0.129904 0.072962 -0.075000
v 0.121589 0.067117 -0.106989
v 0.102046 0.067053 -0.086779
v 0.129904 0.072962 -0.075000
v 0.129904 0.073259 -0.075000
v 0.149059 0.067333 -0.096091
v 0.121589 0.067117 -0.106989
v 0.129904 0.073259 -0.075000
v 0.129904 0.074936 -0.075000
v 0.162106 0.066990 -0.075000
v 0.149059 0.067333 -0.096091
v 0.162106 0.066990 -0.075000
v 0.149263 0.066783 -0.053684
v 0.154394 0.052483 -0.048036
v 0.162627 0.052880 -0.075000
v 0.149263 0.066783 -0.053684
v 0.122731 0.067230 -0.047406
v 0.122837 0.052928 -0.047812
v 0.154394 0.052483 -0.048036
v 0.122731 0.067230 -0.047406
v 0.101722 0.067291 -0.063083
v 0.094431 0.053093 -0.060001
v 0.122837 0.052928 -0.047812
v 0.101722 0.067291 -0.063083
v 0.102046 0.067053 -0.086779
v 0.097816 0.053411 -0.088568
v 0.094431 0.053093 -0.060001
v 0.102046 0.067053 -0.086779
v 0.121589 0.067117 -0.106989
v 0.121649 0.053493 -0.106754
v 0.097816 0.053411 -0.088568
v 0.121589 0.067117 -0.106989
v 0.149059 0.067333 -0.096091
v 0.150125 0.053110 -0.097264
v 0.121649 0.053493 -0.106754
v 0.149059 0.067333 -0.096091
v 0.162106 0.066990 -0.075000
v 0.162627 0.052880 -0.075000
v 0.150125 0.053110 -0.097264
v 0.162627 0.052880 -0.075000
v 0.154394 0.052483 -0.048036
v 0.129904 0.045021 -0.075000
v 0.129904 0.046225 -0.075000
v 0.154394 0.052483 -0.048036
v 0.122837 0.052928 -0.047812
v 0.129904 0.045336 -0.075000
v 0.129904 0.045021 -0.075000
v 0.122837 0.052928 -0.047812
v 0.094431 0.053093 -0.060001
v 0.129904 0.046282 -0.075000
v 0.129904 0.045336 -0.075000
v 0.094431 0.053093 -0.060001
v 0.097816 0.053411 -0.088568
v 0.129904 0.045820 -0.075000
v 0.129904 0.046282 -0.075000
v 0.097816 0.053411 -0.088568
v 0.121649 0.053493 -0.106754
v 0.129904 0.046232 -0.075000
v 0.129904 0.045820 -0.075000
v 0.121649 0.053493 -0.106754
v 0.150125 0.053110 -0.097264
v 0.129904 0.046780 -0.075000
v 0.129904 0.046232 -0.075000
v 0.150125 0.053110 -0.097264
v 0.162627 0.052880 -0.075000
v 0.129904 0.046225 -0.075000
v 0.129904 0.046780 -0.075000
v 0.000000 0.142000 0.116510
v 0.000000 0.142000 -0.101490
v 0.002250 0.199500 0.123761
v 0.002250 0.199500 -0.073467
v 0.004500 0.257000 0.121464
v 0.004500 0.257000 -0.054327
v 0.006750 0.314500 0.107761
v 0.006750 0.314500 -0.045787
v 0.009000 0.372000 0.084365
v 0.009000 0.372000 -0.045932
v 0.011250 0.429500 0.055645
v 0.011250 0.429500 -0.050071
v 0.013500 0.487000 0.026864
v 0.013500 0.487000 -0.052358
v 0.015750 0.544500 0.002066
v 0.015750 0.544500 -0.047411
v 0.018000 0.602000 -0.020547
v 0.018000 0.602000 -0.028547
v -0.037834 0.148000 0.042902
v 0.099784 0.148000 -0.053459
v -0.031486 0.194250 0.041204
v 0.093167 0.194250 -0.046079
v -0.017956 0.240500 0.034477
v 0.093318 0.240500 -0.043438
v 0.000469 0.286750 0.024322
v 0.097861 0.286750 -0.043872
v 0.020274 0.333000 0.013202
v 0.103154 0.333000 -0.044832
v 0.037975 0.379250 0.003554
v 0.105514 0.379250 -0.043737
v 0.051307 0.425500 -0.003035
v 0.102311 0.425500 -0.038748
v 0.060052 0.471750 -0.006411
v 0.092492 0.471750 -0.029126
v 0.068056 0.518000 -0.009268
v 0.074609 0.518000 -0.013857
v -0.141072 0.149000 -0.023915
v -0.014211 0.149000 0.052311
v -0.127838 0.187750 -0.013338
v -0.012848 0.187750 0.055755
v -0.111742 0.226500 -0.001042
v -0.009002 0.226500 0.060691
v -0.096418 0.265250 0.010791
v -0.006388 0.265250 0.064886
v -0.084844 0.304000 0.020370
v -0.008101 0.304000 0.066482
v -0.078420 0.342750 0.026855
v -0.015723 0.342750 0.064527
v -0.076589 0.381500 0.030580
v -0.029033 0.381500 0.059155
v -0.077002 0.420250 0.032957
v -0.046443 0.420250 0.051319
v -0.074473 0.459000 0.037101
v -0.067616 0.459000 0.041222
v -0.017797 0.155000 0.116479
v 0.035774 0.155000 0.011340
v -0.008369 0.187500 0.102933
v 0.040262 0.187500 0.007489
v 0.000111 0.220000 0.091245
v 0.043644 0.220000 0.005806
v 0.006539 0.252500 0.083585
v 0.044783 0.252500 0.008527
v 0.010588 0.285000 0.080595
v 0.043303 0.285000 0.016388
v 0.012761 0.317500 0.081286
v 0.039630 0.317500 0.028553
v 0.014186 0.350000 0.083446
v 0.034755 0.350000 0.043077
v 0.016281 0.382500 0.084290
v 0.029776 0.382500 0.057804
v 0.021091 0.415000 0.079807
v 0.024723 0.415000 0.072679
v -0.063474 0.154000 -0.053588
v 0.039463 0.154000 -0.049993
v -0.051773 0.182750 -0.050928
v 0.041773 0.182750 -0.047661
v -0.044532 0.211500 -0.048424
v 0.039322 0.211500 -0.045496
v -0.042076 0.240250 -0.046087
v 0.031722 0.240250 -0.043510
v -0.043130 0.269000 -0.043872
v 0.020157 0.269000 -0.041662
v -0.045331 0.297750 -0.041698
v 0.006841 0.297750 -0.039876
v -0.046027 0.326500 -0.039471
v -0.005833 0.326500 -0.038067
v -0.042985 0.355250 -0.037113
v -0.016238 0.355250 -0.036179
v -0.033510 0.384000 -0.034531
v -0.025514 0.384000 -0.034251
vt 0.000000 0.000000
vt 1.000000 0.000000
vt 1.000000 1.000000
vt 0.000000 1.000000
vt 0.000000 0.000000
vt 1.000000 0.000000
vt 1.000000 1.000000
vt 0.000000 1.000000
vt 0.000000 0.000000
vt 1.000000 0.000000
vt 1.000000 1.000000
vt 0.000000 1.000000
vt 0.000000 0.000000
vt 1.000000 0.000000
vt 1.000000 1.000000
vt 0.000000 1.000000
vt 0.000000 0.000000
vt 1.000000 0.000000
vt 1.000000 1.000000
vt 0.000000 1.000000
vt 0.000000 0.000000
vt 1.000000 0.000000
vt 1.000000 1.000000
vt 0.000000 1.000000
vt 0.000000 0.000000
vt 1.000000 0.000000
vt 1.000000 1.000000
vt 0.000000 1.000000
vt 0.000000 0.000000
vt 1.000000 0.000000
vt 1.000000 1.000000
vt 0.000000 1.000000
vt 0.000000 0.000000
vt 1.000000 0.000000
vt 1.000000 1.000000
vt 0.000000 1.000000
vt 0.000000 0.000000
vt 1.000000 0.000000
vt 1.000000 1.000000
vt 0.000000 1.000000
vt 0.000000 0.000000
vt 1.000000 0.000000
vt 1.000000 1.000000
vt 0.000000 1.000000
vt 0.000000 0.000000
vt 1.000000 0.000000
vt 1.000000 1.000000
vt 0.000000 1.000000
vt 0.000000 0.000000
vt 1.000000 0.000000
vt 1.000000 1.000000
vt 0.000000 1.000000
vt 0.000000 0.000000
vt 1.000000 0.000000
vt 1.000000 1.000000
vt 0.000000 1.000000
vt 0.000000 0.000000
vt 1.000000 0.000000
vt 1.000000 1.000000
vt 0.000000 1.000000
vt 0.000000 0.000000
vt 1.000000 0.000000
vt 1.000000 1.000000
vt 0.000000 1.000000
vt 0.000000 0.000000
vt 1.000000 0.000000
vt 1.000000 1.000000
vt 0.000000 1.000000
vt 0.000000 0.000000
vt 1.000000 0.000000
vt 1.000000 1.000000
vt 0.000000 1.000000
vt 0.000000 0.000000
vt 1.000000 0.000000
vt 1.000000 1.000000
vt 0.000000 1.000000
vt 0.000000 0.000000
vt 1.000000 0.000000
vt 1.000000 1.000000
vt 0.000000 1.000000
vt 0.000000 0.000000
vt 1.000000 0.000000
vt 1.000000 1.000000
vt 0.000000 1.000000
vt 0.000000 0.000000
vt 1.000000 0.000000
vt 1.000000 1.000000
vt 0.000000 1.000000
vt 0.000000 0.000000
vt 1.000000 0.000000
vt 1.000000 1.000000
vt 0.000000 1.000000
vt 0.000000 0.000000
vt 1.000000 0.000000
vt 1.000000 1.000000
vt 0.000000 1.000000
vt 0.000000 0.000000
vt 1.000000 0.000000
vt 1.000000 1.000000
vt 0.000000 1.000000
vt 0.000000 0.000000
vt 1.000000 0.000000
vt 1.000000 1.000000
vt 0.000000 1.000000
vt 0.000000 0.000000
vt 1.000000 0.000000
vt 1.000000 1.000000
vt 0.000000 1.000000
vt 0.000000 0.000000
vt 1.000000 0.000000
vt 1.000000 1.000000
vt 0.000000 1.000000
vt 0.000000 0.000000
vt 1.000000 0.000000
vt 1.000000 1.000000
vt 0.000000 1.000000
vt 0.000000 0.000000
vt 1.000000 0.000000
vt 1.000000 1.000000
vt 0.000000 1.000000
vt 0.000000 0.000000
vt 1.000000 0.000000
vt 1.000000 1.000000
vt 0.000000 1.000000
vt 0.000000 0.000000
vt 1.000000 0.000000
vt 1.000000 1.000000
vt 0.000000 1.000000
vt 0.000000 0.000000
vt 1.000000 0.000000
vt 1.000000 1.000000
vt 0.000000 1.000000
vt 0.000000 0.000000
vt 1.000000 0.000000
vt 1.000000 1.000000
vt 0.000000 1.000000
vt 0.000000 0.000000
vt 1.000000 0.000000
vt 1.000000 1.000000
vt 0.000000 1.000000
vt 0.000000 0.000000
vt 1.000000 0.000000
vt 1.000000 1.000000
vt 0.000000 1.000000
vt 0.000000 0.000000
vt 1.000000 0.000000
vt 1.000000 1.000000
vt 0.000000 1.000000
vt 0.000000 0.000000
vt 1.000000 0.000000
vt 1.000000 1.000000
vt 0.000000 1.000000
vt 0.000000 0.000000
vt 1.000000 0.000000
vt 1.000000 1.000000
vt 0.000000 1.000000
vt 0.000000 0.000000
vt 1.000000 0.000000
vt 1.000000 1.000000
vt 0.000000 1.000000
vt 0.000000 0.000000
vt 1.000000 0.000000
vt 1.000000 1.000000
vt 0.000000 1.000000
vt 0.000000 0.000000
vt 1.000000 0.000000
vt 1.000000 1.000000
vt 0.000000 1.000000
vt 0.000000 0.000000
vt 1.000000 0.000000
vt 1.000000 1.000000
vt 0.000000 1.000000
vt 0.000000 0.000000
vt 1.000000 0.000000
vt 1.000000 1.000000
vt 0.000000 1.000000
vt 0.000000 0.000000
vt 1.000000 0.000000
vt 1.000000 1.000000
vt 0.000000 1.000000
vt 0.000000 0.000000
vt 1.000000 0.000000
vt 1.000000 1.000000
vt 0.000000 1.000000
vt 0.000000 0.000000
vt 1.000000 0.000000
vt 1.000000 1.000000
vt 0.000000 1.000000
vt 0.000000 0.000000
vt 1.000000 0.000000
vt 1.000000 1.000000
vt 0.000000 1.000000
vt 0.000000 0.000000
vt 1.000000 0.000000
vt 1.000000 1.000000
vt 0.000000 1.000000
vt 0.000000 0.000000
vt 1.000000 0.000000
vt 1.000000 1.000000
vt 0.000000 1.000000
vt 0.000000 0.000000
vt 1.000000 0.000000
vt 1.000000 1.000000
vt 0.000000 1.000000
vt 0.000000 0.000000
vt 1.000000 0.000000
vt 1.000000 1.000000
vt 0.000000 1.000000
vt 0.000000 0.000000
vt 1.000000 0.000000
vt 1.000000 1.000000
vt 0.000000 1.000000
vt 0.000000 0.000000
vt 1.000000 0.000000
vt 1.000000 1.000000
vt 0.000000 1.000000
vt 0.000000 0.000000
vt 1.000000 0.000000
vt 1.000000 1.000000
vt 0.000000 1.000000
vt 0.000000 0.000000
vt 1.000000 0.000000
vt 1.000000 1.000000
vt 0.000000 1.000000
vt 0.000000 0.000000
vt 1.000000 0.000000
vt 1.000000 1.000000
vt 0.000000 1.000000
vt 0.000000 0.000000
vt 1.000000 0.000000
vt 1.000000 1.000000
vt 0.000000 1.000000
vt 0.000000 0.000000
vt 1.000000 0.000000
vt 1.000000 1.000000
vt 0.000000 1.000000
vt 0.000000 0.000000
vt 1.000000 0.000000
vt 1.000000 1.000000
vt 0.000000 1.000000
vt 0.000000 0.000000
vt 1.000000 0.000000
vt 1.000000 1.000000
vt 0.000000 1.000000
vt 0.000000 0.000000
vt 1.000000 0.000000
vt 1.000000 1.000000
vt 0.000000 1.000000
vt 0.000000 0.000000
vt 1.000000 0.000000
vt 1.000000 1.000000
vt 0.000000 1.000000
vt 0.000000 0.000000
vt 1.000000 0.000000
vt 1.000000 1.000000
vt 0.000000 1.000000
vt 0.000000 0.000000
vt 1.000000 0.000000
vt 1.000000 1.000000
vt 0.000000 1.000000
vt 0.000000 0.000000
vt 1.000000 0.000000
vt 1.000000 1.000000
vt 0.000000 1.000000
vt 0.000000 0.000000
vt 1.000000 0.000000
vt 1.000000 1.000000
vt 0.000000 1.000000
vt 0.000000 0.000000
vt 1.000000 0.000000
vt 1.000000 1.000000
vt 0.000000 1.000000
vt 0.000000 0.000000
vt 1.000000 0.000000
vt 1.000000 1.000000
vt 0.000000 1.000000
vt 0.000000 0.000000
vt 1.000000 0.000000
vt 1.000000 1.000000
vt 0.000000 1.000000
vt 0.000000 0.000000
vt 1.000000 0.000000
vt 1.000000 1.000000
vt 0.000000 1.000000
vt 0.000000 0.000000
vt 1.000000 0.000000
vt 1.000000 1.000000
vt 0.000000 1.000000
vt 0.000000 0.000000
vt 1.000000 0.000000
vt 1.000000 1.000000
vt 0.000000 1.000000
vt 0.000000 0.000000
vt 1.000000 0.000000
vt 1.000000 1.000000
vt 0.000000 1.000000
vt 0.000000 0.000000
vt 1.000000 0.000000
vt 1.000000 1.000000
vt 0.000000 1.000000
vt 0.000000 0.000000
vt 1.000000 0.000000
vt 1.000000 1.000000
vt 0.000000 1.000000
vt 0.000000 0.000000
vt 1.000000 0.000000
vt 1.000000 1.000000
vt 0.000000 1.000000
vt 0.000000 0.000000
vt 1.000000 0.000000
vt 1.000000 1.000000
vt 0.000000 1.000000
vt 0.000000 0.000000
vt 1.000000 0.000000
vt 1.000000 1.000000
vt 0.000000 1.000000
vt 0.000000 0.000000
vt 1.000000 0.000000
vt 1.000000 1.000000
vt 0.000000 1.000000
vt 0.000000 0.000000
vt 1.000000 0.000000
vt 1.000000 1.000000
vt 0.000000 1.000000
vt 0.000000 0.000000
vt 1.000000 0.000000
vt 1.000000 1.000000
vt 0.000000 1.000000
vt 0.000000 0.000000
vt 1.000000 0.000000
vt 1.000000 1.000000
vt 0.000000 1.000000
vt 0.000000 0.000000
vt 1.000000 0.000000
vt 1.000000 1.000000
vt 0.000000 1.000000
vt 0.000000 0.000000
vt 1.000000 0.000000
vt 1.000000 1.000000
vt 0.000000 1.000000
vt 0.000000 0.000000
vt 1.000000 0.000000
vt 1.000000 1.000000
vt 0.000000 1.000000
vt 0.000000 0.000000
vt 1.000000 0.000000
vt 1.000000 1.000000
vt 0.000000 1.000000
vt 0.000000 0.000000
vt 1.000000 0.000000
vt 1.000000 1.000000
vt 0.000000 1.000000
vt 0.000000 0.000000
vt 1.000000 0.000000
vt 1.000000 1.000000
vt 0.000000 1.000000
vt 0.000000 0.000000
vt 1.000000 0.000000
vt 1.000000 1.000000
vt 0.000000 1.000000
vt 0.000000 0.000000
vt 1.000000 0.000000
vt 1.000000 1.000000
vt 0.000000 1.000000
vt 0.000000 0.000000
vt 1.000000 0.000000
vt 1.000000 1.000000
vt 0.000000 1.000000
vt 0.000000 0.000000
vt 1.000000 0.000000
vt 1.000000 1.000000
vt 0.000000 1.000000
vt 0.000000 0.000000
vt 1.000000 0.000000
vt 1.000000 1.000000
vt 0.000000 1.000000
vt 0.000000 0.000000
vt 1.000000 0.000000
vt 1.000000 1.000000
vt 0.000000 1.000000
vt 0.000000 0.000000
vt 1.000000 0.000000
vt 1.000000 1.000000
vt 0.000000 1.000000
vt 0.000000 0.000000
vt 1.000000 0.000000
vt 1.000000 1.000000
vt 0.000000 1.000000
vt 0.000000 0.000000
vt 1.000000 0.000000
vt 1.000000 1.000000
vt 0.000000 1.000000
vt 0.000000 0.000000
vt 1.000000 0.000000
vt 1.000000 1.000000
vt 0.000000 1.000000
vt 0.000000 0.000000
vt 1.000000 0.000000
vt 1.000000 1.000000
vt 0.000000 1.000000
vt 0.000000 0.000000
vt 1.000000 0.000000
vt 1.000000 1.000000
vt 0.000000 1.000000
vt 0.000000 0.000000
vt 1.000000 0.000000
vt 1.000000 1.000000
vt 0.000000 1.000000
vt 0.000000 0.000000
vt 1.000000 0.000000
vt 1.000000 1.000000
vt 0.000000 1.000000
vt 0.000000 0.000000
vt 1.000000 0.000000
vt 1.000000 1.000000
vt 0.000000 1.000000
vt 0.000000 0.000000
vt 1.000000 0.000000
vt 1.000000 1.000000
vt 0.000000 1.000000
vt 0.000000 0.000000
vt 1.000000 0.000000
vt 1.000000 1.000000
vt 0.000000 1.000000
vt 0.000000 0.000000
vt 1.000000 0.000000
vt 1.000000 1.000000
vt 0.000000 1.000000
vt 0.000000 0.000000
vt 1.000000 0.000000
vt 1.000000 1.000000
vt 0.000000 1.000000
vt 0.000000 0.000000
vt 1.000000 0.000000
vt 1.000000 1.000000
vt 0.000000 1.000000
vt 0.000000 0.000000
vt 1.000000 0.000000
vt 1.000000 1.000000
vt 0.000000 1.000000
vt 0.000000 0.000000
vt 1.000000 0.000000
vt 1.000000 1.000000
vt 0.000000 1.000000
vt 0.000000 0.000000
vt 1.000000 0.000000
vt 1.000000 1.000000
vt 0.000000 1.000000
vt 0.000000 0.000000
vt 1.000000 0.000000
vt 1.000000 1.000000
vt 0.000000 1.000000
vt 0.000000 0.000000
vt 1.000000 0.000000
vt 1.000000 1.000000
vt 0.000000 1.000000
vt 0.000000 0.000000
vt 1.000000 0.000000
vt 1.000000 1.000000
vt 0.000000 1.000000
vt 0.000000 0.000000
vt 1.000000 0.000000
vt 1.000000 1.000000
vt 0.000000 1.000000
vt 0.000000 0.000000
vt 1.000000 0.000000
vt 1.000000 1.000000
vt 0.000000 1.000000
vt 0.000000 0.000000
vt 1.000000 0.000000
vt 1.000000 1.000000
vt 0.000000 1.000000
vt 0.000000 0.000000
vt 1.000000 0.000000
vt 1.000000 1.000000
vt 0.000000 1.000000
vt 0.000000 0.000000
vt 1.000000 0.000000
vt 1.000000 1.000000
vt 0.000000 1.000000
vt 0.000000 0.000000
vt 1.000000 0.000000
vt 1.000000 1.000000
vt 0.000000 1.000000
vt 0.000000 0.000000
vt 1.000000 0.000000
vt 1.000000 1.000000
vt 0.000000 1.000000
vt 0.000000 0.000000
vt 1.000000 0.000000
vt 1.000000 1.000000
vt 0.000000 1.000000
vt 0.000000 0.000000
vt 1.000000 0.000000
vt 1.000000 1.000000
vt 0.000000 1.000000
vt 0.000000 0.000000
vt 1.000000 0.000000
vt 1.000000 1.000000
vt 0.000000 1.000000
vt 0.000000 0.000000
vt 1.000000 0.000000
vt 1.000000 1.000000
vt 0.000000 1.000000
vt 0.000000 0.000000
vt 1.000000 0.000000
vt 1.000000 1.000000
vt 0.000000 1.000000
vt 0.000000 0.000000
vt 1.000000 0.000000
vt 1.000000 1.000000
vt 0.000000 1.000000
vt 0.000000 0.000000
vt 1.000000 0.000000
vt 1.000000 1.000000
vt 0.000000 1.000000
vt 0.000000 0.000000
vt 1.000000 0.000000
vt 1.000000 1.000000
vt 0.000000 1.000000
vt 0.000000 0.000000
vt 1.000000 0.000000
vt 1.000000 1.000000
vt 0.000000 1.000000
vt 0.000000 0.000000
vt 1.000000 0.000000
vt 1.000000 1.000000
vt 0.000000 1.000000
vt 0.000000 0.000000
vt 1.000000 0.000000
vt 1.000000 1.000000
vt 0.000000 1.000000
vt 0.000000 0.000000
vt 1.000000 0.000000
vt 1.000000 1.000000
vt 0.000000 1.000000
vt 0.000000 0.000000
vt 1.000000 0.000000
vt 1.000000 1.000000
vt 0.000000 1.000000
vt 0.000000 0.000000
vt 1.000000 0.000000
vt 1.000000 1.000000
vt 0.000000 1.000000
vt 0.000000 0.000000
vt 1.000000 0.000000
vt 1.000000 1.000000
vt 0.000000 1.000000
vt 0.000000 0.000000
vt 1.000000 0.000000
vt 1.000000 1.000000
vt 0.000000 1.000000
vt 0.000000 0.000000
vt 1.000000 0.000000
vt 1.000000 1.000000
vt 0.000000 1.000000
vt 0.000000 0.000000
vt 1.000000 0.000000
vt 1.000000 1.000000
vt 0.000000 1.000000
vt 0.000000 0.000000
vt 1.000000 0.000000
vt 1.000000 1.000000
vt 0.000000 1.000000
vt 0.000000 0.000000
vt 1.000000 0.000000
vt 1.000000 1.000000
vt 0.000000 1.000000
vt 0.000000 0.000000
vt 1.000000 0.000000
vt 1.000000 1.000000
vt 0.000000 1.000000
vt 0.000000 0.000000
vt 1.000000 0.000000
vt 1.000000 1.000000
vt 0.000000 1.000000
vt 0.000000 0.000000
vt 1.000000 0.000000
vt 1.000000 1.000000
vt 0.000000 1.000000
vt 0.000000 0.000000
vt 1.000000 0.000000
vt 1.000000 1.000000
vt 0.000000 1.000000
vt 0.000000 0.000000
vt 1.000000 0.000000
vt 1.000000 1.000000
vt 0.000000 1.000000
vt 0.000000 0.000000
vt 1.000000 0.000000
vt 1.000000 1.000000
vt 0.000000 1.000000
vt 0.000000 0.000000
vt 1.000000 0.000000
vt 1.000000 1.000000
vt 0.000000 1.000000
vt 0.000000 0.000000
vt 1.000000 0.000000
vt 1.000000 1.000000
vt 0.000000 1.000000
vt 0.000000 0.000000
vt 1.000000 0.000000
vt 1.000000 1.000000
vt 0.000000 1.000000
vt 0.000000 0.000000
vt 1.000000 0.000000
vt 1.000000 1.000000
vt 0.000000 1.000000
vt 0.000000 0.000000
vt 1.000000 0.000000
vt 1.000000 1.000000
vt 0.000000 1.000000
vt 0.000000 0.000000
vt 1.000000 0.000000
vt 1.000000 1.000000
vt 0.000000 1.000000
vt 0.000000 0.000000
vt 1.000000 0.000000
vt 1.000000 1.000000
vt 0.000000 1.000000
vt 0.000000 0.000000
vt 1.000000 0.000000
vt 1.000000 1.000000
vt 0.000000 1.000000
vt 0.000000 0.000000
vt 1.000000 0.000000
vt 1.000000 1.000000
vt 0.000000 1.000000
vt 0.000000 0.000000
vt 1.000000 0.000000
vt 1.000000 1.000000
vt 0.000000 1.000000
vt 0.000000 0.000000
vt 1.000000 0.000000
vt 1.000000 1.000000
vt 0.000000 1.000000
vt 0.000000 0.000000
vt 1.000000 0.000000
vt 1.000000 1.000000
vt 0.000000 1.000000
vt 0.000000 0.000000
vt 1.000000 0.000000
vt 1.000000 1.000000
vt 0.000000 1.000000
vt 0.000000 0.000000
vt 1.000000 0.000000
vt 1.000000 1.000000
vt 0.000000 1.000000
vt 0.000000 0.000000
vt 1.000000 0.000000
vt 1.000000 1.000000
vt 0.000000 1.000000
vt 0.000000 0.000000
vt 1.000000 0.000000
vt 1.000000 1.000000
vt 0.000000 1.000000
vt 0.000000 0.000000
vt 1.000000 0.000000
vt 1.000000 1.000000
vt 0.000000 1.000000
vt 0.000000 0.000000
vt 1.000000 0.000000
vt 1.000000 1.000000
vt 0.000000 1.000000
vt 0.000000 0.000000
vt 1.000000 0.000000
vt 1.000000 1.000000
vt 0.000000 1.000000
vt 0.000000 0.000000
vt 1.000000 0.000000
vt 1.000000 1.000000
vt 0.000000 1.000000
vt 0.000000 0.000000
vt 1.000000 0.000000
vt 1.000000 1.000000
vt 0.000000 1.000000
vt 0.000000 0.000000
vt 1.000000 0.000000
vt 1.000000 1.000000
vt 0.000000 1.000000
vt 0.000000 0.000000
vt 1.000000 0.000000
vt 1.000000 1.000000
vt 0.000000 1.000000
vt 0.000000 0.000000
vt 1.000000 0.000000
vt 1.000000 1.000000
vt 0.000000 1.000000
vt 0.000000 0.000000
vt 1.000000 0.000000
vt 1.000000 1.000000
vt 0.000000 1.000000
vt 0.000000 0.000000
vt 1.000000 0.000000
vt 1.000000 1.000000
vt 0.000000 1.000000
vt 0.000000 0.000000
vt 1.000000 0.000000
vt 1.000000 1.000000
vt 0.000000 1.000000
vt 0.000000 0.000000
vt 1.000000 0.000000
vt 1.000000 1.000000
vt 0.000000 1.000000
vt 0.000000 0.000000
vt 1.000000 0.000000
vt 1.000000 1.000000
vt 0.000000 1.000000
vt 0.000000 0.000000
vt 1.000000 0.000000
vt 1.000000 1.000000
vt 0.000000 1.000000
vt 0.000000 0.000000
vt 1.000000 0.000000
vt 1.000000 1.000000
vt 0.000000 1.000000
vt 0.000000 0.000000
vt 1.000000 0.000000
vt 1.000000 1.000000
vt 0.000000 1.000000
vt 0.000000 0.000000
vt 1.000000 0.000000
vt 1.000000 1.000000
vt 0.000000 1.000000
vt 0.000000 0.000000
vt 1.000000 0.000000
vt 1.000000 1.000000
vt 0.000000 1.000000
vt 0.000000 0.000000
vt 1.000000 0.000000
vt 1.000000 1.000000
vt 0.000000 1.000000
vt 0.000000 0.000000
vt 1.000000 0.000000
vt 1.000000 1.000000
vt 0.000000 1.000000
vt 0.000000 0.000000
vt 1.000000 0.000000
vt 1.000000 1.000000
vt 0.000000 1.000000
vt 0.000000 0.000000
vt 1.000000 0.000000
vt 1.000000 1.000000
vt 0.000000 1.000000
vt 0.000000 0.000000
vt 1.000000 0.000000
vt 1.000000 1.000000
vt 0.000000 1.000000
vt 0.000000 0.000000
vt 1.000000 0.000000
vt 1.000000 1.000000
vt 0.000000 1.000000
vt 0.000000 0.000000
vt 1.000000 0.000000
vt 1.000000 1.000000
vt 0.000000 1.000000
vt 0.000000 0.000000
vt 1.000000 0.000000
vt 1.000000 1.000000
vt 0.000000 1.000000
vt 0.000000 0.000000
vt 1.000000 0.000000
vt 1.000000 1.000000
vt 0.000000 1.000000
vt 0.000000 0.000000
vt 1.000000 0.000000
vt 1.000000 1.000000
vt 0.000000 1.000000
vt 0.000000 0.000000
vt 1.000000 0.000000
vt 1.000000 1.000000
vt 0.000000 1.000000
vt 0.000000 0.000000
vt 1.000000 0.000000
vt 1.000000 1.000000
vt 0.000000 1.000000
vt 0.000000 0.000000
vt 1.000000 0.000000
vt 1.000000 1.000000
vt 0.000000 1.000000
vt 0.000000 0.000000
vt 1.000000 0.000000
vt 1.000000 1.000000
vt 0.000000 1.000000
vt 0.000000 0.000000
vt 1.000000 0.000000
vt 1.000000 1.000000
vt 0.000000 1.000000
vt 0.000000 0.000000
vt 1.000000 0.000000
vt 1.000000 1.000000
vt 0.000000 1.000000
vt 0.000000 0.000000
vt 1.000000 0.000000
vt 1.000000 1.000000
vt 0.000000 1.000000
vt 0.000000 0.000000
vt 1.000000 0.000000
vt 1.000000 1.000000
vt 0.000000 1.000000
vt 0.000000 0.000000
vt 1.000000 0.000000
vt 1.000000 1.000000
vt 0.000000 1.000000
vt 0.000000 0.000000
vt 1.000000 0.000000
vt 1.000000 1.000000
vt 0.000000 1.000000
vt 0.000000 0.000000
vt 1.000000 0.000000
vt 1.000000 1.000000
vt 0.000000 1.000000
vt 0.000000 0.000000
vt 1.000000 0.000000
vt 1.000000 1.000000
vt 0.000000 1.000000
vt 0.000000 0.000000
vt 1.000000 0.000000
vt 1.000000 1.000000
vt 0.000000 1.000000
vt 0.000000 0.000000
vt 1.000000 0.000000
vt 1.000000 1.000000
vt 0.000000 1.000000
vt 0.000000 0.000000
vt 1.000000 0.000000
vt 1.000000 1.000000
vt 0.000000 1.000000
vt 0.000000 0.000000
vt 1.000000 0.000000
vt 1.000000 1.000000
vt 0.000000 1.000000
vt 0.000000 0.000000
vt 1.000000 0.000000
vt 1.000000 1.000000
vt 0.000000 1.000000
vt 0.000000 0.000000
vt 1.000000 0.000000
vt 1.000000 1.000000
vt 0.000000 1.000000
vt 0.000000 0.000000
vt 1.000000 0.000000
vt 1.000000 1.000000
vt 0.000000 1.000000
vt 0.000000 0.000000
vt 1.000000 0.000000
vt 1.000000 1.000000
vt 0.000000 1.000000
vt 0.000000 0.000000
vt 1.000000 0.000000
vt 1.000000 1.000000
vt 0.000000 1.000000
vt 0.000000 0.000000
vt 1.000000 0.000000
vt 1.000000 1.000000
vt 0.000000 1.000000
vt 0.000000 0.000000
vt 1.000000 0.000000
vt 1.000000 1.000000
vt 0.000000 1.000000
vt 0.000000 0.000000
vt 1.000000 0.000000
vt 1.000000 1.000000
vt 0.000000 1.000000
vt 0.000000 0.000000
vt 1.000000 0.000000
vt 1.000000 1.000000
vt 0.000000 1.000000
vt 0.000000 0.000000
vt 1.000000 0.000000
vt 1.000000 1.000000
vt 0.000000 1.000000
vt 0.000000 0.000000
vt 1.000000 0.000000
vt 1.000000 1.000000
vt 0.000000 1.000000
vt 0.000000 0.000000
vt 1.000000 0.000000
vt 1.000000 1.000000
vt 0.000000 1.000000
vt 0.000000 0.000000
vt 1.000000 0.000000
vt 1.000000 1.000000
vt 0.000000 1.000000
vt 0.000000 0.000000
vt 1.000000 0.000000
vt 1.000000 1.000000
vt 0.000000 1.000000
vt 0.000000 0.000000
vt 1.000000 0.000000
vt 1.000000 1.000000
vt 0.000000 1.000000
vt 0.000000 0.000000
vt 1.000000 0.000000
vt 1.000000 1.000000
vt 0.000000 1.000000
vt 0.000000 0.000000
vt 1.000000 0.000000
vt 1.000000 1.000000
vt 0.000000 1.000000
vt 0.000000 0.000000
vt 1.000000 0.000000
vt 1.000000 1.000000
vt 0.000000 1.000000
vt 0.000000 0.000000
vt 1.000000 0.000000
vt 1.000000 1.000000
vt 0.000000 1.000000
vt 0.000000 0.000000
vt 1.000000 0.000000
vt 1.000000 1.000000
vt 0.000000 1.000000
vt 0.000000 0.000000
vt 1.000000 0.000000
vt 1.000000 1.000000
vt 0.000000 1.000000
vt 0.000000 0.000000
vt 1.000000 0.000000
vt 1.000000 1.000000
vt 0.000000 1.000000
vt 0.000000 0.000000
vt 1.000000 0.000000
vt 1.000000 1.000000
vt 0.000000 1.000000
vt 0.000000 0.000000
vt 1.000000 0.000000
vt 1.000000 1.000000
vt 0.000000 1.000000
vt 0.000000 0.000000
vt 1.000000 0.000000
vt 1.000000 1.000000
vt 0.000000 1.000000
vt 0.000000 0.000000
vt 1.000000 0.000000
vt 1.000000 1.000000
vt 0.000000 1.000000
vt 0.000000 0.000000
vt 1.000000 0.000000
vt 1.000000 1.000000
vt 0.000000 1.000000
vt 0.000000 0.000000
vt 1.000000 0.000000
vt 1.000000 1.000000
vt 0.000000 1.000000
vt 0.000000 0.000000
vt 1.000000 0.000000
vt 1.000000 1.000000
vt 0.000000 1.000000
vt 0.000000 0.000000
vt 1.000000 0.000000
vt 1.000000 1.000000
vt 0.000000 1.000000
vt 0.000000 0.000000
vt 1.000000 0.000000
vt 1.000000 1.000000
vt 0.000000 1.000000
vt 0.000000 0.000000
vt 1.000000 0.000000
vt 1.000000 1.000000
vt 0.000000 1.000000
vt 0.000000 0.000000
vt 1.000000 0.000000
vt 1.000000 1.000000
vt 0.000000 1.000000
vt 0.000000 0.000000
vt 1.000000 0.000000
vt 1.000000 1.000000
vt 0.000000 1.000000
vt 0.000000 0.000000
vt 1.000000 0.000000
vt 1.000000 1.000000
vt 0.000000 1.000000
vt 0.000000 0.000000
vt 1.000000 0.000000
vt 1.000000 1.000000
vt 0.000000 1.000000
vt 0.000000 0.000000
vt 1.000000 0.000000
vt 1.000000 1.000000
vt 0.000000 1.000000
vt 0.000000 0.000000
vt 1.000000 0.000000
vt 1.000000 1.000000
vt 0.000000 1.000000
vt 0.000000 0.000000
vt 1.000000 0.000000
vt 1.000000 1.000000
vt 0.000000 1.000000
vt 0.000000 0.000000
vt 1.000000 0.000000
vt 1.000000 1.000000
vt 0.000000 1.000000
vt 0.000000 0.000000
vt 1.000000 0.000000
vt 1.000000 1.000000
vt 0.000000 1.000000
vt 0.000000 0.000000
vt 1.000000 0.000000
vt 1.000000 1.000000
vt 0.000000 1.000000
vt 0.000000 0.000000
vt 1.000000 0.000000
vt 1.000000 1.000000
vt 0.000000 1.000000
vt 0.000000 0.000000
vt 1.000000 0.000000
vt 1.000000 1.000000
vt 0.000000 1.000000
vt 0.000000 0.000000
vt 1.000000 0.000000
vt 1.000000 1.000000
vt 0.000000 1.000000
vt 0.000000 0.000000
vt 1.000000 0.000000
vt 1.000000 1.000000
vt 0.000000 1.000000
vt 0.000000 0.000000
vt 1.000000 0.000000
vt 1.000000 1.000000
vt 0.000000 1.000000
vt 0.000000 0.000000
vt 1.000000 0.000000
vt 1.000000 1.000000
vt 0.000000 1.000000
vt 0.000000 0.000000
vt 1.000000 0.000000
vt 1.000000 1.000000
vt 0.000000 1.000000
vt 0.000000 0.000000
vt 1.000000 0.000000
vt 1.000000 1.000000
vt 0.000000 1.000000
vt 0.000000 0.000000
vt 1.000000 0.000000
vt 1.000000 1.000000
vt 0.000000 1.000000
vt 0.000000 0.000000
vt 1.000000 0.000000
vt 1.000000 1.000000
vt 0.000000 1.000000
vt 0.000000 0.000000
vt 1.000000 0.000000
vt 1.000000 1.000000
vt 0.000000 1.000000
vt 0.000000 0.000000
vt 1.000000 0.000000
vt 1.000000 1.000000
vt 0.000000 1.000000
vt 0.000000 0.000000
vt 1.000000 0.000000
vt 1.000000 1.000000
vt 0.000000 1.000000
vt 0.000000 0.000000
vt 1.000000 0.000000
vt 1.000000 1.000000
vt 0.000000 1.000000
vt 0.000000 0.000000
vt 1.000000 0.000000
vt 1.000000 1.000000
vt 0.000000 1.000000
vt 0.000000 0.000000
vt 1.000000 0.000000
vt 1.000000 1.000000
vt 0.000000 1.000000
vt 0.000000 0.000000
vt 1.000000 0.000000
vt 1.000000 1.000000
vt 0.000000 1.000000
vt 0.000000 0.000000
vt 1.000000 0.000000
vt 1.000000 1.000000
vt 0.000000 1.000000
vt 0.000000 0.000000
vt 1.000000 0.000000
vt 1.000000 1.000000
vt 0.000000 1.000000
vt 0.000000 0.000000
vt 1.000000 0.000000
vt 1.000000 1.000000
vt 0.000000 1.000000
vt 0.000000 0.000000
vt 1.000000 0.000000
vt 1.000000 1.000000
vt 0.000000 1.000000
vt 0.000000 0.000000
vt 1.000000 0.000000
vt 1.000000 1.000000
vt 0.000000 1.000000
vt 0.000000 0.000000
vt 1.000000 0.000000
vt 1.000000 1.000000
vt 0.000000 1.000000
vt 0.000000 0.000000
vt 1.000000 0.000000
vt 1.000000 1.000000
vt 0.000000 1.000000
vt 0.000000 0.000000
vt 1.000000 0.000000
vt 1.000000 1.000000
vt 0.000000 1.000000
vt 0.000000 0.000000
vt 1.000000 0.000000
vt 1.000000 1.000000
vt 0.000000 1.000000
vt 0.000000 0.000000
vt 1.000000 0.000000
vt 1.000000 1.000000
vt 0.000000 1.000000
vt 0.000000 0.000000
vt 1.000000 0.000000
vt 1.000000 1.000000
vt 0.000000 1.000000
vt 0.000000 0.000000
vt 1.000000 0.000000
vt 1.000000 1.000000
vt 0.000000 1.000000
vt 0.000000 0.000000
vt 1.000000 0.000000
vt 1.000000 1.000000
vt 0.000000 1.000000
vt 0.000000 0.000000
vt 1.000000 0.000000
vt 1.000000 1.000000
vt 0.000000 1.000000
vt 0.000000 0.000000
vt 1.000000 0.000000
vt 1.000000 1.000000
vt 0.000000 1.000000
vt 0.000000 0.000000
vt 1.000000 0.000000
vt 1.000000 1.000000
vt 0.000000 1.000000
vt 0.000000 0.000000
vt 1.000000 0.000000
vt 1.000000 1.000000
vt 0.000000 1.000000
vt 0.000000 0.000000
vt 1.000000 0.000000
vt 1.000000 1.000000
vt 0.000000 1.000000
vt 0.000000 0.000000
vt 1.000000 0.000000
vt 1.000000 1.000000
vt 0.000000 1.000000
vt 0.000000 0.000000
vt 1.000000 0.000000
vt 1.000000 1.000000
vt 0.000000 1.000000
vt 0.000000 0.000000
vt 1.000000 0.000000
vt 1.000000 1.000000
vt 0.000000 1.000000
vt 0.000000 0.000000
vt 1.000000 0.000000
vt 1.000000 1.000000
vt 0.000000 1.000000
vt 0.000000 0.000000
vt 1.000000 0.000000
vt 1.000000 1.000000
vt 0.000000 1.000000
vt 0.000000 0.000000
vt 1.000000 0.000000
vt 1.000000 1.000000
vt 0.000000 1.000000
vt 0.000000 0.000000
vt 1.000000 0.000000
vt 1.000000 1.000000
vt 0.000000 1.000000
vt 0.000000 0.000000
vt 1.000000 0.000000
vt 1.000000 1.000000
vt 0.000000 1.000000
vt 0.000000 0.000000
vt 1.000000 0.000000
vt 1.000000 1.000000
vt 0.000000 1.000000
vt 0.000000 0.000000
vt 1.000000 0.000000
vt 1.000000 1.000000
vt 0.000000 1.000000
vt 0.000000 0.000000
vt 1.000000 0.000000
vt 1.000000 1.000000
vt 0.000000 1.000000
vt 0.000000 0.000000
vt 1.000000 0.000000
vt 1.000000 1.000000
vt 0.000000 1.000000
vt 0.000000 0.000000
vt 1.000000 0.000000
vt 1.000000 1.000000
vt 0.000000 1.000000
vt 0.000000 0.000000
vt 1.000000 0.000000
vt 1.000000 1.000000
vt 0.000000 1.000000
vt 0.000000 0.000000
vt 1.000000 0.000000
vt 1.000000 1.000000
vt 0.000000 1.000000
vt 0.000000 0.000000
vt 1.000000 0.000000
vt 1.000000 1.000000
vt 0.000000 1.000000
vt 0.000000 0.000000
vt 1.000000 0.000000
vt 1.000000 1.000000
vt 0.000000 1.000000
vt 0.000000 0.000000
vt 1.000000 0.000000
vt 1.000000 1.000000
vt 0.000000 1.000000
vt 0.000000 0.000000
vt 1.000000 0.000000
vt 1.000000 1.000000
vt 0.000000 1.000000
vt 0.000000 0.000000
vt 1.000000 0.000000
vt 1.000000 1.000000
vt 0.000000 1.000000
vt 0.000000 0.000000
vt 1.000000 0.000000
vt 1.000000 1.000000
vt 0.000000 1.000000
vt 0.000000 0.000000
vt 1.000000 0.000000
vt 1.000000 1.000000
vt 0.000000 1.000000
vt 0.000000 0.000000
vt 1.000000 0.000000
vt 1.000000 1.000000
vt 0.000000 1.000000
vt 0.000000 0.000000
vt 1.000000 0.000000
vt 1.000000 1.000000
vt 0.000000 1.000000
vt 0.000000 0.000000
vt 1.000000 0.000000
vt 1.000000 1.000000
vt 0.000000 1.000000
vt 0.000000 0.000000
vt 1.000000 0.000000
vt 1.000000 1.000000
vt 0.000000 1.000000
vt 0.000000 0.000000
vt 1.000000 0.000000
vt 1.000000 1.000000
vt 0.000000 1.000000
vt 0.000000 0.000000
vt 1.000000 0.000000
vt 1.000000 1.000000
vt 0.000000 1.000000
vt 0.000000 0.000000
vt 1.000000 0.000000
vt 1.000000 1.000000
vt 0.000000 1.000000
vt 0.000000 0.000000
vt 1.000000 0.000000
vt 1.000000 1.000000
vt 0.000000 1.000000
vt 0.000000 0.000000
vt 1.000000 0.000000
vt 1.000000 1.000000
vt 0.000000 1.000000
vt 0.000000 0.000000
vt 1.000000 0.000000
vt 1.000000 1.000000
vt 0.000000 1.000000
vt 0.000000 0.000000
vt 1.000000 0.000000
vt 1.000000 1.000000
vt 0.000000 1.000000
vt 0.000000 0.000000
vt 1.000000 0.000000
vt 1.000000 1.000000
vt 0.000000 1.000000
vt 0.000000 0.000000
vt 1.000000 0.000000
vt 1.000000 1.000000
vt 0.000000 1.000000
vt 0.000000 0.000000
vt 1.000000 0.000000
vt 1.000000 1.000000
vt 0.000000 1.000000
vt 0.000000 0.000000
vt 1.000000 0.000000
vt 1.000000 1.000000
vt 0.000000 1.000000
vt 0.000000 0.000000
vt 1.000000 0.000000
vt 1.000000 1.000000
vt 0.000000 1.000000
vt 0.000000 0.000000
vt 1.000000 0.000000
vt 1.000000 1.000000
vt 0.000000 1.000000
vt 0.000000 0.000000
vt 1.000000 0.000000
vt 1.000000 1.000000
vt 0.000000 1.000000
vt 0.000000 0.000000
vt 1.000000 0.000000
vt 1.000000 1.000000
vt 0.000000 1.000000
vt 0.000000 0.000000
vt 1.000000 0.000000
vt 1.000000 1.000000
vt 0.000000 1.000000
vt 0.000000 0.000000
vt 1.000000 0.000000
vt 1.000000 1.000000
vt 0.000000 1.000000
vt 0.000000 0.000000
vt 1.000000 0.000000
vt 1.000000 1.000000
vt 0.000000 1.000000
vt 0.000000 0.000000
vt 1.000000 0.000000
vt 1.000000 1.000000
vt 0.000000 1.000000
vt 0.000000 0.000000
vt 1.000000 0.000000
vt 1.000000 1.000000
vt 0.000000 1.000000
vt 0.000000 0.000000
vt 1.000000 0.000000
vt 1.000000 1.000000
vt 0.000000 1.000000
vt 0.000000 0.000000
vt 1.000000 0.000000
vt 1.000000 1.000000
vt 0.000000 1.000000
vt 0.000000 0.000000
vt 1.000000 0.000000
vt 1.000000 1.000000
vt 0.000000 1.000000
vt 0.000000 0.000000
vt 1.000000 0.000000
vt 1.000000 1.000000
vt 0.000000 1.000000
vt 0.000000 0.000000
vt 1.000000 0.000000
vt 1.000000 1.000000
vt 0.000000 1.000000
vt 0.000000 0.000000
vt 1.000000 0.000000
vt 1.000000 1.000000
vt 0.000000 1.000000
vt 0.000000 0.000000
vt 1.000000 0.000000
vt 1.000000 1.000000
vt 0.000000 1.000000
vt 0.000000 0.000000
vt 1.000000 0.000000
vt 1.000000 1.000000
vt 0.000000 1.000000
vt 0.000000 0.000000
vt 1.000000 0.000000
vt 1.000000 1.000000
vt 0.000000 1.000000
vt 0.000000 0.000000
vt 1.000000 0.000000
vt 1.000000 1.000000
vt 0.000000 1.000000
vt 0.000000 0.000000
vt 1.000000 0.000000
vt 1.000000 1.000000
vt 0.000000 1.000000
vt 0.000000 0.000000
vt 1.000000 0.000000
vt 1.000000 1.000000
vt 0.000000 1.000000
vt 0.000000 0.000000
vt 1.000000 0.000000
vt 1.000000 1.000000
vt 0.000000 1.000000
vt 0.000000 0.000000
vt 1.000000 0.000000
vt 1.000000 1.000000
vt 0.000000 1.000000
vt 0.000000 0.000000
vt 1.000000 0.000000
vt 1.000000 1.000000
vt 0.000000 1.000000
vt 0.000000 0.000000
vt 1.000000 0.000000
vt 1.000000 1.000000
vt 0.000000 1.000000
vt 0.000000 0.000000
vt 1.000000 0.000000
vt 1.000000 1.000000
vt 0.000000 1.000000
vt 0.000000 0.000000
vt 1.000000 0.000000
vt 1.000000 1.000000
vt 0.000000 1.000000
vt 0.000000 0.000000
vt 1.000000 0.000000
vt 1.000000 1.000000
vt 0.000000 1.000000
vt 0.000000 0.000000
vt 1.000000 0.000000
vt 1.000000 1.000000
vt 0.000000 1.000000
vt 0.000000 0.000000
vt 1.000000 0.000000
vt 1.000000 1.000000
vt 0.000000 1.000000
vt 0.000000 0.000000
vt 1.000000 0.000000
vt 1.000000 1.000000
vt 0.000000 1.000000
vt 0.000000 0.000000
vt 1.000000 0.000000
vt 1.000000 1.000000
vt 0.000000 1.000000
vt 0.000000 0.000000
vt 1.000000 0.000000
vt 1.000000 1.000000
vt 0.000000 1.000000
vt 0.000000 0.000000
vt 1.000000 0.000000
vt 1.000000 1.000000
vt 0.000000 1.000000
vt 0.000000 0.000000
vt 1.000000 0.000000
vt 1.000000 1.000000
vt 0.000000 1.000000
vt 0.000000 0.000000
vt 1.000000 0.000000
vt 1.000000 1.000000
vt 0.000000 1.000000
vt 0.000000 0.000000
vt 1.000000 0.000000
vt 1.000000 1.000000
vt 0.000000 1.000000
vt 0.000000 0.000000
vt 1.000000 0.000000
vt 1.000000 1.000000
vt 0.000000 1.000000
vt 0.000000 0.000000
vt 1.000000 0.000000
vt 1.000000 1.000000
vt 0.000000 1.000000
vt 0.000000 0.000000
vt 1.000000 0.000000
vt 1.000000 1.000000
vt 0.000000 1.000000
vt 0.000000 0.000000
vt 1.000000 0.000000
vt 1.000000 1.000000
vt 0.000000 1.000000
vt 0.000000 0.000000
vt 1.000000 0.000000
vt 1.000000 1.000000
vt 0.000000 1.000000
vt 0.000000 0.000000
vt 1.000000 0.000000
vt 1.000000 1.000000
vt 0.000000 1.000000
vt 0.000000 0.000000
vt 1.000000 0.000000
vt 1.000000 1.000000
vt 0.000000 1.000000
vt 0.000000 0.000000
vt 1.000000 0.000000
vt 1.000000 1.000000
vt 0.000000 1.000000
vt 0.000000 0.000000
vt 1.000000 0.000000
vt 1.000000 1.000000
vt 0.000000 1.000000
vt 0.000000 0.000000
vt 1.000000 0.000000
vt 1.000000 1.000000
vt 0.000000 1.000000
vt 0.000000 0.000000
vt 1.000000 0.000000
vt 1.000000 1.000000
vt 0.000000 1.000000
vt 0.000000 0.000000
vt 1.000000 0.000000
vt 1.000000 1.000000
vt 0.000000 1.000000
vt 0.000000 0.000000
vt 1.000000 0.000000
vt 1.000000 1.000000
vt 0.000000 1.000000
vt 0.000000 0.000000
vt 1.000000 0.000000
vt 1.000000 1.000000
vt 0.000000 1.000000
vt 0.000000 0.000000
vt 1.000000 0.000000
vt 1.000000 1.000000
vt 0.000000 1.000000
vt 0.000000 0.000000
vt 1.000000 0.000000
vt 1.000000 1.000000
vt 0.000000 1.000000
vt 0.000000 0.000000
vt 1.000000 0.000000
vt 1.000000 1.000000
vt 0.000000 1.000000
vt 0.000000 0.000000
vt 1.000000 0.000000
vt 1.000000 1.000000
vt 0.000000 1.000000
vt 0.000000 0.000000
vt 1.000000 0.000000
vt 1.000000 1.000000
vt 0.000000 1.000000
vt 0.000000 0.000000
vt 1.000000 0.000000
vt 1.000000 1.000000
vt 0.000000 1.000000
vt 0.000000 0.000000
vt 1.000000 0.000000
vt 1.000000 1.000000
vt 0.000000 1.000000
vt 0.000000 0.000000
vt 1.000000 0.000000
vt 1.000000 1.000000
vt 0.000000 1.000000
vt 0.000000 0.000000
vt 1.000000 0.000000
vt 1.000000 1.000000
vt 0.000000 1.000000
vt 0.000000 0.000000
vt 1.000000 0.000000
vt 1.000000 1.000000
vt 0.000000 1.000000
vt 0.000000 0.000000
vt 1.000000 0.000000
vt 1.000000 1.000000
vt 0.000000 1.000000
vt 0.000000 0.000000
vt 1.000000 0.000000
vt 1.000000 1.000000
vt 0.000000 1.000000
vt 0.000000 0.000000
vt 1.000000 0.000000
vt 1.000000 1.000000
vt 0.000000 1.000000
vt 0.000000 0.000000
vt 1.000000 0.000000
vt 1.000000 1.000000
vt 0.000000 1.000000
vt 0.000000 0.000000
vt 1.000000 0.000000
vt 1.000000 1.000000
vt 0.000000 1.000000
vt 0.000000 0.000000
vt 1.000000 0.000000
vt 1.000000 1.000000
vt 0.000000 1.000000
vt 0.000000 0.000000
vt 1.000000 0.000000
vt 1.000000 1.000000
vt 0.000000 1.000000
vt 0.000000 0.000000
vt 1.000000 0.000000
vt 1.000000 1.000000
vt 0.000000 1.000000
vt 0.000000 0.000000
vt 1.000000 0.000000
vt 1.000000 1.000000
vt 0.000000 1.000000
vt 0.000000 0.000000
vt 1.000000 0.000000
vt 1.000000 1.000000
vt 0.000000 1.000000
vt 0.000000 0.000000
vt 1.000000 0.000000
vt 1.000000 1.000000
vt 0.000000 1.000000
vt 0.000000 0.000000
vt 1.000000 0.000000
vt 1.000000 1.000000
vt 0.000000 1.000000
vt 0.000000 0.000000
vt 1.000000 0.000000
vt 1.000000 1.000000
vt 0.000000 1.000000
vt 0.000000 0.000000
vt 1.000000 0.000000
vt 1.000000 1.000000
vt 0.000000 1.000000
vt 0.000000 0.000000
vt 1.000000 0.000000
vt 1.000000 1.000000
vt 0.000000 1.000000
vt 0.000000 0.000000
vt 1.000000 0.000000
vt 1.000000 1.000000
vt 0.000000 1.000000
vt 0.000000 0.000000
vt 1.000000 0.000000
vt 1.000000 1.000000
vt 0.000000 1.000000
vt 0.000000 0.000000
vt 1.000000 0.000000
vt 1.000000 1.000000
vt 0.000000 1.000000
vt 0.000000 0.000000
vt 1.000000 0.000000
vt 1.000000 1.000000
vt 0.000000 1.000000
vt 0.000000 0.000000
vt 1.000000 0.000000
vt 1.000000 1.000000
vt 0.000000 1.000000
vt 0.000000 0.000000
vt 1.000000 0.000000
vt 1.000000 1.000000
vt 0.000000 1.000000
vt 0.000000 0.000000
vt 1.000000 0.000000
vt 1.000000 1.000000
vt 0.000000 1.000000
vt 0.000000 0.000000
vt 1.000000 0.000000
vt 1.000000 1.000000
vt 0.000000 1.000000
vt 0.000000 0.000000
vt 1.000000 0.000000
vt 1.000000 1.000000
vt 0.000000 1.000000
vt 0.000000 0.000000
vt 1.000000 0.000000
vt 1.000000 1.000000
vt 0.000000 1.000000
vt 0.000000 0.000000
vt 1.000000 0.000000
vt 1.000000 1.000000
vt 0.000000 1.000000
vt 0.000000 0.000000
vt 1.000000 0.000000
vt 1.000000 1.000000
vt 0.000000 1.000000
vt 0.000000 0.000000
vt 1.000000 0.000000
vt 1.000000 1.000000
vt 0.000000 1.000000
vt 0.000000 0.000000
vt 1.000000 0.000000
vt 1.000000 1.000000
vt 0.000000 1.000000
vt 0.000000 0.000000
vt 1.000000 0.000000
vt 1.000000 1.000000
vt 0.000000 1.000000
vt 0.000000 0.000000
vt 1.000000 0.000000
vt 1.000000 1.000000
vt 0.000000 1.000000
vt 0.000000 0.000000
vt 1.000000 0.000000
vt 1.000000 1.000000
vt 0.000000 1.000000
vt 0.000000 0.000000
vt 1.000000 0.000000
vt 1.000000 1.000000
vt 0.000000 1.000000
vt 0.000000 0.000000
vt 1.000000 0.000000
vt 1.000000 1.000000
vt 0.000000 1.000000
vt 0.000000 0.000000
vt 1.000000 0.000000
vt 1.000000 1.000000
vt 0.000000 1.000000
vt 0.000000 0.000000
vt 1.000000 0.000000
vt 1.000000 1.000000
vt 0.000000 1.000000
vt 0.000000 0.000000
vt 1.000000 0.000000
vt 1.000000 1.000000
vt 0.000000 1.000000
vt 0.000000 0.000000
vt 1.000000 0.000000
vt 1.000000 1.000000
vt 0.000000 1.000000
vt 0.000000 0.000000
vt 1.000000 0.000000
vt 1.000000 1.000000
vt 0.000000 1.000000
vt 0.000000 0.000000
vt 1.000000 0.000000
vt 1.000000 1.000000
vt 0.000000 1.000000
vt 0.000000 0.000000
vt 1.000000 0.000000
vt 1.000000 1.000000
vt 0.000000 1.000000
vt 0.000000 0.000000
vt 1.000000 0.000000
vt 1.000000 1.000000
vt 0.000000 1.000000
vt 0.000000 0.000000
vt 1.000000 0.000000
vt 1.000000 1.000000
vt 0.000000 1.000000
vt 0.000000 0.000000
vt 1.000000 0.000000
vt 1.000000 1.000000
vt 0.000000 1.000000
vt 0.000000 0.000000
vt 1.000000 0.000000
vt 1.000000 1.000000
vt 0.000000 1.000000
vt 0.000000 0.000000
vt 1.000000 0.000000
vt 1.000000 1.000000
vt 0.000000 1.000000
vt 0.000000 0.000000
vt 1.000000 0.000000
vt 1.000000 1.000000
vt 0.000000 1.000000
vt 0.000000 0.000000
vt 1.000000 0.000000
vt 1.000000 1.000000
vt 0.000000 1.000000
vt 0.000000 0.000000
vt 1.000000 0.000000
vt 1.000000 1.000000
vt 0.000000 1.000000
vt 0.000000 0.000000
vt 1.000000 0.000000
vt 1.000000 1.000000
vt 0.000000 1.000000
vt 0.000000 0.000000
vt 1.000000 0.000000
vt 1.000000 1.000000
vt 0.000000 1.000000
vt 0.000000 0.000000
vt 1.000000 0.000000
vt 1.000000 1.000000
vt 0.000000 1.000000
vt 0.000000 0.000000
vt 1.000000 0.000000
vt 1.000000 1.000000
vt 0.000000 1.000000
vt 0.000000 0.000000
vt 1.000000 0.000000
vt 1.000000 1.000000
vt 0.000000 1.000000
vt 0.000000 0.000000
vt 1.000000 0.000000
vt 1.000000 1.000000
vt 0.000000 1.000000
vt 0.000000 0.000000
vt 1.000000 0.000000
vt 1.000000 1.000000
vt 0.000000 1.000000
vt 0.000000 0.000000
vt 1.000000 0.000000
vt 1.000000 1.000000
vt 0.000000 1.000000
vt 0.000000 0.000000
vt 1.000000 0.000000
vt 1.000000 1.000000
vt 0.000000 1.000000
vt 0.000000 0.000000
vt 1.000000 0.000000
vt 1.000000 1.000000
vt 0.000000 1.000000
vt 0.000000 0.000000
vt 1.000000 0.000000
vt 1.000000 1.000000
vt 0.000000 1.000000
vt 0.000000 0.000000
vt 1.000000 0.000000
vt 1.000000 1.000000
vt 0.000000 1.000000
vt 0.000000 0.000000
vt 1.000000 0.000000
vt 1.000000 1.000000
vt 0.000000 1.000000
vt 0.000000 0.000000
vt 1.000000 0.000000
vt 1.000000 1.000000
vt 0.000000 1.000000
vt 0.000000 0.000000
vt 1.000000 0.000000
vt 1.000000 1.000000
vt 0.000000 1.000000
vt 0.000000 0.000000
vt 1.000000 0.000000
vt 1.000000 1.000000
vt 0.000000 1.000000
vt 0.000000 0.000000
vt 1.000000 0.000000
vt 1.000000 1.000000
vt 0.000000 1.000000
vt 0.000000 0.000000
vt 1.000000 0.000000
vt 1.000000 1.000000
vt 0.000000 1.000000
vt 0.000000 0.000000
vt 1.000000 0.000000
vt 1.000000 1.000000
vt 0.000000 1.000000
vt 0.000000 0.000000
vt 1.000000 0.000000
vt 1.000000 1.000000
vt 0.000000 1.000000
vt 0.000000 0.000000
vt 1.000000 0.000000
vt 1.000000 1.000000
vt 0.000000 1.000000
vt 0.000000 0.000000
vt 1.000000 0.000000
vt 1.000000 1.000000
vt 0.000000 1.000000
vt 0.000000 0.000000
vt 1.000000 0.000000
vt 1.000000 1.000000
vt 0.000000 1.000000
vt 0.000000 0.000000
vt 1.000000 0.000000
vt 1.000000 1.000000
vt 0.000000 1.000000
vt 0.000000 0.000000
vt 1.000000 0.000000
vt 1.000000 1.000000
vt 0.000000 1.000000
vt 0.000000 0.000000
vt 1.000000 0.000000
vt 1.000000 1.000000
vt 0.000000 1.000000
vt 0.000000 0.000000
vt 1.000000 0.000000
vt 1.000000 1.000000
vt 0.000000 1.000000
vt 0.000000 0.000000
vt 1.000000 0.000000
vt 1.000000 1.000000
vt 0.000000 1.000000
vt 0.000000 0.000000
vt 1.000000 0.000000
vt 1.000000 1.000000
vt 0.000000 1.000000
vt 0.000000 0.000000
vt 1.000000 0.000000
vt 1.000000 1.000000
vt 0.000000 1.000000
vt 0.000000 0.000000
vt 1.000000 0.000000
vt 1.000000 1.000000
vt 0.000000 1.000000
vt 0.000000 0.000000
vt 1.000000 0.000000
vt 1.000000 1.000000
vt 0.000000 1.000000
vt 0.000000 0.000000
vt 1.000000 0.000000
vt 1.000000 1.000000
vt 0.000000 1.000000
vt 0.000000 0.000000
vt 1.000000 0.000000
vt 1.000000 1.000000
vt 0.000000 1.000000
vt 0.000000 0.000000
vt 1.000000 0.000000
vt 1.000000 1.000000
vt 0.000000 1.000000
vt 0.000000 0.000000
vt 1.000000 0.000000
vt 1.000000 1.000000
vt 0.000000 1.000000
vt 0.000000 0.000000
vt 1.000000 0.000000
vt 1.000000 1.000000
vt 0.000000 1.000000
vt 0.000000 0.000000
vt 1.000000 0.000000
vt 1.000000 1.000000
vt 0.000000 1.000000
vt 0.000000 0.000000
vt 1.000000 0.000000
vt 1.000000 1.000000
vt 0.000000 1.000000
vt 0.000000 0.000000
vt 1.000000 0.000000
vt 1.000000 1.000000
vt 0.000000 1.000000
vt 0.000000 0.000000
vt 1.000000 0.000000
vt 1.000000 1.000000
vt 0.000000 1.000000
vt 0.000000 0.000000
vt 1.000000 0.000000
vt 1.000000 1.000000
vt 0.000000 1.000000
vt 0.000000 0.000000
vt 1.000000 0.000000
vt 1.000000 1.000000
vt 0.000000 1.000000
vt 0.000000 0.000000
vt 1.000000 0.000000
vt 1.000000 1.000000
vt 0.000000 1.000000
vt 0.000000 0.000000
vt 1.000000 0.000000
vt 1.000000 1.000000
vt 0.000000 1.000000
vt 0.000000 0.000000
vt 1.000000 0.000000
vt 1.000000 1.000000
vt 0.000000 1.000000
vt 0.000000 0.000000
vt 1.000000 0.000000
vt 1.000000 1.000000
vt 0.000000 1.000000
vt 0.000000 0.000000
vt 1.000000 0.000000
vt 1.000000 1.000000
vt 0.000000 1.000000
vt 0.000000 0.000000
vt 1.000000 0.000000
vt 1.000000 1.000000
vt 0.000000 1.000000
vt 0.000000 0.000000
vt 1.000000 0.000000
vt 1.000000 1.000000
vt 0.000000 1.000000
vt 0.000000 0.000000
vt 1.000000 0.000000
vt 1.000000 1.000000
vt 0.000000 1.000000
vt 0.000000 0.000000
vt 1.000000 0.000000
vt 1.000000 1.000000
vt 0.000000 1.000000
vt 0.000000 0.000000
vt 1.000000 0.000000
vt 1.000000 1.000000
vt 0.000000 1.000000
vt 0.000000 0.000000
vt 1.000000 0.000000
vt 1.000000 1.000000
vt 0.000000 1.000000
vt 0.000000 0.000000
vt 1.000000 0.000000
vt 1.000000 1.000000
vt 0.000000 1.000000
vt 0.000000 0.000000
vt 1.000000 0.000000
vt 1.000000 1.000000
vt 0.000000 1.000000
vt 0.000000 0.000000
vt 1.000000 0.000000
vt 1.000000 1.000000
vt 0.000000 1.000000
vt 0.000000 0.000000
vt 1.000000 0.000000
vt 1.000000 1.000000
vt 0.000000 1.000000
vt 0.000000 0.000000
vt 1.000000 0.000000
vt 1.000000 1.000000
vt 0.000000 1.000000
vt 0.000000 0.000000
vt 1.000000 0.000000
vt 1.000000 1.000000
vt 0.000000 1.000000
vt 0.000000 0.000000
vt 1.000000 0.000000
vt 1.000000 1.000000
vt 0.000000 1.000000
vt 0.000000 0.000000
vt 1.000000 0.000000
vt 1.000000 1.000000
vt 0.000000 1.000000
vt 0.000000 0.000000
vt 1.000000 0.000000
vt 1.000000 1.000000
vt 0.000000 1.000000
vt 0.000000 0.000000
vt 1.000000 0.000000
vt 1.000000 1.000000
vt 0.000000 1.000000
vt 0.000000 0.000000
vt 1.000000 0.000000
vt 1.000000 1.000000
vt 0.000000 1.000000
vt 0.000000 0.000000
vt 1.000000 0.000000
vt 1.000000 1.000000
vt 0.000000 1.000000
vt 0.000000 0.000000
vt 1.000000 0.000000
vt 1.000000 1.000000
vt 0.000000 1.000000
vt 0.000000 0.000000
vt 1.000000 0.000000
vt 1.000000 1.000000
vt 0.000000 1.000000
vt 0.000000 0.000000
vt 1.000000 0.000000
vt 1.000000 1.000000
vt 0.000000 1.000000
vt 0.000000 0.000000
vt 1.000000 0.000000
vt 1.000000 1.000000
vt 0.000000 1.000000
vt 0.000000 0.000000
vt 1.000000 0.000000
vt 1.000000 1.000000
vt 0.000000 1.000000
vt 0.000000 0.000000
vt 1.000000 0.000000
vt 1.000000 1.000000
vt 0.000000 1.000000
vt 0.000000 0.000000
vt 1.000000 0.000000
vt 1.000000 1.000000
vt 0.000000 1.000000
vt 0.000000 0.000000
vt 1.000000 0.000000
vt 1.000000 1.000000
vt 0.000000 1.000000
vt 0.000000 0.000000
vt 1.000000 0.000000
vt 1.000000 1.000000
vt 0.000000 1.000000
vt 0.000000 0.000000
vt 1.000000 0.000000
vt 1.000000 1.000000
vt 0.000000 1.000000
vt 0.000000 0.000000
vt 1.000000 0.000000
vt 1.000000 1.000000
vt 0.000000 1.000000
vt 0.000000 0.000000
vt 1.000000 0.000000
vt 1.000000 1.000000
vt 0.000000 1.000000
vt 0.000000 0.000000
vt 1.000000 0.000000
vt 1.000000 1.000000
vt 0.000000 1.000000
vt 0.000000 0.000000
vt 1.000000 0.000000
vt 1.000000 1.000000
vt 0.000000 1.000000
vt 0.000000 0.000000
vt 1.000000 0.000000
vt 1.000000 1.000000
vt 0.000000 1.000000
vt 0.000000 0.000000
vt 1.000000 0.000000
vt 1.000000 1.000000
vt 0.000000 1.000000
vt 0.000000 0.000000
vt 1.000000 0.000000
vt 1.000000 1.000000
vt 0.000000 1.000000
vt 0.000000 0.000000
vt 1.000000 0.000000
vt 1.000000 1.000000
vt 0.000000 1.000000
vt 0.000000 0.000000
vt 1.000000 0.000000
vt 1.000000 1.000000
vt 0.000000 1.000000
vt 0.000000 0.000000
vt 1.000000 0.000000
vt 1.000000 1.000000
vt 0.000000 1.000000
vt 0.000000 0.000000
vt 1.000000 0.000000
vt 1.000000 1.000000
vt 0.000000 1.000000
vt 0.000000 0.000000
vt 1.000000 0.000000
vt 1.000000 1.000000
vt 0.000000 1.000000
vt 0.000000 0.000000
vt 1.000000 0.000000
vt 1.000000 1.000000
vt 0.000000 1.000000
vt 0.000000 0.000000
vt 1.000000 0.000000
vt 1.000000 1.000000
vt 0.000000 1.000000
vt 0.000000 0.000000
vt 1.000000 0.000000
vt 1.000000 1.000000
vt 0.000000 1.000000
vt 0.000000 0.000000
vt 1.000000 0.000000
vt 1.000000 1.000000
vt 0.000000 1.000000
vt 0.000000 0.000000
vt 1.000000 0.000000
vt 1.000000 1.000000
vt 0.000000 1.000000
vt 0.000000 0.000000
vt 1.000000 0.000000
vt 1.000000 1.000000
vt 0.000000 1.000000
vt 0.000000 0.000000
vt 1.000000 0.000000
vt 1.000000 1.000000
vt 0.000000 1.000000
vt 0.000000 0.000000
vt 1.000000 0.000000
vt 1.000000 1.000000
vt 0.000000 1.000000
vt 0.000000 0.000000
vt 1.000000 0.000000
vt 1.000000 1.000000
vt 0.000000 1.000000
vt 0.000000 0.000000
vt 1.000000 0.000000
vt 1.000000 1.000000
vt 0.000000 1.000000
vt 0.000000 0.000000
vt 1.000000 0.000000
vt 1.000000 1.000000
vt 0.000000 1.000000
vt 0.000000 0.000000
vt 1.000000 0.000000
vt 1.000000 1.000000
vt 0.000000 1.000000
vt 0.000000 0.000000
vt 1.000000 0.000000
vt 1.000000 1.000000
vt 0.000000 1.000000
vt 0.000000 0.000000
vt 1.000000 0.000000
vt 1.000000 1.000000
vt 0.000000 1.000000
vt 0.000000 0.000000
vt 1.000000 0.000000
vt 1.000000 1.000000
vt 0.000000 1.000000
vt 0.000000 0.000000
vt 1.000000 0.000000
vt 1.000000 1.000000
vt 0.000000 1.000000
vt 0.000000 0.000000
vt 1.000000 0.000000
vt 1.000000 1.000000
vt 0.000000 1.000000
vt 0.000000 0.000000
vt 1.000000 0.000000
vt 1.000000 1.000000
vt 0.000000 1.000000
vt 0.000000 0.000000
vt 1.000000 0.000000
vt 1.000000 1.000000
vt 0.000000 1.000000
vt 0.000000 0.000000
vt 1.000000 0.000000
vt 1.000000 1.000000
vt 0.000000 1.000000
vt 0.000000 0.000000
vt 1.000000 0.000000
vt 1.000000 1.000000
vt 0.000000 1.000000
vt 0.000000 0.000000
vt 1.000000 0.000000
vt 1.000000 1.000000
vt 0.000000 1.000000
vt 0.000000 0.000000
vt 1.000000 0.000000
vt 1.000000 1.000000
vt 0.000000 1.000000
vt 0.000000 0.000000
vt 1.000000 0.000000
vt 1.000000 1.000000
vt 0.000000 1.000000
vt 0.000000 0.000000
vt 1.000000 0.000000
vt 1.000000 1.000000
vt 0.000000 1.000000
vt 0.000000 0.000000
vt 1.000000 0.000000
vt 1.000000 1.000000
vt 0.000000 1.000000
vt 0.000000 0.000000
vt 1.000000 0.000000
vt 1.000000 1.000000
vt 0.000000 1.000000
vt 0.000000 0.000000
vt 1.000000 0.000000
vt 1.000000 1.000000
vt 0.000000 1.000000
vt 0.000000 0.000000
vt 1.000000 0.000000
vt 1.000000 1.000000
vt 0.000000 1.000000
vt 0.000000 0.000000
vt 1.000000 0.000000
vt 1.000000 1.000000
vt 0.000000 1.000000
vt 0.500000 0.500000
vt 0.000000 0.000000
vt 1.000000 0.000000
vt 0.000000 0.000000
vt 1.000000 0.000000
vt 0.000000 0.000000
vt 1.000000 0.000000
vt 0.000000 0.000000
vt 1.000000 0.000000
vt 0.000000 0.000000
vt 1.000000 0.000000
vt 0.000000 0.000000
vt 1.000000 0.000000
vt 0.000000 0.000000
vt 1.000000 0.000000
vt 0.000000 0.000000
vt 1.000000 0.000000
vt 0.000000 0.000000
vt 1.000000 0.000000
vt 0.000000 0.000000
vt 1.000000 0.000000
vt 0.500000 0.500000
vt 0.000000 0.000000
vt 1.000000 0.000000
vt 0.000000 0.000000
vt 1.000000 0.000000
vt 0.000000 0.000000
vt 1.000000 0.000000
vt 0.000000 0.000000
vt 1.000000 0.000000
vt 0.000000 0.000000
vt 1.000000 0.000000
vt 0.000000 0.000000
vt 1.000000 0.000000
vt 0.000000 0.000000
vt 1.000000 0.000000
vt 0.000000 0.000000
vt 1.000000 0.000000
vt 0.000000 0.000000
vt 1.000000 0.000000
vt 0.000000 0.000000
vt 1.000000 0.000000
vt 0.000000 0.000000
vt 1.000000 0.000000
vt 1.000000 1.000000
vt 0.000000 1.000000
vt 0.000000 0.000000
vt 1.000000 0.000000
vt 1.000000 1.000000
vt 0.000000 1.000000
vt 0.000000 0.000000
vt 1.000000 0.000000
vt 1.000000 1.000000
vt 0.000000 1.000000
vt 0.000000 0.000000
vt 1.000000 0.000000
vt 1.000000 1.000000
vt 0.000000 1.000000
vt 0.000000 0.000000
vt 1.000000 0.000000
vt 1.000000 1.000000
vt 0.000000 1.000000
vt 0.000000 0.000000
vt 1.000000 0.000000
vt 1.000000 1.000000
vt 0.000000 1.000000
vt 0.000000 0.000000
vt 1.000000 0.000000
vt 1.000000 1.000000
vt 0.000000 1.000000
vt 0.000000 0.000000
vt 1.000000 0.000000
vt 1.000000 1.000000
vt 0.000000 1.000000
vt 0.000000 0.000000
vt 1.000000 0.000000
vt 1.000000 1.000000
vt 0.000000 1.000000
vt 0.000000 0.000000
vt 1.000000 0.000000
vt 1.000000 1.000000
vt 0.000000 1.000000
vt 0.500000 0.500000
vt 0.000000 0.000000
vt 1.000000 0.000000
vt 0.000000 0.000000
vt 1.000000 0.000000
vt 0.000000 0.000000
vt 1.000000 0.000000
vt 0.000000 0.000000
vt 1.000000 0.000000
vt 0.000000 0.000000
vt 1.000000 0.000000
vt 0.000000 0.000000
vt 1.000000 0.000000
vt 0.000000 0.000000
vt 1.000000 0.000000
vt 0.000000 0.000000
vt 1.000000 0.000000
vt 0.000000 0.000000
vt 1.000000 0.000000
vt 0.000000 0.000000
vt 1.000000 0.000000
vt 0.500000 0.500000
vt 0.000000 0.000000
vt 1.000000 0.000000
vt 0.000000 0.000000
vt 1.000000 0.000000
vt 0.000000 0.000000
vt 1.000000 0.000000
vt 0.000000 0.000000
vt 1.000000 0.000000
vt 0.000000 0.000000
vt 1.000000 0.000000
vt 0.000000 0.000000
vt 1.000000 0.000000
vt 0.000000 0.000000
vt 1.000000 0.000000
vt 0.000000 0.000000
vt 1.000000 0.000000
vt 0.000000 0.000000
vt 1.000000 0.000000
vt 0.000000 0.000000
vt 1.000000 0.000000
vt 0.000000 0.000000
vt 1.000000 0.000000
vt 1.000000 1.000000
vt 0.000000 1.000000
vt 0.000000 0.000000
vt 1.000000 0.000000
vt 1.000000 1.000000
vt 0.000000 1.000000
vt 0.000000 0.000000
vt 1.000000 0.000000
vt 1.000000 1.000000
vt 0.000000 1.000000
vt 0.000000 0.000000
vt 1.000000 0.000000
vt 1.000000 1.000000
vt 0.000000 1.000000
vt 0.000000 0.000000
vt 1.000000 0.000000
vt 1.000000 1.000000
vt 0.000000 1.000000
vt 0.000000 0.000000
vt 1.000000 0.000000
vt 1.000000 1.000000
vt 0.000000 1.000000
vt 0.000000 0.000000
vt 1.000000 0.000000
vt 1.000000 1.000000
vt 0.000000 1.000000
vt 0.000000 0.000000
vt 1.000000 0.000000
vt 1.000000 1.000000
vt 0.000000 1.000000
vt 0.000000 0.000000
vt 1.000000 0.000000
vt 1.000000 1.000000
vt 0.000000 1.000000
vt 0.000000 0.000000
vt 1.000000 0.000000
vt 1.000000 1.000000
vt 0.000000 1.000000
vt 0.500000 0.500000
vt 0.000000 0.000000
vt 1.000000 0.000000
vt 0.000000 0.000000
vt 1.000000 0.000000
vt 0.000000 0.000000
vt 1.000000 0.000000
vt 0.000000 0.000000
vt 1.000000 0.000000
vt 0.000000 0.000000
vt 1.000000 0.000000
vt 0.000000 0.000000
vt 1.000000 0.000000
vt 0.000000 0.000000
vt 1.000000 0.000000
vt 0.000000 0.000000
vt 1.000000 0.000000
vt 0.000000 0.000000
vt 1.000000 0.000000
vt 0.000000 0.000000
vt 1.000000 0.000000
vt 0.500000 0.500000
vt 0.000000 0.000000
vt 1.000000 0.000000
vt 0.000000 0.000000
vt 1.000000 0.000000
vt 0.000000 0.000000
vt 1.000000 0.000000
vt 0.000000 0.000000
vt 1.000000 0.000000
vt 0.000000 0.000000
vt 1.000000 0.000000
vt 0.000000 0.000000
vt 1.000000 0.000000
vt 0.000000 0.000000
vt 1.000000 0.000000
vt 0.000000 0.000000
vt 1.000000 0.000000
vt 0.000000 0.000000
vt 1.000000 0.000000
vt 0.000000 0.000000
vt 1.000000 0.000000
vt 0.000000 0.000000
vt 1.000000 0.000000
vt 1.000000 1.000000
vt 0.000000 1.000000
vt 0.000000 0.000000
vt 1.000000 0.000000
vt 1.000000 1.000000
vt 0.000000 1.000000
vt 0.000000 0.000000
vt 1.000000 0.000000
vt 1.000000 1.000000
vt 0.000000 1.000000
vt 0.000000 0.000000
vt 1.000000 0.000000
vt 1.000000 1.000000
vt 0.000000 1.000000
vt 0.000000 0.000000
vt 1.000000 0.000000
vt 1.000000 1.000000
vt 0.000000 1.000000
vt 0.000000 0.000000
vt 1.000000 0.000000
vt 1.000000 1.000000
vt 0.000000 1.000000
vt 0.000000 0.000000
vt 1.000000 0.000000
vt 1.000000 1.000000
vt 0.000000 1.000000
vt 0.000000 0.000000
vt 1.000000 0.000000
vt 1.000000 1.000000
vt 0.000000 1.000000
vt 0.000000 0.000000
vt 1.000000 0.000000
vt 1.000000 1.000000
vt 0.000000 1.000000
vt 0.000000 0.000000
vt 1.000000 0.000000
vt 1.000000 1.000000
vt 0.000000 1.000000
vt 0.500000 0.500000
vt 0.000000 0.000000
vt 1.000000 0.000000
vt 0.000000 0.000000
vt 1.000000 0.000000
vt 0.000000 0.000000
vt 1.000000 0.000000
vt 0.000000 0.000000
vt 1.000000 0.000000
vt 0.000000 0.000000
vt 1.000000 0.000000
vt 0.000000 0.000000
vt 1.000000 0.000000
vt 0.000000 0.000000
vt 1.000000 0.000000
vt 0.000000 0.000000
vt 1.000000 0.000000
vt 0.000000 0.000000
vt 1.000000 0.000000
vt 0.000000 0.000000
vt 1.000000 0.000000
vt 0.500000 0.500000
vt 0.000000 0.000000
vt 1.000000 0.000000
vt 0.000000 0.000000
vt 1.000000 0.000000
vt 0.000000 0.000000
vt 1.000000 0.000000
vt 0.000000 0.000000
vt 1.000000 0.000000
vt 0.000000 0.000000
vt 1.000000 0.000000
vt 0.000000 0.000000
vt 1.000000 0.000000
vt 0.000000 0.000000
vt 1.000000 0.000000
vt 0.000000 0.000000
vt 1.000000 0.000000
vt 0.000000 0.000000
vt 1.000000 0.000000
vt 0.000000 0.000000
vt 1.000000 0.000000
vt 0.000000 0.000000
vt 1.000000 0.000000
vt 1.000000 1.000000
vt 0.000000 1.000000
vt 0.000000 0.000000
vt 1.000000 0.000000
vt 1.000000 1.000000
vt 0.000000 1.000000
vt 0.000000 0.000000
vt 1.000000 0.000000
vt 1.000000 1.000000
vt 0.000000 1.000000
vt 0.000000 0.000000
vt 1.000000 0.000000
vt 1.000000 1.000000
vt 0.000000 1.000000
vt 0.000000 0.000000
vt 1.000000 0.000000
vt 1.000000 1.000000
vt 0.000000 1.000000
vt 0.000000 0.000000
vt 1.000000 0.000000
vt 1.000000 1.000000
vt 0.000000 1.000000
vt 0.000000 0.000000
vt 1.000000 0.000000
vt 1.000000 1.000000
vt 0.000000 1.000000
vt 0.000000 0.000000
vt 1.000000 0.000000
vt 1.000000 1.000000
vt 0.000000 1.000000
vt 0.000000 0.000000
vt 1.000000 0.000000
vt 1.000000 1.000000
vt 0.000000 1.000000
vt 0.000000 0.000000
vt 1.000000 0.000000
vt 1.000000 1.000000
vt 0.000000 1.000000
vt 0.500000 0.500000
vt 0.000000 0.000000
vt 1.000000 0.000000
vt 0.000000 0.000000
vt 1.000000 0.000000
vt 0.000000 0.000000
vt 1.000000 0.000000
vt 0.000000 0.000000
vt 1.000000 0.000000
vt 0.000000 0.000000
vt 1.000000 0.000000
vt 0.000000 0.000000
vt 1.000000 0.000000
vt 0.000000 0.000000
vt 1.000000 0.000000
vt 0.000000 0.000000
vt 1.000000 0.000000
vt 0.000000 0.000000
vt 1.000000 0.000000
vt 0.000000 0.000000
vt 1.000000 0.000000
vt 0.500000 0.500000
vt 0.000000 0.000000
vt 1.000000 0.000000
vt 0.000000 0.000000
vt 1.000000 0.000000
vt 0.000000 0.000000
vt 1.000000 0.000000
vt 0.000000 0.000000
vt 1.000000 0.000000
vt 0.000000 0.000000
vt 1.000000 0.000000
vt 0.000000 0.000000
vt 1.000000 0.000000
vt 0.000000 0.000000
vt 1.000000 0.000000
vt 0.000000 0.000000
vt 1.000000 0.000000
vt 0.000000 0.000000
vt 1.000000 0.000000
vt 0.000000 0.000000
vt 1.000000 0.000000
vt 0.000000 0.000000
vt 1.000000 0.000000
vt 1.000000 1.000000
vt 0.000000 1.000000
vt 0.000000 0.000000
vt 1.000000 0.000000
vt 1.000000 1.000000
vt 0.000000 1.000000
vt 0.000000 0.000000
vt 1.000000 0.000000
vt 1.000000 1.000000
vt 0.000000 1.000000
vt 0.000000 0.000000
vt 1.000000 0.000000
vt 1.000000 1.000000
vt 0.000000 1.000000
vt 0.000000 0.000000
vt 1.000000 0.000000
vt 1.000000 1.000000
vt 0.000000 1.000000
vt 0.000000 0.000000
vt 1.000000 0.000000
vt 1.000000 1.000000
vt 0.000000 1.000000
vt 0.000000 0.000000
vt 1.000000 0.000000
vt 1.000000 1.000000
vt 0.000000 1.000000
vt 0.000000 0.000000
vt 1.000000 0.000000
vt 1.000000 1.000000
vt 0.000000 1.000000
vt 0.000000 0.000000
vt 1.000000 0.000000
vt 1.000000 1.000000
vt 0.000000 1.000000
vt 0.000000 0.000000
vt 1.000000 0.000000
vt 1.000000 1.000000
vt 0.000000 1.000000
vt 0.500000 0.500000
vt 0.000000 0.000000
vt 1.000000 0.000000
vt 0.000000 0.000000
vt 1.000000 0.000000
vt 0.000000 0.000000
vt 1.000000 0.000000
vt 0.000000 0.000000
vt 1.000000 0.000000
vt 0.000000 0.000000
vt 1.000000 0.000000
vt 0.000000 0.000000
vt 1.000000 0.000000
vt 0.000000 0.000000
vt 1.000000 0.000000
vt 0.000000 0.000000
vt 1.000000 0.000000
vt 0.000000 0.000000
vt 1.000000 0.000000
vt 0.000000 0.000000
vt 1.000000 0.000000
vt 0.500000 0.500000
vt 0.000000 0.000000
vt 1.000000 0.000000
vt 0.000000 0.000000
vt 1.000000 0.000000
vt 0.000000 0.000000
vt 1.000000 0.000000
vt 0.000000 0.000000
vt 1.000000 0.000000
vt 0.000000 0.000000
vt 1.000000 0.000000
vt 0.000000 0.000000
vt 1.000000 0.000000
vt 0.000000 0.000000
vt 1.000000 0.000000
vt 0.000000 0.000000
vt 1.000000 0.000000
vt 0.000000 0.000000
vt 1.000000 0.000000
vt 0.000000 0.000000
vt 1.000000 0.000000
vt 0.000000 0.000000
vt 1.000000 0.000000
vt 1.000000 1.000000
vt 0.000000 1.000000
vt 0.000000 0.000000
vt 1.000000 0.000000
vt 1.000000 1.000000
vt 0.000000 1.000000
vt 0.000000 0.000000
vt 1.000000 0.000000
vt 1.000000 1.000000
vt 0.000000 1.000000
vt 0.000000 0.000000
vt 1.000000 0.000000
vt 1.000000 1.000000
vt 0.000000 1.000000
vt 0.000000 0.000000
vt 1.000000 0.000000
vt 1.000000 1.000000
vt 0.000000 1.000000
vt 0.000000 0.000000
vt 1.000000 0.000000
vt 1.000000 1.000000
vt 0.000000 1.000000
vt 0.000000 0.000000
vt 1.000000 0.000000
vt 1.000000 1.000000
vt 0.000000 1.000000
vt 0.000000 0.000000
vt 1.000000 0.000000
vt 1.000000 1.000000
vt 0.000000 1.000000
vt 0.000000 0.000000
vt 1.000000 0.000000
vt 1.000000 1.000000
vt 0.000000 1.000000
vt 0.000000 0.000000
vt 1.000000 0.000000
vt 1.000000 1.000000
vt 0.000000 1.000000
vt 0.500000 0.500000
vt 0.000000 0.000000
vt 1.000000 0.000000
vt 0.000000 0.000000
vt 1.000000 0.000000
vt 0.000000 0.000000
vt 1.000000 0.000000
vt 0.000000 0.000000
vt 1.000000 0.000000
vt 0.000000 0.000000
vt 1.000000 0.000000
vt 0.000000 0.000000
vt 1.000000 0.000000
vt 0.000000 0.000000
vt 1.000000 0.000000
vt 0.000000 0.000000
vt 1.000000 0.000000
vt 0.000000 0.000000
vt 1.000000 0.000000
vt 0.000000 0.000000
vt 1.000000 0.000000
vt 0.500000 0.500000
vt 0.000000 0.000000
vt 1.000000 0.000000
vt 0.000000 0.000000
vt 1.000000 0.000000
vt 0.000000 0.000000
vt 1.000000 0.000000
vt 0.000000 0.000000
vt 1.000000 0.000000
vt 0.000000 0.000000
vt 1.000000 0.000000
vt 0.000000 0.000000
vt 1.000000 0.000000
vt 0.000000 0.000000
vt 1.000000 0.000000
vt 0.000000 0.000000
vt 1.000000 0.000000
vt 0.000000 0.000000
vt 1.000000 0.000000
vt 0.000000 0.000000
vt 1.000000 0.000000
vt 0.000000 0.000000
vt 1.000000 0.000000
vt 1.000000 1.000000
vt 0.000000 1.000000
vt 0.000000 0.000000
vt 1.000000 0.000000
vt 1.000000 1.000000
vt 0.000000 1.000000
vt 0.000000 0.000000
vt 1.000000 0.000000
vt 1.000000 1.000000
vt 0.000000 1.000000
vt 0.000000 0.000000
vt 1.000000 0.000000
vt 1.000000 1.000000
vt 0.000000 1.000000
vt 0.000000 0.000000
vt 1.000000 0.000000
vt 1.000000 1.000000
vt 0.000000 1.000000
vt 0.000000 0.000000
vt 1.000000 0.000000
vt 1.000000 1.000000
vt 0.000000 1.000000
vt 0.000000 0.000000
vt 1.000000 0.000000
vt 1.000000 1.000000
vt 0.000000 1.000000
vt 0.000000 0.000000
vt 1.000000 0.000000
vt 1.000000 1.000000
vt 0.000000 1.000000
vt 0.000000 0.000000
vt 1.000000 0.000000
vt 1.000000 1.000000
vt 0.000000 1.000000
vt 0.000000 0.000000
vt 1.000000 0.000000
vt 1.000000 1.000000
vt 0.000000 1.000000
vt 0.500000 0.500000
vt 0.000000 0.000000
vt 1.000000 0.000000
vt 0.000000 0.000000
vt 1.000000 0.000000
vt 0.000000 0.000000
vt 1.000000 0.000000
vt 0.000000 0.000000
vt 1.000000 0.000000
vt 0.000000 0.000000
vt 1.000000 0.000000
vt 0.000000 0.000000
vt 1.000000 0.000000
vt 0.000000 0.000000
vt 1.000000 0.000000
vt 0.000000 0.000000
vt 1.000000 0.000000
vt 0.000000 0.000000
vt 1.000000 0.000000
vt 0.000000 0.000000
vt 1.000000 0.000000
vt 0.500000 0.500000
vt 0.000000 0.000000
vt 1.000000 0.000000
vt 0.000000 0.000000
vt 1.000000 0.000000
vt 0.000000 0.000000
vt 1.000000 0.000000
vt 0.000000 0.000000
vt 1.000000 0.000000
vt 0.000000 0.000000
vt 1.000000 0.000000
vt 0.000000 0.000000
vt 1.000000 0.000000
vt 0.000000 0.000000
vt 1.000000 0.000000
vt 0.000000 0.000000
vt 1.000000 0.000000
vt 0.000000 0.000000
vt 1.000000 0.000000
vt 0.000000 0.000000
vt 1.000000 0.000000
vt 0.000000 0.000000
vt 1.000000 0.000000
vt 1.000000 1.000000
vt 0.000000 1.000000
vt 0.000000 0.000000
vt 1.000000 0.000000
vt 1.000000 1.000000
vt 0.000000 1.000000
vt 0.000000 0.000000
vt 1.000000 0.000000
vt 1.000000 1.000000
vt 0.000000 1.000000
vt 0.000000 0.000000
vt 1.000000 0.000000
vt 1.000000 1.000000
vt 0.000000 1.000000
vt 0.000000 0.000000
vt 1.000000 0.000000
vt 1.000000 1.000000
vt 0.000000 1.000000
vt 0.000000 0.000000
vt 1.000000 0.000000
vt 1.000000 1.000000
vt 0.000000 1.000000
vt 0.000000 0.000000
vt 1.000000 0.000000
vt 1.000000 1.000000
vt 0.000000 1.000000
vt 0.000000 0.000000
vt 1.000000 0.000000
vt 1.000000 1.000000
vt 0.000000 1.000000
vt 0.000000 0.000000
vt 1.000000 0.000000
vt 1.000000 1.000000
vt 0.000000 1.000000
vt 0.000000 0.000000
vt 1.000000 0.000000
vt 1.000000 1.000000
vt 0.000000 1.000000
vt 0.500000 0.500000
vt 0.000000 0.000000
vt 1.000000 0.000000
vt 0.000000 0.000000
vt 1.000000 0.000000
vt 0.000000 0.000000
vt 1.000000 0.000000
vt 0.000000 0.000000
vt 1.000000 0.000000
vt 0.000000 0.000000
vt 1.000000 0.000000
vt 0.000000 0.000000
vt 1.000000 0.000000
vt 0.000000 0.000000
vt 1.000000 0.000000
vt 0.000000 0.000000
vt 1.000000 0.000000
vt 0.000000 0.000000
vt 1.000000 0.000000
vt 0.000000 0.000000
vt 1.000000 0.000000
vt 0.500000 0.500000
vt 0.000000 0.000000
vt 1.000000 0.000000
vt 0.000000 0.000000
vt 1.000000 0.000000
vt 0.000000 0.000000
vt 1.000000 0.000000
vt 0.000000 0.000000
vt 1.000000 0.000000
vt 0.000000 0.000000
vt 1.000000 0.000000
vt 0.000000 0.000000
vt 1.000000 0.000000
vt 0.000000 0.000000
vt 1.000000 0.000000
vt 0.000000 0.000000
vt 1.000000 0.000000
vt 0.000000 0.000000
vt 1.000000 0.000000
vt 0.000000 0.000000
vt 1.000000 0.000000
vt 0.000000 0.000000
vt 1.000000 0.000000
vt 1.000000 1.000000
vt 0.000000 1.000000
vt 0.000000 0.000000
vt 1.000000 0.000000
vt 1.000000 1.000000
vt 0.000000 1.000000
vt 0.000000 0.000000
vt 1.000000 0.000000
vt 1.000000 1.000000
vt 0.000000 1.000000
vt 0.000000 0.000000
vt 1.000000 0.000000
vt 1.000000 1.000000
vt 0.000000 1.000000
vt 0.000000 0.000000
vt 1.000000 0.000000
vt 1.000000 1.000000
vt 0.000000 1.000000
vt 0.000000 0.000000
vt 1.000000 0.000000
vt 1.000000 1.000000
vt 0.000000 1.000000
vt 0.000000 0.000000
vt 1.000000 0.000000
vt 1.000000 1.000000
vt 0.000000 1.000000
vt 0.000000 0.000000
vt 1.000000 0.000000
vt 1.000000 1.000000
vt 0.000000 1.000000
vt 0.000000 0.000000
vt 1.000000 0.000000
vt 1.000000 1.000000
vt 0.000000 1.000000
vt 0.000000 0.000000
vt 1.000000 0.000000
vt 1.000000 1.000000
vt 0.000000 1.000000
vt 0.500000 0.500000
vt 0.000000 0.000000
vt 1.000000 0.000000
vt 0.000000 0.000000
vt 1.000000 0.000000
vt 0.000000 0.000000
vt 1.000000 0.000000
vt 0.000000 0.000000
vt 1.000000 0.000000
vt 0.000000 0.000000
vt 1.000000 0.000000
vt 0.000000 0.000000
vt 1.000000 0.000000
vt 0.000000 0.000000
vt 1.000000 0.000000
vt 0.000000 0.000000
vt 1.000000 0.000000
vt 0.000000 0.000000
vt 1.000000 0.000000
vt 0.000000 0.000000
vt 1.000000 0.000000
vt 0.500000 0.500000
vt 0.000000 0.000000
vt 1.000000 0.000000
vt 0.000000 0.000000
vt 1.000000 0.000000
vt 0.000000 0.000000
vt 1.000000 0.000000
vt 0.000000 0.000000
vt 1.000000 0.000000
vt 0.000000 0.000000
vt 1.000000 0.000000
vt 0.000000 0.000000
vt 1.000000 0.000000
vt 0.000000 0.000000
vt 1.000000 0.000000
vt 0.000000 0.000000
vt 1.000000 0.000000
vt 0.000000 0.000000
vt 1.000000 0.000000
vt 0.000000 0.000000
vt 1.000000 0.000000
vt 0.000000 0.000000
vt 1.000000 0.000000
vt 1.000000 1.000000
vt 0.000000 1.000000
vt 0.000000 0.000000
vt 1.000000 0.000000
vt 1.000000 1.000000
vt 0.000000 1.000000
vt 0.000000 0.000000
vt 1.000000 0.000000
vt 1.000000 1.000000
vt 0.000000 1.000000
vt 0.000000 0.000000
vt 1.000000 0.000000
vt 1.000000 1.000000
vt 0.000000 1.000000
vt 0.000000 0.000000
vt 1.000000 0.000000
vt 1.000000 1.000000
vt 0.000000 1.000000
vt 0.000000 0.000000
vt 1.000000 0.000000
vt 1.000000 1.000000
vt 0.000000 1.000000
vt 0.000000 0.000000
vt 1.000000 0.000000
vt 1.000000 1.000000
vt 0.000000 1.000000
vt 0.000000 0.000000
vt 1.000000 0.000000
vt 1.000000 1.000000
vt 0.000000 1.000000
vt 0.000000 0.000000
vt 1.000000 0.000000
vt 1.000000 1.000000
vt 0.000000 1.000000
vt 0.000000 0.000000
vt 1.000000 0.000000
vt 1.000000 1.000000
vt 0.000000 1.000000
vt 0.500000 0.500000
vt 0.000000 0.000000
vt 1.000000 0.000000
vt 0.000000 0.000000
vt 1.000000 0.000000
vt 0.000000 0.000000
vt 1.000000 0.000000
vt 0.000000 0.000000
vt 1.000000 0.000000
vt 0.000000 0.000000
vt 1.000000 0.000000
vt 0.000000 0.000000
vt 1.000000 0.000000
vt 0.000000 0.000000
vt 1.000000 0.000000
vt 0.000000 0.000000
vt 1.000000 0.000000
vt 0.000000 0.000000
vt 1.000000 0.000000
vt 0.000000 0.000000
vt 1.000000 0.000000
vt 0.500000 0.500000
vt 0.000000 0.000000
vt 1.000000 0.000000
vt 0.000000 0.000000
vt 1.000000 0.000000
vt 0.000000 0.000000
vt 1.000000 0.000000
vt 0.000000 0.000000
vt 1.000000 0.000000
vt 0.000000 0.000000
vt 1.000000 0.000000
vt 0.000000 0.000000
vt 1.000000 0.000000
vt 0.000000 0.000000
vt 1.000000 0.000000
vt 0.000000 0.000000
vt 1.000000 0.000000
vt 0.000000 0.000000
vt 1.000000 0.000000
vt 0.000000 0.000000
vt 1.000000 0.000000
vt 0.000000 0.000000
vt 1.000000 0.000000
vt 1.000000 1.000000
vt 0.000000 1.000000
vt 0.000000 0.000000
vt 1.000000 0.000000
vt 1.000000 1.000000
vt 0.000000 1.000000
vt 0.000000 0.000000
vt 1.000000 0.000000
vt 1.000000 1.000000
vt 0.000000 1.000000
vt 0.000000 0.000000
vt 1.000000 0.000000
vt 1.000000 1.000000
vt 0.000000 1.000000
vt 0.000000 0.000000
vt 1.000000 0.000000
vt 1.000000 1.000000
vt 0.000000 1.000000
vt 0.000000 0.000000
vt 1.000000 0.000000
vt 1.000000 1.000000
vt 0.000000 1.000000
vt 0.000000 0.000000
vt 1.000000 0.000000
vt 1.000000 1.000000
vt 0.000000 1.000000
vt 0.000000 0.000000
vt 1.000000 0.000000
vt 1.000000 1.000000
vt 0.000000 1.000000
vt 0.000000 0.000000
vt 1.000000 0.000000
vt 1.000000 1.000000
vt 0.000000 1.000000
vt 0.000000 0.000000
vt 1.000000 0.000000
vt 1.000000 1.000000
vt 0.000000 1.000000
vt 0.500000 0.500000
vt 0.000000 0.000000
vt 1.000000 0.000000
vt 0.000000 0.000000
vt 1.000000 0.000000
vt 0.000000 0.000000
vt 1.000000 0.000000
vt 0.000000 0.000000
vt 1.000000 0.000000
vt 0.000000 0.000000
vt 1.000000 0.000000
vt 0.000000 0.000000
vt 1.000000 0.000000
vt 0.000000 0.000000
vt 1.000000 0.000000
vt 0.000000 0.000000
vt 1.000000 0.000000
vt 0.000000 0.000000
vt 1.000000 0.000000
vt 0.000000 0.000000
vt 1.000000 0.000000
vt 0.500000 0.500000
vt 0.000000 0.000000
vt 1.000000 0.000000
vt 0.000000 0.000000
vt 1.000000 0.000000
vt 0.000000 0.000000
vt 1.000000 0.000000
vt 0.000000 0.000000
vt 1.000000 0.000000
vt 0.000000 0.000000
vt 1.000000 0.000000
vt 0.000000 0.000000
vt 1.000000 0.000000
vt 0.000000 0.000000
vt 1.000000 0.000000
vt 0.000000 0.000000
vt 1.000000 0.000000
vt 0.000000 0.000000
vt 1.000000 0.000000
vt 0.000000 0.000000
vt 1.000000 0.000000
vt 0.000000 0.000000
vt 1.000000 0.000000
vt 1.000000 1.000000
vt 0.000000 1.000000
vt 0.000000 0.000000
vt 1.000000 0.000000
vt 1.000000 1.000000
vt 0.000000 1.000000
vt 0.000000 0.000000
vt 1.000000 0.000000
vt 1.000000 1.000000
vt 0.000000 1.000000
vt 0.000000 0.000000
vt 1.000000 0.000000
vt 1.000000 1.000000
vt 0.000000 1.000000
vt 0.000000 0.000000
vt 1.000000 0.000000
vt 1.000000 1.000000
vt 0.000000 1.000000
vt 0.000000 0.000000
vt 1.000000 0.000000
vt 1.000000 1.000000
vt 0.000000 1.000000
vt 0.000000 0.000000
vt 1.000000 0.000000
vt 1.000000 1.000000
vt 0.000000 1.000000
vt 0.000000 0.000000
vt 1.000000 0.000000
vt 1.000000 1.000000
vt 0.000000 1.000000
vt 0.000000 0.000000
vt 1.000000 0.000000
vt 1.000000 1.000000
vt 0.000000 1.000000
vt 0.000000 0.000000
vt 1.000000 0.000000
vt 1.000000 1.000000
vt 0.000000 1.000000
vt 0.500000 0.500000
vt 0.000000 0.000000
vt 1.000000 0.000000
vt 0.000000 0.000000
vt 1.000000 0.000000
vt 0.000000 0.000000
vt 1.000000 0.000000
vt 0.000000 0.000000
vt 1.000000 0.000000
vt 0.000000 0.000000
vt 1.000000 0.000000
vt 0.000000 0.000000
vt 1.000000 0.000000
vt 0.000000 0.000000
vt 1.000000 0.000000
vt 0.000000 0.000000
vt 1.000000 0.000000
vt 0.000000 0.000000
vt 1.000000 0.000000
vt 0.000000 0.000000
vt 1.000000 0.000000
vt 0.500000 0.500000
vt 0.000000 0.000000
vt 1.000000 0.000000
vt 0.000000 0.000000
vt 1.000000 0.000000
vt 0.000000 0.000000
vt 1.000000 0.000000
vt 0.000000 0.000000
vt 1.000000 0.000000
vt 0.000000 0.000000
vt 1.000000 0.000000
vt 0.000000 0.000000
vt 1.000000 0.000000
vt 0.000000 0.000000
vt 1.000000 0.000000
vt 0.000000 0.000000
vt 1.000000 0.000000
vt 0.000000 0.000000
vt 1.000000 0.000000
vt 0.000000 0.000000
vt 1.000000 0.000000
vt 0.000000 0.000000
vt 1.000000 0.000000
vt 1.000000 1.000000
vt 0.000000 1.000000
vt 0.000000 0.000000
vt 1.000000 0.000000
vt 1.000000 1.000000
vt 0.000000 1.000000
vt 0.000000 0.000000
vt 1.000000 0.000000
vt 1.000000 1.000000
vt 0.000000 1.000000
vt 0.000000 0.000000
vt 1.000000 0.000000
vt 1.000000 1.000000
vt 0.000000 1.000000
vt 0.000000 0.000000
vt 1.000000 0.000000
vt 1.000000 1.000000
vt 0.000000 1.000000
vt 0.000000 0.000000
vt 1.000000 0.000000
vt 1.000000 1.000000
vt 0.000000 1.000000
vt 0.000000 0.000000
vt 1.000000 0.000000
vt 1.000000 1.000000
vt 0.000000 1.000000
vt 0.000000 0.000000
vt 1.000000 0.000000
vt 1.000000 1.000000
vt 0.000000 1.000000
vt 0.000000 0.000000
vt 1.000000 0.000000
vt 1.000000 1.000000
vt 0.000000 1.000000
vt 0.000000 0.000000
vt 1.000000 0.000000
vt 1.000000 1.000000
vt 0.000000 1.000000
vt 0.500000 0.500000
vt 0.000000 0.000000
vt 1.000000 0.000000
vt 0.000000 0.000000
vt 1.000000 0.000000
vt 0.000000 0.000000
vt 1.000000 0.000000
vt 0.000000 0.000000
vt 1.000000 0.000000
vt 0.000000 0.000000
vt 1.000000 0.000000
vt 0.000000 0.000000
vt 1.000000 0.000000
vt 0.000000 0.000000
vt 1.000000 0.000000
vt 0.000000 0.000000
vt 1.000000 0.000000
vt 0.000000 0.000000
vt 1.000000 0.000000
vt 0.000000 0.000000
vt 1.000000 0.000000
vt 0.500000 0.500000
vt 0.000000 0.000000
vt 1.000000 0.000000
vt 0.000000 0.000000
vt 1.000000 0.000000
vt 0.000000 0.000000
vt 1.000000 0.000000
vt 0.000000 0.000000
vt 1.000000 0.000000
vt 0.000000 0.000000
vt 1.000000 0.000000
vt 0.000000 0.000000
vt 1.000000 0.000000
vt 0.000000 0.000000
vt 1.000000 0.000000
vt 0.000000 0.000000
vt 1.000000 0.000000
vt 0.000000 0.000000
vt 1.000000 0.000000
vt 0.000000 0.000000
vt 1.000000 0.000000
vt 0.000000 0.000000
vt 1.000000 0.000000
vt 1.000000 1.000000
vt 0.000000 1.000000
vt 0.000000 0.000000
vt 1.000000 0.000000
vt 1.000000 1.000000
vt 0.000000 1.000000
vt 0.000000 0.000000
vt 1.000000 0.000000
vt 1.000000 1.000000
vt 0.000000 1.000000
vt 0.000000 0.000000
vt 1.000000 0.000000
vt 1.000000 1.000000
vt 0.000000 1.000000
vt 0.000000 0.000000
vt 1.000000 0.000000
vt 1.000000 1.000000
vt 0.000000 1.000000
vt 0.000000 0.000000
vt 1.000000 0.000000
vt 1.000000 1.000000
vt 0.000000 1.000000
vt 0.000000 0.000000
vt 1.000000 0.000000
vt 1.000000 1.000000
vt 0.000000 1.000000
vt 0.000000 0.000000
vt 1.000000 0.000000
vt 1.000000 1.000000
vt 0.000000 1.000000
vt 0.000000 0.000000
vt 1.000000 0.000000
vt 1.000000 1.000000
vt 0.000000 1.000000
vt 0.000000 0.000000
vt 1.000000 0.000000
vt 1.000000 1.000000
vt 0.000000 1.000000
vt 0.500000 0.500000
vt 0.000000 0.000000
vt 1.000000 0.000000
vt 0.000000 0.000000
vt 1.000000 0.000000
vt 0.000000 0.000000
vt 1.000000 0.000000
vt 0.000000 0.000000
vt 1.000000 0.000000
vt 0.000000 0.000000
vt 1.000000 0.000000
vt 0.000000 0.000000
vt 1.000000 0.000000
vt 0.000000 0.000000
vt 1.000000 0.000000
vt 0.000000 0.000000
vt 1.000000 0.000000
vt 0.000000 0.000000
vt 1.000000 0.000000
vt 0.000000 0.000000
vt 1.000000 0.000000
vt 0.500000 0.500000
vt 0.000000 0.000000
vt 1.000000 0.000000
vt 0.000000 0.000000
vt 1.000000 0.000000
vt 0.000000 0.000000
vt 1.000000 0.000000
vt 0.000000 0.000000
vt 1.000000 0.000000
vt 0.000000 0.000000
vt 1.000000 0.000000
vt 0.000000 0.000000
vt 1.000000 0.000000
vt 0.000000 0.000000
vt 1.000000 0.000000
vt 0.000000 0.000000
vt 1.000000 0.000000
vt 0.000000 0.000000
vt 1.000000 0.000000
vt 0.000000 0.000000
vt 1.000000 0.000000
vt 0.000000 0.000000
vt 1.000000 0.000000
vt 1.000000 1.000000
vt 0.000000 1.000000
vt 0.000000 0.000000
vt 1.000000 0.000000
vt 1.000000 1.000000
vt 0.000000 1.000000
vt 0.000000 0.000000
vt 1.000000 0.000000
vt 1.000000 1.000000
vt 0.000000 1.000000
vt 0.000000 0.000000
vt 1.000000 0.000000
vt 1.000000 1.000000
vt 0.000000 1.000000
vt 0.000000 0.000000
vt 1.000000 0.000000
vt 1.000000 1.000000
vt 0.000000 1.000000
vt 0.000000 0.000000
vt 1.000000 0.000000
vt 1.000000 1.000000
vt 0.000000 1.000000
vt 0.000000 0.000000
vt 1.000000 0.000000
vt 1.000000 1.000000
vt 0.000000 1.000000
vt 0.000000 0.000000
vt 1.000000 0.000000
vt 1.000000 1.000000
vt 0.000000 1.000000
vt 0.000000 0.000000
vt 1.000000 0.000000
vt 1.000000 1.000000
vt 0.000000 1.000000
vt 0.000000 0.000000
vt 1.000000 0.000000
vt 1.000000 1.000000
vt 0.000000 1.000000
vt 0.500000 0.500000
vt 0.000000 0.000000
vt 1.000000 0.000000
vt 0.000000 0.000000
vt 1.000000 0.000000
vt 0.000000 0.000000
vt 1.000000 0.000000
vt 0.000000 0.000000
vt 1.000000 0.000000
vt 0.000000 0.000000
vt 1.000000 0.000000
vt 0.000000 0.000000
vt 1.000000 0.000000
vt 0.000000 0.000000
vt 1.000000 0.000000
vt 0.000000 0.000000
vt 1.000000 0.000000
vt 0.000000 0.000000
vt 1.000000 0.000000
vt 0.000000 0.000000
vt 1.000000 0.000000
vt 0.500000 0.500000
vt 0.000000 0.000000
vt 1.000000 0.000000
vt 0.000000 0.000000
vt 1.000000 0.000000
vt 0.000000 0.000000
vt 1.000000 0.000000
vt 0.000000 0.000000
vt 1.000000 0.000000
vt 0.000000 0.000000
vt 1.000000 0.000000
vt 0.000000 0.000000
vt 1.000000 0.000000
vt 0.000000 0.000000
vt 1.000000 0.000000
vt 0.000000 0.000000
vt 1.000000 0.000000
vt 0.000000 0.000000
vt 1.000000 0.000000
vt 0.000000 0.000000
vt 1.000000 0.000000
vt 0.000000 0.000000
vt 1.000000 0.000000
vt 1.000000 1.000000
vt 0.000000 1.000000
vt 0.000000 0.000000
vt 1.000000 0.000000
vt 1.000000 1.000000
vt 0.000000 1.000000
vt 0.000000 0.000000
vt 1.000000 0.000000
vt 1.000000 1.000000
vt 0.000000 1.000000
vt 0.000000 0.000000
vt 1.000000 0.000000
vt 1.000000 1.000000
vt 0.000000 1.000000
vt 0.000000 0.000000
vt 1.000000 0.000000
vt 1.000000 1.000000
vt 0.000000 1.000000
vt 0.000000 0.000000
vt 1.000000 0.000000
vt 1.000000 1.000000
vt 0.000000 1.000000
vt 0.000000 0.000000
vt 1.000000 0.000000
vt 1.000000 1.000000
vt 0.000000 1.000000
vt 0.000000 0.000000
vt 1.000000 0.000000
vt 1.000000 1.000000
vt 0.000000 1.000000
vt 0.000000 0.000000
vt 1.000000 0.000000
vt 1.000000 1.000000
vt 0.000000 1.000000
vt 0.000000 0.000000
vt 1.000000 0.000000
vt 1.000000 1.000000
vt 0.000000 1.000000
vt 0.000000 0.000000
vt 1.000000 0.000000
vt 1.000000 1.000000
vt 0.000000 1.000000
vt 0.000000 0.000000
vt 1.000000 0.000000
vt 1.000000 1.000000
vt 0.000000 1.000000
vt 0.000000 0.000000
vt 1.000000 0.000000
vt 1.000000 1.000000
vt 0.000000 1.000000
vt 0.000000 0.000000
vt 1.000000 0.000000
vt 1.000000 1.000000
vt 0.000000 1.000000
vt 0.000000 0.000000
vt 1.000000 0.000000
vt 1.000000 1.000000
vt 0.000000 1.000000
vt 0.000000 0.000000
vt 1.000000 0.000000
vt 1.000000 1.000000
vt 0.000000 1.000000
vt 0.000000 0.000000
vt 1.000000 0.000000
vt 1.000000 1.000000
vt 0.000000 1.000000
vt 0.000000 0.000000
vt 1.000000 0.000000
vt 1.000000 1.000000
vt 0.000000 1.000000
vt 0.000000 0.000000
vt 1.000000 0.000000
vt 1.000000 1.000000
vt 0.000000 1.000000
vt 0.000000 0.000000
vt 1.000000 0.000000
vt 1.000000 1.000000
vt 0.000000 1.000000
vt 0.000000 0.000000
vt 1.000000 0.000000
vt 1.000000 1.000000
vt 0.000000 1.000000
vt 0.000000 0.000000
vt 1.000000 0.000000
vt 1.000000 1.000000
vt 0.000000 1.000000
vt 0.000000 0.000000
vt 1.000000 0.000000
vt 1.000000 1.000000
vt 0.000000 1.000000
vt 0.000000 0.000000
vt 1.000000 0.000000
vt 1.000000 1.000000
vt 0.000000 1.000000
vt 0.000000 0.000000
vt 1.000000 0.000000
vt 1.000000 1.000000
vt 0.000000 1.000000
vt 0.000000 0.000000
vt 1.000000 0.000000
vt 1.000000 1.000000
vt 0.000000 1.000000
vt 0.000000 0.000000
vt 1.000000 0.000000
vt 1.000000 1.000000
vt 0.000000 1.000000
vt 0.000000 0.000000
vt 1.000000 0.000000
vt 1.000000 1.000000
vt 0.000000 1.000000
vt 0.000000 0.000000
vt 1.000000 0.000000
vt 1.000000 1.000000
vt 0.000000 1.000000
vt 0.000000 0.000000
vt 1.000000 0.000000
vt 1.000000 1.000000
vt 0.000000 1.000000
vt 0.000000 0.000000
vt 1.000000 0.000000
vt 1.000000 1.000000
vt 0.000000 1.000000
vt 0.000000 0.000000
vt 1.000000 0.000000
vt 1.000000 1.000000
vt 0.000000 1.000000
vt 0.000000 0.000000
vt 1.000000 0.000000
vt 1.000000 1.000000
vt 0.000000 1.000000
vt 0.000000 0.000000
vt 1.000000 0.000000
vt 1.000000 1.000000
vt 0.000000 1.000000
vt 0.000000 0.000000
vt 1.000000 0.000000
vt 1.000000 1.000000
vt 0.000000 1.000000
vt 0.000000 0.000000
vt 1.000000 0.000000
vt 1.000000 1.000000
vt 0.000000 1.000000
vt 0.000000 0.000000
vt 1.000000 0.000000
vt 1.000000 1.000000
vt 0.000000 1.000000
vt 0.000000 0.000000
vt 1.000000 0.000000
vt 1.000000 1.000000
vt 0.000000 1.000000
vt 0.000000 0.000000
vt 1.000000 0.000000
vt 1.000000 1.000000
vt 0.000000 1.000000
vt 0.000000 0.000000
vt 1.000000 0.000000
vt 1.000000 1.000000
vt 0.000000 1.000000
vt 0.000000 0.000000
vt 1.000000 0.000000
vt 1.000000 1.000000
vt 0.000000 1.000000
vt 0.000000 0.000000
vt 1.000000 0.000000
vt 1.000000 1.000000
vt 0.000000 1.000000
vt 0.000000 0.000000
vt 1.000000 0.000000
vt 1.000000 1.000000
vt 0.000000 1.000000
vt 0.000000 0.000000
vt 1.000000 0.000000
vt 1.000000 1.000000
vt 0.000000 1.000000
vt 0.000000 0.000000
vt 1.000000 0.000000
vt 1.000000 1.000000
vt 0.000000 1.000000
vt 0.000000 0.000000
vt 1.000000 0.000000
vt 1.000000 1.000000
vt 0.000000 1.000000
vt 0.000000 0.000000
vt 1.000000 0.000000
vt 1.000000 1.000000
vt 0.000000 1.000000
vt 0.000000 0.000000
vt 1.000000 0.000000
vt 1.000000 1.000000
vt 0.000000 1.000000
vt 0.000000 0.000000
vt 1.000000 0.000000
vt 1.000000 1.000000
vt 0.000000 1.000000
vt 0.000000 0.000000
vt 1.000000 0.000000
vt 1.000000 1.000000
vt 0.000000 1.000000
vt 0.000000 0.000000
vt 1.000000 0.000000
vt 1.000000 1.000000
vt 0.000000 1.000000
vt 0.000000 0.000000
vt 1.000000 0.000000
vt 1.000000 1.000000
vt 0.000000 1.000000
vt 0.000000 0.000000
vt 1.000000 0.000000
vt 1.000000 1.000000
vt 0.000000 1.000000
vt 0.000000 0.000000
vt 1.000000 0.000000
vt 1.000000 1.000000
vt 0.000000 1.000000
vt 0.000000 0.000000
vt 1.000000 0.000000
vt 1.000000 1.000000
vt 0.000000 1.000000
vt 0.000000 0.000000
vt 1.000000 0.000000
vt 1.000000 1.000000
vt 0.000000 1.000000
vt 0.000000 0.000000
vt 1.000000 0.000000
vt 1.000000 1.000000
vt 0.000000 1.000000
vt 0.000000 0.000000
vt 1.000000 0.000000
vt 1.000000 1.000000
vt 0.000000 1.000000
vt 0.000000 0.000000
vt 1.000000 0.000000
vt 1.000000 1.000000
vt 0.000000 1.000000
vt 0.000000 0.000000
vt 1.000000 0.000000
vt 1.000000 1.000000
vt 0.000000 1.000000
vt 0.000000 0.000000
vt 1.000000 0.000000
vt 1.000000 1.000000
vt 0.000000 1.000000
vt 0.000000 0.000000
vt 1.000000 0.000000
vt 1.000000 1.000000
vt 0.000000 1.000000
vt 0.000000 0.000000
vt 1.000000 0.000000
vt 1.000000 1.000000
vt 0.000000 1.000000
vt 0.000000 0.000000
vt 1.000000 0.000000
vt 1.000000 1.000000
vt 0.000000 1.000000
vt 0.000000 0.000000
vt 1.000000 0.000000
vt 1.000000 1.000000
vt 0.000000 1.000000
vt 0.000000 0.000000
vt 1.000000 0.000000
vt 1.000000 1.000000
vt 0.000000 1.000000
vt 0.000000 0.000000
vt 1.000000 0.000000
vt 1.000000 1.000000
vt 0.000000 1.000000
vt 0.000000 0.000000
vt 1.000000 0.000000
vt 1.000000 1.000000
vt 0.000000 1.000000
vt 0.000000 0.000000
vt 1.000000 0.000000
vt 1.000000 1.000000
vt 0.000000 1.000000
vt 0.000000 0.000000
vt 1.000000 0.000000
vt 1.000000 1.000000
vt 0.000000 1.000000
vt 0.000000 0.000000
vt 1.000000 0.000000
vt 1.000000 1.000000
vt 0.000000 1.000000
vt 0.000000 0.000000
vt 1.000000 0.000000
vt 1.000000 1.000000
vt 0.000000 1.000000
vt 0.000000 0.000000
vt 1.000000 0.000000
vt 1.000000 1.000000
vt 0.000000 1.000000
vt 0.000000 0.000000
vt 1.000000 0.000000
vt 1.000000 1.000000
vt 0.000000 1.000000
vt 0.000000 0.000000
vt 1.000000 0.000000
vt 1.000000 1.000000
vt 0.000000 1.000000
vt 0.000000 0.000000
vt 1.000000 0.000000
vt 1.000000 1.000000
vt 0.000000 1.000000
vt 0.000000 0.000000
vt 1.000000 0.000000
vt 1.000000 1.000000
vt 0.000000 1.000000
vt 0.000000 0.000000
vt 1.000000 0.000000
vt 1.000000 1.000000
vt 0.000000 1.000000
vt 0.000000 0.000000
vt 1.000000 0.000000
vt 1.000000 1.000000
vt 0.000000 1.000000
vt 0.000000 0.000000
vt 1.000000 0.000000
vt 1.000000 1.000000
vt 0.000000 1.000000
vt 0.000000 0.000000
vt 1.000000 0.000000
vt 1.000000 1.000000
vt 0.000000 1.000000
vt 0.000000 0.000000
vt 1.000000 0.000000
vt 1.000000 1.000000
vt 0.000000 1.000000
vt 0.000000 0.000000
vt 1.000000 0.000000
vt 1.000000 1.000000
vt 0.000000 1.000000
vt 0.000000 0.000000
vt 1.000000 0.000000
vt 1.000000 1.000000
vt 0.000000 1.000000
vt 0.000000 0.000000
vt 1.000000 0.000000
vt 1.000000 1.000000
vt 0.000000 1.000000
vt 0.000000 0.000000
vt 1.000000 0.000000
vt 1.000000 1.000000
vt 0.000000 1.000000
vt 0.000000 0.000000
vt 1.000000 0.000000
vt 1.000000 1.000000
vt 0.000000 1.000000
vt 0.000000 0.000000
vt 1.000000 0.000000
vt 1.000000 1.000000
vt 0.000000 1.000000
vt 0.000000 0.000000
vt 1.000000 0.000000
vt 1.000000 1.000000
vt 0.000000 1.000000
vt 0.000000 0.000000
vt 1.000000 0.000000
vt 1.000000 1.000000
vt 0.000000 1.000000
vt 0.000000 0.000000
vt 1.000000 0.000000
vt 1.000000 1.000000
vt 0.000000 1.000000
vt 0.000000 0.000000
vt 1.000000 0.000000
vt 1.000000 1.000000
vt 0.000000 1.000000
vt 0.000000 0.000000
vt 1.000000 0.000000
vt 1.000000 1.000000
vt 0.000000 1.000000
vt 0.000000 0.000000
vt 1.000000 0.000000
vt 1.000000 1.000000
vt 0.000000 1.000000
vt 0.000000 0.000000
vt 1.000000 0.000000
vt 1.000000 1.000000
vt 0.000000 1.000000
vt 0.000000 0.000000
vt 1.000000 0.000000
vt 1.000000 1.000000
vt 0.000000 1.000000
vt 0.000000 0.000000
vt 1.000000 0.000000
vt 1.000000 1.000000
vt 0.000000 1.000000
vt 0.000000 0.000000
vt 1.000000 0.000000
vt 1.000000 1.000000
vt 0.000000 1.000000
vt 0.000000 0.000000
vt 1.000000 0.000000
vt 1.000000 1.000000
vt 0.000000 1.000000
vt 0.000000 0.000000
vt 1.000000 0.000000
vt 1.000000 1.000000
vt 0.000000 1.000000
vt 0.000000 0.000000
vt 1.000000 0.000000
vt 1.000000 1.000000
vt 0.000000 1.000000
vt 0.000000 0.000000
vt 1.000000 0.000000
vt 1.000000 1.000000
vt 0.000000 1.000000
vt 0.000000 0.000000
vt 1.000000 0.000000
vt 1.000000 1.000000
vt 0.000000 1.000000
vt 0.000000 0.000000
vt 1.000000 0.000000
vt 1.000000 1.000000
vt 0.000000 1.000000
vt 0.000000 0.000000
vt 1.000000 0.000000
vt 1.000000 1.000000
vt 0.000000 1.000000
vt 0.000000 0.000000
vt 1.000000 0.000000
vt 1.000000 1.000000
vt 0.000000 1.000000
vt 0.000000 0.000000
vt 1.000000 0.000000
vt 1.000000 1.000000
vt 0.000000 1.000000
vt 0.000000 0.000000
vt 1.000000 0.000000
vt 1.000000 1.000000
vt 0.000000 1.000000
vt 0.000000 0.000000
vt 1.000000 0.000000
vt 1.000000 1.000000
vt 0.000000 1.000000
vt 0.000000 0.000000
vt 1.000000 0.000000
vt 1.000000 1.000000
vt 0.000000 1.000000
vt 0.000000 0.000000
vt 1.000000 0.000000
vt 1.000000 1.000000
vt 0.000000 1.000000
vt 0.000000 0.000000
vt 1.000000 0.000000
vt 1.000000 1.000000
vt 0.000000 1.000000
vt 0.000000 0.000000
vt 1.000000 0.000000
vt 1.000000 1.000000
vt 0.000000 1.000000
vt 0.000000 0.000000
vt 1.000000 0.000000
vt 1.000000 1.000000
vt 0.000000 1.000000
vt 0.000000 0.000000
vt 1.000000 0.000000
vt 1.000000 1.000000
vt 0.000000 1.000000
vt 0.000000 0.000000
vt 1.000000 0.000000
vt 1.000000 1.000000
vt 0.000000 1.000000
vt 0.000000 0.000000
vt 1.000000 0.000000
vt 1.000000 1.000000
vt 0.000000 1.000000
vt 0.000000 0.000000
vt 1.000000 0.000000
vt 1.000000 1.000000
vt 0.000000 1.000000
vt 0.000000 0.000000
vt 1.000000 0.000000
vt 1.000000 1.000000
vt 0.000000 1.000000
vt 0.000000 0.000000
vt 1.000000 0.000000
vt 1.000000 1.000000
vt 0.000000 1.000000
vt 0.000000 0.000000
vt 1.000000 0.000000
vt 1.000000 1.000000
vt 0.000000 1.000000
vt 0.000000 0.000000
vt 1.000000 0.000000
vt 1.000000 1.000000
vt 0.000000 1.000000
vt 0.000000 0.000000
vt 1.000000 0.000000
vt 1.000000 1.000000
vt 0.000000 1.000000
vt 0.000000 0.000000
vt 1.000000 0.000000
vt 1.000000 1.000000
vt 0.000000 1.000000
vt 0.000000 0.000000
vt 1.000000 0.000000
vt 1.000000 1.000000
vt 0.000000 1.000000
vt 0.000000 0.000000
vt 1.000000 0.000000
vt 1.000000 1.000000
vt 0.000000 1.000000
vt 0.000000 0.000000
vt 1.000000 0.000000
vt 1.000000 1.000000
vt 0.000000 1.000000
vt 0.000000 0.000000
vt 1.000000 0.000000
vt 1.000000 1.000000
vt 0.000000 1.000000
vt 0.000000 0.000000
vt 1.000000 0.000000
vt 1.000000 1.000000
vt 0.000000 1.000000
vt 0.000000 0.000000
vt 1.000000 0.000000
vt 1.000000 1.000000
vt 0.000000 1.000000
vt 0.000000 0.000000
vt 1.000000 0.000000
vt 1.000000 1.000000
vt 0.000000 1.000000
vt 0.000000 0.000000
vt 1.000000 0.000000
vt 1.000000 1.000000
vt 0.000000 1.000000
vt 0.000000 0.000000
vt 1.000000 0.000000
vt 1.000000 1.000000
vt 0.000000 1.000000
vt 0.000000 0.000000
vt 1.000000 0.000000
vt 1.000000 1.000000
vt 0.000000 1.000000
vt 0.000000 0.000000
vt 1.000000 0.000000
vt 1.000000 1.000000
vt 0.000000 1.000000
vt 0.000000 0.000000
vt 1.000000 0.000000
vt 1.000000 1.000000
vt 0.000000 1.000000
vt 0.000000 0.000000
vt 1.000000 0.000000
vt 1.000000 1.000000
vt 0.000000 1.000000
vt 0.000000 0.000000
vt 1.000000 0.000000
vt 1.000000 1.000000
vt 0.000000 1.000000
vt 0.000000 0.000000
vt 1.000000 0.000000
vt 1.000000 1.000000
vt 0.000000 1.000000
vt 0.000000 0.000000
vt 1.000000 0.000000
vt 1.000000 1.000000
vt 0.000000 1.000000
vt 0.000000 0.000000
vt 1.000000 0.000000
vt 1.000000 1.000000
vt 0.000000 1.000000
vt 0.000000 0.000000
vt 1.000000 0.000000
vt 1.000000 1.000000
vt 0.000000 1.000000
vt 0.000000 0.000000
vt 1.000000 0.000000
vt 1.000000 1.000000
vt 0.000000 1.000000
vt 0.000000 0.000000
vt 1.000000 0.000000
vt 1.000000 1.000000
vt 0.000000 1.000000
vt 0.000000 0.000000
vt 1.000000 0.000000
vt 1.000000 1.000000
vt 0.000000 1.000000
vt 0.000000 0.000000
vt 1.000000 0.000000
vt 1.000000 1.000000
vt 0.000000 1.000000
vt 0.000000 0.000000
vt 1.000000 0.000000
vt 1.000000 1.000000
vt 0.000000 1.000000
vt 0.000000 0.000000
vt 1.000000 0.000000
vt 1.000000 1.000000
vt 0.000000 1.000000
vt 0.000000 0.000000
vt 1.000000 0.000000
vt 1.000000 1.000000
vt 0.000000 1.000000
vt 0.000000 0.000000
vt 1.000000 0.000000
vt 1.000000 1.000000
vt 0.000000 1.000000
vt 0.000000 0.000000
vt 1.000000 0.000000
vt 1.000000 1.000000
vt 0.000000 1.000000
vt 0.000000 0.000000
vt 1.000000 0.000000
vt 1.000000 1.000000
vt 0.000000 1.000000
vt 0.000000 0.000000
vt 1.000000 0.000000
vt 1.000000 1.000000
vt 0.000000 1.000000
vt 0.000000 0.000000
vt 1.000000 0.000000
vt 1.000000 1.000000
vt 0.000000 1.000000
vt 0.000000 0.000000
vt 1.000000 0.000000
vt 1.000000 1.000000
vt 0.000000 1.000000
vt 0.000000 0.000000
vt 1.000000 0.000000
vt 1.000000 1.000000
vt 0.000000 1.000000
vt 0.000000 0.000000
vt 1.000000 0.000000
vt 1.000000 1.000000
vt 0.000000 1.000000
vt 0.000000 0.000000
vt 1.000000 0.000000
vt 1.000000 1.000000
vt 0.000000 1.000000
vt 0.000000 0.000000
vt 1.000000 0.000000
vt 1.000000 1.000000
vt 0.000000 1.000000
vt 0.000000 0.000000
vt 1.000000 0.000000
vt 1.000000 1.000000
vt 0.000000 1.000000
vt 0.000000 0.000000
vt 1.000000 0.000000
vt 1.000000 1.000000
vt 0.000000 1.000000
vt 0.000000 0.000000
vt 1.000000 0.000000
vt 1.000000 1.000000
vt 0.000000 1.000000
vt 0.000000 0.000000
vt 1.000000 0.000000
vt 1.000000 1.000000
vt 0.000000 1.000000
vt 0.000000 0.000000
vt 1.000000 0.000000
vt 1.000000 1.000000
vt 0.000000 1.000000
vt 0.000000 0.000000
vt 1.000000 0.000000
vt 1.000000 1.000000
vt 0.000000 1.000000
vt 0.000000 0.000000
vt 1.000000 0.000000
vt 1.000000 1.000000
vt 0.000000 1.000000
vt 0.000000 0.000000
vt 1.000000 0.000000
vt 1.000000 1.000000
vt 0.000000 1.000000
vt 0.000000 0.000000
vt 1.000000 0.000000
vt 1.000000 1.000000
vt 0.000000 1.000000
vt 0.000000 0.000000
vt 1.000000 0.000000
vt 1.000000 1.000000
vt 0.000000 1.000000
vt 0.000000 0.000000
vt 1.000000 0.000000
vt 1.000000 1.000000
vt 0.000000 1.000000
vt 0.000000 0.000000
vt 1.000000 0.000000
vt 1.000000 1.000000
vt 0.000000 1.000000
vt 0.000000 0.000000
vt 1.000000 0.000000
vt 1.000000 1.000000
vt 0.000000 1.000000
vt 0.000000 0.000000
vt 1.000000 0.000000
vt 1.000000 1.000000
vt 0.000000 1.000000
vt 0.000000 0.000000
vt 1.000000 0.000000
vt 1.000000 1.000000
vt 0.000000 1.000000
vt 0.000000 0.000000
vt 1.000000 0.000000
vt 1.000000 1.000000
vt 0.000000 1.000000
vt 0.000000 0.000000
vt 1.000000 0.000000
vt 1.000000 1.000000
vt 0.000000 1.000000
vt 0.000000 0.000000
vt 1.000000 0.000000
vt 1.000000 1.000000
vt 0.000000 1.000000
vt 0.000000 0.000000
vt 1.000000 0.000000
vt 1.000000 1.000000
vt 0.000000 1.000000
vt 0.000000 0.000000
vt 1.000000 0.000000
vt 1.000000 1.000000
vt 0.000000 1.000000
vt 0.000000 0.000000
vt 1.000000 0.000000
vt 1.000000 1.000000
vt 0.000000 1.000000
vt 0.000000 0.000000
vt 1.000000 0.000000
vt 1.000000 1.000000
vt 0.000000 1.000000
vt 0.000000 0.000000
vt 1.000000 0.000000
vt 1.000000 1.000000
vt 0.000000 1.000000
vt 0.000000 0.000000
vt 1.000000 0.000000
vt 1.000000 1.000000
vt 0.000000 1.000000
vt 0.000000 0.000000
vt 1.000000 0.000000
vt 1.000000 1.000000
vt 0.000000 1.000000
vt 0.000000 0.000000
vt 1.000000 0.000000
vt 1.000000 1.000000
vt 0.000000 1.000000
vt 0.000000 0.000000
vt 1.000000 0.000000
vt 1.000000 1.000000
vt 0.000000 1.000000
vt 0.000000 0.000000
vt 1.000000 0.000000
vt 1.000000 1.000000
vt 0.000000 1.000000
vt 0.000000 0.000000
vt 1.000000 0.000000
vt 1.000000 1.000000
vt 0.000000 1.000000
vt 0.000000 0.000000
vt 1.000000 0.000000
vt 1.000000 1.000000
vt 0.000000 1.000000
vt 0.000000 0.000000
vt 1.000000 0.000000
vt 1.000000 1.000000
vt 0.000000 1.000000
vt 0.000000 0.000000
vt 1.000000 0.000000
vt 1.000000 1.000000
vt 0.000000 1.000000
vt 0.000000 0.000000
vt 1.000000 0.000000
vt 1.000000 1.000000
vt 0.000000 1.000000
vt 0.000000 0.000000
vt 1.000000 0.000000
vt 1.000000 1.000000
vt 0.000000 1.000000
vt 0.000000 0.000000
vt 1.000000 0.000000
vt 1.000000 1.000000
vt 0.000000 1.000000
vt 0.000000 0.000000
vt 1.000000 0.000000
vt 1.000000 1.000000
vt 0.000000 1.000000
vt 0.000000 0.000000
vt 1.000000 0.000000
vt 1.000000 1.000000
vt 0.000000 1.000000
vt 0.000000 0.000000
vt 1.000000 0.000000
vt 1.000000 1.000000
vt 0.000000 1.000000
vt 0.000000 0.000000
vt 1.000000 0.000000
vt 1.000000 1.000000
vt 0.000000 1.000000
vt 0.000000 0.000000
vt 1.000000 0.000000
vt 1.000000 1.000000
vt 0.000000 1.000000
vt 0.000000 0.000000
vt 1.000000 0.000000
vt 1.000000 1.000000
vt 0.000000 1.000000
vt 0.000000 0.000000
vt 1.000000 0.000000
vt 1.000000 1.000000
vt 0.000000 1.000000
vt 0.000000 0.000000
vt 1.000000 0.000000
vt 1.000000 1.000000
vt 0.000000 1.000000
vt 0.000000 0.000000
vt 1.000000 0.000000
vt 1.000000 1.000000
vt 0.000000 1.000000
vt 0.000000 0.000000
vt 1.000000 0.000000
vt 1.000000 1.000000
vt 0.000000 1.000000
vt 0.000000 0.000000
vt 1.000000 0.000000
vt 1.000000 1.000000
vt 0.000000 1.000000
vt 0.000000 0.000000
vt 1.000000 0.000000
vt 1.000000 1.000000
vt 0.000000 1.000000
vt 0.000000 0.000000
vt 1.000000 0.000000
vt 1.000000 1.000000
vt 0.000000 1.000000
vt 0.000000 0.000000
vt 1.000000 0.000000
vt 1.000000 1.000000
vt 0.000000 1.000000
vt 0.000000 0.000000
vt 1.000000 0.000000
vt 1.000000 1.000000
vt 0.000000 1.000000
vt 0.000000 0.000000
vt 1.000000 0.000000
vt 1.000000 1.000000
vt 0.000000 1.000000
vt 0.000000 0.000000
vt 1.000000 0.000000
vt 1.000000 1.000000
vt 0.000000 1.000000
vt 0.000000 0.000000
vt 1.000000 0.000000
vt 1.000000 1.000000
vt 0.000000 1.000000
vt 0.000000 0.000000
vt 1.000000 0.000000
vt 1.000000 1.000000
vt 0.000000 1.000000
vt 0.000000 0.000000
vt 1.000000 0.000000
vt 1.000000 1.000000
vt 0.000000 1.000000
vt 0.000000 0.000000
vt 1.000000 0.000000
vt 1.000000 1.000000
vt 0.000000 1.000000
vt 0.000000 0.000000
vt 1.000000 0.000000
vt 1.000000 1.000000
vt 0.000000 1.000000
vt 0.000000 0.000000
vt 1.000000 0.000000
vt 1.000000 1.000000
vt 0.000000 1.000000
vt 0.000000 0.000000
vt 1.000000 0.000000
vt 1.000000 1.000000
vt 0.000000 1.000000
vt 0.000000 0.000000
vt 1.000000 0.000000
vt 1.000000 1.000000
vt 0.000000 1.000000
vt 0.000000 0.000000
vt 1.000000 0.000000
vt 1.000000 1.000000
vt 0.000000 1.000000
vt 0.000000 0.000000
vt 1.000000 0.000000
vt 1.000000 1.000000
vt 0.000000 1.000000
vt 0.000000 0.000000
vt 1.000000 0.000000
vt 1.000000 1.000000
vt 0.000000 1.000000
vt 0.000000 0.000000
vt 1.000000 0.000000
vt 1.000000 1.000000
vt 0.000000 1.000000
vt 0.000000 0.000000
vt 1.000000 0.000000
vt 1.000000 1.000000
vt 0.000000 1.000000
vt 0.000000 0.000000
vt 1.000000 0.000000
vt 1.000000 1.000000
vt 0.000000 1.000000
vt 0.000000 0.000000
vt 1.000000 0.000000
vt 1.000000 1.000000
vt 0.000000 1.000000
vt 0.000000 0.000000
vt 1.000000 0.000000
vt 1.000000 1.000000
vt 0.000000 1.000000
vt 0.000000 0.000000
vt 1.000000 0.000000
vt 1.000000 1.000000
vt 0.000000 1.000000
vt 0.000000 0.000000
vt 1.000000 0.000000
vt 1.000000 1.000000
vt 0.000000 1.000000
vt 0.000000 0.000000
vt 1.000000 0.000000
vt 1.000000 1.000000
vt 0.000000 1.000000
vt 0.000000 0.000000
vt 1.000000 0.000000
vt 1.000000 1.000000
vt 0.000000 1.000000
vt 0.000000 0.000000
vt 1.000000 0.000000
vt 1.000000 1.000000
vt 0.000000 1.000000
vt 0.000000 0.000000
vt 1.000000 0.000000
vt 1.000000 1.000000
vt 0.000000 1.000000
vt 0.000000 0.000000
vt 1.000000 0.000000
vt 1.000000 1.000000
vt 0.000000 1.000000
vt 0.000000 0.000000
vt 1.000000 0.000000
vt 1.000000 1.000000
vt 0.000000 1.000000
vt 0.000000 0.000000
vt 1.000000 0.000000
vt 1.000000 1.000000
vt 0.000000 1.000000
vt 0.000000 0.000000
vt 1.000000 0.000000
vt 1.000000 1.000000
vt 0.000000 1.000000
vt 0.000000 0.000000
vt 1.000000 0.000000
vt 1.000000 1.000000
vt 0.000000 1.000000
vt 0.000000 0.000000
vt 1.000000 0.000000
vt 1.000000 1.000000
vt 0.000000 1.000000
vt 0.000000 0.000000
vt 1.000000 0.000000
vt 1.000000 1.000000
vt 0.000000 1.000000
vt 0.000000 0.000000
vt 1.000000 0.000000
vt 1.000000 1.000000
vt 0.000000 1.000000
vt 0.000000 0.000000
vt 1.000000 0.000000
vt 1.000000 1.000000
vt 0.000000 1.000000
vt 0.000000 0.000000
vt 1.000000 0.000000
vt 1.000000 1.000000
vt 0.000000 1.000000
vt 0.000000 0.000000
vt 1.000000 0.000000
vt 1.000000 1.000000
vt 0.000000 1.000000
vt 0.000000 0.000000
vt 1.000000 0.000000
vt 1.000000 1.000000
vt 0.000000 1.000000
vt 0.000000 0.000000
vt 1.000000 0.000000
vt 1.000000 1.000000
vt 0.000000 1.000000
vt 0.000000 0.000000
vt 1.000000 0.000000
vt 1.000000 1.000000
vt 0.000000 1.000000
vt 0.000000 0.000000
vt 1.000000 0.000000
vt 1.000000 1.000000
vt 0.000000 1.000000
vt 0.000000 0.000000
vt 1.000000 0.000000
vt 1.000000 1.000000
vt 0.000000 1.000000
vt 0.000000 0.000000
vt 1.000000 0.000000
vt 1.000000 1.000000
vt 0.000000 1.000000
vt 0.000000 0.000000
vt 1.000000 0.000000
vt 1.000000 1.000000
vt 0.000000 1.000000
vt 0.000000 0.000000
vt 1.000000 0.000000
vt 1.000000 1.000000
vt 0.000000 1.000000
vt 0.000000 0.000000
vt 1.000000 0.000000
vt 0.000000 0.125000
vt 1.000000 0.125000
vt 0.000000 0.250000
vt 1.000000 0.250000
vt 0.000000 0.375000
vt 1.000000 0.375000
vt 0.000000 0.500000
vt 1.000000 0.500000
vt 0.000000 0.625000
vt 1.000000 0.625000
vt 0.000000 0.750000
vt 1.000000 0.750000
vt 0.000000 0.875000
vt 1.000000 0.875000
vt 0.000000 1.000000
vt 1.000000 1.000000
vt 0.000000 0.000000
vt 1.000000 0.000000
vt 0.000000 0.125000
vt 1.000000 0.125000
vt 0.000000 0.250000
vt 1.000000 0.250000
vt 0.000000 0.375000
vt 1.000000 0.375000
vt 0.000000 0.500000
vt 1.000000 0.500000
vt 0.000000 0.625000
vt 1.000000 0.625000
vt 0.000000 0.750000
vt 1.000000 0.750000
vt 0.000000 0.875000
vt 1.000000 0.875000
vt 0.000000 1.000000
vt 1.000000 1.000000
vt 0.000000 0.000000
vt 1.000000 0.000000
vt 0.000000 0.125000
vt 1.000000 0.125000
vt 0.000000 0.250000
vt 1.000000 0.250000
vt 0.000000 0.375000
vt 1.000000 0.375000
vt 0.000000 0.500000
vt 1.000000 0.500000
vt 0.000000 0.625000
vt 1.000000 0.625000
vt 0.000000 0.750000
vt 1.000000 0.750000
vt 0.000000 0.875000
vt 1.000000 0.875000
vt 0.000000 1.000000
vt 1.000000 1.000000
vt 0.000000 0.000000
vt 1.000000 0.000000
vt 0.000000 0.125000
vt 1.000000 0.125000
vt 0.000000 0.250000
vt 1.000000 0.250000
vt 0.000000 0.375000
vt 1.000000 0.375000
vt 0.000000 0.500000
vt 1.000000 0.500000
vt 0.000000 0.625000
vt 1.000000 0.625000
vt 0.000000 0.750000
vt 1.000000 0.750000
vt 0.000000 0.875000
vt 1.000000 0.875000
vt 0.000000 1.000000
vt 1.000000 1.000000
vt 0.000000 0.000000
vt 1.000000 0.000000
vt 0.000000 0.125000
vt 1.000000 0.125000
vt 0.000000 0.250000
vt 1.000000 0.250000
vt 0.000000 0.375000
vt 1.000000 0.375000
vt 0.000000 0.500000
vt 1.000000 0.500000
vt 0.000000 0.625000
vt 1.000000 0.625000
vt 0.000000 0.750000
vt 1.000000 0.750000
vt 0.000000 0.875000
vt 1.000000 0.875000
vt 0.000000 1.000000
vt 1.000000 1.000000
usemtl Stone
f 1/1 2/2 3/3
f 1/1 3/3 4/4
f 5/5 6/6 7/7
f 5/5 7/7 8/8
f 9/9 10/10 11/11
f 9/9 11/11 12/12
f 13/13 14/14 15/15
f 13/13 15/15 16/16
f 17/17 18/18 19/19
f 17/17 19/19 20/20
f 21/21 22/22 23/23
f 21/21 23/23 24/24
f 25/25 26/26 27/27
f 25/25 27/27 28/28
f 29/29 30/30 31/31
f 29/29 31/31 32/32
f 33/33 34/34 35/35
f 33/33 35/35 36/36
f 37/37 38/38 39/39
f 37/37 39/39 40/40
f 41/41 42/42 43/43
f 41/41 43/43 44/44
f 45/45 46/46 47/47
f 45/45 47/47 48/48
f 49/49 50/50 51/51
f 49/49 51/51 52/52
f 53/53 54/54 55/55
f 53/53 55/55 56/56
f 57/57 58/58 59/59
f 57/57 59/59 60/60
f 61/61 62/62 63/63
f 61/61 63/63 64/64
f 65/65 66/66 67/67
f 65/65 67/67 68/68
f 69/69 70/70 71/71
f 69/69 71/71 72/72
f 73/73 74/74 75/75
f 73/73 75/75 76/76
f 77/77 78/78 79/79
f 77/77 79/79 80/80
f 81/81 82/82 83/83
f 81/81 83/83 84/84
f 85/85 86/86 87/87
f 85/85 87/87 88/88
f 89/89 90/90 91/91
f 89/89 91/91 92/92
f 93/93 94/94 95/95
f 93/93 95/95 96/96
f 97/97 98/98 99/99
f 97/97 99/99 100/100
f 101/101 102/102 103/103
f 101/101 103/103 104/104
f 105/105 106/106 107/107
f 105/105 107/107 108/108
f 109/109 110/110 111/111
f 109/109 111/111 112/112
f 113/113 114/114 115/115
f 113/113 115/115 116/116
f 117/117 118/118 119/119
f 117/117 119/119 120/120
f 121/121 122/122 123/123
f 121/121 123/123 124/124
f 125/125 126/126 127/127
f 125/125 127/127 128/128
f 129/129 130/130 131/131
f 129/129 131/131 132/132
f 133/133 134/134 135/135
f 133/133 135/135 136/136
f 137/137 138/138 139/139
f 137/137 139/139 140/140
f 141/141 142/142 143/143
f 141/141 143/143 144/144
f 145/145 146/146 147/147
f 145/145 147/147 148/148
f 149/149 150/150 151/151
f 149/149 151/151 152/152
f 153/153 154/154 155/155
f 153/153 155/155 156/156
f 157/157 158/158 159/159
f 157/157 159/159 160/160
f 161/161 162/162 163/163
f 161/161 163/163 164/164
f 165/165 166/166 167/167
f 165/165 167/167 168/168
f 169/169 170/170 171/171
f 169/169 171/171 172/172
f 173/173 174/174 175/175
f 173/173 175/175 176/176
f 177/177 178/178 179/179
f 177/177 179/179 180/180
f 181/181 182/182 183/183
f 181/181 183/183 184/184
f 185/185 186/186 187/187
f 185/185 187/187 188/188
f 189/189 190/190 191/191
f 189/189 191/191 192/192
f 193/193 194/194 195/195
f 193/193 195/195 196/196
f 197/197 198/198 199/199
f 197/197 199/199 200/200
f 201/201 202/202 203/203
f 201/201 203/203 204/204
f 205/205 206/206 207/207
f 205/205 207/207 208/208
f 209/209 210/210 211/211
f 209/209 211/211 212/212
f 213/213 214/214 215/215
f 213/213 215/215 216/216
f 217/217 218/218 219/219
f 217/217 219/219 220/220
f 221/221 222/222 223/223
f 221/221 223/223 224/224
f 225/225 226/226 227/227
f 225/225 227/227 228/228
f 229/229 230/230 231/231
f 229/229 231/231 232/232
f 233/233 234/234 235/235
f 233/233 235/235 236/236
f 237/237 238/238 239/239
f 237/237 239/239 240/240
f 241/241 242/242 243/243
f 241/241 243/243 244/244
f 245/245 246/246 247/247
f 245/245 247/247 248/248
f 249/249 250/250 251/251
f 249/249 251/251 252/252
f 253/253 254/254 255/255
f 253/253 255/255 256/256
f 257/257 258/258 259/259
f 257/257 259/259 260/260
f 261/261 262/262 263/263
f 261/261 263/263 264/264
f 265/265 266/266 267/267
f 265/265 267/267 268/268
f 269/269 270/270 271/271
f 269/269 271/271 272/272
f 273/273 274/274 275/275
f 273/273 275/275 276/276
f 277/277 278/278 279/279
f 277/277 279/279 280/280
f 281/281 282/282 283/283
f 281/281 283/283 284/284
f 285/285 286/286 287/287
f 285/285 287/287 288/288
f 289/289 290/290 291/291
f 289/289 291/291 292/292
f 293/293 294/294 295/295
f 293/293 295/295 296/296
f 297/297 298/298 299/299
f 297/297 299/299 300/300
f 301/301 302/302 303/303
f 301/301 303/303 304/304
f 305/305 306/306 307/307
f 305/305 307/307 308/308
f 309/309 310/310 311/311
f 309/309 311/311 312/312
f 313/313 314/314 315/315
f 313/313 315/315 316/316
f 317/317 318/318 319/319
f 317/317 319/319 320/320
f 321/321 322/322 323/323
f 321/321 323/323 324/324
f 325/325 326/326 327/327
f 325/325 327/327 328/328
f 329/329 330/330 331/331
f 329/329 331/331 332/332
f 333/333 334/334 335/335
f 333/333 335/335 336/336
f 337/337 338/338 339/339
f 337/337 339/339 340/340
f 341/341 342/342 343/343
f 341/341 343/343 344/344
f 345/345 346/346 347/347
f 345/345 347/347 348/348
f 349/349 350/350 351/351
f 349/349 351/351 352/352
f 353/353 354/354 355/355
f 353/353 355/355 356/356
f 357/357 358/358 359/359
f 357/357 359/359 360/360
f 361/361 362/362 363/363
f 361/361 363/363 364/364
f 365/365 366/366 367/367
f 365/365 367/367 368/368
f 369/369 370/370 371/371
f 369/369 371/371 372/372
f 373/373 374/374 375/375
f 373/373 375/375 376/376
f 377/377 378/378 379/379
f 377/377 379/379 380/380
f 381/381 382/382 383/383
f 381/381 383/383 384/384
f 385/385 386/386 387/387
f 385/385 387/387 388/388
f 389/389 390/390 391/391
f 389/389 391/391 392/392
f 393/393 394/394 395/395
f 393/393 395/395 396/396
f 397/397 398/398 399/399
f 397/397 399/399 400/400
f 401/401 402/402 403/403
f 401/401 403/403 404/404
f 405/405 406/406 407/407
f 405/405 407/407 408/408
f 409/409 410/410 411/411
f 409/409 411/411 412/412
f 413/413 414/414 415/415
f 413/413 415/415 416/416
f 417/417 418/418 419/419
f 417/417 419/419 420/420
f 421/421 422/422 423/423
f 421/421 423/423 424/424
f 425/425 426/426 427/427
f 425/425 427/427 428/428
f 429/429 430/430 431/431
f 429/429 431/431 432/432
f 433/433 434/434 435/435
f 433/433 435/435 436/436
f 437/437 438/438 439/439
f 437/437 439/439 440/440
f 441/441 442/442 443/443
f 441/441 443/443 444/444
f 445/445 446/446 447/447
f 445/445 447/447 448/448
f 449/449 450/450 451/451
f 449/449 451/451 452/452
f 453/453 454/454 455/455
f 453/453 455/455 456/456
f 457/457 458/458 459/459
f 457/457 459/459 460/460
f 461/461 462/462 463/463
f 461/461 463/463 464/464
f 465/465 466/466 467/467
f 465/465 467/467 468/468
f 469/469 470/470 471/471
f 469/469 471/471 472/472
f 473/473 474/474 475/475
f 473/473 475/475 476/476
f 477/477 478/478 479/479
f 477/477 479/479 480/480
f 481/481 482/482 483/483
f 481/481 483/483 484/484
f 485/485 486/486 487/487
f 485/485 487/487 488/488
f 489/489 490/490 491/491
f 489/489 491/491 492/492
f 493/493 494/494 495/495
f 493/493 495/495 496/496
f 497/497 498/498 499/499
f 497/497 499/499 500/500
f 501/501 502/502 503/503
f 501/501 503/503 504/504
f 505/505 506/506 507/507
f 505/505 507/507 508/508
f 509/509 510/510 511/511
f 509/509 511/511 512/512
f 513/513 514/514 515/515
f 513/513 515/515 516/516
f 517/517 518/518 519/519
f 517/517 519/519 520/520
f 521/521 522/522 523/523
f 521/521 523/523 524/524
f 525/525 526/526 527/527
f 525/525 527/527 528/528
f 529/529 530/530 531/531
f 529/529 531/531 532/532
f 533/533 534/534 535/535
f 533/533 535/535 536/536
f 537/537 538/538 539/539
f 537/537 539/539 540/540
f 541/541 542/542 543/543
f 541/541 543/543 544/544
f 545/545 546/546 547/547
f 545/545 547/547 548/548
f 549/549 550/550 551/551
f 549/549 551/551 552/552
f 553/553 554/554 555/555
f 553/553 555/555 556/556
f 557/557 558/558 559/559
f 557/557 559/559 560/560
f 561/561 562/562 563/563
f 561/561 563/563 564/564
f 565/565 566/566 567/567
f 565/565 567/567 568/568
f 569/569 570/570 571/571
f 569/569 571/571 572/572
f 573/573 574/574 575/575
f 573/573 575/575 576/576
f 577/577 578/578 579/579
f 577/577 579/579 580/580
f 581/581 582/582 583/583
f 581/581 583/583 584/584
f 585/585 586/586 587/587
f 585/585 587/587 588/588
f 589/589 590/590 591/591
f 589/589 591/591 592/592
f 593/593 594/594 595/595
f 593/593 595/595 596/596
f 597/597 598/598 599/599
f 597/597 599/599 600/600
f 601/601 602/602 603/603
f 601/601 603/603 604/604
f 605/605 606/606 607/607
f 605/605 607/607 608/608
f 609/609 610/610 611/611
f 609/609 611/611 612/612
f 613/613 614/614 615/615
f 613/613 615/615 616/616
f 617/617 618/618 619/619
f 617/617 619/619 620/620
f 621/621 622/622 623/623
f 621/621 623/623 624/624
f 625/625 626/626 627/627
f 625/625 627/627 628/628
f 629/629 630/630 631/631
f 629/629 631/631 632/632
f 633/633 634/634 635/635
f 633/633 635/635 636/636
f 637/637 638/638 639/639
f 637/637 639/639 640/640
f 641/641 642/642 643/643
f 641/641 643/643 644/644
f 645/645 646/646 647/647
f 645/645 647/647 648/648
f 649/649 650/650 651/651
f 649/649 651/651 652/652
f 653/653 654/654 655/655
f 653/653 655/655 656/656
f 657/657 658/658 659/659
f 657/657 659/659 660/660
f 661/661 662/662 663/663
f 661/661 663/663 664/664
f 665/665 666/666 667/667
f 665/665 667/667 668/668
f 669/669 670/670 671/671
f 669/669 671/671 672/672
f 673/673 674/674 675/675
f 673/673 675/675 676/676
f 677/677 678/678 679/679
f 677/677 679/679 680/680
f 681/681 682/682 683/683
f 681/681 683/683 684/684
f 685/685 686/686 687/687
f 685/685 687/687 688/688
f 689/689 690/690 691/691
f 689/689 691/691 692/692
f 693/693 694/694 695/695
f 693/693 695/695 696/696
f 697/697 698/698 699/699
f 697/697 699/699 700/700
f 701/701 702/702 703/703
f 701/701 703/703 704/704
f 705/705 706/706 707/707
f 705/705 707/707 708/708
f 709/709 710/710 711/711
f 709/709 711/711 712/712
f 713/713 714/714 715/715
f 713/713 715/715 716/716
f 717/717 718/718 719/719
f 717/717 719/719 720/720
f 721/721 722/722 723/723
f 721/721 723/723 724/724
f 725/725 726/726 727/727
f 725/725 727/727 728/728
f 729/729 730/730 731/731
f 729/729 731/731 732/732
f 733/733 734/734 735/735
f 733/733 735/735 736/736
f 737/737 738/738 739/739
f 737/737 739/739 740/740
f 741/741 742/742 743/743
f 741/741 743/743 744/744
f 745/745 746/746 747/747
f 745/745 747/747 748/748
f 749/749 750/750 751/751
f 749/749 751/751 752/752
f 753/753 754/754 755/755
f 753/753 755/755 756/756
f 757/757 758/758 759/759
f 757/757 759/759 760/760
f 761/761 762/762 763/763
f 761/761 763/763 764/764
f 765/765 766/766 767/767
f 765/765 767/767 768/768
f 769/769 770/770 771/771
f 769/769 771/771 772/772
f 773/773 774/774 775/775
f 773/773 775/775 776/776
f 777/777 778/778 779/779
f 777/777 779/779 780/780
f 781/781 782/782 783/783
f 781/781 783/783 784/784
f 785/785 786/786 787/787
f 785/785 787/787 788/788
f 789/789 790/790 791/791
f 789/789 791/791 792/792
f 793/793 794/794 795/795
f 793/793 795/795 796/796
f 797/797 798/798 799/799
f 797/797 799/799 800/800
f 801/801 802/802 803/803
f 801/801 803/803 804/804
f 805/805 806/806 807/807
f 805/805 807/807 808/808
f 809/809 810/810 811/811
f 809/809 811/811 812/812
f 813/813 814/814 815/815
f 813/813 815/815 816/816
f 817/817 818/818 819/819
f 817/817 819/819 820/820
f 821/821 822/822 823/823
f 821/821 823/823 824/824
f 825/825 826/826 827/827
f 825/825 827/827 828/828
f 829/829 830/830 831/831
f 829/829 831/831 832/832
f 833/833 834/834 835/835
f 833/833 835/835 836/836
f 837/837 838/838 839/839
f 837/837 839/839 840/840
f 841/841 842/842 843/843
f 841/841 843/843 844/844
f 845/845 846/846 847/847
f 845/845 847/847 848/848
f 849/849 850/850 851/851
f 849/849 851/851 852/852
f 853/853 854/854 855/855
f 853/853 855/855 856/856
f 857/857 858/858 859/859
f 857/857 859/859 860/860
f 861/861 862/862 863/863
f 861/861 863/863 864/864
f 865/865 866/866 867/867
f 865/865 867/867 868/868
f 869/869 870/870 871/871
f 869/869 871/871 872/872
f 873/873 874/874 875/875
f 873/873 875/875 876/876
f 877/877 878/878 879/879
f 877/877 879/879 880/880
f 881/881 882/882 883/883
f 881/881 883/883 884/884
f 885/885 886/886 887/887
f 885/885 887/887 888/888
f 889/889 890/890 891/891
f 889/889 891/891 892/892
f 893/893 894/894 895/895
f 893/893 895/895 896/896
f 897/897 898/898 899/899
f 897/897 899/899 900/900
f 901/901 902/902 903/903
f 901/901 903/903 904/904
f 905/905 906/906 907/907
f 905/905 907/907 908/908
f 909/909 910/910 911/911
f 909/909 911/911 912/912
f 913/913 914/914 915/915
f 913/913 915/915 916/916
f 917/917 918/918 919/919
f 917/917 919/919 920/920
f 921/921 922/922 923/923
f 921/921 923/923 924/924
f 925/925 926/926 927/927
f 925/925 927/927 928/928
f 929/929 930/930 931/931
f 929/929 931/931 932/932
f 933/933 934/934 935/935
f 933/933 935/935 936/936
f 937/937 938/938 939/939
f 937/937 939/939 940/940
f 941/941 942/942 943/943
f 941/941 943/943 944/944
f 945/945 946/946 947/947
f 945/945 947/947 948/948
f 949/949 950/950 951/951
f 949/949 951/951 952/952
f 953/953 954/954 955/955
f 953/953 955/955 956/956
f 957/957 958/958 959/959
f 957/957 959/959 960/960
f 961/961 962/962 963/963
f 961/961 963/963 964/964
f 965/965 966/966 967/967
f 965/965 967/967 968/968
f 969/969 970/970 971/971
f 969/969 971/971 972/972
f 973/973 974/974 975/975
f 973/973 975/975 976/976
f 977/977 978/978 979/979
f 977/977 979/979 980/980
f 981/981 982/982 983/983
f 981/981 983/983 984/984
f 985/985 986/986 987/987
f 985/985 987/987 988/988
f 989/989 990/990 991/991
f 989/989 991/991 992/992
f 993/993 994/994 995/995
f 993/993 995/995 996/996
f 997/997 998/998 999/999
f 997/997 999/999 1000/1000
f 1001/1001 1002/1002 1003/1003
f 1001/1001 1003/1003 1004/1004
f 1005/1005 1006/1006 1007/1007
f 1005/1005 1007/1007 1008/1008
f 1009/1009 1010/1010 1011/1011
f 1009/1009 1011/1011 1012/1012
f 1013/1013 1014/1014 1015/1015
f 1013/1013 1015/1015 1016/1016
f 1017/1017 1018/1018 1019/1019
f 1017/1017 1019/1019 1020/1020
f 1021/1021 1022/1022 1023/1023
f 1021/1021 1023/1023 1024/1024
f 1025/1025 1026/1026 1027/1027
f 1025/1025 1027/1027 1028/1028
f 1029/1029 1030/1030 1031/1031
f 1029/1029 1031/1031 1032/1032
f 1033/1033 1034/1034 1035/1035
f 1033/1033 1035/1035 1036/1036
f 1037/1037 1038/1038 1039/1039
f 1037/1037 1039/1039 1040/1040
f 1041/1041 1042/1042 1043/1043
f 1041/1041 1043/1043 1044/1044
f 1045/1045 1046/1046 1047/1047
f 1045/1045 1047/1047 1048/1048
f 1049/1049 1050/1050 1051/1051
f 1049/1049 1051/1051 1052/1052
f 1053/1053 1054/1054 1055/1055
f 1053/1053 1055/1055 1056/1056
f 1057/1057 1058/1058 1059/1059
f 1057/1057 1059/1059 1060/1060
f 1061/1061 1062/1062 1063/1063
f 1061/1061 1063/1063 1064/1064
f 1065/1065 1066/1066 1067/1067
f 1065/1065 1067/1067 1068/1068
f 1069/1069 1070/1070 1071/1071
f 1069/1069 1071/1071 1072/1072
f 1073/1073 1074/1074 1075/1075
f 1073/1073 1075/1075 1076/1076
f 1077/1077 1078/1078 1079/1079
f 1077/1077 1079/1079 1080/1080
f 1081/1081 1082/1082 1083/1083
f 1081/1081 1083/1083 1084/1084
f 1085/1085 1086/1086 1087/1087
f 1085/1085 1087/1087 1088/1088
f 1089/1089 1090/1090 1091/1091
f 1089/1089 1091/1091 1092/1092
f 1093/1093 1094/1094 1095/1095
f 1093/1093 1095/1095 1096/1096
f 1097/1097 1098/1098 1099/1099
f 1097/1097 1099/1099 1100/1100
f 1101/1101 1102/1102 1103/1103
f 1101/1101 1103/1103 1104/1104
f 1105/1105 1106/1106 1107/1107
f 1105/1105 1107/1107 1108/1108
f 1109/1109 1110/1110 1111/1111
f 1109/1109 1111/1111 1112/1112
f 1113/1113 1114/1114 1115/1115
f 1113/1113 1115/1115 1116/1116
f 1117/1117 1118/1118 1119/1119
f 1117/1117 1119/1119 1120/1120
f 1121/1121 1122/1122 1123/1123
f 1121/1121 1123/1123 1124/1124
f 1125/1125 1126/1126 1127/1127
f 1125/1125 1127/1127 1128/1128
f 1129/1129 1130/1130 1131/1131
f 1129/1129 1131/1131 1132/1132
f 1133/1133 1134/1134 1135/1135
f 1133/1133 1135/1135 1136/1136
f 1137/1137 1138/1138 1139/1139
f 1137/1137 1139/1139 1140/1140
f 1141/1141 1142/1142 1143/1143
f 1141/1141 1143/1143 1144/1144
f 1145/1145 1146/1146 1147/1147
f 1145/1145 1147/1147 1148/1148
f 1149/1149 1150/1150 1151/1151
f 1149/1149 1151/1151 1152/1152
f 1153/1153 1154/1154 1155/1155
f 1153/1153 1155/1155 1156/1156
f 1157/1157 1158/1158 1159/1159
f 1157/1157 1159/1159 1160/1160
f 1161/1161 1162/1162 1163/1163
f 1161/1161 1163/1163 1164/1164
f 1165/1165 1166/1166 1167/1167
f 1165/1165 1167/1167 1168/1168
f 1169/1169 1170/1170 1171/1171
f 1169/1169 1171/1171 1172/1172
f 1173/1173 1174/1174 1175/1175
f 1173/1173 1175/1175 1176/1176
f 1177/1177 1178/1178 1179/1179
f 1177/1177 1179/1179 1180/1180
f 1181/1181 1182/1182 1183/1183
f 1181/1181 1183/1183 1184/1184
f 1185/1185 1186/1186 1187/1187
f 1185/1185 1187/1187 1188/1188
f 1189/1189 1190/1190 1191/1191
f 1189/1189 1191/1191 1192/1192
f 1193/1193 1194/1194 1195/1195
f 1193/1193 1195/1195 1196/1196
f 1197/1197 1198/1198 1199/1199
f 1197/1197 1199/1199 1200/1200
f 1201/1201 1202/1202 1203/1203
f 1201/1201 1203/1203 1204/1204
f 1205/1205 1206/1206 1207/1207
f 1205/1205 1207/1207 1208/1208
f 1209/1209 1210/1210 1211/1211
f 1209/1209 1211/1211 1212/1212
f 1213/1213 1214/1214 1215/1215
f 1213/1213 1215/1215 1216/1216
f 1217/1217 1218/1218 1219/1219
f 1217/1217 1219/1219 1220/1220
f 1221/1221 1222/1222 1223/1223
f 1221/1221 1223/1223 1224/1224
f 1225/1225 1226/1226 1227/1227
f 1225/1225 1227/1227 1228/1228
f 1229/1229 1230/1230 1231/1231
f 1229/1229 1231/1231 1232/1232
f 1233/1233 1234/1234 1235/1235
f 1233/1233 1235/1235 1236/1236
f 1237/1237 1238/1238 1239/1239
f 1237/1237 1239/1239 1240/1240
f 1241/1241 1242/1242 1243/1243
f 1241/1241 1243/1243 1244/1244
f 1245/1245 1246/1246 1247/1247
f 1245/1245 1247/1247 1248/1248
f 1249/1249 1250/1250 1251/1251
f 1249/1249 1251/1251 1252/1252
f 1253/1253 1254/1254 1255/1255
f 1253/1253 1255/1255 1256/1256
f 1257/1257 1258/1258 1259/1259
f 1257/1257 1259/1259 1260/1260
f 1261/1261 1262/1262 1263/1263
f 1261/1261 1263/1263 1264/1264
f 1265/1265 1266/1266 1267/1267
f 1265/1265 1267/1267 1268/1268
f 1269/1269 1270/1270 1271/1271
f 1269/1269 1271/1271 1272/1272
f 1273/1273 1274/1274 1275/1275
f 1273/1273 1275/1275 1276/1276
f 1277/1277 1278/1278 1279/1279
f 1277/1277 1279/1279 1280/1280
f 1281/1281 1282/1282 1283/1283
f 1281/1281 1283/1283 1284/1284
f 1285/1285 1286/1286 1287/1287
f 1285/1285 1287/1287 1288/1288
f 1289/1289 1290/1290 1291/1291
f 1289/1289 1291/1291 1292/1292
f 1293/1293 1294/1294 1295/1295
f 1293/1293 1295/1295 1296/1296
f 1297/1297 1298/1298 1299/1299
f 1297/1297 1299/1299 1300/1300
f 1301/1301 1302/1302 1303/1303
f 1301/1301 1303/1303 1304/1304
f 1305/1305 1306/1306 1307/1307
f 1305/1305 1307/1307 1308/1308
f 1309/1309 1310/1310 1311/1311
f 1309/1309 1311/1311 1312/1312
f 1313/1313 1314/1314 1315/1315
f 1313/1313 1315/1315 1316/1316
f 1317/1317 1318/1318 1319/1319
f 1317/1317 1319/1319 1320/1320
f 1321/1321 1322/1322 1323/1323
f 1321/1321 1323/1323 1324/1324
f 1325/1325 1326/1326 1327/1327
f 1325/1325 1327/1327 1328/1328
f 1329/1329 1330/1330 1331/1331
f 1329/1329 1331/1331 1332/1332
f 1333/1333 1334/1334 1335/1335
f 1333/1333 1335/1335 1336/1336
f 1337/1337 1338/1338 1339/1339
f 1337/1337 1339/1339 1340/1340
f 1341/1341 1342/1342 1343/1343
f 1341/1341 1343/1343 1344/1344
f 1345/1345 1346/1346 1347/1347
f 1345/1345 1347/1347 1348/1348
f 1349/1349 1350/1350 1351/1351
f 1349/1349 1351/1351 1352/1352
f 1353/1353 1354/1354 1355/1355
f 1353/1353 1355/1355 1356/1356
f 1357/1357 1358/1358 1359/1359
f 1357/1357 1359/1359 1360/1360
f 1361/1361 1362/1362 1363/1363
f 1361/1361 1363/1363 1364/1364
f 1365/1365 1366/1366 1367/1367
f 1365/1365 1367/1367 1368/1368
f 1369/1369 1370/1370 1371/1371
f 1369/1369 1371/1371 1372/1372
f 1373/1373 1374/1374 1375/1375
f 1373/1373 1375/1375 1376/1376
f 1377/1377 1378/1378 1379/1379
f 1377/1377 1379/1379 1380/1380
f 1381/1381 1382/1382 1383/1383
f 1381/1381 1383/1383 1384/1384
f 1385/1385 1386/1386 1387/1387
f 1385/1385 1387/1387 1388/1388
f 1389/1389 1390/1390 1391/1391
f 1389/1389 1391/1391 1392/1392
f 1393/1393 1394/1394 1395/1395
f 1393/1393 1395/1395 1396/1396
f 1397/1397 1398/1398 1399/1399
f 1397/1397 1399/1399 1400/1400
f 1401/1401 1402/1402 1403/1403
f 1401/1401 1403/1403 1404/1404
f 1405/1405 1406/1406 1407/1407
f 1405/1405 1407/1407 1408/1408
f 1409/1409 1410/1410 1411/1411
f 1409/1409 1411/1411 1412/1412
f 1413/1413 1414/1414 1415/1415
f 1413/1413 1415/1415 1416/1416
f 1417/1417 1418/1418 1419/1419
f 1417/1417 1419/1419 1420/1420
f 1421/1421 1422/1422 1423/1423
f 1421/1421 1423/1423 1424/1424
f 1425/1425 1426/1426 1427/1427
f 1425/1425 1427/1427 1428/1428
f 1429/1429 1430/1430 1431/1431
f 1429/1429 1431/1431 1432/1432
f 1433/1433 1434/1434 1435/1435
f 1433/1433 1435/1435 1436/1436
f 1437/1437 1438/1438 1439/1439
f 1437/1437 1439/1439 1440/1440
f 1441/1441 1442/1442 1443/1443
f 1441/1441 1443/1443 1444/1444
f 1445/1445 1446/1446 1447/1447
f 1445/1445 1447/1447 1448/1448
f 1449/1449 1450/1450 1451/1451
f 1449/1449 1451/1451 1452/1452
f 1453/1453 1454/1454 1455/1455
f 1453/1453 1455/1455 1456/1456
f 1457/1457 1458/1458 1459/1459
f 1457/1457 1459/1459 1460/1460
f 1461/1461 1462/1462 1463/1463
f 1461/1461 1463/1463 1464/1464
f 1465/1465 1466/1466 1467/1467
f 1465/1465 1467/1467 1468/1468
f 1469/1469 1470/1470 1471/1471
f 1469/1469 1471/1471 1472/1472
f 1473/1473 1474/1474 1475/1475
f 1473/1473 1475/1475 1476/1476
f 1477/1477 1478/1478 1479/1479
f 1477/1477 1479/1479 1480/1480
f 1481/1481 1482/1482 1483/1483
f 1481/1481 1483/1483 1484/1484
f 1485/1485 1486/1486 1487/1487
f 1485/1485 1487/1487 1488/1488
f 1489/1489 1490/1490 1491/1491
f 1489/1489 1491/1491 1492/1492
f 1493/1493 1494/1494 1495/1495
f 1493/1493 1495/1495 1496/1496
f 1497/1497 1498/1498 1499/1499
f 1497/1497 1499/1499 1500/1500
f 1501/1501 1502/1502 1503/1503
f 1501/1501 1503/1503 1504/1504
f 1505/1505 1506/1506 1507/1507
f 1505/1505 1507/1507 1508/1508
f 1509/1509 1510/1510 1511/1511
f 1509/1509 1511/1511 1512/1512
f 1513/1513 1514/1514 1515/1515
f 1513/1513 1515/1515 1516/1516
f 1517/1517 1518/1518 1519/1519
f 1517/1517 1519/1519 1520/1520
f 1521/1521 1522/1522 1523/1523
f 1521/1521 1523/1523 1524/1524
f 1525/1525 1526/1526 1527/1527
f 1525/1525 1527/1527 1528/1528
f 1529/1529 1530/1530 1531/1531
f 1529/1529 1531/1531 1532/1532
f 1533/1533 1534/1534 1535/1535
f 1533/1533 1535/1535 1536/1536
f 1537/1537 1538/1538 1539/1539
f 1537/1537 1539/1539 1540/1540
f 1541/1541 1542/1542 1543/1543
f 1541/1541 1543/1543 1544/1544
f 1545/1545 1546/1546 1547/1547
f 1545/1545 1547/1547 1548/1548
f 1549/1549 1550/1550 1551/1551
f 1549/1549 1551/1551 1552/1552
f 1553/1553 1554/1554 1555/1555
f 1553/1553 1555/1555 1556/1556
f 1557/1557 1558/1558 1559/1559
f 1557/1557 1559/1559 1560/1560
f 1561/1561 1562/1562 1563/1563
f 1561/1561 1563/1563 1564/1564
f 1565/1565 1566/1566 1567/1567
f 1565/1565 1567/1567 1568/1568
f 1569/1569 1570/1570 1571/1571
f 1569/1569 1571/1571 1572/1572
f 1573/1573 1574/1574 1575/1575
f 1573/1573 1575/1575 1576/1576
f 1577/1577 1578/1578 1579/1579
f 1577/1577 1579/1579 1580/1580
f 1581/1581 1582/1582 1583/1583
f 1581/1581 1583/1583 1584/1584
f 1585/1585 1586/1586 1587/1587
f 1585/1585 1587/1587 1588/1588
f 1589/1589 1590/1590 1591/1591
f 1589/1589 1591/1591 1592/1592
f 1593/1593 1594/1594 1595/1595
f 1593/1593 1595/1595 1596/1596
f 1597/1597 1598/1598 1599/1599
f 1597/1597 1599/1599 1600/1600
f 1601/1601 1602/1602 1603/1603
f 1601/1601 1603/1603 1604/1604
f 1605/1605 1606/1606 1607/1607
f 1605/1605 1607/1607 1608/1608
f 1609/1609 1610/1610 1611/1611
f 1609/1609 1611/1611 1612/1612
f 1613/1613 1614/1614 1615/1615
f 1613/1613 1615/1615 1616/1616
f 1617/1617 1618/1618 1619/1619
f 1617/1617 1619/1619 1620/1620
f 1621/1621 1622/1622 1623/1623
f 1621/1621 1623/1623 1624/1624
f 1625/1625 1626/1626 1627/1627
f 1625/1625 1627/1627 1628/1628
f 1629/1629 1630/1630 1631/1631
f 1629/1629 1631/1631 1632/1632
f 1633/1633 1634/1634 1635/1635
f 1633/1633 1635/1635 1636/1636
f 1637/1637 1638/1638 1639/1639
f 1637/1637 1639/1639 1640/1640
f 1641/1641 1642/1642 1643/1643
f 1641/1641 1643/1643 1644/1644
f 1645/1645 1646/1646 1647/1647
f 1645/1645 1647/1647 1648/1648
f 1649/1649 1650/1650 1651/1651
f 1649/1649 1651/1651 1652/1652
f 1653/1653 1654/1654 1655/1655
f 1653/1653 1655/1655 1656/1656
f 1657/1657 1658/1658 1659/1659
f 1657/1657 1659/1659 1660/1660
f 1661/1661 1662/1662 1663/1663
f 1661/1661 1663/1663 1664/1664
f 1665/1665 1666/1666 1667/1667
f 1665/1665 1667/1667 1668/1668
f 1669/1669 1670/1670 1671/1671
f 1669/1669 1671/1671 1672/1672
f 1673/1673 1674/1674 1675/1675
f 1673/1673 1675/1675 1676/1676
f 1677/1677 1678/1678 1679/1679
f 1677/1677 1679/1679 1680/1680
f 1681/1681 1682/1682 1683/1683
f 1681/1681 1683/1683 1684/1684
f 1685/1685 1686/1686 1687/1687
f 1685/1685 1687/1687 1688/1688
f 1689/1689 1690/1690 1691/1691
f 1689/1689 1691/1691 1692/1692
f 1693/1693 1694/1694 1695/1695
f 1693/1693 1695/1695 1696/1696
f 1697/1697 1698/1698 1699/1699
f 1697/1697 1699/1699 1700/1700
f 1701/1701 1702/1702 1703/1703
f 1701/1701 1703/1703 1704/1704
f 1705/1705 1706/1706 1707/1707
f 1705/1705 1707/1707 1708/1708
f 1709/1709 1710/1710 1711/1711
f 1709/1709 1711/1711 1712/1712
f 1713/1713 1714/1714 1715/1715
f 1713/1713 1715/1715 1716/1716
f 1717/1717 1718/1718 1719/1719
f 1717/1717 1719/1719 1720/1720
f 1721/1721 1722/1722 1723/1723
f 1721/1721 1723/1723 1724/1724
f 1725/1725 1726/1726 1727/1727
f 1725/1725 1727/1727 1728/1728
f 1729/1729 1730/1730 1731/1731
f 1729/1729 1731/1731 1732/1732
f 1733/1733 1734/1734 1735/1735
f 1733/1733 1735/1735 1736/1736
f 1737/1737 1738/1738 1739/1739
f 1737/1737 1739/1739 1740/1740
f 1741/1741 1742/1742 1743/1743
f 1741/1741 1743/1743 1744/1744
f 1745/1745 1746/1746 1747/1747
f 1745/1745 1747/1747 1748/1748
f 1749/1749 1750/1750 1751/1751
f 1749/1749 1751/1751 1752/1752
f 1753/1753 1754/1754 1755/1755
f 1753/1753 1755/1755 1756/1756
f 1757/1757 1758/1758 1759/1759
f 1757/1757 1759/1759 1760/1760
f 1761/1761 1762/1762 1763/1763
f 1761/1761 1763/1763 1764/1764
f 1765/1765 1766/1766 1767/1767
f 1765/1765 1767/1767 1768/1768
f 1769/1769 1770/1770 1771/1771
f 1769/1769 1771/1771 1772/1772
f 1773/1773 1774/1774 1775/1775
f 1773/1773 1775/1775 1776/1776
f 1777/1777 1778/1778 1779/1779
f 1777/1777 1779/1779 1780/1780
f 1781/1781 1782/1782 1783/1783
f 1781/1781 1783/1783 1784/1784
f 1785/1785 1786/1786 1787/1787
f 1785/1785 1787/1787 1788/1788
f 1789/1789 1790/1790 1791/1791
f 1789/1789 1791/1791 1792/1792
f 1793/1793 1794/1794 1795/1795
f 1793/1793 1795/1795 1796/1796
f 1797/1797 1798/1798 1799/1799
f 1797/1797 1799/1799 1800/1800
f 1801/1801 1802/1802 1803/1803
f 1801/1801 1803/1803 1804/1804
f 1805/1805 1806/1806 1807/1807
f 1805/1805 1807/1807 1808/1808
f 1809/1809 1810/1810 1811/1811
f 1809/1809 1811/1811 1812/1812
f 1813/1813 1814/1814 1815/1815
f 1813/1813 1815/1815 1816/1816
f 1817/1817 1818/1818 1819/1819
f 1817/1817 1819/1819 1820/1820
f 1821/1821 1822/1822 1823/1823
f 1821/1821 1823/1823 1824/1824
f 1825/1825 1826/1826 1827/1827
f 1825/1825 1827/1827 1828/1828
f 1829/1829 1830/1830 1831/1831
f 1829/1829 1831/1831 1832/1832
f 1833/1833 1834/1834 1835/1835
f 1833/1833 1835/1835 1836/1836
f 1837/1837 1838/1838 1839/1839
f 1837/1837 1839/1839 1840/1840
f 1841/1841 1842/1842 1843/1843
f 1841/1841 1843/1843 1844/1844
f 1845/1845 1846/1846 1847/1847
f 1845/1845 1847/1847 1848/1848
f 1849/1849 1850/1850 1851/1851
f 1849/1849 1851/1851 1852/1852
f 1853/1853 1854/1854 1855/1855
f 1853/1853 1855/1855 1856/1856
f 1857/1857 1858/1858 1859/1859
f 1857/1857 1859/1859 1860/1860
f 1861/1861 1862/1862 1863/1863
f 1861/1861 1863/1863 1864/1864
f 1865/1865 1866/1866 1867/1867
f 1865/1865 1867/1867 1868/1868
f 1869/1869 1870/1870 1871/1871
f 1869/1869 1871/1871 1872/1872
f 1873/1873 1874/1874 1875/1875
f 1873/1873 1875/1875 1876/1876
f 1877/1877 1878/1878 1879/1879
f 1877/1877 1879/1879 1880/1880
f 1881/1881 1882/1882 1883/1883
f 1881/1881 1883/1883 1884/1884
f 1885/1885 1886/1886 1887/1887
f 1885/1885 1887/1887 1888/1888
f 1889/1889 1890/1890 1891/1891
f 1889/1889 1891/1891 1892/1892
f 1893/1893 1894/1894 1895/1895
f 1893/1893 1895/1895 1896/1896
f 1897/1897 1898/1898 1899/1899
f 1897/1897 1899/1899 1900/1900
f 1901/1901 1902/1902 1903/1903
f 1901/1901 1903/1903 1904/1904
f 1905/1905 1906/1906 1907/1907
f 1905/1905 1907/1907 1908/1908
f 1909/1909 1910/1910 1911/1911
f 1909/1909 1911/1911 1912/1912
f 1913/1913 1914/1914 1915/1915
f 1913/1913 1915/1915 1916/1916
f 1917/1917 1918/1918 1919/1919
f 1917/1917 1919/1919 1920/1920
f 1921/1921 1922/1922 1923/1923
f 1921/1921 1923/1923 1924/1924
f 1925/1925 1926/1926 1927/1927
f 1925/1925 1927/1927 1928/1928
f 1929/1929 1930/1930 1931/1931
f 1929/1929 1931/1931 1932/1932
f 1933/1933 1934/1934 1935/1935
f 1933/1933 1935/1935 1936/1936
f 1937/1937 1938/1938 1939/1939
f 1937/1937 1939/1939 1940/1940
f 1941/1941 1942/1942 1943/1943
f 1941/1941 1943/1943 1944/1944
f 1945/1945 1946/1946 1947/1947
f 1945/1945 1947/1947 1948/1948
f 1949/1949 1950/1950 1951/1951
f 1949/1949 1951/1951 1952/1952
f 1953/1953 1954/1954 1955/1955
f 1953/1953 1955/1955 1956/1956
f 1957/1957 1958/1958 1959/1959
f 1957/1957 1959/1959 1960/1960
f 1961/1961 1962/1962 1963/1963
f 1961/1961 1963/1963 1964/1964
f 1965/1965 1966/1966 1967/1967
f 1965/1965 1967/1967 1968/1968
f 1969/1969 1970/1970 1971/1971
f 1969/1969 1971/1971 1972/1972
f 1973/1973 1974/1974 1975/1975
f 1973/1973 1975/1975 1976/1976
f 1977/1977 1978/1978 1979/1979
f 1977/1977 1979/1979 1980/1980
f 1981/1981 1982/1982 1983/1983
f 1981/1981 1983/1983 1984/1984
f 1985/1985 1986/1986 1987/1987
f 1985/1985 1987/1987 1988/1988
f 1989/1989 1990/1990 1991/1991
f 1989/1989 1991/1991 1992/1992
f 1993/1993 1994/1994 1995/1995
f 1993/1993 1995/1995 1996/1996
f 1997/1997 1998/1998 1999/1999
f 1997/1997 1999/1999 2000/2000
f 2001/2001 2002/2002 2003/2003
f 2001/2001 2003/2003 2004/2004
f 2005/2005 2006/2006 2007/2007
f 2005/2005 2007/2007 2008/2008
f 2009/2009 2010/2010 2011/2011
f 2009/2009 2011/2011 2012/2012
f 2013/2013 2014/2014 2015/2015
f 2013/2013 2015/2015 2016/2016
f 2017/2017 2018/2018 2019/2019
f 2017/2017 2019/2019 2020/2020
f 2021/2021 2022/2022 2023/2023
f 2021/2021 2023/2023 2024/2024
f 2025/2025 2026/2026 2027/2027
f 2025/2025 2027/2027 2028/2028
f 2029/2029 2030/2030 2031/2031
f 2029/2029 2031/2031 2032/2032
f 2033/2033 2034/2034 2035/2035
f 2033/2033 2035/2035 2036/2036
f 2037/2037 2038/2038 2039/2039
f 2037/2037 2039/2039 2040/2040
f 2041/2041 2042/2042 2043/2043
f 2041/2041 2043/2043 2044/2044
f 2045/2045 2046/2046 2047/2047
f 2045/2045 2047/2047 2048/2048
f 2049/2049 2050/2050 2051/2051
f 2049/2049 2051/2051 2052/2052
f 2053/2053 2054/2054 2055/2055
f 2053/2053 2055/2055 2056/2056
f 2057/2057 2058/2058 2059/2059
f 2057/2057 2059/2059 2060/2060
f 2061/2061 2062/2062 2063/2063
f 2061/2061 2063/2063 2064/2064
f 2065/2065 2066/2066 2067/2067
f 2065/2065 2067/2067 2068/2068
f 2069/2069 2070/2070 2071/2071
f 2069/2069 2071/2071 2072/2072
f 2073/2073 2074/2074 2075/2075
f 2073/2073 2075/2075 2076/2076
f 2077/2077 2078/2078 2079/2079
f 2077/2077 2079/2079 2080/2080
f 2081/2081 2082/2082 2083/2083
f 2081/2081 2083/2083 2084/2084
f 2085/2085 2086/2086 2087/2087
f 2085/2085 2087/2087 2088/2088
f 2089/2089 2090/2090 2091/2091
f 2089/2089 2091/2091 2092/2092
f 2093/2093 2094/2094 2095/2095
f 2093/2093 2095/2095 2096/2096
f 2097/2097 2098/2098 2099/2099
f 2097/2097 2099/2099 2100/2100
f 2101/2101 2102/2102 2103/2103
f 2101/2101 2103/2103 2104/2104
f 2105/2105 2106/2106 2107/2107
f 2105/2105 2107/2107 2108/2108
f 2109/2109 2110/2110 2111/2111
f 2109/2109 2111/2111 2112/2112
f 2113/2113 2114/2114 2115/2115
f 2113/2113 2115/2115 2116/2116
f 2117/2117 2118/2118 2119/2119
f 2117/2117 2119/2119 2120/2120
f 2121/2121 2122/2122 2123/2123
f 2121/2121 2123/2123 2124/2124
f 2125/2125 2126/2126 2127/2127
f 2125/2125 2127/2127 2128/2128
f 2129/2129 2130/2130 2131/2131
f 2129/2129 2131/2131 2132/2132
f 2133/2133 2134/2134 2135/2135
f 2133/2133 2135/2135 2136/2136
f 2137/2137 2138/2138 2139/2139
f 2137/2137 2139/2139 2140/2140
f 2141/2141 2142/2142 2143/2143
f 2141/2141 2143/2143 2144/2144
f 2145/2145 2146/2146 2147/2147
f 2145/2145 2147/2147 2148/2148
f 2149/2149 2150/2150 2151/2151
f 2149/2149 2151/2151 2152/2152
f 2153/2153 2154/2154 2155/2155
f 2153/2153 2155/2155 2156/2156
f 2157/2157 2158/2158 2159/2159
f 2157/2157 2159/2159 2160/2160
usemtl Char
f 2161/2161 2162/2162 2163/2163
f 2161/2161 2163/2163 2164/2164
f 2165/2165 2166/2166 2167/2167
f 2165/2165 2167/2167 2168/2168
f 2169/2169 2170/2170 2171/2171
f 2169/2169 2171/2171 2172/2172
f 2173/2173 2174/2174 2175/2175
f 2173/2173 2175/2175 2176/2176
f 2177/2177 2178/2178 2179/2179
f 2177/2177 2179/2179 2180/2180
f 2181/2181 2182/2182 2183/2183
f 2181/2181 2183/2183 2184/2184
f 2185/2185 2186/2186 2187/2187
f 2185/2185 2187/2187 2188/2188
f 2189/2189 2190/2190 2191/2191
f 2189/2189 2191/2191 2192/2192
f 2193/2193 2194/2194 2195/2195
f 2193/2193 2195/2195 2196/2196
f 2197/2197 2198/2198 2199/2199
f 2197/2197 2199/2199 2200/2200
f 2201/2201 2203/2203 2202/2202
f 2201/2201 2205/2205 2204/2204
f 2201/2201 2207/2207 2206/2206
f 2201/2201 2209/2209 2208/2208
f 2201/2201 2211/2211 2210/2210
f 2201/2201 2213/2213 2212/2212
f 2201/2201 2215/2215 2214/2214
f 2201/2201 2217/2217 2216/2216
f 2201/2201 2219/2219 2218/2218
f 2201/2201 2221/2221 2220/2220
f 2222/2222 2223/2223 2224/2224
f 2222/2222 2225/2225 2226/2226
f 2222/2222 2227/2227 2228/2228
f 2222/2222 2229/2229 2230/2230
f 2222/2222 2231/2231 2232/2232
f 2222/2222 2233/2233 2234/2234
f 2222/2222 2235/2235 2236/2236
f 2222/2222 2237/2237 2238/2238
f 2222/2222 2239/2239 2240/2240
f 2222/2222 2241/2241 2242/2242
f 2243/2243 2244/2244 2245/2245
f 2243/2243 2245/2245 2246/2246
f 2247/2247 2248/2248 2249/2249
f 2247/2247 2249/2249 2250/2250
f 2251/2251 2252/2252 2253/2253
f 2251/2251 2253/2253 2254/2254
f 2255/2255 2256/2256 2257/2257
f 2255/2255 2257/2257 2258/2258
f 2259/2259 2260/2260 2261/2261
f 2259/2259 2261/2261 2262/2262
f 2263/2263 2264/2264 2265/2265
f 2263/2263 2265/2265 2266/2266
f 2267/2267 2268/2268 2269/2269
f 2267/2267 2269/2269 2270/2270
f 2271/2271 2272/2272 2273/2273
f 2271/2271 2273/2273 2274/2274
f 2275/2275 2276/2276 2277/2277
f 2275/2275 2277/2277 2278/2278
f 2279/2279 2280/2280 2281/2281
f 2279/2279 2281/2281 2282/2282
f 2283/2283 2285/2285 2284/2284
f 2283/2283 2287/2287 2286/2286
f 2283/2283 2289/2289 2288/2288
f 2283/2283 2291/2291 2290/2290
f 2283/2283 2293/2293 2292/2292
f 2283/2283 2295/2295 2294/2294
f 2283/2283 2297/2297 2296/2296
f 2283/2283 2299/2299 2298/2298
f 2283/2283 2301/2301 2300/2300
f 2283/2283 2303/2303 2302/2302
f 2304/2304 2305/2305 2306/2306
f 2304/2304 2307/2307 2308/2308
f 2304/2304 2309/2309 2310/2310
f 2304/2304 2311/2311 2312/2312
f 2304/2304 2313/2313 2314/2314
f 2304/2304 2315/2315 2316/2316
f 2304/2304 2317/2317 2318/2318
f 2304/2304 2319/2319 2320/2320
f 2304/2304 2321/2321 2322/2322
f 2304/2304 2323/2323 2324/2324
f 2325/2325 2326/2326 2327/2327
f 2325/2325 2327/2327 2328/2328
f 2329/2329 2330/2330 2331/2331
f 2329/2329 2331/2331 2332/2332
f 2333/2333 2334/2334 2335/2335
f 2333/2333 2335/2335 2336/2336
f 2337/2337 2338/2338 2339/2339
f 2337/2337 2339/2339 2340/2340
f 2341/2341 2342/2342 2343/2343
f 2341/2341 2343/2343 2344/2344
f 2345/2345 2346/2346 2347/2347
f 2345/2345 2347/2347 2348/2348
f 2349/2349 2350/2350 2351/2351
f 2349/2349 2351/2351 2352/2352
f 2353/2353 2354/2354 2355/2355
f 2353/2353 2355/2355 2356/2356
f 2357/2357 2358/2358 2359/2359
f 2357/2357 2359/2359 2360/2360
f 2361/2361 2362/2362 2363/2363
f 2361/2361 2363/2363 2364/2364
f 2365/2365 2367/2367 2366/2366
f 2365/2365 2369/2369 2368/2368
f 2365/2365 2371/2371 2370/2370
f 2365/2365 2373/2373 2372/2372
f 2365/2365 2375/2375 2374/2374
f 2365/2365 2377/2377 2376/2376
f 2365/2365 2379/2379 2378/2378
f 2365/2365 2381/2381 2380/2380
f 2365/2365 2383/2383 2382/2382
f 2365/2365 2385/2385 2384/2384
f 2386/2386 2387/2387 2388/2388
f 2386/2386 2389/2389 2390/2390
f 2386/2386 2391/2391 2392/2392
f 2386/2386 2393/2393 2394/2394
f 2386/2386 2395/2395 2396/2396
f 2386/2386 2397/2397 2398/2398
f 2386/2386 2399/2399 2400/2400
f 2386/2386 2401/2401 2402/2402
f 2386/2386 2403/2403 2404/2404
f 2386/2386 2405/2405 2406/2406
f 2407/2407 2408/2408 2409/2409
f 2407/2407 2409/2409 2410/2410
f 2411/2411 2412/2412 2413/2413
f 2411/2411 2413/2413 2414/2414
f 2415/2415 2416/2416 2417/2417
f 2415/2415 2417/2417 2418/2418
f 2419/2419 2420/2420 2421/2421
f 2419/2419 2421/2421 2422/2422
f 2423/2423 2424/2424 2425/2425
f 2423/2423 2425/2425 2426/2426
f 2427/2427 2428/2428 2429/2429
f 2427/2427 2429/2429 2430/2430
f 2431/2431 2432/2432 2433/2433
f 2431/2431 2433/2433 2434/2434
f 2435/2435 2436/2436 2437/2437
f 2435/2435 2437/2437 2438/2438
f 2439/2439 2440/2440 2441/2441
f 2439/2439 2441/2441 2442/2442
f 2443/2443 2444/2444 2445/2445
f 2443/2443 2445/2445 2446/2446
f 2447/2447 2449/2449 2448/2448
f 2447/2447 2451/2451 2450/2450
f 2447/2447 2453/2453 2452/2452
f 2447/2447 2455/2455 2454/2454
f 2447/2447 2457/2457 2456/2456
f 2447/2447 2459/2459 2458/2458
f 2447/2447 2461/2461 2460/2460
f 2447/2447 2463/2463 2462/2462
f 2447/2447 2465/2465 2464/2464
f 2447/2447 2467/2467 2466/2466
f 2468/2468 2469/2469 2470/2470
f 2468/2468 2471/2471 2472/2472
f 2468/2468 2473/2473 2474/2474
f 2468/2468 2475/2475 2476/2476
f 2468/2468 2477/2477 2478/2478
f 2468/2468 2479/2479 2480/2480
f 2468/2468 2481/2481 2482/2482
f 2468/2468 2483/2483 2484/2484
f 2468/2468 2485/2485 2486/2486
f 2468/2468 2487/2487 2488/2488
f 2489/2489 2490/2490 2491/2491
f 2489/2489 2491/2491 2492/2492
f 2493/2493 2494/2494 2495/2495
f 2493/2493 2495/2495 2496/2496
f 2497/2497 2498/2498 2499/2499
f 2497/2497 2499/2499 2500/2500
f 2501/2501 2502/2502 2503/2503
f 2501/2501 2503/2503 2504/2504
f 2505/2505 2506/2506 2507/2507
f 2505/2505 2507/2507 2508/2508
f 2509/2509 2510/2510 2511/2511
f 2509/2509 2511/2511 2512/2512
f 2513/2513 2514/2514 2515/2515
f 2513/2513 2515/2515 2516/2516
f 2517/2517 2518/2518 2519/2519
f 2517/2517 2519/2519 2520/2520
f 2521/2521 2522/2522 2523/2523
f 2521/2521 2523/2523 2524/2524
f 2525/2525 2526/2526 2527/2527
f 2525/2525 2527/2527 2528/2528
f 2529/2529 2531/2531 2530/2530
f 2529/2529 2533/2533 2532/2532
f 2529/2529 2535/2535 2534/2534
f 2529/2529 2537/2537 2536/2536
f 2529/2529 2539/2539 2538/2538
f 2529/2529 2541/2541 2540/2540
f 2529/2529 2543/2543 2542/2542
f 2529/2529 2545/2545 2544/2544
f 2529/2529 2547/2547 2546/2546
f 2529/2529 2549/2549 2548/2548
f 2550/2550 2551/2551 2552/2552
f 2550/2550 2553/2553 2554/2554
f 2550/2550 2555/2555 2556/2556
f 2550/2550 2557/2557 2558/2558
f 2550/2550 2559/2559 2560/2560
f 2550/2550 2561/2561 2562/2562
f 2550/2550 2563/2563 2564/2564
f 2550/2550 2565/2565 2566/2566
f 2550/2550 2567/2567 2568/2568
f 2550/2550 2569/2569 2570/2570
f 2571/2571 2572/2572 2573/2573
f 2571/2571 2573/2573 2574/2574
f 2575/2575 2576/2576 2577/2577
f 2575/2575 2577/2577 2578/2578
f 2579/2579 2580/2580 2581/2581
f 2579/2579 2581/2581 2582/2582
f 2583/2583 2584/2584 2585/2585
f 2583/2583 2585/2585 2586/2586
f 2587/2587 2588/2588 2589/2589
f 2587/2587 2589/2589 2590/2590
f 2591/2591 2592/2592 2593/2593
f 2591/2591 2593/2593 2594/2594
f 2595/2595 2596/2596 2597/2597
f 2595/2595 2597/2597 2598/2598
f 2599/2599 2600/2600 2601/2601
f 2599/2599 2601/2601 2602/2602
f 2603/2603 2604/2604 2605/2605
f 2603/2603 2605/2605 2606/2606
f 2607/2607 2608/2608 2609/2609
f 2607/2607 2609/2609 2610/2610
f 2611/2611 2613/2613 2612/2612
f 2611/2611 2615/2615 2614/2614
f 2611/2611 2617/2617 2616/2616
f 2611/2611 2619/2619 2618/2618
f 2611/2611 2621/2621 2620/2620
f 2611/2611 2623/2623 2622/2622
f 2611/2611 2625/2625 2624/2624
f 2611/2611 2627/2627 2626/2626
f 2611/2611 2629/2629 2628/2628
f 2611/2611 2631/2631 2630/2630
f 2632/2632 2633/2633 2634/2634
f 2632/2632 2635/2635 2636/2636
f 2632/2632 2637/2637 2638/2638
f 2632/2632 2639/2639 2640/2640
f 2632/2632 2641/2641 2642/2642
f 2632/2632 2643/2643 2644/2644
f 2632/2632 2645/2645 2646/2646
f 2632/2632 2647/2647 2648/2648
f 2632/2632 2649/2649 2650/2650
f 2632/2632 2651/2651 2652/2652
f 2653/2653 2654/2654 2655/2655
f 2653/2653 2655/2655 2656/2656
f 2657/2657 2658/2658 2659/2659
f 2657/2657 2659/2659 2660/2660
f 2661/2661 2662/2662 2663/2663
f 2661/2661 2663/2663 2664/2664
f 2665/2665 2666/2666 2667/2667
f 2665/2665 2667/2667 2668/2668
f 2669/2669 2670/2670 2671/2671
f 2669/2669 2671/2671 2672/2672
f 2673/2673 2674/2674 2675/2675
f 2673/2673 2675/2675 2676/2676
f 2677/2677 2678/2678 2679/2679
f 2677/2677 2679/2679 2680/2680
f 2681/2681 2682/2682 2683/2683
f 2681/2681 2683/2683 2684/2684
f 2685/2685 2686/2686 2687/2687
f 2685/2685 2687/2687 2688/2688
f 2689/2689 2690/2690 2691/2691
f 2689/2689 2691/2691 2692/2692
f 2693/2693 2695/2695 2694/2694
f 2693/2693 2697/2697 2696/2696
f 2693/2693 2699/2699 2698/2698
f 2693/2693 2701/2701 2700/2700
f 2693/2693 2703/2703 2702/2702
f 2693/2693 2705/2705 2704/2704
f 2693/2693 2707/2707 2706/2706
f 2693/2693 2709/2709 2708/2708
f 2693/2693 2711/2711 2710/2710
f 2693/2693 2713/2713 2712/2712
f 2714/2714 2715/2715 2716/2716
f 2714/2714 2717/2717 2718/2718
f 2714/2714 2719/2719 2720/2720
f 2714/2714 2721/2721 2722/2722
f 2714/2714 2723/2723 2724/2724
f 2714/2714 2725/2725 2726/2726
f 2714/2714 2727/2727 2728/2728
f 2714/2714 2729/2729 2730/2730
f 2714/2714 2731/2731 2732/2732
f 2714/2714 2733/2733 2734/2734
f 2735/2735 2736/2736 2737/2737
f 2735/2735 2737/2737 2738/2738
f 2739/2739 2740/2740 2741/2741
f 2739/2739 2741/2741 2742/2742
f 2743/2743 2744/2744 2745/2745
f 2743/2743 2745/2745 2746/2746
f 2747/2747 2748/2748 2749/2749
f 2747/2747 2749/2749 2750/2750
f 2751/2751 2752/2752 2753/2753
f 2751/2751 2753/2753 2754/2754
f 2755/2755 2756/2756 2757/2757
f 2755/2755 2757/2757 2758/2758
f 2759/2759 2760/2760 2761/2761
f 2759/2759 2761/2761 2762/2762
f 2763/2763 2764/2764 2765/2765
f 2763/2763 2765/2765 2766/2766
f 2767/2767 2768/2768 2769/2769
f 2767/2767 2769/2769 2770/2770
f 2771/2771 2772/2772 2773/2773
f 2771/2771 2773/2773 2774/2774
f 2775/2775 2777/2777 2776/2776
f 2775/2775 2779/2779 2778/2778
f 2775/2775 2781/2781 2780/2780
f 2775/2775 2783/2783 2782/2782
f 2775/2775 2785/2785 2784/2784
f 2775/2775 2787/2787 2786/2786
f 2775/2775 2789/2789 2788/2788
f 2775/2775 2791/2791 2790/2790
f 2775/2775 2793/2793 2792/2792
f 2775/2775 2795/2795 2794/2794
f 2796/2796 2797/2797 2798/2798
f 2796/2796 2799/2799 2800/2800
f 2796/2796 2801/2801 2802/2802
f 2796/2796 2803/2803 2804/2804
f 2796/2796 2805/2805 2806/2806
f 2796/2796 2807/2807 2808/2808
f 2796/2796 2809/2809 2810/2810
f 2796/2796 2811/2811 2812/2812
f 2796/2796 2813/2813 2814/2814
f 2796/2796 2815/2815 2816/2816
f 2817/2817 2818/2818 2819/2819
f 2817/2817 2819/2819 2820/2820
f 2821/2821 2822/2822 2823/2823
f 2821/2821 2823/2823 2824/2824
f 2825/2825 2826/2826 2827/2827
f 2825/2825 2827/2827 2828/2828
f 2829/2829 2830/2830 2831/2831
f 2829/2829 2831/2831 2832/2832
f 2833/2833 2834/2834 2835/2835
f 2833/2833 2835/2835 2836/2836
f 2837/2837 2838/2838 2839/2839
f 2837/2837 2839/2839 2840/2840
f 2841/2841 2842/2842 2843/2843
f 2841/2841 2843/2843 2844/2844
f 2845/2845 2846/2846 2847/2847
f 2845/2845 2847/2847 2848/2848
f 2849/2849 2850/2850 2851/2851
f 2849/2849 2851/2851 2852/2852
f 2853/2853 2854/2854 2855/2855
f 2853/2853 2855/2855 2856/2856
f 2857/2857 2859/2859 2858/2858
f 2857/2857 2861/2861 2860/2860
f 2857/2857 2863/2863 2862/2862
f 2857/2857 2865/2865 2864/2864
f 2857/2857 2867/2867 2866/2866
f 2857/2857 2869/2869 2868/2868
f 2857/2857 2871/2871 2870/2870
f 2857/2857 2873/2873 2872/2872
f 2857/2857 2875/2875 2874/2874
f 2857/2857 2877/2877 2876/2876
f 2878/2878 2879/2879 2880/2880
f 2878/2878 2881/2881 2882/2882
f 2878/2878 2883/2883 2884/2884
f 2878/2878 2885/2885 2886/2886
f 2878/2878 2887/2887 2888/2888
f 2878/2878 2889/2889 2890/2890
f 2878/2878 2891/2891 2892/2892
f 2878/2878 2893/2893 2894/2894
f 2878/2878 2895/2895 2896/2896
f 2878/2878 2897/2897 2898/2898
f 2899/2899 2900/2900 2901/2901
f 2899/2899 2901/2901 2902/2902
f 2903/2903 2904/2904 2905/2905
f 2903/2903 2905/2905 2906/2906
f 2907/2907 2908/2908 2909/2909
f 2907/2907 2909/2909 2910/2910
f 2911/2911 2912/2912 2913/2913
f 2911/2911 2913/2913 2914/2914
f 2915/2915 2916/2916 2917/2917
f 2915/2915 2917/2917 2918/2918
f 2919/2919 2920/2920 2921/2921
f 2919/2919 2921/2921 2922/2922
f 2923/2923 2924/2924 2925/2925
f 2923/2923 2925/2925 2926/2926
f 2927/2927 2928/2928 2929/2929
f 2927/2927 2929/2929 2930/2930
f 2931/2931 2932/2932 2933/2933
f 2931/2931 2933/2933 2934/2934
f 2935/2935 2936/2936 2937/2937
f 2935/2935 2937/2937 2938/2938
f 2939/2939 2941/2941 2940/2940
f 2939/2939 2943/2943 2942/2942
f 2939/2939 2945/2945 2944/2944
f 2939/2939 2947/2947 2946/2946
f 2939/2939 2949/2949 2948/2948
f 2939/2939 2951/2951 2950/2950
f 2939/2939 2953/2953 2952/2952
f 2939/2939 2955/2955 2954/2954
f 2939/2939 2957/2957 2956/2956
f 2939/2939 2959/2959 2958/2958
f 2960/2960 2961/2961 2962/2962
f 2960/2960 2963/2963 2964/2964
f 2960/2960 2965/2965 2966/2966
f 2960/2960 2967/2967 2968/2968
f 2960/2960 2969/2969 2970/2970
f 2960/2960 2971/2971 2972/2972
f 2960/2960 2973/2973 2974/2974
f 2960/2960 2975/2975 2976/2976
f 2960/2960 2977/2977 2978/2978
f 2960/2960 2979/2979 2980/2980
f 2981/2981 2982/2982 2983/2983
f 2981/2981 2983/2983 2984/2984
f 2985/2985 2986/2986 2987/2987
f 2985/2985 2987/2987 2988/2988
f 2989/2989 2990/2990 2991/2991
f 2989/2989 2991/2991 2992/2992
f 2993/2993 2994/2994 2995/2995
f 2993/2993 2995/2995 2996/2996
f 2997/2997 2998/2998 2999/2999
f 2997/2997 2999/2999 3000/3000
f 3001/3001 3002/3002 3003/3003
f 3001/3001 3003/3003 3004/3004
f 3005/3005 3006/3006 3007/3007
f 3005/3005 3007/3007 3008/3008
f 3009/3009 3010/3010 3011/3011
f 3009/3009 3011/3011 3012/3012
f 3013/3013 3014/3014 3015/3015
f 3013/3013 3015/3015 3016/3016
f 3017/3017 3018/3018 3019/3019
f 3017/3017 3019/3019 3020/3020
f 3021/3021 3023/3023 3022/3022
f 3021/3021 3025/3025 3024/3024
f 3021/3021 3027/3027 3026/3026
f 3021/3021 3029/3029 3028/3028
f 3021/3021 3031/3031 3030/3030
f 3021/3021 3033/3033 3032/3032
f 3021/3021 3035/3035 3034/3034
f 3021/3021 3037/3037 3036/3036
f 3021/3021 3039/3039 3038/3038
f 3021/3021 3041/3041 3040/3040
f 3042/3042 3043/3043 3044/3044
f 3042/3042 3045/3045 3046/3046
f 3042/3042 3047/3047 3048/3048
f 3042/3042 3049/3049 3050/3050
f 3042/3042 3051/3051 3052/3052
f 3042/3042 3053/3053 3054/3054
f 3042/3042 3055/3055 3056/3056
f 3042/3042 3057/3057 3058/3058
f 3042/3042 3059/3059 3060/3060
f 3042/3042 3061/3061 3062/3062
f 3063/3063 3064/3064 3065/3065
f 3063/3063 3065/3065 3066/3066
f 3067/3067 3068/3068 3069/3069
f 3067/3067 3069/3069 3070/3070
f 3071/3071 3072/3072 3073/3073
f 3071/3071 3073/3073 3074/3074
f 3075/3075 3076/3076 3077/3077
f 3075/3075 3077/3077 3078/3078
f 3079/3079 3080/3080 3081/3081
f 3079/3079 3081/3081 3082/3082
f 3083/3083 3084/3084 3085/3085
f 3083/3083 3085/3085 3086/3086
f 3087/3087 3088/3088 3089/3089
f 3087/3087 3089/3089 3090/3090
f 3091/3091 3092/3092 3093/3093
f 3091/3091 3093/3093 3094/3094
f 3095/3095 3096/3096 3097/3097
f 3095/3095 3097/3097 3098/3098
f 3099/3099 3100/3100 3101/3101
f 3099/3099 3101/3101 3102/3102
f 3103/3103 3105/3105 3104/3104
f 3103/3103 3107/3107 3106/3106
f 3103/3103 3109/3109 3108/3108
f 3103/3103 3111/3111 3110/3110
f 3103/3103 3113/3113 3112/3112
f 3103/3103 3115/3115 3114/3114
f 3103/3103 3117/3117 3116/3116
f 3103/3103 3119/3119 3118/3118
f 3103/3103 3121/3121 3120/3120
f 3103/3103 3123/3123 3122/3122
f 3124/3124 3125/3125 3126/3126
f 3124/3124 3127/3127 3128/3128
f 3124/3124 3129/3129 3130/3130
f 3124/3124 3131/3131 3132/3132
f 3124/3124 3133/3133 3134/3134
f 3124/3124 3135/3135 3136/3136
f 3124/3124 3137/3137 3138/3138
f 3124/3124 3139/3139 3140/3140
f 3124/3124 3141/3141 3142/3142
f 3124/3124 3143/3143 3144/3144
f 3145/3145 3146/3146 3147/3147
f 3145/3145 3147/3147 3148/3148
f 3149/3149 3150/3150 3151/3151
f 3149/3149 3151/3151 3152/3152
f 3153/3153 3154/3154 3155/3155
f 3153/3153 3155/3155 3156/3156
f 3157/3157 3158/3158 3159/3159
f 3157/3157 3159/3159 3160/3160
f 3161/3161 3162/3162 3163/3163
f 3161/3161 3163/3163 3164/3164
f 3165/3165 3166/3166 3167/3167
f 3165/3165 3167/3167 3168/3168
f 3169/3169 3170/3170 3171/3171
f 3169/3169 3171/3171 3172/3172
f 3173/3173 3174/3174 3175/3175
f 3173/3173 3175/3175 3176/3176
f 3177/3177 3178/3178 3179/3179
f 3177/3177 3179/3179 3180/3180
f 3181/3181 3182/3182 3183/3183
f 3181/3181 3183/3183 3184/3184
f 3185/3185 3187/3187 3186/3186
f 3185/3185 3189/3189 3188/3188
f 3185/3185 3191/3191 3190/3190
f 3185/3185 3193/3193 3192/3192
f 3185/3185 3195/3195 3194/3194
f 3185/3185 3197/3197 3196/3196
f 3185/3185 3199/3199 3198/3198
f 3185/3185 3201/3201 3200/3200
f 3185/3185 3203/3203 3202/3202
f 3185/3185 3205/3205 3204/3204
f 3206/3206 3207/3207 3208/3208
f 3206/3206 3209/3209 3210/3210
f 3206/3206 3211/3211 3212/3212
f 3206/3206 3213/3213 3214/3214
f 3206/3206 3215/3215 3216/3216
f 3206/3206 3217/3217 3218/3218
f 3206/3206 3219/3219 3220/3220
f 3206/3206 3221/3221 3222/3222
f 3206/3206 3223/3223 3224/3224
f 3206/3206 3225/3225 3226/3226
f 3227/3227 3228/3228 3229/3229
f 3227/3227 3229/3229 3230/3230
f 3231/3231 3232/3232 3233/3233
f 3231/3231 3233/3233 3234/3234
f 3235/3235 3236/3236 3237/3237
f 3235/3235 3237/3237 3238/3238
f 3239/3239 3240/3240 3241/3241
f 3239/3239 3241/3241 3242/3242
f 3243/3243 3244/3244 3245/3245
f 3243/3243 3245/3245 3246/3246
f 3247/3247 3248/3248 3249/3249
f 3247/3247 3249/3249 3250/3250
f 3251/3251 3252/3252 3253/3253
f 3251/3251 3253/3253 3254/3254
f 3255/3255 3256/3256 3257/3257
f 3255/3255 3257/3257 3258/3258
f 3259/3259 3260/3260 3261/3261
f 3259/3259 3261/3261 3262/3262
f 3263/3263 3264/3264 3265/3265
f 3263/3263 3265/3265 3266/3266
f 3267/3267 3269/3269 3268/3268
f 3267/3267 3271/3271 3270/3270
f 3267/3267 3273/3273 3272/3272
f 3267/3267 3275/3275 3274/3274
f 3267/3267 3277/3277 3276/3276
f 3267/3267 3279/3279 3278/3278
f 3267/3267 3281/3281 3280/3280
f 3267/3267 3283/3283 3282/3282
f 3267/3267 3285/3285 3284/3284
f 3267/3267 3287/3287 3286/3286
f 3288/3288 3289/3289 3290/3290
f 3288/3288 3291/3291 3292/3292
f 3288/3288 3293/3293 3294/3294
f 3288/3288 3295/3295 3296/3296
f 3288/3288 3297/3297 3298/3298
f 3288/3288 3299/3299 3300/3300
f 3288/3288 3301/3301 3302/3302
f 3288/3288 3303/3303 3304/3304
f 3288/3288 3305/3305 3306/3306
f 3288/3288 3307/3307 3308/3308
f 3309/3309 3310/3310 3311/3311
f 3309/3309 3311/3311 3312/3312
f 3313/3313 3314/3314 3315/3315
f 3313/3313 3315/3315 3316/3316
f 3317/3317 3318/3318 3319/3319
f 3317/3317 3319/3319 3320/3320
f 3321/3321 3322/3322 3323/3323
f 3321/3321 3323/3323 3324/3324
f 3325/3325 3326/3326 3327/3327
f 3325/3325 3327/3327 3328/3328
f 3329/3329 3330/3330 3331/3331
f 3329/3329 3331/3331 3332/3332
f 3333/3333 3334/3334 3335/3335
f 3333/3333 3335/3335 3336/3336
f 3337/3337 3338/3338 3339/3339
f 3337/3337 3339/3339 3340/3340
f 3341/3341 3342/3342 3343/3343
f 3341/3341 3343/3343 3344/3344
f 3345/3345 3346/3346 3347/3347
f 3345/3345 3347/3347 3348/3348
f 3349/3349 3351/3351 3350/3350
f 3349/3349 3353/3353 3352/3352
f 3349/3349 3355/3355 3354/3354
f 3349/3349 3357/3357 3356/3356
f 3349/3349 3359/3359 3358/3358
f 3349/3349 3361/3361 3360/3360
f 3349/3349 3363/3363 3362/3362
f 3349/3349 3365/3365 3364/3364
f 3349/3349 3367/3367 3366/3366
f 3349/3349 3369/3369 3368/3368
f 3370/3370 3371/3371 3372/3372
f 3370/3370 3373/3373 3374/3374
f 3370/3370 3375/3375 3376/3376
f 3370/3370 3377/3377 3378/3378
f 3370/3370 3379/3379 3380/3380
f 3370/3370 3381/3381 3382/3382
f 3370/3370 3383/3383 3384/3384
f 3370/3370 3385/3385 3386/3386
f 3370/3370 3387/3387 3388/3388
f 3370/3370 3389/3389 3390/3390
f 3391/3391 3392/3392 3393/3393
f 3391/3391 3393/3393 3394/3394
f 3395/3395 3396/3396 3397/3397
f 3395/3395 3397/3397 3398/3398
f 3399/3399 3400/3400 3401/3401
f 3399/3399 3401/3401 3402/3402
f 3403/3403 3404/3404 3405/3405
f 3403/3403 3405/3405 3406/3406
f 3407/3407 3408/3408 3409/3409
f 3407/3407 3409/3409 3410/3410
f 3411/3411 3412/3412 3413/3413
f 3411/3411 3413/3413 3414/3414
f 3415/3415 3416/3416 3417/3417
f 3415/3415 3417/3417 3418/3418
f 3419/3419 3420/3420 3421/3421
f 3419/3419 3421/3421 3422/3422
f 3423/3423 3424/3424 3425/3425
f 3423/3423 3425/3425 3426/3426
f 3427/3427 3428/3428 3429/3429
f 3427/3427 3429/3429 3430/3430
f 3431/3431 3433/3433 3432/3432
f 3431/3431 3435/3435 3434/3434
f 3431/3431 3437/3437 3436/3436
f 3431/3431 3439/3439 3438/3438
f 3431/3431 3441/3441 3440/3440
f 3431/3431 3443/3443 3442/3442
f 3431/3431 3445/3445 3444/3444
f 3431/3431 3447/3447 3446/3446
f 3431/3431 3449/3449 3448/3448
f 3431/3431 3451/3451 3450/3450
f 3452/3452 3453/3453 3454/3454
f 3452/3452 3455/3455 3456/3456
f 3452/3452 3457/3457 3458/3458
f 3452/3452 3459/3459 3460/3460
f 3452/3452 3461/3461 3462/3462
f 3452/3452 3463/3463 3464/3464
f 3452/3452 3465/3465 3466/3466
f 3452/3452 3467/3467 3468/3468
f 3452/3452 3469/3469 3470/3470
f 3452/3452 3471/3471 3472/3472
usemtl Fire
f 3473/3473 3474/3474 3475/3475
f 3473/3473 3475/3475 3476/3476
f 3477/3477 3478/3478 3479/3479
f 3477/3477 3479/3479 3480/3480
f 3481/3481 3482/3482 3483/3483
f 3481/3481 3483/3483 3484/3484
f 3485/3485 3486/3486 3487/3487
f 3485/3485 3487/3487 3488/3488
f 3489/3489 3490/3490 3491/3491
f 3489/3489 3491/3491 3492/3492
f 3493/3493 3494/3494 3495/3495
f 3493/3493 3495/3495 3496/3496
f 3497/3497 3498/3498 3499/3499
f 3497/3497 3499/3499 3500/3500
f 3501/3501 3502/3502 3503/3503
f 3501/3501 3503/3503 3504/3504
f 3505/3505 3506/3506 3507/3507
f 3505/3505 3507/3507 3508/3508
f 3509/3509 3510/3510 3511/3511
f 3509/3509 3511/3511 3512/3512
f 3513/3513 3514/3514 3515/3515
f 3513/3513 3515/3515 3516/3516
f 3517/3517 3518/3518 3519/3519
f 3517/3517 3519/3519 3520/3520
f 3521/3521 3522/3522 3523/3523
f 3521/3521 3523/3523 3524/3524
f 3525/3525 3526/3526 3527/3527
f 3525/3525 3527/3527 3528/3528
f 3529/3529 3530/3530 3531/3531
f 3529/3529 3531/3531 3532/3532
f 3533/3533 3534/3534 3535/3535
f 3533/3533 3535/3535 3536/3536
f 3537/3537 3538/3538 3539/3539
f 3537/3537 3539/3539 3540/3540
f 3541/3541 3542/3542 3543/3543
f 3541/3541 3543/3543 3544/3544
f 3545/3545 3546/3546 3547/3547
f 3545/3545 3547/3547 3548/3548
f 3549/3549 3550/3550 3551/3551
f 3549/3549 3551/3551 3552/3552
f 3553/3553 3554/3554 3555/3555
f 3553/3553 3555/3555 3556/3556
usemtl Char
f 3557/3557 3558/3558 3559/3559
f 3557/3557 3559/3559 3560/3560
f 3561/3561 3562/3562 3563/3563
f 3561/3561 3563/3563 3564/3564
f 3565/3565 3566/3566 3567/3567
f 3565/3565 3567/3567 3568/3568
f 3569/3569 3570/3570 3571/3571
f 3569/3569 3571/3571 3572/3572
f 3573/3573 3574/3574 3575/3575
f 3573/3573 3575/3575 3576/3576
f 3577/3577 3578/3578 3579/3579
f 3577/3577 3579/3579 3580/3580
f 3581/3581 3582/3582 3583/3583
f 3581/3581 3583/3583 3584/3584
f 3585/3585 3586/3586 3587/3587
f 3585/3585 3587/3587 3588/3588
f 3589/3589 3590/3590 3591/3591
f 3589/3589 3591/3591 3592/3592
f 3593/3593 3594/3594 3595/3595
f 3593/3593 3595/3595 3596/3596
f 3597/3597 3598/3598 3599/3599
f 3597/3597 3599/3599 3600/3600
f 3601/3601 3602/3602 3603/3603
f 3601/3601 3603/3603 3604/3604
f 3605/3605 3606/3606 3607/3607
f 3605/3605 3607/3607 3608/3608
f 3609/3609 3610/3610 3611/3611
f 3609/3609 3611/3611 3612/3612
f 3613/3613 3614/3614 3615/3615
f 3613/3613 3615/3615 3616/3616
f 3617/3617 3618/3618 3619/3619
f 3617/3617 3619/3619 3620/3620
f 3621/3621 3622/3622 3623/3623
f 3621/3621 3623/3623 3624/3624
f 3625/3625 3626/3626 3627/3627
f 3625/3625 3627/3627 3628/3628
f 3629/3629 3630/3630 3631/3631
f 3629/3629 3631/3631 3632/3632
f 3633/3633 3634/3634 3635/3635
f 3633/3633 3635/3635 3636/3636
f 3637/3637 3638/3638 3639/3639
f 3637/3637 3639/3639 3640/3640
f 3641/3641 3642/3642 3643/3643
f 3641/3641 3643/3643 3644/3644
f 3645/3645 3646/3646 3647/3647
f 3645/3645 3647/3647 3648/3648
f 3649/3649 3650/3650 3651/3651
f 3649/3649 3651/3651 3652/3652
f 3653/3653 3654/3654 3655/3655
f 3653/3653 3655/3655 3656/3656
f 3657/3657 3658/3658 3659/3659
f 3657/3657 3659/3659 3660/3660
f 3661/3661 3662/3662 3663/3663
f 3661/3661 3663/3663 3664/3664
f 3665/3665 3666/3666 3667/3667
f 3665/3665 3667/3667 3668/3668
f 3669/3669 3670/3670 3671/3671
f 3669/3669 3671/3671 3672/3672
f 3673/3673 3674/3674 3675/3675
f 3673/3673 3675/3675 3676/3676
f 3677/3677 3678/3678 3679/3679
f 3677/3677 3679/3679 3680/3680
f 3681/3681 3682/3682 3683/3683
f 3681/3681 3683/3683 3684/3684
f 3685/3685 3686/3686 3687/3687
f 3685/3685 3687/3687 3688/3688
f 3689/3689 3690/3690 3691/3691
f 3689/3689 3691/3691 3692/3692
f 3693/3693 3694/3694 3695/3695
f 3693/3693 3695/3695 3696/3696
f 3697/3697 3698/3698 3699/3699
f 3697/3697 3699/3699 3700/3700
f 3701/3701 3702/3702 3703/3703
f 3701/3701 3703/3703 3704/3704
f 3705/3705 3706/3706 3707/3707
f 3705/3705 3707/3707 3708/3708
f 3709/3709 3710/3710 3711/3711
f 3709/3709 3711/3711 3712/3712
f 3713/3713 3714/3714 3715/3715
f 3713/3713 3715/3715 3716/3716
f 3717/3717 3718/3718 3719/3719
f 3717/3717 3719/3719 3720/3720
f 3721/3721 3722/3722 3723/3723
f 3721/3721 3723/3723 3724/3724
usemtl Fire
f 3725/3725 3726/3726 3727/3727
f 3725/3725 3727/3727 3728/3728
f 3729/3729 3730/3730 3731/3731
f 3729/3729 3731/3731 3732/3732
f 3733/3733 3734/3734 3735/3735
f 3733/3733 3735/3735 3736/3736
f 3737/3737 3738/3738 3739/3739
f 3737/3737 3739/3739 3740/3740
f 3741/3741 3742/3742 3743/3743
f 3741/3741 3743/3743 3744/3744
f 3745/3745 3746/3746 3747/3747
f 3745/3745 3747/3747 3748/3748
f 3749/3749 3750/3750 3751/3751
f 3749/3749 3751/3751 3752/3752
f 3753/3753 3754/3754 3755/3755
f 3753/3753 3755/3755 3756/3756
f 3757/3757 3758/3758 3759/3759
f 3757/3757 3759/3759 3760/3760
f 3761/3761 3762/3762 3763/3763
f 3761/3761 3763/3763 3764/3764
f 3765/3765 3766/3766 3767/3767
f 3765/3765 3767/3767 3768/3768
f 3769/3769 3770/3770 3771/3771
f 3769/3769 3771/3771 3772/3772
f 3773/3773 3774/3774 3775/3775
f 3773/3773 3775/3775 3776/3776
f 3777/3777 3778/3778 3779/3779
f 3777/3777 3779/3779 3780/3780
f 3781/3781 3782/3782 3783/3783
f 3781/3781 3783/3783 3784/3784
f 3785/3785 3786/3786 3787/3787
f 3785/3785 3787/3787 3788/3788
f 3789/3789 3790/3790 3791/3791
f 3789/3789 3791/3791 3792/3792
f 3793/3793 3794/3794 3795/3795
f 3793/3793 3795/3795 3796/3796
f 3797/3797 3798/3798 3799/3799
f 3797/3797 3799/3799 3800/3800
f 3801/3801 3802/3802 3803/3803
f 3801/3801 3803/3803 3804/3804
f 3805/3805 3806/3806 3807/3807
f 3805/3805 3807/3807 3808/3808
usemtl Char
f 3809/3809 3810/3810 3811/3811
f 3809/3809 3811/3811 3812/3812
f 3813/3813 3814/3814 3815/3815
f 3813/3813 3815/3815 3816/3816
f 3817/3817 3818/3818 3819/3819
f 3817/3817 3819/3819 3820/3820
f 3821/3821 3822/3822 3823/3823
f 3821/3821 3823/3823 3824/3824
f 3825/3825 3826/3826 3827/3827
f 3825/3825 3827/3827 3828/3828
f 3829/3829 3830/3830 3831/3831
f 3829/3829 3831/3831 3832/3832
f 3833/3833 3834/3834 3835/3835
f 3833/3833 3835/3835 3836/3836
f 3837/3837 3838/3838 3839/3839
f 3837/3837 3839/3839 3840/3840
f 3841/3841 3842/3842 3843/3843
f 3841/3841 3843/3843 3844/3844
f 3845/3845 3846/3846 3847/3847
f 3845/3845 3847/3847 3848/3848
f 3849/3849 3850/3850 3851/3851
f 3849/3849 3851/3851 3852/3852
f 3853/3853 3854/3854 3855/3855
f 3853/3853 3855/3855 3856/3856
f 3857/3857 3858/3858 3859/3859
f 3857/3857 3859/3859 3860/3860
f 3861/3861 3862/3862 3863/3863
f 3861/3861 3863/3863 3864/3864
f 3865/3865 3866/3866 3867/3867
f 3865/3865 3867/3867 3868/3868
f 3869/3869 3870/3870 3871/3871
f 3869/3869 3871/3871 3872/3872
f 3873/3873 3874/3874 3875/3875
f 3873/3873 3875/3875 3876/3876
f 3877/3877 3878/3878 3879/3879
f 3877/3877 3879/3879 3880/3880
f 3881/3881 3882/3882 3883/3883
f 3881/3881 3883/3883 3884/3884
f 3885/3885 3886/3886 3887/3887
f 3885/3885 3887/3887 3888/3888
f 3889/3889 3890/3890 3891/3891
f 3889/3889 3891/3891 3892/3892
f 3893/3893 3894/3894 3895/3895
f 3893/3893 3895/3895 3896/3896
f 3897/3897 3898/3898 3899/3899
f 3897/3897 3899/3899 3900/3900
f 3901/3901 3902/3902 3903/3903
f 3901/3901 3903/3903 3904/3904
f 3905/3905 3906/3906 3907/3907
f 3905/3905 3907/3907 3908/3908
f 3909/3909 3910/3910 3911/3911
f 3909/3909 3911/3911 3912/3912
f 3913/3913 3914/3914 3915/3915
f 3913/3913 3915/3915 3916/3916
f 3917/3917 3918/3918 3919/3919
f 3917/3917 3919/3919 3920/3920
f 3921/3921 3922/3922 3923/3923
f 3921/3921 3923/3923 3924/3924
f 3925/3925 3926/3926 3927/3927
f 3925/3925 3927/3927 3928/3928
f 3929/3929 3930/3930 3931/3931
f 3929/3929 3931/3931 3932/3932
f 3933/3933 3934/3934 3935/3935
f 3933/3933 3935/3935 3936/3936
f 3937/3937 3938/3938 3939/3939
f 3937/3937 3939/3939 3940/3940
f 3941/3941 3942/3942 3943/3943
f 3941/3941 3943/3943 3944/3944
f 3945/3945 3946/3946 3947/3947
f 3945/3945 3947/3947 3948/3948
f 3949/3949 3950/3950 3951/3951
f 3949/3949 3951/3951 3952/3952
f 3953/3953 3954/3954 3955/3955
f 3953/3953 3955/3955 3956/3956
f 3957/3957 3958/3958 3959/3959
f 3957/3957 3959/3959 3960/3960
f 3961/3961 3962/3962 3963/3963
f 3961/3961 3963/3963 3964/3964
f 3965/3965 3966/3966 3967/3967
f 3965/3965 3967/3967 3968/3968
f 3969/3969 3970/3970 3971/3971
f 3969/3969 3971/3971 3972/3972
f 3973/3973 3974/3974 3975/3975
f 3973/3973 3975/3975 3976/3976
usemtl Fire
f 3977/3977 3978/3978 3979/3979
f 3977/3977 3979/3979 3980/3980
f 3981/3981 3982/3982 3983/3983
f 3981/3981 3983/3983 3984/3984
f 3985/3985 3986/3986 3987/3987
f 3985/3985 3987/3987 3988/3988
f 3989/3989 3990/3990 3991/3991
f 3989/3989 3991/3991 3992/3992
f 3993/3993 3994/3994 3995/3995
f 3993/3993 3995/3995 3996/3996
f 3997/3997 3998/3998 3999/3999
f 3997/3997 3999/3999 4000/4000
f 4001/4001 4002/4002 4003/4003
f 4001/4001 4003/4003 4004/4004
f 4005/4005 4006/4006 4007/4007
f 4005/4005 4007/4007 4008/4008
f 4009/4009 4010/4010 4011/4011
f 4009/4009 4011/4011 4012/4012
f 4013/4013 4014/4014 4015/4015
f 4013/4013 4015/4015 4016/4016
f 4017/4017 4018/4018 4019/4019
f 4017/4017 4019/4019 4020/4020
f 4021/4021 4022/4022 4023/4023
f 4021/4021 4023/4023 4024/4024
f 4025/4025 4026/4026 4027/4027
f 4025/4025 4027/4027 4028/4028
f 4029/4029 4030/4030 4031/4031
f 4029/4029 4031/4031 4032/4032
f 4033/4033 4034/4034 4035/4035
f 4033/4033 4035/4035 4036/4036
f 4037/4037 4038/4038 4039/4039
f 4037/4037 4039/4039 4040/4040
f 4041/4041 4042/4042 4043/4043
f 4041/4041 4043/4043 4044/4044
f 4045/4045 4046/4046 4047/4047
f 4045/4045 4047/4047 4048/4048
f 4049/4049 4050/4050 4051/4051
f 4049/4049 4051/4051 4052/4052
f 4053/4053 4054/4054 4055/4055
f 4053/4053 4055/4055 4056/4056
f 4057/4057 4058/4058 4059/4059
f 4057/4057 4059/4059 4060/4060
usemtl Char
f 4061/4061 4062/4062 4063/4063
f 4061/4061 4063/4063 4064/4064
f 4065/4065 4066/4066 4067/4067
f 4065/4065 4067/4067 4068/4068
f 4069/4069 4070/4070 4071/4071
f 4069/4069 4071/4071 4072/4072
f 4073/4073 4074/4074 4075/4075
f 4073/4073 4075/4075 4076/4076
f 4077/4077 4078/4078 4079/4079
f 4077/4077 4079/4079 4080/4080
f 4081/4081 4082/4082 4083/4083
f 4081/4081 4083/4083 4084/4084
f 4085/4085 4086/4086 4087/4087
f 4085/4085 4087/4087 4088/4088
f 4089/4089 4090/4090 4091/4091
f 4089/4089 4091/4091 4092/4092
f 4093/4093 4094/4094 4095/4095
f 4093/4093 4095/4095 4096/4096
f 4097/4097 4098/4098 4099/4099
f 4097/4097 4099/4099 4100/4100
f 4101/4101 4102/4102 4103/4103
f 4101/4101 4103/4103 4104/4104
f 4105/4105 4106/4106 4107/4107
f 4105/4105 4107/4107 4108/4108
f 4109/4109 4110/4110 4111/4111
f 4109/4109 4111/4111 4112/4112
f 4113/4113 4114/4114 4115/4115
f 4113/4113 4115/4115 4116/4116
f 4117/4117 4118/4118 4119/4119
f 4117/4117 4119/4119 4120/4120
f 4121/4121 4122/4122 4123/4123
f 4121/4121 4123/4123 4124/4124
f 4125/4125 4126/4126 4127/4127
f 4125/4125 4127/4127 4128/4128
f 4129/4129 4130/4130 4131/4131
f 4129/4129 4131/4131 4132/4132
f 4133/4133 4134/4134 4135/4135
f 4133/4133 4135/4135 4136/4136
f 4137/4137 4138/4138 4139/4139
f 4137/4137 4139/4139 4140/4140
f 4141/4141 4142/4142 4143/4143
f 4141/4141 4143/4143 4144/4144
f 4145/4145 4146/4146 4147/4147
f 4145/4145 4147/4147 4148/4148
f 4149/4149 4150/4150 4151/4151
f 4149/4149 4151/4151 4152/4152
f 4153/4153 4154/4154 4155/4155
f 4153/4153 4155/4155 4156/4156
f 4157/4157 4158/4158 4159/4159
f 4157/4157 4159/4159 4160/4160
f 4161/4161 4162/4162 4163/4163
f 4161/4161 4163/4163 4164/4164
f 4165/4165 4166/4166 4167/4167
f 4165/4165 4167/4167 4168/4168
f 4169/4169 4170/4170 4171/4171
f 4169/4169 4171/4171 4172/4172
f 4173/4173 4174/4174 4175/4175
f 4173/4173 4175/4175 4176/4176
f 4177/4177 4178/4178 4179/4179
f 4177/4177 4179/4179 4180/4180
f 4181/4181 4182/4182 4183/4183
f 4181/4181 4183/4183 4184/4184
f 4185/4185 4186/4186 4187/4187
f 4185/4185 4187/4187 4188/4188
f 4189/4189 4190/4190 4191/4191
f 4189/4189 4191/4191 4192/4192
f 4193/4193 4194/4194 4195/4195
f 4193/4193 4195/4195 4196/4196
f 4197/4197 4198/4198 4199/4199
f 4197/4197 4199/4199 4200/4200
f 4201/4201 4202/4202 4203/4203
f 4201/4201 4203/4203 4204/4204
f 4205/4205 4206/4206 4207/4207
f 4205/4205 4207/4207 4208/4208
f 4209/4209 4210/4210 4211/4211
f 4209/4209 4211/4211 4212/4212
f 4213/4213 4214/4214 4215/4215
f 4213/4213 4215/4215 4216/4216
f 4217/4217 4218/4218 4219/4219
f 4217/4217 4219/4219 4220/4220
f 4221/4221 4222/4222 4223/4223
f 4221/4221 4223/4223 4224/4224
f 4225/4225 4226/4226 4227/4227
f 4225/4225 4227/4227 4228/4228
usemtl Fire
f 4229/4229 4230/4230 4231/4231
f 4229/4229 4231/4231 4232/4232
f 4233/4233 4234/4234 4235/4235
f 4233/4233 4235/4235 4236/4236
f 4237/4237 4238/4238 4239/4239
f 4237/4237 4239/4239 4240/4240
f 4241/4241 4242/4242 4243/4243
f 4241/4241 4243/4243 4244/4244
f 4245/4245 4246/4246 4247/4247
f 4245/4245 4247/4247 4248/4248
f 4249/4249 4250/4250 4251/4251
f 4249/4249 4251/4251 4252/4252
f 4253/4253 4254/4254 4255/4255
f 4253/4253 4255/4255 4256/4256
f 4257/4257 4258/4258 4259/4259
f 4257/4257 4259/4259 4260/4260
f 4261/4261 4262/4262 4263/4263
f 4261/4261 4263/4263 4264/4264
f 4265/4265 4266/4266 4267/4267
f 4265/4265 4267/4267 4268/4268
f 4269/4269 4270/4270 4271/4271
f 4269/4269 4271/4271 4272/4272
f 4273/4273 4274/4274 4275/4275
f 4273/4273 4275/4275 4276/4276
f 4277/4277 4278/4278 4279/4279
f 4277/4277 4279/4279 4280/4280
f 4281/4281 4282/4282 4283/4283
f 4281/4281 4283/4283 4284/4284
f 4285/4285 4286/4286 4287/4287
f 4285/4285 4287/4287 4288/4288
f 4289/4289 4290/4290 4291/4291
f 4289/4289 4291/4291 4292/4292
f 4293/4293 4294/4294 4295/4295
f 4293/4293 4295/4295 4296/4296
f 4297/4297 4298/4298 4299/4299
f 4297/4297 4299/4299 4300/4300
f 4301/4301 4302/4302 4303/4303
f 4301/4301 4303/4303 4304/4304
f 4305/4305 4306/4306 4307/4307
f 4305/4305 4307/4307 4308/4308
f 4309/4309 4310/4310 4311/4311
f 4309/4309 4311/4311 4312/4312
usemtl Char
f 4313/4313 4314/4314 4315/4315
f 4313/4313 4315/4315 4316/4316
f 4317/4317 4318/4318 4319/4319
f 4317/4317 4319/4319 4320/4320
f 4321/4321 4322/4322 4323/4323
f 4321/4321 4323/4323 4324/4324
f 4325/4325 4326/4326 4327/4327
f 4325/4325 4327/4327 4328/4328
f 4329/4329 4330/4330 4331/4331
f 4329/4329 4331/4331 4332/4332
f 4333/4333 4334/4334 4335/4335
f 4333/4333 4335/4335 4336/4336
f 4337/4337 4338/4338 4339/4339
f 4337/4337 4339/4339 4340/4340
f 4341/4341 4342/4342 4343/4343
f 4341/4341 4343/4343 4344/4344
f 4345/4345 4346/4346 4347/4347
f 4345/4345 4347/4347 4348/4348
f 4349/4349 4350/4350 4351/4351
f 4349/4349 4351/4351 4352/4352
f 4353/4353 4354/4354 4355/4355
f 4353/4353 4355/4355 4356/4356
f 4357/4357 4358/4358 4359/4359
f 4357/4357 4359/4359 4360/4360
f 4361/4361 4362/4362 4363/4363
f 4361/4361 4363/4363 4364/4364
f 4365/4365 4366/4366 4367/4367
f 4365/4365 4367/4367 4368/4368
f 4369/4369 4370/4370 4371/4371
f 4369/4369 4371/4371 4372/4372
f 4373/4373 4374/4374 4375/4375
f 4373/4373 4375/4375 4376/4376
f 4377/4377 4378/4378 4379/4379
f 4377/4377 4379/4379 4380/4380
f 4381/4381 4382/4382 4383/4383
f 4381/4381 4383/4383 4384/4384
f 4385/4385 4386/4386 4387/4387
f 4385/4385 4387/4387 4388/4388
f 4389/4389 4390/4390 4391/4391
f 4389/4389 4391/4391 4392/4392
f 4393/4393 4394/4394 4395/4395
f 4393/4393 4395/4395 4396/4396
f 4397/4397 4398/4398 4399/4399
f 4397/4397 4399/4399 4400/4400
f 4401/4401 4402/4402 4403/4403
f 4401/4401 4403/4403 4404/4404
f 4405/4405 4406/4406 4407/4407
f 4405/4405 4407/4407 4408/4408
f 4409/4409 4410/4410 4411/4411
f 4409/4409 4411/4411 4412/4412
f 4413/4413 4414/4414 4415/4415
f 4413/4413 4415/4415 4416/4416
f 4417/4417 4418/4418 4419/4419
f 4417/4417 4419/4419 4420/4420
f 4421/4421 4422/4422 4423/4423
f 4421/4421 4423/4423 4424/4424
f 4425/4425 4426/4426 4427/4427
f 4425/4425 4427/4427 4428/4428
f 4429/4429 4430/4430 4431/4431
f 4429/4429 4431/4431 4432/4432
f 4433/4433 4434/4434 4435/4435
f 4433/4433 4435/4435 4436/4436
f 4437/4437 4438/4438 4439/4439
f 4437/4437 4439/4439 4440/4440
f 4441/4441 4442/4442 4443/4443
f 4441/4441 4443/4443 4444/4444
f 4445/4445 4446/4446 4447/4447
f 4445/4445 4447/4447 4448/4448
f 4449/4449 4450/4450 4451/4451
f 4449/4449 4451/4451 4452/4452
f 4453/4453 4454/4454 4455/4455
f 4453/4453 4455/4455 4456/4456
f 4457/4457 4458/4458 4459/4459
f 4457/4457 4459/4459 4460/4460
f 4461/4461 4462/4462 4463/4463
f 4461/4461 4463/4463 4464/4464
f 4465/4465 4466/4466 4467/4467
f 4465/4465 4467/4467 4468/4468
f 4469/4469 4470/4470 4471/4471
f 4469/4469 4471/4471 4472/4472
f 4473/4473 4474/4474 4475/4475
f 4473/4473 4475/4475 4476/4476
f 4477/4477 4478/4478 4479/4479
f 4477/4477 4479/4479 4480/4480
usemtl Fire
f 4481/4481 4482/4482 4484/4484
f 4481/4481 4484/4484 4483/4483
f 4482/4482 4481/4481 4483/4483
f 4482/4482 4483/4483 4484/4484
f 4483/4483 4484/4484 4486/4486
f 4483/4483 4486/4486 4485/4485
f 4484/4484 4483/4483 4485/4485
f 4484/4484 4485/4485 4486/4486
f 4485/4485 4486/4486 4488/4488
f 4485/4485 4488/4488 4487/4487
f 4486/4486 4485/4485 4487/4487
f 4486/4486 4487/4487 4488/4488
f 4487/4487 4488/4488 4490/4490
f 4487/4487 4490/4490 4489/4489
f 4488/4488 4487/4487 4489/4489
f 4488/4488 4489/4489 4490/4490
f 4489/4489 4490/4490 4492/4492
f 4489/4489 4492/4492 4491/4491
f 4490/4490 4489/4489 4491/4491
f 4490/4490 4491/4491 4492/4492
f 4491/4491 4492/4492 4494/4494
f 4491/4491 4494/4494 4493/4493
f 4492/4492 4491/4491 4493/4493
f 4492/4492 4493/4493 4494/4494
f 4493/4493 4494/4494 4496/4496
f 4493/4493 4496/4496 4495/4495
f 4494/4494 4493/4493 4495/4495
f 4494/4494 4495/4495 4496/4496
f 4495/4495 4496/4496 4498/4498
f 4495/4495 4498/4498 4497/4497
f 4496/4496 4495/4495 4497/4497
f 4496/4496 4497/4497 4498/4498
f 4499/4499 4500/4500 4502/4502
f 4499/4499 4502/4502 4501/4501
f 4500/4500 4499/4499 4501/4501
f 4500/4500 4501/4501 4502/4502
f 4501/4501 4502/4502 4504/4504
f 4501/4501 4504/4504 4503/4503
f 4502/4502 4501/4501 4503/4503
f 4502/4502 4503/4503 4504/4504
f 4503/4503 4504/4504 4506/4506
f 4503/4503 4506/4506 4505/4505
f 4504/4504 4503/4503 4505/4505
f 4504/4504 4505/4505 4506/4506
f 4505/4505 4506/4506 4508/4508
f 4505/4505 4508/4508 4507/4507
f 4506/4506 4505/4505 4507/4507
f 4506/4506 4507/4507 4508/4508
f 4507/4507 4508/4508 4510/4510
f 4507/4507 4510/4510 4509/4509
f 4508/4508 4507/4507 4509/4509
f 4508/4508 4509/4509 4510/4510
f 4509/4509 4510/4510 4512/4512
f 4509/4509 4512/4512 4511/4511
f 4510/4510 4509/4509 4511/4511
f 4510/4510 4511/4511 4512/4512
f 4511/4511 4512/4512 4514/4514
f 4511/4511 4514/4514 4513/4513
f 4512/4512 4511/4511 4513/4513
f 4512/4512 4513/4513 4514/4514
f 4513/4513 4514/4514 4516/4516
f 4513/4513 4516/4516 4515/4515
f 4514/4514 4513/4513 4515/4515
f 4514/4514 4515/4515 4516/4516
f 4517/4517 4518/4518 4520/4520
f 4517/4517 4520/4520 4519/4519
f 4518/4518 4517/4517 4519/4519
f 4518/4518 4519/4519 4520/4520
f 4519/4519 4520/4520 4522/4522
f 4519/4519 4522/4522 4521/4521
f 4520/4520 4519/4519 4521/4521
f 4520/4520 4521/4521 4522/4522
f 4521/4521 4522/4522 4524/4524
f 4521/4521 4524/4524 4523/4523
f 4522/4522 4521/4521 4523/4523
f 4522/4522 4523/4523 4524/4524
f 4523/4523 4524/4524 4526/4526
f 4523/4523 4526/4526 4525/4525
f 4524/4524 4523/4523 4525/4525
f 4524/4524 4525/4525 4526/4526
f 4525/4525 4526/4526 4528/4528
f 4525/4525 4528/4528 4527/4527
f 4526/4526 4525/4525 4527/4527
f 4526/4526 4527/4527 4528/4528
f 4527/4527 4528/4528 4530/4530
f 4527/4527 4530/4530 4529/4529
f 4528/4528 4527/4527 4529/4529
f 4528/4528 4529/4529 4530/4530
f 4529/4529 4530/4530 4532/4532
f 4529/4529 4532/4532 4531/4531
f 4530/4530 4529/4529 4531/4531
f 4530/4530 4531/4531 4532/4532
f 4531/4531 4532/4532 4534/4534
f 4531/4531 4534/4534 4533/4533
f 4532/4532 4531/4531 4533/4533
f 4532/4532 4533/4533 4534/4534
f 4535/4535 4536/4536 4538/4538
f 4535/4535 4538/4538 4537/4537
f 4536/4536 4535/4535 4537/4537
f 4536/4536 4537/4537 4538/4538
f 4537/4537 4538/4538 4540/4540
f 4537/4537 4540/4540 4539/4539
f 4538/4538 4537/4537 4539/4539
f 4538/4538 4539/4539 4540/4540
f 4539/4539 4540/4540 4542/4542
f 4539/4539 4542/4542 4541/4541
f 4540/4540 4539/4539 4541/4541
f 4540/4540 4541/4541 4542/4542
f 4541/4541 4542/4542 4544/4544
f 4541/4541 4544/4544 4543/4543
f 4542/4542 4541/4541 4543/4543
f 4542/4542 4543/4543 4544/4544
f 4543/4543 4544/4544 4546/4546
f 4543/4543 4546/4546 4545/4545
f 4544/4544 4543/4543 4545/4545
f 4544/4544 4545/4545 4546/4546
f 4545/4545 4546/4546 4548/4548
f 4545/4545 4548/4548 4547/4547
f 4546/4546 4545/4545 4547/4547
f 4546/4546 4547/4547 4548/4548
f 4547/4547 4548/4548 4550/4550
f 4547/4547 4550/4550 4549/4549
f 4548/4548 4547/4547 4549/4549
f 4548/4548 4549/4549 4550/4550
f 4549/4549 4550/4550 4552/4552
f 4549/4549 4552/4552 4551/4551
f 4550/4550 4549/4549 4551/4551
f 4550/4550 4551/4551 4552/4552
f 4553/4553 4554/4554 4556/4556
f 4553/4553 4556/4556 4555/4555
f 4554/4554 4553/4553 4555/4555
f 4554/4554 4555/4555 4556/4556
f 4555/4555 4556/4556 4558/4558
f 4555/4555 4558/4558 4557/4557
f 4556/4556 4555/4555 4557/4557
f 4556/4556 4557/4557 4558/4558
f 4557/4557 4558/4558 4560/4560
f 4557/4557 4560/4560 4559/4559
f 4558/4558 4557/4557 4559/4559
f 4558/4558 4559/4559 4560/4560
f 4559/4559 4560/4560 4562/4562
f 4559/4559 4562/4562 4561/4561
f 4560/4560 4559/4559 4561/4561
f 4560/4560 4561/4561 4562/4562
f 4561/4561 4562/4562 4564/4564
f 4561/4561 4564/4564 4563/4563
f 4562/4562 4561/4561 4563/4563
f 4562/4562 4563/4563 4564/4564
f 4563/4563 4564/4564 4566/4566
f 4563/4563 4566/4566 4565/4565
f 4564/4564 4563/4563 4565/4565
f 4564/4564 4565/4565 4566/4566
f 4565/4565 4566/4566 4568/4568
f 4565/4565 4568/4568 4567/4567
f 4566/4566 4565/4565 4567/4567
f 4566/4566 4567/4567 4568/4568
f 4567/4567 4568/4568 4570/4570
f 4567/4567 4570/4570 4569/4569
f 4568/4568 4567/4567 4569/4569
f 4568/4568 4569/4569 4570/4570
