mtllib ../../Materials/project_oen.mtl
o cs-004_shelter_damaged
v -0.737426 -0.011235 -0.720000
v -0.748892 -0.005393 -0.684647
v 0.031972 1.527138 -0.684647
v 0.043437 1.521296 -0.720000
v -0.748892 -0.005393 -0.684647
v -0.777922 0.009398 -0.665836
v 0.002942 1.541930 -0.665836
v 0.031972 1.527138 -0.684647
v -0.777922 0.009398 -0.665836
v -0.810935 0.026219 -0.672369
v -0.030071 1.558750 -0.672369
v 0.002942 1.541930 -0.665836
v -0.810935 0.026219 -0.672369
v -0.832482 0.037198 -0.701189
v -0.051618 1.569729 -0.701189
v -0.030071 1.558750 -0.672369
v -0.832482 0.037198 -0.701189
v -0.832482 0.037198 -0.738811
v -0.051618 1.569729 -0.738811
v -0.051618 1.569729 -0.701189
v -0.832482 0.037198 -0.738811
v -0.810935 0.026219 -0.767631
v -0.030071 1.558750 -0.767631
v -0.051618 1.569729 -0.738811
v -0.810935 0.026219 -0.767631
v -0.777922 0.009398 -0.774164
v 0.002942 1.541930 -0.774164
v -0.030071 1.558750 -0.767631
v -0.777922 0.009398 -0.774164
v -0.748892 -0.005393 -0.755353
v 0.031972 1.527138 -0.755353
v 0.002942 1.541930 -0.774164
v -0.748892 -0.005393 -0.755353
v -0.737426 -0.011235 -0.720000
v 0.043437 1.521296 -0.720000
v 0.031972 1.527138 -0.755353
v -0.786432 0.013734 -0.720000
v -0.748892 -0.005393 -0.684647
v -0.737426 -0.011235 -0.720000
v -0.005568 1.546266 -0.720000
v 0.043437 1.521296 -0.720000
v 0.031972 1.527138 -0.684647
v -0.786432 0.013734 -0.720000
v -0.777922 0.009398 -0.665836
v -0.748892 -0.005393 -0.684647
v -0.005568 1.546266 -0.720000
v 0.031972 1.527138 -0.684647
v 0.002942 1.541930 -0.665836
v -0.786432 0.013734 -0.720000
v -0.810935 0.026219 -0.672369
v -0.777922 0.009398 -0.665836
v -0.005568 1.546266 -0.720000
v 0.002942 1.541930 -0.665836
v -0.030071 1.558750 -0.672369
v -0.786432 0.013734 -0.720000
v -0.832482 0.037198 -0.701189
v -0.810935 0.026219 -0.672369
v -0.005568 1.546266 -0.720000
v -0.030071 1.558750 -0.672369
v -0.051618 1.569729 -0.701189
v -0.786432 0.013734 -0.720000
v -0.832482 0.037198 -0.738811
v -0.832482 0.037198 -0.701189
v -0.005568 1.546266 -0.720000
v -0.051618 1.569729 -0.701189
v -0.051618 1.569729 -0.738811
v -0.786432 0.013734 -0.720000
v -0.810935 0.026219 -0.767631
v -0.832482 0.037198 -0.738811
v -0.005568 1.546266 -0.720000
v -0.051618 1.569729 -0.738811
v -0.030071 1.558750 -0.767631
v -0.786432 0.013734 -0.720000
v -0.777922 0.009398 -0.774164
v -0.810935 0.026219 -0.767631
v -0.005568 1.546266 -0.720000
v -0.030071 1.558750 -0.767631
v 0.002942 1.541930 -0.774164
v -0.786432 0.013734 -0.720000
v -0.748892 -0.005393 -0.755353
v -0.777922 0.009398 -0.774164
v -0.005568 1.546266 -0.720000
v 0.002942 1.541930 -0.774164
v 0.031972 1.527138 -0.755353
v -0.786432 0.013734 -0.720000
v -0.737426 -0.011235 -0.720000
v -0.748892 -0.005393 -0.755353
v -0.005568 1.546266 -0.720000
v 0.031972 1.527138 -0.755353
v 0.043437 1.521296 -0.720000
v 0.835437 0.038704 -0.720000
v 0.823972 0.032862 -0.684647
v 0.043108 1.565393 -0.684647
v 0.054574 1.571235 -0.720000
v 0.823972 0.032862 -0.684647
v 0.794942 0.018070 -0.665836
v 0.014078 1.550602 -0.665836
v 0.043108 1.565393 -0.684647
v 0.794942 0.018070 -0.665836
v 0.761929 0.001250 -0.672369
v -0.018935 1.533781 -0.672369
v 0.014078 1.550602 -0.665836
v 0.761929 0.001250 -0.672369
v 0.740382 -0.009729 -0.701189
v -0.040482 1.522802 -0.701189
v -0.018935 1.533781 -0.672369
v 0.740382 -0.009729 -0.701189
v 0.740382 -0.009729 -0.738811
v -0.040482 1.522802 -0.738811
v -0.040482 1.522802 -0.701189
v 0.740382 -0.009729 -0.738811
v 0.761929 0.001250 -0.767631
v -0.018935 1.533781 -0.767631
v -0.040482 1.522802 -0.738811
v 0.761929 0.001250 -0.767631
v 0.794942 0.018070 -0.774164
v 0.014078 1.550602 -0.774164
v -0.018935 1.533781 -0.767631
v 0.794942 0.018070 -0.774164
v 0.823972 0.032862 -0.755353
v 0.043108 1.565393 -0.755353
v 0.014078 1.550602 -0.774164
v 0.823972 0.032862 -0.755353
v 0.835437 0.038704 -0.720000
v 0.054574 1.571235 -0.720000
v 0.043108 1.565393 -0.755353
v 0.786432 0.013734 -0.720000
v 0.823972 0.032862 -0.684647
v 0.835437 0.038704 -0.720000
v 0.005568 1.546266 -0.720000
v 0.054574 1.571235 -0.720000
v 0.043108 1.565393 -0.684647
v 0.786432 0.013734 -0.720000
v 0.794942 0.018070 -0.665836
v 0.823972 0.032862 -0.684647
v 0.005568 1.546266 -0.720000
v 0.043108 1.565393 -0.684647
v 0.014078 1.550602 -0.665836
v 0.786432 0.013734 -0.720000
v 0.761929 0.001250 -0.672369
v 0.794942 0.018070 -0.665836
v 0.005568 1.546266 -0.720000
v 0.014078 1.550602 -0.665836
v -0.018935 1.533781 -0.672369
v 0.786432 0.013734 -0.720000
v 0.740382 -0.009729 -0.701189
v 0.761929 0.001250 -0.672369
v 0.005568 1.546266 -0.720000
v -0.018935 1.533781 -0.672369
v -0.040482 1.522802 -0.701189
v 0.786432 0.013734 -0.720000
v 0.740382 -0.009729 -0.738811
v 0.740382 -0.009729 -0.701189
v 0.005568 1.546266 -0.720000
v -0.040482 1.522802 -0.701189
v -0.040482 1.522802 -0.738811
v 0.786432 0.013734 -0.720000
v 0.761929 0.001250 -0.767631
v 0.740382 -0.009729 -0.738811
v 0.005568 1.546266 -0.720000
v -0.040482 1.522802 -0.738811
v -0.018935 1.533781 -0.767631
v 0.786432 0.013734 -0.720000
v 0.794942 0.018070 -0.774164
v 0.761929 0.001250 -0.767631
v 0.005568 1.546266 -0.720000
v -0.018935 1.533781 -0.767631
v 0.014078 1.550602 -0.774164
v 0.786432 0.013734 -0.720000
v 0.823972 0.032862 -0.755353
v 0.794942 0.018070 -0.774164
v 0.005568 1.546266 -0.720000
v 0.014078 1.550602 -0.774164
v 0.043108 1.565393 -0.755353
v 0.786432 0.013734 -0.720000
v 0.835437 0.038704 -0.720000
v 0.823972 0.032862 -0.755353
v 0.005568 1.546266 -0.720000
v 0.043108 1.565393 -0.755353
v 0.054574 1.571235 -0.720000
v -0.737426 -0.011235 0.720000
v -0.748892 -0.005393 0.755353
v 0.031972 1.527138 0.755353
v 0.043437 1.521296 0.720000
v -0.748892 -0.005393 0.755353
v -0.777922 0.009398 0.774164
v 0.002942 1.541930 0.774164
v 0.031972 1.527138 0.755353
v -0.777922 0.009398 0.774164
v -0.810935 0.026219 0.767631
v -0.030071 1.558750 0.767631
v 0.002942 1.541930 0.774164
v -0.810935 0.026219 0.767631
v -0.832482 0.037198 0.738811
v -0.051618 1.569729 0.738811
v -0.030071 1.558750 0.767631
v -0.832482 0.037198 0.738811
v -0.832482 0.037198 0.701189
v -0.051618 1.569729 0.701189
v -0.051618 1.569729 0.738811
v -0.832482 0.037198 0.701189
v -0.810935 0.026219 0.672369
v -0.030071 1.558750 0.672369
v -0.051618 1.569729 0.701189
v -0.810935 0.026219 0.672369
v -0.777922 0.009398 0.665836
v 0.002942 1.541930 0.665836
v -0.030071 1.558750 0.672369
v -0.777922 0.009398 0.665836
v -0.748892 -0.005393 0.684647
v 0.031972 1.527138 0.684647
v 0.002942 1.541930 0.665836
v -0.748892 -0.005393 0.684647
v -0.737426 -0.011235 0.720000
v 0.043437 1.521296 0.720000
v 0.031972 1.527138 0.684647
v -0.786432 0.013734 0.720000
v -0.748892 -0.005393 0.755353
v -0.737426 -0.011235 0.720000
v -0.005568 1.546266 0.720000
v 0.043437 1.521296 0.720000
v 0.031972 1.527138 0.755353
v -0.786432 0.013734 0.720000
v -0.777922 0.009398 0.774164
v -0.748892 -0.005393 0.755353
v -0.005568 1.546266 0.720000
v 0.031972 1.527138 0.755353
v 0.002942 1.541930 0.774164
v -0.786432 0.013734 0.720000
v -0.810935 0.026219 0.767631
v -0.777922 0.009398 0.774164
v -0.005568 1.546266 0.720000
v 0.002942 1.541930 0.774164
v -0.030071 1.558750 0.767631
v -0.786432 0.013734 0.720000
v -0.832482 0.037198 0.738811
v -0.810935 0.026219 0.767631
v -0.005568 1.546266 0.720000
v -0.030071 1.558750 0.767631
v -0.051618 1.569729 0.738811
v -0.786432 0.013734 0.720000
v -0.832482 0.037198 0.701189
v -0.832482 0.037198 0.738811
v -0.005568 1.546266 0.720000
v -0.051618 1.569729 0.738811
v -0.051618 1.569729 0.701189
v -0.786432 0.013734 0.720000
v -0.810935 0.026219 0.672369
v -0.832482 0.037198 0.701189
v -0.005568 1.546266 0.720000
v -0.051618 1.569729 0.701189
v -0.030071 1.558750 0.672369
v -0.786432 0.013734 0.720000
v -0.777922 0.009398 0.665836
v -0.810935 0.026219 0.672369
v -0.005568 1.546266 0.720000
v -0.030071 1.558750 0.672369
v 0.002942 1.541930 0.665836
v -0.786432 0.013734 0.720000
v -0.748892 -0.005393 0.684647
v -0.777922 0.009398 0.665836
v -0.005568 1.546266 0.720000
v 0.002942 1.541930 0.665836
v 0.031972 1.527138 0.684647
v -0.786432 0.013734 0.720000
v -0.737426 -0.011235 0.720000
v -0.748892 -0.005393 0.684647
v -0.005568 1.546266 0.720000
v 0.031972 1.527138 0.684647
v 0.043437 1.521296 0.720000
v 0.835437 0.038704 0.720000
v 0.823972 0.032862 0.755353
v 0.043108 1.565393 0.755353
v 0.054574 1.571235 0.720000
v 0.823972 0.032862 0.755353
v 0.794942 0.018070 0.774164
v 0.014078 1.550602 0.774164
v 0.043108 1.565393 0.755353
v 0.794942 0.018070 0.774164
v 0.761929 0.001250 0.767631
v -0.018935 1.533781 0.767631
v 0.014078 1.550602 0.774164
v 0.761929 0.001250 0.767631
v 0.740382 -0.009729 0.738811
v -0.040482 1.522802 0.738811
v -0.018935 1.533781 0.767631
v 0.740382 -0.009729 0.738811
v 0.740382 -0.009729 0.701189
v -0.040482 1.522802 0.701189
v -0.040482 1.522802 0.738811
v 0.740382 -0.009729 0.701189
v 0.761929 0.001250 0.672369
v -0.018935 1.533781 0.672369
v -0.040482 1.522802 0.701189
v 0.761929 0.001250 0.672369
v 0.794942 0.018070 0.665836
v 0.014078 1.550602 0.665836
v -0.018935 1.533781 0.672369
v 0.794942 0.018070 0.665836
v 0.823972 0.032862 0.684647
v 0.043108 1.565393 0.684647
v 0.014078 1.550602 0.665836
v 0.823972 0.032862 0.684647
v 0.835437 0.038704 0.720000
v 0.054574 1.571235 0.720000
v 0.043108 1.565393 0.684647
v 0.786432 0.013734 0.720000
v 0.823972 0.032862 0.755353
v 0.835437 0.038704 0.720000
v 0.005568 1.546266 0.720000
v 0.054574 1.571235 0.720000
v 0.043108 1.565393 0.755353
v 0.786432 0.013734 0.720000
v 0.794942 0.018070 0.774164
v 0.823972 0.032862 0.755353
v 0.005568 1.546266 0.720000
v 0.043108 1.565393 0.755353
v 0.014078 1.550602 0.774164
v 0.786432 0.013734 0.720000
v 0.761929 0.001250 0.767631
v 0.794942 0.018070 0.774164
v 0.005568 1.546266 0.720000
v 0.014078 1.550602 0.774164
v -0.018935 1.533781 0.767631
v 0.786432 0.013734 0.720000
v 0.740382 -0.009729 0.738811
v 0.761929 0.001250 0.767631
v 0.005568 1.546266 0.720000
v -0.018935 1.533781 0.767631
v -0.040482 1.522802 0.738811
v 0.786432 0.013734 0.720000
v 0.740382 -0.009729 0.701189
v 0.740382 -0.009729 0.738811
v 0.005568 1.546266 0.720000
v -0.040482 1.522802 0.738811
v -0.040482 1.522802 0.701189
v 0.786432 0.013734 0.720000
v 0.761929 0.001250 0.672369
v 0.740382 -0.009729 0.701189
v 0.005568 1.546266 0.720000
v -0.040482 1.522802 0.701189
v -0.018935 1.533781 0.672369
v 0.786432 0.013734 0.720000
v 0.794942 0.018070 0.665836
v 0.761929 0.001250 0.672369
v 0.005568 1.546266 0.720000
v -0.018935 1.533781 0.672369
v 0.014078 1.550602 0.665836
v 0.786432 0.013734 0.720000
v 0.823972 0.032862 0.684647
v 0.794942 0.018070 0.665836
v 0.005568 1.546266 0.720000
v 0.014078 1.550602 0.665836
v 0.043108 1.565393 0.684647
v 0.786432 0.013734 0.720000
v 0.835437 0.038704 0.720000
v 0.823972 0.032862 0.684647
v 0.005568 1.546266 0.720000
v 0.043108 1.565393 0.684647
v 0.054574 1.571235 0.720000
v 0.810000 1.615000 0.000000
v 0.810000 1.602132 0.035353
v -0.810000 1.602132 0.035353
v -0.810000 1.615000 0.000000
v 0.810000 1.602132 0.035353
v 0.810000 1.569551 0.054164
v -0.810000 1.569551 0.054164
v -0.810000 1.602132 0.035353
v 0.810000 1.569551 0.054164
v 0.810000 1.532500 0.047631
v -0.810000 1.532500 0.047631
v -0.810000 1.569551 0.054164
v 0.810000 1.532500 0.047631
v 0.810000 1.508317 0.018811
v -0.810000 1.508317 0.018811
v -0.810000 1.532500 0.047631
v 0.810000 1.508317 0.018811
v 0.810000 1.508317 -0.018811
v -0.810000 1.508317 -0.018811
v -0.810000 1.508317 0.018811
v 0.810000 1.508317 -0.018811
v 0.810000 1.532500 -0.047631
v -0.810000 1.532500 -0.047631
v -0.810000 1.508317 -0.018811
v 0.810000 1.532500 -0.047631
v 0.810000 1.569551 -0.054164
v -0.810000 1.569551 -0.054164
v -0.810000 1.532500 -0.047631
v 0.810000 1.569551 -0.054164
v 0.810000 1.602132 -0.035353
v -0.810000 1.602132 -0.035353
v -0.810000 1.569551 -0.054164
v 0.810000 1.602132 -0.035353
v 0.810000 1.615000 0.000000
v -0.810000 1.615000 0.000000
v -0.810000 1.602132 -0.035353
v 0.810000 1.560000 0.000000
v 0.810000 1.602132 0.035353
v 0.810000 1.615000 0.000000
v -0.810000 1.560000 0.000000
v -0.810000 1.615000 0.000000
v -0.810000 1.602132 0.035353
v 0.810000 1.560000 0.000000
v 0.810000 1.569551 0.054164
v 0.810000 1.602132 0.035353
v -0.810000 1.560000 0.000000
v -0.810000 1.602132 0.035353
v -0.810000 1.569551 0.054164
v 0.810000 1.560000 0.000000
v 0.810000 1.532500 0.047631
v 0.810000 1.569551 0.054164
v -0.810000 1.560000 0.000000
v -0.810000 1.569551 0.054164
v -0.810000 1.532500 0.047631
v 0.810000 1.560000 0.000000
v 0.810000 1.508317 0.018811
v 0.810000 1.532500 0.047631
v -0.810000 1.560000 0.000000
v -0.810000 1.532500 0.047631
v -0.810000 1.508317 0.018811
v 0.810000 1.560000 0.000000
v 0.810000 1.508317 -0.018811
v 0.810000 1.508317 0.018811
v -0.810000 1.560000 0.000000
v -0.810000 1.508317 0.018811
v -0.810000 1.508317 -0.018811
v 0.810000 1.560000 0.000000
v 0.810000 1.532500 -0.047631
v 0.810000 1.508317 -0.018811
v -0.810000 1.560000 0.000000
v -0.810000 1.508317 -0.018811
v -0.810000 1.532500 -0.047631
v 0.810000 1.560000 0.000000
v 0.810000 1.569551 -0.054164
v 0.810000 1.532500 -0.047631
v -0.810000 1.560000 0.000000
v -0.810000 1.532500 -0.047631
v -0.810000 1.569551 -0.054164
v 0.810000 1.560000 0.000000
v 0.810000 1.602132 -0.035353
v 0.810000 1.569551 -0.054164
v -0.810000 1.560000 0.000000
v -0.810000 1.569551 -0.054164
v -0.810000 1.602132 -0.035353
v 0.810000 1.560000 0.000000
v 0.810000 1.615000 0.000000
v 0.810000 1.602132 -0.035353
v -0.810000 1.560000 0.000000
v -0.810000 1.602132 -0.035353
v -0.810000 1.615000 0.000000
v 0.775000 0.265000 -0.720000
v 0.775000 0.251820 -0.688180
v -0.775000 0.251820 -0.688180
v -0.775000 0.265000 -0.720000
v 0.775000 0.251820 -0.688180
v 0.775000 0.220000 -0.675000
v -0.775000 0.220000 -0.675000
v -0.775000 0.251820 -0.688180
v 0.775000 0.220000 -0.675000
v 0.775000 0.188180 -0.688180
v -0.775000 0.188180 -0.688180
v -0.775000 0.220000 -0.675000
v 0.775000 0.188180 -0.688180
v 0.775000 0.175000 -0.720000
v -0.775000 0.175000 -0.720000
v -0.775000 0.188180 -0.688180
v 0.775000 0.175000 -0.720000
v 0.775000 0.188180 -0.751820
v -0.775000 0.188180 -0.751820
v -0.775000 0.175000 -0.720000
v 0.775000 0.188180 -0.751820
v 0.775000 0.220000 -0.765000
v -0.775000 0.220000 -0.765000
v -0.775000 0.188180 -0.751820
v 0.775000 0.220000 -0.765000
v 0.775000 0.251820 -0.751820
v -0.775000 0.251820 -0.751820
v -0.775000 0.220000 -0.765000
v 0.775000 0.251820 -0.751820
v 0.775000 0.265000 -0.720000
v -0.775000 0.265000 -0.720000
v -0.775000 0.251820 -0.751820
v 0.775000 0.220000 -0.720000
v 0.775000 0.251820 -0.688180
v 0.775000 0.265000 -0.720000
v -0.775000 0.220000 -0.720000
v -0.775000 0.265000 -0.720000
v -0.775000 0.251820 -0.688180
v 0.775000 0.220000 -0.720000
v 0.775000 0.220000 -0.675000
v 0.775000 0.251820 -0.688180
v -0.775000 0.220000 -0.720000
v -0.775000 0.251820 -0.688180
v -0.775000 0.220000 -0.675000
v 0.775000 0.220000 -0.720000
v 0.775000 0.188180 -0.688180
v 0.775000 0.220000 -0.675000
v -0.775000 0.220000 -0.720000
v -0.775000 0.220000 -0.675000
v -0.775000 0.188180 -0.688180
v 0.775000 0.220000 -0.720000
v 0.775000 0.175000 -0.720000
v 0.775000 0.188180 -0.688180
v -0.775000 0.220000 -0.720000
v -0.775000 0.188180 -0.688180
v -0.775000 0.175000 -0.720000
v 0.775000 0.220000 -0.720000
v 0.775000 0.188180 -0.751820
v 0.775000 0.175000 -0.720000
v -0.775000 0.220000 -0.720000
v -0.775000 0.175000 -0.720000
v -0.775000 0.188180 -0.751820
v 0.775000 0.220000 -0.720000
v 0.775000 0.220000 -0.765000
v 0.775000 0.188180 -0.751820
v -0.775000 0.220000 -0.720000
v -0.775000 0.188180 -0.751820
v -0.775000 0.220000 -0.765000
v 0.775000 0.220000 -0.720000
v 0.775000 0.251820 -0.751820
v 0.775000 0.220000 -0.765000
v -0.775000 0.220000 -0.720000
v -0.775000 0.220000 -0.765000
v -0.775000 0.251820 -0.751820
v 0.775000 0.220000 -0.720000
v 0.775000 0.265000 -0.720000
v 0.775000 0.251820 -0.751820
v -0.775000 0.220000 -0.720000
v -0.775000 0.251820 -0.751820
v -0.775000 0.265000 -0.720000
v 0.775000 0.265000 0.720000
v 0.775000 0.251820 0.751820
v -0.775000 0.251820 0.751820
v -0.775000 0.265000 0.720000
v 0.775000 0.251820 0.751820
v 0.775000 0.220000 0.765000
v -0.775000 0.220000 0.765000
v -0.775000 0.251820 0.751820
v 0.775000 0.220000 0.765000
v 0.775000 0.188180 0.751820
v -0.775000 0.188180 0.751820
v -0.775000 0.220000 0.765000
v 0.775000 0.188180 0.751820
v 0.775000 0.175000 0.720000
v -0.775000 0.175000 0.720000
v -0.775000 0.188180 0.751820
v 0.775000 0.175000 0.720000
v 0.775000 0.188180 0.688180
v -0.775000 0.188180 0.688180
v -0.775000 0.175000 0.720000
v 0.775000 0.188180 0.688180
v 0.775000 0.220000 0.675000
v -0.775000 0.220000 0.675000
v -0.775000 0.188180 0.688180
v 0.775000 0.220000 0.675000
v 0.775000 0.251820 0.688180
v -0.775000 0.251820 0.688180
v -0.775000 0.220000 0.675000
v 0.775000 0.251820 0.688180
v 0.775000 0.265000 0.720000
v -0.775000 0.265000 0.720000
v -0.775000 0.251820 0.688180
v 0.775000 0.220000 0.720000
v 0.775000 0.251820 0.751820
v 0.775000 0.265000 0.720000
v -0.775000 0.220000 0.720000
v -0.775000 0.265000 0.720000
v -0.775000 0.251820 0.751820
v 0.775000 0.220000 0.720000
v 0.775000 0.220000 0.765000
v 0.775000 0.251820 0.751820
v -0.775000 0.220000 0.720000
v -0.775000 0.251820 0.751820
v -0.775000 0.220000 0.765000
v 0.775000 0.220000 0.720000
v 0.775000 0.188180 0.751820
v 0.775000 0.220000 0.765000
v -0.775000 0.220000 0.720000
v -0.775000 0.220000 0.765000
v -0.775000 0.188180 0.751820
v 0.775000 0.220000 0.720000
v 0.775000 0.175000 0.720000
v 0.775000 0.188180 0.751820
v -0.775000 0.220000 0.720000
v -0.775000 0.188180 0.751820
v -0.775000 0.175000 0.720000
v 0.775000 0.220000 0.720000
v 0.775000 0.188180 0.688180
v 0.775000 0.175000 0.720000
v -0.775000 0.220000 0.720000
v -0.775000 0.175000 0.720000
v -0.775000 0.188180 0.688180
v 0.775000 0.220000 0.720000
v 0.775000 0.220000 0.675000
v 0.775000 0.188180 0.688180
v -0.775000 0.220000 0.720000
v -0.775000 0.188180 0.688180
v -0.775000 0.220000 0.675000
v 0.775000 0.220000 0.720000
v 0.775000 0.251820 0.688180
v 0.775000 0.220000 0.675000
v -0.775000 0.220000 0.720000
v -0.775000 0.220000 0.675000
v -0.775000 0.251820 0.688180
v 0.775000 0.220000 0.720000
v 0.775000 0.265000 0.720000
v 0.775000 0.251820 0.688180
v -0.775000 0.220000 0.720000
v -0.775000 0.251820 0.688180
v -0.775000 0.265000 0.720000
v -0.618000 0.380000 -0.725000
v -0.630302 0.350302 -0.725000
v -0.630302 0.350302 0.725000
v -0.618000 0.380000 0.725000
v -0.630302 0.350302 -0.725000
v -0.660000 0.338000 -0.725000
v -0.660000 0.338000 0.725000
v -0.630302 0.350302 0.725000
v -0.660000 0.338000 -0.725000
v -0.689698 0.350302 -0.725000
v -0.689698 0.350302 0.725000
v -0.660000 0.338000 0.725000
v -0.689698 0.350302 -0.725000
v -0.702000 0.380000 -0.725000
v -0.702000 0.380000 0.725000
v -0.689698 0.350302 0.725000
v -0.702000 0.380000 -0.725000
v -0.689698 0.409698 -0.725000
v -0.689698 0.409698 0.725000
v -0.702000 0.380000 0.725000
v -0.689698 0.409698 -0.725000
v -0.660000 0.422000 -0.725000
v -0.660000 0.422000 0.725000
v -0.689698 0.409698 0.725000
v -0.660000 0.422000 -0.725000
v -0.630302 0.409698 -0.725000
v -0.630302 0.409698 0.725000
v -0.660000 0.422000 0.725000
v -0.630302 0.409698 -0.725000
v -0.618000 0.380000 -0.725000
v -0.618000 0.380000 0.725000
v -0.630302 0.409698 0.725000
v -0.660000 0.380000 -0.725000
v -0.630302 0.350302 -0.725000
v -0.618000 0.380000 -0.725000
v -0.660000 0.380000 0.725000
v -0.618000 0.380000 0.725000
v -0.630302 0.350302 0.725000
v -0.660000 0.380000 -0.725000
v -0.660000 0.338000 -0.725000
v -0.630302 0.350302 -0.725000
v -0.660000 0.380000 0.725000
v -0.630302 0.350302 0.725000
v -0.660000 0.338000 0.725000
v -0.660000 0.380000 -0.725000
v -0.689698 0.350302 -0.725000
v -0.660000 0.338000 -0.725000
v -0.660000 0.380000 0.725000
v -0.660000 0.338000 0.725000
v -0.689698 0.350302 0.725000
v -0.660000 0.380000 -0.725000
v -0.702000 0.380000 -0.725000
v -0.689698 0.350302 -0.725000
v -0.660000 0.380000 0.725000
v -0.689698 0.350302 0.725000
v -0.702000 0.380000 0.725000
v -0.660000 0.380000 -0.725000
v -0.689698 0.409698 -0.725000
v -0.702000 0.380000 -0.725000
v -0.660000 0.380000 0.725000
v -0.702000 0.380000 0.725000
v -0.689698 0.409698 0.725000
v -0.660000 0.380000 -0.725000
v -0.660000 0.422000 -0.725000
v -0.689698 0.409698 -0.725000
v -0.660000 0.380000 0.725000
v -0.689698 0.409698 0.725000
v -0.660000 0.422000 0.725000
v -0.660000 0.380000 -0.725000
v -0.630302 0.409698 -0.725000
v -0.660000 0.422000 -0.725000
v -0.660000 0.380000 0.725000
v -0.660000 0.422000 0.725000
v -0.630302 0.409698 0.725000
v -0.660000 0.380000 -0.725000
v -0.618000 0.380000 -0.725000
v -0.630302 0.409698 -0.725000
v -0.660000 0.380000 0.725000
v -0.630302 0.409698 0.725000
v -0.618000 0.380000 0.725000
v 0.702000 0.380000 -0.725000
v 0.689698 0.350302 -0.725000
v 0.689698 0.350302 0.725000
v 0.702000 0.380000 0.725000
v 0.689698 0.350302 -0.725000
v 0.660000 0.338000 -0.725000
v 0.660000 0.338000 0.725000
v 0.689698 0.350302 0.725000
v 0.660000 0.338000 -0.725000
v 0.630302 0.350302 -0.725000
v 0.630302 0.350302 0.725000
v 0.660000 0.338000 0.725000
v 0.630302 0.350302 -0.725000
v 0.618000 0.380000 -0.725000
v 0.618000 0.380000 0.725000
v 0.630302 0.350302 0.725000
v 0.618000 0.380000 -0.725000
v 0.630302 0.409698 -0.725000
v 0.630302 0.409698 0.725000
v 0.618000 0.380000 0.725000
v 0.630302 0.409698 -0.725000
v 0.660000 0.422000 -0.725000
v 0.660000 0.422000 0.725000
v 0.630302 0.409698 0.725000
v 0.660000 0.422000 -0.725000
v 0.689698 0.409698 -0.725000
v 0.689698 0.409698 0.725000
v 0.660000 0.422000 0.725000
v 0.689698 0.409698 -0.725000
v 0.702000 0.380000 -0.725000
v 0.702000 0.380000 0.725000
v 0.689698 0.409698 0.725000
v 0.660000 0.380000 -0.725000
v 0.689698 0.350302 -0.725000
v 0.702000 0.380000 -0.725000
v 0.660000 0.380000 0.725000
v 0.702000 0.380000 0.725000
v 0.689698 0.350302 0.725000
v 0.660000 0.380000 -0.725000
v 0.660000 0.338000 -0.725000
v 0.689698 0.350302 -0.725000
v 0.660000 0.380000 0.725000
v 0.689698 0.350302 0.725000
v 0.660000 0.338000 0.725000
v 0.660000 0.380000 -0.725000
v 0.630302 0.350302 -0.725000
v 0.660000 0.338000 -0.725000
v 0.660000 0.380000 0.725000
v 0.660000 0.338000 0.725000
v 0.630302 0.350302 0.725000
v 0.660000 0.380000 -0.725000
v 0.618000 0.380000 -0.725000
v 0.630302 0.350302 -0.725000
v 0.660000 0.380000 0.725000
v 0.630302 0.350302 0.725000
v 0.618000 0.380000 0.725000
v 0.660000 0.380000 -0.725000
v 0.630302 0.409698 -0.725000
v 0.618000 0.380000 -0.725000
v 0.660000 0.380000 0.725000
v 0.618000 0.380000 0.725000
v 0.630302 0.409698 0.725000
v 0.660000 0.380000 -0.725000
v 0.660000 0.422000 -0.725000
v 0.630302 0.409698 -0.725000
v 0.660000 0.380000 0.725000
v 0.630302 0.409698 0.725000
v 0.660000 0.422000 0.725000
v 0.660000 0.380000 -0.725000
v 0.689698 0.409698 -0.725000
v 0.660000 0.422000 -0.725000
v 0.660000 0.380000 0.725000
v 0.660000 0.422000 0.725000
v 0.689698 0.409698 0.725000
v 0.660000 0.380000 -0.725000
v 0.702000 0.380000 -0.725000
v 0.689698 0.409698 -0.725000
v 0.660000 0.380000 0.725000
v 0.689698 0.409698 0.725000
v 0.702000 0.380000 0.725000
v -0.416000 0.780000 -0.720000
v -0.429933 0.728000 -0.720000
v -0.442058 0.735000 -0.706000
v -0.430000 0.780000 -0.706000
v -0.430000 0.780000 -0.706000
v -0.442058 0.735000 -0.706000
v -0.454182 0.742000 -0.720000
v -0.444000 0.780000 -0.720000
v -0.444000 0.780000 -0.720000
v -0.454182 0.742000 -0.720000
v -0.442058 0.735000 -0.734000
v -0.430000 0.780000 -0.734000
v -0.430000 0.780000 -0.734000
v -0.442058 0.735000 -0.734000
v -0.429933 0.728000 -0.720000
v -0.416000 0.780000 -0.720000
v -0.429933 0.728000 -0.720000
v -0.468000 0.689933 -0.720000
v -0.475000 0.702058 -0.706000
v -0.442058 0.735000 -0.706000
v -0.442058 0.735000 -0.706000
v -0.475000 0.702058 -0.706000
v -0.482000 0.714182 -0.720000
v -0.454182 0.742000 -0.720000
v -0.454182 0.742000 -0.720000
v -0.482000 0.714182 -0.720000
v -0.475000 0.702058 -0.734000
v -0.442058 0.735000 -0.734000
v -0.442058 0.735000 -0.734000
v -0.475000 0.702058 -0.734000
v -0.468000 0.689933 -0.720000
v -0.429933 0.728000 -0.720000
v -0.468000 0.689933 -0.720000
v -0.520000 0.676000 -0.720000
v -0.520000 0.690000 -0.706000
v -0.475000 0.702058 -0.706000
v -0.475000 0.702058 -0.706000
v -0.520000 0.690000 -0.706000
v -0.520000 0.704000 -0.720000
v -0.482000 0.714182 -0.720000
v -0.482000 0.714182 -0.720000
v -0.520000 0.704000 -0.720000
v -0.520000 0.690000 -0.734000
v -0.475000 0.702058 -0.734000
v -0.475000 0.702058 -0.734000
v -0.520000 0.690000 -0.734000
v -0.520000 0.676000 -0.720000
v -0.468000 0.689933 -0.720000
v -0.520000 0.676000 -0.720000
v -0.572000 0.689933 -0.720000
v -0.565000 0.702058 -0.706000
v -0.520000 0.690000 -0.706000
v -0.520000 0.690000 -0.706000
v -0.565000 0.702058 -0.706000
v -0.558000 0.714182 -0.720000
v -0.520000 0.704000 -0.720000
v -0.520000 0.704000 -0.720000
v -0.558000 0.714182 -0.720000
v -0.565000 0.702058 -0.734000
v -0.520000 0.690000 -0.734000
v -0.520000 0.690000 -0.734000
v -0.565000 0.702058 -0.734000
v -0.572000 0.689933 -0.720000
v -0.520000 0.676000 -0.720000
v -0.572000 0.689933 -0.720000
v -0.610067 0.728000 -0.720000
v -0.597942 0.735000 -0.706000
v -0.565000 0.702058 -0.706000
v -0.565000 0.702058 -0.706000
v -0.597942 0.735000 -0.706000
v -0.585818 0.742000 -0.720000
v -0.558000 0.714182 -0.720000
v -0.558000 0.714182 -0.720000
v -0.585818 0.742000 -0.720000
v -0.597942 0.735000 -0.734000
v -0.565000 0.702058 -0.734000
v -0.565000 0.702058 -0.734000
v -0.597942 0.735000 -0.734000
v -0.610067 0.728000 -0.720000
v -0.572000 0.689933 -0.720000
v -0.610067 0.728000 -0.720000
v -0.624000 0.780000 -0.720000
v -0.610000 0.780000 -0.706000
v -0.597942 0.735000 -0.706000
v -0.597942 0.735000 -0.706000
v -0.610000 0.780000 -0.706000
v -0.596000 0.780000 -0.720000
v -0.585818 0.742000 -0.720000
v -0.585818 0.742000 -0.720000
v -0.596000 0.780000 -0.720000
v -0.610000 0.780000 -0.734000
v -0.597942 0.735000 -0.734000
v -0.597942 0.735000 -0.734000
v -0.610000 0.780000 -0.734000
v -0.624000 0.780000 -0.720000
v -0.610067 0.728000 -0.720000
v -0.624000 0.780000 -0.720000
v -0.610067 0.832000 -0.720000
v -0.597942 0.825000 -0.706000
v -0.610000 0.780000 -0.706000
v -0.610000 0.780000 -0.706000
v -0.597942 0.825000 -0.706000
v -0.585818 0.818000 -0.720000
v -0.596000 0.780000 -0.720000
v -0.596000 0.780000 -0.720000
v -0.585818 0.818000 -0.720000
v -0.597942 0.825000 -0.734000
v -0.610000 0.780000 -0.734000
v -0.610000 0.780000 -0.734000
v -0.597942 0.825000 -0.734000
v -0.610067 0.832000 -0.720000
v -0.624000 0.780000 -0.720000
v -0.610067 0.832000 -0.720000
v -0.572000 0.870067 -0.720000
v -0.565000 0.857942 -0.706000
v -0.597942 0.825000 -0.706000
v -0.597942 0.825000 -0.706000
v -0.565000 0.857942 -0.706000
v -0.558000 0.845818 -0.720000
v -0.585818 0.818000 -0.720000
v -0.585818 0.818000 -0.720000
v -0.558000 0.845818 -0.720000
v -0.565000 0.857942 -0.734000
v -0.597942 0.825000 -0.734000
v -0.597942 0.825000 -0.734000
v -0.565000 0.857942 -0.734000
v -0.572000 0.870067 -0.720000
v -0.610067 0.832000 -0.720000
v -0.572000 0.870067 -0.720000
v -0.520000 0.884000 -0.720000
v -0.520000 0.870000 -0.706000
v -0.565000 0.857942 -0.706000
v -0.565000 0.857942 -0.706000
v -0.520000 0.870000 -0.706000
v -0.520000 0.856000 -0.720000
v -0.558000 0.845818 -0.720000
v -0.558000 0.845818 -0.720000
v -0.520000 0.856000 -0.720000
v -0.520000 0.870000 -0.734000
v -0.565000 0.857942 -0.734000
v -0.565000 0.857942 -0.734000
v -0.520000 0.870000 -0.734000
v -0.520000 0.884000 -0.720000
v -0.572000 0.870067 -0.720000
v -0.520000 0.884000 -0.720000
v -0.468000 0.870067 -0.720000
v -0.475000 0.857942 -0.706000
v -0.520000 0.870000 -0.706000
v -0.520000 0.870000 -0.706000
v -0.475000 0.857942 -0.706000
v -0.482000 0.845818 -0.720000
v -0.520000 0.856000 -0.720000
v -0.520000 0.856000 -0.720000
v -0.482000 0.845818 -0.720000
v -0.475000 0.857942 -0.734000
v -0.520000 0.870000 -0.734000
v -0.520000 0.870000 -0.734000
v -0.475000 0.857942 -0.734000
v -0.468000 0.870067 -0.720000
v -0.520000 0.884000 -0.720000
v -0.468000 0.870067 -0.720000
v -0.429933 0.832000 -0.720000
v -0.442058 0.825000 -0.706000
v -0.475000 0.857942 -0.706000
v -0.475000 0.857942 -0.706000
v -0.442058 0.825000 -0.706000
v -0.454182 0.818000 -0.720000
v -0.482000 0.845818 -0.720000
v -0.482000 0.845818 -0.720000
v -0.454182 0.818000 -0.720000
v -0.442058 0.825000 -0.734000
v -0.475000 0.857942 -0.734000
v -0.475000 0.857942 -0.734000
v -0.442058 0.825000 -0.734000
v -0.429933 0.832000 -0.720000
v -0.468000 0.870067 -0.720000
v -0.429933 0.832000 -0.720000
v -0.416000 0.780000 -0.720000
v -0.430000 0.780000 -0.706000
v -0.442058 0.825000 -0.706000
v -0.442058 0.825000 -0.706000
v -0.430000 0.780000 -0.706000
v -0.444000 0.780000 -0.720000
v -0.454182 0.818000 -0.720000
v -0.454182 0.818000 -0.720000
v -0.444000 0.780000 -0.720000
v -0.430000 0.780000 -0.734000
v -0.442058 0.825000 -0.734000
v -0.442058 0.825000 -0.734000
v -0.430000 0.780000 -0.734000
v -0.416000 0.780000 -0.720000
v -0.429933 0.832000 -0.720000
v 0.624000 0.780000 -0.720000
v 0.610067 0.728000 -0.720000
v 0.597942 0.735000 -0.706000
v 0.610000 0.780000 -0.706000
v 0.610000 0.780000 -0.706000
v 0.597942 0.735000 -0.706000
v 0.585818 0.742000 -0.720000
v 0.596000 0.780000 -0.720000
v 0.596000 0.780000 -0.720000
v 0.585818 0.742000 -0.720000
v 0.597942 0.735000 -0.734000
v 0.610000 0.780000 -0.734000
v 0.610000 0.780000 -0.734000
v 0.597942 0.735000 -0.734000
v 0.610067 0.728000 -0.720000
v 0.624000 0.780000 -0.720000
v 0.610067 0.728000 -0.720000
v 0.572000 0.689933 -0.720000
v 0.565000 0.702058 -0.706000
v 0.597942 0.735000 -0.706000
v 0.597942 0.735000 -0.706000
v 0.565000 0.702058 -0.706000
v 0.558000 0.714182 -0.720000
v 0.585818 0.742000 -0.720000
v 0.585818 0.742000 -0.720000
v 0.558000 0.714182 -0.720000
v 0.565000 0.702058 -0.734000
v 0.597942 0.735000 -0.734000
v 0.597942 0.735000 -0.734000
v 0.565000 0.702058 -0.734000
v 0.572000 0.689933 -0.720000
v 0.610067 0.728000 -0.720000
v 0.572000 0.689933 -0.720000
v 0.520000 0.676000 -0.720000
v 0.520000 0.690000 -0.706000
v 0.565000 0.702058 -0.706000
v 0.565000 0.702058 -0.706000
v 0.520000 0.690000 -0.706000
v 0.520000 0.704000 -0.720000
v 0.558000 0.714182 -0.720000
v 0.558000 0.714182 -0.720000
v 0.520000 0.704000 -0.720000
v 0.520000 0.690000 -0.734000
v 0.565000 0.702058 -0.734000
v 0.565000 0.702058 -0.734000
v 0.520000 0.690000 -0.734000
v 0.520000 0.676000 -0.720000
v 0.572000 0.689933 -0.720000
v 0.520000 0.676000 -0.720000
v 0.468000 0.689933 -0.720000
v 0.475000 0.702058 -0.706000
v 0.520000 0.690000 -0.706000
v 0.520000 0.690000 -0.706000
v 0.475000 0.702058 -0.706000
v 0.482000 0.714182 -0.720000
v 0.520000 0.704000 -0.720000
v 0.520000 0.704000 -0.720000
v 0.482000 0.714182 -0.720000
v 0.475000 0.702058 -0.734000
v 0.520000 0.690000 -0.734000
v 0.520000 0.690000 -0.734000
v 0.475000 0.702058 -0.734000
v 0.468000 0.689933 -0.720000
v 0.520000 0.676000 -0.720000
v 0.468000 0.689933 -0.720000
v 0.429933 0.728000 -0.720000
v 0.442058 0.735000 -0.706000
v 0.475000 0.702058 -0.706000
v 0.475000 0.702058 -0.706000
v 0.442058 0.735000 -0.706000
v 0.454182 0.742000 -0.720000
v 0.482000 0.714182 -0.720000
v 0.482000 0.714182 -0.720000
v 0.454182 0.742000 -0.720000
v 0.442058 0.735000 -0.734000
v 0.475000 0.702058 -0.734000
v 0.475000 0.702058 -0.734000
v 0.442058 0.735000 -0.734000
v 0.429933 0.728000 -0.720000
v 0.468000 0.689933 -0.720000
v 0.429933 0.728000 -0.720000
v 0.416000 0.780000 -0.720000
v 0.430000 0.780000 -0.706000
v 0.442058 0.735000 -0.706000
v 0.442058 0.735000 -0.706000
v 0.430000 0.780000 -0.706000
v 0.444000 0.780000 -0.720000
v 0.454182 0.742000 -0.720000
v 0.454182 0.742000 -0.720000
v 0.444000 0.780000 -0.720000
v 0.430000 0.780000 -0.734000
v 0.442058 0.735000 -0.734000
v 0.442058 0.735000 -0.734000
v 0.430000 0.780000 -0.734000
v 0.416000 0.780000 -0.720000
v 0.429933 0.728000 -0.720000
v 0.416000 0.780000 -0.720000
v 0.429933 0.832000 -0.720000
v 0.442058 0.825000 -0.706000
v 0.430000 0.780000 -0.706000
v 0.430000 0.780000 -0.706000
v 0.442058 0.825000 -0.706000
v 0.454182 0.818000 -0.720000
v 0.444000 0.780000 -0.720000
v 0.444000 0.780000 -0.720000
v 0.454182 0.818000 -0.720000
v 0.442058 0.825000 -0.734000
v 0.430000 0.780000 -0.734000
v 0.430000 0.780000 -0.734000
v 0.442058 0.825000 -0.734000
v 0.429933 0.832000 -0.720000
v 0.416000 0.780000 -0.720000
v 0.429933 0.832000 -0.720000
v 0.468000 0.870067 -0.720000
v 0.475000 0.857942 -0.706000
v 0.442058 0.825000 -0.706000
v 0.442058 0.825000 -0.706000
v 0.475000 0.857942 -0.706000
v 0.482000 0.845818 -0.720000
v 0.454182 0.818000 -0.720000
v 0.454182 0.818000 -0.720000
v 0.482000 0.845818 -0.720000
v 0.475000 0.857942 -0.734000
v 0.442058 0.825000 -0.734000
v 0.442058 0.825000 -0.734000
v 0.475000 0.857942 -0.734000
v 0.468000 0.870067 -0.720000
v 0.429933 0.832000 -0.720000
v 0.468000 0.870067 -0.720000
v 0.520000 0.884000 -0.720000
v 0.520000 0.870000 -0.706000
v 0.475000 0.857942 -0.706000
v 0.475000 0.857942 -0.706000
v 0.520000 0.870000 -0.706000
v 0.520000 0.856000 -0.720000
v 0.482000 0.845818 -0.720000
v 0.482000 0.845818 -0.720000
v 0.520000 0.856000 -0.720000
v 0.520000 0.870000 -0.734000
v 0.475000 0.857942 -0.734000
v 0.475000 0.857942 -0.734000
v 0.520000 0.870000 -0.734000
v 0.520000 0.884000 -0.720000
v 0.468000 0.870067 -0.720000
v 0.520000 0.884000 -0.720000
v 0.572000 0.870067 -0.720000
v 0.565000 0.857942 -0.706000
v 0.520000 0.870000 -0.706000
v 0.520000 0.870000 -0.706000
v 0.565000 0.857942 -0.706000
v 0.558000 0.845818 -0.720000
v 0.520000 0.856000 -0.720000
v 0.520000 0.856000 -0.720000
v 0.558000 0.845818 -0.720000
v 0.565000 0.857942 -0.734000
v 0.520000 0.870000 -0.734000
v 0.520000 0.870000 -0.734000
v 0.565000 0.857942 -0.734000
v 0.572000 0.870067 -0.720000
v 0.520000 0.884000 -0.720000
v 0.572000 0.870067 -0.720000
v 0.610067 0.832000 -0.720000
v 0.597942 0.825000 -0.706000
v 0.565000 0.857942 -0.706000
v 0.565000 0.857942 -0.706000
v 0.597942 0.825000 -0.706000
v 0.585818 0.818000 -0.720000
v 0.558000 0.845818 -0.720000
v 0.558000 0.845818 -0.720000
v 0.585818 0.818000 -0.720000
v 0.597942 0.825000 -0.734000
v 0.565000 0.857942 -0.734000
v 0.565000 0.857942 -0.734000
v 0.597942 0.825000 -0.734000
v 0.610067 0.832000 -0.720000
v 0.572000 0.870067 -0.720000
v 0.610067 0.832000 -0.720000
v 0.624000 0.780000 -0.720000
v 0.610000 0.780000 -0.706000
v 0.597942 0.825000 -0.706000
v 0.597942 0.825000 -0.706000
v 0.610000 0.780000 -0.706000
v 0.596000 0.780000 -0.720000
v 0.585818 0.818000 -0.720000
v 0.585818 0.818000 -0.720000
v 0.596000 0.780000 -0.720000
v 0.610000 0.780000 -0.734000
v 0.597942 0.825000 -0.734000
v 0.597942 0.825000 -0.734000
v 0.610000 0.780000 -0.734000
v 0.624000 0.780000 -0.720000
v 0.610067 0.832000 -0.720000
v -0.416000 0.780000 0.720000
v -0.429933 0.728000 0.720000
v -0.442058 0.735000 0.734000
v -0.430000 0.780000 0.734000
v -0.430000 0.780000 0.734000
v -0.442058 0.735000 0.734000
v -0.454182 0.742000 0.720000
v -0.444000 0.780000 0.720000
v -0.444000 0.780000 0.720000
v -0.454182 0.742000 0.720000
v -0.442058 0.735000 0.706000
v -0.430000 0.780000 0.706000
v -0.430000 0.780000 0.706000
v -0.442058 0.735000 0.706000
v -0.429933 0.728000 0.720000
v -0.416000 0.780000 0.720000
v -0.429933 0.728000 0.720000
v -0.468000 0.689933 0.720000
v -0.475000 0.702058 0.734000
v -0.442058 0.735000 0.734000
v -0.442058 0.735000 0.734000
v -0.475000 0.702058 0.734000
v -0.482000 0.714182 0.720000
v -0.454182 0.742000 0.720000
v -0.454182 0.742000 0.720000
v -0.482000 0.714182 0.720000
v -0.475000 0.702058 0.706000
v -0.442058 0.735000 0.706000
v -0.442058 0.735000 0.706000
v -0.475000 0.702058 0.706000
v -0.468000 0.689933 0.720000
v -0.429933 0.728000 0.720000
v -0.468000 0.689933 0.720000
v -0.520000 0.676000 0.720000
v -0.520000 0.690000 0.734000
v -0.475000 0.702058 0.734000
v -0.475000 0.702058 0.734000
v -0.520000 0.690000 0.734000
v -0.520000 0.704000 0.720000
v -0.482000 0.714182 0.720000
v -0.482000 0.714182 0.720000
v -0.520000 0.704000 0.720000
v -0.520000 0.690000 0.706000
v -0.475000 0.702058 0.706000
v -0.475000 0.702058 0.706000
v -0.520000 0.690000 0.706000
v -0.520000 0.676000 0.720000
v -0.468000 0.689933 0.720000
v -0.520000 0.676000 0.720000
v -0.572000 0.689933 0.720000
v -0.565000 0.702058 0.734000
v -0.520000 0.690000 0.734000
v -0.520000 0.690000 0.734000
v -0.565000 0.702058 0.734000
v -0.558000 0.714182 0.720000
v -0.520000 0.704000 0.720000
v -0.520000 0.704000 0.720000
v -0.558000 0.714182 0.720000
v -0.565000 0.702058 0.706000
v -0.520000 0.690000 0.706000
v -0.520000 0.690000 0.706000
v -0.565000 0.702058 0.706000
v -0.572000 0.689933 0.720000
v -0.520000 0.676000 0.720000
v -0.572000 0.689933 0.720000
v -0.610067 0.728000 0.720000
v -0.597942 0.735000 0.734000
v -0.565000 0.702058 0.734000
v -0.565000 0.702058 0.734000
v -0.597942 0.735000 0.734000
v -0.585818 0.742000 0.720000
v -0.558000 0.714182 0.720000
v -0.558000 0.714182 0.720000
v -0.585818 0.742000 0.720000
v -0.597942 0.735000 0.706000
v -0.565000 0.702058 0.706000
v -0.565000 0.702058 0.706000
v -0.597942 0.735000 0.706000
v -0.610067 0.728000 0.720000
v -0.572000 0.689933 0.720000
v -0.610067 0.728000 0.720000
v -0.624000 0.780000 0.720000
v -0.610000 0.780000 0.734000
v -0.597942 0.735000 0.734000
v -0.597942 0.735000 0.734000
v -0.610000 0.780000 0.734000
v -0.596000 0.780000 0.720000
v -0.585818 0.742000 0.720000
v -0.585818 0.742000 0.720000
v -0.596000 0.780000 0.720000
v -0.610000 0.780000 0.706000
v -0.597942 0.735000 0.706000
v -0.597942 0.735000 0.706000
v -0.610000 0.780000 0.706000
v -0.624000 0.780000 0.720000
v -0.610067 0.728000 0.720000
v -0.624000 0.780000 0.720000
v -0.610067 0.832000 0.720000
v -0.597942 0.825000 0.734000
v -0.610000 0.780000 0.734000
v -0.610000 0.780000 0.734000
v -0.597942 0.825000 0.734000
v -0.585818 0.818000 0.720000
v -0.596000 0.780000 0.720000
v -0.596000 0.780000 0.720000
v -0.585818 0.818000 0.720000
v -0.597942 0.825000 0.706000
v -0.610000 0.780000 0.706000
v -0.610000 0.780000 0.706000
v -0.597942 0.825000 0.706000
v -0.610067 0.832000 0.720000
v -0.624000 0.780000 0.720000
v -0.610067 0.832000 0.720000
v -0.572000 0.870067 0.720000
v -0.565000 0.857942 0.734000
v -0.597942 0.825000 0.734000
v -0.597942 0.825000 0.734000
v -0.565000 0.857942 0.734000
v -0.558000 0.845818 0.720000
v -0.585818 0.818000 0.720000
v -0.585818 0.818000 0.720000
v -0.558000 0.845818 0.720000
v -0.565000 0.857942 0.706000
v -0.597942 0.825000 0.706000
v -0.597942 0.825000 0.706000
v -0.565000 0.857942 0.706000
v -0.572000 0.870067 0.720000
v -0.610067 0.832000 0.720000
v -0.572000 0.870067 0.720000
v -0.520000 0.884000 0.720000
v -0.520000 0.870000 0.734000
v -0.565000 0.857942 0.734000
v -0.565000 0.857942 0.734000
v -0.520000 0.870000 0.734000
v -0.520000 0.856000 0.720000
v -0.558000 0.845818 0.720000
v -0.558000 0.845818 0.720000
v -0.520000 0.856000 0.720000
v -0.520000 0.870000 0.706000
v -0.565000 0.857942 0.706000
v -0.565000 0.857942 0.706000
v -0.520000 0.870000 0.706000
v -0.520000 0.884000 0.720000
v -0.572000 0.870067 0.720000
v -0.520000 0.884000 0.720000
v -0.468000 0.870067 0.720000
v -0.475000 0.857942 0.734000
v -0.520000 0.870000 0.734000
v -0.520000 0.870000 0.734000
v -0.475000 0.857942 0.734000
v -0.482000 0.845818 0.720000
v -0.520000 0.856000 0.720000
v -0.520000 0.856000 0.720000
v -0.482000 0.845818 0.720000
v -0.475000 0.857942 0.706000
v -0.520000 0.870000 0.706000
v -0.520000 0.870000 0.706000
v -0.475000 0.857942 0.706000
v -0.468000 0.870067 0.720000
v -0.520000 0.884000 0.720000
v -0.468000 0.870067 0.720000
v -0.429933 0.832000 0.720000
v -0.442058 0.825000 0.734000
v -0.475000 0.857942 0.734000
v -0.475000 0.857942 0.734000
v -0.442058 0.825000 0.734000
v -0.454182 0.818000 0.720000
v -0.482000 0.845818 0.720000
v -0.482000 0.845818 0.720000
v -0.454182 0.818000 0.720000
v -0.442058 0.825000 0.706000
v -0.475000 0.857942 0.706000
v -0.475000 0.857942 0.706000
v -0.442058 0.825000 0.706000
v -0.429933 0.832000 0.720000
v -0.468000 0.870067 0.720000
v -0.429933 0.832000 0.720000
v -0.416000 0.780000 0.720000
v -0.430000 0.780000 0.734000
v -0.442058 0.825000 0.734000
v -0.442058 0.825000 0.734000
v -0.430000 0.780000 0.734000
v -0.444000 0.780000 0.720000
v -0.454182 0.818000 0.720000
v -0.454182 0.818000 0.720000
v -0.444000 0.780000 0.720000
v -0.430000 0.780000 0.706000
v -0.442058 0.825000 0.706000
v -0.442058 0.825000 0.706000
v -0.430000 0.780000 0.706000
v -0.416000 0.780000 0.720000
v -0.429933 0.832000 0.720000
v 0.624000 0.780000 0.720000
v 0.610067 0.728000 0.720000
v 0.597942 0.735000 0.734000
v 0.610000 0.780000 0.734000
v 0.610000 0.780000 0.734000
v 0.597942 0.735000 0.734000
v 0.585818 0.742000 0.720000
v 0.596000 0.780000 0.720000
v 0.596000 0.780000 0.720000
v 0.585818 0.742000 0.720000
v 0.597942 0.735000 0.706000
v 0.610000 0.780000 0.706000
v 0.610000 0.780000 0.706000
v 0.597942 0.735000 0.706000
v 0.610067 0.728000 0.720000
v 0.624000 0.780000 0.720000
v 0.610067 0.728000 0.720000
v 0.572000 0.689933 0.720000
v 0.565000 0.702058 0.734000
v 0.597942 0.735000 0.734000
v 0.597942 0.735000 0.734000
v 0.565000 0.702058 0.734000
v 0.558000 0.714182 0.720000
v 0.585818 0.742000 0.720000
v 0.585818 0.742000 0.720000
v 0.558000 0.714182 0.720000
v 0.565000 0.702058 0.706000
v 0.597942 0.735000 0.706000
v 0.597942 0.735000 0.706000
v 0.565000 0.702058 0.706000
v 0.572000 0.689933 0.720000
v 0.610067 0.728000 0.720000
v 0.572000 0.689933 0.720000
v 0.520000 0.676000 0.720000
v 0.520000 0.690000 0.734000
v 0.565000 0.702058 0.734000
v 0.565000 0.702058 0.734000
v 0.520000 0.690000 0.734000
v 0.520000 0.704000 0.720000
v 0.558000 0.714182 0.720000
v 0.558000 0.714182 0.720000
v 0.520000 0.704000 0.720000
v 0.520000 0.690000 0.706000
v 0.565000 0.702058 0.706000
v 0.565000 0.702058 0.706000
v 0.520000 0.690000 0.706000
v 0.520000 0.676000 0.720000
v 0.572000 0.689933 0.720000
v 0.520000 0.676000 0.720000
v 0.468000 0.689933 0.720000
v 0.475000 0.702058 0.734000
v 0.520000 0.690000 0.734000
v 0.520000 0.690000 0.734000
v 0.475000 0.702058 0.734000
v 0.482000 0.714182 0.720000
v 0.520000 0.704000 0.720000
v 0.520000 0.704000 0.720000
v 0.482000 0.714182 0.720000
v 0.475000 0.702058 0.706000
v 0.520000 0.690000 0.706000
v 0.520000 0.690000 0.706000
v 0.475000 0.702058 0.706000
v 0.468000 0.689933 0.720000
v 0.520000 0.676000 0.720000
v 0.468000 0.689933 0.720000
v 0.429933 0.728000 0.720000
v 0.442058 0.735000 0.734000
v 0.475000 0.702058 0.734000
v 0.475000 0.702058 0.734000
v 0.442058 0.735000 0.734000
v 0.454182 0.742000 0.720000
v 0.482000 0.714182 0.720000
v 0.482000 0.714182 0.720000
v 0.454182 0.742000 0.720000
v 0.442058 0.735000 0.706000
v 0.475000 0.702058 0.706000
v 0.475000 0.702058 0.706000
v 0.442058 0.735000 0.706000
v 0.429933 0.728000 0.720000
v 0.468000 0.689933 0.720000
v 0.429933 0.728000 0.720000
v 0.416000 0.780000 0.720000
v 0.430000 0.780000 0.734000
v 0.442058 0.735000 0.734000
v 0.442058 0.735000 0.734000
v 0.430000 0.780000 0.734000
v 0.444000 0.780000 0.720000
v 0.454182 0.742000 0.720000
v 0.454182 0.742000 0.720000
v 0.444000 0.780000 0.720000
v 0.430000 0.780000 0.706000
v 0.442058 0.735000 0.706000
v 0.442058 0.735000 0.706000
v 0.430000 0.780000 0.706000
v 0.416000 0.780000 0.720000
v 0.429933 0.728000 0.720000
v 0.416000 0.780000 0.720000
v 0.429933 0.832000 0.720000
v 0.442058 0.825000 0.734000
v 0.430000 0.780000 0.734000
v 0.430000 0.780000 0.734000
v 0.442058 0.825000 0.734000
v 0.454182 0.818000 0.720000
v 0.444000 0.780000 0.720000
v 0.444000 0.780000 0.720000
v 0.454182 0.818000 0.720000
v 0.442058 0.825000 0.706000
v 0.430000 0.780000 0.706000
v 0.430000 0.780000 0.706000
v 0.442058 0.825000 0.706000
v 0.429933 0.832000 0.720000
v 0.416000 0.780000 0.720000
v 0.429933 0.832000 0.720000
v 0.468000 0.870067 0.720000
v 0.475000 0.857942 0.734000
v 0.442058 0.825000 0.734000
v 0.442058 0.825000 0.734000
v 0.475000 0.857942 0.734000
v 0.482000 0.845818 0.720000
v 0.454182 0.818000 0.720000
v 0.454182 0.818000 0.720000
v 0.482000 0.845818 0.720000
v 0.475000 0.857942 0.706000
v 0.442058 0.825000 0.706000
v 0.442058 0.825000 0.706000
v 0.475000 0.857942 0.706000
v 0.468000 0.870067 0.720000
v 0.429933 0.832000 0.720000
v 0.468000 0.870067 0.720000
v 0.520000 0.884000 0.720000
v 0.520000 0.870000 0.734000
v 0.475000 0.857942 0.734000
v 0.475000 0.857942 0.734000
v 0.520000 0.870000 0.734000
v 0.520000 0.856000 0.720000
v 0.482000 0.845818 0.720000
v 0.482000 0.845818 0.720000
v 0.520000 0.856000 0.720000
v 0.520000 0.870000 0.706000
v 0.475000 0.857942 0.706000
v 0.475000 0.857942 0.706000
v 0.520000 0.870000 0.706000
v 0.520000 0.884000 0.720000
v 0.468000 0.870067 0.720000
v 0.520000 0.884000 0.720000
v 0.572000 0.870067 0.720000
v 0.565000 0.857942 0.734000
v 0.520000 0.870000 0.734000
v 0.520000 0.870000 0.734000
v 0.565000 0.857942 0.734000
v 0.558000 0.845818 0.720000
v 0.520000 0.856000 0.720000
v 0.520000 0.856000 0.720000
v 0.558000 0.845818 0.720000
v 0.565000 0.857942 0.706000
v 0.520000 0.870000 0.706000
v 0.520000 0.870000 0.706000
v 0.565000 0.857942 0.706000
v 0.572000 0.870067 0.720000
v 0.520000 0.884000 0.720000
v 0.572000 0.870067 0.720000
v 0.610067 0.832000 0.720000
v 0.597942 0.825000 0.734000
v 0.565000 0.857942 0.734000
v 0.565000 0.857942 0.734000
v 0.597942 0.825000 0.734000
v 0.585818 0.818000 0.720000
v 0.558000 0.845818 0.720000
v 0.558000 0.845818 0.720000
v 0.585818 0.818000 0.720000
v 0.597942 0.825000 0.706000
v 0.565000 0.857942 0.706000
v 0.565000 0.857942 0.706000
v 0.597942 0.825000 0.706000
v 0.610067 0.832000 0.720000
v 0.572000 0.870067 0.720000
v 0.610067 0.832000 0.720000
v 0.624000 0.780000 0.720000
v 0.610000 0.780000 0.734000
v 0.597942 0.825000 0.734000
v 0.597942 0.825000 0.734000
v 0.610000 0.780000 0.734000
v 0.596000 0.780000 0.720000
v 0.585818 0.818000 0.720000
v 0.585818 0.818000 0.720000
v 0.596000 0.780000 0.720000
v 0.610000 0.780000 0.706000
v 0.597942 0.825000 0.706000
v 0.597942 0.825000 0.706000
v 0.610000 0.780000 0.706000
v 0.624000 0.780000 0.720000
v 0.610067 0.832000 0.720000
v -0.832043 1.499756 -0.740000
v -0.712064 1.458319 -0.740000
v -0.719239 1.444236 -0.528571
v -0.824653 1.514259 -0.528571
v -0.712064 1.458319 -0.740000
v -0.611564 1.378651 -0.740000
v -0.627613 1.347153 -0.528571
v -0.719239 1.444236 -0.528571
v -0.611564 1.378651 -0.740000
v -0.502395 1.315997 -0.740000
v -0.519103 1.283206 -0.528571
v -0.627613 1.347153 -0.528571
v -0.502395 1.315997 -0.740000
v -0.377605 1.284003 -0.740000
v -0.394733 1.250387 -0.528571
v -0.519103 1.283206 -0.528571
v -0.377605 1.284003 -0.740000
v -0.268436 1.221349 -0.740000
v -0.284718 1.189394 -0.528571
v -0.394733 1.250387 -0.528571
v -0.268436 1.221349 -0.740000
v -0.167936 1.141681 -0.740000
v -0.174588 1.128626 -0.528571
v -0.284718 1.189394 -0.528571
v -0.167936 1.141681 -0.740000
v -0.047957 1.100244 -0.740000
v -0.040568 1.114747 -0.528571
v -0.174588 1.128626 -0.528571
v -0.824653 1.514259 -0.528571
v -0.719239 1.444236 -0.528571
v -0.731229 1.420704 -0.317143
v -0.825659 1.512284 -0.317143
v -0.719239 1.444236 -0.528571
v -0.627613 1.347153 -0.528571
v -0.645037 1.312956 -0.317143
v -0.731229 1.420704 -0.317143
v -0.627613 1.347153 -0.528571
v -0.519103 1.283206 -0.528571
v -0.535907 1.250227 -0.317143
v -0.645037 1.312956 -0.317143
v -0.519103 1.283206 -0.528571
v -0.394733 1.250387 -0.528571
v -0.412770 1.214988 -0.317143
v -0.535907 1.250227 -0.317143
v -0.394733 1.250387 -0.528571
v -0.284718 1.189394 -0.528571
v -0.302826 1.153854 -0.317143
v -0.412770 1.214988 -0.317143
v -0.284718 1.189394 -0.528571
v -0.174588 1.128626 -0.528571
v -0.185041 1.108112 -0.317143
v -0.302826 1.153854 -0.317143
v -0.174588 1.128626 -0.528571
v -0.040568 1.114747 -0.528571
v -0.041574 1.112773 -0.317143
v -0.185041 1.108112 -0.317143
v -0.825659 1.512284 -0.317143
v -0.731229 1.420704 -0.317143
v -0.743371 1.396874 -0.105714
v -0.830605 1.502578 -0.105714
v -0.731229 1.420704 -0.317143
v -0.645037 1.312956 -0.317143
v -0.659161 1.285237 -0.105714
v -0.743371 1.396874 -0.105714
v -0.645037 1.312956 -0.317143
v -0.535907 1.250227 -0.317143
v -0.552146 1.218355 -0.105714
v -0.659161 1.285237 -0.105714
v -0.535907 1.250227 -0.317143
v -0.412770 1.214988 -0.317143
v -0.430973 1.179261 -0.105714
v -0.552146 1.218355 -0.105714
v -0.412770 1.214988 -0.317143
v -0.302826 1.153854 -0.317143
v -0.318040 1.123995 -0.105714
v -0.430973 1.179261 -0.105714
v -0.302826 1.153854 -0.317143
v -0.185041 1.108112 -0.317143
v -0.194733 1.089090 -0.105714
v -0.318040 1.123995 -0.105714
v -0.185041 1.108112 -0.317143
v -0.041574 1.112773 -0.317143
v -0.046519 1.103066 -0.105714
v -0.194733 1.089090 -0.105714
v -0.830605 1.502578 -0.105714
v -0.743371 1.396874 -0.105714
v -0.745261 1.393165 0.105714
v -0.829303 1.505134 0.105714
v -0.743371 1.396874 -0.105714
v -0.659161 1.285237 -0.105714
v -0.659622 1.284331 0.105714
v -0.745261 1.393165 0.105714
v -0.659161 1.285237 -0.105714
v -0.552146 1.218355 -0.105714
v -0.550051 1.222468 0.105714
v -0.659622 1.284331 0.105714
v -0.318040 1.123995 -0.105714
v -0.194733 1.089090 -0.105714
v -0.193423 1.091662 0.105714
v -0.319926 1.120294 0.105714
v -0.194733 1.089090 -0.105714
v -0.046519 1.103066 -0.105714
v -0.045217 1.105622 0.105714
v -0.193423 1.091662 0.105714
v -0.829303 1.505134 0.105714
v -0.745261 1.393165 0.105714
v -0.736776 1.409819 0.317143
v -0.821837 1.519786 0.317143
v -0.745261 1.393165 0.105714
v -0.659622 1.284331 0.105714
v -0.646391 1.310299 0.317143
v -0.736776 1.409819 0.317143
v -0.659622 1.284331 0.105714
v -0.550051 1.222468 0.105714
v -0.529758 1.262294 0.317143
v -0.646391 1.310299 0.317143
v -0.319926 1.120294 0.105714
v -0.193423 1.091662 0.105714
v -0.181195 1.115659 0.317143
v -0.308360 1.142994 0.317143
v -0.193423 1.091662 0.105714
v -0.045217 1.105622 0.105714
v -0.037751 1.120274 0.317143
v -0.181195 1.115659 0.317143
v -0.821837 1.519786 0.317143
v -0.736776 1.409819 0.317143
v -0.728077 1.426891 0.528571
v -0.818563 1.526212 0.528571
v -0.736776 1.409819 0.317143
v -0.646391 1.310299 0.317143
v -0.629770 1.342920 0.528571
v -0.728077 1.426891 0.528571
v -0.646391 1.310299 0.317143
v -0.529758 1.262294 0.317143
v -0.509305 1.302435 0.528571
v -0.629770 1.342920 0.528571
v -0.529758 1.262294 0.317143
v -0.414152 1.212274 0.317143
v -0.396936 1.246063 0.528571
v -0.509305 1.302435 0.528571
v -0.414152 1.212274 0.317143
v -0.308360 1.142994 0.317143
v -0.293535 1.172089 0.528571
v -0.396936 1.246063 0.528571
v -0.308360 1.142994 0.317143
v -0.181195 1.115659 0.317143
v -0.168461 1.140652 0.528571
v -0.293535 1.172089 0.528571
v -0.181195 1.115659 0.317143
v -0.037751 1.120274 0.317143
v -0.034477 1.126700 0.528571
v -0.168461 1.140652 0.528571
v -0.818563 1.526212 0.528571
v -0.728077 1.426891 0.528571
v -0.723612 1.435655 0.740000
v -0.824085 1.515375 0.740000
v -0.728077 1.426891 0.528571
v -0.629770 1.342920 0.528571
v -0.614383 1.373119 0.740000
v -0.723612 1.435655 0.740000
v -0.629770 1.342920 0.528571
v -0.509305 1.302435 0.528571
v -0.489593 1.341124 0.740000
v -0.614383 1.373119 0.740000
v -0.509305 1.302435 0.528571
v -0.396936 1.246063 0.528571
v -0.380484 1.278353 0.740000
v -0.489593 1.341124 0.740000
v -0.396936 1.246063 0.528571
v -0.293535 1.172089 0.528571
v -0.279957 1.198737 0.740000
v -0.380484 1.278353 0.740000
v -0.293535 1.172089 0.528571
v -0.168461 1.140652 0.528571
v -0.159930 1.157394 0.740000
v -0.279957 1.198737 0.740000
v -0.168461 1.140652 0.528571
v -0.034477 1.126700 0.528571
v -0.039999 1.115863 0.740000
v -0.159930 1.157394 0.740000
v -0.834313 1.495301 -0.757500
v -0.050227 1.095789 -0.757500
v -0.038423 1.118955 -0.757500
v -0.822509 1.518467 -0.757500
v -0.050227 1.095789 -0.722500
v -0.834313 1.495301 -0.722500
v -0.822509 1.518467 -0.722500
v -0.038423 1.118955 -0.722500
v -0.834313 1.495301 -0.722500
v -0.834313 1.495301 -0.757500
v -0.822509 1.518467 -0.757500
v -0.822509 1.518467 -0.722500
v -0.050227 1.095789 -0.757500
v -0.050227 1.095789 -0.722500
v -0.038423 1.118955 -0.722500
v -0.038423 1.118955 -0.757500
v -0.822509 1.518467 -0.757500
v -0.038423 1.118955 -0.757500
v -0.038423 1.118955 -0.722500
v -0.822509 1.518467 -0.722500
v -0.834313 1.495301 -0.722500
v -0.050227 1.095789 -0.722500
v -0.050227 1.095789 -0.757500
v -0.834313 1.495301 -0.757500
v -0.834313 1.495301 0.722500
v -0.050227 1.095789 0.722500
v -0.038423 1.118955 0.722500
v -0.822509 1.518467 0.722500
v -0.050227 1.095789 0.757500
v -0.834313 1.495301 0.757500
v -0.822509 1.518467 0.757500
v -0.038423 1.118955 0.757500
v -0.834313 1.495301 0.757500
v -0.834313 1.495301 0.722500
v -0.822509 1.518467 0.722500
v -0.822509 1.518467 0.757500
v -0.050227 1.095789 0.722500
v -0.050227 1.095789 0.757500
v -0.038423 1.118955 0.757500
v -0.038423 1.118955 0.722500
v -0.822509 1.518467 0.722500
v -0.038423 1.118955 0.722500
v -0.038423 1.118955 0.757500
v -0.822509 1.518467 0.757500
v -0.834313 1.495301 0.757500
v -0.050227 1.095789 0.757500
v -0.050227 1.095789 0.722500
v -0.834313 1.495301 0.722500
v -0.849905 1.503246 -0.740000
v -0.818720 1.487356 -0.740000
v -0.806916 1.510522 -0.740000
v -0.838102 1.526412 -0.740000
v -0.818720 1.487356 0.740000
v -0.849905 1.503246 0.740000
v -0.838102 1.526412 0.740000
v -0.806916 1.510522 0.740000
v -0.849905 1.503246 0.740000
v -0.849905 1.503246 -0.740000
v -0.838102 1.526412 -0.740000
v -0.838102 1.526412 0.740000
v -0.818720 1.487356 -0.740000
v -0.818720 1.487356 0.740000
v -0.806916 1.510522 0.740000
v -0.806916 1.510522 -0.740000
v -0.838102 1.526412 -0.740000
v -0.806916 1.510522 -0.740000
v -0.806916 1.510522 0.740000
v -0.838102 1.526412 0.740000
v -0.849905 1.503246 0.740000
v -0.818720 1.487356 0.740000
v -0.818720 1.487356 -0.740000
v -0.849905 1.503246 -0.740000
v -0.065820 1.103734 -0.740000
v -0.034634 1.087844 -0.740000
v -0.022831 1.111010 -0.740000
v -0.054016 1.126900 -0.740000
v -0.034634 1.087844 0.740000
v -0.065820 1.103734 0.740000
v -0.054016 1.126900 0.740000
v -0.022831 1.111010 0.740000
v -0.065820 1.103734 0.740000
v -0.065820 1.103734 -0.740000
v -0.054016 1.126900 -0.740000
v -0.054016 1.126900 0.740000
v -0.034634 1.087844 -0.740000
v -0.034634 1.087844 0.740000
v -0.022831 1.111010 0.740000
v -0.022831 1.111010 -0.740000
v -0.054016 1.126900 -0.740000
v -0.022831 1.111010 -0.740000
v -0.022831 1.111010 0.740000
v -0.054016 1.126900 0.740000
v -0.065820 1.103734 0.740000
v -0.034634 1.087844 0.740000
v -0.034634 1.087844 -0.740000
v -0.065820 1.103734 -0.740000
v 0.047957 1.100244 -0.740000
v 0.152002 1.172953 -0.740000
v 0.159178 1.158870 -0.528571
v 0.040568 1.114747 -0.528571
v 0.152002 1.172953 -0.740000
v 0.275527 1.207432 -0.740000
v 0.291576 1.175934 -0.528571
v 0.159178 1.158870 -0.528571
v 0.275527 1.207432 -0.740000
v 0.390383 1.258924 -0.740000
v 0.407091 1.226133 -0.528571
v 0.291576 1.175934 -0.528571
v 0.390383 1.258924 -0.740000
v 0.489617 1.341076 -0.740000
v 0.506745 1.307460 -0.528571
v 0.407091 1.226133 -0.528571
v 0.489617 1.341076 -0.740000
v 0.604473 1.392568 -0.740000
v 0.620755 1.360613 -0.528571
v 0.506745 1.307460 -0.528571
v 0.604473 1.392568 -0.740000
v 0.727998 1.427047 -0.740000
v 0.734649 1.413992 -0.528571
v 0.620755 1.360613 -0.528571
v 0.727998 1.427047 -0.740000
v 0.832043 1.499756 -0.740000
v 0.824653 1.514259 -0.528571
v 0.734649 1.413992 -0.528571
v 0.040568 1.114747 -0.528571
v 0.159178 1.158870 -0.528571
v 0.171168 1.135339 -0.317143
v 0.041574 1.112773 -0.317143
v 0.159178 1.158870 -0.528571
v 0.291576 1.175934 -0.528571
v 0.309000 1.141737 -0.317143
v 0.171168 1.135339 -0.317143
v 0.291576 1.175934 -0.528571
v 0.407091 1.226133 -0.528571
v 0.423895 1.193154 -0.317143
v 0.309000 1.141737 -0.317143
v 0.407091 1.226133 -0.528571
v 0.506745 1.307460 -0.528571
v 0.524782 1.272061 -0.317143
v 0.423895 1.193154 -0.317143
v 0.506745 1.307460 -0.528571
v 0.620755 1.360613 -0.528571
v 0.638863 1.325073 -0.317143
v 0.524782 1.272061 -0.317143
v 0.620755 1.360613 -0.528571
v 0.734649 1.413992 -0.528571
v 0.745102 1.393477 -0.317143
v 0.638863 1.325073 -0.317143
v 0.734649 1.413992 -0.528571
v 0.824653 1.514259 -0.528571
v 0.825659 1.512284 -0.317143
v 0.745102 1.393477 -0.317143
v 0.041574 1.112773 -0.317143
v 0.171168 1.135339 -0.317143
v 0.183310 1.111509 -0.105714
v 0.046519 1.103066 -0.105714
v 0.171168 1.135339 -0.317143
v 0.309000 1.141737 -0.317143
v 0.323124 1.114017 -0.105714
v 0.183310 1.111509 -0.105714
v 0.309000 1.141737 -0.317143
v 0.423895 1.193154 -0.317143
v 0.440134 1.161282 -0.105714
v 0.323124 1.114017 -0.105714
v 0.423895 1.193154 -0.317143
v 0.524782 1.272061 -0.317143
v 0.542985 1.236334 -0.105714
v 0.440134 1.161282 -0.105714
v 0.524782 1.272061 -0.317143
v 0.638863 1.325073 -0.317143
v 0.654077 1.295214 -0.105714
v 0.542985 1.236334 -0.105714
v 0.638863 1.325073 -0.317143
v 0.745102 1.393477 -0.317143
v 0.754794 1.374455 -0.105714
v 0.654077 1.295214 -0.105714
v 0.745102 1.393477 -0.317143
v 0.825659 1.512284 -0.317143
v 0.830605 1.502578 -0.105714
v 0.754794 1.374455 -0.105714
v 0.046519 1.103066 -0.105714
v 0.183310 1.111509 -0.105714
v 0.185200 1.107799 0.105714
v 0.045217 1.105622 0.105714
v 0.183310 1.111509 -0.105714
v 0.323124 1.114017 -0.105714
v 0.323586 1.113112 0.105714
v 0.185200 1.107799 0.105714
v 0.323124 1.114017 -0.105714
v 0.440134 1.161282 -0.105714
v 0.438038 1.165395 0.105714
v 0.323586 1.113112 0.105714
v 0.654077 1.295214 -0.105714
v 0.754794 1.374455 -0.105714
v 0.753484 1.377027 0.105714
v 0.655963 1.291513 0.105714
v 0.754794 1.374455 -0.105714
v 0.830605 1.502578 -0.105714
v 0.829303 1.505134 0.105714
v 0.753484 1.377027 0.105714
v 0.045217 1.105622 0.105714
v 0.185200 1.107799 0.105714
v 0.176714 1.124454 0.317143
v 0.037751 1.120274 0.317143
v 0.185200 1.107799 0.105714
v 0.323586 1.113112 0.105714
v 0.310354 1.139080 0.317143
v 0.176714 1.124454 0.317143
v 0.323586 1.113112 0.105714
v 0.438038 1.165395 0.105714
v 0.417746 1.205221 0.317143
v 0.310354 1.139080 0.317143
v 0.655963 1.291513 0.105714
v 0.753484 1.377027 0.105714
v 0.741257 1.401024 0.317143
v 0.644397 1.314213 0.317143
v 0.753484 1.377027 0.105714
v 0.829303 1.505134 0.105714
v 0.821837 1.519786 0.317143
v 0.741257 1.401024 0.317143
v 0.037751 1.120274 0.317143
v 0.176714 1.124454 0.317143
v 0.168016 1.141525 0.528571
v 0.034477 1.126700 0.528571
v 0.176714 1.124454 0.317143
v 0.310354 1.139080 0.317143
v 0.293733 1.171700 0.528571
v 0.168016 1.141525 0.528571
v 0.310354 1.139080 0.317143
v 0.417746 1.205221 0.317143
v 0.397293 1.245362 0.528571
v 0.293733 1.171700 0.528571
v 0.417746 1.205221 0.317143
v 0.526165 1.269347 0.317143
v 0.508948 1.303136 0.528571
v 0.397293 1.245362 0.528571
v 0.526165 1.269347 0.317143
v 0.644397 1.314213 0.317143
v 0.629572 1.343308 0.528571
v 0.508948 1.303136 0.528571
v 0.644397 1.314213 0.317143
v 0.741257 1.401024 0.317143
v 0.728522 1.426017 0.528571
v 0.629572 1.343308 0.528571
v 0.741257 1.401024 0.317143
v 0.821837 1.519786 0.317143
v 0.818563 1.526212 0.528571
v 0.728522 1.426017 0.528571
v 0.034477 1.126700 0.528571
v 0.168016 1.141525 0.528571
v 0.163550 1.150289 0.740000
v 0.039999 1.115863 0.740000
v 0.168016 1.141525 0.528571
v 0.293733 1.171700 0.528571
v 0.278346 1.201899 0.740000
v 0.163550 1.150289 0.740000
v 0.293733 1.171700 0.528571
v 0.397293 1.245362 0.528571
v 0.377580 1.284050 0.740000
v 0.278346 1.201899 0.740000
v 0.397293 1.245362 0.528571
v 0.508948 1.303136 0.528571
v 0.492496 1.335426 0.740000
v 0.377580 1.284050 0.740000
v 0.508948 1.303136 0.528571
v 0.629572 1.343308 0.528571
v 0.615994 1.369957 0.740000
v 0.492496 1.335426 0.740000
v 0.629572 1.343308 0.528571
v 0.728522 1.426017 0.528571
v 0.719991 1.442760 0.740000
v 0.615994 1.369957 0.740000
v 0.728522 1.426017 0.528571
v 0.818563 1.526212 0.528571
v 0.824085 1.515375 0.740000
v 0.719991 1.442760 0.740000
v 0.050227 1.095789 -0.757500
v 0.834313 1.495301 -0.757500
v 0.822509 1.518467 -0.757500
v 0.038423 1.118955 -0.757500
v 0.834313 1.495301 -0.722500
v 0.050227 1.095789 -0.722500
v 0.038423 1.118955 -0.722500
v 0.822509 1.518467 -0.722500
v 0.050227 1.095789 -0.722500
v 0.050227 1.095789 -0.757500
v 0.038423 1.118955 -0.757500
v 0.038423 1.118955 -0.722500
v 0.834313 1.495301 -0.757500
v 0.834313 1.495301 -0.722500
v 0.822509 1.518467 -0.722500
v 0.822509 1.518467 -0.757500
v 0.038423 1.118955 -0.757500
v 0.822509 1.518467 -0.757500
v 0.822509 1.518467 -0.722500
v 0.038423 1.118955 -0.722500
v 0.050227 1.095789 -0.722500
v 0.834313 1.495301 -0.722500
v 0.834313 1.495301 -0.757500
v 0.050227 1.095789 -0.757500
v 0.050227 1.095789 0.722500
v 0.834313 1.495301 0.722500
v 0.822509 1.518467 0.722500
v 0.038423 1.118955 0.722500
v 0.834313 1.495301 0.757500
v 0.050227 1.095789 0.757500
v 0.038423 1.118955 0.757500
v 0.822509 1.518467 0.757500
v 0.050227 1.095789 0.757500
v 0.050227 1.095789 0.722500
v 0.038423 1.118955 0.722500
v 0.038423 1.118955 0.757500
v 0.834313 1.495301 0.722500
v 0.834313 1.495301 0.757500
v 0.822509 1.518467 0.757500
v 0.822509 1.518467 0.722500
v 0.038423 1.118955 0.722500
v 0.822509 1.518467 0.722500
v 0.822509 1.518467 0.757500
v 0.038423 1.118955 0.757500
v 0.050227 1.095789 0.757500
v 0.834313 1.495301 0.757500
v 0.834313 1.495301 0.722500
v 0.050227 1.095789 0.722500
v 0.034634 1.087844 -0.740000
v 0.065820 1.103734 -0.740000
v 0.054016 1.126900 -0.740000
v 0.022831 1.111010 -0.740000
v 0.065820 1.103734 0.740000
v 0.034634 1.087844 0.740000
v 0.022831 1.111010 0.740000
v 0.054016 1.126900 0.740000
v 0.034634 1.087844 0.740000
v 0.034634 1.087844 -0.740000
v 0.022831 1.111010 -0.740000
v 0.022831 1.111010 0.740000
v 0.065820 1.103734 -0.740000
v 0.065820 1.103734 0.740000
v 0.054016 1.126900 0.740000
v 0.054016 1.126900 -0.740000
v 0.022831 1.111010 -0.740000
v 0.054016 1.126900 -0.740000
v 0.054016 1.126900 0.740000
v 0.022831 1.111010 0.740000
v 0.034634 1.087844 0.740000
v 0.065820 1.103734 0.740000
v 0.065820 1.103734 -0.740000
v 0.034634 1.087844 -0.740000
v 0.818720 1.487356 -0.740000
v 0.849905 1.503246 -0.740000
v 0.838102 1.526412 -0.740000
v 0.806916 1.510522 -0.740000
v 0.849905 1.503246 0.740000
v 0.818720 1.487356 0.740000
v 0.806916 1.510522 0.740000
v 0.838102 1.526412 0.740000
v 0.818720 1.487356 0.740000
v 0.818720 1.487356 -0.740000
v 0.806916 1.510522 -0.740000
v 0.806916 1.510522 0.740000
v 0.849905 1.503246 -0.740000
v 0.849905 1.503246 0.740000
v 0.838102 1.526412 0.740000
v 0.838102 1.526412 -0.740000
v 0.806916 1.510522 -0.740000
v 0.838102 1.526412 -0.740000
v 0.838102 1.526412 0.740000
v 0.806916 1.510522 0.740000
v 0.818720 1.487356 0.740000
v 0.849905 1.503246 0.740000
v 0.849905 1.503246 -0.740000
v 0.818720 1.487356 -0.740000
v -1.386518 0.351279 -0.980278
v -1.381125 0.348991 -0.989918
v -0.482511 0.948068 -0.629363
v -0.487904 0.950355 -0.619722
v -1.381125 0.348991 -0.989918
v -1.374363 0.340281 -0.992299
v -0.475749 0.939357 -0.631744
v -0.482511 0.948068 -0.629363
v -1.374363 0.340281 -0.992299
v -1.371324 0.331707 -0.985628
v -0.472710 0.930783 -0.625073
v -0.475749 0.939357 -0.631744
v -1.371324 0.331707 -0.985628
v -1.374296 0.329726 -0.974927
v -0.475682 0.928802 -0.614372
v -0.472710 0.930783 -0.625073
v -1.374296 0.329726 -0.974927
v -1.381042 0.335829 -0.968256
v -0.482428 0.934905 -0.607701
v -0.475682 0.928802 -0.614372
v -1.381042 0.335829 -0.968256
v -1.386481 0.345421 -0.970637
v -0.487867 0.944497 -0.610082
v -0.482428 0.934905 -0.607701
v -1.386481 0.345421 -0.970637
v -1.386518 0.351279 -0.980278
v -0.487904 0.950355 -0.619722
v -0.487867 0.944497 -0.610082
v -1.379307 0.340462 -0.980278
v -1.381125 0.348991 -0.989918
v -1.386518 0.351279 -0.980278
v -0.480693 0.939538 -0.619722
v -0.487904 0.950355 -0.619722
v -0.482511 0.948068 -0.629363
v -1.379307 0.340462 -0.980278
v -1.374363 0.340281 -0.992299
v -1.381125 0.348991 -0.989918
v -0.480693 0.939538 -0.619722
v -0.482511 0.948068 -0.629363
v -0.475749 0.939357 -0.631744
v -1.379307 0.340462 -0.980278
v -1.371324 0.331707 -0.985628
v -1.374363 0.340281 -0.992299
v -0.480693 0.939538 -0.619722
v -0.475749 0.939357 -0.631744
v -0.472710 0.930783 -0.625073
v -1.379307 0.340462 -0.980278
v -1.374296 0.329726 -0.974927
v -1.371324 0.331707 -0.985628
v -0.480693 0.939538 -0.619722
v -0.472710 0.930783 -0.625073
v -0.475682 0.928802 -0.614372
v -1.379307 0.340462 -0.980278
v -1.381042 0.335829 -0.968256
v -1.374296 0.329726 -0.974927
v -0.480693 0.939538 -0.619722
v -0.475682 0.928802 -0.614372
v -0.482428 0.934905 -0.607701
v -1.379307 0.340462 -0.980278
v -1.386481 0.345421 -0.970637
v -1.381042 0.335829 -0.968256
v -0.480693 0.939538 -0.619722
v -0.482428 0.934905 -0.607701
v -0.487867 0.944497 -0.610082
v -1.379307 0.340462 -0.980278
v -1.386518 0.351279 -0.980278
v -1.386481 0.345421 -0.970637
v -0.480693 0.939538 -0.619722
v -0.487867 0.944497 -0.610082
v -0.487904 0.950355 -0.619722
v 1.372096 0.329645 -0.980278
v 1.372133 0.335503 -0.989918
v 0.473519 0.934579 -0.629363
v 0.473482 0.928721 -0.619722
v 1.372133 0.335503 -0.989918
v 1.377572 0.345095 -0.992299
v 0.478958 0.944171 -0.631744
v 0.473519 0.934579 -0.629363
v 1.377572 0.345095 -0.992299
v 1.384318 0.351198 -0.985628
v 0.485704 0.950274 -0.625073
v 0.478958 0.944171 -0.631744
v 1.384318 0.351198 -0.985628
v 1.387290 0.349217 -0.974927
v 0.488676 0.948293 -0.614372
v 0.485704 0.950274 -0.625073
v 1.387290 0.349217 -0.974927
v 1.384251 0.340643 -0.968256
v 0.485637 0.939719 -0.607701
v 0.488676 0.948293 -0.614372
v 1.384251 0.340643 -0.968256
v 1.377489 0.331932 -0.970637
v 0.478875 0.931009 -0.610082
v 0.485637 0.939719 -0.607701
v 1.377489 0.331932 -0.970637
v 1.372096 0.329645 -0.980278
v 0.473482 0.928721 -0.619722
v 0.478875 0.931009 -0.610082
v 1.379307 0.340462 -0.980278
v 1.372133 0.335503 -0.989918
v 1.372096 0.329645 -0.980278
v 0.480693 0.939538 -0.619722
v 0.473482 0.928721 -0.619722
v 0.473519 0.934579 -0.629363
v 1.379307 0.340462 -0.980278
v 1.377572 0.345095 -0.992299
v 1.372133 0.335503 -0.989918
v 0.480693 0.939538 -0.619722
v 0.473519 0.934579 -0.629363
v 0.478958 0.944171 -0.631744
v 1.379307 0.340462 -0.980278
v 1.384318 0.351198 -0.985628
v 1.377572 0.345095 -0.992299
v 0.480693 0.939538 -0.619722
v 0.478958 0.944171 -0.631744
v 0.485704 0.950274 -0.625073
v 1.379307 0.340462 -0.980278
v 1.387290 0.349217 -0.974927
v 1.384318 0.351198 -0.985628
v 0.480693 0.939538 -0.619722
v 0.485704 0.950274 -0.625073
v 0.488676 0.948293 -0.614372
v 1.379307 0.340462 -0.980278
v 1.384251 0.340643 -0.968256
v 1.387290 0.349217 -0.974927
v 0.480693 0.939538 -0.619722
v 0.488676 0.948293 -0.614372
v 0.485637 0.939719 -0.607701
v 1.379307 0.340462 -0.980278
v 1.377489 0.331932 -0.970637
v 1.384251 0.340643 -0.968256
v 0.480693 0.939538 -0.619722
v 0.485637 0.939719 -0.607701
v 0.478875 0.931009 -0.610082
v 1.379307 0.340462 -0.980278
v 1.372096 0.329645 -0.980278
v 1.377489 0.331932 -0.970637
v 0.480693 0.939538 -0.619722
v 0.478875 0.931009 -0.610082
v 0.473482 0.928721 -0.619722
v -1.372096 0.950355 0.619722
v -1.372133 0.944497 0.610082
v -0.473519 0.345421 0.970637
v -0.473482 0.351279 0.980278
v -1.372133 0.944497 0.610082
v -1.377572 0.934905 0.607701
v -0.478958 0.335829 0.968256
v -0.473519 0.345421 0.970637
v -1.377572 0.934905 0.607701
v -1.384318 0.928802 0.614372
v -0.485704 0.329726 0.974927
v -0.478958 0.335829 0.968256
v -1.384318 0.928802 0.614372
v -1.387290 0.930783 0.625073
v -0.488676 0.331707 0.985628
v -0.485704 0.329726 0.974927
v -1.387290 0.930783 0.625073
v -1.384251 0.939357 0.631744
v -0.485637 0.340281 0.992299
v -0.488676 0.331707 0.985628
v -1.384251 0.939357 0.631744
v -1.377489 0.948068 0.629363
v -0.478875 0.348991 0.989918
v -0.485637 0.340281 0.992299
v -1.377489 0.948068 0.629363
v -1.372096 0.950355 0.619722
v -0.473482 0.351279 0.980278
v -0.478875 0.348991 0.989918
v -1.379307 0.939538 0.619722
v -1.372133 0.944497 0.610082
v -1.372096 0.950355 0.619722
v -0.480693 0.340462 0.980278
v -0.473482 0.351279 0.980278
v -0.473519 0.345421 0.970637
v -1.379307 0.939538 0.619722
v -1.377572 0.934905 0.607701
v -1.372133 0.944497 0.610082
v -0.480693 0.340462 0.980278
v -0.473519 0.345421 0.970637
v -0.478958 0.335829 0.968256
v -1.379307 0.939538 0.619722
v -1.384318 0.928802 0.614372
v -1.377572 0.934905 0.607701
v -0.480693 0.340462 0.980278
v -0.478958 0.335829 0.968256
v -0.485704 0.329726 0.974927
v -1.379307 0.939538 0.619722
v -1.387290 0.930783 0.625073
v -1.384318 0.928802 0.614372
v -0.480693 0.340462 0.980278
v -0.485704 0.329726 0.974927
v -0.488676 0.331707 0.985628
v -1.379307 0.939538 0.619722
v -1.384251 0.939357 0.631744
v -1.387290 0.930783 0.625073
v -0.480693 0.340462 0.980278
v -0.488676 0.331707 0.985628
v -0.485637 0.340281 0.992299
v -1.379307 0.939538 0.619722
v -1.377489 0.948068 0.629363
v -1.384251 0.939357 0.631744
v -0.480693 0.340462 0.980278
v -0.485637 0.340281 0.992299
v -0.478875 0.348991 0.989918
v -1.379307 0.939538 0.619722
v -1.372096 0.950355 0.619722
v -1.377489 0.948068 0.629363
v -0.480693 0.340462 0.980278
v -0.478875 0.348991 0.989918
v -0.473482 0.351279 0.980278
v 1.386518 0.928721 0.619722
v 1.381125 0.931009 0.610082
v 0.482511 0.331932 0.970637
v 0.487904 0.329645 0.980278
v 1.381125 0.931009 0.610082
v 1.374363 0.939719 0.607701
v 0.475749 0.340643 0.968256
v 0.482511 0.331932 0.970637
v 1.374363 0.939719 0.607701
v 1.371324 0.948293 0.614372
v 0.472710 0.349217 0.974927
v 0.475749 0.340643 0.968256
v 1.371324 0.948293 0.614372
v 1.374296 0.950274 0.625073
v 0.475682 0.351198 0.985628
v 0.472710 0.349217 0.974927
v 1.374296 0.950274 0.625073
v 1.381042 0.944171 0.631744
v 0.482428 0.345095 0.992299
v 0.475682 0.351198 0.985628
v 1.381042 0.944171 0.631744
v 1.386481 0.934579 0.629363
v 0.487867 0.335503 0.989918
v 0.482428 0.345095 0.992299
v 1.386481 0.934579 0.629363
v 1.386518 0.928721 0.619722
v 0.487904 0.329645 0.980278
v 0.487867 0.335503 0.989918
v 1.379307 0.939538 0.619722
v 1.381125 0.931009 0.610082
v 1.386518 0.928721 0.619722
v 0.480693 0.340462 0.980278
v 0.487904 0.329645 0.980278
v 0.482511 0.331932 0.970637
v 1.379307 0.939538 0.619722
v 1.374363 0.939719 0.607701
v 1.381125 0.931009 0.610082
v 0.480693 0.340462 0.980278
v 0.482511 0.331932 0.970637
v 0.475749 0.340643 0.968256
v 1.379307 0.939538 0.619722
v 1.371324 0.948293 0.614372
v 1.374363 0.939719 0.607701
v 0.480693 0.340462 0.980278
v 0.475749 0.340643 0.968256
v 0.472710 0.349217 0.974927
v 1.379307 0.939538 0.619722
v 1.374296 0.950274 0.625073
v 1.371324 0.948293 0.614372
v 0.480693 0.340462 0.980278
v 0.472710 0.349217 0.974927
v 0.475682 0.351198 0.985628
v 1.379307 0.939538 0.619722
v 1.381042 0.944171 0.631744
v 1.374296 0.950274 0.625073
v 0.480693 0.340462 0.980278
v 0.475682 0.351198 0.985628
v 0.482428 0.345095 0.992299
v 1.379307 0.939538 0.619722
v 1.386481 0.934579 0.629363
v 1.381042 0.944171 0.631744
v 0.480693 0.340462 0.980278
v 0.482428 0.345095 0.992299
v 0.487867 0.335503 0.989918
v 1.379307 0.939538 0.619722
v 1.386518 0.928721 0.619722
v 1.386481 0.934579 0.629363
v 0.480693 0.340462 0.980278
v 0.487867 0.335503 0.989918
v 0.487904 0.329645 0.980278
v 0.759691 0.481151 0.200000
v 0.751291 0.469155 0.235355
v -0.190733 1.128768 0.235355
v -0.182334 1.140764 0.200000
v 0.751291 0.469155 0.235355
v 0.731012 0.440194 0.250000
v -0.211012 1.099806 0.250000
v -0.190733 1.128768 0.235355
v 0.731012 0.440194 0.250000
v 0.710733 0.411232 0.235355
v -0.231291 1.070845 0.235355
v -0.211012 1.099806 0.250000
v 0.710733 0.411232 0.235355
v 0.702334 0.399236 0.200000
v -0.239691 1.058849 0.200000
v -0.231291 1.070845 0.235355
v 0.702334 0.399236 0.200000
v 0.710733 0.411232 0.164645
v -0.231291 1.070845 0.164645
v -0.239691 1.058849 0.200000
v 0.710733 0.411232 0.164645
v 0.731012 0.440194 0.150000
v -0.211012 1.099806 0.150000
v -0.231291 1.070845 0.164645
v 0.731012 0.440194 0.150000
v 0.751291 0.469155 0.164645
v -0.190733 1.128768 0.164645
v -0.211012 1.099806 0.150000
v 0.751291 0.469155 0.164645
v 0.759691 0.481151 0.200000
v -0.182334 1.140764 0.200000
v -0.190733 1.128768 0.164645
v 0.731012 0.440194 0.200000
v 0.751291 0.469155 0.235355
v 0.759691 0.481151 0.200000
v -0.211012 1.099806 0.200000
v -0.182334 1.140764 0.200000
v -0.190733 1.128768 0.235355
v 0.731012 0.440194 0.200000
v 0.731012 0.440194 0.250000
v 0.751291 0.469155 0.235355
v -0.211012 1.099806 0.200000
v -0.190733 1.128768 0.235355
v -0.211012 1.099806 0.250000
v 0.731012 0.440194 0.200000
v 0.710733 0.411232 0.235355
v 0.731012 0.440194 0.250000
v -0.211012 1.099806 0.200000
v -0.211012 1.099806 0.250000
v -0.231291 1.070845 0.235355
v 0.731012 0.440194 0.200000
v 0.702334 0.399236 0.200000
v 0.710733 0.411232 0.235355
v -0.211012 1.099806 0.200000
v -0.231291 1.070845 0.235355
v -0.239691 1.058849 0.200000
v 0.731012 0.440194 0.200000
v 0.710733 0.411232 0.164645
v 0.702334 0.399236 0.200000
v -0.211012 1.099806 0.200000
v -0.239691 1.058849 0.200000
v -0.231291 1.070845 0.164645
v 0.731012 0.440194 0.200000
v 0.731012 0.440194 0.150000
v 0.710733 0.411232 0.164645
v -0.211012 1.099806 0.200000
v -0.231291 1.070845 0.164645
v -0.211012 1.099806 0.150000
v 0.731012 0.440194 0.200000
v 0.751291 0.469155 0.164645
v 0.731012 0.440194 0.150000
v -0.211012 1.099806 0.200000
v -0.211012 1.099806 0.150000
v -0.190733 1.128768 0.164645
v 0.731012 0.440194 0.200000
v 0.759691 0.481151 0.200000
v 0.751291 0.469155 0.164645
v -0.211012 1.099806 0.200000
v -0.190733 1.128768 0.164645
v -0.182334 1.140764 0.200000
v -0.281199 1.367500 -0.030711
v 0.004117 1.367500 -0.123416
v 0.004117 1.392500 -0.123416
v -0.281199 1.392500 -0.030711
v 0.041199 1.367500 -0.009289
v -0.244117 1.367500 0.083416
v -0.244117 1.392500 0.083416
v 0.041199 1.392500 -0.009289
v -0.244117 1.367500 0.083416
v -0.281199 1.367500 -0.030711
v -0.281199 1.392500 -0.030711
v -0.244117 1.392500 0.083416
v 0.004117 1.367500 -0.123416
v 0.041199 1.367500 -0.009289
v 0.041199 1.392500 -0.009289
v 0.004117 1.392500 -0.123416
v -0.281199 1.392500 -0.030711
v 0.004117 1.392500 -0.123416
v 0.041199 1.392500 -0.009289
v -0.244117 1.392500 0.083416
v -0.244117 1.367500 0.083416
v 0.041199 1.367500 -0.009289
v 0.004117 1.367500 -0.123416
v -0.281199 1.367500 -0.030711
v -0.291000 1.450000 -0.700000
v -0.302924 1.405500 -0.700000
v -0.315048 1.412500 -0.686000
v -0.305000 1.450000 -0.686000
v -0.305000 1.450000 -0.686000
v -0.315048 1.412500 -0.686000
v -0.327172 1.419500 -0.700000
v -0.319000 1.450000 -0.700000
v -0.319000 1.450000 -0.700000
v -0.327172 1.419500 -0.700000
v -0.315048 1.412500 -0.714000
v -0.305000 1.450000 -0.714000
v -0.305000 1.450000 -0.714000
v -0.315048 1.412500 -0.714000
v -0.302924 1.405500 -0.700000
v -0.291000 1.450000 -0.700000
v -0.302924 1.405500 -0.700000
v -0.335500 1.372924 -0.700000
v -0.342500 1.385048 -0.686000
v -0.315048 1.412500 -0.686000
v -0.315048 1.412500 -0.686000
v -0.342500 1.385048 -0.686000
v -0.349500 1.397172 -0.700000
v -0.327172 1.419500 -0.700000
v -0.327172 1.419500 -0.700000
v -0.349500 1.397172 -0.700000
v -0.342500 1.385048 -0.714000
v -0.315048 1.412500 -0.714000
v -0.315048 1.412500 -0.714000
v -0.342500 1.385048 -0.714000
v -0.335500 1.372924 -0.700000
v -0.302924 1.405500 -0.700000
v -0.335500 1.372924 -0.700000
v -0.380000 1.361000 -0.700000
v -0.380000 1.375000 -0.686000
v -0.342500 1.385048 -0.686000
v -0.342500 1.385048 -0.686000
v -0.380000 1.375000 -0.686000
v -0.380000 1.389000 -0.700000
v -0.349500 1.397172 -0.700000
v -0.349500 1.397172 -0.700000
v -0.380000 1.389000 -0.700000
v -0.380000 1.375000 -0.714000
v -0.342500 1.385048 -0.714000
v -0.342500 1.385048 -0.714000
v -0.380000 1.375000 -0.714000
v -0.380000 1.361000 -0.700000
v -0.335500 1.372924 -0.700000
v -0.380000 1.361000 -0.700000
v -0.424500 1.372924 -0.700000
v -0.417500 1.385048 -0.686000
v -0.380000 1.375000 -0.686000
v -0.380000 1.375000 -0.686000
v -0.417500 1.385048 -0.686000
v -0.410500 1.397172 -0.700000
v -0.380000 1.389000 -0.700000
v -0.380000 1.389000 -0.700000
v -0.410500 1.397172 -0.700000
v -0.417500 1.385048 -0.714000
v -0.380000 1.375000 -0.714000
v -0.380000 1.375000 -0.714000
v -0.417500 1.385048 -0.714000
v -0.424500 1.372924 -0.700000
v -0.380000 1.361000 -0.700000
v -0.424500 1.372924 -0.700000
v -0.457076 1.405500 -0.700000
v -0.444952 1.412500 -0.686000
v -0.417500 1.385048 -0.686000
v -0.417500 1.385048 -0.686000
v -0.444952 1.412500 -0.686000
v -0.432828 1.419500 -0.700000
v -0.410500 1.397172 -0.700000
v -0.410500 1.397172 -0.700000
v -0.432828 1.419500 -0.700000
v -0.444952 1.412500 -0.714000
v -0.417500 1.385048 -0.714000
v -0.417500 1.385048 -0.714000
v -0.444952 1.412500 -0.714000
v -0.457076 1.405500 -0.700000
v -0.424500 1.372924 -0.700000
v -0.457076 1.405500 -0.700000
v -0.469000 1.450000 -0.700000
v -0.455000 1.450000 -0.686000
v -0.444952 1.412500 -0.686000
v -0.444952 1.412500 -0.686000
v -0.455000 1.450000 -0.686000
v -0.441000 1.450000 -0.700000
v -0.432828 1.419500 -0.700000
v -0.432828 1.419500 -0.700000
v -0.441000 1.450000 -0.700000
v -0.455000 1.450000 -0.714000
v -0.444952 1.412500 -0.714000
v -0.444952 1.412500 -0.714000
v -0.455000 1.450000 -0.714000
v -0.469000 1.450000 -0.700000
v -0.457076 1.405500 -0.700000
v -0.469000 1.450000 -0.700000
v -0.457076 1.494500 -0.700000
v -0.444952 1.487500 -0.686000
v -0.455000 1.450000 -0.686000
v -0.455000 1.450000 -0.686000
v -0.444952 1.487500 -0.686000
v -0.432828 1.480500 -0.700000
v -0.441000 1.450000 -0.700000
v -0.441000 1.450000 -0.700000
v -0.432828 1.480500 -0.700000
v -0.444952 1.487500 -0.714000
v -0.455000 1.450000 -0.714000
v -0.455000 1.450000 -0.714000
v -0.444952 1.487500 -0.714000
v -0.457076 1.494500 -0.700000
v -0.469000 1.450000 -0.700000
v -0.457076 1.494500 -0.700000
v -0.424500 1.527076 -0.700000
v -0.417500 1.514952 -0.686000
v -0.444952 1.487500 -0.686000
v -0.444952 1.487500 -0.686000
v -0.417500 1.514952 -0.686000
v -0.410500 1.502828 -0.700000
v -0.432828 1.480500 -0.700000
v -0.432828 1.480500 -0.700000
v -0.410500 1.502828 -0.700000
v -0.417500 1.514952 -0.714000
v -0.444952 1.487500 -0.714000
v -0.444952 1.487500 -0.714000
v -0.417500 1.514952 -0.714000
v -0.424500 1.527076 -0.700000
v -0.457076 1.494500 -0.700000
v -0.424500 1.527076 -0.700000
v -0.380000 1.539000 -0.700000
v -0.380000 1.525000 -0.686000
v -0.417500 1.514952 -0.686000
v -0.417500 1.514952 -0.686000
v -0.380000 1.525000 -0.686000
v -0.380000 1.511000 -0.700000
v -0.410500 1.502828 -0.700000
v -0.410500 1.502828 -0.700000
v -0.380000 1.511000 -0.700000
v -0.380000 1.525000 -0.714000
v -0.417500 1.514952 -0.714000
v -0.417500 1.514952 -0.714000
v -0.380000 1.525000 -0.714000
v -0.380000 1.539000 -0.700000
v -0.424500 1.527076 -0.700000
v -0.380000 1.539000 -0.700000
v -0.335500 1.527076 -0.700000
v -0.342500 1.514952 -0.686000
v -0.380000 1.525000 -0.686000
v -0.380000 1.525000 -0.686000
v -0.342500 1.514952 -0.686000
v -0.349500 1.502828 -0.700000
v -0.380000 1.511000 -0.700000
v -0.380000 1.511000 -0.700000
v -0.349500 1.502828 -0.700000
v -0.342500 1.514952 -0.714000
v -0.380000 1.525000 -0.714000
v -0.380000 1.525000 -0.714000
v -0.342500 1.514952 -0.714000
v -0.335500 1.527076 -0.700000
v -0.380000 1.539000 -0.700000
v -0.335500 1.527076 -0.700000
v -0.302924 1.494500 -0.700000
v -0.315048 1.487500 -0.686000
v -0.342500 1.514952 -0.686000
v -0.342500 1.514952 -0.686000
v -0.315048 1.487500 -0.686000
v -0.327172 1.480500 -0.700000
v -0.349500 1.502828 -0.700000
v -0.349500 1.502828 -0.700000
v -0.327172 1.480500 -0.700000
v -0.315048 1.487500 -0.714000
v -0.342500 1.514952 -0.714000
v -0.342500 1.514952 -0.714000
v -0.315048 1.487500 -0.714000
v -0.302924 1.494500 -0.700000
v -0.335500 1.527076 -0.700000
v -0.302924 1.494500 -0.700000
v -0.291000 1.450000 -0.700000
v -0.305000 1.450000 -0.686000
v -0.315048 1.487500 -0.686000
v -0.315048 1.487500 -0.686000
v -0.305000 1.450000 -0.686000
v -0.319000 1.450000 -0.700000
v -0.327172 1.480500 -0.700000
v -0.327172 1.480500 -0.700000
v -0.319000 1.450000 -0.700000
v -0.305000 1.450000 -0.714000
v -0.315048 1.487500 -0.714000
v -0.315048 1.487500 -0.714000
v -0.305000 1.450000 -0.714000
v -0.291000 1.450000 -0.700000
v -0.302924 1.494500 -0.700000
v 0.469000 1.450000 -0.700000
v 0.457076 1.405500 -0.700000
v 0.444952 1.412500 -0.686000
v 0.455000 1.450000 -0.686000
v 0.455000 1.450000 -0.686000
v 0.444952 1.412500 -0.686000
v 0.432828 1.419500 -0.700000
v 0.441000 1.450000 -0.700000
v 0.441000 1.450000 -0.700000
v 0.432828 1.419500 -0.700000
v 0.444952 1.412500 -0.714000
v 0.455000 1.450000 -0.714000
v 0.455000 1.450000 -0.714000
v 0.444952 1.412500 -0.714000
v 0.457076 1.405500 -0.700000
v 0.469000 1.450000 -0.700000
v 0.457076 1.405500 -0.700000
v 0.424500 1.372924 -0.700000
v 0.417500 1.385048 -0.686000
v 0.444952 1.412500 -0.686000
v 0.444952 1.412500 -0.686000
v 0.417500 1.385048 -0.686000
v 0.410500 1.397172 -0.700000
v 0.432828 1.419500 -0.700000
v 0.432828 1.419500 -0.700000
v 0.410500 1.397172 -0.700000
v 0.417500 1.385048 -0.714000
v 0.444952 1.412500 -0.714000
v 0.444952 1.412500 -0.714000
v 0.417500 1.385048 -0.714000
v 0.424500 1.372924 -0.700000
v 0.457076 1.405500 -0.700000
v 0.424500 1.372924 -0.700000
v 0.380000 1.361000 -0.700000
v 0.380000 1.375000 -0.686000
v 0.417500 1.385048 -0.686000
v 0.417500 1.385048 -0.686000
v 0.380000 1.375000 -0.686000
v 0.380000 1.389000 -0.700000
v 0.410500 1.397172 -0.700000
v 0.410500 1.397172 -0.700000
v 0.380000 1.389000 -0.700000
v 0.380000 1.375000 -0.714000
v 0.417500 1.385048 -0.714000
v 0.417500 1.385048 -0.714000
v 0.380000 1.375000 -0.714000
v 0.380000 1.361000 -0.700000
v 0.424500 1.372924 -0.700000
v 0.380000 1.361000 -0.700000
v 0.335500 1.372924 -0.700000
v 0.342500 1.385048 -0.686000
v 0.380000 1.375000 -0.686000
v 0.380000 1.375000 -0.686000
v 0.342500 1.385048 -0.686000
v 0.349500 1.397172 -0.700000
v 0.380000 1.389000 -0.700000
v 0.380000 1.389000 -0.700000
v 0.349500 1.397172 -0.700000
v 0.342500 1.385048 -0.714000
v 0.380000 1.375000 -0.714000
v 0.380000 1.375000 -0.714000
v 0.342500 1.385048 -0.714000
v 0.335500 1.372924 -0.700000
v 0.380000 1.361000 -0.700000
v 0.335500 1.372924 -0.700000
v 0.302924 1.405500 -0.700000
v 0.315048 1.412500 -0.686000
v 0.342500 1.385048 -0.686000
v 0.342500 1.385048 -0.686000
v 0.315048 1.412500 -0.686000
v 0.327172 1.419500 -0.700000
v 0.349500 1.397172 -0.700000
v 0.349500 1.397172 -0.700000
v 0.327172 1.419500 -0.700000
v 0.315048 1.412500 -0.714000
v 0.342500 1.385048 -0.714000
v 0.342500 1.385048 -0.714000
v 0.315048 1.412500 -0.714000
v 0.302924 1.405500 -0.700000
v 0.335500 1.372924 -0.700000
v 0.302924 1.405500 -0.700000
v 0.291000 1.450000 -0.700000
v 0.305000 1.450000 -0.686000
v 0.315048 1.412500 -0.686000
v 0.315048 1.412500 -0.686000
v 0.305000 1.450000 -0.686000
v 0.319000 1.450000 -0.700000
v 0.327172 1.419500 -0.700000
v 0.327172 1.419500 -0.700000
v 0.319000 1.450000 -0.700000
v 0.305000 1.450000 -0.714000
v 0.315048 1.412500 -0.714000
v 0.315048 1.412500 -0.714000
v 0.305000 1.450000 -0.714000
v 0.291000 1.450000 -0.700000
v 0.302924 1.405500 -0.700000
v 0.291000 1.450000 -0.700000
v 0.302924 1.494500 -0.700000
v 0.315048 1.487500 -0.686000
v 0.305000 1.450000 -0.686000
v 0.305000 1.450000 -0.686000
v 0.315048 1.487500 -0.686000
v 0.327172 1.480500 -0.700000
v 0.319000 1.450000 -0.700000
v 0.319000 1.450000 -0.700000
v 0.327172 1.480500 -0.700000
v 0.315048 1.487500 -0.714000
v 0.305000 1.450000 -0.714000
v 0.305000 1.450000 -0.714000
v 0.315048 1.487500 -0.714000
v 0.302924 1.494500 -0.700000
v 0.291000 1.450000 -0.700000
v 0.302924 1.494500 -0.700000
v 0.335500 1.527076 -0.700000
v 0.342500 1.514952 -0.686000
v 0.315048 1.487500 -0.686000
v 0.315048 1.487500 -0.686000
v 0.342500 1.514952 -0.686000
v 0.349500 1.502828 -0.700000
v 0.327172 1.480500 -0.700000
v 0.327172 1.480500 -0.700000
v 0.349500 1.502828 -0.700000
v 0.342500 1.514952 -0.714000
v 0.315048 1.487500 -0.714000
v 0.315048 1.487500 -0.714000
v 0.342500 1.514952 -0.714000
v 0.335500 1.527076 -0.700000
v 0.302924 1.494500 -0.700000
v 0.335500 1.527076 -0.700000
v 0.380000 1.539000 -0.700000
v 0.380000 1.525000 -0.686000
v 0.342500 1.514952 -0.686000
v 0.342500 1.514952 -0.686000
v 0.380000 1.525000 -0.686000
v 0.380000 1.511000 -0.700000
v 0.349500 1.502828 -0.700000
v 0.349500 1.502828 -0.700000
v 0.380000 1.511000 -0.700000
v 0.380000 1.525000 -0.714000
v 0.342500 1.514952 -0.714000
v 0.342500 1.514952 -0.714000
v 0.380000 1.525000 -0.714000
v 0.380000 1.539000 -0.700000
v 0.335500 1.527076 -0.700000
v 0.380000 1.539000 -0.700000
v 0.424500 1.527076 -0.700000
v 0.417500 1.514952 -0.686000
v 0.380000 1.525000 -0.686000
v 0.380000 1.525000 -0.686000
v 0.417500 1.514952 -0.686000
v 0.410500 1.502828 -0.700000
v 0.380000 1.511000 -0.700000
v 0.380000 1.511000 -0.700000
v 0.410500 1.502828 -0.700000
v 0.417500 1.514952 -0.714000
v 0.380000 1.525000 -0.714000
v 0.380000 1.525000 -0.714000
v 0.417500 1.514952 -0.714000
v 0.424500 1.527076 -0.700000
v 0.380000 1.539000 -0.700000
v 0.424500 1.527076 -0.700000
v 0.457076 1.494500 -0.700000
v 0.444952 1.487500 -0.686000
v 0.417500 1.514952 -0.686000
v 0.417500 1.514952 -0.686000
v 0.444952 1.487500 -0.686000
v 0.432828 1.480500 -0.700000
v 0.410500 1.502828 -0.700000
v 0.410500 1.502828 -0.700000
v 0.432828 1.480500 -0.700000
v 0.444952 1.487500 -0.714000
v 0.417500 1.514952 -0.714000
v 0.417500 1.514952 -0.714000
v 0.444952 1.487500 -0.714000
v 0.457076 1.494500 -0.700000
v 0.424500 1.527076 -0.700000
v 0.457076 1.494500 -0.700000
v 0.469000 1.450000 -0.700000
v 0.455000 1.450000 -0.686000
v 0.444952 1.487500 -0.686000
v 0.444952 1.487500 -0.686000
v 0.455000 1.450000 -0.686000
v 0.441000 1.450000 -0.700000
v 0.432828 1.480500 -0.700000
v 0.432828 1.480500 -0.700000
v 0.441000 1.450000 -0.700000
v 0.455000 1.450000 -0.714000
v 0.444952 1.487500 -0.714000
v 0.444952 1.487500 -0.714000
v 0.455000 1.450000 -0.714000
v 0.469000 1.450000 -0.700000
v 0.457076 1.494500 -0.700000
v -0.291000 1.450000 0.700000
v -0.302924 1.405500 0.700000
v -0.315048 1.412500 0.714000
v -0.305000 1.450000 0.714000
v -0.305000 1.450000 0.714000
v -0.315048 1.412500 0.714000
v -0.327172 1.419500 0.700000
v -0.319000 1.450000 0.700000
v -0.319000 1.450000 0.700000
v -0.327172 1.419500 0.700000
v -0.315048 1.412500 0.686000
v -0.305000 1.450000 0.686000
v -0.305000 1.450000 0.686000
v -0.315048 1.412500 0.686000
v -0.302924 1.405500 0.700000
v -0.291000 1.450000 0.700000
v -0.302924 1.405500 0.700000
v -0.335500 1.372924 0.700000
v -0.342500 1.385048 0.714000
v -0.315048 1.412500 0.714000
v -0.315048 1.412500 0.714000
v -0.342500 1.385048 0.714000
v -0.349500 1.397172 0.700000
v -0.327172 1.419500 0.700000
v -0.327172 1.419500 0.700000
v -0.349500 1.397172 0.700000
v -0.342500 1.385048 0.686000
v -0.315048 1.412500 0.686000
v -0.315048 1.412500 0.686000
v -0.342500 1.385048 0.686000
v -0.335500 1.372924 0.700000
v -0.302924 1.405500 0.700000
v -0.335500 1.372924 0.700000
v -0.380000 1.361000 0.700000
v -0.380000 1.375000 0.714000
v -0.342500 1.385048 0.714000
v -0.342500 1.385048 0.714000
v -0.380000 1.375000 0.714000
v -0.380000 1.389000 0.700000
v -0.349500 1.397172 0.700000
v -0.349500 1.397172 0.700000
v -0.380000 1.389000 0.700000
v -0.380000 1.375000 0.686000
v -0.342500 1.385048 0.686000
v -0.342500 1.385048 0.686000
v -0.380000 1.375000 0.686000
v -0.380000 1.361000 0.700000
v -0.335500 1.372924 0.700000
v -0.380000 1.361000 0.700000
v -0.424500 1.372924 0.700000
v -0.417500 1.385048 0.714000
v -0.380000 1.375000 0.714000
v -0.380000 1.375000 0.714000
v -0.417500 1.385048 0.714000
v -0.410500 1.397172 0.700000
v -0.380000 1.389000 0.700000
v -0.380000 1.389000 0.700000
v -0.410500 1.397172 0.700000
v -0.417500 1.385048 0.686000
v -0.380000 1.375000 0.686000
v -0.380000 1.375000 0.686000
v -0.417500 1.385048 0.686000
v -0.424500 1.372924 0.700000
v -0.380000 1.361000 0.700000
v -0.424500 1.372924 0.700000
v -0.457076 1.405500 0.700000
v -0.444952 1.412500 0.714000
v -0.417500 1.385048 0.714000
v -0.417500 1.385048 0.714000
v -0.444952 1.412500 0.714000
v -0.432828 1.419500 0.700000
v -0.410500 1.397172 0.700000
v -0.410500 1.397172 0.700000
v -0.432828 1.419500 0.700000
v -0.444952 1.412500 0.686000
v -0.417500 1.385048 0.686000
v -0.417500 1.385048 0.686000
v -0.444952 1.412500 0.686000
v -0.457076 1.405500 0.700000
v -0.424500 1.372924 0.700000
v -0.457076 1.405500 0.700000
v -0.469000 1.450000 0.700000
v -0.455000 1.450000 0.714000
v -0.444952 1.412500 0.714000
v -0.444952 1.412500 0.714000
v -0.455000 1.450000 0.714000
v -0.441000 1.450000 0.700000
v -0.432828 1.419500 0.700000
v -0.432828 1.419500 0.700000
v -0.441000 1.450000 0.700000
v -0.455000 1.450000 0.686000
v -0.444952 1.412500 0.686000
v -0.444952 1.412500 0.686000
v -0.455000 1.450000 0.686000
v -0.469000 1.450000 0.700000
v -0.457076 1.405500 0.700000
v -0.469000 1.450000 0.700000
v -0.457076 1.494500 0.700000
v -0.444952 1.487500 0.714000
v -0.455000 1.450000 0.714000
v -0.455000 1.450000 0.714000
v -0.444952 1.487500 0.714000
v -0.432828 1.480500 0.700000
v -0.441000 1.450000 0.700000
v -0.441000 1.450000 0.700000
v -0.432828 1.480500 0.700000
v -0.444952 1.487500 0.686000
v -0.455000 1.450000 0.686000
v -0.455000 1.450000 0.686000
v -0.444952 1.487500 0.686000
v -0.457076 1.494500 0.700000
v -0.469000 1.450000 0.700000
v -0.457076 1.494500 0.700000
v -0.424500 1.527076 0.700000
v -0.417500 1.514952 0.714000
v -0.444952 1.487500 0.714000
v -0.444952 1.487500 0.714000
v -0.417500 1.514952 0.714000
v -0.410500 1.502828 0.700000
v -0.432828 1.480500 0.700000
v -0.432828 1.480500 0.700000
v -0.410500 1.502828 0.700000
v -0.417500 1.514952 0.686000
v -0.444952 1.487500 0.686000
v -0.444952 1.487500 0.686000
v -0.417500 1.514952 0.686000
v -0.424500 1.527076 0.700000
v -0.457076 1.494500 0.700000
v -0.424500 1.527076 0.700000
v -0.380000 1.539000 0.700000
v -0.380000 1.525000 0.714000
v -0.417500 1.514952 0.714000
v -0.417500 1.514952 0.714000
v -0.380000 1.525000 0.714000
v -0.380000 1.511000 0.700000
v -0.410500 1.502828 0.700000
v -0.410500 1.502828 0.700000
v -0.380000 1.511000 0.700000
v -0.380000 1.525000 0.686000
v -0.417500 1.514952 0.686000
v -0.417500 1.514952 0.686000
v -0.380000 1.525000 0.686000
v -0.380000 1.539000 0.700000
v -0.424500 1.527076 0.700000
v -0.380000 1.539000 0.700000
v -0.335500 1.527076 0.700000
v -0.342500 1.514952 0.714000
v -0.380000 1.525000 0.714000
v -0.380000 1.525000 0.714000
v -0.342500 1.514952 0.714000
v -0.349500 1.502828 0.700000
v -0.380000 1.511000 0.700000
v -0.380000 1.511000 0.700000
v -0.349500 1.502828 0.700000
v -0.342500 1.514952 0.686000
v -0.380000 1.525000 0.686000
v -0.380000 1.525000 0.686000
v -0.342500 1.514952 0.686000
v -0.335500 1.527076 0.700000
v -0.380000 1.539000 0.700000
v -0.335500 1.527076 0.700000
v -0.302924 1.494500 0.700000
v -0.315048 1.487500 0.714000
v -0.342500 1.514952 0.714000
v -0.342500 1.514952 0.714000
v -0.315048 1.487500 0.714000
v -0.327172 1.480500 0.700000
v -0.349500 1.502828 0.700000
v -0.349500 1.502828 0.700000
v -0.327172 1.480500 0.700000
v -0.315048 1.487500 0.686000
v -0.342500 1.514952 0.686000
v -0.342500 1.514952 0.686000
v -0.315048 1.487500 0.686000
v -0.302924 1.494500 0.700000
v -0.335500 1.527076 0.700000
v -0.302924 1.494500 0.700000
v -0.291000 1.450000 0.700000
v -0.305000 1.450000 0.714000
v -0.315048 1.487500 0.714000
v -0.315048 1.487500 0.714000
v -0.305000 1.450000 0.714000
v -0.319000 1.450000 0.700000
v -0.327172 1.480500 0.700000
v -0.327172 1.480500 0.700000
v -0.319000 1.450000 0.700000
v -0.305000 1.450000 0.686000
v -0.315048 1.487500 0.686000
v -0.315048 1.487500 0.686000
v -0.305000 1.450000 0.686000
v -0.291000 1.450000 0.700000
v -0.302924 1.494500 0.700000
v 0.469000 1.450000 0.700000
v 0.457076 1.405500 0.700000
v 0.444952 1.412500 0.714000
v 0.455000 1.450000 0.714000
v 0.455000 1.450000 0.714000
v 0.444952 1.412500 0.714000
v 0.432828 1.419500 0.700000
v 0.441000 1.450000 0.700000
v 0.441000 1.450000 0.700000
v 0.432828 1.419500 0.700000
v 0.444952 1.412500 0.686000
v 0.455000 1.450000 0.686000
v 0.455000 1.450000 0.686000
v 0.444952 1.412500 0.686000
v 0.457076 1.405500 0.700000
v 0.469000 1.450000 0.700000
v 0.457076 1.405500 0.700000
v 0.424500 1.372924 0.700000
v 0.417500 1.385048 0.714000
v 0.444952 1.412500 0.714000
v 0.444952 1.412500 0.714000
v 0.417500 1.385048 0.714000
v 0.410500 1.397172 0.700000
v 0.432828 1.419500 0.700000
v 0.432828 1.419500 0.700000
v 0.410500 1.397172 0.700000
v 0.417500 1.385048 0.686000
v 0.444952 1.412500 0.686000
v 0.444952 1.412500 0.686000
v 0.417500 1.385048 0.686000
v 0.424500 1.372924 0.700000
v 0.457076 1.405500 0.700000
v 0.424500 1.372924 0.700000
v 0.380000 1.361000 0.700000
v 0.380000 1.375000 0.714000
v 0.417500 1.385048 0.714000
v 0.417500 1.385048 0.714000
v 0.380000 1.375000 0.714000
v 0.380000 1.389000 0.700000
v 0.410500 1.397172 0.700000
v 0.410500 1.397172 0.700000
v 0.380000 1.389000 0.700000
v 0.380000 1.375000 0.686000
v 0.417500 1.385048 0.686000
v 0.417500 1.385048 0.686000
v 0.380000 1.375000 0.686000
v 0.380000 1.361000 0.700000
v 0.424500 1.372924 0.700000
v 0.380000 1.361000 0.700000
v 0.335500 1.372924 0.700000
v 0.342500 1.385048 0.714000
v 0.380000 1.375000 0.714000
v 0.380000 1.375000 0.714000
v 0.342500 1.385048 0.714000
v 0.349500 1.397172 0.700000
v 0.380000 1.389000 0.700000
v 0.380000 1.389000 0.700000
v 0.349500 1.397172 0.700000
v 0.342500 1.385048 0.686000
v 0.380000 1.375000 0.686000
v 0.380000 1.375000 0.686000
v 0.342500 1.385048 0.686000
v 0.335500 1.372924 0.700000
v 0.380000 1.361000 0.700000
v 0.335500 1.372924 0.700000
v 0.302924 1.405500 0.700000
v 0.315048 1.412500 0.714000
v 0.342500 1.385048 0.714000
v 0.342500 1.385048 0.714000
v 0.315048 1.412500 0.714000
v 0.327172 1.419500 0.700000
v 0.349500 1.397172 0.700000
v 0.349500 1.397172 0.700000
v 0.327172 1.419500 0.700000
v 0.315048 1.412500 0.686000
v 0.342500 1.385048 0.686000
v 0.342500 1.385048 0.686000
v 0.315048 1.412500 0.686000
v 0.302924 1.405500 0.700000
v 0.335500 1.372924 0.700000
v 0.302924 1.405500 0.700000
v 0.291000 1.450000 0.700000
v 0.305000 1.450000 0.714000
v 0.315048 1.412500 0.714000
v 0.315048 1.412500 0.714000
v 0.305000 1.450000 0.714000
v 0.319000 1.450000 0.700000
v 0.327172 1.419500 0.700000
v 0.327172 1.419500 0.700000
v 0.319000 1.450000 0.700000
v 0.305000 1.450000 0.686000
v 0.315048 1.412500 0.686000
v 0.315048 1.412500 0.686000
v 0.305000 1.450000 0.686000
v 0.291000 1.450000 0.700000
v 0.302924 1.405500 0.700000
v 0.291000 1.450000 0.700000
v 0.302924 1.494500 0.700000
v 0.315048 1.487500 0.714000
v 0.305000 1.450000 0.714000
v 0.305000 1.450000 0.714000
v 0.315048 1.487500 0.714000
v 0.327172 1.480500 0.700000
v 0.319000 1.450000 0.700000
v 0.319000 1.450000 0.700000
v 0.327172 1.480500 0.700000
v 0.315048 1.487500 0.686000
v 0.305000 1.450000 0.686000
v 0.305000 1.450000 0.686000
v 0.315048 1.487500 0.686000
v 0.302924 1.494500 0.700000
v 0.291000 1.450000 0.700000
v 0.302924 1.494500 0.700000
v 0.335500 1.527076 0.700000
v 0.342500 1.514952 0.714000
v 0.315048 1.487500 0.714000
v 0.315048 1.487500 0.714000
v 0.342500 1.514952 0.714000
v 0.349500 1.502828 0.700000
v 0.327172 1.480500 0.700000
v 0.327172 1.480500 0.700000
v 0.349500 1.502828 0.700000
v 0.342500 1.514952 0.686000
v 0.315048 1.487500 0.686000
v 0.315048 1.487500 0.686000
v 0.342500 1.514952 0.686000
v 0.335500 1.527076 0.700000
v 0.302924 1.494500 0.700000
v 0.335500 1.527076 0.700000
v 0.380000 1.539000 0.700000
v 0.380000 1.525000 0.714000
v 0.342500 1.514952 0.714000
v 0.342500 1.514952 0.714000
v 0.380000 1.525000 0.714000
v 0.380000 1.511000 0.700000
v 0.349500 1.502828 0.700000
v 0.349500 1.502828 0.700000
v 0.380000 1.511000 0.700000
v 0.380000 1.525000 0.686000
v 0.342500 1.514952 0.686000
v 0.342500 1.514952 0.686000
v 0.380000 1.525000 0.686000
v 0.380000 1.539000 0.700000
v 0.335500 1.527076 0.700000
v 0.380000 1.539000 0.700000
v 0.424500 1.527076 0.700000
v 0.417500 1.514952 0.714000
v 0.380000 1.525000 0.714000
v 0.380000 1.525000 0.714000
v 0.417500 1.514952 0.714000
v 0.410500 1.502828 0.700000
v 0.380000 1.511000 0.700000
v 0.380000 1.511000 0.700000
v 0.410500 1.502828 0.700000
v 0.417500 1.514952 0.686000
v 0.380000 1.525000 0.686000
v 0.380000 1.525000 0.686000
v 0.417500 1.514952 0.686000
v 0.424500 1.527076 0.700000
v 0.380000 1.539000 0.700000
v 0.424500 1.527076 0.700000
v 0.457076 1.494500 0.700000
v 0.444952 1.487500 0.714000
v 0.417500 1.514952 0.714000
v 0.417500 1.514952 0.714000
v 0.444952 1.487500 0.714000
v 0.432828 1.480500 0.700000
v 0.410500 1.502828 0.700000
v 0.410500 1.502828 0.700000
v 0.432828 1.480500 0.700000
v 0.444952 1.487500 0.686000
v 0.417500 1.514952 0.686000
v 0.417500 1.514952 0.686000
v 0.444952 1.487500 0.686000
v 0.457076 1.494500 0.700000
v 0.424500 1.527076 0.700000
v 0.457076 1.494500 0.700000
v 0.469000 1.450000 0.700000
v 0.455000 1.450000 0.714000
v 0.444952 1.487500 0.714000
v 0.444952 1.487500 0.714000
v 0.455000 1.450000 0.714000
v 0.441000 1.450000 0.700000
v 0.432828 1.480500 0.700000
v 0.432828 1.480500 0.700000
v 0.441000 1.450000 0.700000
v 0.455000 1.450000 0.686000
v 0.444952 1.487500 0.686000
v 0.444952 1.487500 0.686000
v 0.455000 1.450000 0.686000
v 0.469000 1.450000 0.700000
v 0.457076 1.494500 0.700000
v -0.568000 0.280000 -0.700000
v -0.581751 0.237679 -0.700000
v -0.591459 0.244733 -0.688000
v -0.580000 0.280000 -0.688000
v -0.580000 0.280000 -0.688000
v -0.591459 0.244733 -0.688000
v -0.601167 0.251786 -0.700000
v -0.592000 0.280000 -0.700000
v -0.592000 0.280000 -0.700000
v -0.601167 0.251786 -0.700000
v -0.591459 0.244733 -0.712000
v -0.580000 0.280000 -0.712000
v -0.580000 0.280000 -0.712000
v -0.591459 0.244733 -0.712000
v -0.581751 0.237679 -0.700000
v -0.568000 0.280000 -0.700000
v -0.581751 0.237679 -0.700000
v -0.617751 0.211524 -0.700000
v -0.621459 0.222937 -0.688000
v -0.591459 0.244733 -0.688000
v -0.591459 0.244733 -0.688000
v -0.621459 0.222937 -0.688000
v -0.625167 0.234349 -0.700000
v -0.601167 0.251786 -0.700000
v -0.601167 0.251786 -0.700000
v -0.625167 0.234349 -0.700000
v -0.621459 0.222937 -0.712000
v -0.591459 0.244733 -0.712000
v -0.591459 0.244733 -0.712000
v -0.621459 0.222937 -0.712000
v -0.617751 0.211524 -0.700000
v -0.581751 0.237679 -0.700000
v -0.617751 0.211524 -0.700000
v -0.662249 0.211524 -0.700000
v -0.658541 0.222937 -0.688000
v -0.621459 0.222937 -0.688000
v -0.621459 0.222937 -0.688000
v -0.658541 0.222937 -0.688000
v -0.654833 0.234349 -0.700000
v -0.625167 0.234349 -0.700000
v -0.625167 0.234349 -0.700000
v -0.654833 0.234349 -0.700000
v -0.658541 0.222937 -0.712000
v -0.621459 0.222937 -0.712000
v -0.621459 0.222937 -0.712000
v -0.658541 0.222937 -0.712000
v -0.662249 0.211524 -0.700000
v -0.617751 0.211524 -0.700000
v -0.662249 0.211524 -0.700000
v -0.698249 0.237679 -0.700000
v -0.688541 0.244733 -0.688000
v -0.658541 0.222937 -0.688000
v -0.658541 0.222937 -0.688000
v -0.688541 0.244733 -0.688000
v -0.678833 0.251786 -0.700000
v -0.654833 0.234349 -0.700000
v -0.654833 0.234349 -0.700000
v -0.678833 0.251786 -0.700000
v -0.688541 0.244733 -0.712000
v -0.658541 0.222937 -0.712000
v -0.658541 0.222937 -0.712000
v -0.688541 0.244733 -0.712000
v -0.698249 0.237679 -0.700000
v -0.662249 0.211524 -0.700000
v -0.698249 0.237679 -0.700000
v -0.712000 0.280000 -0.700000
v -0.700000 0.280000 -0.688000
v -0.688541 0.244733 -0.688000
v -0.688541 0.244733 -0.688000
v -0.700000 0.280000 -0.688000
v -0.688000 0.280000 -0.700000
v -0.678833 0.251786 -0.700000
v -0.678833 0.251786 -0.700000
v -0.688000 0.280000 -0.700000
v -0.700000 0.280000 -0.712000
v -0.688541 0.244733 -0.712000
v -0.688541 0.244733 -0.712000
v -0.700000 0.280000 -0.712000
v -0.712000 0.280000 -0.700000
v -0.698249 0.237679 -0.700000
v -0.712000 0.280000 -0.700000
v -0.698249 0.322321 -0.700000
v -0.688541 0.315267 -0.688000
v -0.700000 0.280000 -0.688000
v -0.700000 0.280000 -0.688000
v -0.688541 0.315267 -0.688000
v -0.678833 0.308214 -0.700000
v -0.688000 0.280000 -0.700000
v -0.688000 0.280000 -0.700000
v -0.678833 0.308214 -0.700000
v -0.688541 0.315267 -0.712000
v -0.700000 0.280000 -0.712000
v -0.700000 0.280000 -0.712000
v -0.688541 0.315267 -0.712000
v -0.698249 0.322321 -0.700000
v -0.712000 0.280000 -0.700000
v -0.698249 0.322321 -0.700000
v -0.662249 0.348476 -0.700000
v -0.658541 0.337063 -0.688000
v -0.688541 0.315267 -0.688000
v -0.688541 0.315267 -0.688000
v -0.658541 0.337063 -0.688000
v -0.654833 0.325651 -0.700000
v -0.678833 0.308214 -0.700000
v -0.678833 0.308214 -0.700000
v -0.654833 0.325651 -0.700000
v -0.658541 0.337063 -0.712000
v -0.688541 0.315267 -0.712000
v -0.688541 0.315267 -0.712000
v -0.658541 0.337063 -0.712000
v -0.662249 0.348476 -0.700000
v -0.698249 0.322321 -0.700000
v -0.662249 0.348476 -0.700000
v -0.617751 0.348476 -0.700000
v -0.621459 0.337063 -0.688000
v -0.658541 0.337063 -0.688000
v -0.658541 0.337063 -0.688000
v -0.621459 0.337063 -0.688000
v -0.625167 0.325651 -0.700000
v -0.654833 0.325651 -0.700000
v -0.654833 0.325651 -0.700000
v -0.625167 0.325651 -0.700000
v -0.621459 0.337063 -0.712000
v -0.658541 0.337063 -0.712000
v -0.658541 0.337063 -0.712000
v -0.621459 0.337063 -0.712000
v -0.617751 0.348476 -0.700000
v -0.662249 0.348476 -0.700000
v -0.617751 0.348476 -0.700000
v -0.581751 0.322321 -0.700000
v -0.591459 0.315267 -0.688000
v -0.621459 0.337063 -0.688000
v -0.621459 0.337063 -0.688000
v -0.591459 0.315267 -0.688000
v -0.601167 0.308214 -0.700000
v -0.625167 0.325651 -0.700000
v -0.625167 0.325651 -0.700000
v -0.601167 0.308214 -0.700000
v -0.591459 0.315267 -0.712000
v -0.621459 0.337063 -0.712000
v -0.621459 0.337063 -0.712000
v -0.591459 0.315267 -0.712000
v -0.581751 0.322321 -0.700000
v -0.617751 0.348476 -0.700000
v -0.581751 0.322321 -0.700000
v -0.568000 0.280000 -0.700000
v -0.580000 0.280000 -0.688000
v -0.591459 0.315267 -0.688000
v -0.591459 0.315267 -0.688000
v -0.580000 0.280000 -0.688000
v -0.592000 0.280000 -0.700000
v -0.601167 0.308214 -0.700000
v -0.601167 0.308214 -0.700000
v -0.592000 0.280000 -0.700000
v -0.580000 0.280000 -0.712000
v -0.591459 0.315267 -0.712000
v -0.591459 0.315267 -0.712000
v -0.580000 0.280000 -0.712000
v -0.568000 0.280000 -0.700000
v -0.581751 0.322321 -0.700000
v 0.712000 0.280000 -0.700000
v 0.698249 0.237679 -0.700000
v 0.688541 0.244733 -0.688000
v 0.700000 0.280000 -0.688000
v 0.700000 0.280000 -0.688000
v 0.688541 0.244733 -0.688000
v 0.678833 0.251786 -0.700000
v 0.688000 0.280000 -0.700000
v 0.688000 0.280000 -0.700000
v 0.678833 0.251786 -0.700000
v 0.688541 0.244733 -0.712000
v 0.700000 0.280000 -0.712000
v 0.700000 0.280000 -0.712000
v 0.688541 0.244733 -0.712000
v 0.698249 0.237679 -0.700000
v 0.712000 0.280000 -0.700000
v 0.698249 0.237679 -0.700000
v 0.662249 0.211524 -0.700000
v 0.658541 0.222937 -0.688000
v 0.688541 0.244733 -0.688000
v 0.688541 0.244733 -0.688000
v 0.658541 0.222937 -0.688000
v 0.654833 0.234349 -0.700000
v 0.678833 0.251786 -0.700000
v 0.678833 0.251786 -0.700000
v 0.654833 0.234349 -0.700000
v 0.658541 0.222937 -0.712000
v 0.688541 0.244733 -0.712000
v 0.688541 0.244733 -0.712000
v 0.658541 0.222937 -0.712000
v 0.662249 0.211524 -0.700000
v 0.698249 0.237679 -0.700000
v 0.662249 0.211524 -0.700000
v 0.617751 0.211524 -0.700000
v 0.621459 0.222937 -0.688000
v 0.658541 0.222937 -0.688000
v 0.658541 0.222937 -0.688000
v 0.621459 0.222937 -0.688000
v 0.625167 0.234349 -0.700000
v 0.654833 0.234349 -0.700000
v 0.654833 0.234349 -0.700000
v 0.625167 0.234349 -0.700000
v 0.621459 0.222937 -0.712000
v 0.658541 0.222937 -0.712000
v 0.658541 0.222937 -0.712000
v 0.621459 0.222937 -0.712000
v 0.617751 0.211524 -0.700000
v 0.662249 0.211524 -0.700000
v 0.617751 0.211524 -0.700000
v 0.581751 0.237679 -0.700000
v 0.591459 0.244733 -0.688000
v 0.621459 0.222937 -0.688000
v 0.621459 0.222937 -0.688000
v 0.591459 0.244733 -0.688000
v 0.601167 0.251786 -0.700000
v 0.625167 0.234349 -0.700000
v 0.625167 0.234349 -0.700000
v 0.601167 0.251786 -0.700000
v 0.591459 0.244733 -0.712000
v 0.621459 0.222937 -0.712000
v 0.621459 0.222937 -0.712000
v 0.591459 0.244733 -0.712000
v 0.581751 0.237679 -0.700000
v 0.617751 0.211524 -0.700000
v 0.581751 0.237679 -0.700000
v 0.568000 0.280000 -0.700000
v 0.580000 0.280000 -0.688000
v 0.591459 0.244733 -0.688000
v 0.591459 0.244733 -0.688000
v 0.580000 0.280000 -0.688000
v 0.592000 0.280000 -0.700000
v 0.601167 0.251786 -0.700000
v 0.601167 0.251786 -0.700000
v 0.592000 0.280000 -0.700000
v 0.580000 0.280000 -0.712000
v 0.591459 0.244733 -0.712000
v 0.591459 0.244733 -0.712000
v 0.580000 0.280000 -0.712000
v 0.568000 0.280000 -0.700000
v 0.581751 0.237679 -0.700000
v 0.568000 0.280000 -0.700000
v 0.581751 0.322321 -0.700000
v 0.591459 0.315267 -0.688000
v 0.580000 0.280000 -0.688000
v 0.580000 0.280000 -0.688000
v 0.591459 0.315267 -0.688000
v 0.601167 0.308214 -0.700000
v 0.592000 0.280000 -0.700000
v 0.592000 0.280000 -0.700000
v 0.601167 0.308214 -0.700000
v 0.591459 0.315267 -0.712000
v 0.580000 0.280000 -0.712000
v 0.580000 0.280000 -0.712000
v 0.591459 0.315267 -0.712000
v 0.581751 0.322321 -0.700000
v 0.568000 0.280000 -0.700000
v 0.581751 0.322321 -0.700000
v 0.617751 0.348476 -0.700000
v 0.621459 0.337063 -0.688000
v 0.591459 0.315267 -0.688000
v 0.591459 0.315267 -0.688000
v 0.621459 0.337063 -0.688000
v 0.625167 0.325651 -0.700000
v 0.601167 0.308214 -0.700000
v 0.601167 0.308214 -0.700000
v 0.625167 0.325651 -0.700000
v 0.621459 0.337063 -0.712000
v 0.591459 0.315267 -0.712000
v 0.591459 0.315267 -0.712000
v 0.621459 0.337063 -0.712000
v 0.617751 0.348476 -0.700000
v 0.581751 0.322321 -0.700000
v 0.617751 0.348476 -0.700000
v 0.662249 0.348476 -0.700000
v 0.658541 0.337063 -0.688000
v 0.621459 0.337063 -0.688000
v 0.621459 0.337063 -0.688000
v 0.658541 0.337063 -0.688000
v 0.654833 0.325651 -0.700000
v 0.625167 0.325651 -0.700000
v 0.625167 0.325651 -0.700000
v 0.654833 0.325651 -0.700000
v 0.658541 0.337063 -0.712000
v 0.621459 0.337063 -0.712000
v 0.621459 0.337063 -0.712000
v 0.658541 0.337063 -0.712000
v 0.662249 0.348476 -0.700000
v 0.617751 0.348476 -0.700000
v 0.662249 0.348476 -0.700000
v 0.698249 0.322321 -0.700000
v 0.688541 0.315267 -0.688000
v 0.658541 0.337063 -0.688000
v 0.658541 0.337063 -0.688000
v 0.688541 0.315267 -0.688000
v 0.678833 0.308214 -0.700000
v 0.654833 0.325651 -0.700000
v 0.654833 0.325651 -0.700000
v 0.678833 0.308214 -0.700000
v 0.688541 0.315267 -0.712000
v 0.658541 0.337063 -0.712000
v 0.658541 0.337063 -0.712000
v 0.688541 0.315267 -0.712000
v 0.698249 0.322321 -0.700000
v 0.662249 0.348476 -0.700000
v 0.698249 0.322321 -0.700000
v 0.712000 0.280000 -0.700000
v 0.700000 0.280000 -0.688000
v 0.688541 0.315267 -0.688000
v 0.688541 0.315267 -0.688000
v 0.700000 0.280000 -0.688000
v 0.688000 0.280000 -0.700000
v 0.678833 0.308214 -0.700000
v 0.678833 0.308214 -0.700000
v 0.688000 0.280000 -0.700000
v 0.700000 0.280000 -0.712000
v 0.688541 0.315267 -0.712000
v 0.688541 0.315267 -0.712000
v 0.700000 0.280000 -0.712000
v 0.712000 0.280000 -0.700000
v 0.698249 0.322321 -0.700000
v -0.568000 0.280000 0.700000
v -0.581751 0.237679 0.700000
v -0.591459 0.244733 0.712000
v -0.580000 0.280000 0.712000
v -0.580000 0.280000 0.712000
v -0.591459 0.244733 0.712000
v -0.601167 0.251786 0.700000
v -0.592000 0.280000 0.700000
v -0.592000 0.280000 0.700000
v -0.601167 0.251786 0.700000
v -0.591459 0.244733 0.688000
v -0.580000 0.280000 0.688000
v -0.580000 0.280000 0.688000
v -0.591459 0.244733 0.688000
v -0.581751 0.237679 0.700000
v -0.568000 0.280000 0.700000
v -0.581751 0.237679 0.700000
v -0.617751 0.211524 0.700000
v -0.621459 0.222937 0.712000
v -0.591459 0.244733 0.712000
v -0.591459 0.244733 0.712000
v -0.621459 0.222937 0.712000
v -0.625167 0.234349 0.700000
v -0.601167 0.251786 0.700000
v -0.601167 0.251786 0.700000
v -0.625167 0.234349 0.700000
v -0.621459 0.222937 0.688000
v -0.591459 0.244733 0.688000
v -0.591459 0.244733 0.688000
v -0.621459 0.222937 0.688000
v -0.617751 0.211524 0.700000
v -0.581751 0.237679 0.700000
v -0.617751 0.211524 0.700000
v -0.662249 0.211524 0.700000
v -0.658541 0.222937 0.712000
v -0.621459 0.222937 0.712000
v -0.621459 0.222937 0.712000
v -0.658541 0.222937 0.712000
v -0.654833 0.234349 0.700000
v -0.625167 0.234349 0.700000
v -0.625167 0.234349 0.700000
v -0.654833 0.234349 0.700000
v -0.658541 0.222937 0.688000
v -0.621459 0.222937 0.688000
v -0.621459 0.222937 0.688000
v -0.658541 0.222937 0.688000
v -0.662249 0.211524 0.700000
v -0.617751 0.211524 0.700000
v -0.662249 0.211524 0.700000
v -0.698249 0.237679 0.700000
v -0.688541 0.244733 0.712000
v -0.658541 0.222937 0.712000
v -0.658541 0.222937 0.712000
v -0.688541 0.244733 0.712000
v -0.678833 0.251786 0.700000
v -0.654833 0.234349 0.700000
v -0.654833 0.234349 0.700000
v -0.678833 0.251786 0.700000
v -0.688541 0.244733 0.688000
v -0.658541 0.222937 0.688000
v -0.658541 0.222937 0.688000
v -0.688541 0.244733 0.688000
v -0.698249 0.237679 0.700000
v -0.662249 0.211524 0.700000
v -0.698249 0.237679 0.700000
v -0.712000 0.280000 0.700000
v -0.700000 0.280000 0.712000
v -0.688541 0.244733 0.712000
v -0.688541 0.244733 0.712000
v -0.700000 0.280000 0.712000
v -0.688000 0.280000 0.700000
v -0.678833 0.251786 0.700000
v -0.678833 0.251786 0.700000
v -0.688000 0.280000 0.700000
v -0.700000 0.280000 0.688000
v -0.688541 0.244733 0.688000
v -0.688541 0.244733 0.688000
v -0.700000 0.280000 0.688000
v -0.712000 0.280000 0.700000
v -0.698249 0.237679 0.700000
v -0.712000 0.280000 0.700000
v -0.698249 0.322321 0.700000
v -0.688541 0.315267 0.712000
v -0.700000 0.280000 0.712000
v -0.700000 0.280000 0.712000
v -0.688541 0.315267 0.712000
v -0.678833 0.308214 0.700000
v -0.688000 0.280000 0.700000
v -0.688000 0.280000 0.700000
v -0.678833 0.308214 0.700000
v -0.688541 0.315267 0.688000
v -0.700000 0.280000 0.688000
v -0.700000 0.280000 0.688000
v -0.688541 0.315267 0.688000
v -0.698249 0.322321 0.700000
v -0.712000 0.280000 0.700000
v -0.698249 0.322321 0.700000
v -0.662249 0.348476 0.700000
v -0.658541 0.337063 0.712000
v -0.688541 0.315267 0.712000
v -0.688541 0.315267 0.712000
v -0.658541 0.337063 0.712000
v -0.654833 0.325651 0.700000
v -0.678833 0.308214 0.700000
v -0.678833 0.308214 0.700000
v -0.654833 0.325651 0.700000
v -0.658541 0.337063 0.688000
v -0.688541 0.315267 0.688000
v -0.688541 0.315267 0.688000
v -0.658541 0.337063 0.688000
v -0.662249 0.348476 0.700000
v -0.698249 0.322321 0.700000
v -0.662249 0.348476 0.700000
v -0.617751 0.348476 0.700000
v -0.621459 0.337063 0.712000
v -0.658541 0.337063 0.712000
v -0.658541 0.337063 0.712000
v -0.621459 0.337063 0.712000
v -0.625167 0.325651 0.700000
v -0.654833 0.325651 0.700000
v -0.654833 0.325651 0.700000
v -0.625167 0.325651 0.700000
v -0.621459 0.337063 0.688000
v -0.658541 0.337063 0.688000
v -0.658541 0.337063 0.688000
v -0.621459 0.337063 0.688000
v -0.617751 0.348476 0.700000
v -0.662249 0.348476 0.700000
v -0.617751 0.348476 0.700000
v -0.581751 0.322321 0.700000
v -0.591459 0.315267 0.712000
v -0.621459 0.337063 0.712000
v -0.621459 0.337063 0.712000
v -0.591459 0.315267 0.712000
v -0.601167 0.308214 0.700000
v -0.625167 0.325651 0.700000
v -0.625167 0.325651 0.700000
v -0.601167 0.308214 0.700000
v -0.591459 0.315267 0.688000
v -0.621459 0.337063 0.688000
v -0.621459 0.337063 0.688000
v -0.591459 0.315267 0.688000
v -0.581751 0.322321 0.700000
v -0.617751 0.348476 0.700000
v -0.581751 0.322321 0.700000
v -0.568000 0.280000 0.700000
v -0.580000 0.280000 0.712000
v -0.591459 0.315267 0.712000
v -0.591459 0.315267 0.712000
v -0.580000 0.280000 0.712000
v -0.592000 0.280000 0.700000
v -0.601167 0.308214 0.700000
v -0.601167 0.308214 0.700000
v -0.592000 0.280000 0.700000
v -0.580000 0.280000 0.688000
v -0.591459 0.315267 0.688000
v -0.591459 0.315267 0.688000
v -0.580000 0.280000 0.688000
v -0.568000 0.280000 0.700000
v -0.581751 0.322321 0.700000
v 0.712000 0.280000 0.700000
v 0.698249 0.237679 0.700000
v 0.688541 0.244733 0.712000
v 0.700000 0.280000 0.712000
v 0.700000 0.280000 0.712000
v 0.688541 0.244733 0.712000
v 0.678833 0.251786 0.700000
v 0.688000 0.280000 0.700000
v 0.688000 0.280000 0.700000
v 0.678833 0.251786 0.700000
v 0.688541 0.244733 0.688000
v 0.700000 0.280000 0.688000
v 0.700000 0.280000 0.688000
v 0.688541 0.244733 0.688000
v 0.698249 0.237679 0.700000
v 0.712000 0.280000 0.700000
v 0.698249 0.237679 0.700000
v 0.662249 0.211524 0.700000
v 0.658541 0.222937 0.712000
v 0.688541 0.244733 0.712000
v 0.688541 0.244733 0.712000
v 0.658541 0.222937 0.712000
v 0.654833 0.234349 0.700000
v 0.678833 0.251786 0.700000
v 0.678833 0.251786 0.700000
v 0.654833 0.234349 0.700000
v 0.658541 0.222937 0.688000
v 0.688541 0.244733 0.688000
v 0.688541 0.244733 0.688000
v 0.658541 0.222937 0.688000
v 0.662249 0.211524 0.700000
v 0.698249 0.237679 0.700000
v 0.662249 0.211524 0.700000
v 0.617751 0.211524 0.700000
v 0.621459 0.222937 0.712000
v 0.658541 0.222937 0.712000
v 0.658541 0.222937 0.712000
v 0.621459 0.222937 0.712000
v 0.625167 0.234349 0.700000
v 0.654833 0.234349 0.700000
v 0.654833 0.234349 0.700000
v 0.625167 0.234349 0.700000
v 0.621459 0.222937 0.688000
v 0.658541 0.222937 0.688000
v 0.658541 0.222937 0.688000
v 0.621459 0.222937 0.688000
v 0.617751 0.211524 0.700000
v 0.662249 0.211524 0.700000
v 0.617751 0.211524 0.700000
v 0.581751 0.237679 0.700000
v 0.591459 0.244733 0.712000
v 0.621459 0.222937 0.712000
v 0.621459 0.222937 0.712000
v 0.591459 0.244733 0.712000
v 0.601167 0.251786 0.700000
v 0.625167 0.234349 0.700000
v 0.625167 0.234349 0.700000
v 0.601167 0.251786 0.700000
v 0.591459 0.244733 0.688000
v 0.621459 0.222937 0.688000
v 0.621459 0.222937 0.688000
v 0.591459 0.244733 0.688000
v 0.581751 0.237679 0.700000
v 0.617751 0.211524 0.700000
v 0.581751 0.237679 0.700000
v 0.568000 0.280000 0.700000
v 0.580000 0.280000 0.712000
v 0.591459 0.244733 0.712000
v 0.591459 0.244733 0.712000
v 0.580000 0.280000 0.712000
v 0.592000 0.280000 0.700000
v 0.601167 0.251786 0.700000
v 0.601167 0.251786 0.700000
v 0.592000 0.280000 0.700000
v 0.580000 0.280000 0.688000
v 0.591459 0.244733 0.688000
v 0.591459 0.244733 0.688000
v 0.580000 0.280000 0.688000
v 0.568000 0.280000 0.700000
v 0.581751 0.237679 0.700000
v 0.568000 0.280000 0.700000
v 0.581751 0.322321 0.700000
v 0.591459 0.315267 0.712000
v 0.580000 0.280000 0.712000
v 0.580000 0.280000 0.712000
v 0.591459 0.315267 0.712000
v 0.601167 0.308214 0.700000
v 0.592000 0.280000 0.700000
v 0.592000 0.280000 0.700000
v 0.601167 0.308214 0.700000
v 0.591459 0.315267 0.688000
v 0.580000 0.280000 0.688000
v 0.580000 0.280000 0.688000
v 0.591459 0.315267 0.688000
v 0.581751 0.322321 0.700000
v 0.568000 0.280000 0.700000
v 0.581751 0.322321 0.700000
v 0.617751 0.348476 0.700000
v 0.621459 0.337063 0.712000
v 0.591459 0.315267 0.712000
v 0.591459 0.315267 0.712000
v 0.621459 0.337063 0.712000
v 0.625167 0.325651 0.700000
v 0.601167 0.308214 0.700000
v 0.601167 0.308214 0.700000
v 0.625167 0.325651 0.700000
v 0.621459 0.337063 0.688000
v 0.591459 0.315267 0.688000
v 0.591459 0.315267 0.688000
v 0.621459 0.337063 0.688000
v 0.617751 0.348476 0.700000
v 0.581751 0.322321 0.700000
v 0.617751 0.348476 0.700000
v 0.662249 0.348476 0.700000
v 0.658541 0.337063 0.712000
v 0.621459 0.337063 0.712000
v 0.621459 0.337063 0.712000
v 0.658541 0.337063 0.712000
v 0.654833 0.325651 0.700000
v 0.625167 0.325651 0.700000
v 0.625167 0.325651 0.700000
v 0.654833 0.325651 0.700000
v 0.658541 0.337063 0.688000
v 0.621459 0.337063 0.688000
v 0.621459 0.337063 0.688000
v 0.658541 0.337063 0.688000
v 0.662249 0.348476 0.700000
v 0.617751 0.348476 0.700000
v 0.662249 0.348476 0.700000
v 0.698249 0.322321 0.700000
v 0.688541 0.315267 0.712000
v 0.658541 0.337063 0.712000
v 0.658541 0.337063 0.712000
v 0.688541 0.315267 0.712000
v 0.678833 0.308214 0.700000
v 0.654833 0.325651 0.700000
v 0.654833 0.325651 0.700000
v 0.678833 0.308214 0.700000
v 0.688541 0.315267 0.688000
v 0.658541 0.337063 0.688000
v 0.658541 0.337063 0.688000
v 0.688541 0.315267 0.688000
v 0.698249 0.322321 0.700000
v 0.662249 0.348476 0.700000
v 0.698249 0.322321 0.700000
v 0.712000 0.280000 0.700000
v 0.700000 0.280000 0.712000
v 0.688541 0.315267 0.712000
v 0.688541 0.315267 0.712000
v 0.700000 0.280000 0.712000
v 0.688000 0.280000 0.700000
v 0.678833 0.308214 0.700000
v 0.678833 0.308214 0.700000
v 0.688000 0.280000 0.700000
v 0.700000 0.280000 0.688000
v 0.688541 0.315267 0.688000
v 0.688541 0.315267 0.688000
v 0.700000 0.280000 0.688000
v 0.712000 0.280000 0.700000
v 0.698249 0.322321 0.700000
vt 0.000000 0.000000
vt 1.000000 0.000000
vt 1.000000 1.000000
vt 0.000000 1.000000
vt 0.000000 0.000000
vt 1.000000 0.000000
vt 1.000000 1.000000
vt 0.000000 1.000000
vt 0.000000 0.000000
vt 1.000000 0.000000
vt 1.000000 1.000000
vt 0.000000 1.000000
vt 0.000000 0.000000
vt 1.000000 0.000000
vt 1.000000 1.000000
vt 0.000000 1.000000
vt 0.000000 0.000000
vt 1.000000 0.000000
vt 1.000000 1.000000
vt 0.000000 1.000000
vt 0.000000 0.000000
vt 1.000000 0.000000
vt 1.000000 1.000000
vt 0.000000 1.000000
vt 0.000000 0.000000
vt 1.000000 0.000000
vt 1.000000 1.000000
vt 0.000000 1.000000
vt 0.000000 0.000000
vt 1.000000 0.000000
vt 1.000000 1.000000
vt 0.000000 1.000000
vt 0.000000 0.000000
vt 1.000000 0.000000
vt 1.000000 1.000000
vt 0.000000 1.000000
vt 0.500000 0.500000
vt 0.000000 0.000000
vt 1.000000 0.000000
vt 0.500000 0.500000
vt 0.000000 1.000000
vt 1.000000 1.000000
vt 0.500000 0.500000
vt 0.000000 0.000000
vt 1.000000 0.000000
vt 0.500000 0.500000
vt 0.000000 1.000000
vt 1.000000 1.000000
vt 0.500000 0.500000
vt 0.000000 0.000000
vt 1.000000 0.000000
vt 0.500000 0.500000
vt 0.000000 1.000000
vt 1.000000 1.000000
vt 0.500000 0.500000
vt 0.000000 0.000000
vt 1.000000 0.000000
vt 0.500000 0.500000
vt 0.000000 1.000000
vt 1.000000 1.000000
vt 0.500000 0.500000
vt 0.000000 0.000000
vt 1.000000 0.000000
vt 0.500000 0.500000
vt 0.000000 1.000000
vt 1.000000 1.000000
vt 0.500000 0.500000
vt 0.000000 0.000000
vt 1.000000 0.000000
vt 0.500000 0.500000
vt 0.000000 1.000000
vt 1.000000 1.000000
vt 0.500000 0.500000
vt 0.000000 0.000000
vt 1.000000 0.000000
vt 0.500000 0.500000
vt 0.000000 1.000000
vt 1.000000 1.000000
vt 0.500000 0.500000
vt 0.000000 0.000000
vt 1.000000 0.000000
vt 0.500000 0.500000
vt 0.000000 1.000000
vt 1.000000 1.000000
vt 0.500000 0.500000
vt 0.000000 0.000000
vt 1.000000 0.000000
vt 0.500000 0.500000
vt 0.000000 1.000000
vt 1.000000 1.000000
vt 0.000000 0.000000
vt 1.000000 0.000000
vt 1.000000 1.000000
vt 0.000000 1.000000
vt 0.000000 0.000000
vt 1.000000 0.000000
vt 1.000000 1.000000
vt 0.000000 1.000000
vt 0.000000 0.000000
vt 1.000000 0.000000
vt 1.000000 1.000000
vt 0.000000 1.000000
vt 0.000000 0.000000
vt 1.000000 0.000000
vt 1.000000 1.000000
vt 0.000000 1.000000
vt 0.000000 0.000000
vt 1.000000 0.000000
vt 1.000000 1.000000
vt 0.000000 1.000000
vt 0.000000 0.000000
vt 1.000000 0.000000
vt 1.000000 1.000000
vt 0.000000 1.000000
vt 0.000000 0.000000
vt 1.000000 0.000000
vt 1.000000 1.000000
vt 0.000000 1.000000
vt 0.000000 0.000000
vt 1.000000 0.000000
vt 1.000000 1.000000
vt 0.000000 1.000000
vt 0.000000 0.000000
vt 1.000000 0.000000
vt 1.000000 1.000000
vt 0.000000 1.000000
vt 0.500000 0.500000
vt 0.000000 0.000000
vt 1.000000 0.000000
vt 0.500000 0.500000
vt 0.000000 1.000000
vt 1.000000 1.000000
vt 0.500000 0.500000
vt 0.000000 0.000000
vt 1.000000 0.000000
vt 0.500000 0.500000
vt 0.000000 1.000000
vt 1.000000 1.000000
vt 0.500000 0.500000
vt 0.000000 0.000000
vt 1.000000 0.000000
vt 0.500000 0.500000
vt 0.000000 1.000000
vt 1.000000 1.000000
vt 0.500000 0.500000
vt 0.000000 0.000000
vt 1.000000 0.000000
vt 0.500000 0.500000
vt 0.000000 1.000000
vt 1.000000 1.000000
vt 0.500000 0.500000
vt 0.000000 0.000000
vt 1.000000 0.000000
vt 0.500000 0.500000
vt 0.000000 1.000000
vt 1.000000 1.000000
vt 0.500000 0.500000
vt 0.000000 0.000000
vt 1.000000 0.000000
vt 0.500000 0.500000
vt 0.000000 1.000000
vt 1.000000 1.000000
vt 0.500000 0.500000
vt 0.000000 0.000000
vt 1.000000 0.000000
vt 0.500000 0.500000
vt 0.000000 1.000000
vt 1.000000 1.000000
vt 0.500000 0.500000
vt 0.000000 0.000000
vt 1.000000 0.000000
vt 0.500000 0.500000
vt 0.000000 1.000000
vt 1.000000 1.000000
vt 0.500000 0.500000
vt 0.000000 0.000000
vt 1.000000 0.000000
vt 0.500000 0.500000
vt 0.000000 1.000000
vt 1.000000 1.000000
vt 0.000000 0.000000
vt 1.000000 0.000000
vt 1.000000 1.000000
vt 0.000000 1.000000
vt 0.000000 0.000000
vt 1.000000 0.000000
vt 1.000000 1.000000
vt 0.000000 1.000000
vt 0.000000 0.000000
vt 1.000000 0.000000
vt 1.000000 1.000000
vt 0.000000 1.000000
vt 0.000000 0.000000
vt 1.000000 0.000000
vt 1.000000 1.000000
vt 0.000000 1.000000
vt 0.000000 0.000000
vt 1.000000 0.000000
vt 1.000000 1.000000
vt 0.000000 1.000000
vt 0.000000 0.000000
vt 1.000000 0.000000
vt 1.000000 1.000000
vt 0.000000 1.000000
vt 0.000000 0.000000
vt 1.000000 0.000000
vt 1.000000 1.000000
vt 0.000000 1.000000
vt 0.000000 0.000000
vt 1.000000 0.000000
vt 1.000000 1.000000
vt 0.000000 1.000000
vt 0.000000 0.000000
vt 1.000000 0.000000
vt 1.000000 1.000000
vt 0.000000 1.000000
vt 0.500000 0.500000
vt 0.000000 0.000000
vt 1.000000 0.000000
vt 0.500000 0.500000
vt 0.000000 1.000000
vt 1.000000 1.000000
vt 0.500000 0.500000
vt 0.000000 0.000000
vt 1.000000 0.000000
vt 0.500000 0.500000
vt 0.000000 1.000000
vt 1.000000 1.000000
vt 0.500000 0.500000
vt 0.000000 0.000000
vt 1.000000 0.000000
vt 0.500000 0.500000
vt 0.000000 1.000000
vt 1.000000 1.000000
vt 0.500000 0.500000
vt 0.000000 0.000000
vt 1.000000 0.000000
vt 0.500000 0.500000
vt 0.000000 1.000000
vt 1.000000 1.000000
vt 0.500000 0.500000
vt 0.000000 0.000000
vt 1.000000 0.000000
vt 0.500000 0.500000
vt 0.000000 1.000000
vt 1.000000 1.000000
vt 0.500000 0.500000
vt 0.000000 0.000000
vt 1.000000 0.000000
vt 0.500000 0.500000
vt 0.000000 1.000000
vt 1.000000 1.000000
vt 0.500000 0.500000
vt 0.000000 0.000000
vt 1.000000 0.000000
vt 0.500000 0.500000
vt 0.000000 1.000000
vt 1.000000 1.000000
vt 0.500000 0.500000
vt 0.000000 0.000000
vt 1.000000 0.000000
vt 0.500000 0.500000
vt 0.000000 1.000000
vt 1.000000 1.000000
vt 0.500000 0.500000
vt 0.000000 0.000000
vt 1.000000 0.000000
vt 0.500000 0.500000
vt 0.000000 1.000000
vt 1.000000 1.000000
vt 0.000000 0.000000
vt 1.000000 0.000000
vt 1.000000 1.000000
vt 0.000000 1.000000
vt 0.000000 0.000000
vt 1.000000 0.000000
vt 1.000000 1.000000
vt 0.000000 1.000000
vt 0.000000 0.000000
vt 1.000000 0.000000
vt 1.000000 1.000000
vt 0.000000 1.000000
vt 0.000000 0.000000
vt 1.000000 0.000000
vt 1.000000 1.000000
vt 0.000000 1.000000
vt 0.000000 0.000000
vt 1.000000 0.000000
vt 1.000000 1.000000
vt 0.000000 1.000000
vt 0.000000 0.000000
vt 1.000000 0.000000
vt 1.000000 1.000000
vt 0.000000 1.000000
vt 0.000000 0.000000
vt 1.000000 0.000000
vt 1.000000 1.000000
vt 0.000000 1.000000
vt 0.000000 0.000000
vt 1.000000 0.000000
vt 1.000000 1.000000
vt 0.000000 1.000000
vt 0.000000 0.000000
vt 1.000000 0.000000
vt 1.000000 1.000000
vt 0.000000 1.000000
vt 0.500000 0.500000
vt 0.000000 0.000000
vt 1.000000 0.000000
vt 0.500000 0.500000
vt 0.000000 1.000000
vt 1.000000 1.000000
vt 0.500000 0.500000
vt 0.000000 0.000000
vt 1.000000 0.000000
vt 0.500000 0.500000
vt 0.000000 1.000000
vt 1.000000 1.000000
vt 0.500000 0.500000
vt 0.000000 0.000000
vt 1.000000 0.000000
vt 0.500000 0.500000
vt 0.000000 1.000000
vt 1.000000 1.000000
vt 0.500000 0.500000
vt 0.000000 0.000000
vt 1.000000 0.000000
vt 0.500000 0.500000
vt 0.000000 1.000000
vt 1.000000 1.000000
vt 0.500000 0.500000
vt 0.000000 0.000000
vt 1.000000 0.000000
vt 0.500000 0.500000
vt 0.000000 1.000000
vt 1.000000 1.000000
vt 0.500000 0.500000
vt 0.000000 0.000000
vt 1.000000 0.000000
vt 0.500000 0.500000
vt 0.000000 1.000000
vt 1.000000 1.000000
vt 0.500000 0.500000
vt 0.000000 0.000000
vt 1.000000 0.000000
vt 0.500000 0.500000
vt 0.000000 1.000000
vt 1.000000 1.000000
vt 0.500000 0.500000
vt 0.000000 0.000000
vt 1.000000 0.000000
vt 0.500000 0.500000
vt 0.000000 1.000000
vt 1.000000 1.000000
vt 0.500000 0.500000
vt 0.000000 0.000000
vt 1.000000 0.000000
vt 0.500000 0.500000
vt 0.000000 1.000000
vt 1.000000 1.000000
vt 0.000000 0.000000
vt 1.000000 0.000000
vt 1.000000 1.000000
vt 0.000000 1.000000
vt 0.000000 0.000000
vt 1.000000 0.000000
vt 1.000000 1.000000
vt 0.000000 1.000000
vt 0.000000 0.000000
vt 1.000000 0.000000
vt 1.000000 1.000000
vt 0.000000 1.000000
vt 0.000000 0.000000
vt 1.000000 0.000000
vt 1.000000 1.000000
vt 0.000000 1.000000
vt 0.000000 0.000000
vt 1.000000 0.000000
vt 1.000000 1.000000
vt 0.000000 1.000000
vt 0.000000 0.000000
vt 1.000000 0.000000
vt 1.000000 1.000000
vt 0.000000 1.000000
vt 0.000000 0.000000
vt 1.000000 0.000000
vt 1.000000 1.000000
vt 0.000000 1.000000
vt 0.000000 0.000000
vt 1.000000 0.000000
vt 1.000000 1.000000
vt 0.000000 1.000000
vt 0.000000 0.000000
vt 1.000000 0.000000
vt 1.000000 1.000000
vt 0.000000 1.000000
vt 0.500000 0.500000
vt 0.000000 0.000000
vt 1.000000 0.000000
vt 0.500000 0.500000
vt 0.000000 1.000000
vt 1.000000 1.000000
vt 0.500000 0.500000
vt 0.000000 0.000000
vt 1.000000 0.000000
vt 0.500000 0.500000
vt 0.000000 1.000000
vt 1.000000 1.000000
vt 0.500000 0.500000
vt 0.000000 0.000000
vt 1.000000 0.000000
vt 0.500000 0.500000
vt 0.000000 1.000000
vt 1.000000 1.000000
vt 0.500000 0.500000
vt 0.000000 0.000000
vt 1.000000 0.000000
vt 0.500000 0.500000
vt 0.000000 1.000000
vt 1.000000 1.000000
vt 0.500000 0.500000
vt 0.000000 0.000000
vt 1.000000 0.000000
vt 0.500000 0.500000
vt 0.000000 1.000000
vt 1.000000 1.000000
vt 0.500000 0.500000
vt 0.000000 0.000000
vt 1.000000 0.000000
vt 0.500000 0.500000
vt 0.000000 1.000000
vt 1.000000 1.000000
vt 0.500000 0.500000
vt 0.000000 0.000000
vt 1.000000 0.000000
vt 0.500000 0.500000
vt 0.000000 1.000000
vt 1.000000 1.000000
vt 0.500000 0.500000
vt 0.000000 0.000000
vt 1.000000 0.000000
vt 0.500000 0.500000
vt 0.000000 1.000000
vt 1.000000 1.000000
vt 0.500000 0.500000
vt 0.000000 0.000000
vt 1.000000 0.000000
vt 0.500000 0.500000
vt 0.000000 1.000000
vt 1.000000 1.000000
vt 0.000000 0.000000
vt 1.000000 0.000000
vt 1.000000 1.000000
vt 0.000000 1.000000
vt 0.000000 0.000000
vt 1.000000 0.000000
vt 1.000000 1.000000
vt 0.000000 1.000000
vt 0.000000 0.000000
vt 1.000000 0.000000
vt 1.000000 1.000000
vt 0.000000 1.000000
vt 0.000000 0.000000
vt 1.000000 0.000000
vt 1.000000 1.000000
vt 0.000000 1.000000
vt 0.000000 0.000000
vt 1.000000 0.000000
vt 1.000000 1.000000
vt 0.000000 1.000000
vt 0.000000 0.000000
vt 1.000000 0.000000
vt 1.000000 1.000000
vt 0.000000 1.000000
vt 0.000000 0.000000
vt 1.000000 0.000000
vt 1.000000 1.000000
vt 0.000000 1.000000
vt 0.000000 0.000000
vt 1.000000 0.000000
vt 1.000000 1.000000
vt 0.000000 1.000000
vt 0.500000 0.500000
vt 0.000000 0.000000
vt 1.000000 0.000000
vt 0.500000 0.500000
vt 0.000000 1.000000
vt 1.000000 1.000000
vt 0.500000 0.500000
vt 0.000000 0.000000
vt 1.000000 0.000000
vt 0.500000 0.500000
vt 0.000000 1.000000
vt 1.000000 1.000000
vt 0.500000 0.500000
vt 0.000000 0.000000
vt 1.000000 0.000000
vt 0.500000 0.500000
vt 0.000000 1.000000
vt 1.000000 1.000000
vt 0.500000 0.500000
vt 0.000000 0.000000
vt 1.000000 0.000000
vt 0.500000 0.500000
vt 0.000000 1.000000
vt 1.000000 1.000000
vt 0.500000 0.500000
vt 0.000000 0.000000
vt 1.000000 0.000000
vt 0.500000 0.500000
vt 0.000000 1.000000
vt 1.000000 1.000000
vt 0.500000 0.500000
vt 0.000000 0.000000
vt 1.000000 0.000000
vt 0.500000 0.500000
vt 0.000000 1.000000
vt 1.000000 1.000000
vt 0.500000 0.500000
vt 0.000000 0.000000
vt 1.000000 0.000000
vt 0.500000 0.500000
vt 0.000000 1.000000
vt 1.000000 1.000000
vt 0.500000 0.500000
vt 0.000000 0.000000
vt 1.000000 0.000000
vt 0.500000 0.500000
vt 0.000000 1.000000
vt 1.000000 1.000000
vt 0.000000 0.000000
vt 1.000000 0.000000
vt 1.000000 1.000000
vt 0.000000 1.000000
vt 0.000000 0.000000
vt 1.000000 0.000000
vt 1.000000 1.000000
vt 0.000000 1.000000
vt 0.000000 0.000000
vt 1.000000 0.000000
vt 1.000000 1.000000
vt 0.000000 1.000000
vt 0.000000 0.000000
vt 1.000000 0.000000
vt 1.000000 1.000000
vt 0.000000 1.000000
vt 0.000000 0.000000
vt 1.000000 0.000000
vt 1.000000 1.000000
vt 0.000000 1.000000
vt 0.000000 0.000000
vt 1.000000 0.000000
vt 1.000000 1.000000
vt 0.000000 1.000000
vt 0.000000 0.000000
vt 1.000000 0.000000
vt 1.000000 1.000000
vt 0.000000 1.000000
vt 0.000000 0.000000
vt 1.000000 0.000000
vt 1.000000 1.000000
vt 0.000000 1.000000
vt 0.500000 0.500000
vt 0.000000 0.000000
vt 1.000000 0.000000
vt 0.500000 0.500000
vt 0.000000 1.000000
vt 1.000000 1.000000
vt 0.500000 0.500000
vt 0.000000 0.000000
vt 1.000000 0.000000
vt 0.500000 0.500000
vt 0.000000 1.000000
vt 1.000000 1.000000
vt 0.500000 0.500000
vt 0.000000 0.000000
vt 1.000000 0.000000
vt 0.500000 0.500000
vt 0.000000 1.000000
vt 1.000000 1.000000
vt 0.500000 0.500000
vt 0.000000 0.000000
vt 1.000000 0.000000
vt 0.500000 0.500000
vt 0.000000 1.000000
vt 1.000000 1.000000
vt 0.500000 0.500000
vt 0.000000 0.000000
vt 1.000000 0.000000
vt 0.500000 0.500000
vt 0.000000 1.000000
vt 1.000000 1.000000
vt 0.500000 0.500000
vt 0.000000 0.000000
vt 1.000000 0.000000
vt 0.500000 0.500000
vt 0.000000 1.000000
vt 1.000000 1.000000
vt 0.500000 0.500000
vt 0.000000 0.000000
vt 1.000000 0.000000
vt 0.500000 0.500000
vt 0.000000 1.000000
vt 1.000000 1.000000
vt 0.500000 0.500000
vt 0.000000 0.000000
vt 1.000000 0.000000
vt 0.500000 0.500000
vt 0.000000 1.000000
vt 1.000000 1.000000
vt 0.000000 0.000000
vt 1.000000 0.000000
vt 1.000000 1.000000
vt 0.000000 1.000000
vt 0.000000 0.000000
vt 1.000000 0.000000
vt 1.000000 1.000000
vt 0.000000 1.000000
vt 0.000000 0.000000
vt 1.000000 0.000000
vt 1.000000 1.000000
vt 0.000000 1.000000
vt 0.000000 0.000000
vt 1.000000 0.000000
vt 1.000000 1.000000
vt 0.000000 1.000000
vt 0.000000 0.000000
vt 1.000000 0.000000
vt 1.000000 1.000000
vt 0.000000 1.000000
vt 0.000000 0.000000
vt 1.000000 0.000000
vt 1.000000 1.000000
vt 0.000000 1.000000
vt 0.000000 0.000000
vt 1.000000 0.000000
vt 1.000000 1.000000
vt 0.000000 1.000000
vt 0.000000 0.000000
vt 1.000000 0.000000
vt 1.000000 1.000000
vt 0.000000 1.000000
vt 0.500000 0.500000
vt 0.000000 0.000000
vt 1.000000 0.000000
vt 0.500000 0.500000
vt 0.000000 1.000000
vt 1.000000 1.000000
vt 0.500000 0.500000
vt 0.000000 0.000000
vt 1.000000 0.000000
vt 0.500000 0.500000
vt 0.000000 1.000000
vt 1.000000 1.000000
vt 0.500000 0.500000
vt 0.000000 0.000000
vt 1.000000 0.000000
vt 0.500000 0.500000
vt 0.000000 1.000000
vt 1.000000 1.000000
vt 0.500000 0.500000
vt 0.000000 0.000000
vt 1.000000 0.000000
vt 0.500000 0.500000
vt 0.000000 1.000000
vt 1.000000 1.000000
vt 0.500000 0.500000
vt 0.000000 0.000000
vt 1.000000 0.000000
vt 0.500000 0.500000
vt 0.000000 1.000000
vt 1.000000 1.000000
vt 0.500000 0.500000
vt 0.000000 0.000000
vt 1.000000 0.000000
vt 0.500000 0.500000
vt 0.000000 1.000000
vt 1.000000 1.000000
vt 0.500000 0.500000
vt 0.000000 0.000000
vt 1.000000 0.000000
vt 0.500000 0.500000
vt 0.000000 1.000000
vt 1.000000 1.000000
vt 0.500000 0.500000
vt 0.000000 0.000000
vt 1.000000 0.000000
vt 0.500000 0.500000
vt 0.000000 1.000000
vt 1.000000 1.000000
vt 0.000000 0.000000
vt 1.000000 0.000000
vt 1.000000 1.000000
vt 0.000000 1.000000
vt 0.000000 0.000000
vt 1.000000 0.000000
vt 1.000000 1.000000
vt 0.000000 1.000000
vt 0.000000 0.000000
vt 1.000000 0.000000
vt 1.000000 1.000000
vt 0.000000 1.000000
vt 0.000000 0.000000
vt 1.000000 0.000000
vt 1.000000 1.000000
vt 0.000000 1.000000
vt 0.000000 0.000000
vt 1.000000 0.000000
vt 1.000000 1.000000
vt 0.000000 1.000000
vt 0.000000 0.000000
vt 1.000000 0.000000
vt 1.000000 1.000000
vt 0.000000 1.000000
vt 0.000000 0.000000
vt 1.000000 0.000000
vt 1.000000 1.000000
vt 0.000000 1.000000
vt 0.000000 0.000000
vt 1.000000 0.000000
vt 1.000000 1.000000
vt 0.000000 1.000000
vt 0.500000 0.500000
vt 0.000000 0.000000
vt 1.000000 0.000000
vt 0.500000 0.500000
vt 0.000000 1.000000
vt 1.000000 1.000000
vt 0.500000 0.500000
vt 0.000000 0.000000
vt 1.000000 0.000000
vt 0.500000 0.500000
vt 0.000000 1.000000
vt 1.000000 1.000000
vt 0.500000 0.500000
vt 0.000000 0.000000
vt 1.000000 0.000000
vt 0.500000 0.500000
vt 0.000000 1.000000
vt 1.000000 1.000000
vt 0.500000 0.500000
vt 0.000000 0.000000
vt 1.000000 0.000000
vt 0.500000 0.500000
vt 0.000000 1.000000
vt 1.000000 1.000000
vt 0.500000 0.500000
vt 0.000000 0.000000
vt 1.000000 0.000000
vt 0.500000 0.500000
vt 0.000000 1.000000
vt 1.000000 1.000000
vt 0.500000 0.500000
vt 0.000000 0.000000
vt 1.000000 0.000000
vt 0.500000 0.500000
vt 0.000000 1.000000
vt 1.000000 1.000000
vt 0.500000 0.500000
vt 0.000000 0.000000
vt 1.000000 0.000000
vt 0.500000 0.500000
vt 0.000000 1.000000
vt 1.000000 1.000000
vt 0.500000 0.500000
vt 0.000000 0.000000
vt 1.000000 0.000000
vt 0.500000 0.500000
vt 0.000000 1.000000
vt 1.000000 1.000000
vt 0.000000 0.000000
vt 1.000000 0.000000
vt 1.000000 1.000000
vt 0.000000 1.000000
vt 0.000000 0.000000
vt 1.000000 0.000000
vt 1.000000 1.000000
vt 0.000000 1.000000
vt 0.000000 0.000000
vt 1.000000 0.000000
vt 1.000000 1.000000
vt 0.000000 1.000000
vt 0.000000 0.000000
vt 1.000000 0.000000
vt 1.000000 1.000000
vt 0.000000 1.000000
vt 0.000000 0.000000
vt 1.000000 0.000000
vt 1.000000 1.000000
vt 0.000000 1.000000
vt 0.000000 0.000000
vt 1.000000 0.000000
vt 1.000000 1.000000
vt 0.000000 1.000000
vt 0.000000 0.000000
vt 1.000000 0.000000
vt 1.000000 1.000000
vt 0.000000 1.000000
vt 0.000000 0.000000
vt 1.000000 0.000000
vt 1.000000 1.000000
vt 0.000000 1.000000
vt 0.000000 0.000000
vt 1.000000 0.000000
vt 1.000000 1.000000
vt 0.000000 1.000000
vt 0.000000 0.000000
vt 1.000000 0.000000
vt 1.000000 1.000000
vt 0.000000 1.000000
vt 0.000000 0.000000
vt 1.000000 0.000000
vt 1.000000 1.000000
vt 0.000000 1.000000
vt 0.000000 0.000000
vt 1.000000 0.000000
vt 1.000000 1.000000
vt 0.000000 1.000000
vt 0.000000 0.000000
vt 1.000000 0.000000
vt 1.000000 1.000000
vt 0.000000 1.000000
vt 0.000000 0.000000
vt 1.000000 0.000000
vt 1.000000 1.000000
vt 0.000000 1.000000
vt 0.000000 0.000000
vt 1.000000 0.000000
vt 1.000000 1.000000
vt 0.000000 1.000000
vt 0.000000 0.000000
vt 1.000000 0.000000
vt 1.000000 1.000000
vt 0.000000 1.000000
vt 0.000000 0.000000
vt 1.000000 0.000000
vt 1.000000 1.000000
vt 0.000000 1.000000
vt 0.000000 0.000000
vt 1.000000 0.000000
vt 1.000000 1.000000
vt 0.000000 1.000000
vt 0.000000 0.000000
vt 1.000000 0.000000
vt 1.000000 1.000000
vt 0.000000 1.000000
vt 0.000000 0.000000
vt 1.000000 0.000000
vt 1.000000 1.000000
vt 0.000000 1.000000
vt 0.000000 0.000000
vt 1.000000 0.000000
vt 1.000000 1.000000
vt 0.000000 1.000000
vt 0.000000 0.000000
vt 1.000000 0.000000
vt 1.000000 1.000000
vt 0.000000 1.000000
vt 0.000000 0.000000
vt 1.000000 0.000000
vt 1.000000 1.000000
vt 0.000000 1.000000
vt 0.000000 0.000000
vt 1.000000 0.000000
vt 1.000000 1.000000
vt 0.000000 1.000000
vt 0.000000 0.000000
vt 1.000000 0.000000
vt 1.000000 1.000000
vt 0.000000 1.000000
vt 0.000000 0.000000
vt 1.000000 0.000000
vt 1.000000 1.000000
vt 0.000000 1.000000
vt 0.000000 0.000000
vt 1.000000 0.000000
vt 1.000000 1.000000
vt 0.000000 1.000000
vt 0.000000 0.000000
vt 1.000000 0.000000
vt 1.000000 1.000000
vt 0.000000 1.000000
vt 0.000000 0.000000
vt 1.000000 0.000000
vt 1.000000 1.000000
vt 0.000000 1.000000
vt 0.000000 0.000000
vt 1.000000 0.000000
vt 1.000000 1.000000
vt 0.000000 1.000000
vt 0.000000 0.000000
vt 1.000000 0.000000
vt 1.000000 1.000000
vt 0.000000 1.000000
vt 0.000000 0.000000
vt 1.000000 0.000000
vt 1.000000 1.000000
vt 0.000000 1.000000
vt 0.000000 0.000000
vt 1.000000 0.000000
vt 1.000000 1.000000
vt 0.000000 1.000000
vt 0.000000 0.000000
vt 1.000000 0.000000
vt 1.000000 1.000000
vt 0.000000 1.000000
vt 0.000000 0.000000
vt 1.000000 0.000000
vt 1.000000 1.000000
vt 0.000000 1.000000
vt 0.000000 0.000000
vt 1.000000 0.000000
vt 1.000000 1.000000
vt 0.000000 1.000000
vt 0.000000 0.000000
vt 1.000000 0.000000
vt 1.000000 1.000000
vt 0.000000 1.000000
vt 0.000000 0.000000
vt 1.000000 0.000000
vt 1.000000 1.000000
vt 0.000000 1.000000
vt 0.000000 0.000000
vt 1.000000 0.000000
vt 1.000000 1.000000
vt 0.000000 1.000000
vt 0.000000 0.000000
vt 1.000000 0.000000
vt 1.000000 1.000000
vt 0.000000 1.000000
vt 0.000000 0.000000
vt 1.000000 0.000000
vt 1.000000 1.000000
vt 0.000000 1.000000
vt 0.000000 0.000000
vt 1.000000 0.000000
vt 1.000000 1.000000
vt 0.000000 1.000000
vt 0.000000 0.000000
vt 1.000000 0.000000
vt 1.000000 1.000000
vt 0.000000 1.000000
vt 0.000000 0.000000
vt 1.000000 0.000000
vt 1.000000 1.000000
vt 0.000000 1.000000
vt 0.000000 0.000000
vt 1.000000 0.000000
vt 1.000000 1.000000
vt 0.000000 1.000000
vt 0.000000 0.000000
vt 1.000000 0.000000
vt 1.000000 1.000000
vt 0.000000 1.000000
vt 0.000000 0.000000
vt 1.000000 0.000000
vt 1.000000 1.000000
vt 0.000000 1.000000
vt 0.000000 0.000000
vt 1.000000 0.000000
vt 1.000000 1.000000
vt 0.000000 1.000000
vt 0.000000 0.000000
vt 1.000000 0.000000
vt 1.000000 1.000000
vt 0.000000 1.000000
vt 0.000000 0.000000
vt 1.000000 0.000000
vt 1.000000 1.000000
vt 0.000000 1.000000
vt 0.000000 0.000000
vt 1.000000 0.000000
vt 1.000000 1.000000
vt 0.000000 1.000000
vt 0.000000 0.000000
vt 1.000000 0.000000
vt 1.000000 1.000000
vt 0.000000 1.000000
vt 0.000000 0.000000
vt 1.000000 0.000000
vt 1.000000 1.000000
vt 0.000000 1.000000
vt 0.000000 0.000000
vt 1.000000 0.000000
vt 1.000000 1.000000
vt 0.000000 1.000000
vt 0.000000 0.000000
vt 1.000000 0.000000
vt 1.000000 1.000000
vt 0.000000 1.000000
vt 0.000000 0.000000
vt 1.000000 0.000000
vt 1.000000 1.000000
vt 0.000000 1.000000
vt 0.000000 0.000000
vt 1.000000 0.000000
vt 1.000000 1.000000
vt 0.000000 1.000000
vt 0.000000 0.000000
vt 1.000000 0.000000
vt 1.000000 1.000000
vt 0.000000 1.000000
vt 0.000000 0.000000
vt 1.000000 0.000000
vt 1.000000 1.000000
vt 0.000000 1.000000
vt 0.000000 0.000000
vt 1.000000 0.000000
vt 1.000000 1.000000
vt 0.000000 1.000000
vt 0.000000 0.000000
vt 1.000000 0.000000
vt 1.000000 1.000000
vt 0.000000 1.000000
vt 0.000000 0.000000
vt 1.000000 0.000000
vt 1.000000 1.000000
vt 0.000000 1.000000
vt 0.000000 0.000000
vt 1.000000 0.000000
vt 1.000000 1.000000
vt 0.000000 1.000000
vt 0.000000 0.000000
vt 1.000000 0.000000
vt 1.000000 1.000000
vt 0.000000 1.000000
vt 0.000000 0.000000
vt 1.000000 0.000000
vt 1.000000 1.000000
vt 0.000000 1.000000
vt 0.000000 0.000000
vt 1.000000 0.000000
vt 1.000000 1.000000
vt 0.000000 1.000000
vt 0.000000 0.000000
vt 1.000000 0.000000
vt 1.000000 1.000000
vt 0.000000 1.000000
vt 0.000000 0.000000
vt 1.000000 0.000000
vt 1.000000 1.000000
vt 0.000000 1.000000
vt 0.000000 0.000000
vt 1.000000 0.000000
vt 1.000000 1.000000
vt 0.000000 1.000000
vt 0.000000 0.000000
vt 1.000000 0.000000
vt 1.000000 1.000000
vt 0.000000 1.000000
vt 0.000000 0.000000
vt 1.000000 0.000000
vt 1.000000 1.000000
vt 0.000000 1.000000
vt 0.000000 0.000000
vt 1.000000 0.000000
vt 1.000000 1.000000
vt 0.000000 1.000000
vt 0.000000 0.000000
vt 1.000000 0.000000
vt 1.000000 1.000000
vt 0.000000 1.000000
vt 0.000000 0.000000
vt 1.000000 0.000000
vt 1.000000 1.000000
vt 0.000000 1.000000
vt 0.000000 0.000000
vt 1.000000 0.000000
vt 1.000000 1.000000
vt 0.000000 1.000000
vt 0.000000 0.000000
vt 1.000000 0.000000
vt 1.000000 1.000000
vt 0.000000 1.000000
vt 0.000000 0.000000
vt 1.000000 0.000000
vt 1.000000 1.000000
vt 0.000000 1.000000
vt 0.000000 0.000000
vt 1.000000 0.000000
vt 1.000000 1.000000
vt 0.000000 1.000000
vt 0.000000 0.000000
vt 1.000000 0.000000
vt 1.000000 1.000000
vt 0.000000 1.000000
vt 0.000000 0.000000
vt 1.000000 0.000000
vt 1.000000 1.000000
vt 0.000000 1.000000
vt 0.000000 0.000000
vt 1.000000 0.000000
vt 1.000000 1.000000
vt 0.000000 1.000000
vt 0.000000 0.000000
vt 1.000000 0.000000
vt 1.000000 1.000000
vt 0.000000 1.000000
vt 0.000000 0.000000
vt 1.000000 0.000000
vt 1.000000 1.000000
vt 0.000000 1.000000
vt 0.000000 0.000000
vt 1.000000 0.000000
vt 1.000000 1.000000
vt 0.000000 1.000000
vt 0.000000 0.000000
vt 1.000000 0.000000
vt 1.000000 1.000000
vt 0.000000 1.000000
vt 0.000000 0.000000
vt 1.000000 0.000000
vt 1.000000 1.000000
vt 0.000000 1.000000
vt 0.000000 0.000000
vt 1.000000 0.000000
vt 1.000000 1.000000
vt 0.000000 1.000000
vt 0.000000 0.000000
vt 1.000000 0.000000
vt 1.000000 1.000000
vt 0.000000 1.000000
vt 0.000000 0.000000
vt 1.000000 0.000000
vt 1.000000 1.000000
vt 0.000000 1.000000
vt 0.000000 0.000000
vt 1.000000 0.000000
vt 1.000000 1.000000
vt 0.000000 1.000000
vt 0.000000 0.000000
vt 1.000000 0.000000
vt 1.000000 1.000000
vt 0.000000 1.000000
vt 0.000000 0.000000
vt 1.000000 0.000000
vt 1.000000 1.000000
vt 0.000000 1.000000
vt 0.000000 0.000000
vt 1.000000 0.000000
vt 1.000000 1.000000
vt 0.000000 1.000000
vt 0.000000 0.000000
vt 1.000000 0.000000
vt 1.000000 1.000000
vt 0.000000 1.000000
vt 0.000000 0.000000
vt 1.000000 0.000000
vt 1.000000 1.000000
vt 0.000000 1.000000
vt 0.000000 0.000000
vt 1.000000 0.000000
vt 1.000000 1.000000
vt 0.000000 1.000000
vt 0.000000 0.000000
vt 1.000000 0.000000
vt 1.000000 1.000000
vt 0.000000 1.000000
vt 0.000000 0.000000
vt 1.000000 0.000000
vt 1.000000 1.000000
vt 0.000000 1.000000
vt 0.000000 0.000000
vt 1.000000 0.000000
vt 1.000000 1.000000
vt 0.000000 1.000000
vt 0.000000 0.000000
vt 1.000000 0.000000
vt 1.000000 1.000000
vt 0.000000 1.000000
vt 0.000000 0.000000
vt 1.000000 0.000000
vt 1.000000 1.000000
vt 0.000000 1.000000
vt 0.000000 0.000000
vt 1.000000 0.000000
vt 1.000000 1.000000
vt 0.000000 1.000000
vt 0.000000 0.000000
vt 1.000000 0.000000
vt 1.000000 1.000000
vt 0.000000 1.000000
vt 0.000000 0.000000
vt 1.000000 0.000000
vt 1.000000 1.000000
vt 0.000000 1.000000
vt 0.000000 0.000000
vt 1.000000 0.000000
vt 1.000000 1.000000
vt 0.000000 1.000000
vt 0.000000 0.000000
vt 1.000000 0.000000
vt 1.000000 1.000000
vt 0.000000 1.000000
vt 0.000000 0.000000
vt 1.000000 0.000000
vt 1.000000 1.000000
vt 0.000000 1.000000
vt 0.000000 0.000000
vt 1.000000 0.000000
vt 1.000000 1.000000
vt 0.000000 1.000000
vt 0.000000 0.000000
vt 1.000000 0.000000
vt 1.000000 1.000000
vt 0.000000 1.000000
vt 0.000000 0.000000
vt 1.000000 0.000000
vt 1.000000 1.000000
vt 0.000000 1.000000
vt 0.000000 0.000000
vt 1.000000 0.000000
vt 1.000000 1.000000
vt 0.000000 1.000000
vt 0.000000 0.000000
vt 1.000000 0.000000
vt 1.000000 1.000000
vt 0.000000 1.000000
vt 0.000000 0.000000
vt 1.000000 0.000000
vt 1.000000 1.000000
vt 0.000000 1.000000
vt 0.000000 0.000000
vt 1.000000 0.000000
vt 1.000000 1.000000
vt 0.000000 1.000000
vt 0.000000 0.000000
vt 1.000000 0.000000
vt 1.000000 1.000000
vt 0.000000 1.000000
vt 0.000000 0.000000
vt 1.000000 0.000000
vt 1.000000 1.000000
vt 0.000000 1.000000
vt 0.000000 0.000000
vt 1.000000 0.000000
vt 1.000000 1.000000
vt 0.000000 1.000000
vt 0.000000 0.000000
vt 1.000000 0.000000
vt 1.000000 1.000000
vt 0.000000 1.000000
vt 0.000000 0.000000
vt 1.000000 0.000000
vt 1.000000 1.000000
vt 0.000000 1.000000
vt 0.000000 0.000000
vt 1.000000 0.000000
vt 1.000000 1.000000
vt 0.000000 1.000000
vt 0.000000 0.000000
vt 1.000000 0.000000
vt 1.000000 1.000000
vt 0.000000 1.000000
vt 0.000000 0.000000
vt 1.000000 0.000000
vt 1.000000 1.000000
vt 0.000000 1.000000
vt 0.000000 0.000000
vt 1.000000 0.000000
vt 1.000000 1.000000
vt 0.000000 1.000000
vt 0.000000 0.000000
vt 1.000000 0.000000
vt 1.000000 1.000000
vt 0.000000 1.000000
vt 0.000000 0.000000
vt 1.000000 0.000000
vt 1.000000 1.000000
vt 0.000000 1.000000
vt 0.000000 0.000000
vt 1.000000 0.000000
vt 1.000000 1.000000
vt 0.000000 1.000000
vt 0.000000 0.000000
vt 1.000000 0.000000
vt 1.000000 1.000000
vt 0.000000 1.000000
vt 0.000000 0.000000
vt 1.000000 0.000000
vt 1.000000 1.000000
vt 0.000000 1.000000
vt 0.000000 0.000000
vt 1.000000 0.000000
vt 1.000000 1.000000
vt 0.000000 1.000000
vt 0.000000 0.000000
vt 1.000000 0.000000
vt 1.000000 1.000000
vt 0.000000 1.000000
vt 0.000000 0.000000
vt 1.000000 0.000000
vt 1.000000 1.000000
vt 0.000000 1.000000
vt 0.000000 0.000000
vt 1.000000 0.000000
vt 1.000000 1.000000
vt 0.000000 1.000000
vt 0.000000 0.000000
vt 1.000000 0.000000
vt 1.000000 1.000000
vt 0.000000 1.000000
vt 0.000000 0.000000
vt 1.000000 0.000000
vt 1.000000 1.000000
vt 0.000000 1.000000
vt 0.000000 0.000000
vt 1.000000 0.000000
vt 1.000000 1.000000
vt 0.000000 1.000000
vt 0.000000 0.000000
vt 1.000000 0.000000
vt 1.000000 1.000000
vt 0.000000 1.000000
vt 0.000000 0.000000
vt 1.000000 0.000000
vt 1.000000 1.000000
vt 0.000000 1.000000
vt 0.000000 0.000000
vt 1.000000 0.000000
vt 1.000000 1.000000
vt 0.000000 1.000000
vt 0.000000 0.000000
vt 1.000000 0.000000
vt 1.000000 1.000000
vt 0.000000 1.000000
vt 0.000000 0.000000
vt 1.000000 0.000000
vt 1.000000 1.000000
vt 0.000000 1.000000
vt 0.000000 0.000000
vt 1.000000 0.000000
vt 1.000000 1.000000
vt 0.000000 1.000000
vt 0.000000 0.000000
vt 1.000000 0.000000
vt 1.000000 1.000000
vt 0.000000 1.000000
vt 0.000000 0.000000
vt 1.000000 0.000000
vt 1.000000 1.000000
vt 0.000000 1.000000
vt 0.000000 0.000000
vt 1.000000 0.000000
vt 1.000000 1.000000
vt 0.000000 1.000000
vt 0.000000 0.000000
vt 1.000000 0.000000
vt 1.000000 1.000000
vt 0.000000 1.000000
vt 0.000000 0.000000
vt 1.000000 0.000000
vt 1.000000 1.000000
vt 0.000000 1.000000
vt 0.000000 0.000000
vt 1.000000 0.000000
vt 1.000000 1.000000
vt 0.000000 1.000000
vt 0.000000 0.000000
vt 1.000000 0.000000
vt 1.000000 1.000000
vt 0.000000 1.000000
vt 0.000000 0.000000
vt 1.000000 0.000000
vt 1.000000 1.000000
vt 0.000000 1.000000
vt 0.000000 0.000000
vt 1.000000 0.000000
vt 1.000000 1.000000
vt 0.000000 1.000000
vt 0.000000 0.000000
vt 1.000000 0.000000
vt 1.000000 1.000000
vt 0.000000 1.000000
vt 0.000000 0.000000
vt 1.000000 0.000000
vt 1.000000 1.000000
vt 0.000000 1.000000
vt 0.000000 0.000000
vt 1.000000 0.000000
vt 1.000000 1.000000
vt 0.000000 1.000000
vt 0.000000 0.000000
vt 1.000000 0.000000
vt 1.000000 1.000000
vt 0.000000 1.000000
vt 0.000000 0.000000
vt 1.000000 0.000000
vt 1.000000 1.000000
vt 0.000000 1.000000
vt 0.000000 0.000000
vt 1.000000 0.000000
vt 1.000000 1.000000
vt 0.000000 1.000000
vt 0.000000 0.000000
vt 1.000000 0.000000
vt 1.000000 1.000000
vt 0.000000 1.000000
vt 0.000000 0.000000
vt 1.000000 0.000000
vt 1.000000 1.000000
vt 0.000000 1.000000
vt 0.000000 0.000000
vt 1.000000 0.000000
vt 1.000000 1.000000
vt 0.000000 1.000000
vt 0.000000 0.000000
vt 1.000000 0.000000
vt 1.000000 1.000000
vt 0.000000 1.000000
vt 0.000000 0.000000
vt 1.000000 0.000000
vt 1.000000 1.000000
vt 0.000000 1.000000
vt 0.000000 0.000000
vt 1.000000 0.000000
vt 1.000000 1.000000
vt 0.000000 1.000000
vt 0.000000 0.000000
vt 1.000000 0.000000
vt 1.000000 1.000000
vt 0.000000 1.000000
vt 0.000000 0.000000
vt 1.000000 0.000000
vt 1.000000 1.000000
vt 0.000000 1.000000
vt 0.000000 0.000000
vt 1.000000 0.000000
vt 1.000000 1.000000
vt 0.000000 1.000000
vt 0.000000 0.000000
vt 1.000000 0.000000
vt 1.000000 1.000000
vt 0.000000 1.000000
vt 0.000000 0.000000
vt 1.000000 0.000000
vt 1.000000 1.000000
vt 0.000000 1.000000
vt 0.000000 0.000000
vt 1.000000 0.000000
vt 1.000000 1.000000
vt 0.000000 1.000000
vt 0.000000 0.000000
vt 1.000000 0.000000
vt 1.000000 1.000000
vt 0.000000 1.000000
vt 0.000000 0.000000
vt 1.000000 0.000000
vt 1.000000 1.000000
vt 0.000000 1.000000
vt 0.000000 0.000000
vt 1.000000 0.000000
vt 1.000000 1.000000
vt 0.000000 1.000000
vt 0.000000 0.000000
vt 1.000000 0.000000
vt 1.000000 1.000000
vt 0.000000 1.000000
vt 0.000000 0.000000
vt 1.000000 0.000000
vt 1.000000 1.000000
vt 0.000000 1.000000
vt 0.000000 0.000000
vt 1.000000 0.000000
vt 1.000000 1.000000
vt 0.000000 1.000000
vt 0.000000 0.000000
vt 1.000000 0.000000
vt 1.000000 1.000000
vt 0.000000 1.000000
vt 0.000000 0.000000
vt 1.000000 0.000000
vt 1.000000 1.000000
vt 0.000000 1.000000
vt 0.000000 0.000000
vt 1.000000 0.000000
vt 1.000000 1.000000
vt 0.000000 1.000000
vt 0.000000 0.000000
vt 1.000000 0.000000
vt 1.000000 1.000000
vt 0.000000 1.000000
vt 0.000000 0.000000
vt 1.000000 0.000000
vt 1.000000 1.000000
vt 0.000000 1.000000
vt 0.000000 0.000000
vt 1.000000 0.000000
vt 1.000000 1.000000
vt 0.000000 1.000000
vt 0.000000 0.000000
vt 1.000000 0.000000
vt 1.000000 1.000000
vt 0.000000 1.000000
vt 0.000000 0.000000
vt 1.000000 0.000000
vt 1.000000 1.000000
vt 0.000000 1.000000
vt 0.000000 0.000000
vt 1.000000 0.000000
vt 1.000000 1.000000
vt 0.000000 1.000000
vt 0.000000 0.000000
vt 1.000000 0.000000
vt 1.000000 1.000000
vt 0.000000 1.000000
vt 0.000000 0.000000
vt 1.000000 0.000000
vt 1.000000 1.000000
vt 0.000000 1.000000
vt 0.000000 0.000000
vt 1.000000 0.000000
vt 1.000000 1.000000
vt 0.000000 1.000000
vt 0.000000 0.000000
vt 1.000000 0.000000
vt 1.000000 1.000000
vt 0.000000 1.000000
vt 0.000000 0.000000
vt 1.000000 0.000000
vt 1.000000 1.000000
vt 0.000000 1.000000
vt 0.000000 0.000000
vt 1.000000 0.000000
vt 1.000000 1.000000
vt 0.000000 1.000000
vt 0.000000 0.000000
vt 1.000000 0.000000
vt 1.000000 1.000000
vt 0.000000 1.000000
vt 0.000000 0.000000
vt 1.000000 0.000000
vt 1.000000 1.000000
vt 0.000000 1.000000
vt 0.000000 0.000000
vt 1.000000 0.000000
vt 1.000000 1.000000
vt 0.000000 1.000000
vt 0.000000 0.000000
vt 1.000000 0.000000
vt 1.000000 1.000000
vt 0.000000 1.000000
vt 0.000000 0.000000
vt 1.000000 0.000000
vt 1.000000 1.000000
vt 0.000000 1.000000
vt 0.000000 0.000000
vt 1.000000 0.000000
vt 1.000000 1.000000
vt 0.000000 1.000000
vt 0.000000 0.000000
vt 1.000000 0.000000
vt 1.000000 1.000000
vt 0.000000 1.000000
vt 0.000000 0.000000
vt 1.000000 0.000000
vt 1.000000 1.000000
vt 0.000000 1.000000
vt 0.000000 0.000000
vt 1.000000 0.000000
vt 1.000000 1.000000
vt 0.000000 1.000000
vt 0.000000 0.000000
vt 1.000000 0.000000
vt 1.000000 1.000000
vt 0.000000 1.000000
vt 0.000000 0.000000
vt 1.000000 0.000000
vt 1.000000 1.000000
vt 0.000000 1.000000
vt 0.000000 0.000000
vt 1.000000 0.000000
vt 1.000000 1.000000
vt 0.000000 1.000000
vt 0.000000 0.000000
vt 1.000000 0.000000
vt 1.000000 1.000000
vt 0.000000 1.000000
vt 0.000000 0.000000
vt 1.000000 0.000000
vt 1.000000 1.000000
vt 0.000000 1.000000
vt 0.000000 0.000000
vt 1.000000 0.000000
vt 1.000000 1.000000
vt 0.000000 1.000000
vt 0.000000 0.000000
vt 1.000000 0.000000
vt 1.000000 1.000000
vt 0.000000 1.000000
vt 0.000000 0.000000
vt 1.000000 0.000000
vt 1.000000 1.000000
vt 0.000000 1.000000
vt 0.000000 0.000000
vt 1.000000 0.000000
vt 1.000000 1.000000
vt 0.000000 1.000000
vt 0.000000 0.000000
vt 1.000000 0.000000
vt 1.000000 1.000000
vt 0.000000 1.000000
vt 0.000000 0.000000
vt 1.000000 0.000000
vt 1.000000 1.000000
vt 0.000000 1.000000
vt 0.000000 0.000000
vt 1.000000 0.000000
vt 1.000000 1.000000
vt 0.000000 1.000000
vt 0.000000 0.000000
vt 1.000000 0.000000
vt 1.000000 1.000000
vt 0.000000 1.000000
vt 0.000000 0.000000
vt 1.000000 0.000000
vt 1.000000 1.000000
vt 0.000000 1.000000
vt 0.000000 0.000000
vt 1.000000 0.000000
vt 1.000000 1.000000
vt 0.000000 1.000000
vt 0.000000 0.000000
vt 1.000000 0.000000
vt 1.000000 1.000000
vt 0.000000 1.000000
vt 0.000000 0.000000
vt 1.000000 0.000000
vt 1.000000 1.000000
vt 0.000000 1.000000
vt 0.000000 0.000000
vt 1.000000 0.000000
vt 1.000000 1.000000
vt 0.000000 1.000000
vt 0.000000 0.000000
vt 1.000000 0.000000
vt 1.000000 1.000000
vt 0.000000 1.000000
vt 0.000000 0.000000
vt 1.000000 0.000000
vt 1.000000 1.000000
vt 0.000000 1.000000
vt 0.000000 0.000000
vt 1.000000 0.000000
vt 1.000000 1.000000
vt 0.000000 1.000000
vt 0.000000 0.000000
vt 1.000000 0.000000
vt 1.000000 1.000000
vt 0.000000 1.000000
vt 0.000000 0.000000
vt 1.000000 0.000000
vt 1.000000 1.000000
vt 0.000000 1.000000
vt 0.000000 0.000000
vt 1.000000 0.000000
vt 1.000000 1.000000
vt 0.000000 1.000000
vt 0.000000 0.000000
vt 1.000000 0.000000
vt 1.000000 1.000000
vt 0.000000 1.000000
vt 0.000000 0.000000
vt 1.000000 0.000000
vt 1.000000 1.000000
vt 0.000000 1.000000
vt 0.000000 0.000000
vt 1.000000 0.000000
vt 1.000000 1.000000
vt 0.000000 1.000000
vt 0.000000 0.000000
vt 1.000000 0.000000
vt 1.000000 1.000000
vt 0.000000 1.000000
vt 0.000000 0.000000
vt 1.000000 0.000000
vt 1.000000 1.000000
vt 0.000000 1.000000
vt 0.000000 0.000000
vt 1.000000 0.000000
vt 1.000000 1.000000
vt 0.000000 1.000000
vt 0.000000 0.000000
vt 1.000000 0.000000
vt 1.000000 1.000000
vt 0.000000 1.000000
vt 0.000000 0.000000
vt 1.000000 0.000000
vt 1.000000 1.000000
vt 0.000000 1.000000
vt 0.000000 0.000000
vt 1.000000 0.000000
vt 1.000000 1.000000
vt 0.000000 1.000000
vt 0.000000 0.000000
vt 1.000000 0.000000
vt 1.000000 1.000000
vt 0.000000 1.000000
vt 0.000000 0.000000
vt 1.000000 0.000000
vt 1.000000 1.000000
vt 0.000000 1.000000
vt 0.000000 0.000000
vt 1.000000 0.000000
vt 1.000000 1.000000
vt 0.000000 1.000000
vt 0.000000 0.000000
vt 1.000000 0.000000
vt 1.000000 1.000000
vt 0.000000 1.000000
vt 0.000000 0.000000
vt 1.000000 0.000000
vt 1.000000 1.000000
vt 0.000000 1.000000
vt 0.000000 0.000000
vt 1.000000 0.000000
vt 1.000000 1.000000
vt 0.000000 1.000000
vt 0.000000 0.000000
vt 1.000000 0.000000
vt 1.000000 1.000000
vt 0.000000 1.000000
vt 0.000000 0.000000
vt 1.000000 0.000000
vt 1.000000 1.000000
vt 0.000000 1.000000
vt 0.000000 0.000000
vt 1.000000 0.000000
vt 1.000000 1.000000
vt 0.000000 1.000000
vt 0.000000 0.000000
vt 1.000000 0.000000
vt 1.000000 1.000000
vt 0.000000 1.000000
vt 0.000000 0.000000
vt 1.000000 0.000000
vt 1.000000 1.000000
vt 0.000000 1.000000
vt 0.000000 0.000000
vt 1.000000 0.000000
vt 1.000000 1.000000
vt 0.000000 1.000000
vt 0.000000 0.000000
vt 1.000000 0.000000
vt 1.000000 1.000000
vt 0.000000 1.000000
vt 0.000000 0.000000
vt 1.000000 0.000000
vt 1.000000 1.000000
vt 0.000000 1.000000
vt 0.000000 0.000000
vt 1.000000 0.000000
vt 1.000000 1.000000
vt 0.000000 1.000000
vt 0.000000 0.000000
vt 1.000000 0.000000
vt 1.000000 1.000000
vt 0.000000 1.000000
vt 0.000000 0.000000
vt 1.000000 0.000000
vt 1.000000 1.000000
vt 0.000000 1.000000
vt 0.000000 0.000000
vt 1.000000 0.000000
vt 1.000000 1.000000
vt 0.000000 1.000000
vt 0.000000 0.000000
vt 1.000000 0.000000
vt 1.000000 1.000000
vt 0.000000 1.000000
vt 0.000000 0.000000
vt 1.000000 0.000000
vt 1.000000 1.000000
vt 0.000000 1.000000
vt 0.000000 0.000000
vt 1.000000 0.000000
vt 1.000000 1.000000
vt 0.000000 1.000000
vt 0.000000 0.000000
vt 1.000000 0.000000
vt 1.000000 1.000000
vt 0.000000 1.000000
vt 0.000000 0.000000
vt 1.000000 0.000000
vt 1.000000 1.000000
vt 0.000000 1.000000
vt 0.000000 0.000000
vt 1.000000 0.000000
vt 1.000000 1.000000
vt 0.000000 1.000000
vt 0.000000 0.000000
vt 1.000000 0.000000
vt 1.000000 1.000000
vt 0.000000 1.000000
vt 0.000000 0.000000
vt 1.000000 0.000000
vt 1.000000 1.000000
vt 0.000000 1.000000
vt 0.000000 0.000000
vt 1.000000 0.000000
vt 1.000000 1.000000
vt 0.000000 1.000000
vt 0.000000 0.000000
vt 1.000000 0.000000
vt 1.000000 1.000000
vt 0.000000 1.000000
vt 0.000000 0.000000
vt 1.000000 0.000000
vt 1.000000 1.000000
vt 0.000000 1.000000
vt 0.000000 0.000000
vt 1.000000 0.000000
vt 1.000000 1.000000
vt 0.000000 1.000000
vt 0.000000 0.000000
vt 1.000000 0.000000
vt 1.000000 1.000000
vt 0.000000 1.000000
vt 0.000000 0.000000
vt 1.000000 0.000000
vt 1.000000 1.000000
vt 0.000000 1.000000
vt 0.000000 0.000000
vt 1.000000 0.000000
vt 1.000000 1.000000
vt 0.000000 1.000000
vt 0.000000 0.000000
vt 1.000000 0.000000
vt 1.000000 1.000000
vt 0.000000 1.000000
vt 0.000000 0.000000
vt 1.000000 0.000000
vt 1.000000 1.000000
vt 0.000000 1.000000
vt 0.000000 0.000000
vt 1.000000 0.000000
vt 1.000000 1.000000
vt 0.000000 1.000000
vt 0.000000 0.000000
vt 1.000000 0.000000
vt 1.000000 1.000000
vt 0.000000 1.000000
vt 0.000000 0.000000
vt 1.000000 0.000000
vt 1.000000 1.000000
vt 0.000000 1.000000
vt 0.000000 0.000000
vt 1.000000 0.000000
vt 1.000000 1.000000
vt 0.000000 1.000000
vt 0.000000 0.000000
vt 1.000000 0.000000
vt 1.000000 1.000000
vt 0.000000 1.000000
vt 0.000000 0.000000
vt 1.000000 0.000000
vt 1.000000 1.000000
vt 0.000000 1.000000
vt 0.000000 0.000000
vt 1.000000 0.000000
vt 1.000000 1.000000
vt 0.000000 1.000000
vt 0.000000 0.000000
vt 1.000000 0.000000
vt 1.000000 1.000000
vt 0.000000 1.000000
vt 0.000000 0.000000
vt 1.000000 0.000000
vt 1.000000 1.000000
vt 0.000000 1.000000
vt 0.000000 0.000000
vt 1.000000 0.000000
vt 1.000000 1.000000
vt 0.000000 1.000000
vt 0.000000 0.000000
vt 1.000000 0.000000
vt 1.000000 1.000000
vt 0.000000 1.000000
vt 0.000000 0.000000
vt 1.000000 0.000000
vt 1.000000 1.000000
vt 0.000000 1.000000
vt 0.000000 0.000000
vt 1.000000 0.000000
vt 1.000000 1.000000
vt 0.000000 1.000000
vt 0.000000 0.000000
vt 1.000000 0.000000
vt 1.000000 1.000000
vt 0.000000 1.000000
vt 0.000000 0.000000
vt 1.000000 0.000000
vt 1.000000 1.000000
vt 0.000000 1.000000
vt 0.000000 0.000000
vt 1.000000 0.000000
vt 1.000000 1.000000
vt 0.000000 1.000000
vt 0.000000 0.000000
vt 1.000000 0.000000
vt 1.000000 1.000000
vt 0.000000 1.000000
vt 0.000000 0.000000
vt 1.000000 0.000000
vt 1.000000 1.000000
vt 0.000000 1.000000
vt 0.000000 0.000000
vt 1.000000 0.000000
vt 1.000000 1.000000
vt 0.000000 1.000000
vt 0.000000 0.000000
vt 1.000000 0.000000
vt 1.000000 1.000000
vt 0.000000 1.000000
vt 0.000000 0.000000
vt 1.000000 0.000000
vt 1.000000 1.000000
vt 0.000000 1.000000
vt 0.000000 0.000000
vt 1.000000 0.000000
vt 1.000000 1.000000
vt 0.000000 1.000000
vt 0.000000 0.000000
vt 1.000000 0.000000
vt 1.000000 1.000000
vt 0.000000 1.000000
vt 0.000000 0.000000
vt 1.000000 0.000000
vt 1.000000 1.000000
vt 0.000000 1.000000
vt 0.000000 0.000000
vt 1.000000 0.000000
vt 1.000000 1.000000
vt 0.000000 1.000000
vt 0.000000 0.000000
vt 1.000000 0.000000
vt 1.000000 1.000000
vt 0.000000 1.000000
vt 0.000000 0.000000
vt 1.000000 0.000000
vt 1.000000 1.000000
vt 0.000000 1.000000
vt 0.000000 0.000000
vt 1.000000 0.000000
vt 1.000000 1.000000
vt 0.000000 1.000000
vt 0.000000 0.000000
vt 1.000000 0.000000
vt 1.000000 1.000000
vt 0.000000 1.000000
vt 0.000000 0.000000
vt 1.000000 0.000000
vt 1.000000 1.000000
vt 0.000000 1.000000
vt 0.000000 0.000000
vt 1.000000 0.000000
vt 1.000000 1.000000
vt 0.000000 1.000000
vt 0.000000 0.000000
vt 1.000000 0.000000
vt 1.000000 1.000000
vt 0.000000 1.000000
vt 0.000000 0.000000
vt 1.000000 0.000000
vt 1.000000 1.000000
vt 0.000000 1.000000
vt 0.000000 0.000000
vt 1.000000 0.000000
vt 1.000000 1.000000
vt 0.000000 1.000000
vt 0.000000 0.000000
vt 1.000000 0.000000
vt 1.000000 1.000000
vt 0.000000 1.000000
vt 0.000000 0.000000
vt 1.000000 0.000000
vt 1.000000 1.000000
vt 0.000000 1.000000
vt 0.000000 0.000000
vt 1.000000 0.000000
vt 1.000000 1.000000
vt 0.000000 1.000000
vt 0.000000 0.000000
vt 1.000000 0.000000
vt 1.000000 1.000000
vt 0.000000 1.000000
vt 0.000000 0.000000
vt 1.000000 0.000000
vt 1.000000 1.000000
vt 0.000000 1.000000
vt 0.000000 0.000000
vt 1.000000 0.000000
vt 1.000000 1.000000
vt 0.000000 1.000000
vt 0.000000 0.000000
vt 1.000000 0.000000
vt 1.000000 1.000000
vt 0.000000 1.000000
vt 0.000000 0.000000
vt 1.000000 0.000000
vt 1.000000 1.000000
vt 0.000000 1.000000
vt 0.000000 0.000000
vt 1.000000 0.000000
vt 1.000000 1.000000
vt 0.000000 1.000000
vt 0.000000 0.000000
vt 1.000000 0.000000
vt 1.000000 1.000000
vt 0.000000 1.000000
vt 0.000000 0.000000
vt 1.000000 0.000000
vt 1.000000 1.000000
vt 0.000000 1.000000
vt 0.000000 0.000000
vt 1.000000 0.000000
vt 1.000000 1.000000
vt 0.000000 1.000000
vt 0.000000 0.000000
vt 1.000000 0.000000
vt 1.000000 1.000000
vt 0.000000 1.000000
vt 0.000000 0.000000
vt 1.000000 0.000000
vt 1.000000 1.000000
vt 0.000000 1.000000
vt 0.000000 0.000000
vt 1.000000 0.000000
vt 1.000000 1.000000
vt 0.000000 1.000000
vt 0.000000 0.000000
vt 1.000000 0.000000
vt 1.000000 1.000000
vt 0.000000 1.000000
vt 0.000000 0.000000
vt 1.000000 0.000000
vt 1.000000 1.000000
vt 0.000000 1.000000
vt 0.000000 0.000000
vt 1.000000 0.000000
vt 1.000000 1.000000
vt 0.000000 1.000000
vt 0.000000 0.000000
vt 1.000000 0.000000
vt 1.000000 1.000000
vt 0.000000 1.000000
vt 0.000000 0.000000
vt 1.000000 0.000000
vt 1.000000 1.000000
vt 0.000000 1.000000
vt 0.000000 0.000000
vt 1.000000 0.000000
vt 1.000000 1.000000
vt 0.000000 1.000000
vt 0.000000 0.000000
vt 1.000000 0.000000
vt 1.000000 1.000000
vt 0.000000 1.000000
vt 0.000000 0.000000
vt 1.000000 0.000000
vt 1.000000 1.000000
vt 0.000000 1.000000
vt 0.000000 0.000000
vt 1.000000 0.000000
vt 1.000000 1.000000
vt 0.000000 1.000000
vt 0.000000 0.000000
vt 1.000000 0.000000
vt 1.000000 1.000000
vt 0.000000 1.000000
vt 0.000000 0.000000
vt 1.000000 0.000000
vt 1.000000 1.000000
vt 0.000000 1.000000
vt 0.000000 0.000000
vt 1.000000 0.000000
vt 1.000000 1.000000
vt 0.000000 1.000000
vt 0.000000 0.000000
vt 1.000000 0.000000
vt 1.000000 1.000000
vt 0.000000 1.000000
vt 0.000000 0.000000
vt 1.000000 0.000000
vt 1.000000 1.000000
vt 0.000000 1.000000
vt 0.000000 0.000000
vt 1.000000 0.000000
vt 1.000000 1.000000
vt 0.000000 1.000000
vt 0.000000 0.000000
vt 1.000000 0.000000
vt 1.000000 1.000000
vt 0.000000 1.000000
vt 0.000000 0.000000
vt 1.000000 0.000000
vt 1.000000 1.000000
vt 0.000000 1.000000
vt 0.000000 0.000000
vt 1.000000 0.000000
vt 1.000000 1.000000
vt 0.000000 1.000000
vt 0.000000 0.000000
vt 1.000000 0.000000
vt 1.000000 1.000000
vt 0.000000 1.000000
vt 0.000000 0.000000
vt 1.000000 0.000000
vt 1.000000 1.000000
vt 0.000000 1.000000
vt 0.000000 0.000000
vt 1.000000 0.000000
vt 1.000000 1.000000
vt 0.000000 1.000000
vt 0.000000 0.000000
vt 1.000000 0.000000
vt 1.000000 1.000000
vt 0.000000 1.000000
vt 0.500000 0.500000
vt 0.000000 0.000000
vt 1.000000 0.000000
vt 0.500000 0.500000
vt 0.000000 1.000000
vt 1.000000 1.000000
vt 0.500000 0.500000
vt 0.000000 0.000000
vt 1.000000 0.000000
vt 0.500000 0.500000
vt 0.000000 1.000000
vt 1.000000 1.000000
vt 0.500000 0.500000
vt 0.000000 0.000000
vt 1.000000 0.000000
vt 0.500000 0.500000
vt 0.000000 1.000000
vt 1.000000 1.000000
vt 0.500000 0.500000
vt 0.000000 0.000000
vt 1.000000 0.000000
vt 0.500000 0.500000
vt 0.000000 1.000000
vt 1.000000 1.000000
vt 0.500000 0.500000
vt 0.000000 0.000000
vt 1.000000 0.000000
vt 0.500000 0.500000
vt 0.000000 1.000000
vt 1.000000 1.000000
vt 0.500000 0.500000
vt 0.000000 0.000000
vt 1.000000 0.000000
vt 0.500000 0.500000
vt 0.000000 1.000000
vt 1.000000 1.000000
vt 0.500000 0.500000
vt 0.000000 0.000000
vt 1.000000 0.000000
vt 0.500000 0.500000
vt 0.000000 1.000000
vt 1.000000 1.000000
vt 0.000000 0.000000
vt 1.000000 0.000000
vt 1.000000 1.000000
vt 0.000000 1.000000
vt 0.000000 0.000000
vt 1.000000 0.000000
vt 1.000000 1.000000
vt 0.000000 1.000000
vt 0.000000 0.000000
vt 1.000000 0.000000
vt 1.000000 1.000000
vt 0.000000 1.000000
vt 0.000000 0.000000
vt 1.000000 0.000000
vt 1.000000 1.000000
vt 0.000000 1.000000
vt 0.000000 0.000000
vt 1.000000 0.000000
vt 1.000000 1.000000
vt 0.000000 1.000000
vt 0.000000 0.000000
vt 1.000000 0.000000
vt 1.000000 1.000000
vt 0.000000 1.000000
vt 0.000000 0.000000
vt 1.000000 0.000000
vt 1.000000 1.000000
vt 0.000000 1.000000
vt 0.500000 0.500000
vt 0.000000 0.000000
vt 1.000000 0.000000
vt 0.500000 0.500000
vt 0.000000 1.000000
vt 1.000000 1.000000
vt 0.500000 0.500000
vt 0.000000 0.000000
vt 1.000000 0.000000
vt 0.500000 0.500000
vt 0.000000 1.000000
vt 1.000000 1.000000
vt 0.500000 0.500000
vt 0.000000 0.000000
vt 1.000000 0.000000
vt 0.500000 0.500000
vt 0.000000 1.000000
vt 1.000000 1.000000
vt 0.500000 0.500000
vt 0.000000 0.000000
vt 1.000000 0.000000
vt 0.500000 0.500000
vt 0.000000 1.000000
vt 1.000000 1.000000
vt 0.500000 0.500000
vt 0.000000 0.000000
vt 1.000000 0.000000
vt 0.500000 0.500000
vt 0.000000 1.000000
vt 1.000000 1.000000
vt 0.500000 0.500000
vt 0.000000 0.000000
vt 1.000000 0.000000
vt 0.500000 0.500000
vt 0.000000 1.000000
vt 1.000000 1.000000
vt 0.500000 0.500000
vt 0.000000 0.000000
vt 1.000000 0.000000
vt 0.500000 0.500000
vt 0.000000 1.000000
vt 1.000000 1.000000
vt 0.000000 0.000000
vt 1.000000 0.000000
vt 1.000000 1.000000
vt 0.000000 1.000000
vt 0.000000 0.000000
vt 1.000000 0.000000
vt 1.000000 1.000000
vt 0.000000 1.000000
vt 0.000000 0.000000
vt 1.000000 0.000000
vt 1.000000 1.000000
vt 0.000000 1.000000
vt 0.000000 0.000000
vt 1.000000 0.000000
vt 1.000000 1.000000
vt 0.000000 1.000000
vt 0.000000 0.000000
vt 1.000000 0.000000
vt 1.000000 1.000000
vt 0.000000 1.000000
vt 0.000000 0.000000
vt 1.000000 0.000000
vt 1.000000 1.000000
vt 0.000000 1.000000
vt 0.000000 0.000000
vt 1.000000 0.000000
vt 1.000000 1.000000
vt 0.000000 1.000000
vt 0.500000 0.500000
vt 0.000000 0.000000
vt 1.000000 0.000000
vt 0.500000 0.500000
vt 0.000000 1.000000
vt 1.000000 1.000000
vt 0.500000 0.500000
vt 0.000000 0.000000
vt 1.000000 0.000000
vt 0.500000 0.500000
vt 0.000000 1.000000
vt 1.000000 1.000000
vt 0.500000 0.500000
vt 0.000000 0.000000
vt 1.000000 0.000000
vt 0.500000 0.500000
vt 0.000000 1.000000
vt 1.000000 1.000000
vt 0.500000 0.500000
vt 0.000000 0.000000
vt 1.000000 0.000000
vt 0.500000 0.500000
vt 0.000000 1.000000
vt 1.000000 1.000000
vt 0.500000 0.500000
vt 0.000000 0.000000
vt 1.000000 0.000000
vt 0.500000 0.500000
vt 0.000000 1.000000
vt 1.000000 1.000000
vt 0.500000 0.500000
vt 0.000000 0.000000
vt 1.000000 0.000000
vt 0.500000 0.500000
vt 0.000000 1.000000
vt 1.000000 1.000000
vt 0.500000 0.500000
vt 0.000000 0.000000
vt 1.000000 0.000000
vt 0.500000 0.500000
vt 0.000000 1.000000
vt 1.000000 1.000000
vt 0.000000 0.000000
vt 1.000000 0.000000
vt 1.000000 1.000000
vt 0.000000 1.000000
vt 0.000000 0.000000
vt 1.000000 0.000000
vt 1.000000 1.000000
vt 0.000000 1.000000
vt 0.000000 0.000000
vt 1.000000 0.000000
vt 1.000000 1.000000
vt 0.000000 1.000000
vt 0.000000 0.000000
vt 1.000000 0.000000
vt 1.000000 1.000000
vt 0.000000 1.000000
vt 0.000000 0.000000
vt 1.000000 0.000000
vt 1.000000 1.000000
vt 0.000000 1.000000
vt 0.000000 0.000000
vt 1.000000 0.000000
vt 1.000000 1.000000
vt 0.000000 1.000000
vt 0.000000 0.000000
vt 1.000000 0.000000
vt 1.000000 1.000000
vt 0.000000 1.000000
vt 0.500000 0.500000
vt 0.000000 0.000000
vt 1.000000 0.000000
vt 0.500000 0.500000
vt 0.000000 1.000000
vt 1.000000 1.000000
vt 0.500000 0.500000
vt 0.000000 0.000000
vt 1.000000 0.000000
vt 0.500000 0.500000
vt 0.000000 1.000000
vt 1.000000 1.000000
vt 0.500000 0.500000
vt 0.000000 0.000000
vt 1.000000 0.000000
vt 0.500000 0.500000
vt 0.000000 1.000000
vt 1.000000 1.000000
vt 0.500000 0.500000
vt 0.000000 0.000000
vt 1.000000 0.000000
vt 0.500000 0.500000
vt 0.000000 1.000000
vt 1.000000 1.000000
vt 0.500000 0.500000
vt 0.000000 0.000000
vt 1.000000 0.000000
vt 0.500000 0.500000
vt 0.000000 1.000000
vt 1.000000 1.000000
vt 0.500000 0.500000
vt 0.000000 0.000000
vt 1.000000 0.000000
vt 0.500000 0.500000
vt 0.000000 1.000000
vt 1.000000 1.000000
vt 0.500000 0.500000
vt 0.000000 0.000000
vt 1.000000 0.000000
vt 0.500000 0.500000
vt 0.000000 1.000000
vt 1.000000 1.000000
vt 0.000000 0.000000
vt 1.000000 0.000000
vt 1.000000 1.000000
vt 0.000000 1.000000
vt 0.000000 0.000000
vt 1.000000 0.000000
vt 1.000000 1.000000
vt 0.000000 1.000000
vt 0.000000 0.000000
vt 1.000000 0.000000
vt 1.000000 1.000000
vt 0.000000 1.000000
vt 0.000000 0.000000
vt 1.000000 0.000000
vt 1.000000 1.000000
vt 0.000000 1.000000
vt 0.000000 0.000000
vt 1.000000 0.000000
vt 1.000000 1.000000
vt 0.000000 1.000000
vt 0.000000 0.000000
vt 1.000000 0.000000
vt 1.000000 1.000000
vt 0.000000 1.000000
vt 0.000000 0.000000
vt 1.000000 0.000000
vt 1.000000 1.000000
vt 0.000000 1.000000
vt 0.000000 0.000000
vt 1.000000 0.000000
vt 1.000000 1.000000
vt 0.000000 1.000000
vt 0.500000 0.500000
vt 0.000000 0.000000
vt 1.000000 0.000000
vt 0.500000 0.500000
vt 0.000000 1.000000
vt 1.000000 1.000000
vt 0.500000 0.500000
vt 0.000000 0.000000
vt 1.000000 0.000000
vt 0.500000 0.500000
vt 0.000000 1.000000
vt 1.000000 1.000000
vt 0.500000 0.500000
vt 0.000000 0.000000
vt 1.000000 0.000000
vt 0.500000 0.500000
vt 0.000000 1.000000
vt 1.000000 1.000000
vt 0.500000 0.500000
vt 0.000000 0.000000
vt 1.000000 0.000000
vt 0.500000 0.500000
vt 0.000000 1.000000
vt 1.000000 1.000000
vt 0.500000 0.500000
vt 0.000000 0.000000
vt 1.000000 0.000000
vt 0.500000 0.500000
vt 0.000000 1.000000
vt 1.000000 1.000000
vt 0.500000 0.500000
vt 0.000000 0.000000
vt 1.000000 0.000000
vt 0.500000 0.500000
vt 0.000000 1.000000
vt 1.000000 1.000000
vt 0.500000 0.500000
vt 0.000000 0.000000
vt 1.000000 0.000000
vt 0.500000 0.500000
vt 0.000000 1.000000
vt 1.000000 1.000000
vt 0.500000 0.500000
vt 0.000000 0.000000
vt 1.000000 0.000000
vt 0.500000 0.500000
vt 0.000000 1.000000
vt 1.000000 1.000000
vt 0.000000 0.000000
vt 1.000000 0.000000
vt 1.000000 1.000000
vt 0.000000 1.000000
vt 0.000000 0.000000
vt 1.000000 0.000000
vt 1.000000 1.000000
vt 0.000000 1.000000
vt 0.000000 0.000000
vt 1.000000 0.000000
vt 1.000000 1.000000
vt 0.000000 1.000000
vt 0.000000 0.000000
vt 1.000000 0.000000
vt 1.000000 1.000000
vt 0.000000 1.000000
vt 0.000000 0.000000
vt 1.000000 0.000000
vt 1.000000 1.000000
vt 0.000000 1.000000
vt 0.000000 0.000000
vt 1.000000 0.000000
vt 1.000000 1.000000
vt 0.000000 1.000000
vt 0.000000 0.000000
vt 1.000000 0.000000
vt 1.000000 1.000000
vt 0.000000 1.000000
vt 0.000000 0.000000
vt 1.000000 0.000000
vt 1.000000 1.000000
vt 0.000000 1.000000
vt 0.000000 0.000000
vt 1.000000 0.000000
vt 1.000000 1.000000
vt 0.000000 1.000000
vt 0.000000 0.000000
vt 1.000000 0.000000
vt 1.000000 1.000000
vt 0.000000 1.000000
vt 0.000000 0.000000
vt 1.000000 0.000000
vt 1.000000 1.000000
vt 0.000000 1.000000
vt 0.000000 0.000000
vt 1.000000 0.000000
vt 1.000000 1.000000
vt 0.000000 1.000000
vt 0.000000 0.000000
vt 1.000000 0.000000
vt 1.000000 1.000000
vt 0.000000 1.000000
vt 0.000000 0.000000
vt 1.000000 0.000000
vt 1.000000 1.000000
vt 0.000000 1.000000
vt 0.000000 0.000000
vt 1.000000 0.000000
vt 1.000000 1.000000
vt 0.000000 1.000000
vt 0.000000 0.000000
vt 1.000000 0.000000
vt 1.000000 1.000000
vt 0.000000 1.000000
vt 0.000000 0.000000
vt 1.000000 0.000000
vt 1.000000 1.000000
vt 0.000000 1.000000
vt 0.000000 0.000000
vt 1.000000 0.000000
vt 1.000000 1.000000
vt 0.000000 1.000000
vt 0.000000 0.000000
vt 1.000000 0.000000
vt 1.000000 1.000000
vt 0.000000 1.000000
vt 0.000000 0.000000
vt 1.000000 0.000000
vt 1.000000 1.000000
vt 0.000000 1.000000
vt 0.000000 0.000000
vt 1.000000 0.000000
vt 1.000000 1.000000
vt 0.000000 1.000000
vt 0.000000 0.000000
vt 1.000000 0.000000
vt 1.000000 1.000000
vt 0.000000 1.000000
vt 0.000000 0.000000
vt 1.000000 0.000000
vt 1.000000 1.000000
vt 0.000000 1.000000
vt 0.000000 0.000000
vt 1.000000 0.000000
vt 1.000000 1.000000
vt 0.000000 1.000000
vt 0.000000 0.000000
vt 1.000000 0.000000
vt 1.000000 1.000000
vt 0.000000 1.000000
vt 0.000000 0.000000
vt 1.000000 0.000000
vt 1.000000 1.000000
vt 0.000000 1.000000
vt 0.000000 0.000000
vt 1.000000 0.000000
vt 1.000000 1.000000
vt 0.000000 1.000000
vt 0.000000 0.000000
vt 1.000000 0.000000
vt 1.000000 1.000000
vt 0.000000 1.000000
vt 0.000000 0.000000
vt 1.000000 0.000000
vt 1.000000 1.000000
vt 0.000000 1.000000
vt 0.000000 0.000000
vt 1.000000 0.000000
vt 1.000000 1.000000
vt 0.000000 1.000000
vt 0.000000 0.000000
vt 1.000000 0.000000
vt 1.000000 1.000000
vt 0.000000 1.000000
vt 0.000000 0.000000
vt 1.000000 0.000000
vt 1.000000 1.000000
vt 0.000000 1.000000
vt 0.000000 0.000000
vt 1.000000 0.000000
vt 1.000000 1.000000
vt 0.000000 1.000000
vt 0.000000 0.000000
vt 1.000000 0.000000
vt 1.000000 1.000000
vt 0.000000 1.000000
vt 0.000000 0.000000
vt 1.000000 0.000000
vt 1.000000 1.000000
vt 0.000000 1.000000
vt 0.000000 0.000000
vt 1.000000 0.000000
vt 1.000000 1.000000
vt 0.000000 1.000000
vt 0.000000 0.000000
vt 1.000000 0.000000
vt 1.000000 1.000000
vt 0.000000 1.000000
vt 0.000000 0.000000
vt 1.000000 0.000000
vt 1.000000 1.000000
vt 0.000000 1.000000
vt 0.000000 0.000000
vt 1.000000 0.000000
vt 1.000000 1.000000
vt 0.000000 1.000000
vt 0.000000 0.000000
vt 1.000000 0.000000
vt 1.000000 1.000000
vt 0.000000 1.000000
vt 0.000000 0.000000
vt 1.000000 0.000000
vt 1.000000 1.000000
vt 0.000000 1.000000
vt 0.000000 0.000000
vt 1.000000 0.000000
vt 1.000000 1.000000
vt 0.000000 1.000000
vt 0.000000 0.000000
vt 1.000000 0.000000
vt 1.000000 1.000000
vt 0.000000 1.000000
vt 0.000000 0.000000
vt 1.000000 0.000000
vt 1.000000 1.000000
vt 0.000000 1.000000
vt 0.000000 0.000000
vt 1.000000 0.000000
vt 1.000000 1.000000
vt 0.000000 1.000000
vt 0.000000 0.000000
vt 1.000000 0.000000
vt 1.000000 1.000000
vt 0.000000 1.000000
vt 0.000000 0.000000
vt 1.000000 0.000000
vt 1.000000 1.000000
vt 0.000000 1.000000
vt 0.000000 0.000000
vt 1.000000 0.000000
vt 1.000000 1.000000
vt 0.000000 1.000000
vt 0.000000 0.000000
vt 1.000000 0.000000
vt 1.000000 1.000000
vt 0.000000 1.000000
vt 0.000000 0.000000
vt 1.000000 0.000000
vt 1.000000 1.000000
vt 0.000000 1.000000
vt 0.000000 0.000000
vt 1.000000 0.000000
vt 1.000000 1.000000
vt 0.000000 1.000000
vt 0.000000 0.000000
vt 1.000000 0.000000
vt 1.000000 1.000000
vt 0.000000 1.000000
vt 0.000000 0.000000
vt 1.000000 0.000000
vt 1.000000 1.000000
vt 0.000000 1.000000
vt 0.000000 0.000000
vt 1.000000 0.000000
vt 1.000000 1.000000
vt 0.000000 1.000000
vt 0.000000 0.000000
vt 1.000000 0.000000
vt 1.000000 1.000000
vt 0.000000 1.000000
vt 0.000000 0.000000
vt 1.000000 0.000000
vt 1.000000 1.000000
vt 0.000000 1.000000
vt 0.000000 0.000000
vt 1.000000 0.000000
vt 1.000000 1.000000
vt 0.000000 1.000000
vt 0.000000 0.000000
vt 1.000000 0.000000
vt 1.000000 1.000000
vt 0.000000 1.000000
vt 0.000000 0.000000
vt 1.000000 0.000000
vt 1.000000 1.000000
vt 0.000000 1.000000
vt 0.000000 0.000000
vt 1.000000 0.000000
vt 1.000000 1.000000
vt 0.000000 1.000000
vt 0.000000 0.000000
vt 1.000000 0.000000
vt 1.000000 1.000000
vt 0.000000 1.000000
vt 0.000000 0.000000
vt 1.000000 0.000000
vt 1.000000 1.000000
vt 0.000000 1.000000
vt 0.000000 0.000000
vt 1.000000 0.000000
vt 1.000000 1.000000
vt 0.000000 1.000000
vt 0.000000 0.000000
vt 1.000000 0.000000
vt 1.000000 1.000000
vt 0.000000 1.000000
vt 0.000000 0.000000
vt 1.000000 0.000000
vt 1.000000 1.000000
vt 0.000000 1.000000
vt 0.000000 0.000000
vt 1.000000 0.000000
vt 1.000000 1.000000
vt 0.000000 1.000000
vt 0.000000 0.000000
vt 1.000000 0.000000
vt 1.000000 1.000000
vt 0.000000 1.000000
vt 0.000000 0.000000
vt 1.000000 0.000000
vt 1.000000 1.000000
vt 0.000000 1.000000
vt 0.000000 0.000000
vt 1.000000 0.000000
vt 1.000000 1.000000
vt 0.000000 1.000000
vt 0.000000 0.000000
vt 1.000000 0.000000
vt 1.000000 1.000000
vt 0.000000 1.000000
vt 0.000000 0.000000
vt 1.000000 0.000000
vt 1.000000 1.000000
vt 0.000000 1.000000
vt 0.000000 0.000000
vt 1.000000 0.000000
vt 1.000000 1.000000
vt 0.000000 1.000000
vt 0.000000 0.000000
vt 1.000000 0.000000
vt 1.000000 1.000000
vt 0.000000 1.000000
vt 0.000000 0.000000
vt 1.000000 0.000000
vt 1.000000 1.000000
vt 0.000000 1.000000
vt 0.000000 0.000000
vt 1.000000 0.000000
vt 1.000000 1.000000
vt 0.000000 1.000000
vt 0.000000 0.000000
vt 1.000000 0.000000
vt 1.000000 1.000000
vt 0.000000 1.000000
vt 0.000000 0.000000
vt 1.000000 0.000000
vt 1.000000 1.000000
vt 0.000000 1.000000
vt 0.000000 0.000000
vt 1.000000 0.000000
vt 1.000000 1.000000
vt 0.000000 1.000000
vt 0.000000 0.000000
vt 1.000000 0.000000
vt 1.000000 1.000000
vt 0.000000 1.000000
vt 0.000000 0.000000
vt 1.000000 0.000000
vt 1.000000 1.000000
vt 0.000000 1.000000
vt 0.000000 0.000000
vt 1.000000 0.000000
vt 1.000000 1.000000
vt 0.000000 1.000000
vt 0.000000 0.000000
vt 1.000000 0.000000
vt 1.000000 1.000000
vt 0.000000 1.000000
vt 0.000000 0.000000
vt 1.000000 0.000000
vt 1.000000 1.000000
vt 0.000000 1.000000
vt 0.000000 0.000000
vt 1.000000 0.000000
vt 1.000000 1.000000
vt 0.000000 1.000000
vt 0.000000 0.000000
vt 1.000000 0.000000
vt 1.000000 1.000000
vt 0.000000 1.000000
vt 0.000000 0.000000
vt 1.000000 0.000000
vt 1.000000 1.000000
vt 0.000000 1.000000
vt 0.000000 0.000000
vt 1.000000 0.000000
vt 1.000000 1.000000
vt 0.000000 1.000000
vt 0.000000 0.000000
vt 1.000000 0.000000
vt 1.000000 1.000000
vt 0.000000 1.000000
vt 0.000000 0.000000
vt 1.000000 0.000000
vt 1.000000 1.000000
vt 0.000000 1.000000
vt 0.000000 0.000000
vt 1.000000 0.000000
vt 1.000000 1.000000
vt 0.000000 1.000000
vt 0.000000 0.000000
vt 1.000000 0.000000
vt 1.000000 1.000000
vt 0.000000 1.000000
vt 0.000000 0.000000
vt 1.000000 0.000000
vt 1.000000 1.000000
vt 0.000000 1.000000
vt 0.000000 0.000000
vt 1.000000 0.000000
vt 1.000000 1.000000
vt 0.000000 1.000000
vt 0.000000 0.000000
vt 1.000000 0.000000
vt 1.000000 1.000000
vt 0.000000 1.000000
vt 0.000000 0.000000
vt 1.000000 0.000000
vt 1.000000 1.000000
vt 0.000000 1.000000
vt 0.000000 0.000000
vt 1.000000 0.000000
vt 1.000000 1.000000
vt 0.000000 1.000000
vt 0.000000 0.000000
vt 1.000000 0.000000
vt 1.000000 1.000000
vt 0.000000 1.000000
vt 0.000000 0.000000
vt 1.000000 0.000000
vt 1.000000 1.000000
vt 0.000000 1.000000
vt 0.000000 0.000000
vt 1.000000 0.000000
vt 1.000000 1.000000
vt 0.000000 1.000000
vt 0.000000 0.000000
vt 1.000000 0.000000
vt 1.000000 1.000000
vt 0.000000 1.000000
vt 0.000000 0.000000
vt 1.000000 0.000000
vt 1.000000 1.000000
vt 0.000000 1.000000
vt 0.000000 0.000000
vt 1.000000 0.000000
vt 1.000000 1.000000
vt 0.000000 1.000000
vt 0.000000 0.000000
vt 1.000000 0.000000
vt 1.000000 1.000000
vt 0.000000 1.000000
vt 0.000000 0.000000
vt 1.000000 0.000000
vt 1.000000 1.000000
vt 0.000000 1.000000
vt 0.000000 0.000000
vt 1.000000 0.000000
vt 1.000000 1.000000
vt 0.000000 1.000000
vt 0.000000 0.000000
vt 1.000000 0.000000
vt 1.000000 1.000000
vt 0.000000 1.000000
vt 0.000000 0.000000
vt 1.000000 0.000000
vt 1.000000 1.000000
vt 0.000000 1.000000
vt 0.000000 0.000000
vt 1.000000 0.000000
vt 1.000000 1.000000
vt 0.000000 1.000000
vt 0.000000 0.000000
vt 1.000000 0.000000
vt 1.000000 1.000000
vt 0.000000 1.000000
vt 0.000000 0.000000
vt 1.000000 0.000000
vt 1.000000 1.000000
vt 0.000000 1.000000
vt 0.000000 0.000000
vt 1.000000 0.000000
vt 1.000000 1.000000
vt 0.000000 1.000000
vt 0.000000 0.000000
vt 1.000000 0.000000
vt 1.000000 1.000000
vt 0.000000 1.000000
vt 0.000000 0.000000
vt 1.000000 0.000000
vt 1.000000 1.000000
vt 0.000000 1.000000
vt 0.000000 0.000000
vt 1.000000 0.000000
vt 1.000000 1.000000
vt 0.000000 1.000000
vt 0.000000 0.000000
vt 1.000000 0.000000
vt 1.000000 1.000000
vt 0.000000 1.000000
vt 0.000000 0.000000
vt 1.000000 0.000000
vt 1.000000 1.000000
vt 0.000000 1.000000
vt 0.000000 0.000000
vt 1.000000 0.000000
vt 1.000000 1.000000
vt 0.000000 1.000000
vt 0.000000 0.000000
vt 1.000000 0.000000
vt 1.000000 1.000000
vt 0.000000 1.000000
vt 0.000000 0.000000
vt 1.000000 0.000000
vt 1.000000 1.000000
vt 0.000000 1.000000
vt 0.000000 0.000000
vt 1.000000 0.000000
vt 1.000000 1.000000
vt 0.000000 1.000000
vt 0.000000 0.000000
vt 1.000000 0.000000
vt 1.000000 1.000000
vt 0.000000 1.000000
vt 0.000000 0.000000
vt 1.000000 0.000000
vt 1.000000 1.000000
vt 0.000000 1.000000
vt 0.000000 0.000000
vt 1.000000 0.000000
vt 1.000000 1.000000
vt 0.000000 1.000000
vt 0.000000 0.000000
vt 1.000000 0.000000
vt 1.000000 1.000000
vt 0.000000 1.000000
vt 0.000000 0.000000
vt 1.000000 0.000000
vt 1.000000 1.000000
vt 0.000000 1.000000
vt 0.000000 0.000000
vt 1.000000 0.000000
vt 1.000000 1.000000
vt 0.000000 1.000000
vt 0.000000 0.000000
vt 1.000000 0.000000
vt 1.000000 1.000000
vt 0.000000 1.000000
vt 0.000000 0.000000
vt 1.000000 0.000000
vt 1.000000 1.000000
vt 0.000000 1.000000
vt 0.000000 0.000000
vt 1.000000 0.000000
vt 1.000000 1.000000
vt 0.000000 1.000000
vt 0.000000 0.000000
vt 1.000000 0.000000
vt 1.000000 1.000000
vt 0.000000 1.000000
vt 0.000000 0.000000
vt 1.000000 0.000000
vt 1.000000 1.000000
vt 0.000000 1.000000
vt 0.000000 0.000000
vt 1.000000 0.000000
vt 1.000000 1.000000
vt 0.000000 1.000000
vt 0.000000 0.000000
vt 1.000000 0.000000
vt 1.000000 1.000000
vt 0.000000 1.000000
vt 0.000000 0.000000
vt 1.000000 0.000000
vt 1.000000 1.000000
vt 0.000000 1.000000
vt 0.000000 0.000000
vt 1.000000 0.000000
vt 1.000000 1.000000
vt 0.000000 1.000000
vt 0.000000 0.000000
vt 1.000000 0.000000
vt 1.000000 1.000000
vt 0.000000 1.000000
vt 0.000000 0.000000
vt 1.000000 0.000000
vt 1.000000 1.000000
vt 0.000000 1.000000
vt 0.000000 0.000000
vt 1.000000 0.000000
vt 1.000000 1.000000
vt 0.000000 1.000000
vt 0.000000 0.000000
vt 1.000000 0.000000
vt 1.000000 1.000000
vt 0.000000 1.000000
vt 0.000000 0.000000
vt 1.000000 0.000000
vt 1.000000 1.000000
vt 0.000000 1.000000
vt 0.000000 0.000000
vt 1.000000 0.000000
vt 1.000000 1.000000
vt 0.000000 1.000000
vt 0.000000 0.000000
vt 1.000000 0.000000
vt 1.000000 1.000000
vt 0.000000 1.000000
vt 0.000000 0.000000
vt 1.000000 0.000000
vt 1.000000 1.000000
vt 0.000000 1.000000
vt 0.000000 0.000000
vt 1.000000 0.000000
vt 1.000000 1.000000
vt 0.000000 1.000000
vt 0.000000 0.000000
vt 1.000000 0.000000
vt 1.000000 1.000000
vt 0.000000 1.000000
vt 0.000000 0.000000
vt 1.000000 0.000000
vt 1.000000 1.000000
vt 0.000000 1.000000
vt 0.000000 0.000000
vt 1.000000 0.000000
vt 1.000000 1.000000
vt 0.000000 1.000000
vt 0.000000 0.000000
vt 1.000000 0.000000
vt 1.000000 1.000000
vt 0.000000 1.000000
vt 0.000000 0.000000
vt 1.000000 0.000000
vt 1.000000 1.000000
vt 0.000000 1.000000
vt 0.000000 0.000000
vt 1.000000 0.000000
vt 1.000000 1.000000
vt 0.000000 1.000000
vt 0.000000 0.000000
vt 1.000000 0.000000
vt 1.000000 1.000000
vt 0.000000 1.000000
vt 0.000000 0.000000
vt 1.000000 0.000000
vt 1.000000 1.000000
vt 0.000000 1.000000
vt 0.000000 0.000000
vt 1.000000 0.000000
vt 1.000000 1.000000
vt 0.000000 1.000000
vt 0.000000 0.000000
vt 1.000000 0.000000
vt 1.000000 1.000000
vt 0.000000 1.000000
vt 0.000000 0.000000
vt 1.000000 0.000000
vt 1.000000 1.000000
vt 0.000000 1.000000
vt 0.000000 0.000000
vt 1.000000 0.000000
vt 1.000000 1.000000
vt 0.000000 1.000000
vt 0.000000 0.000000
vt 1.000000 0.000000
vt 1.000000 1.000000
vt 0.000000 1.000000
vt 0.000000 0.000000
vt 1.000000 0.000000
vt 1.000000 1.000000
vt 0.000000 1.000000
vt 0.000000 0.000000
vt 1.000000 0.000000
vt 1.000000 1.000000
vt 0.000000 1.000000
vt 0.000000 0.000000
vt 1.000000 0.000000
vt 1.000000 1.000000
vt 0.000000 1.000000
vt 0.000000 0.000000
vt 1.000000 0.000000
vt 1.000000 1.000000
vt 0.000000 1.000000
vt 0.000000 0.000000
vt 1.000000 0.000000
vt 1.000000 1.000000
vt 0.000000 1.000000
vt 0.000000 0.000000
vt 1.000000 0.000000
vt 1.000000 1.000000
vt 0.000000 1.000000
vt 0.000000 0.000000
vt 1.000000 0.000000
vt 1.000000 1.000000
vt 0.000000 1.000000
vt 0.000000 0.000000
vt 1.000000 0.000000
vt 1.000000 1.000000
vt 0.000000 1.000000
vt 0.000000 0.000000
vt 1.000000 0.000000
vt 1.000000 1.000000
vt 0.000000 1.000000
vt 0.000000 0.000000
vt 1.000000 0.000000
vt 1.000000 1.000000
vt 0.000000 1.000000
vt 0.000000 0.000000
vt 1.000000 0.000000
vt 1.000000 1.000000
vt 0.000000 1.000000
vt 0.000000 0.000000
vt 1.000000 0.000000
vt 1.000000 1.000000
vt 0.000000 1.000000
vt 0.000000 0.000000
vt 1.000000 0.000000
vt 1.000000 1.000000
vt 0.000000 1.000000
vt 0.000000 0.000000
vt 1.000000 0.000000
vt 1.000000 1.000000
vt 0.000000 1.000000
vt 0.000000 0.000000
vt 1.000000 0.000000
vt 1.000000 1.000000
vt 0.000000 1.000000
vt 0.000000 0.000000
vt 1.000000 0.000000
vt 1.000000 1.000000
vt 0.000000 1.000000
vt 0.000000 0.000000
vt 1.000000 0.000000
vt 1.000000 1.000000
vt 0.000000 1.000000
vt 0.000000 0.000000
vt 1.000000 0.000000
vt 1.000000 1.000000
vt 0.000000 1.000000
vt 0.000000 0.000000
vt 1.000000 0.000000
vt 1.000000 1.000000
vt 0.000000 1.000000
vt 0.000000 0.000000
vt 1.000000 0.000000
vt 1.000000 1.000000
vt 0.000000 1.000000
vt 0.000000 0.000000
vt 1.000000 0.000000
vt 1.000000 1.000000
vt 0.000000 1.000000
vt 0.000000 0.000000
vt 1.000000 0.000000
vt 1.000000 1.000000
vt 0.000000 1.000000
vt 0.000000 0.000000
vt 1.000000 0.000000
vt 1.000000 1.000000
vt 0.000000 1.000000
vt 0.000000 0.000000
vt 1.000000 0.000000
vt 1.000000 1.000000
vt 0.000000 1.000000
vt 0.000000 0.000000
vt 1.000000 0.000000
vt 1.000000 1.000000
vt 0.000000 1.000000
vt 0.000000 0.000000
vt 1.000000 0.000000
vt 1.000000 1.000000
vt 0.000000 1.000000
vt 0.000000 0.000000
vt 1.000000 0.000000
vt 1.000000 1.000000
vt 0.000000 1.000000
vt 0.000000 0.000000
vt 1.000000 0.000000
vt 1.000000 1.000000
vt 0.000000 1.000000
vt 0.000000 0.000000
vt 1.000000 0.000000
vt 1.000000 1.000000
vt 0.000000 1.000000
vt 0.000000 0.000000
vt 1.000000 0.000000
vt 1.000000 1.000000
vt 0.000000 1.000000
vt 0.000000 0.000000
vt 1.000000 0.000000
vt 1.000000 1.000000
vt 0.000000 1.000000
vt 0.000000 0.000000
vt 1.000000 0.000000
vt 1.000000 1.000000
vt 0.000000 1.000000
vt 0.000000 0.000000
vt 1.000000 0.000000
vt 1.000000 1.000000
vt 0.000000 1.000000
vt 0.000000 0.000000
vt 1.000000 0.000000
vt 1.000000 1.000000
vt 0.000000 1.000000
vt 0.000000 0.000000
vt 1.000000 0.000000
vt 1.000000 1.000000
vt 0.000000 1.000000
vt 0.000000 0.000000
vt 1.000000 0.000000
vt 1.000000 1.000000
vt 0.000000 1.000000
vt 0.000000 0.000000
vt 1.000000 0.000000
vt 1.000000 1.000000
vt 0.000000 1.000000
vt 0.000000 0.000000
vt 1.000000 0.000000
vt 1.000000 1.000000
vt 0.000000 1.000000
vt 0.000000 0.000000
vt 1.000000 0.000000
vt 1.000000 1.000000
vt 0.000000 1.000000
vt 0.000000 0.000000
vt 1.000000 0.000000
vt 1.000000 1.000000
vt 0.000000 1.000000
vt 0.000000 0.000000
vt 1.000000 0.000000
vt 1.000000 1.000000
vt 0.000000 1.000000
vt 0.000000 0.000000
vt 1.000000 0.000000
vt 1.000000 1.000000
vt 0.000000 1.000000
vt 0.000000 0.000000
vt 1.000000 0.000000
vt 1.000000 1.000000
vt 0.000000 1.000000
vt 0.000000 0.000000
vt 1.000000 0.000000
vt 1.000000 1.000000
vt 0.000000 1.000000
vt 0.000000 0.000000
vt 1.000000 0.000000
vt 1.000000 1.000000
vt 0.000000 1.000000
vt 0.000000 0.000000
vt 1.000000 0.000000
vt 1.000000 1.000000
vt 0.000000 1.000000
vt 0.000000 0.000000
vt 1.000000 0.000000
vt 1.000000 1.000000
vt 0.000000 1.000000
vt 0.000000 0.000000
vt 1.000000 0.000000
vt 1.000000 1.000000
vt 0.000000 1.000000
vt 0.000000 0.000000
vt 1.000000 0.000000
vt 1.000000 1.000000
vt 0.000000 1.000000
vt 0.000000 0.000000
vt 1.000000 0.000000
vt 1.000000 1.000000
vt 0.000000 1.000000
vt 0.000000 0.000000
vt 1.000000 0.000000
vt 1.000000 1.000000
vt 0.000000 1.000000
vt 0.000000 0.000000
vt 1.000000 0.000000
vt 1.000000 1.000000
vt 0.000000 1.000000
vt 0.000000 0.000000
vt 1.000000 0.000000
vt 1.000000 1.000000
vt 0.000000 1.000000
vt 0.000000 0.000000
vt 1.000000 0.000000
vt 1.000000 1.000000
vt 0.000000 1.000000
vt 0.000000 0.000000
vt 1.000000 0.000000
vt 1.000000 1.000000
vt 0.000000 1.000000
vt 0.000000 0.000000
vt 1.000000 0.000000
vt 1.000000 1.000000
vt 0.000000 1.000000
vt 0.000000 0.000000
vt 1.000000 0.000000
vt 1.000000 1.000000
vt 0.000000 1.000000
vt 0.000000 0.000000
vt 1.000000 0.000000
vt 1.000000 1.000000
vt 0.000000 1.000000
vt 0.000000 0.000000
vt 1.000000 0.000000
vt 1.000000 1.000000
vt 0.000000 1.000000
vt 0.000000 0.000000
vt 1.000000 0.000000
vt 1.000000 1.000000
vt 0.000000 1.000000
vt 0.000000 0.000000
vt 1.000000 0.000000
vt 1.000000 1.000000
vt 0.000000 1.000000
vt 0.000000 0.000000
vt 1.000000 0.000000
vt 1.000000 1.000000
vt 0.000000 1.000000
vt 0.000000 0.000000
vt 1.000000 0.000000
vt 1.000000 1.000000
vt 0.000000 1.000000
vt 0.000000 0.000000
vt 1.000000 0.000000
vt 1.000000 1.000000
vt 0.000000 1.000000
vt 0.000000 0.000000
vt 1.000000 0.000000
vt 1.000000 1.000000
vt 0.000000 1.000000
vt 0.000000 0.000000
vt 1.000000 0.000000
vt 1.000000 1.000000
vt 0.000000 1.000000
vt 0.000000 0.000000
vt 1.000000 0.000000
vt 1.000000 1.000000
vt 0.000000 1.000000
vt 0.000000 0.000000
vt 1.000000 0.000000
vt 1.000000 1.000000
vt 0.000000 1.000000
vt 0.000000 0.000000
vt 1.000000 0.000000
vt 1.000000 1.000000
vt 0.000000 1.000000
vt 0.000000 0.000000
vt 1.000000 0.000000
vt 1.000000 1.000000
vt 0.000000 1.000000
vt 0.000000 0.000000
vt 1.000000 0.000000
vt 1.000000 1.000000
vt 0.000000 1.000000
vt 0.000000 0.000000
vt 1.000000 0.000000
vt 1.000000 1.000000
vt 0.000000 1.000000
vt 0.000000 0.000000
vt 1.000000 0.000000
vt 1.000000 1.000000
vt 0.000000 1.000000
vt 0.000000 0.000000
vt 1.000000 0.000000
vt 1.000000 1.000000
vt 0.000000 1.000000
vt 0.000000 0.000000
vt 1.000000 0.000000
vt 1.000000 1.000000
vt 0.000000 1.000000
vt 0.000000 0.000000
vt 1.000000 0.000000
vt 1.000000 1.000000
vt 0.000000 1.000000
vt 0.000000 0.000000
vt 1.000000 0.000000
vt 1.000000 1.000000
vt 0.000000 1.000000
vt 0.000000 0.000000
vt 1.000000 0.000000
vt 1.000000 1.000000
vt 0.000000 1.000000
vt 0.000000 0.000000
vt 1.000000 0.000000
vt 1.000000 1.000000
vt 0.000000 1.000000
vt 0.000000 0.000000
vt 1.000000 0.000000
vt 1.000000 1.000000
vt 0.000000 1.000000
vt 0.000000 0.000000
vt 1.000000 0.000000
vt 1.000000 1.000000
vt 0.000000 1.000000
vt 0.000000 0.000000
vt 1.000000 0.000000
vt 1.000000 1.000000
vt 0.000000 1.000000
vt 0.000000 0.000000
vt 1.000000 0.000000
vt 1.000000 1.000000
vt 0.000000 1.000000
vt 0.000000 0.000000
vt 1.000000 0.000000
vt 1.000000 1.000000
vt 0.000000 1.000000
vt 0.000000 0.000000
vt 1.000000 0.000000
vt 1.000000 1.000000
vt 0.000000 1.000000
vt 0.000000 0.000000
vt 1.000000 0.000000
vt 1.000000 1.000000
vt 0.000000 1.000000
vt 0.000000 0.000000
vt 1.000000 0.000000
vt 1.000000 1.000000
vt 0.000000 1.000000
vt 0.000000 0.000000
vt 1.000000 0.000000
vt 1.000000 1.000000
vt 0.000000 1.000000
vt 0.000000 0.000000
vt 1.000000 0.000000
vt 1.000000 1.000000
vt 0.000000 1.000000
vt 0.000000 0.000000
vt 1.000000 0.000000
vt 1.000000 1.000000
vt 0.000000 1.000000
vt 0.000000 0.000000
vt 1.000000 0.000000
vt 1.000000 1.000000
vt 0.000000 1.000000
vt 0.000000 0.000000
vt 1.000000 0.000000
vt 1.000000 1.000000
vt 0.000000 1.000000
vt 0.000000 0.000000
vt 1.000000 0.000000
vt 1.000000 1.000000
vt 0.000000 1.000000
vt 0.000000 0.000000
vt 1.000000 0.000000
vt 1.000000 1.000000
vt 0.000000 1.000000
vt 0.000000 0.000000
vt 1.000000 0.000000
vt 1.000000 1.000000
vt 0.000000 1.000000
vt 0.000000 0.000000
vt 1.000000 0.000000
vt 1.000000 1.000000
vt 0.000000 1.000000
vt 0.000000 0.000000
vt 1.000000 0.000000
vt 1.000000 1.000000
vt 0.000000 1.000000
vt 0.000000 0.000000
vt 1.000000 0.000000
vt 1.000000 1.000000
vt 0.000000 1.000000
vt 0.000000 0.000000
vt 1.000000 0.000000
vt 1.000000 1.000000
vt 0.000000 1.000000
vt 0.000000 0.000000
vt 1.000000 0.000000
vt 1.000000 1.000000
vt 0.000000 1.000000
vt 0.000000 0.000000
vt 1.000000 0.000000
vt 1.000000 1.000000
vt 0.000000 1.000000
vt 0.000000 0.000000
vt 1.000000 0.000000
vt 1.000000 1.000000
vt 0.000000 1.000000
vt 0.000000 0.000000
vt 1.000000 0.000000
vt 1.000000 1.000000
vt 0.000000 1.000000
vt 0.000000 0.000000
vt 1.000000 0.000000
vt 1.000000 1.000000
vt 0.000000 1.000000
vt 0.000000 0.000000
vt 1.000000 0.000000
vt 1.000000 1.000000
vt 0.000000 1.000000
vt 0.000000 0.000000
vt 1.000000 0.000000
vt 1.000000 1.000000
vt 0.000000 1.000000
vt 0.000000 0.000000
vt 1.000000 0.000000
vt 1.000000 1.000000
vt 0.000000 1.000000
vt 0.000000 0.000000
vt 1.000000 0.000000
vt 1.000000 1.000000
vt 0.000000 1.000000
vt 0.000000 0.000000
vt 1.000000 0.000000
vt 1.000000 1.000000
vt 0.000000 1.000000
vt 0.000000 0.000000
vt 1.000000 0.000000
vt 1.000000 1.000000
vt 0.000000 1.000000
vt 0.000000 0.000000
vt 1.000000 0.000000
vt 1.000000 1.000000
vt 0.000000 1.000000
vt 0.000000 0.000000
vt 1.000000 0.000000
vt 1.000000 1.000000
vt 0.000000 1.000000
vt 0.000000 0.000000
vt 1.000000 0.000000
vt 1.000000 1.000000
vt 0.000000 1.000000
vt 0.000000 0.000000
vt 1.000000 0.000000
vt 1.000000 1.000000
vt 0.000000 1.000000
vt 0.000000 0.000000
vt 1.000000 0.000000
vt 1.000000 1.000000
vt 0.000000 1.000000
vt 0.000000 0.000000
vt 1.000000 0.000000
vt 1.000000 1.000000
vt 0.000000 1.000000
vt 0.000000 0.000000
vt 1.000000 0.000000
vt 1.000000 1.000000
vt 0.000000 1.000000
vt 0.000000 0.000000
vt 1.000000 0.000000
vt 1.000000 1.000000
vt 0.000000 1.000000
vt 0.000000 0.000000
vt 1.000000 0.000000
vt 1.000000 1.000000
vt 0.000000 1.000000
vt 0.000000 0.000000
vt 1.000000 0.000000
vt 1.000000 1.000000
vt 0.000000 1.000000
vt 0.000000 0.000000
vt 1.000000 0.000000
vt 1.000000 1.000000
vt 0.000000 1.000000
vt 0.000000 0.000000
vt 1.000000 0.000000
vt 1.000000 1.000000
vt 0.000000 1.000000
vt 0.000000 0.000000
vt 1.000000 0.000000
vt 1.000000 1.000000
vt 0.000000 1.000000
vt 0.000000 0.000000
vt 1.000000 0.000000
vt 1.000000 1.000000
vt 0.000000 1.000000
vt 0.000000 0.000000
vt 1.000000 0.000000
vt 1.000000 1.000000
vt 0.000000 1.000000
vt 0.000000 0.000000
vt 1.000000 0.000000
vt 1.000000 1.000000
vt 0.000000 1.000000
vt 0.000000 0.000000
vt 1.000000 0.000000
vt 1.000000 1.000000
vt 0.000000 1.000000
vt 0.000000 0.000000
vt 1.000000 0.000000
vt 1.000000 1.000000
vt 0.000000 1.000000
vt 0.000000 0.000000
vt 1.000000 0.000000
vt 1.000000 1.000000
vt 0.000000 1.000000
vt 0.000000 0.000000
vt 1.000000 0.000000
vt 1.000000 1.000000
vt 0.000000 1.000000
vt 0.000000 0.000000
vt 1.000000 0.000000
vt 1.000000 1.000000
vt 0.000000 1.000000
vt 0.000000 0.000000
vt 1.000000 0.000000
vt 1.000000 1.000000
vt 0.000000 1.000000
vt 0.000000 0.000000
vt 1.000000 0.000000
vt 1.000000 1.000000
vt 0.000000 1.000000
vt 0.000000 0.000000
vt 1.000000 0.000000
vt 1.000000 1.000000
vt 0.000000 1.000000
vt 0.000000 0.000000
vt 1.000000 0.000000
vt 1.000000 1.000000
vt 0.000000 1.000000
vt 0.000000 0.000000
vt 1.000000 0.000000
vt 1.000000 1.000000
vt 0.000000 1.000000
vt 0.000000 0.000000
vt 1.000000 0.000000
vt 1.000000 1.000000
vt 0.000000 1.000000
vt 0.000000 0.000000
vt 1.000000 0.000000
vt 1.000000 1.000000
vt 0.000000 1.000000
vt 0.000000 0.000000
vt 1.000000 0.000000
vt 1.000000 1.000000
vt 0.000000 1.000000
vt 0.000000 0.000000
vt 1.000000 0.000000
vt 1.000000 1.000000
vt 0.000000 1.000000
vt 0.000000 0.000000
vt 1.000000 0.000000
vt 1.000000 1.000000
vt 0.000000 1.000000
vt 0.000000 0.000000
vt 1.000000 0.000000
vt 1.000000 1.000000
vt 0.000000 1.000000
vt 0.000000 0.000000
vt 1.000000 0.000000
vt 1.000000 1.000000
vt 0.000000 1.000000
vt 0.000000 0.000000
vt 1.000000 0.000000
vt 1.000000 1.000000
vt 0.000000 1.000000
vt 0.000000 0.000000
vt 1.000000 0.000000
vt 1.000000 1.000000
vt 0.000000 1.000000
vt 0.000000 0.000000
vt 1.000000 0.000000
vt 1.000000 1.000000
vt 0.000000 1.000000
vt 0.000000 0.000000
vt 1.000000 0.000000
vt 1.000000 1.000000
vt 0.000000 1.000000
vt 0.000000 0.000000
vt 1.000000 0.000000
vt 1.000000 1.000000
vt 0.000000 1.000000
vt 0.000000 0.000000
vt 1.000000 0.000000
vt 1.000000 1.000000
vt 0.000000 1.000000
vt 0.000000 0.000000
vt 1.000000 0.000000
vt 1.000000 1.000000
vt 0.000000 1.000000
vt 0.000000 0.000000
vt 1.000000 0.000000
vt 1.000000 1.000000
vt 0.000000 1.000000
vt 0.000000 0.000000
vt 1.000000 0.000000
vt 1.000000 1.000000
vt 0.000000 1.000000
vt 0.000000 0.000000
vt 1.000000 0.000000
vt 1.000000 1.000000
vt 0.000000 1.000000
vt 0.000000 0.000000
vt 1.000000 0.000000
vt 1.000000 1.000000
vt 0.000000 1.000000
vt 0.000000 0.000000
vt 1.000000 0.000000
vt 1.000000 1.000000
vt 0.000000 1.000000
vt 0.000000 0.000000
vt 1.000000 0.000000
vt 1.000000 1.000000
vt 0.000000 1.000000
vt 0.000000 0.000000
vt 1.000000 0.000000
vt 1.000000 1.000000
vt 0.000000 1.000000
vt 0.000000 0.000000
vt 1.000000 0.000000
vt 1.000000 1.000000
vt 0.000000 1.000000
vt 0.000000 0.000000
vt 1.000000 0.000000
vt 1.000000 1.000000
vt 0.000000 1.000000
vt 0.000000 0.000000
vt 1.000000 0.000000
vt 1.000000 1.000000
vt 0.000000 1.000000
vt 0.000000 0.000000
vt 1.000000 0.000000
vt 1.000000 1.000000
vt 0.000000 1.000000
vt 0.000000 0.000000
vt 1.000000 0.000000
vt 1.000000 1.000000
vt 0.000000 1.000000
vt 0.000000 0.000000
vt 1.000000 0.000000
vt 1.000000 1.000000
vt 0.000000 1.000000
vt 0.000000 0.000000
vt 1.000000 0.000000
vt 1.000000 1.000000
vt 0.000000 1.000000
vt 0.000000 0.000000
vt 1.000000 0.000000
vt 1.000000 1.000000
vt 0.000000 1.000000
vt 0.000000 0.000000
vt 1.000000 0.000000
vt 1.000000 1.000000
vt 0.000000 1.000000
vt 0.000000 0.000000
vt 1.000000 0.000000
vt 1.000000 1.000000
vt 0.000000 1.000000
vt 0.000000 0.000000
vt 1.000000 0.000000
vt 1.000000 1.000000
vt 0.000000 1.000000
vt 0.000000 0.000000
vt 1.000000 0.000000
vt 1.000000 1.000000
vt 0.000000 1.000000
vt 0.000000 0.000000
vt 1.000000 0.000000
vt 1.000000 1.000000
vt 0.000000 1.000000
vt 0.000000 0.000000
vt 1.000000 0.000000
vt 1.000000 1.000000
vt 0.000000 1.000000
vt 0.000000 0.000000
vt 1.000000 0.000000
vt 1.000000 1.000000
vt 0.000000 1.000000
vt 0.000000 0.000000
vt 1.000000 0.000000
vt 1.000000 1.000000
vt 0.000000 1.000000
vt 0.000000 0.000000
vt 1.000000 0.000000
vt 1.000000 1.000000
vt 0.000000 1.000000
vt 0.000000 0.000000
vt 1.000000 0.000000
vt 1.000000 1.000000
vt 0.000000 1.000000
vt 0.000000 0.000000
vt 1.000000 0.000000
vt 1.000000 1.000000
vt 0.000000 1.000000
vt 0.000000 0.000000
vt 1.000000 0.000000
vt 1.000000 1.000000
vt 0.000000 1.000000
vt 0.000000 0.000000
vt 1.000000 0.000000
vt 1.000000 1.000000
vt 0.000000 1.000000
vt 0.000000 0.000000
vt 1.000000 0.000000
vt 1.000000 1.000000
vt 0.000000 1.000000
vt 0.000000 0.000000
vt 1.000000 0.000000
vt 1.000000 1.000000
vt 0.000000 1.000000
vt 0.000000 0.000000
vt 1.000000 0.000000
vt 1.000000 1.000000
vt 0.000000 1.000000
vt 0.000000 0.000000
vt 1.000000 0.000000
vt 1.000000 1.000000
vt 0.000000 1.000000
vt 0.000000 0.000000
vt 1.000000 0.000000
vt 1.000000 1.000000
vt 0.000000 1.000000
vt 0.000000 0.000000
vt 1.000000 0.000000
vt 1.000000 1.000000
vt 0.000000 1.000000
vt 0.000000 0.000000
vt 1.000000 0.000000
vt 1.000000 1.000000
vt 0.000000 1.000000
vt 0.000000 0.000000
vt 1.000000 0.000000
vt 1.000000 1.000000
vt 0.000000 1.000000
vt 0.000000 0.000000
vt 1.000000 0.000000
vt 1.000000 1.000000
vt 0.000000 1.000000
vt 0.000000 0.000000
vt 1.000000 0.000000
vt 1.000000 1.000000
vt 0.000000 1.000000
vt 0.000000 0.000000
vt 1.000000 0.000000
vt 1.000000 1.000000
vt 0.000000 1.000000
vt 0.000000 0.000000
vt 1.000000 0.000000
vt 1.000000 1.000000
vt 0.000000 1.000000
vt 0.000000 0.000000
vt 1.000000 0.000000
vt 1.000000 1.000000
vt 0.000000 1.000000
vt 0.000000 0.000000
vt 1.000000 0.000000
vt 1.000000 1.000000
vt 0.000000 1.000000
vt 0.000000 0.000000
vt 1.000000 0.000000
vt 1.000000 1.000000
vt 0.000000 1.000000
vt 0.000000 0.000000
vt 1.000000 0.000000
vt 1.000000 1.000000
vt 0.000000 1.000000
vt 0.000000 0.000000
vt 1.000000 0.000000
vt 1.000000 1.000000
vt 0.000000 1.000000
vt 0.000000 0.000000
vt 1.000000 0.000000
vt 1.000000 1.000000
vt 0.000000 1.000000
vt 0.000000 0.000000
vt 1.000000 0.000000
vt 1.000000 1.000000
vt 0.000000 1.000000
vt 0.000000 0.000000
vt 1.000000 0.000000
vt 1.000000 1.000000
vt 0.000000 1.000000
vt 0.000000 0.000000
vt 1.000000 0.000000
vt 1.000000 1.000000
vt 0.000000 1.000000
vt 0.000000 0.000000
vt 1.000000 0.000000
vt 1.000000 1.000000
vt 0.000000 1.000000
vt 0.000000 0.000000
vt 1.000000 0.000000
vt 1.000000 1.000000
vt 0.000000 1.000000
usemtl Wood
f 1/1 2/2 3/3
f 1/1 3/3 4/4
f 5/5 6/6 7/7
f 5/5 7/7 8/8
f 9/9 10/10 11/11
f 9/9 11/11 12/12
f 13/13 14/14 15/15
f 13/13 15/15 16/16
f 17/17 18/18 19/19
f 17/17 19/19 20/20
f 21/21 22/22 23/23
f 21/21 23/23 24/24
f 25/25 26/26 27/27
f 25/25 27/27 28/28
f 29/29 30/30 31/31
f 29/29 31/31 32/32
f 33/33 34/34 35/35
f 33/33 35/35 36/36
f 37/37 38/38 39/39
f 40/40 41/41 42/42
f 43/43 44/44 45/45
f 46/46 47/47 48/48
f 49/49 50/50 51/51
f 52/52 53/53 54/54
f 55/55 56/56 57/57
f 58/58 59/59 60/60
f 61/61 62/62 63/63
f 64/64 65/65 66/66
f 67/67 68/68 69/69
f 70/70 71/71 72/72
f 73/73 74/74 75/75
f 76/76 77/77 78/78
f 79/79 80/80 81/81
f 82/82 83/83 84/84
f 85/85 86/86 87/87
f 88/88 89/89 90/90
f 91/91 92/92 93/93
f 91/91 93/93 94/94
f 95/95 96/96 97/97
f 95/95 97/97 98/98
f 99/99 100/100 101/101
f 99/99 101/101 102/102
f 103/103 104/104 105/105
f 103/103 105/105 106/106
f 107/107 108/108 109/109
f 107/107 109/109 110/110
f 111/111 112/112 113/113
f 111/111 113/113 114/114
f 115/115 116/116 117/117
f 115/115 117/117 118/118
f 119/119 120/120 121/121
f 119/119 121/121 122/122
f 123/123 124/124 125/125
f 123/123 125/125 126/126
f 127/127 128/128 129/129
f 130/130 131/131 132/132
f 133/133 134/134 135/135
f 136/136 137/137 138/138
f 139/139 140/140 141/141
f 142/142 143/143 144/144
f 145/145 146/146 147/147
f 148/148 149/149 150/150
f 151/151 152/152 153/153
f 154/154 155/155 156/156
f 157/157 158/158 159/159
f 160/160 161/161 162/162
f 163/163 164/164 165/165
f 166/166 167/167 168/168
f 169/169 170/170 171/171
f 172/172 173/173 174/174
f 175/175 176/176 177/177
f 178/178 179/179 180/180
f 181/181 182/182 183/183
f 181/181 183/183 184/184
f 185/185 186/186 187/187
f 185/185 187/187 188/188
f 189/189 190/190 191/191
f 189/189 191/191 192/192
f 193/193 194/194 195/195
f 193/193 195/195 196/196
f 197/197 198/198 199/199
f 197/197 199/199 200/200
f 201/201 202/202 203/203
f 201/201 203/203 204/204
f 205/205 206/206 207/207
f 205/205 207/207 208/208
f 209/209 210/210 211/211
f 209/209 211/211 212/212
f 213/213 214/214 215/215
f 213/213 215/215 216/216
f 217/217 218/218 219/219
f 220/220 221/221 222/222
f 223/223 224/224 225/225
f 226/226 227/227 228/228
f 229/229 230/230 231/231
f 232/232 233/233 234/234
f 235/235 236/236 237/237
f 238/238 239/239 240/240
f 241/241 242/242 243/243
f 244/244 245/245 246/246
f 247/247 248/248 249/249
f 250/250 251/251 252/252
f 253/253 254/254 255/255
f 256/256 257/257 258/258
f 259/259 260/260 261/261
f 262/262 263/263 264/264
f 265/265 266/266 267/267
f 268/268 269/269 270/270
f 271/271 272/272 273/273
f 271/271 273/273 274/274
f 275/275 276/276 277/277
f 275/275 277/277 278/278
f 279/279 280/280 281/281
f 279/279 281/281 282/282
f 283/283 284/284 285/285
f 283/283 285/285 286/286
f 287/287 288/288 289/289
f 287/287 289/289 290/290
f 291/291 292/292 293/293
f 291/291 293/293 294/294
f 295/295 296/296 297/297
f 295/295 297/297 298/298
f 299/299 300/300 301/301
f 299/299 301/301 302/302
f 303/303 304/304 305/305
f 303/303 305/305 306/306
f 307/307 308/308 309/309
f 310/310 311/311 312/312
f 313/313 314/314 315/315
f 316/316 317/317 318/318
f 319/319 320/320 321/321
f 322/322 323/323 324/324
f 325/325 326/326 327/327
f 328/328 329/329 330/330
f 331/331 332/332 333/333
f 334/334 335/335 336/336
f 337/337 338/338 339/339
f 340/340 341/341 342/342
f 343/343 344/344 345/345
f 346/346 347/347 348/348
f 349/349 350/350 351/351
f 352/352 353/353 354/354
f 355/355 356/356 357/357
f 358/358 359/359 360/360
f 361/361 362/362 363/363
f 361/361 363/363 364/364
f 365/365 366/366 367/367
f 365/365 367/367 368/368
f 369/369 370/370 371/371
f 369/369 371/371 372/372
f 373/373 374/374 375/375
f 373/373 375/375 376/376
f 377/377 378/378 379/379
f 377/377 379/379 380/380
f 381/381 382/382 383/383
f 381/381 383/383 384/384
f 385/385 386/386 387/387
f 385/385 387/387 388/388
f 389/389 390/390 391/391
f 389/389 391/391 392/392
f 393/393 394/394 395/395
f 393/393 395/395 396/396
f 397/397 398/398 399/399
f 400/400 401/401 402/402
f 403/403 404/404 405/405
f 406/406 407/407 408/408
f 409/409 410/410 411/411
f 412/412 413/413 414/414
f 415/415 416/416 417/417
f 418/418 419/419 420/420
f 421/421 422/422 423/423
f 424/424 425/425 426/426
f 427/427 428/428 429/429
f 430/430 431/431 432/432
f 433/433 434/434 435/435
f 436/436 437/437 438/438
f 439/439 440/440 441/441
f 442/442 443/443 444/444
f 445/445 446/446 447/447
f 448/448 449/449 450/450
f 451/451 452/452 453/453
f 451/451 453/453 454/454
f 455/455 456/456 457/457
f 455/455 457/457 458/458
f 459/459 460/460 461/461
f 459/459 461/461 462/462
f 463/463 464/464 465/465
f 463/463 465/465 466/466
f 467/467 468/468 469/469
f 467/467 469/469 470/470
f 471/471 472/472 473/473
f 471/471 473/473 474/474
f 475/475 476/476 477/477
f 475/475 477/477 478/478
f 479/479 480/480 481/481
f 479/479 481/481 482/482
f 483/483 484/484 485/485
f 486/486 487/487 488/488
f 489/489 490/490 491/491
f 492/492 493/493 494/494
f 495/495 496/496 497/497
f 498/498 499/499 500/500
f 501/501 502/502 503/503
f 504/504 505/505 506/506
f 507/507 508/508 509/509
f 510/510 511/511 512/512
f 513/513 514/514 515/515
f 516/516 517/517 518/518
f 519/519 520/520 521/521
f 522/522 523/523 524/524
f 525/525 526/526 527/527
f 528/528 529/529 530/530
f 531/531 532/532 533/533
f 531/531 533/533 534/534
f 535/535 536/536 537/537
f 535/535 537/537 538/538
f 539/539 540/540 541/541
f 539/539 541/541 542/542
f 543/543 544/544 545/545
f 543/543 545/545 546/546
f 547/547 548/548 549/549
f 547/547 549/549 550/550
f 551/551 552/552 553/553
f 551/551 553/553 554/554
f 555/555 556/556 557/557
f 555/555 557/557 558/558
f 559/559 560/560 561/561
f 559/559 561/561 562/562
f 563/563 564/564 565/565
f 566/566 567/567 568/568
f 569/569 570/570 571/571
f 572/572 573/573 574/574
f 575/575 576/576 577/577
f 578/578 579/579 580/580
f 581/581 582/582 583/583
f 584/584 585/585 586/586
f 587/587 588/588 589/589
f 590/590 591/591 592/592
f 593/593 594/594 595/595
f 596/596 597/597 598/598
f 599/599 600/600 601/601
f 602/602 603/603 604/604
f 605/605 606/606 607/607
f 608/608 609/609 610/610
f 611/611 612/612 613/613
f 611/611 613/613 614/614
f 615/615 616/616 617/617
f 615/615 617/617 618/618
f 619/619 620/620 621/621
f 619/619 621/621 622/622
f 623/623 624/624 625/625
f 623/623 625/625 626/626
f 627/627 628/628 629/629
f 627/627 629/629 630/630
f 631/631 632/632 633/633
f 631/631 633/633 634/634
f 635/635 636/636 637/637
f 635/635 637/637 638/638
f 639/639 640/640 641/641
f 639/639 641/641 642/642
f 643/643 644/644 645/645
f 646/646 647/647 648/648
f 649/649 650/650 651/651
f 652/652 653/653 654/654
f 655/655 656/656 657/657
f 658/658 659/659 660/660
f 661/661 662/662 663/663
f 664/664 665/665 666/666
f 667/667 668/668 669/669
f 670/670 671/671 672/672
f 673/673 674/674 675/675
f 676/676 677/677 678/678
f 679/679 680/680 681/681
f 682/682 683/683 684/684
f 685/685 686/686 687/687
f 688/688 689/689 690/690
f 691/691 692/692 693/693
f 691/691 693/693 694/694
f 695/695 696/696 697/697
f 695/695 697/697 698/698
f 699/699 700/700 701/701
f 699/699 701/701 702/702
f 703/703 704/704 705/705
f 703/703 705/705 706/706
f 707/707 708/708 709/709
f 707/707 709/709 710/710
f 711/711 712/712 713/713
f 711/711 713/713 714/714
f 715/715 716/716 717/717
f 715/715 717/717 718/718
f 719/719 720/720 721/721
f 719/719 721/721 722/722
f 723/723 724/724 725/725
f 726/726 727/727 728/728
f 729/729 730/730 731/731
f 732/732 733/733 734/734
f 735/735 736/736 737/737
f 738/738 739/739 740/740
f 741/741 742/742 743/743
f 744/744 745/745 746/746
f 747/747 748/748 749/749
f 750/750 751/751 752/752
f 753/753 754/754 755/755
f 756/756 757/757 758/758
f 759/759 760/760 761/761
f 762/762 763/763 764/764
f 765/765 766/766 767/767
f 768/768 769/769 770/770
usemtl Rope
f 771/771 772/772 773/773
f 771/771 773/773 774/774
f 775/775 776/776 777/777
f 775/775 777/777 778/778
f 779/779 780/780 781/781
f 779/779 781/781 782/782
f 783/783 784/784 785/785
f 783/783 785/785 786/786
f 787/787 788/788 789/789
f 787/787 789/789 790/790
f 791/791 792/792 793/793
f 791/791 793/793 794/794
f 795/795 796/796 797/797
f 795/795 797/797 798/798
f 799/799 800/800 801/801
f 799/799 801/801 802/802
f 803/803 804/804 805/805
f 803/803 805/805 806/806
f 807/807 808/808 809/809
f 807/807 809/809 810/810
f 811/811 812/812 813/813
f 811/811 813/813 814/814
f 815/815 816/816 817/817
f 815/815 817/817 818/818
f 819/819 820/820 821/821
f 819/819 821/821 822/822
f 823/823 824/824 825/825
f 823/823 825/825 826/826
f 827/827 828/828 829/829
f 827/827 829/829 830/830
f 831/831 832/832 833/833
f 831/831 833/833 834/834
f 835/835 836/836 837/837
f 835/835 837/837 838/838
f 839/839 840/840 841/841
f 839/839 841/841 842/842
f 843/843 844/844 845/845
f 843/843 845/845 846/846
f 847/847 848/848 849/849
f 847/847 849/849 850/850
f 851/851 852/852 853/853
f 851/851 853/853 854/854
f 855/855 856/856 857/857
f 855/855 857/857 858/858
f 859/859 860/860 861/861
f 859/859 861/861 862/862
f 863/863 864/864 865/865
f 863/863 865/865 866/866
f 867/867 868/868 869/869
f 867/867 869/869 870/870
f 871/871 872/872 873/873
f 871/871 873/873 874/874
f 875/875 876/876 877/877
f 875/875 877/877 878/878
f 879/879 880/880 881/881
f 879/879 881/881 882/882
f 883/883 884/884 885/885
f 883/883 885/885 886/886
f 887/887 888/888 889/889
f 887/887 889/889 890/890
f 891/891 892/892 893/893
f 891/891 893/893 894/894
f 895/895 896/896 897/897
f 895/895 897/897 898/898
f 899/899 900/900 901/901
f 899/899 901/901 902/902
f 903/903 904/904 905/905
f 903/903 905/905 906/906
f 907/907 908/908 909/909
f 907/907 909/909 910/910
f 911/911 912/912 913/913
f 911/911 913/913 914/914
f 915/915 916/916 917/917
f 915/915 917/917 918/918
f 919/919 920/920 921/921
f 919/919 921/921 922/922
f 923/923 924/924 925/925
f 923/923 925/925 926/926
f 927/927 928/928 929/929
f 927/927 929/929 930/930
f 931/931 932/932 933/933
f 931/931 933/933 934/934
f 935/935 936/936 937/937
f 935/935 937/937 938/938
f 939/939 940/940 941/941
f 939/939 941/941 942/942
f 943/943 944/944 945/945
f 943/943 945/945 946/946
f 947/947 948/948 949/949
f 947/947 949/949 950/950
f 951/951 952/952 953/953
f 951/951 953/953 954/954
f 955/955 956/956 957/957
f 955/955 957/957 958/958
f 959/959 960/960 961/961
f 959/959 961/961 962/962
f 963/963 964/964 965/965
f 963/963 965/965 966/966
f 967/967 968/968 969/969
f 967/967 969/969 970/970
f 971/971 972/972 973/973
f 971/971 973/973 974/974
f 975/975 976/976 977/977
f 975/975 977/977 978/978
f 979/979 980/980 981/981
f 979/979 981/981 982/982
f 983/983 984/984 985/985
f 983/983 985/985 986/986
f 987/987 988/988 989/989
f 987/987 989/989 990/990
f 991/991 992/992 993/993
f 991/991 993/993 994/994
f 995/995 996/996 997/997
f 995/995 997/997 998/998
f 999/999 1000/1000 1001/1001
f 999/999 1001/1001 1002/1002
f 1003/1003 1004/1004 1005/1005
f 1003/1003 1005/1005 1006/1006
f 1007/1007 1008/1008 1009/1009
f 1007/1007 1009/1009 1010/1010
f 1011/1011 1012/1012 1013/1013
f 1011/1011 1013/1013 1014/1014
f 1015/1015 1016/1016 1017/1017
f 1015/1015 1017/1017 1018/1018
f 1019/1019 1020/1020 1021/1021
f 1019/1019 1021/1021 1022/1022
f 1023/1023 1024/1024 1025/1025
f 1023/1023 1025/1025 1026/1026
f 1027/1027 1028/1028 1029/1029
f 1027/1027 1029/1029 1030/1030
f 1031/1031 1032/1032 1033/1033
f 1031/1031 1033/1033 1034/1034
f 1035/1035 1036/1036 1037/1037
f 1035/1035 1037/1037 1038/1038
f 1039/1039 1040/1040 1041/1041
f 1039/1039 1041/1041 1042/1042
f 1043/1043 1044/1044 1045/1045
f 1043/1043 1045/1045 1046/1046
f 1047/1047 1048/1048 1049/1049
f 1047/1047 1049/1049 1050/1050
f 1051/1051 1052/1052 1053/1053
f 1051/1051 1053/1053 1054/1054
f 1055/1055 1056/1056 1057/1057
f 1055/1055 1057/1057 1058/1058
f 1059/1059 1060/1060 1061/1061
f 1059/1059 1061/1061 1062/1062
f 1063/1063 1064/1064 1065/1065
f 1063/1063 1065/1065 1066/1066
f 1067/1067 1068/1068 1069/1069
f 1067/1067 1069/1069 1070/1070
f 1071/1071 1072/1072 1073/1073
f 1071/1071 1073/1073 1074/1074
f 1075/1075 1076/1076 1077/1077
f 1075/1075 1077/1077 1078/1078
f 1079/1079 1080/1080 1081/1081
f 1079/1079 1081/1081 1082/1082
f 1083/1083 1084/1084 1085/1085
f 1083/1083 1085/1085 1086/1086
f 1087/1087 1088/1088 1089/1089
f 1087/1087 1089/1089 1090/1090
f 1091/1091 1092/1092 1093/1093
f 1091/1091 1093/1093 1094/1094
f 1095/1095 1096/1096 1097/1097
f 1095/1095 1097/1097 1098/1098
f 1099/1099 1100/1100 1101/1101
f 1099/1099 1101/1101 1102/1102
f 1103/1103 1104/1104 1105/1105
f 1103/1103 1105/1105 1106/1106
f 1107/1107 1108/1108 1109/1109
f 1107/1107 1109/1109 1110/1110
f 1111/1111 1112/1112 1113/1113
f 1111/1111 1113/1113 1114/1114
f 1115/1115 1116/1116 1117/1117
f 1115/1115 1117/1117 1118/1118
f 1119/1119 1120/1120 1121/1121
f 1119/1119 1121/1121 1122/1122
f 1123/1123 1124/1124 1125/1125
f 1123/1123 1125/1125 1126/1126
f 1127/1127 1128/1128 1129/1129
f 1127/1127 1129/1129 1130/1130
f 1131/1131 1132/1132 1133/1133
f 1131/1131 1133/1133 1134/1134
f 1135/1135 1136/1136 1137/1137
f 1135/1135 1137/1137 1138/1138
f 1139/1139 1140/1140 1141/1141
f 1139/1139 1141/1141 1142/1142
f 1143/1143 1144/1144 1145/1145
f 1143/1143 1145/1145 1146/1146
f 1147/1147 1148/1148 1149/1149
f 1147/1147 1149/1149 1150/1150
f 1151/1151 1152/1152 1153/1153
f 1151/1151 1153/1153 1154/1154
f 1155/1155 1156/1156 1157/1157
f 1155/1155 1157/1157 1158/1158
f 1159/1159 1160/1160 1161/1161
f 1159/1159 1161/1161 1162/1162
f 1163/1163 1164/1164 1165/1165
f 1163/1163 1165/1165 1166/1166
f 1167/1167 1168/1168 1169/1169
f 1167/1167 1169/1169 1170/1170
f 1171/1171 1172/1172 1173/1173
f 1171/1171 1173/1173 1174/1174
f 1175/1175 1176/1176 1177/1177
f 1175/1175 1177/1177 1178/1178
f 1179/1179 1180/1180 1181/1181
f 1179/1179 1181/1181 1182/1182
f 1183/1183 1184/1184 1185/1185
f 1183/1183 1185/1185 1186/1186
f 1187/1187 1188/1188 1189/1189
f 1187/1187 1189/1189 1190/1190
f 1191/1191 1192/1192 1193/1193
f 1191/1191 1193/1193 1194/1194
f 1195/1195 1196/1196 1197/1197
f 1195/1195 1197/1197 1198/1198
f 1199/1199 1200/1200 1201/1201
f 1199/1199 1201/1201 1202/1202
f 1203/1203 1204/1204 1205/1205
f 1203/1203 1205/1205 1206/1206
f 1207/1207 1208/1208 1209/1209
f 1207/1207 1209/1209 1210/1210
f 1211/1211 1212/1212 1213/1213
f 1211/1211 1213/1213 1214/1214
f 1215/1215 1216/1216 1217/1217
f 1215/1215 1217/1217 1218/1218
f 1219/1219 1220/1220 1221/1221
f 1219/1219 1221/1221 1222/1222
f 1223/1223 1224/1224 1225/1225
f 1223/1223 1225/1225 1226/1226
f 1227/1227 1228/1228 1229/1229
f 1227/1227 1229/1229 1230/1230
f 1231/1231 1232/1232 1233/1233
f 1231/1231 1233/1233 1234/1234
f 1235/1235 1236/1236 1237/1237
f 1235/1235 1237/1237 1238/1238
f 1239/1239 1240/1240 1241/1241
f 1239/1239 1241/1241 1242/1242
f 1243/1243 1244/1244 1245/1245
f 1243/1243 1245/1245 1246/1246
f 1247/1247 1248/1248 1249/1249
f 1247/1247 1249/1249 1250/1250
f 1251/1251 1252/1252 1253/1253
f 1251/1251 1253/1253 1254/1254
f 1255/1255 1256/1256 1257/1257
f 1255/1255 1257/1257 1258/1258
f 1259/1259 1260/1260 1261/1261
f 1259/1259 1261/1261 1262/1262
f 1263/1263 1264/1264 1265/1265
f 1263/1263 1265/1265 1266/1266
f 1267/1267 1268/1268 1269/1269
f 1267/1267 1269/1269 1270/1270
f 1271/1271 1272/1272 1273/1273
f 1271/1271 1273/1273 1274/1274
f 1275/1275 1276/1276 1277/1277
f 1275/1275 1277/1277 1278/1278
f 1279/1279 1280/1280 1281/1281
f 1279/1279 1281/1281 1282/1282
f 1283/1283 1284/1284 1285/1285
f 1283/1283 1285/1285 1286/1286
f 1287/1287 1288/1288 1289/1289
f 1287/1287 1289/1289 1290/1290
f 1291/1291 1292/1292 1293/1293
f 1291/1291 1293/1293 1294/1294
f 1295/1295 1296/1296 1297/1297
f 1295/1295 1297/1297 1298/1298
f 1299/1299 1300/1300 1301/1301
f 1299/1299 1301/1301 1302/1302
f 1303/1303 1304/1304 1305/1305
f 1303/1303 1305/1305 1306/1306
f 1307/1307 1308/1308 1309/1309
f 1307/1307 1309/1309 1310/1310
f 1311/1311 1312/1312 1313/1313
f 1311/1311 1313/1313 1314/1314
f 1315/1315 1316/1316 1317/1317
f 1315/1315 1317/1317 1318/1318
f 1319/1319 1320/1320 1321/1321
f 1319/1319 1321/1321 1322/1322
f 1323/1323 1324/1324 1325/1325
f 1323/1323 1325/1325 1326/1326
f 1327/1327 1328/1328 1329/1329
f 1327/1327 1329/1329 1330/1330
f 1331/1331 1332/1332 1333/1333
f 1331/1331 1333/1333 1334/1334
f 1335/1335 1336/1336 1337/1337
f 1335/1335 1337/1337 1338/1338
f 1339/1339 1340/1340 1341/1341
f 1339/1339 1341/1341 1342/1342
f 1343/1343 1344/1344 1345/1345
f 1343/1343 1345/1345 1346/1346
f 1347/1347 1348/1348 1349/1349
f 1347/1347 1349/1349 1350/1350
f 1351/1351 1352/1352 1353/1353
f 1351/1351 1353/1353 1354/1354
f 1355/1355 1356/1356 1357/1357
f 1355/1355 1357/1357 1358/1358
f 1359/1359 1360/1360 1361/1361
f 1359/1359 1361/1361 1362/1362
f 1363/1363 1364/1364 1365/1365
f 1363/1363 1365/1365 1366/1366
f 1367/1367 1368/1368 1369/1369
f 1367/1367 1369/1369 1370/1370
f 1371/1371 1372/1372 1373/1373
f 1371/1371 1373/1373 1374/1374
f 1375/1375 1376/1376 1377/1377
f 1375/1375 1377/1377 1378/1378
f 1379/1379 1380/1380 1381/1381
f 1379/1379 1381/1381 1382/1382
f 1383/1383 1384/1384 1385/1385
f 1383/1383 1385/1385 1386/1386
f 1387/1387 1388/1388 1389/1389
f 1387/1387 1389/1389 1390/1390
f 1391/1391 1392/1392 1393/1393
f 1391/1391 1393/1393 1394/1394
f 1395/1395 1396/1396 1397/1397
f 1395/1395 1397/1397 1398/1398
f 1399/1399 1400/1400 1401/1401
f 1399/1399 1401/1401 1402/1402
f 1403/1403 1404/1404 1405/1405
f 1403/1403 1405/1405 1406/1406
f 1407/1407 1408/1408 1409/1409
f 1407/1407 1409/1409 1410/1410
f 1411/1411 1412/1412 1413/1413
f 1411/1411 1413/1413 1414/1414
f 1415/1415 1416/1416 1417/1417
f 1415/1415 1417/1417 1418/1418
f 1419/1419 1420/1420 1421/1421
f 1419/1419 1421/1421 1422/1422
f 1423/1423 1424/1424 1425/1425
f 1423/1423 1425/1425 1426/1426
f 1427/1427 1428/1428 1429/1429
f 1427/1427 1429/1429 1430/1430
f 1431/1431 1432/1432 1433/1433
f 1431/1431 1433/1433 1434/1434
f 1435/1435 1436/1436 1437/1437
f 1435/1435 1437/1437 1438/1438
f 1439/1439 1440/1440 1441/1441
f 1439/1439 1441/1441 1442/1442
f 1443/1443 1444/1444 1445/1445
f 1443/1443 1445/1445 1446/1446
f 1447/1447 1448/1448 1449/1449
f 1447/1447 1449/1449 1450/1450
f 1451/1451 1452/1452 1453/1453
f 1451/1451 1453/1453 1454/1454
f 1455/1455 1456/1456 1457/1457
f 1455/1455 1457/1457 1458/1458
f 1459/1459 1460/1460 1461/1461
f 1459/1459 1461/1461 1462/1462
f 1463/1463 1464/1464 1465/1465
f 1463/1463 1465/1465 1466/1466
f 1467/1467 1468/1468 1469/1469
f 1467/1467 1469/1469 1470/1470
f 1471/1471 1472/1472 1473/1473
f 1471/1471 1473/1473 1474/1474
f 1475/1475 1476/1476 1477/1477
f 1475/1475 1477/1477 1478/1478
f 1479/1479 1480/1480 1481/1481
f 1479/1479 1481/1481 1482/1482
f 1483/1483 1484/1484 1485/1485
f 1483/1483 1485/1485 1486/1486
f 1487/1487 1488/1488 1489/1489
f 1487/1487 1489/1489 1490/1490
f 1491/1491 1492/1492 1493/1493
f 1491/1491 1493/1493 1494/1494
f 1495/1495 1496/1496 1497/1497
f 1495/1495 1497/1497 1498/1498
f 1499/1499 1500/1500 1501/1501
f 1499/1499 1501/1501 1502/1502
f 1503/1503 1504/1504 1505/1505
f 1503/1503 1505/1505 1506/1506
f 1507/1507 1508/1508 1509/1509
f 1507/1507 1509/1509 1510/1510
f 1511/1511 1512/1512 1513/1513
f 1511/1511 1513/1513 1514/1514
f 1515/1515 1516/1516 1517/1517
f 1515/1515 1517/1517 1518/1518
f 1519/1519 1520/1520 1521/1521
f 1519/1519 1521/1521 1522/1522
f 1523/1523 1524/1524 1525/1525
f 1523/1523 1525/1525 1526/1526
f 1527/1527 1528/1528 1529/1529
f 1527/1527 1529/1529 1530/1530
f 1531/1531 1532/1532 1533/1533
f 1531/1531 1533/1533 1534/1534
f 1535/1535 1536/1536 1537/1537
f 1535/1535 1537/1537 1538/1538
usemtl Tarp
f 1539/1539 1540/1540 1541/1541
f 1539/1539 1541/1541 1542/1542
f 1543/1543 1544/1544 1545/1545
f 1543/1543 1545/1545 1546/1546
f 1547/1547 1548/1548 1549/1549
f 1547/1547 1549/1549 1550/1550
f 1551/1551 1552/1552 1553/1553
f 1551/1551 1553/1553 1554/1554
f 1555/1555 1556/1556 1557/1557
f 1555/1555 1557/1557 1558/1558
f 1559/1559 1560/1560 1561/1561
f 1559/1559 1561/1561 1562/1562
f 1563/1563 1564/1564 1565/1565
f 1563/1563 1565/1565 1566/1566
f 1567/1567 1568/1568 1569/1569
f 1567/1567 1569/1569 1570/1570
f 1571/1571 1572/1572 1573/1573
f 1571/1571 1573/1573 1574/1574
f 1575/1575 1576/1576 1577/1577
f 1575/1575 1577/1577 1578/1578
f 1579/1579 1580/1580 1581/1581
f 1579/1579 1581/1581 1582/1582
f 1583/1583 1584/1584 1585/1585
f 1583/1583 1585/1585 1586/1586
f 1587/1587 1588/1588 1589/1589
f 1587/1587 1589/1589 1590/1590
f 1591/1591 1592/1592 1593/1593
f 1591/1591 1593/1593 1594/1594
f 1595/1595 1596/1596 1597/1597
f 1595/1595 1597/1597 1598/1598
f 1599/1599 1600/1600 1601/1601
f 1599/1599 1601/1601 1602/1602
f 1603/1603 1604/1604 1605/1605
f 1603/1603 1605/1605 1606/1606
f 1607/1607 1608/1608 1609/1609
f 1607/1607 1609/1609 1610/1610
f 1611/1611 1612/1612 1613/1613
f 1611/1611 1613/1613 1614/1614
f 1615/1615 1616/1616 1617/1617
f 1615/1615 1617/1617 1618/1618
f 1619/1619 1620/1620 1621/1621
f 1619/1619 1621/1621 1622/1622
f 1623/1623 1624/1624 1625/1625
f 1623/1623 1625/1625 1626/1626
f 1627/1627 1628/1628 1629/1629
f 1627/1627 1629/1629 1630/1630
f 1631/1631 1632/1632 1633/1633
f 1631/1631 1633/1633 1634/1634
f 1635/1635 1636/1636 1637/1637
f 1635/1635 1637/1637 1638/1638
f 1639/1639 1640/1640 1641/1641
f 1639/1639 1641/1641 1642/1642
f 1643/1643 1644/1644 1645/1645
f 1643/1643 1645/1645 1646/1646
f 1647/1647 1648/1648 1649/1649
f 1647/1647 1649/1649 1650/1650
f 1651/1651 1652/1652 1653/1653
f 1651/1651 1653/1653 1654/1654
f 1655/1655 1656/1656 1657/1657
f 1655/1655 1657/1657 1658/1658
f 1659/1659 1660/1660 1661/1661
f 1659/1659 1661/1661 1662/1662
f 1663/1663 1664/1664 1665/1665
f 1663/1663 1665/1665 1666/1666
f 1667/1667 1668/1668 1669/1669
f 1667/1667 1669/1669 1670/1670
f 1671/1671 1672/1672 1673/1673
f 1671/1671 1673/1673 1674/1674
f 1675/1675 1676/1676 1677/1677
f 1675/1675 1677/1677 1678/1678
f 1679/1679 1680/1680 1681/1681
f 1679/1679 1681/1681 1682/1682
f 1683/1683 1684/1684 1685/1685
f 1683/1683 1685/1685 1686/1686
f 1687/1687 1688/1688 1689/1689
f 1687/1687 1689/1689 1690/1690
f 1691/1691 1692/1692 1693/1693
f 1691/1691 1693/1693 1694/1694
f 1695/1695 1696/1696 1697/1697
f 1695/1695 1697/1697 1698/1698
f 1699/1699 1700/1700 1701/1701
f 1699/1699 1701/1701 1702/1702
f 1703/1703 1704/1704 1705/1705
f 1703/1703 1705/1705 1706/1706
f 1707/1707 1708/1708 1709/1709
f 1707/1707 1709/1709 1710/1710
f 1711/1711 1712/1712 1713/1713
f 1711/1711 1713/1713 1714/1714
f 1715/1715 1716/1716 1717/1717
f 1715/1715 1717/1717 1718/1718
usemtl Cloth
f 1719/1719 1720/1720 1721/1721
f 1719/1719 1721/1721 1722/1722
f 1723/1723 1724/1724 1725/1725
f 1723/1723 1725/1725 1726/1726
f 1727/1727 1728/1728 1729/1729
f 1727/1727 1729/1729 1730/1730
f 1731/1731 1732/1732 1733/1733
f 1731/1731 1733/1733 1734/1734
f 1735/1735 1736/1736 1737/1737
f 1735/1735 1737/1737 1738/1738
f 1739/1739 1740/1740 1741/1741
f 1739/1739 1741/1741 1742/1742
f 1743/1743 1744/1744 1745/1745
f 1743/1743 1745/1745 1746/1746
f 1747/1747 1748/1748 1749/1749
f 1747/1747 1749/1749 1750/1750
f 1751/1751 1752/1752 1753/1753
f 1751/1751 1753/1753 1754/1754
f 1755/1755 1756/1756 1757/1757
f 1755/1755 1757/1757 1758/1758
f 1759/1759 1760/1760 1761/1761
f 1759/1759 1761/1761 1762/1762
f 1763/1763 1764/1764 1765/1765
f 1763/1763 1765/1765 1766/1766
f 1767/1767 1768/1768 1769/1769
f 1767/1767 1769/1769 1770/1770
f 1771/1771 1772/1772 1773/1773
f 1771/1771 1773/1773 1774/1774
f 1775/1775 1776/1776 1777/1777
f 1775/1775 1777/1777 1778/1778
f 1779/1779 1780/1780 1781/1781
f 1779/1779 1781/1781 1782/1782
f 1783/1783 1784/1784 1785/1785
f 1783/1783 1785/1785 1786/1786
f 1787/1787 1788/1788 1789/1789
f 1787/1787 1789/1789 1790/1790
f 1791/1791 1792/1792 1793/1793
f 1791/1791 1793/1793 1794/1794
f 1795/1795 1796/1796 1797/1797
f 1795/1795 1797/1797 1798/1798
f 1799/1799 1800/1800 1801/1801
f 1799/1799 1801/1801 1802/1802
f 1803/1803 1804/1804 1805/1805
f 1803/1803 1805/1805 1806/1806
f 1807/1807 1808/1808 1809/1809
f 1807/1807 1809/1809 1810/1810
f 1811/1811 1812/1812 1813/1813
f 1811/1811 1813/1813 1814/1814
usemtl Tarp
f 1815/1815 1816/1816 1817/1817
f 1815/1815 1817/1817 1818/1818
f 1819/1819 1820/1820 1821/1821
f 1819/1819 1821/1821 1822/1822
f 1823/1823 1824/1824 1825/1825
f 1823/1823 1825/1825 1826/1826
f 1827/1827 1828/1828 1829/1829
f 1827/1827 1829/1829 1830/1830
f 1831/1831 1832/1832 1833/1833
f 1831/1831 1833/1833 1834/1834
f 1835/1835 1836/1836 1837/1837
f 1835/1835 1837/1837 1838/1838
f 1839/1839 1840/1840 1841/1841
f 1839/1839 1841/1841 1842/1842
f 1843/1843 1844/1844 1845/1845
f 1843/1843 1845/1845 1846/1846
f 1847/1847 1848/1848 1849/1849
f 1847/1847 1849/1849 1850/1850
f 1851/1851 1852/1852 1853/1853
f 1851/1851 1853/1853 1854/1854
f 1855/1855 1856/1856 1857/1857
f 1855/1855 1857/1857 1858/1858
f 1859/1859 1860/1860 1861/1861
f 1859/1859 1861/1861 1862/1862
f 1863/1863 1864/1864 1865/1865
f 1863/1863 1865/1865 1866/1866
f 1867/1867 1868/1868 1869/1869
f 1867/1867 1869/1869 1870/1870
f 1871/1871 1872/1872 1873/1873
f 1871/1871 1873/1873 1874/1874
f 1875/1875 1876/1876 1877/1877
f 1875/1875 1877/1877 1878/1878
f 1879/1879 1880/1880 1881/1881
f 1879/1879 1881/1881 1882/1882
f 1883/1883 1884/1884 1885/1885
f 1883/1883 1885/1885 1886/1886
f 1887/1887 1888/1888 1889/1889
f 1887/1887 1889/1889 1890/1890
f 1891/1891 1892/1892 1893/1893
f 1891/1891 1893/1893 1894/1894
f 1895/1895 1896/1896 1897/1897
f 1895/1895 1897/1897 1898/1898
f 1899/1899 1900/1900 1901/1901
f 1899/1899 1901/1901 1902/1902
f 1903/1903 1904/1904 1905/1905
f 1903/1903 1905/1905 1906/1906
f 1907/1907 1908/1908 1909/1909
f 1907/1907 1909/1909 1910/1910
f 1911/1911 1912/1912 1913/1913
f 1911/1911 1913/1913 1914/1914
f 1915/1915 1916/1916 1917/1917
f 1915/1915 1917/1917 1918/1918
f 1919/1919 1920/1920 1921/1921
f 1919/1919 1921/1921 1922/1922
f 1923/1923 1924/1924 1925/1925
f 1923/1923 1925/1925 1926/1926
f 1927/1927 1928/1928 1929/1929
f 1927/1927 1929/1929 1930/1930
f 1931/1931 1932/1932 1933/1933
f 1931/1931 1933/1933 1934/1934
f 1935/1935 1936/1936 1937/1937
f 1935/1935 1937/1937 1938/1938
f 1939/1939 1940/1940 1941/1941
f 1939/1939 1941/1941 1942/1942
f 1943/1943 1944/1944 1945/1945
f 1943/1943 1945/1945 1946/1946
f 1947/1947 1948/1948 1949/1949
f 1947/1947 1949/1949 1950/1950
f 1951/1951 1952/1952 1953/1953
f 1951/1951 1953/1953 1954/1954
f 1955/1955 1956/1956 1957/1957
f 1955/1955 1957/1957 1958/1958
f 1959/1959 1960/1960 1961/1961
f 1959/1959 1961/1961 1962/1962
f 1963/1963 1964/1964 1965/1965
f 1963/1963 1965/1965 1966/1966
f 1967/1967 1968/1968 1969/1969
f 1967/1967 1969/1969 1970/1970
f 1971/1971 1972/1972 1973/1973
f 1971/1971 1973/1973 1974/1974
f 1975/1975 1976/1976 1977/1977
f 1975/1975 1977/1977 1978/1978
f 1979/1979 1980/1980 1981/1981
f 1979/1979 1981/1981 1982/1982
f 1983/1983 1984/1984 1985/1985
f 1983/1983 1985/1985 1986/1986
f 1987/1987 1988/1988 1989/1989
f 1987/1987 1989/1989 1990/1990
f 1991/1991 1992/1992 1993/1993
f 1991/1991 1993/1993 1994/1994
usemtl Cloth
f 1995/1995 1996/1996 1997/1997
f 1995/1995 1997/1997 1998/1998
f 1999/1999 2000/2000 2001/2001
f 1999/1999 2001/2001 2002/2002
f 2003/2003 2004/2004 2005/2005
f 2003/2003 2005/2005 2006/2006
f 2007/2007 2008/2008 2009/2009
f 2007/2007 2009/2009 2010/2010
f 2011/2011 2012/2012 2013/2013
f 2011/2011 2013/2013 2014/2014
f 2015/2015 2016/2016 2017/2017
f 2015/2015 2017/2017 2018/2018
f 2019/2019 2020/2020 2021/2021
f 2019/2019 2021/2021 2022/2022
f 2023/2023 2024/2024 2025/2025
f 2023/2023 2025/2025 2026/2026
f 2027/2027 2028/2028 2029/2029
f 2027/2027 2029/2029 2030/2030
f 2031/2031 2032/2032 2033/2033
f 2031/2031 2033/2033 2034/2034
f 2035/2035 2036/2036 2037/2037
f 2035/2035 2037/2037 2038/2038
f 2039/2039 2040/2040 2041/2041
f 2039/2039 2041/2041 2042/2042
f 2043/2043 2044/2044 2045/2045
f 2043/2043 2045/2045 2046/2046
f 2047/2047 2048/2048 2049/2049
f 2047/2047 2049/2049 2050/2050
f 2051/2051 2052/2052 2053/2053
f 2051/2051 2053/2053 2054/2054
f 2055/2055 2056/2056 2057/2057
f 2055/2055 2057/2057 2058/2058
f 2059/2059 2060/2060 2061/2061
f 2059/2059 2061/2061 2062/2062
f 2063/2063 2064/2064 2065/2065
f 2063/2063 2065/2065 2066/2066
f 2067/2067 2068/2068 2069/2069
f 2067/2067 2069/2069 2070/2070
f 2071/2071 2072/2072 2073/2073
f 2071/2071 2073/2073 2074/2074
f 2075/2075 2076/2076 2077/2077
f 2075/2075 2077/2077 2078/2078
f 2079/2079 2080/2080 2081/2081
f 2079/2079 2081/2081 2082/2082
f 2083/2083 2084/2084 2085/2085
f 2083/2083 2085/2085 2086/2086
f 2087/2087 2088/2088 2089/2089
f 2087/2087 2089/2089 2090/2090
usemtl Rope
f 2091/2091 2092/2092 2093/2093
f 2091/2091 2093/2093 2094/2094
f 2095/2095 2096/2096 2097/2097
f 2095/2095 2097/2097 2098/2098
f 2099/2099 2100/2100 2101/2101
f 2099/2099 2101/2101 2102/2102
f 2103/2103 2104/2104 2105/2105
f 2103/2103 2105/2105 2106/2106
f 2107/2107 2108/2108 2109/2109
f 2107/2107 2109/2109 2110/2110
f 2111/2111 2112/2112 2113/2113
f 2111/2111 2113/2113 2114/2114
f 2115/2115 2116/2116 2117/2117
f 2115/2115 2117/2117 2118/2118
f 2119/2119 2120/2120 2121/2121
f 2122/2122 2123/2123 2124/2124
f 2125/2125 2126/2126 2127/2127
f 2128/2128 2129/2129 2130/2130
f 2131/2131 2132/2132 2133/2133
f 2134/2134 2135/2135 2136/2136
f 2137/2137 2138/2138 2139/2139
f 2140/2140 2141/2141 2142/2142
f 2143/2143 2144/2144 2145/2145
f 2146/2146 2147/2147 2148/2148
f 2149/2149 2150/2150 2151/2151
f 2152/2152 2153/2153 2154/2154
f 2155/2155 2156/2156 2157/2157
f 2158/2158 2159/2159 2160/2160
f 2161/2161 2162/2162 2163/2163
f 2161/2161 2163/2163 2164/2164
f 2165/2165 2166/2166 2167/2167
f 2165/2165 2167/2167 2168/2168
f 2169/2169 2170/2170 2171/2171
f 2169/2169 2171/2171 2172/2172
f 2173/2173 2174/2174 2175/2175
f 2173/2173 2175/2175 2176/2176
f 2177/2177 2178/2178 2179/2179
f 2177/2177 2179/2179 2180/2180
f 2181/2181 2182/2182 2183/2183
f 2181/2181 2183/2183 2184/2184
f 2185/2185 2186/2186 2187/2187
f 2185/2185 2187/2187 2188/2188
f 2189/2189 2190/2190 2191/2191
f 2192/2192 2193/2193 2194/2194
f 2195/2195 2196/2196 2197/2197
f 2198/2198 2199/2199 2200/2200
f 2201/2201 2202/2202 2203/2203
f 2204/2204 2205/2205 2206/2206
f 2207/2207 2208/2208 2209/2209
f 2210/2210 2211/2211 2212/2212
f 2213/2213 2214/2214 2215/2215
f 2216/2216 2217/2217 2218/2218
f 2219/2219 2220/2220 2221/2221
f 2222/2222 2223/2223 2224/2224
f 2225/2225 2226/2226 2227/2227
f 2228/2228 2229/2229 2230/2230
f 2231/2231 2232/2232 2233/2233
f 2231/2231 2233/2233 2234/2234
f 2235/2235 2236/2236 2237/2237
f 2235/2235 2237/2237 2238/2238
f 2239/2239 2240/2240 2241/2241
f 2239/2239 2241/2241 2242/2242
f 2243/2243 2244/2244 2245/2245
f 2243/2243 2245/2245 2246/2246
f 2247/2247 2248/2248 2249/2249
f 2247/2247 2249/2249 2250/2250
f 2251/2251 2252/2252 2253/2253
f 2251/2251 2253/2253 2254/2254
f 2255/2255 2256/2256 2257/2257
f 2255/2255 2257/2257 2258/2258
f 2259/2259 2260/2260 2261/2261
f 2262/2262 2263/2263 2264/2264
f 2265/2265 2266/2266 2267/2267
f 2268/2268 2269/2269 2270/2270
f 2271/2271 2272/2272 2273/2273
f 2274/2274 2275/2275 2276/2276
f 2277/2277 2278/2278 2279/2279
f 2280/2280 2281/2281 2282/2282
f 2283/2283 2284/2284 2285/2285
f 2286/2286 2287/2287 2288/2288
f 2289/2289 2290/2290 2291/2291
f 2292/2292 2293/2293 2294/2294
f 2295/2295 2296/2296 2297/2297
f 2298/2298 2299/2299 2300/2300
f 2301/2301 2302/2302 2303/2303
f 2301/2301 2303/2303 2304/2304
f 2305/2305 2306/2306 2307/2307
f 2305/2305 2307/2307 2308/2308
f 2309/2309 2310/2310 2311/2311
f 2309/2309 2311/2311 2312/2312
f 2313/2313 2314/2314 2315/2315
f 2313/2313 2315/2315 2316/2316
f 2317/2317 2318/2318 2319/2319
f 2317/2317 2319/2319 2320/2320
f 2321/2321 2322/2322 2323/2323
f 2321/2321 2323/2323 2324/2324
f 2325/2325 2326/2326 2327/2327
f 2325/2325 2327/2327 2328/2328
f 2329/2329 2330/2330 2331/2331
f 2332/2332 2333/2333 2334/2334
f 2335/2335 2336/2336 2337/2337
f 2338/2338 2339/2339 2340/2340
f 2341/2341 2342/2342 2343/2343
f 2344/2344 2345/2345 2346/2346
f 2347/2347 2348/2348 2349/2349
f 2350/2350 2351/2351 2352/2352
f 2353/2353 2354/2354 2355/2355
f 2356/2356 2357/2357 2358/2358
f 2359/2359 2360/2360 2361/2361
f 2362/2362 2363/2363 2364/2364
f 2365/2365 2366/2366 2367/2367
f 2368/2368 2369/2369 2370/2370
usemtl Wood
f 2371/2371 2372/2372 2373/2373
f 2371/2371 2373/2373 2374/2374
f 2375/2375 2376/2376 2377/2377
f 2375/2375 2377/2377 2378/2378
f 2379/2379 2380/2380 2381/2381
f 2379/2379 2381/2381 2382/2382
f 2383/2383 2384/2384 2385/2385
f 2383/2383 2385/2385 2386/2386
f 2387/2387 2388/2388 2389/2389
f 2387/2387 2389/2389 2390/2390
f 2391/2391 2392/2392 2393/2393
f 2391/2391 2393/2393 2394/2394
f 2395/2395 2396/2396 2397/2397
f 2395/2395 2397/2397 2398/2398
f 2399/2399 2400/2400 2401/2401
f 2399/2399 2401/2401 2402/2402
f 2403/2403 2404/2404 2405/2405
f 2406/2406 2407/2407 2408/2408
f 2409/2409 2410/2410 2411/2411
f 2412/2412 2413/2413 2414/2414
f 2415/2415 2416/2416 2417/2417
f 2418/2418 2419/2419 2420/2420
f 2421/2421 2422/2422 2423/2423
f 2424/2424 2425/2425 2426/2426
f 2427/2427 2428/2428 2429/2429
f 2430/2430 2431/2431 2432/2432
f 2433/2433 2434/2434 2435/2435
f 2436/2436 2437/2437 2438/2438
f 2439/2439 2440/2440 2441/2441
f 2442/2442 2443/2443 2444/2444
f 2445/2445 2446/2446 2447/2447
f 2448/2448 2449/2449 2450/2450
usemtl Cloth
f 2451/2451 2452/2452 2453/2453
f 2451/2451 2453/2453 2454/2454
f 2455/2455 2456/2456 2457/2457
f 2455/2455 2457/2457 2458/2458
f 2459/2459 2460/2460 2461/2461
f 2459/2459 2461/2461 2462/2462
f 2463/2463 2464/2464 2465/2465
f 2463/2463 2465/2465 2466/2466
f 2467/2467 2468/2468 2469/2469
f 2467/2467 2469/2469 2470/2470
f 2471/2471 2472/2472 2473/2473
f 2471/2471 2473/2473 2474/2474
usemtl Rope
f 2475/2475 2476/2476 2477/2477
f 2475/2475 2477/2477 2478/2478
f 2479/2479 2480/2480 2481/2481
f 2479/2479 2481/2481 2482/2482
f 2483/2483 2484/2484 2485/2485
f 2483/2483 2485/2485 2486/2486
f 2487/2487 2488/2488 2489/2489
f 2487/2487 2489/2489 2490/2490
f 2491/2491 2492/2492 2493/2493
f 2491/2491 2493/2493 2494/2494
f 2495/2495 2496/2496 2497/2497
f 2495/2495 2497/2497 2498/2498
f 2499/2499 2500/2500 2501/2501
f 2499/2499 2501/2501 2502/2502
f 2503/2503 2504/2504 2505/2505
f 2503/2503 2505/2505 2506/2506
f 2507/2507 2508/2508 2509/2509
f 2507/2507 2509/2509 2510/2510
f 2511/2511 2512/2512 2513/2513
f 2511/2511 2513/2513 2514/2514
f 2515/2515 2516/2516 2517/2517
f 2515/2515 2517/2517 2518/2518
f 2519/2519 2520/2520 2521/2521
f 2519/2519 2521/2521 2522/2522
f 2523/2523 2524/2524 2525/2525
f 2523/2523 2525/2525 2526/2526
f 2527/2527 2528/2528 2529/2529
f 2527/2527 2529/2529 2530/2530
f 2531/2531 2532/2532 2533/2533
f 2531/2531 2533/2533 2534/2534
f 2535/2535 2536/2536 2537/2537
f 2535/2535 2537/2537 2538/2538
f 2539/2539 2540/2540 2541/2541
f 2539/2539 2541/2541 2542/2542
f 2543/2543 2544/2544 2545/2545
f 2543/2543 2545/2545 2546/2546
f 2547/2547 2548/2548 2549/2549
f 2547/2547 2549/2549 2550/2550
f 2551/2551 2552/2552 2553/2553
f 2551/2551 2553/2553 2554/2554
f 2555/2555 2556/2556 2557/2557
f 2555/2555 2557/2557 2558/2558
f 2559/2559 2560/2560 2561/2561
f 2559/2559 2561/2561 2562/2562
f 2563/2563 2564/2564 2565/2565
f 2563/2563 2565/2565 2566/2566
f 2567/2567 2568/2568 2569/2569
f 2567/2567 2569/2569 2570/2570
f 2571/2571 2572/2572 2573/2573
f 2571/2571 2573/2573 2574/2574
f 2575/2575 2576/2576 2577/2577
f 2575/2575 2577/2577 2578/2578
f 2579/2579 2580/2580 2581/2581
f 2579/2579 2581/2581 2582/2582
f 2583/2583 2584/2584 2585/2585
f 2583/2583 2585/2585 2586/2586
f 2587/2587 2588/2588 2589/2589
f 2587/2587 2589/2589 2590/2590
f 2591/2591 2592/2592 2593/2593
f 2591/2591 2593/2593 2594/2594
f 2595/2595 2596/2596 2597/2597
f 2595/2595 2597/2597 2598/2598
f 2599/2599 2600/2600 2601/2601
f 2599/2599 2601/2601 2602/2602
f 2603/2603 2604/2604 2605/2605
f 2603/2603 2605/2605 2606/2606
f 2607/2607 2608/2608 2609/2609
f 2607/2607 2609/2609 2610/2610
f 2611/2611 2612/2612 2613/2613
f 2611/2611 2613/2613 2614/2614
f 2615/2615 2616/2616 2617/2617
f 2615/2615 2617/2617 2618/2618
f 2619/2619 2620/2620 2621/2621
f 2619/2619 2621/2621 2622/2622
f 2623/2623 2624/2624 2625/2625
f 2623/2623 2625/2625 2626/2626
f 2627/2627 2628/2628 2629/2629
f 2627/2627 2629/2629 2630/2630
f 2631/2631 2632/2632 2633/2633
f 2631/2631 2633/2633 2634/2634
f 2635/2635 2636/2636 2637/2637
f 2635/2635 2637/2637 2638/2638
f 2639/2639 2640/2640 2641/2641
f 2639/2639 2641/2641 2642/2642
f 2643/2643 2644/2644 2645/2645
f 2643/2643 2645/2645 2646/2646
f 2647/2647 2648/2648 2649/2649
f 2647/2647 2649/2649 2650/2650
f 2651/2651 2652/2652 2653/2653
f 2651/2651 2653/2653 2654/2654
f 2655/2655 2656/2656 2657/2657
f 2655/2655 2657/2657 2658/2658
f 2659/2659 2660/2660 2661/2661
f 2659/2659 2661/2661 2662/2662
f 2663/2663 2664/2664 2665/2665
f 2663/2663 2665/2665 2666/2666
f 2667/2667 2668/2668 2669/2669
f 2667/2667 2669/2669 2670/2670
f 2671/2671 2672/2672 2673/2673
f 2671/2671 2673/2673 2674/2674
f 2675/2675 2676/2676 2677/2677
f 2675/2675 2677/2677 2678/2678
f 2679/2679 2680/2680 2681/2681
f 2679/2679 2681/2681 2682/2682
f 2683/2683 2684/2684 2685/2685
f 2683/2683 2685/2685 2686/2686
f 2687/2687 2688/2688 2689/2689
f 2687/2687 2689/2689 2690/2690
f 2691/2691 2692/2692 2693/2693
f 2691/2691 2693/2693 2694/2694
f 2695/2695 2696/2696 2697/2697
f 2695/2695 2697/2697 2698/2698
f 2699/2699 2700/2700 2701/2701
f 2699/2699 2701/2701 2702/2702
f 2703/2703 2704/2704 2705/2705
f 2703/2703 2705/2705 2706/2706
f 2707/2707 2708/2708 2709/2709
f 2707/2707 2709/2709 2710/2710
f 2711/2711 2712/2712 2713/2713
f 2711/2711 2713/2713 2714/2714
f 2715/2715 2716/2716 2717/2717
f 2715/2715 2717/2717 2718/2718
f 2719/2719 2720/2720 2721/2721
f 2719/2719 2721/2721 2722/2722
f 2723/2723 2724/2724 2725/2725
f 2723/2723 2725/2725 2726/2726
f 2727/2727 2728/2728 2729/2729
f 2727/2727 2729/2729 2730/2730
f 2731/2731 2732/2732 2733/2733
f 2731/2731 2733/2733 2734/2734
f 2735/2735 2736/2736 2737/2737
f 2735/2735 2737/2737 2738/2738
f 2739/2739 2740/2740 2741/2741
f 2739/2739 2741/2741 2742/2742
f 2743/2743 2744/2744 2745/2745
f 2743/2743 2745/2745 2746/2746
f 2747/2747 2748/2748 2749/2749
f 2747/2747 2749/2749 2750/2750
f 2751/2751 2752/2752 2753/2753
f 2751/2751 2753/2753 2754/2754
f 2755/2755 2756/2756 2757/2757
f 2755/2755 2757/2757 2758/2758
f 2759/2759 2760/2760 2761/2761
f 2759/2759 2761/2761 2762/2762
f 2763/2763 2764/2764 2765/2765
f 2763/2763 2765/2765 2766/2766
f 2767/2767 2768/2768 2769/2769
f 2767/2767 2769/2769 2770/2770
f 2771/2771 2772/2772 2773/2773
f 2771/2771 2773/2773 2774/2774
f 2775/2775 2776/2776 2777/2777
f 2775/2775 2777/2777 2778/2778
f 2779/2779 2780/2780 2781/2781
f 2779/2779 2781/2781 2782/2782
f 2783/2783 2784/2784 2785/2785
f 2783/2783 2785/2785 2786/2786
f 2787/2787 2788/2788 2789/2789
f 2787/2787 2789/2789 2790/2790
f 2791/2791 2792/2792 2793/2793
f 2791/2791 2793/2793 2794/2794
f 2795/2795 2796/2796 2797/2797
f 2795/2795 2797/2797 2798/2798
f 2799/2799 2800/2800 2801/2801
f 2799/2799 2801/2801 2802/2802
f 2803/2803 2804/2804 2805/2805
f 2803/2803 2805/2805 2806/2806
f 2807/2807 2808/2808 2809/2809
f 2807/2807 2809/2809 2810/2810
f 2811/2811 2812/2812 2813/2813
f 2811/2811 2813/2813 2814/2814
f 2815/2815 2816/2816 2817/2817
f 2815/2815 2817/2817 2818/2818
f 2819/2819 2820/2820 2821/2821
f 2819/2819 2821/2821 2822/2822
f 2823/2823 2824/2824 2825/2825
f 2823/2823 2825/2825 2826/2826
f 2827/2827 2828/2828 2829/2829
f 2827/2827 2829/2829 2830/2830
f 2831/2831 2832/2832 2833/2833
f 2831/2831 2833/2833 2834/2834
f 2835/2835 2836/2836 2837/2837
f 2835/2835 2837/2837 2838/2838
f 2839/2839 2840/2840 2841/2841
f 2839/2839 2841/2841 2842/2842
f 2843/2843 2844/2844 2845/2845
f 2843/2843 2845/2845 2846/2846
f 2847/2847 2848/2848 2849/2849
f 2847/2847 2849/2849 2850/2850
f 2851/2851 2852/2852 2853/2853
f 2851/2851 2853/2853 2854/2854
f 2855/2855 2856/2856 2857/2857
f 2855/2855 2857/2857 2858/2858
f 2859/2859 2860/2860 2861/2861
f 2859/2859 2861/2861 2862/2862
f 2863/2863 2864/2864 2865/2865
f 2863/2863 2865/2865 2866/2866
f 2867/2867 2868/2868 2869/2869
f 2867/2867 2869/2869 2870/2870
f 2871/2871 2872/2872 2873/2873
f 2871/2871 2873/2873 2874/2874
f 2875/2875 2876/2876 2877/2877
f 2875/2875 2877/2877 2878/2878
f 2879/2879 2880/2880 2881/2881
f 2879/2879 2881/2881 2882/2882
f 2883/2883 2884/2884 2885/2885
f 2883/2883 2885/2885 2886/2886
f 2887/2887 2888/2888 2889/2889
f 2887/2887 2889/2889 2890/2890
f 2891/2891 2892/2892 2893/2893
f 2891/2891 2893/2893 2894/2894
f 2895/2895 2896/2896 2897/2897
f 2895/2895 2897/2897 2898/2898
f 2899/2899 2900/2900 2901/2901
f 2899/2899 2901/2901 2902/2902
f 2903/2903 2904/2904 2905/2905
f 2903/2903 2905/2905 2906/2906
f 2907/2907 2908/2908 2909/2909
f 2907/2907 2909/2909 2910/2910
f 2911/2911 2912/2912 2913/2913
f 2911/2911 2913/2913 2914/2914
f 2915/2915 2916/2916 2917/2917
f 2915/2915 2917/2917 2918/2918
f 2919/2919 2920/2920 2921/2921
f 2919/2919 2921/2921 2922/2922
f 2923/2923 2924/2924 2925/2925
f 2923/2923 2925/2925 2926/2926
f 2927/2927 2928/2928 2929/2929
f 2927/2927 2929/2929 2930/2930
f 2931/2931 2932/2932 2933/2933
f 2931/2931 2933/2933 2934/2934
f 2935/2935 2936/2936 2937/2937
f 2935/2935 2937/2937 2938/2938
f 2939/2939 2940/2940 2941/2941
f 2939/2939 2941/2941 2942/2942
f 2943/2943 2944/2944 2945/2945
f 2943/2943 2945/2945 2946/2946
f 2947/2947 2948/2948 2949/2949
f 2947/2947 2949/2949 2950/2950
f 2951/2951 2952/2952 2953/2953
f 2951/2951 2953/2953 2954/2954
f 2955/2955 2956/2956 2957/2957
f 2955/2955 2957/2957 2958/2958
f 2959/2959 2960/2960 2961/2961
f 2959/2959 2961/2961 2962/2962
f 2963/2963 2964/2964 2965/2965
f 2963/2963 2965/2965 2966/2966
f 2967/2967 2968/2968 2969/2969
f 2967/2967 2969/2969 2970/2970
f 2971/2971 2972/2972 2973/2973
f 2971/2971 2973/2973 2974/2974
f 2975/2975 2976/2976 2977/2977
f 2975/2975 2977/2977 2978/2978
f 2979/2979 2980/2980 2981/2981
f 2979/2979 2981/2981 2982/2982
f 2983/2983 2984/2984 2985/2985
f 2983/2983 2985/2985 2986/2986
f 2987/2987 2988/2988 2989/2989
f 2987/2987 2989/2989 2990/2990
f 2991/2991 2992/2992 2993/2993
f 2991/2991 2993/2993 2994/2994
f 2995/2995 2996/2996 2997/2997
f 2995/2995 2997/2997 2998/2998
f 2999/2999 3000/3000 3001/3001
f 2999/2999 3001/3001 3002/3002
f 3003/3003 3004/3004 3005/3005
f 3003/3003 3005/3005 3006/3006
f 3007/3007 3008/3008 3009/3009
f 3007/3007 3009/3009 3010/3010
f 3011/3011 3012/3012 3013/3013
f 3011/3011 3013/3013 3014/3014
f 3015/3015 3016/3016 3017/3017
f 3015/3015 3017/3017 3018/3018
f 3019/3019 3020/3020 3021/3021
f 3019/3019 3021/3021 3022/3022
f 3023/3023 3024/3024 3025/3025
f 3023/3023 3025/3025 3026/3026
f 3027/3027 3028/3028 3029/3029
f 3027/3027 3029/3029 3030/3030
f 3031/3031 3032/3032 3033/3033
f 3031/3031 3033/3033 3034/3034
f 3035/3035 3036/3036 3037/3037
f 3035/3035 3037/3037 3038/3038
f 3039/3039 3040/3040 3041/3041
f 3039/3039 3041/3041 3042/3042
f 3043/3043 3044/3044 3045/3045
f 3043/3043 3045/3045 3046/3046
f 3047/3047 3048/3048 3049/3049
f 3047/3047 3049/3049 3050/3050
f 3051/3051 3052/3052 3053/3053
f 3051/3051 3053/3053 3054/3054
f 3055/3055 3056/3056 3057/3057
f 3055/3055 3057/3057 3058/3058
f 3059/3059 3060/3060 3061/3061
f 3059/3059 3061/3061 3062/3062
f 3063/3063 3064/3064 3065/3065
f 3063/3063 3065/3065 3066/3066
f 3067/3067 3068/3068 3069/3069
f 3067/3067 3069/3069 3070/3070
f 3071/3071 3072/3072 3073/3073
f 3071/3071 3073/3073 3074/3074
f 3075/3075 3076/3076 3077/3077
f 3075/3075 3077/3077 3078/3078
f 3079/3079 3080/3080 3081/3081
f 3079/3079 3081/3081 3082/3082
f 3083/3083 3084/3084 3085/3085
f 3083/3083 3085/3085 3086/3086
f 3087/3087 3088/3088 3089/3089
f 3087/3087 3089/3089 3090/3090
f 3091/3091 3092/3092 3093/3093
f 3091/3091 3093/3093 3094/3094
f 3095/3095 3096/3096 3097/3097
f 3095/3095 3097/3097 3098/3098
f 3099/3099 3100/3100 3101/3101
f 3099/3099 3101/3101 3102/3102
f 3103/3103 3104/3104 3105/3105
f 3103/3103 3105/3105 3106/3106
f 3107/3107 3108/3108 3109/3109
f 3107/3107 3109/3109 3110/3110
f 3111/3111 3112/3112 3113/3113
f 3111/3111 3113/3113 3114/3114
f 3115/3115 3116/3116 3117/3117
f 3115/3115 3117/3117 3118/3118
f 3119/3119 3120/3120 3121/3121
f 3119/3119 3121/3121 3122/3122
f 3123/3123 3124/3124 3125/3125
f 3123/3123 3125/3125 3126/3126
f 3127/3127 3128/3128 3129/3129
f 3127/3127 3129/3129 3130/3130
f 3131/3131 3132/3132 3133/3133
f 3131/3131 3133/3133 3134/3134
f 3135/3135 3136/3136 3137/3137
f 3135/3135 3137/3137 3138/3138
f 3139/3139 3140/3140 3141/3141
f 3139/3139 3141/3141 3142/3142
f 3143/3143 3144/3144 3145/3145
f 3143/3143 3145/3145 3146/3146
f 3147/3147 3148/3148 3149/3149
f 3147/3147 3149/3149 3150/3150
f 3151/3151 3152/3152 3153/3153
f 3151/3151 3153/3153 3154/3154
f 3155/3155 3156/3156 3157/3157
f 3155/3155 3157/3157 3158/3158
f 3159/3159 3160/3160 3161/3161
f 3159/3159 3161/3161 3162/3162
f 3163/3163 3164/3164 3165/3165
f 3163/3163 3165/3165 3166/3166
f 3167/3167 3168/3168 3169/3169
f 3167/3167 3169/3169 3170/3170
f 3171/3171 3172/3172 3173/3173
f 3171/3171 3173/3173 3174/3174
f 3175/3175 3176/3176 3177/3177
f 3175/3175 3177/3177 3178/3178
f 3179/3179 3180/3180 3181/3181
f 3179/3179 3181/3181 3182/3182
f 3183/3183 3184/3184 3185/3185
f 3183/3183 3185/3185 3186/3186
f 3187/3187 3188/3188 3189/3189
f 3187/3187 3189/3189 3190/3190
f 3191/3191 3192/3192 3193/3193
f 3191/3191 3193/3193 3194/3194
f 3195/3195 3196/3196 3197/3197
f 3195/3195 3197/3197 3198/3198
f 3199/3199 3200/3200 3201/3201
f 3199/3199 3201/3201 3202/3202
f 3203/3203 3204/3204 3205/3205
f 3203/3203 3205/3205 3206/3206
f 3207/3207 3208/3208 3209/3209
f 3207/3207 3209/3209 3210/3210
f 3211/3211 3212/3212 3213/3213
f 3211/3211 3213/3213 3214/3214
f 3215/3215 3216/3216 3217/3217
f 3215/3215 3217/3217 3218/3218
f 3219/3219 3220/3220 3221/3221
f 3219/3219 3221/3221 3222/3222
f 3223/3223 3224/3224 3225/3225
f 3223/3223 3225/3225 3226/3226
f 3227/3227 3228/3228 3229/3229
f 3227/3227 3229/3229 3230/3230
f 3231/3231 3232/3232 3233/3233
f 3231/3231 3233/3233 3234/3234
f 3235/3235 3236/3236 3237/3237
f 3235/3235 3237/3237 3238/3238
f 3239/3239 3240/3240 3241/3241
f 3239/3239 3241/3241 3242/3242
f 3243/3243 3244/3244 3245/3245
f 3243/3243 3245/3245 3246/3246
f 3247/3247 3248/3248 3249/3249
f 3247/3247 3249/3249 3250/3250
f 3251/3251 3252/3252 3253/3253
f 3251/3251 3253/3253 3254/3254
f 3255/3255 3256/3256 3257/3257
f 3255/3255 3257/3257 3258/3258
f 3259/3259 3260/3260 3261/3261
f 3259/3259 3261/3261 3262/3262
f 3263/3263 3264/3264 3265/3265
f 3263/3263 3265/3265 3266/3266
f 3267/3267 3268/3268 3269/3269
f 3267/3267 3269/3269 3270/3270
f 3271/3271 3272/3272 3273/3273
f 3271/3271 3273/3273 3274/3274
f 3275/3275 3276/3276 3277/3277
f 3275/3275 3277/3277 3278/3278
f 3279/3279 3280/3280 3281/3281
f 3279/3279 3281/3281 3282/3282
f 3283/3283 3284/3284 3285/3285
f 3283/3283 3285/3285 3286/3286
f 3287/3287 3288/3288 3289/3289
f 3287/3287 3289/3289 3290/3290
f 3291/3291 3292/3292 3293/3293
f 3291/3291 3293/3293 3294/3294
f 3295/3295 3296/3296 3297/3297
f 3295/3295 3297/3297 3298/3298
f 3299/3299 3300/3300 3301/3301
f 3299/3299 3301/3301 3302/3302
f 3303/3303 3304/3304 3305/3305
f 3303/3303 3305/3305 3306/3306
f 3307/3307 3308/3308 3309/3309
f 3307/3307 3309/3309 3310/3310
f 3311/3311 3312/3312 3313/3313
f 3311/3311 3313/3313 3314/3314
f 3315/3315 3316/3316 3317/3317
f 3315/3315 3317/3317 3318/3318
f 3319/3319 3320/3320 3321/3321
f 3319/3319 3321/3321 3322/3322
f 3323/3323 3324/3324 3325/3325
f 3323/3323 3325/3325 3326/3326
f 3327/3327 3328/3328 3329/3329
f 3327/3327 3329/3329 3330/3330
f 3331/3331 3332/3332 3333/3333
f 3331/3331 3333/3333 3334/3334
f 3335/3335 3336/3336 3337/3337
f 3335/3335 3337/3337 3338/3338
f 3339/3339 3340/3340 3341/3341
f 3339/3339 3341/3341 3342/3342
f 3343/3343 3344/3344 3345/3345
f 3343/3343 3345/3345 3346/3346
f 3347/3347 3348/3348 3349/3349
f 3347/3347 3349/3349 3350/3350
f 3351/3351 3352/3352 3353/3353
f 3351/3351 3353/3353 3354/3354
f 3355/3355 3356/3356 3357/3357
f 3355/3355 3357/3357 3358/3358
f 3359/3359 3360/3360 3361/3361
f 3359/3359 3361/3361 3362/3362
f 3363/3363 3364/3364 3365/3365
f 3363/3363 3365/3365 3366/3366
f 3367/3367 3368/3368 3369/3369
f 3367/3367 3369/3369 3370/3370
f 3371/3371 3372/3372 3373/3373
f 3371/3371 3373/3373 3374/3374
f 3375/3375 3376/3376 3377/3377
f 3375/3375 3377/3377 3378/3378
f 3379/3379 3380/3380 3381/3381
f 3379/3379 3381/3381 3382/3382
f 3383/3383 3384/3384 3385/3385
f 3383/3383 3385/3385 3386/3386
f 3387/3387 3388/3388 3389/3389
f 3387/3387 3389/3389 3390/3390
f 3391/3391 3392/3392 3393/3393
f 3391/3391 3393/3393 3394/3394
f 3395/3395 3396/3396 3397/3397
f 3395/3395 3397/3397 3398/3398
f 3399/3399 3400/3400 3401/3401
f 3399/3399 3401/3401 3402/3402
f 3403/3403 3404/3404 3405/3405
f 3403/3403 3405/3405 3406/3406
f 3407/3407 3408/3408 3409/3409
f 3407/3407 3409/3409 3410/3410
f 3411/3411 3412/3412 3413/3413
f 3411/3411 3413/3413 3414/3414
f 3415/3415 3416/3416 3417/3417
f 3415/3415 3417/3417 3418/3418
f 3419/3419 3420/3420 3421/3421
f 3419/3419 3421/3421 3422/3422
f 3423/3423 3424/3424 3425/3425
f 3423/3423 3425/3425 3426/3426
f 3427/3427 3428/3428 3429/3429
f 3427/3427 3429/3429 3430/3430
f 3431/3431 3432/3432 3433/3433
f 3431/3431 3433/3433 3434/3434
f 3435/3435 3436/3436 3437/3437
f 3435/3435 3437/3437 3438/3438
f 3439/3439 3440/3440 3441/3441
f 3439/3439 3441/3441 3442/3442
f 3443/3443 3444/3444 3445/3445
f 3443/3443 3445/3445 3446/3446
f 3447/3447 3448/3448 3449/3449
f 3447/3447 3449/3449 3450/3450
f 3451/3451 3452/3452 3453/3453
f 3451/3451 3453/3453 3454/3454
f 3455/3455 3456/3456 3457/3457
f 3455/3455 3457/3457 3458/3458
f 3459/3459 3460/3460 3461/3461
f 3459/3459 3461/3461 3462/3462
f 3463/3463 3464/3464 3465/3465
f 3463/3463 3465/3465 3466/3466
f 3467/3467 3468/3468 3469/3469
f 3467/3467 3469/3469 3470/3470
f 3471/3471 3472/3472 3473/3473
f 3471/3471 3473/3473 3474/3474
f 3475/3475 3476/3476 3477/3477
f 3475/3475 3477/3477 3478/3478
f 3479/3479 3480/3480 3481/3481
f 3479/3479 3481/3481 3482/3482
f 3483/3483 3484/3484 3485/3485
f 3483/3483 3485/3485 3486/3486
f 3487/3487 3488/3488 3489/3489
f 3487/3487 3489/3489 3490/3490
f 3491/3491 3492/3492 3493/3493
f 3491/3491 3493/3493 3494/3494
f 3495/3495 3496/3496 3497/3497
f 3495/3495 3497/3497 3498/3498
f 3499/3499 3500/3500 3501/3501
f 3499/3499 3501/3501 3502/3502
f 3503/3503 3504/3504 3505/3505
f 3503/3503 3505/3505 3506/3506
f 3507/3507 3508/3508 3509/3509
f 3507/3507 3509/3509 3510/3510
f 3511/3511 3512/3512 3513/3513
f 3511/3511 3513/3513 3514/3514
f 3515/3515 3516/3516 3517/3517
f 3515/3515 3517/3517 3518/3518
f 3519/3519 3520/3520 3521/3521
f 3519/3519 3521/3521 3522/3522
f 3523/3523 3524/3524 3525/3525
f 3523/3523 3525/3525 3526/3526
f 3527/3527 3528/3528 3529/3529
f 3527/3527 3529/3529 3530/3530
f 3531/3531 3532/3532 3533/3533
f 3531/3531 3533/3533 3534/3534
f 3535/3535 3536/3536 3537/3537
f 3535/3535 3537/3537 3538/3538
f 3539/3539 3540/3540 3541/3541
f 3539/3539 3541/3541 3542/3542
f 3543/3543 3544/3544 3545/3545
f 3543/3543 3545/3545 3546/3546
f 3547/3547 3548/3548 3549/3549
f 3547/3547 3549/3549 3550/3550
f 3551/3551 3552/3552 3553/3553
f 3551/3551 3553/3553 3554/3554
f 3555/3555 3556/3556 3557/3557
f 3555/3555 3557/3557 3558/3558
f 3559/3559 3560/3560 3561/3561
f 3559/3559 3561/3561 3562/3562
f 3563/3563 3564/3564 3565/3565
f 3563/3563 3565/3565 3566/3566
f 3567/3567 3568/3568 3569/3569
f 3567/3567 3569/3569 3570/3570
f 3571/3571 3572/3572 3573/3573
f 3571/3571 3573/3573 3574/3574
f 3575/3575 3576/3576 3577/3577
f 3575/3575 3577/3577 3578/3578
f 3579/3579 3580/3580 3581/3581
f 3579/3579 3581/3581 3582/3582
f 3583/3583 3584/3584 3585/3585
f 3583/3583 3585/3585 3586/3586
f 3587/3587 3588/3588 3589/3589
f 3587/3587 3589/3589 3590/3590
f 3591/3591 3592/3592 3593/3593
f 3591/3591 3593/3593 3594/3594
f 3595/3595 3596/3596 3597/3597
f 3595/3595 3597/3597 3598/3598
f 3599/3599 3600/3600 3601/3601
f 3599/3599 3601/3601 3602/3602
f 3603/3603 3604/3604 3605/3605
f 3603/3603 3605/3605 3606/3606
f 3607/3607 3608/3608 3609/3609
f 3607/3607 3609/3609 3610/3610
f 3611/3611 3612/3612 3613/3613
f 3611/3611 3613/3613 3614/3614
f 3615/3615 3616/3616 3617/3617
f 3615/3615 3617/3617 3618/3618
f 3619/3619 3620/3620 3621/3621
f 3619/3619 3621/3621 3622/3622
f 3623/3623 3624/3624 3625/3625
f 3623/3623 3625/3625 3626/3626
f 3627/3627 3628/3628 3629/3629
f 3627/3627 3629/3629 3630/3630
f 3631/3631 3632/3632 3633/3633
f 3631/3631 3633/3633 3634/3634
f 3635/3635 3636/3636 3637/3637
f 3635/3635 3637/3637 3638/3638
f 3639/3639 3640/3640 3641/3641
f 3639/3639 3641/3641 3642/3642
f 3643/3643 3644/3644 3645/3645
f 3643/3643 3645/3645 3646/3646
f 3647/3647 3648/3648 3649/3649
f 3647/3647 3649/3649 3650/3650
f 3651/3651 3652/3652 3653/3653
f 3651/3651 3653/3653 3654/3654
f 3655/3655 3656/3656 3657/3657
f 3655/3655 3657/3657 3658/3658
f 3659/3659 3660/3660 3661/3661
f 3659/3659 3661/3661 3662/3662
f 3663/3663 3664/3664 3665/3665
f 3663/3663 3665/3665 3666/3666
f 3667/3667 3668/3668 3669/3669
f 3667/3667 3669/3669 3670/3670
f 3671/3671 3672/3672 3673/3673
f 3671/3671 3673/3673 3674/3674
f 3675/3675 3676/3676 3677/3677
f 3675/3675 3677/3677 3678/3678
f 3679/3679 3680/3680 3681/3681
f 3679/3679 3681/3681 3682/3682
f 3683/3683 3684/3684 3685/3685
f 3683/3683 3685/3685 3686/3686
f 3687/3687 3688/3688 3689/3689
f 3687/3687 3689/3689 3690/3690
f 3691/3691 3692/3692 3693/3693
f 3691/3691 3693/3693 3694/3694
f 3695/3695 3696/3696 3697/3697
f 3695/3695 3697/3697 3698/3698
f 3699/3699 3700/3700 3701/3701
f 3699/3699 3701/3701 3702/3702
f 3703/3703 3704/3704 3705/3705
f 3703/3703 3705/3705 3706/3706
f 3707/3707 3708/3708 3709/3709
f 3707/3707 3709/3709 3710/3710
f 3711/3711 3712/3712 3713/3713
f 3711/3711 3713/3713 3714/3714
f 3715/3715 3716/3716 3717/3717
f 3715/3715 3717/3717 3718/3718
f 3719/3719 3720/3720 3721/3721
f 3719/3719 3721/3721 3722/3722
f 3723/3723 3724/3724 3725/3725
f 3723/3723 3725/3725 3726/3726
f 3727/3727 3728/3728 3729/3729
f 3727/3727 3729/3729 3730/3730
f 3731/3731 3732/3732 3733/3733
f 3731/3731 3733/3733 3734/3734
f 3735/3735 3736/3736 3737/3737
f 3735/3735 3737/3737 3738/3738
f 3739/3739 3740/3740 3741/3741
f 3739/3739 3741/3741 3742/3742
f 3743/3743 3744/3744 3745/3745
f 3743/3743 3745/3745 3746/3746
f 3747/3747 3748/3748 3749/3749
f 3747/3747 3749/3749 3750/3750
f 3751/3751 3752/3752 3753/3753
f 3751/3751 3753/3753 3754/3754
f 3755/3755 3756/3756 3757/3757
f 3755/3755 3757/3757 3758/3758
f 3759/3759 3760/3760 3761/3761
f 3759/3759 3761/3761 3762/3762
f 3763/3763 3764/3764 3765/3765
f 3763/3763 3765/3765 3766/3766
f 3767/3767 3768/3768 3769/3769
f 3767/3767 3769/3769 3770/3770
f 3771/3771 3772/3772 3773/3773
f 3771/3771 3773/3773 3774/3774
f 3775/3775 3776/3776 3777/3777
f 3775/3775 3777/3777 3778/3778
f 3779/3779 3780/3780 3781/3781
f 3779/3779 3781/3781 3782/3782
f 3783/3783 3784/3784 3785/3785
f 3783/3783 3785/3785 3786/3786
f 3787/3787 3788/3788 3789/3789
f 3787/3787 3789/3789 3790/3790
f 3791/3791 3792/3792 3793/3793
f 3791/3791 3793/3793 3794/3794
f 3795/3795 3796/3796 3797/3797
f 3795/3795 3797/3797 3798/3798
f 3799/3799 3800/3800 3801/3801
f 3799/3799 3801/3801 3802/3802
f 3803/3803 3804/3804 3805/3805
f 3803/3803 3805/3805 3806/3806
f 3807/3807 3808/3808 3809/3809
f 3807/3807 3809/3809 3810/3810
f 3811/3811 3812/3812 3813/3813
f 3811/3811 3813/3813 3814/3814
f 3815/3815 3816/3816 3817/3817
f 3815/3815 3817/3817 3818/3818
f 3819/3819 3820/3820 3821/3821
f 3819/3819 3821/3821 3822/3822
f 3823/3823 3824/3824 3825/3825
f 3823/3823 3825/3825 3826/3826
f 3827/3827 3828/3828 3829/3829
f 3827/3827 3829/3829 3830/3830
f 3831/3831 3832/3832 3833/3833
f 3831/3831 3833/3833 3834/3834
f 3835/3835 3836/3836 3837/3837
f 3835/3835 3837/3837 3838/3838
f 3839/3839 3840/3840 3841/3841
f 3839/3839 3841/3841 3842/3842
f 3843/3843 3844/3844 3845/3845
f 3843/3843 3845/3845 3846/3846
f 3847/3847 3848/3848 3849/3849
f 3847/3847 3849/3849 3850/3850
f 3851/3851 3852/3852 3853/3853
f 3851/3851 3853/3853 3854/3854
f 3855/3855 3856/3856 3857/3857
f 3855/3855 3857/3857 3858/3858
f 3859/3859 3860/3860 3861/3861
f 3859/3859 3861/3861 3862/3862
f 3863/3863 3864/3864 3865/3865
f 3863/3863 3865/3865 3866/3866
f 3867/3867 3868/3868 3869/3869
f 3867/3867 3869/3869 3870/3870
f 3871/3871 3872/3872 3873/3873
f 3871/3871 3873/3873 3874/3874
f 3875/3875 3876/3876 3877/3877
f 3875/3875 3877/3877 3878/3878
f 3879/3879 3880/3880 3881/3881
f 3879/3879 3881/3881 3882/3882
