mtllib ../../Materials/project_oen.mtl
o cs-014_signal_beacon_lit_active
v 0.000000 0.041326 0.629375
v 0.035811 0.037203 0.615099
v 0.040368 0.425616 0.521205
v 0.009229 0.429201 0.533619
v 0.035811 0.037203 0.615099
v 0.050644 0.028860 0.580262
v 0.053266 0.418361 0.490913
v 0.040368 0.425616 0.521205
v 0.050644 0.028860 0.580262
v 0.035811 0.021185 0.545271
v 0.040368 0.411687 0.460487
v 0.053266 0.418361 0.490913
v 0.035811 0.021185 0.545271
v 0.000000 0.018674 0.530625
v 0.009229 0.409504 0.447752
v 0.040368 0.411687 0.460487
v 0.000000 0.018674 0.530625
v -0.035811 0.022797 0.544901
v -0.021910 0.413090 0.460166
v 0.009229 0.409504 0.447752
v -0.035811 0.022797 0.544901
v -0.050644 0.031140 0.579738
v -0.034808 0.420344 0.490458
v -0.021910 0.413090 0.460166
v -0.050644 0.031140 0.579738
v -0.035811 0.038815 0.614729
v -0.021910 0.427018 0.520884
v -0.034808 0.420344 0.490458
v -0.035811 0.038815 0.614729
v 0.000000 0.041326 0.629375
v 0.009229 0.429201 0.533619
v -0.021910 0.427018 0.520884
v 0.000000 0.030000 0.580000
v 0.000000 0.041326 0.629375
v 0.035811 0.037203 0.615099
v 0.035811 0.037203 0.615099
v 0.050644 0.028860 0.580262
v 0.050644 0.028860 0.580262
v 0.035811 0.021185 0.545271
v 0.035811 0.021185 0.545271
v 0.000000 0.018674 0.530625
v 0.000000 0.018674 0.530625
v -0.035811 0.022797 0.544901
v -0.035811 0.022797 0.544901
v -0.050644 0.031140 0.579738
v -0.050644 0.031140 0.579738
v -0.035811 0.038815 0.614729
v -0.035811 0.038815 0.614729
v 0.000000 0.041326 0.629375
v 0.009229 0.419353 0.490685
v 0.009229 0.429201 0.533619
v 0.040368 0.425616 0.521205
v 0.040368 0.425616 0.521205
v 0.053266 0.418361 0.490913
v 0.053266 0.418361 0.490913
v 0.040368 0.411687 0.460487
v 0.040368 0.411687 0.460487
v 0.009229 0.409504 0.447752
v 0.009229 0.409504 0.447752
v -0.021910 0.413090 0.460166
v -0.021910 0.413090 0.460166
v -0.034808 0.420344 0.490458
v -0.034808 0.420344 0.490458
v -0.021910 0.427018 0.520884
v -0.021910 0.427018 0.520884
v 0.009229 0.429201 0.533619
v 0.009229 0.436119 0.540614
v 0.046451 0.432380 0.525597
v 0.033093 0.828362 0.393154
v -0.004632 0.832152 0.408374
v 0.046451 0.432380 0.525597
v 0.061869 0.421009 0.490129
v 0.048719 0.816838 0.357208
v 0.033093 0.828362 0.393154
v 0.061869 0.421009 0.490129
v 0.046451 0.408668 0.454987
v 0.033093 0.804330 0.321591
v 0.048719 0.816838 0.357208
v 0.046451 0.408668 0.454987
v 0.009229 0.402586 0.440756
v -0.004632 0.798166 0.307168
v 0.033093 0.804330 0.321591
v 0.009229 0.402586 0.440756
v -0.027993 0.406326 0.455774
v -0.042356 0.801956 0.322388
v -0.004632 0.798166 0.307168
v -0.027993 0.406326 0.455774
v -0.043411 0.417696 0.491242
v -0.057982 0.813480 0.358335
v -0.042356 0.801956 0.322388
v -0.043411 0.417696 0.491242
v -0.027993 0.430037 0.526384
v -0.042356 0.825987 0.393952
v -0.057982 0.813480 0.358335
v -0.027993 0.430037 0.526384
v 0.009229 0.436119 0.540614
v -0.004632 0.832152 0.408374
v -0.042356 0.825987 0.393952
v 0.009229 0.419353 0.490685
v 0.009229 0.436119 0.540614
v 0.046451 0.432380 0.525597
v 0.046451 0.432380 0.525597
v 0.061869 0.421009 0.490129
v 0.061869 0.421009 0.490129
v 0.046451 0.408668 0.454987
v 0.046451 0.408668 0.454987
v 0.009229 0.402586 0.440756
v 0.009229 0.402586 0.440756
v -0.027993 0.406326 0.455774
v -0.027993 0.406326 0.455774
v -0.043411 0.417696 0.491242
v -0.043411 0.417696 0.491242
v -0.027993 0.430037 0.526384
v -0.027993 0.430037 0.526384
v 0.009229 0.436119 0.540614
v -0.004632 0.815159 0.357771
v -0.004632 0.832152 0.408374
v 0.033093 0.828362 0.393154
v 0.033093 0.828362 0.393154
v 0.048719 0.816838 0.357208
v 0.048719 0.816838 0.357208
v 0.033093 0.804330 0.321591
v 0.033093 0.804330 0.321591
v -0.004632 0.798166 0.307168
v -0.004632 0.798166 0.307168
v -0.042356 0.801956 0.322388
v -0.042356 0.801956 0.322388
v -0.057982 0.813480 0.358335
v -0.057982 0.813480 0.358335
v -0.042356 0.825987 0.393952
v -0.042356 0.825987 0.393952
v -0.004632 0.832152 0.408374
v -0.004632 0.826126 0.412462
v 0.034747 0.820725 0.396882
v 0.051508 1.211634 0.312482
v 0.018015 1.216228 0.325733
v 0.034747 0.820725 0.396882
v 0.051058 0.812064 0.358392
v 0.065382 1.204267 0.279744
v 0.051508 1.211634 0.312482
v 0.051058 0.812064 0.358392
v 0.034747 0.805216 0.319538
v 0.051508 1.198442 0.246696
v 0.065382 1.204267 0.279744
v 0.034747 0.805216 0.319538
v -0.004632 0.804192 0.303081
v 0.018015 1.197572 0.232699
v 0.051508 1.198442 0.246696
v -0.004632 0.804192 0.303081
v -0.044010 0.809592 0.318661
v -0.015479 1.202165 0.245950
v 0.018015 1.197572 0.232699
v -0.044010 0.809592 0.318661
v -0.060321 0.818254 0.357151
v -0.029353 1.209532 0.278688
v -0.015479 1.202165 0.245950
v -0.060321 0.818254 0.357151
v -0.044010 0.825102 0.396004
v -0.015479 1.215357 0.311736
v -0.029353 1.209532 0.278688
v -0.044010 0.825102 0.396004
v -0.004632 0.826126 0.412462
v 0.018015 1.216228 0.325733
v -0.015479 1.215357 0.311736
v -0.004632 0.815159 0.357771
v -0.004632 0.826126 0.412462
v 0.034747 0.820725 0.396882
v 0.034747 0.820725 0.396882
v 0.051058 0.812064 0.358392
v 0.051058 0.812064 0.358392
v 0.034747 0.805216 0.319538
v 0.034747 0.805216 0.319538
v -0.004632 0.804192 0.303081
v -0.004632 0.804192 0.303081
v -0.044010 0.809592 0.318661
v -0.044010 0.809592 0.318661
v -0.060321 0.818254 0.357151
v -0.060321 0.818254 0.357151
v -0.044010 0.825102 0.396004
v -0.044010 0.825102 0.396004
v -0.004632 0.826126 0.412462
v 0.018015 1.206900 0.279216
v 0.018015 1.216228 0.325733
v 0.051508 1.211634 0.312482
v 0.051508 1.211634 0.312482
v 0.065382 1.204267 0.279744
v 0.065382 1.204267 0.279744
v 0.051508 1.198442 0.246696
v 0.051508 1.198442 0.246696
v 0.018015 1.197572 0.232699
v 0.018015 1.197572 0.232699
v -0.015479 1.202165 0.245950
v -0.015479 1.202165 0.245950
v -0.029353 1.209532 0.278688
v -0.029353 1.209532 0.278688
v -0.015479 1.215357 0.311736
v -0.015479 1.215357 0.311736
v 0.018015 1.216228 0.325733
v 0.018015 1.220074 0.324222
v 0.051138 1.217689 0.310609
v 0.037056 1.592070 0.205120
v 0.000000 1.594738 0.220349
v 0.051138 1.217689 0.310609
v 0.064859 1.208983 0.278606
v 0.052406 1.582331 0.169318
v 0.037056 1.592070 0.205120
v 0.064859 1.208983 0.278606
v 0.051138 1.199057 0.246961
v 0.037056 1.571226 0.133915
v 0.052406 1.582331 0.169318
v 0.051138 1.199057 0.246961
v 0.018015 1.193726 0.234210
v 0.000000 1.565262 0.119651
v 0.037056 1.571226 0.133915
v 0.018015 1.193726 0.234210
v -0.015109 1.196111 0.247823
v -0.037056 1.567930 0.134880
v 0.000000 1.565262 0.119651
v -0.015109 1.196111 0.247823
v -0.028829 1.204817 0.279826
v -0.052406 1.577669 0.170682
v -0.037056 1.567930 0.134880
v -0.028829 1.204817 0.279826
v -0.015109 1.214742 0.311471
v -0.037056 1.588774 0.206085
v -0.052406 1.577669 0.170682
v -0.015109 1.214742 0.311471
v 0.018015 1.220074 0.324222
v 0.000000 1.594738 0.220349
v -0.037056 1.588774 0.206085
v 0.018015 1.206900 0.279216
v 0.018015 1.220074 0.324222
v 0.051138 1.217689 0.310609
v 0.051138 1.217689 0.310609
v 0.064859 1.208983 0.278606
v 0.064859 1.208983 0.278606
v 0.051138 1.199057 0.246961
v 0.051138 1.199057 0.246961
v 0.018015 1.193726 0.234210
v 0.018015 1.193726 0.234210
v -0.015109 1.196111 0.247823
v -0.015109 1.196111 0.247823
v -0.028829 1.204817 0.279826
v -0.028829 1.204817 0.279826
v -0.015109 1.214742 0.311471
v -0.015109 1.214742 0.311471
v 0.018015 1.220074 0.324222
v 0.000000 1.580000 0.170000
v 0.000000 1.594738 0.220349
v 0.037056 1.592070 0.205120
v 0.037056 1.592070 0.205120
v 0.052406 1.582331 0.169318
v 0.052406 1.582331 0.169318
v 0.037056 1.571226 0.133915
v 0.037056 1.571226 0.133915
v 0.000000 1.565262 0.119651
v 0.000000 1.565262 0.119651
v -0.037056 1.567930 0.134880
v -0.037056 1.567930 0.134880
v -0.052406 1.577669 0.170682
v -0.052406 1.577669 0.170682
v -0.037056 1.588774 0.206085
v -0.037056 1.588774 0.206085
v 0.000000 1.594738 0.220349
v -0.502295 0.024507 -0.236552
v -0.464930 0.019273 -0.252909
v -0.401139 0.394710 -0.219844
v -0.433104 0.399188 -0.205851
v -0.464930 0.019273 -0.252909
v -0.449453 0.020323 -0.290995
v -0.387899 0.395609 -0.252425
v -0.401139 0.394710 -0.219844
v -0.449453 0.020323 -0.290995
v -0.464930 0.027042 -0.328497
v -0.401139 0.401356 -0.284507
v -0.387899 0.395609 -0.252425
v -0.464930 0.027042 -0.328497
v -0.502295 0.035493 -0.343448
v -0.433104 0.408586 -0.297297
v -0.401139 0.401356 -0.284507
v -0.502295 0.035493 -0.343448
v -0.539660 0.040727 -0.327091
v -0.465068 0.413063 -0.283304
v -0.433104 0.408586 -0.297297
v -0.539660 0.040727 -0.327091
v -0.555137 0.039677 -0.289005
v -0.478308 0.412165 -0.250723
v -0.465068 0.413063 -0.283304
v -0.555137 0.039677 -0.289005
v -0.539660 0.032958 -0.251503
v -0.465068 0.406417 -0.218641
v -0.478308 0.412165 -0.250723
v -0.539660 0.032958 -0.251503
v -0.502295 0.024507 -0.236552
v -0.433104 0.399188 -0.205851
v -0.465068 0.406417 -0.218641
v -0.502295 0.030000 -0.290000
v -0.502295 0.024507 -0.236552
v -0.464930 0.019273 -0.252909
v -0.464930 0.019273 -0.252909
v -0.449453 0.020323 -0.290995
v -0.449453 0.020323 -0.290995
v -0.464930 0.027042 -0.328497
v -0.464930 0.027042 -0.328497
v -0.502295 0.035493 -0.343448
v -0.502295 0.035493 -0.343448
v -0.539660 0.040727 -0.327091
v -0.539660 0.040727 -0.327091
v -0.555137 0.039677 -0.289005
v -0.555137 0.039677 -0.289005
v -0.539660 0.032958 -0.251503
v -0.539660 0.032958 -0.251503
v -0.502295 0.024507 -0.236552
v -0.433104 0.403887 -0.251574
v -0.433104 0.399188 -0.205851
v -0.401139 0.394710 -0.219844
v -0.401139 0.394710 -0.219844
v -0.387899 0.395609 -0.252425
v -0.387899 0.395609 -0.252425
v -0.401139 0.401356 -0.284507
v -0.401139 0.401356 -0.284507
v -0.433104 0.408586 -0.297297
v -0.433104 0.408586 -0.297297
v -0.465068 0.413063 -0.283304
v -0.465068 0.413063 -0.283304
v -0.478308 0.412165 -0.250723
v -0.478308 0.412165 -0.250723
v -0.465068 0.406417 -0.218641
v -0.465068 0.406417 -0.218641
v -0.433104 0.399188 -0.205851
v -0.433104 0.397859 -0.207002
v -0.402689 0.390411 -0.221303
v -0.283533 0.781723 -0.169816
v -0.312588 0.788838 -0.156155
v -0.402689 0.390411 -0.221303
v -0.390091 0.390858 -0.253336
v -0.271498 0.782149 -0.200417
v -0.283533 0.781723 -0.169816
v -0.390091 0.390858 -0.253336
v -0.402689 0.398936 -0.284337
v -0.283533 0.789867 -0.230032
v -0.271498 0.782149 -0.200417
v -0.402689 0.398936 -0.284337
v -0.433104 0.409915 -0.296146
v -0.312588 0.800355 -0.241313
v -0.283533 0.789867 -0.230032
v -0.433104 0.409915 -0.296146
v -0.463519 0.417362 -0.281845
v -0.341643 0.807469 -0.227652
v -0.312588 0.800355 -0.241313
v -0.463519 0.417362 -0.281845
v -0.476117 0.416916 -0.249812
v -0.353678 0.807043 -0.197051
v -0.341643 0.807469 -0.227652
v -0.476117 0.416916 -0.249812
v -0.463519 0.408837 -0.218811
v -0.341643 0.799325 -0.167436
v -0.353678 0.807043 -0.197051
v -0.463519 0.408837 -0.218811
v -0.433104 0.397859 -0.207002
v -0.312588 0.788838 -0.156155
v -0.341643 0.799325 -0.167436
v -0.433104 0.403887 -0.251574
v -0.433104 0.397859 -0.207002
v -0.402689 0.390411 -0.221303
v -0.402689 0.390411 -0.221303
v -0.390091 0.390858 -0.253336
v -0.390091 0.390858 -0.253336
v -0.402689 0.398936 -0.284337
v -0.402689 0.398936 -0.284337
v -0.433104 0.409915 -0.296146
v -0.433104 0.409915 -0.296146
v -0.463519 0.417362 -0.281845
v -0.463519 0.417362 -0.281845
v -0.476117 0.416916 -0.249812
v -0.476117 0.416916 -0.249812
v -0.463519 0.408837 -0.218811
v -0.463519 0.408837 -0.218811
v -0.433104 0.397859 -0.207002
v -0.312588 0.794596 -0.198734
v -0.312588 0.788838 -0.156155
v -0.283533 0.781723 -0.169816
v -0.283533 0.781723 -0.169816
v -0.271498 0.782149 -0.200417
v -0.271498 0.782149 -0.200417
v -0.283533 0.789867 -0.230032
v -0.283533 0.789867 -0.230032
v -0.312588 0.800355 -0.241313
v -0.312588 0.800355 -0.241313
v -0.341643 0.807469 -0.227652
v -0.341643 0.807469 -0.227652
v -0.353678 0.807043 -0.197051
v -0.353678 0.807043 -0.197051
v -0.341643 0.799325 -0.167436
v -0.341643 0.799325 -0.167436
v -0.312588 0.788838 -0.156155
v -0.312588 0.785587 -0.145836
v -0.275697 0.779478 -0.162820
v -0.186189 1.165854 -0.101532
v -0.218749 1.171245 -0.086542
v -0.275697 0.779478 -0.162820
v -0.260417 0.782226 -0.200841
v -0.172702 1.168279 -0.135090
v -0.186189 1.165854 -0.101532
v -0.260417 0.782226 -0.200841
v -0.275697 0.792219 -0.237628
v -0.186189 1.177099 -0.167559
v -0.172702 1.168279 -0.135090
v -0.275697 0.792219 -0.237628
v -0.312588 0.803605 -0.251631
v -0.218749 1.187149 -0.179919
v -0.186189 1.177099 -0.167559
v -0.312588 0.803605 -0.251631
v -0.349479 0.809714 -0.234648
v -0.251310 1.192540 -0.164929
v -0.218749 1.187149 -0.179919
v -0.349479 0.809714 -0.234648
v -0.364759 0.806967 -0.196627
v -0.264797 1.190115 -0.131371
v -0.251310 1.192540 -0.164929
v -0.364759 0.806967 -0.196627
v -0.349479 0.796973 -0.159840
v -0.251310 1.181295 -0.098902
v -0.264797 1.190115 -0.131371
v -0.349479 0.796973 -0.159840
v -0.312588 0.785587 -0.145836
v -0.218749 1.171245 -0.086542
v -0.251310 1.181295 -0.098902
v -0.312588 0.794596 -0.198734
v -0.312588 0.785587 -0.145836
v -0.275697 0.779478 -0.162820
v -0.275697 0.779478 -0.162820
v -0.260417 0.782226 -0.200841
v -0.260417 0.782226 -0.200841
v -0.275697 0.792219 -0.237628
v -0.275697 0.792219 -0.237628
v -0.312588 0.803605 -0.251631
v -0.312588 0.803605 -0.251631
v -0.349479 0.809714 -0.234648
v -0.349479 0.809714 -0.234648
v -0.364759 0.806967 -0.196627
v -0.364759 0.806967 -0.196627
v -0.349479 0.796973 -0.159840
v -0.349479 0.796973 -0.159840
v -0.312588 0.785587 -0.145836
v -0.218749 1.179197 -0.133230
v -0.218749 1.171245 -0.086542
v -0.186189 1.165854 -0.101532
v -0.186189 1.165854 -0.101532
v -0.172702 1.168279 -0.135090
v -0.172702 1.168279 -0.135090
v -0.186189 1.177099 -0.167559
v -0.186189 1.177099 -0.167559
v -0.218749 1.187149 -0.179919
v -0.218749 1.187149 -0.179919
v -0.251310 1.192540 -0.164929
v -0.251310 1.192540 -0.164929
v -0.264797 1.190115 -0.131371
v -0.264797 1.190115 -0.131371
v -0.251310 1.181295 -0.098902
v -0.251310 1.181295 -0.098902
v -0.218749 1.171245 -0.086542
v -0.218749 1.173797 -0.088353
v -0.187277 1.169842 -0.102163
v -0.117662 1.571213 -0.055818
v -0.147224 1.574927 -0.042846
v -0.187277 1.169842 -0.102163
v -0.174241 1.171368 -0.134172
v -0.105417 1.572646 -0.085885
v -0.117662 1.571213 -0.055818
v -0.174241 1.171368 -0.134172
v -0.187277 1.177479 -0.165630
v -0.117662 1.578387 -0.115433
v -0.105417 1.572646 -0.085885
v -0.187277 1.177479 -0.165630
v -0.218749 1.184597 -0.178108
v -0.147224 1.585073 -0.127154
v -0.117662 1.578387 -0.115433
v -0.218749 1.184597 -0.178108
v -0.250221 1.188552 -0.164297
v -0.176786 1.588787 -0.114182
v -0.147224 1.585073 -0.127154
v -0.250221 1.188552 -0.164297
v -0.263257 1.187026 -0.132288
v -0.189031 1.587354 -0.084115
v -0.176786 1.588787 -0.114182
v -0.263257 1.187026 -0.132288
v -0.250221 1.180914 -0.100831
v -0.176786 1.581613 -0.054567
v -0.189031 1.587354 -0.084115
v -0.250221 1.180914 -0.100831
v -0.218749 1.173797 -0.088353
v -0.147224 1.574927 -0.042846
v -0.176786 1.581613 -0.054567
v -0.218749 1.179197 -0.133230
v -0.218749 1.173797 -0.088353
v -0.187277 1.169842 -0.102163
v -0.187277 1.169842 -0.102163
v -0.174241 1.171368 -0.134172
v -0.174241 1.171368 -0.134172
v -0.187277 1.177479 -0.165630
v -0.187277 1.177479 -0.165630
v -0.218749 1.184597 -0.178108
v -0.218749 1.184597 -0.178108
v -0.250221 1.188552 -0.164297
v -0.250221 1.188552 -0.164297
v -0.263257 1.187026 -0.132288
v -0.263257 1.187026 -0.132288
v -0.250221 1.180914 -0.100831
v -0.250221 1.180914 -0.100831
v -0.218749 1.173797 -0.088353
v -0.147224 1.580000 -0.085000
v -0.147224 1.574927 -0.042846
v -0.117662 1.571213 -0.055818
v -0.117662 1.571213 -0.055818
v -0.105417 1.572646 -0.085885
v -0.105417 1.572646 -0.085885
v -0.117662 1.578387 -0.115433
v -0.117662 1.578387 -0.115433
v -0.147224 1.585073 -0.127154
v -0.147224 1.585073 -0.127154
v -0.176786 1.588787 -0.114182
v -0.176786 1.588787 -0.114182
v -0.189031 1.587354 -0.084115
v -0.189031 1.587354 -0.084115
v -0.176786 1.581613 -0.054567
v -0.176786 1.581613 -0.054567
v -0.147224 1.574927 -0.042846
v 0.502295 0.024154 -0.237335
v 0.538271 0.036271 -0.251605
v 0.422397 0.421052 -0.212093
v 0.389476 0.409964 -0.199035
v 0.538271 0.036271 -0.251605
v 0.553173 0.044716 -0.288366
v 0.436033 0.428779 -0.245732
v 0.422397 0.421052 -0.212093
v 0.553173 0.044716 -0.288366
v 0.538271 0.044539 -0.326085
v 0.422397 0.428618 -0.280246
v 0.436033 0.428779 -0.245732
v 0.538271 0.044539 -0.326085
v 0.502295 0.035846 -0.342665
v 0.389476 0.420663 -0.295418
v 0.422397 0.428618 -0.280246
v 0.502295 0.035846 -0.342665
v 0.466319 0.023729 -0.328395
v 0.356556 0.409574 -0.282360
v 0.389476 0.420663 -0.295418
v 0.466319 0.023729 -0.328395
v 0.451417 0.015284 -0.291634
v 0.342920 0.401848 -0.248721
v 0.356556 0.409574 -0.282360
v 0.451417 0.015284 -0.291634
v 0.466319 0.015461 -0.253915
v 0.356556 0.402009 -0.214207
v 0.342920 0.401848 -0.248721
v 0.466319 0.015461 -0.253915
v 0.502295 0.024154 -0.237335
v 0.389476 0.409964 -0.199035
v 0.356556 0.402009 -0.214207
v 0.502295 0.030000 -0.290000
v 0.502295 0.024154 -0.237335
v 0.538271 0.036271 -0.251605
v 0.538271 0.036271 -0.251605
v 0.553173 0.044716 -0.288366
v 0.553173 0.044716 -0.288366
v 0.538271 0.044539 -0.326085
v 0.538271 0.044539 -0.326085
v 0.502295 0.035846 -0.342665
v 0.502295 0.035846 -0.342665
v 0.466319 0.023729 -0.328395
v 0.466319 0.023729 -0.328395
v 0.451417 0.015284 -0.291634
v 0.451417 0.015284 -0.291634
v 0.466319 0.015461 -0.253915
v 0.466319 0.015461 -0.253915
v 0.502295 0.024154 -0.237335
v 0.389476 0.415313 -0.247227
v 0.389476 0.409964 -0.199035
v 0.422397 0.421052 -0.212093
v 0.422397 0.421052 -0.212093
v 0.436033 0.428779 -0.245732
v 0.436033 0.428779 -0.245732
v 0.422397 0.428618 -0.280246
v 0.422397 0.428618 -0.280246
v 0.389476 0.420663 -0.295418
v 0.389476 0.420663 -0.295418
v 0.356556 0.409574 -0.282360
v 0.356556 0.409574 -0.282360
v 0.342920 0.401848 -0.248721
v 0.342920 0.401848 -0.248721
v 0.356556 0.402009 -0.214207
v 0.356556 0.402009 -0.214207
v 0.389476 0.409964 -0.199035
v 0.389476 0.408730 -0.198745
v 0.423589 0.416373 -0.212169
v 0.354365 0.821446 -0.157275
v 0.320360 0.813827 -0.143893
v 0.423589 0.416373 -0.212169
v 0.437718 0.423396 -0.246129
v 0.368450 0.828446 -0.191129
v 0.354365 0.821446 -0.157275
v 0.437718 0.423396 -0.246129
v 0.423589 0.425683 -0.280732
v 0.354365 0.830726 -0.225623
v 0.368450 0.828446 -0.191129
v 0.423589 0.425683 -0.280732
v 0.389476 0.421896 -0.295708
v 0.320360 0.826951 -0.240552
v 0.354365 0.830726 -0.225623
v 0.389476 0.421896 -0.295708
v 0.355364 0.414253 -0.282284
v 0.286355 0.819332 -0.227170
v 0.320360 0.826951 -0.240552
v 0.355364 0.414253 -0.282284
v 0.341235 0.407231 -0.248324
v 0.272269 0.812332 -0.193317
v 0.286355 0.819332 -0.227170
v 0.341235 0.407231 -0.248324
v 0.355364 0.404943 -0.213721
v 0.286355 0.810052 -0.158822
v 0.272269 0.812332 -0.193317
v 0.355364 0.404943 -0.213721
v 0.389476 0.408730 -0.198745
v 0.320360 0.813827 -0.143893
v 0.286355 0.810052 -0.158822
v 0.389476 0.415313 -0.247227
v 0.389476 0.408730 -0.198745
v 0.423589 0.416373 -0.212169
v 0.423589 0.416373 -0.212169
v 0.437718 0.423396 -0.246129
v 0.437718 0.423396 -0.246129
v 0.423589 0.425683 -0.280732
v 0.423589 0.425683 -0.280732
v 0.389476 0.421896 -0.295708
v 0.389476 0.421896 -0.295708
v 0.355364 0.414253 -0.282284
v 0.355364 0.414253 -0.282284
v 0.341235 0.407231 -0.248324
v 0.341235 0.407231 -0.248324
v 0.355364 0.404943 -0.213721
v 0.355364 0.404943 -0.213721
v 0.389476 0.408730 -0.198745
v 0.320360 0.820389 -0.192223
v 0.320360 0.813827 -0.143893
v 0.354365 0.821446 -0.157275
v 0.354365 0.821446 -0.157275
v 0.368450 0.828446 -0.191129
v 0.368450 0.828446 -0.191129
v 0.354365 0.830726 -0.225623
v 0.354365 0.830726 -0.225623
v 0.320360 0.826951 -0.240552
v 0.320360 0.826951 -0.240552
v 0.286355 0.819332 -0.227170
v 0.286355 0.819332 -0.227170
v 0.272269 0.812332 -0.193317
v 0.272269 0.812332 -0.193317
v 0.286355 0.810052 -0.158822
v 0.286355 0.810052 -0.158822
v 0.320360 0.813827 -0.143893
v 0.320360 0.815887 -0.139871
v 0.356166 0.827089 -0.154355
v 0.256008 1.190024 -0.122383
v 0.219472 1.178594 -0.107605
v 0.356166 0.827089 -0.154355
v 0.370997 0.834367 -0.191021
v 0.271141 1.197450 -0.159796
v 0.256008 1.190024 -0.122383
v 0.370997 0.834367 -0.191021
v 0.356166 0.833456 -0.228391
v 0.256008 1.196521 -0.197927
v 0.271141 1.197450 -0.159796
v 0.356166 0.833456 -0.228391
v 0.320360 0.824891 -0.244575
v 0.219472 1.187781 -0.214440
v 0.256008 1.196521 -0.197927
v 0.320360 0.824891 -0.244575
v 0.284554 0.813689 -0.230091
v 0.182937 1.176351 -0.199662
v 0.219472 1.187781 -0.214440
v 0.284554 0.813689 -0.230091
v 0.269722 0.806411 -0.193425
v 0.167804 1.168925 -0.162249
v 0.182937 1.176351 -0.199662
v 0.269722 0.806411 -0.193425
v 0.284554 0.807322 -0.156055
v 0.182937 1.169854 -0.124118
v 0.167804 1.168925 -0.162249
v 0.284554 0.807322 -0.156055
v 0.320360 0.815887 -0.139871
v 0.219472 1.178594 -0.107605
v 0.182937 1.169854 -0.124118
v 0.320360 0.820389 -0.192223
v 0.320360 0.815887 -0.139871
v 0.356166 0.827089 -0.154355
v 0.356166 0.827089 -0.154355
v 0.370997 0.834367 -0.191021
v 0.370997 0.834367 -0.191021
v 0.356166 0.833456 -0.228391
v 0.356166 0.833456 -0.228391
v 0.320360 0.824891 -0.244575
v 0.320360 0.824891 -0.244575
v 0.284554 0.813689 -0.230091
v 0.284554 0.813689 -0.230091
v 0.269722 0.806411 -0.193425
v 0.269722 0.806411 -0.193425
v 0.284554 0.807322 -0.156055
v 0.284554 0.807322 -0.156055
v 0.320360 0.815887 -0.139871
v 0.219472 1.183187 -0.161022
v 0.219472 1.178594 -0.107605
v 0.256008 1.190024 -0.122383
v 0.256008 1.190024 -0.122383
v 0.271141 1.197450 -0.159796
v 0.271141 1.197450 -0.159796
v 0.256008 1.196521 -0.197927
v 0.256008 1.196521 -0.197927
v 0.219472 1.187781 -0.214440
v 0.219472 1.187781 -0.214440
v 0.182937 1.176351 -0.199662
v 0.182937 1.176351 -0.199662
v 0.167804 1.168925 -0.162249
v 0.167804 1.168925 -0.162249
v 0.182937 1.169854 -0.124118
v 0.182937 1.169854 -0.124118
v 0.219472 1.178594 -0.107605
v 0.219472 1.174314 -0.114704
v 0.252299 1.182678 -0.127166
v 0.184039 1.579429 -0.047030
v 0.147224 1.570048 -0.033054
v 0.252299 1.182678 -0.127166
v 0.265897 1.191341 -0.159460
v 0.199289 1.589144 -0.083248
v 0.184039 1.579429 -0.047030
v 0.265897 1.191341 -0.159460
v 0.252299 1.195227 -0.192670
v 0.184039 1.593503 -0.120492
v 0.199289 1.589144 -0.083248
v 0.252299 1.195227 -0.192670
v 0.219472 1.192061 -0.207341
v 0.147224 1.589952 -0.136946
v 0.184039 1.593503 -0.120492
v 0.219472 1.192061 -0.207341
v 0.186646 1.183697 -0.194879
v 0.110409 1.580571 -0.122970
v 0.147224 1.589952 -0.136946
v 0.186646 1.183697 -0.194879
v 0.173048 1.175034 -0.162585
v 0.095160 1.570856 -0.086752
v 0.110409 1.580571 -0.122970
v 0.173048 1.175034 -0.162585
v 0.186646 1.171147 -0.129375
v 0.110409 1.566497 -0.049508
v 0.095160 1.570856 -0.086752
v 0.186646 1.171147 -0.129375
v 0.219472 1.174314 -0.114704
v 0.147224 1.570048 -0.033054
v 0.110409 1.566497 -0.049508
v 0.219472 1.183187 -0.161022
v 0.219472 1.174314 -0.114704
v 0.252299 1.182678 -0.127166
v 0.252299 1.182678 -0.127166
v 0.265897 1.191341 -0.159460
v 0.265897 1.191341 -0.159460
v 0.252299 1.195227 -0.192670
v 0.252299 1.195227 -0.192670
v 0.219472 1.192061 -0.207341
v 0.219472 1.192061 -0.207341
v 0.186646 1.183697 -0.194879
v 0.186646 1.183697 -0.194879
v 0.173048 1.175034 -0.162585
v 0.173048 1.175034 -0.162585
v 0.186646 1.171147 -0.129375
v 0.186646 1.171147 -0.129375
v 0.219472 1.174314 -0.114704
v 0.147224 1.580000 -0.085000
v 0.147224 1.570048 -0.033054
v 0.184039 1.579429 -0.047030
v 0.184039 1.579429 -0.047030
v 0.199289 1.589144 -0.083248
v 0.199289 1.589144 -0.083248
v 0.184039 1.593503 -0.120492
v 0.184039 1.593503 -0.120492
v 0.147224 1.589952 -0.136946
v 0.147224 1.589952 -0.136946
v 0.110409 1.580571 -0.122970
v 0.110409 1.580571 -0.122970
v 0.095160 1.570856 -0.086752
v 0.095160 1.570856 -0.086752
v 0.110409 1.566497 -0.049508
v 0.110409 1.566497 -0.049508
v 0.147224 1.570048 -0.033054
v -0.028405 0.520000 0.444432
v -0.018517 0.544846 0.437410
v -0.118673 0.529214 0.240627
v -0.128638 0.504175 0.247703
v -0.018517 0.544846 0.437410
v 0.005315 0.550982 0.424809
v -0.094655 0.535399 0.227927
v -0.118673 0.529214 0.240627
v 0.005315 0.550982 0.424809
v 0.025144 0.533788 0.416116
v -0.074671 0.518071 0.219166
v -0.094655 0.535399 0.227927
v 0.025144 0.533788 0.416116
v 0.026039 0.506212 0.417878
v -0.073769 0.490279 0.220942
v -0.074671 0.518071 0.219166
v 0.026039 0.506212 0.417878
v 0.007327 0.489018 0.428768
v -0.092628 0.472951 0.231917
v -0.073769 0.490279 0.220942
v 0.007327 0.489018 0.428768
v -0.016903 0.495154 0.440586
v -0.117047 0.479135 0.243827
v -0.092628 0.472951 0.231917
v -0.016903 0.495154 0.440586
v -0.028405 0.520000 0.444432
v -0.128638 0.504175 0.247703
v -0.117047 0.479135 0.243827
v 0.000000 0.520000 0.430000
v -0.028405 0.520000 0.444432
v -0.018517 0.544846 0.437410
v -0.018517 0.544846 0.437410
v 0.005315 0.550982 0.424809
v 0.005315 0.550982 0.424809
v 0.025144 0.533788 0.416116
v 0.025144 0.533788 0.416116
v 0.026039 0.506212 0.417878
v 0.026039 0.506212 0.417878
v 0.007327 0.489018 0.428768
v 0.007327 0.489018 0.428768
v -0.016903 0.495154 0.440586
v -0.016903 0.495154 0.440586
v -0.028405 0.520000 0.444432
v -0.100011 0.504175 0.233158
v -0.128638 0.504175 0.247703
v -0.118673 0.529214 0.240627
v -0.118673 0.529214 0.240627
v -0.094655 0.535399 0.227927
v -0.094655 0.535399 0.227927
v -0.074671 0.518071 0.219166
v -0.074671 0.518071 0.219166
v -0.073769 0.490279 0.220942
v -0.073769 0.490279 0.220942
v -0.092628 0.472951 0.231917
v -0.092628 0.472951 0.231917
v -0.117047 0.479135 0.243827
v -0.117047 0.479135 0.243827
v -0.128638 0.504175 0.247703
v -0.123659 0.504175 0.248474
v -0.114638 0.526201 0.242889
v -0.267890 0.529186 0.006591
v -0.277000 0.506942 0.012232
v -0.114638 0.526201 0.242889
v -0.094603 0.531641 0.229977
v -0.247656 0.534680 -0.006449
v -0.267890 0.529186 0.006591
v -0.094603 0.531641 0.229977
v -0.078641 0.516398 0.219460
v -0.231536 0.519286 -0.017070
v -0.247656 0.534680 -0.006449
v -0.078641 0.516398 0.219460
v -0.078771 0.491951 0.219258
v -0.231668 0.494597 -0.017274
v -0.231536 0.519286 -0.017070
v -0.078771 0.491951 0.219258
v -0.094896 0.476708 0.229524
v -0.247952 0.479203 -0.006907
v -0.231668 0.494597 -0.017274
v -0.094896 0.476708 0.229524
v -0.114873 0.482148 0.242526
v -0.268127 0.484697 0.006225
v -0.247952 0.479203 -0.006907
v -0.114873 0.482148 0.242526
v -0.123659 0.504175 0.248474
v -0.277000 0.506942 0.012232
v -0.268127 0.484697 0.006225
v -0.100011 0.504175 0.233158
v -0.123659 0.504175 0.248474
v -0.114638 0.526201 0.242889
v -0.114638 0.526201 0.242889
v -0.094603 0.531641 0.229977
v -0.094603 0.531641 0.229977
v -0.078641 0.516398 0.219460
v -0.078641 0.516398 0.219460
v -0.078771 0.491951 0.219258
v -0.078771 0.491951 0.219258
v -0.094896 0.476708 0.229524
v -0.094896 0.476708 0.229524
v -0.114873 0.482148 0.242526
v -0.114873 0.482148 0.242526
v -0.123659 0.504175 0.248474
v -0.253118 0.506942 -0.003236
v -0.277000 0.506942 0.012232
v -0.267890 0.529186 0.006591
v -0.267890 0.529186 0.006591
v -0.247656 0.534680 -0.006449
v -0.247656 0.534680 -0.006449
v -0.231536 0.519286 -0.017070
v -0.231536 0.519286 -0.017070
v -0.231668 0.494597 -0.017274
v -0.231668 0.494597 -0.017274
v -0.247952 0.479203 -0.006907
v -0.247952 0.479203 -0.006907
v -0.268127 0.484697 0.006225
v -0.268127 0.484697 0.006225
v -0.277000 0.506942 0.012232
v -0.279901 0.506942 0.011849
v -0.269184 0.530939 0.007293
v -0.389563 0.545651 -0.203746
v -0.401018 0.520000 -0.198876
v -0.269184 0.530939 0.007293
v -0.246370 0.536866 -0.005192
v -0.365177 0.551986 -0.217090
v -0.389563 0.545651 -0.203746
v -0.246370 0.536866 -0.005192
v -0.228638 0.520259 -0.016203
v -0.346223 0.534235 -0.228861
v -0.365177 0.551986 -0.217090
v -0.228638 0.520259 -0.016203
v -0.229340 0.493624 -0.017450
v -0.346974 0.505765 -0.230193
v -0.346223 0.534235 -0.228861
v -0.229340 0.493624 -0.017450
v -0.247948 0.477017 -0.007993
v -0.366864 0.488014 -0.220085
v -0.346974 0.505765 -0.230193
v -0.247948 0.477017 -0.007993
v -0.270450 0.482944 0.005046
v -0.390916 0.494349 -0.206148
v -0.366864 0.488014 -0.220085
v -0.270450 0.482944 0.005046
v -0.279901 0.506942 0.011849
v -0.401018 0.520000 -0.198876
v -0.390916 0.494349 -0.206148
v -0.253118 0.506942 -0.003236
v -0.279901 0.506942 0.011849
v -0.269184 0.530939 0.007293
v -0.269184 0.530939 0.007293
v -0.246370 0.536866 -0.005192
v -0.246370 0.536866 -0.005192
v -0.228638 0.520259 -0.016203
v -0.228638 0.520259 -0.016203
v -0.229340 0.493624 -0.017450
v -0.229340 0.493624 -0.017450
v -0.247948 0.477017 -0.007993
v -0.247948 0.477017 -0.007993
v -0.270450 0.482944 0.005046
v -0.270450 0.482944 0.005046
v -0.279901 0.506942 0.011849
v -0.372391 0.520000 -0.215000
v -0.401018 0.520000 -0.198876
v -0.389563 0.545651 -0.203746
v -0.389563 0.545651 -0.203746
v -0.365177 0.551986 -0.217090
v -0.365177 0.551986 -0.217090
v -0.346223 0.534235 -0.228861
v -0.346223 0.534235 -0.228861
v -0.346974 0.505765 -0.230193
v -0.346974 0.505765 -0.230193
v -0.366864 0.488014 -0.220085
v -0.366864 0.488014 -0.220085
v -0.390916 0.494349 -0.206148
v -0.390916 0.494349 -0.206148
v -0.401018 0.520000 -0.198876
v -0.374144 0.520000 -0.247184
v -0.374902 0.545160 -0.234989
v -0.146629 0.557856 -0.247261
v -0.145877 0.532901 -0.259356
v -0.374902 0.545160 -0.234989
v -0.373769 0.551374 -0.207742
v -0.145505 0.564020 -0.220235
v -0.146629 0.557856 -0.247261
v -0.373769 0.551374 -0.207742
v -0.371598 0.533963 -0.185960
v -0.143352 0.546750 -0.198630
v -0.145505 0.564020 -0.220235
v -0.371598 0.533963 -0.185960
v -0.370025 0.506037 -0.186046
v -0.141791 0.519052 -0.198715
v -0.143352 0.546750 -0.198630
v -0.370025 0.506037 -0.186046
v -0.370233 0.488626 -0.207935
v -0.141997 0.501782 -0.220426
v -0.141791 0.519052 -0.198715
v -0.370233 0.488626 -0.207935
v -0.372066 0.494840 -0.235144
v -0.143816 0.507946 -0.247414
v -0.141997 0.501782 -0.220426
v -0.372066 0.494840 -0.235144
v -0.374144 0.520000 -0.247184
v -0.145877 0.532901 -0.259356
v -0.143816 0.507946 -0.247414
v -0.372391 0.520000 -0.215000
v -0.374144 0.520000 -0.247184
v -0.374902 0.545160 -0.234989
v -0.374902 0.545160 -0.234989
v -0.373769 0.551374 -0.207742
v -0.373769 0.551374 -0.207742
v -0.371598 0.533963 -0.185960
v -0.371598 0.533963 -0.185960
v -0.370025 0.506037 -0.186046
v -0.370025 0.506037 -0.186046
v -0.370233 0.488626 -0.207935
v -0.370233 0.488626 -0.207935
v -0.372066 0.494840 -0.235144
v -0.372066 0.494840 -0.235144
v -0.374144 0.520000 -0.247184
v -0.144138 0.532901 -0.227434
v -0.145877 0.532901 -0.259356
v -0.146629 0.557856 -0.247261
v -0.146629 0.557856 -0.247261
v -0.145505 0.564020 -0.220235
v -0.145505 0.564020 -0.220235
v -0.143352 0.546750 -0.198630
v -0.143352 0.546750 -0.198630
v -0.141791 0.519052 -0.198715
v -0.141791 0.519052 -0.198715
v -0.141997 0.501782 -0.220426
v -0.141997 0.501782 -0.220426
v -0.143816 0.507946 -0.247414
v -0.143816 0.507946 -0.247414
v -0.145877 0.532901 -0.259356
v -0.139881 0.532901 -0.260545
v -0.141209 0.559000 -0.248043
v 0.141678 0.554601 -0.210564
v 0.142937 0.529877 -0.222407
v -0.141209 0.559000 -0.248043
v -0.144743 0.565446 -0.220022
v 0.138330 0.560707 -0.184019
v 0.141678 0.554601 -0.210564
v -0.144743 0.565446 -0.220022
v -0.147822 0.547385 -0.197582
v 0.135414 0.543598 -0.162761
v 0.138330 0.560707 -0.184019
v -0.147822 0.547385 -0.197582
v -0.148126 0.518417 -0.197621
v 0.135126 0.516156 -0.162798
v 0.135414 0.543598 -0.162761
v -0.148126 0.518417 -0.197621
v -0.145427 0.500356 -0.220110
v 0.137682 0.499046 -0.184102
v 0.135126 0.516156 -0.162798
v -0.145427 0.500356 -0.220110
v -0.141758 0.506802 -0.248114
v 0.141159 0.505152 -0.210630
v 0.137682 0.499046 -0.184102
v -0.141758 0.506802 -0.248114
v -0.139881 0.532901 -0.260545
v 0.142937 0.529877 -0.222407
v 0.141159 0.505152 -0.210630
v -0.144138 0.532901 -0.227434
v -0.139881 0.532901 -0.260545
v -0.141209 0.559000 -0.248043
v -0.141209 0.559000 -0.248043
v -0.144743 0.565446 -0.220022
v -0.144743 0.565446 -0.220022
v -0.147822 0.547385 -0.197582
v -0.147822 0.547385 -0.197582
v -0.148126 0.518417 -0.197621
v -0.148126 0.518417 -0.197621
v -0.145427 0.500356 -0.220110
v -0.145427 0.500356 -0.220110
v -0.141758 0.506802 -0.248114
v -0.141758 0.506802 -0.248114
v -0.139881 0.532901 -0.260545
v 0.138904 0.529877 -0.191040
v 0.142937 0.529877 -0.222407
v 0.141678 0.554601 -0.210564
v 0.141678 0.554601 -0.210564
v 0.138330 0.560707 -0.184019
v 0.138330 0.560707 -0.184019
v 0.135414 0.543598 -0.162761
v 0.135414 0.543598 -0.162761
v 0.135126 0.516156 -0.162798
v 0.135126 0.516156 -0.162798
v 0.137682 0.499046 -0.184102
v 0.137682 0.499046 -0.184102
v 0.141159 0.505152 -0.210630
v 0.141159 0.505152 -0.210630
v 0.142937 0.529877 -0.222407
v 0.135972 0.529877 -0.219607
v 0.138015 0.552309 -0.208948
v 0.371536 0.541575 -0.232224
v 0.369571 0.520000 -0.242476
v 0.138015 0.552309 -0.208948
v 0.140727 0.557849 -0.184803
v 0.374145 0.546904 -0.209002
v 0.371536 0.541575 -0.232224
v 0.140727 0.557849 -0.184803
v 0.142066 0.542326 -0.165356
v 0.375432 0.531973 -0.190296
v 0.374145 0.546904 -0.209002
v 0.142066 0.542326 -0.165356
v 0.141024 0.517428 -0.165249
v 0.374430 0.508027 -0.190193
v 0.375432 0.531973 -0.190296
v 0.141024 0.517428 -0.165249
v 0.138385 0.501905 -0.184563
v 0.371892 0.493096 -0.208770
v 0.374430 0.508027 -0.190193
v 0.138385 0.501905 -0.184563
v 0.136137 0.507445 -0.208755
v 0.369730 0.498425 -0.232038
v 0.371892 0.493096 -0.208770
v 0.136137 0.507445 -0.208755
v 0.135972 0.529877 -0.219607
v 0.369571 0.520000 -0.242476
v 0.369730 0.498425 -0.232038
v 0.138904 0.529877 -0.191040
v 0.135972 0.529877 -0.219607
v 0.138015 0.552309 -0.208948
v 0.138015 0.552309 -0.208948
v 0.140727 0.557849 -0.184803
v 0.140727 0.557849 -0.184803
v 0.142066 0.542326 -0.165356
v 0.142066 0.542326 -0.165356
v 0.141024 0.517428 -0.165249
v 0.141024 0.517428 -0.165249
v 0.138385 0.501905 -0.184563
v 0.138385 0.501905 -0.184563
v 0.136137 0.507445 -0.208755
v 0.136137 0.507445 -0.208755
v 0.135972 0.529877 -0.219607
v 0.372391 0.520000 -0.215000
v 0.369571 0.520000 -0.242476
v 0.371536 0.541575 -0.232224
v 0.371536 0.541575 -0.232224
v 0.374145 0.546904 -0.209002
v 0.374145 0.546904 -0.209002
v 0.375432 0.531973 -0.190296
v 0.375432 0.531973 -0.190296
v 0.374430 0.508027 -0.190193
v 0.374430 0.508027 -0.190193
v 0.371892 0.493096 -0.208770
v 0.371892 0.493096 -0.208770
v 0.369730 0.498425 -0.232038
v 0.369730 0.498425 -0.232038
v 0.369571 0.520000 -0.242476
v 0.398033 0.520000 -0.198995
v 0.388192 0.543630 -0.204722
v 0.243806 0.540899 0.028656
v 0.254216 0.515904 0.034713
v 0.388192 0.543630 -0.204722
v 0.366452 0.549466 -0.218188
v 0.220811 0.547072 0.014411
v 0.243806 0.540899 0.028656
v 0.366452 0.549466 -0.218188
v 0.349185 0.533114 -0.229254
v 0.202546 0.529775 0.002706
v 0.220811 0.547072 0.014411
v 0.349185 0.533114 -0.229254
v 0.349392 0.506886 -0.229586
v 0.202765 0.502033 0.002355
v 0.202546 0.529775 0.002706
v 0.349392 0.506886 -0.229586
v 0.366918 0.490534 -0.218935
v 0.221304 0.484736 0.013622
v 0.202765 0.502033 0.002355
v 0.366918 0.490534 -0.218935
v 0.388565 0.496370 -0.205320
v 0.244201 0.490909 0.028023
v 0.221304 0.484736 0.013622
v 0.388565 0.496370 -0.205320
v 0.398033 0.520000 -0.198995
v 0.254216 0.515904 0.034713
v 0.244201 0.490909 0.028023
v 0.372391 0.520000 -0.215000
v 0.398033 0.520000 -0.198995
v 0.388192 0.543630 -0.204722
v 0.388192 0.543630 -0.204722
v 0.366452 0.549466 -0.218188
v 0.366452 0.549466 -0.218188
v 0.349185 0.533114 -0.229254
v 0.349185 0.533114 -0.229254
v 0.349392 0.506886 -0.229586
v 0.349392 0.506886 -0.229586
v 0.366918 0.490534 -0.218935
v 0.366918 0.490534 -0.218935
v 0.388565 0.496370 -0.205320
v 0.388565 0.496370 -0.205320
v 0.398033 0.520000 -0.198995
v 0.227093 0.515904 0.017784
v 0.254216 0.515904 0.034713
v 0.243806 0.540899 0.028656
v 0.243806 0.540899 0.028656
v 0.220811 0.547072 0.014411
v 0.220811 0.547072 0.014411
v 0.202546 0.529775 0.002706
v 0.202546 0.529775 0.002706
v 0.202765 0.502033 0.002355
v 0.202765 0.502033 0.002355
v 0.221304 0.484736 0.013622
v 0.221304 0.484736 0.013622
v 0.244201 0.490909 0.028023
v 0.244201 0.490909 0.028023
v 0.254216 0.515904 0.034713
v 0.256299 0.515904 0.031417
v 0.244695 0.541063 0.027585
v 0.144212 0.523572 0.234642
v 0.153812 0.502760 0.237812
v 0.244695 0.541063 0.027585
v 0.219837 0.547276 0.016372
v 0.123648 0.528713 0.225366
v 0.144212 0.523572 0.234642
v 0.219837 0.547276 0.016372
v 0.200442 0.529866 0.006223
v 0.107603 0.514310 0.216970
v 0.123648 0.528713 0.225366
v 0.200442 0.529866 0.006223
v 0.201116 0.501942 0.004779
v 0.108161 0.491209 0.215776
v 0.107603 0.514310 0.216970
v 0.201116 0.501942 0.004779
v 0.221351 0.484532 0.013128
v 0.124900 0.476807 0.222683
v 0.108161 0.491209 0.215776
v 0.221351 0.484532 0.013128
v 0.245910 0.490746 0.024983
v 0.145217 0.481947 0.232490
v 0.124900 0.476807 0.222683
v 0.245910 0.490746 0.024983
v 0.256299 0.515904 0.031417
v 0.153812 0.502760 0.237812
v 0.145217 0.481947 0.232490
v 0.227093 0.515904 0.017784
v 0.256299 0.515904 0.031417
v 0.244695 0.541063 0.027585
v 0.244695 0.541063 0.027585
v 0.219837 0.547276 0.016372
v 0.219837 0.547276 0.016372
v 0.200442 0.529866 0.006223
v 0.200442 0.529866 0.006223
v 0.201116 0.501942 0.004779
v 0.201116 0.501942 0.004779
v 0.221351 0.484532 0.013128
v 0.221351 0.484532 0.013128
v 0.245910 0.490746 0.024983
v 0.245910 0.490746 0.024983
v 0.256299 0.515904 0.031417
v 0.129651 0.502760 0.226534
v 0.153812 0.502760 0.237812
v 0.144212 0.523572 0.234642
v 0.144212 0.523572 0.234642
v 0.123648 0.528713 0.225366
v 0.123648 0.528713 0.225366
v 0.107603 0.514310 0.216970
v 0.107603 0.514310 0.216970
v 0.108161 0.491209 0.215776
v 0.108161 0.491209 0.215776
v 0.124900 0.476807 0.222683
v 0.124900 0.476807 0.222683
v 0.145217 0.481947 0.232490
v 0.145217 0.481947 0.232490
v 0.153812 0.502760 0.237812
v 0.152753 0.502760 0.241255
v 0.144875 0.524123 0.234425
v 0.014187 0.539907 0.437353
v 0.021528 0.520000 0.443718
v 0.144875 0.524123 0.234425
v 0.125533 0.529399 0.221653
v -0.003837 0.544823 0.425452
v 0.014187 0.539907 0.437353
v 0.125533 0.529399 0.221653
v 0.109291 0.514615 0.212556
v -0.018971 0.531047 0.416975
v -0.003837 0.544823 0.425452
v 0.109291 0.514615 0.212556
v 0.108381 0.490904 0.213985
v -0.019820 0.508953 0.418307
v -0.018971 0.531047 0.416975
v 0.108381 0.490904 0.213985
v 0.123487 0.476120 0.224864
v -0.005744 0.495177 0.428444
v -0.019820 0.508953 0.418307
v 0.123487 0.476120 0.224864
v 0.143234 0.481397 0.237000
v 0.012658 0.500093 0.439752
v -0.005744 0.495177 0.428444
v 0.143234 0.481397 0.237000
v 0.152753 0.502760 0.241255
v 0.021528 0.520000 0.443718
v 0.012658 0.500093 0.439752
v 0.129651 0.502760 0.226534
v 0.152753 0.502760 0.241255
v 0.144875 0.524123 0.234425
v 0.144875 0.524123 0.234425
v 0.125533 0.529399 0.221653
v 0.125533 0.529399 0.221653
v 0.109291 0.514615 0.212556
v 0.109291 0.514615 0.212556
v 0.108381 0.490904 0.213985
v 0.108381 0.490904 0.213985
v 0.123487 0.476120 0.224864
v 0.123487 0.476120 0.224864
v 0.143234 0.481397 0.237000
v 0.143234 0.481397 0.237000
v 0.152753 0.502760 0.241255
v 0.000000 0.520000 0.430000
v 0.021528 0.520000 0.443718
v 0.014187 0.539907 0.437353
v 0.014187 0.539907 0.437353
v -0.003837 0.544823 0.425452
v -0.003837 0.544823 0.425452
v -0.018971 0.531047 0.416975
v -0.018971 0.531047 0.416975
v -0.019820 0.508953 0.418307
v -0.019820 0.508953 0.418307
v -0.005744 0.495177 0.428444
v -0.005744 0.495177 0.428444
v 0.012658 0.500093 0.439752
v 0.012658 0.500093 0.439752
v 0.021528 0.520000 0.443718
v -0.027164 1.020000 0.303588
v -0.017973 1.043633 0.296400
v -0.081490 1.027776 0.166449
v -0.090034 1.005805 0.173132
v -0.017973 1.043633 0.296400
v 0.004752 1.049470 0.284392
v -0.060363 1.033202 0.155286
v -0.081490 1.027776 0.166449
v 0.004752 1.049470 0.284392
v 0.023899 1.033116 0.276607
v -0.042563 1.017998 0.148049
v -0.060363 1.033202 0.155286
v 0.023899 1.033116 0.276607
v 0.025049 1.006884 0.278907
v -0.041494 0.993612 0.150187
v -0.042563 1.017998 0.148049
v 0.025049 1.006884 0.278907
v 0.007337 0.990530 0.289560
v -0.057960 0.978407 0.160090
v -0.041494 0.993612 0.150187
v 0.007337 0.990530 0.289560
v -0.015900 0.996367 0.300544
v -0.079563 0.983834 0.170302
v -0.057960 0.978407 0.160090
v -0.015900 0.996367 0.300544
v -0.027164 1.020000 0.303588
v -0.090034 1.005805 0.173132
v -0.079563 0.983834 0.170302
v 0.000000 1.020000 0.290000
v -0.027164 1.020000 0.303588
v -0.017973 1.043633 0.296400
v -0.017973 1.043633 0.296400
v 0.004752 1.049470 0.284392
v 0.004752 1.049470 0.284392
v 0.023899 1.033116 0.276607
v 0.023899 1.033116 0.276607
v 0.025049 1.006884 0.278907
v 0.025049 1.006884 0.278907
v 0.007337 0.990530 0.289560
v 0.007337 0.990530 0.289560
v -0.015900 0.996367 0.300544
v -0.015900 0.996367 0.300544
v -0.027164 1.020000 0.303588
v -0.064781 1.005805 0.160499
v -0.090034 1.005805 0.173132
v -0.081490 1.027776 0.166449
v -0.081490 1.027776 0.166449
v -0.060363 1.033202 0.155286
v -0.060363 1.033202 0.155286
v -0.042563 1.017998 0.148049
v -0.042563 1.017998 0.148049
v -0.041494 0.993612 0.150187
v -0.041494 0.993612 0.150187
v -0.057960 0.978407 0.160090
v -0.057960 0.978407 0.160090
v -0.079563 0.983834 0.170302
v -0.079563 0.983834 0.170302
v -0.090034 1.005805 0.173132
v -0.088286 1.005805 0.173042
v -0.078122 1.026446 0.170782
v -0.165804 1.053850 0.011111
v -0.177308 1.030488 0.013668
v -0.078122 1.026446 0.170782
v -0.057912 1.031544 0.160780
v -0.142930 1.059620 -0.000210
v -0.165804 1.053850 0.011111
v -0.057912 1.031544 0.160780
v -0.042874 1.017260 0.150566
v -0.125910 1.043453 -0.011770
v -0.142930 1.059620 -0.000210
v -0.042874 1.017260 0.150566
v -0.044333 0.994350 0.147832
v -0.127561 1.017523 -0.014864
v -0.125910 1.043453 -0.011770
v -0.044333 0.994350 0.147832
v -0.061189 0.980065 0.154637
v -0.146639 1.001355 -0.007162
v -0.127561 1.017523 -0.014864
v -0.061189 0.980065 0.154637
v -0.080750 0.985163 0.165856
v -0.168779 1.007125 0.005536
v -0.146639 1.001355 -0.007162
v -0.080750 0.985163 0.165856
v -0.088286 1.005805 0.173042
v -0.177308 1.030488 0.013668
v -0.168779 1.007125 0.005536
v -0.064781 1.005805 0.160499
v -0.088286 1.005805 0.173042
v -0.078122 1.026446 0.170782
v -0.078122 1.026446 0.170782
v -0.057912 1.031544 0.160780
v -0.057912 1.031544 0.160780
v -0.042874 1.017260 0.150566
v -0.042874 1.017260 0.150566
v -0.044333 0.994350 0.147832
v -0.044333 0.994350 0.147832
v -0.061189 0.980065 0.154637
v -0.061189 0.980065 0.154637
v -0.080750 0.985163 0.165856
v -0.080750 0.985163 0.165856
v -0.088286 1.005805 0.173042
v -0.150704 1.030488 -0.000527
v -0.177308 1.030488 0.013668
v -0.165804 1.053850 0.011111
v -0.165804 1.053850 0.011111
v -0.142930 1.059620 -0.000210
v -0.142930 1.059620 -0.000210
v -0.125910 1.043453 -0.011770
v -0.125910 1.043453 -0.011770
v -0.127561 1.017523 -0.014864
v -0.127561 1.017523 -0.014864
v -0.146639 1.001355 -0.007162
v -0.146639 1.001355 -0.007162
v -0.168779 1.007125 0.005536
v -0.168779 1.007125 0.005536
v -0.177308 1.030488 0.013668
v -0.177780 1.030488 0.018297
v -0.168462 1.056224 0.009950
v -0.266843 1.042749 -0.135739
v -0.275080 1.020000 -0.128361
v -0.168462 1.056224 0.009950
v -0.145771 1.062581 -0.006287
v -0.246787 1.048367 -0.150091
v -0.266843 1.042749 -0.135739
v -0.145771 1.062581 -0.006287
v -0.126796 1.044770 -0.018186
v -0.230014 1.032625 -0.160609
v -0.246787 1.048367 -0.150091
v -0.126796 1.044770 -0.018186
v -0.125824 1.016205 -0.016788
v -0.229155 1.007375 -0.159373
v -0.230014 1.032625 -0.160609
v -0.125824 1.016205 -0.016788
v -0.143587 0.998395 -0.003145
v -0.244857 0.991633 -0.147314
v -0.229155 1.007375 -0.159373
v -0.143587 0.998395 -0.003145
v -0.166710 1.004751 0.012469
v -0.265295 0.997251 -0.133513
v -0.244857 0.991633 -0.147314
v -0.166710 1.004751 0.012469
v -0.177780 1.030488 0.018297
v -0.275080 1.020000 -0.128361
v -0.265295 0.997251 -0.133513
v -0.150704 1.030488 -0.000527
v -0.177780 1.030488 0.018297
v -0.168462 1.056224 0.009950
v -0.168462 1.056224 0.009950
v -0.145771 1.062581 -0.006287
v -0.145771 1.062581 -0.006287
v -0.126796 1.044770 -0.018186
v -0.126796 1.044770 -0.018186
v -0.125824 1.016205 -0.016788
v -0.125824 1.016205 -0.016788
v -0.143587 0.998395 -0.003145
v -0.143587 0.998395 -0.003145
v -0.166710 1.004751 0.012469
v -0.166710 1.004751 0.012469
v -0.177780 1.030488 0.018297
v -0.251147 1.020000 -0.145000
v -0.275080 1.020000 -0.128361
v -0.266843 1.042749 -0.135739
v -0.266843 1.042749 -0.135739
v -0.246787 1.048367 -0.150091
v -0.246787 1.048367 -0.150091
v -0.230014 1.032625 -0.160609
v -0.230014 1.032625 -0.160609
v -0.229155 1.007375 -0.159373
v -0.229155 1.007375 -0.159373
v -0.244857 0.991633 -0.147314
v -0.244857 0.991633 -0.147314
v -0.265295 0.997251 -0.133513
v -0.265295 0.997251 -0.133513
v -0.275080 1.020000 -0.128361
v -0.247061 1.020000 -0.176043
v -0.249443 1.044465 -0.164466
v -0.062218 1.046557 -0.136209
v -0.060273 1.026579 -0.145662
v -0.249443 1.044465 -0.164466
v -0.253109 1.050507 -0.138231
v -0.065212 1.051491 -0.114786
v -0.062218 1.046557 -0.136209
v -0.253109 1.050507 -0.138231
v -0.255297 1.033577 -0.117093
v -0.066999 1.037666 -0.097525
v -0.065212 1.051491 -0.114786
v -0.255297 1.033577 -0.117093
v -0.254361 1.006423 -0.116970
v -0.066234 1.015493 -0.097425
v -0.066999 1.037666 -0.097525
v -0.254361 1.006423 -0.116970
v -0.251005 0.989493 -0.137954
v -0.063493 1.001668 -0.114560
v -0.066234 1.015493 -0.097425
v -0.251005 0.989493 -0.137954
v -0.247756 0.995535 -0.164244
v -0.060841 1.006602 -0.136027
v -0.063493 1.001668 -0.114560
v -0.247756 0.995535 -0.164244
v -0.247061 1.020000 -0.176043
v -0.060273 1.026579 -0.145662
v -0.060841 1.006602 -0.136027
v -0.251147 1.020000 -0.145000
v -0.247061 1.020000 -0.176043
v -0.249443 1.044465 -0.164466
v -0.249443 1.044465 -0.164466
v -0.253109 1.050507 -0.138231
v -0.253109 1.050507 -0.138231
v -0.255297 1.033577 -0.117093
v -0.255297 1.033577 -0.117093
v -0.254361 1.006423 -0.116970
v -0.254361 1.006423 -0.116970
v -0.251005 0.989493 -0.137954
v -0.251005 0.989493 -0.137954
v -0.247756 0.995535 -0.164244
v -0.247756 0.995535 -0.164244
v -0.247061 1.020000 -0.176043
v -0.063610 1.026579 -0.120313
v -0.060273 1.026579 -0.145662
v -0.062218 1.046557 -0.136209
v -0.062218 1.046557 -0.136209
v -0.065212 1.051491 -0.114786
v -0.065212 1.051491 -0.114786
v -0.066999 1.037666 -0.097525
v -0.066999 1.037666 -0.097525
v -0.066234 1.015493 -0.097425
v -0.066234 1.015493 -0.097425
v -0.063493 1.001668 -0.114560
v -0.063493 1.001668 -0.114560
v -0.060841 1.006602 -0.136027
v -0.060841 1.006602 -0.136027
v -0.060273 1.026579 -0.145662
v -0.067888 1.026579 -0.147271
v -0.064564 1.047849 -0.137393
v 0.079936 1.035739 -0.160179
v 0.076640 1.014646 -0.169976
v -0.064564 1.047849 -0.137393
v -0.060521 1.053102 -0.114654
v 0.083945 1.040949 -0.137629
v 0.079936 1.035739 -0.160179
v -0.060521 1.053102 -0.114654
v -0.058805 1.038383 -0.096177
v 0.085647 1.026352 -0.119304
v 0.083945 1.040949 -0.137629
v -0.058805 1.038383 -0.096177
v -0.060707 1.014776 -0.095875
v 0.083761 1.002940 -0.119005
v 0.085647 1.026352 -0.119304
v -0.060707 1.014776 -0.095875
v -0.064795 1.000057 -0.113976
v 0.079707 0.988343 -0.136956
v 0.083761 1.002940 -0.119005
v -0.064795 1.000057 -0.113976
v -0.067990 1.005310 -0.136849
v 0.076538 0.993553 -0.159640
v 0.079707 0.988343 -0.136956
v -0.067990 1.005310 -0.136849
v -0.067888 1.026579 -0.147271
v 0.076640 1.014646 -0.169976
v 0.076538 0.993553 -0.159640
v -0.063610 1.026579 -0.120313
v -0.067888 1.026579 -0.147271
v -0.064564 1.047849 -0.137393
v -0.064564 1.047849 -0.137393
v -0.060521 1.053102 -0.114654
v -0.060521 1.053102 -0.114654
v -0.058805 1.038383 -0.096177
v -0.058805 1.038383 -0.096177
v -0.060707 1.014776 -0.095875
v -0.060707 1.014776 -0.095875
v -0.064795 1.000057 -0.113976
v -0.064795 1.000057 -0.113976
v -0.067990 1.005310 -0.136849
v -0.067990 1.005310 -0.136849
v -0.067888 1.026579 -0.147271
v 0.080882 1.014646 -0.143241
v 0.076640 1.014646 -0.169976
v 0.079936 1.035739 -0.160179
v 0.079936 1.035739 -0.160179
v 0.083945 1.040949 -0.137629
v 0.083945 1.040949 -0.137629
v 0.085647 1.026352 -0.119304
v 0.085647 1.026352 -0.119304
v 0.083761 1.002940 -0.119005
v 0.083761 1.002940 -0.119005
v 0.079707 0.988343 -0.136956
v 0.079707 0.988343 -0.136956
v 0.076538 0.993553 -0.159640
v 0.076538 0.993553 -0.159640
v 0.076640 1.014646 -0.169976
v 0.080564 1.014646 -0.174055
v 0.079926 1.038727 -0.162446
v 0.250344 1.040255 -0.161153
v 0.250880 1.020000 -0.170918
v 0.079926 1.038727 -0.162446
v 0.080009 1.044674 -0.136375
v 0.250413 1.045257 -0.139224
v 0.250344 1.040255 -0.161153
v 0.080009 1.044674 -0.136375
v 0.080748 1.028010 -0.115474
v 0.251035 1.031240 -0.121645
v 0.250413 1.045257 -0.139224
v 0.080748 1.028010 -0.115474
v 0.081589 1.001282 -0.115483
v 0.251742 1.008760 -0.121652
v 0.251035 1.031240 -0.121645
v 0.081589 1.001282 -0.115483
v 0.081897 0.984618 -0.136394
v 0.252001 0.994743 -0.139241
v 0.251742 1.008760 -0.121652
v 0.081897 0.984618 -0.136394
v 0.081441 0.990565 -0.162461
v 0.251617 0.999745 -0.161166
v 0.252001 0.994743 -0.139241
v 0.081441 0.990565 -0.162461
v 0.080564 1.014646 -0.174055
v 0.250880 1.020000 -0.170918
v 0.251617 0.999745 -0.161166
v 0.080882 1.014646 -0.143241
v 0.080564 1.014646 -0.174055
v 0.079926 1.038727 -0.162446
v 0.079926 1.038727 -0.162446
v 0.080009 1.044674 -0.136375
v 0.080009 1.044674 -0.136375
v 0.080748 1.028010 -0.115474
v 0.080748 1.028010 -0.115474
v 0.081589 1.001282 -0.115483
v 0.081589 1.001282 -0.115483
v 0.081897 0.984618 -0.136394
v 0.081897 0.984618 -0.136394
v 0.081441 0.990565 -0.162461
v 0.081441 0.990565 -0.162461
v 0.080564 1.014646 -0.174055
v 0.251147 1.020000 -0.145000
v 0.250880 1.020000 -0.170918
v 0.250344 1.040255 -0.161153
v 0.250344 1.040255 -0.161153
v 0.250413 1.045257 -0.139224
v 0.250413 1.045257 -0.139224
v 0.251035 1.031240 -0.121645
v 0.251035 1.031240 -0.121645
v 0.251742 1.008760 -0.121652
v 0.251742 1.008760 -0.121652
v 0.252001 0.994743 -0.139241
v 0.252001 0.994743 -0.139241
v 0.251617 0.999745 -0.161166
v 0.251617 0.999745 -0.161166
v 0.250880 1.020000 -0.170918
v 0.275575 1.020000 -0.125755
v 0.266781 1.044305 -0.133512
v 0.166129 1.044795 -0.010605
v 0.173563 1.024252 -0.004048
v 0.266781 1.044305 -0.133512
v 0.246214 1.050308 -0.149920
v 0.148746 1.049868 -0.024473
v 0.166129 1.044795 -0.010605
v 0.246214 1.050308 -0.149920
v 0.229362 1.033488 -0.162623
v 0.134502 1.035652 -0.035210
v 0.148746 1.049868 -0.024473
v 0.229362 1.033488 -0.162623
v 0.228915 1.006512 -0.162056
v 0.134124 1.012851 -0.034730
v 0.134502 1.035652 -0.035210
v 0.228915 1.006512 -0.162056
v 0.245209 0.989692 -0.148645
v 0.147897 0.998635 -0.023395
v 0.134124 1.012851 -0.034730
v 0.245209 0.989692 -0.148645
v 0.265975 0.995695 -0.132489
v 0.165448 1.003709 -0.009740
v 0.147897 0.998635 -0.023395
v 0.265975 0.995695 -0.132489
v 0.275575 1.020000 -0.125755
v 0.173563 1.024252 -0.004048
v 0.165448 1.003709 -0.009740
v 0.251147 1.020000 -0.145000
v 0.275575 1.020000 -0.125755
v 0.266781 1.044305 -0.133512
v 0.266781 1.044305 -0.133512
v 0.246214 1.050308 -0.149920
v 0.246214 1.050308 -0.149920
v 0.229362 1.033488 -0.162623
v 0.229362 1.033488 -0.162623
v 0.228915 1.006512 -0.162056
v 0.228915 1.006512 -0.162056
v 0.245209 0.989692 -0.148645
v 0.245209 0.989692 -0.148645
v 0.265975 0.995695 -0.132489
v 0.265975 0.995695 -0.132489
v 0.275575 1.020000 -0.125755
v 0.152916 1.024252 -0.020315
v 0.173563 1.024252 -0.004048
v 0.166129 1.044795 -0.010605
v 0.166129 1.044795 -0.010605
v 0.148746 1.049868 -0.024473
v 0.148746 1.049868 -0.024473
v 0.134502 1.035652 -0.035210
v 0.134502 1.035652 -0.035210
v 0.134124 1.012851 -0.034730
v 0.134124 1.012851 -0.034730
v 0.147897 0.998635 -0.023395
v 0.147897 0.998635 -0.023395
v 0.165448 1.003709 -0.009740
v 0.165448 1.003709 -0.009740
v 0.173563 1.024252 -0.004048
v 0.184328 1.024252 -0.008523
v 0.172660 1.050481 -0.013385
v 0.101783 1.052468 0.172177
v 0.112814 1.027671 0.176773
v 0.172660 1.050481 -0.013385
v 0.146124 1.056959 -0.023466
v 0.076696 1.058592 0.162647
v 0.101783 1.052468 0.172177
v 0.146124 1.056959 -0.023466
v 0.124702 1.038808 -0.031173
v 0.056445 1.041432 0.155360
v 0.076696 1.058592 0.162647
v 0.124702 1.038808 -0.031173
v 0.124526 1.009696 -0.030704
v 0.056278 1.013911 0.155804
v 0.056445 1.041432 0.155360
v 0.124526 1.009696 -0.030704
v 0.145728 0.991545 -0.022411
v 0.076322 0.996751 0.163644
v 0.056278 1.013911 0.155804
v 0.145728 0.991545 -0.022411
v 0.172342 0.998023 -0.012540
v 0.101483 1.002875 0.172976
v 0.076322 0.996751 0.163644
v 0.172342 0.998023 -0.012540
v 0.184328 1.024252 -0.008523
v 0.112814 1.027671 0.176773
v 0.101483 1.002875 0.172976
v 0.152916 1.024252 -0.020315
v 0.184328 1.024252 -0.008523
v 0.172660 1.050481 -0.013385
v 0.172660 1.050481 -0.013385
v 0.146124 1.056959 -0.023466
v 0.146124 1.056959 -0.023466
v 0.124702 1.038808 -0.031173
v 0.124702 1.038808 -0.031173
v 0.124526 1.009696 -0.030704
v 0.124526 1.009696 -0.030704
v 0.145728 0.991545 -0.022411
v 0.145728 0.991545 -0.022411
v 0.172342 0.998023 -0.012540
v 0.172342 0.998023 -0.012540
v 0.184328 1.024252 -0.008523
v 0.083117 1.027671 0.165626
v 0.112814 1.027671 0.176773
v 0.101783 1.052468 0.172177
v 0.101783 1.052468 0.172177
v 0.076696 1.058592 0.162647
v 0.076696 1.058592 0.162647
v 0.056445 1.041432 0.155360
v 0.056445 1.041432 0.155360
v 0.056278 1.013911 0.155804
v 0.056278 1.013911 0.155804
v 0.076322 0.996751 0.163644
v 0.076322 0.996751 0.163644
v 0.101483 1.002875 0.172976
v 0.101483 1.002875 0.172976
v 0.112814 1.027671 0.176773
v 0.106590 1.027671 0.181313
v 0.097124 1.049715 0.176346
v 0.013900 1.041876 0.300639
v 0.023294 1.020000 0.305567
v 0.097124 1.049715 0.176346
v 0.077111 1.055160 0.163307
v -0.005961 1.047279 0.287699
v 0.013900 1.041876 0.300639
v 0.077111 1.055160 0.163307
v 0.061620 1.039905 0.152014
v -0.021333 1.032140 0.276492
v -0.005961 1.047279 0.287699
v 0.061620 1.039905 0.152014
v 0.062317 1.015438 0.150971
v -0.020641 1.007860 0.275457
v -0.021333 1.032140 0.276492
v 0.062317 1.015438 0.150971
v 0.078677 1.000183 0.160963
v -0.004406 0.992721 0.285373
v -0.020641 1.007860 0.275457
v 0.078677 1.000183 0.160963
v 0.098381 1.005627 0.174467
v 0.015147 0.998124 0.298773
v -0.004406 0.992721 0.285373
v 0.098381 1.005627 0.174467
v 0.106590 1.027671 0.181313
v 0.023294 1.020000 0.305567
v 0.015147 0.998124 0.298773
v 0.083117 1.027671 0.165626
v 0.106590 1.027671 0.181313
v 0.097124 1.049715 0.176346
v 0.097124 1.049715 0.176346
v 0.077111 1.055160 0.163307
v 0.077111 1.055160 0.163307
v 0.061620 1.039905 0.152014
v 0.061620 1.039905 0.152014
v 0.062317 1.015438 0.150971
v 0.062317 1.015438 0.150971
v 0.078677 1.000183 0.160963
v 0.078677 1.000183 0.160963
v 0.098381 1.005627 0.174467
v 0.098381 1.005627 0.174467
v 0.106590 1.027671 0.181313
v 0.000000 1.020000 0.290000
v 0.023294 1.020000 0.305567
v 0.013900 1.041876 0.300639
v 0.013900 1.041876 0.300639
v -0.005961 1.047279 0.287699
v -0.005961 1.047279 0.287699
v -0.021333 1.032140 0.276492
v -0.021333 1.032140 0.276492
v -0.020641 1.007860 0.275457
v -0.020641 1.007860 0.275457
v -0.004406 0.992721 0.285373
v -0.004406 0.992721 0.285373
v 0.015147 0.998124 0.298773
v 0.015147 0.998124 0.298773
v 0.023294 1.020000 0.305567
v 0.063000 1.580000 0.170000
v 0.054560 1.611500 0.170000
v 0.047631 1.607500 0.178000
v 0.055000 1.580000 0.178000
v 0.055000 1.580000 0.178000
v 0.047631 1.607500 0.178000
v 0.040703 1.603500 0.170000
v 0.047000 1.580000 0.170000
v 0.047000 1.580000 0.170000
v 0.040703 1.603500 0.170000
v 0.047631 1.607500 0.162000
v 0.055000 1.580000 0.162000
v 0.055000 1.580000 0.162000
v 0.047631 1.607500 0.162000
v 0.054560 1.611500 0.170000
v 0.063000 1.580000 0.170000
v 0.054560 1.611500 0.170000
v 0.031500 1.634560 0.170000
v 0.027500 1.627631 0.178000
v 0.047631 1.607500 0.178000
v 0.047631 1.607500 0.178000
v 0.027500 1.627631 0.178000
v 0.023500 1.620703 0.170000
v 0.040703 1.603500 0.170000
v 0.040703 1.603500 0.170000
v 0.023500 1.620703 0.170000
v 0.027500 1.627631 0.162000
v 0.047631 1.607500 0.162000
v 0.047631 1.607500 0.162000
v 0.027500 1.627631 0.162000
v 0.031500 1.634560 0.170000
v 0.054560 1.611500 0.170000
v 0.031500 1.634560 0.170000
v 0.000000 1.643000 0.170000
v 0.000000 1.635000 0.178000
v 0.027500 1.627631 0.178000
v 0.027500 1.627631 0.178000
v 0.000000 1.635000 0.178000
v 0.000000 1.627000 0.170000
v 0.023500 1.620703 0.170000
v 0.023500 1.620703 0.170000
v 0.000000 1.627000 0.170000
v 0.000000 1.635000 0.162000
v 0.027500 1.627631 0.162000
v 0.027500 1.627631 0.162000
v 0.000000 1.635000 0.162000
v 0.000000 1.643000 0.170000
v 0.031500 1.634560 0.170000
v 0.000000 1.643000 0.170000
v -0.031500 1.634560 0.170000
v -0.027500 1.627631 0.178000
v 0.000000 1.635000 0.178000
v 0.000000 1.635000 0.178000
v -0.027500 1.627631 0.178000
v -0.023500 1.620703 0.170000
v 0.000000 1.627000 0.170000
v 0.000000 1.627000 0.170000
v -0.023500 1.620703 0.170000
v -0.027500 1.627631 0.162000
v 0.000000 1.635000 0.162000
v 0.000000 1.635000 0.162000
v -0.027500 1.627631 0.162000
v -0.031500 1.634560 0.170000
v 0.000000 1.643000 0.170000
v -0.031500 1.634560 0.170000
v -0.054560 1.611500 0.170000
v -0.047631 1.607500 0.178000
v -0.027500 1.627631 0.178000
v -0.027500 1.627631 0.178000
v -0.047631 1.607500 0.178000
v -0.040703 1.603500 0.170000
v -0.023500 1.620703 0.170000
v -0.023500 1.620703 0.170000
v -0.040703 1.603500 0.170000
v -0.047631 1.607500 0.162000
v -0.027500 1.627631 0.162000
v -0.027500 1.627631 0.162000
v -0.047631 1.607500 0.162000
v -0.054560 1.611500 0.170000
v -0.031500 1.634560 0.170000
v -0.054560 1.611500 0.170000
v -0.063000 1.580000 0.170000
v -0.055000 1.580000 0.178000
v -0.047631 1.607500 0.178000
v -0.047631 1.607500 0.178000
v -0.055000 1.580000 0.178000
v -0.047000 1.580000 0.170000
v -0.040703 1.603500 0.170000
v -0.040703 1.603500 0.170000
v -0.047000 1.580000 0.170000
v -0.055000 1.580000 0.162000
v -0.047631 1.607500 0.162000
v -0.047631 1.607500 0.162000
v -0.055000 1.580000 0.162000
v -0.063000 1.580000 0.170000
v -0.054560 1.611500 0.170000
v -0.063000 1.580000 0.170000
v -0.054560 1.548500 0.170000
v -0.047631 1.552500 0.178000
v -0.055000 1.580000 0.178000
v -0.055000 1.580000 0.178000
v -0.047631 1.552500 0.178000
v -0.040703 1.556500 0.170000
v -0.047000 1.580000 0.170000
v -0.047000 1.580000 0.170000
v -0.040703 1.556500 0.170000
v -0.047631 1.552500 0.162000
v -0.055000 1.580000 0.162000
v -0.055000 1.580000 0.162000
v -0.047631 1.552500 0.162000
v -0.054560 1.548500 0.170000
v -0.063000 1.580000 0.170000
v -0.054560 1.548500 0.170000
v -0.031500 1.525440 0.170000
v -0.027500 1.532369 0.178000
v -0.047631 1.552500 0.178000
v -0.047631 1.552500 0.178000
v -0.027500 1.532369 0.178000
v -0.023500 1.539297 0.170000
v -0.040703 1.556500 0.170000
v -0.040703 1.556500 0.170000
v -0.023500 1.539297 0.170000
v -0.027500 1.532369 0.162000
v -0.047631 1.552500 0.162000
v -0.047631 1.552500 0.162000
v -0.027500 1.532369 0.162000
v -0.031500 1.525440 0.170000
v -0.054560 1.548500 0.170000
v -0.031500 1.525440 0.170000
v -0.000000 1.517000 0.170000
v 0.000000 1.525000 0.178000
v -0.027500 1.532369 0.178000
v -0.027500 1.532369 0.178000
v 0.000000 1.525000 0.178000
v 0.000000 1.533000 0.170000
v -0.023500 1.539297 0.170000
v -0.023500 1.539297 0.170000
v 0.000000 1.533000 0.170000
v 0.000000 1.525000 0.162000
v -0.027500 1.532369 0.162000
v -0.027500 1.532369 0.162000
v 0.000000 1.525000 0.162000
v -0.000000 1.517000 0.170000
v -0.031500 1.525440 0.170000
v -0.000000 1.517000 0.170000
v 0.031500 1.525440 0.170000
v 0.027500 1.532369 0.178000
v 0.000000 1.525000 0.178000
v 0.000000 1.525000 0.178000
v 0.027500 1.532369 0.178000
v 0.023500 1.539297 0.170000
v 0.000000 1.533000 0.170000
v 0.000000 1.533000 0.170000
v 0.023500 1.539297 0.170000
v 0.027500 1.532369 0.162000
v 0.000000 1.525000 0.162000
v 0.000000 1.525000 0.162000
v 0.027500 1.532369 0.162000
v 0.031500 1.525440 0.170000
v -0.000000 1.517000 0.170000
v 0.031500 1.525440 0.170000
v 0.054560 1.548500 0.170000
v 0.047631 1.552500 0.178000
v 0.027500 1.532369 0.178000
v 0.027500 1.532369 0.178000
v 0.047631 1.552500 0.178000
v 0.040703 1.556500 0.170000
v 0.023500 1.539297 0.170000
v 0.023500 1.539297 0.170000
v 0.040703 1.556500 0.170000
v 0.047631 1.552500 0.162000
v 0.027500 1.532369 0.162000
v 0.027500 1.532369 0.162000
v 0.047631 1.552500 0.162000
v 0.054560 1.548500 0.170000
v 0.031500 1.525440 0.170000
v 0.054560 1.548500 0.170000
v 0.063000 1.580000 0.170000
v 0.055000 1.580000 0.178000
v 0.047631 1.552500 0.178000
v 0.047631 1.552500 0.178000
v 0.055000 1.580000 0.178000
v 0.047000 1.580000 0.170000
v 0.040703 1.556500 0.170000
v 0.040703 1.556500 0.170000
v 0.047000 1.580000 0.170000
v 0.055000 1.580000 0.162000
v 0.047631 1.552500 0.162000
v 0.047631 1.552500 0.162000
v 0.055000 1.580000 0.162000
v 0.063000 1.580000 0.170000
v 0.054560 1.548500 0.170000
v -0.084224 1.580000 -0.085000
v -0.092665 1.611500 -0.085000
v -0.099593 1.607500 -0.077000
v -0.092224 1.580000 -0.077000
v -0.092224 1.580000 -0.077000
v -0.099593 1.607500 -0.077000
v -0.106521 1.603500 -0.085000
v -0.100224 1.580000 -0.085000
v -0.100224 1.580000 -0.085000
v -0.106521 1.603500 -0.085000
v -0.099593 1.607500 -0.093000
v -0.092224 1.580000 -0.093000
v -0.092224 1.580000 -0.093000
v -0.099593 1.607500 -0.093000
v -0.092665 1.611500 -0.085000
v -0.084224 1.580000 -0.085000
v -0.092665 1.611500 -0.085000
v -0.115724 1.634560 -0.085000
v -0.119724 1.627631 -0.077000
v -0.099593 1.607500 -0.077000
v -0.099593 1.607500 -0.077000
v -0.119724 1.627631 -0.077000
v -0.123724 1.620703 -0.085000
v -0.106521 1.603500 -0.085000
v -0.106521 1.603500 -0.085000
v -0.123724 1.620703 -0.085000
v -0.119724 1.627631 -0.093000
v -0.099593 1.607500 -0.093000
v -0.099593 1.607500 -0.093000
v -0.119724 1.627631 -0.093000
v -0.115724 1.634560 -0.085000
v -0.092665 1.611500 -0.085000
v -0.115724 1.634560 -0.085000
v -0.147224 1.643000 -0.085000
v -0.147224 1.635000 -0.077000
v -0.119724 1.627631 -0.077000
v -0.119724 1.627631 -0.077000
v -0.147224 1.635000 -0.077000
v -0.147224 1.627000 -0.085000
v -0.123724 1.620703 -0.085000
v -0.123724 1.620703 -0.085000
v -0.147224 1.627000 -0.085000
v -0.147224 1.635000 -0.093000
v -0.119724 1.627631 -0.093000
v -0.119724 1.627631 -0.093000
v -0.147224 1.635000 -0.093000
v -0.147224 1.643000 -0.085000
v -0.115724 1.634560 -0.085000
v -0.147224 1.643000 -0.085000
v -0.178724 1.634560 -0.085000
v -0.174724 1.627631 -0.077000
v -0.147224 1.635000 -0.077000
v -0.147224 1.635000 -0.077000
v -0.174724 1.627631 -0.077000
v -0.170724 1.620703 -0.085000
v -0.147224 1.627000 -0.085000
v -0.147224 1.627000 -0.085000
v -0.170724 1.620703 -0.085000
v -0.174724 1.627631 -0.093000
v -0.147224 1.635000 -0.093000
v -0.147224 1.635000 -0.093000
v -0.174724 1.627631 -0.093000
v -0.178724 1.634560 -0.085000
v -0.147224 1.643000 -0.085000
v -0.178724 1.634560 -0.085000
v -0.201784 1.611500 -0.085000
v -0.194856 1.607500 -0.077000
v -0.174724 1.627631 -0.077000
v -0.174724 1.627631 -0.077000
v -0.194856 1.607500 -0.077000
v -0.187928 1.603500 -0.085000
v -0.170724 1.620703 -0.085000
v -0.170724 1.620703 -0.085000
v -0.187928 1.603500 -0.085000
v -0.194856 1.607500 -0.093000
v -0.174724 1.627631 -0.093000
v -0.174724 1.627631 -0.093000
v -0.194856 1.607500 -0.093000
v -0.201784 1.611500 -0.085000
v -0.178724 1.634560 -0.085000
v -0.201784 1.611500 -0.085000
v -0.210224 1.580000 -0.085000
v -0.202224 1.580000 -0.077000
v -0.194856 1.607500 -0.077000
v -0.194856 1.607500 -0.077000
v -0.202224 1.580000 -0.077000
v -0.194224 1.580000 -0.085000
v -0.187928 1.603500 -0.085000
v -0.187928 1.603500 -0.085000
v -0.194224 1.580000 -0.085000
v -0.202224 1.580000 -0.093000
v -0.194856 1.607500 -0.093000
v -0.194856 1.607500 -0.093000
v -0.202224 1.580000 -0.093000
v -0.210224 1.580000 -0.085000
v -0.201784 1.611500 -0.085000
v -0.210224 1.580000 -0.085000
v -0.201784 1.548500 -0.085000
v -0.194856 1.552500 -0.077000
v -0.202224 1.580000 -0.077000
v -0.202224 1.580000 -0.077000
v -0.194856 1.552500 -0.077000
v -0.187928 1.556500 -0.085000
v -0.194224 1.580000 -0.085000
v -0.194224 1.580000 -0.085000
v -0.187928 1.556500 -0.085000
v -0.194856 1.552500 -0.093000
v -0.202224 1.580000 -0.093000
v -0.202224 1.580000 -0.093000
v -0.194856 1.552500 -0.093000
v -0.201784 1.548500 -0.085000
v -0.210224 1.580000 -0.085000
v -0.201784 1.548500 -0.085000
v -0.178724 1.525440 -0.085000
v -0.174724 1.532369 -0.077000
v -0.194856 1.552500 -0.077000
v -0.194856 1.552500 -0.077000
v -0.174724 1.532369 -0.077000
v -0.170724 1.539297 -0.085000
v -0.187928 1.556500 -0.085000
v -0.187928 1.556500 -0.085000
v -0.170724 1.539297 -0.085000
v -0.174724 1.532369 -0.093000
v -0.194856 1.552500 -0.093000
v -0.194856 1.552500 -0.093000
v -0.174724 1.532369 -0.093000
v -0.178724 1.525440 -0.085000
v -0.201784 1.548500 -0.085000
v -0.178724 1.525440 -0.085000
v -0.147224 1.517000 -0.085000
v -0.147224 1.525000 -0.077000
v -0.174724 1.532369 -0.077000
v -0.174724 1.532369 -0.077000
v -0.147224 1.525000 -0.077000
v -0.147224 1.533000 -0.085000
v -0.170724 1.539297 -0.085000
v -0.170724 1.539297 -0.085000
v -0.147224 1.533000 -0.085000
v -0.147224 1.525000 -0.093000
v -0.174724 1.532369 -0.093000
v -0.174724 1.532369 -0.093000
v -0.147224 1.525000 -0.093000
v -0.147224 1.517000 -0.085000
v -0.178724 1.525440 -0.085000
v -0.147224 1.517000 -0.085000
v -0.115724 1.525440 -0.085000
v -0.119724 1.532369 -0.077000
v -0.147224 1.525000 -0.077000
v -0.147224 1.525000 -0.077000
v -0.119724 1.532369 -0.077000
v -0.123724 1.539297 -0.085000
v -0.147224 1.533000 -0.085000
v -0.147224 1.533000 -0.085000
v -0.123724 1.539297 -0.085000
v -0.119724 1.532369 -0.093000
v -0.147224 1.525000 -0.093000
v -0.147224 1.525000 -0.093000
v -0.119724 1.532369 -0.093000
v -0.115724 1.525440 -0.085000
v -0.147224 1.517000 -0.085000
v -0.115724 1.525440 -0.085000
v -0.092665 1.548500 -0.085000
v -0.099593 1.552500 -0.077000
v -0.119724 1.532369 -0.077000
v -0.119724 1.532369 -0.077000
v -0.099593 1.552500 -0.077000
v -0.106521 1.556500 -0.085000
v -0.123724 1.539297 -0.085000
v -0.123724 1.539297 -0.085000
v -0.106521 1.556500 -0.085000
v -0.099593 1.552500 -0.093000
v -0.119724 1.532369 -0.093000
v -0.119724 1.532369 -0.093000
v -0.099593 1.552500 -0.093000
v -0.092665 1.548500 -0.085000
v -0.115724 1.525440 -0.085000
v -0.092665 1.548500 -0.085000
v -0.084224 1.580000 -0.085000
v -0.092224 1.580000 -0.077000
v -0.099593 1.552500 -0.077000
v -0.099593 1.552500 -0.077000
v -0.092224 1.580000 -0.077000
v -0.100224 1.580000 -0.085000
v -0.106521 1.556500 -0.085000
v -0.106521 1.556500 -0.085000
v -0.100224 1.580000 -0.085000
v -0.092224 1.580000 -0.093000
v -0.099593 1.552500 -0.093000
v -0.099593 1.552500 -0.093000
v -0.092224 1.580000 -0.093000
v -0.084224 1.580000 -0.085000
v -0.092665 1.548500 -0.085000
v 0.210224 1.580000 -0.085000
v 0.201784 1.611500 -0.085000
v 0.194856 1.607500 -0.077000
v 0.202224 1.580000 -0.077000
v 0.202224 1.580000 -0.077000
v 0.194856 1.607500 -0.077000
v 0.187928 1.603500 -0.085000
v 0.194224 1.580000 -0.085000
v 0.194224 1.580000 -0.085000
v 0.187928 1.603500 -0.085000
v 0.194856 1.607500 -0.093000
v 0.202224 1.580000 -0.093000
v 0.202224 1.580000 -0.093000
v 0.194856 1.607500 -0.093000
v 0.201784 1.611500 -0.085000
v 0.210224 1.580000 -0.085000
v 0.201784 1.611500 -0.085000
v 0.178724 1.634560 -0.085000
v 0.174724 1.627631 -0.077000
v 0.194856 1.607500 -0.077000
v 0.194856 1.607500 -0.077000
v 0.174724 1.627631 -0.077000
v 0.170724 1.620703 -0.085000
v 0.187928 1.603500 -0.085000
v 0.187928 1.603500 -0.085000
v 0.170724 1.620703 -0.085000
v 0.174724 1.627631 -0.093000
v 0.194856 1.607500 -0.093000
v 0.194856 1.607500 -0.093000
v 0.174724 1.627631 -0.093000
v 0.178724 1.634560 -0.085000
v 0.201784 1.611500 -0.085000
v 0.178724 1.634560 -0.085000
v 0.147224 1.643000 -0.085000
v 0.147224 1.635000 -0.077000
v 0.174724 1.627631 -0.077000
v 0.174724 1.627631 -0.077000
v 0.147224 1.635000 -0.077000
v 0.147224 1.627000 -0.085000
v 0.170724 1.620703 -0.085000
v 0.170724 1.620703 -0.085000
v 0.147224 1.627000 -0.085000
v 0.147224 1.635000 -0.093000
v 0.174724 1.627631 -0.093000
v 0.174724 1.627631 -0.093000
v 0.147224 1.635000 -0.093000
v 0.147224 1.643000 -0.085000
v 0.178724 1.634560 -0.085000
v 0.147224 1.643000 -0.085000
v 0.115724 1.634560 -0.085000
v 0.119724 1.627631 -0.077000
v 0.147224 1.635000 -0.077000
v 0.147224 1.635000 -0.077000
v 0.119724 1.627631 -0.077000
v 0.123724 1.620703 -0.085000
v 0.147224 1.627000 -0.085000
v 0.147224 1.627000 -0.085000
v 0.123724 1.620703 -0.085000
v 0.119724 1.627631 -0.093000
v 0.147224 1.635000 -0.093000
v 0.147224 1.635000 -0.093000
v 0.119724 1.627631 -0.093000
v 0.115724 1.634560 -0.085000
v 0.147224 1.643000 -0.085000
v 0.115724 1.634560 -0.085000
v 0.092665 1.611500 -0.085000
v 0.099593 1.607500 -0.077000
v 0.119724 1.627631 -0.077000
v 0.119724 1.627631 -0.077000
v 0.099593 1.607500 -0.077000
v 0.106521 1.603500 -0.085000
v 0.123724 1.620703 -0.085000
v 0.123724 1.620703 -0.085000
v 0.106521 1.603500 -0.085000
v 0.099593 1.607500 -0.093000
v 0.119724 1.627631 -0.093000
v 0.119724 1.627631 -0.093000
v 0.099593 1.607500 -0.093000
v 0.092665 1.611500 -0.085000
v 0.115724 1.634560 -0.085000
v 0.092665 1.611500 -0.085000
v 0.084224 1.580000 -0.085000
v 0.092224 1.580000 -0.077000
v 0.099593 1.607500 -0.077000
v 0.099593 1.607500 -0.077000
v 0.092224 1.580000 -0.077000
v 0.100224 1.580000 -0.085000
v 0.106521 1.603500 -0.085000
v 0.106521 1.603500 -0.085000
v 0.100224 1.580000 -0.085000
v 0.092224 1.580000 -0.093000
v 0.099593 1.607500 -0.093000
v 0.099593 1.607500 -0.093000
v 0.092224 1.580000 -0.093000
v 0.084224 1.580000 -0.085000
v 0.092665 1.611500 -0.085000
v 0.084224 1.580000 -0.085000
v 0.092665 1.548500 -0.085000
v 0.099593 1.552500 -0.077000
v 0.092224 1.580000 -0.077000
v 0.092224 1.580000 -0.077000
v 0.099593 1.552500 -0.077000
v 0.106521 1.556500 -0.085000
v 0.100224 1.580000 -0.085000
v 0.100224 1.580000 -0.085000
v 0.106521 1.556500 -0.085000
v 0.099593 1.552500 -0.093000
v 0.092224 1.580000 -0.093000
v 0.092224 1.580000 -0.093000
v 0.099593 1.552500 -0.093000
v 0.092665 1.548500 -0.085000
v 0.084224 1.580000 -0.085000
v 0.092665 1.548500 -0.085000
v 0.115724 1.525440 -0.085000
v 0.119724 1.532369 -0.077000
v 0.099593 1.552500 -0.077000
v 0.099593 1.552500 -0.077000
v 0.119724 1.532369 -0.077000
v 0.123724 1.539297 -0.085000
v 0.106521 1.556500 -0.085000
v 0.106521 1.556500 -0.085000
v 0.123724 1.539297 -0.085000
v 0.119724 1.532369 -0.093000
v 0.099593 1.552500 -0.093000
v 0.099593 1.552500 -0.093000
v 0.119724 1.532369 -0.093000
v 0.115724 1.525440 -0.085000
v 0.092665 1.548500 -0.085000
v 0.115724 1.525440 -0.085000
v 0.147224 1.517000 -0.085000
v 0.147224 1.525000 -0.077000
v 0.119724 1.532369 -0.077000
v 0.119724 1.532369 -0.077000
v 0.147224 1.525000 -0.077000
v 0.147224 1.533000 -0.085000
v 0.123724 1.539297 -0.085000
v 0.123724 1.539297 -0.085000
v 0.147224 1.533000 -0.085000
v 0.147224 1.525000 -0.093000
v 0.119724 1.532369 -0.093000
v 0.119724 1.532369 -0.093000
v 0.147224 1.525000 -0.093000
v 0.147224 1.517000 -0.085000
v 0.115724 1.525440 -0.085000
v 0.147224 1.517000 -0.085000
v 0.178724 1.525440 -0.085000
v 0.174724 1.532369 -0.077000
v 0.147224 1.525000 -0.077000
v 0.147224 1.525000 -0.077000
v 0.174724 1.532369 -0.077000
v 0.170724 1.539297 -0.085000
v 0.147224 1.533000 -0.085000
v 0.147224 1.533000 -0.085000
v 0.170724 1.539297 -0.085000
v 0.174724 1.532369 -0.093000
v 0.147224 1.525000 -0.093000
v 0.147224 1.525000 -0.093000
v 0.174724 1.532369 -0.093000
v 0.178724 1.525440 -0.085000
v 0.147224 1.517000 -0.085000
v 0.178724 1.525440 -0.085000
v 0.201784 1.548500 -0.085000
v 0.194856 1.552500 -0.077000
v 0.174724 1.532369 -0.077000
v 0.174724 1.532369 -0.077000
v 0.194856 1.552500 -0.077000
v 0.187928 1.556500 -0.085000
v 0.170724 1.539297 -0.085000
v 0.170724 1.539297 -0.085000
v 0.187928 1.556500 -0.085000
v 0.194856 1.552500 -0.093000
v 0.174724 1.532369 -0.093000
v 0.174724 1.532369 -0.093000
v 0.194856 1.552500 -0.093000
v 0.201784 1.548500 -0.085000
v 0.178724 1.525440 -0.085000
v 0.201784 1.548500 -0.085000
v 0.210224 1.580000 -0.085000
v 0.202224 1.580000 -0.077000
v 0.194856 1.552500 -0.077000
v 0.194856 1.552500 -0.077000
v 0.202224 1.580000 -0.077000
v 0.194224 1.580000 -0.085000
v 0.187928 1.556500 -0.085000
v 0.187928 1.556500 -0.085000
v 0.194224 1.580000 -0.085000
v 0.202224 1.580000 -0.093000
v 0.194856 1.552500 -0.093000
v 0.194856 1.552500 -0.093000
v 0.202224 1.580000 -0.093000
v 0.210224 1.580000 -0.085000
v 0.201784 1.548500 -0.085000
v -0.248919 1.430000 -0.301702
v -0.260617 1.454337 -0.300980
v -0.239925 1.457952 0.009100
v -0.225993 1.428968 0.008241
v -0.260617 1.454337 -0.300980
v -0.286911 1.460347 -0.299521
v -0.271240 1.465110 0.010839
v -0.239925 1.457952 0.009100
v -0.286911 1.460347 -0.299521
v -0.308001 1.443506 -0.298422
v -0.296357 1.445053 0.012148
v -0.271240 1.465110 0.010839
v -0.308001 1.443506 -0.298422
v -0.308006 1.416494 -0.298511
v -0.296363 1.412883 0.012041
v -0.296357 1.445053 0.012148
v -0.308006 1.416494 -0.298511
v -0.286922 1.399653 -0.299722
v -0.271253 1.392825 0.010599
v -0.296363 1.412883 0.012041
v -0.286922 1.399653 -0.299722
v -0.260626 1.405663 -0.301142
v -0.239935 1.399984 0.008908
v -0.271253 1.392825 0.010599
v -0.260626 1.405663 -0.301142
v -0.248919 1.430000 -0.301702
v -0.225993 1.428968 0.008241
v -0.239935 1.399984 0.008908
v -0.280000 1.430000 -0.300000
v -0.248919 1.430000 -0.301702
v -0.260617 1.454337 -0.300980
v -0.260617 1.454337 -0.300980
v -0.286911 1.460347 -0.299521
v -0.286911 1.460347 -0.299521
v -0.308001 1.443506 -0.298422
v -0.308001 1.443506 -0.298422
v -0.308006 1.416494 -0.298511
v -0.308006 1.416494 -0.298511
v -0.286922 1.399653 -0.299722
v -0.286922 1.399653 -0.299722
v -0.260626 1.405663 -0.301142
v -0.260626 1.405663 -0.301142
v -0.248919 1.430000 -0.301702
v -0.263009 1.428968 0.010268
v -0.225993 1.428968 0.008241
v -0.239925 1.457952 0.009100
v -0.239925 1.457952 0.009100
v -0.271240 1.465110 0.010839
v -0.271240 1.465110 0.010839
v -0.296357 1.445053 0.012148
v -0.296357 1.445053 0.012148
v -0.296363 1.412883 0.012041
v -0.296363 1.412883 0.012041
v -0.271253 1.392825 0.010599
v -0.271253 1.392825 0.010599
v -0.239935 1.399984 0.008908
v -0.239935 1.399984 0.008908
v -0.225993 1.428968 0.008241
v -0.228664 1.428968 0.012282
v -0.241590 1.455866 0.011428
v -0.258209 1.457364 0.301180
v -0.245060 1.430000 0.302049
v -0.241590 1.455866 0.011428
v -0.270645 1.462509 0.009701
v -0.287768 1.464123 0.299423
v -0.258209 1.457364 0.301180
v -0.270645 1.462509 0.009701
v -0.293950 1.443895 0.008400
v -0.311477 1.445186 0.298100
v -0.287768 1.464123 0.299423
v -0.293950 1.443895 0.008400
v -0.293956 1.414040 0.008506
v -0.311483 1.414814 0.298208
v -0.311477 1.445186 0.298100
v -0.293956 1.414040 0.008506
v -0.270659 1.395426 0.009939
v -0.287782 1.395877 0.299665
v -0.311483 1.414814 0.298208
v -0.270659 1.395426 0.009939
v -0.241601 1.402070 0.011619
v -0.258221 1.402636 0.301375
v -0.287782 1.395877 0.299665
v -0.241601 1.402070 0.011619
v -0.228664 1.428968 0.012282
v -0.245060 1.430000 0.302049
v -0.258221 1.402636 0.301375
v -0.263009 1.428968 0.010268
v -0.228664 1.428968 0.012282
v -0.241590 1.455866 0.011428
v -0.241590 1.455866 0.011428
v -0.270645 1.462509 0.009701
v -0.270645 1.462509 0.009701
v -0.293950 1.443895 0.008400
v -0.293950 1.443895 0.008400
v -0.293956 1.414040 0.008506
v -0.293956 1.414040 0.008506
v -0.270659 1.395426 0.009939
v -0.270659 1.395426 0.009939
v -0.241601 1.402070 0.011619
v -0.241601 1.402070 0.011619
v -0.228664 1.428968 0.012282
v -0.280000 1.430000 0.300000
v -0.245060 1.430000 0.302049
v -0.258209 1.457364 0.301180
v -0.258209 1.457364 0.301180
v -0.287768 1.464123 0.299423
v -0.287768 1.464123 0.299423
v -0.311477 1.445186 0.298100
v -0.311477 1.445186 0.298100
v -0.311483 1.414814 0.298208
v -0.311483 1.414814 0.298208
v -0.287782 1.395877 0.299665
v -0.287782 1.395877 0.299665
v -0.258221 1.402636 0.301375
v -0.258221 1.402636 0.301375
v -0.245060 1.430000 0.302049
v -0.109072 1.430000 -0.300060
v -0.120718 1.454176 -0.300509
v -0.119684 1.460878 0.015326
v -0.107781 1.436168 0.015786
v -0.120718 1.454176 -0.300509
v -0.146883 1.460147 -0.300575
v -0.146428 1.466981 0.015259
v -0.119684 1.460878 0.015326
v -0.146883 1.460147 -0.300575
v -0.167866 1.443417 -0.300208
v -0.167874 1.449881 0.015634
v -0.146428 1.466981 0.015259
v -0.167866 1.443417 -0.300208
v -0.167865 1.416583 -0.299684
v -0.167873 1.422455 0.016169
v -0.167874 1.449881 0.015634
v -0.167865 1.416583 -0.299684
v -0.146881 1.399853 -0.299398
v -0.146425 1.405355 0.016462
v -0.167873 1.422455 0.016169
v -0.146881 1.399853 -0.299398
v -0.120716 1.405824 -0.299565
v -0.119682 1.411458 0.016292
v -0.146425 1.405355 0.016462
v -0.120716 1.405824 -0.299565
v -0.109072 1.430000 -0.300060
v -0.107781 1.436168 0.015786
v -0.119682 1.411458 0.016292
v -0.140000 1.430000 -0.300000
v -0.109072 1.430000 -0.300060
v -0.120718 1.454176 -0.300509
v -0.120718 1.454176 -0.300509
v -0.146883 1.460147 -0.300575
v -0.146883 1.460147 -0.300575
v -0.167866 1.443417 -0.300208
v -0.167866 1.443417 -0.300208
v -0.167865 1.416583 -0.299684
v -0.167865 1.416583 -0.299684
v -0.146881 1.399853 -0.299398
v -0.146881 1.399853 -0.299398
v -0.120716 1.405824 -0.299565
v -0.120716 1.405824 -0.299565
v -0.109072 1.430000 -0.300060
v -0.139392 1.436168 0.015847
v -0.107781 1.436168 0.015786
v -0.119684 1.460878 0.015326
v -0.119684 1.460878 0.015326
v -0.146428 1.466981 0.015259
v -0.146428 1.466981 0.015259
v -0.167874 1.449881 0.015634
v -0.167874 1.449881 0.015634
v -0.167873 1.422455 0.016169
v -0.167873 1.422455 0.016169
v -0.146425 1.405355 0.016462
v -0.146425 1.405355 0.016462
v -0.119682 1.411458 0.016292
v -0.119682 1.411458 0.016292
v -0.107781 1.436168 0.015786
v -0.100218 1.436168 0.015931
v -0.114969 1.466788 0.016564
v -0.119409 1.455816 0.300604
v -0.106973 1.430000 0.300071
v -0.114969 1.466788 0.016564
v -0.148111 1.474351 0.016657
v -0.147351 1.462192 0.300683
v -0.119409 1.455816 0.300604
v -0.148111 1.474351 0.016657
v -0.174688 1.453161 0.016140
v -0.169757 1.444327 0.300247
v -0.147351 1.462192 0.300683
v -0.174688 1.453161 0.016140
v -0.174686 1.419175 0.015403
v -0.169756 1.415673 0.299625
v -0.169757 1.444327 0.300247
v -0.174686 1.419175 0.015403
v -0.148108 1.397985 0.014999
v -0.147348 1.397808 0.299286
v -0.169756 1.415673 0.299625
v -0.148108 1.397985 0.014999
v -0.114966 1.405548 0.015234
v -0.119407 1.404184 0.299484
v -0.147348 1.397808 0.299286
v -0.114966 1.405548 0.015234
v -0.100218 1.436168 0.015931
v -0.106973 1.430000 0.300071
v -0.119407 1.404184 0.299484
v -0.139392 1.436168 0.015847
v -0.100218 1.436168 0.015931
v -0.114969 1.466788 0.016564
v -0.114969 1.466788 0.016564
v -0.148111 1.474351 0.016657
v -0.148111 1.474351 0.016657
v -0.174688 1.453161 0.016140
v -0.174688 1.453161 0.016140
v -0.174686 1.419175 0.015403
v -0.174686 1.419175 0.015403
v -0.148108 1.397985 0.014999
v -0.148108 1.397985 0.014999
v -0.114966 1.405548 0.015234
v -0.114966 1.405548 0.015234
v -0.100218 1.436168 0.015931
v -0.140000 1.430000 0.300000
v -0.106973 1.430000 0.300071
v -0.119409 1.455816 0.300604
v -0.119409 1.455816 0.300604
v -0.147351 1.462192 0.300683
v -0.147351 1.462192 0.300683
v -0.169757 1.444327 0.300247
v -0.169757 1.444327 0.300247
v -0.169756 1.415673 0.299625
v -0.169756 1.415673 0.299625
v -0.147348 1.397808 0.299286
v -0.147348 1.397808 0.299286
v -0.119407 1.404184 0.299484
v -0.119407 1.404184 0.299484
v -0.106973 1.430000 0.300071
v 0.036993 1.430000 -0.297049
v 0.022947 1.458976 -0.296690
v -0.001863 1.442563 0.003221
v 0.011649 1.414687 0.002876
v 0.022947 1.458976 -0.296690
v -0.008378 1.466133 -0.298824
v -0.031998 1.449447 0.001168
v -0.001863 1.442563 0.003221
v -0.008378 1.466133 -0.298824
v -0.033394 1.446081 -0.301844
v -0.056064 1.430157 -0.001737
v -0.031998 1.449447 0.001168
v -0.033394 1.446081 -0.301844
v -0.033264 1.413919 -0.303475
v -0.055939 1.399217 -0.003306
v -0.056064 1.430157 -0.001737
v -0.033264 1.413919 -0.303475
v -0.008085 1.393867 -0.302489
v -0.031717 1.379927 -0.002358
v -0.055939 1.399217 -0.003306
v -0.008085 1.393867 -0.302489
v 0.023182 1.401024 -0.299629
v -0.001637 1.386811 0.000394
v -0.031717 1.379927 -0.002358
v 0.023182 1.401024 -0.299629
v 0.036993 1.430000 -0.297049
v 0.011649 1.414687 0.002876
v -0.001637 1.386811 0.000394
v 0.000000 1.430000 -0.300000
v 0.036993 1.430000 -0.297049
v 0.022947 1.458976 -0.296690
v 0.022947 1.458976 -0.296690
v -0.008378 1.466133 -0.298824
v -0.008378 1.466133 -0.298824
v -0.033394 1.446081 -0.301844
v -0.033394 1.446081 -0.301844
v -0.033264 1.413919 -0.303475
v -0.033264 1.413919 -0.303475
v -0.008085 1.393867 -0.302489
v -0.008085 1.393867 -0.302489
v 0.023182 1.401024 -0.299629
v 0.023182 1.401024 -0.299629
v 0.036993 1.430000 -0.297049
v -0.023938 1.414687 0.000037
v 0.011649 1.414687 0.002876
v -0.001863 1.442563 0.003221
v -0.001863 1.442563 0.003221
v -0.031998 1.449447 0.001168
v -0.031998 1.449447 0.001168
v -0.056064 1.430157 -0.001737
v -0.056064 1.430157 -0.001737
v -0.055939 1.399217 -0.003306
v -0.055939 1.399217 -0.003306
v -0.031717 1.379927 -0.002358
v -0.031717 1.379927 -0.002358
v -0.001637 1.386811 0.000394
v -0.001637 1.386811 0.000394
v 0.011649 1.414687 0.002876
v 0.012636 1.414687 -0.002882
v -0.001251 1.443336 -0.003236
v 0.019491 1.454612 0.297188
v 0.031421 1.430000 0.297492
v -0.001251 1.443336 -0.003236
v -0.032222 1.450411 -0.001126
v -0.007116 1.460691 0.299001
v 0.019491 1.454612 0.297188
v -0.032222 1.450411 -0.001126
v -0.056955 1.430586 0.001860
v -0.028365 1.443659 0.301566
v -0.007116 1.460691 0.299001
v -0.056955 1.430586 0.001860
v -0.056826 1.398788 0.003473
v -0.028254 1.416341 0.302952
v -0.028365 1.443659 0.301566
v -0.056826 1.398788 0.003473
v -0.031932 1.378963 0.002499
v -0.006868 1.399309 0.302115
v -0.028254 1.416341 0.302952
v -0.031932 1.378963 0.002499
v -0.001019 1.386038 -0.000329
v 0.019691 1.405388 0.299685
v -0.006868 1.399309 0.302115
v -0.001019 1.386038 -0.000329
v 0.012636 1.414687 -0.002882
v 0.031421 1.430000 0.297492
v 0.019691 1.405388 0.299685
v -0.023938 1.414687 0.000037
v 0.012636 1.414687 -0.002882
v -0.001251 1.443336 -0.003236
v -0.001251 1.443336 -0.003236
v -0.032222 1.450411 -0.001126
v -0.032222 1.450411 -0.001126
v -0.056955 1.430586 0.001860
v -0.056955 1.430586 0.001860
v -0.056826 1.398788 0.003473
v -0.056826 1.398788 0.003473
v -0.031932 1.378963 0.002499
v -0.031932 1.378963 0.002499
v -0.001019 1.386038 -0.000329
v -0.001019 1.386038 -0.000329
v 0.012636 1.414687 -0.002882
v 0.000000 1.430000 0.300000
v 0.031421 1.430000 0.297492
v 0.019491 1.454612 0.297188
v 0.019491 1.454612 0.297188
v -0.007116 1.460691 0.299001
v -0.007116 1.460691 0.299001
v -0.028365 1.443659 0.301566
v -0.028365 1.443659 0.301566
v -0.028254 1.416341 0.302952
v -0.028254 1.416341 0.302952
v -0.006868 1.399309 0.302115
v -0.006868 1.399309 0.302115
v 0.019691 1.405388 0.299685
v 0.019691 1.405388 0.299685
v 0.031421 1.430000 0.297492
v 0.174243 1.430000 -0.299838
v 0.161349 1.456772 -0.299752
v 0.162180 1.457948 -0.002087
v 0.176425 1.428369 -0.002182
v 0.161349 1.456772 -0.299752
v 0.132379 1.463384 -0.299853
v 0.130173 1.465253 -0.002199
v 0.162180 1.457948 -0.002087
v 0.132379 1.463384 -0.299853
v 0.109148 1.444857 -0.300065
v 0.104505 1.444784 -0.002432
v 0.130173 1.465253 -0.002199
v 0.109148 1.444857 -0.300065
v 0.109149 1.415143 -0.300227
v 0.104506 1.411954 -0.002612
v 0.104505 1.444784 -0.002432
v 0.109149 1.415143 -0.300227
v 0.132381 1.396616 -0.300219
v 0.130175 1.391484 -0.002603
v 0.104506 1.411954 -0.002612
v 0.132381 1.396616 -0.300219
v 0.161351 1.403228 -0.300046
v 0.162181 1.398790 -0.002412
v 0.130175 1.391484 -0.002603
v 0.161351 1.403228 -0.300046
v 0.174243 1.430000 -0.299838
v 0.176425 1.428369 -0.002182
v 0.162181 1.398790 -0.002412
v 0.140000 1.430000 -0.300000
v 0.174243 1.430000 -0.299838
v 0.161349 1.456772 -0.299752
v 0.161349 1.456772 -0.299752
v 0.132379 1.463384 -0.299853
v 0.132379 1.463384 -0.299853
v 0.109148 1.444857 -0.300065
v 0.109148 1.444857 -0.300065
v 0.109149 1.415143 -0.300227
v 0.109149 1.415143 -0.300227
v 0.132381 1.396616 -0.300219
v 0.132381 1.396616 -0.300219
v 0.161351 1.403228 -0.300046
v 0.161351 1.403228 -0.300046
v 0.174243 1.430000 -0.299838
v 0.138592 1.428369 -0.002361
v 0.176425 1.428369 -0.002182
v 0.162180 1.457948 -0.002087
v 0.162180 1.457948 -0.002087
v 0.130173 1.465253 -0.002199
v 0.130173 1.465253 -0.002199
v 0.104505 1.444784 -0.002432
v 0.104505 1.444784 -0.002432
v 0.104506 1.411954 -0.002612
v 0.104506 1.411954 -0.002612
v 0.130175 1.391484 -0.002603
v 0.130175 1.391484 -0.002603
v 0.162181 1.398790 -0.002412
v 0.162181 1.398790 -0.002412
v 0.176425 1.428369 -0.002182
v 0.173788 1.428369 -0.002525
v 0.160536 1.455886 -0.002612
v 0.162124 1.457743 0.299747
v 0.175485 1.430000 0.299835
v 0.160536 1.455886 -0.002612
v 0.130759 1.462682 -0.002510
v 0.132103 1.464595 0.299850
v 0.162124 1.457743 0.299747
v 0.130759 1.462682 -0.002510
v 0.106881 1.443640 -0.002296
v 0.108029 1.445396 0.300066
v 0.132103 1.464595 0.299850
v 0.106881 1.443640 -0.002296
v 0.106882 1.413098 -0.002131
v 0.108030 1.414604 0.300232
v 0.108029 1.445396 0.300066
v 0.106882 1.413098 -0.002131
v 0.130761 1.394055 -0.002140
v 0.132105 1.395405 0.300223
v 0.108030 1.414604 0.300232
v 0.130761 1.394055 -0.002140
v 0.160537 1.400851 -0.002315
v 0.162125 1.402257 0.300047
v 0.132105 1.395405 0.300223
v 0.160537 1.400851 -0.002315
v 0.173788 1.428369 -0.002525
v 0.175485 1.430000 0.299835
v 0.162125 1.402257 0.300047
v 0.138592 1.428369 -0.002361
v 0.173788 1.428369 -0.002525
v 0.160536 1.455886 -0.002612
v 0.160536 1.455886 -0.002612
v 0.130759 1.462682 -0.002510
v 0.130759 1.462682 -0.002510
v 0.106881 1.443640 -0.002296
v 0.106881 1.443640 -0.002296
v 0.106882 1.413098 -0.002131
v 0.106882 1.413098 -0.002131
v 0.130761 1.394055 -0.002140
v 0.130761 1.394055 -0.002140
v 0.160537 1.400851 -0.002315
v 0.160537 1.400851 -0.002315
v 0.173788 1.428369 -0.002525
v 0.140000 1.430000 0.300000
v 0.175485 1.430000 0.299835
v 0.162124 1.457743 0.299747
v 0.162124 1.457743 0.299747
v 0.132103 1.464595 0.299850
v 0.132103 1.464595 0.299850
v 0.108029 1.445396 0.300066
v 0.108029 1.445396 0.300066
v 0.108030 1.414604 0.300232
v 0.108030 1.414604 0.300232
v 0.132105 1.395405 0.300223
v 0.132105 1.395405 0.300223
v 0.162125 1.402257 0.300047
v 0.162125 1.402257 0.300047
v 0.175485 1.430000 0.299835
v 0.312551 1.430000 -0.300085
v 0.300298 1.455429 -0.299030
v 0.304111 1.447450 -0.005829
v 0.318201 1.418208 -0.007043
v 0.300298 1.455429 -0.299030
v 0.272760 1.461710 -0.298705
v 0.272442 1.454673 -0.005456
v 0.304111 1.447450 -0.005829
v 0.272760 1.461710 -0.298705
v 0.250674 1.444112 -0.299355
v 0.247044 1.434436 -0.006204
v 0.272442 1.454673 -0.005456
v 0.250674 1.444112 -0.299355
v 0.250671 1.415888 -0.300491
v 0.247040 1.401979 -0.007510
v 0.247044 1.434436 -0.006204
v 0.250671 1.415888 -0.300491
v 0.272753 1.398290 -0.301257
v 0.272435 1.381742 -0.008391
v 0.247040 1.401979 -0.007510
v 0.272753 1.398290 -0.301257
v 0.300293 1.404571 -0.301076
v 0.304104 1.388965 -0.008183
v 0.272435 1.381742 -0.008391
v 0.300293 1.404571 -0.301076
v 0.312551 1.430000 -0.300085
v 0.318201 1.418208 -0.007043
v 0.304104 1.388965 -0.008183
v 0.280000 1.430000 -0.300000
v 0.312551 1.430000 -0.300085
v 0.300298 1.455429 -0.299030
v 0.300298 1.455429 -0.299030
v 0.272760 1.461710 -0.298705
v 0.272760 1.461710 -0.298705
v 0.250674 1.444112 -0.299355
v 0.250674 1.444112 -0.299355
v 0.250671 1.415888 -0.300491
v 0.250671 1.415888 -0.300491
v 0.272753 1.398290 -0.301257
v 0.272753 1.398290 -0.301257
v 0.300293 1.404571 -0.301076
v 0.300293 1.404571 -0.301076
v 0.312551 1.430000 -0.300085
v 0.280768 1.418208 -0.006945
v 0.318201 1.418208 -0.007043
v 0.304111 1.447450 -0.005829
v 0.304111 1.447450 -0.005829
v 0.272442 1.454673 -0.005456
v 0.272442 1.454673 -0.005456
v 0.247044 1.434436 -0.006204
v 0.247044 1.434436 -0.006204
v 0.247040 1.401979 -0.007510
v 0.247040 1.401979 -0.007510
v 0.272435 1.381742 -0.008391
v 0.272435 1.381742 -0.008391
v 0.304104 1.388965 -0.008183
v 0.304104 1.388965 -0.008183
v 0.318201 1.418208 -0.007043
v 0.312822 1.418208 -0.006865
v 0.300756 1.443250 -0.007857
v 0.299814 1.454825 0.299096
v 0.311775 1.430000 0.300080
v 0.300756 1.443250 -0.007857
v 0.273639 1.449435 -0.008163
v 0.272932 1.460956 0.298793
v 0.299814 1.454825 0.299096
v 0.273639 1.449435 -0.008163
v 0.251890 1.432105 -0.007551
v 0.251373 1.443777 0.299399
v 0.272932 1.460956 0.298793
v 0.251890 1.432105 -0.007551
v 0.251887 1.404310 -0.006483
v 0.251370 1.416223 0.300458
v 0.251373 1.443777 0.299399
v 0.251887 1.404310 -0.006483
v 0.273633 1.386980 -0.005763
v 0.272926 1.399044 0.301172
v 0.251370 1.416223 0.300458
v 0.273633 1.386980 -0.005763
v 0.300751 1.393165 -0.005933
v 0.299809 1.405175 0.301003
v 0.272926 1.399044 0.301172
v 0.300751 1.393165 -0.005933
v 0.312822 1.418208 -0.006865
v 0.311775 1.430000 0.300080
v 0.299809 1.405175 0.301003
v 0.280768 1.418208 -0.006945
v 0.312822 1.418208 -0.006865
v 0.300756 1.443250 -0.007857
v 0.300756 1.443250 -0.007857
v 0.273639 1.449435 -0.008163
v 0.273639 1.449435 -0.008163
v 0.251890 1.432105 -0.007551
v 0.251890 1.432105 -0.007551
v 0.251887 1.404310 -0.006483
v 0.251887 1.404310 -0.006483
v 0.273633 1.386980 -0.005763
v 0.273633 1.386980 -0.005763
v 0.300751 1.393165 -0.005933
v 0.300751 1.393165 -0.005933
v 0.312822 1.418208 -0.006865
v 0.280000 1.430000 0.300000
v 0.311775 1.430000 0.300080
v 0.299814 1.454825 0.299096
v 0.299814 1.454825 0.299096
v 0.272932 1.460956 0.298793
v 0.272932 1.460956 0.298793
v 0.251373 1.443777 0.299399
v 0.251373 1.443777 0.299399
v 0.251370 1.416223 0.300458
v 0.251370 1.416223 0.300458
v 0.272926 1.399044 0.301172
v 0.272926 1.399044 0.301172
v 0.299809 1.405175 0.301003
v 0.299809 1.405175 0.301003
v 0.311775 1.430000 0.300080
v 0.000000 1.460000 0.225000
v 0.097624 1.460000 0.202718
v 0.082438 1.580000 0.171184
v 0.000000 1.580000 0.190000
v 0.097624 1.460000 0.202718
v 0.175912 1.460000 0.140285
v 0.148548 1.580000 0.118463
v 0.082438 1.580000 0.171184
v 0.175912 1.460000 0.140285
v 0.219359 1.460000 0.050067
v 0.185236 1.580000 0.042279
v 0.148548 1.580000 0.118463
v 0.219359 1.460000 0.050067
v 0.219359 1.460000 -0.050067
v 0.185236 1.580000 -0.042279
v 0.185236 1.580000 0.042279
v 0.219359 1.460000 -0.050067
v 0.175912 1.460000 -0.140285
v 0.148548 1.580000 -0.118463
v 0.185236 1.580000 -0.042279
v 0.175912 1.460000 -0.140285
v 0.097624 1.460000 -0.202718
v 0.082438 1.580000 -0.171184
v 0.148548 1.580000 -0.118463
v 0.097624 1.460000 -0.202718
v 0.000000 1.460000 -0.225000
v 0.000000 1.580000 -0.190000
v 0.082438 1.580000 -0.171184
v 0.000000 1.460000 -0.225000
v -0.097624 1.460000 -0.202718
v -0.082438 1.580000 -0.171184
v 0.000000 1.580000 -0.190000
v -0.097624 1.460000 -0.202718
v -0.175912 1.460000 -0.140285
v -0.148548 1.580000 -0.118463
v -0.082438 1.580000 -0.171184
v -0.175912 1.460000 -0.140285
v -0.219359 1.460000 -0.050067
v -0.185236 1.580000 -0.042279
v -0.148548 1.580000 -0.118463
v -0.219359 1.460000 -0.050067
v -0.219359 1.460000 0.050067
v -0.185236 1.580000 0.042279
v -0.185236 1.580000 -0.042279
v -0.219359 1.460000 0.050067
v -0.175912 1.460000 0.140285
v -0.148548 1.580000 0.118463
v -0.185236 1.580000 0.042279
v -0.175912 1.460000 0.140285
v -0.097624 1.460000 0.202718
v -0.082438 1.580000 0.171184
v -0.148548 1.580000 0.118463
v -0.097624 1.460000 0.202718
v 0.000000 1.460000 0.225000
v 0.000000 1.580000 0.190000
v -0.082438 1.580000 0.171184
v 0.000000 1.460000 0.000000
v 0.000000 1.460000 0.225000
v 0.097624 1.460000 0.202718
v 0.097624 1.460000 0.202718
v 0.175912 1.460000 0.140285
v 0.175912 1.460000 0.140285
v 0.219359 1.460000 0.050067
v 0.219359 1.460000 0.050067
v 0.219359 1.460000 -0.050067
v 0.219359 1.460000 -0.050067
v 0.175912 1.460000 -0.140285
v 0.175912 1.460000 -0.140285
v 0.097624 1.460000 -0.202718
v 0.097624 1.460000 -0.202718
v 0.000000 1.460000 -0.225000
v 0.000000 1.460000 -0.225000
v -0.097624 1.460000 -0.202718
v -0.097624 1.460000 -0.202718
v -0.175912 1.460000 -0.140285
v -0.175912 1.460000 -0.140285
v -0.219359 1.460000 -0.050067
v -0.219359 1.460000 -0.050067
v -0.219359 1.460000 0.050067
v -0.219359 1.460000 0.050067
v -0.175912 1.460000 0.140285
v -0.175912 1.460000 0.140285
v -0.097624 1.460000 0.202718
v -0.097624 1.460000 0.202718
v 0.000000 1.460000 0.225000
v 0.000000 1.580000 0.000000
v 0.000000 1.580000 0.190000
v 0.082438 1.580000 0.171184
v 0.082438 1.580000 0.171184
v 0.148548 1.580000 0.118463
v 0.148548 1.580000 0.118463
v 0.185236 1.580000 0.042279
v 0.185236 1.580000 0.042279
v 0.185236 1.580000 -0.042279
v 0.185236 1.580000 -0.042279
v 0.148548 1.580000 -0.118463
v 0.148548 1.580000 -0.118463
v 0.082438 1.580000 -0.171184
v 0.082438 1.580000 -0.171184
v 0.000000 1.580000 -0.190000
v 0.000000 1.580000 -0.190000
v -0.082438 1.580000 -0.171184
v -0.082438 1.580000 -0.171184
v -0.148548 1.580000 -0.118463
v -0.148548 1.580000 -0.118463
v -0.185236 1.580000 -0.042279
v -0.185236 1.580000 -0.042279
v -0.185236 1.580000 0.042279
v -0.185236 1.580000 0.042279
v -0.148548 1.580000 0.118463
v -0.148548 1.580000 0.118463
v -0.082438 1.580000 0.171184
v -0.082438 1.580000 0.171184
v 0.000000 1.580000 0.190000
v 0.217000 1.580000 0.000000
v 0.203913 1.580000 0.074218
v 0.196122 1.591413 0.071382
v 0.208708 1.591413 0.000000
v 0.208708 1.591413 0.000000
v 0.196122 1.591413 0.071382
v 0.183514 1.587053 0.066794
v 0.195292 1.587053 0.000000
v 0.195292 1.587053 0.000000
v 0.183514 1.587053 0.066794
v 0.183514 1.572947 0.066794
v 0.195292 1.572947 0.000000
v 0.195292 1.572947 0.000000
v 0.183514 1.572947 0.066794
v 0.196122 1.568587 0.071382
v 0.208708 1.568587 0.000000
v 0.208708 1.568587 0.000000
v 0.196122 1.568587 0.071382
v 0.203913 1.580000 0.074218
v 0.217000 1.580000 0.000000
v 0.203913 1.580000 0.074218
v 0.166232 1.580000 0.139485
v 0.159880 1.591413 0.134155
v 0.196122 1.591413 0.071382
v 0.196122 1.591413 0.071382
v 0.159880 1.591413 0.134155
v 0.149602 1.587053 0.125531
v 0.183514 1.587053 0.066794
v 0.183514 1.587053 0.066794
v 0.149602 1.587053 0.125531
v 0.149602 1.572947 0.125531
v 0.183514 1.572947 0.066794
v 0.183514 1.572947 0.066794
v 0.149602 1.572947 0.125531
v 0.159880 1.568587 0.134155
v 0.196122 1.568587 0.071382
v 0.196122 1.568587 0.071382
v 0.159880 1.568587 0.134155
v 0.166232 1.580000 0.139485
v 0.203913 1.580000 0.074218
v 0.166232 1.580000 0.139485
v 0.108500 1.580000 0.187928
v 0.104354 1.591413 0.180747
v 0.159880 1.591413 0.134155
v 0.159880 1.591413 0.134155
v 0.104354 1.591413 0.180747
v 0.097646 1.587053 0.169128
v 0.149602 1.587053 0.125531
v 0.149602 1.587053 0.125531
v 0.097646 1.587053 0.169128
v 0.097646 1.572947 0.169128
v 0.149602 1.572947 0.125531
v 0.149602 1.572947 0.125531
v 0.097646 1.572947 0.169128
v 0.104354 1.568587 0.180747
v 0.159880 1.568587 0.134155
v 0.159880 1.568587 0.134155
v 0.104354 1.568587 0.180747
v 0.108500 1.580000 0.187928
v 0.166232 1.580000 0.139485
v 0.108500 1.580000 0.187928
v 0.037682 1.580000 0.213703
v 0.036242 1.591413 0.205537
v 0.104354 1.591413 0.180747
v 0.104354 1.591413 0.180747
v 0.036242 1.591413 0.205537
v 0.033912 1.587053 0.192325
v 0.097646 1.587053 0.169128
v 0.097646 1.587053 0.169128
v 0.033912 1.587053 0.192325
v 0.033912 1.572947 0.192325
v 0.097646 1.572947 0.169128
v 0.097646 1.572947 0.169128
v 0.033912 1.572947 0.192325
v 0.036242 1.568587 0.205537
v 0.104354 1.568587 0.180747
v 0.104354 1.568587 0.180747
v 0.036242 1.568587 0.205537
v 0.037682 1.580000 0.213703
v 0.108500 1.580000 0.187928
v 0.037682 1.580000 0.213703
v -0.037682 1.580000 0.213703
v -0.036242 1.591413 0.205537
v 0.036242 1.591413 0.205537
v 0.036242 1.591413 0.205537
v -0.036242 1.591413 0.205537
v -0.033912 1.587053 0.192325
v 0.033912 1.587053 0.192325
v 0.033912 1.587053 0.192325
v -0.033912 1.587053 0.192325
v -0.033912 1.572947 0.192325
v 0.033912 1.572947 0.192325
v 0.033912 1.572947 0.192325
v -0.033912 1.572947 0.192325
v -0.036242 1.568587 0.205537
v 0.036242 1.568587 0.205537
v 0.036242 1.568587 0.205537
v -0.036242 1.568587 0.205537
v -0.037682 1.580000 0.213703
v 0.037682 1.580000 0.213703
v -0.037682 1.580000 0.213703
v -0.108500 1.580000 0.187928
v -0.104354 1.591413 0.180747
v -0.036242 1.591413 0.205537
v -0.036242 1.591413 0.205537
v -0.104354 1.591413 0.180747
v -0.097646 1.587053 0.169128
v -0.033912 1.587053 0.192325
v -0.033912 1.587053 0.192325
v -0.097646 1.587053 0.169128
v -0.097646 1.572947 0.169128
v -0.033912 1.572947 0.192325
v -0.033912 1.572947 0.192325
v -0.097646 1.572947 0.169128
v -0.104354 1.568587 0.180747
v -0.036242 1.568587 0.205537
v -0.036242 1.568587 0.205537
v -0.104354 1.568587 0.180747
v -0.108500 1.580000 0.187928
v -0.037682 1.580000 0.213703
v -0.108500 1.580000 0.187928
v -0.166232 1.580000 0.139485
v -0.159880 1.591413 0.134155
v -0.104354 1.591413 0.180747
v -0.104354 1.591413 0.180747
v -0.159880 1.591413 0.134155
v -0.149602 1.587053 0.125531
v -0.097646 1.587053 0.169128
v -0.097646 1.587053 0.169128
v -0.149602 1.587053 0.125531
v -0.149602 1.572947 0.125531
v -0.097646 1.572947 0.169128
v -0.097646 1.572947 0.169128
v -0.149602 1.572947 0.125531
v -0.159880 1.568587 0.134155
v -0.104354 1.568587 0.180747
v -0.104354 1.568587 0.180747
v -0.159880 1.568587 0.134155
v -0.166232 1.580000 0.139485
v -0.108500 1.580000 0.187928
v -0.166232 1.580000 0.139485
v -0.203913 1.580000 0.074218
v -0.196122 1.591413 0.071382
v -0.159880 1.591413 0.134155
v -0.159880 1.591413 0.134155
v -0.196122 1.591413 0.071382
v -0.183514 1.587053 0.066794
v -0.149602 1.587053 0.125531
v -0.149602 1.587053 0.125531
v -0.183514 1.587053 0.066794
v -0.183514 1.572947 0.066794
v -0.149602 1.572947 0.125531
v -0.149602 1.572947 0.125531
v -0.183514 1.572947 0.066794
v -0.196122 1.568587 0.071382
v -0.159880 1.568587 0.134155
v -0.159880 1.568587 0.134155
v -0.196122 1.568587 0.071382
v -0.203913 1.580000 0.074218
v -0.166232 1.580000 0.139485
v -0.203913 1.580000 0.074218
v -0.217000 1.580000 0.000000
v -0.208708 1.591413 0.000000
v -0.196122 1.591413 0.071382
v -0.196122 1.591413 0.071382
v -0.208708 1.591413 0.000000
v -0.195292 1.587053 0.000000
v -0.183514 1.587053 0.066794
v -0.183514 1.587053 0.066794
v -0.195292 1.587053 0.000000
v -0.195292 1.572947 0.000000
v -0.183514 1.572947 0.066794
v -0.183514 1.572947 0.066794
v -0.195292 1.572947 0.000000
v -0.208708 1.568587 0.000000
v -0.196122 1.568587 0.071382
v -0.196122 1.568587 0.071382
v -0.208708 1.568587 0.000000
v -0.217000 1.580000 0.000000
v -0.203913 1.580000 0.074218
v -0.217000 1.580000 0.000000
v -0.203913 1.580000 -0.074218
v -0.196122 1.591413 -0.071382
v -0.208708 1.591413 0.000000
v -0.208708 1.591413 0.000000
v -0.196122 1.591413 -0.071382
v -0.183514 1.587053 -0.066794
v -0.195292 1.587053 0.000000
v -0.195292 1.587053 0.000000
v -0.183514 1.587053 -0.066794
v -0.183514 1.572947 -0.066794
v -0.195292 1.572947 0.000000
v -0.195292 1.572947 0.000000
v -0.183514 1.572947 -0.066794
v -0.196122 1.568587 -0.071382
v -0.208708 1.568587 0.000000
v -0.208708 1.568587 0.000000
v -0.196122 1.568587 -0.071382
v -0.203913 1.580000 -0.074218
v -0.217000 1.580000 0.000000
v -0.203913 1.580000 -0.074218
v -0.166232 1.580000 -0.139485
v -0.159880 1.591413 -0.134155
v -0.196122 1.591413 -0.071382
v -0.196122 1.591413 -0.071382
v -0.159880 1.591413 -0.134155
v -0.149602 1.587053 -0.125531
v -0.183514 1.587053 -0.066794
v -0.183514 1.587053 -0.066794
v -0.149602 1.587053 -0.125531
v -0.149602 1.572947 -0.125531
v -0.183514 1.572947 -0.066794
v -0.183514 1.572947 -0.066794
v -0.149602 1.572947 -0.125531
v -0.159880 1.568587 -0.134155
v -0.196122 1.568587 -0.071382
v -0.196122 1.568587 -0.071382
v -0.159880 1.568587 -0.134155
v -0.166232 1.580000 -0.139485
v -0.203913 1.580000 -0.074218
v -0.166232 1.580000 -0.139485
v -0.108500 1.580000 -0.187928
v -0.104354 1.591413 -0.180747
v -0.159880 1.591413 -0.134155
v -0.159880 1.591413 -0.134155
v -0.104354 1.591413 -0.180747
v -0.097646 1.587053 -0.169128
v -0.149602 1.587053 -0.125531
v -0.149602 1.587053 -0.125531
v -0.097646 1.587053 -0.169128
v -0.097646 1.572947 -0.169128
v -0.149602 1.572947 -0.125531
v -0.149602 1.572947 -0.125531
v -0.097646 1.572947 -0.169128
v -0.104354 1.568587 -0.180747
v -0.159880 1.568587 -0.134155
v -0.159880 1.568587 -0.134155
v -0.104354 1.568587 -0.180747
v -0.108500 1.580000 -0.187928
v -0.166232 1.580000 -0.139485
v -0.108500 1.580000 -0.187928
v -0.037682 1.580000 -0.213703
v -0.036242 1.591413 -0.205537
v -0.104354 1.591413 -0.180747
v -0.104354 1.591413 -0.180747
v -0.036242 1.591413 -0.205537
v -0.033912 1.587053 -0.192325
v -0.097646 1.587053 -0.169128
v -0.097646 1.587053 -0.169128
v -0.033912 1.587053 -0.192325
v -0.033912 1.572947 -0.192325
v -0.097646 1.572947 -0.169128
v -0.097646 1.572947 -0.169128
v -0.033912 1.572947 -0.192325
v -0.036242 1.568587 -0.205537
v -0.104354 1.568587 -0.180747
v -0.104354 1.568587 -0.180747
v -0.036242 1.568587 -0.205537
v -0.037682 1.580000 -0.213703
v -0.108500 1.580000 -0.187928
v -0.037682 1.580000 -0.213703
v 0.037682 1.580000 -0.213703
v 0.036242 1.591413 -0.205537
v -0.036242 1.591413 -0.205537
v -0.036242 1.591413 -0.205537
v 0.036242 1.591413 -0.205537
v 0.033912 1.587053 -0.192325
v -0.033912 1.587053 -0.192325
v -0.033912 1.587053 -0.192325
v 0.033912 1.587053 -0.192325
v 0.033912 1.572947 -0.192325
v -0.033912 1.572947 -0.192325
v -0.033912 1.572947 -0.192325
v 0.033912 1.572947 -0.192325
v 0.036242 1.568587 -0.205537
v -0.036242 1.568587 -0.205537
v -0.036242 1.568587 -0.205537
v 0.036242 1.568587 -0.205537
v 0.037682 1.580000 -0.213703
v -0.037682 1.580000 -0.213703
v 0.037682 1.580000 -0.213703
v 0.108500 1.580000 -0.187928
v 0.104354 1.591413 -0.180747
v 0.036242 1.591413 -0.205537
v 0.036242 1.591413 -0.205537
v 0.104354 1.591413 -0.180747
v 0.097646 1.587053 -0.169128
v 0.033912 1.587053 -0.192325
v 0.033912 1.587053 -0.192325
v 0.097646 1.587053 -0.169128
v 0.097646 1.572947 -0.169128
v 0.033912 1.572947 -0.192325
v 0.033912 1.572947 -0.192325
v 0.097646 1.572947 -0.169128
v 0.104354 1.568587 -0.180747
v 0.036242 1.568587 -0.205537
v 0.036242 1.568587 -0.205537
v 0.104354 1.568587 -0.180747
v 0.108500 1.580000 -0.187928
v 0.037682 1.580000 -0.213703
v 0.108500 1.580000 -0.187928
v 0.166232 1.580000 -0.139485
v 0.159880 1.591413 -0.134155
v 0.104354 1.591413 -0.180747
v 0.104354 1.591413 -0.180747
v 0.159880 1.591413 -0.134155
v 0.149602 1.587053 -0.125531
v 0.097646 1.587053 -0.169128
v 0.097646 1.587053 -0.169128
v 0.149602 1.587053 -0.125531
v 0.149602 1.572947 -0.125531
v 0.097646 1.572947 -0.169128
v 0.097646 1.572947 -0.169128
v 0.149602 1.572947 -0.125531
v 0.159880 1.568587 -0.134155
v 0.104354 1.568587 -0.180747
v 0.104354 1.568587 -0.180747
v 0.159880 1.568587 -0.134155
v 0.166232 1.580000 -0.139485
v 0.108500 1.580000 -0.187928
v 0.166232 1.580000 -0.139485
v 0.203913 1.580000 -0.074218
v 0.196122 1.591413 -0.071382
v 0.159880 1.591413 -0.134155
v 0.159880 1.591413 -0.134155
v 0.196122 1.591413 -0.071382
v 0.183514 1.587053 -0.066794
v 0.149602 1.587053 -0.125531
v 0.149602 1.587053 -0.125531
v 0.183514 1.587053 -0.066794
v 0.183514 1.572947 -0.066794
v 0.149602 1.572947 -0.125531
v 0.149602 1.572947 -0.125531
v 0.183514 1.572947 -0.066794
v 0.196122 1.568587 -0.071382
v 0.159880 1.568587 -0.134155
v 0.159880 1.568587 -0.134155
v 0.196122 1.568587 -0.071382
v 0.203913 1.580000 -0.074218
v 0.166232 1.580000 -0.139485
v 0.203913 1.580000 -0.074218
v 0.217000 1.580000 0.000000
v 0.208708 1.591413 0.000000
v 0.196122 1.591413 -0.071382
v 0.196122 1.591413 -0.071382
v 0.208708 1.591413 0.000000
v 0.195292 1.587053 0.000000
v 0.183514 1.587053 -0.066794
v 0.183514 1.587053 -0.066794
v 0.195292 1.587053 0.000000
v 0.195292 1.572947 0.000000
v 0.183514 1.572947 -0.066794
v 0.183514 1.572947 -0.066794
v 0.195292 1.572947 0.000000
v 0.208708 1.568587 0.000000
v 0.196122 1.568587 -0.071382
v 0.196122 1.568587 -0.071382
v 0.208708 1.568587 0.000000
v 0.217000 1.580000 0.000000
v 0.203913 1.580000 -0.074218
v 0.000000 1.570000 0.125000
v 0.000000 1.570000 -0.125000
v 0.020000 1.732400 0.102500
v 0.020000 1.732400 -0.102500
v 0.000000 1.570000 -0.125000
v 0.000000 1.570000 0.125000
v 0.020000 1.732400 -0.102500
v 0.020000 1.732400 0.102500
v 0.020000 1.732400 -0.102500
v 0.020000 1.732400 0.102500
v -0.028000 1.906400 -0.072500
v -0.028000 1.906400 0.072500
v 0.020000 1.732400 0.102500
v 0.020000 1.732400 -0.102500
v -0.028000 1.906400 0.072500
v -0.028000 1.906400 -0.072500
v -0.028000 1.906400 0.072500
v -0.028000 1.906400 -0.072500
v 0.080000 2.051400 -0.040000
v 0.080000 2.051400 0.040000
v -0.028000 1.906400 -0.072500
v -0.028000 1.906400 0.072500
v 0.080000 2.051400 0.040000
v 0.080000 2.051400 -0.040000
v 0.080000 2.051400 0.040000
v 0.080000 2.051400 -0.040000
v -0.012000 2.150000 0.007500
v -0.012000 2.150000 -0.007500
v 0.080000 2.051400 -0.040000
v 0.080000 2.051400 0.040000
v -0.012000 2.150000 -0.007500
v -0.012000 2.150000 0.007500
v -0.038082 1.580000 0.015588
v 0.138082 1.580000 -0.055588
v -0.016609 1.697600 0.023090
v 0.127847 1.697600 -0.035274
v 0.138082 1.580000 -0.055588
v -0.038082 1.580000 0.015588
v 0.127847 1.697600 -0.035274
v -0.016609 1.697600 0.023090
v 0.127847 1.697600 -0.035274
v -0.016609 1.697600 0.023090
v 0.093221 1.823600 -0.060112
v -0.008955 1.823600 -0.018830
v -0.016609 1.697600 0.023090
v 0.127847 1.697600 -0.035274
v -0.008955 1.823600 -0.018830
v 0.093221 1.823600 -0.060112
v -0.008955 1.823600 -0.018830
v 0.093221 1.823600 -0.060112
v 0.100663 1.928600 0.024243
v 0.044290 1.928600 0.047019
v 0.093221 1.823600 -0.060112
v -0.008955 1.823600 -0.018830
v 0.044290 1.928600 0.047019
v 0.100663 1.928600 0.024243
v 0.044290 1.928600 0.047019
v 0.100663 1.928600 0.024243
v 0.039675 2.000000 -0.025535
v 0.053582 2.000000 -0.031154
v 0.100663 1.928600 0.024243
v 0.044290 1.928600 0.047019
v 0.053582 2.000000 -0.031154
v 0.039675 2.000000 -0.025535
v -0.119452 1.580000 -0.023530
v -0.000548 1.580000 0.083530
v -0.117114 1.675200 -0.004606
v -0.019614 1.675200 0.083184
v -0.000548 1.580000 0.083530
v -0.119452 1.580000 -0.023530
v -0.019614 1.675200 0.083184
v -0.117114 1.675200 -0.004606
v -0.019614 1.675200 0.083184
v -0.117114 1.675200 -0.004606
v -0.013808 1.777200 0.048043
v -0.082772 1.777200 -0.014053
v -0.117114 1.675200 -0.004606
v -0.019614 1.675200 0.083184
v -0.082772 1.777200 -0.014053
v -0.013808 1.777200 0.048043
v -0.082772 1.777200 -0.014053
v -0.013808 1.777200 0.048043
v -0.074432 1.862200 0.084287
v -0.112481 1.862200 0.050027
v -0.013808 1.777200 0.048043
v -0.082772 1.777200 -0.014053
v -0.112481 1.862200 0.050027
v -0.074432 1.862200 0.084287
v -0.112481 1.862200 0.050027
v -0.074432 1.862200 0.084287
v -0.060555 1.920000 0.019408
v -0.049408 1.920000 0.029445
v -0.074432 1.862200 0.084287
v -0.112481 1.862200 0.050027
v -0.049408 1.920000 0.029445
v -0.060555 1.920000 0.019408
v 0.340000 0.100740 0.042438
v 0.357544 0.101005 0.033972
v 0.336377 0.783533 0.011478
v 0.318812 0.783267 0.019954
v 0.357544 0.101005 0.033972
v 0.361876 0.100514 0.014985
v 0.340715 0.783041 -0.007533
v 0.336377 0.783533 0.011478
v 0.361876 0.100514 0.014985
v 0.349736 0.099635 -0.000226
v 0.328560 0.782161 -0.022762
v 0.340715 0.783041 -0.007533
v 0.349736 0.099635 -0.000226
v 0.330264 0.099031 -0.000206
v 0.309064 0.781556 -0.022742
v 0.328560 0.782161 -0.022762
v 0.330264 0.099031 -0.000206
v 0.318124 0.099157 0.015030
v 0.296909 0.781682 -0.007488
v 0.309064 0.781556 -0.022742
v 0.318124 0.099157 0.015030
v 0.322456 0.099917 0.034008
v 0.301247 0.782444 0.011513
v 0.296909 0.781682 -0.007488
v 0.322456 0.099917 0.034008
v 0.340000 0.100740 0.042438
v 0.318812 0.783267 0.019954
v 0.301247 0.782444 0.011513
v 0.340000 0.100000 0.020000
v 0.340000 0.100740 0.042438
v 0.357544 0.101005 0.033972
v 0.357544 0.101005 0.033972
v 0.361876 0.100514 0.014985
v 0.361876 0.100514 0.014985
v 0.349736 0.099635 -0.000226
v 0.349736 0.099635 -0.000226
v 0.330264 0.099031 -0.000206
v 0.330264 0.099031 -0.000206
v 0.318124 0.099157 0.015030
v 0.318124 0.099157 0.015030
v 0.322456 0.099917 0.034008
v 0.322456 0.099917 0.034008
v 0.340000 0.100740 0.042438
v 0.318812 0.782526 -0.002511
v 0.318812 0.783267 0.019954
v 0.336377 0.783533 0.011478
v 0.336377 0.783533 0.011478
v 0.340715 0.783041 -0.007533
v 0.340715 0.783041 -0.007533
v 0.328560 0.782161 -0.022762
v 0.328560 0.782161 -0.022762
v 0.309064 0.781556 -0.022742
v 0.309064 0.781556 -0.022742
v 0.296909 0.781682 -0.007488
v 0.296909 0.781682 -0.007488
v 0.301247 0.782444 0.011513
v 0.301247 0.782444 0.011513
v 0.318812 0.783267 0.019954
v 0.318812 0.781610 0.023617
v 0.339210 0.780638 0.013733
v 0.382314 1.489769 0.036405
v 0.364652 1.490612 0.044964
v 0.339210 0.780638 0.013733
v 0.344248 0.781087 -0.008383
v 0.386676 1.490159 0.017256
v 0.382314 1.489769 0.036405
v 0.344248 0.781087 -0.008383
v 0.330132 0.782620 -0.026078
v 0.374453 1.491486 0.001934
v 0.386676 1.490159 0.017256
v 0.330132 0.782620 -0.026078
v 0.307492 0.784083 -0.026027
v 0.354850 1.492752 0.001979
v 0.374453 1.491486 0.001934
v 0.307492 0.784083 -0.026027
v 0.293376 0.784373 -0.008268
v 0.342627 1.493004 0.017355
v 0.354850 1.492752 0.001979
v 0.293376 0.784373 -0.008268
v 0.298414 0.783273 0.013826
v 0.346990 1.492051 0.036485
v 0.342627 1.493004 0.017355
v 0.298414 0.783273 0.013826
v 0.318812 0.781610 0.023617
v 0.364652 1.490612 0.044964
v 0.346990 1.492051 0.036485
v 0.318812 0.782526 -0.002511
v 0.318812 0.781610 0.023617
v 0.339210 0.780638 0.013733
v 0.339210 0.780638 0.013733
v 0.344248 0.781087 -0.008383
v 0.344248 0.781087 -0.008383
v 0.330132 0.782620 -0.026078
v 0.330132 0.782620 -0.026078
v 0.307492 0.784083 -0.026027
v 0.307492 0.784083 -0.026027
v 0.293376 0.784373 -0.008268
v 0.293376 0.784373 -0.008268
v 0.298414 0.783273 0.013826
v 0.298414 0.783273 0.013826
v 0.318812 0.781610 0.023617
v 0.364652 1.491405 0.022340
v 0.364652 1.490612 0.044964
v 0.382314 1.489769 0.036405
v 0.382314 1.489769 0.036405
v 0.386676 1.490159 0.017256
v 0.386676 1.490159 0.017256
v 0.374453 1.491486 0.001934
v 0.374453 1.491486 0.001934
v 0.354850 1.492752 0.001979
v 0.354850 1.492752 0.001979
v 0.342627 1.493004 0.017355
v 0.342627 1.493004 0.017355
v 0.346990 1.492051 0.036485
v 0.346990 1.492051 0.036485
v 0.364652 1.490612 0.044964
v 0.364652 1.491476 0.043879
v 0.381482 1.492034 0.035767
v 0.357351 2.200649 0.033844
v 0.340000 2.200073 0.042207
v 0.381482 1.492034 0.035767
v 0.385638 1.492119 0.017544
v 0.361637 2.200736 0.015056
v 0.357351 2.200649 0.033844
v 0.385638 1.492119 0.017544
v 0.373992 1.491665 0.002932
v 0.349629 2.200269 -0.000009
v 0.361637 2.200736 0.015056
v 0.373992 1.491665 0.002932
v 0.355312 1.491016 0.002935
v 0.330371 2.199599 -0.000006
v 0.349629 2.200269 -0.000009
v 0.355312 1.491016 0.002935
v 0.343665 1.490659 0.017549
v 0.318363 2.199231 0.015061
v 0.330371 2.199599 -0.000006
v 0.343665 1.490659 0.017549
v 0.347822 1.490863 0.035771
v 0.322649 2.199442 0.033848
v 0.318363 2.199231 0.015061
v 0.347822 1.490863 0.035771
v 0.364652 1.491476 0.043879
v 0.340000 2.200073 0.042207
v 0.322649 2.199442 0.033848
v 0.364652 1.491405 0.022340
v 0.364652 1.491476 0.043879
v 0.381482 1.492034 0.035767
v 0.381482 1.492034 0.035767
v 0.385638 1.492119 0.017544
v 0.385638 1.492119 0.017544
v 0.373992 1.491665 0.002932
v 0.373992 1.491665 0.002932
v 0.355312 1.491016 0.002935
v 0.355312 1.491016 0.002935
v 0.343665 1.490659 0.017549
v 0.343665 1.490659 0.017549
v 0.347822 1.490863 0.035771
v 0.347822 1.490863 0.035771
v 0.364652 1.491476 0.043879
v 0.340000 2.200000 0.020000
v 0.340000 2.200073 0.042207
v 0.357351 2.200649 0.033844
v 0.357351 2.200649 0.033844
v 0.361637 2.200736 0.015056
v 0.361637 2.200736 0.015056
v 0.349629 2.200269 -0.000009
v 0.349629 2.200269 -0.000009
v 0.330371 2.199599 -0.000006
v 0.330371 2.199599 -0.000006
v 0.318363 2.199231 0.015061
v 0.318363 2.199231 0.015061
v 0.322649 2.199442 0.033848
v 0.322649 2.199442 0.033848
v 0.340000 2.200073 0.042207
v 0.360000 2.030000 0.020000
v 0.920000 1.960000 0.020000
v 0.860000 1.520000 0.020000
v 0.360000 1.600000 0.020000
v 0.360000 1.600000 0.020000
v 0.860000 1.520000 0.020000
v 0.920000 1.960000 0.020000
v 0.360000 2.030000 0.020000
v 0.360000 2.030000 0.013000
v 0.360826 2.036606 0.017837
v 0.920826 1.966606 0.017837
v 0.920000 1.960000 0.013000
v 0.360826 2.036606 0.017837
v 0.360510 2.034083 0.025663
v 0.920510 1.964083 0.025663
v 0.920826 1.966606 0.017837
v 0.360510 2.034083 0.025663
v 0.359490 2.025917 0.025663
v 0.919490 1.955917 0.025663
v 0.920510 1.964083 0.025663
v 0.359490 2.025917 0.025663
v 0.359174 2.023394 0.017837
v 0.919174 1.953394 0.017837
v 0.919490 1.955917 0.025663
v 0.359174 2.023394 0.017837
v 0.360000 2.030000 0.013000
v 0.920000 1.960000 0.013000
v 0.919174 1.953394 0.017837
v 0.360000 2.030000 0.020000
v 0.360000 2.030000 0.013000
v 0.360826 2.036606 0.017837
v 0.360826 2.036606 0.017837
v 0.360510 2.034083 0.025663
v 0.360510 2.034083 0.025663
v 0.359490 2.025917 0.025663
v 0.359490 2.025917 0.025663
v 0.359174 2.023394 0.017837
v 0.359174 2.023394 0.017837
v 0.360000 2.030000 0.013000
v 0.920000 1.960000 0.020000
v 0.920000 1.960000 0.013000
v 0.920826 1.966606 0.017837
v 0.920826 1.966606 0.017837
v 0.920510 1.964083 0.025663
v 0.920510 1.964083 0.025663
v 0.919490 1.955917 0.025663
v 0.919490 1.955917 0.025663
v 0.919174 1.953394 0.017837
v 0.919174 1.953394 0.017837
v 0.920000 1.960000 0.013000
v -0.005372 1.580000 0.175928
v -0.006635 1.584426 0.169385
v -0.966635 0.024426 -0.700615
v -0.965372 0.020000 -0.694072
v -0.006635 1.584426 0.169385
v -0.001263 1.584426 0.163457
v -0.961263 0.024426 -0.706543
v -0.966635 0.024426 -0.700615
v -0.001263 1.584426 0.163457
v 0.005372 1.580000 0.164072
v -0.954628 0.020000 -0.705928
v -0.961263 0.024426 -0.706543
v 0.005372 1.580000 0.164072
v 0.006635 1.575574 0.170615
v -0.953365 0.015574 -0.699385
v -0.954628 0.020000 -0.705928
v 0.006635 1.575574 0.170615
v 0.001263 1.575574 0.176543
v -0.958737 0.015574 -0.693457
v -0.953365 0.015574 -0.699385
v 0.001263 1.575574 0.176543
v -0.005372 1.580000 0.175928
v -0.965372 0.020000 -0.694072
v -0.958737 0.015574 -0.693457
v 0.000000 1.580000 0.170000
v -0.005372 1.580000 0.175928
v -0.006635 1.584426 0.169385
v -0.006635 1.584426 0.169385
v -0.001263 1.584426 0.163457
v -0.001263 1.584426 0.163457
v 0.005372 1.580000 0.164072
v 0.005372 1.580000 0.164072
v 0.006635 1.575574 0.170615
v 0.006635 1.575574 0.170615
v 0.001263 1.575574 0.176543
v 0.001263 1.575574 0.176543
v -0.005372 1.580000 0.175928
v -0.960000 0.020000 -0.700000
v -0.965372 0.020000 -0.694072
v -0.966635 0.024426 -0.700615
v -0.966635 0.024426 -0.700615
v -0.961263 0.024426 -0.706543
v -0.961263 0.024426 -0.706543
v -0.954628 0.020000 -0.705928
v -0.954628 0.020000 -0.705928
v -0.953365 0.015574 -0.699385
v -0.953365 0.015574 -0.699385
v -0.958737 0.015574 -0.693457
v -0.958737 0.015574 -0.693457
v -0.965372 0.020000 -0.694072
v -0.960000 0.006695 -0.682513
v -0.944708 0.006462 -0.691613
v -0.934960 0.094397 -0.675841
v -0.948816 0.094607 -0.667596
v -0.944708 0.006462 -0.691613
v -0.944708 0.009768 -0.709100
v -0.934960 0.097392 -0.691686
v -0.934960 0.094397 -0.675841
v -0.944708 0.009768 -0.709100
v -0.960000 0.013305 -0.717487
v -0.948816 0.100597 -0.699286
v -0.934960 0.097392 -0.691686
v -0.960000 0.013305 -0.717487
v -0.975292 0.013538 -0.708387
v -0.962673 0.100808 -0.691041
v -0.948816 0.100597 -0.699286
v -0.975292 0.013538 -0.708387
v -0.975292 0.010232 -0.690900
v -0.962673 0.097813 -0.675196
v -0.962673 0.100808 -0.691041
v -0.975292 0.010232 -0.690900
v -0.960000 0.006695 -0.682513
v -0.948816 0.094607 -0.667596
v -0.962673 0.097813 -0.675196
v -0.960000 0.010000 -0.700000
v -0.960000 0.006695 -0.682513
v -0.944708 0.006462 -0.691613
v -0.944708 0.006462 -0.691613
v -0.944708 0.009768 -0.709100
v -0.944708 0.009768 -0.709100
v -0.960000 0.013305 -0.717487
v -0.960000 0.013305 -0.717487
v -0.975292 0.013538 -0.708387
v -0.975292 0.013538 -0.708387
v -0.975292 0.010232 -0.690900
v -0.975292 0.010232 -0.690900
v -0.960000 0.006695 -0.682513
v -0.948816 0.097602 -0.683441
v -0.948816 0.094607 -0.667596
v -0.934960 0.094397 -0.675841
v -0.934960 0.094397 -0.675841
v -0.934960 0.097392 -0.691686
v -0.934960 0.097392 -0.691686
v -0.948816 0.100597 -0.699286
v -0.948816 0.100597 -0.699286
v -0.962673 0.100808 -0.691041
v -0.962673 0.100808 -0.691041
v -0.962673 0.097813 -0.675196
v -0.962673 0.097813 -0.675196
v -0.948816 0.094607 -0.667596
v -0.948816 0.100249 -0.667074
v -0.934510 0.097725 -0.675064
v -0.926842 0.200113 -0.692295
v -0.940000 0.202434 -0.684947
v -0.934510 0.097725 -0.675064
v -0.934510 0.095079 -0.691430
v -0.926842 0.197679 -0.707348
v -0.926842 0.200113 -0.692295
v -0.934510 0.095079 -0.691430
v -0.948816 0.094956 -0.699808
v -0.940000 0.197566 -0.715053
v -0.926842 0.197679 -0.707348
v -0.948816 0.094956 -0.699808
v -0.963123 0.097479 -0.691818
v -0.953158 0.199887 -0.707705
v -0.940000 0.197566 -0.715053
v -0.963123 0.097479 -0.691818
v -0.963123 0.100126 -0.675452
v -0.953158 0.202321 -0.692652
v -0.953158 0.199887 -0.707705
v -0.963123 0.100126 -0.675452
v -0.948816 0.100249 -0.667074
v -0.940000 0.202434 -0.684947
v -0.953158 0.202321 -0.692652
v -0.948816 0.097602 -0.683441
v -0.948816 0.100249 -0.667074
v -0.934510 0.097725 -0.675064
v -0.934510 0.097725 -0.675064
v -0.934510 0.095079 -0.691430
v -0.934510 0.095079 -0.691430
v -0.948816 0.094956 -0.699808
v -0.948816 0.094956 -0.699808
v -0.963123 0.097479 -0.691818
v -0.963123 0.097479 -0.691818
v -0.963123 0.100126 -0.675452
v -0.963123 0.100126 -0.675452
v -0.948816 0.100249 -0.667074
v -0.940000 0.200000 -0.700000
v -0.940000 0.202434 -0.684947
v -0.926842 0.200113 -0.692295
v -0.926842 0.200113 -0.692295
v -0.926842 0.197679 -0.707348
v -0.926842 0.197679 -0.707348
v -0.940000 0.197566 -0.715053
v -0.940000 0.197566 -0.715053
v -0.953158 0.199887 -0.707705
v -0.953158 0.199887 -0.707705
v -0.953158 0.202321 -0.692652
v -0.953158 0.202321 -0.692652
v -0.940000 0.202434 -0.684947
v -0.151011 1.580000 -0.092047
v -0.144366 1.584347 -0.091077
v 0.962859 0.024347 -0.686077
v 0.956213 0.020000 -0.687047
v -0.144366 1.584347 -0.091077
v -0.140579 1.584347 -0.084030
v 0.966646 0.024347 -0.679030
v 0.962859 0.024347 -0.686077
v -0.140579 1.584347 -0.084030
v -0.143437 1.580000 -0.077953
v 0.963787 0.020000 -0.672953
v 0.966646 0.024347 -0.679030
v -0.143437 1.580000 -0.077953
v -0.150083 1.575653 -0.078923
v 0.957141 0.015653 -0.673923
v 0.963787 0.020000 -0.672953
v -0.150083 1.575653 -0.078923
v -0.153870 1.575653 -0.085970
v 0.953354 0.015653 -0.680970
v 0.957141 0.015653 -0.673923
v -0.153870 1.575653 -0.085970
v -0.151011 1.580000 -0.092047
v 0.956213 0.020000 -0.687047
v 0.953354 0.015653 -0.680970
v -0.147224 1.580000 -0.085000
v -0.151011 1.580000 -0.092047
v -0.144366 1.584347 -0.091077
v -0.144366 1.584347 -0.091077
v -0.140579 1.584347 -0.084030
v -0.140579 1.584347 -0.084030
v -0.143437 1.580000 -0.077953
v -0.143437 1.580000 -0.077953
v -0.150083 1.575653 -0.078923
v -0.150083 1.575653 -0.078923
v -0.153870 1.575653 -0.085970
v -0.153870 1.575653 -0.085970
v -0.151011 1.580000 -0.092047
v 0.960000 0.020000 -0.680000
v 0.956213 0.020000 -0.687047
v 0.962859 0.024347 -0.686077
v 0.962859 0.024347 -0.686077
v 0.966646 0.024347 -0.679030
v 0.966646 0.024347 -0.679030
v 0.963787 0.020000 -0.672953
v 0.963787 0.020000 -0.672953
v 0.957141 0.015653 -0.673923
v 0.957141 0.015653 -0.673923
v 0.953354 0.015653 -0.680970
v 0.953354 0.015653 -0.680970
v 0.956213 0.020000 -0.687047
v 0.960000 0.011827 -0.664526
v 0.973108 0.007731 -0.671887
v 0.991897 0.091598 -0.682855
v 0.980571 0.095138 -0.676494
v 0.973108 0.007731 -0.671887
v 0.973108 0.005904 -0.687361
v 0.991897 0.090020 -0.696226
v 0.991897 0.091598 -0.682855
v 0.973108 0.005904 -0.687361
v 0.960000 0.008173 -0.695474
v 0.980571 0.091980 -0.703237
v 0.991897 0.090020 -0.696226
v 0.960000 0.008173 -0.695474
v 0.946892 0.012269 -0.688113
v 0.969245 0.095520 -0.696876
v 0.980571 0.091980 -0.703237
v 0.946892 0.012269 -0.688113
v 0.946892 0.014096 -0.672639
v 0.969245 0.097098 -0.683505
v 0.969245 0.095520 -0.696876
v 0.946892 0.014096 -0.672639
v 0.960000 0.011827 -0.664526
v 0.980571 0.095138 -0.676494
v 0.969245 0.097098 -0.683505
v 0.960000 0.010000 -0.680000
v 0.960000 0.011827 -0.664526
v 0.973108 0.007731 -0.671887
v 0.973108 0.007731 -0.671887
v 0.973108 0.005904 -0.687361
v 0.973108 0.005904 -0.687361
v 0.960000 0.008173 -0.695474
v 0.960000 0.008173 -0.695474
v 0.946892 0.012269 -0.688113
v 0.946892 0.012269 -0.688113
v 0.946892 0.014096 -0.672639
v 0.946892 0.014096 -0.672639
v 0.960000 0.011827 -0.664526
v 0.980571 0.093559 -0.689866
v 0.980571 0.095138 -0.676494
v 0.991897 0.091598 -0.682855
v 0.991897 0.091598 -0.682855
v 0.991897 0.090020 -0.696226
v 0.991897 0.090020 -0.696226
v 0.980571 0.091980 -0.703237
v 0.980571 0.091980 -0.703237
v 0.969245 0.095520 -0.696876
v 0.969245 0.095520 -0.696876
v 0.969245 0.097098 -0.683505
v 0.969245 0.097098 -0.683505
v 0.980571 0.095138 -0.676494
v 0.980571 0.092113 -0.674265
v 0.994140 0.092908 -0.682058
v 0.993291 0.199362 -0.672352
v 0.980000 0.198584 -0.664718
v 0.994140 0.092908 -0.682058
v 0.994140 0.094354 -0.697659
v 0.993291 0.200779 -0.687635
v 0.993291 0.199362 -0.672352
v 0.994140 0.094354 -0.697659
v 0.980571 0.095005 -0.705466
v 0.980000 0.201416 -0.695282
v 0.993291 0.200779 -0.687635
v 0.980571 0.095005 -0.705466
v 0.967002 0.094210 -0.697673
v 0.966709 0.200638 -0.687648
v 0.980000 0.201416 -0.695282
v 0.967002 0.094210 -0.697673
v 0.967002 0.092764 -0.682072
v 0.966709 0.199221 -0.672365
v 0.966709 0.200638 -0.687648
v 0.967002 0.092764 -0.682072
v 0.980571 0.092113 -0.674265
v 0.980000 0.198584 -0.664718
v 0.966709 0.199221 -0.672365
v 0.980571 0.093559 -0.689866
v 0.980571 0.092113 -0.674265
v 0.994140 0.092908 -0.682058
v 0.994140 0.092908 -0.682058
v 0.994140 0.094354 -0.697659
v 0.994140 0.094354 -0.697659
v 0.980571 0.095005 -0.705466
v 0.980571 0.095005 -0.705466
v 0.967002 0.094210 -0.697673
v 0.967002 0.094210 -0.697673
v 0.967002 0.092764 -0.682072
v 0.967002 0.092764 -0.682072
v 0.980571 0.092113 -0.674265
v 0.980000 0.200000 -0.680000
v 0.980000 0.198584 -0.664718
v 0.993291 0.199362 -0.672352
v 0.993291 0.199362 -0.672352
v 0.993291 0.200779 -0.687635
v 0.993291 0.200779 -0.687635
v 0.980000 0.201416 -0.695282
v 0.980000 0.201416 -0.695282
v 0.966709 0.200638 -0.687648
v 0.966709 0.200638 -0.687648
v 0.966709 0.199221 -0.672365
v 0.966709 0.199221 -0.672365
v 0.980000 0.198584 -0.664718
v 0.155154 1.580000 -0.083943
v 0.150445 1.584028 -0.078884
v 0.003221 0.024028 1.026116
v 0.007930 0.020000 1.021057
v 0.150445 1.584028 -0.078884
v 0.142515 1.584028 -0.079941
v -0.004709 0.024028 1.025059
v 0.003221 0.024028 1.026116
v 0.142515 1.584028 -0.079941
v 0.139294 1.580000 -0.086057
v -0.007930 0.020000 1.018943
v -0.004709 0.024028 1.025059
v 0.139294 1.580000 -0.086057
v 0.144004 1.575972 -0.091116
v -0.003221 0.015972 1.013884
v -0.007930 0.020000 1.018943
v 0.144004 1.575972 -0.091116
v 0.151934 1.575972 -0.090059
v 0.004709 0.015972 1.014941
v -0.003221 0.015972 1.013884
v 0.151934 1.575972 -0.090059
v 0.155154 1.580000 -0.083943
v 0.007930 0.020000 1.021057
v 0.004709 0.015972 1.014941
v 0.147224 1.580000 -0.085000
v 0.155154 1.580000 -0.083943
v 0.150445 1.584028 -0.078884
v 0.150445 1.584028 -0.078884
v 0.142515 1.584028 -0.079941
v 0.142515 1.584028 -0.079941
v 0.139294 1.580000 -0.086057
v 0.139294 1.580000 -0.086057
v 0.144004 1.575972 -0.091116
v 0.144004 1.575972 -0.091116
v 0.151934 1.575972 -0.090059
v 0.151934 1.575972 -0.090059
v 0.155154 1.580000 -0.083943
v 0.000000 0.020000 1.020000
v 0.007930 0.020000 1.021057
v 0.003221 0.024028 1.026116
v 0.003221 0.024028 1.026116
v -0.004709 0.024028 1.025059
v -0.004709 0.024028 1.025059
v -0.007930 0.020000 1.018943
v -0.007930 0.020000 1.018943
v -0.003221 0.015972 1.013884
v -0.003221 0.015972 1.013884
v 0.004709 0.015972 1.014941
v 0.004709 0.015972 1.014941
v 0.007930 0.020000 1.021057
v 0.000000 0.007418 1.037074
v 0.014941 0.009325 1.028630
v 0.010257 0.121987 1.045712
v -0.004755 0.120071 1.054195
v 0.014941 0.009325 1.028630
v 0.014941 0.011908 1.011556
v 0.010257 0.124582 1.028557
v 0.010257 0.121987 1.045712
v 0.014941 0.011908 1.011556
v 0.000000 0.012582 1.002926
v -0.004755 0.125260 1.019886
v 0.010257 0.124582 1.028557
v 0.000000 0.012582 1.002926
v -0.014941 0.010675 1.011370
v -0.019768 0.123343 1.028369
v -0.004755 0.125260 1.019886
v -0.014941 0.010675 1.011370
v -0.014941 0.008092 1.028444
v -0.019768 0.120748 1.045524
v -0.019768 0.123343 1.028369
v -0.014941 0.008092 1.028444
v 0.000000 0.007418 1.037074
v -0.004755 0.120071 1.054195
v -0.019768 0.120748 1.045524
v 0.000000 0.010000 1.020000
v 0.000000 0.007418 1.037074
v 0.014941 0.009325 1.028630
v 0.014941 0.009325 1.028630
v 0.014941 0.011908 1.011556
v 0.014941 0.011908 1.011556
v 0.000000 0.012582 1.002926
v 0.000000 0.012582 1.002926
v -0.014941 0.010675 1.011370
v -0.014941 0.010675 1.011370
v -0.014941 0.008092 1.028444
v -0.014941 0.008092 1.028444
v 0.000000 0.007418 1.037074
v -0.004755 0.122665 1.037041
v -0.004755 0.120071 1.054195
v 0.010257 0.121987 1.045712
v 0.010257 0.121987 1.045712
v 0.010257 0.124582 1.028557
v 0.010257 0.124582 1.028557
v -0.004755 0.125260 1.019886
v -0.004755 0.125260 1.019886
v -0.019768 0.123343 1.028369
v -0.019768 0.123343 1.028369
v -0.019768 0.120748 1.045524
v -0.019768 0.120748 1.045524
v -0.004755 0.120071 1.054195
v -0.004755 0.125841 1.051453
v 0.007444 0.120529 1.045068
v 0.031219 0.198035 1.027382
v 0.020000 0.202921 1.033255
v 0.007444 0.120529 1.045068
v 0.007444 0.117353 1.030655
v 0.031219 0.195115 1.014127
v 0.031219 0.198035 1.027382
v 0.007444 0.117353 1.030655
v -0.004755 0.119489 1.022628
v 0.020000 0.197079 1.006745
v 0.031219 0.195115 1.014127
v -0.004755 0.119489 1.022628
v -0.016955 0.124801 1.029014
v 0.008781 0.201965 1.012618
v 0.020000 0.197079 1.006745
v -0.016955 0.124801 1.029014
v -0.016955 0.127977 1.043426
v 0.008781 0.204885 1.025873
v 0.008781 0.201965 1.012618
v -0.016955 0.127977 1.043426
v -0.004755 0.125841 1.051453
v 0.020000 0.202921 1.033255
v 0.008781 0.204885 1.025873
v -0.004755 0.122665 1.037041
v -0.004755 0.125841 1.051453
v 0.007444 0.120529 1.045068
v 0.007444 0.120529 1.045068
v 0.007444 0.117353 1.030655
v 0.007444 0.117353 1.030655
v -0.004755 0.119489 1.022628
v -0.004755 0.119489 1.022628
v -0.016955 0.124801 1.029014
v -0.016955 0.124801 1.029014
v -0.016955 0.127977 1.043426
v -0.016955 0.127977 1.043426
v -0.004755 0.125841 1.051453
v 0.020000 0.200000 1.020000
v 0.020000 0.202921 1.033255
v 0.031219 0.198035 1.027382
v 0.031219 0.198035 1.027382
v 0.031219 0.195115 1.014127
v 0.031219 0.195115 1.014127
v 0.020000 0.197079 1.006745
v 0.020000 0.197079 1.006745
v 0.008781 0.201965 1.012618
v 0.008781 0.201965 1.012618
v 0.008781 0.204885 1.025873
v 0.008781 0.204885 1.025873
v 0.020000 0.202921 1.033255
vt 0.000000 0.000000
vt 1.000000 0.000000
vt 1.000000 1.000000
vt 0.000000 1.000000
vt 0.000000 0.000000
vt 1.000000 0.000000
vt 1.000000 1.000000
vt 0.000000 1.000000
vt 0.000000 0.000000
vt 1.000000 0.000000
vt 1.000000 1.000000
vt 0.000000 1.000000
vt 0.000000 0.000000
vt 1.000000 0.000000
vt 1.000000 1.000000
vt 0.000000 1.000000
vt 0.000000 0.000000
vt 1.000000 0.000000
vt 1.000000 1.000000
vt 0.000000 1.000000
vt 0.000000 0.000000
vt 1.000000 0.000000
vt 1.000000 1.000000
vt 0.000000 1.000000
vt 0.000000 0.000000
vt 1.000000 0.000000
vt 1.000000 1.000000
vt 0.000000 1.000000
vt 0.000000 0.000000
vt 1.000000 0.000000
vt 1.000000 1.000000
vt 0.000000 1.000000
vt 0.500000 0.500000
vt 0.000000 0.000000
vt 1.000000 0.000000
vt 0.000000 0.000000
vt 1.000000 0.000000
vt 0.000000 0.000000
vt 1.000000 0.000000
vt 0.000000 0.000000
vt 1.000000 0.000000
vt 0.000000 0.000000
vt 1.000000 0.000000
vt 0.000000 0.000000
vt 1.000000 0.000000
vt 0.000000 0.000000
vt 1.000000 0.000000
vt 0.000000 0.000000
vt 1.000000 0.000000
vt 0.500000 0.500000
vt 0.000000 0.000000
vt 1.000000 0.000000
vt 0.000000 0.000000
vt 1.000000 0.000000
vt 0.000000 0.000000
vt 1.000000 0.000000
vt 0.000000 0.000000
vt 1.000000 0.000000
vt 0.000000 0.000000
vt 1.000000 0.000000
vt 0.000000 0.000000
vt 1.000000 0.000000
vt 0.000000 0.000000
vt 1.000000 0.000000
vt 0.000000 0.000000
vt 1.000000 0.000000
vt 0.000000 0.000000
vt 1.000000 0.000000
vt 1.000000 1.000000
vt 0.000000 1.000000
vt 0.000000 0.000000
vt 1.000000 0.000000
vt 1.000000 1.000000
vt 0.000000 1.000000
vt 0.000000 0.000000
vt 1.000000 0.000000
vt 1.000000 1.000000
vt 0.000000 1.000000
vt 0.000000 0.000000
vt 1.000000 0.000000
vt 1.000000 1.000000
vt 0.000000 1.000000
vt 0.000000 0.000000
vt 1.000000 0.000000
vt 1.000000 1.000000
vt 0.000000 1.000000
vt 0.000000 0.000000
vt 1.000000 0.000000
vt 1.000000 1.000000
vt 0.000000 1.000000
vt 0.000000 0.000000
vt 1.000000 0.000000
vt 1.000000 1.000000
vt 0.000000 1.000000
vt 0.000000 0.000000
vt 1.000000 0.000000
vt 1.000000 1.000000
vt 0.000000 1.000000
vt 0.500000 0.500000
vt 0.000000 0.000000
vt 1.000000 0.000000
vt 0.000000 0.000000
vt 1.000000 0.000000
vt 0.000000 0.000000
vt 1.000000 0.000000
vt 0.000000 0.000000
vt 1.000000 0.000000
vt 0.000000 0.000000
vt 1.000000 0.000000
vt 0.000000 0.000000
vt 1.000000 0.000000
vt 0.000000 0.000000
vt 1.000000 0.000000
vt 0.000000 0.000000
vt 1.000000 0.000000
vt 0.500000 0.500000
vt 0.000000 0.000000
vt 1.000000 0.000000
vt 0.000000 0.000000
vt 1.000000 0.000000
vt 0.000000 0.000000
vt 1.000000 0.000000
vt 0.000000 0.000000
vt 1.000000 0.000000
vt 0.000000 0.000000
vt 1.000000 0.000000
vt 0.000000 0.000000
vt 1.000000 0.000000
vt 0.000000 0.000000
vt 1.000000 0.000000
vt 0.000000 0.000000
vt 1.000000 0.000000
vt 0.000000 0.000000
vt 1.000000 0.000000
vt 1.000000 1.000000
vt 0.000000 1.000000
vt 0.000000 0.000000
vt 1.000000 0.000000
vt 1.000000 1.000000
vt 0.000000 1.000000
vt 0.000000 0.000000
vt 1.000000 0.000000
vt 1.000000 1.000000
vt 0.000000 1.000000
vt 0.000000 0.000000
vt 1.000000 0.000000
vt 1.000000 1.000000
vt 0.000000 1.000000
vt 0.000000 0.000000
vt 1.000000 0.000000
vt 1.000000 1.000000
vt 0.000000 1.000000
vt 0.000000 0.000000
vt 1.000000 0.000000
vt 1.000000 1.000000
vt 0.000000 1.000000
vt 0.000000 0.000000
vt 1.000000 0.000000
vt 1.000000 1.000000
vt 0.000000 1.000000
vt 0.000000 0.000000
vt 1.000000 0.000000
vt 1.000000 1.000000
vt 0.000000 1.000000
vt 0.500000 0.500000
vt 0.000000 0.000000
vt 1.000000 0.000000
vt 0.000000 0.000000
vt 1.000000 0.000000
vt 0.000000 0.000000
vt 1.000000 0.000000
vt 0.000000 0.000000
vt 1.000000 0.000000
vt 0.000000 0.000000
vt 1.000000 0.000000
vt 0.000000 0.000000
vt 1.000000 0.000000
vt 0.000000 0.000000
vt 1.000000 0.000000
vt 0.000000 0.000000
vt 1.000000 0.000000
vt 0.500000 0.500000
vt 0.000000 0.000000
vt 1.000000 0.000000
vt 0.000000 0.000000
vt 1.000000 0.000000
vt 0.000000 0.000000
vt 1.000000 0.000000
vt 0.000000 0.000000
vt 1.000000 0.000000
vt 0.000000 0.000000
vt 1.000000 0.000000
vt 0.000000 0.000000
vt 1.000000 0.000000
vt 0.000000 0.000000
vt 1.000000 0.000000
vt 0.000000 0.000000
vt 1.000000 0.000000
vt 0.000000 0.000000
vt 1.000000 0.000000
vt 1.000000 1.000000
vt 0.000000 1.000000
vt 0.000000 0.000000
vt 1.000000 0.000000
vt 1.000000 1.000000
vt 0.000000 1.000000
vt 0.000000 0.000000
vt 1.000000 0.000000
vt 1.000000 1.000000
vt 0.000000 1.000000
vt 0.000000 0.000000
vt 1.000000 0.000000
vt 1.000000 1.000000
vt 0.000000 1.000000
vt 0.000000 0.000000
vt 1.000000 0.000000
vt 1.000000 1.000000
vt 0.000000 1.000000
vt 0.000000 0.000000
vt 1.000000 0.000000
vt 1.000000 1.000000
vt 0.000000 1.000000
vt 0.000000 0.000000
vt 1.000000 0.000000
vt 1.000000 1.000000
vt 0.000000 1.000000
vt 0.000000 0.000000
vt 1.000000 0.000000
vt 1.000000 1.000000
vt 0.000000 1.000000
vt 0.500000 0.500000
vt 0.000000 0.000000
vt 1.000000 0.000000
vt 0.000000 0.000000
vt 1.000000 0.000000
vt 0.000000 0.000000
vt 1.000000 0.000000
vt 0.000000 0.000000
vt 1.000000 0.000000
vt 0.000000 0.000000
vt 1.000000 0.000000
vt 0.000000 0.000000
vt 1.000000 0.000000
vt 0.000000 0.000000
vt 1.000000 0.000000
vt 0.000000 0.000000
vt 1.000000 0.000000
vt 0.500000 0.500000
vt 0.000000 0.000000
vt 1.000000 0.000000
vt 0.000000 0.000000
vt 1.000000 0.000000
vt 0.000000 0.000000
vt 1.000000 0.000000
vt 0.000000 0.000000
vt 1.000000 0.000000
vt 0.000000 0.000000
vt 1.000000 0.000000
vt 0.000000 0.000000
vt 1.000000 0.000000
vt 0.000000 0.000000
vt 1.000000 0.000000
vt 0.000000 0.000000
vt 1.000000 0.000000
vt 0.000000 0.000000
vt 1.000000 0.000000
vt 1.000000 1.000000
vt 0.000000 1.000000
vt 0.000000 0.000000
vt 1.000000 0.000000
vt 1.000000 1.000000
vt 0.000000 1.000000
vt 0.000000 0.000000
vt 1.000000 0.000000
vt 1.000000 1.000000
vt 0.000000 1.000000
vt 0.000000 0.000000
vt 1.000000 0.000000
vt 1.000000 1.000000
vt 0.000000 1.000000
vt 0.000000 0.000000
vt 1.000000 0.000000
vt 1.000000 1.000000
vt 0.000000 1.000000
vt 0.000000 0.000000
vt 1.000000 0.000000
vt 1.000000 1.000000
vt 0.000000 1.000000
vt 0.000000 0.000000
vt 1.000000 0.000000
vt 1.000000 1.000000
vt 0.000000 1.000000
vt 0.000000 0.000000
vt 1.000000 0.000000
vt 1.000000 1.000000
vt 0.000000 1.000000
vt 0.500000 0.500000
vt 0.000000 0.000000
vt 1.000000 0.000000
vt 0.000000 0.000000
vt 1.000000 0.000000
vt 0.000000 0.000000
vt 1.000000 0.000000
vt 0.000000 0.000000
vt 1.000000 0.000000
vt 0.000000 0.000000
vt 1.000000 0.000000
vt 0.000000 0.000000
vt 1.000000 0.000000
vt 0.000000 0.000000
vt 1.000000 0.000000
vt 0.000000 0.000000
vt 1.000000 0.000000
vt 0.500000 0.500000
vt 0.000000 0.000000
vt 1.000000 0.000000
vt 0.000000 0.000000
vt 1.000000 0.000000
vt 0.000000 0.000000
vt 1.000000 0.000000
vt 0.000000 0.000000
vt 1.000000 0.000000
vt 0.000000 0.000000
vt 1.000000 0.000000
vt 0.000000 0.000000
vt 1.000000 0.000000
vt 0.000000 0.000000
vt 1.000000 0.000000
vt 0.000000 0.000000
vt 1.000000 0.000000
vt 0.000000 0.000000
vt 1.000000 0.000000
vt 1.000000 1.000000
vt 0.000000 1.000000
vt 0.000000 0.000000
vt 1.000000 0.000000
vt 1.000000 1.000000
vt 0.000000 1.000000
vt 0.000000 0.000000
vt 1.000000 0.000000
vt 1.000000 1.000000
vt 0.000000 1.000000
vt 0.000000 0.000000
vt 1.000000 0.000000
vt 1.000000 1.000000
vt 0.000000 1.000000
vt 0.000000 0.000000
vt 1.000000 0.000000
vt 1.000000 1.000000
vt 0.000000 1.000000
vt 0.000000 0.000000
vt 1.000000 0.000000
vt 1.000000 1.000000
vt 0.000000 1.000000
vt 0.000000 0.000000
vt 1.000000 0.000000
vt 1.000000 1.000000
vt 0.000000 1.000000
vt 0.000000 0.000000
vt 1.000000 0.000000
vt 1.000000 1.000000
vt 0.000000 1.000000
vt 0.500000 0.500000
vt 0.000000 0.000000
vt 1.000000 0.000000
vt 0.000000 0.000000
vt 1.000000 0.000000
vt 0.000000 0.000000
vt 1.000000 0.000000
vt 0.000000 0.000000
vt 1.000000 0.000000
vt 0.000000 0.000000
vt 1.000000 0.000000
vt 0.000000 0.000000
vt 1.000000 0.000000
vt 0.000000 0.000000
vt 1.000000 0.000000
vt 0.000000 0.000000
vt 1.000000 0.000000
vt 0.500000 0.500000
vt 0.000000 0.000000
vt 1.000000 0.000000
vt 0.000000 0.000000
vt 1.000000 0.000000
vt 0.000000 0.000000
vt 1.000000 0.000000
vt 0.000000 0.000000
vt 1.000000 0.000000
vt 0.000000 0.000000
vt 1.000000 0.000000
vt 0.000000 0.000000
vt 1.000000 0.000000
vt 0.000000 0.000000
vt 1.000000 0.000000
vt 0.000000 0.000000
vt 1.000000 0.000000
vt 0.000000 0.000000
vt 1.000000 0.000000
vt 1.000000 1.000000
vt 0.000000 1.000000
vt 0.000000 0.000000
vt 1.000000 0.000000
vt 1.000000 1.000000
vt 0.000000 1.000000
vt 0.000000 0.000000
vt 1.000000 0.000000
vt 1.000000 1.000000
vt 0.000000 1.000000
vt 0.000000 0.000000
vt 1.000000 0.000000
vt 1.000000 1.000000
vt 0.000000 1.000000
vt 0.000000 0.000000
vt 1.000000 0.000000
vt 1.000000 1.000000
vt 0.000000 1.000000
vt 0.000000 0.000000
vt 1.000000 0.000000
vt 1.000000 1.000000
vt 0.000000 1.000000
vt 0.000000 0.000000
vt 1.000000 0.000000
vt 1.000000 1.000000
vt 0.000000 1.000000
vt 0.000000 0.000000
vt 1.000000 0.000000
vt 1.000000 1.000000
vt 0.000000 1.000000
vt 0.500000 0.500000
vt 0.000000 0.000000
vt 1.000000 0.000000
vt 0.000000 0.000000
vt 1.000000 0.000000
vt 0.000000 0.000000
vt 1.000000 0.000000
vt 0.000000 0.000000
vt 1.000000 0.000000
vt 0.000000 0.000000
vt 1.000000 0.000000
vt 0.000000 0.000000
vt 1.000000 0.000000
vt 0.000000 0.000000
vt 1.000000 0.000000
vt 0.000000 0.000000
vt 1.000000 0.000000
vt 0.500000 0.500000
vt 0.000000 0.000000
vt 1.000000 0.000000
vt 0.000000 0.000000
vt 1.000000 0.000000
vt 0.000000 0.000000
vt 1.000000 0.000000
vt 0.000000 0.000000
vt 1.000000 0.000000
vt 0.000000 0.000000
vt 1.000000 0.000000
vt 0.000000 0.000000
vt 1.000000 0.000000
vt 0.000000 0.000000
vt 1.000000 0.000000
vt 0.000000 0.000000
vt 1.000000 0.000000
vt 0.000000 0.000000
vt 1.000000 0.000000
vt 1.000000 1.000000
vt 0.000000 1.000000
vt 0.000000 0.000000
vt 1.000000 0.000000
vt 1.000000 1.000000
vt 0.000000 1.000000
vt 0.000000 0.000000
vt 1.000000 0.000000
vt 1.000000 1.000000
vt 0.000000 1.000000
vt 0.000000 0.000000
vt 1.000000 0.000000
vt 1.000000 1.000000
vt 0.000000 1.000000
vt 0.000000 0.000000
vt 1.000000 0.000000
vt 1.000000 1.000000
vt 0.000000 1.000000
vt 0.000000 0.000000
vt 1.000000 0.000000
vt 1.000000 1.000000
vt 0.000000 1.000000
vt 0.000000 0.000000
vt 1.000000 0.000000
vt 1.000000 1.000000
vt 0.000000 1.000000
vt 0.000000 0.000000
vt 1.000000 0.000000
vt 1.000000 1.000000
vt 0.000000 1.000000
vt 0.500000 0.500000
vt 0.000000 0.000000
vt 1.000000 0.000000
vt 0.000000 0.000000
vt 1.000000 0.000000
vt 0.000000 0.000000
vt 1.000000 0.000000
vt 0.000000 0.000000
vt 1.000000 0.000000
vt 0.000000 0.000000
vt 1.000000 0.000000
vt 0.000000 0.000000
vt 1.000000 0.000000
vt 0.000000 0.000000
vt 1.000000 0.000000
vt 0.000000 0.000000
vt 1.000000 0.000000
vt 0.500000 0.500000
vt 0.000000 0.000000
vt 1.000000 0.000000
vt 0.000000 0.000000
vt 1.000000 0.000000
vt 0.000000 0.000000
vt 1.000000 0.000000
vt 0.000000 0.000000
vt 1.000000 0.000000
vt 0.000000 0.000000
vt 1.000000 0.000000
vt 0.000000 0.000000
vt 1.000000 0.000000
vt 0.000000 0.000000
vt 1.000000 0.000000
vt 0.000000 0.000000
vt 1.000000 0.000000
vt 0.000000 0.000000
vt 1.000000 0.000000
vt 1.000000 1.000000
vt 0.000000 1.000000
vt 0.000000 0.000000
vt 1.000000 0.000000
vt 1.000000 1.000000
vt 0.000000 1.000000
vt 0.000000 0.000000
vt 1.000000 0.000000
vt 1.000000 1.000000
vt 0.000000 1.000000
vt 0.000000 0.000000
vt 1.000000 0.000000
vt 1.000000 1.000000
vt 0.000000 1.000000
vt 0.000000 0.000000
vt 1.000000 0.000000
vt 1.000000 1.000000
vt 0.000000 1.000000
vt 0.000000 0.000000
vt 1.000000 0.000000
vt 1.000000 1.000000
vt 0.000000 1.000000
vt 0.000000 0.000000
vt 1.000000 0.000000
vt 1.000000 1.000000
vt 0.000000 1.000000
vt 0.000000 0.000000
vt 1.000000 0.000000
vt 1.000000 1.000000
vt 0.000000 1.000000
vt 0.500000 0.500000
vt 0.000000 0.000000
vt 1.000000 0.000000
vt 0.000000 0.000000
vt 1.000000 0.000000
vt 0.000000 0.000000
vt 1.000000 0.000000
vt 0.000000 0.000000
vt 1.000000 0.000000
vt 0.000000 0.000000
vt 1.000000 0.000000
vt 0.000000 0.000000
vt 1.000000 0.000000
vt 0.000000 0.000000
vt 1.000000 0.000000
vt 0.000000 0.000000
vt 1.000000 0.000000
vt 0.500000 0.500000
vt 0.000000 0.000000
vt 1.000000 0.000000
vt 0.000000 0.000000
vt 1.000000 0.000000
vt 0.000000 0.000000
vt 1.000000 0.000000
vt 0.000000 0.000000
vt 1.000000 0.000000
vt 0.000000 0.000000
vt 1.000000 0.000000
vt 0.000000 0.000000
vt 1.000000 0.000000
vt 0.000000 0.000000
vt 1.000000 0.000000
vt 0.000000 0.000000
vt 1.000000 0.000000
vt 0.000000 0.000000
vt 1.000000 0.000000
vt 1.000000 1.000000
vt 0.000000 1.000000
vt 0.000000 0.000000
vt 1.000000 0.000000
vt 1.000000 1.000000
vt 0.000000 1.000000
vt 0.000000 0.000000
vt 1.000000 0.000000
vt 1.000000 1.000000
vt 0.000000 1.000000
vt 0.000000 0.000000
vt 1.000000 0.000000
vt 1.000000 1.000000
vt 0.000000 1.000000
vt 0.000000 0.000000
vt 1.000000 0.000000
vt 1.000000 1.000000
vt 0.000000 1.000000
vt 0.000000 0.000000
vt 1.000000 0.000000
vt 1.000000 1.000000
vt 0.000000 1.000000
vt 0.000000 0.000000
vt 1.000000 0.000000
vt 1.000000 1.000000
vt 0.000000 1.000000
vt 0.000000 0.000000
vt 1.000000 0.000000
vt 1.000000 1.000000
vt 0.000000 1.000000
vt 0.500000 0.500000
vt 0.000000 0.000000
vt 1.000000 0.000000
vt 0.000000 0.000000
vt 1.000000 0.000000
vt 0.000000 0.000000
vt 1.000000 0.000000
vt 0.000000 0.000000
vt 1.000000 0.000000
vt 0.000000 0.000000
vt 1.000000 0.000000
vt 0.000000 0.000000
vt 1.000000 0.000000
vt 0.000000 0.000000
vt 1.000000 0.000000
vt 0.000000 0.000000
vt 1.000000 0.000000
vt 0.500000 0.500000
vt 0.000000 0.000000
vt 1.000000 0.000000
vt 0.000000 0.000000
vt 1.000000 0.000000
vt 0.000000 0.000000
vt 1.000000 0.000000
vt 0.000000 0.000000
vt 1.000000 0.000000
vt 0.000000 0.000000
vt 1.000000 0.000000
vt 0.000000 0.000000
vt 1.000000 0.000000
vt 0.000000 0.000000
vt 1.000000 0.000000
vt 0.000000 0.000000
vt 1.000000 0.000000
vt 0.000000 0.000000
vt 1.000000 0.000000
vt 1.000000 1.000000
vt 0.000000 1.000000
vt 0.000000 0.000000
vt 1.000000 0.000000
vt 1.000000 1.000000
vt 0.000000 1.000000
vt 0.000000 0.000000
vt 1.000000 0.000000
vt 1.000000 1.000000
vt 0.000000 1.000000
vt 0.000000 0.000000
vt 1.000000 0.000000
vt 1.000000 1.000000
vt 0.000000 1.000000
vt 0.000000 0.000000
vt 1.000000 0.000000
vt 1.000000 1.000000
vt 0.000000 1.000000
vt 0.000000 0.000000
vt 1.000000 0.000000
vt 1.000000 1.000000
vt 0.000000 1.000000
vt 0.000000 0.000000
vt 1.000000 0.000000
vt 1.000000 1.000000
vt 0.000000 1.000000
vt 0.000000 0.000000
vt 1.000000 0.000000
vt 1.000000 1.000000
vt 0.000000 1.000000
vt 0.500000 0.500000
vt 0.000000 0.000000
vt 1.000000 0.000000
vt 0.000000 0.000000
vt 1.000000 0.000000
vt 0.000000 0.000000
vt 1.000000 0.000000
vt 0.000000 0.000000
vt 1.000000 0.000000
vt 0.000000 0.000000
vt 1.000000 0.000000
vt 0.000000 0.000000
vt 1.000000 0.000000
vt 0.000000 0.000000
vt 1.000000 0.000000
vt 0.000000 0.000000
vt 1.000000 0.000000
vt 0.500000 0.500000
vt 0.000000 0.000000
vt 1.000000 0.000000
vt 0.000000 0.000000
vt 1.000000 0.000000
vt 0.000000 0.000000
vt 1.000000 0.000000
vt 0.000000 0.000000
vt 1.000000 0.000000
vt 0.000000 0.000000
vt 1.000000 0.000000
vt 0.000000 0.000000
vt 1.000000 0.000000
vt 0.000000 0.000000
vt 1.000000 0.000000
vt 0.000000 0.000000
vt 1.000000 0.000000
vt 0.000000 0.000000
vt 1.000000 0.000000
vt 1.000000 1.000000
vt 0.000000 1.000000
vt 0.000000 0.000000
vt 1.000000 0.000000
vt 1.000000 1.000000
vt 0.000000 1.000000
vt 0.000000 0.000000
vt 1.000000 0.000000
vt 1.000000 1.000000
vt 0.000000 1.000000
vt 0.000000 0.000000
vt 1.000000 0.000000
vt 1.000000 1.000000
vt 0.000000 1.000000
vt 0.000000 0.000000
vt 1.000000 0.000000
vt 1.000000 1.000000
vt 0.000000 1.000000
vt 0.000000 0.000000
vt 1.000000 0.000000
vt 1.000000 1.000000
vt 0.000000 1.000000
vt 0.000000 0.000000
vt 1.000000 0.000000
vt 1.000000 1.000000
vt 0.000000 1.000000
vt 0.000000 0.000000
vt 1.000000 0.000000
vt 1.000000 1.000000
vt 0.000000 1.000000
vt 0.500000 0.500000
vt 0.000000 0.000000
vt 1.000000 0.000000
vt 0.000000 0.000000
vt 1.000000 0.000000
vt 0.000000 0.000000
vt 1.000000 0.000000
vt 0.000000 0.000000
vt 1.000000 0.000000
vt 0.000000 0.000000
vt 1.000000 0.000000
vt 0.000000 0.000000
vt 1.000000 0.000000
vt 0.000000 0.000000
vt 1.000000 0.000000
vt 0.000000 0.000000
vt 1.000000 0.000000
vt 0.500000 0.500000
vt 0.000000 0.000000
vt 1.000000 0.000000
vt 0.000000 0.000000
vt 1.000000 0.000000
vt 0.000000 0.000000
vt 1.000000 0.000000
vt 0.000000 0.000000
vt 1.000000 0.000000
vt 0.000000 0.000000
vt 1.000000 0.000000
vt 0.000000 0.000000
vt 1.000000 0.000000
vt 0.000000 0.000000
vt 1.000000 0.000000
vt 0.000000 0.000000
vt 1.000000 0.000000
vt 0.000000 0.000000
vt 1.000000 0.000000
vt 1.000000 1.000000
vt 0.000000 1.000000
vt 0.000000 0.000000
vt 1.000000 0.000000
vt 1.000000 1.000000
vt 0.000000 1.000000
vt 0.000000 0.000000
vt 1.000000 0.000000
vt 1.000000 1.000000
vt 0.000000 1.000000
vt 0.000000 0.000000
vt 1.000000 0.000000
vt 1.000000 1.000000
vt 0.000000 1.000000
vt 0.000000 0.000000
vt 1.000000 0.000000
vt 1.000000 1.000000
vt 0.000000 1.000000
vt 0.000000 0.000000
vt 1.000000 0.000000
vt 1.000000 1.000000
vt 0.000000 1.000000
vt 0.000000 0.000000
vt 1.000000 0.000000
vt 1.000000 1.000000
vt 0.000000 1.000000
vt 0.500000 0.500000
vt 0.000000 0.000000
vt 1.000000 0.000000
vt 0.000000 0.000000
vt 1.000000 0.000000
vt 0.000000 0.000000
vt 1.000000 0.000000
vt 0.000000 0.000000
vt 1.000000 0.000000
vt 0.000000 0.000000
vt 1.000000 0.000000
vt 0.000000 0.000000
vt 1.000000 0.000000
vt 0.000000 0.000000
vt 1.000000 0.000000
vt 0.500000 0.500000
vt 0.000000 0.000000
vt 1.000000 0.000000
vt 0.000000 0.000000
vt 1.000000 0.000000
vt 0.000000 0.000000
vt 1.000000 0.000000
vt 0.000000 0.000000
vt 1.000000 0.000000
vt 0.000000 0.000000
vt 1.000000 0.000000
vt 0.000000 0.000000
vt 1.000000 0.000000
vt 0.000000 0.000000
vt 1.000000 0.000000
vt 0.000000 0.000000
vt 1.000000 0.000000
vt 1.000000 1.000000
vt 0.000000 1.000000
vt 0.000000 0.000000
vt 1.000000 0.000000
vt 1.000000 1.000000
vt 0.000000 1.000000
vt 0.000000 0.000000
vt 1.000000 0.000000
vt 1.000000 1.000000
vt 0.000000 1.000000
vt 0.000000 0.000000
vt 1.000000 0.000000
vt 1.000000 1.000000
vt 0.000000 1.000000
vt 0.000000 0.000000
vt 1.000000 0.000000
vt 1.000000 1.000000
vt 0.000000 1.000000
vt 0.000000 0.000000
vt 1.000000 0.000000
vt 1.000000 1.000000
vt 0.000000 1.000000
vt 0.000000 0.000000
vt 1.000000 0.000000
vt 1.000000 1.000000
vt 0.000000 1.000000
vt 0.500000 0.500000
vt 0.000000 0.000000
vt 1.000000 0.000000
vt 0.000000 0.000000
vt 1.000000 0.000000
vt 0.000000 0.000000
vt 1.000000 0.000000
vt 0.000000 0.000000
vt 1.000000 0.000000
vt 0.000000 0.000000
vt 1.000000 0.000000
vt 0.000000 0.000000
vt 1.000000 0.000000
vt 0.000000 0.000000
vt 1.000000 0.000000
vt 0.500000 0.500000
vt 0.000000 0.000000
vt 1.000000 0.000000
vt 0.000000 0.000000
vt 1.000000 0.000000
vt 0.000000 0.000000
vt 1.000000 0.000000
vt 0.000000 0.000000
vt 1.000000 0.000000
vt 0.000000 0.000000
vt 1.000000 0.000000
vt 0.000000 0.000000
vt 1.000000 0.000000
vt 0.000000 0.000000
vt 1.000000 0.000000
vt 0.000000 0.000000
vt 1.000000 0.000000
vt 1.000000 1.000000
vt 0.000000 1.000000
vt 0.000000 0.000000
vt 1.000000 0.000000
vt 1.000000 1.000000
vt 0.000000 1.000000
vt 0.000000 0.000000
vt 1.000000 0.000000
vt 1.000000 1.000000
vt 0.000000 1.000000
vt 0.000000 0.000000
vt 1.000000 0.000000
vt 1.000000 1.000000
vt 0.000000 1.000000
vt 0.000000 0.000000
vt 1.000000 0.000000
vt 1.000000 1.000000
vt 0.000000 1.000000
vt 0.000000 0.000000
vt 1.000000 0.000000
vt 1.000000 1.000000
vt 0.000000 1.000000
vt 0.000000 0.000000
vt 1.000000 0.000000
vt 1.000000 1.000000
vt 0.000000 1.000000
vt 0.500000 0.500000
vt 0.000000 0.000000
vt 1.000000 0.000000
vt 0.000000 0.000000
vt 1.000000 0.000000
vt 0.000000 0.000000
vt 1.000000 0.000000
vt 0.000000 0.000000
vt 1.000000 0.000000
vt 0.000000 0.000000
vt 1.000000 0.000000
vt 0.000000 0.000000
vt 1.000000 0.000000
vt 0.000000 0.000000
vt 1.000000 0.000000
vt 0.500000 0.500000
vt 0.000000 0.000000
vt 1.000000 0.000000
vt 0.000000 0.000000
vt 1.000000 0.000000
vt 0.000000 0.000000
vt 1.000000 0.000000
vt 0.000000 0.000000
vt 1.000000 0.000000
vt 0.000000 0.000000
vt 1.000000 0.000000
vt 0.000000 0.000000
vt 1.000000 0.000000
vt 0.000000 0.000000
vt 1.000000 0.000000
vt 0.000000 0.000000
vt 1.000000 0.000000
vt 1.000000 1.000000
vt 0.000000 1.000000
vt 0.000000 0.000000
vt 1.000000 0.000000
vt 1.000000 1.000000
vt 0.000000 1.000000
vt 0.000000 0.000000
vt 1.000000 0.000000
vt 1.000000 1.000000
vt 0.000000 1.000000
vt 0.000000 0.000000
vt 1.000000 0.000000
vt 1.000000 1.000000
vt 0.000000 1.000000
vt 0.000000 0.000000
vt 1.000000 0.000000
vt 1.000000 1.000000
vt 0.000000 1.000000
vt 0.000000 0.000000
vt 1.000000 0.000000
vt 1.000000 1.000000
vt 0.000000 1.000000
vt 0.000000 0.000000
vt 1.000000 0.000000
vt 1.000000 1.000000
vt 0.000000 1.000000
vt 0.500000 0.500000
vt 0.000000 0.000000
vt 1.000000 0.000000
vt 0.000000 0.000000
vt 1.000000 0.000000
vt 0.000000 0.000000
vt 1.000000 0.000000
vt 0.000000 0.000000
vt 1.000000 0.000000
vt 0.000000 0.000000
vt 1.000000 0.000000
vt 0.000000 0.000000
vt 1.000000 0.000000
vt 0.000000 0.000000
vt 1.000000 0.000000
vt 0.500000 0.500000
vt 0.000000 0.000000
vt 1.000000 0.000000
vt 0.000000 0.000000
vt 1.000000 0.000000
vt 0.000000 0.000000
vt 1.000000 0.000000
vt 0.000000 0.000000
vt 1.000000 0.000000
vt 0.000000 0.000000
vt 1.000000 0.000000
vt 0.000000 0.000000
vt 1.000000 0.000000
vt 0.000000 0.000000
vt 1.000000 0.000000
vt 0.000000 0.000000
vt 1.000000 0.000000
vt 1.000000 1.000000
vt 0.000000 1.000000
vt 0.000000 0.000000
vt 1.000000 0.000000
vt 1.000000 1.000000
vt 0.000000 1.000000
vt 0.000000 0.000000
vt 1.000000 0.000000
vt 1.000000 1.000000
vt 0.000000 1.000000
vt 0.000000 0.000000
vt 1.000000 0.000000
vt 1.000000 1.000000
vt 0.000000 1.000000
vt 0.000000 0.000000
vt 1.000000 0.000000
vt 1.000000 1.000000
vt 0.000000 1.000000
vt 0.000000 0.000000
vt 1.000000 0.000000
vt 1.000000 1.000000
vt 0.000000 1.000000
vt 0.000000 0.000000
vt 1.000000 0.000000
vt 1.000000 1.000000
vt 0.000000 1.000000
vt 0.500000 0.500000
vt 0.000000 0.000000
vt 1.000000 0.000000
vt 0.000000 0.000000
vt 1.000000 0.000000
vt 0.000000 0.000000
vt 1.000000 0.000000
vt 0.000000 0.000000
vt 1.000000 0.000000
vt 0.000000 0.000000
vt 1.000000 0.000000
vt 0.000000 0.000000
vt 1.000000 0.000000
vt 0.000000 0.000000
vt 1.000000 0.000000
vt 0.500000 0.500000
vt 0.000000 0.000000
vt 1.000000 0.000000
vt 0.000000 0.000000
vt 1.000000 0.000000
vt 0.000000 0.000000
vt 1.000000 0.000000
vt 0.000000 0.000000
vt 1.000000 0.000000
vt 0.000000 0.000000
vt 1.000000 0.000000
vt 0.000000 0.000000
vt 1.000000 0.000000
vt 0.000000 0.000000
vt 1.000000 0.000000
vt 0.000000 0.000000
vt 1.000000 0.000000
vt 1.000000 1.000000
vt 0.000000 1.000000
vt 0.000000 0.000000
vt 1.000000 0.000000
vt 1.000000 1.000000
vt 0.000000 1.000000
vt 0.000000 0.000000
vt 1.000000 0.000000
vt 1.000000 1.000000
vt 0.000000 1.000000
vt 0.000000 0.000000
vt 1.000000 0.000000
vt 1.000000 1.000000
vt 0.000000 1.000000
vt 0.000000 0.000000
vt 1.000000 0.000000
vt 1.000000 1.000000
vt 0.000000 1.000000
vt 0.000000 0.000000
vt 1.000000 0.000000
vt 1.000000 1.000000
vt 0.000000 1.000000
vt 0.000000 0.000000
vt 1.000000 0.000000
vt 1.000000 1.000000
vt 0.000000 1.000000
vt 0.500000 0.500000
vt 0.000000 0.000000
vt 1.000000 0.000000
vt 0.000000 0.000000
vt 1.000000 0.000000
vt 0.000000 0.000000
vt 1.000000 0.000000
vt 0.000000 0.000000
vt 1.000000 0.000000
vt 0.000000 0.000000
vt 1.000000 0.000000
vt 0.000000 0.000000
vt 1.000000 0.000000
vt 0.000000 0.000000
vt 1.000000 0.000000
vt 0.500000 0.500000
vt 0.000000 0.000000
vt 1.000000 0.000000
vt 0.000000 0.000000
vt 1.000000 0.000000
vt 0.000000 0.000000
vt 1.000000 0.000000
vt 0.000000 0.000000
vt 1.000000 0.000000
vt 0.000000 0.000000
vt 1.000000 0.000000
vt 0.000000 0.000000
vt 1.000000 0.000000
vt 0.000000 0.000000
vt 1.000000 0.000000
vt 0.000000 0.000000
vt 1.000000 0.000000
vt 1.000000 1.000000
vt 0.000000 1.000000
vt 0.000000 0.000000
vt 1.000000 0.000000
vt 1.000000 1.000000
vt 0.000000 1.000000
vt 0.000000 0.000000
vt 1.000000 0.000000
vt 1.000000 1.000000
vt 0.000000 1.000000
vt 0.000000 0.000000
vt 1.000000 0.000000
vt 1.000000 1.000000
vt 0.000000 1.000000
vt 0.000000 0.000000
vt 1.000000 0.000000
vt 1.000000 1.000000
vt 0.000000 1.000000
vt 0.000000 0.000000
vt 1.000000 0.000000
vt 1.000000 1.000000
vt 0.000000 1.000000
vt 0.000000 0.000000
vt 1.000000 0.000000
vt 1.000000 1.000000
vt 0.000000 1.000000
vt 0.500000 0.500000
vt 0.000000 0.000000
vt 1.000000 0.000000
vt 0.000000 0.000000
vt 1.000000 0.000000
vt 0.000000 0.000000
vt 1.000000 0.000000
vt 0.000000 0.000000
vt 1.000000 0.000000
vt 0.000000 0.000000
vt 1.000000 0.000000
vt 0.000000 0.000000
vt 1.000000 0.000000
vt 0.000000 0.000000
vt 1.000000 0.000000
vt 0.500000 0.500000
vt 0.000000 0.000000
vt 1.000000 0.000000
vt 0.000000 0.000000
vt 1.000000 0.000000
vt 0.000000 0.000000
vt 1.000000 0.000000
vt 0.000000 0.000000
vt 1.000000 0.000000
vt 0.000000 0.000000
vt 1.000000 0.000000
vt 0.000000 0.000000
vt 1.000000 0.000000
vt 0.000000 0.000000
vt 1.000000 0.000000
vt 0.000000 0.000000
vt 1.000000 0.000000
vt 1.000000 1.000000
vt 0.000000 1.000000
vt 0.000000 0.000000
vt 1.000000 0.000000
vt 1.000000 1.000000
vt 0.000000 1.000000
vt 0.000000 0.000000
vt 1.000000 0.000000
vt 1.000000 1.000000
vt 0.000000 1.000000
vt 0.000000 0.000000
vt 1.000000 0.000000
vt 1.000000 1.000000
vt 0.000000 1.000000
vt 0.000000 0.000000
vt 1.000000 0.000000
vt 1.000000 1.000000
vt 0.000000 1.000000
vt 0.000000 0.000000
vt 1.000000 0.000000
vt 1.000000 1.000000
vt 0.000000 1.000000
vt 0.000000 0.000000
vt 1.000000 0.000000
vt 1.000000 1.000000
vt 0.000000 1.000000
vt 0.500000 0.500000
vt 0.000000 0.000000
vt 1.000000 0.000000
vt 0.000000 0.000000
vt 1.000000 0.000000
vt 0.000000 0.000000
vt 1.000000 0.000000
vt 0.000000 0.000000
vt 1.000000 0.000000
vt 0.000000 0.000000
vt 1.000000 0.000000
vt 0.000000 0.000000
vt 1.000000 0.000000
vt 0.000000 0.000000
vt 1.000000 0.000000
vt 0.500000 0.500000
vt 0.000000 0.000000
vt 1.000000 0.000000
vt 0.000000 0.000000
vt 1.000000 0.000000
vt 0.000000 0.000000
vt 1.000000 0.000000
vt 0.000000 0.000000
vt 1.000000 0.000000
vt 0.000000 0.000000
vt 1.000000 0.000000
vt 0.000000 0.000000
vt 1.000000 0.000000
vt 0.000000 0.000000
vt 1.000000 0.000000
vt 0.000000 0.000000
vt 1.000000 0.000000
vt 1.000000 1.000000
vt 0.000000 1.000000
vt 0.000000 0.000000
vt 1.000000 0.000000
vt 1.000000 1.000000
vt 0.000000 1.000000
vt 0.000000 0.000000
vt 1.000000 0.000000
vt 1.000000 1.000000
vt 0.000000 1.000000
vt 0.000000 0.000000
vt 1.000000 0.000000
vt 1.000000 1.000000
vt 0.000000 1.000000
vt 0.000000 0.000000
vt 1.000000 0.000000
vt 1.000000 1.000000
vt 0.000000 1.000000
vt 0.000000 0.000000
vt 1.000000 0.000000
vt 1.000000 1.000000
vt 0.000000 1.000000
vt 0.000000 0.000000
vt 1.000000 0.000000
vt 1.000000 1.000000
vt 0.000000 1.000000
vt 0.500000 0.500000
vt 0.000000 0.000000
vt 1.000000 0.000000
vt 0.000000 0.000000
vt 1.000000 0.000000
vt 0.000000 0.000000
vt 1.000000 0.000000
vt 0.000000 0.000000
vt 1.000000 0.000000
vt 0.000000 0.000000
vt 1.000000 0.000000
vt 0.000000 0.000000
vt 1.000000 0.000000
vt 0.000000 0.000000
vt 1.000000 0.000000
vt 0.500000 0.500000
vt 0.000000 0.000000
vt 1.000000 0.000000
vt 0.000000 0.000000
vt 1.000000 0.000000
vt 0.000000 0.000000
vt 1.000000 0.000000
vt 0.000000 0.000000
vt 1.000000 0.000000
vt 0.000000 0.000000
vt 1.000000 0.000000
vt 0.000000 0.000000
vt 1.000000 0.000000
vt 0.000000 0.000000
vt 1.000000 0.000000
vt 0.000000 0.000000
vt 1.000000 0.000000
vt 1.000000 1.000000
vt 0.000000 1.000000
vt 0.000000 0.000000
vt 1.000000 0.000000
vt 1.000000 1.000000
vt 0.000000 1.000000
vt 0.000000 0.000000
vt 1.000000 0.000000
vt 1.000000 1.000000
vt 0.000000 1.000000
vt 0.000000 0.000000
vt 1.000000 0.000000
vt 1.000000 1.000000
vt 0.000000 1.000000
vt 0.000000 0.000000
vt 1.000000 0.000000
vt 1.000000 1.000000
vt 0.000000 1.000000
vt 0.000000 0.000000
vt 1.000000 0.000000
vt 1.000000 1.000000
vt 0.000000 1.000000
vt 0.000000 0.000000
vt 1.000000 0.000000
vt 1.000000 1.000000
vt 0.000000 1.000000
vt 0.500000 0.500000
vt 0.000000 0.000000
vt 1.000000 0.000000
vt 0.000000 0.000000
vt 1.000000 0.000000
vt 0.000000 0.000000
vt 1.000000 0.000000
vt 0.000000 0.000000
vt 1.000000 0.000000
vt 0.000000 0.000000
vt 1.000000 0.000000
vt 0.000000 0.000000
vt 1.000000 0.000000
vt 0.000000 0.000000
vt 1.000000 0.000000
vt 0.500000 0.500000
vt 0.000000 0.000000
vt 1.000000 0.000000
vt 0.000000 0.000000
vt 1.000000 0.000000
vt 0.000000 0.000000
vt 1.000000 0.000000
vt 0.000000 0.000000
vt 1.000000 0.000000
vt 0.000000 0.000000
vt 1.000000 0.000000
vt 0.000000 0.000000
vt 1.000000 0.000000
vt 0.000000 0.000000
vt 1.000000 0.000000
vt 0.000000 0.000000
vt 1.000000 0.000000
vt 1.000000 1.000000
vt 0.000000 1.000000
vt 0.000000 0.000000
vt 1.000000 0.000000
vt 1.000000 1.000000
vt 0.000000 1.000000
vt 0.000000 0.000000
vt 1.000000 0.000000
vt 1.000000 1.000000
vt 0.000000 1.000000
vt 0.000000 0.000000
vt 1.000000 0.000000
vt 1.000000 1.000000
vt 0.000000 1.000000
vt 0.000000 0.000000
vt 1.000000 0.000000
vt 1.000000 1.000000
vt 0.000000 1.000000
vt 0.000000 0.000000
vt 1.000000 0.000000
vt 1.000000 1.000000
vt 0.000000 1.000000
vt 0.000000 0.000000
vt 1.000000 0.000000
vt 1.000000 1.000000
vt 0.000000 1.000000
vt 0.500000 0.500000
vt 0.000000 0.000000
vt 1.000000 0.000000
vt 0.000000 0.000000
vt 1.000000 0.000000
vt 0.000000 0.000000
vt 1.000000 0.000000
vt 0.000000 0.000000
vt 1.000000 0.000000
vt 0.000000 0.000000
vt 1.000000 0.000000
vt 0.000000 0.000000
vt 1.000000 0.000000
vt 0.000000 0.000000
vt 1.000000 0.000000
vt 0.500000 0.500000
vt 0.000000 0.000000
vt 1.000000 0.000000
vt 0.000000 0.000000
vt 1.000000 0.000000
vt 0.000000 0.000000
vt 1.000000 0.000000
vt 0.000000 0.000000
vt 1.000000 0.000000
vt 0.000000 0.000000
vt 1.000000 0.000000
vt 0.000000 0.000000
vt 1.000000 0.000000
vt 0.000000 0.000000
vt 1.000000 0.000000
vt 0.000000 0.000000
vt 1.000000 0.000000
vt 1.000000 1.000000
vt 0.000000 1.000000
vt 0.000000 0.000000
vt 1.000000 0.000000
vt 1.000000 1.000000
vt 0.000000 1.000000
vt 0.000000 0.000000
vt 1.000000 0.000000
vt 1.000000 1.000000
vt 0.000000 1.000000
vt 0.000000 0.000000
vt 1.000000 0.000000
vt 1.000000 1.000000
vt 0.000000 1.000000
vt 0.000000 0.000000
vt 1.000000 0.000000
vt 1.000000 1.000000
vt 0.000000 1.000000
vt 0.000000 0.000000
vt 1.000000 0.000000
vt 1.000000 1.000000
vt 0.000000 1.000000
vt 0.000000 0.000000
vt 1.000000 0.000000
vt 1.000000 1.000000
vt 0.000000 1.000000
vt 0.500000 0.500000
vt 0.000000 0.000000
vt 1.000000 0.000000
vt 0.000000 0.000000
vt 1.000000 0.000000
vt 0.000000 0.000000
vt 1.000000 0.000000
vt 0.000000 0.000000
vt 1.000000 0.000000
vt 0.000000 0.000000
vt 1.000000 0.000000
vt 0.000000 0.000000
vt 1.000000 0.000000
vt 0.000000 0.000000
vt 1.000000 0.000000
vt 0.500000 0.500000
vt 0.000000 0.000000
vt 1.000000 0.000000
vt 0.000000 0.000000
vt 1.000000 0.000000
vt 0.000000 0.000000
vt 1.000000 0.000000
vt 0.000000 0.000000
vt 1.000000 0.000000
vt 0.000000 0.000000
vt 1.000000 0.000000
vt 0.000000 0.000000
vt 1.000000 0.000000
vt 0.000000 0.000000
vt 1.000000 0.000000
vt 0.000000 0.000000
vt 1.000000 0.000000
vt 1.000000 1.000000
vt 0.000000 1.000000
vt 0.000000 0.000000
vt 1.000000 0.000000
vt 1.000000 1.000000
vt 0.000000 1.000000
vt 0.000000 0.000000
vt 1.000000 0.000000
vt 1.000000 1.000000
vt 0.000000 1.000000
vt 0.000000 0.000000
vt 1.000000 0.000000
vt 1.000000 1.000000
vt 0.000000 1.000000
vt 0.000000 0.000000
vt 1.000000 0.000000
vt 1.000000 1.000000
vt 0.000000 1.000000
vt 0.000000 0.000000
vt 1.000000 0.000000
vt 1.000000 1.000000
vt 0.000000 1.000000
vt 0.000000 0.000000
vt 1.000000 0.000000
vt 1.000000 1.000000
vt 0.000000 1.000000
vt 0.500000 0.500000
vt 0.000000 0.000000
vt 1.000000 0.000000
vt 0.000000 0.000000
vt 1.000000 0.000000
vt 0.000000 0.000000
vt 1.000000 0.000000
vt 0.000000 0.000000
vt 1.000000 0.000000
vt 0.000000 0.000000
vt 1.000000 0.000000
vt 0.000000 0.000000
vt 1.000000 0.000000
vt 0.000000 0.000000
vt 1.000000 0.000000
vt 0.500000 0.500000
vt 0.000000 0.000000
vt 1.000000 0.000000
vt 0.000000 0.000000
vt 1.000000 0.000000
vt 0.000000 0.000000
vt 1.000000 0.000000
vt 0.000000 0.000000
vt 1.000000 0.000000
vt 0.000000 0.000000
vt 1.000000 0.000000
vt 0.000000 0.000000
vt 1.000000 0.000000
vt 0.000000 0.000000
vt 1.000000 0.000000
vt 0.000000 0.000000
vt 1.000000 0.000000
vt 1.000000 1.000000
vt 0.000000 1.000000
vt 0.000000 0.000000
vt 1.000000 0.000000
vt 1.000000 1.000000
vt 0.000000 1.000000
vt 0.000000 0.000000
vt 1.000000 0.000000
vt 1.000000 1.000000
vt 0.000000 1.000000
vt 0.000000 0.000000
vt 1.000000 0.000000
vt 1.000000 1.000000
vt 0.000000 1.000000
vt 0.000000 0.000000
vt 1.000000 0.000000
vt 1.000000 1.000000
vt 0.000000 1.000000
vt 0.000000 0.000000
vt 1.000000 0.000000
vt 1.000000 1.000000
vt 0.000000 1.000000
vt 0.000000 0.000000
vt 1.000000 0.000000
vt 1.000000 1.000000
vt 0.000000 1.000000
vt 0.500000 0.500000
vt 0.000000 0.000000
vt 1.000000 0.000000
vt 0.000000 0.000000
vt 1.000000 0.000000
vt 0.000000 0.000000
vt 1.000000 0.000000
vt 0.000000 0.000000
vt 1.000000 0.000000
vt 0.000000 0.000000
vt 1.000000 0.000000
vt 0.000000 0.000000
vt 1.000000 0.000000
vt 0.000000 0.000000
vt 1.000000 0.000000
vt 0.500000 0.500000
vt 0.000000 0.000000
vt 1.000000 0.000000
vt 0.000000 0.000000
vt 1.000000 0.000000
vt 0.000000 0.000000
vt 1.000000 0.000000
vt 0.000000 0.000000
vt 1.000000 0.000000
vt 0.000000 0.000000
vt 1.000000 0.000000
vt 0.000000 0.000000
vt 1.000000 0.000000
vt 0.000000 0.000000
vt 1.000000 0.000000
vt 0.000000 0.000000
vt 1.000000 0.000000
vt 1.000000 1.000000
vt 0.000000 1.000000
vt 0.000000 0.000000
vt 1.000000 0.000000
vt 1.000000 1.000000
vt 0.000000 1.000000
vt 0.000000 0.000000
vt 1.000000 0.000000
vt 1.000000 1.000000
vt 0.000000 1.000000
vt 0.000000 0.000000
vt 1.000000 0.000000
vt 1.000000 1.000000
vt 0.000000 1.000000
vt 0.000000 0.000000
vt 1.000000 0.000000
vt 1.000000 1.000000
vt 0.000000 1.000000
vt 0.000000 0.000000
vt 1.000000 0.000000
vt 1.000000 1.000000
vt 0.000000 1.000000
vt 0.000000 0.000000
vt 1.000000 0.000000
vt 1.000000 1.000000
vt 0.000000 1.000000
vt 0.500000 0.500000
vt 0.000000 0.000000
vt 1.000000 0.000000
vt 0.000000 0.000000
vt 1.000000 0.000000
vt 0.000000 0.000000
vt 1.000000 0.000000
vt 0.000000 0.000000
vt 1.000000 0.000000
vt 0.000000 0.000000
vt 1.000000 0.000000
vt 0.000000 0.000000
vt 1.000000 0.000000
vt 0.000000 0.000000
vt 1.000000 0.000000
vt 0.500000 0.500000
vt 0.000000 0.000000
vt 1.000000 0.000000
vt 0.000000 0.000000
vt 1.000000 0.000000
vt 0.000000 0.000000
vt 1.000000 0.000000
vt 0.000000 0.000000
vt 1.000000 0.000000
vt 0.000000 0.000000
vt 1.000000 0.000000
vt 0.000000 0.000000
vt 1.000000 0.000000
vt 0.000000 0.000000
vt 1.000000 0.000000
vt 0.000000 0.000000
vt 1.000000 0.000000
vt 1.000000 1.000000
vt 0.000000 1.000000
vt 0.000000 0.000000
vt 1.000000 0.000000
vt 1.000000 1.000000
vt 0.000000 1.000000
vt 0.000000 0.000000
vt 1.000000 0.000000
vt 1.000000 1.000000
vt 0.000000 1.000000
vt 0.000000 0.000000
vt 1.000000 0.000000
vt 1.000000 1.000000
vt 0.000000 1.000000
vt 0.000000 0.000000
vt 1.000000 0.000000
vt 1.000000 1.000000
vt 0.000000 1.000000
vt 0.000000 0.000000
vt 1.000000 0.000000
vt 1.000000 1.000000
vt 0.000000 1.000000
vt 0.000000 0.000000
vt 1.000000 0.000000
vt 1.000000 1.000000
vt 0.000000 1.000000
vt 0.500000 0.500000
vt 0.000000 0.000000
vt 1.000000 0.000000
vt 0.000000 0.000000
vt 1.000000 0.000000
vt 0.000000 0.000000
vt 1.000000 0.000000
vt 0.000000 0.000000
vt 1.000000 0.000000
vt 0.000000 0.000000
vt 1.000000 0.000000
vt 0.000000 0.000000
vt 1.000000 0.000000
vt 0.000000 0.000000
vt 1.000000 0.000000
vt 0.500000 0.500000
vt 0.000000 0.000000
vt 1.000000 0.000000
vt 0.000000 0.000000
vt 1.000000 0.000000
vt 0.000000 0.000000
vt 1.000000 0.000000
vt 0.000000 0.000000
vt 1.000000 0.000000
vt 0.000000 0.000000
vt 1.000000 0.000000
vt 0.000000 0.000000
vt 1.000000 0.000000
vt 0.000000 0.000000
vt 1.000000 0.000000
vt 0.000000 0.000000
vt 1.000000 0.000000
vt 1.000000 1.000000
vt 0.000000 1.000000
vt 0.000000 0.000000
vt 1.000000 0.000000
vt 1.000000 1.000000
vt 0.000000 1.000000
vt 0.000000 0.000000
vt 1.000000 0.000000
vt 1.000000 1.000000
vt 0.000000 1.000000
vt 0.000000 0.000000
vt 1.000000 0.000000
vt 1.000000 1.000000
vt 0.000000 1.000000
vt 0.000000 0.000000
vt 1.000000 0.000000
vt 1.000000 1.000000
vt 0.000000 1.000000
vt 0.000000 0.000000
vt 1.000000 0.000000
vt 1.000000 1.000000
vt 0.000000 1.000000
vt 0.000000 0.000000
vt 1.000000 0.000000
vt 1.000000 1.000000
vt 0.000000 1.000000
vt 0.500000 0.500000
vt 0.000000 0.000000
vt 1.000000 0.000000
vt 0.000000 0.000000
vt 1.000000 0.000000
vt 0.000000 0.000000
vt 1.000000 0.000000
vt 0.000000 0.000000
vt 1.000000 0.000000
vt 0.000000 0.000000
vt 1.000000 0.000000
vt 0.000000 0.000000
vt 1.000000 0.000000
vt 0.000000 0.000000
vt 1.000000 0.000000
vt 0.500000 0.500000
vt 0.000000 0.000000
vt 1.000000 0.000000
vt 0.000000 0.000000
vt 1.000000 0.000000
vt 0.000000 0.000000
vt 1.000000 0.000000
vt 0.000000 0.000000
vt 1.000000 0.000000
vt 0.000000 0.000000
vt 1.000000 0.000000
vt 0.000000 0.000000
vt 1.000000 0.000000
vt 0.000000 0.000000
vt 1.000000 0.000000
vt 0.000000 0.000000
vt 1.000000 0.000000
vt 1.000000 1.000000
vt 0.000000 1.000000
vt 0.000000 0.000000
vt 1.000000 0.000000
vt 1.000000 1.000000
vt 0.000000 1.000000
vt 0.000000 0.000000
vt 1.000000 0.000000
vt 1.000000 1.000000
vt 0.000000 1.000000
vt 0.000000 0.000000
vt 1.000000 0.000000
vt 1.000000 1.000000
vt 0.000000 1.000000
vt 0.000000 0.000000
vt 1.000000 0.000000
vt 1.000000 1.000000
vt 0.000000 1.000000
vt 0.000000 0.000000
vt 1.000000 0.000000
vt 1.000000 1.000000
vt 0.000000 1.000000
vt 0.000000 0.000000
vt 1.000000 0.000000
vt 1.000000 1.000000
vt 0.000000 1.000000
vt 0.500000 0.500000
vt 0.000000 0.000000
vt 1.000000 0.000000
vt 0.000000 0.000000
vt 1.000000 0.000000
vt 0.000000 0.000000
vt 1.000000 0.000000
vt 0.000000 0.000000
vt 1.000000 0.000000
vt 0.000000 0.000000
vt 1.000000 0.000000
vt 0.000000 0.000000
vt 1.000000 0.000000
vt 0.000000 0.000000
vt 1.000000 0.000000
vt 0.500000 0.500000
vt 0.000000 0.000000
vt 1.000000 0.000000
vt 0.000000 0.000000
vt 1.000000 0.000000
vt 0.000000 0.000000
vt 1.000000 0.000000
vt 0.000000 0.000000
vt 1.000000 0.000000
vt 0.000000 0.000000
vt 1.000000 0.000000
vt 0.000000 0.000000
vt 1.000000 0.000000
vt 0.000000 0.000000
vt 1.000000 0.000000
vt 0.000000 0.000000
vt 1.000000 0.000000
vt 1.000000 1.000000
vt 0.000000 1.000000
vt 0.000000 0.000000
vt 1.000000 0.000000
vt 1.000000 1.000000
vt 0.000000 1.000000
vt 0.000000 0.000000
vt 1.000000 0.000000
vt 1.000000 1.000000
vt 0.000000 1.000000
vt 0.000000 0.000000
vt 1.000000 0.000000
vt 1.000000 1.000000
vt 0.000000 1.000000
vt 0.000000 0.000000
vt 1.000000 0.000000
vt 1.000000 1.000000
vt 0.000000 1.000000
vt 0.000000 0.000000
vt 1.000000 0.000000
vt 1.000000 1.000000
vt 0.000000 1.000000
vt 0.000000 0.000000
vt 1.000000 0.000000
vt 1.000000 1.000000
vt 0.000000 1.000000
vt 0.000000 0.000000
vt 1.000000 0.000000
vt 1.000000 1.000000
vt 0.000000 1.000000
vt 0.000000 0.000000
vt 1.000000 0.000000
vt 1.000000 1.000000
vt 0.000000 1.000000
vt 0.000000 0.000000
vt 1.000000 0.000000
vt 1.000000 1.000000
vt 0.000000 1.000000
vt 0.000000 0.000000
vt 1.000000 0.000000
vt 1.000000 1.000000
vt 0.000000 1.000000
vt 0.000000 0.000000
vt 1.000000 0.000000
vt 1.000000 1.000000
vt 0.000000 1.000000
vt 0.000000 0.000000
vt 1.000000 0.000000
vt 1.000000 1.000000
vt 0.000000 1.000000
vt 0.000000 0.000000
vt 1.000000 0.000000
vt 1.000000 1.000000
vt 0.000000 1.000000
vt 0.000000 0.000000
vt 1.000000 0.000000
vt 1.000000 1.000000
vt 0.000000 1.000000
vt 0.000000 0.000000
vt 1.000000 0.000000
vt 1.000000 1.000000
vt 0.000000 1.000000
vt 0.000000 0.000000
vt 1.000000 0.000000
vt 1.000000 1.000000
vt 0.000000 1.000000
vt 0.000000 0.000000
vt 1.000000 0.000000
vt 1.000000 1.000000
vt 0.000000 1.000000
vt 0.000000 0.000000
vt 1.000000 0.000000
vt 1.000000 1.000000
vt 0.000000 1.000000
vt 0.000000 0.000000
vt 1.000000 0.000000
vt 1.000000 1.000000
vt 0.000000 1.000000
vt 0.000000 0.000000
vt 1.000000 0.000000
vt 1.000000 1.000000
vt 0.000000 1.000000
vt 0.000000 0.000000
vt 1.000000 0.000000
vt 1.000000 1.000000
vt 0.000000 1.000000
vt 0.000000 0.000000
vt 1.000000 0.000000
vt 1.000000 1.000000
vt 0.000000 1.000000
vt 0.000000 0.000000
vt 1.000000 0.000000
vt 1.000000 1.000000
vt 0.000000 1.000000
vt 0.000000 0.000000
vt 1.000000 0.000000
vt 1.000000 1.000000
vt 0.000000 1.000000
vt 0.000000 0.000000
vt 1.000000 0.000000
vt 1.000000 1.000000
vt 0.000000 1.000000
vt 0.000000 0.000000
vt 1.000000 0.000000
vt 1.000000 1.000000
vt 0.000000 1.000000
vt 0.000000 0.000000
vt 1.000000 0.000000
vt 1.000000 1.000000
vt 0.000000 1.000000
vt 0.000000 0.000000
vt 1.000000 0.000000
vt 1.000000 1.000000
vt 0.000000 1.000000
vt 0.000000 0.000000
vt 1.000000 0.000000
vt 1.000000 1.000000
vt 0.000000 1.000000
vt 0.000000 0.000000
vt 1.000000 0.000000
vt 1.000000 1.000000
vt 0.000000 1.000000
vt 0.000000 0.000000
vt 1.000000 0.000000
vt 1.000000 1.000000
vt 0.000000 1.000000
vt 0.000000 0.000000
vt 1.000000 0.000000
vt 1.000000 1.000000
vt 0.000000 1.000000
vt 0.000000 0.000000
vt 1.000000 0.000000
vt 1.000000 1.000000
vt 0.000000 1.000000
vt 0.000000 0.000000
vt 1.000000 0.000000
vt 1.000000 1.000000
vt 0.000000 1.000000
vt 0.000000 0.000000
vt 1.000000 0.000000
vt 1.000000 1.000000
vt 0.000000 1.000000
vt 0.000000 0.000000
vt 1.000000 0.000000
vt 1.000000 1.000000
vt 0.000000 1.000000
vt 0.000000 0.000000
vt 1.000000 0.000000
vt 1.000000 1.000000
vt 0.000000 1.000000
vt 0.000000 0.000000
vt 1.000000 0.000000
vt 1.000000 1.000000
vt 0.000000 1.000000
vt 0.000000 0.000000
vt 1.000000 0.000000
vt 1.000000 1.000000
vt 0.000000 1.000000
vt 0.000000 0.000000
vt 1.000000 0.000000
vt 1.000000 1.000000
vt 0.000000 1.000000
vt 0.000000 0.000000
vt 1.000000 0.000000
vt 1.000000 1.000000
vt 0.000000 1.000000
vt 0.000000 0.000000
vt 1.000000 0.000000
vt 1.000000 1.000000
vt 0.000000 1.000000
vt 0.000000 0.000000
vt 1.000000 0.000000
vt 1.000000 1.000000
vt 0.000000 1.000000
vt 0.000000 0.000000
vt 1.000000 0.000000
vt 1.000000 1.000000
vt 0.000000 1.000000
vt 0.000000 0.000000
vt 1.000000 0.000000
vt 1.000000 1.000000
vt 0.000000 1.000000
vt 0.000000 0.000000
vt 1.000000 0.000000
vt 1.000000 1.000000
vt 0.000000 1.000000
vt 0.000000 0.000000
vt 1.000000 0.000000
vt 1.000000 1.000000
vt 0.000000 1.000000
vt 0.000000 0.000000
vt 1.000000 0.000000
vt 1.000000 1.000000
vt 0.000000 1.000000
vt 0.000000 0.000000
vt 1.000000 0.000000
vt 1.000000 1.000000
vt 0.000000 1.000000
vt 0.000000 0.000000
vt 1.000000 0.000000
vt 1.000000 1.000000
vt 0.000000 1.000000
vt 0.000000 0.000000
vt 1.000000 0.000000
vt 1.000000 1.000000
vt 0.000000 1.000000
vt 0.000000 0.000000
vt 1.000000 0.000000
vt 1.000000 1.000000
vt 0.000000 1.000000
vt 0.000000 0.000000
vt 1.000000 0.000000
vt 1.000000 1.000000
vt 0.000000 1.000000
vt 0.000000 0.000000
vt 1.000000 0.000000
vt 1.000000 1.000000
vt 0.000000 1.000000
vt 0.000000 0.000000
vt 1.000000 0.000000
vt 1.000000 1.000000
vt 0.000000 1.000000
vt 0.000000 0.000000
vt 1.000000 0.000000
vt 1.000000 1.000000
vt 0.000000 1.000000
vt 0.000000 0.000000
vt 1.000000 0.000000
vt 1.000000 1.000000
vt 0.000000 1.000000
vt 0.000000 0.000000
vt 1.000000 0.000000
vt 1.000000 1.000000
vt 0.000000 1.000000
vt 0.000000 0.000000
vt 1.000000 0.000000
vt 1.000000 1.000000
vt 0.000000 1.000000
vt 0.000000 0.000000
vt 1.000000 0.000000
vt 1.000000 1.000000
vt 0.000000 1.000000
vt 0.000000 0.000000
vt 1.000000 0.000000
vt 1.000000 1.000000
vt 0.000000 1.000000
vt 0.000000 0.000000
vt 1.000000 0.000000
vt 1.000000 1.000000
vt 0.000000 1.000000
vt 0.000000 0.000000
vt 1.000000 0.000000
vt 1.000000 1.000000
vt 0.000000 1.000000
vt 0.000000 0.000000
vt 1.000000 0.000000
vt 1.000000 1.000000
vt 0.000000 1.000000
vt 0.000000 0.000000
vt 1.000000 0.000000
vt 1.000000 1.000000
vt 0.000000 1.000000
vt 0.000000 0.000000
vt 1.000000 0.000000
vt 1.000000 1.000000
vt 0.000000 1.000000
vt 0.000000 0.000000
vt 1.000000 0.000000
vt 1.000000 1.000000
vt 0.000000 1.000000
vt 0.000000 0.000000
vt 1.000000 0.000000
vt 1.000000 1.000000
vt 0.000000 1.000000
vt 0.000000 0.000000
vt 1.000000 0.000000
vt 1.000000 1.000000
vt 0.000000 1.000000
vt 0.000000 0.000000
vt 1.000000 0.000000
vt 1.000000 1.000000
vt 0.000000 1.000000
vt 0.000000 0.000000
vt 1.000000 0.000000
vt 1.000000 1.000000
vt 0.000000 1.000000
vt 0.000000 0.000000
vt 1.000000 0.000000
vt 1.000000 1.000000
vt 0.000000 1.000000
vt 0.000000 0.000000
vt 1.000000 0.000000
vt 1.000000 1.000000
vt 0.000000 1.000000
vt 0.000000 0.000000
vt 1.000000 0.000000
vt 1.000000 1.000000
vt 0.000000 1.000000
vt 0.000000 0.000000
vt 1.000000 0.000000
vt 1.000000 1.000000
vt 0.000000 1.000000
vt 0.000000 0.000000
vt 1.000000 0.000000
vt 1.000000 1.000000
vt 0.000000 1.000000
vt 0.000000 0.000000
vt 1.000000 0.000000
vt 1.000000 1.000000
vt 0.000000 1.000000
vt 0.000000 0.000000
vt 1.000000 0.000000
vt 1.000000 1.000000
vt 0.000000 1.000000
vt 0.000000 0.000000
vt 1.000000 0.000000
vt 1.000000 1.000000
vt 0.000000 1.000000
vt 0.000000 0.000000
vt 1.000000 0.000000
vt 1.000000 1.000000
vt 0.000000 1.000000
vt 0.000000 0.000000
vt 1.000000 0.000000
vt 1.000000 1.000000
vt 0.000000 1.000000
vt 0.000000 0.000000
vt 1.000000 0.000000
vt 1.000000 1.000000
vt 0.000000 1.000000
vt 0.000000 0.000000
vt 1.000000 0.000000
vt 1.000000 1.000000
vt 0.000000 1.000000
vt 0.000000 0.000000
vt 1.000000 0.000000
vt 1.000000 1.000000
vt 0.000000 1.000000
vt 0.000000 0.000000
vt 1.000000 0.000000
vt 1.000000 1.000000
vt 0.000000 1.000000
vt 0.000000 0.000000
vt 1.000000 0.000000
vt 1.000000 1.000000
vt 0.000000 1.000000
vt 0.000000 0.000000
vt 1.000000 0.000000
vt 1.000000 1.000000
vt 0.000000 1.000000
vt 0.000000 0.000000
vt 1.000000 0.000000
vt 1.000000 1.000000
vt 0.000000 1.000000
vt 0.000000 0.000000
vt 1.000000 0.000000
vt 1.000000 1.000000
vt 0.000000 1.000000
vt 0.000000 0.000000
vt 1.000000 0.000000
vt 1.000000 1.000000
vt 0.000000 1.000000
vt 0.000000 0.000000
vt 1.000000 0.000000
vt 1.000000 1.000000
vt 0.000000 1.000000
vt 0.000000 0.000000
vt 1.000000 0.000000
vt 1.000000 1.000000
vt 0.000000 1.000000
vt 0.000000 0.000000
vt 1.000000 0.000000
vt 1.000000 1.000000
vt 0.000000 1.000000
vt 0.000000 0.000000
vt 1.000000 0.000000
vt 1.000000 1.000000
vt 0.000000 1.000000
vt 0.000000 0.000000
vt 1.000000 0.000000
vt 1.000000 1.000000
vt 0.000000 1.000000
vt 0.000000 0.000000
vt 1.000000 0.000000
vt 1.000000 1.000000
vt 0.000000 1.000000
vt 0.000000 0.000000
vt 1.000000 0.000000
vt 1.000000 1.000000
vt 0.000000 1.000000
vt 0.000000 0.000000
vt 1.000000 0.000000
vt 1.000000 1.000000
vt 0.000000 1.000000
vt 0.000000 0.000000
vt 1.000000 0.000000
vt 1.000000 1.000000
vt 0.000000 1.000000
vt 0.000000 0.000000
vt 1.000000 0.000000
vt 1.000000 1.000000
vt 0.000000 1.000000
vt 0.000000 0.000000
vt 1.000000 0.000000
vt 1.000000 1.000000
vt 0.000000 1.000000
vt 0.000000 0.000000
vt 1.000000 0.000000
vt 1.000000 1.000000
vt 0.000000 1.000000
vt 0.000000 0.000000
vt 1.000000 0.000000
vt 1.000000 1.000000
vt 0.000000 1.000000
vt 0.000000 0.000000
vt 1.000000 0.000000
vt 1.000000 1.000000
vt 0.000000 1.000000
vt 0.000000 0.000000
vt 1.000000 0.000000
vt 1.000000 1.000000
vt 0.000000 1.000000
vt 0.000000 0.000000
vt 1.000000 0.000000
vt 1.000000 1.000000
vt 0.000000 1.000000
vt 0.000000 0.000000
vt 1.000000 0.000000
vt 1.000000 1.000000
vt 0.000000 1.000000
vt 0.000000 0.000000
vt 1.000000 0.000000
vt 1.000000 1.000000
vt 0.000000 1.000000
vt 0.000000 0.000000
vt 1.000000 0.000000
vt 1.000000 1.000000
vt 0.000000 1.000000
vt 0.000000 0.000000
vt 1.000000 0.000000
vt 1.000000 1.000000
vt 0.000000 1.000000
vt 0.000000 0.000000
vt 1.000000 0.000000
vt 1.000000 1.000000
vt 0.000000 1.000000
vt 0.000000 0.000000
vt 1.000000 0.000000
vt 1.000000 1.000000
vt 0.000000 1.000000
vt 0.000000 0.000000
vt 1.000000 0.000000
vt 1.000000 1.000000
vt 0.000000 1.000000
vt 0.000000 0.000000
vt 1.000000 0.000000
vt 1.000000 1.000000
vt 0.000000 1.000000
vt 0.000000 0.000000
vt 1.000000 0.000000
vt 1.000000 1.000000
vt 0.000000 1.000000
vt 0.000000 0.000000
vt 1.000000 0.000000
vt 1.000000 1.000000
vt 0.000000 1.000000
vt 0.000000 0.000000
vt 1.000000 0.000000
vt 1.000000 1.000000
vt 0.000000 1.000000
vt 0.000000 0.000000
vt 1.000000 0.000000
vt 1.000000 1.000000
vt 0.000000 1.000000
vt 0.000000 0.000000
vt 1.000000 0.000000
vt 1.000000 1.000000
vt 0.000000 1.000000
vt 0.000000 0.000000
vt 1.000000 0.000000
vt 1.000000 1.000000
vt 0.000000 1.000000
vt 0.000000 0.000000
vt 1.000000 0.000000
vt 1.000000 1.000000
vt 0.000000 1.000000
vt 0.000000 0.000000
vt 1.000000 0.000000
vt 1.000000 1.000000
vt 0.000000 1.000000
vt 0.000000 0.000000
vt 1.000000 0.000000
vt 1.000000 1.000000
vt 0.000000 1.000000
vt 0.000000 0.000000
vt 1.000000 0.000000
vt 1.000000 1.000000
vt 0.000000 1.000000
vt 0.000000 0.000000
vt 1.000000 0.000000
vt 1.000000 1.000000
vt 0.000000 1.000000
vt 0.000000 0.000000
vt 1.000000 0.000000
vt 1.000000 1.000000
vt 0.000000 1.000000
vt 0.000000 0.000000
vt 1.000000 0.000000
vt 1.000000 1.000000
vt 0.000000 1.000000
vt 0.000000 0.000000
vt 1.000000 0.000000
vt 1.000000 1.000000
vt 0.000000 1.000000
vt 0.000000 0.000000
vt 1.000000 0.000000
vt 1.000000 1.000000
vt 0.000000 1.000000
vt 0.000000 0.000000
vt 1.000000 0.000000
vt 1.000000 1.000000
vt 0.000000 1.000000
vt 0.000000 0.000000
vt 1.000000 0.000000
vt 1.000000 1.000000
vt 0.000000 1.000000
vt 0.000000 0.000000
vt 1.000000 0.000000
vt 1.000000 1.000000
vt 0.000000 1.000000
vt 0.000000 0.000000
vt 1.000000 0.000000
vt 1.000000 1.000000
vt 0.000000 1.000000
vt 0.000000 0.000000
vt 1.000000 0.000000
vt 1.000000 1.000000
vt 0.000000 1.000000
vt 0.000000 0.000000
vt 1.000000 0.000000
vt 1.000000 1.000000
vt 0.000000 1.000000
vt 0.000000 0.000000
vt 1.000000 0.000000
vt 1.000000 1.000000
vt 0.000000 1.000000
vt 0.000000 0.000000
vt 1.000000 0.000000
vt 1.000000 1.000000
vt 0.000000 1.000000
vt 0.000000 0.000000
vt 1.000000 0.000000
vt 1.000000 1.000000
vt 0.000000 1.000000
vt 0.000000 0.000000
vt 1.000000 0.000000
vt 1.000000 1.000000
vt 0.000000 1.000000
vt 0.000000 0.000000
vt 1.000000 0.000000
vt 1.000000 1.000000
vt 0.000000 1.000000
vt 0.000000 0.000000
vt 1.000000 0.000000
vt 1.000000 1.000000
vt 0.000000 1.000000
vt 0.000000 0.000000
vt 1.000000 0.000000
vt 1.000000 1.000000
vt 0.000000 1.000000
vt 0.000000 0.000000
vt 1.000000 0.000000
vt 1.000000 1.000000
vt 0.000000 1.000000
vt 0.000000 0.000000
vt 1.000000 0.000000
vt 1.000000 1.000000
vt 0.000000 1.000000
vt 0.000000 0.000000
vt 1.000000 0.000000
vt 1.000000 1.000000
vt 0.000000 1.000000
vt 0.000000 0.000000
vt 1.000000 0.000000
vt 1.000000 1.000000
vt 0.000000 1.000000
vt 0.000000 0.000000
vt 1.000000 0.000000
vt 1.000000 1.000000
vt 0.000000 1.000000
vt 0.000000 0.000000
vt 1.000000 0.000000
vt 1.000000 1.000000
vt 0.000000 1.000000
vt 0.000000 0.000000
vt 1.000000 0.000000
vt 1.000000 1.000000
vt 0.000000 1.000000
vt 0.000000 0.000000
vt 1.000000 0.000000
vt 1.000000 1.000000
vt 0.000000 1.000000
vt 0.500000 0.500000
vt 0.000000 0.000000
vt 1.000000 0.000000
vt 0.000000 0.000000
vt 1.000000 0.000000
vt 0.000000 0.000000
vt 1.000000 0.000000
vt 0.000000 0.000000
vt 1.000000 0.000000
vt 0.000000 0.000000
vt 1.000000 0.000000
vt 0.000000 0.000000
vt 1.000000 0.000000
vt 0.000000 0.000000
vt 1.000000 0.000000
vt 0.500000 0.500000
vt 0.000000 0.000000
vt 1.000000 0.000000
vt 0.000000 0.000000
vt 1.000000 0.000000
vt 0.000000 0.000000
vt 1.000000 0.000000
vt 0.000000 0.000000
vt 1.000000 0.000000
vt 0.000000 0.000000
vt 1.000000 0.000000
vt 0.000000 0.000000
vt 1.000000 0.000000
vt 0.000000 0.000000
vt 1.000000 0.000000
vt 0.000000 0.000000
vt 1.000000 0.000000
vt 1.000000 1.000000
vt 0.000000 1.000000
vt 0.000000 0.000000
vt 1.000000 0.000000
vt 1.000000 1.000000
vt 0.000000 1.000000
vt 0.000000 0.000000
vt 1.000000 0.000000
vt 1.000000 1.000000
vt 0.000000 1.000000
vt 0.000000 0.000000
vt 1.000000 0.000000
vt 1.000000 1.000000
vt 0.000000 1.000000
vt 0.000000 0.000000
vt 1.000000 0.000000
vt 1.000000 1.000000
vt 0.000000 1.000000
vt 0.000000 0.000000
vt 1.000000 0.000000
vt 1.000000 1.000000
vt 0.000000 1.000000
vt 0.000000 0.000000
vt 1.000000 0.000000
vt 1.000000 1.000000
vt 0.000000 1.000000
vt 0.500000 0.500000
vt 0.000000 0.000000
vt 1.000000 0.000000
vt 0.000000 0.000000
vt 1.000000 0.000000
vt 0.000000 0.000000
vt 1.000000 0.000000
vt 0.000000 0.000000
vt 1.000000 0.000000
vt 0.000000 0.000000
vt 1.000000 0.000000
vt 0.000000 0.000000
vt 1.000000 0.000000
vt 0.000000 0.000000
vt 1.000000 0.000000
vt 0.500000 0.500000
vt 0.000000 0.000000
vt 1.000000 0.000000
vt 0.000000 0.000000
vt 1.000000 0.000000
vt 0.000000 0.000000
vt 1.000000 0.000000
vt 0.000000 0.000000
vt 1.000000 0.000000
vt 0.000000 0.000000
vt 1.000000 0.000000
vt 0.000000 0.000000
vt 1.000000 0.000000
vt 0.000000 0.000000
vt 1.000000 0.000000
vt 0.000000 0.000000
vt 1.000000 0.000000
vt 1.000000 1.000000
vt 0.000000 1.000000
vt 0.000000 0.000000
vt 1.000000 0.000000
vt 1.000000 1.000000
vt 0.000000 1.000000
vt 0.000000 0.000000
vt 1.000000 0.000000
vt 1.000000 1.000000
vt 0.000000 1.000000
vt 0.000000 0.000000
vt 1.000000 0.000000
vt 1.000000 1.000000
vt 0.000000 1.000000
vt 0.000000 0.000000
vt 1.000000 0.000000
vt 1.000000 1.000000
vt 0.000000 1.000000
vt 0.000000 0.000000
vt 1.000000 0.000000
vt 1.000000 1.000000
vt 0.000000 1.000000
vt 0.000000 0.000000
vt 1.000000 0.000000
vt 1.000000 1.000000
vt 0.000000 1.000000
vt 0.500000 0.500000
vt 0.000000 0.000000
vt 1.000000 0.000000
vt 0.000000 0.000000
vt 1.000000 0.000000
vt 0.000000 0.000000
vt 1.000000 0.000000
vt 0.000000 0.000000
vt 1.000000 0.000000
vt 0.000000 0.000000
vt 1.000000 0.000000
vt 0.000000 0.000000
vt 1.000000 0.000000
vt 0.000000 0.000000
vt 1.000000 0.000000
vt 0.500000 0.500000
vt 0.000000 0.000000
vt 1.000000 0.000000
vt 0.000000 0.000000
vt 1.000000 0.000000
vt 0.000000 0.000000
vt 1.000000 0.000000
vt 0.000000 0.000000
vt 1.000000 0.000000
vt 0.000000 0.000000
vt 1.000000 0.000000
vt 0.000000 0.000000
vt 1.000000 0.000000
vt 0.000000 0.000000
vt 1.000000 0.000000
vt 0.000000 0.000000
vt 1.000000 0.000000
vt 1.000000 1.000000
vt 0.000000 1.000000
vt 0.000000 0.000000
vt 1.000000 0.000000
vt 1.000000 1.000000
vt 0.000000 1.000000
vt 0.000000 0.000000
vt 1.000000 0.000000
vt 1.000000 1.000000
vt 0.000000 1.000000
vt 0.000000 0.000000
vt 1.000000 0.000000
vt 1.000000 1.000000
vt 0.000000 1.000000
vt 0.000000 0.000000
vt 1.000000 0.000000
vt 1.000000 1.000000
vt 0.000000 1.000000
vt 0.000000 0.000000
vt 1.000000 0.000000
vt 1.000000 1.000000
vt 0.000000 1.000000
vt 0.000000 0.000000
vt 1.000000 0.000000
vt 1.000000 1.000000
vt 0.000000 1.000000
vt 0.500000 0.500000
vt 0.000000 0.000000
vt 1.000000 0.000000
vt 0.000000 0.000000
vt 1.000000 0.000000
vt 0.000000 0.000000
vt 1.000000 0.000000
vt 0.000000 0.000000
vt 1.000000 0.000000
vt 0.000000 0.000000
vt 1.000000 0.000000
vt 0.000000 0.000000
vt 1.000000 0.000000
vt 0.000000 0.000000
vt 1.000000 0.000000
vt 0.500000 0.500000
vt 0.000000 0.000000
vt 1.000000 0.000000
vt 0.000000 0.000000
vt 1.000000 0.000000
vt 0.000000 0.000000
vt 1.000000 0.000000
vt 0.000000 0.000000
vt 1.000000 0.000000
vt 0.000000 0.000000
vt 1.000000 0.000000
vt 0.000000 0.000000
vt 1.000000 0.000000
vt 0.000000 0.000000
vt 1.000000 0.000000
vt 0.000000 0.000000
vt 1.000000 0.000000
vt 1.000000 1.000000
vt 0.000000 1.000000
vt 0.000000 0.000000
vt 1.000000 0.000000
vt 1.000000 1.000000
vt 0.000000 1.000000
vt 0.000000 0.000000
vt 1.000000 0.000000
vt 1.000000 1.000000
vt 0.000000 1.000000
vt 0.000000 0.000000
vt 1.000000 0.000000
vt 1.000000 1.000000
vt 0.000000 1.000000
vt 0.000000 0.000000
vt 1.000000 0.000000
vt 1.000000 1.000000
vt 0.000000 1.000000
vt 0.000000 0.000000
vt 1.000000 0.000000
vt 1.000000 1.000000
vt 0.000000 1.000000
vt 0.000000 0.000000
vt 1.000000 0.000000
vt 1.000000 1.000000
vt 0.000000 1.000000
vt 0.500000 0.500000
vt 0.000000 0.000000
vt 1.000000 0.000000
vt 0.000000 0.000000
vt 1.000000 0.000000
vt 0.000000 0.000000
vt 1.000000 0.000000
vt 0.000000 0.000000
vt 1.000000 0.000000
vt 0.000000 0.000000
vt 1.000000 0.000000
vt 0.000000 0.000000
vt 1.000000 0.000000
vt 0.000000 0.000000
vt 1.000000 0.000000
vt 0.500000 0.500000
vt 0.000000 0.000000
vt 1.000000 0.000000
vt 0.000000 0.000000
vt 1.000000 0.000000
vt 0.000000 0.000000
vt 1.000000 0.000000
vt 0.000000 0.000000
vt 1.000000 0.000000
vt 0.000000 0.000000
vt 1.000000 0.000000
vt 0.000000 0.000000
vt 1.000000 0.000000
vt 0.000000 0.000000
vt 1.000000 0.000000
vt 0.000000 0.000000
vt 1.000000 0.000000
vt 1.000000 1.000000
vt 0.000000 1.000000
vt 0.000000 0.000000
vt 1.000000 0.000000
vt 1.000000 1.000000
vt 0.000000 1.000000
vt 0.000000 0.000000
vt 1.000000 0.000000
vt 1.000000 1.000000
vt 0.000000 1.000000
vt 0.000000 0.000000
vt 1.000000 0.000000
vt 1.000000 1.000000
vt 0.000000 1.000000
vt 0.000000 0.000000
vt 1.000000 0.000000
vt 1.000000 1.000000
vt 0.000000 1.000000
vt 0.000000 0.000000
vt 1.000000 0.000000
vt 1.000000 1.000000
vt 0.000000 1.000000
vt 0.000000 0.000000
vt 1.000000 0.000000
vt 1.000000 1.000000
vt 0.000000 1.000000
vt 0.500000 0.500000
vt 0.000000 0.000000
vt 1.000000 0.000000
vt 0.000000 0.000000
vt 1.000000 0.000000
vt 0.000000 0.000000
vt 1.000000 0.000000
vt 0.000000 0.000000
vt 1.000000 0.000000
vt 0.000000 0.000000
vt 1.000000 0.000000
vt 0.000000 0.000000
vt 1.000000 0.000000
vt 0.000000 0.000000
vt 1.000000 0.000000
vt 0.500000 0.500000
vt 0.000000 0.000000
vt 1.000000 0.000000
vt 0.000000 0.000000
vt 1.000000 0.000000
vt 0.000000 0.000000
vt 1.000000 0.000000
vt 0.000000 0.000000
vt 1.000000 0.000000
vt 0.000000 0.000000
vt 1.000000 0.000000
vt 0.000000 0.000000
vt 1.000000 0.000000
vt 0.000000 0.000000
vt 1.000000 0.000000
vt 0.000000 0.000000
vt 1.000000 0.000000
vt 1.000000 1.000000
vt 0.000000 1.000000
vt 0.000000 0.000000
vt 1.000000 0.000000
vt 1.000000 1.000000
vt 0.000000 1.000000
vt 0.000000 0.000000
vt 1.000000 0.000000
vt 1.000000 1.000000
vt 0.000000 1.000000
vt 0.000000 0.000000
vt 1.000000 0.000000
vt 1.000000 1.000000
vt 0.000000 1.000000
vt 0.000000 0.000000
vt 1.000000 0.000000
vt 1.000000 1.000000
vt 0.000000 1.000000
vt 0.000000 0.000000
vt 1.000000 0.000000
vt 1.000000 1.000000
vt 0.000000 1.000000
vt 0.000000 0.000000
vt 1.000000 0.000000
vt 1.000000 1.000000
vt 0.000000 1.000000
vt 0.500000 0.500000
vt 0.000000 0.000000
vt 1.000000 0.000000
vt 0.000000 0.000000
vt 1.000000 0.000000
vt 0.000000 0.000000
vt 1.000000 0.000000
vt 0.000000 0.000000
vt 1.000000 0.000000
vt 0.000000 0.000000
vt 1.000000 0.000000
vt 0.000000 0.000000
vt 1.000000 0.000000
vt 0.000000 0.000000
vt 1.000000 0.000000
vt 0.500000 0.500000
vt 0.000000 0.000000
vt 1.000000 0.000000
vt 0.000000 0.000000
vt 1.000000 0.000000
vt 0.000000 0.000000
vt 1.000000 0.000000
vt 0.000000 0.000000
vt 1.000000 0.000000
vt 0.000000 0.000000
vt 1.000000 0.000000
vt 0.000000 0.000000
vt 1.000000 0.000000
vt 0.000000 0.000000
vt 1.000000 0.000000
vt 0.000000 0.000000
vt 1.000000 0.000000
vt 1.000000 1.000000
vt 0.000000 1.000000
vt 0.000000 0.000000
vt 1.000000 0.000000
vt 1.000000 1.000000
vt 0.000000 1.000000
vt 0.000000 0.000000
vt 1.000000 0.000000
vt 1.000000 1.000000
vt 0.000000 1.000000
vt 0.000000 0.000000
vt 1.000000 0.000000
vt 1.000000 1.000000
vt 0.000000 1.000000
vt 0.000000 0.000000
vt 1.000000 0.000000
vt 1.000000 1.000000
vt 0.000000 1.000000
vt 0.000000 0.000000
vt 1.000000 0.000000
vt 1.000000 1.000000
vt 0.000000 1.000000
vt 0.000000 0.000000
vt 1.000000 0.000000
vt 1.000000 1.000000
vt 0.000000 1.000000
vt 0.500000 0.500000
vt 0.000000 0.000000
vt 1.000000 0.000000
vt 0.000000 0.000000
vt 1.000000 0.000000
vt 0.000000 0.000000
vt 1.000000 0.000000
vt 0.000000 0.000000
vt 1.000000 0.000000
vt 0.000000 0.000000
vt 1.000000 0.000000
vt 0.000000 0.000000
vt 1.000000 0.000000
vt 0.000000 0.000000
vt 1.000000 0.000000
vt 0.500000 0.500000
vt 0.000000 0.000000
vt 1.000000 0.000000
vt 0.000000 0.000000
vt 1.000000 0.000000
vt 0.000000 0.000000
vt 1.000000 0.000000
vt 0.000000 0.000000
vt 1.000000 0.000000
vt 0.000000 0.000000
vt 1.000000 0.000000
vt 0.000000 0.000000
vt 1.000000 0.000000
vt 0.000000 0.000000
vt 1.000000 0.000000
vt 0.000000 0.000000
vt 1.000000 0.000000
vt 1.000000 1.000000
vt 0.000000 1.000000
vt 0.000000 0.000000
vt 1.000000 0.000000
vt 1.000000 1.000000
vt 0.000000 1.000000
vt 0.000000 0.000000
vt 1.000000 0.000000
vt 1.000000 1.000000
vt 0.000000 1.000000
vt 0.000000 0.000000
vt 1.000000 0.000000
vt 1.000000 1.000000
vt 0.000000 1.000000
vt 0.000000 0.000000
vt 1.000000 0.000000
vt 1.000000 1.000000
vt 0.000000 1.000000
vt 0.000000 0.000000
vt 1.000000 0.000000
vt 1.000000 1.000000
vt 0.000000 1.000000
vt 0.000000 0.000000
vt 1.000000 0.000000
vt 1.000000 1.000000
vt 0.000000 1.000000
vt 0.500000 0.500000
vt 0.000000 0.000000
vt 1.000000 0.000000
vt 0.000000 0.000000
vt 1.000000 0.000000
vt 0.000000 0.000000
vt 1.000000 0.000000
vt 0.000000 0.000000
vt 1.000000 0.000000
vt 0.000000 0.000000
vt 1.000000 0.000000
vt 0.000000 0.000000
vt 1.000000 0.000000
vt 0.000000 0.000000
vt 1.000000 0.000000
vt 0.500000 0.500000
vt 0.000000 0.000000
vt 1.000000 0.000000
vt 0.000000 0.000000
vt 1.000000 0.000000
vt 0.000000 0.000000
vt 1.000000 0.000000
vt 0.000000 0.000000
vt 1.000000 0.000000
vt 0.000000 0.000000
vt 1.000000 0.000000
vt 0.000000 0.000000
vt 1.000000 0.000000
vt 0.000000 0.000000
vt 1.000000 0.000000
vt 0.000000 0.000000
vt 1.000000 0.000000
vt 1.000000 1.000000
vt 0.000000 1.000000
vt 0.000000 0.000000
vt 1.000000 0.000000
vt 1.000000 1.000000
vt 0.000000 1.000000
vt 0.000000 0.000000
vt 1.000000 0.000000
vt 1.000000 1.000000
vt 0.000000 1.000000
vt 0.000000 0.000000
vt 1.000000 0.000000
vt 1.000000 1.000000
vt 0.000000 1.000000
vt 0.000000 0.000000
vt 1.000000 0.000000
vt 1.000000 1.000000
vt 0.000000 1.000000
vt 0.000000 0.000000
vt 1.000000 0.000000
vt 1.000000 1.000000
vt 0.000000 1.000000
vt 0.000000 0.000000
vt 1.000000 0.000000
vt 1.000000 1.000000
vt 0.000000 1.000000
vt 0.500000 0.500000
vt 0.000000 0.000000
vt 1.000000 0.000000
vt 0.000000 0.000000
vt 1.000000 0.000000
vt 0.000000 0.000000
vt 1.000000 0.000000
vt 0.000000 0.000000
vt 1.000000 0.000000
vt 0.000000 0.000000
vt 1.000000 0.000000
vt 0.000000 0.000000
vt 1.000000 0.000000
vt 0.000000 0.000000
vt 1.000000 0.000000
vt 0.500000 0.500000
vt 0.000000 0.000000
vt 1.000000 0.000000
vt 0.000000 0.000000
vt 1.000000 0.000000
vt 0.000000 0.000000
vt 1.000000 0.000000
vt 0.000000 0.000000
vt 1.000000 0.000000
vt 0.000000 0.000000
vt 1.000000 0.000000
vt 0.000000 0.000000
vt 1.000000 0.000000
vt 0.000000 0.000000
vt 1.000000 0.000000
vt 0.000000 0.000000
vt 1.000000 0.000000
vt 1.000000 1.000000
vt 0.000000 1.000000
vt 0.000000 0.000000
vt 1.000000 0.000000
vt 1.000000 1.000000
vt 0.000000 1.000000
vt 0.000000 0.000000
vt 1.000000 0.000000
vt 1.000000 1.000000
vt 0.000000 1.000000
vt 0.000000 0.000000
vt 1.000000 0.000000
vt 1.000000 1.000000
vt 0.000000 1.000000
vt 0.000000 0.000000
vt 1.000000 0.000000
vt 1.000000 1.000000
vt 0.000000 1.000000
vt 0.000000 0.000000
vt 1.000000 0.000000
vt 1.000000 1.000000
vt 0.000000 1.000000
vt 0.000000 0.000000
vt 1.000000 0.000000
vt 1.000000 1.000000
vt 0.000000 1.000000
vt 0.000000 0.000000
vt 1.000000 0.000000
vt 1.000000 1.000000
vt 0.000000 1.000000
vt 0.000000 0.000000
vt 1.000000 0.000000
vt 1.000000 1.000000
vt 0.000000 1.000000
vt 0.000000 0.000000
vt 1.000000 0.000000
vt 1.000000 1.000000
vt 0.000000 1.000000
vt 0.000000 0.000000
vt 1.000000 0.000000
vt 1.000000 1.000000
vt 0.000000 1.000000
vt 0.000000 0.000000
vt 1.000000 0.000000
vt 1.000000 1.000000
vt 0.000000 1.000000
vt 0.000000 0.000000
vt 1.000000 0.000000
vt 1.000000 1.000000
vt 0.000000 1.000000
vt 0.000000 0.000000
vt 1.000000 0.000000
vt 1.000000 1.000000
vt 0.000000 1.000000
vt 0.500000 0.500000
vt 0.000000 0.000000
vt 1.000000 0.000000
vt 0.000000 0.000000
vt 1.000000 0.000000
vt 0.000000 0.000000
vt 1.000000 0.000000
vt 0.000000 0.000000
vt 1.000000 0.000000
vt 0.000000 0.000000
vt 1.000000 0.000000
vt 0.000000 0.000000
vt 1.000000 0.000000
vt 0.000000 0.000000
vt 1.000000 0.000000
vt 0.000000 0.000000
vt 1.000000 0.000000
vt 0.000000 0.000000
vt 1.000000 0.000000
vt 0.000000 0.000000
vt 1.000000 0.000000
vt 0.000000 0.000000
vt 1.000000 0.000000
vt 0.000000 0.000000
vt 1.000000 0.000000
vt 0.000000 0.000000
vt 1.000000 0.000000
vt 0.000000 0.000000
vt 1.000000 0.000000
vt 0.500000 0.500000
vt 0.000000 0.000000
vt 1.000000 0.000000
vt 0.000000 0.000000
vt 1.000000 0.000000
vt 0.000000 0.000000
vt 1.000000 0.000000
vt 0.000000 0.000000
vt 1.000000 0.000000
vt 0.000000 0.000000
vt 1.000000 0.000000
vt 0.000000 0.000000
vt 1.000000 0.000000
vt 0.000000 0.000000
vt 1.000000 0.000000
vt 0.000000 0.000000
vt 1.000000 0.000000
vt 0.000000 0.000000
vt 1.000000 0.000000
vt 0.000000 0.000000
vt 1.000000 0.000000
vt 0.000000 0.000000
vt 1.000000 0.000000
vt 0.000000 0.000000
vt 1.000000 0.000000
vt 0.000000 0.000000
vt 1.000000 0.000000
vt 0.000000 0.000000
vt 1.000000 0.000000
vt 0.000000 0.000000
vt 1.000000 0.000000
vt 1.000000 1.000000
vt 0.000000 1.000000
vt 0.000000 0.000000
vt 1.000000 0.000000
vt 1.000000 1.000000
vt 0.000000 1.000000
vt 0.000000 0.000000
vt 1.000000 0.000000
vt 1.000000 1.000000
vt 0.000000 1.000000
vt 0.000000 0.000000
vt 1.000000 0.000000
vt 1.000000 1.000000
vt 0.000000 1.000000
vt 0.000000 0.000000
vt 1.000000 0.000000
vt 1.000000 1.000000
vt 0.000000 1.000000
vt 0.000000 0.000000
vt 1.000000 0.000000
vt 1.000000 1.000000
vt 0.000000 1.000000
vt 0.000000 0.000000
vt 1.000000 0.000000
vt 1.000000 1.000000
vt 0.000000 1.000000
vt 0.000000 0.000000
vt 1.000000 0.000000
vt 1.000000 1.000000
vt 0.000000 1.000000
vt 0.000000 0.000000
vt 1.000000 0.000000
vt 1.000000 1.000000
vt 0.000000 1.000000
vt 0.000000 0.000000
vt 1.000000 0.000000
vt 1.000000 1.000000
vt 0.000000 1.000000
vt 0.000000 0.000000
vt 1.000000 0.000000
vt 1.000000 1.000000
vt 0.000000 1.000000
vt 0.000000 0.000000
vt 1.000000 0.000000
vt 1.000000 1.000000
vt 0.000000 1.000000
vt 0.000000 0.000000
vt 1.000000 0.000000
vt 1.000000 1.000000
vt 0.000000 1.000000
vt 0.000000 0.000000
vt 1.000000 0.000000
vt 1.000000 1.000000
vt 0.000000 1.000000
vt 0.000000 0.000000
vt 1.000000 0.000000
vt 1.000000 1.000000
vt 0.000000 1.000000
vt 0.000000 0.000000
vt 1.000000 0.000000
vt 1.000000 1.000000
vt 0.000000 1.000000
vt 0.000000 0.000000
vt 1.000000 0.000000
vt 1.000000 1.000000
vt 0.000000 1.000000
vt 0.000000 0.000000
vt 1.000000 0.000000
vt 1.000000 1.000000
vt 0.000000 1.000000
vt 0.000000 0.000000
vt 1.000000 0.000000
vt 1.000000 1.000000
vt 0.000000 1.000000
vt 0.000000 0.000000
vt 1.000000 0.000000
vt 1.000000 1.000000
vt 0.000000 1.000000
vt 0.000000 0.000000
vt 1.000000 0.000000
vt 1.000000 1.000000
vt 0.000000 1.000000
vt 0.000000 0.000000
vt 1.000000 0.000000
vt 1.000000 1.000000
vt 0.000000 1.000000
vt 0.000000 0.000000
vt 1.000000 0.000000
vt 1.000000 1.000000
vt 0.000000 1.000000
vt 0.000000 0.000000
vt 1.000000 0.000000
vt 1.000000 1.000000
vt 0.000000 1.000000
vt 0.000000 0.000000
vt 1.000000 0.000000
vt 1.000000 1.000000
vt 0.000000 1.000000
vt 0.000000 0.000000
vt 1.000000 0.000000
vt 1.000000 1.000000
vt 0.000000 1.000000
vt 0.000000 0.000000
vt 1.000000 0.000000
vt 1.000000 1.000000
vt 0.000000 1.000000
vt 0.000000 0.000000
vt 1.000000 0.000000
vt 1.000000 1.000000
vt 0.000000 1.000000
vt 0.000000 0.000000
vt 1.000000 0.000000
vt 1.000000 1.000000
vt 0.000000 1.000000
vt 0.000000 0.000000
vt 1.000000 0.000000
vt 1.000000 1.000000
vt 0.000000 1.000000
vt 0.000000 0.000000
vt 1.000000 0.000000
vt 1.000000 1.000000
vt 0.000000 1.000000
vt 0.000000 0.000000
vt 1.000000 0.000000
vt 1.000000 1.000000
vt 0.000000 1.000000
vt 0.000000 0.000000
vt 1.000000 0.000000
vt 1.000000 1.000000
vt 0.000000 1.000000
vt 0.000000 0.000000
vt 1.000000 0.000000
vt 1.000000 1.000000
vt 0.000000 1.000000
vt 0.000000 0.000000
vt 1.000000 0.000000
vt 1.000000 1.000000
vt 0.000000 1.000000
vt 0.000000 0.000000
vt 1.000000 0.000000
vt 1.000000 1.000000
vt 0.000000 1.000000
vt 0.000000 0.000000
vt 1.000000 0.000000
vt 1.000000 1.000000
vt 0.000000 1.000000
vt 0.000000 0.000000
vt 1.000000 0.000000
vt 1.000000 1.000000
vt 0.000000 1.000000
vt 0.000000 0.000000
vt 1.000000 0.000000
vt 1.000000 1.000000
vt 0.000000 1.000000
vt 0.000000 0.000000
vt 1.000000 0.000000
vt 1.000000 1.000000
vt 0.000000 1.000000
vt 0.000000 0.000000
vt 1.000000 0.000000
vt 1.000000 1.000000
vt 0.000000 1.000000
vt 0.000000 0.000000
vt 1.000000 0.000000
vt 1.000000 1.000000
vt 0.000000 1.000000
vt 0.000000 0.000000
vt 1.000000 0.000000
vt 1.000000 1.000000
vt 0.000000 1.000000
vt 0.000000 0.000000
vt 1.000000 0.000000
vt 1.000000 1.000000
vt 0.000000 1.000000
vt 0.000000 0.000000
vt 1.000000 0.000000
vt 1.000000 1.000000
vt 0.000000 1.000000
vt 0.000000 0.000000
vt 1.000000 0.000000
vt 1.000000 1.000000
vt 0.000000 1.000000
vt 0.000000 0.000000
vt 1.000000 0.000000
vt 1.000000 1.000000
vt 0.000000 1.000000
vt 0.000000 0.000000
vt 1.000000 0.000000
vt 1.000000 1.000000
vt 0.000000 1.000000
vt 0.000000 0.000000
vt 1.000000 0.000000
vt 1.000000 1.000000
vt 0.000000 1.000000
vt 0.000000 0.000000
vt 1.000000 0.000000
vt 1.000000 1.000000
vt 0.000000 1.000000
vt 0.000000 0.000000
vt 1.000000 0.000000
vt 1.000000 1.000000
vt 0.000000 1.000000
vt 0.000000 0.000000
vt 1.000000 0.000000
vt 1.000000 1.000000
vt 0.000000 1.000000
vt 0.000000 0.000000
vt 1.000000 0.000000
vt 1.000000 1.000000
vt 0.000000 1.000000
vt 0.000000 0.000000
vt 1.000000 0.000000
vt 1.000000 1.000000
vt 0.000000 1.000000
vt 0.000000 0.000000
vt 1.000000 0.000000
vt 1.000000 1.000000
vt 0.000000 1.000000
vt 0.000000 0.000000
vt 1.000000 0.000000
vt 1.000000 1.000000
vt 0.000000 1.000000
vt 0.000000 0.000000
vt 1.000000 0.000000
vt 1.000000 1.000000
vt 0.000000 1.000000
vt 0.000000 0.000000
vt 1.000000 0.000000
vt 1.000000 1.000000
vt 0.000000 1.000000
vt 0.000000 0.000000
vt 1.000000 0.000000
vt 1.000000 1.000000
vt 0.000000 1.000000
vt 0.000000 0.000000
vt 1.000000 0.000000
vt 1.000000 1.000000
vt 0.000000 1.000000
vt 0.000000 0.000000
vt 1.000000 0.000000
vt 1.000000 1.000000
vt 0.000000 1.000000
vt 0.000000 0.000000
vt 1.000000 0.000000
vt 1.000000 1.000000
vt 0.000000 1.000000
vt 0.000000 0.000000
vt 1.000000 0.000000
vt 1.000000 1.000000
vt 0.000000 1.000000
vt 0.000000 0.000000
vt 1.000000 0.000000
vt 1.000000 1.000000
vt 0.000000 1.000000
vt 0.000000 0.000000
vt 1.000000 0.000000
vt 1.000000 1.000000
vt 0.000000 1.000000
vt 0.000000 0.000000
vt 1.000000 0.000000
vt 1.000000 1.000000
vt 0.000000 1.000000
vt 0.000000 0.000000
vt 1.000000 0.000000
vt 1.000000 1.000000
vt 0.000000 1.000000
vt 0.000000 0.000000
vt 1.000000 0.000000
vt 1.000000 1.000000
vt 0.000000 1.000000
vt 0.000000 0.000000
vt 1.000000 0.000000
vt 1.000000 1.000000
vt 0.000000 1.000000
vt 0.000000 0.000000
vt 1.000000 0.000000
vt 1.000000 1.000000
vt 0.000000 1.000000
vt 0.000000 0.000000
vt 1.000000 0.000000
vt 1.000000 1.000000
vt 0.000000 1.000000
vt 0.000000 0.000000
vt 1.000000 0.000000
vt 1.000000 1.000000
vt 0.000000 1.000000
vt 0.000000 0.000000
vt 1.000000 0.000000
vt 1.000000 1.000000
vt 0.000000 1.000000
vt 0.000000 0.000000
vt 1.000000 0.000000
vt 1.000000 1.000000
vt 0.000000 1.000000
vt 0.000000 0.000000
vt 1.000000 0.000000
vt 1.000000 1.000000
vt 0.000000 1.000000
vt 0.000000 0.000000
vt 1.000000 0.000000
vt 1.000000 1.000000
vt 0.000000 1.000000
vt 0.000000 0.000000
vt 1.000000 0.000000
vt 1.000000 1.000000
vt 0.000000 1.000000
vt 0.000000 0.000000
vt 1.000000 0.000000
vt 1.000000 1.000000
vt 0.000000 1.000000
vt 0.000000 0.000000
vt 1.000000 0.000000
vt 1.000000 1.000000
vt 0.000000 1.000000
vt 0.000000 0.000000
vt 1.000000 0.000000
vt 1.000000 1.000000
vt 0.000000 1.000000
vt 0.000000 0.000000
vt 1.000000 0.000000
vt 1.000000 1.000000
vt 0.000000 1.000000
vt 0.000000 0.000000
vt 1.000000 0.000000
vt 1.000000 1.000000
vt 0.000000 1.000000
vt 0.000000 0.000000
vt 1.000000 0.000000
vt 1.000000 1.000000
vt 0.000000 1.000000
vt 0.000000 0.000000
vt 1.000000 0.000000
vt 1.000000 1.000000
vt 0.000000 1.000000
vt 0.000000 0.000000
vt 1.000000 0.000000
vt 1.000000 1.000000
vt 0.000000 1.000000
vt 0.000000 0.000000
vt 1.000000 0.000000
vt 1.000000 1.000000
vt 0.000000 1.000000
vt 0.000000 0.000000
vt 1.000000 0.000000
vt 1.000000 1.000000
vt 0.000000 1.000000
vt 0.000000 0.000000
vt 1.000000 0.000000
vt 1.000000 1.000000
vt 0.000000 1.000000
vt 0.000000 0.000000
vt 1.000000 0.000000
vt 1.000000 1.000000
vt 0.000000 1.000000
vt 0.000000 0.000000
vt 1.000000 0.000000
vt 1.000000 1.000000
vt 0.000000 1.000000
vt 0.000000 0.000000
vt 1.000000 0.000000
vt 1.000000 1.000000
vt 0.000000 1.000000
vt 0.000000 0.000000
vt 1.000000 0.000000
vt 1.000000 1.000000
vt 0.000000 1.000000
vt 0.000000 0.000000
vt 1.000000 0.000000
vt 1.000000 1.000000
vt 0.000000 1.000000
vt 0.000000 0.000000
vt 1.000000 0.000000
vt 1.000000 1.000000
vt 0.000000 1.000000
vt 0.000000 0.000000
vt 1.000000 0.000000
vt 1.000000 1.000000
vt 0.000000 1.000000
vt 0.000000 0.000000
vt 1.000000 0.000000
vt 1.000000 1.000000
vt 0.000000 1.000000
vt 0.000000 0.000000
vt 1.000000 0.000000
vt 1.000000 1.000000
vt 0.000000 1.000000
vt 0.000000 0.000000
vt 1.000000 0.000000
vt 1.000000 1.000000
vt 0.000000 1.000000
vt 0.000000 0.000000
vt 1.000000 0.000000
vt 1.000000 1.000000
vt 0.000000 1.000000
vt 0.000000 0.000000
vt 1.000000 0.000000
vt 1.000000 1.000000
vt 0.000000 1.000000
vt 0.000000 0.000000
vt 1.000000 0.000000
vt 1.000000 1.000000
vt 0.000000 1.000000
vt 0.000000 0.000000
vt 1.000000 0.000000
vt 1.000000 1.000000
vt 0.000000 1.000000
vt 0.000000 0.000000
vt 1.000000 0.000000
vt 1.000000 1.000000
vt 0.000000 1.000000
vt 0.000000 0.000000
vt 1.000000 0.000000
vt 1.000000 1.000000
vt 0.000000 1.000000
vt 0.000000 0.000000
vt 1.000000 0.000000
vt 1.000000 1.000000
vt 0.000000 1.000000
vt 0.000000 0.000000
vt 1.000000 0.000000
vt 1.000000 1.000000
vt 0.000000 1.000000
vt 0.000000 0.000000
vt 1.000000 0.000000
vt 1.000000 1.000000
vt 0.000000 1.000000
vt 0.000000 0.000000
vt 1.000000 0.000000
vt 1.000000 1.000000
vt 0.000000 1.000000
vt 0.000000 0.000000
vt 1.000000 0.000000
vt 1.000000 1.000000
vt 0.000000 1.000000
vt 0.000000 0.000000
vt 1.000000 0.000000
vt 1.000000 1.000000
vt 0.000000 1.000000
vt 0.000000 0.000000
vt 1.000000 0.000000
vt 1.000000 1.000000
vt 0.000000 1.000000
vt 0.000000 0.000000
vt 1.000000 0.000000
vt 1.000000 1.000000
vt 0.000000 1.000000
vt 0.000000 0.000000
vt 1.000000 0.000000
vt 1.000000 1.000000
vt 0.000000 1.000000
vt 0.000000 0.000000
vt 1.000000 0.000000
vt 1.000000 1.000000
vt 0.000000 1.000000
vt 0.000000 0.000000
vt 1.000000 0.000000
vt 1.000000 1.000000
vt 0.000000 1.000000
vt 0.000000 0.000000
vt 1.000000 0.000000
vt 1.000000 1.000000
vt 0.000000 1.000000
vt 0.000000 0.000000
vt 1.000000 0.000000
vt 1.000000 1.000000
vt 0.000000 1.000000
vt 0.000000 0.000000
vt 1.000000 0.000000
vt 1.000000 1.000000
vt 0.000000 1.000000
vt 0.000000 0.000000
vt 1.000000 0.000000
vt 1.000000 1.000000
vt 0.000000 1.000000
vt 0.000000 0.000000
vt 1.000000 0.000000
vt 1.000000 1.000000
vt 0.000000 1.000000
vt 0.000000 0.000000
vt 1.000000 0.000000
vt 1.000000 1.000000
vt 0.000000 1.000000
vt 0.500000 0.500000
vt 0.000000 0.000000
vt 1.000000 0.000000
vt 0.000000 0.000000
vt 1.000000 0.000000
vt 0.000000 0.000000
vt 1.000000 0.000000
vt 0.000000 0.000000
vt 1.000000 0.000000
vt 0.000000 0.000000
vt 1.000000 0.000000
vt 0.000000 0.000000
vt 1.000000 0.000000
vt 0.000000 0.000000
vt 1.000000 0.000000
vt 0.500000 0.500000
vt 0.000000 0.000000
vt 1.000000 0.000000
vt 0.000000 0.000000
vt 1.000000 0.000000
vt 0.000000 0.000000
vt 1.000000 0.000000
vt 0.000000 0.000000
vt 1.000000 0.000000
vt 0.000000 0.000000
vt 1.000000 0.000000
vt 0.000000 0.000000
vt 1.000000 0.000000
vt 0.000000 0.000000
vt 1.000000 0.000000
vt 0.000000 0.000000
vt 1.000000 0.000000
vt 1.000000 1.000000
vt 0.000000 1.000000
vt 0.000000 0.000000
vt 1.000000 0.000000
vt 1.000000 1.000000
vt 0.000000 1.000000
vt 0.000000 0.000000
vt 1.000000 0.000000
vt 1.000000 1.000000
vt 0.000000 1.000000
vt 0.000000 0.000000
vt 1.000000 0.000000
vt 1.000000 1.000000
vt 0.000000 1.000000
vt 0.000000 0.000000
vt 1.000000 0.000000
vt 1.000000 1.000000
vt 0.000000 1.000000
vt 0.000000 0.000000
vt 1.000000 0.000000
vt 1.000000 1.000000
vt 0.000000 1.000000
vt 0.000000 0.000000
vt 1.000000 0.000000
vt 1.000000 1.000000
vt 0.000000 1.000000
vt 0.500000 0.500000
vt 0.000000 0.000000
vt 1.000000 0.000000
vt 0.000000 0.000000
vt 1.000000 0.000000
vt 0.000000 0.000000
vt 1.000000 0.000000
vt 0.000000 0.000000
vt 1.000000 0.000000
vt 0.000000 0.000000
vt 1.000000 0.000000
vt 0.000000 0.000000
vt 1.000000 0.000000
vt 0.000000 0.000000
vt 1.000000 0.000000
vt 0.500000 0.500000
vt 0.000000 0.000000
vt 1.000000 0.000000
vt 0.000000 0.000000
vt 1.000000 0.000000
vt 0.000000 0.000000
vt 1.000000 0.000000
vt 0.000000 0.000000
vt 1.000000 0.000000
vt 0.000000 0.000000
vt 1.000000 0.000000
vt 0.000000 0.000000
vt 1.000000 0.000000
vt 0.000000 0.000000
vt 1.000000 0.000000
vt 0.000000 0.000000
vt 1.000000 0.000000
vt 1.000000 1.000000
vt 0.000000 1.000000
vt 0.000000 0.000000
vt 1.000000 0.000000
vt 1.000000 1.000000
vt 0.000000 1.000000
vt 0.000000 0.000000
vt 1.000000 0.000000
vt 1.000000 1.000000
vt 0.000000 1.000000
vt 0.000000 0.000000
vt 1.000000 0.000000
vt 1.000000 1.000000
vt 0.000000 1.000000
vt 0.000000 0.000000
vt 1.000000 0.000000
vt 1.000000 1.000000
vt 0.000000 1.000000
vt 0.000000 0.000000
vt 1.000000 0.000000
vt 1.000000 1.000000
vt 0.000000 1.000000
vt 0.000000 0.000000
vt 1.000000 0.000000
vt 1.000000 1.000000
vt 0.000000 1.000000
vt 0.500000 0.500000
vt 0.000000 0.000000
vt 1.000000 0.000000
vt 0.000000 0.000000
vt 1.000000 0.000000
vt 0.000000 0.000000
vt 1.000000 0.000000
vt 0.000000 0.000000
vt 1.000000 0.000000
vt 0.000000 0.000000
vt 1.000000 0.000000
vt 0.000000 0.000000
vt 1.000000 0.000000
vt 0.000000 0.000000
vt 1.000000 0.000000
vt 0.500000 0.500000
vt 0.000000 0.000000
vt 1.000000 0.000000
vt 0.000000 0.000000
vt 1.000000 0.000000
vt 0.000000 0.000000
vt 1.000000 0.000000
vt 0.000000 0.000000
vt 1.000000 0.000000
vt 0.000000 0.000000
vt 1.000000 0.000000
vt 0.000000 0.000000
vt 1.000000 0.000000
vt 0.000000 0.000000
vt 1.000000 0.000000
vt 0.000000 0.000000
vt 1.000000 0.000000
vt 1.000000 1.000000
vt 0.000000 1.000000
vt 0.000000 0.000000
vt 1.000000 0.000000
vt 1.000000 1.000000
vt 0.000000 1.000000
vt 0.000000 0.000000
vt 1.000000 0.000000
vt 1.000000 1.000000
vt 0.000000 1.000000
vt 0.000000 0.000000
vt 1.000000 0.000000
vt 1.000000 1.000000
vt 0.000000 1.000000
vt 0.000000 0.000000
vt 1.000000 0.000000
vt 1.000000 1.000000
vt 0.000000 1.000000
vt 0.000000 0.000000
vt 1.000000 0.000000
vt 1.000000 1.000000
vt 0.000000 1.000000
vt 0.000000 0.000000
vt 1.000000 0.000000
vt 1.000000 1.000000
vt 0.000000 1.000000
vt 0.500000 0.500000
vt 0.000000 0.000000
vt 1.000000 0.000000
vt 0.000000 0.000000
vt 1.000000 0.000000
vt 0.000000 0.000000
vt 1.000000 0.000000
vt 0.000000 0.000000
vt 1.000000 0.000000
vt 0.000000 0.000000
vt 1.000000 0.000000
vt 0.500000 0.500000
vt 0.000000 0.000000
vt 1.000000 0.000000
vt 0.000000 0.000000
vt 1.000000 0.000000
vt 0.000000 0.000000
vt 1.000000 0.000000
vt 0.000000 0.000000
vt 1.000000 0.000000
vt 0.000000 0.000000
vt 1.000000 0.000000
vt 0.000000 0.000000
vt 1.000000 0.000000
vt 1.000000 1.000000
vt 0.000000 1.000000
vt 0.000000 0.000000
vt 1.000000 0.000000
vt 1.000000 1.000000
vt 0.000000 1.000000
vt 0.000000 0.000000
vt 1.000000 0.000000
vt 1.000000 1.000000
vt 0.000000 1.000000
vt 0.000000 0.000000
vt 1.000000 0.000000
vt 1.000000 1.000000
vt 0.000000 1.000000
vt 0.000000 0.000000
vt 1.000000 0.000000
vt 1.000000 1.000000
vt 0.000000 1.000000
vt 0.000000 0.000000
vt 1.000000 0.000000
vt 1.000000 1.000000
vt 0.000000 1.000000
vt 0.500000 0.500000
vt 0.000000 0.000000
vt 1.000000 0.000000
vt 0.000000 0.000000
vt 1.000000 0.000000
vt 0.000000 0.000000
vt 1.000000 0.000000
vt 0.000000 0.000000
vt 1.000000 0.000000
vt 0.000000 0.000000
vt 1.000000 0.000000
vt 0.000000 0.000000
vt 1.000000 0.000000
vt 0.500000 0.500000
vt 0.000000 0.000000
vt 1.000000 0.000000
vt 0.000000 0.000000
vt 1.000000 0.000000
vt 0.000000 0.000000
vt 1.000000 0.000000
vt 0.000000 0.000000
vt 1.000000 0.000000
vt 0.000000 0.000000
vt 1.000000 0.000000
vt 0.000000 0.000000
vt 1.000000 0.000000
vt 0.000000 0.000000
vt 1.000000 0.000000
vt 1.000000 1.000000
vt 0.000000 1.000000
vt 0.000000 0.000000
vt 1.000000 0.000000
vt 1.000000 1.000000
vt 0.000000 1.000000
vt 0.000000 0.000000
vt 1.000000 0.000000
vt 1.000000 1.000000
vt 0.000000 1.000000
vt 0.000000 0.000000
vt 1.000000 0.000000
vt 1.000000 1.000000
vt 0.000000 1.000000
vt 0.000000 0.000000
vt 1.000000 0.000000
vt 1.000000 1.000000
vt 0.000000 1.000000
vt 0.000000 0.000000
vt 1.000000 0.000000
vt 1.000000 1.000000
vt 0.000000 1.000000
vt 0.500000 0.500000
vt 0.000000 0.000000
vt 1.000000 0.000000
vt 0.000000 0.000000
vt 1.000000 0.000000
vt 0.000000 0.000000
vt 1.000000 0.000000
vt 0.000000 0.000000
vt 1.000000 0.000000
vt 0.000000 0.000000
vt 1.000000 0.000000
vt 0.000000 0.000000
vt 1.000000 0.000000
vt 0.500000 0.500000
vt 0.000000 0.000000
vt 1.000000 0.000000
vt 0.000000 0.000000
vt 1.000000 0.000000
vt 0.000000 0.000000
vt 1.000000 0.000000
vt 0.000000 0.000000
vt 1.000000 0.000000
vt 0.000000 0.000000
vt 1.000000 0.000000
vt 0.000000 0.000000
vt 1.000000 0.000000
vt 0.000000 0.000000
vt 1.000000 0.000000
vt 1.000000 1.000000
vt 0.000000 1.000000
vt 0.000000 0.000000
vt 1.000000 0.000000
vt 1.000000 1.000000
vt 0.000000 1.000000
vt 0.000000 0.000000
vt 1.000000 0.000000
vt 1.000000 1.000000
vt 0.000000 1.000000
vt 0.000000 0.000000
vt 1.000000 0.000000
vt 1.000000 1.000000
vt 0.000000 1.000000
vt 0.000000 0.000000
vt 1.000000 0.000000
vt 1.000000 1.000000
vt 0.000000 1.000000
vt 0.000000 0.000000
vt 1.000000 0.000000
vt 1.000000 1.000000
vt 0.000000 1.000000
vt 0.500000 0.500000
vt 0.000000 0.000000
vt 1.000000 0.000000
vt 0.000000 0.000000
vt 1.000000 0.000000
vt 0.000000 0.000000
vt 1.000000 0.000000
vt 0.000000 0.000000
vt 1.000000 0.000000
vt 0.000000 0.000000
vt 1.000000 0.000000
vt 0.000000 0.000000
vt 1.000000 0.000000
vt 0.500000 0.500000
vt 0.000000 0.000000
vt 1.000000 0.000000
vt 0.000000 0.000000
vt 1.000000 0.000000
vt 0.000000 0.000000
vt 1.000000 0.000000
vt 0.000000 0.000000
vt 1.000000 0.000000
vt 0.000000 0.000000
vt 1.000000 0.000000
vt 0.000000 0.000000
vt 1.000000 0.000000
vt 0.000000 0.000000
vt 1.000000 0.000000
vt 1.000000 1.000000
vt 0.000000 1.000000
vt 0.000000 0.000000
vt 1.000000 0.000000
vt 1.000000 1.000000
vt 0.000000 1.000000
vt 0.000000 0.000000
vt 1.000000 0.000000
vt 1.000000 1.000000
vt 0.000000 1.000000
vt 0.000000 0.000000
vt 1.000000 0.000000
vt 1.000000 1.000000
vt 0.000000 1.000000
vt 0.000000 0.000000
vt 1.000000 0.000000
vt 1.000000 1.000000
vt 0.000000 1.000000
vt 0.000000 0.000000
vt 1.000000 0.000000
vt 1.000000 1.000000
vt 0.000000 1.000000
vt 0.500000 0.500000
vt 0.000000 0.000000
vt 1.000000 0.000000
vt 0.000000 0.000000
vt 1.000000 0.000000
vt 0.000000 0.000000
vt 1.000000 0.000000
vt 0.000000 0.000000
vt 1.000000 0.000000
vt 0.000000 0.000000
vt 1.000000 0.000000
vt 0.000000 0.000000
vt 1.000000 0.000000
vt 0.500000 0.500000
vt 0.000000 0.000000
vt 1.000000 0.000000
vt 0.000000 0.000000
vt 1.000000 0.000000
vt 0.000000 0.000000
vt 1.000000 0.000000
vt 0.000000 0.000000
vt 1.000000 0.000000
vt 0.000000 0.000000
vt 1.000000 0.000000
vt 0.000000 0.000000
vt 1.000000 0.000000
vt 0.000000 0.000000
vt 1.000000 0.000000
vt 1.000000 1.000000
vt 0.000000 1.000000
vt 0.000000 0.000000
vt 1.000000 0.000000
vt 1.000000 1.000000
vt 0.000000 1.000000
vt 0.000000 0.000000
vt 1.000000 0.000000
vt 1.000000 1.000000
vt 0.000000 1.000000
vt 0.000000 0.000000
vt 1.000000 0.000000
vt 1.000000 1.000000
vt 0.000000 1.000000
vt 0.000000 0.000000
vt 1.000000 0.000000
vt 1.000000 1.000000
vt 0.000000 1.000000
vt 0.000000 0.000000
vt 1.000000 0.000000
vt 1.000000 1.000000
vt 0.000000 1.000000
vt 0.500000 0.500000
vt 0.000000 0.000000
vt 1.000000 0.000000
vt 0.000000 0.000000
vt 1.000000 0.000000
vt 0.000000 0.000000
vt 1.000000 0.000000
vt 0.000000 0.000000
vt 1.000000 0.000000
vt 0.000000 0.000000
vt 1.000000 0.000000
vt 0.000000 0.000000
vt 1.000000 0.000000
vt 0.500000 0.500000
vt 0.000000 0.000000
vt 1.000000 0.000000
vt 0.000000 0.000000
vt 1.000000 0.000000
vt 0.000000 0.000000
vt 1.000000 0.000000
vt 0.000000 0.000000
vt 1.000000 0.000000
vt 0.000000 0.000000
vt 1.000000 0.000000
vt 0.000000 0.000000
vt 1.000000 0.000000
vt 0.000000 0.000000
vt 1.000000 0.000000
vt 1.000000 1.000000
vt 0.000000 1.000000
vt 0.000000 0.000000
vt 1.000000 0.000000
vt 1.000000 1.000000
vt 0.000000 1.000000
vt 0.000000 0.000000
vt 1.000000 0.000000
vt 1.000000 1.000000
vt 0.000000 1.000000
vt 0.000000 0.000000
vt 1.000000 0.000000
vt 1.000000 1.000000
vt 0.000000 1.000000
vt 0.000000 0.000000
vt 1.000000 0.000000
vt 1.000000 1.000000
vt 0.000000 1.000000
vt 0.000000 0.000000
vt 1.000000 0.000000
vt 1.000000 1.000000
vt 0.000000 1.000000
vt 0.500000 0.500000
vt 0.000000 0.000000
vt 1.000000 0.000000
vt 0.000000 0.000000
vt 1.000000 0.000000
vt 0.000000 0.000000
vt 1.000000 0.000000
vt 0.000000 0.000000
vt 1.000000 0.000000
vt 0.000000 0.000000
vt 1.000000 0.000000
vt 0.000000 0.000000
vt 1.000000 0.000000
vt 0.500000 0.500000
vt 0.000000 0.000000
vt 1.000000 0.000000
vt 0.000000 0.000000
vt 1.000000 0.000000
vt 0.000000 0.000000
vt 1.000000 0.000000
vt 0.000000 0.000000
vt 1.000000 0.000000
vt 0.000000 0.000000
vt 1.000000 0.000000
vt 0.000000 0.000000
vt 1.000000 0.000000
vt 0.000000 0.000000
vt 1.000000 0.000000
vt 1.000000 1.000000
vt 0.000000 1.000000
vt 0.000000 0.000000
vt 1.000000 0.000000
vt 1.000000 1.000000
vt 0.000000 1.000000
vt 0.000000 0.000000
vt 1.000000 0.000000
vt 1.000000 1.000000
vt 0.000000 1.000000
vt 0.000000 0.000000
vt 1.000000 0.000000
vt 1.000000 1.000000
vt 0.000000 1.000000
vt 0.000000 0.000000
vt 1.000000 0.000000
vt 1.000000 1.000000
vt 0.000000 1.000000
vt 0.000000 0.000000
vt 1.000000 0.000000
vt 1.000000 1.000000
vt 0.000000 1.000000
vt 0.500000 0.500000
vt 0.000000 0.000000
vt 1.000000 0.000000
vt 0.000000 0.000000
vt 1.000000 0.000000
vt 0.000000 0.000000
vt 1.000000 0.000000
vt 0.000000 0.000000
vt 1.000000 0.000000
vt 0.000000 0.000000
vt 1.000000 0.000000
vt 0.000000 0.000000
vt 1.000000 0.000000
vt 0.500000 0.500000
vt 0.000000 0.000000
vt 1.000000 0.000000
vt 0.000000 0.000000
vt 1.000000 0.000000
vt 0.000000 0.000000
vt 1.000000 0.000000
vt 0.000000 0.000000
vt 1.000000 0.000000
vt 0.000000 0.000000
vt 1.000000 0.000000
vt 0.000000 0.000000
vt 1.000000 0.000000
vt 0.000000 0.000000
vt 1.000000 0.000000
vt 1.000000 1.000000
vt 0.000000 1.000000
vt 0.000000 0.000000
vt 1.000000 0.000000
vt 1.000000 1.000000
vt 0.000000 1.000000
vt 0.000000 0.000000
vt 1.000000 0.000000
vt 1.000000 1.000000
vt 0.000000 1.000000
vt 0.000000 0.000000
vt 1.000000 0.000000
vt 1.000000 1.000000
vt 0.000000 1.000000
vt 0.000000 0.000000
vt 1.000000 0.000000
vt 1.000000 1.000000
vt 0.000000 1.000000
vt 0.000000 0.000000
vt 1.000000 0.000000
vt 1.000000 1.000000
vt 0.000000 1.000000
vt 0.500000 0.500000
vt 0.000000 0.000000
vt 1.000000 0.000000
vt 0.000000 0.000000
vt 1.000000 0.000000
vt 0.000000 0.000000
vt 1.000000 0.000000
vt 0.000000 0.000000
vt 1.000000 0.000000
vt 0.000000 0.000000
vt 1.000000 0.000000
vt 0.000000 0.000000
vt 1.000000 0.000000
vt 0.500000 0.500000
vt 0.000000 0.000000
vt 1.000000 0.000000
vt 0.000000 0.000000
vt 1.000000 0.000000
vt 0.000000 0.000000
vt 1.000000 0.000000
vt 0.000000 0.000000
vt 1.000000 0.000000
vt 0.000000 0.000000
vt 1.000000 0.000000
vt 0.000000 0.000000
vt 1.000000 0.000000
vt 0.000000 0.000000
vt 1.000000 0.000000
vt 1.000000 1.000000
vt 0.000000 1.000000
vt 0.000000 0.000000
vt 1.000000 0.000000
vt 1.000000 1.000000
vt 0.000000 1.000000
vt 0.000000 0.000000
vt 1.000000 0.000000
vt 1.000000 1.000000
vt 0.000000 1.000000
vt 0.000000 0.000000
vt 1.000000 0.000000
vt 1.000000 1.000000
vt 0.000000 1.000000
vt 0.000000 0.000000
vt 1.000000 0.000000
vt 1.000000 1.000000
vt 0.000000 1.000000
vt 0.000000 0.000000
vt 1.000000 0.000000
vt 1.000000 1.000000
vt 0.000000 1.000000
vt 0.500000 0.500000
vt 0.000000 0.000000
vt 1.000000 0.000000
vt 0.000000 0.000000
vt 1.000000 0.000000
vt 0.000000 0.000000
vt 1.000000 0.000000
vt 0.000000 0.000000
vt 1.000000 0.000000
vt 0.000000 0.000000
vt 1.000000 0.000000
vt 0.000000 0.000000
vt 1.000000 0.000000
vt 0.500000 0.500000
vt 0.000000 0.000000
vt 1.000000 0.000000
vt 0.000000 0.000000
vt 1.000000 0.000000
vt 0.000000 0.000000
vt 1.000000 0.000000
vt 0.000000 0.000000
vt 1.000000 0.000000
vt 0.000000 0.000000
vt 1.000000 0.000000
vt 0.000000 0.000000
vt 1.000000 0.000000
usemtl Wood
f 1/1 2/2 3/3
f 1/1 3/3 4/4
f 5/5 6/6 7/7
f 5/5 7/7 8/8
f 9/9 10/10 11/11
f 9/9 11/11 12/12
f 13/13 14/14 15/15
f 13/13 15/15 16/16
f 17/17 18/18 19/19
f 17/17 19/19 20/20
f 21/21 22/22 23/23
f 21/21 23/23 24/24
f 25/25 26/26 27/27
f 25/25 27/27 28/28
f 29/29 30/30 31/31
f 29/29 31/31 32/32
f 33/33 35/35 34/34
f 33/33 37/37 36/36
f 33/33 39/39 38/38
f 33/33 41/41 40/40
f 33/33 43/43 42/42
f 33/33 45/45 44/44
f 33/33 47/47 46/46
f 33/33 49/49 48/48
f 50/50 51/51 52/52
f 50/50 53/53 54/54
f 50/50 55/55 56/56
f 50/50 57/57 58/58
f 50/50 59/59 60/60
f 50/50 61/61 62/62
f 50/50 63/63 64/64
f 50/50 65/65 66/66
f 67/67 68/68 69/69
f 67/67 69/69 70/70
f 71/71 72/72 73/73
f 71/71 73/73 74/74
f 75/75 76/76 77/77
f 75/75 77/77 78/78
f 79/79 80/80 81/81
f 79/79 81/81 82/82
f 83/83 84/84 85/85
f 83/83 85/85 86/86
f 87/87 88/88 89/89
f 87/87 89/89 90/90
f 91/91 92/92 93/93
f 91/91 93/93 94/94
f 95/95 96/96 97/97
f 95/95 97/97 98/98
f 99/99 101/101 100/100
f 99/99 103/103 102/102
f 99/99 105/105 104/104
f 99/99 107/107 106/106
f 99/99 109/109 108/108
f 99/99 111/111 110/110
f 99/99 113/113 112/112
f 99/99 115/115 114/114
f 116/116 117/117 118/118
f 116/116 119/119 120/120
f 116/116 121/121 122/122
f 116/116 123/123 124/124
f 116/116 125/125 126/126
f 116/116 127/127 128/128
f 116/116 129/129 130/130
f 116/116 131/131 132/132
f 133/133 134/134 135/135
f 133/133 135/135 136/136
f 137/137 138/138 139/139
f 137/137 139/139 140/140
f 141/141 142/142 143/143
f 141/141 143/143 144/144
f 145/145 146/146 147/147
f 145/145 147/147 148/148
f 149/149 150/150 151/151
f 149/149 151/151 152/152
f 153/153 154/154 155/155
f 153/153 155/155 156/156
f 157/157 158/158 159/159
f 157/157 159/159 160/160
f 161/161 162/162 163/163
f 161/161 163/163 164/164
f 165/165 167/167 166/166
f 165/165 169/169 168/168
f 165/165 171/171 170/170
f 165/165 173/173 172/172
f 165/165 175/175 174/174
f 165/165 177/177 176/176
f 165/165 179/179 178/178
f 165/165 181/181 180/180
f 182/182 183/183 184/184
f 182/182 185/185 186/186
f 182/182 187/187 188/188
f 182/182 189/189 190/190
f 182/182 191/191 192/192
f 182/182 193/193 194/194
f 182/182 195/195 196/196
f 182/182 197/197 198/198
f 199/199 200/200 201/201
f 199/199 201/201 202/202
f 203/203 204/204 205/205
f 203/203 205/205 206/206
f 207/207 208/208 209/209
f 207/207 209/209 210/210
f 211/211 212/212 213/213
f 211/211 213/213 214/214
f 215/215 216/216 217/217
f 215/215 217/217 218/218
f 219/219 220/220 221/221
f 219/219 221/221 222/222
f 223/223 224/224 225/225
f 223/223 225/225 226/226
f 227/227 228/228 229/229
f 227/227 229/229 230/230
f 231/231 233/233 232/232
f 231/231 235/235 234/234
f 231/231 237/237 236/236
f 231/231 239/239 238/238
f 231/231 241/241 240/240
f 231/231 243/243 242/242
f 231/231 245/245 244/244
f 231/231 247/247 246/246
f 248/248 249/249 250/250
f 248/248 251/251 252/252
f 248/248 253/253 254/254
f 248/248 255/255 256/256
f 248/248 257/257 258/258
f 248/248 259/259 260/260
f 248/248 261/261 262/262
f 248/248 263/263 264/264
f 265/265 266/266 267/267
f 265/265 267/267 268/268
f 269/269 270/270 271/271
f 269/269 271/271 272/272
f 273/273 274/274 275/275
f 273/273 275/275 276/276
f 277/277 278/278 279/279
f 277/277 279/279 280/280
f 281/281 282/282 283/283
f 281/281 283/283 284/284
f 285/285 286/286 287/287
f 285/285 287/287 288/288
f 289/289 290/290 291/291
f 289/289 291/291 292/292
f 293/293 294/294 295/295
f 293/293 295/295 296/296
f 297/297 299/299 298/298
f 297/297 301/301 300/300
f 297/297 303/303 302/302
f 297/297 305/305 304/304
f 297/297 307/307 306/306
f 297/297 309/309 308/308
f 297/297 311/311 310/310
f 297/297 313/313 312/312
f 314/314 315/315 316/316
f 314/314 317/317 318/318
f 314/314 319/319 320/320
f 314/314 321/321 322/322
f 314/314 323/323 324/324
f 314/314 325/325 326/326
f 314/314 327/327 328/328
f 314/314 329/329 330/330
f 331/331 332/332 333/333
f 331/331 333/333 334/334
f 335/335 336/336 337/337
f 335/335 337/337 338/338
f 339/339 340/340 341/341
f 339/339 341/341 342/342
f 343/343 344/344 345/345
f 343/343 345/345 346/346
f 347/347 348/348 349/349
f 347/347 349/349 350/350
f 351/351 352/352 353/353
f 351/351 353/353 354/354
f 355/355 356/356 357/357
f 355/355 357/357 358/358
f 359/359 360/360 361/361
f 359/359 361/361 362/362
f 363/363 365/365 364/364
f 363/363 367/367 366/366
f 363/363 369/369 368/368
f 363/363 371/371 370/370
f 363/363 373/373 372/372
f 363/363 375/375 374/374
f 363/363 377/377 376/376
f 363/363 379/379 378/378
f 380/380 381/381 382/382
f 380/380 383/383 384/384
f 380/380 385/385 386/386
f 380/380 387/387 388/388
f 380/380 389/389 390/390
f 380/380 391/391 392/392
f 380/380 393/393 394/394
f 380/380 395/395 396/396
f 397/397 398/398 399/399
f 397/397 399/399 400/400
f 401/401 402/402 403/403
f 401/401 403/403 404/404
f 405/405 406/406 407/407
f 405/405 407/407 408/408
f 409/409 410/410 411/411
f 409/409 411/411 412/412
f 413/413 414/414 415/415
f 413/413 415/415 416/416
f 417/417 418/418 419/419
f 417/417 419/419 420/420
f 421/421 422/422 423/423
f 421/421 423/423 424/424
f 425/425 426/426 427/427
f 425/425 427/427 428/428
f 429/429 431/431 430/430
f 429/429 433/433 432/432
f 429/429 435/435 434/434
f 429/429 437/437 436/436
f 429/429 439/439 438/438
f 429/429 441/441 440/440
f 429/429 443/443 442/442
f 429/429 445/445 444/444
f 446/446 447/447 448/448
f 446/446 449/449 450/450
f 446/446 451/451 452/452
f 446/446 453/453 454/454
f 446/446 455/455 456/456
f 446/446 457/457 458/458
f 446/446 459/459 460/460
f 446/446 461/461 462/462
f 463/463 464/464 465/465
f 463/463 465/465 466/466
f 467/467 468/468 469/469
f 467/467 469/469 470/470
f 471/471 472/472 473/473
f 471/471 473/473 474/474
f 475/475 476/476 477/477
f 475/475 477/477 478/478
f 479/479 480/480 481/481
f 479/479 481/481 482/482
f 483/483 484/484 485/485
f 483/483 485/485 486/486
f 487/487 488/488 489/489
f 487/487 489/489 490/490
f 491/491 492/492 493/493
f 491/491 493/493 494/494
f 495/495 497/497 496/496
f 495/495 499/499 498/498
f 495/495 501/501 500/500
f 495/495 503/503 502/502
f 495/495 505/505 504/504
f 495/495 507/507 506/506
f 495/495 509/509 508/508
f 495/495 511/511 510/510
f 512/512 513/513 514/514
f 512/512 515/515 516/516
f 512/512 517/517 518/518
f 512/512 519/519 520/520
f 512/512 521/521 522/522
f 512/512 523/523 524/524
f 512/512 525/525 526/526
f 512/512 527/527 528/528
f 529/529 530/530 531/531
f 529/529 531/531 532/532
f 533/533 534/534 535/535
f 533/533 535/535 536/536
f 537/537 538/538 539/539
f 537/537 539/539 540/540
f 541/541 542/542 543/543
f 541/541 543/543 544/544
f 545/545 546/546 547/547
f 545/545 547/547 548/548
f 549/549 550/550 551/551
f 549/549 551/551 552/552
f 553/553 554/554 555/555
f 553/553 555/555 556/556
f 557/557 558/558 559/559
f 557/557 559/559 560/560
f 561/561 563/563 562/562
f 561/561 565/565 564/564
f 561/561 567/567 566/566
f 561/561 569/569 568/568
f 561/561 571/571 570/570
f 561/561 573/573 572/572
f 561/561 575/575 574/574
f 561/561 577/577 576/576
f 578/578 579/579 580/580
f 578/578 581/581 582/582
f 578/578 583/583 584/584
f 578/578 585/585 586/586
f 578/578 587/587 588/588
f 578/578 589/589 590/590
f 578/578 591/591 592/592
f 578/578 593/593 594/594
f 595/595 596/596 597/597
f 595/595 597/597 598/598
f 599/599 600/600 601/601
f 599/599 601/601 602/602
f 603/603 604/604 605/605
f 603/603 605/605 606/606
f 607/607 608/608 609/609
f 607/607 609/609 610/610
f 611/611 612/612 613/613
f 611/611 613/613 614/614
f 615/615 616/616 617/617
f 615/615 617/617 618/618
f 619/619 620/620 621/621
f 619/619 621/621 622/622
f 623/623 624/624 625/625
f 623/623 625/625 626/626
f 627/627 629/629 628/628
f 627/627 631/631 630/630
f 627/627 633/633 632/632
f 627/627 635/635 634/634
f 627/627 637/637 636/636
f 627/627 639/639 638/638
f 627/627 641/641 640/640
f 627/627 643/643 642/642
f 644/644 645/645 646/646
f 644/644 647/647 648/648
f 644/644 649/649 650/650
f 644/644 651/651 652/652
f 644/644 653/653 654/654
f 644/644 655/655 656/656
f 644/644 657/657 658/658
f 644/644 659/659 660/660
f 661/661 662/662 663/663
f 661/661 663/663 664/664
f 665/665 666/666 667/667
f 665/665 667/667 668/668
f 669/669 670/670 671/671
f 669/669 671/671 672/672
f 673/673 674/674 675/675
f 673/673 675/675 676/676
f 677/677 678/678 679/679
f 677/677 679/679 680/680
f 681/681 682/682 683/683
f 681/681 683/683 684/684
f 685/685 686/686 687/687
f 685/685 687/687 688/688
f 689/689 690/690 691/691
f 689/689 691/691 692/692
f 693/693 695/695 694/694
f 693/693 697/697 696/696
f 693/693 699/699 698/698
f 693/693 701/701 700/700
f 693/693 703/703 702/702
f 693/693 705/705 704/704
f 693/693 707/707 706/706
f 693/693 709/709 708/708
f 710/710 711/711 712/712
f 710/710 713/713 714/714
f 710/710 715/715 716/716
f 710/710 717/717 718/718
f 710/710 719/719 720/720
f 710/710 721/721 722/722
f 710/710 723/723 724/724
f 710/710 725/725 726/726
f 727/727 728/728 729/729
f 727/727 729/729 730/730
f 731/731 732/732 733/733
f 731/731 733/733 734/734
f 735/735 736/736 737/737
f 735/735 737/737 738/738
f 739/739 740/740 741/741
f 739/739 741/741 742/742
f 743/743 744/744 745/745
f 743/743 745/745 746/746
f 747/747 748/748 749/749
f 747/747 749/749 750/750
f 751/751 752/752 753/753
f 751/751 753/753 754/754
f 755/755 756/756 757/757
f 755/755 757/757 758/758
f 759/759 761/761 760/760
f 759/759 763/763 762/762
f 759/759 765/765 764/764
f 759/759 767/767 766/766
f 759/759 769/769 768/768
f 759/759 771/771 770/770
f 759/759 773/773 772/772
f 759/759 775/775 774/774
f 776/776 777/777 778/778
f 776/776 779/779 780/780
f 776/776 781/781 782/782
f 776/776 783/783 784/784
f 776/776 785/785 786/786
f 776/776 787/787 788/788
f 776/776 789/789 790/790
f 776/776 791/791 792/792
f 793/793 794/794 795/795
f 793/793 795/795 796/796
f 797/797 798/798 799/799
f 797/797 799/799 800/800
f 801/801 802/802 803/803
f 801/801 803/803 804/804
f 805/805 806/806 807/807
f 805/805 807/807 808/808
f 809/809 810/810 811/811
f 809/809 811/811 812/812
f 813/813 814/814 815/815
f 813/813 815/815 816/816
f 817/817 818/818 819/819
f 817/817 819/819 820/820
f 821/821 823/823 822/822
f 821/821 825/825 824/824
f 821/821 827/827 826/826
f 821/821 829/829 828/828
f 821/821 831/831 830/830
f 821/821 833/833 832/832
f 821/821 835/835 834/834
f 836/836 837/837 838/838
f 836/836 839/839 840/840
f 836/836 841/841 842/842
f 836/836 843/843 844/844
f 836/836 845/845 846/846
f 836/836 847/847 848/848
f 836/836 849/849 850/850
f 851/851 852/852 853/853
f 851/851 853/853 854/854
f 855/855 856/856 857/857
f 855/855 857/857 858/858
f 859/859 860/860 861/861
f 859/859 861/861 862/862
f 863/863 864/864 865/865
f 863/863 865/865 866/866
f 867/867 868/868 869/869
f 867/867 869/869 870/870
f 871/871 872/872 873/873
f 871/871 873/873 874/874
f 875/875 876/876 877/877
f 875/875 877/877 878/878
f 879/879 881/881 880/880
f 879/879 883/883 882/882
f 879/879 885/885 884/884
f 879/879 887/887 886/886
f 879/879 889/889 888/888
f 879/879 891/891 890/890
f 879/879 893/893 892/892
f 894/894 895/895 896/896
f 894/894 897/897 898/898
f 894/894 899/899 900/900
f 894/894 901/901 902/902
f 894/894 903/903 904/904
f 894/894 905/905 906/906
f 894/894 907/907 908/908
f 909/909 910/910 911/911
f 909/909 911/911 912/912
f 913/913 914/914 915/915
f 913/913 915/915 916/916
f 917/917 918/918 919/919
f 917/917 919/919 920/920
f 921/921 922/922 923/923
f 921/921 923/923 924/924
f 925/925 926/926 927/927
f 925/925 927/927 928/928
f 929/929 930/930 931/931
f 929/929 931/931 932/932
f 933/933 934/934 935/935
f 933/933 935/935 936/936
f 937/937 939/939 938/938
f 937/937 941/941 940/940
f 937/937 943/943 942/942
f 937/937 945/945 944/944
f 937/937 947/947 946/946
f 937/937 949/949 948/948
f 937/937 951/951 950/950
f 952/952 953/953 954/954
f 952/952 955/955 956/956
f 952/952 957/957 958/958
f 952/952 959/959 960/960
f 952/952 961/961 962/962
f 952/952 963/963 964/964
f 952/952 965/965 966/966
f 967/967 968/968 969/969
f 967/967 969/969 970/970
f 971/971 972/972 973/973
f 971/971 973/973 974/974
f 975/975 976/976 977/977
f 975/975 977/977 978/978
f 979/979 980/980 981/981
f 979/979 981/981 982/982
f 983/983 984/984 985/985
f 983/983 985/985 986/986
f 987/987 988/988 989/989
f 987/987 989/989 990/990
f 991/991 992/992 993/993
f 991/991 993/993 994/994
f 995/995 997/997 996/996
f 995/995 999/999 998/998
f 995/995 1001/1001 1000/1000
f 995/995 1003/1003 1002/1002
f 995/995 1005/1005 1004/1004
f 995/995 1007/1007 1006/1006
f 995/995 1009/1009 1008/1008
f 1010/1010 1011/1011 1012/1012
f 1010/1010 1013/1013 1014/1014
f 1010/1010 1015/1015 1016/1016
f 1010/1010 1017/1017 1018/1018
f 1010/1010 1019/1019 1020/1020
f 1010/1010 1021/1021 1022/1022
f 1010/1010 1023/1023 1024/1024
f 1025/1025 1026/1026 1027/1027
f 1025/1025 1027/1027 1028/1028
f 1029/1029 1030/1030 1031/1031
f 1029/1029 1031/1031 1032/1032
f 1033/1033 1034/1034 1035/1035
f 1033/1033 1035/1035 1036/1036
f 1037/1037 1038/1038 1039/1039
f 1037/1037 1039/1039 1040/1040
f 1041/1041 1042/1042 1043/1043
f 1041/1041 1043/1043 1044/1044
f 1045/1045 1046/1046 1047/1047
f 1045/1045 1047/1047 1048/1048
f 1049/1049 1050/1050 1051/1051
f 1049/1049 1051/1051 1052/1052
f 1053/1053 1055/1055 1054/1054
f 1053/1053 1057/1057 1056/1056
f 1053/1053 1059/1059 1058/1058
f 1053/1053 1061/1061 1060/1060
f 1053/1053 1063/1063 1062/1062
f 1053/1053 1065/1065 1064/1064
f 1053/1053 1067/1067 1066/1066
f 1068/1068 1069/1069 1070/1070
f 1068/1068 1071/1071 1072/1072
f 1068/1068 1073/1073 1074/1074
f 1068/1068 1075/1075 1076/1076
f 1068/1068 1077/1077 1078/1078
f 1068/1068 1079/1079 1080/1080
f 1068/1068 1081/1081 1082/1082
f 1083/1083 1084/1084 1085/1085
f 1083/1083 1085/1085 1086/1086
f 1087/1087 1088/1088 1089/1089
f 1087/1087 1089/1089 1090/1090
f 1091/1091 1092/1092 1093/1093
f 1091/1091 1093/1093 1094/1094
f 1095/1095 1096/1096 1097/1097
f 1095/1095 1097/1097 1098/1098
f 1099/1099 1100/1100 1101/1101
f 1099/1099 1101/1101 1102/1102
f 1103/1103 1104/1104 1105/1105
f 1103/1103 1105/1105 1106/1106
f 1107/1107 1108/1108 1109/1109
f 1107/1107 1109/1109 1110/1110
f 1111/1111 1113/1113 1112/1112
f 1111/1111 1115/1115 1114/1114
f 1111/1111 1117/1117 1116/1116
f 1111/1111 1119/1119 1118/1118
f 1111/1111 1121/1121 1120/1120
f 1111/1111 1123/1123 1122/1122
f 1111/1111 1125/1125 1124/1124
f 1126/1126 1127/1127 1128/1128
f 1126/1126 1129/1129 1130/1130
f 1126/1126 1131/1131 1132/1132
f 1126/1126 1133/1133 1134/1134
f 1126/1126 1135/1135 1136/1136
f 1126/1126 1137/1137 1138/1138
f 1126/1126 1139/1139 1140/1140
f 1141/1141 1142/1142 1143/1143
f 1141/1141 1143/1143 1144/1144
f 1145/1145 1146/1146 1147/1147
f 1145/1145 1147/1147 1148/1148
f 1149/1149 1150/1150 1151/1151
f 1149/1149 1151/1151 1152/1152
f 1153/1153 1154/1154 1155/1155
f 1153/1153 1155/1155 1156/1156
f 1157/1157 1158/1158 1159/1159
f 1157/1157 1159/1159 1160/1160
f 1161/1161 1162/1162 1163/1163
f 1161/1161 1163/1163 1164/1164
f 1165/1165 1166/1166 1167/1167
f 1165/1165 1167/1167 1168/1168
f 1169/1169 1171/1171 1170/1170
f 1169/1169 1173/1173 1172/1172
f 1169/1169 1175/1175 1174/1174
f 1169/1169 1177/1177 1176/1176
f 1169/1169 1179/1179 1178/1178
f 1169/1169 1181/1181 1180/1180
f 1169/1169 1183/1183 1182/1182
f 1184/1184 1185/1185 1186/1186
f 1184/1184 1187/1187 1188/1188
f 1184/1184 1189/1189 1190/1190
f 1184/1184 1191/1191 1192/1192
f 1184/1184 1193/1193 1194/1194
f 1184/1184 1195/1195 1196/1196
f 1184/1184 1197/1197 1198/1198
f 1199/1199 1200/1200 1201/1201
f 1199/1199 1201/1201 1202/1202
f 1203/1203 1204/1204 1205/1205
f 1203/1203 1205/1205 1206/1206
f 1207/1207 1208/1208 1209/1209
f 1207/1207 1209/1209 1210/1210
f 1211/1211 1212/1212 1213/1213
f 1211/1211 1213/1213 1214/1214
f 1215/1215 1216/1216 1217/1217
f 1215/1215 1217/1217 1218/1218
f 1219/1219 1220/1220 1221/1221
f 1219/1219 1221/1221 1222/1222
f 1223/1223 1224/1224 1225/1225
f 1223/1223 1225/1225 1226/1226
f 1227/1227 1229/1229 1228/1228
f 1227/1227 1231/1231 1230/1230
f 1227/1227 1233/1233 1232/1232
f 1227/1227 1235/1235 1234/1234
f 1227/1227 1237/1237 1236/1236
f 1227/1227 1239/1239 1238/1238
f 1227/1227 1241/1241 1240/1240
f 1242/1242 1243/1243 1244/1244
f 1242/1242 1245/1245 1246/1246
f 1242/1242 1247/1247 1248/1248
f 1242/1242 1249/1249 1250/1250
f 1242/1242 1251/1251 1252/1252
f 1242/1242 1253/1253 1254/1254
f 1242/1242 1255/1255 1256/1256
f 1257/1257 1258/1258 1259/1259
f 1257/1257 1259/1259 1260/1260
f 1261/1261 1262/1262 1263/1263
f 1261/1261 1263/1263 1264/1264
f 1265/1265 1266/1266 1267/1267
f 1265/1265 1267/1267 1268/1268
f 1269/1269 1270/1270 1271/1271
f 1269/1269 1271/1271 1272/1272
f 1273/1273 1274/1274 1275/1275
f 1273/1273 1275/1275 1276/1276
f 1277/1277 1278/1278 1279/1279
f 1277/1277 1279/1279 1280/1280
f 1281/1281 1282/1282 1283/1283
f 1281/1281 1283/1283 1284/1284
f 1285/1285 1287/1287 1286/1286
f 1285/1285 1289/1289 1288/1288
f 1285/1285 1291/1291 1290/1290
f 1285/1285 1293/1293 1292/1292
f 1285/1285 1295/1295 1294/1294
f 1285/1285 1297/1297 1296/1296
f 1285/1285 1299/1299 1298/1298
f 1300/1300 1301/1301 1302/1302
f 1300/1300 1303/1303 1304/1304
f 1300/1300 1305/1305 1306/1306
f 1300/1300 1307/1307 1308/1308
f 1300/1300 1309/1309 1310/1310
f 1300/1300 1311/1311 1312/1312
f 1300/1300 1313/1313 1314/1314
f 1315/1315 1316/1316 1317/1317
f 1315/1315 1317/1317 1318/1318
f 1319/1319 1320/1320 1321/1321
f 1319/1319 1321/1321 1322/1322
f 1323/1323 1324/1324 1325/1325
f 1323/1323 1325/1325 1326/1326
f 1327/1327 1328/1328 1329/1329
f 1327/1327 1329/1329 1330/1330
f 1331/1331 1332/1332 1333/1333
f 1331/1331 1333/1333 1334/1334
f 1335/1335 1336/1336 1337/1337
f 1335/1335 1337/1337 1338/1338
f 1339/1339 1340/1340 1341/1341
f 1339/1339 1341/1341 1342/1342
f 1343/1343 1345/1345 1344/1344
f 1343/1343 1347/1347 1346/1346
f 1343/1343 1349/1349 1348/1348
f 1343/1343 1351/1351 1350/1350
f 1343/1343 1353/1353 1352/1352
f 1343/1343 1355/1355 1354/1354
f 1343/1343 1357/1357 1356/1356
f 1358/1358 1359/1359 1360/1360
f 1358/1358 1361/1361 1362/1362
f 1358/1358 1363/1363 1364/1364
f 1358/1358 1365/1365 1366/1366
f 1358/1358 1367/1367 1368/1368
f 1358/1358 1369/1369 1370/1370
f 1358/1358 1371/1371 1372/1372
f 1373/1373 1374/1374 1375/1375
f 1373/1373 1375/1375 1376/1376
f 1377/1377 1378/1378 1379/1379
f 1377/1377 1379/1379 1380/1380
f 1381/1381 1382/1382 1383/1383
f 1381/1381 1383/1383 1384/1384
f 1385/1385 1386/1386 1387/1387
f 1385/1385 1387/1387 1388/1388
f 1389/1389 1390/1390 1391/1391
f 1389/1389 1391/1391 1392/1392
f 1393/1393 1394/1394 1395/1395
f 1393/1393 1395/1395 1396/1396
f 1397/1397 1398/1398 1399/1399
f 1397/1397 1399/1399 1400/1400
f 1401/1401 1403/1403 1402/1402
f 1401/1401 1405/1405 1404/1404
f 1401/1401 1407/1407 1406/1406
f 1401/1401 1409/1409 1408/1408
f 1401/1401 1411/1411 1410/1410
f 1401/1401 1413/1413 1412/1412
f 1401/1401 1415/1415 1414/1414
f 1416/1416 1417/1417 1418/1418
f 1416/1416 1419/1419 1420/1420
f 1416/1416 1421/1421 1422/1422
f 1416/1416 1423/1423 1424/1424
f 1416/1416 1425/1425 1426/1426
f 1416/1416 1427/1427 1428/1428
f 1416/1416 1429/1429 1430/1430
f 1431/1431 1432/1432 1433/1433
f 1431/1431 1433/1433 1434/1434
f 1435/1435 1436/1436 1437/1437
f 1435/1435 1437/1437 1438/1438
f 1439/1439 1440/1440 1441/1441
f 1439/1439 1441/1441 1442/1442
f 1443/1443 1444/1444 1445/1445
f 1443/1443 1445/1445 1446/1446
f 1447/1447 1448/1448 1449/1449
f 1447/1447 1449/1449 1450/1450
f 1451/1451 1452/1452 1453/1453
f 1451/1451 1453/1453 1454/1454
f 1455/1455 1456/1456 1457/1457
f 1455/1455 1457/1457 1458/1458
f 1459/1459 1461/1461 1460/1460
f 1459/1459 1463/1463 1462/1462
f 1459/1459 1465/1465 1464/1464
f 1459/1459 1467/1467 1466/1466
f 1459/1459 1469/1469 1468/1468
f 1459/1459 1471/1471 1470/1470
f 1459/1459 1473/1473 1472/1472
f 1474/1474 1475/1475 1476/1476
f 1474/1474 1477/1477 1478/1478
f 1474/1474 1479/1479 1480/1480
f 1474/1474 1481/1481 1482/1482
f 1474/1474 1483/1483 1484/1484
f 1474/1474 1485/1485 1486/1486
f 1474/1474 1487/1487 1488/1488
f 1489/1489 1490/1490 1491/1491
f 1489/1489 1491/1491 1492/1492
f 1493/1493 1494/1494 1495/1495
f 1493/1493 1495/1495 1496/1496
f 1497/1497 1498/1498 1499/1499
f 1497/1497 1499/1499 1500/1500
f 1501/1501 1502/1502 1503/1503
f 1501/1501 1503/1503 1504/1504
f 1505/1505 1506/1506 1507/1507
f 1505/1505 1507/1507 1508/1508
f 1509/1509 1510/1510 1511/1511
f 1509/1509 1511/1511 1512/1512
f 1513/1513 1514/1514 1515/1515
f 1513/1513 1515/1515 1516/1516
f 1517/1517 1519/1519 1518/1518
f 1517/1517 1521/1521 1520/1520
f 1517/1517 1523/1523 1522/1522
f 1517/1517 1525/1525 1524/1524
f 1517/1517 1527/1527 1526/1526
f 1517/1517 1529/1529 1528/1528
f 1517/1517 1531/1531 1530/1530
f 1532/1532 1533/1533 1534/1534
f 1532/1532 1535/1535 1536/1536
f 1532/1532 1537/1537 1538/1538
f 1532/1532 1539/1539 1540/1540
f 1532/1532 1541/1541 1542/1542
f 1532/1532 1543/1543 1544/1544
f 1532/1532 1545/1545 1546/1546
f 1547/1547 1548/1548 1549/1549
f 1547/1547 1549/1549 1550/1550
f 1551/1551 1552/1552 1553/1553
f 1551/1551 1553/1553 1554/1554
f 1555/1555 1556/1556 1557/1557
f 1555/1555 1557/1557 1558/1558
f 1559/1559 1560/1560 1561/1561
f 1559/1559 1561/1561 1562/1562
f 1563/1563 1564/1564 1565/1565
f 1563/1563 1565/1565 1566/1566
f 1567/1567 1568/1568 1569/1569
f 1567/1567 1569/1569 1570/1570
f 1571/1571 1572/1572 1573/1573
f 1571/1571 1573/1573 1574/1574
f 1575/1575 1577/1577 1576/1576
f 1575/1575 1579/1579 1578/1578
f 1575/1575 1581/1581 1580/1580
f 1575/1575 1583/1583 1582/1582
f 1575/1575 1585/1585 1584/1584
f 1575/1575 1587/1587 1586/1586
f 1575/1575 1589/1589 1588/1588
f 1590/1590 1591/1591 1592/1592
f 1590/1590 1593/1593 1594/1594
f 1590/1590 1595/1595 1596/1596
f 1590/1590 1597/1597 1598/1598
f 1590/1590 1599/1599 1600/1600
f 1590/1590 1601/1601 1602/1602
f 1590/1590 1603/1603 1604/1604
f 1605/1605 1606/1606 1607/1607
f 1605/1605 1607/1607 1608/1608
f 1609/1609 1610/1610 1611/1611
f 1609/1609 1611/1611 1612/1612
f 1613/1613 1614/1614 1615/1615
f 1613/1613 1615/1615 1616/1616
f 1617/1617 1618/1618 1619/1619
f 1617/1617 1619/1619 1620/1620
f 1621/1621 1622/1622 1623/1623
f 1621/1621 1623/1623 1624/1624
f 1625/1625 1626/1626 1627/1627
f 1625/1625 1627/1627 1628/1628
f 1629/1629 1630/1630 1631/1631
f 1629/1629 1631/1631 1632/1632
f 1633/1633 1635/1635 1634/1634
f 1633/1633 1637/1637 1636/1636
f 1633/1633 1639/1639 1638/1638
f 1633/1633 1641/1641 1640/1640
f 1633/1633 1643/1643 1642/1642
f 1633/1633 1645/1645 1644/1644
f 1633/1633 1647/1647 1646/1646
f 1648/1648 1649/1649 1650/1650
f 1648/1648 1651/1651 1652/1652
f 1648/1648 1653/1653 1654/1654
f 1648/1648 1655/1655 1656/1656
f 1648/1648 1657/1657 1658/1658
f 1648/1648 1659/1659 1660/1660
f 1648/1648 1661/1661 1662/1662
f 1663/1663 1664/1664 1665/1665
f 1663/1663 1665/1665 1666/1666
f 1667/1667 1668/1668 1669/1669
f 1667/1667 1669/1669 1670/1670
f 1671/1671 1672/1672 1673/1673
f 1671/1671 1673/1673 1674/1674
f 1675/1675 1676/1676 1677/1677
f 1675/1675 1677/1677 1678/1678
f 1679/1679 1680/1680 1681/1681
f 1679/1679 1681/1681 1682/1682
f 1683/1683 1684/1684 1685/1685
f 1683/1683 1685/1685 1686/1686
f 1687/1687 1688/1688 1689/1689
f 1687/1687 1689/1689 1690/1690
f 1691/1691 1693/1693 1692/1692
f 1691/1691 1695/1695 1694/1694
f 1691/1691 1697/1697 1696/1696
f 1691/1691 1699/1699 1698/1698
f 1691/1691 1701/1701 1700/1700
f 1691/1691 1703/1703 1702/1702
f 1691/1691 1705/1705 1704/1704
f 1706/1706 1707/1707 1708/1708
f 1706/1706 1709/1709 1710/1710
f 1706/1706 1711/1711 1712/1712
f 1706/1706 1713/1713 1714/1714
f 1706/1706 1715/1715 1716/1716
f 1706/1706 1717/1717 1718/1718
f 1706/1706 1719/1719 1720/1720
f 1721/1721 1722/1722 1723/1723
f 1721/1721 1723/1723 1724/1724
f 1725/1725 1726/1726 1727/1727
f 1725/1725 1727/1727 1728/1728
f 1729/1729 1730/1730 1731/1731
f 1729/1729 1731/1731 1732/1732
f 1733/1733 1734/1734 1735/1735
f 1733/1733 1735/1735 1736/1736
f 1737/1737 1738/1738 1739/1739
f 1737/1737 1739/1739 1740/1740
f 1741/1741 1742/1742 1743/1743
f 1741/1741 1743/1743 1744/1744
f 1745/1745 1746/1746 1747/1747
f 1745/1745 1747/1747 1748/1748
f 1749/1749 1751/1751 1750/1750
f 1749/1749 1753/1753 1752/1752
f 1749/1749 1755/1755 1754/1754
f 1749/1749 1757/1757 1756/1756
f 1749/1749 1759/1759 1758/1758
f 1749/1749 1761/1761 1760/1760
f 1749/1749 1763/1763 1762/1762
f 1764/1764 1765/1765 1766/1766
f 1764/1764 1767/1767 1768/1768
f 1764/1764 1769/1769 1770/1770
f 1764/1764 1771/1771 1772/1772
f 1764/1764 1773/1773 1774/1774
f 1764/1764 1775/1775 1776/1776
f 1764/1764 1777/1777 1778/1778
f 1779/1779 1780/1780 1781/1781
f 1779/1779 1781/1781 1782/1782
f 1783/1783 1784/1784 1785/1785
f 1783/1783 1785/1785 1786/1786
f 1787/1787 1788/1788 1789/1789
f 1787/1787 1789/1789 1790/1790
f 1791/1791 1792/1792 1793/1793
f 1791/1791 1793/1793 1794/1794
f 1795/1795 1796/1796 1797/1797
f 1795/1795 1797/1797 1798/1798
f 1799/1799 1800/1800 1801/1801
f 1799/1799 1801/1801 1802/1802
f 1803/1803 1804/1804 1805/1805
f 1803/1803 1805/1805 1806/1806
f 1807/1807 1809/1809 1808/1808
f 1807/1807 1811/1811 1810/1810
f 1807/1807 1813/1813 1812/1812
f 1807/1807 1815/1815 1814/1814
f 1807/1807 1817/1817 1816/1816
f 1807/1807 1819/1819 1818/1818
f 1807/1807 1821/1821 1820/1820
f 1822/1822 1823/1823 1824/1824
f 1822/1822 1825/1825 1826/1826
f 1822/1822 1827/1827 1828/1828
f 1822/1822 1829/1829 1830/1830
f 1822/1822 1831/1831 1832/1832
f 1822/1822 1833/1833 1834/1834
f 1822/1822 1835/1835 1836/1836
usemtl Rope
f 1837/1837 1838/1838 1839/1839
f 1837/1837 1839/1839 1840/1840
f 1841/1841 1842/1842 1843/1843
f 1841/1841 1843/1843 1844/1844
f 1845/1845 1846/1846 1847/1847
f 1845/1845 1847/1847 1848/1848
f 1849/1849 1850/1850 1851/1851
f 1849/1849 1851/1851 1852/1852
f 1853/1853 1854/1854 1855/1855
f 1853/1853 1855/1855 1856/1856
f 1857/1857 1858/1858 1859/1859
f 1857/1857 1859/1859 1860/1860
f 1861/1861 1862/1862 1863/1863
f 1861/1861 1863/1863 1864/1864
f 1865/1865 1866/1866 1867/1867
f 1865/1865 1867/1867 1868/1868
f 1869/1869 1870/1870 1871/1871
f 1869/1869 1871/1871 1872/1872
f 1873/1873 1874/1874 1875/1875
f 1873/1873 1875/1875 1876/1876
f 1877/1877 1878/1878 1879/1879
f 1877/1877 1879/1879 1880/1880
f 1881/1881 1882/1882 1883/1883
f 1881/1881 1883/1883 1884/1884
f 1885/1885 1886/1886 1887/1887
f 1885/1885 1887/1887 1888/1888
f 1889/1889 1890/1890 1891/1891
f 1889/1889 1891/1891 1892/1892
f 1893/1893 1894/1894 1895/1895
f 1893/1893 1895/1895 1896/1896
f 1897/1897 1898/1898 1899/1899
f 1897/1897 1899/1899 1900/1900
f 1901/1901 1902/1902 1903/1903
f 1901/1901 1903/1903 1904/1904
f 1905/1905 1906/1906 1907/1907
f 1905/1905 1907/1907 1908/1908
f 1909/1909 1910/1910 1911/1911
f 1909/1909 1911/1911 1912/1912
f 1913/1913 1914/1914 1915/1915
f 1913/1913 1915/1915 1916/1916
f 1917/1917 1918/1918 1919/1919
f 1917/1917 1919/1919 1920/1920
f 1921/1921 1922/1922 1923/1923
f 1921/1921 1923/1923 1924/1924
f 1925/1925 1926/1926 1927/1927
f 1925/1925 1927/1927 1928/1928
f 1929/1929 1930/1930 1931/1931
f 1929/1929 1931/1931 1932/1932
f 1933/1933 1934/1934 1935/1935
f 1933/1933 1935/1935 1936/1936
f 1937/1937 1938/1938 1939/1939
f 1937/1937 1939/1939 1940/1940
f 1941/1941 1942/1942 1943/1943
f 1941/1941 1943/1943 1944/1944
f 1945/1945 1946/1946 1947/1947
f 1945/1945 1947/1947 1948/1948
f 1949/1949 1950/1950 1951/1951
f 1949/1949 1951/1951 1952/1952
f 1953/1953 1954/1954 1955/1955
f 1953/1953 1955/1955 1956/1956
f 1957/1957 1958/1958 1959/1959
f 1957/1957 1959/1959 1960/1960
f 1961/1961 1962/1962 1963/1963
f 1961/1961 1963/1963 1964/1964
f 1965/1965 1966/1966 1967/1967
f 1965/1965 1967/1967 1968/1968
f 1969/1969 1970/1970 1971/1971
f 1969/1969 1971/1971 1972/1972
f 1973/1973 1974/1974 1975/1975
f 1973/1973 1975/1975 1976/1976
f 1977/1977 1978/1978 1979/1979
f 1977/1977 1979/1979 1980/1980
f 1981/1981 1982/1982 1983/1983
f 1981/1981 1983/1983 1984/1984
f 1985/1985 1986/1986 1987/1987
f 1985/1985 1987/1987 1988/1988
f 1989/1989 1990/1990 1991/1991
f 1989/1989 1991/1991 1992/1992
f 1993/1993 1994/1994 1995/1995
f 1993/1993 1995/1995 1996/1996
f 1997/1997 1998/1998 1999/1999
f 1997/1997 1999/1999 2000/2000
f 2001/2001 2002/2002 2003/2003
f 2001/2001 2003/2003 2004/2004
f 2005/2005 2006/2006 2007/2007
f 2005/2005 2007/2007 2008/2008
f 2009/2009 2010/2010 2011/2011
f 2009/2009 2011/2011 2012/2012
f 2013/2013 2014/2014 2015/2015
f 2013/2013 2015/2015 2016/2016
f 2017/2017 2018/2018 2019/2019
f 2017/2017 2019/2019 2020/2020
f 2021/2021 2022/2022 2023/2023
f 2021/2021 2023/2023 2024/2024
f 2025/2025 2026/2026 2027/2027
f 2025/2025 2027/2027 2028/2028
f 2029/2029 2030/2030 2031/2031
f 2029/2029 2031/2031 2032/2032
f 2033/2033 2034/2034 2035/2035
f 2033/2033 2035/2035 2036/2036
f 2037/2037 2038/2038 2039/2039
f 2037/2037 2039/2039 2040/2040
f 2041/2041 2042/2042 2043/2043
f 2041/2041 2043/2043 2044/2044
f 2045/2045 2046/2046 2047/2047
f 2045/2045 2047/2047 2048/2048
f 2049/2049 2050/2050 2051/2051
f 2049/2049 2051/2051 2052/2052
f 2053/2053 2054/2054 2055/2055
f 2053/2053 2055/2055 2056/2056
f 2057/2057 2058/2058 2059/2059
f 2057/2057 2059/2059 2060/2060
f 2061/2061 2062/2062 2063/2063
f 2061/2061 2063/2063 2064/2064
f 2065/2065 2066/2066 2067/2067
f 2065/2065 2067/2067 2068/2068
f 2069/2069 2070/2070 2071/2071
f 2069/2069 2071/2071 2072/2072
f 2073/2073 2074/2074 2075/2075
f 2073/2073 2075/2075 2076/2076
f 2077/2077 2078/2078 2079/2079
f 2077/2077 2079/2079 2080/2080
f 2081/2081 2082/2082 2083/2083
f 2081/2081 2083/2083 2084/2084
f 2085/2085 2086/2086 2087/2087
f 2085/2085 2087/2087 2088/2088
f 2089/2089 2090/2090 2091/2091
f 2089/2089 2091/2091 2092/2092
f 2093/2093 2094/2094 2095/2095
f 2093/2093 2095/2095 2096/2096
f 2097/2097 2098/2098 2099/2099
f 2097/2097 2099/2099 2100/2100
f 2101/2101 2102/2102 2103/2103
f 2101/2101 2103/2103 2104/2104
f 2105/2105 2106/2106 2107/2107
f 2105/2105 2107/2107 2108/2108
f 2109/2109 2110/2110 2111/2111
f 2109/2109 2111/2111 2112/2112
f 2113/2113 2114/2114 2115/2115
f 2113/2113 2115/2115 2116/2116
f 2117/2117 2118/2118 2119/2119
f 2117/2117 2119/2119 2120/2120
f 2121/2121 2122/2122 2123/2123
f 2121/2121 2123/2123 2124/2124
f 2125/2125 2126/2126 2127/2127
f 2125/2125 2127/2127 2128/2128
f 2129/2129 2130/2130 2131/2131
f 2129/2129 2131/2131 2132/2132
f 2133/2133 2134/2134 2135/2135
f 2133/2133 2135/2135 2136/2136
f 2137/2137 2138/2138 2139/2139
f 2137/2137 2139/2139 2140/2140
f 2141/2141 2142/2142 2143/2143
f 2141/2141 2143/2143 2144/2144
f 2145/2145 2146/2146 2147/2147
f 2145/2145 2147/2147 2148/2148
f 2149/2149 2150/2150 2151/2151
f 2149/2149 2151/2151 2152/2152
f 2153/2153 2154/2154 2155/2155
f 2153/2153 2155/2155 2156/2156
f 2157/2157 2158/2158 2159/2159
f 2157/2157 2159/2159 2160/2160
f 2161/2161 2162/2162 2163/2163
f 2161/2161 2163/2163 2164/2164
f 2165/2165 2166/2166 2167/2167
f 2165/2165 2167/2167 2168/2168
f 2169/2169 2170/2170 2171/2171
f 2169/2169 2171/2171 2172/2172
f 2173/2173 2174/2174 2175/2175
f 2173/2173 2175/2175 2176/2176
f 2177/2177 2178/2178 2179/2179
f 2177/2177 2179/2179 2180/2180
f 2181/2181 2182/2182 2183/2183
f 2181/2181 2183/2183 2184/2184
f 2185/2185 2186/2186 2187/2187
f 2185/2185 2187/2187 2188/2188
f 2189/2189 2190/2190 2191/2191
f 2189/2189 2191/2191 2192/2192
f 2193/2193 2194/2194 2195/2195
f 2193/2193 2195/2195 2196/2196
f 2197/2197 2198/2198 2199/2199
f 2197/2197 2199/2199 2200/2200
f 2201/2201 2202/2202 2203/2203
f 2201/2201 2203/2203 2204/2204
f 2205/2205 2206/2206 2207/2207
f 2205/2205 2207/2207 2208/2208
f 2209/2209 2210/2210 2211/2211
f 2209/2209 2211/2211 2212/2212
f 2213/2213 2214/2214 2215/2215
f 2213/2213 2215/2215 2216/2216
f 2217/2217 2218/2218 2219/2219
f 2217/2217 2219/2219 2220/2220
f 2221/2221 2222/2222 2223/2223
f 2221/2221 2223/2223 2224/2224
f 2225/2225 2226/2226 2227/2227
f 2225/2225 2227/2227 2228/2228
f 2229/2229 2230/2230 2231/2231
f 2229/2229 2231/2231 2232/2232
f 2233/2233 2234/2234 2235/2235
f 2233/2233 2235/2235 2236/2236
f 2237/2237 2238/2238 2239/2239
f 2237/2237 2239/2239 2240/2240
f 2241/2241 2242/2242 2243/2243
f 2241/2241 2243/2243 2244/2244
f 2245/2245 2246/2246 2247/2247
f 2245/2245 2247/2247 2248/2248
f 2249/2249 2250/2250 2251/2251
f 2249/2249 2251/2251 2252/2252
f 2253/2253 2254/2254 2255/2255
f 2253/2253 2255/2255 2256/2256
f 2257/2257 2258/2258 2259/2259
f 2257/2257 2259/2259 2260/2260
f 2261/2261 2262/2262 2263/2263
f 2261/2261 2263/2263 2264/2264
f 2265/2265 2266/2266 2267/2267
f 2265/2265 2267/2267 2268/2268
f 2269/2269 2270/2270 2271/2271
f 2269/2269 2271/2271 2272/2272
f 2273/2273 2274/2274 2275/2275
f 2273/2273 2275/2275 2276/2276
f 2277/2277 2278/2278 2279/2279
f 2277/2277 2279/2279 2280/2280
f 2281/2281 2282/2282 2283/2283
f 2281/2281 2283/2283 2284/2284
f 2285/2285 2286/2286 2287/2287
f 2285/2285 2287/2287 2288/2288
f 2289/2289 2290/2290 2291/2291
f 2289/2289 2291/2291 2292/2292
f 2293/2293 2294/2294 2295/2295
f 2293/2293 2295/2295 2296/2296
f 2297/2297 2298/2298 2299/2299
f 2297/2297 2299/2299 2300/2300
f 2301/2301 2302/2302 2303/2303
f 2301/2301 2303/2303 2304/2304
f 2305/2305 2306/2306 2307/2307
f 2305/2305 2307/2307 2308/2308
f 2309/2309 2310/2310 2311/2311
f 2309/2309 2311/2311 2312/2312
f 2313/2313 2314/2314 2315/2315
f 2313/2313 2315/2315 2316/2316
f 2317/2317 2318/2318 2319/2319
f 2317/2317 2319/2319 2320/2320
f 2321/2321 2322/2322 2323/2323
f 2321/2321 2323/2323 2324/2324
f 2325/2325 2326/2326 2327/2327
f 2325/2325 2327/2327 2328/2328
f 2329/2329 2330/2330 2331/2331
f 2329/2329 2331/2331 2332/2332
f 2333/2333 2334/2334 2335/2335
f 2333/2333 2335/2335 2336/2336
f 2337/2337 2338/2338 2339/2339
f 2337/2337 2339/2339 2340/2340
f 2341/2341 2342/2342 2343/2343
f 2341/2341 2343/2343 2344/2344
f 2345/2345 2346/2346 2347/2347
f 2345/2345 2347/2347 2348/2348
f 2349/2349 2350/2350 2351/2351
f 2349/2349 2351/2351 2352/2352
f 2353/2353 2354/2354 2355/2355
f 2353/2353 2355/2355 2356/2356
f 2357/2357 2358/2358 2359/2359
f 2357/2357 2359/2359 2360/2360
f 2361/2361 2362/2362 2363/2363
f 2361/2361 2363/2363 2364/2364
f 2365/2365 2366/2366 2367/2367
f 2365/2365 2367/2367 2368/2368
f 2369/2369 2370/2370 2371/2371
f 2369/2369 2371/2371 2372/2372
f 2373/2373 2374/2374 2375/2375
f 2373/2373 2375/2375 2376/2376
f 2377/2377 2378/2378 2379/2379
f 2377/2377 2379/2379 2380/2380
f 2381/2381 2382/2382 2383/2383
f 2381/2381 2383/2383 2384/2384
f 2385/2385 2386/2386 2387/2387
f 2385/2385 2387/2387 2388/2388
f 2389/2389 2390/2390 2391/2391
f 2389/2389 2391/2391 2392/2392
f 2393/2393 2394/2394 2395/2395
f 2393/2393 2395/2395 2396/2396
f 2397/2397 2398/2398 2399/2399
f 2397/2397 2399/2399 2400/2400
f 2401/2401 2402/2402 2403/2403
f 2401/2401 2403/2403 2404/2404
f 2405/2405 2406/2406 2407/2407
f 2405/2405 2407/2407 2408/2408
f 2409/2409 2410/2410 2411/2411
f 2409/2409 2411/2411 2412/2412
usemtl Wood
f 2413/2413 2414/2414 2415/2415
f 2413/2413 2415/2415 2416/2416
f 2417/2417 2418/2418 2419/2419
f 2417/2417 2419/2419 2420/2420
f 2421/2421 2422/2422 2423/2423
f 2421/2421 2423/2423 2424/2424
f 2425/2425 2426/2426 2427/2427
f 2425/2425 2427/2427 2428/2428
f 2429/2429 2430/2430 2431/2431
f 2429/2429 2431/2431 2432/2432
f 2433/2433 2434/2434 2435/2435
f 2433/2433 2435/2435 2436/2436
f 2437/2437 2438/2438 2439/2439
f 2437/2437 2439/2439 2440/2440
f 2441/2441 2443/2443 2442/2442
f 2441/2441 2445/2445 2444/2444
f 2441/2441 2447/2447 2446/2446
f 2441/2441 2449/2449 2448/2448
f 2441/2441 2451/2451 2450/2450
f 2441/2441 2453/2453 2452/2452
f 2441/2441 2455/2455 2454/2454
f 2456/2456 2457/2457 2458/2458
f 2456/2456 2459/2459 2460/2460
f 2456/2456 2461/2461 2462/2462
f 2456/2456 2463/2463 2464/2464
f 2456/2456 2465/2465 2466/2466
f 2456/2456 2467/2467 2468/2468
f 2456/2456 2469/2469 2470/2470
f 2471/2471 2472/2472 2473/2473
f 2471/2471 2473/2473 2474/2474
f 2475/2475 2476/2476 2477/2477
f 2475/2475 2477/2477 2478/2478
f 2479/2479 2480/2480 2481/2481
f 2479/2479 2481/2481 2482/2482
f 2483/2483 2484/2484 2485/2485
f 2483/2483 2485/2485 2486/2486
f 2487/2487 2488/2488 2489/2489
f 2487/2487 2489/2489 2490/2490
f 2491/2491 2492/2492 2493/2493
f 2491/2491 2493/2493 2494/2494
f 2495/2495 2496/2496 2497/2497
f 2495/2495 2497/2497 2498/2498
f 2499/2499 2501/2501 2500/2500
f 2499/2499 2503/2503 2502/2502
f 2499/2499 2505/2505 2504/2504
f 2499/2499 2507/2507 2506/2506
f 2499/2499 2509/2509 2508/2508
f 2499/2499 2511/2511 2510/2510
f 2499/2499 2513/2513 2512/2512
f 2514/2514 2515/2515 2516/2516
f 2514/2514 2517/2517 2518/2518
f 2514/2514 2519/2519 2520/2520
f 2514/2514 2521/2521 2522/2522
f 2514/2514 2523/2523 2524/2524
f 2514/2514 2525/2525 2526/2526
f 2514/2514 2527/2527 2528/2528
f 2529/2529 2530/2530 2531/2531
f 2529/2529 2531/2531 2532/2532
f 2533/2533 2534/2534 2535/2535
f 2533/2533 2535/2535 2536/2536
f 2537/2537 2538/2538 2539/2539
f 2537/2537 2539/2539 2540/2540
f 2541/2541 2542/2542 2543/2543
f 2541/2541 2543/2543 2544/2544
f 2545/2545 2546/2546 2547/2547
f 2545/2545 2547/2547 2548/2548
f 2549/2549 2550/2550 2551/2551
f 2549/2549 2551/2551 2552/2552
f 2553/2553 2554/2554 2555/2555
f 2553/2553 2555/2555 2556/2556
f 2557/2557 2559/2559 2558/2558
f 2557/2557 2561/2561 2560/2560
f 2557/2557 2563/2563 2562/2562
f 2557/2557 2565/2565 2564/2564
f 2557/2557 2567/2567 2566/2566
f 2557/2557 2569/2569 2568/2568
f 2557/2557 2571/2571 2570/2570
f 2572/2572 2573/2573 2574/2574
f 2572/2572 2575/2575 2576/2576
f 2572/2572 2577/2577 2578/2578
f 2572/2572 2579/2579 2580/2580
f 2572/2572 2581/2581 2582/2582
f 2572/2572 2583/2583 2584/2584
f 2572/2572 2585/2585 2586/2586
f 2587/2587 2588/2588 2589/2589
f 2587/2587 2589/2589 2590/2590
f 2591/2591 2592/2592 2593/2593
f 2591/2591 2593/2593 2594/2594
f 2595/2595 2596/2596 2597/2597
f 2595/2595 2597/2597 2598/2598
f 2599/2599 2600/2600 2601/2601
f 2599/2599 2601/2601 2602/2602
f 2603/2603 2604/2604 2605/2605
f 2603/2603 2605/2605 2606/2606
f 2607/2607 2608/2608 2609/2609
f 2607/2607 2609/2609 2610/2610
f 2611/2611 2612/2612 2613/2613
f 2611/2611 2613/2613 2614/2614
f 2615/2615 2617/2617 2616/2616
f 2615/2615 2619/2619 2618/2618
f 2615/2615 2621/2621 2620/2620
f 2615/2615 2623/2623 2622/2622
f 2615/2615 2625/2625 2624/2624
f 2615/2615 2627/2627 2626/2626
f 2615/2615 2629/2629 2628/2628
f 2630/2630 2631/2631 2632/2632
f 2630/2630 2633/2633 2634/2634
f 2630/2630 2635/2635 2636/2636
f 2630/2630 2637/2637 2638/2638
f 2630/2630 2639/2639 2640/2640
f 2630/2630 2641/2641 2642/2642
f 2630/2630 2643/2643 2644/2644
f 2645/2645 2646/2646 2647/2647
f 2645/2645 2647/2647 2648/2648
f 2649/2649 2650/2650 2651/2651
f 2649/2649 2651/2651 2652/2652
f 2653/2653 2654/2654 2655/2655
f 2653/2653 2655/2655 2656/2656
f 2657/2657 2658/2658 2659/2659
f 2657/2657 2659/2659 2660/2660
f 2661/2661 2662/2662 2663/2663
f 2661/2661 2663/2663 2664/2664
f 2665/2665 2666/2666 2667/2667
f 2665/2665 2667/2667 2668/2668
f 2669/2669 2670/2670 2671/2671
f 2669/2669 2671/2671 2672/2672
f 2673/2673 2675/2675 2674/2674
f 2673/2673 2677/2677 2676/2676
f 2673/2673 2679/2679 2678/2678
f 2673/2673 2681/2681 2680/2680
f 2673/2673 2683/2683 2682/2682
f 2673/2673 2685/2685 2684/2684
f 2673/2673 2687/2687 2686/2686
f 2688/2688 2689/2689 2690/2690
f 2688/2688 2691/2691 2692/2692
f 2688/2688 2693/2693 2694/2694
f 2688/2688 2695/2695 2696/2696
f 2688/2688 2697/2697 2698/2698
f 2688/2688 2699/2699 2700/2700
f 2688/2688 2701/2701 2702/2702
f 2703/2703 2704/2704 2705/2705
f 2703/2703 2705/2705 2706/2706
f 2707/2707 2708/2708 2709/2709
f 2707/2707 2709/2709 2710/2710
f 2711/2711 2712/2712 2713/2713
f 2711/2711 2713/2713 2714/2714
f 2715/2715 2716/2716 2717/2717
f 2715/2715 2717/2717 2718/2718
f 2719/2719 2720/2720 2721/2721
f 2719/2719 2721/2721 2722/2722
f 2723/2723 2724/2724 2725/2725
f 2723/2723 2725/2725 2726/2726
f 2727/2727 2728/2728 2729/2729
f 2727/2727 2729/2729 2730/2730
f 2731/2731 2733/2733 2732/2732
f 2731/2731 2735/2735 2734/2734
f 2731/2731 2737/2737 2736/2736
f 2731/2731 2739/2739 2738/2738
f 2731/2731 2741/2741 2740/2740
f 2731/2731 2743/2743 2742/2742
f 2731/2731 2745/2745 2744/2744
f 2746/2746 2747/2747 2748/2748
f 2746/2746 2749/2749 2750/2750
f 2746/2746 2751/2751 2752/2752
f 2746/2746 2753/2753 2754/2754
f 2746/2746 2755/2755 2756/2756
f 2746/2746 2757/2757 2758/2758
f 2746/2746 2759/2759 2760/2760
f 2761/2761 2762/2762 2763/2763
f 2761/2761 2763/2763 2764/2764
f 2765/2765 2766/2766 2767/2767
f 2765/2765 2767/2767 2768/2768
f 2769/2769 2770/2770 2771/2771
f 2769/2769 2771/2771 2772/2772
f 2773/2773 2774/2774 2775/2775
f 2773/2773 2775/2775 2776/2776
f 2777/2777 2778/2778 2779/2779
f 2777/2777 2779/2779 2780/2780
f 2781/2781 2782/2782 2783/2783
f 2781/2781 2783/2783 2784/2784
f 2785/2785 2786/2786 2787/2787
f 2785/2785 2787/2787 2788/2788
f 2789/2789 2791/2791 2790/2790
f 2789/2789 2793/2793 2792/2792
f 2789/2789 2795/2795 2794/2794
f 2789/2789 2797/2797 2796/2796
f 2789/2789 2799/2799 2798/2798
f 2789/2789 2801/2801 2800/2800
f 2789/2789 2803/2803 2802/2802
f 2804/2804 2805/2805 2806/2806
f 2804/2804 2807/2807 2808/2808
f 2804/2804 2809/2809 2810/2810
f 2804/2804 2811/2811 2812/2812
f 2804/2804 2813/2813 2814/2814
f 2804/2804 2815/2815 2816/2816
f 2804/2804 2817/2817 2818/2818
f 2819/2819 2820/2820 2821/2821
f 2819/2819 2821/2821 2822/2822
f 2823/2823 2824/2824 2825/2825
f 2823/2823 2825/2825 2826/2826
f 2827/2827 2828/2828 2829/2829
f 2827/2827 2829/2829 2830/2830
f 2831/2831 2832/2832 2833/2833
f 2831/2831 2833/2833 2834/2834
f 2835/2835 2836/2836 2837/2837
f 2835/2835 2837/2837 2838/2838
f 2839/2839 2840/2840 2841/2841
f 2839/2839 2841/2841 2842/2842
f 2843/2843 2844/2844 2845/2845
f 2843/2843 2845/2845 2846/2846
f 2847/2847 2849/2849 2848/2848
f 2847/2847 2851/2851 2850/2850
f 2847/2847 2853/2853 2852/2852
f 2847/2847 2855/2855 2854/2854
f 2847/2847 2857/2857 2856/2856
f 2847/2847 2859/2859 2858/2858
f 2847/2847 2861/2861 2860/2860
f 2862/2862 2863/2863 2864/2864
f 2862/2862 2865/2865 2866/2866
f 2862/2862 2867/2867 2868/2868
f 2862/2862 2869/2869 2870/2870
f 2862/2862 2871/2871 2872/2872
f 2862/2862 2873/2873 2874/2874
f 2862/2862 2875/2875 2876/2876
f 2877/2877 2878/2878 2879/2879
f 2877/2877 2879/2879 2880/2880
f 2881/2881 2882/2882 2883/2883
f 2881/2881 2883/2883 2884/2884
f 2885/2885 2886/2886 2887/2887
f 2885/2885 2887/2887 2888/2888
f 2889/2889 2890/2890 2891/2891
f 2889/2889 2891/2891 2892/2892
f 2893/2893 2894/2894 2895/2895
f 2893/2893 2895/2895 2896/2896
f 2897/2897 2898/2898 2899/2899
f 2897/2897 2899/2899 2900/2900
f 2901/2901 2902/2902 2903/2903
f 2901/2901 2903/2903 2904/2904
f 2905/2905 2907/2907 2906/2906
f 2905/2905 2909/2909 2908/2908
f 2905/2905 2911/2911 2910/2910
f 2905/2905 2913/2913 2912/2912
f 2905/2905 2915/2915 2914/2914
f 2905/2905 2917/2917 2916/2916
f 2905/2905 2919/2919 2918/2918
f 2920/2920 2921/2921 2922/2922
f 2920/2920 2923/2923 2924/2924
f 2920/2920 2925/2925 2926/2926
f 2920/2920 2927/2927 2928/2928
f 2920/2920 2929/2929 2930/2930
f 2920/2920 2931/2931 2932/2932
f 2920/2920 2933/2933 2934/2934
f 2935/2935 2936/2936 2937/2937
f 2935/2935 2937/2937 2938/2938
f 2939/2939 2940/2940 2941/2941
f 2939/2939 2941/2941 2942/2942
f 2943/2943 2944/2944 2945/2945
f 2943/2943 2945/2945 2946/2946
f 2947/2947 2948/2948 2949/2949
f 2947/2947 2949/2949 2950/2950
f 2951/2951 2952/2952 2953/2953
f 2951/2951 2953/2953 2954/2954
f 2955/2955 2956/2956 2957/2957
f 2955/2955 2957/2957 2958/2958
f 2959/2959 2960/2960 2961/2961
f 2959/2959 2961/2961 2962/2962
f 2963/2963 2965/2965 2964/2964
f 2963/2963 2967/2967 2966/2966
f 2963/2963 2969/2969 2968/2968
f 2963/2963 2971/2971 2970/2970
f 2963/2963 2973/2973 2972/2972
f 2963/2963 2975/2975 2974/2974
f 2963/2963 2977/2977 2976/2976
f 2978/2978 2979/2979 2980/2980
f 2978/2978 2981/2981 2982/2982
f 2978/2978 2983/2983 2984/2984
f 2978/2978 2985/2985 2986/2986
f 2978/2978 2987/2987 2988/2988
f 2978/2978 2989/2989 2990/2990
f 2978/2978 2991/2991 2992/2992
usemtl Metal
f 2993/2993 2994/2994 2995/2995
f 2993/2993 2995/2995 2996/2996
f 2997/2997 2998/2998 2999/2999
f 2997/2997 2999/2999 3000/3000
f 3001/3001 3002/3002 3003/3003
f 3001/3001 3003/3003 3004/3004
f 3005/3005 3006/3006 3007/3007
f 3005/3005 3007/3007 3008/3008
f 3009/3009 3010/3010 3011/3011
f 3009/3009 3011/3011 3012/3012
f 3013/3013 3014/3014 3015/3015
f 3013/3013 3015/3015 3016/3016
f 3017/3017 3018/3018 3019/3019
f 3017/3017 3019/3019 3020/3020
f 3021/3021 3022/3022 3023/3023
f 3021/3021 3023/3023 3024/3024
f 3025/3025 3026/3026 3027/3027
f 3025/3025 3027/3027 3028/3028
f 3029/3029 3030/3030 3031/3031
f 3029/3029 3031/3031 3032/3032
f 3033/3033 3034/3034 3035/3035
f 3033/3033 3035/3035 3036/3036
f 3037/3037 3038/3038 3039/3039
f 3037/3037 3039/3039 3040/3040
f 3041/3041 3042/3042 3043/3043
f 3041/3041 3043/3043 3044/3044
f 3045/3045 3046/3046 3047/3047
f 3045/3045 3047/3047 3048/3048
f 3049/3049 3051/3051 3050/3050
f 3049/3049 3053/3053 3052/3052
f 3049/3049 3055/3055 3054/3054
f 3049/3049 3057/3057 3056/3056
f 3049/3049 3059/3059 3058/3058
f 3049/3049 3061/3061 3060/3060
f 3049/3049 3063/3063 3062/3062
f 3049/3049 3065/3065 3064/3064
f 3049/3049 3067/3067 3066/3066
f 3049/3049 3069/3069 3068/3068
f 3049/3049 3071/3071 3070/3070
f 3049/3049 3073/3073 3072/3072
f 3049/3049 3075/3075 3074/3074
f 3049/3049 3077/3077 3076/3076
f 3078/3078 3079/3079 3080/3080
f 3078/3078 3081/3081 3082/3082
f 3078/3078 3083/3083 3084/3084
f 3078/3078 3085/3085 3086/3086
f 3078/3078 3087/3087 3088/3088
f 3078/3078 3089/3089 3090/3090
f 3078/3078 3091/3091 3092/3092
f 3078/3078 3093/3093 3094/3094
f 3078/3078 3095/3095 3096/3096
f 3078/3078 3097/3097 3098/3098
f 3078/3078 3099/3099 3100/3100
f 3078/3078 3101/3101 3102/3102
f 3078/3078 3103/3103 3104/3104
f 3078/3078 3105/3105 3106/3106
f 3107/3107 3108/3108 3109/3109
f 3107/3107 3109/3109 3110/3110
f 3111/3111 3112/3112 3113/3113
f 3111/3111 3113/3113 3114/3114
f 3115/3115 3116/3116 3117/3117
f 3115/3115 3117/3117 3118/3118
f 3119/3119 3120/3120 3121/3121
f 3119/3119 3121/3121 3122/3122
f 3123/3123 3124/3124 3125/3125
f 3123/3123 3125/3125 3126/3126
f 3127/3127 3128/3128 3129/3129
f 3127/3127 3129/3129 3130/3130
f 3131/3131 3132/3132 3133/3133
f 3131/3131 3133/3133 3134/3134
f 3135/3135 3136/3136 3137/3137
f 3135/3135 3137/3137 3138/3138
f 3139/3139 3140/3140 3141/3141
f 3139/3139 3141/3141 3142/3142
f 3143/3143 3144/3144 3145/3145
f 3143/3143 3145/3145 3146/3146
f 3147/3147 3148/3148 3149/3149
f 3147/3147 3149/3149 3150/3150
f 3151/3151 3152/3152 3153/3153
f 3151/3151 3153/3153 3154/3154
f 3155/3155 3156/3156 3157/3157
f 3155/3155 3157/3157 3158/3158
f 3159/3159 3160/3160 3161/3161
f 3159/3159 3161/3161 3162/3162
f 3163/3163 3164/3164 3165/3165
f 3163/3163 3165/3165 3166/3166
f 3167/3167 3168/3168 3169/3169
f 3167/3167 3169/3169 3170/3170
f 3171/3171 3172/3172 3173/3173
f 3171/3171 3173/3173 3174/3174
f 3175/3175 3176/3176 3177/3177
f 3175/3175 3177/3177 3178/3178
f 3179/3179 3180/3180 3181/3181
f 3179/3179 3181/3181 3182/3182
f 3183/3183 3184/3184 3185/3185
f 3183/3183 3185/3185 3186/3186
f 3187/3187 3188/3188 3189/3189
f 3187/3187 3189/3189 3190/3190
f 3191/3191 3192/3192 3193/3193
f 3191/3191 3193/3193 3194/3194
f 3195/3195 3196/3196 3197/3197
f 3195/3195 3197/3197 3198/3198
f 3199/3199 3200/3200 3201/3201
f 3199/3199 3201/3201 3202/3202
f 3203/3203 3204/3204 3205/3205
f 3203/3203 3205/3205 3206/3206
f 3207/3207 3208/3208 3209/3209
f 3207/3207 3209/3209 3210/3210
f 3211/3211 3212/3212 3213/3213
f 3211/3211 3213/3213 3214/3214
f 3215/3215 3216/3216 3217/3217
f 3215/3215 3217/3217 3218/3218
f 3219/3219 3220/3220 3221/3221
f 3219/3219 3221/3221 3222/3222
f 3223/3223 3224/3224 3225/3225
f 3223/3223 3225/3225 3226/3226
f 3227/3227 3228/3228 3229/3229
f 3227/3227 3229/3229 3230/3230
f 3231/3231 3232/3232 3233/3233
f 3231/3231 3233/3233 3234/3234
f 3235/3235 3236/3236 3237/3237
f 3235/3235 3237/3237 3238/3238
f 3239/3239 3240/3240 3241/3241
f 3239/3239 3241/3241 3242/3242
f 3243/3243 3244/3244 3245/3245
f 3243/3243 3245/3245 3246/3246
f 3247/3247 3248/3248 3249/3249
f 3247/3247 3249/3249 3250/3250
f 3251/3251 3252/3252 3253/3253
f 3251/3251 3253/3253 3254/3254
f 3255/3255 3256/3256 3257/3257
f 3255/3255 3257/3257 3258/3258
f 3259/3259 3260/3260 3261/3261
f 3259/3259 3261/3261 3262/3262
f 3263/3263 3264/3264 3265/3265
f 3263/3263 3265/3265 3266/3266
f 3267/3267 3268/3268 3269/3269
f 3267/3267 3269/3269 3270/3270
f 3271/3271 3272/3272 3273/3273
f 3271/3271 3273/3273 3274/3274
f 3275/3275 3276/3276 3277/3277
f 3275/3275 3277/3277 3278/3278
f 3279/3279 3280/3280 3281/3281
f 3279/3279 3281/3281 3282/3282
f 3283/3283 3284/3284 3285/3285
f 3283/3283 3285/3285 3286/3286
f 3287/3287 3288/3288 3289/3289
f 3287/3287 3289/3289 3290/3290
f 3291/3291 3292/3292 3293/3293
f 3291/3291 3293/3293 3294/3294
f 3295/3295 3296/3296 3297/3297
f 3295/3295 3297/3297 3298/3298
f 3299/3299 3300/3300 3301/3301
f 3299/3299 3301/3301 3302/3302
f 3303/3303 3304/3304 3305/3305
f 3303/3303 3305/3305 3306/3306
f 3307/3307 3308/3308 3309/3309
f 3307/3307 3309/3309 3310/3310
f 3311/3311 3312/3312 3313/3313
f 3311/3311 3313/3313 3314/3314
f 3315/3315 3316/3316 3317/3317
f 3315/3315 3317/3317 3318/3318
f 3319/3319 3320/3320 3321/3321
f 3319/3319 3321/3321 3322/3322
f 3323/3323 3324/3324 3325/3325
f 3323/3323 3325/3325 3326/3326
f 3327/3327 3328/3328 3329/3329
f 3327/3327 3329/3329 3330/3330
f 3331/3331 3332/3332 3333/3333
f 3331/3331 3333/3333 3334/3334
f 3335/3335 3336/3336 3337/3337
f 3335/3335 3337/3337 3338/3338
f 3339/3339 3340/3340 3341/3341
f 3339/3339 3341/3341 3342/3342
f 3343/3343 3344/3344 3345/3345
f 3343/3343 3345/3345 3346/3346
f 3347/3347 3348/3348 3349/3349
f 3347/3347 3349/3349 3350/3350
f 3351/3351 3352/3352 3353/3353
f 3351/3351 3353/3353 3354/3354
f 3355/3355 3356/3356 3357/3357
f 3355/3355 3357/3357 3358/3358
f 3359/3359 3360/3360 3361/3361
f 3359/3359 3361/3361 3362/3362
f 3363/3363 3364/3364 3365/3365
f 3363/3363 3365/3365 3366/3366
f 3367/3367 3368/3368 3369/3369
f 3367/3367 3369/3369 3370/3370
f 3371/3371 3372/3372 3373/3373
f 3371/3371 3373/3373 3374/3374
f 3375/3375 3376/3376 3377/3377
f 3375/3375 3377/3377 3378/3378
f 3379/3379 3380/3380 3381/3381
f 3379/3379 3381/3381 3382/3382
f 3383/3383 3384/3384 3385/3385
f 3383/3383 3385/3385 3386/3386
f 3387/3387 3388/3388 3389/3389
f 3387/3387 3389/3389 3390/3390
f 3391/3391 3392/3392 3393/3393
f 3391/3391 3393/3393 3394/3394
f 3395/3395 3396/3396 3397/3397
f 3395/3395 3397/3397 3398/3398
f 3399/3399 3400/3400 3401/3401
f 3399/3399 3401/3401 3402/3402
f 3403/3403 3404/3404 3405/3405
f 3403/3403 3405/3405 3406/3406
f 3407/3407 3408/3408 3409/3409
f 3407/3407 3409/3409 3410/3410
f 3411/3411 3412/3412 3413/3413
f 3411/3411 3413/3413 3414/3414
f 3415/3415 3416/3416 3417/3417
f 3415/3415 3417/3417 3418/3418
f 3419/3419 3420/3420 3421/3421
f 3419/3419 3421/3421 3422/3422
f 3423/3423 3424/3424 3425/3425
f 3423/3423 3425/3425 3426/3426
f 3427/3427 3428/3428 3429/3429
f 3427/3427 3429/3429 3430/3430
f 3431/3431 3432/3432 3433/3433
f 3431/3431 3433/3433 3434/3434
f 3435/3435 3436/3436 3437/3437
f 3435/3435 3437/3437 3438/3438
f 3439/3439 3440/3440 3441/3441
f 3439/3439 3441/3441 3442/3442
f 3443/3443 3444/3444 3445/3445
f 3443/3443 3445/3445 3446/3446
f 3447/3447 3448/3448 3449/3449
f 3447/3447 3449/3449 3450/3450
f 3451/3451 3452/3452 3453/3453
f 3451/3451 3453/3453 3454/3454
f 3455/3455 3456/3456 3457/3457
f 3455/3455 3457/3457 3458/3458
f 3459/3459 3460/3460 3461/3461
f 3459/3459 3461/3461 3462/3462
f 3463/3463 3464/3464 3465/3465
f 3463/3463 3465/3465 3466/3466
usemtl Fire
f 3467/3467 3468/3468 3469/3469
f 3467/3467 3469/3469 3470/3470
f 3471/3471 3472/3472 3473/3473
f 3471/3471 3473/3473 3474/3474
f 3475/3475 3476/3476 3477/3477
f 3475/3475 3477/3477 3478/3478
f 3479/3479 3480/3480 3481/3481
f 3479/3479 3481/3481 3482/3482
f 3483/3483 3484/3484 3485/3485
f 3483/3483 3485/3485 3486/3486
f 3487/3487 3488/3488 3489/3489
f 3487/3487 3489/3489 3490/3490
f 3491/3491 3492/3492 3493/3493
f 3491/3491 3493/3493 3494/3494
f 3495/3495 3496/3496 3497/3497
f 3495/3495 3497/3497 3498/3498
f 3499/3499 3500/3500 3501/3501
f 3499/3499 3501/3501 3502/3502
f 3503/3503 3504/3504 3505/3505
f 3503/3503 3505/3505 3506/3506
f 3507/3507 3508/3508 3509/3509
f 3507/3507 3509/3509 3510/3510
f 3511/3511 3512/3512 3513/3513
f 3511/3511 3513/3513 3514/3514
f 3515/3515 3516/3516 3517/3517
f 3515/3515 3517/3517 3518/3518
f 3519/3519 3520/3520 3521/3521
f 3519/3519 3521/3521 3522/3522
f 3523/3523 3524/3524 3525/3525
f 3523/3523 3525/3525 3526/3526
f 3527/3527 3528/3528 3529/3529
f 3527/3527 3529/3529 3530/3530
f 3531/3531 3532/3532 3533/3533
f 3531/3531 3533/3533 3534/3534
f 3535/3535 3536/3536 3537/3537
f 3535/3535 3537/3537 3538/3538
f 3539/3539 3540/3540 3541/3541
f 3539/3539 3541/3541 3542/3542
f 3543/3543 3544/3544 3545/3545
f 3543/3543 3545/3545 3546/3546
f 3547/3547 3548/3548 3549/3549
f 3547/3547 3549/3549 3550/3550
f 3551/3551 3552/3552 3553/3553
f 3551/3551 3553/3553 3554/3554
f 3555/3555 3556/3556 3557/3557
f 3555/3555 3557/3557 3558/3558
f 3559/3559 3560/3560 3561/3561
f 3559/3559 3561/3561 3562/3562
usemtl Wood
f 3563/3563 3564/3564 3565/3565
f 3563/3563 3565/3565 3566/3566
f 3567/3567 3568/3568 3569/3569
f 3567/3567 3569/3569 3570/3570
f 3571/3571 3572/3572 3573/3573
f 3571/3571 3573/3573 3574/3574
f 3575/3575 3576/3576 3577/3577
f 3575/3575 3577/3577 3578/3578
f 3579/3579 3580/3580 3581/3581
f 3579/3579 3581/3581 3582/3582
f 3583/3583 3584/3584 3585/3585
f 3583/3583 3585/3585 3586/3586
f 3587/3587 3588/3588 3589/3589
f 3587/3587 3589/3589 3590/3590
f 3591/3591 3593/3593 3592/3592
f 3591/3591 3595/3595 3594/3594
f 3591/3591 3597/3597 3596/3596
f 3591/3591 3599/3599 3598/3598
f 3591/3591 3601/3601 3600/3600
f 3591/3591 3603/3603 3602/3602
f 3591/3591 3605/3605 3604/3604
f 3606/3606 3607/3607 3608/3608
f 3606/3606 3609/3609 3610/3610
f 3606/3606 3611/3611 3612/3612
f 3606/3606 3613/3613 3614/3614
f 3606/3606 3615/3615 3616/3616
f 3606/3606 3617/3617 3618/3618
f 3606/3606 3619/3619 3620/3620
f 3621/3621 3622/3622 3623/3623
f 3621/3621 3623/3623 3624/3624
f 3625/3625 3626/3626 3627/3627
f 3625/3625 3627/3627 3628/3628
f 3629/3629 3630/3630 3631/3631
f 3629/3629 3631/3631 3632/3632
f 3633/3633 3634/3634 3635/3635
f 3633/3633 3635/3635 3636/3636
f 3637/3637 3638/3638 3639/3639
f 3637/3637 3639/3639 3640/3640
f 3641/3641 3642/3642 3643/3643
f 3641/3641 3643/3643 3644/3644
f 3645/3645 3646/3646 3647/3647
f 3645/3645 3647/3647 3648/3648
f 3649/3649 3651/3651 3650/3650
f 3649/3649 3653/3653 3652/3652
f 3649/3649 3655/3655 3654/3654
f 3649/3649 3657/3657 3656/3656
f 3649/3649 3659/3659 3658/3658
f 3649/3649 3661/3661 3660/3660
f 3649/3649 3663/3663 3662/3662
f 3664/3664 3665/3665 3666/3666
f 3664/3664 3667/3667 3668/3668
f 3664/3664 3669/3669 3670/3670
f 3664/3664 3671/3671 3672/3672
f 3664/3664 3673/3673 3674/3674
f 3664/3664 3675/3675 3676/3676
f 3664/3664 3677/3677 3678/3678
f 3679/3679 3680/3680 3681/3681
f 3679/3679 3681/3681 3682/3682
f 3683/3683 3684/3684 3685/3685
f 3683/3683 3685/3685 3686/3686
f 3687/3687 3688/3688 3689/3689
f 3687/3687 3689/3689 3690/3690
f 3691/3691 3692/3692 3693/3693
f 3691/3691 3693/3693 3694/3694
f 3695/3695 3696/3696 3697/3697
f 3695/3695 3697/3697 3698/3698
f 3699/3699 3700/3700 3701/3701
f 3699/3699 3701/3701 3702/3702
f 3703/3703 3704/3704 3705/3705
f 3703/3703 3705/3705 3706/3706
f 3707/3707 3709/3709 3708/3708
f 3707/3707 3711/3711 3710/3710
f 3707/3707 3713/3713 3712/3712
f 3707/3707 3715/3715 3714/3714
f 3707/3707 3717/3717 3716/3716
f 3707/3707 3719/3719 3718/3718
f 3707/3707 3721/3721 3720/3720
f 3722/3722 3723/3723 3724/3724
f 3722/3722 3725/3725 3726/3726
f 3722/3722 3727/3727 3728/3728
f 3722/3722 3729/3729 3730/3730
f 3722/3722 3731/3731 3732/3732
f 3722/3722 3733/3733 3734/3734
f 3722/3722 3735/3735 3736/3736
usemtl Cloth
f 3737/3737 3738/3738 3739/3739
f 3737/3737 3739/3739 3740/3740
f 3741/3741 3742/3742 3743/3743
f 3741/3741 3743/3743 3744/3744
usemtl Rope
f 3745/3745 3746/3746 3747/3747
f 3745/3745 3747/3747 3748/3748
f 3749/3749 3750/3750 3751/3751
f 3749/3749 3751/3751 3752/3752
f 3753/3753 3754/3754 3755/3755
f 3753/3753 3755/3755 3756/3756
f 3757/3757 3758/3758 3759/3759
f 3757/3757 3759/3759 3760/3760
f 3761/3761 3762/3762 3763/3763
f 3761/3761 3763/3763 3764/3764
f 3765/3765 3767/3767 3766/3766
f 3765/3765 3769/3769 3768/3768
f 3765/3765 3771/3771 3770/3770
f 3765/3765 3773/3773 3772/3772
f 3765/3765 3775/3775 3774/3774
f 3776/3776 3777/3777 3778/3778
f 3776/3776 3779/3779 3780/3780
f 3776/3776 3781/3781 3782/3782
f 3776/3776 3783/3783 3784/3784
f 3776/3776 3785/3785 3786/3786
f 3787/3787 3788/3788 3789/3789
f 3787/3787 3789/3789 3790/3790
f 3791/3791 3792/3792 3793/3793
f 3791/3791 3793/3793 3794/3794
f 3795/3795 3796/3796 3797/3797
f 3795/3795 3797/3797 3798/3798
f 3799/3799 3800/3800 3801/3801
f 3799/3799 3801/3801 3802/3802
f 3803/3803 3804/3804 3805/3805
f 3803/3803 3805/3805 3806/3806
f 3807/3807 3808/3808 3809/3809
f 3807/3807 3809/3809 3810/3810
f 3811/3811 3813/3813 3812/3812
f 3811/3811 3815/3815 3814/3814
f 3811/3811 3817/3817 3816/3816
f 3811/3811 3819/3819 3818/3818
f 3811/3811 3821/3821 3820/3820
f 3811/3811 3823/3823 3822/3822
f 3824/3824 3825/3825 3826/3826
f 3824/3824 3827/3827 3828/3828
f 3824/3824 3829/3829 3830/3830
f 3824/3824 3831/3831 3832/3832
f 3824/3824 3833/3833 3834/3834
f 3824/3824 3835/3835 3836/3836
usemtl Wood
f 3837/3837 3838/3838 3839/3839
f 3837/3837 3839/3839 3840/3840
f 3841/3841 3842/3842 3843/3843
f 3841/3841 3843/3843 3844/3844
f 3845/3845 3846/3846 3847/3847
f 3845/3845 3847/3847 3848/3848
f 3849/3849 3850/3850 3851/3851
f 3849/3849 3851/3851 3852/3852
f 3853/3853 3854/3854 3855/3855
f 3853/3853 3855/3855 3856/3856
f 3857/3857 3858/3858 3859/3859
f 3857/3857 3859/3859 3860/3860
f 3861/3861 3863/3863 3862/3862
f 3861/3861 3865/3865 3864/3864
f 3861/3861 3867/3867 3866/3866
f 3861/3861 3869/3869 3868/3868
f 3861/3861 3871/3871 3870/3870
f 3861/3861 3873/3873 3872/3872
f 3874/3874 3875/3875 3876/3876
f 3874/3874 3877/3877 3878/3878
f 3874/3874 3879/3879 3880/3880
f 3874/3874 3881/3881 3882/3882
f 3874/3874 3883/3883 3884/3884
f 3874/3874 3885/3885 3886/3886
f 3887/3887 3888/3888 3889/3889
f 3887/3887 3889/3889 3890/3890
f 3891/3891 3892/3892 3893/3893
f 3891/3891 3893/3893 3894/3894
f 3895/3895 3896/3896 3897/3897
f 3895/3895 3897/3897 3898/3898
f 3899/3899 3900/3900 3901/3901
f 3899/3899 3901/3901 3902/3902
f 3903/3903 3904/3904 3905/3905
f 3903/3903 3905/3905 3906/3906
f 3907/3907 3908/3908 3909/3909
f 3907/3907 3909/3909 3910/3910
f 3911/3911 3913/3913 3912/3912
f 3911/3911 3915/3915 3914/3914
f 3911/3911 3917/3917 3916/3916
f 3911/3911 3919/3919 3918/3918
f 3911/3911 3921/3921 3920/3920
f 3911/3911 3923/3923 3922/3922
f 3924/3924 3925/3925 3926/3926
f 3924/3924 3927/3927 3928/3928
f 3924/3924 3929/3929 3930/3930
f 3924/3924 3931/3931 3932/3932
f 3924/3924 3933/3933 3934/3934
f 3924/3924 3935/3935 3936/3936
usemtl Rope
f 3937/3937 3938/3938 3939/3939
f 3937/3937 3939/3939 3940/3940
f 3941/3941 3942/3942 3943/3943
f 3941/3941 3943/3943 3944/3944
f 3945/3945 3946/3946 3947/3947
f 3945/3945 3947/3947 3948/3948
f 3949/3949 3950/3950 3951/3951
f 3949/3949 3951/3951 3952/3952
f 3953/3953 3954/3954 3955/3955
f 3953/3953 3955/3955 3956/3956
f 3957/3957 3958/3958 3959/3959
f 3957/3957 3959/3959 3960/3960
f 3961/3961 3963/3963 3962/3962
f 3961/3961 3965/3965 3964/3964
f 3961/3961 3967/3967 3966/3966
f 3961/3961 3969/3969 3968/3968
f 3961/3961 3971/3971 3970/3970
f 3961/3961 3973/3973 3972/3972
f 3974/3974 3975/3975 3976/3976
f 3974/3974 3977/3977 3978/3978
f 3974/3974 3979/3979 3980/3980
f 3974/3974 3981/3981 3982/3982
f 3974/3974 3983/3983 3984/3984
f 3974/3974 3985/3985 3986/3986
usemtl Wood
f 3987/3987 3988/3988 3989/3989
f 3987/3987 3989/3989 3990/3990
f 3991/3991 3992/3992 3993/3993
f 3991/3991 3993/3993 3994/3994
f 3995/3995 3996/3996 3997/3997
f 3995/3995 3997/3997 3998/3998
f 3999/3999 4000/4000 4001/4001
f 3999/3999 4001/4001 4002/4002
f 4003/4003 4004/4004 4005/4005
f 4003/4003 4005/4005 4006/4006
f 4007/4007 4008/4008 4009/4009
f 4007/4007 4009/4009 4010/4010
f 4011/4011 4013/4013 4012/4012
f 4011/4011 4015/4015 4014/4014
f 4011/4011 4017/4017 4016/4016
f 4011/4011 4019/4019 4018/4018
f 4011/4011 4021/4021 4020/4020
f 4011/4011 4023/4023 4022/4022
f 4024/4024 4025/4025 4026/4026
f 4024/4024 4027/4027 4028/4028
f 4024/4024 4029/4029 4030/4030
f 4024/4024 4031/4031 4032/4032
f 4024/4024 4033/4033 4034/4034
f 4024/4024 4035/4035 4036/4036
f 4037/4037 4038/4038 4039/4039
f 4037/4037 4039/4039 4040/4040
f 4041/4041 4042/4042 4043/4043
f 4041/4041 4043/4043 4044/4044
f 4045/4045 4046/4046 4047/4047
f 4045/4045 4047/4047 4048/4048
f 4049/4049 4050/4050 4051/4051
f 4049/4049 4051/4051 4052/4052
f 4053/4053 4054/4054 4055/4055
f 4053/4053 4055/4055 4056/4056
f 4057/4057 4058/4058 4059/4059
f 4057/4057 4059/4059 4060/4060
f 4061/4061 4063/4063 4062/4062
f 4061/4061 4065/4065 4064/4064
f 4061/4061 4067/4067 4066/4066
f 4061/4061 4069/4069 4068/4068
f 4061/4061 4071/4071 4070/4070
f 4061/4061 4073/4073 4072/4072
f 4074/4074 4075/4075 4076/4076
f 4074/4074 4077/4077 4078/4078
f 4074/4074 4079/4079 4080/4080
f 4074/4074 4081/4081 4082/4082
f 4074/4074 4083/4083 4084/4084
f 4074/4074 4085/4085 4086/4086
usemtl Rope
f 4087/4087 4088/4088 4089/4089
f 4087/4087 4089/4089 4090/4090
f 4091/4091 4092/4092 4093/4093
f 4091/4091 4093/4093 4094/4094
f 4095/4095 4096/4096 4097/4097
f 4095/4095 4097/4097 4098/4098
f 4099/4099 4100/4100 4101/4101
f 4099/4099 4101/4101 4102/4102
f 4103/4103 4104/4104 4105/4105
f 4103/4103 4105/4105 4106/4106
f 4107/4107 4108/4108 4109/4109
f 4107/4107 4109/4109 4110/4110
f 4111/4111 4113/4113 4112/4112
f 4111/4111 4115/4115 4114/4114
f 4111/4111 4117/4117 4116/4116
f 4111/4111 4119/4119 4118/4118
f 4111/4111 4121/4121 4120/4120
f 4111/4111 4123/4123 4122/4122
f 4124/4124 4125/4125 4126/4126
f 4124/4124 4127/4127 4128/4128
f 4124/4124 4129/4129 4130/4130
f 4124/4124 4131/4131 4132/4132
f 4124/4124 4133/4133 4134/4134
f 4124/4124 4135/4135 4136/4136
usemtl Wood
f 4137/4137 4138/4138 4139/4139
f 4137/4137 4139/4139 4140/4140
f 4141/4141 4142/4142 4143/4143
f 4141/4141 4143/4143 4144/4144
f 4145/4145 4146/4146 4147/4147
f 4145/4145 4147/4147 4148/4148
f 4149/4149 4150/4150 4151/4151
f 4149/4149 4151/4151 4152/4152
f 4153/4153 4154/4154 4155/4155
f 4153/4153 4155/4155 4156/4156
f 4157/4157 4158/4158 4159/4159
f 4157/4157 4159/4159 4160/4160
f 4161/4161 4163/4163 4162/4162
f 4161/4161 4165/4165 4164/4164
f 4161/4161 4167/4167 4166/4166
f 4161/4161 4169/4169 4168/4168
f 4161/4161 4171/4171 4170/4170
f 4161/4161 4173/4173 4172/4172
f 4174/4174 4175/4175 4176/4176
f 4174/4174 4177/4177 4178/4178
f 4174/4174 4179/4179 4180/4180
f 4174/4174 4181/4181 4182/4182
f 4174/4174 4183/4183 4184/4184
f 4174/4174 4185/4185 4186/4186
f 4187/4187 4188/4188 4189/4189
f 4187/4187 4189/4189 4190/4190
f 4191/4191 4192/4192 4193/4193
f 4191/4191 4193/4193 4194/4194
f 4195/4195 4196/4196 4197/4197
f 4195/4195 4197/4197 4198/4198
f 4199/4199 4200/4200 4201/4201
f 4199/4199 4201/4201 4202/4202
f 4203/4203 4204/4204 4205/4205
f 4203/4203 4205/4205 4206/4206
f 4207/4207 4208/4208 4209/4209
f 4207/4207 4209/4209 4210/4210
f 4211/4211 4213/4213 4212/4212
f 4211/4211 4215/4215 4214/4214
f 4211/4211 4217/4217 4216/4216
f 4211/4211 4219/4219 4218/4218
f 4211/4211 4221/4221 4220/4220
f 4211/4211 4223/4223 4222/4222
f 4224/4224 4225/4225 4226/4226
f 4224/4224 4227/4227 4228/4228
f 4224/4224 4229/4229 4230/4230
f 4224/4224 4231/4231 4232/4232
f 4224/4224 4233/4233 4234/4234
f 4224/4224 4235/4235 4236/4236
