mtllib ../../Materials/project_oen.mtl
o pr-001_tarp_presenning__placed
v -1.100000 0.820000 -0.770000
v -0.993000 0.816000 -0.766000
v -0.886000 0.812000 -0.762000
v -0.779000 0.808000 -0.758000
v -0.672000 0.804000 -0.754000
v -0.565000 0.800000 -0.750000
v -0.458000 0.796000 -0.746000
v -0.351000 0.792000 -0.742000
v -0.244000 0.788000 -0.738000
v -0.137000 0.784000 -0.734000
v -0.030000 0.780000 -0.730000
v 0.077000 0.776000 -0.726000
v 0.184000 0.772000 -0.722000
v 0.291000 0.768000 -0.718000
v 0.398000 0.764000 -0.714000
v 0.505000 0.760000 -0.710000
v 0.612000 0.756000 -0.706000
v 0.719000 0.752000 -0.702000
v 0.826000 0.748000 -0.698000
v 0.933000 0.744000 -0.694000
v 1.040000 0.740000 -0.690000
v -1.098000 0.822667 -0.670000
v -0.991046 0.815172 -0.665861
v -0.884092 0.807916 -0.661517
v -0.777139 0.799874 -0.657292
v -0.670185 0.790770 -0.653487
v -0.563231 0.781576 -0.650167
v -0.456277 0.773834 -0.647090
v -0.349323 0.768374 -0.643819
v -0.242370 0.764552 -0.639959
v -0.135416 0.760756 -0.635386
v -0.028462 0.755767 -0.630333
v 0.078492 0.749829 -0.625280
v 0.185445 0.744470 -0.620707
v 0.292399 0.741243 -0.616848
v 0.399353 0.740447 -0.613577
v 0.506307 0.740926 -0.610500
v 0.613261 0.741073 -0.607180
v 0.720214 0.740128 -0.603375
v 0.827168 0.738642 -0.599150
v 0.934122 0.737752 -0.594805
v 1.041076 0.738000 -0.590667
v -1.096000 0.825333 -0.570000
v -0.989101 0.814762 -0.565730
v -0.882201 0.804321 -0.561058
v -0.775302 0.792128 -0.556619
v -0.668402 0.778041 -0.553002
v -0.561503 0.764308 -0.550333
v -0.454604 0.753955 -0.548141
v -0.347704 0.748240 -0.545569
v -0.240805 0.745455 -0.541844
v -0.133905 0.742232 -0.536725
v -0.027006 0.736328 -0.530667
v 0.079893 0.728503 -0.524608
v 0.186793 0.721891 -0.519489
v 0.293692 0.719377 -0.515765
v 0.400592 0.721269 -0.513193
v 0.507491 0.725195 -0.511000
v 0.614390 0.728230 -0.508331
v 0.721290 0.729297 -0.504714
v 0.828189 0.729751 -0.500276
v 0.935089 0.731748 -0.495603
v 1.041988 0.736000 -0.491333
v -1.094000 0.828000 -0.470000
v -0.987171 0.814047 -0.465614
v -0.880342 0.799887 -0.460645
v -0.773513 0.783160 -0.456016
v -0.666684 0.764298 -0.452572
v -0.559855 0.746973 -0.450500
v -0.453026 0.735383 -0.449116
v -0.346197 0.730657 -0.447183
v -0.239368 0.729595 -0.443585
v -0.132539 0.727059 -0.437971
v -0.025710 0.720104 -0.431000
v 0.081119 0.710353 -0.424029
v 0.187948 0.702600 -0.418415
v 0.294777 0.700846 -0.414817
v 0.401606 0.705153 -0.412884
v 0.508435 0.711924 -0.411500
v 0.615264 0.717168 -0.409428
v 0.722093 0.719767 -0.405984
v 0.828922 0.721903 -0.401355
v 0.935751 0.726466 -0.396386
v 1.042580 0.734000 -0.392000
v -1.092000 0.830667 -0.370000
v -0.985265 0.812840 -0.365518
v -0.878529 0.794356 -0.360301
v -0.771794 0.772814 -0.355512
v -0.665058 0.749532 -0.352223
v -0.558323 0.729498 -0.350667
v -0.451587 0.717576 -0.349980
v -0.344852 0.714191 -0.348601
v -0.238116 0.714437 -0.345116
v -0.131381 0.711690 -0.339083
v -0.024645 0.702860 -0.331333
v 0.082090 0.690849 -0.323584
v 0.188826 0.682137 -0.317550
v 0.295561 0.681541 -0.314066
v 0.402297 0.688583 -0.312686
v 0.509032 0.698383 -0.312000
v 0.615768 0.706038 -0.310444
v 0.722503 0.710498 -0.307154
v 0.829239 0.714634 -0.302366
v 0.935974 0.721750 -0.297148
v 1.042710 0.732000 -0.292667
v -1.090000 0.833333 -0.270000
v -0.983387 0.811905 -0.265450
v -0.876774 0.789361 -0.260043
v -0.770162 0.763564 -0.255135
v -0.663549 0.736766 -0.251974
v -0.556936 0.714910 -0.250833
v -0.450323 0.702932 -0.250706
v -0.343711 0.700160 -0.249771
v -0.237098 0.700112 -0.246383
v -0.130485 0.695308 -0.240025
v -0.023872 0.683239 -0.231667
v 0.082740 0.668470 -0.223308
v 0.189353 0.659031 -0.216950
v 0.295966 0.660128 -0.213562
v 0.402579 0.670384 -0.212627
v 0.509191 0.683575 -0.212500
v 0.615804 0.694022 -0.211360
v 0.722417 0.700820 -0.208199
v 0.829030 0.707389 -0.203291
v 0.935642 0.717217 -0.197883
v 1.042255 0.730000 -0.193333
v -1.088000 0.836000 -0.170000
v -0.981544 0.812388 -0.165413
v -0.875088 0.787309 -0.159884
v -0.768632 0.758956 -0.154904
v -0.662176 0.730306 -0.151843
v -0.555720 0.707736 -0.151000
v -0.449264 0.695736 -0.151270
v -0.342808 0.692418 -0.150653
v -0.236352 0.690194 -0.147342
v -0.129896 0.681546 -0.140769
v -0.023440 0.665228 -0.132000
v 0.083015 0.647601 -0.123231
v 0.189471 0.637843 -0.116658
v 0.295927 0.640964 -0.113347
v 0.402383 0.654355 -0.112730
v 0.508839 0.670509 -0.113000
v 0.615295 0.683246 -0.112157
v 0.721751 0.691992 -0.109096
v 0.828207 0.700698 -0.104116
v 0.934663 0.712934 -0.098587
v 1.041119 0.728000 -0.094000
v -1.086000 0.838667 -0.070000
v -0.979738 0.814806 -0.065410
v -0.873477 0.789317 -0.059836
v -0.767215 0.760630 -0.054835
v -0.660953 0.732105 -0.051841
v -0.554691 0.710059 -0.051167
v -0.448430 0.698204 -0.051656
v -0.342168 0.693597 -0.051218
v -0.235906 0.688191 -0.047963
v -0.129644 0.675188 -0.041296
v -0.023383 0.654963 -0.032333
v 0.082879 0.635395 -0.023370
v 0.189141 0.626106 -0.016704
v 0.295403 0.631265 -0.013449
v 0.401664 0.646846 -0.013010
v 0.507926 0.664362 -0.013500
v 0.614188 0.677615 -0.012826
v 0.720450 0.686684 -0.009831
v 0.826711 0.696121 -0.004831
v 0.932973 0.709562 0.000744
v 1.039235 0.726000 0.005333
v -1.084000 0.841333 0.030000
v -0.977972 0.818601 0.034556
v -0.871943 0.794243 0.040097
v -0.765915 0.766839 0.045065
v -0.659886 0.739859 0.048026
v -0.553858 0.719228 0.048667
v -0.447830 0.707791 0.048144
v -0.341801 0.701894 0.048549
v -0.235773 0.693661 0.051771
v -0.129744 0.677484 0.058404
v -0.023716 0.655267 0.067333
v 0.082312 0.635727 0.076263
v 0.188341 0.628046 0.082896
v 0.294369 0.635017 0.086118
v 0.400398 0.651283 0.086523
v 0.506426 0.667933 0.086000
v 0.612454 0.679364 0.086641
v 0.718483 0.686631 0.089602
v 0.824511 0.694891 0.094569
v 0.930540 0.707773 0.100110
v 1.036568 0.724000 0.104667
v -1.082000 0.844000 0.130000
v -0.976244 0.822692 0.134487
v -0.870488 0.799778 0.139916
v -0.764732 0.774036 0.144796
v -0.658976 0.748943 0.147757
v -0.553220 0.729901 0.148500
v -0.447464 0.718982 0.148130
v -0.341708 0.712224 0.148647
v -0.235952 0.702391 0.151858
v -0.130196 0.685194 0.158331
v -0.024440 0.663603 0.167000
v 0.081315 0.646292 0.175669
v 0.187071 0.641205 0.182142
v 0.292827 0.649509 0.185353
v 0.398583 0.664918 0.185870
v 0.504339 0.678818 0.185500
v 0.610095 0.686742 0.186243
v 0.715851 0.690837 0.189204
v 0.821607 0.696650 0.194084
v 0.927363 0.707566 0.199513
v 1.033119 0.722000 0.204000
v -1.080000 0.846667 0.230000
v -0.974554 0.826456 0.234383
v -0.869108 0.804530 0.239624
v -0.763662 0.780047 0.244365
v -0.658216 0.756488 0.247360
v -0.552770 0.738703 0.248333
v -0.447323 0.728148 0.248294
v -0.341877 0.720902 0.249062
v -0.236431 0.710657 0.252283
v -0.130985 0.694321 0.258475
v -0.025539 0.675328 0.266667
v 0.079907 0.661518 0.274858
v 0.185353 0.659119 0.281050
v 0.290799 0.667821 0.284271
v 0.396245 0.681072 0.285040
v 0.501691 0.691253 0.285000
v 0.607137 0.695334 0.285974
v 0.712584 0.696329 0.288968
v 0.818030 0.699703 0.293709
v 0.923476 0.708245 0.298950
v 1.028922 0.720000 0.303333
v -1.078000 0.849333 0.330000
v -0.972898 0.830179 0.334248
v -0.867796 0.809092 0.339232
v -0.762694 0.785781 0.343788
v -0.657591 0.763677 0.346844
v -0.552489 0.746997 0.348167
v -0.447387 0.736678 0.348620
v -0.342285 0.729102 0.349766
v -0.237183 0.719036 0.353017
v -0.132081 0.704383 0.358817
v -0.026978 0.688515 0.366333
v 0.078124 0.677938 0.373850
v 0.183226 0.677101 0.379650
v 0.288328 0.684714 0.382901
v 0.393430 0.694707 0.384047
v 0.498532 0.700981 0.384500
v 0.603635 0.701909 0.385823
v 0.708737 0.700862 0.388879
v 0.813839 0.702632 0.393434
v 0.918941 0.709101 0.398418
v 1.024043 0.718000 0.402667
v -1.076000 0.852000 0.430000
v -0.971271 0.834588 0.434086
v -0.866542 0.815149 0.438755
v -0.761813 0.793942 0.443084
v -0.657084 0.774109 0.446228
v -0.552355 0.759026 0.448000
v -0.447626 0.749144 0.449084
v -0.342897 0.741341 0.450717
v -0.238168 0.731562 0.454015
v -0.133439 0.718523 0.459329
v -0.028710 0.705171 0.466000
v 0.076019 0.696478 0.472671
v 0.180748 0.695356 0.477985
v 0.285477 0.700170 0.481283
v 0.390206 0.705987 0.482916
v 0.494935 0.708470 0.484000
v 0.599664 0.707071 0.485772
v 0.704393 0.704905 0.488916
v 0.809122 0.705604 0.493245
v 0.913851 0.710077 0.497914
v 1.018580 0.716000 0.502000
v -1.074000 0.854667 0.530000
v -0.969667 0.840035 0.533903
v -0.865335 0.823680 0.538209
v -0.761002 0.806172 0.542281
v -0.656669 0.789962 0.545531
v -0.552336 0.777333 0.547833
v -0.448004 0.768300 0.549659
v -0.343671 0.760460 0.551865
v -0.239338 0.751041 0.555222
v -0.135005 0.739419 0.559975
v -0.030673 0.727860 0.565667
v 0.073660 0.719748 0.571359
v 0.177993 0.716786 0.576111
v 0.282325 0.717557 0.579469
v 0.386658 0.718674 0.581674
v 0.490991 0.717509 0.583500
v 0.595324 0.714133 0.585802
v 0.699656 0.710873 0.589053
v 0.803989 0.710004 0.593124
v 0.908322 0.711693 0.597430
v 1.012655 0.714000 0.601333
v -1.072000 0.857333 0.630000
v -0.968080 0.846195 0.633705
v -0.864159 0.834092 0.637617
v -0.760239 0.821513 0.641408
v -0.656318 0.809802 0.644780
v -0.552398 0.800024 0.647667
v -0.448477 0.791979 0.650310
v -0.344557 0.784285 0.653148
v -0.240636 0.775551 0.656574
v -0.136716 0.765623 0.660714
v -0.032795 0.755808 0.665333
v 0.071125 0.747846 0.669953
v 0.175045 0.742493 0.674093
v 0.278966 0.738919 0.677519
v 0.382886 0.735433 0.680356
v 0.486807 0.730872 0.683000
v 0.590727 0.725458 0.685887
v 0.694648 0.720411 0.689259
v 0.798568 0.716738 0.693050
v 0.902489 0.714304 0.696961
v 1.006409 0.712000 0.700667
v -1.070000 0.860000 0.730000
v -0.966500 0.852500 0.733500
v -0.863000 0.845000 0.737000
v -0.759500 0.837500 0.740500
v -0.656000 0.830000 0.744000
v -0.552500 0.822500 0.747500
v -0.449000 0.815000 0.751000
v -0.345500 0.807500 0.754500
v -0.242000 0.800000 0.758000
v -0.138500 0.792500 0.761500
v -0.035000 0.785000 0.765000
v 0.068500 0.777500 0.768500
v 0.172000 0.770000 0.772000
v 0.275500 0.762500 0.775500
v 0.379000 0.755000 0.779000
v 0.482500 0.747500 0.782500
v 0.586000 0.740000 0.786000
v 0.689500 0.732500 0.789500
v 0.793000 0.725000 0.793000
v 0.896500 0.717500 0.796500
v 1.000000 0.710000 0.800000
v -1.100000 0.822471 -0.778133
v -1.093706 0.819498 -0.775691
v -1.373706 0.029498 -1.015691
v -1.380000 0.032471 -1.018133
v -1.093706 0.819498 -0.775691
v -1.092152 0.816904 -0.768964
v -1.372152 0.026904 -1.008964
v -1.373706 0.029498 -1.015691
v -1.092152 0.816904 -0.768964
v -1.096507 0.816641 -0.763017
v -1.376507 0.026641 -1.003017
v -1.372152 0.026904 -1.008964
v -1.096507 0.816641 -0.763017
v -1.103493 0.818907 -0.762328
v -1.383493 0.028907 -1.002328
v -1.376507 0.026641 -1.003017
v -1.103493 0.818907 -0.762328
v -1.107848 0.821997 -0.767417
v -1.387848 0.031997 -1.007417
v -1.383493 0.028907 -1.002328
v -1.107848 0.821997 -0.767417
v -1.106294 0.823583 -0.774450
v -1.386294 0.033583 -1.014450
v -1.387848 0.031997 -1.007417
v -1.106294 0.823583 -0.774450
v -1.100000 0.822471 -0.778133
v -1.380000 0.032471 -1.018133
v -1.386294 0.033583 -1.014450
v -1.100000 0.820000 -0.770000
v -1.100000 0.822471 -0.778133
v -1.093706 0.819498 -0.775691
v -1.093706 0.819498 -0.775691
v -1.092152 0.816904 -0.768964
v -1.092152 0.816904 -0.768964
v -1.096507 0.816641 -0.763017
v -1.096507 0.816641 -0.763017
v -1.103493 0.818907 -0.762328
v -1.103493 0.818907 -0.762328
v -1.107848 0.821997 -0.767417
v -1.107848 0.821997 -0.767417
v -1.106294 0.823583 -0.774450
v -1.106294 0.823583 -0.774450
v -1.100000 0.822471 -0.778133
v -1.380000 0.030000 -1.010000
v -1.380000 0.032471 -1.018133
v -1.373706 0.029498 -1.015691
v -1.373706 0.029498 -1.015691
v -1.372152 0.026904 -1.008964
v -1.372152 0.026904 -1.008964
v -1.376507 0.026641 -1.003017
v -1.376507 0.026641 -1.003017
v -1.383493 0.028907 -1.002328
v -1.383493 0.028907 -1.002328
v -1.387848 0.031997 -1.007417
v -1.387848 0.031997 -1.007417
v -1.386294 0.033583 -1.014450
v -1.386294 0.033583 -1.014450
v -1.380000 0.032471 -1.018133
v -1.380000 0.012397 -0.991056
v -1.365154 0.009937 -0.997992
v -1.353178 0.129168 -1.013672
v -1.367290 0.131507 -1.007079
v -1.365154 0.009937 -0.997992
v -1.361487 0.007524 -1.013970
v -1.349692 0.126875 -1.028860
v -1.353178 0.129168 -1.013672
v -1.361487 0.007524 -1.013970
v -1.371761 0.006976 -1.026958
v -1.359458 0.126353 -1.041207
v -1.349692 0.126875 -1.028860
v -1.371761 0.006976 -1.026958
v -1.388239 0.008705 -1.027177
v -1.375122 0.127997 -1.041415
v -1.359458 0.126353 -1.041207
v -1.388239 0.008705 -1.027177
v -1.398513 0.011409 -1.014461
v -1.384888 0.130567 -1.029327
v -1.375122 0.127997 -1.041415
v -1.398513 0.011409 -1.014461
v -1.394846 0.013052 -0.998386
v -1.381402 0.132129 -1.014046
v -1.384888 0.130567 -1.029327
v -1.394846 0.013052 -0.998386
v -1.380000 0.012397 -0.991056
v -1.367290 0.131507 -1.007079
v -1.381402 0.132129 -1.014046
v -1.380000 0.010000 -1.010000
v -1.380000 0.012397 -0.991056
v -1.365154 0.009937 -0.997992
v -1.365154 0.009937 -0.997992
v -1.361487 0.007524 -1.013970
v -1.361487 0.007524 -1.013970
v -1.371761 0.006976 -1.026958
v -1.371761 0.006976 -1.026958
v -1.388239 0.008705 -1.027177
v -1.388239 0.008705 -1.027177
v -1.398513 0.011409 -1.014461
v -1.398513 0.011409 -1.014461
v -1.394846 0.013052 -0.998386
v -1.394846 0.013052 -0.998386
v -1.380000 0.012397 -0.991056
v -1.367290 0.129228 -1.025086
v -1.367290 0.131507 -1.007079
v -1.353178 0.129168 -1.013672
v -1.353178 0.129168 -1.013672
v -1.349692 0.126875 -1.028860
v -1.349692 0.126875 -1.028860
v -1.359458 0.126353 -1.041207
v -1.359458 0.126353 -1.041207
v -1.375122 0.127997 -1.041415
v -1.375122 0.127997 -1.041415
v -1.384888 0.130567 -1.029327
v -1.384888 0.130567 -1.029327
v -1.381402 0.132129 -1.014046
v -1.381402 0.132129 -1.014046
v -1.367290 0.131507 -1.007079
v -1.367290 0.125541 -1.008807
v -1.354750 0.130452 -1.014139
v -1.387749 0.241195 -0.989305
v -1.400000 0.236398 -0.984096
v -1.354750 0.130452 -1.014139
v -1.351652 0.134441 -1.027714
v -1.384723 0.245092 -1.002567
v -1.387749 0.241195 -0.989305
v -1.351652 0.134441 -1.027714
v -1.360331 0.134504 -1.039311
v -1.393201 0.245155 -1.013896
v -1.384723 0.245092 -1.002567
v -1.360331 0.134504 -1.039311
v -1.374249 0.130595 -1.040196
v -1.406799 0.241335 -1.014761
v -1.393201 0.245155 -1.013896
v -1.374249 0.130595 -1.040196
v -1.382928 0.125656 -1.029704
v -1.415277 0.236510 -1.004511
v -1.406799 0.241335 -1.014761
v -1.382928 0.125656 -1.029704
v -1.379830 0.123407 -1.015734
v -1.412251 0.234313 -0.990863
v -1.415277 0.236510 -1.004511
v -1.379830 0.123407 -1.015734
v -1.367290 0.125541 -1.008807
v -1.400000 0.236398 -0.984096
v -1.412251 0.234313 -0.990863
v -1.367290 0.129228 -1.025086
v -1.367290 0.125541 -1.008807
v -1.354750 0.130452 -1.014139
v -1.354750 0.130452 -1.014139
v -1.351652 0.134441 -1.027714
v -1.351652 0.134441 -1.027714
v -1.360331 0.134504 -1.039311
v -1.360331 0.134504 -1.039311
v -1.374249 0.130595 -1.040196
v -1.374249 0.130595 -1.040196
v -1.382928 0.125656 -1.029704
v -1.382928 0.125656 -1.029704
v -1.379830 0.123407 -1.015734
v -1.379830 0.123407 -1.015734
v -1.367290 0.125541 -1.008807
v -1.400000 0.240000 -1.000000
v -1.400000 0.236398 -0.984096
v -1.387749 0.241195 -0.989305
v -1.387749 0.241195 -0.989305
v -1.384723 0.245092 -1.002567
v -1.384723 0.245092 -1.002567
v -1.393201 0.245155 -1.013896
v -1.393201 0.245155 -1.013896
v -1.406799 0.241335 -1.014761
v -1.406799 0.241335 -1.014761
v -1.415277 0.236510 -1.004511
v -1.415277 0.236510 -1.004511
v -1.412251 0.234313 -0.990863
v -1.412251 0.234313 -0.990863
v -1.400000 0.236398 -0.984096
v -1.055000 0.820000 -0.770000
v -1.059456 0.820000 -0.750475
v -1.064437 0.827608 -0.752874
v -1.060528 0.827608 -0.770000
v -1.060528 0.827608 -0.770000
v -1.064437 0.827608 -0.752874
v -1.072495 0.824702 -0.756754
v -1.069472 0.824702 -0.770000
v -1.069472 0.824702 -0.770000
v -1.072495 0.824702 -0.756754
v -1.072495 0.815298 -0.756754
v -1.069472 0.815298 -0.770000
v -1.069472 0.815298 -0.770000
v -1.072495 0.815298 -0.756754
v -1.064437 0.812392 -0.752874
v -1.060528 0.812392 -0.770000
v -1.060528 0.812392 -0.770000
v -1.064437 0.812392 -0.752874
v -1.059456 0.820000 -0.750475
v -1.055000 0.820000 -0.770000
v -1.059456 0.820000 -0.750475
v -1.071943 0.820000 -0.734818
v -1.075390 0.827608 -0.739139
v -1.064437 0.827608 -0.752874
v -1.064437 0.827608 -0.752874
v -1.075390 0.827608 -0.739139
v -1.080966 0.824702 -0.746132
v -1.072495 0.824702 -0.756754
v -1.072495 0.824702 -0.756754
v -1.080966 0.824702 -0.746132
v -1.080966 0.815298 -0.746132
v -1.072495 0.815298 -0.756754
v -1.072495 0.815298 -0.756754
v -1.080966 0.815298 -0.746132
v -1.075390 0.812392 -0.739139
v -1.064437 0.812392 -0.752874
v -1.064437 0.812392 -0.752874
v -1.075390 0.812392 -0.739139
v -1.071943 0.820000 -0.734818
v -1.059456 0.820000 -0.750475
v -1.071943 0.820000 -0.734818
v -1.089987 0.820000 -0.726128
v -1.091217 0.827608 -0.731518
v -1.075390 0.827608 -0.739139
v -1.075390 0.827608 -0.739139
v -1.091217 0.827608 -0.731518
v -1.093207 0.824702 -0.740238
v -1.080966 0.824702 -0.746132
v -1.080966 0.824702 -0.746132
v -1.093207 0.824702 -0.740238
v -1.093207 0.815298 -0.740238
v -1.080966 0.815298 -0.746132
v -1.080966 0.815298 -0.746132
v -1.093207 0.815298 -0.740238
v -1.091217 0.812392 -0.731518
v -1.075390 0.812392 -0.739139
v -1.075390 0.812392 -0.739139
v -1.091217 0.812392 -0.731518
v -1.089987 0.820000 -0.726128
v -1.071943 0.820000 -0.734818
v -1.089987 0.820000 -0.726128
v -1.110013 0.820000 -0.726128
v -1.108783 0.827608 -0.731518
v -1.091217 0.827608 -0.731518
v -1.091217 0.827608 -0.731518
v -1.108783 0.827608 -0.731518
v -1.106793 0.824702 -0.740238
v -1.093207 0.824702 -0.740238
v -1.093207 0.824702 -0.740238
v -1.106793 0.824702 -0.740238
v -1.106793 0.815298 -0.740238
v -1.093207 0.815298 -0.740238
v -1.093207 0.815298 -0.740238
v -1.106793 0.815298 -0.740238
v -1.108783 0.812392 -0.731518
v -1.091217 0.812392 -0.731518
v -1.091217 0.812392 -0.731518
v -1.108783 0.812392 -0.731518
v -1.110013 0.820000 -0.726128
v -1.089987 0.820000 -0.726128
v -1.110013 0.820000 -0.726128
v -1.128057 0.820000 -0.734818
v -1.124610 0.827608 -0.739139
v -1.108783 0.827608 -0.731518
v -1.108783 0.827608 -0.731518
v -1.124610 0.827608 -0.739139
v -1.119034 0.824702 -0.746132
v -1.106793 0.824702 -0.740238
v -1.106793 0.824702 -0.740238
v -1.119034 0.824702 -0.746132
v -1.119034 0.815298 -0.746132
v -1.106793 0.815298 -0.740238
v -1.106793 0.815298 -0.740238
v -1.119034 0.815298 -0.746132
v -1.124610 0.812392 -0.739139
v -1.108783 0.812392 -0.731518
v -1.108783 0.812392 -0.731518
v -1.124610 0.812392 -0.739139
v -1.128057 0.820000 -0.734818
v -1.110013 0.820000 -0.726128
v -1.128057 0.820000 -0.734818
v -1.140544 0.820000 -0.750475
v -1.135563 0.827608 -0.752874
v -1.124610 0.827608 -0.739139
v -1.124610 0.827608 -0.739139
v -1.135563 0.827608 -0.752874
v -1.127505 0.824702 -0.756754
v -1.119034 0.824702 -0.746132
v -1.119034 0.824702 -0.746132
v -1.127505 0.824702 -0.756754
v -1.127505 0.815298 -0.756754
v -1.119034 0.815298 -0.746132
v -1.119034 0.815298 -0.746132
v -1.127505 0.815298 -0.756754
v -1.135563 0.812392 -0.752874
v -1.124610 0.812392 -0.739139
v -1.124610 0.812392 -0.739139
v -1.135563 0.812392 -0.752874
v -1.140544 0.820000 -0.750475
v -1.128057 0.820000 -0.734818
v -1.140544 0.820000 -0.750475
v -1.145000 0.820000 -0.770000
v -1.139472 0.827608 -0.770000
v -1.135563 0.827608 -0.752874
v -1.135563 0.827608 -0.752874
v -1.139472 0.827608 -0.770000
v -1.130528 0.824702 -0.770000
v -1.127505 0.824702 -0.756754
v -1.127505 0.824702 -0.756754
v -1.130528 0.824702 -0.770000
v -1.130528 0.815298 -0.770000
v -1.127505 0.815298 -0.756754
v -1.127505 0.815298 -0.756754
v -1.130528 0.815298 -0.770000
v -1.139472 0.812392 -0.770000
v -1.135563 0.812392 -0.752874
v -1.135563 0.812392 -0.752874
v -1.139472 0.812392 -0.770000
v -1.145000 0.820000 -0.770000
v -1.140544 0.820000 -0.750475
v -1.145000 0.820000 -0.770000
v -1.140544 0.820000 -0.789525
v -1.135563 0.827608 -0.787126
v -1.139472 0.827608 -0.770000
v -1.139472 0.827608 -0.770000
v -1.135563 0.827608 -0.787126
v -1.127505 0.824702 -0.783246
v -1.130528 0.824702 -0.770000
v -1.130528 0.824702 -0.770000
v -1.127505 0.824702 -0.783246
v -1.127505 0.815298 -0.783246
v -1.130528 0.815298 -0.770000
v -1.130528 0.815298 -0.770000
v -1.127505 0.815298 -0.783246
v -1.135563 0.812392 -0.787126
v -1.139472 0.812392 -0.770000
v -1.139472 0.812392 -0.770000
v -1.135563 0.812392 -0.787126
v -1.140544 0.820000 -0.789525
v -1.145000 0.820000 -0.770000
v -1.140544 0.820000 -0.789525
v -1.128057 0.820000 -0.805182
v -1.124610 0.827608 -0.800861
v -1.135563 0.827608 -0.787126
v -1.135563 0.827608 -0.787126
v -1.124610 0.827608 -0.800861
v -1.119034 0.824702 -0.793868
v -1.127505 0.824702 -0.783246
v -1.127505 0.824702 -0.783246
v -1.119034 0.824702 -0.793868
v -1.119034 0.815298 -0.793868
v -1.127505 0.815298 -0.783246
v -1.127505 0.815298 -0.783246
v -1.119034 0.815298 -0.793868
v -1.124610 0.812392 -0.800861
v -1.135563 0.812392 -0.787126
v -1.135563 0.812392 -0.787126
v -1.124610 0.812392 -0.800861
v -1.128057 0.820000 -0.805182
v -1.140544 0.820000 -0.789525
v -1.128057 0.820000 -0.805182
v -1.110013 0.820000 -0.813872
v -1.108783 0.827608 -0.808482
v -1.124610 0.827608 -0.800861
v -1.124610 0.827608 -0.800861
v -1.108783 0.827608 -0.808482
v -1.106793 0.824702 -0.799762
v -1.119034 0.824702 -0.793868
v -1.119034 0.824702 -0.793868
v -1.106793 0.824702 -0.799762
v -1.106793 0.815298 -0.799762
v -1.119034 0.815298 -0.793868
v -1.119034 0.815298 -0.793868
v -1.106793 0.815298 -0.799762
v -1.108783 0.812392 -0.808482
v -1.124610 0.812392 -0.800861
v -1.124610 0.812392 -0.800861
v -1.108783 0.812392 -0.808482
v -1.110013 0.820000 -0.813872
v -1.128057 0.820000 -0.805182
v -1.110013 0.820000 -0.813872
v -1.089987 0.820000 -0.813872
v -1.091217 0.827608 -0.808482
v -1.108783 0.827608 -0.808482
v -1.108783 0.827608 -0.808482
v -1.091217 0.827608 -0.808482
v -1.093207 0.824702 -0.799762
v -1.106793 0.824702 -0.799762
v -1.106793 0.824702 -0.799762
v -1.093207 0.824702 -0.799762
v -1.093207 0.815298 -0.799762
v -1.106793 0.815298 -0.799762
v -1.106793 0.815298 -0.799762
v -1.093207 0.815298 -0.799762
v -1.091217 0.812392 -0.808482
v -1.108783 0.812392 -0.808482
v -1.108783 0.812392 -0.808482
v -1.091217 0.812392 -0.808482
v -1.089987 0.820000 -0.813872
v -1.110013 0.820000 -0.813872
v -1.089987 0.820000 -0.813872
v -1.071943 0.820000 -0.805182
v -1.075390 0.827608 -0.800861
v -1.091217 0.827608 -0.808482
v -1.091217 0.827608 -0.808482
v -1.075390 0.827608 -0.800861
v -1.080966 0.824702 -0.793868
v -1.093207 0.824702 -0.799762
v -1.093207 0.824702 -0.799762
v -1.080966 0.824702 -0.793868
v -1.080966 0.815298 -0.793868
v -1.093207 0.815298 -0.799762
v -1.093207 0.815298 -0.799762
v -1.080966 0.815298 -0.793868
v -1.075390 0.812392 -0.800861
v -1.091217 0.812392 -0.808482
v -1.091217 0.812392 -0.808482
v -1.075390 0.812392 -0.800861
v -1.071943 0.820000 -0.805182
v -1.089987 0.820000 -0.813872
v -1.071943 0.820000 -0.805182
v -1.059456 0.820000 -0.789525
v -1.064437 0.827608 -0.787126
v -1.075390 0.827608 -0.800861
v -1.075390 0.827608 -0.800861
v -1.064437 0.827608 -0.787126
v -1.072495 0.824702 -0.783246
v -1.080966 0.824702 -0.793868
v -1.080966 0.824702 -0.793868
v -1.072495 0.824702 -0.783246
v -1.072495 0.815298 -0.783246
v -1.080966 0.815298 -0.793868
v -1.080966 0.815298 -0.793868
v -1.072495 0.815298 -0.783246
v -1.064437 0.812392 -0.787126
v -1.075390 0.812392 -0.800861
v -1.075390 0.812392 -0.800861
v -1.064437 0.812392 -0.787126
v -1.059456 0.820000 -0.789525
v -1.071943 0.820000 -0.805182
v -1.059456 0.820000 -0.789525
v -1.055000 0.820000 -0.770000
v -1.060528 0.827608 -0.770000
v -1.064437 0.827608 -0.787126
v -1.064437 0.827608 -0.787126
v -1.060528 0.827608 -0.770000
v -1.069472 0.824702 -0.770000
v -1.072495 0.824702 -0.783246
v -1.072495 0.824702 -0.783246
v -1.069472 0.824702 -0.770000
v -1.069472 0.815298 -0.770000
v -1.072495 0.815298 -0.783246
v -1.072495 0.815298 -0.783246
v -1.069472 0.815298 -0.770000
v -1.060528 0.812392 -0.770000
v -1.064437 0.812392 -0.787126
v -1.064437 0.812392 -0.787126
v -1.060528 0.812392 -0.770000
v -1.055000 0.820000 -0.770000
v -1.059456 0.820000 -0.789525
v -1.041000 0.814000 -0.770000
v -1.046843 0.814000 -0.744401
v -1.053150 0.821000 -0.747438
v -1.048000 0.821000 -0.770000
v -1.048000 0.821000 -0.770000
v -1.053150 0.821000 -0.747438
v -1.059456 0.814000 -0.750475
v -1.055000 0.814000 -0.770000
v -1.055000 0.814000 -0.770000
v -1.059456 0.814000 -0.750475
v -1.053150 0.807000 -0.747438
v -1.048000 0.807000 -0.770000
v -1.048000 0.807000 -0.770000
v -1.053150 0.807000 -0.747438
v -1.046843 0.814000 -0.744401
v -1.041000 0.814000 -0.770000
v -1.046843 0.814000 -0.744401
v -1.063214 0.814000 -0.723872
v -1.067579 0.821000 -0.729345
v -1.053150 0.821000 -0.747438
v -1.053150 0.821000 -0.747438
v -1.067579 0.821000 -0.729345
v -1.071943 0.814000 -0.734818
v -1.059456 0.814000 -0.750475
v -1.059456 0.814000 -0.750475
v -1.071943 0.814000 -0.734818
v -1.067579 0.807000 -0.729345
v -1.053150 0.807000 -0.747438
v -1.053150 0.807000 -0.747438
v -1.067579 0.807000 -0.729345
v -1.063214 0.814000 -0.723872
v -1.046843 0.814000 -0.744401
v -1.063214 0.814000 -0.723872
v -1.086871 0.814000 -0.712479
v -1.088429 0.821000 -0.719304
v -1.067579 0.821000 -0.729345
v -1.067579 0.821000 -0.729345
v -1.088429 0.821000 -0.719304
v -1.089987 0.814000 -0.726128
v -1.071943 0.814000 -0.734818
v -1.071943 0.814000 -0.734818
v -1.089987 0.814000 -0.726128
v -1.088429 0.807000 -0.719304
v -1.067579 0.807000 -0.729345
v -1.067579 0.807000 -0.729345
v -1.088429 0.807000 -0.719304
v -1.086871 0.814000 -0.712479
v -1.063214 0.814000 -0.723872
v -1.086871 0.814000 -0.712479
v -1.113129 0.814000 -0.712479
v -1.111571 0.821000 -0.719304
v -1.088429 0.821000 -0.719304
v -1.088429 0.821000 -0.719304
v -1.111571 0.821000 -0.719304
v -1.110013 0.814000 -0.726128
v -1.089987 0.814000 -0.726128
v -1.089987 0.814000 -0.726128
v -1.110013 0.814000 -0.726128
v -1.111571 0.807000 -0.719304
v -1.088429 0.807000 -0.719304
v -1.088429 0.807000 -0.719304
v -1.111571 0.807000 -0.719304
v -1.113129 0.814000 -0.712479
v -1.086871 0.814000 -0.712479
v -1.113129 0.814000 -0.712479
v -1.136786 0.814000 -0.723872
v -1.132421 0.821000 -0.729345
v -1.111571 0.821000 -0.719304
v -1.111571 0.821000 -0.719304
v -1.132421 0.821000 -0.729345
v -1.128057 0.814000 -0.734818
v -1.110013 0.814000 -0.726128
v -1.110013 0.814000 -0.726128
v -1.128057 0.814000 -0.734818
v -1.132421 0.807000 -0.729345
v -1.111571 0.807000 -0.719304
v -1.111571 0.807000 -0.719304
v -1.132421 0.807000 -0.729345
v -1.136786 0.814000 -0.723872
v -1.113129 0.814000 -0.712479
v -1.136786 0.814000 -0.723872
v -1.153157 0.814000 -0.744401
v -1.146850 0.821000 -0.747438
v -1.132421 0.821000 -0.729345
v -1.132421 0.821000 -0.729345
v -1.146850 0.821000 -0.747438
v -1.140544 0.814000 -0.750475
v -1.128057 0.814000 -0.734818
v -1.128057 0.814000 -0.734818
v -1.140544 0.814000 -0.750475
v -1.146850 0.807000 -0.747438
v -1.132421 0.807000 -0.729345
v -1.132421 0.807000 -0.729345
v -1.146850 0.807000 -0.747438
v -1.153157 0.814000 -0.744401
v -1.136786 0.814000 -0.723872
v -1.153157 0.814000 -0.744401
v -1.159000 0.814000 -0.770000
v -1.152000 0.821000 -0.770000
v -1.146850 0.821000 -0.747438
v -1.146850 0.821000 -0.747438
v -1.152000 0.821000 -0.770000
v -1.145000 0.814000 -0.770000
v -1.140544 0.814000 -0.750475
v -1.140544 0.814000 -0.750475
v -1.145000 0.814000 -0.770000
v -1.152000 0.807000 -0.770000
v -1.146850 0.807000 -0.747438
v -1.146850 0.807000 -0.747438
v -1.152000 0.807000 -0.770000
v -1.159000 0.814000 -0.770000
v -1.153157 0.814000 -0.744401
v -1.159000 0.814000 -0.770000
v -1.153157 0.814000 -0.795599
v -1.146850 0.821000 -0.792562
v -1.152000 0.821000 -0.770000
v -1.152000 0.821000 -0.770000
v -1.146850 0.821000 -0.792562
v -1.140544 0.814000 -0.789525
v -1.145000 0.814000 -0.770000
v -1.145000 0.814000 -0.770000
v -1.140544 0.814000 -0.789525
v -1.146850 0.807000 -0.792562
v -1.152000 0.807000 -0.770000
v -1.152000 0.807000 -0.770000
v -1.146850 0.807000 -0.792562
v -1.153157 0.814000 -0.795599
v -1.159000 0.814000 -0.770000
v -1.153157 0.814000 -0.795599
v -1.136786 0.814000 -0.816128
v -1.132421 0.821000 -0.810655
v -1.146850 0.821000 -0.792562
v -1.146850 0.821000 -0.792562
v -1.132421 0.821000 -0.810655
v -1.128057 0.814000 -0.805182
v -1.140544 0.814000 -0.789525
v -1.140544 0.814000 -0.789525
v -1.128057 0.814000 -0.805182
v -1.132421 0.807000 -0.810655
v -1.146850 0.807000 -0.792562
v -1.146850 0.807000 -0.792562
v -1.132421 0.807000 -0.810655
v -1.136786 0.814000 -0.816128
v -1.153157 0.814000 -0.795599
v -1.136786 0.814000 -0.816128
v -1.113129 0.814000 -0.827521
v -1.111571 0.821000 -0.820696
v -1.132421 0.821000 -0.810655
v -1.132421 0.821000 -0.810655
v -1.111571 0.821000 -0.820696
v -1.110013 0.814000 -0.813872
v -1.128057 0.814000 -0.805182
v -1.128057 0.814000 -0.805182
v -1.110013 0.814000 -0.813872
v -1.111571 0.807000 -0.820696
v -1.132421 0.807000 -0.810655
v -1.132421 0.807000 -0.810655
v -1.111571 0.807000 -0.820696
v -1.113129 0.814000 -0.827521
v -1.136786 0.814000 -0.816128
v -1.113129 0.814000 -0.827521
v -1.086871 0.814000 -0.827521
v -1.088429 0.821000 -0.820696
v -1.111571 0.821000 -0.820696
v -1.111571 0.821000 -0.820696
v -1.088429 0.821000 -0.820696
v -1.089987 0.814000 -0.813872
v -1.110013 0.814000 -0.813872
v -1.110013 0.814000 -0.813872
v -1.089987 0.814000 -0.813872
v -1.088429 0.807000 -0.820696
v -1.111571 0.807000 -0.820696
v -1.111571 0.807000 -0.820696
v -1.088429 0.807000 -0.820696
v -1.086871 0.814000 -0.827521
v -1.113129 0.814000 -0.827521
v -1.086871 0.814000 -0.827521
v -1.063214 0.814000 -0.816128
v -1.067579 0.821000 -0.810655
v -1.088429 0.821000 -0.820696
v -1.088429 0.821000 -0.820696
v -1.067579 0.821000 -0.810655
v -1.071943 0.814000 -0.805182
v -1.089987 0.814000 -0.813872
v -1.089987 0.814000 -0.813872
v -1.071943 0.814000 -0.805182
v -1.067579 0.807000 -0.810655
v -1.088429 0.807000 -0.820696
v -1.088429 0.807000 -0.820696
v -1.067579 0.807000 -0.810655
v -1.063214 0.814000 -0.816128
v -1.086871 0.814000 -0.827521
v -1.063214 0.814000 -0.816128
v -1.046843 0.814000 -0.795599
v -1.053150 0.821000 -0.792562
v -1.067579 0.821000 -0.810655
v -1.067579 0.821000 -0.810655
v -1.053150 0.821000 -0.792562
v -1.059456 0.814000 -0.789525
v -1.071943 0.814000 -0.805182
v -1.071943 0.814000 -0.805182
v -1.059456 0.814000 -0.789525
v -1.053150 0.807000 -0.792562
v -1.067579 0.807000 -0.810655
v -1.067579 0.807000 -0.810655
v -1.053150 0.807000 -0.792562
v -1.046843 0.814000 -0.795599
v -1.063214 0.814000 -0.816128
v -1.046843 0.814000 -0.795599
v -1.041000 0.814000 -0.770000
v -1.048000 0.821000 -0.770000
v -1.053150 0.821000 -0.792562
v -1.053150 0.821000 -0.792562
v -1.048000 0.821000 -0.770000
v -1.055000 0.814000 -0.770000
v -1.059456 0.814000 -0.789525
v -1.059456 0.814000 -0.789525
v -1.055000 0.814000 -0.770000
v -1.048000 0.807000 -0.770000
v -1.053150 0.807000 -0.792562
v -1.053150 0.807000 -0.792562
v -1.048000 0.807000 -0.770000
v -1.041000 0.814000 -0.770000
v -1.046843 0.814000 -0.795599
v 1.034558 0.740000 -0.696530
v 1.041081 0.743203 -0.697799
v 1.341081 0.033203 -0.947799
v 1.334558 0.030000 -0.946530
v 1.041081 0.743203 -0.697799
v 1.046789 0.743994 -0.693195
v 1.346789 0.033994 -0.943195
v 1.341081 0.033203 -0.947799
v 1.046789 0.743994 -0.693195
v 1.047385 0.741777 -0.686186
v 1.347385 0.031777 -0.936186
v 1.346789 0.033994 -0.943195
v 1.047385 0.741777 -0.686186
v 1.042420 0.738223 -0.682048
v 1.342420 0.028223 -0.932048
v 1.347385 0.031777 -0.936186
v 1.042420 0.738223 -0.682048
v 1.035633 0.736006 -0.683899
v 1.335633 0.026006 -0.933899
v 1.342420 0.028223 -0.932048
v 1.035633 0.736006 -0.683899
v 1.032134 0.736797 -0.690344
v 1.332134 0.026797 -0.940344
v 1.335633 0.026006 -0.933899
v 1.032134 0.736797 -0.690344
v 1.034558 0.740000 -0.696530
v 1.334558 0.030000 -0.946530
v 1.332134 0.026797 -0.940344
v 1.040000 0.740000 -0.690000
v 1.034558 0.740000 -0.696530
v 1.041081 0.743203 -0.697799
v 1.041081 0.743203 -0.697799
v 1.046789 0.743994 -0.693195
v 1.046789 0.743994 -0.693195
v 1.047385 0.741777 -0.686186
v 1.047385 0.741777 -0.686186
v 1.042420 0.738223 -0.682048
v 1.042420 0.738223 -0.682048
v 1.035633 0.736006 -0.683899
v 1.035633 0.736006 -0.683899
v 1.032134 0.736797 -0.690344
v 1.032134 0.736797 -0.690344
v 1.034558 0.740000 -0.696530
v 1.340000 0.030000 -0.940000
v 1.334558 0.030000 -0.946530
v 1.341081 0.033203 -0.947799
v 1.341081 0.033203 -0.947799
v 1.346789 0.033994 -0.943195
v 1.346789 0.033994 -0.943195
v 1.347385 0.031777 -0.936186
v 1.347385 0.031777 -0.936186
v 1.342420 0.028223 -0.932048
v 1.342420 0.028223 -0.932048
v 1.335633 0.026006 -0.933899
v 1.335633 0.026006 -0.933899
v 1.332134 0.026797 -0.940344
v 1.332134 0.026797 -0.940344
v 1.334558 0.030000 -0.946530
v 1.340000 0.010085 -0.923979
v 1.352522 0.010372 -0.930013
v 1.352423 0.120688 -0.928438
v 1.337191 0.120339 -0.921098
v 1.352522 0.010372 -0.930013
v 1.355615 0.010379 -0.943567
v 1.356185 0.120697 -0.944925
v 1.352423 0.120688 -0.928438
v 1.355615 0.010379 -0.943567
v 1.346949 0.010100 -0.954436
v 1.345644 0.120358 -0.958145
v 1.356185 0.120697 -0.944925
v 1.346949 0.010100 -0.954436
v 1.333051 0.009746 -0.954434
v 1.328738 0.119927 -0.958143
v 1.345644 0.120358 -0.958145
v 1.333051 0.009746 -0.954434
v 1.324385 0.009583 -0.943563
v 1.318198 0.119729 -0.944920
v 1.328738 0.119927 -0.958143
v 1.324385 0.009583 -0.943563
v 1.327478 0.009734 -0.930009
v 1.321960 0.119912 -0.928433
v 1.318198 0.119729 -0.944920
v 1.327478 0.009734 -0.930009
v 1.340000 0.010085 -0.923979
v 1.337191 0.120339 -0.921098
v 1.321960 0.119912 -0.928433
v 1.340000 0.010000 -0.940000
v 1.340000 0.010085 -0.923979
v 1.352522 0.010372 -0.930013
v 1.352522 0.010372 -0.930013
v 1.355615 0.010379 -0.943567
v 1.355615 0.010379 -0.943567
v 1.346949 0.010100 -0.954436
v 1.346949 0.010100 -0.954436
v 1.333051 0.009746 -0.954434
v 1.333051 0.009746 -0.954434
v 1.324385 0.009583 -0.943563
v 1.324385 0.009583 -0.943563
v 1.327478 0.009734 -0.930009
v 1.327478 0.009734 -0.930009
v 1.340000 0.010085 -0.923979
v 1.337191 0.120236 -0.940586
v 1.337191 0.120339 -0.921098
v 1.352423 0.120688 -0.928438
v 1.352423 0.120688 -0.928438
v 1.356185 0.120697 -0.944925
v 1.356185 0.120697 -0.944925
v 1.345644 0.120358 -0.958145
v 1.345644 0.120358 -0.958145
v 1.328738 0.119927 -0.958143
v 1.328738 0.119927 -0.958143
v 1.318198 0.119729 -0.944920
v 1.318198 0.119729 -0.944920
v 1.321960 0.119912 -0.928433
v 1.321960 0.119912 -0.928433
v 1.337191 0.120339 -0.921098
v 1.337191 0.118798 -0.924315
v 1.349634 0.116472 -0.930695
v 1.379981 0.235469 -0.918090
v 1.365000 0.238268 -0.910409
v 1.349634 0.116472 -0.930695
v 1.352707 0.116981 -0.944523
v 1.383681 0.236081 -0.934740
v 1.379981 0.235469 -0.918090
v 1.352707 0.116981 -0.944523
v 1.344096 0.119941 -0.955386
v 1.373314 0.239645 -0.947820
v 1.383681 0.236081 -0.934740
v 1.344096 0.119941 -0.955386
v 1.330286 0.123122 -0.955105
v 1.356686 0.243476 -0.947481
v 1.373314 0.239645 -0.947820
v 1.330286 0.123122 -0.955105
v 1.321676 0.124130 -0.943891
v 1.346319 0.244689 -0.933979
v 1.356686 0.243476 -0.947481
v 1.321676 0.124130 -0.943891
v 1.324749 0.122206 -0.930188
v 1.350019 0.242372 -0.917480
v 1.346319 0.244689 -0.933979
v 1.324749 0.122206 -0.930188
v 1.337191 0.118798 -0.924315
v 1.365000 0.238268 -0.910409
v 1.350019 0.242372 -0.917480
v 1.337191 0.120236 -0.940586
v 1.337191 0.118798 -0.924315
v 1.349634 0.116472 -0.930695
v 1.349634 0.116472 -0.930695
v 1.352707 0.116981 -0.944523
v 1.352707 0.116981 -0.944523
v 1.344096 0.119941 -0.955386
v 1.344096 0.119941 -0.955386
v 1.330286 0.123122 -0.955105
v 1.330286 0.123122 -0.955105
v 1.321676 0.124130 -0.943891
v 1.321676 0.124130 -0.943891
v 1.324749 0.122206 -0.930188
v 1.324749 0.122206 -0.930188
v 1.337191 0.118798 -0.924315
v 1.365000 0.240000 -0.930000
v 1.365000 0.238268 -0.910409
v 1.379981 0.235469 -0.918090
v 1.379981 0.235469 -0.918090
v 1.383681 0.236081 -0.934740
v 1.383681 0.236081 -0.934740
v 1.373314 0.239645 -0.947820
v 1.373314 0.239645 -0.947820
v 1.356686 0.243476 -0.947481
v 1.356686 0.243476 -0.947481
v 1.346319 0.244689 -0.933979
v 1.346319 0.244689 -0.933979
v 1.350019 0.242372 -0.917480
v 1.350019 0.242372 -0.917480
v 1.365000 0.238268 -0.910409
v 1.085000 0.740000 -0.690000
v 1.080544 0.740000 -0.670475
v 1.075563 0.747608 -0.672874
v 1.079472 0.747608 -0.690000
v 1.079472 0.747608 -0.690000
v 1.075563 0.747608 -0.672874
v 1.067505 0.744702 -0.676754
v 1.070528 0.744702 -0.690000
v 1.070528 0.744702 -0.690000
v 1.067505 0.744702 -0.676754
v 1.067505 0.735298 -0.676754
v 1.070528 0.735298 -0.690000
v 1.070528 0.735298 -0.690000
v 1.067505 0.735298 -0.676754
v 1.075563 0.732392 -0.672874
v 1.079472 0.732392 -0.690000
v 1.079472 0.732392 -0.690000
v 1.075563 0.732392 -0.672874
v 1.080544 0.740000 -0.670475
v 1.085000 0.740000 -0.690000
v 1.080544 0.740000 -0.670475
v 1.068057 0.740000 -0.654818
v 1.064610 0.747608 -0.659139
v 1.075563 0.747608 -0.672874
v 1.075563 0.747608 -0.672874
v 1.064610 0.747608 -0.659139
v 1.059034 0.744702 -0.666132
v 1.067505 0.744702 -0.676754
v 1.067505 0.744702 -0.676754
v 1.059034 0.744702 -0.666132
v 1.059034 0.735298 -0.666132
v 1.067505 0.735298 -0.676754
v 1.067505 0.735298 -0.676754
v 1.059034 0.735298 -0.666132
v 1.064610 0.732392 -0.659139
v 1.075563 0.732392 -0.672874
v 1.075563 0.732392 -0.672874
v 1.064610 0.732392 -0.659139
v 1.068057 0.740000 -0.654818
v 1.080544 0.740000 -0.670475
v 1.068057 0.740000 -0.654818
v 1.050013 0.740000 -0.646128
v 1.048783 0.747608 -0.651518
v 1.064610 0.747608 -0.659139
v 1.064610 0.747608 -0.659139
v 1.048783 0.747608 -0.651518
v 1.046793 0.744702 -0.660238
v 1.059034 0.744702 -0.666132
v 1.059034 0.744702 -0.666132
v 1.046793 0.744702 -0.660238
v 1.046793 0.735298 -0.660238
v 1.059034 0.735298 -0.666132
v 1.059034 0.735298 -0.666132
v 1.046793 0.735298 -0.660238
v 1.048783 0.732392 -0.651518
v 1.064610 0.732392 -0.659139
v 1.064610 0.732392 -0.659139
v 1.048783 0.732392 -0.651518
v 1.050013 0.740000 -0.646128
v 1.068057 0.740000 -0.654818
v 1.050013 0.740000 -0.646128
v 1.029987 0.740000 -0.646128
v 1.031217 0.747608 -0.651518
v 1.048783 0.747608 -0.651518
v 1.048783 0.747608 -0.651518
v 1.031217 0.747608 -0.651518
v 1.033207 0.744702 -0.660238
v 1.046793 0.744702 -0.660238
v 1.046793 0.744702 -0.660238
v 1.033207 0.744702 -0.660238
v 1.033207 0.735298 -0.660238
v 1.046793 0.735298 -0.660238
v 1.046793 0.735298 -0.660238
v 1.033207 0.735298 -0.660238
v 1.031217 0.732392 -0.651518
v 1.048783 0.732392 -0.651518
v 1.048783 0.732392 -0.651518
v 1.031217 0.732392 -0.651518
v 1.029987 0.740000 -0.646128
v 1.050013 0.740000 -0.646128
v 1.029987 0.740000 -0.646128
v 1.011943 0.740000 -0.654818
v 1.015390 0.747608 -0.659139
v 1.031217 0.747608 -0.651518
v 1.031217 0.747608 -0.651518
v 1.015390 0.747608 -0.659139
v 1.020966 0.744702 -0.666132
v 1.033207 0.744702 -0.660238
v 1.033207 0.744702 -0.660238
v 1.020966 0.744702 -0.666132
v 1.020966 0.735298 -0.666132
v 1.033207 0.735298 -0.660238
v 1.033207 0.735298 -0.660238
v 1.020966 0.735298 -0.666132
v 1.015390 0.732392 -0.659139
v 1.031217 0.732392 -0.651518
v 1.031217 0.732392 -0.651518
v 1.015390 0.732392 -0.659139
v 1.011943 0.740000 -0.654818
v 1.029987 0.740000 -0.646128
v 1.011943 0.740000 -0.654818
v 0.999456 0.740000 -0.670475
v 1.004437 0.747608 -0.672874
v 1.015390 0.747608 -0.659139
v 1.015390 0.747608 -0.659139
v 1.004437 0.747608 -0.672874
v 1.012495 0.744702 -0.676754
v 1.020966 0.744702 -0.666132
v 1.020966 0.744702 -0.666132
v 1.012495 0.744702 -0.676754
v 1.012495 0.735298 -0.676754
v 1.020966 0.735298 -0.666132
v 1.020966 0.735298 -0.666132
v 1.012495 0.735298 -0.676754
v 1.004437 0.732392 -0.672874
v 1.015390 0.732392 -0.659139
v 1.015390 0.732392 -0.659139
v 1.004437 0.732392 -0.672874
v 0.999456 0.740000 -0.670475
v 1.011943 0.740000 -0.654818
v 0.999456 0.740000 -0.670475
v 0.995000 0.740000 -0.690000
v 1.000528 0.747608 -0.690000
v 1.004437 0.747608 -0.672874
v 1.004437 0.747608 -0.672874
v 1.000528 0.747608 -0.690000
v 1.009472 0.744702 -0.690000
v 1.012495 0.744702 -0.676754
v 1.012495 0.744702 -0.676754
v 1.009472 0.744702 -0.690000
v 1.009472 0.735298 -0.690000
v 1.012495 0.735298 -0.676754
v 1.012495 0.735298 -0.676754
v 1.009472 0.735298 -0.690000
v 1.000528 0.732392 -0.690000
v 1.004437 0.732392 -0.672874
v 1.004437 0.732392 -0.672874
v 1.000528 0.732392 -0.690000
v 0.995000 0.740000 -0.690000
v 0.999456 0.740000 -0.670475
v 0.995000 0.740000 -0.690000
v 0.999456 0.740000 -0.709525
v 1.004437 0.747608 -0.707126
v 1.000528 0.747608 -0.690000
v 1.000528 0.747608 -0.690000
v 1.004437 0.747608 -0.707126
v 1.012495 0.744702 -0.703246
v 1.009472 0.744702 -0.690000
v 1.009472 0.744702 -0.690000
v 1.012495 0.744702 -0.703246
v 1.012495 0.735298 -0.703246
v 1.009472 0.735298 -0.690000
v 1.009472 0.735298 -0.690000
v 1.012495 0.735298 -0.703246
v 1.004437 0.732392 -0.707126
v 1.000528 0.732392 -0.690000
v 1.000528 0.732392 -0.690000
v 1.004437 0.732392 -0.707126
v 0.999456 0.740000 -0.709525
v 0.995000 0.740000 -0.690000
v 0.999456 0.740000 -0.709525
v 1.011943 0.740000 -0.725182
v 1.015390 0.747608 -0.720861
v 1.004437 0.747608 -0.707126
v 1.004437 0.747608 -0.707126
v 1.015390 0.747608 -0.720861
v 1.020966 0.744702 -0.713868
v 1.012495 0.744702 -0.703246
v 1.012495 0.744702 -0.703246
v 1.020966 0.744702 -0.713868
v 1.020966 0.735298 -0.713868
v 1.012495 0.735298 -0.703246
v 1.012495 0.735298 -0.703246
v 1.020966 0.735298 -0.713868
v 1.015390 0.732392 -0.720861
v 1.004437 0.732392 -0.707126
v 1.004437 0.732392 -0.707126
v 1.015390 0.732392 -0.720861
v 1.011943 0.740000 -0.725182
v 0.999456 0.740000 -0.709525
v 1.011943 0.740000 -0.725182
v 1.029987 0.740000 -0.733872
v 1.031217 0.747608 -0.728482
v 1.015390 0.747608 -0.720861
v 1.015390 0.747608 -0.720861
v 1.031217 0.747608 -0.728482
v 1.033207 0.744702 -0.719762
v 1.020966 0.744702 -0.713868
v 1.020966 0.744702 -0.713868
v 1.033207 0.744702 -0.719762
v 1.033207 0.735298 -0.719762
v 1.020966 0.735298 -0.713868
v 1.020966 0.735298 -0.713868
v 1.033207 0.735298 -0.719762
v 1.031217 0.732392 -0.728482
v 1.015390 0.732392 -0.720861
v 1.015390 0.732392 -0.720861
v 1.031217 0.732392 -0.728482
v 1.029987 0.740000 -0.733872
v 1.011943 0.740000 -0.725182
v 1.029987 0.740000 -0.733872
v 1.050013 0.740000 -0.733872
v 1.048783 0.747608 -0.728482
v 1.031217 0.747608 -0.728482
v 1.031217 0.747608 -0.728482
v 1.048783 0.747608 -0.728482
v 1.046793 0.744702 -0.719762
v 1.033207 0.744702 -0.719762
v 1.033207 0.744702 -0.719762
v 1.046793 0.744702 -0.719762
v 1.046793 0.735298 -0.719762
v 1.033207 0.735298 -0.719762
v 1.033207 0.735298 -0.719762
v 1.046793 0.735298 -0.719762
v 1.048783 0.732392 -0.728482
v 1.031217 0.732392 -0.728482
v 1.031217 0.732392 -0.728482
v 1.048783 0.732392 -0.728482
v 1.050013 0.740000 -0.733872
v 1.029987 0.740000 -0.733872
v 1.050013 0.740000 -0.733872
v 1.068057 0.740000 -0.725182
v 1.064610 0.747608 -0.720861
v 1.048783 0.747608 -0.728482
v 1.048783 0.747608 -0.728482
v 1.064610 0.747608 -0.720861
v 1.059034 0.744702 -0.713868
v 1.046793 0.744702 -0.719762
v 1.046793 0.744702 -0.719762
v 1.059034 0.744702 -0.713868
v 1.059034 0.735298 -0.713868
v 1.046793 0.735298 -0.719762
v 1.046793 0.735298 -0.719762
v 1.059034 0.735298 -0.713868
v 1.064610 0.732392 -0.720861
v 1.048783 0.732392 -0.728482
v 1.048783 0.732392 -0.728482
v 1.064610 0.732392 -0.720861
v 1.068057 0.740000 -0.725182
v 1.050013 0.740000 -0.733872
v 1.068057 0.740000 -0.725182
v 1.080544 0.740000 -0.709525
v 1.075563 0.747608 -0.707126
v 1.064610 0.747608 -0.720861
v 1.064610 0.747608 -0.720861
v 1.075563 0.747608 -0.707126
v 1.067505 0.744702 -0.703246
v 1.059034 0.744702 -0.713868
v 1.059034 0.744702 -0.713868
v 1.067505 0.744702 -0.703246
v 1.067505 0.735298 -0.703246
v 1.059034 0.735298 -0.713868
v 1.059034 0.735298 -0.713868
v 1.067505 0.735298 -0.703246
v 1.075563 0.732392 -0.707126
v 1.064610 0.732392 -0.720861
v 1.064610 0.732392 -0.720861
v 1.075563 0.732392 -0.707126
v 1.080544 0.740000 -0.709525
v 1.068057 0.740000 -0.725182
v 1.080544 0.740000 -0.709525
v 1.085000 0.740000 -0.690000
v 1.079472 0.747608 -0.690000
v 1.075563 0.747608 -0.707126
v 1.075563 0.747608 -0.707126
v 1.079472 0.747608 -0.690000
v 1.070528 0.744702 -0.690000
v 1.067505 0.744702 -0.703246
v 1.067505 0.744702 -0.703246
v 1.070528 0.744702 -0.690000
v 1.070528 0.735298 -0.690000
v 1.067505 0.735298 -0.703246
v 1.067505 0.735298 -0.703246
v 1.070528 0.735298 -0.690000
v 1.079472 0.732392 -0.690000
v 1.075563 0.732392 -0.707126
v 1.075563 0.732392 -0.707126
v 1.079472 0.732392 -0.690000
v 1.085000 0.740000 -0.690000
v 1.080544 0.740000 -0.709525
v 1.099000 0.734000 -0.690000
v 1.093157 0.734000 -0.664401
v 1.086850 0.741000 -0.667438
v 1.092000 0.741000 -0.690000
v 1.092000 0.741000 -0.690000
v 1.086850 0.741000 -0.667438
v 1.080544 0.734000 -0.670475
v 1.085000 0.734000 -0.690000
v 1.085000 0.734000 -0.690000
v 1.080544 0.734000 -0.670475
v 1.086850 0.727000 -0.667438
v 1.092000 0.727000 -0.690000
v 1.092000 0.727000 -0.690000
v 1.086850 0.727000 -0.667438
v 1.093157 0.734000 -0.664401
v 1.099000 0.734000 -0.690000
v 1.093157 0.734000 -0.664401
v 1.076786 0.734000 -0.643872
v 1.072421 0.741000 -0.649345
v 1.086850 0.741000 -0.667438
v 1.086850 0.741000 -0.667438
v 1.072421 0.741000 -0.649345
v 1.068057 0.734000 -0.654818
v 1.080544 0.734000 -0.670475
v 1.080544 0.734000 -0.670475
v 1.068057 0.734000 -0.654818
v 1.072421 0.727000 -0.649345
v 1.086850 0.727000 -0.667438
v 1.086850 0.727000 -0.667438
v 1.072421 0.727000 -0.649345
v 1.076786 0.734000 -0.643872
v 1.093157 0.734000 -0.664401
v 1.076786 0.734000 -0.643872
v 1.053129 0.734000 -0.632479
v 1.051571 0.741000 -0.639304
v 1.072421 0.741000 -0.649345
v 1.072421 0.741000 -0.649345
v 1.051571 0.741000 -0.639304
v 1.050013 0.734000 -0.646128
v 1.068057 0.734000 -0.654818
v 1.068057 0.734000 -0.654818
v 1.050013 0.734000 -0.646128
v 1.051571 0.727000 -0.639304
v 1.072421 0.727000 -0.649345
v 1.072421 0.727000 -0.649345
v 1.051571 0.727000 -0.639304
v 1.053129 0.734000 -0.632479
v 1.076786 0.734000 -0.643872
v 1.053129 0.734000 -0.632479
v 1.026871 0.734000 -0.632479
v 1.028429 0.741000 -0.639304
v 1.051571 0.741000 -0.639304
v 1.051571 0.741000 -0.639304
v 1.028429 0.741000 -0.639304
v 1.029987 0.734000 -0.646128
v 1.050013 0.734000 -0.646128
v 1.050013 0.734000 -0.646128
v 1.029987 0.734000 -0.646128
v 1.028429 0.727000 -0.639304
v 1.051571 0.727000 -0.639304
v 1.051571 0.727000 -0.639304
v 1.028429 0.727000 -0.639304
v 1.026871 0.734000 -0.632479
v 1.053129 0.734000 -0.632479
v 1.026871 0.734000 -0.632479
v 1.003214 0.734000 -0.643872
v 1.007579 0.741000 -0.649345
v 1.028429 0.741000 -0.639304
v 1.028429 0.741000 -0.639304
v 1.007579 0.741000 -0.649345
v 1.011943 0.734000 -0.654818
v 1.029987 0.734000 -0.646128
v 1.029987 0.734000 -0.646128
v 1.011943 0.734000 -0.654818
v 1.007579 0.727000 -0.649345
v 1.028429 0.727000 -0.639304
v 1.028429 0.727000 -0.639304
v 1.007579 0.727000 -0.649345
v 1.003214 0.734000 -0.643872
v 1.026871 0.734000 -0.632479
v 1.003214 0.734000 -0.643872
v 0.986843 0.734000 -0.664401
v 0.993150 0.741000 -0.667438
v 1.007579 0.741000 -0.649345
v 1.007579 0.741000 -0.649345
v 0.993150 0.741000 -0.667438
v 0.999456 0.734000 -0.670475
v 1.011943 0.734000 -0.654818
v 1.011943 0.734000 -0.654818
v 0.999456 0.734000 -0.670475
v 0.993150 0.727000 -0.667438
v 1.007579 0.727000 -0.649345
v 1.007579 0.727000 -0.649345
v 0.993150 0.727000 -0.667438
v 0.986843 0.734000 -0.664401
v 1.003214 0.734000 -0.643872
v 0.986843 0.734000 -0.664401
v 0.981000 0.734000 -0.690000
v 0.988000 0.741000 -0.690000
v 0.993150 0.741000 -0.667438
v 0.993150 0.741000 -0.667438
v 0.988000 0.741000 -0.690000
v 0.995000 0.734000 -0.690000
v 0.999456 0.734000 -0.670475
v 0.999456 0.734000 -0.670475
v 0.995000 0.734000 -0.690000
v 0.988000 0.727000 -0.690000
v 0.993150 0.727000 -0.667438
v 0.993150 0.727000 -0.667438
v 0.988000 0.727000 -0.690000
v 0.981000 0.734000 -0.690000
v 0.986843 0.734000 -0.664401
v 0.981000 0.734000 -0.690000
v 0.986843 0.734000 -0.715599
v 0.993150 0.741000 -0.712562
v 0.988000 0.741000 -0.690000
v 0.988000 0.741000 -0.690000
v 0.993150 0.741000 -0.712562
v 0.999456 0.734000 -0.709525
v 0.995000 0.734000 -0.690000
v 0.995000 0.734000 -0.690000
v 0.999456 0.734000 -0.709525
v 0.993150 0.727000 -0.712562
v 0.988000 0.727000 -0.690000
v 0.988000 0.727000 -0.690000
v 0.993150 0.727000 -0.712562
v 0.986843 0.734000 -0.715599
v 0.981000 0.734000 -0.690000
v 0.986843 0.734000 -0.715599
v 1.003214 0.734000 -0.736128
v 1.007579 0.741000 -0.730655
v 0.993150 0.741000 -0.712562
v 0.993150 0.741000 -0.712562
v 1.007579 0.741000 -0.730655
v 1.011943 0.734000 -0.725182
v 0.999456 0.734000 -0.709525
v 0.999456 0.734000 -0.709525
v 1.011943 0.734000 -0.725182
v 1.007579 0.727000 -0.730655
v 0.993150 0.727000 -0.712562
v 0.993150 0.727000 -0.712562
v 1.007579 0.727000 -0.730655
v 1.003214 0.734000 -0.736128
v 0.986843 0.734000 -0.715599
v 1.003214 0.734000 -0.736128
v 1.026871 0.734000 -0.747521
v 1.028429 0.741000 -0.740696
v 1.007579 0.741000 -0.730655
v 1.007579 0.741000 -0.730655
v 1.028429 0.741000 -0.740696
v 1.029987 0.734000 -0.733872
v 1.011943 0.734000 -0.725182
v 1.011943 0.734000 -0.725182
v 1.029987 0.734000 -0.733872
v 1.028429 0.727000 -0.740696
v 1.007579 0.727000 -0.730655
v 1.007579 0.727000 -0.730655
v 1.028429 0.727000 -0.740696
v 1.026871 0.734000 -0.747521
v 1.003214 0.734000 -0.736128
v 1.026871 0.734000 -0.747521
v 1.053129 0.734000 -0.747521
v 1.051571 0.741000 -0.740696
v 1.028429 0.741000 -0.740696
v 1.028429 0.741000 -0.740696
v 1.051571 0.741000 -0.740696
v 1.050013 0.734000 -0.733872
v 1.029987 0.734000 -0.733872
v 1.029987 0.734000 -0.733872
v 1.050013 0.734000 -0.733872
v 1.051571 0.727000 -0.740696
v 1.028429 0.727000 -0.740696
v 1.028429 0.727000 -0.740696
v 1.051571 0.727000 -0.740696
v 1.053129 0.734000 -0.747521
v 1.026871 0.734000 -0.747521
v 1.053129 0.734000 -0.747521
v 1.076786 0.734000 -0.736128
v 1.072421 0.741000 -0.730655
v 1.051571 0.741000 -0.740696
v 1.051571 0.741000 -0.740696
v 1.072421 0.741000 -0.730655
v 1.068057 0.734000 -0.725182
v 1.050013 0.734000 -0.733872
v 1.050013 0.734000 -0.733872
v 1.068057 0.734000 -0.725182
v 1.072421 0.727000 -0.730655
v 1.051571 0.727000 -0.740696
v 1.051571 0.727000 -0.740696
v 1.072421 0.727000 -0.730655
v 1.076786 0.734000 -0.736128
v 1.053129 0.734000 -0.747521
v 1.076786 0.734000 -0.736128
v 1.093157 0.734000 -0.715599
v 1.086850 0.741000 -0.712562
v 1.072421 0.741000 -0.730655
v 1.072421 0.741000 -0.730655
v 1.086850 0.741000 -0.712562
v 1.080544 0.734000 -0.709525
v 1.068057 0.734000 -0.725182
v 1.068057 0.734000 -0.725182
v 1.080544 0.734000 -0.709525
v 1.086850 0.727000 -0.712562
v 1.072421 0.727000 -0.730655
v 1.072421 0.727000 -0.730655
v 1.086850 0.727000 -0.712562
v 1.093157 0.734000 -0.715599
v 1.076786 0.734000 -0.736128
v 1.093157 0.734000 -0.715599
v 1.099000 0.734000 -0.690000
v 1.092000 0.741000 -0.690000
v 1.086850 0.741000 -0.712562
v 1.086850 0.741000 -0.712562
v 1.092000 0.741000 -0.690000
v 1.085000 0.734000 -0.690000
v 1.080544 0.734000 -0.709525
v 1.080544 0.734000 -0.709525
v 1.085000 0.734000 -0.690000
v 1.092000 0.727000 -0.690000
v 1.086850 0.727000 -0.712562
v 1.086850 0.727000 -0.712562
v 1.092000 0.727000 -0.690000
v 1.099000 0.734000 -0.690000
v 1.093157 0.734000 -0.715599
v 1.005203 0.710000 0.793279
v 1.007797 0.713319 0.799334
v 1.317797 0.033319 1.039334
v 1.315203 0.030000 1.033279
v 1.007797 0.713319 0.799334
v 1.004519 0.714139 0.805890
v 1.314519 0.034139 1.045890
v 1.317797 0.033319 1.039334
v 1.004519 0.714139 0.805890
v 0.997838 0.711842 0.808011
v 1.307838 0.031842 1.048011
v 1.314519 0.034139 1.045890
v 0.997838 0.711842 0.808011
v 0.992785 0.708158 0.804100
v 1.302785 0.028158 1.044100
v 1.307838 0.031842 1.048011
v 0.992785 0.708158 0.804100
v 0.993165 0.705861 0.797101
v 1.303165 0.025861 1.037101
v 1.302785 0.028158 1.044100
v 0.993165 0.705861 0.797101
v 0.998692 0.706681 0.792285
v 1.308692 0.026681 1.032285
v 1.303165 0.025861 1.037101
v 0.998692 0.706681 0.792285
v 1.005203 0.710000 0.793279
v 1.315203 0.030000 1.033279
v 1.308692 0.026681 1.032285
v 1.000000 0.710000 0.800000
v 1.005203 0.710000 0.793279
v 1.007797 0.713319 0.799334
v 1.007797 0.713319 0.799334
v 1.004519 0.714139 0.805890
v 1.004519 0.714139 0.805890
v 0.997838 0.711842 0.808011
v 0.997838 0.711842 0.808011
v 0.992785 0.708158 0.804100
v 0.992785 0.708158 0.804100
v 0.993165 0.705861 0.797101
v 0.993165 0.705861 0.797101
v 0.998692 0.706681 0.792285
v 0.998692 0.706681 0.792285
v 1.005203 0.710000 0.793279
v 1.310000 0.030000 1.040000
v 1.315203 0.030000 1.033279
v 1.317797 0.033319 1.039334
v 1.317797 0.033319 1.039334
v 1.314519 0.034139 1.045890
v 1.314519 0.034139 1.045890
v 1.307838 0.031842 1.048011
v 1.307838 0.031842 1.048011
v 1.302785 0.028158 1.044100
v 1.302785 0.028158 1.044100
v 1.303165 0.025861 1.037101
v 1.303165 0.025861 1.037101
v 1.308692 0.026681 1.032285
v 1.308692 0.026681 1.032285
v 1.315203 0.030000 1.033279
v 1.310000 0.007786 1.059447
v 1.325087 0.011164 1.052415
v 1.305496 0.125102 1.065279
v 1.290538 0.121754 1.072251
v 1.325087 0.011164 1.052415
v 1.328813 0.013665 1.036034
v 1.309190 0.127582 1.049038
v 1.305496 0.125102 1.065279
v 1.328813 0.013665 1.036034
v 1.318373 0.013406 1.022639
v 1.298839 0.127326 1.035759
v 1.309190 0.127582 1.049038
v 1.318373 0.013406 1.022639
v 1.301627 0.010583 1.022318
v 1.282237 0.124527 1.035440
v 1.298839 0.127326 1.035759
v 1.301627 0.010583 1.022318
v 1.291187 0.007321 1.035312
v 1.271886 0.121292 1.048322
v 1.282237 0.124527 1.035440
v 1.291187 0.007321 1.035312
v 1.294913 0.006076 1.051836
v 1.275581 0.120058 1.064705
v 1.271886 0.121292 1.048322
v 1.294913 0.006076 1.051836
v 1.310000 0.007786 1.059447
v 1.290538 0.121754 1.072251
v 1.275581 0.120058 1.064705
v 1.310000 0.010000 1.040000
v 1.310000 0.007786 1.059447
v 1.325087 0.011164 1.052415
v 1.325087 0.011164 1.052415
v 1.328813 0.013665 1.036034
v 1.328813 0.013665 1.036034
v 1.318373 0.013406 1.022639
v 1.318373 0.013406 1.022639
v 1.301627 0.010583 1.022318
v 1.301627 0.010583 1.022318
v 1.291187 0.007321 1.035312
v 1.291187 0.007321 1.035312
v 1.294913 0.006076 1.051836
v 1.294913 0.006076 1.051836
v 1.310000 0.007786 1.059447
v 1.290538 0.123949 1.052971
v 1.290538 0.121754 1.072251
v 1.305496 0.125102 1.065279
v 1.305496 0.125102 1.065279
v 1.309190 0.127582 1.049038
v 1.309190 0.127582 1.049038
v 1.298839 0.127326 1.035759
v 1.298839 0.127326 1.035759
v 1.282237 0.124527 1.035440
v 1.282237 0.124527 1.035440
v 1.271886 0.121292 1.048322
v 1.271886 0.121292 1.048322
v 1.275581 0.120058 1.064705
v 1.275581 0.120058 1.064705
v 1.290538 0.121754 1.072251
v 1.290538 0.127337 1.068716
v 1.303130 0.126117 1.062776
v 1.302947 0.242229 1.038082
v 1.290000 0.243484 1.044190
v 1.303130 0.126117 1.062776
v 1.306240 0.123265 1.049452
v 1.306145 0.239296 1.024382
v 1.302947 0.242229 1.038082
v 1.306240 0.123265 1.049452
v 1.297526 0.120927 1.038778
v 1.297185 0.236893 1.013407
v 1.306145 0.239296 1.024382
v 1.297526 0.120927 1.038778
v 1.283550 0.120865 1.038791
v 1.282815 0.236830 1.013420
v 1.297185 0.236893 1.013407
v 1.283550 0.120865 1.038791
v 1.274836 0.123125 1.049482
v 1.273855 0.239153 1.024413
v 1.282815 0.236830 1.013420
v 1.274836 0.123125 1.049482
v 1.277946 0.126005 1.062800
v 1.277053 0.242115 1.038107
v 1.273855 0.239153 1.024413
v 1.277946 0.126005 1.062800
v 1.290538 0.127337 1.068716
v 1.290000 0.243484 1.044190
v 1.277053 0.242115 1.038107
v 1.290538 0.123949 1.052971
v 1.290538 0.127337 1.068716
v 1.303130 0.126117 1.062776
v 1.303130 0.126117 1.062776
v 1.306240 0.123265 1.049452
v 1.306240 0.123265 1.049452
v 1.297526 0.120927 1.038778
v 1.297526 0.120927 1.038778
v 1.283550 0.120865 1.038791
v 1.283550 0.120865 1.038791
v 1.274836 0.123125 1.049482
v 1.274836 0.123125 1.049482
v 1.277946 0.126005 1.062800
v 1.277946 0.126005 1.062800
v 1.290538 0.127337 1.068716
v 1.290000 0.240000 1.028000
v 1.290000 0.243484 1.044190
v 1.302947 0.242229 1.038082
v 1.302947 0.242229 1.038082
v 1.306145 0.239296 1.024382
v 1.306145 0.239296 1.024382
v 1.297185 0.236893 1.013407
v 1.297185 0.236893 1.013407
v 1.282815 0.236830 1.013420
v 1.282815 0.236830 1.013420
v 1.273855 0.239153 1.024413
v 1.273855 0.239153 1.024413
v 1.277053 0.242115 1.038107
v 1.277053 0.242115 1.038107
v 1.290000 0.243484 1.044190
v 1.045000 0.710000 0.800000
v 1.040544 0.710000 0.819525
v 1.035563 0.717608 0.817126
v 1.039472 0.717608 0.800000
v 1.039472 0.717608 0.800000
v 1.035563 0.717608 0.817126
v 1.027505 0.714702 0.813246
v 1.030528 0.714702 0.800000
v 1.030528 0.714702 0.800000
v 1.027505 0.714702 0.813246
v 1.027505 0.705298 0.813246
v 1.030528 0.705298 0.800000
v 1.030528 0.705298 0.800000
v 1.027505 0.705298 0.813246
v 1.035563 0.702392 0.817126
v 1.039472 0.702392 0.800000
v 1.039472 0.702392 0.800000
v 1.035563 0.702392 0.817126
v 1.040544 0.710000 0.819525
v 1.045000 0.710000 0.800000
v 1.040544 0.710000 0.819525
v 1.028057 0.710000 0.835182
v 1.024610 0.717608 0.830861
v 1.035563 0.717608 0.817126
v 1.035563 0.717608 0.817126
v 1.024610 0.717608 0.830861
v 1.019034 0.714702 0.823868
v 1.027505 0.714702 0.813246
v 1.027505 0.714702 0.813246
v 1.019034 0.714702 0.823868
v 1.019034 0.705298 0.823868
v 1.027505 0.705298 0.813246
v 1.027505 0.705298 0.813246
v 1.019034 0.705298 0.823868
v 1.024610 0.702392 0.830861
v 1.035563 0.702392 0.817126
v 1.035563 0.702392 0.817126
v 1.024610 0.702392 0.830861
v 1.028057 0.710000 0.835182
v 1.040544 0.710000 0.819525
v 1.028057 0.710000 0.835182
v 1.010013 0.710000 0.843872
v 1.008783 0.717608 0.838482
v 1.024610 0.717608 0.830861
v 1.024610 0.717608 0.830861
v 1.008783 0.717608 0.838482
v 1.006793 0.714702 0.829762
v 1.019034 0.714702 0.823868
v 1.019034 0.714702 0.823868
v 1.006793 0.714702 0.829762
v 1.006793 0.705298 0.829762
v 1.019034 0.705298 0.823868
v 1.019034 0.705298 0.823868
v 1.006793 0.705298 0.829762
v 1.008783 0.702392 0.838482
v 1.024610 0.702392 0.830861
v 1.024610 0.702392 0.830861
v 1.008783 0.702392 0.838482
v 1.010013 0.710000 0.843872
v 1.028057 0.710000 0.835182
v 1.010013 0.710000 0.843872
v 0.989987 0.710000 0.843872
v 0.991217 0.717608 0.838482
v 1.008783 0.717608 0.838482
v 1.008783 0.717608 0.838482
v 0.991217 0.717608 0.838482
v 0.993207 0.714702 0.829762
v 1.006793 0.714702 0.829762
v 1.006793 0.714702 0.829762
v 0.993207 0.714702 0.829762
v 0.993207 0.705298 0.829762
v 1.006793 0.705298 0.829762
v 1.006793 0.705298 0.829762
v 0.993207 0.705298 0.829762
v 0.991217 0.702392 0.838482
v 1.008783 0.702392 0.838482
v 1.008783 0.702392 0.838482
v 0.991217 0.702392 0.838482
v 0.989987 0.710000 0.843872
v 1.010013 0.710000 0.843872
v 0.989987 0.710000 0.843872
v 0.971943 0.710000 0.835182
v 0.975390 0.717608 0.830861
v 0.991217 0.717608 0.838482
v 0.991217 0.717608 0.838482
v 0.975390 0.717608 0.830861
v 0.980966 0.714702 0.823868
v 0.993207 0.714702 0.829762
v 0.993207 0.714702 0.829762
v 0.980966 0.714702 0.823868
v 0.980966 0.705298 0.823868
v 0.993207 0.705298 0.829762
v 0.993207 0.705298 0.829762
v 0.980966 0.705298 0.823868
v 0.975390 0.702392 0.830861
v 0.991217 0.702392 0.838482
v 0.991217 0.702392 0.838482
v 0.975390 0.702392 0.830861
v 0.971943 0.710000 0.835182
v 0.989987 0.710000 0.843872
v 0.971943 0.710000 0.835182
v 0.959456 0.710000 0.819525
v 0.964437 0.717608 0.817126
v 0.975390 0.717608 0.830861
v 0.975390 0.717608 0.830861
v 0.964437 0.717608 0.817126
v 0.972495 0.714702 0.813246
v 0.980966 0.714702 0.823868
v 0.980966 0.714702 0.823868
v 0.972495 0.714702 0.813246
v 0.972495 0.705298 0.813246
v 0.980966 0.705298 0.823868
v 0.980966 0.705298 0.823868
v 0.972495 0.705298 0.813246
v 0.964437 0.702392 0.817126
v 0.975390 0.702392 0.830861
v 0.975390 0.702392 0.830861
v 0.964437 0.702392 0.817126
v 0.959456 0.710000 0.819525
v 0.971943 0.710000 0.835182
v 0.959456 0.710000 0.819525
v 0.955000 0.710000 0.800000
v 0.960528 0.717608 0.800000
v 0.964437 0.717608 0.817126
v 0.964437 0.717608 0.817126
v 0.960528 0.717608 0.800000
v 0.969472 0.714702 0.800000
v 0.972495 0.714702 0.813246
v 0.972495 0.714702 0.813246
v 0.969472 0.714702 0.800000
v 0.969472 0.705298 0.800000
v 0.972495 0.705298 0.813246
v 0.972495 0.705298 0.813246
v 0.969472 0.705298 0.800000
v 0.960528 0.702392 0.800000
v 0.964437 0.702392 0.817126
v 0.964437 0.702392 0.817126
v 0.960528 0.702392 0.800000
v 0.955000 0.710000 0.800000
v 0.959456 0.710000 0.819525
v 0.955000 0.710000 0.800000
v 0.959456 0.710000 0.780475
v 0.964437 0.717608 0.782874
v 0.960528 0.717608 0.800000
v 0.960528 0.717608 0.800000
v 0.964437 0.717608 0.782874
v 0.972495 0.714702 0.786754
v 0.969472 0.714702 0.800000
v 0.969472 0.714702 0.800000
v 0.972495 0.714702 0.786754
v 0.972495 0.705298 0.786754
v 0.969472 0.705298 0.800000
v 0.969472 0.705298 0.800000
v 0.972495 0.705298 0.786754
v 0.964437 0.702392 0.782874
v 0.960528 0.702392 0.800000
v 0.960528 0.702392 0.800000
v 0.964437 0.702392 0.782874
v 0.959456 0.710000 0.780475
v 0.955000 0.710000 0.800000
v 0.959456 0.710000 0.780475
v 0.971943 0.710000 0.764818
v 0.975390 0.717608 0.769139
v 0.964437 0.717608 0.782874
v 0.964437 0.717608 0.782874
v 0.975390 0.717608 0.769139
v 0.980966 0.714702 0.776132
v 0.972495 0.714702 0.786754
v 0.972495 0.714702 0.786754
v 0.980966 0.714702 0.776132
v 0.980966 0.705298 0.776132
v 0.972495 0.705298 0.786754
v 0.972495 0.705298 0.786754
v 0.980966 0.705298 0.776132
v 0.975390 0.702392 0.769139
v 0.964437 0.702392 0.782874
v 0.964437 0.702392 0.782874
v 0.975390 0.702392 0.769139
v 0.971943 0.710000 0.764818
v 0.959456 0.710000 0.780475
v 0.971943 0.710000 0.764818
v 0.989987 0.710000 0.756128
v 0.991217 0.717608 0.761518
v 0.975390 0.717608 0.769139
v 0.975390 0.717608 0.769139
v 0.991217 0.717608 0.761518
v 0.993207 0.714702 0.770238
v 0.980966 0.714702 0.776132
v 0.980966 0.714702 0.776132
v 0.993207 0.714702 0.770238
v 0.993207 0.705298 0.770238
v 0.980966 0.705298 0.776132
v 0.980966 0.705298 0.776132
v 0.993207 0.705298 0.770238
v 0.991217 0.702392 0.761518
v 0.975390 0.702392 0.769139
v 0.975390 0.702392 0.769139
v 0.991217 0.702392 0.761518
v 0.989987 0.710000 0.756128
v 0.971943 0.710000 0.764818
v 0.989987 0.710000 0.756128
v 1.010013 0.710000 0.756128
v 1.008783 0.717608 0.761518
v 0.991217 0.717608 0.761518
v 0.991217 0.717608 0.761518
v 1.008783 0.717608 0.761518
v 1.006793 0.714702 0.770238
v 0.993207 0.714702 0.770238
v 0.993207 0.714702 0.770238
v 1.006793 0.714702 0.770238
v 1.006793 0.705298 0.770238
v 0.993207 0.705298 0.770238
v 0.993207 0.705298 0.770238
v 1.006793 0.705298 0.770238
v 1.008783 0.702392 0.761518
v 0.991217 0.702392 0.761518
v 0.991217 0.702392 0.761518
v 1.008783 0.702392 0.761518
v 1.010013 0.710000 0.756128
v 0.989987 0.710000 0.756128
v 1.010013 0.710000 0.756128
v 1.028057 0.710000 0.764818
v 1.024610 0.717608 0.769139
v 1.008783 0.717608 0.761518
v 1.008783 0.717608 0.761518
v 1.024610 0.717608 0.769139
v 1.019034 0.714702 0.776132
v 1.006793 0.714702 0.770238
v 1.006793 0.714702 0.770238
v 1.019034 0.714702 0.776132
v 1.019034 0.705298 0.776132
v 1.006793 0.705298 0.770238
v 1.006793 0.705298 0.770238
v 1.019034 0.705298 0.776132
v 1.024610 0.702392 0.769139
v 1.008783 0.702392 0.761518
v 1.008783 0.702392 0.761518
v 1.024610 0.702392 0.769139
v 1.028057 0.710000 0.764818
v 1.010013 0.710000 0.756128
v 1.028057 0.710000 0.764818
v 1.040544 0.710000 0.780475
v 1.035563 0.717608 0.782874
v 1.024610 0.717608 0.769139
v 1.024610 0.717608 0.769139
v 1.035563 0.717608 0.782874
v 1.027505 0.714702 0.786754
v 1.019034 0.714702 0.776132
v 1.019034 0.714702 0.776132
v 1.027505 0.714702 0.786754
v 1.027505 0.705298 0.786754
v 1.019034 0.705298 0.776132
v 1.019034 0.705298 0.776132
v 1.027505 0.705298 0.786754
v 1.035563 0.702392 0.782874
v 1.024610 0.702392 0.769139
v 1.024610 0.702392 0.769139
v 1.035563 0.702392 0.782874
v 1.040544 0.710000 0.780475
v 1.028057 0.710000 0.764818
v 1.040544 0.710000 0.780475
v 1.045000 0.710000 0.800000
v 1.039472 0.717608 0.800000
v 1.035563 0.717608 0.782874
v 1.035563 0.717608 0.782874
v 1.039472 0.717608 0.800000
v 1.030528 0.714702 0.800000
v 1.027505 0.714702 0.786754
v 1.027505 0.714702 0.786754
v 1.030528 0.714702 0.800000
v 1.030528 0.705298 0.800000
v 1.027505 0.705298 0.786754
v 1.027505 0.705298 0.786754
v 1.030528 0.705298 0.800000
v 1.039472 0.702392 0.800000
v 1.035563 0.702392 0.782874
v 1.035563 0.702392 0.782874
v 1.039472 0.702392 0.800000
v 1.045000 0.710000 0.800000
v 1.040544 0.710000 0.780475
v 1.059000 0.704000 0.800000
v 1.053157 0.704000 0.825599
v 1.046850 0.711000 0.822562
v 1.052000 0.711000 0.800000
v 1.052000 0.711000 0.800000
v 1.046850 0.711000 0.822562
v 1.040544 0.704000 0.819525
v 1.045000 0.704000 0.800000
v 1.045000 0.704000 0.800000
v 1.040544 0.704000 0.819525
v 1.046850 0.697000 0.822562
v 1.052000 0.697000 0.800000
v 1.052000 0.697000 0.800000
v 1.046850 0.697000 0.822562
v 1.053157 0.704000 0.825599
v 1.059000 0.704000 0.800000
v 1.053157 0.704000 0.825599
v 1.036786 0.704000 0.846128
v 1.032421 0.711000 0.840655
v 1.046850 0.711000 0.822562
v 1.046850 0.711000 0.822562
v 1.032421 0.711000 0.840655
v 1.028057 0.704000 0.835182
v 1.040544 0.704000 0.819525
v 1.040544 0.704000 0.819525
v 1.028057 0.704000 0.835182
v 1.032421 0.697000 0.840655
v 1.046850 0.697000 0.822562
v 1.046850 0.697000 0.822562
v 1.032421 0.697000 0.840655
v 1.036786 0.704000 0.846128
v 1.053157 0.704000 0.825599
v 1.036786 0.704000 0.846128
v 1.013129 0.704000 0.857521
v 1.011571 0.711000 0.850696
v 1.032421 0.711000 0.840655
v 1.032421 0.711000 0.840655
v 1.011571 0.711000 0.850696
v 1.010013 0.704000 0.843872
v 1.028057 0.704000 0.835182
v 1.028057 0.704000 0.835182
v 1.010013 0.704000 0.843872
v 1.011571 0.697000 0.850696
v 1.032421 0.697000 0.840655
v 1.032421 0.697000 0.840655
v 1.011571 0.697000 0.850696
v 1.013129 0.704000 0.857521
v 1.036786 0.704000 0.846128
v 1.013129 0.704000 0.857521
v 0.986871 0.704000 0.857521
v 0.988429 0.711000 0.850696
v 1.011571 0.711000 0.850696
v 1.011571 0.711000 0.850696
v 0.988429 0.711000 0.850696
v 0.989987 0.704000 0.843872
v 1.010013 0.704000 0.843872
v 1.010013 0.704000 0.843872
v 0.989987 0.704000 0.843872
v 0.988429 0.697000 0.850696
v 1.011571 0.697000 0.850696
v 1.011571 0.697000 0.850696
v 0.988429 0.697000 0.850696
v 0.986871 0.704000 0.857521
v 1.013129 0.704000 0.857521
v 0.986871 0.704000 0.857521
v 0.963214 0.704000 0.846128
v 0.967579 0.711000 0.840655
v 0.988429 0.711000 0.850696
v 0.988429 0.711000 0.850696
v 0.967579 0.711000 0.840655
v 0.971943 0.704000 0.835182
v 0.989987 0.704000 0.843872
v 0.989987 0.704000 0.843872
v 0.971943 0.704000 0.835182
v 0.967579 0.697000 0.840655
v 0.988429 0.697000 0.850696
v 0.988429 0.697000 0.850696
v 0.967579 0.697000 0.840655
v 0.963214 0.704000 0.846128
v 0.986871 0.704000 0.857521
v 0.963214 0.704000 0.846128
v 0.946843 0.704000 0.825599
v 0.953150 0.711000 0.822562
v 0.967579 0.711000 0.840655
v 0.967579 0.711000 0.840655
v 0.953150 0.711000 0.822562
v 0.959456 0.704000 0.819525
v 0.971943 0.704000 0.835182
v 0.971943 0.704000 0.835182
v 0.959456 0.704000 0.819525
v 0.953150 0.697000 0.822562
v 0.967579 0.697000 0.840655
v 0.967579 0.697000 0.840655
v 0.953150 0.697000 0.822562
v 0.946843 0.704000 0.825599
v 0.963214 0.704000 0.846128
v 0.946843 0.704000 0.825599
v 0.941000 0.704000 0.800000
v 0.948000 0.711000 0.800000
v 0.953150 0.711000 0.822562
v 0.953150 0.711000 0.822562
v 0.948000 0.711000 0.800000
v 0.955000 0.704000 0.800000
v 0.959456 0.704000 0.819525
v 0.959456 0.704000 0.819525
v 0.955000 0.704000 0.800000
v 0.948000 0.697000 0.800000
v 0.953150 0.697000 0.822562
v 0.953150 0.697000 0.822562
v 0.948000 0.697000 0.800000
v 0.941000 0.704000 0.800000
v 0.946843 0.704000 0.825599
v 0.941000 0.704000 0.800000
v 0.946843 0.704000 0.774401
v 0.953150 0.711000 0.777438
v 0.948000 0.711000 0.800000
v 0.948000 0.711000 0.800000
v 0.953150 0.711000 0.777438
v 0.959456 0.704000 0.780475
v 0.955000 0.704000 0.800000
v 0.955000 0.704000 0.800000
v 0.959456 0.704000 0.780475
v 0.953150 0.697000 0.777438
v 0.948000 0.697000 0.800000
v 0.948000 0.697000 0.800000
v 0.953150 0.697000 0.777438
v 0.946843 0.704000 0.774401
v 0.941000 0.704000 0.800000
v 0.946843 0.704000 0.774401
v 0.963214 0.704000 0.753872
v 0.967579 0.711000 0.759345
v 0.953150 0.711000 0.777438
v 0.953150 0.711000 0.777438
v 0.967579 0.711000 0.759345
v 0.971943 0.704000 0.764818
v 0.959456 0.704000 0.780475
v 0.959456 0.704000 0.780475
v 0.971943 0.704000 0.764818
v 0.967579 0.697000 0.759345
v 0.953150 0.697000 0.777438
v 0.953150 0.697000 0.777438
v 0.967579 0.697000 0.759345
v 0.963214 0.704000 0.753872
v 0.946843 0.704000 0.774401
v 0.963214 0.704000 0.753872
v 0.986871 0.704000 0.742479
v 0.988429 0.711000 0.749304
v 0.967579 0.711000 0.759345
v 0.967579 0.711000 0.759345
v 0.988429 0.711000 0.749304
v 0.989987 0.704000 0.756128
v 0.971943 0.704000 0.764818
v 0.971943 0.704000 0.764818
v 0.989987 0.704000 0.756128
v 0.988429 0.697000 0.749304
v 0.967579 0.697000 0.759345
v 0.967579 0.697000 0.759345
v 0.988429 0.697000 0.749304
v 0.986871 0.704000 0.742479
v 0.963214 0.704000 0.753872
v 0.986871 0.704000 0.742479
v 1.013129 0.704000 0.742479
v 1.011571 0.711000 0.749304
v 0.988429 0.711000 0.749304
v 0.988429 0.711000 0.749304
v 1.011571 0.711000 0.749304
v 1.010013 0.704000 0.756128
v 0.989987 0.704000 0.756128
v 0.989987 0.704000 0.756128
v 1.010013 0.704000 0.756128
v 1.011571 0.697000 0.749304
v 0.988429 0.697000 0.749304
v 0.988429 0.697000 0.749304
v 1.011571 0.697000 0.749304
v 1.013129 0.704000 0.742479
v 0.986871 0.704000 0.742479
v 1.013129 0.704000 0.742479
v 1.036786 0.704000 0.753872
v 1.032421 0.711000 0.759345
v 1.011571 0.711000 0.749304
v 1.011571 0.711000 0.749304
v 1.032421 0.711000 0.759345
v 1.028057 0.704000 0.764818
v 1.010013 0.704000 0.756128
v 1.010013 0.704000 0.756128
v 1.028057 0.704000 0.764818
v 1.032421 0.697000 0.759345
v 1.011571 0.697000 0.749304
v 1.011571 0.697000 0.749304
v 1.032421 0.697000 0.759345
v 1.036786 0.704000 0.753872
v 1.013129 0.704000 0.742479
v 1.036786 0.704000 0.753872
v 1.053157 0.704000 0.774401
v 1.046850 0.711000 0.777438
v 1.032421 0.711000 0.759345
v 1.032421 0.711000 0.759345
v 1.046850 0.711000 0.777438
v 1.040544 0.704000 0.780475
v 1.028057 0.704000 0.764818
v 1.028057 0.704000 0.764818
v 1.040544 0.704000 0.780475
v 1.046850 0.697000 0.777438
v 1.032421 0.697000 0.759345
v 1.032421 0.697000 0.759345
v 1.046850 0.697000 0.777438
v 1.053157 0.704000 0.774401
v 1.036786 0.704000 0.753872
v 1.053157 0.704000 0.774401
v 1.059000 0.704000 0.800000
v 1.052000 0.711000 0.800000
v 1.046850 0.711000 0.777438
v 1.046850 0.711000 0.777438
v 1.052000 0.711000 0.800000
v 1.045000 0.704000 0.800000
v 1.040544 0.704000 0.780475
v 1.040544 0.704000 0.780475
v 1.045000 0.704000 0.800000
v 1.052000 0.697000 0.800000
v 1.046850 0.697000 0.777438
v 1.046850 0.697000 0.777438
v 1.052000 0.697000 0.800000
v 1.059000 0.704000 0.800000
v 1.053157 0.704000 0.774401
v -1.070000 0.857549 0.721861
v -1.063720 0.856390 0.725552
v -1.363720 0.026390 0.975552
v -1.370000 0.027549 0.971861
v -1.063720 0.856390 0.725552
v -1.062169 0.857950 0.732593
v -1.362169 0.027950 0.982593
v -1.363720 0.026390 0.975552
v -1.062169 0.857950 0.732593
v -1.066515 0.861054 0.737681
v -1.366515 0.031054 0.987681
v -1.362169 0.027950 0.982593
v -1.066515 0.861054 0.737681
v -1.073485 0.863364 0.736985
v -1.373485 0.033364 0.986985
v -1.366515 0.031054 0.987681
v -1.073485 0.863364 0.736985
v -1.077831 0.863141 0.731029
v -1.377831 0.033141 0.981029
v -1.373485 0.033364 0.986985
v -1.077831 0.863141 0.731029
v -1.076280 0.860553 0.724299
v -1.376280 0.030553 0.974299
v -1.377831 0.033141 0.981029
v -1.076280 0.860553 0.724299
v -1.070000 0.857549 0.721861
v -1.370000 0.027549 0.971861
v -1.376280 0.030553 0.974299
v -1.070000 0.860000 0.730000
v -1.070000 0.857549 0.721861
v -1.063720 0.856390 0.725552
v -1.063720 0.856390 0.725552
v -1.062169 0.857950 0.732593
v -1.062169 0.857950 0.732593
v -1.066515 0.861054 0.737681
v -1.066515 0.861054 0.737681
v -1.073485 0.863364 0.736985
v -1.073485 0.863364 0.736985
v -1.077831 0.863141 0.731029
v -1.077831 0.863141 0.731029
v -1.076280 0.860553 0.724299
v -1.076280 0.860553 0.724299
v -1.070000 0.857549 0.721861
v -1.370000 0.030000 0.980000
v -1.370000 0.027549 0.971861
v -1.363720 0.026390 0.975552
v -1.363720 0.026390 0.975552
v -1.362169 0.027950 0.982593
v -1.362169 0.027950 0.982593
v -1.366515 0.031054 0.987681
v -1.366515 0.031054 0.987681
v -1.373485 0.033364 0.986985
v -1.373485 0.033364 0.986985
v -1.377831 0.033141 0.981029
v -1.377831 0.033141 0.981029
v -1.376280 0.030553 0.974299
v -1.376280 0.030553 0.974299
v -1.370000 0.027549 0.971861
v -1.370000 0.013444 0.996601
v -1.357186 0.008828 0.991039
v -1.328665 0.113151 0.969671
v -1.341806 0.117884 0.975375
v -1.357186 0.008828 0.991039
v -1.354021 0.005094 0.977165
v -1.325419 0.109322 0.955444
v -1.328665 0.113151 0.969671
v -1.354021 0.005094 0.977165
v -1.362889 0.005055 0.965426
v -1.334513 0.109282 0.943405
v -1.325419 0.109322 0.955444
v -1.362889 0.005055 0.965426
v -1.377111 0.008739 0.964661
v -1.349098 0.113060 0.942622
v -1.334513 0.109282 0.943405
v -1.377111 0.008739 0.964661
v -1.385979 0.013373 0.975447
v -1.358192 0.117811 0.953682
v -1.349098 0.113060 0.942622
v -1.385979 0.013373 0.975447
v -1.382814 0.015467 0.989662
v -1.354946 0.119959 0.968259
v -1.358192 0.117811 0.953682
v -1.382814 0.015467 0.989662
v -1.370000 0.013444 0.996601
v -1.341806 0.117884 0.975375
v -1.354946 0.119959 0.968259
v -1.370000 0.010000 0.980000
v -1.370000 0.013444 0.996601
v -1.357186 0.008828 0.991039
v -1.357186 0.008828 0.991039
v -1.354021 0.005094 0.977165
v -1.354021 0.005094 0.977165
v -1.362889 0.005055 0.965426
v -1.362889 0.005055 0.965426
v -1.377111 0.008739 0.964661
v -1.377111 0.008739 0.964661
v -1.385979 0.013373 0.975447
v -1.385979 0.013373 0.975447
v -1.382814 0.015467 0.989662
v -1.382814 0.015467 0.989662
v -1.370000 0.013444 0.996601
v -1.341806 0.114353 0.958351
v -1.341806 0.117884 0.975375
v -1.328665 0.113151 0.969671
v -1.328665 0.113151 0.969671
v -1.325419 0.109322 0.955444
v -1.325419 0.109322 0.955444
v -1.334513 0.109282 0.943405
v -1.334513 0.109282 0.943405
v -1.349098 0.113060 0.942622
v -1.349098 0.113060 0.942622
v -1.358192 0.117811 0.953682
v -1.358192 0.117811 0.953682
v -1.354946 0.119959 0.968259
v -1.354946 0.119959 0.968259
v -1.341806 0.117884 0.975375
v -1.341806 0.112887 0.977438
v -1.326844 0.113817 0.970280
v -1.330570 0.239483 0.979505
v -1.345000 0.238586 0.986408
v -1.326844 0.113817 0.970280
v -1.323149 0.115150 0.954140
v -1.327006 0.240769 0.963939
v -1.330570 0.239483 0.979505
v -1.323149 0.115150 0.954140
v -1.333503 0.115883 0.941171
v -1.336992 0.241476 0.951430
v -1.327006 0.240769 0.963939
v -1.333503 0.115883 0.941171
v -1.350109 0.115463 0.941139
v -1.353008 0.241071 0.951399
v -1.336992 0.241476 0.951430
v -1.350109 0.115463 0.941139
v -1.360463 0.114207 0.954068
v -1.362994 0.239860 0.963869
v -1.353008 0.241071 0.951399
v -1.360463 0.114207 0.954068
v -1.356767 0.113061 0.970222
v -1.359430 0.238754 0.979449
v -1.362994 0.239860 0.963869
v -1.356767 0.113061 0.970222
v -1.341806 0.112887 0.977438
v -1.345000 0.238586 0.986408
v -1.359430 0.238754 0.979449
v -1.341806 0.114353 0.958351
v -1.341806 0.112887 0.977438
v -1.326844 0.113817 0.970280
v -1.326844 0.113817 0.970280
v -1.323149 0.115150 0.954140
v -1.323149 0.115150 0.954140
v -1.333503 0.115883 0.941171
v -1.333503 0.115883 0.941171
v -1.350109 0.115463 0.941139
v -1.350109 0.115463 0.941139
v -1.360463 0.114207 0.954068
v -1.360463 0.114207 0.954068
v -1.356767 0.113061 0.970222
v -1.356767 0.113061 0.970222
v -1.341806 0.112887 0.977438
v -1.345000 0.240000 0.968000
v -1.345000 0.238586 0.986408
v -1.330570 0.239483 0.979505
v -1.330570 0.239483 0.979505
v -1.327006 0.240769 0.963939
v -1.327006 0.240769 0.963939
v -1.336992 0.241476 0.951430
v -1.336992 0.241476 0.951430
v -1.353008 0.241071 0.951399
v -1.353008 0.241071 0.951399
v -1.362994 0.239860 0.963869
v -1.362994 0.239860 0.963869
v -1.359430 0.238754 0.979449
v -1.359430 0.238754 0.979449
v -1.345000 0.238586 0.986408
v -1.025000 0.860000 0.730000
v -1.029456 0.860000 0.749525
v -1.034437 0.867608 0.747126
v -1.030528 0.867608 0.730000
v -1.030528 0.867608 0.730000
v -1.034437 0.867608 0.747126
v -1.042495 0.864702 0.743246
v -1.039472 0.864702 0.730000
v -1.039472 0.864702 0.730000
v -1.042495 0.864702 0.743246
v -1.042495 0.855298 0.743246
v -1.039472 0.855298 0.730000
v -1.039472 0.855298 0.730000
v -1.042495 0.855298 0.743246
v -1.034437 0.852392 0.747126
v -1.030528 0.852392 0.730000
v -1.030528 0.852392 0.730000
v -1.034437 0.852392 0.747126
v -1.029456 0.860000 0.749525
v -1.025000 0.860000 0.730000
v -1.029456 0.860000 0.749525
v -1.041943 0.860000 0.765182
v -1.045390 0.867608 0.760861
v -1.034437 0.867608 0.747126
v -1.034437 0.867608 0.747126
v -1.045390 0.867608 0.760861
v -1.050966 0.864702 0.753868
v -1.042495 0.864702 0.743246
v -1.042495 0.864702 0.743246
v -1.050966 0.864702 0.753868
v -1.050966 0.855298 0.753868
v -1.042495 0.855298 0.743246
v -1.042495 0.855298 0.743246
v -1.050966 0.855298 0.753868
v -1.045390 0.852392 0.760861
v -1.034437 0.852392 0.747126
v -1.034437 0.852392 0.747126
v -1.045390 0.852392 0.760861
v -1.041943 0.860000 0.765182
v -1.029456 0.860000 0.749525
v -1.041943 0.860000 0.765182
v -1.059987 0.860000 0.773872
v -1.061217 0.867608 0.768482
v -1.045390 0.867608 0.760861
v -1.045390 0.867608 0.760861
v -1.061217 0.867608 0.768482
v -1.063207 0.864702 0.759762
v -1.050966 0.864702 0.753868
v -1.050966 0.864702 0.753868
v -1.063207 0.864702 0.759762
v -1.063207 0.855298 0.759762
v -1.050966 0.855298 0.753868
v -1.050966 0.855298 0.753868
v -1.063207 0.855298 0.759762
v -1.061217 0.852392 0.768482
v -1.045390 0.852392 0.760861
v -1.045390 0.852392 0.760861
v -1.061217 0.852392 0.768482
v -1.059987 0.860000 0.773872
v -1.041943 0.860000 0.765182
v -1.059987 0.860000 0.773872
v -1.080013 0.860000 0.773872
v -1.078783 0.867608 0.768482
v -1.061217 0.867608 0.768482
v -1.061217 0.867608 0.768482
v -1.078783 0.867608 0.768482
v -1.076793 0.864702 0.759762
v -1.063207 0.864702 0.759762
v -1.063207 0.864702 0.759762
v -1.076793 0.864702 0.759762
v -1.076793 0.855298 0.759762
v -1.063207 0.855298 0.759762
v -1.063207 0.855298 0.759762
v -1.076793 0.855298 0.759762
v -1.078783 0.852392 0.768482
v -1.061217 0.852392 0.768482
v -1.061217 0.852392 0.768482
v -1.078783 0.852392 0.768482
v -1.080013 0.860000 0.773872
v -1.059987 0.860000 0.773872
v -1.080013 0.860000 0.773872
v -1.098057 0.860000 0.765182
v -1.094610 0.867608 0.760861
v -1.078783 0.867608 0.768482
v -1.078783 0.867608 0.768482
v -1.094610 0.867608 0.760861
v -1.089034 0.864702 0.753868
v -1.076793 0.864702 0.759762
v -1.076793 0.864702 0.759762
v -1.089034 0.864702 0.753868
v -1.089034 0.855298 0.753868
v -1.076793 0.855298 0.759762
v -1.076793 0.855298 0.759762
v -1.089034 0.855298 0.753868
v -1.094610 0.852392 0.760861
v -1.078783 0.852392 0.768482
v -1.078783 0.852392 0.768482
v -1.094610 0.852392 0.760861
v -1.098057 0.860000 0.765182
v -1.080013 0.860000 0.773872
v -1.098057 0.860000 0.765182
v -1.110544 0.860000 0.749525
v -1.105563 0.867608 0.747126
v -1.094610 0.867608 0.760861
v -1.094610 0.867608 0.760861
v -1.105563 0.867608 0.747126
v -1.097505 0.864702 0.743246
v -1.089034 0.864702 0.753868
v -1.089034 0.864702 0.753868
v -1.097505 0.864702 0.743246
v -1.097505 0.855298 0.743246
v -1.089034 0.855298 0.753868
v -1.089034 0.855298 0.753868
v -1.097505 0.855298 0.743246
v -1.105563 0.852392 0.747126
v -1.094610 0.852392 0.760861
v -1.094610 0.852392 0.760861
v -1.105563 0.852392 0.747126
v -1.110544 0.860000 0.749525
v -1.098057 0.860000 0.765182
v -1.110544 0.860000 0.749525
v -1.115000 0.860000 0.730000
v -1.109472 0.867608 0.730000
v -1.105563 0.867608 0.747126
v -1.105563 0.867608 0.747126
v -1.109472 0.867608 0.730000
v -1.100528 0.864702 0.730000
v -1.097505 0.864702 0.743246
v -1.097505 0.864702 0.743246
v -1.100528 0.864702 0.730000
v -1.100528 0.855298 0.730000
v -1.097505 0.855298 0.743246
v -1.097505 0.855298 0.743246
v -1.100528 0.855298 0.730000
v -1.109472 0.852392 0.730000
v -1.105563 0.852392 0.747126
v -1.105563 0.852392 0.747126
v -1.109472 0.852392 0.730000
v -1.115000 0.860000 0.730000
v -1.110544 0.860000 0.749525
v -1.115000 0.860000 0.730000
v -1.110544 0.860000 0.710475
v -1.105563 0.867608 0.712874
v -1.109472 0.867608 0.730000
v -1.109472 0.867608 0.730000
v -1.105563 0.867608 0.712874
v -1.097505 0.864702 0.716754
v -1.100528 0.864702 0.730000
v -1.100528 0.864702 0.730000
v -1.097505 0.864702 0.716754
v -1.097505 0.855298 0.716754
v -1.100528 0.855298 0.730000
v -1.100528 0.855298 0.730000
v -1.097505 0.855298 0.716754
v -1.105563 0.852392 0.712874
v -1.109472 0.852392 0.730000
v -1.109472 0.852392 0.730000
v -1.105563 0.852392 0.712874
v -1.110544 0.860000 0.710475
v -1.115000 0.860000 0.730000
v -1.110544 0.860000 0.710475
v -1.098057 0.860000 0.694818
v -1.094610 0.867608 0.699139
v -1.105563 0.867608 0.712874
v -1.105563 0.867608 0.712874
v -1.094610 0.867608 0.699139
v -1.089034 0.864702 0.706132
v -1.097505 0.864702 0.716754
v -1.097505 0.864702 0.716754
v -1.089034 0.864702 0.706132
v -1.089034 0.855298 0.706132
v -1.097505 0.855298 0.716754
v -1.097505 0.855298 0.716754
v -1.089034 0.855298 0.706132
v -1.094610 0.852392 0.699139
v -1.105563 0.852392 0.712874
v -1.105563 0.852392 0.712874
v -1.094610 0.852392 0.699139
v -1.098057 0.860000 0.694818
v -1.110544 0.860000 0.710475
v -1.098057 0.860000 0.694818
v -1.080013 0.860000 0.686128
v -1.078783 0.867608 0.691518
v -1.094610 0.867608 0.699139
v -1.094610 0.867608 0.699139
v -1.078783 0.867608 0.691518
v -1.076793 0.864702 0.700238
v -1.089034 0.864702 0.706132
v -1.089034 0.864702 0.706132
v -1.076793 0.864702 0.700238
v -1.076793 0.855298 0.700238
v -1.089034 0.855298 0.706132
v -1.089034 0.855298 0.706132
v -1.076793 0.855298 0.700238
v -1.078783 0.852392 0.691518
v -1.094610 0.852392 0.699139
v -1.094610 0.852392 0.699139
v -1.078783 0.852392 0.691518
v -1.080013 0.860000 0.686128
v -1.098057 0.860000 0.694818
v -1.080013 0.860000 0.686128
v -1.059987 0.860000 0.686128
v -1.061217 0.867608 0.691518
v -1.078783 0.867608 0.691518
v -1.078783 0.867608 0.691518
v -1.061217 0.867608 0.691518
v -1.063207 0.864702 0.700238
v -1.076793 0.864702 0.700238
v -1.076793 0.864702 0.700238
v -1.063207 0.864702 0.700238
v -1.063207 0.855298 0.700238
v -1.076793 0.855298 0.700238
v -1.076793 0.855298 0.700238
v -1.063207 0.855298 0.700238
v -1.061217 0.852392 0.691518
v -1.078783 0.852392 0.691518
v -1.078783 0.852392 0.691518
v -1.061217 0.852392 0.691518
v -1.059987 0.860000 0.686128
v -1.080013 0.860000 0.686128
v -1.059987 0.860000 0.686128
v -1.041943 0.860000 0.694818
v -1.045390 0.867608 0.699139
v -1.061217 0.867608 0.691518
v -1.061217 0.867608 0.691518
v -1.045390 0.867608 0.699139
v -1.050966 0.864702 0.706132
v -1.063207 0.864702 0.700238
v -1.063207 0.864702 0.700238
v -1.050966 0.864702 0.706132
v -1.050966 0.855298 0.706132
v -1.063207 0.855298 0.700238
v -1.063207 0.855298 0.700238
v -1.050966 0.855298 0.706132
v -1.045390 0.852392 0.699139
v -1.061217 0.852392 0.691518
v -1.061217 0.852392 0.691518
v -1.045390 0.852392 0.699139
v -1.041943 0.860000 0.694818
v -1.059987 0.860000 0.686128
v -1.041943 0.860000 0.694818
v -1.029456 0.860000 0.710475
v -1.034437 0.867608 0.712874
v -1.045390 0.867608 0.699139
v -1.045390 0.867608 0.699139
v -1.034437 0.867608 0.712874
v -1.042495 0.864702 0.716754
v -1.050966 0.864702 0.706132
v -1.050966 0.864702 0.706132
v -1.042495 0.864702 0.716754
v -1.042495 0.855298 0.716754
v -1.050966 0.855298 0.706132
v -1.050966 0.855298 0.706132
v -1.042495 0.855298 0.716754
v -1.034437 0.852392 0.712874
v -1.045390 0.852392 0.699139
v -1.045390 0.852392 0.699139
v -1.034437 0.852392 0.712874
v -1.029456 0.860000 0.710475
v -1.041943 0.860000 0.694818
v -1.029456 0.860000 0.710475
v -1.025000 0.860000 0.730000
v -1.030528 0.867608 0.730000
v -1.034437 0.867608 0.712874
v -1.034437 0.867608 0.712874
v -1.030528 0.867608 0.730000
v -1.039472 0.864702 0.730000
v -1.042495 0.864702 0.716754
v -1.042495 0.864702 0.716754
v -1.039472 0.864702 0.730000
v -1.039472 0.855298 0.730000
v -1.042495 0.855298 0.716754
v -1.042495 0.855298 0.716754
v -1.039472 0.855298 0.730000
v -1.030528 0.852392 0.730000
v -1.034437 0.852392 0.712874
v -1.034437 0.852392 0.712874
v -1.030528 0.852392 0.730000
v -1.025000 0.860000 0.730000
v -1.029456 0.860000 0.710475
v -1.011000 0.854000 0.730000
v -1.016843 0.854000 0.755599
v -1.023150 0.861000 0.752562
v -1.018000 0.861000 0.730000
v -1.018000 0.861000 0.730000
v -1.023150 0.861000 0.752562
v -1.029456 0.854000 0.749525
v -1.025000 0.854000 0.730000
v -1.025000 0.854000 0.730000
v -1.029456 0.854000 0.749525
v -1.023150 0.847000 0.752562
v -1.018000 0.847000 0.730000
v -1.018000 0.847000 0.730000
v -1.023150 0.847000 0.752562
v -1.016843 0.854000 0.755599
v -1.011000 0.854000 0.730000
v -1.016843 0.854000 0.755599
v -1.033214 0.854000 0.776128
v -1.037579 0.861000 0.770655
v -1.023150 0.861000 0.752562
v -1.023150 0.861000 0.752562
v -1.037579 0.861000 0.770655
v -1.041943 0.854000 0.765182
v -1.029456 0.854000 0.749525
v -1.029456 0.854000 0.749525
v -1.041943 0.854000 0.765182
v -1.037579 0.847000 0.770655
v -1.023150 0.847000 0.752562
v -1.023150 0.847000 0.752562
v -1.037579 0.847000 0.770655
v -1.033214 0.854000 0.776128
v -1.016843 0.854000 0.755599
v -1.033214 0.854000 0.776128
v -1.056871 0.854000 0.787521
v -1.058429 0.861000 0.780696
v -1.037579 0.861000 0.770655
v -1.037579 0.861000 0.770655
v -1.058429 0.861000 0.780696
v -1.059987 0.854000 0.773872
v -1.041943 0.854000 0.765182
v -1.041943 0.854000 0.765182
v -1.059987 0.854000 0.773872
v -1.058429 0.847000 0.780696
v -1.037579 0.847000 0.770655
v -1.037579 0.847000 0.770655
v -1.058429 0.847000 0.780696
v -1.056871 0.854000 0.787521
v -1.033214 0.854000 0.776128
v -1.056871 0.854000 0.787521
v -1.083129 0.854000 0.787521
v -1.081571 0.861000 0.780696
v -1.058429 0.861000 0.780696
v -1.058429 0.861000 0.780696
v -1.081571 0.861000 0.780696
v -1.080013 0.854000 0.773872
v -1.059987 0.854000 0.773872
v -1.059987 0.854000 0.773872
v -1.080013 0.854000 0.773872
v -1.081571 0.847000 0.780696
v -1.058429 0.847000 0.780696
v -1.058429 0.847000 0.780696
v -1.081571 0.847000 0.780696
v -1.083129 0.854000 0.787521
v -1.056871 0.854000 0.787521
v -1.083129 0.854000 0.787521
v -1.106786 0.854000 0.776128
v -1.102421 0.861000 0.770655
v -1.081571 0.861000 0.780696
v -1.081571 0.861000 0.780696
v -1.102421 0.861000 0.770655
v -1.098057 0.854000 0.765182
v -1.080013 0.854000 0.773872
v -1.080013 0.854000 0.773872
v -1.098057 0.854000 0.765182
v -1.102421 0.847000 0.770655
v -1.081571 0.847000 0.780696
v -1.081571 0.847000 0.780696
v -1.102421 0.847000 0.770655
v -1.106786 0.854000 0.776128
v -1.083129 0.854000 0.787521
v -1.106786 0.854000 0.776128
v -1.123157 0.854000 0.755599
v -1.116850 0.861000 0.752562
v -1.102421 0.861000 0.770655
v -1.102421 0.861000 0.770655
v -1.116850 0.861000 0.752562
v -1.110544 0.854000 0.749525
v -1.098057 0.854000 0.765182
v -1.098057 0.854000 0.765182
v -1.110544 0.854000 0.749525
v -1.116850 0.847000 0.752562
v -1.102421 0.847000 0.770655
v -1.102421 0.847000 0.770655
v -1.116850 0.847000 0.752562
v -1.123157 0.854000 0.755599
v -1.106786 0.854000 0.776128
v -1.123157 0.854000 0.755599
v -1.129000 0.854000 0.730000
v -1.122000 0.861000 0.730000
v -1.116850 0.861000 0.752562
v -1.116850 0.861000 0.752562
v -1.122000 0.861000 0.730000
v -1.115000 0.854000 0.730000
v -1.110544 0.854000 0.749525
v -1.110544 0.854000 0.749525
v -1.115000 0.854000 0.730000
v -1.122000 0.847000 0.730000
v -1.116850 0.847000 0.752562
v -1.116850 0.847000 0.752562
v -1.122000 0.847000 0.730000
v -1.129000 0.854000 0.730000
v -1.123157 0.854000 0.755599
v -1.129000 0.854000 0.730000
v -1.123157 0.854000 0.704401
v -1.116850 0.861000 0.707438
v -1.122000 0.861000 0.730000
v -1.122000 0.861000 0.730000
v -1.116850 0.861000 0.707438
v -1.110544 0.854000 0.710475
v -1.115000 0.854000 0.730000
v -1.115000 0.854000 0.730000
v -1.110544 0.854000 0.710475
v -1.116850 0.847000 0.707438
v -1.122000 0.847000 0.730000
v -1.122000 0.847000 0.730000
v -1.116850 0.847000 0.707438
v -1.123157 0.854000 0.704401
v -1.129000 0.854000 0.730000
v -1.123157 0.854000 0.704401
v -1.106786 0.854000 0.683872
v -1.102421 0.861000 0.689345
v -1.116850 0.861000 0.707438
v -1.116850 0.861000 0.707438
v -1.102421 0.861000 0.689345
v -1.098057 0.854000 0.694818
v -1.110544 0.854000 0.710475
v -1.110544 0.854000 0.710475
v -1.098057 0.854000 0.694818
v -1.102421 0.847000 0.689345
v -1.116850 0.847000 0.707438
v -1.116850 0.847000 0.707438
v -1.102421 0.847000 0.689345
v -1.106786 0.854000 0.683872
v -1.123157 0.854000 0.704401
v -1.106786 0.854000 0.683872
v -1.083129 0.854000 0.672479
v -1.081571 0.861000 0.679304
v -1.102421 0.861000 0.689345
v -1.102421 0.861000 0.689345
v -1.081571 0.861000 0.679304
v -1.080013 0.854000 0.686128
v -1.098057 0.854000 0.694818
v -1.098057 0.854000 0.694818
v -1.080013 0.854000 0.686128
v -1.081571 0.847000 0.679304
v -1.102421 0.847000 0.689345
v -1.102421 0.847000 0.689345
v -1.081571 0.847000 0.679304
v -1.083129 0.854000 0.672479
v -1.106786 0.854000 0.683872
v -1.083129 0.854000 0.672479
v -1.056871 0.854000 0.672479
v -1.058429 0.861000 0.679304
v -1.081571 0.861000 0.679304
v -1.081571 0.861000 0.679304
v -1.058429 0.861000 0.679304
v -1.059987 0.854000 0.686128
v -1.080013 0.854000 0.686128
v -1.080013 0.854000 0.686128
v -1.059987 0.854000 0.686128
v -1.058429 0.847000 0.679304
v -1.081571 0.847000 0.679304
v -1.081571 0.847000 0.679304
v -1.058429 0.847000 0.679304
v -1.056871 0.854000 0.672479
v -1.083129 0.854000 0.672479
v -1.056871 0.854000 0.672479
v -1.033214 0.854000 0.683872
v -1.037579 0.861000 0.689345
v -1.058429 0.861000 0.679304
v -1.058429 0.861000 0.679304
v -1.037579 0.861000 0.689345
v -1.041943 0.854000 0.694818
v -1.059987 0.854000 0.686128
v -1.059987 0.854000 0.686128
v -1.041943 0.854000 0.694818
v -1.037579 0.847000 0.689345
v -1.058429 0.847000 0.679304
v -1.058429 0.847000 0.679304
v -1.037579 0.847000 0.689345
v -1.033214 0.854000 0.683872
v -1.056871 0.854000 0.672479
v -1.033214 0.854000 0.683872
v -1.016843 0.854000 0.704401
v -1.023150 0.861000 0.707438
v -1.037579 0.861000 0.689345
v -1.037579 0.861000 0.689345
v -1.023150 0.861000 0.707438
v -1.029456 0.854000 0.710475
v -1.041943 0.854000 0.694818
v -1.041943 0.854000 0.694818
v -1.029456 0.854000 0.710475
v -1.023150 0.847000 0.707438
v -1.037579 0.847000 0.689345
v -1.037579 0.847000 0.689345
v -1.023150 0.847000 0.707438
v -1.016843 0.854000 0.704401
v -1.033214 0.854000 0.683872
v -1.016843 0.854000 0.704401
v -1.011000 0.854000 0.730000
v -1.018000 0.861000 0.730000
v -1.023150 0.861000 0.707438
v -1.023150 0.861000 0.707438
v -1.018000 0.861000 0.730000
v -1.025000 0.854000 0.730000
v -1.029456 0.854000 0.710475
v -1.029456 0.854000 0.710475
v -1.025000 0.854000 0.730000
v -1.018000 0.847000 0.730000
v -1.023150 0.847000 0.707438
v -1.023150 0.847000 0.707438
v -1.018000 0.847000 0.730000
v -1.011000 0.854000 0.730000
v -1.016843 0.854000 0.704401
v -1.099626 0.820000 -0.779993
v -1.099475 0.827813 -0.776220
v 1.040525 0.747813 -0.696220
v 1.040374 0.740000 -0.699993
v -1.099475 0.827813 -0.776220
v -1.099719 0.829742 -0.767763
v 1.040281 0.749742 -0.687763
v 1.040525 0.747813 -0.696220
v -1.099719 0.829742 -0.767763
v -1.100175 0.824336 -0.760991
v 1.039825 0.744336 -0.680991
v 1.040281 0.749742 -0.687763
v -1.100175 0.824336 -0.760991
v -1.100498 0.815664 -0.761003
v 1.039502 0.735664 -0.681003
v 1.039825 0.744336 -0.680991
v -1.100498 0.815664 -0.761003
v -1.100447 0.810258 -0.767790
v 1.039553 0.730258 -0.687790
v 1.039502 0.735664 -0.681003
v -1.100447 0.810258 -0.767790
v -1.100059 0.812187 -0.776241
v 1.039941 0.732187 -0.696241
v 1.039553 0.730258 -0.687790
v -1.100059 0.812187 -0.776241
v -1.099626 0.820000 -0.779993
v 1.040374 0.740000 -0.699993
v 1.039941 0.732187 -0.696241
v -1.100000 0.820000 -0.770000
v -1.099626 0.820000 -0.779993
v -1.099475 0.827813 -0.776220
v -1.099475 0.827813 -0.776220
v -1.099719 0.829742 -0.767763
v -1.099719 0.829742 -0.767763
v -1.100175 0.824336 -0.760991
v -1.100175 0.824336 -0.760991
v -1.100498 0.815664 -0.761003
v -1.100498 0.815664 -0.761003
v -1.100447 0.810258 -0.767790
v -1.100447 0.810258 -0.767790
v -1.100059 0.812187 -0.776241
v -1.100059 0.812187 -0.776241
v -1.099626 0.820000 -0.779993
v 1.040000 0.740000 -0.690000
v 1.040374 0.740000 -0.699993
v 1.040525 0.747813 -0.696220
v 1.040525 0.747813 -0.696220
v 1.040281 0.749742 -0.687763
v 1.040281 0.749742 -0.687763
v 1.039825 0.744336 -0.680991
v 1.039825 0.744336 -0.680991
v 1.039502 0.735664 -0.681003
v 1.039502 0.735664 -0.681003
v 1.039553 0.730258 -0.687790
v 1.039553 0.730258 -0.687790
v 1.039941 0.732187 -0.696241
v 1.039941 0.732187 -0.696241
v 1.040374 0.740000 -0.699993
v 1.049996 0.740000 -0.689732
v 1.046228 0.747817 -0.689675
v 1.006228 0.717817 0.800325
v 1.009996 0.710000 0.800268
v 1.046228 0.747817 -0.689675
v 1.037770 0.749747 -0.689864
v 0.997770 0.719747 0.800136
v 1.006228 0.717817 0.800325
v 1.037770 0.749747 -0.689864
v 1.030991 0.744338 -0.690155
v 0.990991 0.714338 0.799845
v 0.997770 0.719747 0.800136
v 1.030991 0.744338 -0.690155
v 1.030996 0.735662 -0.690329
v 0.990996 0.705662 0.799671
v 0.990991 0.714338 0.799845
v 1.030996 0.735662 -0.690329
v 1.037781 0.730253 -0.690256
v 0.997781 0.700253 0.799744
v 0.990996 0.705662 0.799671
v 1.037781 0.730253 -0.690256
v 1.046237 0.732183 -0.689990
v 1.006237 0.702183 0.800010
v 0.997781 0.700253 0.799744
v 1.046237 0.732183 -0.689990
v 1.049996 0.740000 -0.689732
v 1.009996 0.710000 0.800268
v 1.006237 0.702183 0.800010
v 1.040000 0.740000 -0.690000
v 1.049996 0.740000 -0.689732
v 1.046228 0.747817 -0.689675
v 1.046228 0.747817 -0.689675
v 1.037770 0.749747 -0.689864
v 1.037770 0.749747 -0.689864
v 1.030991 0.744338 -0.690155
v 1.030991 0.744338 -0.690155
v 1.030996 0.735662 -0.690329
v 1.030996 0.735662 -0.690329
v 1.037781 0.730253 -0.690256
v 1.037781 0.730253 -0.690256
v 1.046237 0.732183 -0.689990
v 1.046237 0.732183 -0.689990
v 1.049996 0.740000 -0.689732
v 1.000000 0.710000 0.800000
v 1.009996 0.710000 0.800268
v 1.006228 0.717817 0.800325
v 1.006228 0.717817 0.800325
v 0.997770 0.719747 0.800136
v 0.997770 0.719747 0.800136
v 0.990991 0.714338 0.799845
v 0.990991 0.714338 0.799845
v 0.990996 0.705662 0.799671
v 0.990996 0.705662 0.799671
v 0.997781 0.700253 0.799744
v 0.997781 0.700253 0.799744
v 1.006237 0.702183 0.800010
v 1.006237 0.702183 0.800010
v 1.009996 0.710000 0.800268
v 0.999662 0.710000 0.809994
v 1.000354 0.717798 0.806250
v -1.069646 0.867798 0.736250
v -1.070338 0.860000 0.739994
v 1.000354 0.717798 0.806250
v 1.000779 0.719724 0.797800
v -1.069221 0.869724 0.727800
v -1.069646 0.867798 0.736250
v 1.000779 0.719724 0.797800
v 1.000618 0.714328 0.791006
v -1.069382 0.864328 0.721006
v -1.069221 0.869724 0.727800
v 1.000618 0.714328 0.791006
v 0.999991 0.705672 0.790985
v -1.070009 0.855672 0.720985
v -1.069382 0.864328 0.721006
v 0.999991 0.705672 0.790985
v 0.999371 0.700276 0.797752
v -1.070629 0.850276 0.727752
v -1.070009 0.855672 0.720985
v 0.999371 0.700276 0.797752
v 0.999225 0.702202 0.806212
v -1.070775 0.852202 0.736212
v -1.070629 0.850276 0.727752
v 0.999225 0.702202 0.806212
v 0.999662 0.710000 0.809994
v -1.070338 0.860000 0.739994
v -1.070775 0.852202 0.736212
v 1.000000 0.710000 0.800000
v 0.999662 0.710000 0.809994
v 1.000354 0.717798 0.806250
v 1.000354 0.717798 0.806250
v 1.000779 0.719724 0.797800
v 1.000779 0.719724 0.797800
v 1.000618 0.714328 0.791006
v 1.000618 0.714328 0.791006
v 0.999991 0.705672 0.790985
v 0.999991 0.705672 0.790985
v 0.999371 0.700276 0.797752
v 0.999371 0.700276 0.797752
v 0.999225 0.702202 0.806212
v 0.999225 0.702202 0.806212
v 0.999662 0.710000 0.809994
v -1.070000 0.860000 0.730000
v -1.070338 0.860000 0.739994
v -1.069646 0.867798 0.736250
v -1.069646 0.867798 0.736250
v -1.069221 0.869724 0.727800
v -1.069221 0.869724 0.727800
v -1.069382 0.864328 0.721006
v -1.069382 0.864328 0.721006
v -1.070009 0.855672 0.720985
v -1.070009 0.855672 0.720985
v -1.070629 0.850276 0.727752
v -1.070629 0.850276 0.727752
v -1.070775 0.852202 0.736212
v -1.070775 0.852202 0.736212
v -1.070338 0.860000 0.739994
v -1.079998 0.860000 0.730200
v -1.076238 0.867816 0.729916
v -1.106238 0.827816 -0.770084
v -1.109998 0.820000 -0.769800
v -1.076238 0.867816 0.729916
v -1.067780 0.869746 0.729696
v -1.097780 0.829746 -0.770304
v -1.106238 0.827816 -0.770084
v -1.067780 0.869746 0.729696
v -1.060994 0.864337 0.729704
v -1.090994 0.824337 -0.770296
v -1.097780 0.829746 -0.770304
v -1.060994 0.864337 0.729704
v -1.060990 0.855663 0.729935
v -1.090990 0.815663 -0.770065
v -1.090994 0.824337 -0.770296
v -1.060990 0.855663 0.729935
v -1.067770 0.850254 0.730215
v -1.097770 0.810254 -0.769785
v -1.090990 0.815663 -0.770065
v -1.067770 0.850254 0.730215
v -1.076229 0.852184 0.730333
v -1.106229 0.812184 -0.769667
v -1.097770 0.810254 -0.769785
v -1.076229 0.852184 0.730333
v -1.079998 0.860000 0.730200
v -1.109998 0.820000 -0.769800
v -1.106229 0.812184 -0.769667
v -1.070000 0.860000 0.730000
v -1.079998 0.860000 0.730200
v -1.076238 0.867816 0.729916
v -1.076238 0.867816 0.729916
v -1.067780 0.869746 0.729696
v -1.067780 0.869746 0.729696
v -1.060994 0.864337 0.729704
v -1.060994 0.864337 0.729704
v -1.060990 0.855663 0.729935
v -1.060990 0.855663 0.729935
v -1.067770 0.850254 0.730215
v -1.067770 0.850254 0.730215
v -1.076229 0.852184 0.730333
v -1.076229 0.852184 0.730333
v -1.079998 0.860000 0.730200
v -1.100000 0.820000 -0.770000
v -1.109998 0.820000 -0.769800
v -1.106238 0.827816 -0.770084
v -1.106238 0.827816 -0.770084
v -1.097780 0.829746 -0.770304
v -1.097780 0.829746 -0.770304
v -1.090994 0.824337 -0.770296
v -1.090994 0.824337 -0.770296
v -1.090990 0.815663 -0.770065
v -1.090990 0.815663 -0.770065
v -1.097770 0.810254 -0.769785
v -1.097770 0.810254 -0.769785
v -1.106229 0.812184 -0.769667
v -1.106229 0.812184 -0.769667
v -1.109998 0.820000 -0.769800
v -0.554282 0.642034 0.047334
v -0.217642 0.647968 0.094646
v -0.217884 0.661966 0.094612
v -0.554524 0.656032 0.047300
v -0.245476 0.647968 0.292700
v -0.582116 0.642034 0.245388
v -0.582358 0.656032 0.245354
v -0.245718 0.661966 0.292666
v -0.582116 0.642034 0.245388
v -0.554282 0.642034 0.047334
v -0.554524 0.656032 0.047300
v -0.582358 0.656032 0.245354
v -0.217642 0.647968 0.094646
v -0.245476 0.647968 0.292700
v -0.245718 0.661966 0.292666
v -0.217884 0.661966 0.094612
v -0.554524 0.656032 0.047300
v -0.217884 0.661966 0.094612
v -0.245718 0.661966 0.292666
v -0.582358 0.656032 0.245354
v -0.582116 0.642034 0.245388
v -0.245476 0.647968 0.292700
v -0.217642 0.647968 0.094646
v -0.554282 0.642034 0.047334
v 0.189580 0.622843 -0.221417
v 0.397467 0.615165 -0.292998
v 0.397863 0.627157 -0.293135
v 0.189976 0.634835 -0.221553
v 0.430024 0.615165 -0.198447
v 0.222137 0.622843 -0.126865
v 0.222533 0.634835 -0.127002
v 0.430420 0.627157 -0.198583
v 0.222137 0.622843 -0.126865
v 0.189580 0.622843 -0.221417
v 0.189976 0.634835 -0.221553
v 0.222533 0.634835 -0.127002
v 0.397467 0.615165 -0.292998
v 0.430024 0.615165 -0.198447
v 0.430420 0.627157 -0.198583
v 0.397863 0.627157 -0.293135
v 0.189976 0.634835 -0.221553
v 0.397863 0.627157 -0.293135
v 0.430420 0.627157 -0.198583
v 0.222533 0.634835 -0.127002
v 0.222137 0.622843 -0.126865
v 0.430024 0.615165 -0.198447
v 0.397467 0.615165 -0.292998
v 0.189580 0.622843 -0.221417
v -0.549871 0.661000 0.066002
v -0.549911 0.664804 0.068766
v -0.239911 0.660804 0.078766
v -0.239871 0.657000 0.076002
v -0.549911 0.664804 0.068766
v -0.550074 0.663351 0.073235
v -0.240074 0.659351 0.083235
v -0.239911 0.660804 0.078766
v -0.550074 0.663351 0.073235
v -0.550135 0.658649 0.073233
v -0.240135 0.654649 0.083233
v -0.240074 0.659351 0.083235
v -0.550135 0.658649 0.073233
v -0.550009 0.657196 0.068763
v -0.240009 0.653196 0.078763
v -0.240135 0.654649 0.083233
v -0.550009 0.657196 0.068763
v -0.549871 0.661000 0.066002
v -0.239871 0.657000 0.076002
v -0.240009 0.653196 0.078763
v -0.550000 0.661000 0.070000
v -0.549871 0.661000 0.066002
v -0.549911 0.664804 0.068766
v -0.549911 0.664804 0.068766
v -0.550074 0.663351 0.073235
v -0.550074 0.663351 0.073235
v -0.550135 0.658649 0.073233
v -0.550135 0.658649 0.073233
v -0.550009 0.657196 0.068763
v -0.550009 0.657196 0.068763
v -0.549871 0.661000 0.066002
v -0.240000 0.657000 0.080000
v -0.239871 0.657000 0.076002
v -0.239911 0.660804 0.078766
v -0.239911 0.660804 0.078766
v -0.240074 0.659351 0.083235
v -0.240074 0.659351 0.083235
v -0.240135 0.654649 0.083233
v -0.240135 0.654649 0.083233
v -0.240009 0.653196 0.078763
v -0.240009 0.653196 0.078763
v -0.239871 0.657000 0.076002
vt 0.000000 0.000000
vt 0.050000 0.000000
vt 0.100000 0.000000
vt 0.150000 0.000000
vt 0.200000 0.000000
vt 0.250000 0.000000
vt 0.300000 0.000000
vt 0.350000 0.000000
vt 0.400000 0.000000
vt 0.450000 0.000000
vt 0.500000 0.000000
vt 0.550000 0.000000
vt 0.600000 0.000000
vt 0.650000 0.000000
vt 0.700000 0.000000
vt 0.750000 0.000000
vt 0.800000 0.000000
vt 0.850000 0.000000
vt 0.900000 0.000000
vt 0.950000 0.000000
vt 1.000000 0.000000
vt 0.000000 0.066667
vt 0.050000 0.066667
vt 0.100000 0.066667
vt 0.150000 0.066667
vt 0.200000 0.066667
vt 0.250000 0.066667
vt 0.300000 0.066667
vt 0.350000 0.066667
vt 0.400000 0.066667
vt 0.450000 0.066667
vt 0.500000 0.066667
vt 0.550000 0.066667
vt 0.600000 0.066667
vt 0.650000 0.066667
vt 0.700000 0.066667
vt 0.750000 0.066667
vt 0.800000 0.066667
vt 0.850000 0.066667
vt 0.900000 0.066667
vt 0.950000 0.066667
vt 1.000000 0.066667
vt 0.000000 0.133333
vt 0.050000 0.133333
vt 0.100000 0.133333
vt 0.150000 0.133333
vt 0.200000 0.133333
vt 0.250000 0.133333
vt 0.300000 0.133333
vt 0.350000 0.133333
vt 0.400000 0.133333
vt 0.450000 0.133333
vt 0.500000 0.133333
vt 0.550000 0.133333
vt 0.600000 0.133333
vt 0.650000 0.133333
vt 0.700000 0.133333
vt 0.750000 0.133333
vt 0.800000 0.133333
vt 0.850000 0.133333
vt 0.900000 0.133333
vt 0.950000 0.133333
vt 1.000000 0.133333
vt 0.000000 0.200000
vt 0.050000 0.200000
vt 0.100000 0.200000
vt 0.150000 0.200000
vt 0.200000 0.200000
vt 0.250000 0.200000
vt 0.300000 0.200000
vt 0.350000 0.200000
vt 0.400000 0.200000
vt 0.450000 0.200000
vt 0.500000 0.200000
vt 0.550000 0.200000
vt 0.600000 0.200000
vt 0.650000 0.200000
vt 0.700000 0.200000
vt 0.750000 0.200000
vt 0.800000 0.200000
vt 0.850000 0.200000
vt 0.900000 0.200000
vt 0.950000 0.200000
vt 1.000000 0.200000
vt 0.000000 0.266667
vt 0.050000 0.266667
vt 0.100000 0.266667
vt 0.150000 0.266667
vt 0.200000 0.266667
vt 0.250000 0.266667
vt 0.300000 0.266667
vt 0.350000 0.266667
vt 0.400000 0.266667
vt 0.450000 0.266667
vt 0.500000 0.266667
vt 0.550000 0.266667
vt 0.600000 0.266667
vt 0.650000 0.266667
vt 0.700000 0.266667
vt 0.750000 0.266667
vt 0.800000 0.266667
vt 0.850000 0.266667
vt 0.900000 0.266667
vt 0.950000 0.266667
vt 1.000000 0.266667
vt 0.000000 0.333333
vt 0.050000 0.333333
vt 0.100000 0.333333
vt 0.150000 0.333333
vt 0.200000 0.333333
vt 0.250000 0.333333
vt 0.300000 0.333333
vt 0.350000 0.333333
vt 0.400000 0.333333
vt 0.450000 0.333333
vt 0.500000 0.333333
vt 0.550000 0.333333
vt 0.600000 0.333333
vt 0.650000 0.333333
vt 0.700000 0.333333
vt 0.750000 0.333333
vt 0.800000 0.333333
vt 0.850000 0.333333
vt 0.900000 0.333333
vt 0.950000 0.333333
vt 1.000000 0.333333
vt 0.000000 0.400000
vt 0.050000 0.400000
vt 0.100000 0.400000
vt 0.150000 0.400000
vt 0.200000 0.400000
vt 0.250000 0.400000
vt 0.300000 0.400000
vt 0.350000 0.400000
vt 0.400000 0.400000
vt 0.450000 0.400000
vt 0.500000 0.400000
vt 0.550000 0.400000
vt 0.600000 0.400000
vt 0.650000 0.400000
vt 0.700000 0.400000
vt 0.750000 0.400000
vt 0.800000 0.400000
vt 0.850000 0.400000
vt 0.900000 0.400000
vt 0.950000 0.400000
vt 1.000000 0.400000
vt 0.000000 0.466667
vt 0.050000 0.466667
vt 0.100000 0.466667
vt 0.150000 0.466667
vt 0.200000 0.466667
vt 0.250000 0.466667
vt 0.300000 0.466667
vt 0.350000 0.466667
vt 0.400000 0.466667
vt 0.450000 0.466667
vt 0.500000 0.466667
vt 0.550000 0.466667
vt 0.600000 0.466667
vt 0.650000 0.466667
vt 0.700000 0.466667
vt 0.750000 0.466667
vt 0.800000 0.466667
vt 0.850000 0.466667
vt 0.900000 0.466667
vt 0.950000 0.466667
vt 1.000000 0.466667
vt 0.000000 0.533333
vt 0.050000 0.533333
vt 0.100000 0.533333
vt 0.150000 0.533333
vt 0.200000 0.533333
vt 0.250000 0.533333
vt 0.300000 0.533333
vt 0.350000 0.533333
vt 0.400000 0.533333
vt 0.450000 0.533333
vt 0.500000 0.533333
vt 0.550000 0.533333
vt 0.600000 0.533333
vt 0.650000 0.533333
vt 0.700000 0.533333
vt 0.750000 0.533333
vt 0.800000 0.533333
vt 0.850000 0.533333
vt 0.900000 0.533333
vt 0.950000 0.533333
vt 1.000000 0.533333
vt 0.000000 0.600000
vt 0.050000 0.600000
vt 0.100000 0.600000
vt 0.150000 0.600000
vt 0.200000 0.600000
vt 0.250000 0.600000
vt 0.300000 0.600000
vt 0.350000 0.600000
vt 0.400000 0.600000
vt 0.450000 0.600000
vt 0.500000 0.600000
vt 0.550000 0.600000
vt 0.600000 0.600000
vt 0.650000 0.600000
vt 0.700000 0.600000
vt 0.750000 0.600000
vt 0.800000 0.600000
vt 0.850000 0.600000
vt 0.900000 0.600000
vt 0.950000 0.600000
vt 1.000000 0.600000
vt 0.000000 0.666667
vt 0.050000 0.666667
vt 0.100000 0.666667
vt 0.150000 0.666667
vt 0.200000 0.666667
vt 0.250000 0.666667
vt 0.300000 0.666667
vt 0.350000 0.666667
vt 0.400000 0.666667
vt 0.450000 0.666667
vt 0.500000 0.666667
vt 0.550000 0.666667
vt 0.600000 0.666667
vt 0.650000 0.666667
vt 0.700000 0.666667
vt 0.750000 0.666667
vt 0.800000 0.666667
vt 0.850000 0.666667
vt 0.900000 0.666667
vt 0.950000 0.666667
vt 1.000000 0.666667
vt 0.000000 0.733333
vt 0.050000 0.733333
vt 0.100000 0.733333
vt 0.150000 0.733333
vt 0.200000 0.733333
vt 0.250000 0.733333
vt 0.300000 0.733333
vt 0.350000 0.733333
vt 0.400000 0.733333
vt 0.450000 0.733333
vt 0.500000 0.733333
vt 0.550000 0.733333
vt 0.600000 0.733333
vt 0.650000 0.733333
vt 0.700000 0.733333
vt 0.750000 0.733333
vt 0.800000 0.733333
vt 0.850000 0.733333
vt 0.900000 0.733333
vt 0.950000 0.733333
vt 1.000000 0.733333
vt 0.000000 0.800000
vt 0.050000 0.800000
vt 0.100000 0.800000
vt 0.150000 0.800000
vt 0.200000 0.800000
vt 0.250000 0.800000
vt 0.300000 0.800000
vt 0.350000 0.800000
vt 0.400000 0.800000
vt 0.450000 0.800000
vt 0.500000 0.800000
vt 0.550000 0.800000
vt 0.600000 0.800000
vt 0.650000 0.800000
vt 0.700000 0.800000
vt 0.750000 0.800000
vt 0.800000 0.800000
vt 0.850000 0.800000
vt 0.900000 0.800000
vt 0.950000 0.800000
vt 1.000000 0.800000
vt 0.000000 0.866667
vt 0.050000 0.866667
vt 0.100000 0.866667
vt 0.150000 0.866667
vt 0.200000 0.866667
vt 0.250000 0.866667
vt 0.300000 0.866667
vt 0.350000 0.866667
vt 0.400000 0.866667
vt 0.450000 0.866667
vt 0.500000 0.866667
vt 0.550000 0.866667
vt 0.600000 0.866667
vt 0.650000 0.866667
vt 0.700000 0.866667
vt 0.750000 0.866667
vt 0.800000 0.866667
vt 0.850000 0.866667
vt 0.900000 0.866667
vt 0.950000 0.866667
vt 1.000000 0.866667
vt 0.000000 0.933333
vt 0.050000 0.933333
vt 0.100000 0.933333
vt 0.150000 0.933333
vt 0.200000 0.933333
vt 0.250000 0.933333
vt 0.300000 0.933333
vt 0.350000 0.933333
vt 0.400000 0.933333
vt 0.450000 0.933333
vt 0.500000 0.933333
vt 0.550000 0.933333
vt 0.600000 0.933333
vt 0.650000 0.933333
vt 0.700000 0.933333
vt 0.750000 0.933333
vt 0.800000 0.933333
vt 0.850000 0.933333
vt 0.900000 0.933333
vt 0.950000 0.933333
vt 1.000000 0.933333
vt 0.000000 1.000000
vt 0.050000 1.000000
vt 0.100000 1.000000
vt 0.150000 1.000000
vt 0.200000 1.000000
vt 0.250000 1.000000
vt 0.300000 1.000000
vt 0.350000 1.000000
vt 0.400000 1.000000
vt 0.450000 1.000000
vt 0.500000 1.000000
vt 0.550000 1.000000
vt 0.600000 1.000000
vt 0.650000 1.000000
vt 0.700000 1.000000
vt 0.750000 1.000000
vt 0.800000 1.000000
vt 0.850000 1.000000
vt 0.900000 1.000000
vt 0.950000 1.000000
vt 1.000000 1.000000
vt 0.000000 0.000000
vt 1.000000 0.000000
vt 1.000000 1.000000
vt 0.000000 1.000000
vt 0.000000 0.000000
vt 1.000000 0.000000
vt 1.000000 1.000000
vt 0.000000 1.000000
vt 0.000000 0.000000
vt 1.000000 0.000000
vt 1.000000 1.000000
vt 0.000000 1.000000
vt 0.000000 0.000000
vt 1.000000 0.000000
vt 1.000000 1.000000
vt 0.000000 1.000000
vt 0.000000 0.000000
vt 1.000000 0.000000
vt 1.000000 1.000000
vt 0.000000 1.000000
vt 0.000000 0.000000
vt 1.000000 0.000000
vt 1.000000 1.000000
vt 0.000000 1.000000
vt 0.000000 0.000000
vt 1.000000 0.000000
vt 1.000000 1.000000
vt 0.000000 1.000000
vt 0.500000 0.500000
vt 0.000000 0.000000
vt 1.000000 0.000000
vt 0.000000 0.000000
vt 1.000000 0.000000
vt 0.000000 0.000000
vt 1.000000 0.000000
vt 0.000000 0.000000
vt 1.000000 0.000000
vt 0.000000 0.000000
vt 1.000000 0.000000
vt 0.000000 0.000000
vt 1.000000 0.000000
vt 0.000000 0.000000
vt 1.000000 0.000000
vt 0.500000 0.500000
vt 0.000000 0.000000
vt 1.000000 0.000000
vt 0.000000 0.000000
vt 1.000000 0.000000
vt 0.000000 0.000000
vt 1.000000 0.000000
vt 0.000000 0.000000
vt 1.000000 0.000000
vt 0.000000 0.000000
vt 1.000000 0.000000
vt 0.000000 0.000000
vt 1.000000 0.000000
vt 0.000000 0.000000
vt 1.000000 0.000000
vt 0.000000 0.000000
vt 1.000000 0.000000
vt 1.000000 1.000000
vt 0.000000 1.000000
vt 0.000000 0.000000
vt 1.000000 0.000000
vt 1.000000 1.000000
vt 0.000000 1.000000
vt 0.000000 0.000000
vt 1.000000 0.000000
vt 1.000000 1.000000
vt 0.000000 1.000000
vt 0.000000 0.000000
vt 1.000000 0.000000
vt 1.000000 1.000000
vt 0.000000 1.000000
vt 0.000000 0.000000
vt 1.000000 0.000000
vt 1.000000 1.000000
vt 0.000000 1.000000
vt 0.000000 0.000000
vt 1.000000 0.000000
vt 1.000000 1.000000
vt 0.000000 1.000000
vt 0.000000 0.000000
vt 1.000000 0.000000
vt 1.000000 1.000000
vt 0.000000 1.000000
vt 0.500000 0.500000
vt 0.000000 0.000000
vt 1.000000 0.000000
vt 0.000000 0.000000
vt 1.000000 0.000000
vt 0.000000 0.000000
vt 1.000000 0.000000
vt 0.000000 0.000000
vt 1.000000 0.000000
vt 0.000000 0.000000
vt 1.000000 0.000000
vt 0.000000 0.000000
vt 1.000000 0.000000
vt 0.000000 0.000000
vt 1.000000 0.000000
vt 0.500000 0.500000
vt 0.000000 0.000000
vt 1.000000 0.000000
vt 0.000000 0.000000
vt 1.000000 0.000000
vt 0.000000 0.000000
vt 1.000000 0.000000
vt 0.000000 0.000000
vt 1.000000 0.000000
vt 0.000000 0.000000
vt 1.000000 0.000000
vt 0.000000 0.000000
vt 1.000000 0.000000
vt 0.000000 0.000000
vt 1.000000 0.000000
vt 0.000000 0.000000
vt 1.000000 0.000000
vt 1.000000 1.000000
vt 0.000000 1.000000
vt 0.000000 0.000000
vt 1.000000 0.000000
vt 1.000000 1.000000
vt 0.000000 1.000000
vt 0.000000 0.000000
vt 1.000000 0.000000
vt 1.000000 1.000000
vt 0.000000 1.000000
vt 0.000000 0.000000
vt 1.000000 0.000000
vt 1.000000 1.000000
vt 0.000000 1.000000
vt 0.000000 0.000000
vt 1.000000 0.000000
vt 1.000000 1.000000
vt 0.000000 1.000000
vt 0.000000 0.000000
vt 1.000000 0.000000
vt 1.000000 1.000000
vt 0.000000 1.000000
vt 0.000000 0.000000
vt 1.000000 0.000000
vt 1.000000 1.000000
vt 0.000000 1.000000
vt 0.500000 0.500000
vt 0.000000 0.000000
vt 1.000000 0.000000
vt 0.000000 0.000000
vt 1.000000 0.000000
vt 0.000000 0.000000
vt 1.000000 0.000000
vt 0.000000 0.000000
vt 1.000000 0.000000
vt 0.000000 0.000000
vt 1.000000 0.000000
vt 0.000000 0.000000
vt 1.000000 0.000000
vt 0.000000 0.000000
vt 1.000000 0.000000
vt 0.500000 0.500000
vt 0.000000 0.000000
vt 1.000000 0.000000
vt 0.000000 0.000000
vt 1.000000 0.000000
vt 0.000000 0.000000
vt 1.000000 0.000000
vt 0.000000 0.000000
vt 1.000000 0.000000
vt 0.000000 0.000000
vt 1.000000 0.000000
vt 0.000000 0.000000
vt 1.000000 0.000000
vt 0.000000 0.000000
vt 1.000000 0.000000
vt 0.000000 0.000000
vt 1.000000 0.000000
vt 1.000000 1.000000
vt 0.000000 1.000000
vt 0.000000 0.000000
vt 1.000000 0.000000
vt 1.000000 1.000000
vt 0.000000 1.000000
vt 0.000000 0.000000
vt 1.000000 0.000000
vt 1.000000 1.000000
vt 0.000000 1.000000
vt 0.000000 0.000000
vt 1.000000 0.000000
vt 1.000000 1.000000
vt 0.000000 1.000000
vt 0.000000 0.000000
vt 1.000000 0.000000
vt 1.000000 1.000000
vt 0.000000 1.000000
vt 0.000000 0.000000
vt 1.000000 0.000000
vt 1.000000 1.000000
vt 0.000000 1.000000
vt 0.000000 0.000000
vt 1.000000 0.000000
vt 1.000000 1.000000
vt 0.000000 1.000000
vt 0.000000 0.000000
vt 1.000000 0.000000
vt 1.000000 1.000000
vt 0.000000 1.000000
vt 0.000000 0.000000
vt 1.000000 0.000000
vt 1.000000 1.000000
vt 0.000000 1.000000
vt 0.000000 0.000000
vt 1.000000 0.000000
vt 1.000000 1.000000
vt 0.000000 1.000000
vt 0.000000 0.000000
vt 1.000000 0.000000
vt 1.000000 1.000000
vt 0.000000 1.000000
vt 0.000000 0.000000
vt 1.000000 0.000000
vt 1.000000 1.000000
vt 0.000000 1.000000
vt 0.000000 0.000000
vt 1.000000 0.000000
vt 1.000000 1.000000
vt 0.000000 1.000000
vt 0.000000 0.000000
vt 1.000000 0.000000
vt 1.000000 1.000000
vt 0.000000 1.000000
vt 0.000000 0.000000
vt 1.000000 0.000000
vt 1.000000 1.000000
vt 0.000000 1.000000
vt 0.000000 0.000000
vt 1.000000 0.000000
vt 1.000000 1.000000
vt 0.000000 1.000000
vt 0.000000 0.000000
vt 1.000000 0.000000
vt 1.000000 1.000000
vt 0.000000 1.000000
vt 0.000000 0.000000
vt 1.000000 0.000000
vt 1.000000 1.000000
vt 0.000000 1.000000
vt 0.000000 0.000000
vt 1.000000 0.000000
vt 1.000000 1.000000
vt 0.000000 1.000000
vt 0.000000 0.000000
vt 1.000000 0.000000
vt 1.000000 1.000000
vt 0.000000 1.000000
vt 0.000000 0.000000
vt 1.000000 0.000000
vt 1.000000 1.000000
vt 0.000000 1.000000
vt 0.000000 0.000000
vt 1.000000 0.000000
vt 1.000000 1.000000
vt 0.000000 1.000000
vt 0.000000 0.000000
vt 1.000000 0.000000
vt 1.000000 1.000000
vt 0.000000 1.000000
vt 0.000000 0.000000
vt 1.000000 0.000000
vt 1.000000 1.000000
vt 0.000000 1.000000
vt 0.000000 0.000000
vt 1.000000 0.000000
vt 1.000000 1.000000
vt 0.000000 1.000000
vt 0.000000 0.000000
vt 1.000000 0.000000
vt 1.000000 1.000000
vt 0.000000 1.000000
vt 0.000000 0.000000
vt 1.000000 0.000000
vt 1.000000 1.000000
vt 0.000000 1.000000
vt 0.000000 0.000000
vt 1.000000 0.000000
vt 1.000000 1.000000
vt 0.000000 1.000000
vt 0.000000 0.000000
vt 1.000000 0.000000
vt 1.000000 1.000000
vt 0.000000 1.000000
vt 0.000000 0.000000
vt 1.000000 0.000000
vt 1.000000 1.000000
vt 0.000000 1.000000
vt 0.000000 0.000000
vt 1.000000 0.000000
vt 1.000000 1.000000
vt 0.000000 1.000000
vt 0.000000 0.000000
vt 1.000000 0.000000
vt 1.000000 1.000000
vt 0.000000 1.000000
vt 0.000000 0.000000
vt 1.000000 0.000000
vt 1.000000 1.000000
vt 0.000000 1.000000
vt 0.000000 0.000000
vt 1.000000 0.000000
vt 1.000000 1.000000
vt 0.000000 1.000000
vt 0.000000 0.000000
vt 1.000000 0.000000
vt 1.000000 1.000000
vt 0.000000 1.000000
vt 0.000000 0.000000
vt 1.000000 0.000000
vt 1.000000 1.000000
vt 0.000000 1.000000
vt 0.000000 0.000000
vt 1.000000 0.000000
vt 1.000000 1.000000
vt 0.000000 1.000000
vt 0.000000 0.000000
vt 1.000000 0.000000
vt 1.000000 1.000000
vt 0.000000 1.000000
vt 0.000000 0.000000
vt 1.000000 0.000000
vt 1.000000 1.000000
vt 0.000000 1.000000
vt 0.000000 0.000000
vt 1.000000 0.000000
vt 1.000000 1.000000
vt 0.000000 1.000000
vt 0.000000 0.000000
vt 1.000000 0.000000
vt 1.000000 1.000000
vt 0.000000 1.000000
vt 0.000000 0.000000
vt 1.000000 0.000000
vt 1.000000 1.000000
vt 0.000000 1.000000
vt 0.000000 0.000000
vt 1.000000 0.000000
vt 1.000000 1.000000
vt 0.000000 1.000000
vt 0.000000 0.000000
vt 1.000000 0.000000
vt 1.000000 1.000000
vt 0.000000 1.000000
vt 0.000000 0.000000
vt 1.000000 0.000000
vt 1.000000 1.000000
vt 0.000000 1.000000
vt 0.000000 0.000000
vt 1.000000 0.000000
vt 1.000000 1.000000
vt 0.000000 1.000000
vt 0.000000 0.000000
vt 1.000000 0.000000
vt 1.000000 1.000000
vt 0.000000 1.000000
vt 0.000000 0.000000
vt 1.000000 0.000000
vt 1.000000 1.000000
vt 0.000000 1.000000
vt 0.000000 0.000000
vt 1.000000 0.000000
vt 1.000000 1.000000
vt 0.000000 1.000000
vt 0.000000 0.000000
vt 1.000000 0.000000
vt 1.000000 1.000000
vt 0.000000 1.000000
vt 0.000000 0.000000
vt 1.000000 0.000000
vt 1.000000 1.000000
vt 0.000000 1.000000
vt 0.000000 0.000000
vt 1.000000 0.000000
vt 1.000000 1.000000
vt 0.000000 1.000000
vt 0.000000 0.000000
vt 1.000000 0.000000
vt 1.000000 1.000000
vt 0.000000 1.000000
vt 0.000000 0.000000
vt 1.000000 0.000000
vt 1.000000 1.000000
vt 0.000000 1.000000
vt 0.000000 0.000000
vt 1.000000 0.000000
vt 1.000000 1.000000
vt 0.000000 1.000000
vt 0.000000 0.000000
vt 1.000000 0.000000
vt 1.000000 1.000000
vt 0.000000 1.000000
vt 0.000000 0.000000
vt 1.000000 0.000000
vt 1.000000 1.000000
vt 0.000000 1.000000
vt 0.000000 0.000000
vt 1.000000 0.000000
vt 1.000000 1.000000
vt 0.000000 1.000000
vt 0.000000 0.000000
vt 1.000000 0.000000
vt 1.000000 1.000000
vt 0.000000 1.000000
vt 0.000000 0.000000
vt 1.000000 0.000000
vt 1.000000 1.000000
vt 0.000000 1.000000
vt 0.000000 0.000000
vt 1.000000 0.000000
vt 1.000000 1.000000
vt 0.000000 1.000000
vt 0.000000 0.000000
vt 1.000000 0.000000
vt 1.000000 1.000000
vt 0.000000 1.000000
vt 0.000000 0.000000
vt 1.000000 0.000000
vt 1.000000 1.000000
vt 0.000000 1.000000
vt 0.000000 0.000000
vt 1.000000 0.000000
vt 1.000000 1.000000
vt 0.000000 1.000000
vt 0.000000 0.000000
vt 1.000000 0.000000
vt 1.000000 1.000000
vt 0.000000 1.000000
vt 0.000000 0.000000
vt 1.000000 0.000000
vt 1.000000 1.000000
vt 0.000000 1.000000
vt 0.000000 0.000000
vt 1.000000 0.000000
vt 1.000000 1.000000
vt 0.000000 1.000000
vt 0.000000 0.000000
vt 1.000000 0.000000
vt 1.000000 1.000000
vt 0.000000 1.000000
vt 0.000000 0.000000
vt 1.000000 0.000000
vt 1.000000 1.000000
vt 0.000000 1.000000
vt 0.000000 0.000000
vt 1.000000 0.000000
vt 1.000000 1.000000
vt 0.000000 1.000000
vt 0.000000 0.000000
vt 1.000000 0.000000
vt 1.000000 1.000000
vt 0.000000 1.000000
vt 0.000000 0.000000
vt 1.000000 0.000000
vt 1.000000 1.000000
vt 0.000000 1.000000
vt 0.000000 0.000000
vt 1.000000 0.000000
vt 1.000000 1.000000
vt 0.000000 1.000000
vt 0.000000 0.000000
vt 1.000000 0.000000
vt 1.000000 1.000000
vt 0.000000 1.000000
vt 0.000000 0.000000
vt 1.000000 0.000000
vt 1.000000 1.000000
vt 0.000000 1.000000
vt 0.000000 0.000000
vt 1.000000 0.000000
vt 1.000000 1.000000
vt 0.000000 1.000000
vt 0.000000 0.000000
vt 1.000000 0.000000
vt 1.000000 1.000000
vt 0.000000 1.000000
vt 0.000000 0.000000
vt 1.000000 0.000000
vt 1.000000 1.000000
vt 0.000000 1.000000
vt 0.000000 0.000000
vt 1.000000 0.000000
vt 1.000000 1.000000
vt 0.000000 1.000000
vt 0.000000 0.000000
vt 1.000000 0.000000
vt 1.000000 1.000000
vt 0.000000 1.000000
vt 0.000000 0.000000
vt 1.000000 0.000000
vt 1.000000 1.000000
vt 0.000000 1.000000
vt 0.000000 0.000000
vt 1.000000 0.000000
vt 1.000000 1.000000
vt 0.000000 1.000000
vt 0.000000 0.000000
vt 1.000000 0.000000
vt 1.000000 1.000000
vt 0.000000 1.000000
vt 0.000000 0.000000
vt 1.000000 0.000000
vt 1.000000 1.000000
vt 0.000000 1.000000
vt 0.000000 0.000000
vt 1.000000 0.000000
vt 1.000000 1.000000
vt 0.000000 1.000000
vt 0.000000 0.000000
vt 1.000000 0.000000
vt 1.000000 1.000000
vt 0.000000 1.000000
vt 0.000000 0.000000
vt 1.000000 0.000000
vt 1.000000 1.000000
vt 0.000000 1.000000
vt 0.000000 0.000000
vt 1.000000 0.000000
vt 1.000000 1.000000
vt 0.000000 1.000000
vt 0.000000 0.000000
vt 1.000000 0.000000
vt 1.000000 1.000000
vt 0.000000 1.000000
vt 0.000000 0.000000
vt 1.000000 0.000000
vt 1.000000 1.000000
vt 0.000000 1.000000
vt 0.000000 0.000000
vt 1.000000 0.000000
vt 1.000000 1.000000
vt 0.000000 1.000000
vt 0.000000 0.000000
vt 1.000000 0.000000
vt 1.000000 1.000000
vt 0.000000 1.000000
vt 0.000000 0.000000
vt 1.000000 0.000000
vt 1.000000 1.000000
vt 0.000000 1.000000
vt 0.000000 0.000000
vt 1.000000 0.000000
vt 1.000000 1.000000
vt 0.000000 1.000000
vt 0.000000 0.000000
vt 1.000000 0.000000
vt 1.000000 1.000000
vt 0.000000 1.000000
vt 0.000000 0.000000
vt 1.000000 0.000000
vt 1.000000 1.000000
vt 0.000000 1.000000
vt 0.000000 0.000000
vt 1.000000 0.000000
vt 1.000000 1.000000
vt 0.000000 1.000000
vt 0.000000 0.000000
vt 1.000000 0.000000
vt 1.000000 1.000000
vt 0.000000 1.000000
vt 0.000000 0.000000
vt 1.000000 0.000000
vt 1.000000 1.000000
vt 0.000000 1.000000
vt 0.000000 0.000000
vt 1.000000 0.000000
vt 1.000000 1.000000
vt 0.000000 1.000000
vt 0.000000 0.000000
vt 1.000000 0.000000
vt 1.000000 1.000000
vt 0.000000 1.000000
vt 0.000000 0.000000
vt 1.000000 0.000000
vt 1.000000 1.000000
vt 0.000000 1.000000
vt 0.000000 0.000000
vt 1.000000 0.000000
vt 1.000000 1.000000
vt 0.000000 1.000000
vt 0.000000 0.000000
vt 1.000000 0.000000
vt 1.000000 1.000000
vt 0.000000 1.000000
vt 0.000000 0.000000
vt 1.000000 0.000000
vt 1.000000 1.000000
vt 0.000000 1.000000
vt 0.000000 0.000000
vt 1.000000 0.000000
vt 1.000000 1.000000
vt 0.000000 1.000000
vt 0.000000 0.000000
vt 1.000000 0.000000
vt 1.000000 1.000000
vt 0.000000 1.000000
vt 0.000000 0.000000
vt 1.000000 0.000000
vt 1.000000 1.000000
vt 0.000000 1.000000
vt 0.000000 0.000000
vt 1.000000 0.000000
vt 1.000000 1.000000
vt 0.000000 1.000000
vt 0.000000 0.000000
vt 1.000000 0.000000
vt 1.000000 1.000000
vt 0.000000 1.000000
vt 0.000000 0.000000
vt 1.000000 0.000000
vt 1.000000 1.000000
vt 0.000000 1.000000
vt 0.000000 0.000000
vt 1.000000 0.000000
vt 1.000000 1.000000
vt 0.000000 1.000000
vt 0.000000 0.000000
vt 1.000000 0.000000
vt 1.000000 1.000000
vt 0.000000 1.000000
vt 0.000000 0.000000
vt 1.000000 0.000000
vt 1.000000 1.000000
vt 0.000000 1.000000
vt 0.000000 0.000000
vt 1.000000 0.000000
vt 1.000000 1.000000
vt 0.000000 1.000000
vt 0.000000 0.000000
vt 1.000000 0.000000
vt 1.000000 1.000000
vt 0.000000 1.000000
vt 0.000000 0.000000
vt 1.000000 0.000000
vt 1.000000 1.000000
vt 0.000000 1.000000
vt 0.000000 0.000000
vt 1.000000 0.000000
vt 1.000000 1.000000
vt 0.000000 1.000000
vt 0.000000 0.000000
vt 1.000000 0.000000
vt 1.000000 1.000000
vt 0.000000 1.000000
vt 0.000000 0.000000
vt 1.000000 0.000000
vt 1.000000 1.000000
vt 0.000000 1.000000
vt 0.000000 0.000000
vt 1.000000 0.000000
vt 1.000000 1.000000
vt 0.000000 1.000000
vt 0.000000 0.000000
vt 1.000000 0.000000
vt 1.000000 1.000000
vt 0.000000 1.000000
vt 0.000000 0.000000
vt 1.000000 0.000000
vt 1.000000 1.000000
vt 0.000000 1.000000
vt 0.000000 0.000000
vt 1.000000 0.000000
vt 1.000000 1.000000
vt 0.000000 1.000000
vt 0.000000 0.000000
vt 1.000000 0.000000
vt 1.000000 1.000000
vt 0.000000 1.000000
vt 0.000000 0.000000
vt 1.000000 0.000000
vt 1.000000 1.000000
vt 0.000000 1.000000
vt 0.000000 0.000000
vt 1.000000 0.000000
vt 1.000000 1.000000
vt 0.000000 1.000000
vt 0.000000 0.000000
vt 1.000000 0.000000
vt 1.000000 1.000000
vt 0.000000 1.000000
vt 0.000000 0.000000
vt 1.000000 0.000000
vt 1.000000 1.000000
vt 0.000000 1.000000
vt 0.000000 0.000000
vt 1.000000 0.000000
vt 1.000000 1.000000
vt 0.000000 1.000000
vt 0.000000 0.000000
vt 1.000000 0.000000
vt 1.000000 1.000000
vt 0.000000 1.000000
vt 0.000000 0.000000
vt 1.000000 0.000000
vt 1.000000 1.000000
vt 0.000000 1.000000
vt 0.000000 0.000000
vt 1.000000 0.000000
vt 1.000000 1.000000
vt 0.000000 1.000000
vt 0.500000 0.500000
vt 0.000000 0.000000
vt 1.000000 0.000000
vt 0.000000 0.000000
vt 1.000000 0.000000
vt 0.000000 0.000000
vt 1.000000 0.000000
vt 0.000000 0.000000
vt 1.000000 0.000000
vt 0.000000 0.000000
vt 1.000000 0.000000
vt 0.000000 0.000000
vt 1.000000 0.000000
vt 0.000000 0.000000
vt 1.000000 0.000000
vt 0.500000 0.500000
vt 0.000000 0.000000
vt 1.000000 0.000000
vt 0.000000 0.000000
vt 1.000000 0.000000
vt 0.000000 0.000000
vt 1.000000 0.000000
vt 0.000000 0.000000
vt 1.000000 0.000000
vt 0.000000 0.000000
vt 1.000000 0.000000
vt 0.000000 0.000000
vt 1.000000 0.000000
vt 0.000000 0.000000
vt 1.000000 0.000000
vt 0.000000 0.000000
vt 1.000000 0.000000
vt 1.000000 1.000000
vt 0.000000 1.000000
vt 0.000000 0.000000
vt 1.000000 0.000000
vt 1.000000 1.000000
vt 0.000000 1.000000
vt 0.000000 0.000000
vt 1.000000 0.000000
vt 1.000000 1.000000
vt 0.000000 1.000000
vt 0.000000 0.000000
vt 1.000000 0.000000
vt 1.000000 1.000000
vt 0.000000 1.000000
vt 0.000000 0.000000
vt 1.000000 0.000000
vt 1.000000 1.000000
vt 0.000000 1.000000
vt 0.000000 0.000000
vt 1.000000 0.000000
vt 1.000000 1.000000
vt 0.000000 1.000000
vt 0.000000 0.000000
vt 1.000000 0.000000
vt 1.000000 1.000000
vt 0.000000 1.000000
vt 0.500000 0.500000
vt 0.000000 0.000000
vt 1.000000 0.000000
vt 0.000000 0.000000
vt 1.000000 0.000000
vt 0.000000 0.000000
vt 1.000000 0.000000
vt 0.000000 0.000000
vt 1.000000 0.000000
vt 0.000000 0.000000
vt 1.000000 0.000000
vt 0.000000 0.000000
vt 1.000000 0.000000
vt 0.000000 0.000000
vt 1.000000 0.000000
vt 0.500000 0.500000
vt 0.000000 0.000000
vt 1.000000 0.000000
vt 0.000000 0.000000
vt 1.000000 0.000000
vt 0.000000 0.000000
vt 1.000000 0.000000
vt 0.000000 0.000000
vt 1.000000 0.000000
vt 0.000000 0.000000
vt 1.000000 0.000000
vt 0.000000 0.000000
vt 1.000000 0.000000
vt 0.000000 0.000000
vt 1.000000 0.000000
vt 0.000000 0.000000
vt 1.000000 0.000000
vt 1.000000 1.000000
vt 0.000000 1.000000
vt 0.000000 0.000000
vt 1.000000 0.000000
vt 1.000000 1.000000
vt 0.000000 1.000000
vt 0.000000 0.000000
vt 1.000000 0.000000
vt 1.000000 1.000000
vt 0.000000 1.000000
vt 0.000000 0.000000
vt 1.000000 0.000000
vt 1.000000 1.000000
vt 0.000000 1.000000
vt 0.000000 0.000000
vt 1.000000 0.000000
vt 1.000000 1.000000
vt 0.000000 1.000000
vt 0.000000 0.000000
vt 1.000000 0.000000
vt 1.000000 1.000000
vt 0.000000 1.000000
vt 0.000000 0.000000
vt 1.000000 0.000000
vt 1.000000 1.000000
vt 0.000000 1.000000
vt 0.500000 0.500000
vt 0.000000 0.000000
vt 1.000000 0.000000
vt 0.000000 0.000000
vt 1.000000 0.000000
vt 0.000000 0.000000
vt 1.000000 0.000000
vt 0.000000 0.000000
vt 1.000000 0.000000
vt 0.000000 0.000000
vt 1.000000 0.000000
vt 0.000000 0.000000
vt 1.000000 0.000000
vt 0.000000 0.000000
vt 1.000000 0.000000
vt 0.500000 0.500000
vt 0.000000 0.000000
vt 1.000000 0.000000
vt 0.000000 0.000000
vt 1.000000 0.000000
vt 0.000000 0.000000
vt 1.000000 0.000000
vt 0.000000 0.000000
vt 1.000000 0.000000
vt 0.000000 0.000000
vt 1.000000 0.000000
vt 0.000000 0.000000
vt 1.000000 0.000000
vt 0.000000 0.000000
vt 1.000000 0.000000
vt 0.000000 0.000000
vt 1.000000 0.000000
vt 1.000000 1.000000
vt 0.000000 1.000000
vt 0.000000 0.000000
vt 1.000000 0.000000
vt 1.000000 1.000000
vt 0.000000 1.000000
vt 0.000000 0.000000
vt 1.000000 0.000000
vt 1.000000 1.000000
vt 0.000000 1.000000
vt 0.000000 0.000000
vt 1.000000 0.000000
vt 1.000000 1.000000
vt 0.000000 1.000000
vt 0.000000 0.000000
vt 1.000000 0.000000
vt 1.000000 1.000000
vt 0.000000 1.000000
vt 0.000000 0.000000
vt 1.000000 0.000000
vt 1.000000 1.000000
vt 0.000000 1.000000
vt 0.000000 0.000000
vt 1.000000 0.000000
vt 1.000000 1.000000
vt 0.000000 1.000000
vt 0.000000 0.000000
vt 1.000000 0.000000
vt 1.000000 1.000000
vt 0.000000 1.000000
vt 0.000000 0.000000
vt 1.000000 0.000000
vt 1.000000 1.000000
vt 0.000000 1.000000
vt 0.000000 0.000000
vt 1.000000 0.000000
vt 1.000000 1.000000
vt 0.000000 1.000000
vt 0.000000 0.000000
vt 1.000000 0.000000
vt 1.000000 1.000000
vt 0.000000 1.000000
vt 0.000000 0.000000
vt 1.000000 0.000000
vt 1.000000 1.000000
vt 0.000000 1.000000
vt 0.000000 0.000000
vt 1.000000 0.000000
vt 1.000000 1.000000
vt 0.000000 1.000000
vt 0.000000 0.000000
vt 1.000000 0.000000
vt 1.000000 1.000000
vt 0.000000 1.000000
vt 0.000000 0.000000
vt 1.000000 0.000000
vt 1.000000 1.000000
vt 0.000000 1.000000
vt 0.000000 0.000000
vt 1.000000 0.000000
vt 1.000000 1.000000
vt 0.000000 1.000000
vt 0.000000 0.000000
vt 1.000000 0.000000
vt 1.000000 1.000000
vt 0.000000 1.000000
vt 0.000000 0.000000
vt 1.000000 0.000000
vt 1.000000 1.000000
vt 0.000000 1.000000
vt 0.000000 0.000000
vt 1.000000 0.000000
vt 1.000000 1.000000
vt 0.000000 1.000000
vt 0.000000 0.000000
vt 1.000000 0.000000
vt 1.000000 1.000000
vt 0.000000 1.000000
vt 0.000000 0.000000
vt 1.000000 0.000000
vt 1.000000 1.000000
vt 0.000000 1.000000
vt 0.000000 0.000000
vt 1.000000 0.000000
vt 1.000000 1.000000
vt 0.000000 1.000000
vt 0.000000 0.000000
vt 1.000000 0.000000
vt 1.000000 1.000000
vt 0.000000 1.000000
vt 0.000000 0.000000
vt 1.000000 0.000000
vt 1.000000 1.000000
vt 0.000000 1.000000
vt 0.000000 0.000000
vt 1.000000 0.000000
vt 1.000000 1.000000
vt 0.000000 1.000000
vt 0.000000 0.000000
vt 1.000000 0.000000
vt 1.000000 1.000000
vt 0.000000 1.000000
vt 0.000000 0.000000
vt 1.000000 0.000000
vt 1.000000 1.000000
vt 0.000000 1.000000
vt 0.000000 0.000000
vt 1.000000 0.000000
vt 1.000000 1.000000
vt 0.000000 1.000000
vt 0.000000 0.000000
vt 1.000000 0.000000
vt 1.000000 1.000000
vt 0.000000 1.000000
vt 0.000000 0.000000
vt 1.000000 0.000000
vt 1.000000 1.000000
vt 0.000000 1.000000
vt 0.000000 0.000000
vt 1.000000 0.000000
vt 1.000000 1.000000
vt 0.000000 1.000000
vt 0.000000 0.000000
vt 1.000000 0.000000
vt 1.000000 1.000000
vt 0.000000 1.000000
vt 0.000000 0.000000
vt 1.000000 0.000000
vt 1.000000 1.000000
vt 0.000000 1.000000
vt 0.000000 0.000000
vt 1.000000 0.000000
vt 1.000000 1.000000
vt 0.000000 1.000000
vt 0.000000 0.000000
vt 1.000000 0.000000
vt 1.000000 1.000000
vt 0.000000 1.000000
vt 0.000000 0.000000
vt 1.000000 0.000000
vt 1.000000 1.000000
vt 0.000000 1.000000
vt 0.000000 0.000000
vt 1.000000 0.000000
vt 1.000000 1.000000
vt 0.000000 1.000000
vt 0.000000 0.000000
vt 1.000000 0.000000
vt 1.000000 1.000000
vt 0.000000 1.000000
vt 0.000000 0.000000
vt 1.000000 0.000000
vt 1.000000 1.000000
vt 0.000000 1.000000
vt 0.000000 0.000000
vt 1.000000 0.000000
vt 1.000000 1.000000
vt 0.000000 1.000000
vt 0.000000 0.000000
vt 1.000000 0.000000
vt 1.000000 1.000000
vt 0.000000 1.000000
vt 0.000000 0.000000
vt 1.000000 0.000000
vt 1.000000 1.000000
vt 0.000000 1.000000
vt 0.000000 0.000000
vt 1.000000 0.000000
vt 1.000000 1.000000
vt 0.000000 1.000000
vt 0.000000 0.000000
vt 1.000000 0.000000
vt 1.000000 1.000000
vt 0.000000 1.000000
vt 0.000000 0.000000
vt 1.000000 0.000000
vt 1.000000 1.000000
vt 0.000000 1.000000
vt 0.000000 0.000000
vt 1.000000 0.000000
vt 1.000000 1.000000
vt 0.000000 1.000000
vt 0.000000 0.000000
vt 1.000000 0.000000
vt 1.000000 1.000000
vt 0.000000 1.000000
vt 0.000000 0.000000
vt 1.000000 0.000000
vt 1.000000 1.000000
vt 0.000000 1.000000
vt 0.000000 0.000000
vt 1.000000 0.000000
vt 1.000000 1.000000
vt 0.000000 1.000000
vt 0.000000 0.000000
vt 1.000000 0.000000
vt 1.000000 1.000000
vt 0.000000 1.000000
vt 0.000000 0.000000
vt 1.000000 0.000000
vt 1.000000 1.000000
vt 0.000000 1.000000
vt 0.000000 0.000000
vt 1.000000 0.000000
vt 1.000000 1.000000
vt 0.000000 1.000000
vt 0.000000 0.000000
vt 1.000000 0.000000
vt 1.000000 1.000000
vt 0.000000 1.000000
vt 0.000000 0.000000
vt 1.000000 0.000000
vt 1.000000 1.000000
vt 0.000000 1.000000
vt 0.000000 0.000000
vt 1.000000 0.000000
vt 1.000000 1.000000
vt 0.000000 1.000000
vt 0.000000 0.000000
vt 1.000000 0.000000
vt 1.000000 1.000000
vt 0.000000 1.000000
vt 0.000000 0.000000
vt 1.000000 0.000000
vt 1.000000 1.000000
vt 0.000000 1.000000
vt 0.000000 0.000000
vt 1.000000 0.000000
vt 1.000000 1.000000
vt 0.000000 1.000000
vt 0.000000 0.000000
vt 1.000000 0.000000
vt 1.000000 1.000000
vt 0.000000 1.000000
vt 0.000000 0.000000
vt 1.000000 0.000000
vt 1.000000 1.000000
vt 0.000000 1.000000
vt 0.000000 0.000000
vt 1.000000 0.000000
vt 1.000000 1.000000
vt 0.000000 1.000000
vt 0.000000 0.000000
vt 1.000000 0.000000
vt 1.000000 1.000000
vt 0.000000 1.000000
vt 0.000000 0.000000
vt 1.000000 0.000000
vt 1.000000 1.000000
vt 0.000000 1.000000
vt 0.000000 0.000000
vt 1.000000 0.000000
vt 1.000000 1.000000
vt 0.000000 1.000000
vt 0.000000 0.000000
vt 1.000000 0.000000
vt 1.000000 1.000000
vt 0.000000 1.000000
vt 0.000000 0.000000
vt 1.000000 0.000000
vt 1.000000 1.000000
vt 0.000000 1.000000
vt 0.000000 0.000000
vt 1.000000 0.000000
vt 1.000000 1.000000
vt 0.000000 1.000000
vt 0.000000 0.000000
vt 1.000000 0.000000
vt 1.000000 1.000000
vt 0.000000 1.000000
vt 0.000000 0.000000
vt 1.000000 0.000000
vt 1.000000 1.000000
vt 0.000000 1.000000
vt 0.000000 0.000000
vt 1.000000 0.000000
vt 1.000000 1.000000
vt 0.000000 1.000000
vt 0.000000 0.000000
vt 1.000000 0.000000
vt 1.000000 1.000000
vt 0.000000 1.000000
vt 0.000000 0.000000
vt 1.000000 0.000000
vt 1.000000 1.000000
vt 0.000000 1.000000
vt 0.000000 0.000000
vt 1.000000 0.000000
vt 1.000000 1.000000
vt 0.000000 1.000000
vt 0.000000 0.000000
vt 1.000000 0.000000
vt 1.000000 1.000000
vt 0.000000 1.000000
vt 0.000000 0.000000
vt 1.000000 0.000000
vt 1.000000 1.000000
vt 0.000000 1.000000
vt 0.000000 0.000000
vt 1.000000 0.000000
vt 1.000000 1.000000
vt 0.000000 1.000000
vt 0.000000 0.000000
vt 1.000000 0.000000
vt 1.000000 1.000000
vt 0.000000 1.000000
vt 0.000000 0.000000
vt 1.000000 0.000000
vt 1.000000 1.000000
vt 0.000000 1.000000
vt 0.000000 0.000000
vt 1.000000 0.000000
vt 1.000000 1.000000
vt 0.000000 1.000000
vt 0.000000 0.000000
vt 1.000000 0.000000
vt 1.000000 1.000000
vt 0.000000 1.000000
vt 0.000000 0.000000
vt 1.000000 0.000000
vt 1.000000 1.000000
vt 0.000000 1.000000
vt 0.000000 0.000000
vt 1.000000 0.000000
vt 1.000000 1.000000
vt 0.000000 1.000000
vt 0.000000 0.000000
vt 1.000000 0.000000
vt 1.000000 1.000000
vt 0.000000 1.000000
vt 0.000000 0.000000
vt 1.000000 0.000000
vt 1.000000 1.000000
vt 0.000000 1.000000
vt 0.000000 0.000000
vt 1.000000 0.000000
vt 1.000000 1.000000
vt 0.000000 1.000000
vt 0.000000 0.000000
vt 1.000000 0.000000
vt 1.000000 1.000000
vt 0.000000 1.000000
vt 0.000000 0.000000
vt 1.000000 0.000000
vt 1.000000 1.000000
vt 0.000000 1.000000
vt 0.000000 0.000000
vt 1.000000 0.000000
vt 1.000000 1.000000
vt 0.000000 1.000000
vt 0.000000 0.000000
vt 1.000000 0.000000
vt 1.000000 1.000000
vt 0.000000 1.000000
vt 0.000000 0.000000
vt 1.000000 0.000000
vt 1.000000 1.000000
vt 0.000000 1.000000
vt 0.000000 0.000000
vt 1.000000 0.000000
vt 1.000000 1.000000
vt 0.000000 1.000000
vt 0.000000 0.000000
vt 1.000000 0.000000
vt 1.000000 1.000000
vt 0.000000 1.000000
vt 0.000000 0.000000
vt 1.000000 0.000000
vt 1.000000 1.000000
vt 0.000000 1.000000
vt 0.000000 0.000000
vt 1.000000 0.000000
vt 1.000000 1.000000
vt 0.000000 1.000000
vt 0.000000 0.000000
vt 1.000000 0.000000
vt 1.000000 1.000000
vt 0.000000 1.000000
vt 0.000000 0.000000
vt 1.000000 0.000000
vt 1.000000 1.000000
vt 0.000000 1.000000
vt 0.000000 0.000000
vt 1.000000 0.000000
vt 1.000000 1.000000
vt 0.000000 1.000000
vt 0.000000 0.000000
vt 1.000000 0.000000
vt 1.000000 1.000000
vt 0.000000 1.000000
vt 0.000000 0.000000
vt 1.000000 0.000000
vt 1.000000 1.000000
vt 0.000000 1.000000
vt 0.000000 0.000000
vt 1.000000 0.000000
vt 1.000000 1.000000
vt 0.000000 1.000000
vt 0.000000 0.000000
vt 1.000000 0.000000
vt 1.000000 1.000000
vt 0.000000 1.000000
vt 0.000000 0.000000
vt 1.000000 0.000000
vt 1.000000 1.000000
vt 0.000000 1.000000
vt 0.000000 0.000000
vt 1.000000 0.000000
vt 1.000000 1.000000
vt 0.000000 1.000000
vt 0.000000 0.000000
vt 1.000000 0.000000
vt 1.000000 1.000000
vt 0.000000 1.000000
vt 0.000000 0.000000
vt 1.000000 0.000000
vt 1.000000 1.000000
vt 0.000000 1.000000
vt 0.000000 0.000000
vt 1.000000 0.000000
vt 1.000000 1.000000
vt 0.000000 1.000000
vt 0.000000 0.000000
vt 1.000000 0.000000
vt 1.000000 1.000000
vt 0.000000 1.000000
vt 0.000000 0.000000
vt 1.000000 0.000000
vt 1.000000 1.000000
vt 0.000000 1.000000
vt 0.000000 0.000000
vt 1.000000 0.000000
vt 1.000000 1.000000
vt 0.000000 1.000000
vt 0.000000 0.000000
vt 1.000000 0.000000
vt 1.000000 1.000000
vt 0.000000 1.000000
vt 0.000000 0.000000
vt 1.000000 0.000000
vt 1.000000 1.000000
vt 0.000000 1.000000
vt 0.000000 0.000000
vt 1.000000 0.000000
vt 1.000000 1.000000
vt 0.000000 1.000000
vt 0.000000 0.000000
vt 1.000000 0.000000
vt 1.000000 1.000000
vt 0.000000 1.000000
vt 0.000000 0.000000
vt 1.000000 0.000000
vt 1.000000 1.000000
vt 0.000000 1.000000
vt 0.000000 0.000000
vt 1.000000 0.000000
vt 1.000000 1.000000
vt 0.000000 1.000000
vt 0.000000 0.000000
vt 1.000000 0.000000
vt 1.000000 1.000000
vt 0.000000 1.000000
vt 0.000000 0.000000
vt 1.000000 0.000000
vt 1.000000 1.000000
vt 0.000000 1.000000
vt 0.000000 0.000000
vt 1.000000 0.000000
vt 1.000000 1.000000
vt 0.000000 1.000000
vt 0.000000 0.000000
vt 1.000000 0.000000
vt 1.000000 1.000000
vt 0.000000 1.000000
vt 0.000000 0.000000
vt 1.000000 0.000000
vt 1.000000 1.000000
vt 0.000000 1.000000
vt 0.000000 0.000000
vt 1.000000 0.000000
vt 1.000000 1.000000
vt 0.000000 1.000000
vt 0.000000 0.000000
vt 1.000000 0.000000
vt 1.000000 1.000000
vt 0.000000 1.000000
vt 0.000000 0.000000
vt 1.000000 0.000000
vt 1.000000 1.000000
vt 0.000000 1.000000
vt 0.000000 0.000000
vt 1.000000 0.000000
vt 1.000000 1.000000
vt 0.000000 1.000000
vt 0.000000 0.000000
vt 1.000000 0.000000
vt 1.000000 1.000000
vt 0.000000 1.000000
vt 0.000000 0.000000
vt 1.000000 0.000000
vt 1.000000 1.000000
vt 0.000000 1.000000
vt 0.000000 0.000000
vt 1.000000 0.000000
vt 1.000000 1.000000
vt 0.000000 1.000000
vt 0.000000 0.000000
vt 1.000000 0.000000
vt 1.000000 1.000000
vt 0.000000 1.000000
vt 0.000000 0.000000
vt 1.000000 0.000000
vt 1.000000 1.000000
vt 0.000000 1.000000
vt 0.000000 0.000000
vt 1.000000 0.000000
vt 1.000000 1.000000
vt 0.000000 1.000000
vt 0.000000 0.000000
vt 1.000000 0.000000
vt 1.000000 1.000000
vt 0.000000 1.000000
vt 0.000000 0.000000
vt 1.000000 0.000000
vt 1.000000 1.000000
vt 0.000000 1.000000
vt 0.000000 0.000000
vt 1.000000 0.000000
vt 1.000000 1.000000
vt 0.000000 1.000000
vt 0.500000 0.500000
vt 0.000000 0.000000
vt 1.000000 0.000000
vt 0.000000 0.000000
vt 1.000000 0.000000
vt 0.000000 0.000000
vt 1.000000 0.000000
vt 0.000000 0.000000
vt 1.000000 0.000000
vt 0.000000 0.000000
vt 1.000000 0.000000
vt 0.000000 0.000000
vt 1.000000 0.000000
vt 0.000000 0.000000
vt 1.000000 0.000000
vt 0.500000 0.500000
vt 0.000000 0.000000
vt 1.000000 0.000000
vt 0.000000 0.000000
vt 1.000000 0.000000
vt 0.000000 0.000000
vt 1.000000 0.000000
vt 0.000000 0.000000
vt 1.000000 0.000000
vt 0.000000 0.000000
vt 1.000000 0.000000
vt 0.000000 0.000000
vt 1.000000 0.000000
vt 0.000000 0.000000
vt 1.000000 0.000000
vt 0.000000 0.000000
vt 1.000000 0.000000
vt 1.000000 1.000000
vt 0.000000 1.000000
vt 0.000000 0.000000
vt 1.000000 0.000000
vt 1.000000 1.000000
vt 0.000000 1.000000
vt 0.000000 0.000000
vt 1.000000 0.000000
vt 1.000000 1.000000
vt 0.000000 1.000000
vt 0.000000 0.000000
vt 1.000000 0.000000
vt 1.000000 1.000000
vt 0.000000 1.000000
vt 0.000000 0.000000
vt 1.000000 0.000000
vt 1.000000 1.000000
vt 0.000000 1.000000
vt 0.000000 0.000000
vt 1.000000 0.000000
vt 1.000000 1.000000
vt 0.000000 1.000000
vt 0.000000 0.000000
vt 1.000000 0.000000
vt 1.000000 1.000000
vt 0.000000 1.000000
vt 0.500000 0.500000
vt 0.000000 0.000000
vt 1.000000 0.000000
vt 0.000000 0.000000
vt 1.000000 0.000000
vt 0.000000 0.000000
vt 1.000000 0.000000
vt 0.000000 0.000000
vt 1.000000 0.000000
vt 0.000000 0.000000
vt 1.000000 0.000000
vt 0.000000 0.000000
vt 1.000000 0.000000
vt 0.000000 0.000000
vt 1.000000 0.000000
vt 0.500000 0.500000
vt 0.000000 0.000000
vt 1.000000 0.000000
vt 0.000000 0.000000
vt 1.000000 0.000000
vt 0.000000 0.000000
vt 1.000000 0.000000
vt 0.000000 0.000000
vt 1.000000 0.000000
vt 0.000000 0.000000
vt 1.000000 0.000000
vt 0.000000 0.000000
vt 1.000000 0.000000
vt 0.000000 0.000000
vt 1.000000 0.000000
vt 0.000000 0.000000
vt 1.000000 0.000000
vt 1.000000 1.000000
vt 0.000000 1.000000
vt 0.000000 0.000000
vt 1.000000 0.000000
vt 1.000000 1.000000
vt 0.000000 1.000000
vt 0.000000 0.000000
vt 1.000000 0.000000
vt 1.000000 1.000000
vt 0.000000 1.000000
vt 0.000000 0.000000
vt 1.000000 0.000000
vt 1.000000 1.000000
vt 0.000000 1.000000
vt 0.000000 0.000000
vt 1.000000 0.000000
vt 1.000000 1.000000
vt 0.000000 1.000000
vt 0.000000 0.000000
vt 1.000000 0.000000
vt 1.000000 1.000000
vt 0.000000 1.000000
vt 0.000000 0.000000
vt 1.000000 0.000000
vt 1.000000 1.000000
vt 0.000000 1.000000
vt 0.500000 0.500000
vt 0.000000 0.000000
vt 1.000000 0.000000
vt 0.000000 0.000000
vt 1.000000 0.000000
vt 0.000000 0.000000
vt 1.000000 0.000000
vt 0.000000 0.000000
vt 1.000000 0.000000
vt 0.000000 0.000000
vt 1.000000 0.000000
vt 0.000000 0.000000
vt 1.000000 0.000000
vt 0.000000 0.000000
vt 1.000000 0.000000
vt 0.500000 0.500000
vt 0.000000 0.000000
vt 1.000000 0.000000
vt 0.000000 0.000000
vt 1.000000 0.000000
vt 0.000000 0.000000
vt 1.000000 0.000000
vt 0.000000 0.000000
vt 1.000000 0.000000
vt 0.000000 0.000000
vt 1.000000 0.000000
vt 0.000000 0.000000
vt 1.000000 0.000000
vt 0.000000 0.000000
vt 1.000000 0.000000
vt 0.000000 0.000000
vt 1.000000 0.000000
vt 1.000000 1.000000
vt 0.000000 1.000000
vt 0.000000 0.000000
vt 1.000000 0.000000
vt 1.000000 1.000000
vt 0.000000 1.000000
vt 0.000000 0.000000
vt 1.000000 0.000000
vt 1.000000 1.000000
vt 0.000000 1.000000
vt 0.000000 0.000000
vt 1.000000 0.000000
vt 1.000000 1.000000
vt 0.000000 1.000000
vt 0.000000 0.000000
vt 1.000000 0.000000
vt 1.000000 1.000000
vt 0.000000 1.000000
vt 0.000000 0.000000
vt 1.000000 0.000000
vt 1.000000 1.000000
vt 0.000000 1.000000
vt 0.000000 0.000000
vt 1.000000 0.000000
vt 1.000000 1.000000
vt 0.000000 1.000000
vt 0.000000 0.000000
vt 1.000000 0.000000
vt 1.000000 1.000000
vt 0.000000 1.000000
vt 0.000000 0.000000
vt 1.000000 0.000000
vt 1.000000 1.000000
vt 0.000000 1.000000
vt 0.000000 0.000000
vt 1.000000 0.000000
vt 1.000000 1.000000
vt 0.000000 1.000000
vt 0.000000 0.000000
vt 1.000000 0.000000
vt 1.000000 1.000000
vt 0.000000 1.000000
vt 0.000000 0.000000
vt 1.000000 0.000000
vt 1.000000 1.000000
vt 0.000000 1.000000
vt 0.000000 0.000000
vt 1.000000 0.000000
vt 1.000000 1.000000
vt 0.000000 1.000000
vt 0.000000 0.000000
vt 1.000000 0.000000
vt 1.000000 1.000000
vt 0.000000 1.000000
vt 0.000000 0.000000
vt 1.000000 0.000000
vt 1.000000 1.000000
vt 0.000000 1.000000
vt 0.000000 0.000000
vt 1.000000 0.000000
vt 1.000000 1.000000
vt 0.000000 1.000000
vt 0.000000 0.000000
vt 1.000000 0.000000
vt 1.000000 1.000000
vt 0.000000 1.000000
vt 0.000000 0.000000
vt 1.000000 0.000000
vt 1.000000 1.000000
vt 0.000000 1.000000
vt 0.000000 0.000000
vt 1.000000 0.000000
vt 1.000000 1.000000
vt 0.000000 1.000000
vt 0.000000 0.000000
vt 1.000000 0.000000
vt 1.000000 1.000000
vt 0.000000 1.000000
vt 0.000000 0.000000
vt 1.000000 0.000000
vt 1.000000 1.000000
vt 0.000000 1.000000
vt 0.000000 0.000000
vt 1.000000 0.000000
vt 1.000000 1.000000
vt 0.000000 1.000000
vt 0.000000 0.000000
vt 1.000000 0.000000
vt 1.000000 1.000000
vt 0.000000 1.000000
vt 0.000000 0.000000
vt 1.000000 0.000000
vt 1.000000 1.000000
vt 0.000000 1.000000
vt 0.000000 0.000000
vt 1.000000 0.000000
vt 1.000000 1.000000
vt 0.000000 1.000000
vt 0.000000 0.000000
vt 1.000000 0.000000
vt 1.000000 1.000000
vt 0.000000 1.000000
vt 0.000000 0.000000
vt 1.000000 0.000000
vt 1.000000 1.000000
vt 0.000000 1.000000
vt 0.000000 0.000000
vt 1.000000 0.000000
vt 1.000000 1.000000
vt 0.000000 1.000000
vt 0.000000 0.000000
vt 1.000000 0.000000
vt 1.000000 1.000000
vt 0.000000 1.000000
vt 0.000000 0.000000
vt 1.000000 0.000000
vt 1.000000 1.000000
vt 0.000000 1.000000
vt 0.000000 0.000000
vt 1.000000 0.000000
vt 1.000000 1.000000
vt 0.000000 1.000000
vt 0.000000 0.000000
vt 1.000000 0.000000
vt 1.000000 1.000000
vt 0.000000 1.000000
vt 0.000000 0.000000
vt 1.000000 0.000000
vt 1.000000 1.000000
vt 0.000000 1.000000
vt 0.000000 0.000000
vt 1.000000 0.000000
vt 1.000000 1.000000
vt 0.000000 1.000000
vt 0.000000 0.000000
vt 1.000000 0.000000
vt 1.000000 1.000000
vt 0.000000 1.000000
vt 0.000000 0.000000
vt 1.000000 0.000000
vt 1.000000 1.000000
vt 0.000000 1.000000
vt 0.000000 0.000000
vt 1.000000 0.000000
vt 1.000000 1.000000
vt 0.000000 1.000000
vt 0.000000 0.000000
vt 1.000000 0.000000
vt 1.000000 1.000000
vt 0.000000 1.000000
vt 0.000000 0.000000
vt 1.000000 0.000000
vt 1.000000 1.000000
vt 0.000000 1.000000
vt 0.000000 0.000000
vt 1.000000 0.000000
vt 1.000000 1.000000
vt 0.000000 1.000000
vt 0.000000 0.000000
vt 1.000000 0.000000
vt 1.000000 1.000000
vt 0.000000 1.000000
vt 0.000000 0.000000
vt 1.000000 0.000000
vt 1.000000 1.000000
vt 0.000000 1.000000
vt 0.000000 0.000000
vt 1.000000 0.000000
vt 1.000000 1.000000
vt 0.000000 1.000000
vt 0.000000 0.000000
vt 1.000000 0.000000
vt 1.000000 1.000000
vt 0.000000 1.000000
vt 0.000000 0.000000
vt 1.000000 0.000000
vt 1.000000 1.000000
vt 0.000000 1.000000
vt 0.000000 0.000000
vt 1.000000 0.000000
vt 1.000000 1.000000
vt 0.000000 1.000000
vt 0.000000 0.000000
vt 1.000000 0.000000
vt 1.000000 1.000000
vt 0.000000 1.000000
vt 0.000000 0.000000
vt 1.000000 0.000000
vt 1.000000 1.000000
vt 0.000000 1.000000
vt 0.000000 0.000000
vt 1.000000 0.000000
vt 1.000000 1.000000
vt 0.000000 1.000000
vt 0.000000 0.000000
vt 1.000000 0.000000
vt 1.000000 1.000000
vt 0.000000 1.000000
vt 0.000000 0.000000
vt 1.000000 0.000000
vt 1.000000 1.000000
vt 0.000000 1.000000
vt 0.000000 0.000000
vt 1.000000 0.000000
vt 1.000000 1.000000
vt 0.000000 1.000000
vt 0.000000 0.000000
vt 1.000000 0.000000
vt 1.000000 1.000000
vt 0.000000 1.000000
vt 0.000000 0.000000
vt 1.000000 0.000000
vt 1.000000 1.000000
vt 0.000000 1.000000
vt 0.000000 0.000000
vt 1.000000 0.000000
vt 1.000000 1.000000
vt 0.000000 1.000000
vt 0.000000 0.000000
vt 1.000000 0.000000
vt 1.000000 1.000000
vt 0.000000 1.000000
vt 0.000000 0.000000
vt 1.000000 0.000000
vt 1.000000 1.000000
vt 0.000000 1.000000
vt 0.000000 0.000000
vt 1.000000 0.000000
vt 1.000000 1.000000
vt 0.000000 1.000000
vt 0.000000 0.000000
vt 1.000000 0.000000
vt 1.000000 1.000000
vt 0.000000 1.000000
vt 0.000000 0.000000
vt 1.000000 0.000000
vt 1.000000 1.000000
vt 0.000000 1.000000
vt 0.000000 0.000000
vt 1.000000 0.000000
vt 1.000000 1.000000
vt 0.000000 1.000000
vt 0.000000 0.000000
vt 1.000000 0.000000
vt 1.000000 1.000000
vt 0.000000 1.000000
vt 0.000000 0.000000
vt 1.000000 0.000000
vt 1.000000 1.000000
vt 0.000000 1.000000
vt 0.000000 0.000000
vt 1.000000 0.000000
vt 1.000000 1.000000
vt 0.000000 1.000000
vt 0.000000 0.000000
vt 1.000000 0.000000
vt 1.000000 1.000000
vt 0.000000 1.000000
vt 0.000000 0.000000
vt 1.000000 0.000000
vt 1.000000 1.000000
vt 0.000000 1.000000
vt 0.000000 0.000000
vt 1.000000 0.000000
vt 1.000000 1.000000
vt 0.000000 1.000000
vt 0.000000 0.000000
vt 1.000000 0.000000
vt 1.000000 1.000000
vt 0.000000 1.000000
vt 0.000000 0.000000
vt 1.000000 0.000000
vt 1.000000 1.000000
vt 0.000000 1.000000
vt 0.000000 0.000000
vt 1.000000 0.000000
vt 1.000000 1.000000
vt 0.000000 1.000000
vt 0.000000 0.000000
vt 1.000000 0.000000
vt 1.000000 1.000000
vt 0.000000 1.000000
vt 0.000000 0.000000
vt 1.000000 0.000000
vt 1.000000 1.000000
vt 0.000000 1.000000
vt 0.000000 0.000000
vt 1.000000 0.000000
vt 1.000000 1.000000
vt 0.000000 1.000000
vt 0.000000 0.000000
vt 1.000000 0.000000
vt 1.000000 1.000000
vt 0.000000 1.000000
vt 0.000000 0.000000
vt 1.000000 0.000000
vt 1.000000 1.000000
vt 0.000000 1.000000
vt 0.000000 0.000000
vt 1.000000 0.000000
vt 1.000000 1.000000
vt 0.000000 1.000000
vt 0.000000 0.000000
vt 1.000000 0.000000
vt 1.000000 1.000000
vt 0.000000 1.000000
vt 0.000000 0.000000
vt 1.000000 0.000000
vt 1.000000 1.000000
vt 0.000000 1.000000
vt 0.000000 0.000000
vt 1.000000 0.000000
vt 1.000000 1.000000
vt 0.000000 1.000000
vt 0.000000 0.000000
vt 1.000000 0.000000
vt 1.000000 1.000000
vt 0.000000 1.000000
vt 0.000000 0.000000
vt 1.000000 0.000000
vt 1.000000 1.000000
vt 0.000000 1.000000
vt 0.000000 0.000000
vt 1.000000 0.000000
vt 1.000000 1.000000
vt 0.000000 1.000000
vt 0.000000 0.000000
vt 1.000000 0.000000
vt 1.000000 1.000000
vt 0.000000 1.000000
vt 0.000000 0.000000
vt 1.000000 0.000000
vt 1.000000 1.000000
vt 0.000000 1.000000
vt 0.000000 0.000000
vt 1.000000 0.000000
vt 1.000000 1.000000
vt 0.000000 1.000000
vt 0.000000 0.000000
vt 1.000000 0.000000
vt 1.000000 1.000000
vt 0.000000 1.000000
vt 0.000000 0.000000
vt 1.000000 0.000000
vt 1.000000 1.000000
vt 0.000000 1.000000
vt 0.000000 0.000000
vt 1.000000 0.000000
vt 1.000000 1.000000
vt 0.000000 1.000000
vt 0.000000 0.000000
vt 1.000000 0.000000
vt 1.000000 1.000000
vt 0.000000 1.000000
vt 0.000000 0.000000
vt 1.000000 0.000000
vt 1.000000 1.000000
vt 0.000000 1.000000
vt 0.000000 0.000000
vt 1.000000 0.000000
vt 1.000000 1.000000
vt 0.000000 1.000000
vt 0.000000 0.000000
vt 1.000000 0.000000
vt 1.000000 1.000000
vt 0.000000 1.000000
vt 0.000000 0.000000
vt 1.000000 0.000000
vt 1.000000 1.000000
vt 0.000000 1.000000
vt 0.000000 0.000000
vt 1.000000 0.000000
vt 1.000000 1.000000
vt 0.000000 1.000000
vt 0.000000 0.000000
vt 1.000000 0.000000
vt 1.000000 1.000000
vt 0.000000 1.000000
vt 0.000000 0.000000
vt 1.000000 0.000000
vt 1.000000 1.000000
vt 0.000000 1.000000
vt 0.000000 0.000000
vt 1.000000 0.000000
vt 1.000000 1.000000
vt 0.000000 1.000000
vt 0.000000 0.000000
vt 1.000000 0.000000
vt 1.000000 1.000000
vt 0.000000 1.000000
vt 0.000000 0.000000
vt 1.000000 0.000000
vt 1.000000 1.000000
vt 0.000000 1.000000
vt 0.000000 0.000000
vt 1.000000 0.000000
vt 1.000000 1.000000
vt 0.000000 1.000000
vt 0.000000 0.000000
vt 1.000000 0.000000
vt 1.000000 1.000000
vt 0.000000 1.000000
vt 0.000000 0.000000
vt 1.000000 0.000000
vt 1.000000 1.000000
vt 0.000000 1.000000
vt 0.000000 0.000000
vt 1.000000 0.000000
vt 1.000000 1.000000
vt 0.000000 1.000000
vt 0.000000 0.000000
vt 1.000000 0.000000
vt 1.000000 1.000000
vt 0.000000 1.000000
vt 0.000000 0.000000
vt 1.000000 0.000000
vt 1.000000 1.000000
vt 0.000000 1.000000
vt 0.000000 0.000000
vt 1.000000 0.000000
vt 1.000000 1.000000
vt 0.000000 1.000000
vt 0.000000 0.000000
vt 1.000000 0.000000
vt 1.000000 1.000000
vt 0.000000 1.000000
vt 0.000000 0.000000
vt 1.000000 0.000000
vt 1.000000 1.000000
vt 0.000000 1.000000
vt 0.000000 0.000000
vt 1.000000 0.000000
vt 1.000000 1.000000
vt 0.000000 1.000000
vt 0.000000 0.000000
vt 1.000000 0.000000
vt 1.000000 1.000000
vt 0.000000 1.000000
vt 0.000000 0.000000
vt 1.000000 0.000000
vt 1.000000 1.000000
vt 0.000000 1.000000
vt 0.000000 0.000000
vt 1.000000 0.000000
vt 1.000000 1.000000
vt 0.000000 1.000000
vt 0.000000 0.000000
vt 1.000000 0.000000
vt 1.000000 1.000000
vt 0.000000 1.000000
vt 0.000000 0.000000
vt 1.000000 0.000000
vt 1.000000 1.000000
vt 0.000000 1.000000
vt 0.000000 0.000000
vt 1.000000 0.000000
vt 1.000000 1.000000
vt 0.000000 1.000000
vt 0.000000 0.000000
vt 1.000000 0.000000
vt 1.000000 1.000000
vt 0.000000 1.000000
vt 0.000000 0.000000
vt 1.000000 0.000000
vt 1.000000 1.000000
vt 0.000000 1.000000
vt 0.000000 0.000000
vt 1.000000 0.000000
vt 1.000000 1.000000
vt 0.000000 1.000000
vt 0.000000 0.000000
vt 1.000000 0.000000
vt 1.000000 1.000000
vt 0.000000 1.000000
vt 0.000000 0.000000
vt 1.000000 0.000000
vt 1.000000 1.000000
vt 0.000000 1.000000
vt 0.000000 0.000000
vt 1.000000 0.000000
vt 1.000000 1.000000
vt 0.000000 1.000000
vt 0.000000 0.000000
vt 1.000000 0.000000
vt 1.000000 1.000000
vt 0.000000 1.000000
vt 0.000000 0.000000
vt 1.000000 0.000000
vt 1.000000 1.000000
vt 0.000000 1.000000
vt 0.000000 0.000000
vt 1.000000 0.000000
vt 1.000000 1.000000
vt 0.000000 1.000000
vt 0.000000 0.000000
vt 1.000000 0.000000
vt 1.000000 1.000000
vt 0.000000 1.000000
vt 0.000000 0.000000
vt 1.000000 0.000000
vt 1.000000 1.000000
vt 0.000000 1.000000
vt 0.000000 0.000000
vt 1.000000 0.000000
vt 1.000000 1.000000
vt 0.000000 1.000000
vt 0.000000 0.000000
vt 1.000000 0.000000
vt 1.000000 1.000000
vt 0.000000 1.000000
vt 0.000000 0.000000
vt 1.000000 0.000000
vt 1.000000 1.000000
vt 0.000000 1.000000
vt 0.000000 0.000000
vt 1.000000 0.000000
vt 1.000000 1.000000
vt 0.000000 1.000000
vt 0.000000 0.000000
vt 1.000000 0.000000
vt 1.000000 1.000000
vt 0.000000 1.000000
vt 0.000000 0.000000
vt 1.000000 0.000000
vt 1.000000 1.000000
vt 0.000000 1.000000
vt 0.000000 0.000000
vt 1.000000 0.000000
vt 1.000000 1.000000
vt 0.000000 1.000000
vt 0.500000 0.500000
vt 0.000000 0.000000
vt 1.000000 0.000000
vt 0.000000 0.000000
vt 1.000000 0.000000
vt 0.000000 0.000000
vt 1.000000 0.000000
vt 0.000000 0.000000
vt 1.000000 0.000000
vt 0.000000 0.000000
vt 1.000000 0.000000
vt 0.000000 0.000000
vt 1.000000 0.000000
vt 0.000000 0.000000
vt 1.000000 0.000000
vt 0.500000 0.500000
vt 0.000000 0.000000
vt 1.000000 0.000000
vt 0.000000 0.000000
vt 1.000000 0.000000
vt 0.000000 0.000000
vt 1.000000 0.000000
vt 0.000000 0.000000
vt 1.000000 0.000000
vt 0.000000 0.000000
vt 1.000000 0.000000
vt 0.000000 0.000000
vt 1.000000 0.000000
vt 0.000000 0.000000
vt 1.000000 0.000000
vt 0.000000 0.000000
vt 1.000000 0.000000
vt 1.000000 1.000000
vt 0.000000 1.000000
vt 0.000000 0.000000
vt 1.000000 0.000000
vt 1.000000 1.000000
vt 0.000000 1.000000
vt 0.000000 0.000000
vt 1.000000 0.000000
vt 1.000000 1.000000
vt 0.000000 1.000000
vt 0.000000 0.000000
vt 1.000000 0.000000
vt 1.000000 1.000000
vt 0.000000 1.000000
vt 0.000000 0.000000
vt 1.000000 0.000000
vt 1.000000 1.000000
vt 0.000000 1.000000
vt 0.000000 0.000000
vt 1.000000 0.000000
vt 1.000000 1.000000
vt 0.000000 1.000000
vt 0.000000 0.000000
vt 1.000000 0.000000
vt 1.000000 1.000000
vt 0.000000 1.000000
vt 0.500000 0.500000
vt 0.000000 0.000000
vt 1.000000 0.000000
vt 0.000000 0.000000
vt 1.000000 0.000000
vt 0.000000 0.000000
vt 1.000000 0.000000
vt 0.000000 0.000000
vt 1.000000 0.000000
vt 0.000000 0.000000
vt 1.000000 0.000000
vt 0.000000 0.000000
vt 1.000000 0.000000
vt 0.000000 0.000000
vt 1.000000 0.000000
vt 0.500000 0.500000
vt 0.000000 0.000000
vt 1.000000 0.000000
vt 0.000000 0.000000
vt 1.000000 0.000000
vt 0.000000 0.000000
vt 1.000000 0.000000
vt 0.000000 0.000000
vt 1.000000 0.000000
vt 0.000000 0.000000
vt 1.000000 0.000000
vt 0.000000 0.000000
vt 1.000000 0.000000
vt 0.000000 0.000000
vt 1.000000 0.000000
vt 0.000000 0.000000
vt 1.000000 0.000000
vt 1.000000 1.000000
vt 0.000000 1.000000
vt 0.000000 0.000000
vt 1.000000 0.000000
vt 1.000000 1.000000
vt 0.000000 1.000000
vt 0.000000 0.000000
vt 1.000000 0.000000
vt 1.000000 1.000000
vt 0.000000 1.000000
vt 0.000000 0.000000
vt 1.000000 0.000000
vt 1.000000 1.000000
vt 0.000000 1.000000
vt 0.000000 0.000000
vt 1.000000 0.000000
vt 1.000000 1.000000
vt 0.000000 1.000000
vt 0.000000 0.000000
vt 1.000000 0.000000
vt 1.000000 1.000000
vt 0.000000 1.000000
vt 0.000000 0.000000
vt 1.000000 0.000000
vt 1.000000 1.000000
vt 0.000000 1.000000
vt 0.500000 0.500000
vt 0.000000 0.000000
vt 1.000000 0.000000
vt 0.000000 0.000000
vt 1.000000 0.000000
vt 0.000000 0.000000
vt 1.000000 0.000000
vt 0.000000 0.000000
vt 1.000000 0.000000
vt 0.000000 0.000000
vt 1.000000 0.000000
vt 0.000000 0.000000
vt 1.000000 0.000000
vt 0.000000 0.000000
vt 1.000000 0.000000
vt 0.500000 0.500000
vt 0.000000 0.000000
vt 1.000000 0.000000
vt 0.000000 0.000000
vt 1.000000 0.000000
vt 0.000000 0.000000
vt 1.000000 0.000000
vt 0.000000 0.000000
vt 1.000000 0.000000
vt 0.000000 0.000000
vt 1.000000 0.000000
vt 0.000000 0.000000
vt 1.000000 0.000000
vt 0.000000 0.000000
vt 1.000000 0.000000
vt 0.000000 0.000000
vt 1.000000 0.000000
vt 1.000000 1.000000
vt 0.000000 1.000000
vt 0.000000 0.000000
vt 1.000000 0.000000
vt 1.000000 1.000000
vt 0.000000 1.000000
vt 0.000000 0.000000
vt 1.000000 0.000000
vt 1.000000 1.000000
vt 0.000000 1.000000
vt 0.000000 0.000000
vt 1.000000 0.000000
vt 1.000000 1.000000
vt 0.000000 1.000000
vt 0.000000 0.000000
vt 1.000000 0.000000
vt 1.000000 1.000000
vt 0.000000 1.000000
vt 0.000000 0.000000
vt 1.000000 0.000000
vt 1.000000 1.000000
vt 0.000000 1.000000
vt 0.000000 0.000000
vt 1.000000 0.000000
vt 1.000000 1.000000
vt 0.000000 1.000000
vt 0.000000 0.000000
vt 1.000000 0.000000
vt 1.000000 1.000000
vt 0.000000 1.000000
vt 0.000000 0.000000
vt 1.000000 0.000000
vt 1.000000 1.000000
vt 0.000000 1.000000
vt 0.000000 0.000000
vt 1.000000 0.000000
vt 1.000000 1.000000
vt 0.000000 1.000000
vt 0.000000 0.000000
vt 1.000000 0.000000
vt 1.000000 1.000000
vt 0.000000 1.000000
vt 0.000000 0.000000
vt 1.000000 0.000000
vt 1.000000 1.000000
vt 0.000000 1.000000
vt 0.000000 0.000000
vt 1.000000 0.000000
vt 1.000000 1.000000
vt 0.000000 1.000000
vt 0.000000 0.000000
vt 1.000000 0.000000
vt 1.000000 1.000000
vt 0.000000 1.000000
vt 0.000000 0.000000
vt 1.000000 0.000000
vt 1.000000 1.000000
vt 0.000000 1.000000
vt 0.000000 0.000000
vt 1.000000 0.000000
vt 1.000000 1.000000
vt 0.000000 1.000000
vt 0.000000 0.000000
vt 1.000000 0.000000
vt 1.000000 1.000000
vt 0.000000 1.000000
vt 0.000000 0.000000
vt 1.000000 0.000000
vt 1.000000 1.000000
vt 0.000000 1.000000
vt 0.000000 0.000000
vt 1.000000 0.000000
vt 1.000000 1.000000
vt 0.000000 1.000000
vt 0.000000 0.000000
vt 1.000000 0.000000
vt 1.000000 1.000000
vt 0.000000 1.000000
vt 0.000000 0.000000
vt 1.000000 0.000000
vt 1.000000 1.000000
vt 0.000000 1.000000
vt 0.000000 0.000000
vt 1.000000 0.000000
vt 1.000000 1.000000
vt 0.000000 1.000000
vt 0.000000 0.000000
vt 1.000000 0.000000
vt 1.000000 1.000000
vt 0.000000 1.000000
vt 0.000000 0.000000
vt 1.000000 0.000000
vt 1.000000 1.000000
vt 0.000000 1.000000
vt 0.000000 0.000000
vt 1.000000 0.000000
vt 1.000000 1.000000
vt 0.000000 1.000000
vt 0.000000 0.000000
vt 1.000000 0.000000
vt 1.000000 1.000000
vt 0.000000 1.000000
vt 0.000000 0.000000
vt 1.000000 0.000000
vt 1.000000 1.000000
vt 0.000000 1.000000
vt 0.000000 0.000000
vt 1.000000 0.000000
vt 1.000000 1.000000
vt 0.000000 1.000000
vt 0.000000 0.000000
vt 1.000000 0.000000
vt 1.000000 1.000000
vt 0.000000 1.000000
vt 0.000000 0.000000
vt 1.000000 0.000000
vt 1.000000 1.000000
vt 0.000000 1.000000
vt 0.000000 0.000000
vt 1.000000 0.000000
vt 1.000000 1.000000
vt 0.000000 1.000000
vt 0.000000 0.000000
vt 1.000000 0.000000
vt 1.000000 1.000000
vt 0.000000 1.000000
vt 0.000000 0.000000
vt 1.000000 0.000000
vt 1.000000 1.000000
vt 0.000000 1.000000
vt 0.000000 0.000000
vt 1.000000 0.000000
vt 1.000000 1.000000
vt 0.000000 1.000000
vt 0.000000 0.000000
vt 1.000000 0.000000
vt 1.000000 1.000000
vt 0.000000 1.000000
vt 0.000000 0.000000
vt 1.000000 0.000000
vt 1.000000 1.000000
vt 0.000000 1.000000
vt 0.000000 0.000000
vt 1.000000 0.000000
vt 1.000000 1.000000
vt 0.000000 1.000000
vt 0.000000 0.000000
vt 1.000000 0.000000
vt 1.000000 1.000000
vt 0.000000 1.000000
vt 0.000000 0.000000
vt 1.000000 0.000000
vt 1.000000 1.000000
vt 0.000000 1.000000
vt 0.000000 0.000000
vt 1.000000 0.000000
vt 1.000000 1.000000
vt 0.000000 1.000000
vt 0.000000 0.000000
vt 1.000000 0.000000
vt 1.000000 1.000000
vt 0.000000 1.000000
vt 0.000000 0.000000
vt 1.000000 0.000000
vt 1.000000 1.000000
vt 0.000000 1.000000
vt 0.000000 0.000000
vt 1.000000 0.000000
vt 1.000000 1.000000
vt 0.000000 1.000000
vt 0.000000 0.000000
vt 1.000000 0.000000
vt 1.000000 1.000000
vt 0.000000 1.000000
vt 0.000000 0.000000
vt 1.000000 0.000000
vt 1.000000 1.000000
vt 0.000000 1.000000
vt 0.000000 0.000000
vt 1.000000 0.000000
vt 1.000000 1.000000
vt 0.000000 1.000000
vt 0.000000 0.000000
vt 1.000000 0.000000
vt 1.000000 1.000000
vt 0.000000 1.000000
vt 0.000000 0.000000
vt 1.000000 0.000000
vt 1.000000 1.000000
vt 0.000000 1.000000
vt 0.000000 0.000000
vt 1.000000 0.000000
vt 1.000000 1.000000
vt 0.000000 1.000000
vt 0.000000 0.000000
vt 1.000000 0.000000
vt 1.000000 1.000000
vt 0.000000 1.000000
vt 0.000000 0.000000
vt 1.000000 0.000000
vt 1.000000 1.000000
vt 0.000000 1.000000
vt 0.000000 0.000000
vt 1.000000 0.000000
vt 1.000000 1.000000
vt 0.000000 1.000000
vt 0.000000 0.000000
vt 1.000000 0.000000
vt 1.000000 1.000000
vt 0.000000 1.000000
vt 0.000000 0.000000
vt 1.000000 0.000000
vt 1.000000 1.000000
vt 0.000000 1.000000
vt 0.000000 0.000000
vt 1.000000 0.000000
vt 1.000000 1.000000
vt 0.000000 1.000000
vt 0.000000 0.000000
vt 1.000000 0.000000
vt 1.000000 1.000000
vt 0.000000 1.000000
vt 0.000000 0.000000
vt 1.000000 0.000000
vt 1.000000 1.000000
vt 0.000000 1.000000
vt 0.000000 0.000000
vt 1.000000 0.000000
vt 1.000000 1.000000
vt 0.000000 1.000000
vt 0.000000 0.000000
vt 1.000000 0.000000
vt 1.000000 1.000000
vt 0.000000 1.000000
vt 0.000000 0.000000
vt 1.000000 0.000000
vt 1.000000 1.000000
vt 0.000000 1.000000
vt 0.000000 0.000000
vt 1.000000 0.000000
vt 1.000000 1.000000
vt 0.000000 1.000000
vt 0.000000 0.000000
vt 1.000000 0.000000
vt 1.000000 1.000000
vt 0.000000 1.000000
vt 0.000000 0.000000
vt 1.000000 0.000000
vt 1.000000 1.000000
vt 0.000000 1.000000
vt 0.000000 0.000000
vt 1.000000 0.000000
vt 1.000000 1.000000
vt 0.000000 1.000000
vt 0.000000 0.000000
vt 1.000000 0.000000
vt 1.000000 1.000000
vt 0.000000 1.000000
vt 0.000000 0.000000
vt 1.000000 0.000000
vt 1.000000 1.000000
vt 0.000000 1.000000
vt 0.000000 0.000000
vt 1.000000 0.000000
vt 1.000000 1.000000
vt 0.000000 1.000000
vt 0.000000 0.000000
vt 1.000000 0.000000
vt 1.000000 1.000000
vt 0.000000 1.000000
vt 0.000000 0.000000
vt 1.000000 0.000000
vt 1.000000 1.000000
vt 0.000000 1.000000
vt 0.000000 0.000000
vt 1.000000 0.000000
vt 1.000000 1.000000
vt 0.000000 1.000000
vt 0.000000 0.000000
vt 1.000000 0.000000
vt 1.000000 1.000000
vt 0.000000 1.000000
vt 0.000000 0.000000
vt 1.000000 0.000000
vt 1.000000 1.000000
vt 0.000000 1.000000
vt 0.000000 0.000000
vt 1.000000 0.000000
vt 1.000000 1.000000
vt 0.000000 1.000000
vt 0.000000 0.000000
vt 1.000000 0.000000
vt 1.000000 1.000000
vt 0.000000 1.000000
vt 0.000000 0.000000
vt 1.000000 0.000000
vt 1.000000 1.000000
vt 0.000000 1.000000
vt 0.000000 0.000000
vt 1.000000 0.000000
vt 1.000000 1.000000
vt 0.000000 1.000000
vt 0.000000 0.000000
vt 1.000000 0.000000
vt 1.000000 1.000000
vt 0.000000 1.000000
vt 0.000000 0.000000
vt 1.000000 0.000000
vt 1.000000 1.000000
vt 0.000000 1.000000
vt 0.000000 0.000000
vt 1.000000 0.000000
vt 1.000000 1.000000
vt 0.000000 1.000000
vt 0.000000 0.000000
vt 1.000000 0.000000
vt 1.000000 1.000000
vt 0.000000 1.000000
vt 0.000000 0.000000
vt 1.000000 0.000000
vt 1.000000 1.000000
vt 0.000000 1.000000
vt 0.000000 0.000000
vt 1.000000 0.000000
vt 1.000000 1.000000
vt 0.000000 1.000000
vt 0.000000 0.000000
vt 1.000000 0.000000
vt 1.000000 1.000000
vt 0.000000 1.000000
vt 0.000000 0.000000
vt 1.000000 0.000000
vt 1.000000 1.000000
vt 0.000000 1.000000
vt 0.000000 0.000000
vt 1.000000 0.000000
vt 1.000000 1.000000
vt 0.000000 1.000000
vt 0.000000 0.000000
vt 1.000000 0.000000
vt 1.000000 1.000000
vt 0.000000 1.000000
vt 0.000000 0.000000
vt 1.000000 0.000000
vt 1.000000 1.000000
vt 0.000000 1.000000
vt 0.000000 0.000000
vt 1.000000 0.000000
vt 1.000000 1.000000
vt 0.000000 1.000000
vt 0.000000 0.000000
vt 1.000000 0.000000
vt 1.000000 1.000000
vt 0.000000 1.000000
vt 0.000000 0.000000
vt 1.000000 0.000000
vt 1.000000 1.000000
vt 0.000000 1.000000
vt 0.000000 0.000000
vt 1.000000 0.000000
vt 1.000000 1.000000
vt 0.000000 1.000000
vt 0.000000 0.000000
vt 1.000000 0.000000
vt 1.000000 1.000000
vt 0.000000 1.000000
vt 0.000000 0.000000
vt 1.000000 0.000000
vt 1.000000 1.000000
vt 0.000000 1.000000
vt 0.000000 0.000000
vt 1.000000 0.000000
vt 1.000000 1.000000
vt 0.000000 1.000000
vt 0.000000 0.000000
vt 1.000000 0.000000
vt 1.000000 1.000000
vt 0.000000 1.000000
vt 0.000000 0.000000
vt 1.000000 0.000000
vt 1.000000 1.000000
vt 0.000000 1.000000
vt 0.000000 0.000000
vt 1.000000 0.000000
vt 1.000000 1.000000
vt 0.000000 1.000000
vt 0.000000 0.000000
vt 1.000000 0.000000
vt 1.000000 1.000000
vt 0.000000 1.000000
vt 0.000000 0.000000
vt 1.000000 0.000000
vt 1.000000 1.000000
vt 0.000000 1.000000
vt 0.000000 0.000000
vt 1.000000 0.000000
vt 1.000000 1.000000
vt 0.000000 1.000000
vt 0.000000 0.000000
vt 1.000000 0.000000
vt 1.000000 1.000000
vt 0.000000 1.000000
vt 0.000000 0.000000
vt 1.000000 0.000000
vt 1.000000 1.000000
vt 0.000000 1.000000
vt 0.000000 0.000000
vt 1.000000 0.000000
vt 1.000000 1.000000
vt 0.000000 1.000000
vt 0.000000 0.000000
vt 1.000000 0.000000
vt 1.000000 1.000000
vt 0.000000 1.000000
vt 0.000000 0.000000
vt 1.000000 0.000000
vt 1.000000 1.000000
vt 0.000000 1.000000
vt 0.000000 0.000000
vt 1.000000 0.000000
vt 1.000000 1.000000
vt 0.000000 1.000000
vt 0.000000 0.000000
vt 1.000000 0.000000
vt 1.000000 1.000000
vt 0.000000 1.000000
vt 0.000000 0.000000
vt 1.000000 0.000000
vt 1.000000 1.000000
vt 0.000000 1.000000
vt 0.000000 0.000000
vt 1.000000 0.000000
vt 1.000000 1.000000
vt 0.000000 1.000000
vt 0.000000 0.000000
vt 1.000000 0.000000
vt 1.000000 1.000000
vt 0.000000 1.000000
vt 0.000000 0.000000
vt 1.000000 0.000000
vt 1.000000 1.000000
vt 0.000000 1.000000
vt 0.000000 0.000000
vt 1.000000 0.000000
vt 1.000000 1.000000
vt 0.000000 1.000000
vt 0.000000 0.000000
vt 1.000000 0.000000
vt 1.000000 1.000000
vt 0.000000 1.000000
vt 0.000000 0.000000
vt 1.000000 0.000000
vt 1.000000 1.000000
vt 0.000000 1.000000
vt 0.000000 0.000000
vt 1.000000 0.000000
vt 1.000000 1.000000
vt 0.000000 1.000000
vt 0.000000 0.000000
vt 1.000000 0.000000
vt 1.000000 1.000000
vt 0.000000 1.000000
vt 0.000000 0.000000
vt 1.000000 0.000000
vt 1.000000 1.000000
vt 0.000000 1.000000
vt 0.000000 0.000000
vt 1.000000 0.000000
vt 1.000000 1.000000
vt 0.000000 1.000000
vt 0.000000 0.000000
vt 1.000000 0.000000
vt 1.000000 1.000000
vt 0.000000 1.000000
vt 0.000000 0.000000
vt 1.000000 0.000000
vt 1.000000 1.000000
vt 0.000000 1.000000
vt 0.000000 0.000000
vt 1.000000 0.000000
vt 1.000000 1.000000
vt 0.000000 1.000000
vt 0.000000 0.000000
vt 1.000000 0.000000
vt 1.000000 1.000000
vt 0.000000 1.000000
vt 0.000000 0.000000
vt 1.000000 0.000000
vt 1.000000 1.000000
vt 0.000000 1.000000
vt 0.000000 0.000000
vt 1.000000 0.000000
vt 1.000000 1.000000
vt 0.000000 1.000000
vt 0.000000 0.000000
vt 1.000000 0.000000
vt 1.000000 1.000000
vt 0.000000 1.000000
vt 0.000000 0.000000
vt 1.000000 0.000000
vt 1.000000 1.000000
vt 0.000000 1.000000
vt 0.000000 0.000000
vt 1.000000 0.000000
vt 1.000000 1.000000
vt 0.000000 1.000000
vt 0.000000 0.000000
vt 1.000000 0.000000
vt 1.000000 1.000000
vt 0.000000 1.000000
vt 0.000000 0.000000
vt 1.000000 0.000000
vt 1.000000 1.000000
vt 0.000000 1.000000
vt 0.000000 0.000000
vt 1.000000 0.000000
vt 1.000000 1.000000
vt 0.000000 1.000000
vt 0.000000 0.000000
vt 1.000000 0.000000
vt 1.000000 1.000000
vt 0.000000 1.000000
vt 0.000000 0.000000
vt 1.000000 0.000000
vt 1.000000 1.000000
vt 0.000000 1.000000
vt 0.000000 0.000000
vt 1.000000 0.000000
vt 1.000000 1.000000
vt 0.000000 1.000000
vt 0.500000 0.500000
vt 0.000000 0.000000
vt 1.000000 0.000000
vt 0.000000 0.000000
vt 1.000000 0.000000
vt 0.000000 0.000000
vt 1.000000 0.000000
vt 0.000000 0.000000
vt 1.000000 0.000000
vt 0.000000 0.000000
vt 1.000000 0.000000
vt 0.000000 0.000000
vt 1.000000 0.000000
vt 0.000000 0.000000
vt 1.000000 0.000000
vt 0.500000 0.500000
vt 0.000000 0.000000
vt 1.000000 0.000000
vt 0.000000 0.000000
vt 1.000000 0.000000
vt 0.000000 0.000000
vt 1.000000 0.000000
vt 0.000000 0.000000
vt 1.000000 0.000000
vt 0.000000 0.000000
vt 1.000000 0.000000
vt 0.000000 0.000000
vt 1.000000 0.000000
vt 0.000000 0.000000
vt 1.000000 0.000000
vt 0.000000 0.000000
vt 1.000000 0.000000
vt 1.000000 1.000000
vt 0.000000 1.000000
vt 0.000000 0.000000
vt 1.000000 0.000000
vt 1.000000 1.000000
vt 0.000000 1.000000
vt 0.000000 0.000000
vt 1.000000 0.000000
vt 1.000000 1.000000
vt 0.000000 1.000000
vt 0.000000 0.000000
vt 1.000000 0.000000
vt 1.000000 1.000000
vt 0.000000 1.000000
vt 0.000000 0.000000
vt 1.000000 0.000000
vt 1.000000 1.000000
vt 0.000000 1.000000
vt 0.000000 0.000000
vt 1.000000 0.000000
vt 1.000000 1.000000
vt 0.000000 1.000000
vt 0.000000 0.000000
vt 1.000000 0.000000
vt 1.000000 1.000000
vt 0.000000 1.000000
vt 0.500000 0.500000
vt 0.000000 0.000000
vt 1.000000 0.000000
vt 0.000000 0.000000
vt 1.000000 0.000000
vt 0.000000 0.000000
vt 1.000000 0.000000
vt 0.000000 0.000000
vt 1.000000 0.000000
vt 0.000000 0.000000
vt 1.000000 0.000000
vt 0.000000 0.000000
vt 1.000000 0.000000
vt 0.000000 0.000000
vt 1.000000 0.000000
vt 0.500000 0.500000
vt 0.000000 0.000000
vt 1.000000 0.000000
vt 0.000000 0.000000
vt 1.000000 0.000000
vt 0.000000 0.000000
vt 1.000000 0.000000
vt 0.000000 0.000000
vt 1.000000 0.000000
vt 0.000000 0.000000
vt 1.000000 0.000000
vt 0.000000 0.000000
vt 1.000000 0.000000
vt 0.000000 0.000000
vt 1.000000 0.000000
vt 0.000000 0.000000
vt 1.000000 0.000000
vt 1.000000 1.000000
vt 0.000000 1.000000
vt 0.000000 0.000000
vt 1.000000 0.000000
vt 1.000000 1.000000
vt 0.000000 1.000000
vt 0.000000 0.000000
vt 1.000000 0.000000
vt 1.000000 1.000000
vt 0.000000 1.000000
vt 0.000000 0.000000
vt 1.000000 0.000000
vt 1.000000 1.000000
vt 0.000000 1.000000
vt 0.000000 0.000000
vt 1.000000 0.000000
vt 1.000000 1.000000
vt 0.000000 1.000000
vt 0.000000 0.000000
vt 1.000000 0.000000
vt 1.000000 1.000000
vt 0.000000 1.000000
vt 0.000000 0.000000
vt 1.000000 0.000000
vt 1.000000 1.000000
vt 0.000000 1.000000
vt 0.500000 0.500000
vt 0.000000 0.000000
vt 1.000000 0.000000
vt 0.000000 0.000000
vt 1.000000 0.000000
vt 0.000000 0.000000
vt 1.000000 0.000000
vt 0.000000 0.000000
vt 1.000000 0.000000
vt 0.000000 0.000000
vt 1.000000 0.000000
vt 0.000000 0.000000
vt 1.000000 0.000000
vt 0.000000 0.000000
vt 1.000000 0.000000
vt 0.500000 0.500000
vt 0.000000 0.000000
vt 1.000000 0.000000
vt 0.000000 0.000000
vt 1.000000 0.000000
vt 0.000000 0.000000
vt 1.000000 0.000000
vt 0.000000 0.000000
vt 1.000000 0.000000
vt 0.000000 0.000000
vt 1.000000 0.000000
vt 0.000000 0.000000
vt 1.000000 0.000000
vt 0.000000 0.000000
vt 1.000000 0.000000
vt 0.000000 0.000000
vt 1.000000 0.000000
vt 1.000000 1.000000
vt 0.000000 1.000000
vt 0.000000 0.000000
vt 1.000000 0.000000
vt 1.000000 1.000000
vt 0.000000 1.000000
vt 0.000000 0.000000
vt 1.000000 0.000000
vt 1.000000 1.000000
vt 0.000000 1.000000
vt 0.000000 0.000000
vt 1.000000 0.000000
vt 1.000000 1.000000
vt 0.000000 1.000000
vt 0.000000 0.000000
vt 1.000000 0.000000
vt 1.000000 1.000000
vt 0.000000 1.000000
vt 0.000000 0.000000
vt 1.000000 0.000000
vt 1.000000 1.000000
vt 0.000000 1.000000
vt 0.000000 0.000000
vt 1.000000 0.000000
vt 1.000000 1.000000
vt 0.000000 1.000000
vt 0.500000 0.500000
vt 0.000000 0.000000
vt 1.000000 0.000000
vt 0.000000 0.000000
vt 1.000000 0.000000
vt 0.000000 0.000000
vt 1.000000 0.000000
vt 0.000000 0.000000
vt 1.000000 0.000000
vt 0.000000 0.000000
vt 1.000000 0.000000
vt 0.000000 0.000000
vt 1.000000 0.000000
vt 0.000000 0.000000
vt 1.000000 0.000000
vt 0.500000 0.500000
vt 0.000000 0.000000
vt 1.000000 0.000000
vt 0.000000 0.000000
vt 1.000000 0.000000
vt 0.000000 0.000000
vt 1.000000 0.000000
vt 0.000000 0.000000
vt 1.000000 0.000000
vt 0.000000 0.000000
vt 1.000000 0.000000
vt 0.000000 0.000000
vt 1.000000 0.000000
vt 0.000000 0.000000
vt 1.000000 0.000000
vt 0.000000 0.000000
vt 1.000000 0.000000
vt 1.000000 1.000000
vt 0.000000 1.000000
vt 0.000000 0.000000
vt 1.000000 0.000000
vt 1.000000 1.000000
vt 0.000000 1.000000
vt 0.000000 0.000000
vt 1.000000 0.000000
vt 1.000000 1.000000
vt 0.000000 1.000000
vt 0.000000 0.000000
vt 1.000000 0.000000
vt 1.000000 1.000000
vt 0.000000 1.000000
vt 0.000000 0.000000
vt 1.000000 0.000000
vt 1.000000 1.000000
vt 0.000000 1.000000
vt 0.000000 0.000000
vt 1.000000 0.000000
vt 1.000000 1.000000
vt 0.000000 1.000000
vt 0.000000 0.000000
vt 1.000000 0.000000
vt 1.000000 1.000000
vt 0.000000 1.000000
vt 0.000000 0.000000
vt 1.000000 0.000000
vt 1.000000 1.000000
vt 0.000000 1.000000
vt 0.000000 0.000000
vt 1.000000 0.000000
vt 1.000000 1.000000
vt 0.000000 1.000000
vt 0.000000 0.000000
vt 1.000000 0.000000
vt 1.000000 1.000000
vt 0.000000 1.000000
vt 0.000000 0.000000
vt 1.000000 0.000000
vt 1.000000 1.000000
vt 0.000000 1.000000
vt 0.000000 0.000000
vt 1.000000 0.000000
vt 1.000000 1.000000
vt 0.000000 1.000000
vt 0.000000 0.000000
vt 1.000000 0.000000
vt 1.000000 1.000000
vt 0.000000 1.000000
vt 0.000000 0.000000
vt 1.000000 0.000000
vt 1.000000 1.000000
vt 0.000000 1.000000
vt 0.000000 0.000000
vt 1.000000 0.000000
vt 1.000000 1.000000
vt 0.000000 1.000000
vt 0.000000 0.000000
vt 1.000000 0.000000
vt 1.000000 1.000000
vt 0.000000 1.000000
vt 0.000000 0.000000
vt 1.000000 0.000000
vt 1.000000 1.000000
vt 0.000000 1.000000
vt 0.500000 0.500000
vt 0.000000 0.000000
vt 1.000000 0.000000
vt 0.000000 0.000000
vt 1.000000 0.000000
vt 0.000000 0.000000
vt 1.000000 0.000000
vt 0.000000 0.000000
vt 1.000000 0.000000
vt 0.000000 0.000000
vt 1.000000 0.000000
vt 0.500000 0.500000
vt 0.000000 0.000000
vt 1.000000 0.000000
vt 0.000000 0.000000
vt 1.000000 0.000000
vt 0.000000 0.000000
vt 1.000000 0.000000
vt 0.000000 0.000000
vt 1.000000 0.000000
vt 0.000000 0.000000
vt 1.000000 0.000000
usemtl Tarp
f 1/1 2/2 23/23
f 1/1 23/23 22/22
f 22/22 23/23 2/2
f 22/22 2/2 1/1
f 2/2 3/3 24/24
f 2/2 24/24 23/23
f 23/23 24/24 3/3
f 23/23 3/3 2/2
f 3/3 4/4 25/25
f 3/3 25/25 24/24
f 24/24 25/25 4/4
f 24/24 4/4 3/3
f 4/4 5/5 26/26
f 4/4 26/26 25/25
f 25/25 26/26 5/5
f 25/25 5/5 4/4
f 5/5 6/6 27/27
f 5/5 27/27 26/26
f 26/26 27/27 6/6
f 26/26 6/6 5/5
f 6/6 7/7 28/28
f 6/6 28/28 27/27
f 27/27 28/28 7/7
f 27/27 7/7 6/6
f 7/7 8/8 29/29
f 7/7 29/29 28/28
f 28/28 29/29 8/8
f 28/28 8/8 7/7
f 8/8 9/9 30/30
f 8/8 30/30 29/29
f 29/29 30/30 9/9
f 29/29 9/9 8/8
f 9/9 10/10 31/31
f 9/9 31/31 30/30
f 30/30 31/31 10/10
f 30/30 10/10 9/9
f 10/10 11/11 32/32
f 10/10 32/32 31/31
f 31/31 32/32 11/11
f 31/31 11/11 10/10
f 11/11 12/12 33/33
f 11/11 33/33 32/32
f 32/32 33/33 12/12
f 32/32 12/12 11/11
f 12/12 13/13 34/34
f 12/12 34/34 33/33
f 33/33 34/34 13/13
f 33/33 13/13 12/12
f 13/13 14/14 35/35
f 13/13 35/35 34/34
f 34/34 35/35 14/14
f 34/34 14/14 13/13
f 14/14 15/15 36/36
f 14/14 36/36 35/35
f 35/35 36/36 15/15
f 35/35 15/15 14/14
f 15/15 16/16 37/37
f 15/15 37/37 36/36
f 36/36 37/37 16/16
f 36/36 16/16 15/15
f 16/16 17/17 38/38
f 16/16 38/38 37/37
f 37/37 38/38 17/17
f 37/37 17/17 16/16
f 17/17 18/18 39/39
f 17/17 39/39 38/38
f 38/38 39/39 18/18
f 38/38 18/18 17/17
f 18/18 19/19 40/40
f 18/18 40/40 39/39
f 39/39 40/40 19/19
f 39/39 19/19 18/18
f 19/19 20/20 41/41
f 19/19 41/41 40/40
f 40/40 41/41 20/20
f 40/40 20/20 19/19
f 20/20 21/21 42/42
f 20/20 42/42 41/41
f 41/41 42/42 21/21
f 41/41 21/21 20/20
f 22/22 23/23 44/44
f 22/22 44/44 43/43
f 43/43 44/44 23/23
f 43/43 23/23 22/22
f 23/23 24/24 45/45
f 23/23 45/45 44/44
f 44/44 45/45 24/24
f 44/44 24/24 23/23
f 24/24 25/25 46/46
f 24/24 46/46 45/45
f 45/45 46/46 25/25
f 45/45 25/25 24/24
f 25/25 26/26 47/47
f 25/25 47/47 46/46
f 46/46 47/47 26/26
f 46/46 26/26 25/25
f 26/26 27/27 48/48
f 26/26 48/48 47/47
f 47/47 48/48 27/27
f 47/47 27/27 26/26
f 27/27 28/28 49/49
f 27/27 49/49 48/48
f 48/48 49/49 28/28
f 48/48 28/28 27/27
f 28/28 29/29 50/50
f 28/28 50/50 49/49
f 49/49 50/50 29/29
f 49/49 29/29 28/28
f 29/29 30/30 51/51
f 29/29 51/51 50/50
f 50/50 51/51 30/30
f 50/50 30/30 29/29
f 30/30 31/31 52/52
f 30/30 52/52 51/51
f 51/51 52/52 31/31
f 51/51 31/31 30/30
f 31/31 32/32 53/53
f 31/31 53/53 52/52
f 52/52 53/53 32/32
f 52/52 32/32 31/31
f 32/32 33/33 54/54
f 32/32 54/54 53/53
f 53/53 54/54 33/33
f 53/53 33/33 32/32
f 33/33 34/34 55/55
f 33/33 55/55 54/54
f 54/54 55/55 34/34
f 54/54 34/34 33/33
f 34/34 35/35 56/56
f 34/34 56/56 55/55
f 55/55 56/56 35/35
f 55/55 35/35 34/34
f 35/35 36/36 57/57
f 35/35 57/57 56/56
f 56/56 57/57 36/36
f 56/56 36/36 35/35
f 36/36 37/37 58/58
f 36/36 58/58 57/57
f 57/57 58/58 37/37
f 57/57 37/37 36/36
f 37/37 38/38 59/59
f 37/37 59/59 58/58
f 58/58 59/59 38/38
f 58/58 38/38 37/37
f 38/38 39/39 60/60
f 38/38 60/60 59/59
f 59/59 60/60 39/39
f 59/59 39/39 38/38
f 39/39 40/40 61/61
f 39/39 61/61 60/60
f 60/60 61/61 40/40
f 60/60 40/40 39/39
f 40/40 41/41 62/62
f 40/40 62/62 61/61
f 61/61 62/62 41/41
f 61/61 41/41 40/40
f 41/41 42/42 63/63
f 41/41 63/63 62/62
f 62/62 63/63 42/42
f 62/62 42/42 41/41
f 43/43 44/44 65/65
f 43/43 65/65 64/64
f 64/64 65/65 44/44
f 64/64 44/44 43/43
f 44/44 45/45 66/66
f 44/44 66/66 65/65
f 65/65 66/66 45/45
f 65/65 45/45 44/44
f 45/45 46/46 67/67
f 45/45 67/67 66/66
f 66/66 67/67 46/46
f 66/66 46/46 45/45
f 46/46 47/47 68/68
f 46/46 68/68 67/67
f 67/67 68/68 47/47
f 67/67 47/47 46/46
f 47/47 48/48 69/69
f 47/47 69/69 68/68
f 68/68 69/69 48/48
f 68/68 48/48 47/47
f 48/48 49/49 70/70
f 48/48 70/70 69/69
f 69/69 70/70 49/49
f 69/69 49/49 48/48
f 49/49 50/50 71/71
f 49/49 71/71 70/70
f 70/70 71/71 50/50
f 70/70 50/50 49/49
f 50/50 51/51 72/72
f 50/50 72/72 71/71
f 71/71 72/72 51/51
f 71/71 51/51 50/50
f 51/51 52/52 73/73
f 51/51 73/73 72/72
f 72/72 73/73 52/52
f 72/72 52/52 51/51
f 52/52 53/53 74/74
f 52/52 74/74 73/73
f 73/73 74/74 53/53
f 73/73 53/53 52/52
f 53/53 54/54 75/75
f 53/53 75/75 74/74
f 74/74 75/75 54/54
f 74/74 54/54 53/53
f 54/54 55/55 76/76
f 54/54 76/76 75/75
f 75/75 76/76 55/55
f 75/75 55/55 54/54
f 55/55 56/56 77/77
f 55/55 77/77 76/76
f 76/76 77/77 56/56
f 76/76 56/56 55/55
f 56/56 57/57 78/78
f 56/56 78/78 77/77
f 77/77 78/78 57/57
f 77/77 57/57 56/56
f 57/57 58/58 79/79
f 57/57 79/79 78/78
f 78/78 79/79 58/58
f 78/78 58/58 57/57
f 58/58 59/59 80/80
f 58/58 80/80 79/79
f 79/79 80/80 59/59
f 79/79 59/59 58/58
f 59/59 60/60 81/81
f 59/59 81/81 80/80
f 80/80 81/81 60/60
f 80/80 60/60 59/59
f 60/60 61/61 82/82
f 60/60 82/82 81/81
f 81/81 82/82 61/61
f 81/81 61/61 60/60
f 61/61 62/62 83/83
f 61/61 83/83 82/82
f 82/82 83/83 62/62
f 82/82 62/62 61/61
f 62/62 63/63 84/84
f 62/62 84/84 83/83
f 83/83 84/84 63/63
f 83/83 63/63 62/62
f 64/64 65/65 86/86
f 64/64 86/86 85/85
f 85/85 86/86 65/65
f 85/85 65/65 64/64
f 65/65 66/66 87/87
f 65/65 87/87 86/86
f 86/86 87/87 66/66
f 86/86 66/66 65/65
f 66/66 67/67 88/88
f 66/66 88/88 87/87
f 87/87 88/88 67/67
f 87/87 67/67 66/66
f 67/67 68/68 89/89
f 67/67 89/89 88/88
f 88/88 89/89 68/68
f 88/88 68/68 67/67
f 68/68 69/69 90/90
f 68/68 90/90 89/89
f 89/89 90/90 69/69
f 89/89 69/69 68/68
f 69/69 70/70 91/91
f 69/69 91/91 90/90
f 90/90 91/91 70/70
f 90/90 70/70 69/69
f 70/70 71/71 92/92
f 70/70 92/92 91/91
f 91/91 92/92 71/71
f 91/91 71/71 70/70
f 71/71 72/72 93/93
f 71/71 93/93 92/92
f 92/92 93/93 72/72
f 92/92 72/72 71/71
f 72/72 73/73 94/94
f 72/72 94/94 93/93
f 93/93 94/94 73/73
f 93/93 73/73 72/72
f 73/73 74/74 95/95
f 73/73 95/95 94/94
f 94/94 95/95 74/74
f 94/94 74/74 73/73
f 74/74 75/75 96/96
f 74/74 96/96 95/95
f 95/95 96/96 75/75
f 95/95 75/75 74/74
f 75/75 76/76 97/97
f 75/75 97/97 96/96
f 96/96 97/97 76/76
f 96/96 76/76 75/75
f 76/76 77/77 98/98
f 76/76 98/98 97/97
f 97/97 98/98 77/77
f 97/97 77/77 76/76
f 77/77 78/78 99/99
f 77/77 99/99 98/98
f 98/98 99/99 78/78
f 98/98 78/78 77/77
f 78/78 79/79 100/100
f 78/78 100/100 99/99
f 99/99 100/100 79/79
f 99/99 79/79 78/78
f 79/79 80/80 101/101
f 79/79 101/101 100/100
f 100/100 101/101 80/80
f 100/100 80/80 79/79
f 80/80 81/81 102/102
f 80/80 102/102 101/101
f 101/101 102/102 81/81
f 101/101 81/81 80/80
f 81/81 82/82 103/103
f 81/81 103/103 102/102
f 102/102 103/103 82/82
f 102/102 82/82 81/81
f 82/82 83/83 104/104
f 82/82 104/104 103/103
f 103/103 104/104 83/83
f 103/103 83/83 82/82
f 83/83 84/84 105/105
f 83/83 105/105 104/104
f 104/104 105/105 84/84
f 104/104 84/84 83/83
f 85/85 86/86 107/107
f 85/85 107/107 106/106
f 106/106 107/107 86/86
f 106/106 86/86 85/85
f 86/86 87/87 108/108
f 86/86 108/108 107/107
f 107/107 108/108 87/87
f 107/107 87/87 86/86
f 87/87 88/88 109/109
f 87/87 109/109 108/108
f 108/108 109/109 88/88
f 108/108 88/88 87/87
f 88/88 89/89 110/110
f 88/88 110/110 109/109
f 109/109 110/110 89/89
f 109/109 89/89 88/88
f 89/89 90/90 111/111
f 89/89 111/111 110/110
f 110/110 111/111 90/90
f 110/110 90/90 89/89
f 90/90 91/91 112/112
f 90/90 112/112 111/111
f 111/111 112/112 91/91
f 111/111 91/91 90/90
f 91/91 92/92 113/113
f 91/91 113/113 112/112
f 112/112 113/113 92/92
f 112/112 92/92 91/91
f 92/92 93/93 114/114
f 92/92 114/114 113/113
f 113/113 114/114 93/93
f 113/113 93/93 92/92
f 93/93 94/94 115/115
f 93/93 115/115 114/114
f 114/114 115/115 94/94
f 114/114 94/94 93/93
f 94/94 95/95 116/116
f 94/94 116/116 115/115
f 115/115 116/116 95/95
f 115/115 95/95 94/94
f 95/95 96/96 117/117
f 95/95 117/117 116/116
f 116/116 117/117 96/96
f 116/116 96/96 95/95
f 96/96 97/97 118/118
f 96/96 118/118 117/117
f 117/117 118/118 97/97
f 117/117 97/97 96/96
f 97/97 98/98 119/119
f 97/97 119/119 118/118
f 118/118 119/119 98/98
f 118/118 98/98 97/97
f 98/98 99/99 120/120
f 98/98 120/120 119/119
f 119/119 120/120 99/99
f 119/119 99/99 98/98
f 99/99 100/100 121/121
f 99/99 121/121 120/120
f 120/120 121/121 100/100
f 120/120 100/100 99/99
f 100/100 101/101 122/122
f 100/100 122/122 121/121
f 121/121 122/122 101/101
f 121/121 101/101 100/100
f 101/101 102/102 123/123
f 101/101 123/123 122/122
f 122/122 123/123 102/102
f 122/122 102/102 101/101
f 102/102 103/103 124/124
f 102/102 124/124 123/123
f 123/123 124/124 103/103
f 123/123 103/103 102/102
f 103/103 104/104 125/125
f 103/103 125/125 124/124
f 124/124 125/125 104/104
f 124/124 104/104 103/103
f 104/104 105/105 126/126
f 104/104 126/126 125/125
f 125/125 126/126 105/105
f 125/125 105/105 104/104
f 106/106 107/107 128/128
f 106/106 128/128 127/127
f 127/127 128/128 107/107
f 127/127 107/107 106/106
f 107/107 108/108 129/129
f 107/107 129/129 128/128
f 128/128 129/129 108/108
f 128/128 108/108 107/107
f 108/108 109/109 130/130
f 108/108 130/130 129/129
f 129/129 130/130 109/109
f 129/129 109/109 108/108
f 109/109 110/110 131/131
f 109/109 131/131 130/130
f 130/130 131/131 110/110
f 130/130 110/110 109/109
f 110/110 111/111 132/132
f 110/110 132/132 131/131
f 131/131 132/132 111/111
f 131/131 111/111 110/110
f 111/111 112/112 133/133
f 111/111 133/133 132/132
f 132/132 133/133 112/112
f 132/132 112/112 111/111
f 112/112 113/113 134/134
f 112/112 134/134 133/133
f 133/133 134/134 113/113
f 133/133 113/113 112/112
f 113/113 114/114 135/135
f 113/113 135/135 134/134
f 134/134 135/135 114/114
f 134/134 114/114 113/113
f 114/114 115/115 136/136
f 114/114 136/136 135/135
f 135/135 136/136 115/115
f 135/135 115/115 114/114
f 115/115 116/116 137/137
f 115/115 137/137 136/136
f 136/136 137/137 116/116
f 136/136 116/116 115/115
f 116/116 117/117 138/138
f 116/116 138/138 137/137
f 137/137 138/138 117/117
f 137/137 117/117 116/116
f 117/117 118/118 139/139
f 117/117 139/139 138/138
f 138/138 139/139 118/118
f 138/138 118/118 117/117
f 118/118 119/119 140/140
f 118/118 140/140 139/139
f 139/139 140/140 119/119
f 139/139 119/119 118/118
f 119/119 120/120 141/141
f 119/119 141/141 140/140
f 140/140 141/141 120/120
f 140/140 120/120 119/119
f 120/120 121/121 142/142
f 120/120 142/142 141/141
f 141/141 142/142 121/121
f 141/141 121/121 120/120
f 121/121 122/122 143/143
f 121/121 143/143 142/142
f 142/142 143/143 122/122
f 142/142 122/122 121/121
f 122/122 123/123 144/144
f 122/122 144/144 143/143
f 143/143 144/144 123/123
f 143/143 123/123 122/122
f 123/123 124/124 145/145
f 123/123 145/145 144/144
f 144/144 145/145 124/124
f 144/144 124/124 123/123
f 124/124 125/125 146/146
f 124/124 146/146 145/145
f 145/145 146/146 125/125
f 145/145 125/125 124/124
f 125/125 126/126 147/147
f 125/125 147/147 146/146
f 146/146 147/147 126/126
f 146/146 126/126 125/125
f 127/127 128/128 149/149
f 127/127 149/149 148/148
f 148/148 149/149 128/128
f 148/148 128/128 127/127
f 128/128 129/129 150/150
f 128/128 150/150 149/149
f 149/149 150/150 129/129
f 149/149 129/129 128/128
f 129/129 130/130 151/151
f 129/129 151/151 150/150
f 150/150 151/151 130/130
f 150/150 130/130 129/129
f 130/130 131/131 152/152
f 130/130 152/152 151/151
f 151/151 152/152 131/131
f 151/151 131/131 130/130
f 131/131 132/132 153/153
f 131/131 153/153 152/152
f 152/152 153/153 132/132
f 152/152 132/132 131/131
f 132/132 133/133 154/154
f 132/132 154/154 153/153
f 153/153 154/154 133/133
f 153/153 133/133 132/132
f 133/133 134/134 155/155
f 133/133 155/155 154/154
f 154/154 155/155 134/134
f 154/154 134/134 133/133
f 134/134 135/135 156/156
f 134/134 156/156 155/155
f 155/155 156/156 135/135
f 155/155 135/135 134/134
f 135/135 136/136 157/157
f 135/135 157/157 156/156
f 156/156 157/157 136/136
f 156/156 136/136 135/135
f 136/136 137/137 158/158
f 136/136 158/158 157/157
f 157/157 158/158 137/137
f 157/157 137/137 136/136
f 137/137 138/138 159/159
f 137/137 159/159 158/158
f 158/158 159/159 138/138
f 158/158 138/138 137/137
f 138/138 139/139 160/160
f 138/138 160/160 159/159
f 159/159 160/160 139/139
f 159/159 139/139 138/138
f 139/139 140/140 161/161
f 139/139 161/161 160/160
f 160/160 161/161 140/140
f 160/160 140/140 139/139
f 140/140 141/141 162/162
f 140/140 162/162 161/161
f 161/161 162/162 141/141
f 161/161 141/141 140/140
f 141/141 142/142 163/163
f 141/141 163/163 162/162
f 162/162 163/163 142/142
f 162/162 142/142 141/141
f 142/142 143/143 164/164
f 142/142 164/164 163/163
f 163/163 164/164 143/143
f 163/163 143/143 142/142
f 143/143 144/144 165/165
f 143/143 165/165 164/164
f 164/164 165/165 144/144
f 164/164 144/144 143/143
f 144/144 145/145 166/166
f 144/144 166/166 165/165
f 165/165 166/166 145/145
f 165/165 145/145 144/144
f 145/145 146/146 167/167
f 145/145 167/167 166/166
f 166/166 167/167 146/146
f 166/166 146/146 145/145
f 146/146 147/147 168/168
f 146/146 168/168 167/167
f 167/167 168/168 147/147
f 167/167 147/147 146/146
f 148/148 149/149 170/170
f 148/148 170/170 169/169
f 169/169 170/170 149/149
f 169/169 149/149 148/148
f 149/149 150/150 171/171
f 149/149 171/171 170/170
f 170/170 171/171 150/150
f 170/170 150/150 149/149
f 150/150 151/151 172/172
f 150/150 172/172 171/171
f 171/171 172/172 151/151
f 171/171 151/151 150/150
f 151/151 152/152 173/173
f 151/151 173/173 172/172
f 172/172 173/173 152/152
f 172/172 152/152 151/151
f 152/152 153/153 174/174
f 152/152 174/174 173/173
f 173/173 174/174 153/153
f 173/173 153/153 152/152
f 153/153 154/154 175/175
f 153/153 175/175 174/174
f 174/174 175/175 154/154
f 174/174 154/154 153/153
f 154/154 155/155 176/176
f 154/154 176/176 175/175
f 175/175 176/176 155/155
f 175/175 155/155 154/154
f 155/155 156/156 177/177
f 155/155 177/177 176/176
f 176/176 177/177 156/156
f 176/176 156/156 155/155
f 156/156 157/157 178/178
f 156/156 178/178 177/177
f 177/177 178/178 157/157
f 177/177 157/157 156/156
f 157/157 158/158 179/179
f 157/157 179/179 178/178
f 178/178 179/179 158/158
f 178/178 158/158 157/157
f 158/158 159/159 180/180
f 158/158 180/180 179/179
f 179/179 180/180 159/159
f 179/179 159/159 158/158
f 159/159 160/160 181/181
f 159/159 181/181 180/180
f 180/180 181/181 160/160
f 180/180 160/160 159/159
f 160/160 161/161 182/182
f 160/160 182/182 181/181
f 181/181 182/182 161/161
f 181/181 161/161 160/160
f 161/161 162/162 183/183
f 161/161 183/183 182/182
f 182/182 183/183 162/162
f 182/182 162/162 161/161
f 162/162 163/163 184/184
f 162/162 184/184 183/183
f 183/183 184/184 163/163
f 183/183 163/163 162/162
f 163/163 164/164 185/185
f 163/163 185/185 184/184
f 184/184 185/185 164/164
f 184/184 164/164 163/163
f 164/164 165/165 186/186
f 164/164 186/186 185/185
f 185/185 186/186 165/165
f 185/185 165/165 164/164
f 165/165 166/166 187/187
f 165/165 187/187 186/186
f 186/186 187/187 166/166
f 186/186 166/166 165/165
f 166/166 167/167 188/188
f 166/166 188/188 187/187
f 187/187 188/188 167/167
f 187/187 167/167 166/166
f 167/167 168/168 189/189
f 167/167 189/189 188/188
f 188/188 189/189 168/168
f 188/188 168/168 167/167
f 169/169 170/170 191/191
f 169/169 191/191 190/190
f 190/190 191/191 170/170
f 190/190 170/170 169/169
f 170/170 171/171 192/192
f 170/170 192/192 191/191
f 191/191 192/192 171/171
f 191/191 171/171 170/170
f 171/171 172/172 193/193
f 171/171 193/193 192/192
f 192/192 193/193 172/172
f 192/192 172/172 171/171
f 172/172 173/173 194/194
f 172/172 194/194 193/193
f 193/193 194/194 173/173
f 193/193 173/173 172/172
f 173/173 174/174 195/195
f 173/173 195/195 194/194
f 194/194 195/195 174/174
f 194/194 174/174 173/173
f 174/174 175/175 196/196
f 174/174 196/196 195/195
f 195/195 196/196 175/175
f 195/195 175/175 174/174
f 175/175 176/176 197/197
f 175/175 197/197 196/196
f 196/196 197/197 176/176
f 196/196 176/176 175/175
f 176/176 177/177 198/198
f 176/176 198/198 197/197
f 197/197 198/198 177/177
f 197/197 177/177 176/176
f 177/177 178/178 199/199
f 177/177 199/199 198/198
f 198/198 199/199 178/178
f 198/198 178/178 177/177
f 178/178 179/179 200/200
f 178/178 200/200 199/199
f 199/199 200/200 179/179
f 199/199 179/179 178/178
f 179/179 180/180 201/201
f 179/179 201/201 200/200
f 200/200 201/201 180/180
f 200/200 180/180 179/179
f 180/180 181/181 202/202
f 180/180 202/202 201/201
f 201/201 202/202 181/181
f 201/201 181/181 180/180
f 181/181 182/182 203/203
f 181/181 203/203 202/202
f 202/202 203/203 182/182
f 202/202 182/182 181/181
f 182/182 183/183 204/204
f 182/182 204/204 203/203
f 203/203 204/204 183/183
f 203/203 183/183 182/182
f 183/183 184/184 205/205
f 183/183 205/205 204/204
f 204/204 205/205 184/184
f 204/204 184/184 183/183
f 184/184 185/185 206/206
f 184/184 206/206 205/205
f 205/205 206/206 185/185
f 205/205 185/185 184/184
f 185/185 186/186 207/207
f 185/185 207/207 206/206
f 206/206 207/207 186/186
f 206/206 186/186 185/185
f 186/186 187/187 208/208
f 186/186 208/208 207/207
f 207/207 208/208 187/187
f 207/207 187/187 186/186
f 187/187 188/188 209/209
f 187/187 209/209 208/208
f 208/208 209/209 188/188
f 208/208 188/188 187/187
f 188/188 189/189 210/210
f 188/188 210/210 209/209
f 209/209 210/210 189/189
f 209/209 189/189 188/188
f 190/190 191/191 212/212
f 190/190 212/212 211/211
f 211/211 212/212 191/191
f 211/211 191/191 190/190
f 191/191 192/192 213/213
f 191/191 213/213 212/212
f 212/212 213/213 192/192
f 212/212 192/192 191/191
f 192/192 193/193 214/214
f 192/192 214/214 213/213
f 213/213 214/214 193/193
f 213/213 193/193 192/192
f 193/193 194/194 215/215
f 193/193 215/215 214/214
f 214/214 215/215 194/194
f 214/214 194/194 193/193
f 194/194 195/195 216/216
f 194/194 216/216 215/215
f 215/215 216/216 195/195
f 215/215 195/195 194/194
f 195/195 196/196 217/217
f 195/195 217/217 216/216
f 216/216 217/217 196/196
f 216/216 196/196 195/195
f 196/196 197/197 218/218
f 196/196 218/218 217/217
f 217/217 218/218 197/197
f 217/217 197/197 196/196
f 197/197 198/198 219/219
f 197/197 219/219 218/218
f 218/218 219/219 198/198
f 218/218 198/198 197/197
f 198/198 199/199 220/220
f 198/198 220/220 219/219
f 219/219 220/220 199/199
f 219/219 199/199 198/198
f 199/199 200/200 221/221
f 199/199 221/221 220/220
f 220/220 221/221 200/200
f 220/220 200/200 199/199
f 200/200 201/201 222/222
f 200/200 222/222 221/221
f 221/221 222/222 201/201
f 221/221 201/201 200/200
f 201/201 202/202 223/223
f 201/201 223/223 222/222
f 222/222 223/223 202/202
f 222/222 202/202 201/201
f 202/202 203/203 224/224
f 202/202 224/224 223/223
f 223/223 224/224 203/203
f 223/223 203/203 202/202
f 203/203 204/204 225/225
f 203/203 225/225 224/224
f 224/224 225/225 204/204
f 224/224 204/204 203/203
f 204/204 205/205 226/226
f 204/204 226/226 225/225
f 225/225 226/226 205/205
f 225/225 205/205 204/204
f 205/205 206/206 227/227
f 205/205 227/227 226/226
f 226/226 227/227 206/206
f 226/226 206/206 205/205
f 206/206 207/207 228/228
f 206/206 228/228 227/227
f 227/227 228/228 207/207
f 227/227 207/207 206/206
f 207/207 208/208 229/229
f 207/207 229/229 228/228
f 228/228 229/229 208/208
f 228/228 208/208 207/207
f 208/208 209/209 230/230
f 208/208 230/230 229/229
f 229/229 230/230 209/209
f 229/229 209/209 208/208
f 209/209 210/210 231/231
f 209/209 231/231 230/230
f 230/230 231/231 210/210
f 230/230 210/210 209/209
f 211/211 212/212 233/233
f 211/211 233/233 232/232
f 232/232 233/233 212/212
f 232/232 212/212 211/211
f 212/212 213/213 234/234
f 212/212 234/234 233/233
f 233/233 234/234 213/213
f 233/233 213/213 212/212
f 213/213 214/214 235/235
f 213/213 235/235 234/234
f 234/234 235/235 214/214
f 234/234 214/214 213/213
f 214/214 215/215 236/236
f 214/214 236/236 235/235
f 235/235 236/236 215/215
f 235/235 215/215 214/214
f 215/215 216/216 237/237
f 215/215 237/237 236/236
f 236/236 237/237 216/216
f 236/236 216/216 215/215
f 216/216 217/217 238/238
f 216/216 238/238 237/237
f 237/237 238/238 217/217
f 237/237 217/217 216/216
f 217/217 218/218 239/239
f 217/217 239/239 238/238
f 238/238 239/239 218/218
f 238/238 218/218 217/217
f 218/218 219/219 240/240
f 218/218 240/240 239/239
f 239/239 240/240 219/219
f 239/239 219/219 218/218
f 219/219 220/220 241/241
f 219/219 241/241 240/240
f 240/240 241/241 220/220
f 240/240 220/220 219/219
f 220/220 221/221 242/242
f 220/220 242/242 241/241
f 241/241 242/242 221/221
f 241/241 221/221 220/220
f 221/221 222/222 243/243
f 221/221 243/243 242/242
f 242/242 243/243 222/222
f 242/242 222/222 221/221
f 222/222 223/223 244/244
f 222/222 244/244 243/243
f 243/243 244/244 223/223
f 243/243 223/223 222/222
f 223/223 224/224 245/245
f 223/223 245/245 244/244
f 244/244 245/245 224/224
f 244/244 224/224 223/223
f 224/224 225/225 246/246
f 224/224 246/246 245/245
f 245/245 246/246 225/225
f 245/245 225/225 224/224
f 225/225 226/226 247/247
f 225/225 247/247 246/246
f 246/246 247/247 226/226
f 246/246 226/226 225/225
f 226/226 227/227 248/248
f 226/226 248/248 247/247
f 247/247 248/248 227/227
f 247/247 227/227 226/226
f 227/227 228/228 249/249
f 227/227 249/249 248/248
f 248/248 249/249 228/228
f 248/248 228/228 227/227
f 228/228 229/229 250/250
f 228/228 250/250 249/249
f 249/249 250/250 229/229
f 249/249 229/229 228/228
f 229/229 230/230 251/251
f 229/229 251/251 250/250
f 250/250 251/251 230/230
f 250/250 230/230 229/229
f 230/230 231/231 252/252
f 230/230 252/252 251/251
f 251/251 252/252 231/231
f 251/251 231/231 230/230
f 232/232 233/233 254/254
f 232/232 254/254 253/253
f 253/253 254/254 233/233
f 253/253 233/233 232/232
f 233/233 234/234 255/255
f 233/233 255/255 254/254
f 254/254 255/255 234/234
f 254/254 234/234 233/233
f 234/234 235/235 256/256
f 234/234 256/256 255/255
f 255/255 256/256 235/235
f 255/255 235/235 234/234
f 235/235 236/236 257/257
f 235/235 257/257 256/256
f 256/256 257/257 236/236
f 256/256 236/236 235/235
f 236/236 237/237 258/258
f 236/236 258/258 257/257
f 257/257 258/258 237/237
f 257/257 237/237 236/236
f 237/237 238/238 259/259
f 237/237 259/259 258/258
f 258/258 259/259 238/238
f 258/258 238/238 237/237
f 238/238 239/239 260/260
f 238/238 260/260 259/259
f 259/259 260/260 239/239
f 259/259 239/239 238/238
f 239/239 240/240 261/261
f 239/239 261/261 260/260
f 260/260 261/261 240/240
f 260/260 240/240 239/239
f 240/240 241/241 262/262
f 240/240 262/262 261/261
f 261/261 262/262 241/241
f 261/261 241/241 240/240
f 241/241 242/242 263/263
f 241/241 263/263 262/262
f 262/262 263/263 242/242
f 262/262 242/242 241/241
f 242/242 243/243 264/264
f 242/242 264/264 263/263
f 263/263 264/264 243/243
f 263/263 243/243 242/242
f 243/243 244/244 265/265
f 243/243 265/265 264/264
f 264/264 265/265 244/244
f 264/264 244/244 243/243
f 244/244 245/245 266/266
f 244/244 266/266 265/265
f 265/265 266/266 245/245
f 265/265 245/245 244/244
f 245/245 246/246 267/267
f 245/245 267/267 266/266
f 266/266 267/267 246/246
f 266/266 246/246 245/245
f 246/246 247/247 268/268
f 246/246 268/268 267/267
f 267/267 268/268 247/247
f 267/267 247/247 246/246
f 247/247 248/248 269/269
f 247/247 269/269 268/268
f 268/268 269/269 248/248
f 268/268 248/248 247/247
f 248/248 249/249 270/270
f 248/248 270/270 269/269
f 269/269 270/270 249/249
f 269/269 249/249 248/248
f 249/249 250/250 271/271
f 249/249 271/271 270/270
f 270/270 271/271 250/250
f 270/270 250/250 249/249
f 250/250 251/251 272/272
f 250/250 272/272 271/271
f 271/271 272/272 251/251
f 271/271 251/251 250/250
f 251/251 252/252 273/273
f 251/251 273/273 272/272
f 272/272 273/273 252/252
f 272/272 252/252 251/251
f 253/253 254/254 275/275
f 253/253 275/275 274/274
f 274/274 275/275 254/254
f 274/274 254/254 253/253
f 254/254 255/255 276/276
f 254/254 276/276 275/275
f 275/275 276/276 255/255
f 275/275 255/255 254/254
f 255/255 256/256 277/277
f 255/255 277/277 276/276
f 276/276 277/277 256/256
f 276/276 256/256 255/255
f 256/256 257/257 278/278
f 256/256 278/278 277/277
f 277/277 278/278 257/257
f 277/277 257/257 256/256
f 257/257 258/258 279/279
f 257/257 279/279 278/278
f 278/278 279/279 258/258
f 278/278 258/258 257/257
f 258/258 259/259 280/280
f 258/258 280/280 279/279
f 279/279 280/280 259/259
f 279/279 259/259 258/258
f 259/259 260/260 281/281
f 259/259 281/281 280/280
f 280/280 281/281 260/260
f 280/280 260/260 259/259
f 260/260 261/261 282/282
f 260/260 282/282 281/281
f 281/281 282/282 261/261
f 281/281 261/261 260/260
f 261/261 262/262 283/283
f 261/261 283/283 282/282
f 282/282 283/283 262/262
f 282/282 262/262 261/261
f 262/262 263/263 284/284
f 262/262 284/284 283/283
f 283/283 284/284 263/263
f 283/283 263/263 262/262
f 263/263 264/264 285/285
f 263/263 285/285 284/284
f 284/284 285/285 264/264
f 284/284 264/264 263/263
f 264/264 265/265 286/286
f 264/264 286/286 285/285
f 285/285 286/286 265/265
f 285/285 265/265 264/264
f 265/265 266/266 287/287
f 265/265 287/287 286/286
f 286/286 287/287 266/266
f 286/286 266/266 265/265
f 266/266 267/267 288/288
f 266/266 288/288 287/287
f 287/287 288/288 267/267
f 287/287 267/267 266/266
f 267/267 268/268 289/289
f 267/267 289/289 288/288
f 288/288 289/289 268/268
f 288/288 268/268 267/267
f 268/268 269/269 290/290
f 268/268 290/290 289/289
f 289/289 290/290 269/269
f 289/289 269/269 268/268
f 269/269 270/270 291/291
f 269/269 291/291 290/290
f 290/290 291/291 270/270
f 290/290 270/270 269/269
f 270/270 271/271 292/292
f 270/270 292/292 291/291
f 291/291 292/292 271/271
f 291/291 271/271 270/270
f 271/271 272/272 293/293
f 271/271 293/293 292/292
f 292/292 293/293 272/272
f 292/292 272/272 271/271
f 272/272 273/273 294/294
f 272/272 294/294 293/293
f 293/293 294/294 273/273
f 293/293 273/273 272/272
f 274/274 275/275 296/296
f 274/274 296/296 295/295
f 295/295 296/296 275/275
f 295/295 275/275 274/274
f 275/275 276/276 297/297
f 275/275 297/297 296/296
f 296/296 297/297 276/276
f 296/296 276/276 275/275
f 276/276 277/277 298/298
f 276/276 298/298 297/297
f 297/297 298/298 277/277
f 297/297 277/277 276/276
f 277/277 278/278 299/299
f 277/277 299/299 298/298
f 298/298 299/299 278/278
f 298/298 278/278 277/277
f 278/278 279/279 300/300
f 278/278 300/300 299/299
f 299/299 300/300 279/279
f 299/299 279/279 278/278
f 279/279 280/280 301/301
f 279/279 301/301 300/300
f 300/300 301/301 280/280
f 300/300 280/280 279/279
f 280/280 281/281 302/302
f 280/280 302/302 301/301
f 301/301 302/302 281/281
f 301/301 281/281 280/280
f 281/281 282/282 303/303
f 281/281 303/303 302/302
f 302/302 303/303 282/282
f 302/302 282/282 281/281
f 282/282 283/283 304/304
f 282/282 304/304 303/303
f 303/303 304/304 283/283
f 303/303 283/283 282/282
f 283/283 284/284 305/305
f 283/283 305/305 304/304
f 304/304 305/305 284/284
f 304/304 284/284 283/283
f 284/284 285/285 306/306
f 284/284 306/306 305/305
f 305/305 306/306 285/285
f 305/305 285/285 284/284
f 285/285 286/286 307/307
f 285/285 307/307 306/306
f 306/306 307/307 286/286
f 306/306 286/286 285/285
f 286/286 287/287 308/308
f 286/286 308/308 307/307
f 307/307 308/308 287/287
f 307/307 287/287 286/286
f 287/287 288/288 309/309
f 287/287 309/309 308/308
f 308/308 309/309 288/288
f 308/308 288/288 287/287
f 288/288 289/289 310/310
f 288/288 310/310 309/309
f 309/309 310/310 289/289
f 309/309 289/289 288/288
f 289/289 290/290 311/311
f 289/289 311/311 310/310
f 310/310 311/311 290/290
f 310/310 290/290 289/289
f 290/290 291/291 312/312
f 290/290 312/312 311/311
f 311/311 312/312 291/291
f 311/311 291/291 290/290
f 291/291 292/292 313/313
f 291/291 313/313 312/312
f 312/312 313/313 292/292
f 312/312 292/292 291/291
f 292/292 293/293 314/314
f 292/292 314/314 313/313
f 313/313 314/314 293/293
f 313/313 293/293 292/292
f 293/293 294/294 315/315
f 293/293 315/315 314/314
f 314/314 315/315 294/294
f 314/314 294/294 293/293
f 295/295 296/296 317/317
f 295/295 317/317 316/316
f 316/316 317/317 296/296
f 316/316 296/296 295/295
f 296/296 297/297 318/318
f 296/296 318/318 317/317
f 317/317 318/318 297/297
f 317/317 297/297 296/296
f 297/297 298/298 319/319
f 297/297 319/319 318/318
f 318/318 319/319 298/298
f 318/318 298/298 297/297
f 298/298 299/299 320/320
f 298/298 320/320 319/319
f 319/319 320/320 299/299
f 319/319 299/299 298/298
f 299/299 300/300 321/321
f 299/299 321/321 320/320
f 320/320 321/321 300/300
f 320/320 300/300 299/299
f 300/300 301/301 322/322
f 300/300 322/322 321/321
f 321/321 322/322 301/301
f 321/321 301/301 300/300
f 301/301 302/302 323/323
f 301/301 323/323 322/322
f 322/322 323/323 302/302
f 322/322 302/302 301/301
f 302/302 303/303 324/324
f 302/302 324/324 323/323
f 323/323 324/324 303/303
f 323/323 303/303 302/302
f 303/303 304/304 325/325
f 303/303 325/325 324/324
f 324/324 325/325 304/304
f 324/324 304/304 303/303
f 304/304 305/305 326/326
f 304/304 326/326 325/325
f 325/325 326/326 305/305
f 325/325 305/305 304/304
f 305/305 306/306 327/327
f 305/305 327/327 326/326
f 326/326 327/327 306/306
f 326/326 306/306 305/305
f 306/306 307/307 328/328
f 306/306 328/328 327/327
f 327/327 328/328 307/307
f 327/327 307/307 306/306
f 307/307 308/308 329/329
f 307/307 329/329 328/328
f 328/328 329/329 308/308
f 328/328 308/308 307/307
f 308/308 309/309 330/330
f 308/308 330/330 329/329
f 329/329 330/330 309/309
f 329/329 309/309 308/308
f 309/309 310/310 331/331
f 309/309 331/331 330/330
f 330/330 331/331 310/310
f 330/330 310/310 309/309
f 310/310 311/311 332/332
f 310/310 332/332 331/331
f 331/331 332/332 311/311
f 331/331 311/311 310/310
f 311/311 312/312 333/333
f 311/311 333/333 332/332
f 332/332 333/333 312/312
f 332/332 312/312 311/311
f 312/312 313/313 334/334
f 312/312 334/334 333/333
f 333/333 334/334 313/313
f 333/333 313/313 312/312
f 313/313 314/314 335/335
f 313/313 335/335 334/334
f 334/334 335/335 314/314
f 334/334 314/314 313/313
f 314/314 315/315 336/336
f 314/314 336/336 335/335
f 335/335 336/336 315/315
f 335/335 315/315 314/314
usemtl Rope
f 337/337 338/338 339/339
f 337/337 339/339 340/340
f 341/341 342/342 343/343
f 341/341 343/343 344/344
f 345/345 346/346 347/347
f 345/345 347/347 348/348
f 349/349 350/350 351/351
f 349/349 351/351 352/352
f 353/353 354/354 355/355
f 353/353 355/355 356/356
f 357/357 358/358 359/359
f 357/357 359/359 360/360
f 361/361 362/362 363/363
f 361/361 363/363 364/364
f 365/365 367/367 366/366
f 365/365 369/369 368/368
f 365/365 371/371 370/370
f 365/365 373/373 372/372
f 365/365 375/375 374/374
f 365/365 377/377 376/376
f 365/365 379/379 378/378
f 380/380 381/381 382/382
f 380/380 383/383 384/384
f 380/380 385/385 386/386
f 380/380 387/387 388/388
f 380/380 389/389 390/390
f 380/380 391/391 392/392
f 380/380 393/393 394/394
usemtl Wood
f 395/395 396/396 397/397
f 395/395 397/397 398/398
f 399/399 400/400 401/401
f 399/399 401/401 402/402
f 403/403 404/404 405/405
f 403/403 405/405 406/406
f 407/407 408/408 409/409
f 407/407 409/409 410/410
f 411/411 412/412 413/413
f 411/411 413/413 414/414
f 415/415 416/416 417/417
f 415/415 417/417 418/418
f 419/419 420/420 421/421
f 419/419 421/421 422/422
f 423/423 425/425 424/424
f 423/423 427/427 426/426
f 423/423 429/429 428/428
f 423/423 431/431 430/430
f 423/423 433/433 432/432
f 423/423 435/435 434/434
f 423/423 437/437 436/436
f 438/438 439/439 440/440
f 438/438 441/441 442/442
f 438/438 443/443 444/444
f 438/438 445/445 446/446
f 438/438 447/447 448/448
f 438/438 449/449 450/450
f 438/438 451/451 452/452
f 453/453 454/454 455/455
f 453/453 455/455 456/456
f 457/457 458/458 459/459
f 457/457 459/459 460/460
f 461/461 462/462 463/463
f 461/461 463/463 464/464
f 465/465 466/466 467/467
f 465/465 467/467 468/468
f 469/469 470/470 471/471
f 469/469 471/471 472/472
f 473/473 474/474 475/475
f 473/473 475/475 476/476
f 477/477 478/478 479/479
f 477/477 479/479 480/480
f 481/481 483/483 482/482
f 481/481 485/485 484/484
f 481/481 487/487 486/486
f 481/481 489/489 488/488
f 481/481 491/491 490/490
f 481/481 493/493 492/492
f 481/481 495/495 494/494
f 496/496 497/497 498/498
f 496/496 499/499 500/500
f 496/496 501/501 502/502
f 496/496 503/503 504/504
f 496/496 505/505 506/506
f 496/496 507/507 508/508
f 496/496 509/509 510/510
usemtl Metal
f 511/511 512/512 513/513
f 511/511 513/513 514/514
f 515/515 516/516 517/517
f 515/515 517/517 518/518
f 519/519 520/520 521/521
f 519/519 521/521 522/522
f 523/523 524/524 525/525
f 523/523 525/525 526/526
f 527/527 528/528 529/529
f 527/527 529/529 530/530
f 531/531 532/532 533/533
f 531/531 533/533 534/534
f 535/535 536/536 537/537
f 535/535 537/537 538/538
f 539/539 540/540 541/541
f 539/539 541/541 542/542
f 543/543 544/544 545/545
f 543/543 545/545 546/546
f 547/547 548/548 549/549
f 547/547 549/549 550/550
f 551/551 552/552 553/553
f 551/551 553/553 554/554
f 555/555 556/556 557/557
f 555/555 557/557 558/558
f 559/559 560/560 561/561
f 559/559 561/561 562/562
f 563/563 564/564 565/565
f 563/563 565/565 566/566
f 567/567 568/568 569/569
f 567/567 569/569 570/570
f 571/571 572/572 573/573
f 571/571 573/573 574/574
f 575/575 576/576 577/577
f 575/575 577/577 578/578
f 579/579 580/580 581/581
f 579/579 581/581 582/582
f 583/583 584/584 585/585
f 583/583 585/585 586/586
f 587/587 588/588 589/589
f 587/587 589/589 590/590
f 591/591 592/592 593/593
f 591/591 593/593 594/594
f 595/595 596/596 597/597
f 595/595 597/597 598/598
f 599/599 600/600 601/601
f 599/599 601/601 602/602
f 603/603 604/604 605/605
f 603/603 605/605 606/606
f 607/607 608/608 609/609
f 607/607 609/609 610/610
f 611/611 612/612 613/613
f 611/611 613/613 614/614
f 615/615 616/616 617/617
f 615/615 617/617 618/618
f 619/619 620/620 621/621
f 619/619 621/621 622/622
f 623/623 624/624 625/625
f 623/623 625/625 626/626
f 627/627 628/628 629/629
f 627/627 629/629 630/630
f 631/631 632/632 633/633
f 631/631 633/633 634/634
f 635/635 636/636 637/637
f 635/635 637/637 638/638
f 639/639 640/640 641/641
f 639/639 641/641 642/642
f 643/643 644/644 645/645
f 643/643 645/645 646/646
f 647/647 648/648 649/649
f 647/647 649/649 650/650
f 651/651 652/652 653/653
f 651/651 653/653 654/654
f 655/655 656/656 657/657
f 655/655 657/657 658/658
f 659/659 660/660 661/661
f 659/659 661/661 662/662
f 663/663 664/664 665/665
f 663/663 665/665 666/666
f 667/667 668/668 669/669
f 667/667 669/669 670/670
f 671/671 672/672 673/673
f 671/671 673/673 674/674
f 675/675 676/676 677/677
f 675/675 677/677 678/678
f 679/679 680/680 681/681
f 679/679 681/681 682/682
f 683/683 684/684 685/685
f 683/683 685/685 686/686
f 687/687 688/688 689/689
f 687/687 689/689 690/690
f 691/691 692/692 693/693
f 691/691 693/693 694/694
f 695/695 696/696 697/697
f 695/695 697/697 698/698
f 699/699 700/700 701/701
f 699/699 701/701 702/702
f 703/703 704/704 705/705
f 703/703 705/705 706/706
f 707/707 708/708 709/709
f 707/707 709/709 710/710
f 711/711 712/712 713/713
f 711/711 713/713 714/714
f 715/715 716/716 717/717
f 715/715 717/717 718/718
f 719/719 720/720 721/721
f 719/719 721/721 722/722
f 723/723 724/724 725/725
f 723/723 725/725 726/726
f 727/727 728/728 729/729
f 727/727 729/729 730/730
f 731/731 732/732 733/733
f 731/731 733/733 734/734
f 735/735 736/736 737/737
f 735/735 737/737 738/738
f 739/739 740/740 741/741
f 739/739 741/741 742/742
f 743/743 744/744 745/745
f 743/743 745/745 746/746
f 747/747 748/748 749/749
f 747/747 749/749 750/750
f 751/751 752/752 753/753
f 751/751 753/753 754/754
f 755/755 756/756 757/757
f 755/755 757/757 758/758
f 759/759 760/760 761/761
f 759/759 761/761 762/762
f 763/763 764/764 765/765
f 763/763 765/765 766/766
f 767/767 768/768 769/769
f 767/767 769/769 770/770
f 771/771 772/772 773/773
f 771/771 773/773 774/774
f 775/775 776/776 777/777
f 775/775 777/777 778/778
f 779/779 780/780 781/781
f 779/779 781/781 782/782
f 783/783 784/784 785/785
f 783/783 785/785 786/786
f 787/787 788/788 789/789
f 787/787 789/789 790/790
usemtl Rope
f 791/791 792/792 793/793
f 791/791 793/793 794/794
f 795/795 796/796 797/797
f 795/795 797/797 798/798
f 799/799 800/800 801/801
f 799/799 801/801 802/802
f 803/803 804/804 805/805
f 803/803 805/805 806/806
f 807/807 808/808 809/809
f 807/807 809/809 810/810
f 811/811 812/812 813/813
f 811/811 813/813 814/814
f 815/815 816/816 817/817
f 815/815 817/817 818/818
f 819/819 820/820 821/821
f 819/819 821/821 822/822
f 823/823 824/824 825/825
f 823/823 825/825 826/826
f 827/827 828/828 829/829
f 827/827 829/829 830/830
f 831/831 832/832 833/833
f 831/831 833/833 834/834
f 835/835 836/836 837/837
f 835/835 837/837 838/838
f 839/839 840/840 841/841
f 839/839 841/841 842/842
f 843/843 844/844 845/845
f 843/843 845/845 846/846
f 847/847 848/848 849/849
f 847/847 849/849 850/850
f 851/851 852/852 853/853
f 851/851 853/853 854/854
f 855/855 856/856 857/857
f 855/855 857/857 858/858
f 859/859 860/860 861/861
f 859/859 861/861 862/862
f 863/863 864/864 865/865
f 863/863 865/865 866/866
f 867/867 868/868 869/869
f 867/867 869/869 870/870
f 871/871 872/872 873/873
f 871/871 873/873 874/874
f 875/875 876/876 877/877
f 875/875 877/877 878/878
f 879/879 880/880 881/881
f 879/879 881/881 882/882
f 883/883 884/884 885/885
f 883/883 885/885 886/886
f 887/887 888/888 889/889
f 887/887 889/889 890/890
f 891/891 892/892 893/893
f 891/891 893/893 894/894
f 895/895 896/896 897/897
f 895/895 897/897 898/898
f 899/899 900/900 901/901
f 899/899 901/901 902/902
f 903/903 904/904 905/905
f 903/903 905/905 906/906
f 907/907 908/908 909/909
f 907/907 909/909 910/910
f 911/911 912/912 913/913
f 911/911 913/913 914/914
f 915/915 916/916 917/917
f 915/915 917/917 918/918
f 919/919 920/920 921/921
f 919/919 921/921 922/922
f 923/923 924/924 925/925
f 923/923 925/925 926/926
f 927/927 928/928 929/929
f 927/927 929/929 930/930
f 931/931 932/932 933/933
f 931/931 933/933 934/934
f 935/935 936/936 937/937
f 935/935 937/937 938/938
f 939/939 940/940 941/941
f 939/939 941/941 942/942
f 943/943 944/944 945/945
f 943/943 945/945 946/946
f 947/947 948/948 949/949
f 947/947 949/949 950/950
f 951/951 952/952 953/953
f 951/951 953/953 954/954
f 955/955 956/956 957/957
f 955/955 957/957 958/958
f 959/959 960/960 961/961
f 959/959 961/961 962/962
f 963/963 964/964 965/965
f 963/963 965/965 966/966
f 967/967 968/968 969/969
f 967/967 969/969 970/970
f 971/971 972/972 973/973
f 971/971 973/973 974/974
f 975/975 976/976 977/977
f 975/975 977/977 978/978
f 979/979 980/980 981/981
f 979/979 981/981 982/982
f 983/983 984/984 985/985
f 983/983 985/985 986/986
f 987/987 988/988 989/989
f 987/987 989/989 990/990
f 991/991 992/992 993/993
f 991/991 993/993 994/994
f 995/995 996/996 997/997
f 995/995 997/997 998/998
f 999/999 1000/1000 1001/1001
f 999/999 1001/1001 1002/1002
f 1003/1003 1004/1004 1005/1005
f 1003/1003 1005/1005 1006/1006
f 1007/1007 1008/1008 1009/1009
f 1007/1007 1009/1009 1010/1010
f 1011/1011 1012/1012 1013/1013
f 1011/1011 1013/1013 1014/1014
f 1015/1015 1016/1016 1017/1017
f 1015/1015 1017/1017 1018/1018
f 1019/1019 1020/1020 1021/1021
f 1019/1019 1021/1021 1022/1022
f 1023/1023 1024/1024 1025/1025
f 1023/1023 1025/1025 1026/1026
f 1027/1027 1028/1028 1029/1029
f 1027/1027 1029/1029 1030/1030
f 1031/1031 1032/1032 1033/1033
f 1031/1031 1033/1033 1034/1034
f 1035/1035 1036/1036 1037/1037
f 1035/1035 1037/1037 1038/1038
f 1039/1039 1040/1040 1041/1041
f 1039/1039 1041/1041 1042/1042
f 1043/1043 1045/1045 1044/1044
f 1043/1043 1047/1047 1046/1046
f 1043/1043 1049/1049 1048/1048
f 1043/1043 1051/1051 1050/1050
f 1043/1043 1053/1053 1052/1052
f 1043/1043 1055/1055 1054/1054
f 1043/1043 1057/1057 1056/1056
f 1058/1058 1059/1059 1060/1060
f 1058/1058 1061/1061 1062/1062
f 1058/1058 1063/1063 1064/1064
f 1058/1058 1065/1065 1066/1066
f 1058/1058 1067/1067 1068/1068
f 1058/1058 1069/1069 1070/1070
f 1058/1058 1071/1071 1072/1072
usemtl Wood
f 1073/1073 1074/1074 1075/1075
f 1073/1073 1075/1075 1076/1076
f 1077/1077 1078/1078 1079/1079
f 1077/1077 1079/1079 1080/1080
f 1081/1081 1082/1082 1083/1083
f 1081/1081 1083/1083 1084/1084
f 1085/1085 1086/1086 1087/1087
f 1085/1085 1087/1087 1088/1088
f 1089/1089 1090/1090 1091/1091
f 1089/1089 1091/1091 1092/1092
f 1093/1093 1094/1094 1095/1095
f 1093/1093 1095/1095 1096/1096
f 1097/1097 1098/1098 1099/1099
f 1097/1097 1099/1099 1100/1100
f 1101/1101 1103/1103 1102/1102
f 1101/1101 1105/1105 1104/1104
f 1101/1101 1107/1107 1106/1106
f 1101/1101 1109/1109 1108/1108
f 1101/1101 1111/1111 1110/1110
f 1101/1101 1113/1113 1112/1112
f 1101/1101 1115/1115 1114/1114
f 1116/1116 1117/1117 1118/1118
f 1116/1116 1119/1119 1120/1120
f 1116/1116 1121/1121 1122/1122
f 1116/1116 1123/1123 1124/1124
f 1116/1116 1125/1125 1126/1126
f 1116/1116 1127/1127 1128/1128
f 1116/1116 1129/1129 1130/1130
f 1131/1131 1132/1132 1133/1133
f 1131/1131 1133/1133 1134/1134
f 1135/1135 1136/1136 1137/1137
f 1135/1135 1137/1137 1138/1138
f 1139/1139 1140/1140 1141/1141
f 1139/1139 1141/1141 1142/1142
f 1143/1143 1144/1144 1145/1145
f 1143/1143 1145/1145 1146/1146
f 1147/1147 1148/1148 1149/1149
f 1147/1147 1149/1149 1150/1150
f 1151/1151 1152/1152 1153/1153
f 1151/1151 1153/1153 1154/1154
f 1155/1155 1156/1156 1157/1157
f 1155/1155 1157/1157 1158/1158
f 1159/1159 1161/1161 1160/1160
f 1159/1159 1163/1163 1162/1162
f 1159/1159 1165/1165 1164/1164
f 1159/1159 1167/1167 1166/1166
f 1159/1159 1169/1169 1168/1168
f 1159/1159 1171/1171 1170/1170
f 1159/1159 1173/1173 1172/1172
f 1174/1174 1175/1175 1176/1176
f 1174/1174 1177/1177 1178/1178
f 1174/1174 1179/1179 1180/1180
f 1174/1174 1181/1181 1182/1182
f 1174/1174 1183/1183 1184/1184
f 1174/1174 1185/1185 1186/1186
f 1174/1174 1187/1187 1188/1188
usemtl Metal
f 1189/1189 1190/1190 1191/1191
f 1189/1189 1191/1191 1192/1192
f 1193/1193 1194/1194 1195/1195
f 1193/1193 1195/1195 1196/1196
f 1197/1197 1198/1198 1199/1199
f 1197/1197 1199/1199 1200/1200
f 1201/1201 1202/1202 1203/1203
f 1201/1201 1203/1203 1204/1204
f 1205/1205 1206/1206 1207/1207
f 1205/1205 1207/1207 1208/1208
f 1209/1209 1210/1210 1211/1211
f 1209/1209 1211/1211 1212/1212
f 1213/1213 1214/1214 1215/1215
f 1213/1213 1215/1215 1216/1216
f 1217/1217 1218/1218 1219/1219
f 1217/1217 1219/1219 1220/1220
f 1221/1221 1222/1222 1223/1223
f 1221/1221 1223/1223 1224/1224
f 1225/1225 1226/1226 1227/1227
f 1225/1225 1227/1227 1228/1228
f 1229/1229 1230/1230 1231/1231
f 1229/1229 1231/1231 1232/1232
f 1233/1233 1234/1234 1235/1235
f 1233/1233 1235/1235 1236/1236
f 1237/1237 1238/1238 1239/1239
f 1237/1237 1239/1239 1240/1240
f 1241/1241 1242/1242 1243/1243
f 1241/1241 1243/1243 1244/1244
f 1245/1245 1246/1246 1247/1247
f 1245/1245 1247/1247 1248/1248
f 1249/1249 1250/1250 1251/1251
f 1249/1249 1251/1251 1252/1252
f 1253/1253 1254/1254 1255/1255
f 1253/1253 1255/1255 1256/1256
f 1257/1257 1258/1258 1259/1259
f 1257/1257 1259/1259 1260/1260
f 1261/1261 1262/1262 1263/1263
f 1261/1261 1263/1263 1264/1264
f 1265/1265 1266/1266 1267/1267
f 1265/1265 1267/1267 1268/1268
f 1269/1269 1270/1270 1271/1271
f 1269/1269 1271/1271 1272/1272
f 1273/1273 1274/1274 1275/1275
f 1273/1273 1275/1275 1276/1276
f 1277/1277 1278/1278 1279/1279
f 1277/1277 1279/1279 1280/1280
f 1281/1281 1282/1282 1283/1283
f 1281/1281 1283/1283 1284/1284
f 1285/1285 1286/1286 1287/1287
f 1285/1285 1287/1287 1288/1288
f 1289/1289 1290/1290 1291/1291
f 1289/1289 1291/1291 1292/1292
f 1293/1293 1294/1294 1295/1295
f 1293/1293 1295/1295 1296/1296
f 1297/1297 1298/1298 1299/1299
f 1297/1297 1299/1299 1300/1300
f 1301/1301 1302/1302 1303/1303
f 1301/1301 1303/1303 1304/1304
f 1305/1305 1306/1306 1307/1307
f 1305/1305 1307/1307 1308/1308
f 1309/1309 1310/1310 1311/1311
f 1309/1309 1311/1311 1312/1312
f 1313/1313 1314/1314 1315/1315
f 1313/1313 1315/1315 1316/1316
f 1317/1317 1318/1318 1319/1319
f 1317/1317 1319/1319 1320/1320
f 1321/1321 1322/1322 1323/1323
f 1321/1321 1323/1323 1324/1324
f 1325/1325 1326/1326 1327/1327
f 1325/1325 1327/1327 1328/1328
f 1329/1329 1330/1330 1331/1331
f 1329/1329 1331/1331 1332/1332
f 1333/1333 1334/1334 1335/1335
f 1333/1333 1335/1335 1336/1336
f 1337/1337 1338/1338 1339/1339
f 1337/1337 1339/1339 1340/1340
f 1341/1341 1342/1342 1343/1343
f 1341/1341 1343/1343 1344/1344
f 1345/1345 1346/1346 1347/1347
f 1345/1345 1347/1347 1348/1348
f 1349/1349 1350/1350 1351/1351
f 1349/1349 1351/1351 1352/1352
f 1353/1353 1354/1354 1355/1355
f 1353/1353 1355/1355 1356/1356
f 1357/1357 1358/1358 1359/1359
f 1357/1357 1359/1359 1360/1360
f 1361/1361 1362/1362 1363/1363
f 1361/1361 1363/1363 1364/1364
f 1365/1365 1366/1366 1367/1367
f 1365/1365 1367/1367 1368/1368
f 1369/1369 1370/1370 1371/1371
f 1369/1369 1371/1371 1372/1372
f 1373/1373 1374/1374 1375/1375
f 1373/1373 1375/1375 1376/1376
f 1377/1377 1378/1378 1379/1379
f 1377/1377 1379/1379 1380/1380
f 1381/1381 1382/1382 1383/1383
f 1381/1381 1383/1383 1384/1384
f 1385/1385 1386/1386 1387/1387
f 1385/1385 1387/1387 1388/1388
f 1389/1389 1390/1390 1391/1391
f 1389/1389 1391/1391 1392/1392
f 1393/1393 1394/1394 1395/1395
f 1393/1393 1395/1395 1396/1396
f 1397/1397 1398/1398 1399/1399
f 1397/1397 1399/1399 1400/1400
f 1401/1401 1402/1402 1403/1403
f 1401/1401 1403/1403 1404/1404
f 1405/1405 1406/1406 1407/1407
f 1405/1405 1407/1407 1408/1408
f 1409/1409 1410/1410 1411/1411
f 1409/1409 1411/1411 1412/1412
f 1413/1413 1414/1414 1415/1415
f 1413/1413 1415/1415 1416/1416
f 1417/1417 1418/1418 1419/1419
f 1417/1417 1419/1419 1420/1420
f 1421/1421 1422/1422 1423/1423
f 1421/1421 1423/1423 1424/1424
f 1425/1425 1426/1426 1427/1427
f 1425/1425 1427/1427 1428/1428
f 1429/1429 1430/1430 1431/1431
f 1429/1429 1431/1431 1432/1432
f 1433/1433 1434/1434 1435/1435
f 1433/1433 1435/1435 1436/1436
f 1437/1437 1438/1438 1439/1439
f 1437/1437 1439/1439 1440/1440
f 1441/1441 1442/1442 1443/1443
f 1441/1441 1443/1443 1444/1444
f 1445/1445 1446/1446 1447/1447
f 1445/1445 1447/1447 1448/1448
f 1449/1449 1450/1450 1451/1451
f 1449/1449 1451/1451 1452/1452
f 1453/1453 1454/1454 1455/1455
f 1453/1453 1455/1455 1456/1456
f 1457/1457 1458/1458 1459/1459
f 1457/1457 1459/1459 1460/1460
f 1461/1461 1462/1462 1463/1463
f 1461/1461 1463/1463 1464/1464
f 1465/1465 1466/1466 1467/1467
f 1465/1465 1467/1467 1468/1468
usemtl Rope
f 1469/1469 1470/1470 1471/1471
f 1469/1469 1471/1471 1472/1472
f 1473/1473 1474/1474 1475/1475
f 1473/1473 1475/1475 1476/1476
f 1477/1477 1478/1478 1479/1479
f 1477/1477 1479/1479 1480/1480
f 1481/1481 1482/1482 1483/1483
f 1481/1481 1483/1483 1484/1484
f 1485/1485 1486/1486 1487/1487
f 1485/1485 1487/1487 1488/1488
f 1489/1489 1490/1490 1491/1491
f 1489/1489 1491/1491 1492/1492
f 1493/1493 1494/1494 1495/1495
f 1493/1493 1495/1495 1496/1496
f 1497/1497 1498/1498 1499/1499
f 1497/1497 1499/1499 1500/1500
f 1501/1501 1502/1502 1503/1503
f 1501/1501 1503/1503 1504/1504
f 1505/1505 1506/1506 1507/1507
f 1505/1505 1507/1507 1508/1508
f 1509/1509 1510/1510 1511/1511
f 1509/1509 1511/1511 1512/1512
f 1513/1513 1514/1514 1515/1515
f 1513/1513 1515/1515 1516/1516
f 1517/1517 1518/1518 1519/1519
f 1517/1517 1519/1519 1520/1520
f 1521/1521 1522/1522 1523/1523
f 1521/1521 1523/1523 1524/1524
f 1525/1525 1526/1526 1527/1527
f 1525/1525 1527/1527 1528/1528
f 1529/1529 1530/1530 1531/1531
f 1529/1529 1531/1531 1532/1532
f 1533/1533 1534/1534 1535/1535
f 1533/1533 1535/1535 1536/1536
f 1537/1537 1538/1538 1539/1539
f 1537/1537 1539/1539 1540/1540
f 1541/1541 1542/1542 1543/1543
f 1541/1541 1543/1543 1544/1544
f 1545/1545 1546/1546 1547/1547
f 1545/1545 1547/1547 1548/1548
f 1549/1549 1550/1550 1551/1551
f 1549/1549 1551/1551 1552/1552
f 1553/1553 1554/1554 1555/1555
f 1553/1553 1555/1555 1556/1556
f 1557/1557 1558/1558 1559/1559
f 1557/1557 1559/1559 1560/1560
f 1561/1561 1562/1562 1563/1563
f 1561/1561 1563/1563 1564/1564
f 1565/1565 1566/1566 1567/1567
f 1565/1565 1567/1567 1568/1568
f 1569/1569 1570/1570 1571/1571
f 1569/1569 1571/1571 1572/1572
f 1573/1573 1574/1574 1575/1575
f 1573/1573 1575/1575 1576/1576
f 1577/1577 1578/1578 1579/1579
f 1577/1577 1579/1579 1580/1580
f 1581/1581 1582/1582 1583/1583
f 1581/1581 1583/1583 1584/1584
f 1585/1585 1586/1586 1587/1587
f 1585/1585 1587/1587 1588/1588
f 1589/1589 1590/1590 1591/1591
f 1589/1589 1591/1591 1592/1592
f 1593/1593 1594/1594 1595/1595
f 1593/1593 1595/1595 1596/1596
f 1597/1597 1598/1598 1599/1599
f 1597/1597 1599/1599 1600/1600
f 1601/1601 1602/1602 1603/1603
f 1601/1601 1603/1603 1604/1604
f 1605/1605 1606/1606 1607/1607
f 1605/1605 1607/1607 1608/1608
f 1609/1609 1610/1610 1611/1611
f 1609/1609 1611/1611 1612/1612
f 1613/1613 1614/1614 1615/1615
f 1613/1613 1615/1615 1616/1616
f 1617/1617 1618/1618 1619/1619
f 1617/1617 1619/1619 1620/1620
f 1621/1621 1622/1622 1623/1623
f 1621/1621 1623/1623 1624/1624
f 1625/1625 1626/1626 1627/1627
f 1625/1625 1627/1627 1628/1628
f 1629/1629 1630/1630 1631/1631
f 1629/1629 1631/1631 1632/1632
f 1633/1633 1634/1634 1635/1635
f 1633/1633 1635/1635 1636/1636
f 1637/1637 1638/1638 1639/1639
f 1637/1637 1639/1639 1640/1640
f 1641/1641 1642/1642 1643/1643
f 1641/1641 1643/1643 1644/1644
f 1645/1645 1646/1646 1647/1647
f 1645/1645 1647/1647 1648/1648
f 1649/1649 1650/1650 1651/1651
f 1649/1649 1651/1651 1652/1652
f 1653/1653 1654/1654 1655/1655
f 1653/1653 1655/1655 1656/1656
f 1657/1657 1658/1658 1659/1659
f 1657/1657 1659/1659 1660/1660
f 1661/1661 1662/1662 1663/1663
f 1661/1661 1663/1663 1664/1664
f 1665/1665 1666/1666 1667/1667
f 1665/1665 1667/1667 1668/1668
f 1669/1669 1670/1670 1671/1671
f 1669/1669 1671/1671 1672/1672
f 1673/1673 1674/1674 1675/1675
f 1673/1673 1675/1675 1676/1676
f 1677/1677 1678/1678 1679/1679
f 1677/1677 1679/1679 1680/1680
f 1681/1681 1682/1682 1683/1683
f 1681/1681 1683/1683 1684/1684
f 1685/1685 1686/1686 1687/1687
f 1685/1685 1687/1687 1688/1688
f 1689/1689 1690/1690 1691/1691
f 1689/1689 1691/1691 1692/1692
f 1693/1693 1694/1694 1695/1695
f 1693/1693 1695/1695 1696/1696
f 1697/1697 1698/1698 1699/1699
f 1697/1697 1699/1699 1700/1700
f 1701/1701 1702/1702 1703/1703
f 1701/1701 1703/1703 1704/1704
f 1705/1705 1706/1706 1707/1707
f 1705/1705 1707/1707 1708/1708
f 1709/1709 1710/1710 1711/1711
f 1709/1709 1711/1711 1712/1712
f 1713/1713 1714/1714 1715/1715
f 1713/1713 1715/1715 1716/1716
f 1717/1717 1718/1718 1719/1719
f 1717/1717 1719/1719 1720/1720
f 1721/1721 1723/1723 1722/1722
f 1721/1721 1725/1725 1724/1724
f 1721/1721 1727/1727 1726/1726
f 1721/1721 1729/1729 1728/1728
f 1721/1721 1731/1731 1730/1730
f 1721/1721 1733/1733 1732/1732
f 1721/1721 1735/1735 1734/1734
f 1736/1736 1737/1737 1738/1738
f 1736/1736 1739/1739 1740/1740
f 1736/1736 1741/1741 1742/1742
f 1736/1736 1743/1743 1744/1744
f 1736/1736 1745/1745 1746/1746
f 1736/1736 1747/1747 1748/1748
f 1736/1736 1749/1749 1750/1750
usemtl Wood
f 1751/1751 1752/1752 1753/1753
f 1751/1751 1753/1753 1754/1754
f 1755/1755 1756/1756 1757/1757
f 1755/1755 1757/1757 1758/1758
f 1759/1759 1760/1760 1761/1761
f 1759/1759 1761/1761 1762/1762
f 1763/1763 1764/1764 1765/1765
f 1763/1763 1765/1765 1766/1766
f 1767/1767 1768/1768 1769/1769
f 1767/1767 1769/1769 1770/1770
f 1771/1771 1772/1772 1773/1773
f 1771/1771 1773/1773 1774/1774
f 1775/1775 1776/1776 1777/1777
f 1775/1775 1777/1777 1778/1778
f 1779/1779 1781/1781 1780/1780
f 1779/1779 1783/1783 1782/1782
f 1779/1779 1785/1785 1784/1784
f 1779/1779 1787/1787 1786/1786
f 1779/1779 1789/1789 1788/1788
f 1779/1779 1791/1791 1790/1790
f 1779/1779 1793/1793 1792/1792
f 1794/1794 1795/1795 1796/1796
f 1794/1794 1797/1797 1798/1798
f 1794/1794 1799/1799 1800/1800
f 1794/1794 1801/1801 1802/1802
f 1794/1794 1803/1803 1804/1804
f 1794/1794 1805/1805 1806/1806
f 1794/1794 1807/1807 1808/1808
f 1809/1809 1810/1810 1811/1811
f 1809/1809 1811/1811 1812/1812
f 1813/1813 1814/1814 1815/1815
f 1813/1813 1815/1815 1816/1816
f 1817/1817 1818/1818 1819/1819
f 1817/1817 1819/1819 1820/1820
f 1821/1821 1822/1822 1823/1823
f 1821/1821 1823/1823 1824/1824
f 1825/1825 1826/1826 1827/1827
f 1825/1825 1827/1827 1828/1828
f 1829/1829 1830/1830 1831/1831
f 1829/1829 1831/1831 1832/1832
f 1833/1833 1834/1834 1835/1835
f 1833/1833 1835/1835 1836/1836
f 1837/1837 1839/1839 1838/1838
f 1837/1837 1841/1841 1840/1840
f 1837/1837 1843/1843 1842/1842
f 1837/1837 1845/1845 1844/1844
f 1837/1837 1847/1847 1846/1846
f 1837/1837 1849/1849 1848/1848
f 1837/1837 1851/1851 1850/1850
f 1852/1852 1853/1853 1854/1854
f 1852/1852 1855/1855 1856/1856
f 1852/1852 1857/1857 1858/1858
f 1852/1852 1859/1859 1860/1860
f 1852/1852 1861/1861 1862/1862
f 1852/1852 1863/1863 1864/1864
f 1852/1852 1865/1865 1866/1866
usemtl Metal
f 1867/1867 1868/1868 1869/1869
f 1867/1867 1869/1869 1870/1870
f 1871/1871 1872/1872 1873/1873
f 1871/1871 1873/1873 1874/1874
f 1875/1875 1876/1876 1877/1877
f 1875/1875 1877/1877 1878/1878
f 1879/1879 1880/1880 1881/1881
f 1879/1879 1881/1881 1882/1882
f 1883/1883 1884/1884 1885/1885
f 1883/1883 1885/1885 1886/1886
f 1887/1887 1888/1888 1889/1889
f 1887/1887 1889/1889 1890/1890
f 1891/1891 1892/1892 1893/1893
f 1891/1891 1893/1893 1894/1894
f 1895/1895 1896/1896 1897/1897
f 1895/1895 1897/1897 1898/1898
f 1899/1899 1900/1900 1901/1901
f 1899/1899 1901/1901 1902/1902
f 1903/1903 1904/1904 1905/1905
f 1903/1903 1905/1905 1906/1906
f 1907/1907 1908/1908 1909/1909
f 1907/1907 1909/1909 1910/1910
f 1911/1911 1912/1912 1913/1913
f 1911/1911 1913/1913 1914/1914
f 1915/1915 1916/1916 1917/1917
f 1915/1915 1917/1917 1918/1918
f 1919/1919 1920/1920 1921/1921
f 1919/1919 1921/1921 1922/1922
f 1923/1923 1924/1924 1925/1925
f 1923/1923 1925/1925 1926/1926
f 1927/1927 1928/1928 1929/1929
f 1927/1927 1929/1929 1930/1930
f 1931/1931 1932/1932 1933/1933
f 1931/1931 1933/1933 1934/1934
f 1935/1935 1936/1936 1937/1937
f 1935/1935 1937/1937 1938/1938
f 1939/1939 1940/1940 1941/1941
f 1939/1939 1941/1941 1942/1942
f 1943/1943 1944/1944 1945/1945
f 1943/1943 1945/1945 1946/1946
f 1947/1947 1948/1948 1949/1949
f 1947/1947 1949/1949 1950/1950
f 1951/1951 1952/1952 1953/1953
f 1951/1951 1953/1953 1954/1954
f 1955/1955 1956/1956 1957/1957
f 1955/1955 1957/1957 1958/1958
f 1959/1959 1960/1960 1961/1961
f 1959/1959 1961/1961 1962/1962
f 1963/1963 1964/1964 1965/1965
f 1963/1963 1965/1965 1966/1966
f 1967/1967 1968/1968 1969/1969
f 1967/1967 1969/1969 1970/1970
f 1971/1971 1972/1972 1973/1973
f 1971/1971 1973/1973 1974/1974
f 1975/1975 1976/1976 1977/1977
f 1975/1975 1977/1977 1978/1978
f 1979/1979 1980/1980 1981/1981
f 1979/1979 1981/1981 1982/1982
f 1983/1983 1984/1984 1985/1985
f 1983/1983 1985/1985 1986/1986
f 1987/1987 1988/1988 1989/1989
f 1987/1987 1989/1989 1990/1990
f 1991/1991 1992/1992 1993/1993
f 1991/1991 1993/1993 1994/1994
f 1995/1995 1996/1996 1997/1997
f 1995/1995 1997/1997 1998/1998
f 1999/1999 2000/2000 2001/2001
f 1999/1999 2001/2001 2002/2002
f 2003/2003 2004/2004 2005/2005
f 2003/2003 2005/2005 2006/2006
f 2007/2007 2008/2008 2009/2009
f 2007/2007 2009/2009 2010/2010
f 2011/2011 2012/2012 2013/2013
f 2011/2011 2013/2013 2014/2014
f 2015/2015 2016/2016 2017/2017
f 2015/2015 2017/2017 2018/2018
f 2019/2019 2020/2020 2021/2021
f 2019/2019 2021/2021 2022/2022
f 2023/2023 2024/2024 2025/2025
f 2023/2023 2025/2025 2026/2026
f 2027/2027 2028/2028 2029/2029
f 2027/2027 2029/2029 2030/2030
f 2031/2031 2032/2032 2033/2033
f 2031/2031 2033/2033 2034/2034
f 2035/2035 2036/2036 2037/2037
f 2035/2035 2037/2037 2038/2038
f 2039/2039 2040/2040 2041/2041
f 2039/2039 2041/2041 2042/2042
f 2043/2043 2044/2044 2045/2045
f 2043/2043 2045/2045 2046/2046
f 2047/2047 2048/2048 2049/2049
f 2047/2047 2049/2049 2050/2050
f 2051/2051 2052/2052 2053/2053
f 2051/2051 2053/2053 2054/2054
f 2055/2055 2056/2056 2057/2057
f 2055/2055 2057/2057 2058/2058
f 2059/2059 2060/2060 2061/2061
f 2059/2059 2061/2061 2062/2062
f 2063/2063 2064/2064 2065/2065
f 2063/2063 2065/2065 2066/2066
f 2067/2067 2068/2068 2069/2069
f 2067/2067 2069/2069 2070/2070
f 2071/2071 2072/2072 2073/2073
f 2071/2071 2073/2073 2074/2074
f 2075/2075 2076/2076 2077/2077
f 2075/2075 2077/2077 2078/2078
f 2079/2079 2080/2080 2081/2081
f 2079/2079 2081/2081 2082/2082
f 2083/2083 2084/2084 2085/2085
f 2083/2083 2085/2085 2086/2086
f 2087/2087 2088/2088 2089/2089
f 2087/2087 2089/2089 2090/2090
f 2091/2091 2092/2092 2093/2093
f 2091/2091 2093/2093 2094/2094
f 2095/2095 2096/2096 2097/2097
f 2095/2095 2097/2097 2098/2098
f 2099/2099 2100/2100 2101/2101
f 2099/2099 2101/2101 2102/2102
f 2103/2103 2104/2104 2105/2105
f 2103/2103 2105/2105 2106/2106
f 2107/2107 2108/2108 2109/2109
f 2107/2107 2109/2109 2110/2110
f 2111/2111 2112/2112 2113/2113
f 2111/2111 2113/2113 2114/2114
f 2115/2115 2116/2116 2117/2117
f 2115/2115 2117/2117 2118/2118
f 2119/2119 2120/2120 2121/2121
f 2119/2119 2121/2121 2122/2122
f 2123/2123 2124/2124 2125/2125
f 2123/2123 2125/2125 2126/2126
f 2127/2127 2128/2128 2129/2129
f 2127/2127 2129/2129 2130/2130
f 2131/2131 2132/2132 2133/2133
f 2131/2131 2133/2133 2134/2134
f 2135/2135 2136/2136 2137/2137
f 2135/2135 2137/2137 2138/2138
f 2139/2139 2140/2140 2141/2141
f 2139/2139 2141/2141 2142/2142
f 2143/2143 2144/2144 2145/2145
f 2143/2143 2145/2145 2146/2146
usemtl Rope
f 2147/2147 2148/2148 2149/2149
f 2147/2147 2149/2149 2150/2150
f 2151/2151 2152/2152 2153/2153
f 2151/2151 2153/2153 2154/2154
f 2155/2155 2156/2156 2157/2157
f 2155/2155 2157/2157 2158/2158
f 2159/2159 2160/2160 2161/2161
f 2159/2159 2161/2161 2162/2162
f 2163/2163 2164/2164 2165/2165
f 2163/2163 2165/2165 2166/2166
f 2167/2167 2168/2168 2169/2169
f 2167/2167 2169/2169 2170/2170
f 2171/2171 2172/2172 2173/2173
f 2171/2171 2173/2173 2174/2174
f 2175/2175 2176/2176 2177/2177
f 2175/2175 2177/2177 2178/2178
f 2179/2179 2180/2180 2181/2181
f 2179/2179 2181/2181 2182/2182
f 2183/2183 2184/2184 2185/2185
f 2183/2183 2185/2185 2186/2186
f 2187/2187 2188/2188 2189/2189
f 2187/2187 2189/2189 2190/2190
f 2191/2191 2192/2192 2193/2193
f 2191/2191 2193/2193 2194/2194
f 2195/2195 2196/2196 2197/2197
f 2195/2195 2197/2197 2198/2198
f 2199/2199 2200/2200 2201/2201
f 2199/2199 2201/2201 2202/2202
f 2203/2203 2204/2204 2205/2205
f 2203/2203 2205/2205 2206/2206
f 2207/2207 2208/2208 2209/2209
f 2207/2207 2209/2209 2210/2210
f 2211/2211 2212/2212 2213/2213
f 2211/2211 2213/2213 2214/2214
f 2215/2215 2216/2216 2217/2217
f 2215/2215 2217/2217 2218/2218
f 2219/2219 2220/2220 2221/2221
f 2219/2219 2221/2221 2222/2222
f 2223/2223 2224/2224 2225/2225
f 2223/2223 2225/2225 2226/2226
f 2227/2227 2228/2228 2229/2229
f 2227/2227 2229/2229 2230/2230
f 2231/2231 2232/2232 2233/2233
f 2231/2231 2233/2233 2234/2234
f 2235/2235 2236/2236 2237/2237
f 2235/2235 2237/2237 2238/2238
f 2239/2239 2240/2240 2241/2241
f 2239/2239 2241/2241 2242/2242
f 2243/2243 2244/2244 2245/2245
f 2243/2243 2245/2245 2246/2246
f 2247/2247 2248/2248 2249/2249
f 2247/2247 2249/2249 2250/2250
f 2251/2251 2252/2252 2253/2253
f 2251/2251 2253/2253 2254/2254
f 2255/2255 2256/2256 2257/2257
f 2255/2255 2257/2257 2258/2258
f 2259/2259 2260/2260 2261/2261
f 2259/2259 2261/2261 2262/2262
f 2263/2263 2264/2264 2265/2265
f 2263/2263 2265/2265 2266/2266
f 2267/2267 2268/2268 2269/2269
f 2267/2267 2269/2269 2270/2270
f 2271/2271 2272/2272 2273/2273
f 2271/2271 2273/2273 2274/2274
f 2275/2275 2276/2276 2277/2277
f 2275/2275 2277/2277 2278/2278
f 2279/2279 2280/2280 2281/2281
f 2279/2279 2281/2281 2282/2282
f 2283/2283 2284/2284 2285/2285
f 2283/2283 2285/2285 2286/2286
f 2287/2287 2288/2288 2289/2289
f 2287/2287 2289/2289 2290/2290
f 2291/2291 2292/2292 2293/2293
f 2291/2291 2293/2293 2294/2294
f 2295/2295 2296/2296 2297/2297
f 2295/2295 2297/2297 2298/2298
f 2299/2299 2300/2300 2301/2301
f 2299/2299 2301/2301 2302/2302
f 2303/2303 2304/2304 2305/2305
f 2303/2303 2305/2305 2306/2306
f 2307/2307 2308/2308 2309/2309
f 2307/2307 2309/2309 2310/2310
f 2311/2311 2312/2312 2313/2313
f 2311/2311 2313/2313 2314/2314
f 2315/2315 2316/2316 2317/2317
f 2315/2315 2317/2317 2318/2318
f 2319/2319 2320/2320 2321/2321
f 2319/2319 2321/2321 2322/2322
f 2323/2323 2324/2324 2325/2325
f 2323/2323 2325/2325 2326/2326
f 2327/2327 2328/2328 2329/2329
f 2327/2327 2329/2329 2330/2330
f 2331/2331 2332/2332 2333/2333
f 2331/2331 2333/2333 2334/2334
f 2335/2335 2336/2336 2337/2337
f 2335/2335 2337/2337 2338/2338
f 2339/2339 2340/2340 2341/2341
f 2339/2339 2341/2341 2342/2342
f 2343/2343 2344/2344 2345/2345
f 2343/2343 2345/2345 2346/2346
f 2347/2347 2348/2348 2349/2349
f 2347/2347 2349/2349 2350/2350
f 2351/2351 2352/2352 2353/2353
f 2351/2351 2353/2353 2354/2354
f 2355/2355 2356/2356 2357/2357
f 2355/2355 2357/2357 2358/2358
f 2359/2359 2360/2360 2361/2361
f 2359/2359 2361/2361 2362/2362
f 2363/2363 2364/2364 2365/2365
f 2363/2363 2365/2365 2366/2366
f 2367/2367 2368/2368 2369/2369
f 2367/2367 2369/2369 2370/2370
f 2371/2371 2372/2372 2373/2373
f 2371/2371 2373/2373 2374/2374
f 2375/2375 2376/2376 2377/2377
f 2375/2375 2377/2377 2378/2378
f 2379/2379 2380/2380 2381/2381
f 2379/2379 2381/2381 2382/2382
f 2383/2383 2384/2384 2385/2385
f 2383/2383 2385/2385 2386/2386
f 2387/2387 2388/2388 2389/2389
f 2387/2387 2389/2389 2390/2390
f 2391/2391 2392/2392 2393/2393
f 2391/2391 2393/2393 2394/2394
f 2395/2395 2396/2396 2397/2397
f 2395/2395 2397/2397 2398/2398
f 2399/2399 2401/2401 2400/2400
f 2399/2399 2403/2403 2402/2402
f 2399/2399 2405/2405 2404/2404
f 2399/2399 2407/2407 2406/2406
f 2399/2399 2409/2409 2408/2408
f 2399/2399 2411/2411 2410/2410
f 2399/2399 2413/2413 2412/2412
f 2414/2414 2415/2415 2416/2416
f 2414/2414 2417/2417 2418/2418
f 2414/2414 2419/2419 2420/2420
f 2414/2414 2421/2421 2422/2422
f 2414/2414 2423/2423 2424/2424
f 2414/2414 2425/2425 2426/2426
f 2414/2414 2427/2427 2428/2428
usemtl Wood
f 2429/2429 2430/2430 2431/2431
f 2429/2429 2431/2431 2432/2432
f 2433/2433 2434/2434 2435/2435
f 2433/2433 2435/2435 2436/2436
f 2437/2437 2438/2438 2439/2439
f 2437/2437 2439/2439 2440/2440
f 2441/2441 2442/2442 2443/2443
f 2441/2441 2443/2443 2444/2444
f 2445/2445 2446/2446 2447/2447
f 2445/2445 2447/2447 2448/2448
f 2449/2449 2450/2450 2451/2451
f 2449/2449 2451/2451 2452/2452
f 2453/2453 2454/2454 2455/2455
f 2453/2453 2455/2455 2456/2456
f 2457/2457 2459/2459 2458/2458
f 2457/2457 2461/2461 2460/2460
f 2457/2457 2463/2463 2462/2462
f 2457/2457 2465/2465 2464/2464
f 2457/2457 2467/2467 2466/2466
f 2457/2457 2469/2469 2468/2468
f 2457/2457 2471/2471 2470/2470
f 2472/2472 2473/2473 2474/2474
f 2472/2472 2475/2475 2476/2476
f 2472/2472 2477/2477 2478/2478
f 2472/2472 2479/2479 2480/2480
f 2472/2472 2481/2481 2482/2482
f 2472/2472 2483/2483 2484/2484
f 2472/2472 2485/2485 2486/2486
f 2487/2487 2488/2488 2489/2489
f 2487/2487 2489/2489 2490/2490
f 2491/2491 2492/2492 2493/2493
f 2491/2491 2493/2493 2494/2494
f 2495/2495 2496/2496 2497/2497
f 2495/2495 2497/2497 2498/2498
f 2499/2499 2500/2500 2501/2501
f 2499/2499 2501/2501 2502/2502
f 2503/2503 2504/2504 2505/2505
f 2503/2503 2505/2505 2506/2506
f 2507/2507 2508/2508 2509/2509
f 2507/2507 2509/2509 2510/2510
f 2511/2511 2512/2512 2513/2513
f 2511/2511 2513/2513 2514/2514
f 2515/2515 2517/2517 2516/2516
f 2515/2515 2519/2519 2518/2518
f 2515/2515 2521/2521 2520/2520
f 2515/2515 2523/2523 2522/2522
f 2515/2515 2525/2525 2524/2524
f 2515/2515 2527/2527 2526/2526
f 2515/2515 2529/2529 2528/2528
f 2530/2530 2531/2531 2532/2532
f 2530/2530 2533/2533 2534/2534
f 2530/2530 2535/2535 2536/2536
f 2530/2530 2537/2537 2538/2538
f 2530/2530 2539/2539 2540/2540
f 2530/2530 2541/2541 2542/2542
f 2530/2530 2543/2543 2544/2544
usemtl Metal
f 2545/2545 2546/2546 2547/2547
f 2545/2545 2547/2547 2548/2548
f 2549/2549 2550/2550 2551/2551
f 2549/2549 2551/2551 2552/2552
f 2553/2553 2554/2554 2555/2555
f 2553/2553 2555/2555 2556/2556
f 2557/2557 2558/2558 2559/2559
f 2557/2557 2559/2559 2560/2560
f 2561/2561 2562/2562 2563/2563
f 2561/2561 2563/2563 2564/2564
f 2565/2565 2566/2566 2567/2567
f 2565/2565 2567/2567 2568/2568
f 2569/2569 2570/2570 2571/2571
f 2569/2569 2571/2571 2572/2572
f 2573/2573 2574/2574 2575/2575
f 2573/2573 2575/2575 2576/2576
f 2577/2577 2578/2578 2579/2579
f 2577/2577 2579/2579 2580/2580
f 2581/2581 2582/2582 2583/2583
f 2581/2581 2583/2583 2584/2584
f 2585/2585 2586/2586 2587/2587
f 2585/2585 2587/2587 2588/2588
f 2589/2589 2590/2590 2591/2591
f 2589/2589 2591/2591 2592/2592
f 2593/2593 2594/2594 2595/2595
f 2593/2593 2595/2595 2596/2596
f 2597/2597 2598/2598 2599/2599
f 2597/2597 2599/2599 2600/2600
f 2601/2601 2602/2602 2603/2603
f 2601/2601 2603/2603 2604/2604
f 2605/2605 2606/2606 2607/2607
f 2605/2605 2607/2607 2608/2608
f 2609/2609 2610/2610 2611/2611
f 2609/2609 2611/2611 2612/2612
f 2613/2613 2614/2614 2615/2615
f 2613/2613 2615/2615 2616/2616
f 2617/2617 2618/2618 2619/2619
f 2617/2617 2619/2619 2620/2620
f 2621/2621 2622/2622 2623/2623
f 2621/2621 2623/2623 2624/2624
f 2625/2625 2626/2626 2627/2627
f 2625/2625 2627/2627 2628/2628
f 2629/2629 2630/2630 2631/2631
f 2629/2629 2631/2631 2632/2632
f 2633/2633 2634/2634 2635/2635
f 2633/2633 2635/2635 2636/2636
f 2637/2637 2638/2638 2639/2639
f 2637/2637 2639/2639 2640/2640
f 2641/2641 2642/2642 2643/2643
f 2641/2641 2643/2643 2644/2644
f 2645/2645 2646/2646 2647/2647
f 2645/2645 2647/2647 2648/2648
f 2649/2649 2650/2650 2651/2651
f 2649/2649 2651/2651 2652/2652
f 2653/2653 2654/2654 2655/2655
f 2653/2653 2655/2655 2656/2656
f 2657/2657 2658/2658 2659/2659
f 2657/2657 2659/2659 2660/2660
f 2661/2661 2662/2662 2663/2663
f 2661/2661 2663/2663 2664/2664
f 2665/2665 2666/2666 2667/2667
f 2665/2665 2667/2667 2668/2668
f 2669/2669 2670/2670 2671/2671
f 2669/2669 2671/2671 2672/2672
f 2673/2673 2674/2674 2675/2675
f 2673/2673 2675/2675 2676/2676
f 2677/2677 2678/2678 2679/2679
f 2677/2677 2679/2679 2680/2680
f 2681/2681 2682/2682 2683/2683
f 2681/2681 2683/2683 2684/2684
f 2685/2685 2686/2686 2687/2687
f 2685/2685 2687/2687 2688/2688
f 2689/2689 2690/2690 2691/2691
f 2689/2689 2691/2691 2692/2692
f 2693/2693 2694/2694 2695/2695
f 2693/2693 2695/2695 2696/2696
f 2697/2697 2698/2698 2699/2699
f 2697/2697 2699/2699 2700/2700
f 2701/2701 2702/2702 2703/2703
f 2701/2701 2703/2703 2704/2704
f 2705/2705 2706/2706 2707/2707
f 2705/2705 2707/2707 2708/2708
f 2709/2709 2710/2710 2711/2711
f 2709/2709 2711/2711 2712/2712
f 2713/2713 2714/2714 2715/2715
f 2713/2713 2715/2715 2716/2716
f 2717/2717 2718/2718 2719/2719
f 2717/2717 2719/2719 2720/2720
f 2721/2721 2722/2722 2723/2723
f 2721/2721 2723/2723 2724/2724
f 2725/2725 2726/2726 2727/2727
f 2725/2725 2727/2727 2728/2728
f 2729/2729 2730/2730 2731/2731
f 2729/2729 2731/2731 2732/2732
f 2733/2733 2734/2734 2735/2735
f 2733/2733 2735/2735 2736/2736
f 2737/2737 2738/2738 2739/2739
f 2737/2737 2739/2739 2740/2740
f 2741/2741 2742/2742 2743/2743
f 2741/2741 2743/2743 2744/2744
f 2745/2745 2746/2746 2747/2747
f 2745/2745 2747/2747 2748/2748
f 2749/2749 2750/2750 2751/2751
f 2749/2749 2751/2751 2752/2752
f 2753/2753 2754/2754 2755/2755
f 2753/2753 2755/2755 2756/2756
f 2757/2757 2758/2758 2759/2759
f 2757/2757 2759/2759 2760/2760
f 2761/2761 2762/2762 2763/2763
f 2761/2761 2763/2763 2764/2764
f 2765/2765 2766/2766 2767/2767
f 2765/2765 2767/2767 2768/2768
f 2769/2769 2770/2770 2771/2771
f 2769/2769 2771/2771 2772/2772
f 2773/2773 2774/2774 2775/2775
f 2773/2773 2775/2775 2776/2776
f 2777/2777 2778/2778 2779/2779
f 2777/2777 2779/2779 2780/2780
f 2781/2781 2782/2782 2783/2783
f 2781/2781 2783/2783 2784/2784
f 2785/2785 2786/2786 2787/2787
f 2785/2785 2787/2787 2788/2788
f 2789/2789 2790/2790 2791/2791
f 2789/2789 2791/2791 2792/2792
f 2793/2793 2794/2794 2795/2795
f 2793/2793 2795/2795 2796/2796
f 2797/2797 2798/2798 2799/2799
f 2797/2797 2799/2799 2800/2800
f 2801/2801 2802/2802 2803/2803
f 2801/2801 2803/2803 2804/2804
f 2805/2805 2806/2806 2807/2807
f 2805/2805 2807/2807 2808/2808
f 2809/2809 2810/2810 2811/2811
f 2809/2809 2811/2811 2812/2812
f 2813/2813 2814/2814 2815/2815
f 2813/2813 2815/2815 2816/2816
f 2817/2817 2818/2818 2819/2819
f 2817/2817 2819/2819 2820/2820
f 2821/2821 2822/2822 2823/2823
f 2821/2821 2823/2823 2824/2824
usemtl Rope
f 2825/2825 2826/2826 2827/2827
f 2825/2825 2827/2827 2828/2828
f 2829/2829 2830/2830 2831/2831
f 2829/2829 2831/2831 2832/2832
f 2833/2833 2834/2834 2835/2835
f 2833/2833 2835/2835 2836/2836
f 2837/2837 2838/2838 2839/2839
f 2837/2837 2839/2839 2840/2840
f 2841/2841 2842/2842 2843/2843
f 2841/2841 2843/2843 2844/2844
f 2845/2845 2846/2846 2847/2847
f 2845/2845 2847/2847 2848/2848
f 2849/2849 2850/2850 2851/2851
f 2849/2849 2851/2851 2852/2852
f 2853/2853 2854/2854 2855/2855
f 2853/2853 2855/2855 2856/2856
f 2857/2857 2858/2858 2859/2859
f 2857/2857 2859/2859 2860/2860
f 2861/2861 2862/2862 2863/2863
f 2861/2861 2863/2863 2864/2864
f 2865/2865 2866/2866 2867/2867
f 2865/2865 2867/2867 2868/2868
f 2869/2869 2870/2870 2871/2871
f 2869/2869 2871/2871 2872/2872
f 2873/2873 2874/2874 2875/2875
f 2873/2873 2875/2875 2876/2876
f 2877/2877 2878/2878 2879/2879
f 2877/2877 2879/2879 2880/2880
f 2881/2881 2882/2882 2883/2883
f 2881/2881 2883/2883 2884/2884
f 2885/2885 2886/2886 2887/2887
f 2885/2885 2887/2887 2888/2888
f 2889/2889 2890/2890 2891/2891
f 2889/2889 2891/2891 2892/2892
f 2893/2893 2894/2894 2895/2895
f 2893/2893 2895/2895 2896/2896
f 2897/2897 2898/2898 2899/2899
f 2897/2897 2899/2899 2900/2900
f 2901/2901 2902/2902 2903/2903
f 2901/2901 2903/2903 2904/2904
f 2905/2905 2906/2906 2907/2907
f 2905/2905 2907/2907 2908/2908
f 2909/2909 2910/2910 2911/2911
f 2909/2909 2911/2911 2912/2912
f 2913/2913 2914/2914 2915/2915
f 2913/2913 2915/2915 2916/2916
f 2917/2917 2918/2918 2919/2919
f 2917/2917 2919/2919 2920/2920
f 2921/2921 2922/2922 2923/2923
f 2921/2921 2923/2923 2924/2924
f 2925/2925 2926/2926 2927/2927
f 2925/2925 2927/2927 2928/2928
f 2929/2929 2930/2930 2931/2931
f 2929/2929 2931/2931 2932/2932
f 2933/2933 2934/2934 2935/2935
f 2933/2933 2935/2935 2936/2936
f 2937/2937 2938/2938 2939/2939
f 2937/2937 2939/2939 2940/2940
f 2941/2941 2942/2942 2943/2943
f 2941/2941 2943/2943 2944/2944
f 2945/2945 2946/2946 2947/2947
f 2945/2945 2947/2947 2948/2948
f 2949/2949 2950/2950 2951/2951
f 2949/2949 2951/2951 2952/2952
f 2953/2953 2954/2954 2955/2955
f 2953/2953 2955/2955 2956/2956
f 2957/2957 2958/2958 2959/2959
f 2957/2957 2959/2959 2960/2960
f 2961/2961 2962/2962 2963/2963
f 2961/2961 2963/2963 2964/2964
f 2965/2965 2966/2966 2967/2967
f 2965/2965 2967/2967 2968/2968
f 2969/2969 2970/2970 2971/2971
f 2969/2969 2971/2971 2972/2972
f 2973/2973 2974/2974 2975/2975
f 2973/2973 2975/2975 2976/2976
f 2977/2977 2978/2978 2979/2979
f 2977/2977 2979/2979 2980/2980
f 2981/2981 2982/2982 2983/2983
f 2981/2981 2983/2983 2984/2984
f 2985/2985 2986/2986 2987/2987
f 2985/2985 2987/2987 2988/2988
f 2989/2989 2990/2990 2991/2991
f 2989/2989 2991/2991 2992/2992
f 2993/2993 2994/2994 2995/2995
f 2993/2993 2995/2995 2996/2996
f 2997/2997 2998/2998 2999/2999
f 2997/2997 2999/2999 3000/3000
f 3001/3001 3002/3002 3003/3003
f 3001/3001 3003/3003 3004/3004
f 3005/3005 3006/3006 3007/3007
f 3005/3005 3007/3007 3008/3008
f 3009/3009 3010/3010 3011/3011
f 3009/3009 3011/3011 3012/3012
f 3013/3013 3014/3014 3015/3015
f 3013/3013 3015/3015 3016/3016
f 3017/3017 3018/3018 3019/3019
f 3017/3017 3019/3019 3020/3020
f 3021/3021 3022/3022 3023/3023
f 3021/3021 3023/3023 3024/3024
f 3025/3025 3026/3026 3027/3027
f 3025/3025 3027/3027 3028/3028
f 3029/3029 3030/3030 3031/3031
f 3029/3029 3031/3031 3032/3032
f 3033/3033 3034/3034 3035/3035
f 3033/3033 3035/3035 3036/3036
f 3037/3037 3038/3038 3039/3039
f 3037/3037 3039/3039 3040/3040
f 3041/3041 3042/3042 3043/3043
f 3041/3041 3043/3043 3044/3044
f 3045/3045 3046/3046 3047/3047
f 3045/3045 3047/3047 3048/3048
f 3049/3049 3050/3050 3051/3051
f 3049/3049 3051/3051 3052/3052
f 3053/3053 3054/3054 3055/3055
f 3053/3053 3055/3055 3056/3056
f 3057/3057 3058/3058 3059/3059
f 3057/3057 3059/3059 3060/3060
f 3061/3061 3062/3062 3063/3063
f 3061/3061 3063/3063 3064/3064
f 3065/3065 3066/3066 3067/3067
f 3065/3065 3067/3067 3068/3068
f 3069/3069 3070/3070 3071/3071
f 3069/3069 3071/3071 3072/3072
f 3073/3073 3074/3074 3075/3075
f 3073/3073 3075/3075 3076/3076
f 3077/3077 3079/3079 3078/3078
f 3077/3077 3081/3081 3080/3080
f 3077/3077 3083/3083 3082/3082
f 3077/3077 3085/3085 3084/3084
f 3077/3077 3087/3087 3086/3086
f 3077/3077 3089/3089 3088/3088
f 3077/3077 3091/3091 3090/3090
f 3092/3092 3093/3093 3094/3094
f 3092/3092 3095/3095 3096/3096
f 3092/3092 3097/3097 3098/3098
f 3092/3092 3099/3099 3100/3100
f 3092/3092 3101/3101 3102/3102
f 3092/3092 3103/3103 3104/3104
f 3092/3092 3105/3105 3106/3106
f 3107/3107 3108/3108 3109/3109
f 3107/3107 3109/3109 3110/3110
f 3111/3111 3112/3112 3113/3113
f 3111/3111 3113/3113 3114/3114
f 3115/3115 3116/3116 3117/3117
f 3115/3115 3117/3117 3118/3118
f 3119/3119 3120/3120 3121/3121
f 3119/3119 3121/3121 3122/3122
f 3123/3123 3124/3124 3125/3125
f 3123/3123 3125/3125 3126/3126
f 3127/3127 3128/3128 3129/3129
f 3127/3127 3129/3129 3130/3130
f 3131/3131 3132/3132 3133/3133
f 3131/3131 3133/3133 3134/3134
f 3135/3135 3137/3137 3136/3136
f 3135/3135 3139/3139 3138/3138
f 3135/3135 3141/3141 3140/3140
f 3135/3135 3143/3143 3142/3142
f 3135/3135 3145/3145 3144/3144
f 3135/3135 3147/3147 3146/3146
f 3135/3135 3149/3149 3148/3148
f 3150/3150 3151/3151 3152/3152
f 3150/3150 3153/3153 3154/3154
f 3150/3150 3155/3155 3156/3156
f 3150/3150 3157/3157 3158/3158
f 3150/3150 3159/3159 3160/3160
f 3150/3150 3161/3161 3162/3162
f 3150/3150 3163/3163 3164/3164
f 3165/3165 3166/3166 3167/3167
f 3165/3165 3167/3167 3168/3168
f 3169/3169 3170/3170 3171/3171
f 3169/3169 3171/3171 3172/3172
f 3173/3173 3174/3174 3175/3175
f 3173/3173 3175/3175 3176/3176
f 3177/3177 3178/3178 3179/3179
f 3177/3177 3179/3179 3180/3180
f 3181/3181 3182/3182 3183/3183
f 3181/3181 3183/3183 3184/3184
f 3185/3185 3186/3186 3187/3187
f 3185/3185 3187/3187 3188/3188
f 3189/3189 3190/3190 3191/3191
f 3189/3189 3191/3191 3192/3192
f 3193/3193 3195/3195 3194/3194
f 3193/3193 3197/3197 3196/3196
f 3193/3193 3199/3199 3198/3198
f 3193/3193 3201/3201 3200/3200
f 3193/3193 3203/3203 3202/3202
f 3193/3193 3205/3205 3204/3204
f 3193/3193 3207/3207 3206/3206
f 3208/3208 3209/3209 3210/3210
f 3208/3208 3211/3211 3212/3212
f 3208/3208 3213/3213 3214/3214
f 3208/3208 3215/3215 3216/3216
f 3208/3208 3217/3217 3218/3218
f 3208/3208 3219/3219 3220/3220
f 3208/3208 3221/3221 3222/3222
f 3223/3223 3224/3224 3225/3225
f 3223/3223 3225/3225 3226/3226
f 3227/3227 3228/3228 3229/3229
f 3227/3227 3229/3229 3230/3230
f 3231/3231 3232/3232 3233/3233
f 3231/3231 3233/3233 3234/3234
f 3235/3235 3236/3236 3237/3237
f 3235/3235 3237/3237 3238/3238
f 3239/3239 3240/3240 3241/3241
f 3239/3239 3241/3241 3242/3242
f 3243/3243 3244/3244 3245/3245
f 3243/3243 3245/3245 3246/3246
f 3247/3247 3248/3248 3249/3249
f 3247/3247 3249/3249 3250/3250
f 3251/3251 3253/3253 3252/3252
f 3251/3251 3255/3255 3254/3254
f 3251/3251 3257/3257 3256/3256
f 3251/3251 3259/3259 3258/3258
f 3251/3251 3261/3261 3260/3260
f 3251/3251 3263/3263 3262/3262
f 3251/3251 3265/3265 3264/3264
f 3266/3266 3267/3267 3268/3268
f 3266/3266 3269/3269 3270/3270
f 3266/3266 3271/3271 3272/3272
f 3266/3266 3273/3273 3274/3274
f 3266/3266 3275/3275 3276/3276
f 3266/3266 3277/3277 3278/3278
f 3266/3266 3279/3279 3280/3280
usemtl Cloth
f 3281/3281 3282/3282 3283/3283
f 3281/3281 3283/3283 3284/3284
f 3285/3285 3286/3286 3287/3287
f 3285/3285 3287/3287 3288/3288
f 3289/3289 3290/3290 3291/3291
f 3289/3289 3291/3291 3292/3292
f 3293/3293 3294/3294 3295/3295
f 3293/3293 3295/3295 3296/3296
f 3297/3297 3298/3298 3299/3299
f 3297/3297 3299/3299 3300/3300
f 3301/3301 3302/3302 3303/3303
f 3301/3301 3303/3303 3304/3304
usemtl Char
f 3305/3305 3306/3306 3307/3307
f 3305/3305 3307/3307 3308/3308
f 3309/3309 3310/3310 3311/3311
f 3309/3309 3311/3311 3312/3312
f 3313/3313 3314/3314 3315/3315
f 3313/3313 3315/3315 3316/3316
f 3317/3317 3318/3318 3319/3319
f 3317/3317 3319/3319 3320/3320
f 3321/3321 3322/3322 3323/3323
f 3321/3321 3323/3323 3324/3324
f 3325/3325 3326/3326 3327/3327
f 3325/3325 3327/3327 3328/3328
usemtl Rope
f 3329/3329 3330/3330 3331/3331
f 3329/3329 3331/3331 3332/3332
f 3333/3333 3334/3334 3335/3335
f 3333/3333 3335/3335 3336/3336
f 3337/3337 3338/3338 3339/3339
f 3337/3337 3339/3339 3340/3340
f 3341/3341 3342/3342 3343/3343
f 3341/3341 3343/3343 3344/3344
f 3345/3345 3346/3346 3347/3347
f 3345/3345 3347/3347 3348/3348
f 3349/3349 3351/3351 3350/3350
f 3349/3349 3353/3353 3352/3352
f 3349/3349 3355/3355 3354/3354
f 3349/3349 3357/3357 3356/3356
f 3349/3349 3359/3359 3358/3358
f 3360/3360 3361/3361 3362/3362
f 3360/3360 3363/3363 3364/3364
f 3360/3360 3365/3365 3366/3366
f 3360/3360 3367/3367 3368/3368
f 3360/3360 3369/3369 3370/3370
