mtllib ../../Materials/project_oen.mtl
o pr-009_torch__lit
v 0.026590 0.011818 0.000000
v 0.018802 0.011818 0.018802
v 0.018802 0.555446 0.018802
v 0.026590 0.555446 0.000000
v 0.018802 0.011818 0.018802
v 0.000000 0.011818 0.026590
v 0.000000 0.555446 0.026590
v 0.018802 0.555446 0.018802
v 0.000000 0.011818 0.026590
v -0.018802 0.011818 0.018802
v -0.018802 0.555446 0.018802
v 0.000000 0.555446 0.026590
v -0.018802 0.011818 0.018802
v -0.026590 0.011818 0.000000
v -0.026590 0.555446 0.000000
v -0.018802 0.555446 0.018802
v -0.026590 0.011818 0.000000
v -0.018802 0.011818 -0.018802
v -0.018802 0.555446 -0.018802
v -0.026590 0.555446 0.000000
v -0.018802 0.011818 -0.018802
v -0.000000 0.011818 -0.026590
v -0.000000 0.555446 -0.026590
v -0.018802 0.555446 -0.018802
v -0.000000 0.011818 -0.026590
v 0.018802 0.011818 -0.018802
v 0.018802 0.555446 -0.018802
v -0.000000 0.555446 -0.026590
v 0.018802 0.011818 -0.018802
v 0.026590 0.011818 0.000000
v 0.026590 0.555446 0.000000
v 0.018802 0.555446 -0.018802
v 0.000000 0.011818 0.000000
v 0.018802 0.011818 0.018802
v 0.026590 0.011818 0.000000
v 0.000000 0.555446 0.000000
v 0.026590 0.555446 0.000000
v 0.018802 0.555446 0.018802
v 0.000000 0.011818 0.000000
v 0.000000 0.011818 0.026590
v 0.018802 0.011818 0.018802
v 0.000000 0.555446 0.000000
v 0.018802 0.555446 0.018802
v 0.000000 0.555446 0.026590
v 0.000000 0.011818 0.000000
v -0.018802 0.011818 0.018802
v 0.000000 0.011818 0.026590
v 0.000000 0.555446 0.000000
v 0.000000 0.555446 0.026590
v -0.018802 0.555446 0.018802
v 0.000000 0.011818 0.000000
v -0.026590 0.011818 0.000000
v -0.018802 0.011818 0.018802
v 0.000000 0.555446 0.000000
v -0.018802 0.555446 0.018802
v -0.026590 0.555446 0.000000
v 0.000000 0.011818 0.000000
v -0.018802 0.011818 -0.018802
v -0.026590 0.011818 0.000000
v 0.000000 0.555446 0.000000
v -0.026590 0.555446 0.000000
v -0.018802 0.555446 -0.018802
v 0.000000 0.011818 0.000000
v -0.000000 0.011818 -0.026590
v -0.018802 0.011818 -0.018802
v 0.000000 0.555446 0.000000
v -0.018802 0.555446 -0.018802
v -0.000000 0.555446 -0.026590
v 0.000000 0.011818 0.000000
v 0.018802 0.011818 -0.018802
v -0.000000 0.011818 -0.026590
v 0.000000 0.555446 0.000000
v -0.000000 0.555446 -0.026590
v 0.018802 0.555446 -0.018802
v 0.000000 0.011818 0.000000
v 0.026590 0.011818 0.000000
v 0.018802 0.011818 -0.018802
v 0.000000 0.555446 0.000000
v 0.018802 0.555446 -0.018802
v 0.026590 0.555446 0.000000
v 0.057317 0.537719 0.000000
v 0.049638 0.509060 0.000000
v 0.043497 0.512606 0.007091
v 0.050227 0.537719 0.007091
v 0.050227 0.537719 0.007091
v 0.043497 0.512606 0.007091
v 0.037357 0.516151 0.000000
v 0.043136 0.537719 0.000000
v 0.043136 0.537719 0.000000
v 0.037357 0.516151 0.000000
v 0.043497 0.512606 -0.007091
v 0.050227 0.537719 -0.007091
v 0.050227 0.537719 -0.007091
v 0.043497 0.512606 -0.007091
v 0.049638 0.509060 0.000000
v 0.057317 0.537719 0.000000
v 0.049638 0.509060 0.000000
v 0.028659 0.488081 0.000000
v 0.025113 0.494222 0.007091
v 0.043497 0.512606 0.007091
v 0.043497 0.512606 0.007091
v 0.025113 0.494222 0.007091
v 0.021568 0.500362 0.000000
v 0.037357 0.516151 0.000000
v 0.037357 0.516151 0.000000
v 0.021568 0.500362 0.000000
v 0.025113 0.494222 -0.007091
v 0.043497 0.512606 -0.007091
v 0.043497 0.512606 -0.007091
v 0.025113 0.494222 -0.007091
v 0.028659 0.488081 0.000000
v 0.049638 0.509060 0.000000
v 0.028659 0.488081 0.000000
v 0.000000 0.480402 0.000000
v 0.000000 0.487492 0.007091
v 0.025113 0.494222 0.007091
v 0.025113 0.494222 0.007091
v 0.000000 0.487492 0.007091
v 0.000000 0.494583 0.000000
v 0.021568 0.500362 0.000000
v 0.021568 0.500362 0.000000
v 0.000000 0.494583 0.000000
v 0.000000 0.487492 -0.007091
v 0.025113 0.494222 -0.007091
v 0.025113 0.494222 -0.007091
v 0.000000 0.487492 -0.007091
v 0.000000 0.480402 0.000000
v 0.028659 0.488081 0.000000
v 0.000000 0.480402 0.000000
v -0.028659 0.488081 0.000000
v -0.025113 0.494222 0.007091
v 0.000000 0.487492 0.007091
v 0.000000 0.487492 0.007091
v -0.025113 0.494222 0.007091
v -0.021568 0.500362 0.000000
v 0.000000 0.494583 0.000000
v 0.000000 0.494583 0.000000
v -0.021568 0.500362 0.000000
v -0.025113 0.494222 -0.007091
v 0.000000 0.487492 -0.007091
v 0.000000 0.487492 -0.007091
v -0.025113 0.494222 -0.007091
v -0.028659 0.488081 0.000000
v 0.000000 0.480402 0.000000
v -0.028659 0.488081 0.000000
v -0.049638 0.509060 0.000000
v -0.043497 0.512606 0.007091
v -0.025113 0.494222 0.007091
v -0.025113 0.494222 0.007091
v -0.043497 0.512606 0.007091
v -0.037357 0.516151 0.000000
v -0.021568 0.500362 0.000000
v -0.021568 0.500362 0.000000
v -0.037357 0.516151 0.000000
v -0.043497 0.512606 -0.007091
v -0.025113 0.494222 -0.007091
v -0.025113 0.494222 -0.007091
v -0.043497 0.512606 -0.007091
v -0.049638 0.509060 0.000000
v -0.028659 0.488081 0.000000
v -0.049638 0.509060 0.000000
v -0.057317 0.537719 0.000000
v -0.050227 0.537719 0.007091
v -0.043497 0.512606 0.007091
v -0.043497 0.512606 0.007091
v -0.050227 0.537719 0.007091
v -0.043136 0.537719 0.000000
v -0.037357 0.516151 0.000000
v -0.037357 0.516151 0.000000
v -0.043136 0.537719 0.000000
v -0.050227 0.537719 -0.007091
v -0.043497 0.512606 -0.007091
v -0.043497 0.512606 -0.007091
v -0.050227 0.537719 -0.007091
v -0.057317 0.537719 0.000000
v -0.049638 0.509060 0.000000
v -0.057317 0.537719 0.000000
v -0.049638 0.566378 -0.000000
v -0.043497 0.562832 0.007091
v -0.050227 0.537719 0.007091
v -0.050227 0.537719 0.007091
v -0.043497 0.562832 0.007091
v -0.037357 0.559287 -0.000000
v -0.043136 0.537719 0.000000
v -0.043136 0.537719 0.000000
v -0.037357 0.559287 -0.000000
v -0.043497 0.562832 -0.007091
v -0.050227 0.537719 -0.007091
v -0.050227 0.537719 -0.007091
v -0.043497 0.562832 -0.007091
v -0.049638 0.566378 -0.000000
v -0.057317 0.537719 0.000000
v -0.049638 0.566378 -0.000000
v -0.028659 0.587357 -0.000000
v -0.025113 0.581216 0.007091
v -0.043497 0.562832 0.007091
v -0.043497 0.562832 0.007091
v -0.025113 0.581216 0.007091
v -0.021568 0.575076 -0.000000
v -0.037357 0.559287 -0.000000
v -0.037357 0.559287 -0.000000
v -0.021568 0.575076 -0.000000
v -0.025113 0.581216 -0.007091
v -0.043497 0.562832 -0.007091
v -0.043497 0.562832 -0.007091
v -0.025113 0.581216 -0.007091
v -0.028659 0.587357 -0.000000
v -0.049638 0.566378 -0.000000
v -0.028659 0.587357 -0.000000
v -0.000000 0.595036 -0.000000
v -0.000000 0.587946 0.007091
v -0.025113 0.581216 0.007091
v -0.025113 0.581216 0.007091
v -0.000000 0.587946 0.007091
v -0.000000 0.580855 -0.000000
v -0.021568 0.575076 -0.000000
v -0.021568 0.575076 -0.000000
v -0.000000 0.580855 -0.000000
v -0.000000 0.587946 -0.007091
v -0.025113 0.581216 -0.007091
v -0.025113 0.581216 -0.007091
v -0.000000 0.587946 -0.007091
v -0.000000 0.595036 -0.000000
v -0.028659 0.587357 -0.000000
v -0.000000 0.595036 -0.000000
v 0.028659 0.587357 -0.000000
v 0.025113 0.581216 0.007091
v -0.000000 0.587946 0.007091
v -0.000000 0.587946 0.007091
v 0.025113 0.581216 0.007091
v 0.021568 0.575076 -0.000000
v -0.000000 0.580855 -0.000000
v -0.000000 0.580855 -0.000000
v 0.021568 0.575076 -0.000000
v 0.025113 0.581216 -0.007091
v -0.000000 0.587946 -0.007091
v -0.000000 0.587946 -0.007091
v 0.025113 0.581216 -0.007091
v 0.028659 0.587357 -0.000000
v -0.000000 0.595036 -0.000000
v 0.028659 0.587357 -0.000000
v 0.049638 0.566378 -0.000000
v 0.043497 0.562832 0.007091
v 0.025113 0.581216 0.007091
v 0.025113 0.581216 0.007091
v 0.043497 0.562832 0.007091
v 0.037357 0.559287 -0.000000
v 0.021568 0.575076 -0.000000
v 0.021568 0.575076 -0.000000
v 0.037357 0.559287 -0.000000
v 0.043497 0.562832 -0.007091
v 0.025113 0.581216 -0.007091
v 0.025113 0.581216 -0.007091
v 0.043497 0.562832 -0.007091
v 0.049638 0.566378 -0.000000
v 0.028659 0.587357 -0.000000
v 0.049638 0.566378 -0.000000
v 0.057317 0.537719 0.000000
v 0.050227 0.537719 0.007091
v 0.043497 0.562832 0.007091
v 0.043497 0.562832 0.007091
v 0.050227 0.537719 0.007091
v 0.043136 0.537719 0.000000
v 0.037357 0.559287 -0.000000
v 0.037357 0.559287 -0.000000
v 0.043136 0.537719 0.000000
v 0.050227 0.537719 -0.007091
v 0.043497 0.562832 -0.007091
v 0.043497 0.562832 -0.007091
v 0.050227 0.537719 -0.007091
v 0.057317 0.537719 0.000000
v 0.049638 0.566378 -0.000000
v 0.053110 0.566813 0.000000
v 0.050201 0.539131 0.000000
v 0.043581 0.541672 0.007091
v 0.046106 0.565703 0.007091
v 0.046106 0.565703 0.007091
v 0.043581 0.541672 0.007091
v 0.036961 0.544212 0.000000
v 0.039103 0.564594 0.000000
v 0.039103 0.564594 0.000000
v 0.036961 0.544212 0.000000
v 0.043581 0.541672 -0.007091
v 0.046106 0.565703 -0.007091
v 0.046106 0.565703 -0.007091
v 0.043581 0.541672 -0.007091
v 0.050201 0.539131 0.000000
v 0.053110 0.566813 0.000000
v 0.050201 0.539131 0.000000
v 0.033840 0.516612 0.000000
v 0.029377 0.522122 0.007091
v 0.043581 0.541672 0.007091
v 0.043581 0.541672 0.007091
v 0.029377 0.522122 0.007091
v 0.024915 0.527633 0.000000
v 0.036961 0.544212 0.000000
v 0.036961 0.544212 0.000000
v 0.024915 0.527633 0.000000
v 0.029377 0.522122 -0.007091
v 0.043581 0.541672 -0.007091
v 0.043581 0.541672 -0.007091
v 0.029377 0.522122 -0.007091
v 0.033840 0.516612 0.000000
v 0.050201 0.539131 0.000000
v 0.033840 0.516612 0.000000
v 0.008412 0.505290 0.000000
v 0.007302 0.512294 0.007091
v 0.029377 0.522122 0.007091
v 0.029377 0.522122 0.007091
v 0.007302 0.512294 0.007091
v 0.006193 0.519298 0.000000
v 0.024915 0.527633 0.000000
v 0.024915 0.527633 0.000000
v 0.006193 0.519298 0.000000
v 0.007302 0.512294 -0.007091
v 0.029377 0.522122 -0.007091
v 0.029377 0.522122 -0.007091
v 0.007302 0.512294 -0.007091
v 0.008412 0.505290 0.000000
v 0.033840 0.516612 0.000000
v 0.008412 0.505290 0.000000
v -0.019270 0.508200 0.000000
v -0.016729 0.514820 0.007091
v 0.007302 0.512294 0.007091
v 0.007302 0.512294 0.007091
v -0.016729 0.514820 0.007091
v -0.014188 0.521440 0.000000
v 0.006193 0.519298 0.000000
v 0.006193 0.519298 0.000000
v -0.014188 0.521440 0.000000
v -0.016729 0.514820 -0.007091
v 0.007302 0.512294 -0.007091
v 0.007302 0.512294 -0.007091
v -0.016729 0.514820 -0.007091
v -0.019270 0.508200 0.000000
v 0.008412 0.505290 0.000000
v -0.019270 0.508200 0.000000
v -0.041788 0.524561 0.000000
v -0.036278 0.529023 0.007091
v -0.016729 0.514820 0.007091
v -0.016729 0.514820 0.007091
v -0.036278 0.529023 0.007091
v -0.030768 0.533486 0.000000
v -0.014188 0.521440 0.000000
v -0.014188 0.521440 0.000000
v -0.030768 0.533486 0.000000
v -0.036278 0.529023 -0.007091
v -0.016729 0.514820 -0.007091
v -0.016729 0.514820 -0.007091
v -0.036278 0.529023 -0.007091
v -0.041788 0.524561 0.000000
v -0.019270 0.508200 0.000000
v -0.041788 0.524561 0.000000
v -0.053110 0.549988 0.000000
v -0.046106 0.551098 0.007091
v -0.036278 0.529023 0.007091
v -0.036278 0.529023 0.007091
v -0.046106 0.551098 0.007091
v -0.039103 0.552207 0.000000
v -0.030768 0.533486 0.000000
v -0.030768 0.533486 0.000000
v -0.039103 0.552207 0.000000
v -0.046106 0.551098 -0.007091
v -0.036278 0.529023 -0.007091
v -0.036278 0.529023 -0.007091
v -0.046106 0.551098 -0.007091
v -0.053110 0.549988 0.000000
v -0.041788 0.524561 0.000000
v -0.053110 0.549988 0.000000
v -0.050201 0.577670 -0.000000
v -0.043581 0.575129 0.007091
v -0.046106 0.551098 0.007091
v -0.046106 0.551098 0.007091
v -0.043581 0.575129 0.007091
v -0.036961 0.572589 -0.000000
v -0.039103 0.552207 0.000000
v -0.039103 0.552207 0.000000
v -0.036961 0.572589 -0.000000
v -0.043581 0.575129 -0.007091
v -0.046106 0.551098 -0.007091
v -0.046106 0.551098 -0.007091
v -0.043581 0.575129 -0.007091
v -0.050201 0.577670 -0.000000
v -0.053110 0.549988 0.000000
v -0.050201 0.577670 -0.000000
v -0.033840 0.600189 -0.000000
v -0.029377 0.594679 0.007091
v -0.043581 0.575129 0.007091
v -0.043581 0.575129 0.007091
v -0.029377 0.594679 0.007091
v -0.024915 0.589168 -0.000000
v -0.036961 0.572589 -0.000000
v -0.036961 0.572589 -0.000000
v -0.024915 0.589168 -0.000000
v -0.029377 0.594679 -0.007091
v -0.043581 0.575129 -0.007091
v -0.043581 0.575129 -0.007091
v -0.029377 0.594679 -0.007091
v -0.033840 0.600189 -0.000000
v -0.050201 0.577670 -0.000000
v -0.033840 0.600189 -0.000000
v -0.008412 0.611511 -0.000000
v -0.007302 0.604507 0.007091
v -0.029377 0.594679 0.007091
v -0.029377 0.594679 0.007091
v -0.007302 0.604507 0.007091
v -0.006193 0.597503 -0.000000
v -0.024915 0.589168 -0.000000
v -0.024915 0.589168 -0.000000
v -0.006193 0.597503 -0.000000
v -0.007302 0.604507 -0.007091
v -0.029377 0.594679 -0.007091
v -0.029377 0.594679 -0.007091
v -0.007302 0.604507 -0.007091
v -0.008412 0.611511 -0.000000
v -0.033840 0.600189 -0.000000
v -0.008412 0.611511 -0.000000
v 0.019270 0.608601 -0.000000
v 0.016729 0.601981 0.007091
v -0.007302 0.604507 0.007091
v -0.007302 0.604507 0.007091
v 0.016729 0.601981 0.007091
v 0.014188 0.595361 -0.000000
v -0.006193 0.597503 -0.000000
v -0.006193 0.597503 -0.000000
v 0.014188 0.595361 -0.000000
v 0.016729 0.601981 -0.007091
v -0.007302 0.604507 -0.007091
v -0.007302 0.604507 -0.007091
v 0.016729 0.601981 -0.007091
v 0.019270 0.608601 -0.000000
v -0.008412 0.611511 -0.000000
v 0.019270 0.608601 -0.000000
v 0.041788 0.592240 -0.000000
v 0.036278 0.587778 0.007091
v 0.016729 0.601981 0.007091
v 0.016729 0.601981 0.007091
v 0.036278 0.587778 0.007091
v 0.030768 0.583315 -0.000000
v 0.014188 0.595361 -0.000000
v 0.014188 0.595361 -0.000000
v 0.030768 0.583315 -0.000000
v 0.036278 0.587778 -0.007091
v 0.016729 0.601981 -0.007091
v 0.016729 0.601981 -0.007091
v 0.036278 0.587778 -0.007091
v 0.041788 0.592240 -0.000000
v 0.019270 0.608601 -0.000000
v 0.041788 0.592240 -0.000000
v 0.053110 0.566813 0.000000
v 0.046106 0.565703 0.007091
v 0.036278 0.587778 0.007091
v 0.036278 0.587778 0.007091
v 0.046106 0.565703 0.007091
v 0.039103 0.564594 0.000000
v 0.030768 0.583315 -0.000000
v 0.030768 0.583315 -0.000000
v 0.039103 0.564594 0.000000
v 0.046106 0.565703 -0.007091
v 0.036278 0.587778 -0.007091
v 0.036278 0.587778 -0.007091
v 0.046106 0.565703 -0.007091
v 0.053110 0.566813 0.000000
v 0.041788 0.592240 -0.000000
v 0.047768 0.594603 0.000000
v 0.049129 0.568640 0.000000
v 0.042193 0.570113 0.007091
v 0.041024 0.592412 0.007091
v 0.041024 0.592412 0.007091
v 0.042193 0.570113 0.007091
v 0.035257 0.571588 0.000000
v 0.034280 0.590220 0.000000
v 0.034280 0.590220 0.000000
v 0.035257 0.571588 0.000000
v 0.042193 0.570113 -0.007091
v 0.041024 0.592412 -0.007091
v 0.041024 0.592412 -0.007091
v 0.042193 0.570113 -0.007091
v 0.049129 0.568640 0.000000
v 0.047768 0.594603 0.000000
v 0.049129 0.568640 0.000000
v 0.037325 0.545474 0.000000
v 0.032056 0.550218 0.007091
v 0.042193 0.570113 0.007091
v 0.042193 0.570113 0.007091
v 0.032056 0.550218 0.007091
v 0.026787 0.554963 0.000000
v 0.035257 0.571588 0.000000
v 0.035257 0.571588 0.000000
v 0.026787 0.554963 0.000000
v 0.032056 0.550218 -0.007091
v 0.042193 0.570113 -0.007091
v 0.042193 0.570113 -0.007091
v 0.032056 0.550218 -0.007091
v 0.037325 0.545474 0.000000
v 0.049129 0.568640 0.000000
v 0.037325 0.545474 0.000000
v 0.015521 0.531314 0.000000
v 0.013330 0.538058 0.007091
v 0.032056 0.550218 0.007091
v 0.032056 0.550218 0.007091
v 0.013330 0.538058 0.007091
v 0.011138 0.544802 0.000000
v 0.026787 0.554963 0.000000
v 0.026787 0.554963 0.000000
v 0.011138 0.544802 0.000000
v 0.013330 0.538058 -0.007091
v 0.032056 0.550218 -0.007091
v 0.032056 0.550218 -0.007091
v 0.013330 0.538058 -0.007091
v 0.015521 0.531314 0.000000
v 0.037325 0.545474 0.000000
v 0.015521 0.531314 0.000000
v -0.010442 0.529953 0.000000
v -0.008969 0.536889 0.007091
v 0.013330 0.538058 0.007091
v 0.013330 0.538058 0.007091
v -0.008969 0.536889 0.007091
v -0.007494 0.543825 0.000000
v 0.011138 0.544802 0.000000
v 0.011138 0.544802 0.000000
v -0.007494 0.543825 0.000000
v -0.008969 0.536889 -0.007091
v 0.013330 0.538058 -0.007091
v 0.013330 0.538058 -0.007091
v -0.008969 0.536889 -0.007091
v -0.010442 0.529953 0.000000
v 0.015521 0.531314 0.000000
v -0.010442 0.529953 0.000000
v -0.033608 0.541757 0.000000
v -0.028864 0.547026 0.007091
v -0.008969 0.536889 0.007091
v -0.008969 0.536889 0.007091
v -0.028864 0.547026 0.007091
v -0.024119 0.552295 0.000000
v -0.007494 0.543825 0.000000
v -0.007494 0.543825 0.000000
v -0.024119 0.552295 0.000000
v -0.028864 0.547026 -0.007091
v -0.008969 0.536889 -0.007091
v -0.008969 0.536889 -0.007091
v -0.028864 0.547026 -0.007091
v -0.033608 0.541757 0.000000
v -0.010442 0.529953 0.000000
v -0.033608 0.541757 0.000000
v -0.047768 0.563561 0.000000
v -0.041024 0.565752 0.007091
v -0.028864 0.547026 0.007091
v -0.028864 0.547026 0.007091
v -0.041024 0.565752 0.007091
v -0.034280 0.567944 0.000000
v -0.024119 0.552295 0.000000
v -0.024119 0.552295 0.000000
v -0.034280 0.567944 0.000000
v -0.041024 0.565752 -0.007091
v -0.028864 0.547026 -0.007091
v -0.028864 0.547026 -0.007091
v -0.041024 0.565752 -0.007091
v -0.047768 0.563561 0.000000
v -0.033608 0.541757 0.000000
v -0.047768 0.563561 0.000000
v -0.049129 0.589524 -0.000000
v -0.042193 0.588051 0.007091
v -0.041024 0.565752 0.007091
v -0.041024 0.565752 0.007091
v -0.042193 0.588051 0.007091
v -0.035257 0.586576 -0.000000
v -0.034280 0.567944 0.000000
v -0.034280 0.567944 0.000000
v -0.035257 0.586576 -0.000000
v -0.042193 0.588051 -0.007091
v -0.041024 0.565752 -0.007091
v -0.041024 0.565752 -0.007091
v -0.042193 0.588051 -0.007091
v -0.049129 0.589524 -0.000000
v -0.047768 0.563561 0.000000
v -0.049129 0.589524 -0.000000
v -0.037325 0.612690 -0.000000
v -0.032056 0.607946 0.007091
v -0.042193 0.588051 0.007091
v -0.042193 0.588051 0.007091
v -0.032056 0.607946 0.007091
v -0.026787 0.603201 -0.000000
v -0.035257 0.586576 -0.000000
v -0.035257 0.586576 -0.000000
v -0.026787 0.603201 -0.000000
v -0.032056 0.607946 -0.007091
v -0.042193 0.588051 -0.007091
v -0.042193 0.588051 -0.007091
v -0.032056 0.607946 -0.007091
v -0.037325 0.612690 -0.000000
v -0.049129 0.589524 -0.000000
v -0.037325 0.612690 -0.000000
v -0.015521 0.626850 -0.000000
v -0.013330 0.620106 0.007091
v -0.032056 0.607946 0.007091
v -0.032056 0.607946 0.007091
v -0.013330 0.620106 0.007091
v -0.011138 0.613362 -0.000000
v -0.026787 0.603201 -0.000000
v -0.026787 0.603201 -0.000000
v -0.011138 0.613362 -0.000000
v -0.013330 0.620106 -0.007091
v -0.032056 0.607946 -0.007091
v -0.032056 0.607946 -0.007091
v -0.013330 0.620106 -0.007091
v -0.015521 0.626850 -0.000000
v -0.037325 0.612690 -0.000000
v -0.015521 0.626850 -0.000000
v 0.010442 0.628211 -0.000000
v 0.008969 0.621275 0.007091
v -0.013330 0.620106 0.007091
v -0.013330 0.620106 0.007091
v 0.008969 0.621275 0.007091
v 0.007494 0.614339 -0.000000
v -0.011138 0.613362 -0.000000
v -0.011138 0.613362 -0.000000
v 0.007494 0.614339 -0.000000
v 0.008969 0.621275 -0.007091
v -0.013330 0.620106 -0.007091
v -0.013330 0.620106 -0.007091
v 0.008969 0.621275 -0.007091
v 0.010442 0.628211 -0.000000
v -0.015521 0.626850 -0.000000
v 0.010442 0.628211 -0.000000
v 0.033608 0.616407 -0.000000
v 0.028864 0.611138 0.007091
v 0.008969 0.621275 0.007091
v 0.008969 0.621275 0.007091
v 0.028864 0.611138 0.007091
v 0.024119 0.605869 -0.000000
v 0.007494 0.614339 -0.000000
v 0.007494 0.614339 -0.000000
v 0.024119 0.605869 -0.000000
v 0.028864 0.611138 -0.007091
v 0.008969 0.621275 -0.007091
v 0.008969 0.621275 -0.007091
v 0.028864 0.611138 -0.007091
v 0.033608 0.616407 -0.000000
v 0.010442 0.628211 -0.000000
v 0.033608 0.616407 -0.000000
v 0.047768 0.594603 0.000000
v 0.041024 0.592412 0.007091
v 0.028864 0.611138 0.007091
v 0.028864 0.611138 0.007091
v 0.041024 0.592412 0.007091
v 0.034280 0.590220 0.000000
v 0.024119 0.605869 -0.000000
v 0.024119 0.605869 -0.000000
v 0.034280 0.590220 0.000000
v 0.041024 0.592412 -0.007091
v 0.028864 0.611138 -0.007091
v 0.028864 0.611138 -0.007091
v 0.041024 0.592412 -0.007091
v 0.047768 0.594603 0.000000
v 0.033608 0.616407 -0.000000
v 0.041593 0.620956 0.000000
v 0.046617 0.597320 0.000000
v 0.039536 0.597691 0.007091
v 0.035275 0.617737 0.007091
v 0.035275 0.617737 0.007091
v 0.039536 0.597691 0.007091
v 0.032455 0.598063 0.000000
v 0.028957 0.614518 0.000000
v 0.028957 0.614518 0.000000
v 0.032455 0.598063 0.000000
v 0.039536 0.597691 -0.007091
v 0.035275 0.617737 -0.007091
v 0.035275 0.617737 -0.007091
v 0.039536 0.597691 -0.007091
v 0.046617 0.597320 0.000000
v 0.041593 0.620956 0.000000
v 0.046617 0.597320 0.000000
v 0.039150 0.574339 0.000000
v 0.033203 0.578201 0.007091
v 0.039536 0.597691 0.007091
v 0.039536 0.597691 0.007091
v 0.033203 0.578201 0.007091
v 0.027256 0.582063 0.000000
v 0.032455 0.598063 0.000000
v 0.032455 0.598063 0.000000
v 0.027256 0.582063 0.000000
v 0.033203 0.578201 -0.007091
v 0.039536 0.597691 -0.007091
v 0.039536 0.597691 -0.007091
v 0.033203 0.578201 -0.007091
v 0.039150 0.574339 0.000000
v 0.046617 0.597320 0.000000
v 0.039150 0.574339 0.000000
v 0.021193 0.558170 0.000000
v 0.017973 0.564489 0.007091
v 0.033203 0.578201 0.007091
v 0.033203 0.578201 0.007091
v 0.017973 0.564489 0.007091
v 0.014754 0.570806 0.000000
v 0.027256 0.582063 0.000000
v 0.027256 0.582063 0.000000
v 0.014754 0.570806 0.000000
v 0.017973 0.564489 -0.007091
v 0.033203 0.578201 -0.007091
v 0.033203 0.578201 -0.007091
v 0.017973 0.564489 -0.007091
v 0.021193 0.558170 0.000000
v 0.039150 0.574339 0.000000
v 0.021193 0.558170 0.000000
v -0.002443 0.553146 0.000000
v -0.002072 0.560228 0.007091
v 0.017973 0.564489 0.007091
v 0.017973 0.564489 0.007091
v -0.002072 0.560228 0.007091
v -0.001701 0.567308 0.000000
v 0.014754 0.570806 0.000000
v 0.014754 0.570806 0.000000
v -0.001701 0.567308 0.000000
v -0.002072 0.560228 -0.007091
v 0.017973 0.564489 -0.007091
v 0.017973 0.564489 -0.007091
v -0.002072 0.560228 -0.007091
v -0.002443 0.553146 0.000000
v 0.021193 0.558170 0.000000
v -0.002443 0.553146 0.000000
v -0.025424 0.560613 0.000000
v -0.021563 0.566560 0.007091
v -0.002072 0.560228 0.007091
v -0.002072 0.560228 0.007091
v -0.021563 0.566560 0.007091
v -0.017700 0.572507 0.000000
v -0.001701 0.567308 0.000000
v -0.001701 0.567308 0.000000
v -0.017700 0.572507 0.000000
v -0.021563 0.566560 -0.007091
v -0.002072 0.560228 -0.007091
v -0.002072 0.560228 -0.007091
v -0.021563 0.566560 -0.007091
v -0.025424 0.560613 0.000000
v -0.002443 0.553146 0.000000
v -0.025424 0.560613 0.000000
v -0.041593 0.578571 0.000000
v -0.035275 0.581790 0.007091
v -0.021563 0.566560 0.007091
v -0.021563 0.566560 0.007091
v -0.035275 0.581790 0.007091
v -0.028957 0.585009 0.000000
v -0.017700 0.572507 0.000000
v -0.017700 0.572507 0.000000
v -0.028957 0.585009 0.000000
v -0.035275 0.581790 -0.007091
v -0.021563 0.566560 -0.007091
v -0.021563 0.566560 -0.007091
v -0.035275 0.581790 -0.007091
v -0.041593 0.578571 0.000000
v -0.025424 0.560613 0.000000
v -0.041593 0.578571 0.000000
v -0.046617 0.602207 -0.000000
v -0.039536 0.601836 0.007091
v -0.035275 0.581790 0.007091
v -0.035275 0.581790 0.007091
v -0.039536 0.601836 0.007091
v -0.032455 0.601464 -0.000000
v -0.028957 0.585009 0.000000
v -0.028957 0.585009 0.000000
v -0.032455 0.601464 -0.000000
v -0.039536 0.601836 -0.007091
v -0.035275 0.581790 -0.007091
v -0.035275 0.581790 -0.007091
v -0.039536 0.601836 -0.007091
v -0.046617 0.602207 -0.000000
v -0.041593 0.578571 0.000000
v -0.046617 0.602207 -0.000000
v -0.039150 0.625188 -0.000000
v -0.033203 0.621326 0.007091
v -0.039536 0.601836 0.007091
v -0.039536 0.601836 0.007091
v -0.033203 0.621326 0.007091
v -0.027256 0.617464 -0.000000
v -0.032455 0.601464 -0.000000
v -0.032455 0.601464 -0.000000
v -0.027256 0.617464 -0.000000
v -0.033203 0.621326 -0.007091
v -0.039536 0.601836 -0.007091
v -0.039536 0.601836 -0.007091
v -0.033203 0.621326 -0.007091
v -0.039150 0.625188 -0.000000
v -0.046617 0.602207 -0.000000
v -0.039150 0.625188 -0.000000
v -0.021193 0.641357 -0.000000
v -0.017973 0.635038 0.007091
v -0.033203 0.621326 0.007091
v -0.033203 0.621326 0.007091
v -0.017973 0.635038 0.007091
v -0.014754 0.628721 -0.000000
v -0.027256 0.617464 -0.000000
v -0.027256 0.617464 -0.000000
v -0.014754 0.628721 -0.000000
v -0.017973 0.635038 -0.007091
v -0.033203 0.621326 -0.007091
v -0.033203 0.621326 -0.007091
v -0.017973 0.635038 -0.007091
v -0.021193 0.641357 -0.000000
v -0.039150 0.625188 -0.000000
v -0.021193 0.641357 -0.000000
v 0.002443 0.646381 -0.000000
v 0.002072 0.639299 0.007091
v -0.017973 0.635038 0.007091
v -0.017973 0.635038 0.007091
v 0.002072 0.639299 0.007091
v 0.001701 0.632219 -0.000000
v -0.014754 0.628721 -0.000000
v -0.014754 0.628721 -0.000000
v 0.001701 0.632219 -0.000000
v 0.002072 0.639299 -0.007091
v -0.017973 0.635038 -0.007091
v -0.017973 0.635038 -0.007091
v 0.002072 0.639299 -0.007091
v 0.002443 0.646381 -0.000000
v -0.021193 0.641357 -0.000000
v 0.002443 0.646381 -0.000000
v 0.025424 0.638914 -0.000000
v 0.021563 0.632967 0.007091
v 0.002072 0.639299 0.007091
v 0.002072 0.639299 0.007091
v 0.021563 0.632967 0.007091
v 0.017700 0.627020 -0.000000
v 0.001701 0.632219 -0.000000
v 0.001701 0.632219 -0.000000
v 0.017700 0.627020 -0.000000
v 0.021563 0.632967 -0.007091
v 0.002072 0.639299 -0.007091
v 0.002072 0.639299 -0.007091
v 0.021563 0.632967 -0.007091
v 0.025424 0.638914 -0.000000
v 0.002443 0.646381 -0.000000
v 0.025424 0.638914 -0.000000
v 0.041593 0.620956 0.000000
v 0.035275 0.617737 0.007091
v 0.021563 0.632967 0.007091
v 0.021563 0.632967 0.007091
v 0.035275 0.617737 0.007091
v 0.028957 0.614518 0.000000
v 0.017700 0.627020 -0.000000
v 0.017700 0.627020 -0.000000
v 0.028957 0.614518 0.000000
v 0.035275 0.617737 -0.007091
v 0.021563 0.632967 -0.007091
v 0.021563 0.632967 -0.007091
v 0.035275 0.617737 -0.007091
v 0.041593 0.620956 0.000000
v 0.025424 0.638914 -0.000000
v -0.044317 0.590900 0.000000
v 0.044317 0.590900 0.000000
v 0.044317 0.791806 0.000000
v -0.044317 0.791806 0.000000
v -0.031337 0.590900 -0.031337
v 0.031337 0.590900 0.031337
v 0.031337 0.791806 0.031337
v -0.031337 0.791806 -0.031337
v -0.000000 0.590900 -0.044317
v 0.000000 0.590900 0.044317
v 0.000000 0.791806 0.044317
v -0.000000 0.791806 -0.044317
v 0.031337 0.590900 -0.031337
v -0.031337 0.590900 0.031337
v -0.031337 0.791806 0.031337
v 0.031337 0.791806 -0.031337
v 0.057603 0.502289 0.000000
v 0.052852 0.472692 0.000000
v 0.048538 0.474624 0.004727
v 0.052901 0.501804 0.004727
v 0.052901 0.501804 0.004727
v 0.048538 0.474624 0.004727
v 0.044224 0.476556 0.000000
v 0.048199 0.501320 0.000000
v 0.048199 0.501320 0.000000
v 0.044224 0.476556 0.000000
v 0.048538 0.474624 -0.004727
v 0.052901 0.501804 -0.004727
v 0.052901 0.501804 -0.004727
v 0.048538 0.474624 -0.004727
v 0.052852 0.472692 0.000000
v 0.057603 0.502289 0.000000
v 0.052852 0.472692 0.000000
v 0.033940 0.449436 0.000000
v 0.031169 0.453266 0.004727
v 0.048538 0.474624 0.004727
v 0.048538 0.474624 0.004727
v 0.031169 0.453266 0.004727
v 0.028398 0.457097 0.000000
v 0.044224 0.476556 0.000000
v 0.044224 0.476556 0.000000
v 0.028398 0.457097 0.000000
v 0.031169 0.453266 -0.004727
v 0.048538 0.474624 -0.004727
v 0.048538 0.474624 -0.004727
v 0.031169 0.453266 -0.004727
v 0.033940 0.449436 0.000000
v 0.052852 0.472692 0.000000
v 0.033940 0.449436 0.000000
v 0.005933 0.438753 0.000000
v 0.005448 0.443455 0.004727
v 0.031169 0.453266 0.004727
v 0.031169 0.453266 0.004727
v 0.005448 0.443455 0.004727
v 0.004964 0.448157 0.000000
v 0.028398 0.457097 0.000000
v 0.028398 0.457097 0.000000
v 0.004964 0.448157 0.000000
v 0.005448 0.443455 -0.004727
v 0.031169 0.453266 -0.004727
v 0.031169 0.453266 -0.004727
v 0.005448 0.443455 -0.004727
v 0.005933 0.438753 0.000000
v 0.033940 0.449436 0.000000
v 0.005933 0.438753 0.000000
v -0.023664 0.443504 0.000000
v -0.021732 0.447818 0.004727
v 0.005448 0.443455 0.004727
v 0.005448 0.443455 0.004727
v -0.021732 0.447818 0.004727
v -0.019800 0.452132 0.000000
v 0.004964 0.448157 0.000000
v 0.004964 0.448157 0.000000
v -0.019800 0.452132 0.000000
v -0.021732 0.447818 -0.004727
v 0.005448 0.443455 -0.004727
v 0.005448 0.443455 -0.004727
v -0.021732 0.447818 -0.004727
v -0.023664 0.443504 0.000000
v 0.005933 0.438753 0.000000
v -0.023664 0.443504 0.000000
v -0.046920 0.462416 0.000000
v -0.043090 0.465187 0.004727
v -0.021732 0.447818 0.004727
v -0.021732 0.447818 0.004727
v -0.043090 0.465187 0.004727
v -0.039259 0.467958 0.000000
v -0.019800 0.452132 0.000000
v -0.019800 0.452132 0.000000
v -0.039259 0.467958 0.000000
v -0.043090 0.465187 -0.004727
v -0.021732 0.447818 -0.004727
v -0.021732 0.447818 -0.004727
v -0.043090 0.465187 -0.004727
v -0.046920 0.462416 0.000000
v -0.023664 0.443504 0.000000
v -0.046920 0.462416 0.000000
v -0.057603 0.490423 0.000000
v -0.052901 0.490908 0.004727
v -0.043090 0.465187 0.004727
v -0.043090 0.465187 0.004727
v -0.052901 0.490908 0.004727
v -0.048199 0.491392 0.000000
v -0.039259 0.467958 0.000000
v -0.039259 0.467958 0.000000
v -0.048199 0.491392 0.000000
v -0.052901 0.490908 -0.004727
v -0.043090 0.465187 -0.004727
v -0.043090 0.465187 -0.004727
v -0.052901 0.490908 -0.004727
v -0.057603 0.490423 0.000000
v -0.046920 0.462416 0.000000
v -0.057603 0.490423 0.000000
v -0.052852 0.520020 -0.000000
v -0.048538 0.518088 0.004727
v -0.052901 0.490908 0.004727
v -0.052901 0.490908 0.004727
v -0.048538 0.518088 0.004727
v -0.044224 0.516156 -0.000000
v -0.048199 0.491392 0.000000
v -0.048199 0.491392 0.000000
v -0.044224 0.516156 -0.000000
v -0.048538 0.518088 -0.004727
v -0.052901 0.490908 -0.004727
v -0.052901 0.490908 -0.004727
v -0.048538 0.518088 -0.004727
v -0.052852 0.520020 -0.000000
v -0.057603 0.490423 0.000000
v -0.052852 0.520020 -0.000000
v -0.033940 0.543276 -0.000000
v -0.031169 0.539446 0.004727
v -0.048538 0.518088 0.004727
v -0.048538 0.518088 0.004727
v -0.031169 0.539446 0.004727
v -0.028398 0.535615 -0.000000
v -0.044224 0.516156 -0.000000
v -0.044224 0.516156 -0.000000
v -0.028398 0.535615 -0.000000
v -0.031169 0.539446 -0.004727
v -0.048538 0.518088 -0.004727
v -0.048538 0.518088 -0.004727
v -0.031169 0.539446 -0.004727
v -0.033940 0.543276 -0.000000
v -0.052852 0.520020 -0.000000
v -0.033940 0.543276 -0.000000
v -0.005933 0.553959 -0.000000
v -0.005448 0.549257 0.004727
v -0.031169 0.539446 0.004727
v -0.031169 0.539446 0.004727
v -0.005448 0.549257 0.004727
v -0.004964 0.544555 -0.000000
v -0.028398 0.535615 -0.000000
v -0.028398 0.535615 -0.000000
v -0.004964 0.544555 -0.000000
v -0.005448 0.549257 -0.004727
v -0.031169 0.539446 -0.004727
v -0.031169 0.539446 -0.004727
v -0.005448 0.549257 -0.004727
v -0.005933 0.553959 -0.000000
v -0.033940 0.543276 -0.000000
v -0.005933 0.553959 -0.000000
v 0.023664 0.549208 -0.000000
v 0.021732 0.544894 0.004727
v -0.005448 0.549257 0.004727
v -0.005448 0.549257 0.004727
v 0.021732 0.544894 0.004727
v 0.019800 0.540580 -0.000000
v -0.004964 0.544555 -0.000000
v -0.004964 0.544555 -0.000000
v 0.019800 0.540580 -0.000000
v 0.021732 0.544894 -0.004727
v -0.005448 0.549257 -0.004727
v -0.005448 0.549257 -0.004727
v 0.021732 0.544894 -0.004727
v 0.023664 0.549208 -0.000000
v -0.005933 0.553959 -0.000000
v 0.023664 0.549208 -0.000000
v 0.046920 0.530296 -0.000000
v 0.043090 0.527525 0.004727
v 0.021732 0.544894 0.004727
v 0.021732 0.544894 0.004727
v 0.043090 0.527525 0.004727
v 0.039259 0.524754 -0.000000
v 0.019800 0.540580 -0.000000
v 0.019800 0.540580 -0.000000
v 0.039259 0.524754 -0.000000
v 0.043090 0.527525 -0.004727
v 0.021732 0.544894 -0.004727
v 0.021732 0.544894 -0.004727
v 0.043090 0.527525 -0.004727
v 0.046920 0.530296 -0.000000
v 0.023664 0.549208 -0.000000
v 0.046920 0.530296 -0.000000
v 0.057603 0.502289 0.000000
v 0.052901 0.501804 0.004727
v 0.043090 0.527525 0.004727
v 0.043090 0.527525 0.004727
v 0.052901 0.501804 0.004727
v 0.048199 0.501320 0.000000
v 0.039259 0.524754 -0.000000
v 0.039259 0.524754 -0.000000
v 0.048199 0.501320 0.000000
v 0.052901 0.501804 -0.004727
v 0.043090 0.527525 -0.004727
v 0.043090 0.527525 -0.004727
v 0.052901 0.501804 -0.004727
v 0.057603 0.502289 0.000000
v 0.046920 0.530296 -0.000000
v 0.057566 0.532185 0.000000
v 0.052996 0.502560 0.000000
v 0.048669 0.504466 0.004727
v 0.052867 0.531672 0.004727
v 0.052867 0.531672 0.004727
v 0.048669 0.504466 0.004727
v 0.044343 0.506371 0.000000
v 0.048168 0.531159 0.000000
v 0.048168 0.531159 0.000000
v 0.044343 0.506371 0.000000
v 0.048669 0.504466 -0.004727
v 0.052867 0.531672 -0.004727
v 0.052867 0.531672 -0.004727
v 0.048669 0.504466 -0.004727
v 0.052996 0.502560 0.000000
v 0.057566 0.532185 0.000000
v 0.052996 0.502560 0.000000
v 0.034226 0.479189 0.000000
v 0.031432 0.483002 0.004727
v 0.048669 0.504466 0.004727
v 0.048669 0.504466 0.004727
v 0.031432 0.483002 0.004727
v 0.028637 0.486816 0.000000
v 0.044343 0.506371 0.000000
v 0.044343 0.506371 0.000000
v 0.028637 0.486816 0.000000
v 0.031432 0.483002 -0.004727
v 0.048669 0.504466 -0.004727
v 0.048669 0.504466 -0.004727
v 0.031432 0.483002 -0.004727
v 0.034226 0.479189 0.000000
v 0.052996 0.502560 0.000000
v 0.034226 0.479189 0.000000
v 0.006284 0.468335 0.000000
v 0.005771 0.473034 0.004727
v 0.031432 0.483002 0.004727
v 0.031432 0.483002 0.004727
v 0.005771 0.473034 0.004727
v 0.005258 0.477733 0.000000
v 0.028637 0.486816 0.000000
v 0.028637 0.486816 0.000000
v 0.005258 0.477733 0.000000
v 0.005771 0.473034 -0.004727
v 0.031432 0.483002 -0.004727
v 0.031432 0.483002 -0.004727
v 0.005771 0.473034 -0.004727
v 0.006284 0.468335 0.000000
v 0.034226 0.479189 0.000000
v 0.006284 0.468335 0.000000
v -0.023341 0.472905 0.000000
v -0.021435 0.477232 0.004727
v 0.005771 0.473034 0.004727
v 0.005771 0.473034 0.004727
v -0.021435 0.477232 0.004727
v -0.019530 0.481558 0.000000
v 0.005258 0.477733 0.000000
v 0.005258 0.477733 0.000000
v -0.019530 0.481558 0.000000
v -0.021435 0.477232 -0.004727
v 0.005771 0.473034 -0.004727
v 0.005771 0.473034 -0.004727
v -0.021435 0.477232 -0.004727
v -0.023341 0.472905 0.000000
v 0.006284 0.468335 0.000000
v -0.023341 0.472905 0.000000
v -0.046712 0.491675 0.000000
v -0.042899 0.494469 0.004727
v -0.021435 0.477232 0.004727
v -0.021435 0.477232 0.004727
v -0.042899 0.494469 0.004727
v -0.039085 0.497264 0.000000
v -0.019530 0.481558 0.000000
v -0.019530 0.481558 0.000000
v -0.039085 0.497264 0.000000
v -0.042899 0.494469 -0.004727
v -0.021435 0.477232 -0.004727
v -0.021435 0.477232 -0.004727
v -0.042899 0.494469 -0.004727
v -0.046712 0.491675 0.000000
v -0.023341 0.472905 0.000000
v -0.046712 0.491675 0.000000
v -0.057566 0.519617 0.000000
v -0.052867 0.520130 0.004727
v -0.042899 0.494469 0.004727
v -0.042899 0.494469 0.004727
v -0.052867 0.520130 0.004727
v -0.048168 0.520643 0.000000
v -0.039085 0.497264 0.000000
v -0.039085 0.497264 0.000000
v -0.048168 0.520643 0.000000
v -0.052867 0.520130 -0.004727
v -0.042899 0.494469 -0.004727
v -0.042899 0.494469 -0.004727
v -0.052867 0.520130 -0.004727
v -0.057566 0.519617 0.000000
v -0.046712 0.491675 0.000000
v -0.057566 0.519617 0.000000
v -0.052996 0.549242 -0.000000
v -0.048669 0.547336 0.004727
v -0.052867 0.520130 0.004727
v -0.052867 0.520130 0.004727
v -0.048669 0.547336 0.004727
v -0.044343 0.545431 -0.000000
v -0.048168 0.520643 0.000000
v -0.048168 0.520643 0.000000
v -0.044343 0.545431 -0.000000
v -0.048669 0.547336 -0.004727
v -0.052867 0.520130 -0.004727
v -0.052867 0.520130 -0.004727
v -0.048669 0.547336 -0.004727
v -0.052996 0.549242 -0.000000
v -0.057566 0.519617 0.000000
v -0.052996 0.549242 -0.000000
v -0.034226 0.572613 -0.000000
v -0.031432 0.568800 0.004727
v -0.048669 0.547336 0.004727
v -0.048669 0.547336 0.004727
v -0.031432 0.568800 0.004727
v -0.028637 0.564986 -0.000000
v -0.044343 0.545431 -0.000000
v -0.044343 0.545431 -0.000000
v -0.028637 0.564986 -0.000000
v -0.031432 0.568800 -0.004727
v -0.048669 0.547336 -0.004727
v -0.048669 0.547336 -0.004727
v -0.031432 0.568800 -0.004727
v -0.034226 0.572613 -0.000000
v -0.052996 0.549242 -0.000000
v -0.034226 0.572613 -0.000000
v -0.006284 0.583467 -0.000000
v -0.005771 0.578768 0.004727
v -0.031432 0.568800 0.004727
v -0.031432 0.568800 0.004727
v -0.005771 0.578768 0.004727
v -0.005258 0.574069 -0.000000
v -0.028637 0.564986 -0.000000
v -0.028637 0.564986 -0.000000
v -0.005258 0.574069 -0.000000
v -0.005771 0.578768 -0.004727
v -0.031432 0.568800 -0.004727
v -0.031432 0.568800 -0.004727
v -0.005771 0.578768 -0.004727
v -0.006284 0.583467 -0.000000
v -0.034226 0.572613 -0.000000
v -0.006284 0.583467 -0.000000
v 0.023341 0.578897 -0.000000
v 0.021435 0.574570 0.004727
v -0.005771 0.578768 0.004727
v -0.005771 0.578768 0.004727
v 0.021435 0.574570 0.004727
v 0.019530 0.570244 -0.000000
v -0.005258 0.574069 -0.000000
v -0.005258 0.574069 -0.000000
v 0.019530 0.570244 -0.000000
v 0.021435 0.574570 -0.004727
v -0.005771 0.578768 -0.004727
v -0.005771 0.578768 -0.004727
v 0.021435 0.574570 -0.004727
v 0.023341 0.578897 -0.000000
v -0.006284 0.583467 -0.000000
v 0.023341 0.578897 -0.000000
v 0.046712 0.560127 -0.000000
v 0.042899 0.557333 0.004727
v 0.021435 0.574570 0.004727
v 0.021435 0.574570 0.004727
v 0.042899 0.557333 0.004727
v 0.039085 0.554538 -0.000000
v 0.019530 0.570244 -0.000000
v 0.019530 0.570244 -0.000000
v 0.039085 0.554538 -0.000000
v 0.042899 0.557333 -0.004727
v 0.021435 0.574570 -0.004727
v 0.021435 0.574570 -0.004727
v 0.042899 0.557333 -0.004727
v 0.046712 0.560127 -0.000000
v 0.023341 0.578897 -0.000000
v 0.046712 0.560127 -0.000000
v 0.057566 0.532185 0.000000
v 0.052867 0.531672 0.004727
v 0.042899 0.557333 0.004727
v 0.042899 0.557333 0.004727
v 0.052867 0.531672 0.004727
v 0.048168 0.531159 0.000000
v 0.039085 0.554538 -0.000000
v 0.039085 0.554538 -0.000000
v 0.048168 0.531159 0.000000
v 0.052867 0.531672 -0.004727
v 0.042899 0.557333 -0.004727
v 0.042899 0.557333 -0.004727
v 0.052867 0.531672 -0.004727
v 0.057566 0.532185 0.000000
v 0.046712 0.560127 -0.000000
v 0.057526 0.562082 0.000000
v 0.053137 0.532429 0.000000
v 0.048799 0.534308 0.004727
v 0.052831 0.561540 0.004727
v 0.052831 0.561540 0.004727
v 0.048799 0.534308 0.004727
v 0.044462 0.536187 0.000000
v 0.048135 0.560998 0.000000
v 0.048135 0.560998 0.000000
v 0.044462 0.536187 0.000000
v 0.048799 0.534308 -0.004727
v 0.052831 0.561540 -0.004727
v 0.052831 0.561540 -0.004727
v 0.048799 0.534308 -0.004727
v 0.053137 0.532429 0.000000
v 0.057526 0.562082 0.000000
v 0.053137 0.532429 0.000000
v 0.034510 0.508944 0.000000
v 0.031693 0.512740 0.004727
v 0.048799 0.534308 0.004727
v 0.048799 0.534308 0.004727
v 0.031693 0.512740 0.004727
v 0.028876 0.516536 0.000000
v 0.044462 0.536187 0.000000
v 0.044462 0.536187 0.000000
v 0.028876 0.516536 0.000000
v 0.031693 0.512740 -0.004727
v 0.048799 0.534308 -0.004727
v 0.048799 0.534308 -0.004727
v 0.031693 0.512740 -0.004727
v 0.034510 0.508944 0.000000
v 0.053137 0.532429 0.000000
v 0.034510 0.508944 0.000000
v 0.006636 0.497920 0.000000
v 0.006094 0.502615 0.004727
v 0.031693 0.512740 0.004727
v 0.031693 0.512740 0.004727
v 0.006094 0.502615 0.004727
v 0.005552 0.507311 0.000000
v 0.028876 0.516536 0.000000
v 0.028876 0.516536 0.000000
v 0.005552 0.507311 0.000000
v 0.006094 0.502615 -0.004727
v 0.031693 0.512740 -0.004727
v 0.031693 0.512740 -0.004727
v 0.006094 0.502615 -0.004727
v 0.006636 0.497920 0.000000
v 0.034510 0.508944 0.000000
v 0.006636 0.497920 0.000000
v -0.023017 0.502309 0.000000
v -0.021138 0.506647 0.004727
v 0.006094 0.502615 0.004727
v 0.006094 0.502615 0.004727
v -0.021138 0.506647 0.004727
v -0.019259 0.510984 0.000000
v 0.005552 0.507311 0.000000
v 0.005552 0.507311 0.000000
v -0.019259 0.510984 0.000000
v -0.021138 0.506647 -0.004727
v 0.006094 0.502615 -0.004727
v 0.006094 0.502615 -0.004727
v -0.021138 0.506647 -0.004727
v -0.023017 0.502309 0.000000
v 0.006636 0.497920 0.000000
v -0.023017 0.502309 0.000000
v -0.046502 0.520936 0.000000
v -0.042706 0.523753 0.004727
v -0.021138 0.506647 0.004727
v -0.021138 0.506647 0.004727
v -0.042706 0.523753 0.004727
v -0.038910 0.526570 0.000000
v -0.019259 0.510984 0.000000
v -0.019259 0.510984 0.000000
v -0.038910 0.526570 0.000000
v -0.042706 0.523753 -0.004727
v -0.021138 0.506647 -0.004727
v -0.021138 0.506647 -0.004727
v -0.042706 0.523753 -0.004727
v -0.046502 0.520936 0.000000
v -0.023017 0.502309 0.000000
v -0.046502 0.520936 0.000000
v -0.057526 0.548810 0.000000
v -0.052831 0.549352 0.004727
v -0.042706 0.523753 0.004727
v -0.042706 0.523753 0.004727
v -0.052831 0.549352 0.004727
v -0.048135 0.549894 0.000000
v -0.038910 0.526570 0.000000
v -0.038910 0.526570 0.000000
v -0.048135 0.549894 0.000000
v -0.052831 0.549352 -0.004727
v -0.042706 0.523753 -0.004727
v -0.042706 0.523753 -0.004727
v -0.052831 0.549352 -0.004727
v -0.057526 0.548810 0.000000
v -0.046502 0.520936 0.000000
v -0.057526 0.548810 0.000000
v -0.053137 0.578463 -0.000000
v -0.048799 0.576584 0.004727
v -0.052831 0.549352 0.004727
v -0.052831 0.549352 0.004727
v -0.048799 0.576584 0.004727
v -0.044462 0.574705 -0.000000
v -0.048135 0.549894 0.000000
v -0.048135 0.549894 0.000000
v -0.044462 0.574705 -0.000000
v -0.048799 0.576584 -0.004727
v -0.052831 0.549352 -0.004727
v -0.052831 0.549352 -0.004727
v -0.048799 0.576584 -0.004727
v -0.053137 0.578463 -0.000000
v -0.057526 0.548810 0.000000
v -0.053137 0.578463 -0.000000
v -0.034510 0.601948 -0.000000
v -0.031693 0.598152 0.004727
v -0.048799 0.576584 0.004727
v -0.048799 0.576584 0.004727
v -0.031693 0.598152 0.004727
v -0.028876 0.594356 -0.000000
v -0.044462 0.574705 -0.000000
v -0.044462 0.574705 -0.000000
v -0.028876 0.594356 -0.000000
v -0.031693 0.598152 -0.004727
v -0.048799 0.576584 -0.004727
v -0.048799 0.576584 -0.004727
v -0.031693 0.598152 -0.004727
v -0.034510 0.601948 -0.000000
v -0.053137 0.578463 -0.000000
v -0.034510 0.601948 -0.000000
v -0.006636 0.612972 -0.000000
v -0.006094 0.608277 0.004727
v -0.031693 0.598152 0.004727
v -0.031693 0.598152 0.004727
v -0.006094 0.608277 0.004727
v -0.005552 0.603581 -0.000000
v -0.028876 0.594356 -0.000000
v -0.028876 0.594356 -0.000000
v -0.005552 0.603581 -0.000000
v -0.006094 0.608277 -0.004727
v -0.031693 0.598152 -0.004727
v -0.031693 0.598152 -0.004727
v -0.006094 0.608277 -0.004727
v -0.006636 0.612972 -0.000000
v -0.034510 0.601948 -0.000000
v -0.006636 0.612972 -0.000000
v 0.023017 0.608583 -0.000000
v 0.021138 0.604245 0.004727
v -0.006094 0.608277 0.004727
v -0.006094 0.608277 0.004727
v 0.021138 0.604245 0.004727
v 0.019259 0.599908 -0.000000
v -0.005552 0.603581 -0.000000
v -0.005552 0.603581 -0.000000
v 0.019259 0.599908 -0.000000
v 0.021138 0.604245 -0.004727
v -0.006094 0.608277 -0.004727
v -0.006094 0.608277 -0.004727
v 0.021138 0.604245 -0.004727
v 0.023017 0.608583 -0.000000
v -0.006636 0.612972 -0.000000
v 0.023017 0.608583 -0.000000
v 0.046502 0.589956 -0.000000
v 0.042706 0.587139 0.004727
v 0.021138 0.604245 0.004727
v 0.021138 0.604245 0.004727
v 0.042706 0.587139 0.004727
v 0.038910 0.584322 -0.000000
v 0.019259 0.599908 -0.000000
v 0.019259 0.599908 -0.000000
v 0.038910 0.584322 -0.000000
v 0.042706 0.587139 -0.004727
v 0.021138 0.604245 -0.004727
v 0.021138 0.604245 -0.004727
v 0.042706 0.587139 -0.004727
v 0.046502 0.589956 -0.000000
v 0.023017 0.608583 -0.000000
v 0.046502 0.589956 -0.000000
v 0.057526 0.562082 0.000000
v 0.052831 0.561540 0.004727
v 0.042706 0.587139 0.004727
v 0.042706 0.587139 0.004727
v 0.052831 0.561540 0.004727
v 0.048135 0.560998 0.000000
v 0.038910 0.584322 -0.000000
v 0.038910 0.584322 -0.000000
v 0.048135 0.560998 0.000000
v 0.052831 0.561540 -0.004727
v 0.042706 0.587139 -0.004727
v 0.042706 0.587139 -0.004727
v 0.052831 0.561540 -0.004727
v 0.057526 0.562082 0.000000
v 0.046502 0.589956 -0.000000
v 0.057485 0.591978 0.000000
v 0.053277 0.562299 0.000000
v 0.048928 0.564152 0.004727
v 0.052792 0.591408 0.004727
v 0.052792 0.591408 0.004727
v 0.048928 0.564152 0.004727
v 0.044579 0.566004 0.000000
v 0.048100 0.590837 0.000000
v 0.048100 0.590837 0.000000
v 0.044579 0.566004 0.000000
v 0.048928 0.564152 -0.004727
v 0.052792 0.591408 -0.004727
v 0.052792 0.591408 -0.004727
v 0.048928 0.564152 -0.004727
v 0.053277 0.562299 0.000000
v 0.057485 0.591978 0.000000
v 0.053277 0.562299 0.000000
v 0.034793 0.538701 0.000000
v 0.031953 0.542480 0.004727
v 0.048928 0.564152 0.004727
v 0.048928 0.564152 0.004727
v 0.031953 0.542480 0.004727
v 0.029113 0.546259 0.000000
v 0.044579 0.566004 0.000000
v 0.044579 0.566004 0.000000
v 0.029113 0.546259 0.000000
v 0.031953 0.542480 -0.004727
v 0.048928 0.564152 -0.004727
v 0.048928 0.564152 -0.004727
v 0.031953 0.542480 -0.004727
v 0.034793 0.538701 0.000000
v 0.053277 0.562299 0.000000
v 0.034793 0.538701 0.000000
v 0.006987 0.527506 0.000000
v 0.006417 0.532199 0.004727
v 0.031953 0.542480 0.004727
v 0.031953 0.542480 0.004727
v 0.006417 0.532199 0.004727
v 0.005846 0.536891 0.000000
v 0.029113 0.546259 0.000000
v 0.029113 0.546259 0.000000
v 0.005846 0.536891 0.000000
v 0.006417 0.532199 -0.004727
v 0.031953 0.542480 -0.004727
v 0.031953 0.542480 -0.004727
v 0.006417 0.532199 -0.004727
v 0.006987 0.527506 0.000000
v 0.034793 0.538701 0.000000
v 0.006987 0.527506 0.000000
v -0.022692 0.531714 0.000000
v -0.020839 0.536063 0.004727
v 0.006417 0.532199 0.004727
v 0.006417 0.532199 0.004727
v -0.020839 0.536063 0.004727
v -0.018987 0.540412 0.000000
v 0.005846 0.536891 0.000000
v 0.005846 0.536891 0.000000
v -0.018987 0.540412 0.000000
v -0.020839 0.536063 -0.004727
v 0.006417 0.532199 -0.004727
v 0.006417 0.532199 -0.004727
v -0.020839 0.536063 -0.004727
v -0.022692 0.531714 0.000000
v 0.006987 0.527506 0.000000
v -0.022692 0.531714 0.000000
v -0.046290 0.550198 0.000000
v -0.042511 0.553038 0.004727
v -0.020839 0.536063 0.004727
v -0.020839 0.536063 0.004727
v -0.042511 0.553038 0.004727
v -0.038732 0.555878 0.000000
v -0.018987 0.540412 0.000000
v -0.018987 0.540412 0.000000
v -0.038732 0.555878 0.000000
v -0.042511 0.553038 -0.004727
v -0.020839 0.536063 -0.004727
v -0.020839 0.536063 -0.004727
v -0.042511 0.553038 -0.004727
v -0.046290 0.550198 0.000000
v -0.022692 0.531714 0.000000
v -0.046290 0.550198 0.000000
v -0.057485 0.578004 0.000000
v -0.052792 0.578574 0.004727
v -0.042511 0.553038 0.004727
v -0.042511 0.553038 0.004727
v -0.052792 0.578574 0.004727
v -0.048100 0.579145 0.000000
v -0.038732 0.555878 0.000000
v -0.038732 0.555878 0.000000
v -0.048100 0.579145 0.000000
v -0.052792 0.578574 -0.004727
v -0.042511 0.553038 -0.004727
v -0.042511 0.553038 -0.004727
v -0.052792 0.578574 -0.004727
v -0.057485 0.578004 0.000000
v -0.046290 0.550198 0.000000
v -0.057485 0.578004 0.000000
v -0.053277 0.607683 -0.000000
v -0.048928 0.605830 0.004727
v -0.052792 0.578574 0.004727
v -0.052792 0.578574 0.004727
v -0.048928 0.605830 0.004727
v -0.044579 0.603978 -0.000000
v -0.048100 0.579145 0.000000
v -0.048100 0.579145 0.000000
v -0.044579 0.603978 -0.000000
v -0.048928 0.605830 -0.004727
v -0.052792 0.578574 -0.004727
v -0.052792 0.578574 -0.004727
v -0.048928 0.605830 -0.004727
v -0.053277 0.607683 -0.000000
v -0.057485 0.578004 0.000000
v -0.053277 0.607683 -0.000000
v -0.034793 0.631281 -0.000000
v -0.031953 0.627502 0.004727
v -0.048928 0.605830 0.004727
v -0.048928 0.605830 0.004727
v -0.031953 0.627502 0.004727
v -0.029113 0.623723 -0.000000
v -0.044579 0.603978 -0.000000
v -0.044579 0.603978 -0.000000
v -0.029113 0.623723 -0.000000
v -0.031953 0.627502 -0.004727
v -0.048928 0.605830 -0.004727
v -0.048928 0.605830 -0.004727
v -0.031953 0.627502 -0.004727
v -0.034793 0.631281 -0.000000
v -0.053277 0.607683 -0.000000
v -0.034793 0.631281 -0.000000
v -0.006987 0.642476 -0.000000
v -0.006417 0.637783 0.004727
v -0.031953 0.627502 0.004727
v -0.031953 0.627502 0.004727
v -0.006417 0.637783 0.004727
v -0.005846 0.633091 -0.000000
v -0.029113 0.623723 -0.000000
v -0.029113 0.623723 -0.000000
v -0.005846 0.633091 -0.000000
v -0.006417 0.637783 -0.004727
v -0.031953 0.627502 -0.004727
v -0.031953 0.627502 -0.004727
v -0.006417 0.637783 -0.004727
v -0.006987 0.642476 -0.000000
v -0.034793 0.631281 -0.000000
v -0.006987 0.642476 -0.000000
v 0.022692 0.638268 -0.000000
v 0.020839 0.633919 0.004727
v -0.006417 0.637783 0.004727
v -0.006417 0.637783 0.004727
v 0.020839 0.633919 0.004727
v 0.018987 0.629570 -0.000000
v -0.005846 0.633091 -0.000000
v -0.005846 0.633091 -0.000000
v 0.018987 0.629570 -0.000000
v 0.020839 0.633919 -0.004727
v -0.006417 0.637783 -0.004727
v -0.006417 0.637783 -0.004727
v 0.020839 0.633919 -0.004727
v 0.022692 0.638268 -0.000000
v -0.006987 0.642476 -0.000000
v 0.022692 0.638268 -0.000000
v 0.046290 0.619784 -0.000000
v 0.042511 0.616944 0.004727
v 0.020839 0.633919 0.004727
v 0.020839 0.633919 0.004727
v 0.042511 0.616944 0.004727
v 0.038732 0.614104 -0.000000
v 0.018987 0.629570 -0.000000
v 0.018987 0.629570 -0.000000
v 0.038732 0.614104 -0.000000
v 0.042511 0.616944 -0.004727
v 0.020839 0.633919 -0.004727
v 0.020839 0.633919 -0.004727
v 0.042511 0.616944 -0.004727
v 0.046290 0.619784 -0.000000
v 0.022692 0.638268 -0.000000
v 0.046290 0.619784 -0.000000
v 0.057485 0.591978 0.000000
v 0.052792 0.591408 0.004727
v 0.042511 0.616944 0.004727
v 0.042511 0.616944 0.004727
v 0.052792 0.591408 0.004727
v 0.048100 0.590837 0.000000
v 0.038732 0.614104 -0.000000
v 0.038732 0.614104 -0.000000
v 0.048100 0.590837 0.000000
v 0.052792 0.591408 -0.004727
v 0.042511 0.616944 -0.004727
v 0.042511 0.616944 -0.004727
v 0.052792 0.591408 -0.004727
v 0.057485 0.591978 0.000000
v 0.046290 0.619784 -0.000000
v -0.017527 0.484854 -0.023027
v 0.056593 0.495271 -0.040306
v 0.038501 0.624003 -0.040306
v -0.035619 0.613586 -0.023027
v 0.071073 0.497306 0.023027
v -0.003047 0.486889 0.040306
v -0.021139 0.615621 0.040306
v 0.052981 0.626038 0.023027
v -0.003047 0.486889 0.040306
v -0.017527 0.484854 -0.023027
v -0.035619 0.613586 -0.023027
v -0.021139 0.615621 0.040306
v 0.056593 0.495271 -0.040306
v 0.071073 0.497306 0.023027
v 0.052981 0.626038 0.023027
v 0.038501 0.624003 -0.040306
v -0.035619 0.613586 -0.023027
v 0.038501 0.624003 -0.040306
v 0.052981 0.626038 0.023027
v -0.021139 0.615621 0.040306
v -0.003047 0.486889 0.040306
v 0.071073 0.497306 0.023027
v 0.056593 0.495271 -0.040306
v -0.017527 0.484854 -0.023027
v -0.022393 0.137257 -0.035454
v 0.010028 0.134989 -0.035454
v 0.022393 0.311827 -0.035454
v -0.010028 0.314095 -0.035454
v 0.010028 0.134989 -0.023636
v -0.022393 0.137257 -0.023636
v -0.010028 0.314095 -0.023636
v 0.022393 0.311827 -0.023636
v -0.022393 0.137257 -0.023636
v -0.022393 0.137257 -0.035454
v -0.010028 0.314095 -0.035454
v -0.010028 0.314095 -0.023636
v 0.010028 0.134989 -0.035454
v 0.010028 0.134989 -0.023636
v 0.022393 0.311827 -0.023636
v 0.022393 0.311827 -0.035454
v -0.010028 0.314095 -0.035454
v 0.022393 0.311827 -0.035454
v 0.022393 0.311827 -0.023636
v -0.010028 0.314095 -0.023636
v -0.022393 0.137257 -0.023636
v 0.010028 0.134989 -0.023636
v 0.010028 0.134989 -0.035454
v -0.022393 0.137257 -0.035454
vt 0.000000 0.000000
vt 1.000000 0.000000
vt 1.000000 1.000000
vt 0.000000 1.000000
vt 0.000000 0.000000
vt 1.000000 0.000000
vt 1.000000 1.000000
vt 0.000000 1.000000
vt 0.000000 0.000000
vt 1.000000 0.000000
vt 1.000000 1.000000
vt 0.000000 1.000000
vt 0.000000 0.000000
vt 1.000000 0.000000
vt 1.000000 1.000000
vt 0.000000 1.000000
vt 0.000000 0.000000
vt 1.000000 0.000000
vt 1.000000 1.000000
vt 0.000000 1.000000
vt 0.000000 0.000000
vt 1.000000 0.000000
vt 1.000000 1.000000
vt 0.000000 1.000000
vt 0.000000 0.000000
vt 1.000000 0.000000
vt 1.000000 1.000000
vt 0.000000 1.000000
vt 0.000000 0.000000
vt 1.000000 0.000000
vt 1.000000 1.000000
vt 0.000000 1.000000
vt 0.500000 0.500000
vt 0.000000 0.000000
vt 1.000000 0.000000
vt 0.500000 0.500000
vt 0.000000 1.000000
vt 1.000000 1.000000
vt 0.500000 0.500000
vt 0.000000 0.000000
vt 1.000000 0.000000
vt 0.500000 0.500000
vt 0.000000 1.000000
vt 1.000000 1.000000
vt 0.500000 0.500000
vt 0.000000 0.000000
vt 1.000000 0.000000
vt 0.500000 0.500000
vt 0.000000 1.000000
vt 1.000000 1.000000
vt 0.500000 0.500000
vt 0.000000 0.000000
vt 1.000000 0.000000
vt 0.500000 0.500000
vt 0.000000 1.000000
vt 1.000000 1.000000
vt 0.500000 0.500000
vt 0.000000 0.000000
vt 1.000000 0.000000
vt 0.500000 0.500000
vt 0.000000 1.000000
vt 1.000000 1.000000
vt 0.500000 0.500000
vt 0.000000 0.000000
vt 1.000000 0.000000
vt 0.500000 0.500000
vt 0.000000 1.000000
vt 1.000000 1.000000
vt 0.500000 0.500000
vt 0.000000 0.000000
vt 1.000000 0.000000
vt 0.500000 0.500000
vt 0.000000 1.000000
vt 1.000000 1.000000
vt 0.500000 0.500000
vt 0.000000 0.000000
vt 1.000000 0.000000
vt 0.500000 0.500000
vt 0.000000 1.000000
vt 1.000000 1.000000
vt 0.000000 0.000000
vt 1.000000 0.000000
vt 1.000000 1.000000
vt 0.000000 1.000000
vt 0.000000 0.000000
vt 1.000000 0.000000
vt 1.000000 1.000000
vt 0.000000 1.000000
vt 0.000000 0.000000
vt 1.000000 0.000000
vt 1.000000 1.000000
vt 0.000000 1.000000
vt 0.000000 0.000000
vt 1.000000 0.000000
vt 1.000000 1.000000
vt 0.000000 1.000000
vt 0.000000 0.000000
vt 1.000000 0.000000
vt 1.000000 1.000000
vt 0.000000 1.000000
vt 0.000000 0.000000
vt 1.000000 0.000000
vt 1.000000 1.000000
vt 0.000000 1.000000
vt 0.000000 0.000000
vt 1.000000 0.000000
vt 1.000000 1.000000
vt 0.000000 1.000000
vt 0.000000 0.000000
vt 1.000000 0.000000
vt 1.000000 1.000000
vt 0.000000 1.000000
vt 0.000000 0.000000
vt 1.000000 0.000000
vt 1.000000 1.000000
vt 0.000000 1.000000
vt 0.000000 0.000000
vt 1.000000 0.000000
vt 1.000000 1.000000
vt 0.000000 1.000000
vt 0.000000 0.000000
vt 1.000000 0.000000
vt 1.000000 1.000000
vt 0.000000 1.000000
vt 0.000000 0.000000
vt 1.000000 0.000000
vt 1.000000 1.000000
vt 0.000000 1.000000
vt 0.000000 0.000000
vt 1.000000 0.000000
vt 1.000000 1.000000
vt 0.000000 1.000000
vt 0.000000 0.000000
vt 1.000000 0.000000
vt 1.000000 1.000000
vt 0.000000 1.000000
vt 0.000000 0.000000
vt 1.000000 0.000000
vt 1.000000 1.000000
vt 0.000000 1.000000
vt 0.000000 0.000000
vt 1.000000 0.000000
vt 1.000000 1.000000
vt 0.000000 1.000000
vt 0.000000 0.000000
vt 1.000000 0.000000
vt 1.000000 1.000000
vt 0.000000 1.000000
vt 0.000000 0.000000
vt 1.000000 0.000000
vt 1.000000 1.000000
vt 0.000000 1.000000
vt 0.000000 0.000000
vt 1.000000 0.000000
vt 1.000000 1.000000
vt 0.000000 1.000000
vt 0.000000 0.000000
vt 1.000000 0.000000
vt 1.000000 1.000000
vt 0.000000 1.000000
vt 0.000000 0.000000
vt 1.000000 0.000000
vt 1.000000 1.000000
vt 0.000000 1.000000
vt 0.000000 0.000000
vt 1.000000 0.000000
vt 1.000000 1.000000
vt 0.000000 1.000000
vt 0.000000 0.000000
vt 1.000000 0.000000
vt 1.000000 1.000000
vt 0.000000 1.000000
vt 0.000000 0.000000
vt 1.000000 0.000000
vt 1.000000 1.000000
vt 0.000000 1.000000
vt 0.000000 0.000000
vt 1.000000 0.000000
vt 1.000000 1.000000
vt 0.000000 1.000000
vt 0.000000 0.000000
vt 1.000000 0.000000
vt 1.000000 1.000000
vt 0.000000 1.000000
vt 0.000000 0.000000
vt 1.000000 0.000000
vt 1.000000 1.000000
vt 0.000000 1.000000
vt 0.000000 0.000000
vt 1.000000 0.000000
vt 1.000000 1.000000
vt 0.000000 1.000000
vt 0.000000 0.000000
vt 1.000000 0.000000
vt 1.000000 1.000000
vt 0.000000 1.000000
vt 0.000000 0.000000
vt 1.000000 0.000000
vt 1.000000 1.000000
vt 0.000000 1.000000
vt 0.000000 0.000000
vt 1.000000 0.000000
vt 1.000000 1.000000
vt 0.000000 1.000000
vt 0.000000 0.000000
vt 1.000000 0.000000
vt 1.000000 1.000000
vt 0.000000 1.000000
vt 0.000000 0.000000
vt 1.000000 0.000000
vt 1.000000 1.000000
vt 0.000000 1.000000
vt 0.000000 0.000000
vt 1.000000 0.000000
vt 1.000000 1.000000
vt 0.000000 1.000000
vt 0.000000 0.000000
vt 1.000000 0.000000
vt 1.000000 1.000000
vt 0.000000 1.000000
vt 0.000000 0.000000
vt 1.000000 0.000000
vt 1.000000 1.000000
vt 0.000000 1.000000
vt 0.000000 0.000000
vt 1.000000 0.000000
vt 1.000000 1.000000
vt 0.000000 1.000000
vt 0.000000 0.000000
vt 1.000000 0.000000
vt 1.000000 1.000000
vt 0.000000 1.000000
vt 0.000000 0.000000
vt 1.000000 0.000000
vt 1.000000 1.000000
vt 0.000000 1.000000
vt 0.000000 0.000000
vt 1.000000 0.000000
vt 1.000000 1.000000
vt 0.000000 1.000000
vt 0.000000 0.000000
vt 1.000000 0.000000
vt 1.000000 1.000000
vt 0.000000 1.000000
vt 0.000000 0.000000
vt 1.000000 0.000000
vt 1.000000 1.000000
vt 0.000000 1.000000
vt 0.000000 0.000000
vt 1.000000 0.000000
vt 1.000000 1.000000
vt 0.000000 1.000000
vt 0.000000 0.000000
vt 1.000000 0.000000
vt 1.000000 1.000000
vt 0.000000 1.000000
vt 0.000000 0.000000
vt 1.000000 0.000000
vt 1.000000 1.000000
vt 0.000000 1.000000
vt 0.000000 0.000000
vt 1.000000 0.000000
vt 1.000000 1.000000
vt 0.000000 1.000000
vt 0.000000 0.000000
vt 1.000000 0.000000
vt 1.000000 1.000000
vt 0.000000 1.000000
vt 0.000000 0.000000
vt 1.000000 0.000000
vt 1.000000 1.000000
vt 0.000000 1.000000
vt 0.000000 0.000000
vt 1.000000 0.000000
vt 1.000000 1.000000
vt 0.000000 1.000000
vt 0.000000 0.000000
vt 1.000000 0.000000
vt 1.000000 1.000000
vt 0.000000 1.000000
vt 0.000000 0.000000
vt 1.000000 0.000000
vt 1.000000 1.000000
vt 0.000000 1.000000
vt 0.000000 0.000000
vt 1.000000 0.000000
vt 1.000000 1.000000
vt 0.000000 1.000000
vt 0.000000 0.000000
vt 1.000000 0.000000
vt 1.000000 1.000000
vt 0.000000 1.000000
vt 0.000000 0.000000
vt 1.000000 0.000000
vt 1.000000 1.000000
vt 0.000000 1.000000
vt 0.000000 0.000000
vt 1.000000 0.000000
vt 1.000000 1.000000
vt 0.000000 1.000000
vt 0.000000 0.000000
vt 1.000000 0.000000
vt 1.000000 1.000000
vt 0.000000 1.000000
vt 0.000000 0.000000
vt 1.000000 0.000000
vt 1.000000 1.000000
vt 0.000000 1.000000
vt 0.000000 0.000000
vt 1.000000 0.000000
vt 1.000000 1.000000
vt 0.000000 1.000000
vt 0.000000 0.000000
vt 1.000000 0.000000
vt 1.000000 1.000000
vt 0.000000 1.000000
vt 0.000000 0.000000
vt 1.000000 0.000000
vt 1.000000 1.000000
vt 0.000000 1.000000
vt 0.000000 0.000000
vt 1.000000 0.000000
vt 1.000000 1.000000
vt 0.000000 1.000000
vt 0.000000 0.000000
vt 1.000000 0.000000
vt 1.000000 1.000000
vt 0.000000 1.000000
vt 0.000000 0.000000
vt 1.000000 0.000000
vt 1.000000 1.000000
vt 0.000000 1.000000
vt 0.000000 0.000000
vt 1.000000 0.000000
vt 1.000000 1.000000
vt 0.000000 1.000000
vt 0.000000 0.000000
vt 1.000000 0.000000
vt 1.000000 1.000000
vt 0.000000 1.000000
vt 0.000000 0.000000
vt 1.000000 0.000000
vt 1.000000 1.000000
vt 0.000000 1.000000
vt 0.000000 0.000000
vt 1.000000 0.000000
vt 1.000000 1.000000
vt 0.000000 1.000000
vt 0.000000 0.000000
vt 1.000000 0.000000
vt 1.000000 1.000000
vt 0.000000 1.000000
vt 0.000000 0.000000
vt 1.000000 0.000000
vt 1.000000 1.000000
vt 0.000000 1.000000
vt 0.000000 0.000000
vt 1.000000 0.000000
vt 1.000000 1.000000
vt 0.000000 1.000000
vt 0.000000 0.000000
vt 1.000000 0.000000
vt 1.000000 1.000000
vt 0.000000 1.000000
vt 0.000000 0.000000
vt 1.000000 0.000000
vt 1.000000 1.000000
vt 0.000000 1.000000
vt 0.000000 0.000000
vt 1.000000 0.000000
vt 1.000000 1.000000
vt 0.000000 1.000000
vt 0.000000 0.000000
vt 1.000000 0.000000
vt 1.000000 1.000000
vt 0.000000 1.000000
vt 0.000000 0.000000
vt 1.000000 0.000000
vt 1.000000 1.000000
vt 0.000000 1.000000
vt 0.000000 0.000000
vt 1.000000 0.000000
vt 1.000000 1.000000
vt 0.000000 1.000000
vt 0.000000 0.000000
vt 1.000000 0.000000
vt 1.000000 1.000000
vt 0.000000 1.000000
vt 0.000000 0.000000
vt 1.000000 0.000000
vt 1.000000 1.000000
vt 0.000000 1.000000
vt 0.000000 0.000000
vt 1.000000 0.000000
vt 1.000000 1.000000
vt 0.000000 1.000000
vt 0.000000 0.000000
vt 1.000000 0.000000
vt 1.000000 1.000000
vt 0.000000 1.000000
vt 0.000000 0.000000
vt 1.000000 0.000000
vt 1.000000 1.000000
vt 0.000000 1.000000
vt 0.000000 0.000000
vt 1.000000 0.000000
vt 1.000000 1.000000
vt 0.000000 1.000000
vt 0.000000 0.000000
vt 1.000000 0.000000
vt 1.000000 1.000000
vt 0.000000 1.000000
vt 0.000000 0.000000
vt 1.000000 0.000000
vt 1.000000 1.000000
vt 0.000000 1.000000
vt 0.000000 0.000000
vt 1.000000 0.000000
vt 1.000000 1.000000
vt 0.000000 1.000000
vt 0.000000 0.000000
vt 1.000000 0.000000
vt 1.000000 1.000000
vt 0.000000 1.000000
vt 0.000000 0.000000
vt 1.000000 0.000000
vt 1.000000 1.000000
vt 0.000000 1.000000
vt 0.000000 0.000000
vt 1.000000 0.000000
vt 1.000000 1.000000
vt 0.000000 1.000000
vt 0.000000 0.000000
vt 1.000000 0.000000
vt 1.000000 1.000000
vt 0.000000 1.000000
vt 0.000000 0.000000
vt 1.000000 0.000000
vt 1.000000 1.000000
vt 0.000000 1.000000
vt 0.000000 0.000000
vt 1.000000 0.000000
vt 1.000000 1.000000
vt 0.000000 1.000000
vt 0.000000 0.000000
vt 1.000000 0.000000
vt 1.000000 1.000000
vt 0.000000 1.000000
vt 0.000000 0.000000
vt 1.000000 0.000000
vt 1.000000 1.000000
vt 0.000000 1.000000
vt 0.000000 0.000000
vt 1.000000 0.000000
vt 1.000000 1.000000
vt 0.000000 1.000000
vt 0.000000 0.000000
vt 1.000000 0.000000
vt 1.000000 1.000000
vt 0.000000 1.000000
vt 0.000000 0.000000
vt 1.000000 0.000000
vt 1.000000 1.000000
vt 0.000000 1.000000
vt 0.000000 0.000000
vt 1.000000 0.000000
vt 1.000000 1.000000
vt 0.000000 1.000000
vt 0.000000 0.000000
vt 1.000000 0.000000
vt 1.000000 1.000000
vt 0.000000 1.000000
vt 0.000000 0.000000
vt 1.000000 0.000000
vt 1.000000 1.000000
vt 0.000000 1.000000
vt 0.000000 0.000000
vt 1.000000 0.000000
vt 1.000000 1.000000
vt 0.000000 1.000000
vt 0.000000 0.000000
vt 1.000000 0.000000
vt 1.000000 1.000000
vt 0.000000 1.000000
vt 0.000000 0.000000
vt 1.000000 0.000000
vt 1.000000 1.000000
vt 0.000000 1.000000
vt 0.000000 0.000000
vt 1.000000 0.000000
vt 1.000000 1.000000
vt 0.000000 1.000000
vt 0.000000 0.000000
vt 1.000000 0.000000
vt 1.000000 1.000000
vt 0.000000 1.000000
vt 0.000000 0.000000
vt 1.000000 0.000000
vt 1.000000 1.000000
vt 0.000000 1.000000
vt 0.000000 0.000000
vt 1.000000 0.000000
vt 1.000000 1.000000
vt 0.000000 1.000000
vt 0.000000 0.000000
vt 1.000000 0.000000
vt 1.000000 1.000000
vt 0.000000 1.000000
vt 0.000000 0.000000
vt 1.000000 0.000000
vt 1.000000 1.000000
vt 0.000000 1.000000
vt 0.000000 0.000000
vt 1.000000 0.000000
vt 1.000000 1.000000
vt 0.000000 1.000000
vt 0.000000 0.000000
vt 1.000000 0.000000
vt 1.000000 1.000000
vt 0.000000 1.000000
vt 0.000000 0.000000
vt 1.000000 0.000000
vt 1.000000 1.000000
vt 0.000000 1.000000
vt 0.000000 0.000000
vt 1.000000 0.000000
vt 1.000000 1.000000
vt 0.000000 1.000000
vt 0.000000 0.000000
vt 1.000000 0.000000
vt 1.000000 1.000000
vt 0.000000 1.000000
vt 0.000000 0.000000
vt 1.000000 0.000000
vt 1.000000 1.000000
vt 0.000000 1.000000
vt 0.000000 0.000000
vt 1.000000 0.000000
vt 1.000000 1.000000
vt 0.000000 1.000000
vt 0.000000 0.000000
vt 1.000000 0.000000
vt 1.000000 1.000000
vt 0.000000 1.000000
vt 0.000000 0.000000
vt 1.000000 0.000000
vt 1.000000 1.000000
vt 0.000000 1.000000
vt 0.000000 0.000000
vt 1.000000 0.000000
vt 1.000000 1.000000
vt 0.000000 1.000000
vt 0.000000 0.000000
vt 1.000000 0.000000
vt 1.000000 1.000000
vt 0.000000 1.000000
vt 0.000000 0.000000
vt 1.000000 0.000000
vt 1.000000 1.000000
vt 0.000000 1.000000
vt 0.000000 0.000000
vt 1.000000 0.000000
vt 1.000000 1.000000
vt 0.000000 1.000000
vt 0.000000 0.000000
vt 1.000000 0.000000
vt 1.000000 1.000000
vt 0.000000 1.000000
vt 0.000000 0.000000
vt 1.000000 0.000000
vt 1.000000 1.000000
vt 0.000000 1.000000
vt 0.000000 0.000000
vt 1.000000 0.000000
vt 1.000000 1.000000
vt 0.000000 1.000000
vt 0.000000 0.000000
vt 1.000000 0.000000
vt 1.000000 1.000000
vt 0.000000 1.000000
vt 0.000000 0.000000
vt 1.000000 0.000000
vt 1.000000 1.000000
vt 0.000000 1.000000
vt 0.000000 0.000000
vt 1.000000 0.000000
vt 1.000000 1.000000
vt 0.000000 1.000000
vt 0.000000 0.000000
vt 1.000000 0.000000
vt 1.000000 1.000000
vt 0.000000 1.000000
vt 0.000000 0.000000
vt 1.000000 0.000000
vt 1.000000 1.000000
vt 0.000000 1.000000
vt 0.000000 0.000000
vt 1.000000 0.000000
vt 1.000000 1.000000
vt 0.000000 1.000000
vt 0.000000 0.000000
vt 1.000000 0.000000
vt 1.000000 1.000000
vt 0.000000 1.000000
vt 0.000000 0.000000
vt 1.000000 0.000000
vt 1.000000 1.000000
vt 0.000000 1.000000
vt 0.000000 0.000000
vt 1.000000 0.000000
vt 1.000000 1.000000
vt 0.000000 1.000000
vt 0.000000 0.000000
vt 1.000000 0.000000
vt 1.000000 1.000000
vt 0.000000 1.000000
vt 0.000000 0.000000
vt 1.000000 0.000000
vt 1.000000 1.000000
vt 0.000000 1.000000
vt 0.000000 0.000000
vt 1.000000 0.000000
vt 1.000000 1.000000
vt 0.000000 1.000000
vt 0.000000 0.000000
vt 1.000000 0.000000
vt 1.000000 1.000000
vt 0.000000 1.000000
vt 0.000000 0.000000
vt 1.000000 0.000000
vt 1.000000 1.000000
vt 0.000000 1.000000
vt 0.000000 0.000000
vt 1.000000 0.000000
vt 1.000000 1.000000
vt 0.000000 1.000000
vt 0.000000 0.000000
vt 1.000000 0.000000
vt 1.000000 1.000000
vt 0.000000 1.000000
vt 0.000000 0.000000
vt 1.000000 0.000000
vt 1.000000 1.000000
vt 0.000000 1.000000
vt 0.000000 0.000000
vt 1.000000 0.000000
vt 1.000000 1.000000
vt 0.000000 1.000000
vt 0.000000 0.000000
vt 1.000000 0.000000
vt 1.000000 1.000000
vt 0.000000 1.000000
vt 0.000000 0.000000
vt 1.000000 0.000000
vt 1.000000 1.000000
vt 0.000000 1.000000
vt 0.000000 0.000000
vt 1.000000 0.000000
vt 1.000000 1.000000
vt 0.000000 1.000000
vt 0.000000 0.000000
vt 1.000000 0.000000
vt 1.000000 1.000000
vt 0.000000 1.000000
vt 0.000000 0.000000
vt 1.000000 0.000000
vt 1.000000 1.000000
vt 0.000000 1.000000
vt 0.000000 0.000000
vt 1.000000 0.000000
vt 1.000000 1.000000
vt 0.000000 1.000000
vt 0.000000 0.000000
vt 1.000000 0.000000
vt 1.000000 1.000000
vt 0.000000 1.000000
vt 0.000000 0.000000
vt 1.000000 0.000000
vt 1.000000 1.000000
vt 0.000000 1.000000
vt 0.000000 0.000000
vt 1.000000 0.000000
vt 1.000000 1.000000
vt 0.000000 1.000000
vt 0.000000 0.000000
vt 1.000000 0.000000
vt 1.000000 1.000000
vt 0.000000 1.000000
vt 0.000000 0.000000
vt 1.000000 0.000000
vt 1.000000 1.000000
vt 0.000000 1.000000
vt 0.000000 0.000000
vt 1.000000 0.000000
vt 1.000000 1.000000
vt 0.000000 1.000000
vt 0.000000 0.000000
vt 1.000000 0.000000
vt 1.000000 1.000000
vt 0.000000 1.000000
vt 0.000000 0.000000
vt 1.000000 0.000000
vt 1.000000 1.000000
vt 0.000000 1.000000
vt 0.000000 0.000000
vt 1.000000 0.000000
vt 1.000000 1.000000
vt 0.000000 1.000000
vt 0.000000 0.000000
vt 1.000000 0.000000
vt 1.000000 1.000000
vt 0.000000 1.000000
vt 0.000000 0.000000
vt 1.000000 0.000000
vt 1.000000 1.000000
vt 0.000000 1.000000
vt 0.000000 0.000000
vt 1.000000 0.000000
vt 1.000000 1.000000
vt 0.000000 1.000000
vt 0.000000 0.000000
vt 1.000000 0.000000
vt 1.000000 1.000000
vt 0.000000 1.000000
vt 0.000000 0.000000
vt 1.000000 0.000000
vt 1.000000 1.000000
vt 0.000000 1.000000
vt 0.000000 0.000000
vt 1.000000 0.000000
vt 1.000000 1.000000
vt 0.000000 1.000000
vt 0.000000 0.000000
vt 1.000000 0.000000
vt 1.000000 1.000000
vt 0.000000 1.000000
vt 0.000000 0.000000
vt 1.000000 0.000000
vt 1.000000 1.000000
vt 0.000000 1.000000
vt 0.000000 0.000000
vt 1.000000 0.000000
vt 1.000000 1.000000
vt 0.000000 1.000000
vt 0.000000 0.000000
vt 1.000000 0.000000
vt 1.000000 1.000000
vt 0.000000 1.000000
vt 0.000000 0.000000
vt 1.000000 0.000000
vt 1.000000 1.000000
vt 0.000000 1.000000
vt 0.000000 0.000000
vt 1.000000 0.000000
vt 1.000000 1.000000
vt 0.000000 1.000000
vt 0.000000 0.000000
vt 1.000000 0.000000
vt 1.000000 1.000000
vt 0.000000 1.000000
vt 0.000000 0.000000
vt 1.000000 0.000000
vt 1.000000 1.000000
vt 0.000000 1.000000
vt 0.000000 0.000000
vt 1.000000 0.000000
vt 1.000000 1.000000
vt 0.000000 1.000000
vt 0.000000 0.000000
vt 1.000000 0.000000
vt 1.000000 1.000000
vt 0.000000 1.000000
vt 0.000000 0.000000
vt 1.000000 0.000000
vt 1.000000 1.000000
vt 0.000000 1.000000
vt 0.000000 0.000000
vt 1.000000 0.000000
vt 1.000000 1.000000
vt 0.000000 1.000000
vt 0.000000 0.000000
vt 1.000000 0.000000
vt 1.000000 1.000000
vt 0.000000 1.000000
vt 0.000000 0.000000
vt 1.000000 0.000000
vt 1.000000 1.000000
vt 0.000000 1.000000
vt 0.000000 0.000000
vt 1.000000 0.000000
vt 1.000000 1.000000
vt 0.000000 1.000000
vt 0.000000 0.000000
vt 1.000000 0.000000
vt 1.000000 1.000000
vt 0.000000 1.000000
vt 0.000000 0.000000
vt 1.000000 0.000000
vt 1.000000 1.000000
vt 0.000000 1.000000
vt 0.000000 0.000000
vt 1.000000 0.000000
vt 1.000000 1.000000
vt 0.000000 1.000000
vt 0.000000 0.000000
vt 1.000000 0.000000
vt 1.000000 1.000000
vt 0.000000 1.000000
vt 0.000000 0.000000
vt 1.000000 0.000000
vt 1.000000 1.000000
vt 0.000000 1.000000
vt 0.000000 0.000000
vt 1.000000 0.000000
vt 1.000000 1.000000
vt 0.000000 1.000000
vt 0.000000 0.000000
vt 1.000000 0.000000
vt 1.000000 1.000000
vt 0.000000 1.000000
vt 0.000000 0.000000
vt 1.000000 0.000000
vt 1.000000 1.000000
vt 0.000000 1.000000
vt 0.000000 0.000000
vt 1.000000 0.000000
vt 1.000000 1.000000
vt 0.000000 1.000000
vt 0.000000 0.000000
vt 1.000000 0.000000
vt 1.000000 1.000000
vt 0.000000 1.000000
vt 0.000000 0.000000
vt 1.000000 0.000000
vt 1.000000 1.000000
vt 0.000000 1.000000
vt 0.000000 0.000000
vt 1.000000 0.000000
vt 1.000000 1.000000
vt 0.000000 1.000000
vt 0.000000 0.000000
vt 1.000000 0.000000
vt 1.000000 1.000000
vt 0.000000 1.000000
vt 0.000000 0.000000
vt 1.000000 0.000000
vt 1.000000 1.000000
vt 0.000000 1.000000
vt 0.000000 0.000000
vt 1.000000 0.000000
vt 1.000000 1.000000
vt 0.000000 1.000000
vt 0.000000 0.000000
vt 1.000000 0.000000
vt 1.000000 1.000000
vt 0.000000 1.000000
vt 0.000000 0.000000
vt 1.000000 0.000000
vt 1.000000 1.000000
vt 0.000000 1.000000
vt 0.000000 0.000000
vt 1.000000 0.000000
vt 1.000000 1.000000
vt 0.000000 1.000000
vt 0.000000 0.000000
vt 1.000000 0.000000
vt 1.000000 1.000000
vt 0.000000 1.000000
vt 0.000000 0.000000
vt 1.000000 0.000000
vt 1.000000 1.000000
vt 0.000000 1.000000
vt 0.000000 0.000000
vt 1.000000 0.000000
vt 1.000000 1.000000
vt 0.000000 1.000000
vt 0.000000 0.000000
vt 1.000000 0.000000
vt 1.000000 1.000000
vt 0.000000 1.000000
vt 0.000000 0.000000
vt 1.000000 0.000000
vt 1.000000 1.000000
vt 0.000000 1.000000
vt 0.000000 0.000000
vt 1.000000 0.000000
vt 1.000000 1.000000
vt 0.000000 1.000000
vt 0.000000 0.000000
vt 1.000000 0.000000
vt 1.000000 1.000000
vt 0.000000 1.000000
vt 0.000000 0.000000
vt 1.000000 0.000000
vt 1.000000 1.000000
vt 0.000000 1.000000
vt 0.000000 0.000000
vt 1.000000 0.000000
vt 1.000000 1.000000
vt 0.000000 1.000000
vt 0.000000 0.000000
vt 1.000000 0.000000
vt 1.000000 1.000000
vt 0.000000 1.000000
vt 0.000000 0.000000
vt 1.000000 0.000000
vt 1.000000 1.000000
vt 0.000000 1.000000
vt 0.000000 0.000000
vt 1.000000 0.000000
vt 1.000000 1.000000
vt 0.000000 1.000000
vt 0.000000 0.000000
vt 1.000000 0.000000
vt 1.000000 1.000000
vt 0.000000 1.000000
vt 0.000000 0.000000
vt 1.000000 0.000000
vt 1.000000 1.000000
vt 0.000000 1.000000
vt 0.000000 0.000000
vt 1.000000 0.000000
vt 1.000000 1.000000
vt 0.000000 1.000000
vt 0.000000 0.000000
vt 1.000000 0.000000
vt 1.000000 1.000000
vt 0.000000 1.000000
vt 0.000000 0.000000
vt 1.000000 0.000000
vt 1.000000 1.000000
vt 0.000000 1.000000
vt 0.000000 0.000000
vt 1.000000 0.000000
vt 1.000000 1.000000
vt 0.000000 1.000000
vt 0.000000 0.000000
vt 1.000000 0.000000
vt 1.000000 1.000000
vt 0.000000 1.000000
vt 0.000000 0.000000
vt 1.000000 0.000000
vt 1.000000 1.000000
vt 0.000000 1.000000
vt 0.000000 0.000000
vt 1.000000 0.000000
vt 1.000000 1.000000
vt 0.000000 1.000000
vt 0.000000 0.000000
vt 1.000000 0.000000
vt 1.000000 1.000000
vt 0.000000 1.000000
vt 0.000000 0.000000
vt 1.000000 0.000000
vt 1.000000 1.000000
vt 0.000000 1.000000
vt 0.000000 0.000000
vt 1.000000 0.000000
vt 1.000000 1.000000
vt 0.000000 1.000000
vt 0.000000 0.000000
vt 1.000000 0.000000
vt 1.000000 1.000000
vt 0.000000 1.000000
vt 0.000000 0.000000
vt 1.000000 0.000000
vt 1.000000 1.000000
vt 0.000000 1.000000
vt 0.000000 0.000000
vt 1.000000 0.000000
vt 1.000000 1.000000
vt 0.000000 1.000000
vt 0.000000 0.000000
vt 1.000000 0.000000
vt 1.000000 1.000000
vt 0.000000 1.000000
vt 0.000000 0.000000
vt 1.000000 0.000000
vt 1.000000 1.000000
vt 0.000000 1.000000
vt 0.000000 0.000000
vt 1.000000 0.000000
vt 1.000000 1.000000
vt 0.000000 1.000000
vt 0.000000 0.000000
vt 1.000000 0.000000
vt 1.000000 1.000000
vt 0.000000 1.000000
vt 0.000000 0.000000
vt 1.000000 0.000000
vt 1.000000 1.000000
vt 0.000000 1.000000
vt 0.000000 0.000000
vt 1.000000 0.000000
vt 1.000000 1.000000
vt 0.000000 1.000000
vt 0.000000 0.000000
vt 1.000000 0.000000
vt 1.000000 1.000000
vt 0.000000 1.000000
vt 0.000000 0.000000
vt 1.000000 0.000000
vt 1.000000 1.000000
vt 0.000000 1.000000
vt 0.000000 0.000000
vt 1.000000 0.000000
vt 1.000000 1.000000
vt 0.000000 1.000000
vt 0.000000 0.000000
vt 1.000000 0.000000
vt 1.000000 1.000000
vt 0.000000 1.000000
vt 0.000000 0.000000
vt 1.000000 0.000000
vt 1.000000 1.000000
vt 0.000000 1.000000
vt 0.000000 0.000000
vt 1.000000 0.000000
vt 1.000000 1.000000
vt 0.000000 1.000000
vt 0.000000 0.000000
vt 1.000000 0.000000
vt 1.000000 1.000000
vt 0.000000 1.000000
vt 0.000000 0.000000
vt 1.000000 0.000000
vt 1.000000 1.000000
vt 0.000000 1.000000
vt 0.000000 0.000000
vt 1.000000 0.000000
vt 1.000000 1.000000
vt 0.000000 1.000000
vt 0.000000 0.000000
vt 1.000000 0.000000
vt 1.000000 1.000000
vt 0.000000 1.000000
vt 0.000000 0.000000
vt 1.000000 0.000000
vt 1.000000 1.000000
vt 0.000000 1.000000
vt 0.000000 0.000000
vt 1.000000 0.000000
vt 1.000000 1.000000
vt 0.000000 1.000000
vt 0.000000 0.000000
vt 1.000000 0.000000
vt 1.000000 1.000000
vt 0.000000 1.000000
vt 0.000000 0.000000
vt 1.000000 0.000000
vt 1.000000 1.000000
vt 0.000000 1.000000
vt 0.000000 0.000000
vt 1.000000 0.000000
vt 1.000000 1.000000
vt 0.000000 1.000000
vt 0.000000 0.000000
vt 1.000000 0.000000
vt 1.000000 1.000000
vt 0.000000 1.000000
vt 0.000000 0.000000
vt 1.000000 0.000000
vt 1.000000 1.000000
vt 0.000000 1.000000
vt 0.000000 0.000000
vt 1.000000 0.000000
vt 1.000000 1.000000
vt 0.000000 1.000000
vt 0.000000 0.000000
vt 1.000000 0.000000
vt 1.000000 1.000000
vt 0.000000 1.000000
vt 0.000000 0.000000
vt 1.000000 0.000000
vt 1.000000 1.000000
vt 0.000000 1.000000
vt 0.000000 0.000000
vt 1.000000 0.000000
vt 1.000000 1.000000
vt 0.000000 1.000000
vt 0.000000 0.000000
vt 1.000000 0.000000
vt 1.000000 1.000000
vt 0.000000 1.000000
vt 0.000000 0.000000
vt 1.000000 0.000000
vt 1.000000 1.000000
vt 0.000000 1.000000
vt 0.000000 0.000000
vt 1.000000 0.000000
vt 1.000000 1.000000
vt 0.000000 1.000000
vt 0.000000 0.000000
vt 1.000000 0.000000
vt 1.000000 1.000000
vt 0.000000 1.000000
vt 0.000000 0.000000
vt 1.000000 0.000000
vt 1.000000 1.000000
vt 0.000000 1.000000
vt 0.000000 0.000000
vt 1.000000 0.000000
vt 1.000000 1.000000
vt 0.000000 1.000000
vt 0.000000 0.000000
vt 1.000000 0.000000
vt 1.000000 1.000000
vt 0.000000 1.000000
vt 0.000000 0.000000
vt 1.000000 0.000000
vt 1.000000 1.000000
vt 0.000000 1.000000
vt 0.000000 0.000000
vt 1.000000 0.000000
vt 1.000000 1.000000
vt 0.000000 1.000000
vt 0.000000 0.000000
vt 1.000000 0.000000
vt 1.000000 1.000000
vt 0.000000 1.000000
vt 0.000000 0.000000
vt 1.000000 0.000000
vt 1.000000 1.000000
vt 0.000000 1.000000
vt 0.000000 0.000000
vt 1.000000 0.000000
vt 1.000000 1.000000
vt 0.000000 1.000000
vt 0.000000 0.000000
vt 1.000000 0.000000
vt 1.000000 1.000000
vt 0.000000 1.000000
vt 0.000000 0.000000
vt 1.000000 0.000000
vt 1.000000 1.000000
vt 0.000000 1.000000
vt 0.000000 0.000000
vt 1.000000 0.000000
vt 1.000000 1.000000
vt 0.000000 1.000000
vt 0.000000 0.000000
vt 1.000000 0.000000
vt 1.000000 1.000000
vt 0.000000 1.000000
vt 0.000000 0.000000
vt 1.000000 0.000000
vt 1.000000 1.000000
vt 0.000000 1.000000
vt 0.000000 0.000000
vt 1.000000 0.000000
vt 1.000000 1.000000
vt 0.000000 1.000000
vt 0.000000 0.000000
vt 1.000000 0.000000
vt 1.000000 1.000000
vt 0.000000 1.000000
vt 0.000000 0.000000
vt 1.000000 0.000000
vt 1.000000 1.000000
vt 0.000000 1.000000
vt 0.000000 0.000000
vt 1.000000 0.000000
vt 1.000000 1.000000
vt 0.000000 1.000000
vt 0.000000 0.000000
vt 1.000000 0.000000
vt 1.000000 1.000000
vt 0.000000 1.000000
vt 0.000000 0.000000
vt 1.000000 0.000000
vt 1.000000 1.000000
vt 0.000000 1.000000
vt 0.000000 0.000000
vt 1.000000 0.000000
vt 1.000000 1.000000
vt 0.000000 1.000000
vt 0.000000 0.000000
vt 1.000000 0.000000
vt 1.000000 1.000000
vt 0.000000 1.000000
vt 0.000000 0.000000
vt 1.000000 0.000000
vt 1.000000 1.000000
vt 0.000000 1.000000
vt 0.000000 0.000000
vt 1.000000 0.000000
vt 1.000000 1.000000
vt 0.000000 1.000000
vt 0.000000 0.000000
vt 1.000000 0.000000
vt 1.000000 1.000000
vt 0.000000 1.000000
vt 0.000000 0.000000
vt 1.000000 0.000000
vt 1.000000 1.000000
vt 0.000000 1.000000
vt 0.000000 0.000000
vt 1.000000 0.000000
vt 1.000000 1.000000
vt 0.000000 1.000000
vt 0.000000 0.000000
vt 1.000000 0.000000
vt 1.000000 1.000000
vt 0.000000 1.000000
vt 0.000000 0.000000
vt 1.000000 0.000000
vt 1.000000 1.000000
vt 0.000000 1.000000
vt 0.000000 0.000000
vt 1.000000 0.000000
vt 1.000000 1.000000
vt 0.000000 1.000000
vt 0.000000 0.000000
vt 1.000000 0.000000
vt 1.000000 1.000000
vt 0.000000 1.000000
vt 0.000000 0.000000
vt 1.000000 0.000000
vt 1.000000 1.000000
vt 0.000000 1.000000
vt 0.000000 0.000000
vt 1.000000 0.000000
vt 1.000000 1.000000
vt 0.000000 1.000000
vt 0.000000 0.000000
vt 1.000000 0.000000
vt 1.000000 1.000000
vt 0.000000 1.000000
vt 0.000000 0.000000
vt 1.000000 0.000000
vt 1.000000 1.000000
vt 0.000000 1.000000
vt 0.000000 0.000000
vt 1.000000 0.000000
vt 1.000000 1.000000
vt 0.000000 1.000000
vt 0.000000 0.000000
vt 1.000000 0.000000
vt 1.000000 1.000000
vt 0.000000 1.000000
vt 0.000000 0.000000
vt 1.000000 0.000000
vt 1.000000 1.000000
vt 0.000000 1.000000
vt 0.000000 0.000000
vt 1.000000 0.000000
vt 1.000000 1.000000
vt 0.000000 1.000000
vt 0.000000 0.000000
vt 1.000000 0.000000
vt 1.000000 1.000000
vt 0.000000 1.000000
vt 0.000000 0.000000
vt 1.000000 0.000000
vt 1.000000 1.000000
vt 0.000000 1.000000
vt 0.000000 0.000000
vt 1.000000 0.000000
vt 1.000000 1.000000
vt 0.000000 1.000000
vt 0.000000 0.000000
vt 1.000000 0.000000
vt 1.000000 1.000000
vt 0.000000 1.000000
vt 0.000000 0.000000
vt 1.000000 0.000000
vt 1.000000 1.000000
vt 0.000000 1.000000
vt 0.000000 0.000000
vt 1.000000 0.000000
vt 1.000000 1.000000
vt 0.000000 1.000000
vt 0.000000 0.000000
vt 1.000000 0.000000
vt 1.000000 1.000000
vt 0.000000 1.000000
vt 0.000000 0.000000
vt 1.000000 0.000000
vt 1.000000 1.000000
vt 0.000000 1.000000
vt 0.000000 0.000000
vt 1.000000 0.000000
vt 1.000000 1.000000
vt 0.000000 1.000000
vt 0.000000 0.000000
vt 1.000000 0.000000
vt 1.000000 1.000000
vt 0.000000 1.000000
vt 0.000000 0.000000
vt 1.000000 0.000000
vt 1.000000 1.000000
vt 0.000000 1.000000
vt 0.000000 0.000000
vt 1.000000 0.000000
vt 1.000000 1.000000
vt 0.000000 1.000000
vt 0.000000 0.000000
vt 1.000000 0.000000
vt 1.000000 1.000000
vt 0.000000 1.000000
vt 0.000000 0.000000
vt 1.000000 0.000000
vt 1.000000 1.000000
vt 0.000000 1.000000
vt 0.000000 0.000000
vt 1.000000 0.000000
vt 1.000000 1.000000
vt 0.000000 1.000000
vt 0.000000 0.000000
vt 1.000000 0.000000
vt 1.000000 1.000000
vt 0.000000 1.000000
vt 0.000000 0.000000
vt 1.000000 0.000000
vt 1.000000 1.000000
vt 0.000000 1.000000
vt 0.000000 0.000000
vt 1.000000 0.000000
vt 1.000000 1.000000
vt 0.000000 1.000000
vt 0.000000 0.000000
vt 1.000000 0.000000
vt 1.000000 1.000000
vt 0.000000 1.000000
vt 0.000000 0.000000
vt 1.000000 0.000000
vt 1.000000 1.000000
vt 0.000000 1.000000
vt 0.000000 0.000000
vt 1.000000 0.000000
vt 1.000000 1.000000
vt 0.000000 1.000000
vt 0.000000 0.000000
vt 1.000000 0.000000
vt 1.000000 1.000000
vt 0.000000 1.000000
vt 0.000000 0.000000
vt 1.000000 0.000000
vt 1.000000 1.000000
vt 0.000000 1.000000
vt 0.000000 0.000000
vt 1.000000 0.000000
vt 1.000000 1.000000
vt 0.000000 1.000000
vt 0.000000 0.000000
vt 1.000000 0.000000
vt 1.000000 1.000000
vt 0.000000 1.000000
vt 0.000000 0.000000
vt 1.000000 0.000000
vt 1.000000 1.000000
vt 0.000000 1.000000
vt 0.000000 0.000000
vt 1.000000 0.000000
vt 1.000000 1.000000
vt 0.000000 1.000000
vt 0.000000 0.000000
vt 1.000000 0.000000
vt 1.000000 1.000000
vt 0.000000 1.000000
vt 0.000000 0.000000
vt 1.000000 0.000000
vt 1.000000 1.000000
vt 0.000000 1.000000
vt 0.000000 0.000000
vt 1.000000 0.000000
vt 1.000000 1.000000
vt 0.000000 1.000000
vt 0.000000 0.000000
vt 1.000000 0.000000
vt 1.000000 1.000000
vt 0.000000 1.000000
vt 0.000000 0.000000
vt 1.000000 0.000000
vt 1.000000 1.000000
vt 0.000000 1.000000
vt 0.000000 0.000000
vt 1.000000 0.000000
vt 1.000000 1.000000
vt 0.000000 1.000000
vt 0.000000 0.000000
vt 1.000000 0.000000
vt 1.000000 1.000000
vt 0.000000 1.000000
vt 0.000000 0.000000
vt 1.000000 0.000000
vt 1.000000 1.000000
vt 0.000000 1.000000
vt 0.000000 0.000000
vt 1.000000 0.000000
vt 1.000000 1.000000
vt 0.000000 1.000000
vt 0.000000 0.000000
vt 1.000000 0.000000
vt 1.000000 1.000000
vt 0.000000 1.000000
vt 0.000000 0.000000
vt 1.000000 0.000000
vt 1.000000 1.000000
vt 0.000000 1.000000
vt 0.000000 0.000000
vt 1.000000 0.000000
vt 1.000000 1.000000
vt 0.000000 1.000000
vt 0.000000 0.000000
vt 1.000000 0.000000
vt 1.000000 1.000000
vt 0.000000 1.000000
vt 0.000000 0.000000
vt 1.000000 0.000000
vt 1.000000 1.000000
vt 0.000000 1.000000
vt 0.000000 0.000000
vt 1.000000 0.000000
vt 1.000000 1.000000
vt 0.000000 1.000000
vt 0.000000 0.000000
vt 1.000000 0.000000
vt 1.000000 1.000000
vt 0.000000 1.000000
vt 0.000000 0.000000
vt 1.000000 0.000000
vt 1.000000 1.000000
vt 0.000000 1.000000
vt 0.000000 0.000000
vt 1.000000 0.000000
vt 1.000000 1.000000
vt 0.000000 1.000000
vt 0.000000 0.000000
vt 1.000000 0.000000
vt 1.000000 1.000000
vt 0.000000 1.000000
vt 0.000000 0.000000
vt 1.000000 0.000000
vt 1.000000 1.000000
vt 0.000000 1.000000
vt 0.000000 0.000000
vt 1.000000 0.000000
vt 1.000000 1.000000
vt 0.000000 1.000000
vt 0.000000 0.000000
vt 1.000000 0.000000
vt 1.000000 1.000000
vt 0.000000 1.000000
vt 0.000000 0.000000
vt 1.000000 0.000000
vt 1.000000 1.000000
vt 0.000000 1.000000
vt 0.000000 0.000000
vt 1.000000 0.000000
vt 1.000000 1.000000
vt 0.000000 1.000000
vt 0.000000 0.000000
vt 1.000000 0.000000
vt 1.000000 1.000000
vt 0.000000 1.000000
vt 0.000000 0.000000
vt 1.000000 0.000000
vt 1.000000 1.000000
vt 0.000000 1.000000
vt 0.000000 0.000000
vt 1.000000 0.000000
vt 1.000000 1.000000
vt 0.000000 1.000000
vt 0.000000 0.000000
vt 1.000000 0.000000
vt 1.000000 1.000000
vt 0.000000 1.000000
vt 0.000000 0.000000
vt 1.000000 0.000000
vt 1.000000 1.000000
vt 0.000000 1.000000
vt 0.000000 0.000000
vt 1.000000 0.000000
vt 1.000000 1.000000
vt 0.000000 1.000000
vt 0.000000 0.000000
vt 1.000000 0.000000
vt 1.000000 1.000000
vt 0.000000 1.000000
vt 0.000000 0.000000
vt 1.000000 0.000000
vt 1.000000 1.000000
vt 0.000000 1.000000
vt 0.000000 0.000000
vt 1.000000 0.000000
vt 1.000000 1.000000
vt 0.000000 1.000000
vt 0.000000 0.000000
vt 1.000000 0.000000
vt 1.000000 1.000000
vt 0.000000 1.000000
vt 0.000000 0.000000
vt 1.000000 0.000000
vt 1.000000 1.000000
vt 0.000000 1.000000
vt 0.000000 0.000000
vt 1.000000 0.000000
vt 1.000000 1.000000
vt 0.000000 1.000000
vt 0.000000 0.000000
vt 1.000000 0.000000
vt 1.000000 1.000000
vt 0.000000 1.000000
vt 0.000000 0.000000
vt 1.000000 0.000000
vt 1.000000 1.000000
vt 0.000000 1.000000
vt 0.000000 0.000000
vt 1.000000 0.000000
vt 1.000000 1.000000
vt 0.000000 1.000000
vt 0.000000 0.000000
vt 1.000000 0.000000
vt 1.000000 1.000000
vt 0.000000 1.000000
vt 0.000000 0.000000
vt 1.000000 0.000000
vt 1.000000 1.000000
vt 0.000000 1.000000
vt 0.000000 0.000000
vt 1.000000 0.000000
vt 1.000000 1.000000
vt 0.000000 1.000000
vt 0.000000 0.000000
vt 1.000000 0.000000
vt 1.000000 1.000000
vt 0.000000 1.000000
vt 0.000000 0.000000
vt 1.000000 0.000000
vt 1.000000 1.000000
vt 0.000000 1.000000
vt 0.000000 0.000000
vt 1.000000 0.000000
vt 1.000000 1.000000
vt 0.000000 1.000000
vt 0.000000 0.000000
vt 1.000000 0.000000
vt 1.000000 1.000000
vt 0.000000 1.000000
vt 0.000000 0.000000
vt 1.000000 0.000000
vt 1.000000 1.000000
vt 0.000000 1.000000
vt 0.000000 0.000000
vt 1.000000 0.000000
vt 1.000000 1.000000
vt 0.000000 1.000000
vt 0.000000 0.000000
vt 1.000000 0.000000
vt 1.000000 1.000000
vt 0.000000 1.000000
vt 0.000000 0.000000
vt 1.000000 0.000000
vt 1.000000 1.000000
vt 0.000000 1.000000
vt 0.000000 0.000000
vt 1.000000 0.000000
vt 1.000000 1.000000
vt 0.000000 1.000000
vt 0.000000 0.000000
vt 1.000000 0.000000
vt 1.000000 1.000000
vt 0.000000 1.000000
vt 0.000000 0.000000
vt 1.000000 0.000000
vt 1.000000 1.000000
vt 0.000000 1.000000
vt 0.000000 0.000000
vt 1.000000 0.000000
vt 1.000000 1.000000
vt 0.000000 1.000000
vt 0.000000 0.000000
vt 1.000000 0.000000
vt 1.000000 1.000000
vt 0.000000 1.000000
vt 0.000000 0.000000
vt 1.000000 0.000000
vt 1.000000 1.000000
vt 0.000000 1.000000
vt 0.000000 0.000000
vt 1.000000 0.000000
vt 1.000000 1.000000
vt 0.000000 1.000000
vt 0.000000 0.000000
vt 1.000000 0.000000
vt 1.000000 1.000000
vt 0.000000 1.000000
vt 0.000000 0.000000
vt 1.000000 0.000000
vt 1.000000 1.000000
vt 0.000000 1.000000
vt 0.000000 0.000000
vt 1.000000 0.000000
vt 1.000000 1.000000
vt 0.000000 1.000000
vt 0.000000 0.000000
vt 1.000000 0.000000
vt 1.000000 1.000000
vt 0.000000 1.000000
vt 0.000000 0.000000
vt 1.000000 0.000000
vt 1.000000 1.000000
vt 0.000000 1.000000
vt 0.000000 0.000000
vt 1.000000 0.000000
vt 1.000000 1.000000
vt 0.000000 1.000000
vt 0.000000 0.000000
vt 1.000000 0.000000
vt 1.000000 1.000000
vt 0.000000 1.000000
vt 0.000000 0.000000
vt 1.000000 0.000000
vt 1.000000 1.000000
vt 0.000000 1.000000
vt 0.000000 0.000000
vt 1.000000 0.000000
vt 1.000000 1.000000
vt 0.000000 1.000000
vt 0.000000 0.000000
vt 1.000000 0.000000
vt 1.000000 1.000000
vt 0.000000 1.000000
vt 0.000000 0.000000
vt 1.000000 0.000000
vt 1.000000 1.000000
vt 0.000000 1.000000
vt 0.000000 0.000000
vt 1.000000 0.000000
vt 1.000000 1.000000
vt 0.000000 1.000000
vt 0.000000 0.000000
vt 1.000000 0.000000
vt 1.000000 1.000000
vt 0.000000 1.000000
vt 0.000000 0.000000
vt 1.000000 0.000000
vt 1.000000 1.000000
vt 0.000000 1.000000
vt 0.000000 0.000000
vt 1.000000 0.000000
vt 1.000000 1.000000
vt 0.000000 1.000000
vt 0.000000 0.000000
vt 1.000000 0.000000
vt 1.000000 1.000000
vt 0.000000 1.000000
vt 0.000000 0.000000
vt 1.000000 0.000000
vt 1.000000 1.000000
vt 0.000000 1.000000
vt 0.000000 0.000000
vt 1.000000 0.000000
vt 1.000000 1.000000
vt 0.000000 1.000000
vt 0.000000 0.000000
vt 1.000000 0.000000
vt 1.000000 1.000000
vt 0.000000 1.000000
vt 0.000000 0.000000
vt 1.000000 0.000000
vt 1.000000 1.000000
vt 0.000000 1.000000
vt 0.000000 0.000000
vt 1.000000 0.000000
vt 1.000000 1.000000
vt 0.000000 1.000000
vt 0.000000 0.000000
vt 1.000000 0.000000
vt 1.000000 1.000000
vt 0.000000 1.000000
vt 0.000000 0.000000
vt 1.000000 0.000000
vt 1.000000 1.000000
vt 0.000000 1.000000
vt 0.000000 0.000000
vt 1.000000 0.000000
vt 1.000000 1.000000
vt 0.000000 1.000000
usemtl Wood
f 1/1 2/2 3/3
f 1/1 3/3 4/4
f 5/5 6/6 7/7
f 5/5 7/7 8/8
f 9/9 10/10 11/11
f 9/9 11/11 12/12
f 13/13 14/14 15/15
f 13/13 15/15 16/16
f 17/17 18/18 19/19
f 17/17 19/19 20/20
f 21/21 22/22 23/23
f 21/21 23/23 24/24
f 25/25 26/26 27/27
f 25/25 27/27 28/28
f 29/29 30/30 31/31
f 29/29 31/31 32/32
f 33/33 34/34 35/35
f 36/36 37/37 38/38
f 39/39 40/40 41/41
f 42/42 43/43 44/44
f 45/45 46/46 47/47
f 48/48 49/49 50/50
f 51/51 52/52 53/53
f 54/54 55/55 56/56
f 57/57 58/58 59/59
f 60/60 61/61 62/62
f 63/63 64/64 65/65
f 66/66 67/67 68/68
f 69/69 70/70 71/71
f 72/72 73/73 74/74
f 75/75 76/76 77/77
f 78/78 79/79 80/80
usemtl Cloth
f 81/81 82/82 83/83
f 81/81 83/83 84/84
f 85/85 86/86 87/87
f 85/85 87/87 88/88
f 89/89 90/90 91/91
f 89/89 91/91 92/92
f 93/93 94/94 95/95
f 93/93 95/95 96/96
f 97/97 98/98 99/99
f 97/97 99/99 100/100
f 101/101 102/102 103/103
f 101/101 103/103 104/104
f 105/105 106/106 107/107
f 105/105 107/107 108/108
f 109/109 110/110 111/111
f 109/109 111/111 112/112
f 113/113 114/114 115/115
f 113/113 115/115 116/116
f 117/117 118/118 119/119
f 117/117 119/119 120/120
f 121/121 122/122 123/123
f 121/121 123/123 124/124
f 125/125 126/126 127/127
f 125/125 127/127 128/128
f 129/129 130/130 131/131
f 129/129 131/131 132/132
f 133/133 134/134 135/135
f 133/133 135/135 136/136
f 137/137 138/138 139/139
f 137/137 139/139 140/140
f 141/141 142/142 143/143
f 141/141 143/143 144/144
f 145/145 146/146 147/147
f 145/145 147/147 148/148
f 149/149 150/150 151/151
f 149/149 151/151 152/152
f 153/153 154/154 155/155
f 153/153 155/155 156/156
f 157/157 158/158 159/159
f 157/157 159/159 160/160
f 161/161 162/162 163/163
f 161/161 163/163 164/164
f 165/165 166/166 167/167
f 165/165 167/167 168/168
f 169/169 170/170 171/171
f 169/169 171/171 172/172
f 173/173 174/174 175/175
f 173/173 175/175 176/176
f 177/177 178/178 179/179
f 177/177 179/179 180/180
f 181/181 182/182 183/183
f 181/181 183/183 184/184
f 185/185 186/186 187/187
f 185/185 187/187 188/188
f 189/189 190/190 191/191
f 189/189 191/191 192/192
f 193/193 194/194 195/195
f 193/193 195/195 196/196
f 197/197 198/198 199/199
f 197/197 199/199 200/200
f 201/201 202/202 203/203
f 201/201 203/203 204/204
f 205/205 206/206 207/207
f 205/205 207/207 208/208
f 209/209 210/210 211/211
f 209/209 211/211 212/212
f 213/213 214/214 215/215
f 213/213 215/215 216/216
f 217/217 218/218 219/219
f 217/217 219/219 220/220
f 221/221 222/222 223/223
f 221/221 223/223 224/224
f 225/225 226/226 227/227
f 225/225 227/227 228/228
f 229/229 230/230 231/231
f 229/229 231/231 232/232
f 233/233 234/234 235/235
f 233/233 235/235 236/236
f 237/237 238/238 239/239
f 237/237 239/239 240/240
f 241/241 242/242 243/243
f 241/241 243/243 244/244
f 245/245 246/246 247/247
f 245/245 247/247 248/248
f 249/249 250/250 251/251
f 249/249 251/251 252/252
f 253/253 254/254 255/255
f 253/253 255/255 256/256
f 257/257 258/258 259/259
f 257/257 259/259 260/260
f 261/261 262/262 263/263
f 261/261 263/263 264/264
f 265/265 266/266 267/267
f 265/265 267/267 268/268
f 269/269 270/270 271/271
f 269/269 271/271 272/272
f 273/273 274/274 275/275
f 273/273 275/275 276/276
f 277/277 278/278 279/279
f 277/277 279/279 280/280
f 281/281 282/282 283/283
f 281/281 283/283 284/284
f 285/285 286/286 287/287
f 285/285 287/287 288/288
f 289/289 290/290 291/291
f 289/289 291/291 292/292
f 293/293 294/294 295/295
f 293/293 295/295 296/296
f 297/297 298/298 299/299
f 297/297 299/299 300/300
f 301/301 302/302 303/303
f 301/301 303/303 304/304
f 305/305 306/306 307/307
f 305/305 307/307 308/308
f 309/309 310/310 311/311
f 309/309 311/311 312/312
f 313/313 314/314 315/315
f 313/313 315/315 316/316
f 317/317 318/318 319/319
f 317/317 319/319 320/320
f 321/321 322/322 323/323
f 321/321 323/323 324/324
f 325/325 326/326 327/327
f 325/325 327/327 328/328
f 329/329 330/330 331/331
f 329/329 331/331 332/332
f 333/333 334/334 335/335
f 333/333 335/335 336/336
f 337/337 338/338 339/339
f 337/337 339/339 340/340
f 341/341 342/342 343/343
f 341/341 343/343 344/344
f 345/345 346/346 347/347
f 345/345 347/347 348/348
f 349/349 350/350 351/351
f 349/349 351/351 352/352
f 353/353 354/354 355/355
f 353/353 355/355 356/356
f 357/357 358/358 359/359
f 357/357 359/359 360/360
f 361/361 362/362 363/363
f 361/361 363/363 364/364
f 365/365 366/366 367/367
f 365/365 367/367 368/368
f 369/369 370/370 371/371
f 369/369 371/371 372/372
f 373/373 374/374 375/375
f 373/373 375/375 376/376
f 377/377 378/378 379/379
f 377/377 379/379 380/380
f 381/381 382/382 383/383
f 381/381 383/383 384/384
f 385/385 386/386 387/387
f 385/385 387/387 388/388
f 389/389 390/390 391/391
f 389/389 391/391 392/392
f 393/393 394/394 395/395
f 393/393 395/395 396/396
f 397/397 398/398 399/399
f 397/397 399/399 400/400
f 401/401 402/402 403/403
f 401/401 403/403 404/404
f 405/405 406/406 407/407
f 405/405 407/407 408/408
f 409/409 410/410 411/411
f 409/409 411/411 412/412
f 413/413 414/414 415/415
f 413/413 415/415 416/416
f 417/417 418/418 419/419
f 417/417 419/419 420/420
f 421/421 422/422 423/423
f 421/421 423/423 424/424
f 425/425 426/426 427/427
f 425/425 427/427 428/428
f 429/429 430/430 431/431
f 429/429 431/431 432/432
f 433/433 434/434 435/435
f 433/433 435/435 436/436
f 437/437 438/438 439/439
f 437/437 439/439 440/440
f 441/441 442/442 443/443
f 441/441 443/443 444/444
f 445/445 446/446 447/447
f 445/445 447/447 448/448
f 449/449 450/450 451/451
f 449/449 451/451 452/452
f 453/453 454/454 455/455
f 453/453 455/455 456/456
f 457/457 458/458 459/459
f 457/457 459/459 460/460
f 461/461 462/462 463/463
f 461/461 463/463 464/464
f 465/465 466/466 467/467
f 465/465 467/467 468/468
f 469/469 470/470 471/471
f 469/469 471/471 472/472
f 473/473 474/474 475/475
f 473/473 475/475 476/476
f 477/477 478/478 479/479
f 477/477 479/479 480/480
f 481/481 482/482 483/483
f 481/481 483/483 484/484
f 485/485 486/486 487/487
f 485/485 487/487 488/488
f 489/489 490/490 491/491
f 489/489 491/491 492/492
f 493/493 494/494 495/495
f 493/493 495/495 496/496
f 497/497 498/498 499/499
f 497/497 499/499 500/500
f 501/501 502/502 503/503
f 501/501 503/503 504/504
f 505/505 506/506 507/507
f 505/505 507/507 508/508
f 509/509 510/510 511/511
f 509/509 511/511 512/512
f 513/513 514/514 515/515
f 513/513 515/515 516/516
f 517/517 518/518 519/519
f 517/517 519/519 520/520
f 521/521 522/522 523/523
f 521/521 523/523 524/524
f 525/525 526/526 527/527
f 525/525 527/527 528/528
f 529/529 530/530 531/531
f 529/529 531/531 532/532
f 533/533 534/534 535/535
f 533/533 535/535 536/536
f 537/537 538/538 539/539
f 537/537 539/539 540/540
f 541/541 542/542 543/543
f 541/541 543/543 544/544
f 545/545 546/546 547/547
f 545/545 547/547 548/548
f 549/549 550/550 551/551
f 549/549 551/551 552/552
f 553/553 554/554 555/555
f 553/553 555/555 556/556
f 557/557 558/558 559/559
f 557/557 559/559 560/560
f 561/561 562/562 563/563
f 561/561 563/563 564/564
f 565/565 566/566 567/567
f 565/565 567/567 568/568
f 569/569 570/570 571/571
f 569/569 571/571 572/572
f 573/573 574/574 575/575
f 573/573 575/575 576/576
f 577/577 578/578 579/579
f 577/577 579/579 580/580
f 581/581 582/582 583/583
f 581/581 583/583 584/584
f 585/585 586/586 587/587
f 585/585 587/587 588/588
f 589/589 590/590 591/591
f 589/589 591/591 592/592
f 593/593 594/594 595/595
f 593/593 595/595 596/596
f 597/597 598/598 599/599
f 597/597 599/599 600/600
f 601/601 602/602 603/603
f 601/601 603/603 604/604
f 605/605 606/606 607/607
f 605/605 607/607 608/608
f 609/609 610/610 611/611
f 609/609 611/611 612/612
f 613/613 614/614 615/615
f 613/613 615/615 616/616
f 617/617 618/618 619/619
f 617/617 619/619 620/620
f 621/621 622/622 623/623
f 621/621 623/623 624/624
f 625/625 626/626 627/627
f 625/625 627/627 628/628
f 629/629 630/630 631/631
f 629/629 631/631 632/632
f 633/633 634/634 635/635
f 633/633 635/635 636/636
f 637/637 638/638 639/639
f 637/637 639/639 640/640
f 641/641 642/642 643/643
f 641/641 643/643 644/644
f 645/645 646/646 647/647
f 645/645 647/647 648/648
f 649/649 650/650 651/651
f 649/649 651/651 652/652
f 653/653 654/654 655/655
f 653/653 655/655 656/656
f 657/657 658/658 659/659
f 657/657 659/659 660/660
f 661/661 662/662 663/663
f 661/661 663/663 664/664
f 665/665 666/666 667/667
f 665/665 667/667 668/668
f 669/669 670/670 671/671
f 669/669 671/671 672/672
f 673/673 674/674 675/675
f 673/673 675/675 676/676
f 677/677 678/678 679/679
f 677/677 679/679 680/680
f 681/681 682/682 683/683
f 681/681 683/683 684/684
f 685/685 686/686 687/687
f 685/685 687/687 688/688
f 689/689 690/690 691/691
f 689/689 691/691 692/692
f 693/693 694/694 695/695
f 693/693 695/695 696/696
f 697/697 698/698 699/699
f 697/697 699/699 700/700
f 701/701 702/702 703/703
f 701/701 703/703 704/704
f 705/705 706/706 707/707
f 705/705 707/707 708/708
f 709/709 710/710 711/711
f 709/709 711/711 712/712
f 713/713 714/714 715/715
f 713/713 715/715 716/716
f 717/717 718/718 719/719
f 717/717 719/719 720/720
f 721/721 722/722 723/723
f 721/721 723/723 724/724
f 725/725 726/726 727/727
f 725/725 727/727 728/728
f 729/729 730/730 731/731
f 729/729 731/731 732/732
f 733/733 734/734 735/735
f 733/733 735/735 736/736
f 737/737 738/738 739/739
f 737/737 739/739 740/740
f 741/741 742/742 743/743
f 741/741 743/743 744/744
f 745/745 746/746 747/747
f 745/745 747/747 748/748
f 749/749 750/750 751/751
f 749/749 751/751 752/752
f 753/753 754/754 755/755
f 753/753 755/755 756/756
f 757/757 758/758 759/759
f 757/757 759/759 760/760
f 761/761 762/762 763/763
f 761/761 763/763 764/764
f 765/765 766/766 767/767
f 765/765 767/767 768/768
f 769/769 770/770 771/771
f 769/769 771/771 772/772
f 773/773 774/774 775/775
f 773/773 775/775 776/776
f 777/777 778/778 779/779
f 777/777 779/779 780/780
f 781/781 782/782 783/783
f 781/781 783/783 784/784
f 785/785 786/786 787/787
f 785/785 787/787 788/788
f 789/789 790/790 791/791
f 789/789 791/791 792/792
f 793/793 794/794 795/795
f 793/793 795/795 796/796
f 797/797 798/798 799/799
f 797/797 799/799 800/800
f 801/801 802/802 803/803
f 801/801 803/803 804/804
f 805/805 806/806 807/807
f 805/805 807/807 808/808
f 809/809 810/810 811/811
f 809/809 811/811 812/812
f 813/813 814/814 815/815
f 813/813 815/815 816/816
f 817/817 818/818 819/819
f 817/817 819/819 820/820
f 821/821 822/822 823/823
f 821/821 823/823 824/824
f 825/825 826/826 827/827
f 825/825 827/827 828/828
f 829/829 830/830 831/831
f 829/829 831/831 832/832
f 833/833 834/834 835/835
f 833/833 835/835 836/836
f 837/837 838/838 839/839
f 837/837 839/839 840/840
f 841/841 842/842 843/843
f 841/841 843/843 844/844
f 845/845 846/846 847/847
f 845/845 847/847 848/848
usemtl Fire
f 849/849 850/850 851/851
f 849/849 851/851 852/852
f 853/853 854/854 855/855
f 853/853 855/855 856/856
f 857/857 858/858 859/859
f 857/857 859/859 860/860
f 861/861 862/862 863/863
f 861/861 863/863 864/864
usemtl Rope
f 865/865 866/866 867/867
f 865/865 867/867 868/868
f 869/869 870/870 871/871
f 869/869 871/871 872/872
f 873/873 874/874 875/875
f 873/873 875/875 876/876
f 877/877 878/878 879/879
f 877/877 879/879 880/880
f 881/881 882/882 883/883
f 881/881 883/883 884/884
f 885/885 886/886 887/887
f 885/885 887/887 888/888
f 889/889 890/890 891/891
f 889/889 891/891 892/892
f 893/893 894/894 895/895
f 893/893 895/895 896/896
f 897/897 898/898 899/899
f 897/897 899/899 900/900
f 901/901 902/902 903/903
f 901/901 903/903 904/904
f 905/905 906/906 907/907
f 905/905 907/907 908/908
f 909/909 910/910 911/911
f 909/909 911/911 912/912
f 913/913 914/914 915/915
f 913/913 915/915 916/916
f 917/917 918/918 919/919
f 917/917 919/919 920/920
f 921/921 922/922 923/923
f 921/921 923/923 924/924
f 925/925 926/926 927/927
f 925/925 927/927 928/928
f 929/929 930/930 931/931
f 929/929 931/931 932/932
f 933/933 934/934 935/935
f 933/933 935/935 936/936
f 937/937 938/938 939/939
f 937/937 939/939 940/940
f 941/941 942/942 943/943
f 941/941 943/943 944/944
f 945/945 946/946 947/947
f 945/945 947/947 948/948
f 949/949 950/950 951/951
f 949/949 951/951 952/952
f 953/953 954/954 955/955
f 953/953 955/955 956/956
f 957/957 958/958 959/959
f 957/957 959/959 960/960
f 961/961 962/962 963/963
f 961/961 963/963 964/964
f 965/965 966/966 967/967
f 965/965 967/967 968/968
f 969/969 970/970 971/971
f 969/969 971/971 972/972
f 973/973 974/974 975/975
f 973/973 975/975 976/976
f 977/977 978/978 979/979
f 977/977 979/979 980/980
f 981/981 982/982 983/983
f 981/981 983/983 984/984
f 985/985 986/986 987/987
f 985/985 987/987 988/988
f 989/989 990/990 991/991
f 989/989 991/991 992/992
f 993/993 994/994 995/995
f 993/993 995/995 996/996
f 997/997 998/998 999/999
f 997/997 999/999 1000/1000
f 1001/1001 1002/1002 1003/1003
f 1001/1001 1003/1003 1004/1004
f 1005/1005 1006/1006 1007/1007
f 1005/1005 1007/1007 1008/1008
f 1009/1009 1010/1010 1011/1011
f 1009/1009 1011/1011 1012/1012
f 1013/1013 1014/1014 1015/1015
f 1013/1013 1015/1015 1016/1016
f 1017/1017 1018/1018 1019/1019
f 1017/1017 1019/1019 1020/1020
f 1021/1021 1022/1022 1023/1023
f 1021/1021 1023/1023 1024/1024
f 1025/1025 1026/1026 1027/1027
f 1025/1025 1027/1027 1028/1028
f 1029/1029 1030/1030 1031/1031
f 1029/1029 1031/1031 1032/1032
f 1033/1033 1034/1034 1035/1035
f 1033/1033 1035/1035 1036/1036
f 1037/1037 1038/1038 1039/1039
f 1037/1037 1039/1039 1040/1040
f 1041/1041 1042/1042 1043/1043
f 1041/1041 1043/1043 1044/1044
f 1045/1045 1046/1046 1047/1047
f 1045/1045 1047/1047 1048/1048
f 1049/1049 1050/1050 1051/1051
f 1049/1049 1051/1051 1052/1052
f 1053/1053 1054/1054 1055/1055
f 1053/1053 1055/1055 1056/1056
f 1057/1057 1058/1058 1059/1059
f 1057/1057 1059/1059 1060/1060
f 1061/1061 1062/1062 1063/1063
f 1061/1061 1063/1063 1064/1064
f 1065/1065 1066/1066 1067/1067
f 1065/1065 1067/1067 1068/1068
f 1069/1069 1070/1070 1071/1071
f 1069/1069 1071/1071 1072/1072
f 1073/1073 1074/1074 1075/1075
f 1073/1073 1075/1075 1076/1076
f 1077/1077 1078/1078 1079/1079
f 1077/1077 1079/1079 1080/1080
f 1081/1081 1082/1082 1083/1083
f 1081/1081 1083/1083 1084/1084
f 1085/1085 1086/1086 1087/1087
f 1085/1085 1087/1087 1088/1088
f 1089/1089 1090/1090 1091/1091
f 1089/1089 1091/1091 1092/1092
f 1093/1093 1094/1094 1095/1095
f 1093/1093 1095/1095 1096/1096
f 1097/1097 1098/1098 1099/1099
f 1097/1097 1099/1099 1100/1100
f 1101/1101 1102/1102 1103/1103
f 1101/1101 1103/1103 1104/1104
f 1105/1105 1106/1106 1107/1107
f 1105/1105 1107/1107 1108/1108
f 1109/1109 1110/1110 1111/1111
f 1109/1109 1111/1111 1112/1112
f 1113/1113 1114/1114 1115/1115
f 1113/1113 1115/1115 1116/1116
f 1117/1117 1118/1118 1119/1119
f 1117/1117 1119/1119 1120/1120
f 1121/1121 1122/1122 1123/1123
f 1121/1121 1123/1123 1124/1124
f 1125/1125 1126/1126 1127/1127
f 1125/1125 1127/1127 1128/1128
f 1129/1129 1130/1130 1131/1131
f 1129/1129 1131/1131 1132/1132
f 1133/1133 1134/1134 1135/1135
f 1133/1133 1135/1135 1136/1136
f 1137/1137 1138/1138 1139/1139
f 1137/1137 1139/1139 1140/1140
f 1141/1141 1142/1142 1143/1143
f 1141/1141 1143/1143 1144/1144
f 1145/1145 1146/1146 1147/1147
f 1145/1145 1147/1147 1148/1148
f 1149/1149 1150/1150 1151/1151
f 1149/1149 1151/1151 1152/1152
f 1153/1153 1154/1154 1155/1155
f 1153/1153 1155/1155 1156/1156
f 1157/1157 1158/1158 1159/1159
f 1157/1157 1159/1159 1160/1160
f 1161/1161 1162/1162 1163/1163
f 1161/1161 1163/1163 1164/1164
f 1165/1165 1166/1166 1167/1167
f 1165/1165 1167/1167 1168/1168
f 1169/1169 1170/1170 1171/1171
f 1169/1169 1171/1171 1172/1172
f 1173/1173 1174/1174 1175/1175
f 1173/1173 1175/1175 1176/1176
f 1177/1177 1178/1178 1179/1179
f 1177/1177 1179/1179 1180/1180
f 1181/1181 1182/1182 1183/1183
f 1181/1181 1183/1183 1184/1184
f 1185/1185 1186/1186 1187/1187
f 1185/1185 1187/1187 1188/1188
f 1189/1189 1190/1190 1191/1191
f 1189/1189 1191/1191 1192/1192
f 1193/1193 1194/1194 1195/1195
f 1193/1193 1195/1195 1196/1196
f 1197/1197 1198/1198 1199/1199
f 1197/1197 1199/1199 1200/1200
f 1201/1201 1202/1202 1203/1203
f 1201/1201 1203/1203 1204/1204
f 1205/1205 1206/1206 1207/1207
f 1205/1205 1207/1207 1208/1208
f 1209/1209 1210/1210 1211/1211
f 1209/1209 1211/1211 1212/1212
f 1213/1213 1214/1214 1215/1215
f 1213/1213 1215/1215 1216/1216
f 1217/1217 1218/1218 1219/1219
f 1217/1217 1219/1219 1220/1220
f 1221/1221 1222/1222 1223/1223
f 1221/1221 1223/1223 1224/1224
f 1225/1225 1226/1226 1227/1227
f 1225/1225 1227/1227 1228/1228
f 1229/1229 1230/1230 1231/1231
f 1229/1229 1231/1231 1232/1232
f 1233/1233 1234/1234 1235/1235
f 1233/1233 1235/1235 1236/1236
f 1237/1237 1238/1238 1239/1239
f 1237/1237 1239/1239 1240/1240
f 1241/1241 1242/1242 1243/1243
f 1241/1241 1243/1243 1244/1244
f 1245/1245 1246/1246 1247/1247
f 1245/1245 1247/1247 1248/1248
f 1249/1249 1250/1250 1251/1251
f 1249/1249 1251/1251 1252/1252
f 1253/1253 1254/1254 1255/1255
f 1253/1253 1255/1255 1256/1256
f 1257/1257 1258/1258 1259/1259
f 1257/1257 1259/1259 1260/1260
f 1261/1261 1262/1262 1263/1263
f 1261/1261 1263/1263 1264/1264
f 1265/1265 1266/1266 1267/1267
f 1265/1265 1267/1267 1268/1268
f 1269/1269 1270/1270 1271/1271
f 1269/1269 1271/1271 1272/1272
f 1273/1273 1274/1274 1275/1275
f 1273/1273 1275/1275 1276/1276
f 1277/1277 1278/1278 1279/1279
f 1277/1277 1279/1279 1280/1280
f 1281/1281 1282/1282 1283/1283
f 1281/1281 1283/1283 1284/1284
f 1285/1285 1286/1286 1287/1287
f 1285/1285 1287/1287 1288/1288
f 1289/1289 1290/1290 1291/1291
f 1289/1289 1291/1291 1292/1292
f 1293/1293 1294/1294 1295/1295
f 1293/1293 1295/1295 1296/1296
f 1297/1297 1298/1298 1299/1299
f 1297/1297 1299/1299 1300/1300
f 1301/1301 1302/1302 1303/1303
f 1301/1301 1303/1303 1304/1304
f 1305/1305 1306/1306 1307/1307
f 1305/1305 1307/1307 1308/1308
f 1309/1309 1310/1310 1311/1311
f 1309/1309 1311/1311 1312/1312
f 1313/1313 1314/1314 1315/1315
f 1313/1313 1315/1315 1316/1316
f 1317/1317 1318/1318 1319/1319
f 1317/1317 1319/1319 1320/1320
f 1321/1321 1322/1322 1323/1323
f 1321/1321 1323/1323 1324/1324
f 1325/1325 1326/1326 1327/1327
f 1325/1325 1327/1327 1328/1328
f 1329/1329 1330/1330 1331/1331
f 1329/1329 1331/1331 1332/1332
f 1333/1333 1334/1334 1335/1335
f 1333/1333 1335/1335 1336/1336
f 1337/1337 1338/1338 1339/1339
f 1337/1337 1339/1339 1340/1340
f 1341/1341 1342/1342 1343/1343
f 1341/1341 1343/1343 1344/1344
f 1345/1345 1346/1346 1347/1347
f 1345/1345 1347/1347 1348/1348
f 1349/1349 1350/1350 1351/1351
f 1349/1349 1351/1351 1352/1352
f 1353/1353 1354/1354 1355/1355
f 1353/1353 1355/1355 1356/1356
f 1357/1357 1358/1358 1359/1359
f 1357/1357 1359/1359 1360/1360
f 1361/1361 1362/1362 1363/1363
f 1361/1361 1363/1363 1364/1364
f 1365/1365 1366/1366 1367/1367
f 1365/1365 1367/1367 1368/1368
f 1369/1369 1370/1370 1371/1371
f 1369/1369 1371/1371 1372/1372
f 1373/1373 1374/1374 1375/1375
f 1373/1373 1375/1375 1376/1376
f 1377/1377 1378/1378 1379/1379
f 1377/1377 1379/1379 1380/1380
f 1381/1381 1382/1382 1383/1383
f 1381/1381 1383/1383 1384/1384
f 1385/1385 1386/1386 1387/1387
f 1385/1385 1387/1387 1388/1388
f 1389/1389 1390/1390 1391/1391
f 1389/1389 1391/1391 1392/1392
f 1393/1393 1394/1394 1395/1395
f 1393/1393 1395/1395 1396/1396
f 1397/1397 1398/1398 1399/1399
f 1397/1397 1399/1399 1400/1400
f 1401/1401 1402/1402 1403/1403
f 1401/1401 1403/1403 1404/1404
f 1405/1405 1406/1406 1407/1407
f 1405/1405 1407/1407 1408/1408
f 1409/1409 1410/1410 1411/1411
f 1409/1409 1411/1411 1412/1412
f 1413/1413 1414/1414 1415/1415
f 1413/1413 1415/1415 1416/1416
f 1417/1417 1418/1418 1419/1419
f 1417/1417 1419/1419 1420/1420
f 1421/1421 1422/1422 1423/1423
f 1421/1421 1423/1423 1424/1424
f 1425/1425 1426/1426 1427/1427
f 1425/1425 1427/1427 1428/1428
f 1429/1429 1430/1430 1431/1431
f 1429/1429 1431/1431 1432/1432
f 1433/1433 1434/1434 1435/1435
f 1433/1433 1435/1435 1436/1436
f 1437/1437 1438/1438 1439/1439
f 1437/1437 1439/1439 1440/1440
f 1441/1441 1442/1442 1443/1443
f 1441/1441 1443/1443 1444/1444
f 1445/1445 1446/1446 1447/1447
f 1445/1445 1447/1447 1448/1448
f 1449/1449 1450/1450 1451/1451
f 1449/1449 1451/1451 1452/1452
f 1453/1453 1454/1454 1455/1455
f 1453/1453 1455/1455 1456/1456
f 1457/1457 1458/1458 1459/1459
f 1457/1457 1459/1459 1460/1460
f 1461/1461 1462/1462 1463/1463
f 1461/1461 1463/1463 1464/1464
f 1465/1465 1466/1466 1467/1467
f 1465/1465 1467/1467 1468/1468
f 1469/1469 1470/1470 1471/1471
f 1469/1469 1471/1471 1472/1472
f 1473/1473 1474/1474 1475/1475
f 1473/1473 1475/1475 1476/1476
f 1477/1477 1478/1478 1479/1479
f 1477/1477 1479/1479 1480/1480
f 1481/1481 1482/1482 1483/1483
f 1481/1481 1483/1483 1484/1484
f 1485/1485 1486/1486 1487/1487
f 1485/1485 1487/1487 1488/1488
f 1489/1489 1490/1490 1491/1491
f 1489/1489 1491/1491 1492/1492
f 1493/1493 1494/1494 1495/1495
f 1493/1493 1495/1495 1496/1496
f 1497/1497 1498/1498 1499/1499
f 1497/1497 1499/1499 1500/1500
f 1501/1501 1502/1502 1503/1503
f 1501/1501 1503/1503 1504/1504
f 1505/1505 1506/1506 1507/1507
f 1505/1505 1507/1507 1508/1508
f 1509/1509 1510/1510 1511/1511
f 1509/1509 1511/1511 1512/1512
f 1513/1513 1514/1514 1515/1515
f 1513/1513 1515/1515 1516/1516
f 1517/1517 1518/1518 1519/1519
f 1517/1517 1519/1519 1520/1520
f 1521/1521 1522/1522 1523/1523
f 1521/1521 1523/1523 1524/1524
f 1525/1525 1526/1526 1527/1527
f 1525/1525 1527/1527 1528/1528
f 1529/1529 1530/1530 1531/1531
f 1529/1529 1531/1531 1532/1532
f 1533/1533 1534/1534 1535/1535
f 1533/1533 1535/1535 1536/1536
f 1537/1537 1538/1538 1539/1539
f 1537/1537 1539/1539 1540/1540
f 1541/1541 1542/1542 1543/1543
f 1541/1541 1543/1543 1544/1544
f 1545/1545 1546/1546 1547/1547
f 1545/1545 1547/1547 1548/1548
f 1549/1549 1550/1550 1551/1551
f 1549/1549 1551/1551 1552/1552
f 1553/1553 1554/1554 1555/1555
f 1553/1553 1555/1555 1556/1556
f 1557/1557 1558/1558 1559/1559
f 1557/1557 1559/1559 1560/1560
f 1561/1561 1562/1562 1563/1563
f 1561/1561 1563/1563 1564/1564
f 1565/1565 1566/1566 1567/1567
f 1565/1565 1567/1567 1568/1568
f 1569/1569 1570/1570 1571/1571
f 1569/1569 1571/1571 1572/1572
f 1573/1573 1574/1574 1575/1575
f 1573/1573 1575/1575 1576/1576
f 1577/1577 1578/1578 1579/1579
f 1577/1577 1579/1579 1580/1580
f 1581/1581 1582/1582 1583/1583
f 1581/1581 1583/1583 1584/1584
f 1585/1585 1586/1586 1587/1587
f 1585/1585 1587/1587 1588/1588
f 1589/1589 1590/1590 1591/1591
f 1589/1589 1591/1591 1592/1592
f 1593/1593 1594/1594 1595/1595
f 1593/1593 1595/1595 1596/1596
f 1597/1597 1598/1598 1599/1599
f 1597/1597 1599/1599 1600/1600
f 1601/1601 1602/1602 1603/1603
f 1601/1601 1603/1603 1604/1604
f 1605/1605 1606/1606 1607/1607
f 1605/1605 1607/1607 1608/1608
f 1609/1609 1610/1610 1611/1611
f 1609/1609 1611/1611 1612/1612
f 1613/1613 1614/1614 1615/1615
f 1613/1613 1615/1615 1616/1616
f 1617/1617 1618/1618 1619/1619
f 1617/1617 1619/1619 1620/1620
f 1621/1621 1622/1622 1623/1623
f 1621/1621 1623/1623 1624/1624
f 1625/1625 1626/1626 1627/1627
f 1625/1625 1627/1627 1628/1628
f 1629/1629 1630/1630 1631/1631
f 1629/1629 1631/1631 1632/1632
usemtl Char
f 1633/1633 1634/1634 1635/1635
f 1633/1633 1635/1635 1636/1636
f 1637/1637 1638/1638 1639/1639
f 1637/1637 1639/1639 1640/1640
f 1641/1641 1642/1642 1643/1643
f 1641/1641 1643/1643 1644/1644
f 1645/1645 1646/1646 1647/1647
f 1645/1645 1647/1647 1648/1648
f 1649/1649 1650/1650 1651/1651
f 1649/1649 1651/1651 1652/1652
f 1653/1653 1654/1654 1655/1655
f 1653/1653 1655/1655 1656/1656
usemtl Rope
f 1657/1657 1658/1658 1659/1659
f 1657/1657 1659/1659 1660/1660
f 1661/1661 1662/1662 1663/1663
f 1661/1661 1663/1663 1664/1664
f 1665/1665 1666/1666 1667/1667
f 1665/1665 1667/1667 1668/1668
f 1669/1669 1670/1670 1671/1671
f 1669/1669 1671/1671 1672/1672
f 1673/1673 1674/1674 1675/1675
f 1673/1673 1675/1675 1676/1676
f 1677/1677 1678/1678 1679/1679
f 1677/1677 1679/1679 1680/1680
