mtllib ../../Materials/project_oen.mtl
o en-013_cliff_edge_grass_set__dense
v 0.047000 0.010000 0.000000
v 0.042163 0.009284 0.006619
v 0.042163 0.379284 0.046619
v 0.047000 0.380000 0.040000
v 0.042163 0.009284 0.006619
v 0.034337 0.009558 0.004091
v 0.034337 0.379558 0.044091
v 0.042163 0.379284 0.046619
v 0.034337 0.009558 0.004091
v 0.034337 0.010442 -0.004091
v 0.034337 0.380442 0.035909
v 0.034337 0.379558 0.044091
v 0.034337 0.010442 -0.004091
v 0.042163 0.010716 -0.006619
v 0.042163 0.380716 0.033381
v 0.034337 0.380442 0.035909
v 0.042163 0.010716 -0.006619
v 0.047000 0.010000 0.000000
v 0.047000 0.380000 0.040000
v 0.042163 0.380716 0.033381
v 0.040000 0.010000 0.000000
v 0.042163 0.009284 0.006619
v 0.047000 0.010000 0.000000
v 0.040000 0.380000 0.040000
v 0.047000 0.380000 0.040000
v 0.042163 0.379284 0.046619
v 0.040000 0.010000 0.000000
v 0.034337 0.009558 0.004091
v 0.042163 0.009284 0.006619
v 0.040000 0.380000 0.040000
v 0.042163 0.379284 0.046619
v 0.034337 0.379558 0.044091
v 0.040000 0.010000 0.000000
v 0.034337 0.010442 -0.004091
v 0.034337 0.009558 0.004091
v 0.040000 0.380000 0.040000
v 0.034337 0.379558 0.044091
v 0.034337 0.380442 0.035909
v 0.040000 0.010000 0.000000
v 0.042163 0.010716 -0.006619
v 0.034337 0.010442 -0.004091
v 0.040000 0.380000 0.040000
v 0.034337 0.380442 0.035909
v 0.042163 0.380716 0.033381
v 0.040000 0.010000 0.000000
v 0.047000 0.010000 0.000000
v 0.042163 0.010716 -0.006619
v 0.040000 0.380000 0.040000
v 0.042163 0.380716 0.033381
v 0.047000 0.380000 0.040000
v 0.040000 0.114000 0.000000
v 0.098891 0.102621 0.081397
v 0.108853 -0.023040 0.189171
v 0.047208 0.102621 0.100208
v 0.098577 0.091367 -0.002044
v 0.092021 0.087497 -0.005170
v 0.056876 -0.009064 0.188090
v 0.063432 -0.005194 0.191216
v 0.092021 0.087497 -0.005170
v 0.085435 0.092284 -0.003976
v 0.050290 -0.004277 0.189284
v 0.056876 -0.009064 0.188090
v 0.085435 0.092284 -0.003976
v 0.087920 0.099111 -0.000112
v 0.052775 0.002551 0.193147
v 0.050290 -0.004277 0.189284
v 0.087920 0.099111 -0.000112
v 0.096042 0.098544 0.001081
v 0.060897 0.001984 0.194341
v 0.052775 0.002551 0.193147
v 0.096042 0.098544 0.001081
v 0.098577 0.091367 -0.002044
v 0.063432 -0.005194 0.191216
v 0.060897 0.001984 0.194341
v 0.091999 0.093761 -0.002044
v 0.092021 0.087497 -0.005170
v 0.098577 0.091367 -0.002044
v 0.056854 -0.002800 0.191216
v 0.063432 -0.005194 0.191216
v 0.056876 -0.009064 0.188090
v 0.091999 0.093761 -0.002044
v 0.085435 0.092284 -0.003976
v 0.092021 0.087497 -0.005170
v 0.056854 -0.002800 0.191216
v 0.056876 -0.009064 0.188090
v 0.050290 -0.004277 0.189284
v 0.091999 0.093761 -0.002044
v 0.087920 0.099111 -0.000112
v 0.085435 0.092284 -0.003976
v 0.056854 -0.002800 0.191216
v 0.050290 -0.004277 0.189284
v 0.052775 0.002551 0.193147
v 0.091999 0.093761 -0.002044
v 0.096042 0.098544 0.001081
v 0.087920 0.099111 -0.000112
v 0.056854 -0.002800 0.191216
v 0.052775 0.002551 0.193147
v 0.060897 0.001984 0.194341
v 0.091999 0.093761 -0.002044
v 0.098577 0.091367 -0.002044
v 0.096042 0.098544 0.001081
v 0.056854 -0.002800 0.191216
v 0.060897 0.001984 0.194341
v 0.063432 -0.005194 0.191216
v -0.369081 0.210145 0.037818
v -0.371659 0.214258 0.044462
v 0.304368 0.561516 0.091762
v 0.306946 0.557402 0.085118
v -0.371659 0.214258 0.044462
v -0.375094 0.221292 0.041925
v 0.300933 0.568549 0.089224
v 0.304368 0.561516 0.091762
v -0.375094 0.221292 0.041925
v -0.374640 0.221525 0.033711
v 0.301387 0.568783 0.081011
v 0.300933 0.568549 0.089224
v -0.374640 0.221525 0.033711
v -0.370923 0.214636 0.031173
v 0.305104 0.561894 0.078473
v 0.301387 0.568783 0.081011
v -0.370923 0.214636 0.031173
v -0.369081 0.210145 0.037818
v 0.306946 0.557402 0.085118
v 0.305104 0.561894 0.078473
v -0.372279 0.216371 0.037818
v -0.371659 0.214258 0.044462
v -0.369081 0.210145 0.037818
v 0.303748 0.563629 0.085118
v 0.306946 0.557402 0.085118
v 0.304368 0.561516 0.091762
v -0.372279 0.216371 0.037818
v -0.375094 0.221292 0.041925
v -0.371659 0.214258 0.044462
v 0.303748 0.563629 0.085118
v 0.304368 0.561516 0.091762
v 0.300933 0.568549 0.089224
v -0.372279 0.216371 0.037818
v -0.374640 0.221525 0.033711
v -0.375094 0.221292 0.041925
v 0.303748 0.563629 0.085118
v 0.300933 0.568549 0.089224
v 0.301387 0.568783 0.081011
v -0.372279 0.216371 0.037818
v -0.370923 0.214636 0.031173
v -0.374640 0.221525 0.033711
v 0.303748 0.563629 0.085118
v 0.301387 0.568783 0.081011
v 0.305104 0.561894 0.078473
v -0.372279 0.216371 0.037818
v -0.369081 0.210145 0.037818
v -0.370923 0.214636 0.031173
v 0.303748 0.563629 0.085118
v 0.305104 0.561894 0.078473
v 0.306946 0.557402 0.085118
v -0.055303 0.231000 0.050662
v 0.123889 0.166890 0.134240
v 0.286809 -0.015896 0.272832
v 0.093934 0.166890 0.180367
v 0.206880 0.158384 -0.034056
v 0.199316 0.159239 -0.037181
v 0.024688 0.045834 0.354424
v 0.032252 0.044979 0.357549
v 0.199316 0.159239 -0.037181
v 0.196936 0.167025 -0.035987
v 0.022308 0.053621 0.355618
v 0.024688 0.045834 0.354424
v 0.196936 0.167025 -0.035987
v 0.203030 0.170983 -0.032124
v 0.028402 0.057578 0.359481
v 0.022308 0.053621 0.355618
v 0.203030 0.170983 -0.032124
v 0.209175 0.165642 -0.030930
v 0.034547 0.052237 0.360675
v 0.028402 0.057578 0.359481
v 0.209175 0.165642 -0.030930
v 0.206880 0.158384 -0.034056
v 0.032252 0.044979 0.357549
v 0.034547 0.052237 0.360675
v 0.203067 0.164254 -0.034056
v 0.199316 0.159239 -0.037181
v 0.206880 0.158384 -0.034056
v 0.028439 0.050850 0.357549
v 0.032252 0.044979 0.357549
v 0.024688 0.045834 0.354424
v 0.203067 0.164254 -0.034056
v 0.196936 0.167025 -0.035987
v 0.199316 0.159239 -0.037181
v 0.028439 0.050850 0.357549
v 0.024688 0.045834 0.354424
v 0.022308 0.053621 0.355618
v 0.203067 0.164254 -0.034056
v 0.203030 0.170983 -0.032124
v 0.196936 0.167025 -0.035987
v 0.028439 0.050850 0.357549
v 0.022308 0.053621 0.355618
v 0.028402 0.057578 0.359481
v 0.203067 0.164254 -0.034056
v 0.209175 0.165642 -0.030930
v 0.203030 0.170983 -0.032124
v 0.028439 0.050850 0.357549
v 0.028402 0.057578 0.359481
v 0.034547 0.052237 0.360675
v 0.203067 0.164254 -0.034056
v 0.206880 0.158384 -0.034056
v 0.209175 0.165642 -0.030930
v 0.028439 0.050850 0.357549
v 0.034547 0.052237 0.360675
v 0.032252 0.044979 0.357549
v -0.267648 0.426726 -0.121686
v -0.266464 0.431443 -0.115048
v 0.325132 0.214845 -0.066632
v 0.323948 0.210127 -0.073270
v -0.266464 0.431443 -0.115048
v -0.263590 0.438726 -0.117583
v 0.328005 0.222127 -0.069167
v 0.325132 0.214845 -0.066632
v -0.263590 0.438726 -0.117583
v -0.262998 0.438509 -0.125788
v 0.328598 0.221910 -0.077372
v 0.328005 0.222127 -0.069167
v -0.262998 0.438509 -0.125788
v -0.265506 0.431093 -0.128324
v 0.326090 0.214494 -0.079907
v 0.328598 0.221910 -0.077372
v -0.265506 0.431093 -0.128324
v -0.267648 0.426726 -0.121686
v 0.323948 0.210127 -0.073270
v 0.326090 0.214494 -0.079907
v -0.265241 0.433299 -0.121686
v -0.266464 0.431443 -0.115048
v -0.267648 0.426726 -0.121686
v 0.326354 0.216701 -0.073270
v 0.323948 0.210127 -0.073270
v 0.325132 0.214845 -0.066632
v -0.265241 0.433299 -0.121686
v -0.263590 0.438726 -0.117583
v -0.266464 0.431443 -0.115048
v 0.326354 0.216701 -0.073270
v 0.325132 0.214845 -0.066632
v 0.328005 0.222127 -0.069167
v -0.265241 0.433299 -0.121686
v -0.262998 0.438509 -0.125788
v -0.263590 0.438726 -0.117583
v 0.326354 0.216701 -0.073270
v 0.328005 0.222127 -0.069167
v 0.328598 0.221910 -0.077372
v -0.265241 0.433299 -0.121686
v -0.265506 0.431093 -0.128324
v -0.262998 0.438509 -0.125788
v 0.326354 0.216701 -0.073270
v 0.328598 0.221910 -0.077372
v 0.326090 0.214494 -0.079907
v -0.265241 0.433299 -0.121686
v -0.267648 0.426726 -0.121686
v -0.265506 0.431093 -0.128324
v 0.326354 0.216701 -0.073270
v 0.326090 0.214494 -0.079907
v 0.323948 0.210127 -0.073270
v 0.007824 0.192000 -0.089155
v 0.168254 0.145467 -0.127940
v 0.346050 -0.018277 -0.112806
v 0.172091 0.145467 -0.073074
v 0.262771 0.073842 -0.263725
v 0.257245 0.079077 -0.266851
v 0.084600 0.091150 0.058639
v 0.090127 0.085915 0.061765
v 0.257245 0.079077 -0.266851
v 0.260031 0.086728 -0.265657
v 0.087386 0.098800 0.059833
v 0.084600 0.091150 0.058639
v 0.260031 0.086728 -0.265657
v 0.267279 0.086221 -0.261794
v 0.094634 0.098294 0.063696
v 0.087386 0.098800 0.059833
v 0.267279 0.086221 -0.261794
v 0.268972 0.078257 -0.260600
v 0.096328 0.090330 0.064890
v 0.094634 0.098294 0.063696
v 0.268972 0.078257 -0.260600
v 0.262771 0.073842 -0.263725
v 0.090127 0.085915 0.061765
v 0.096328 0.090330 0.064890
v 0.263260 0.080825 -0.263725
v 0.257245 0.079077 -0.266851
v 0.262771 0.073842 -0.263725
v 0.090615 0.092898 0.061765
v 0.090127 0.085915 0.061765
v 0.084600 0.091150 0.058639
v 0.263260 0.080825 -0.263725
v 0.260031 0.086728 -0.265657
v 0.257245 0.079077 -0.266851
v 0.090615 0.092898 0.061765
v 0.084600 0.091150 0.058639
v 0.087386 0.098800 0.059833
v 0.263260 0.080825 -0.263725
v 0.267279 0.086221 -0.261794
v 0.260031 0.086728 -0.265657
v 0.090615 0.092898 0.061765
v 0.087386 0.098800 0.059833
v 0.094634 0.098294 0.063696
v 0.263260 0.080825 -0.263725
v 0.268972 0.078257 -0.260600
v 0.267279 0.086221 -0.261794
v 0.090615 0.092898 0.061765
v 0.094634 0.098294 0.063696
v 0.096328 0.090330 0.064890
v 0.263260 0.080825 -0.263725
v 0.262771 0.073842 -0.263725
v 0.268972 0.078257 -0.260600
v 0.090615 0.092898 0.061765
v 0.096328 0.090330 0.064890
v 0.090127 0.085915 0.061765
v 0.014004 0.504895 0.039942
v 0.018672 0.506270 0.046578
v 0.106382 0.014023 0.086801
v 0.101714 0.012649 0.080165
v 0.018672 0.506270 0.046578
v 0.026413 0.507442 0.044043
v 0.114123 0.015195 0.084267
v 0.106382 0.014023 0.086801
v 0.026413 0.507442 0.044043
v 0.026528 0.506792 0.035841
v 0.114238 0.014545 0.076064
v 0.114123 0.015195 0.084267
v 0.026528 0.506792 0.035841
v 0.018859 0.505218 0.033306
v 0.106569 0.012972 0.073529
v 0.114238 0.014545 0.076064
v 0.018859 0.505218 0.033306
v 0.014004 0.504895 0.039942
v 0.101714 0.012649 0.080165
v 0.106569 0.012972 0.073529
v 0.020895 0.506123 0.039942
v 0.018672 0.506270 0.046578
v 0.014004 0.504895 0.039942
v 0.108605 0.013877 0.080165
v 0.101714 0.012649 0.080165
v 0.106382 0.014023 0.086801
v 0.020895 0.506123 0.039942
v 0.026413 0.507442 0.044043
v 0.018672 0.506270 0.046578
v 0.108605 0.013877 0.080165
v 0.106382 0.014023 0.086801
v 0.114123 0.015195 0.084267
v 0.020895 0.506123 0.039942
v 0.026528 0.506792 0.035841
v 0.026413 0.507442 0.044043
v 0.108605 0.013877 0.080165
v 0.114123 0.015195 0.084267
v 0.114238 0.014545 0.076064
v 0.020895 0.506123 0.039942
v 0.018859 0.505218 0.033306
v 0.026528 0.506792 0.035841
v 0.108605 0.013877 0.080165
v 0.114238 0.014545 0.076064
v 0.106569 0.012972 0.073529
v 0.020895 0.506123 0.039942
v 0.014004 0.504895 0.039942
v 0.018859 0.505218 0.033306
v 0.108605 0.013877 0.080165
v 0.106569 0.012972 0.073529
v 0.101714 0.012649 0.080165
v 0.061222 0.153000 0.079853
v 0.141057 0.124044 -0.025984
v 0.265131 -0.020658 -0.097402
v 0.177140 0.124044 0.015525
v 0.210626 0.015649 -0.138462
v 0.209363 0.023156 -0.141587
v 0.105280 0.113634 0.117788
v 0.106543 0.106127 0.120913
v 0.209363 0.023156 -0.141587
v 0.216192 0.027589 -0.140393
v 0.112109 0.118067 0.118982
v 0.105280 0.113634 0.117788
v 0.216192 0.027589 -0.140393
v 0.221676 0.022822 -0.136530
v 0.117592 0.113301 0.122845
v 0.112109 0.118067 0.118982
v 0.221676 0.022822 -0.136530
v 0.218236 0.015443 -0.135336
v 0.114152 0.105921 0.124039
v 0.117592 0.113301 0.122845
v 0.218236 0.015443 -0.135336
v 0.210626 0.015649 -0.138462
v 0.106543 0.106127 0.120913
v 0.114152 0.105921 0.124039
v 0.215218 0.020932 -0.138462
v 0.209363 0.023156 -0.141587
v 0.210626 0.015649 -0.138462
v 0.111135 0.111410 0.120913
v 0.106543 0.106127 0.120913
v 0.105280 0.113634 0.117788
v 0.215218 0.020932 -0.138462
v 0.216192 0.027589 -0.140393
v 0.209363 0.023156 -0.141587
v 0.111135 0.111410 0.120913
v 0.105280 0.113634 0.117788
v 0.112109 0.118067 0.118982
v 0.215218 0.020932 -0.138462
v 0.221676 0.022822 -0.136530
v 0.216192 0.027589 -0.140393
v 0.111135 0.111410 0.120913
v 0.112109 0.118067 0.118982
v 0.117592 0.113301 0.122845
v 0.215218 0.020932 -0.138462
v 0.218236 0.015443 -0.135336
v 0.221676 0.022822 -0.136530
v 0.111135 0.111410 0.120913
v 0.117592 0.113301 0.122845
v 0.114152 0.105921 0.124039
v 0.215218 0.020932 -0.138462
v 0.210626 0.015649 -0.138462
v 0.218236 0.015443 -0.135336
v 0.111135 0.111410 0.120913
v 0.114152 0.105921 0.124039
v 0.106543 0.106127 0.120913
v 0.020984 0.305923 -0.055230
v 0.024409 0.302411 -0.048623
v -0.279995 0.092082 -0.002629
v -0.283420 0.095595 -0.009236
v 0.024409 0.302411 -0.048623
v 0.028600 0.295794 -0.051147
v -0.275804 0.085465 -0.005153
v -0.279995 0.092082 -0.002629
v 0.028600 0.295794 -0.051147
v 0.027765 0.295217 -0.059313
v -0.276639 0.084888 -0.013319
v -0.275804 0.085465 -0.005153
v 0.027765 0.295217 -0.059313
v 0.023058 0.301477 -0.061836
v -0.281346 0.091148 -0.015842
v -0.276639 0.084888 -0.013319
v 0.023058 0.301477 -0.061836
v 0.020984 0.305923 -0.055230
v -0.283420 0.095595 -0.009236
v -0.281346 0.091148 -0.015842
v 0.024963 0.300164 -0.055230
v 0.024409 0.302411 -0.048623
v 0.020984 0.305923 -0.055230
v -0.279441 0.089836 -0.009236
v -0.283420 0.095595 -0.009236
v -0.279995 0.092082 -0.002629
v 0.024963 0.300164 -0.055230
v 0.028600 0.295794 -0.051147
v 0.024409 0.302411 -0.048623
v -0.279441 0.089836 -0.009236
v -0.279995 0.092082 -0.002629
v -0.275804 0.085465 -0.005153
v 0.024963 0.300164 -0.055230
v 0.027765 0.295217 -0.059313
v 0.028600 0.295794 -0.051147
v -0.279441 0.089836 -0.009236
v -0.275804 0.085465 -0.005153
v -0.276639 0.084888 -0.013319
v 0.024963 0.300164 -0.055230
v 0.023058 0.301477 -0.061836
v 0.027765 0.295217 -0.059313
v -0.279441 0.089836 -0.009236
v -0.276639 0.084888 -0.013319
v -0.281346 0.091148 -0.015842
v 0.024963 0.300164 -0.055230
v 0.020984 0.305923 -0.055230
v 0.023058 0.301477 -0.061836
v -0.279441 0.089836 -0.009236
v -0.281346 0.091148 -0.015842
v -0.283420 0.095595 -0.009236
v -0.108319 0.114000 -0.019160
v -0.115127 0.102621 -0.119396
v -0.066463 -0.023040 -0.216073
v -0.061329 0.102621 -0.107961
v -0.083556 -0.006231 -0.214246
v -0.080047 0.000524 -0.217372
v -0.101411 0.101036 -0.024112
v -0.104920 0.094281 -0.020987
v -0.080047 0.000524 -0.217372
v -0.071925 -0.000045 -0.216178
v -0.093289 0.100467 -0.022918
v -0.101411 0.101036 -0.024112
v -0.071925 -0.000045 -0.216178
v -0.070414 -0.007152 -0.212315
v -0.091779 0.093360 -0.019055
v -0.093289 0.100467 -0.022918
v -0.070414 -0.007152 -0.212315
v -0.077602 -0.010975 -0.211121
v -0.098967 0.089537 -0.017861
v -0.091779 0.093360 -0.019055
v -0.077602 -0.010975 -0.211121
v -0.083556 -0.006231 -0.214246
v -0.104920 0.094281 -0.020987
v -0.098967 0.089537 -0.017861
v -0.076709 -0.004776 -0.214246
v -0.080047 0.000524 -0.217372
v -0.083556 -0.006231 -0.214246
v -0.098073 0.095736 -0.020987
v -0.104920 0.094281 -0.020987
v -0.101411 0.101036 -0.024112
v -0.076709 -0.004776 -0.214246
v -0.071925 -0.000045 -0.216178
v -0.080047 0.000524 -0.217372
v -0.098073 0.095736 -0.020987
v -0.101411 0.101036 -0.024112
v -0.093289 0.100467 -0.022918
v -0.076709 -0.004776 -0.214246
v -0.070414 -0.007152 -0.212315
v -0.071925 -0.000045 -0.216178
v -0.098073 0.095736 -0.020987
v -0.093289 0.100467 -0.022918
v -0.091779 0.093360 -0.019055
v -0.076709 -0.004776 -0.214246
v -0.077602 -0.010975 -0.211121
v -0.070414 -0.007152 -0.212315
v -0.098073 0.095736 -0.020987
v -0.091779 0.093360 -0.019055
v -0.098967 0.089537 -0.017861
v -0.076709 -0.004776 -0.214246
v -0.083556 -0.006231 -0.214246
v -0.077602 -0.010975 -0.211121
v -0.098073 0.095736 -0.020987
v -0.098967 0.089537 -0.017861
v -0.104920 0.094281 -0.020987
v 0.447210 0.309302 -0.082437
v 0.446515 0.304496 -0.075793
v -0.293058 0.479516 -0.026523
v -0.292363 0.484322 -0.033166
v 0.446515 0.304496 -0.075793
v 0.444553 0.296918 -0.078331
v -0.295020 0.471938 -0.029060
v -0.293058 0.479516 -0.026523
v 0.444553 0.296918 -0.078331
v 0.444035 0.297040 -0.086543
v -0.295538 0.472060 -0.037272
v -0.295020 0.471938 -0.029060
v 0.444035 0.297040 -0.086543
v 0.445677 0.304694 -0.089080
v -0.293896 0.479714 -0.039810
v -0.295538 0.472060 -0.037272
v 0.445677 0.304694 -0.089080
v 0.447210 0.309302 -0.082437
v -0.292363 0.484322 -0.033166
v -0.293896 0.479714 -0.039810
v 0.445598 0.302490 -0.082437
v 0.446515 0.304496 -0.075793
v 0.447210 0.309302 -0.082437
v -0.293975 0.477510 -0.033166
v -0.292363 0.484322 -0.033166
v -0.293058 0.479516 -0.026523
v 0.445598 0.302490 -0.082437
v 0.444553 0.296918 -0.078331
v 0.446515 0.304496 -0.075793
v -0.293975 0.477510 -0.033166
v -0.293058 0.479516 -0.026523
v -0.295020 0.471938 -0.029060
v 0.445598 0.302490 -0.082437
v 0.444035 0.297040 -0.086543
v 0.444553 0.296918 -0.078331
v -0.293975 0.477510 -0.033166
v -0.295020 0.471938 -0.029060
v -0.295538 0.472060 -0.037272
v 0.445598 0.302490 -0.082437
v 0.445677 0.304694 -0.089080
v 0.444035 0.297040 -0.086543
v -0.293975 0.477510 -0.033166
v -0.295538 0.472060 -0.037272
v -0.293896 0.479714 -0.039810
v 0.445598 0.302490 -0.082437
v 0.447210 0.309302 -0.082437
v 0.445677 0.304694 -0.089080
v -0.293975 0.477510 -0.033166
v -0.293896 0.479714 -0.039810
v -0.292363 0.484322 -0.033166
v 0.099784 0.231000 -0.063475
v -0.007889 0.166890 -0.229310
v -0.072611 -0.015896 -0.433178
v 0.041958 0.166890 -0.252554
v -0.036756 0.016155 -0.444129
v -0.029888 0.019438 -0.447254
v 0.058109 0.208149 -0.055649
v 0.051241 0.204866 -0.052524
v -0.029888 0.019438 -0.447254
v -0.023744 0.014096 -0.446060
v 0.064253 0.202807 -0.054455
v 0.058109 0.208149 -0.055649
v -0.023744 0.014096 -0.446060
v -0.026815 0.007511 -0.442197
v 0.061183 0.196222 -0.050592
v 0.064253 0.202807 -0.054455
v -0.026815 0.007511 -0.442197
v -0.034857 0.008783 -0.441003
v 0.053141 0.197495 -0.049398
v 0.061183 0.196222 -0.050592
v -0.034857 0.008783 -0.441003
v -0.036756 0.016155 -0.444129
v 0.051241 0.204866 -0.052524
v 0.053141 0.197495 -0.049398
v -0.030412 0.013196 -0.444129
v -0.029888 0.019438 -0.447254
v -0.036756 0.016155 -0.444129
v 0.057586 0.201908 -0.052524
v 0.051241 0.204866 -0.052524
v 0.058109 0.208149 -0.055649
v -0.030412 0.013196 -0.444129
v -0.023744 0.014096 -0.446060
v -0.029888 0.019438 -0.447254
v 0.057586 0.201908 -0.052524
v 0.058109 0.208149 -0.055649
v 0.064253 0.202807 -0.054455
v -0.030412 0.013196 -0.444129
v -0.026815 0.007511 -0.442197
v -0.023744 0.014096 -0.446060
v 0.057586 0.201908 -0.052524
v 0.064253 0.202807 -0.054455
v 0.061183 0.196222 -0.050592
v -0.030412 0.013196 -0.444129
v -0.034857 0.008783 -0.441003
v -0.026815 0.007511 -0.442197
v 0.057586 0.201908 -0.052524
v 0.061183 0.196222 -0.050592
v 0.053141 0.197495 -0.049398
v -0.030412 0.013196 -0.444129
v -0.036756 0.016155 -0.444129
v -0.034857 0.008783 -0.441003
v 0.057586 0.201908 -0.052524
v 0.053141 0.197495 -0.049398
v 0.051241 0.204866 -0.052524
v 0.074633 0.031370 0.120190
v 0.070235 0.029311 0.126834
v -0.145126 0.621358 0.167703
v -0.140728 0.623416 0.161059
v 0.070235 0.029311 0.126834
v 0.062824 0.026790 0.124296
v -0.152538 0.618837 0.165165
v -0.145126 0.621358 0.167703
v 0.062824 0.026790 0.124296
v 0.062642 0.027291 0.116085
v -0.152720 0.619338 0.156953
v -0.152538 0.618837 0.165165
v 0.062642 0.027291 0.116085
v 0.069940 0.030121 0.113547
v -0.145421 0.622168 0.154416
v -0.152720 0.619338 0.156953
v 0.069940 0.030121 0.113547
v 0.074633 0.031370 0.120190
v -0.140728 0.623416 0.161059
v -0.145421 0.622168 0.154416
v 0.068055 0.028977 0.120190
v 0.070235 0.029311 0.126834
v 0.074633 0.031370 0.120190
v -0.147307 0.621023 0.161059
v -0.140728 0.623416 0.161059
v -0.145126 0.621358 0.167703
v 0.068055 0.028977 0.120190
v 0.062824 0.026790 0.124296
v 0.070235 0.029311 0.126834
v -0.147307 0.621023 0.161059
v -0.145126 0.621358 0.167703
v -0.152538 0.618837 0.165165
v 0.068055 0.028977 0.120190
v 0.062642 0.027291 0.116085
v 0.062824 0.026790 0.124296
v -0.147307 0.621023 0.161059
v -0.152538 0.618837 0.165165
v -0.152720 0.619338 0.156953
v 0.068055 0.028977 0.120190
v 0.069940 0.030121 0.113547
v 0.062642 0.027291 0.116085
v -0.147307 0.621023 0.161059
v -0.152720 0.619338 0.156953
v -0.145421 0.622168 0.154416
v 0.068055 0.028977 0.120190
v 0.074633 0.031370 0.120190
v 0.069940 0.030121 0.113547
v -0.147307 0.621023 0.161059
v -0.145421 0.622168 0.154416
v -0.140728 0.623416 0.161059
v -0.032640 0.192000 0.121421
v -0.189246 0.145467 0.069298
v -0.332005 -0.018277 -0.037754
v -0.163425 0.145467 0.020736
v -0.262013 0.052417 -0.120911
v -0.254552 0.050906 -0.124036
v -0.101744 0.132156 0.201453
v -0.109205 0.133667 0.204579
v -0.254552 0.050906 -0.124036
v -0.252861 0.042942 -0.122843
v -0.100053 0.124192 0.202647
v -0.101744 0.132156 0.201453
v -0.252861 0.042942 -0.122843
v -0.259276 0.039531 -0.118979
v -0.106468 0.120780 0.206510
v -0.100053 0.124192 0.202647
v -0.259276 0.039531 -0.118979
v -0.264933 0.045387 -0.117786
v -0.112124 0.126637 0.207704
v -0.106468 0.120780 0.206510
v -0.264933 0.045387 -0.117786
v -0.262013 0.052417 -0.120911
v -0.109205 0.133667 0.204579
v -0.112124 0.126637 0.207704
v -0.258727 0.046237 -0.120911
v -0.254552 0.050906 -0.124036
v -0.262013 0.052417 -0.120911
v -0.105919 0.127486 0.204579
v -0.109205 0.133667 0.204579
v -0.101744 0.132156 0.201453
v -0.258727 0.046237 -0.120911
v -0.252861 0.042942 -0.122843
v -0.254552 0.050906 -0.124036
v -0.105919 0.127486 0.204579
v -0.101744 0.132156 0.201453
v -0.100053 0.124192 0.202647
v -0.258727 0.046237 -0.120911
v -0.259276 0.039531 -0.118979
v -0.252861 0.042942 -0.122843
v -0.105919 0.127486 0.204579
v -0.100053 0.124192 0.202647
v -0.106468 0.120780 0.206510
v -0.258727 0.046237 -0.120911
v -0.264933 0.045387 -0.117786
v -0.259276 0.039531 -0.118979
v -0.105919 0.127486 0.204579
v -0.106468 0.120780 0.206510
v -0.112124 0.126637 0.207704
v -0.258727 0.046237 -0.120911
v -0.262013 0.052417 -0.120911
v -0.264933 0.045387 -0.117786
v -0.105919 0.127486 0.204579
v -0.112124 0.126637 0.207704
v -0.109205 0.133667 0.204579
v -0.224124 0.085778 -0.124895
v -0.227830 0.088941 -0.118264
v 0.140500 0.427072 -0.073671
v 0.144206 0.423909 -0.080303
v -0.227830 0.088941 -0.118264
v -0.232956 0.094859 -0.120797
v 0.135374 0.432990 -0.076204
v 0.140500 0.427072 -0.073671
v -0.232956 0.094859 -0.120797
v -0.232418 0.095353 -0.128993
v 0.135912 0.433485 -0.084401
v 0.135374 0.432990 -0.076204
v -0.232418 0.095353 -0.128993
v -0.226959 0.089741 -0.131526
v 0.141371 0.427872 -0.086934
v 0.135912 0.433485 -0.084401
v -0.226959 0.089741 -0.131526
v -0.224124 0.085778 -0.124895
v 0.144206 0.423909 -0.080303
v 0.141371 0.427872 -0.086934
v -0.228857 0.090934 -0.124895
v -0.227830 0.088941 -0.118264
v -0.224124 0.085778 -0.124895
v 0.139473 0.429066 -0.080303
v 0.144206 0.423909 -0.080303
v 0.140500 0.427072 -0.073671
v -0.228857 0.090934 -0.124895
v -0.232956 0.094859 -0.120797
v -0.227830 0.088941 -0.118264
v 0.139473 0.429066 -0.080303
v 0.140500 0.427072 -0.073671
v 0.135374 0.432990 -0.076204
v -0.228857 0.090934 -0.124895
v -0.232418 0.095353 -0.128993
v -0.232956 0.094859 -0.120797
v 0.139473 0.429066 -0.080303
v 0.135374 0.432990 -0.076204
v 0.135912 0.433485 -0.084401
v -0.228857 0.090934 -0.124895
v -0.226959 0.089741 -0.131526
v -0.232418 0.095353 -0.128993
v 0.139473 0.429066 -0.080303
v 0.135912 0.433485 -0.084401
v 0.141371 0.427872 -0.086934
v -0.228857 0.090934 -0.124895
v -0.224124 0.085778 -0.124895
v -0.226959 0.089741 -0.131526
v 0.139473 0.429066 -0.080303
v 0.141371 0.427872 -0.086934
v 0.144206 0.423909 -0.080303
v -0.061117 0.153000 -0.117677
v -0.184906 0.124044 -0.070228
v -0.327973 -0.020658 -0.075411
v -0.193510 0.124044 -0.124551
v -0.261557 0.083872 -0.226231
v -0.256508 0.078175 -0.229357
v -0.120294 0.056601 0.030018
v -0.125343 0.062298 0.033144
v -0.256508 0.078175 -0.229357
v -0.259950 0.070796 -0.228163
v -0.123736 0.049222 0.031212
v -0.120294 0.056601 0.030018
v -0.259950 0.070796 -0.228163
v -0.267126 0.071933 -0.224300
v -0.130912 0.050359 0.035075
v -0.123736 0.049222 0.031212
v -0.267126 0.071933 -0.224300
v -0.268119 0.080014 -0.223106
v -0.131905 0.058440 0.036269
v -0.130912 0.050359 0.035075
v -0.268119 0.080014 -0.223106
v -0.261557 0.083872 -0.226231
v -0.125343 0.062298 0.033144
v -0.131905 0.058440 0.036269
v -0.262652 0.076958 -0.226231
v -0.256508 0.078175 -0.229357
v -0.261557 0.083872 -0.226231
v -0.126438 0.055384 0.033144
v -0.125343 0.062298 0.033144
v -0.120294 0.056601 0.030018
v -0.262652 0.076958 -0.226231
v -0.259950 0.070796 -0.228163
v -0.256508 0.078175 -0.229357
v -0.126438 0.055384 0.033144
v -0.120294 0.056601 0.030018
v -0.123736 0.049222 0.031212
v -0.262652 0.076958 -0.226231
v -0.267126 0.071933 -0.224300
v -0.259950 0.070796 -0.228163
v -0.126438 0.055384 0.033144
v -0.123736 0.049222 0.031212
v -0.130912 0.050359 0.035075
v -0.262652 0.076958 -0.226231
v -0.268119 0.080014 -0.223106
v -0.267126 0.071933 -0.224300
v -0.126438 0.055384 0.033144
v -0.130912 0.050359 0.035075
v -0.131905 0.058440 0.036269
v -0.262652 0.076958 -0.226231
v -0.261557 0.083872 -0.226231
v -0.268119 0.080014 -0.223106
v -0.126438 0.055384 0.033144
v -0.131905 0.058440 0.036269
v -0.125343 0.062298 0.033144
v -0.029256 0.209664 0.019866
v -0.029573 0.214572 0.026464
v 0.337893 0.171339 0.076273
v 0.338210 0.166431 0.069675
v -0.029573 0.214572 0.026464
v -0.028321 0.222305 0.023944
v 0.339144 0.179072 0.073753
v 0.337893 0.171339 0.076273
v -0.028321 0.222305 0.023944
v -0.027231 0.222177 0.015788
v 0.340235 0.178944 0.065597
v 0.339144 0.179072 0.073753
v -0.027231 0.222177 0.015788
v -0.027808 0.214364 0.013268
v 0.339657 0.171131 0.063077
v 0.340235 0.178944 0.065597
v -0.027808 0.214364 0.013268
v -0.029256 0.209664 0.019866
v 0.338210 0.166431 0.069675
v 0.339657 0.171131 0.063077
v -0.028438 0.216617 0.019866
v -0.029573 0.214572 0.026464
v -0.029256 0.209664 0.019866
v 0.339028 0.173383 0.069675
v 0.338210 0.166431 0.069675
v 0.337893 0.171339 0.076273
v -0.028438 0.216617 0.019866
v -0.028321 0.222305 0.023944
v -0.029573 0.214572 0.026464
v 0.339028 0.173383 0.069675
v 0.337893 0.171339 0.076273
v 0.339144 0.179072 0.073753
v -0.028438 0.216617 0.019866
v -0.027231 0.222177 0.015788
v -0.028321 0.222305 0.023944
v 0.339028 0.173383 0.069675
v 0.339144 0.179072 0.073753
v 0.340235 0.178944 0.065597
v -0.028438 0.216617 0.019866
v -0.027808 0.214364 0.013268
v -0.027231 0.222177 0.015788
v 0.339028 0.173383 0.069675
v 0.340235 0.178944 0.065597
v 0.339657 0.171131 0.063077
v -0.028438 0.216617 0.019866
v -0.029256 0.209664 0.019866
v -0.027808 0.214364 0.013268
v 0.339028 0.173383 0.069675
v 0.339657 0.171131 0.063077
v 0.338210 0.166431 0.069675
v 0.130561 0.114000 0.047680
v 0.083218 0.102621 0.136293
v -0.009282 -0.023040 0.192492
v 0.043654 0.102621 0.098087
v 0.029984 0.087302 0.023456
v 0.030588 0.079713 0.020331
v 0.101970 0.005796 0.213591
v 0.101366 0.013384 0.216716
v 0.030588 0.079713 0.020331
v 0.023399 0.075892 0.021525
v 0.094780 0.001974 0.214784
v 0.101970 0.005796 0.213591
v 0.023399 0.075892 0.021525
v 0.018351 0.081119 0.025388
v 0.089733 0.007201 0.218648
v 0.094780 0.001974 0.214784
v 0.018351 0.081119 0.025388
v 0.022421 0.088170 0.026582
v 0.093803 0.014252 0.219842
v 0.089733 0.007201 0.218648
v 0.022421 0.088170 0.026582
v 0.029984 0.087302 0.023456
v 0.101366 0.013384 0.216716
v 0.093803 0.014252 0.219842
v 0.024949 0.082439 0.023456
v 0.030588 0.079713 0.020331
v 0.029984 0.087302 0.023456
v 0.096330 0.008521 0.216716
v 0.101366 0.013384 0.216716
v 0.101970 0.005796 0.213591
v 0.024949 0.082439 0.023456
v 0.023399 0.075892 0.021525
v 0.030588 0.079713 0.020331
v 0.096330 0.008521 0.216716
v 0.101970 0.005796 0.213591
v 0.094780 0.001974 0.214784
v 0.024949 0.082439 0.023456
v 0.018351 0.081119 0.025388
v 0.023399 0.075892 0.021525
v 0.096330 0.008521 0.216716
v 0.094780 0.001974 0.214784
v 0.089733 0.007201 0.218648
v 0.024949 0.082439 0.023456
v 0.022421 0.088170 0.026582
v 0.018351 0.081119 0.025388
v 0.096330 0.008521 0.216716
v 0.089733 0.007201 0.218648
v 0.093803 0.014252 0.219842
v 0.024949 0.082439 0.023456
v 0.029984 0.087302 0.023456
v 0.022421 0.088170 0.026582
v 0.096330 0.008521 0.216716
v 0.093803 0.014252 0.219842
v 0.101366 0.013384 0.216716
v -0.316847 0.717344 0.016170
v -0.312816 0.720043 0.022817
v 0.061236 0.058465 0.064684
v 0.057206 0.055766 0.058037
v -0.312816 0.720043 0.022817
v -0.305935 0.723773 0.020278
v 0.068117 0.062195 0.062145
v 0.061236 0.058465 0.064684
v -0.305935 0.723773 0.020278
v -0.305712 0.723379 0.012062
v 0.068340 0.061801 0.053929
v 0.068117 0.062195 0.062145
v -0.305712 0.723379 0.012062
v -0.312456 0.719405 0.009522
v 0.061596 0.057828 0.051390
v 0.068340 0.061801 0.053929
v -0.312456 0.719405 0.009522
v -0.316847 0.717344 0.016170
v 0.057206 0.055766 0.058037
v 0.061596 0.057828 0.051390
v -0.310753 0.720789 0.016170
v -0.312816 0.720043 0.022817
v -0.316847 0.717344 0.016170
v 0.063299 0.059211 0.058037
v 0.057206 0.055766 0.058037
v 0.061236 0.058465 0.064684
v -0.310753 0.720789 0.016170
v -0.305935 0.723773 0.020278
v -0.312816 0.720043 0.022817
v 0.063299 0.059211 0.058037
v 0.061236 0.058465 0.064684
v 0.068117 0.062195 0.062145
v -0.310753 0.720789 0.016170
v -0.305712 0.723379 0.012062
v -0.305935 0.723773 0.020278
v 0.063299 0.059211 0.058037
v 0.068117 0.062195 0.062145
v 0.068340 0.061801 0.053929
v -0.310753 0.720789 0.016170
v -0.312456 0.719405 0.009522
v -0.305712 0.723379 0.012062
v 0.063299 0.059211 0.058037
v 0.068340 0.061801 0.053929
v 0.061596 0.057828 0.051390
v -0.310753 0.720789 0.016170
v -0.316847 0.717344 0.016170
v -0.312456 0.719405 0.009522
v 0.063299 0.059211 0.058037
v 0.061596 0.057828 0.051390
v 0.057206 0.055766 0.058037
v -0.134030 0.231000 0.055326
v -0.130597 0.166890 0.253020
v -0.183743 -0.015896 0.460207
v -0.185187 0.166890 0.246318
v -0.164627 0.211739 0.061964
v -0.168711 0.205315 0.058839
v -0.143335 -0.001353 0.450444
v -0.139251 0.005071 0.453569
v -0.168711 0.205315 0.058839
v -0.176753 0.206590 0.060032
v -0.151377 -0.000078 0.451637
v -0.143335 -0.001353 0.450444
v -0.176753 0.206590 0.060032
v -0.177638 0.213802 0.063896
v -0.152262 0.007134 0.455501
v -0.151377 -0.000078 0.451637
v -0.177638 0.213802 0.063896
v -0.170144 0.216984 0.065090
v -0.144768 0.010316 0.456694
v -0.152262 0.007134 0.455501
v -0.170144 0.216984 0.065090
v -0.164627 0.211739 0.061964
v -0.139251 0.005071 0.453569
v -0.144768 0.010316 0.456694
v -0.171574 0.210886 0.061964
v -0.168711 0.205315 0.058839
v -0.164627 0.211739 0.061964
v -0.146199 0.004218 0.453569
v -0.139251 0.005071 0.453569
v -0.143335 -0.001353 0.450444
v -0.171574 0.210886 0.061964
v -0.176753 0.206590 0.060032
v -0.168711 0.205315 0.058839
v -0.146199 0.004218 0.453569
v -0.143335 -0.001353 0.450444
v -0.151377 -0.000078 0.451637
v -0.171574 0.210886 0.061964
v -0.177638 0.213802 0.063896
v -0.176753 0.206590 0.060032
v -0.146199 0.004218 0.453569
v -0.151377 -0.000078 0.451637
v -0.152262 0.007134 0.455501
v -0.171574 0.210886 0.061964
v -0.170144 0.216984 0.065090
v -0.177638 0.213802 0.063896
v -0.146199 0.004218 0.453569
v -0.152262 0.007134 0.455501
v -0.144768 0.010316 0.456694
v -0.171574 0.210886 0.061964
v -0.164627 0.211739 0.061964
v -0.170144 0.216984 0.065090
v -0.146199 0.004218 0.453569
v -0.144768 0.010316 0.456694
v -0.139251 0.005071 0.453569
v 0.243160 0.574129 -0.174858
v 0.247205 0.571437 -0.168216
v -0.149464 0.081995 -0.125015
v -0.153509 0.084686 -0.131657
v 0.247205 0.571437 -0.168216
v 0.253176 0.566374 -0.170753
v -0.143493 0.076932 -0.127552
v -0.149464 0.081995 -0.125015
v 0.253176 0.566374 -0.170753
v 0.252821 0.565937 -0.178963
v -0.143848 0.076495 -0.135762
v -0.143493 0.076932 -0.127552
v 0.252821 0.565937 -0.178963
v 0.246631 0.570729 -0.181500
v -0.150038 0.081287 -0.138298
v -0.143848 0.076495 -0.135762
v 0.246631 0.570729 -0.181500
v 0.243160 0.574129 -0.174858
v -0.153509 0.084686 -0.131657
v -0.150038 0.081287 -0.138298
v 0.248599 0.569721 -0.174858
v 0.247205 0.571437 -0.168216
v 0.243160 0.574129 -0.174858
v -0.148070 0.080279 -0.131657
v -0.153509 0.084686 -0.131657
v -0.149464 0.081995 -0.125015
v 0.248599 0.569721 -0.174858
v 0.253176 0.566374 -0.170753
v 0.247205 0.571437 -0.168216
v -0.148070 0.080279 -0.131657
v -0.149464 0.081995 -0.125015
v -0.143493 0.076932 -0.127552
v 0.248599 0.569721 -0.174858
v 0.252821 0.565937 -0.178963
v 0.253176 0.566374 -0.170753
v -0.148070 0.080279 -0.131657
v -0.143493 0.076932 -0.127552
v -0.143848 0.076495 -0.135762
v 0.248599 0.569721 -0.174858
v 0.246631 0.570729 -0.181500
v 0.252821 0.565937 -0.178963
v -0.148070 0.080279 -0.131657
v -0.143848 0.076495 -0.135762
v -0.150038 0.081287 -0.138298
v 0.248599 0.569721 -0.174858
v 0.243160 0.574129 -0.174858
v 0.246631 0.570729 -0.181500
v -0.148070 0.080279 -0.131657
v -0.150038 0.081287 -0.138298
v -0.153509 0.084686 -0.131657
v 0.063865 0.192000 -0.136476
v 0.169053 0.145467 -0.009285
v 0.233391 -0.018277 0.157152
v 0.121421 0.145467 0.018215
v 0.197956 0.158301 -0.152407
v 0.190828 0.155629 -0.155533
v 0.104295 0.005750 0.169957
v 0.111423 0.008422 0.173083
v 0.190828 0.155629 -0.155533
v 0.185173 0.161487 -0.154339
v 0.098640 0.011607 0.171151
v 0.104295 0.005750 0.169957
v 0.185173 0.161487 -0.154339
v 0.188806 0.167779 -0.150475
v 0.102273 0.017899 0.175014
v 0.098640 0.011607 0.171151
v 0.188806 0.167779 -0.150475
v 0.196707 0.165810 -0.149282
v 0.110174 0.015931 0.176208
v 0.102273 0.017899 0.175014
v 0.196707 0.165810 -0.149282
v 0.197956 0.158301 -0.152407
v 0.111423 0.008422 0.173083
v 0.110174 0.015931 0.176208
v 0.191894 0.161801 -0.152407
v 0.190828 0.155629 -0.155533
v 0.197956 0.158301 -0.152407
v 0.105361 0.011922 0.173083
v 0.111423 0.008422 0.173083
v 0.104295 0.005750 0.169957
v 0.191894 0.161801 -0.152407
v 0.185173 0.161487 -0.154339
v 0.190828 0.155629 -0.155533
v 0.105361 0.011922 0.173083
v 0.104295 0.005750 0.169957
v 0.098640 0.011607 0.171151
v 0.191894 0.161801 -0.152407
v 0.188806 0.167779 -0.150475
v 0.185173 0.161487 -0.154339
v 0.105361 0.011922 0.173083
v 0.098640 0.011607 0.171151
v 0.102273 0.017899 0.175014
v 0.191894 0.161801 -0.152407
v 0.196707 0.165810 -0.149282
v 0.188806 0.167779 -0.150475
v 0.105361 0.011922 0.173083
v 0.102273 0.017899 0.175014
v 0.110174 0.015931 0.176208
v 0.191894 0.161801 -0.152407
v 0.197956 0.158301 -0.152407
v 0.196707 0.165810 -0.149282
v 0.105361 0.011922 0.173083
v 0.110174 0.015931 0.176208
v 0.111423 0.008422 0.173083
v 0.271737 0.266115 0.124016
v 0.272382 0.261276 0.130641
v -0.227615 0.263046 0.180640
v -0.228260 0.267885 0.174016
v 0.272382 0.261276 0.130641
v 0.272101 0.253450 0.128110
v -0.227896 0.255221 0.178110
v -0.227615 0.263046 0.180640
v 0.272101 0.253450 0.128110
v 0.271282 0.253453 0.119922
v -0.228714 0.255224 0.169922
v -0.227896 0.255221 0.178110
v 0.271282 0.253453 0.119922
v 0.271057 0.261280 0.117392
v -0.228940 0.263051 0.167392
v -0.228714 0.255224 0.169922
v 0.271057 0.261280 0.117392
v 0.271737 0.266115 0.124016
v -0.228260 0.267885 0.174016
v -0.228940 0.263051 0.167392
v 0.271712 0.259115 0.124016
v 0.272382 0.261276 0.130641
v 0.271737 0.266115 0.124016
v -0.228285 0.260885 0.174016
v -0.228260 0.267885 0.174016
v -0.227615 0.263046 0.180640
v 0.271712 0.259115 0.124016
v 0.272101 0.253450 0.128110
v 0.272382 0.261276 0.130641
v -0.228285 0.260885 0.174016
v -0.227615 0.263046 0.180640
v -0.227896 0.255221 0.178110
v 0.271712 0.259115 0.124016
v 0.271282 0.253453 0.119922
v 0.272101 0.253450 0.128110
v -0.228285 0.260885 0.174016
v -0.227896 0.255221 0.178110
v -0.228714 0.255224 0.169922
v 0.271712 0.259115 0.124016
v 0.271057 0.261280 0.117392
v 0.271282 0.253453 0.119922
v -0.228285 0.260885 0.174016
v -0.228714 0.255224 0.169922
v -0.228940 0.263051 0.167392
v 0.271712 0.259115 0.124016
v 0.271737 0.266115 0.124016
v 0.271057 0.261280 0.117392
v -0.228285 0.260885 0.174016
v -0.228940 0.263051 0.167392
v -0.228260 0.267885 0.174016
v 0.046713 0.153000 0.148928
v 0.176836 0.124044 0.174287
v 0.295417 -0.020658 0.254496
v 0.155346 0.124044 0.224914
v 0.237275 0.086671 0.072025
v 0.229974 0.088826 0.068899
v 0.103025 0.034940 0.328274
v 0.110326 0.032784 0.331399
v 0.229974 0.088826 0.068899
v 0.228983 0.096908 0.070093
v 0.102034 0.043021 0.329468
v 0.103025 0.034940 0.328274
v 0.228983 0.096908 0.070093
v 0.235671 0.099747 0.073956
v 0.108722 0.045860 0.333331
v 0.102034 0.043021 0.329468
v 0.235671 0.099747 0.073956
v 0.240795 0.093420 0.075150
v 0.113847 0.039533 0.334525
v 0.108722 0.045860 0.333331
v 0.240795 0.093420 0.075150
v 0.237275 0.086671 0.072025
v 0.110326 0.032784 0.331399
v 0.113847 0.039533 0.334525
v 0.234539 0.093114 0.072025
v 0.229974 0.088826 0.068899
v 0.237275 0.086671 0.072025
v 0.107591 0.039228 0.331399
v 0.110326 0.032784 0.331399
v 0.103025 0.034940 0.328274
v 0.234539 0.093114 0.072025
v 0.228983 0.096908 0.070093
v 0.229974 0.088826 0.068899
v 0.107591 0.039228 0.331399
v 0.103025 0.034940 0.328274
v 0.102034 0.043021 0.329468
v 0.234539 0.093114 0.072025
v 0.235671 0.099747 0.073956
v 0.228983 0.096908 0.070093
v 0.107591 0.039228 0.331399
v 0.102034 0.043021 0.329468
v 0.108722 0.045860 0.333331
v 0.234539 0.093114 0.072025
v 0.240795 0.093420 0.075150
v 0.235671 0.099747 0.073956
v 0.107591 0.039228 0.331399
v 0.108722 0.045860 0.333331
v 0.113847 0.039533 0.334525
v 0.234539 0.093114 0.072025
v 0.237275 0.086671 0.072025
v 0.240795 0.093420 0.075150
v 0.107591 0.039228 0.331399
v 0.113847 0.039533 0.334525
v 0.110326 0.032784 0.331399
v -0.032333 0.054530 -0.085530
v -0.035640 0.050917 -0.078917
v -0.265862 0.340568 -0.035800
v -0.262555 0.344181 -0.042413
v -0.035640 0.050917 -0.078917
v -0.041950 0.046278 -0.081443
v -0.272172 0.335929 -0.038326
v -0.265862 0.340568 -0.035800
v -0.041950 0.046278 -0.081443
v -0.042543 0.047024 -0.089617
v -0.272765 0.336675 -0.046499
v -0.272172 0.335929 -0.038326
v -0.042543 0.047024 -0.089617
v -0.036599 0.052124 -0.092143
v -0.266821 0.341775 -0.049025
v -0.272765 0.336675 -0.046499
v -0.036599 0.052124 -0.092143
v -0.032333 0.054530 -0.085530
v -0.262555 0.344181 -0.042413
v -0.266821 0.341775 -0.049025
v -0.037813 0.050174 -0.085530
v -0.035640 0.050917 -0.078917
v -0.032333 0.054530 -0.085530
v -0.268035 0.339826 -0.042413
v -0.262555 0.344181 -0.042413
v -0.265862 0.340568 -0.035800
v -0.037813 0.050174 -0.085530
v -0.041950 0.046278 -0.081443
v -0.035640 0.050917 -0.078917
v -0.268035 0.339826 -0.042413
v -0.265862 0.340568 -0.035800
v -0.272172 0.335929 -0.038326
v -0.037813 0.050174 -0.085530
v -0.042543 0.047024 -0.089617
v -0.041950 0.046278 -0.081443
v -0.268035 0.339826 -0.042413
v -0.272172 0.335929 -0.038326
v -0.272765 0.336675 -0.046499
v -0.037813 0.050174 -0.085530
v -0.036599 0.052124 -0.092143
v -0.042543 0.047024 -0.089617
v -0.268035 0.339826 -0.042413
v -0.272765 0.336675 -0.046499
v -0.266821 0.341775 -0.049025
v -0.037813 0.050174 -0.085530
v -0.032333 0.054530 -0.085530
v -0.036599 0.052124 -0.092143
v -0.268035 0.339826 -0.042413
v -0.266821 0.341775 -0.049025
v -0.262555 0.344181 -0.042413
v -0.139510 0.114000 -0.080848
v -0.052403 0.102621 -0.130908
v 0.055822 -0.023040 -0.129550
v -0.039098 0.102621 -0.077542
v 0.006315 0.026258 -0.201829
v 0.001782 0.032374 -0.204954
v -0.097923 0.057233 -0.011695
v -0.093390 0.051118 -0.008569
v 0.001782 0.032374 -0.204954
v 0.005854 0.039424 -0.203761
v -0.093852 0.064284 -0.010501
v -0.097923 0.057233 -0.011695
v 0.005854 0.039424 -0.203761
v 0.012904 0.037667 -0.199897
v -0.086802 0.062526 -0.006638
v -0.093852 0.064284 -0.010501
v 0.012904 0.037667 -0.199897
v 0.013189 0.029530 -0.198704
v -0.086516 0.054389 -0.005444
v -0.086802 0.062526 -0.006638
v 0.013189 0.029530 -0.198704
v 0.006315 0.026258 -0.201829
v -0.093390 0.051118 -0.008569
v -0.086516 0.054389 -0.005444
v 0.008009 0.033051 -0.201829
v 0.001782 0.032374 -0.204954
v 0.006315 0.026258 -0.201829
v -0.091697 0.057910 -0.008569
v -0.093390 0.051118 -0.008569
v -0.097923 0.057233 -0.011695
v 0.008009 0.033051 -0.201829
v 0.005854 0.039424 -0.203761
v 0.001782 0.032374 -0.204954
v -0.091697 0.057910 -0.008569
v -0.097923 0.057233 -0.011695
v -0.093852 0.064284 -0.010501
v 0.008009 0.033051 -0.201829
v 0.012904 0.037667 -0.199897
v 0.005854 0.039424 -0.203761
v -0.091697 0.057910 -0.008569
v -0.093852 0.064284 -0.010501
v -0.086802 0.062526 -0.006638
v 0.008009 0.033051 -0.201829
v 0.013189 0.029530 -0.198704
v 0.012904 0.037667 -0.199897
v -0.091697 0.057910 -0.008569
v -0.086802 0.062526 -0.006638
v -0.086516 0.054389 -0.005444
v 0.008009 0.033051 -0.201829
v 0.006315 0.026258 -0.201829
v 0.013189 0.029530 -0.198704
v -0.091697 0.057910 -0.008569
v -0.086516 0.054389 -0.005444
v -0.093390 0.051118 -0.008569
v -0.011471 0.057607 -0.038506
v -0.015841 0.059713 -0.031859
v 0.364862 0.717485 0.010080
v 0.369232 0.715380 0.003433
v -0.015841 0.059713 -0.031859
v -0.022545 0.063754 -0.034398
v 0.358159 0.721527 0.007541
v 0.364862 0.717485 0.010080
v -0.022545 0.063754 -0.034398
v -0.022317 0.064147 -0.042614
v 0.358386 0.721919 -0.000675
v 0.358159 0.721527 0.007541
v -0.022317 0.064147 -0.042614
v -0.015474 0.060348 -0.045154
v 0.365230 0.718120 -0.003214
v 0.358386 0.721919 -0.000675
v -0.015474 0.060348 -0.045154
v -0.011471 0.057607 -0.038506
v 0.369232 0.715380 0.003433
v 0.365230 0.718120 -0.003214
v -0.017530 0.061114 -0.038506
v -0.015841 0.059713 -0.031859
v -0.011471 0.057607 -0.038506
v 0.363174 0.718886 0.003433
v 0.369232 0.715380 0.003433
v 0.364862 0.717485 0.010080
v -0.017530 0.061114 -0.038506
v -0.022545 0.063754 -0.034398
v -0.015841 0.059713 -0.031859
v 0.363174 0.718886 0.003433
v 0.364862 0.717485 0.010080
v 0.358159 0.721527 0.007541
v -0.017530 0.061114 -0.038506
v -0.022317 0.064147 -0.042614
v -0.022545 0.063754 -0.034398
v 0.363174 0.718886 0.003433
v 0.358159 0.721527 0.007541
v 0.358386 0.721919 -0.000675
v -0.017530 0.061114 -0.038506
v -0.015474 0.060348 -0.045154
v -0.022317 0.064147 -0.042614
v 0.363174 0.718886 0.003433
v 0.358386 0.721919 -0.000675
v 0.365230 0.718120 -0.003214
v -0.017530 0.061114 -0.038506
v -0.011471 0.057607 -0.038506
v -0.015474 0.060348 -0.045154
v 0.363174 0.718886 0.003433
v 0.365230 0.718120 -0.003214
v 0.369232 0.715380 0.003433
v 0.162318 0.231000 -0.035686
v 0.264169 0.166890 -0.205159
v 0.419031 -0.015896 -0.352700
v 0.306912 0.166890 -0.170546
v 0.350753 0.022238 -0.389995
v 0.350813 0.029850 -0.393121
v 0.219776 0.191668 -0.001516
v 0.219716 0.184056 0.001609
v 0.350813 0.029850 -0.393121
v 0.358308 0.033031 -0.391927
v 0.227271 0.194848 -0.000322
v 0.219776 0.191668 -0.001516
v 0.358308 0.033031 -0.391927
v 0.362880 0.027384 -0.388064
v 0.231843 0.189201 0.003541
v 0.227271 0.194848 -0.000322
v 0.362880 0.027384 -0.388064
v 0.358211 0.020714 -0.386870
v 0.227174 0.182531 0.004735
v 0.231843 0.189201 0.003541
v 0.358211 0.020714 -0.386870
v 0.350753 0.022238 -0.389995
v 0.219716 0.184056 0.001609
v 0.227174 0.182531 0.004735
v 0.356193 0.026643 -0.389995
v 0.350813 0.029850 -0.393121
v 0.350753 0.022238 -0.389995
v 0.225156 0.188461 0.001609
v 0.219716 0.184056 0.001609
v 0.219776 0.191668 -0.001516
v 0.356193 0.026643 -0.389995
v 0.358308 0.033031 -0.391927
v 0.350813 0.029850 -0.393121
v 0.225156 0.188461 0.001609
v 0.219776 0.191668 -0.001516
v 0.227271 0.194848 -0.000322
v 0.356193 0.026643 -0.389995
v 0.362880 0.027384 -0.388064
v 0.358308 0.033031 -0.391927
v 0.225156 0.188461 0.001609
v 0.227271 0.194848 -0.000322
v 0.231843 0.189201 0.003541
v 0.356193 0.026643 -0.389995
v 0.358211 0.020714 -0.386870
v 0.362880 0.027384 -0.388064
v 0.225156 0.188461 0.001609
v 0.231843 0.189201 0.003541
v 0.227174 0.182531 0.004735
v 0.356193 0.026643 -0.389995
v 0.350753 0.022238 -0.389995
v 0.358211 0.020714 -0.386870
v 0.225156 0.188461 0.001609
v 0.227174 0.182531 0.004735
v 0.219716 0.184056 0.001609
v -0.385886 0.283468 0.117674
v -0.386939 0.288218 0.124310
v 0.239255 0.357367 0.174142
v 0.240308 0.352617 0.167505
v -0.386939 0.288218 0.124310
v -0.387598 0.296019 0.121775
v 0.238595 0.365168 0.171607
v 0.239255 0.357367 0.174142
v -0.387598 0.296019 0.121775
v -0.386953 0.296090 0.113572
v 0.239240 0.365239 0.163403
v 0.238595 0.365168 0.171607
v -0.386953 0.296090 0.113572
v -0.385895 0.288333 0.111037
v 0.240299 0.357482 0.160868
v 0.239240 0.365239 0.163403
v -0.385895 0.288333 0.111037
v -0.385886 0.283468 0.117674
v 0.240308 0.352617 0.167505
v 0.240299 0.357482 0.160868
v -0.386654 0.290426 0.117674
v -0.386939 0.288218 0.124310
v -0.385886 0.283468 0.117674
v 0.239539 0.359574 0.167505
v 0.240308 0.352617 0.167505
v 0.239255 0.357367 0.174142
v -0.386654 0.290426 0.117674
v -0.387598 0.296019 0.121775
v -0.386939 0.288218 0.124310
v 0.239539 0.359574 0.167505
v 0.239255 0.357367 0.174142
v 0.238595 0.365168 0.171607
v -0.386654 0.290426 0.117674
v -0.386953 0.296090 0.113572
v -0.387598 0.296019 0.121775
v 0.239539 0.359574 0.167505
v 0.238595 0.365168 0.171607
v 0.239240 0.365239 0.163403
v -0.386654 0.290426 0.117674
v -0.385895 0.288333 0.111037
v -0.386953 0.296090 0.113572
v 0.239539 0.359574 0.167505
v 0.239240 0.365239 0.163403
v 0.240299 0.357482 0.160868
v -0.386654 0.290426 0.117674
v -0.385886 0.283468 0.117674
v -0.385895 0.288333 0.111037
v 0.239539 0.359574 0.167505
v 0.240299 0.357482 0.160868
v 0.240308 0.352617 0.167505
v -0.098323 0.192000 0.139855
v -0.120126 0.145467 -0.023751
v -0.086490 -0.018277 -0.198991
v -0.065160 0.145467 -0.021831
v -0.096382 0.000137 -0.192313
v -0.091753 0.006180 -0.195438
v -0.097793 0.179141 0.130051
v -0.102422 0.173097 0.133177
v -0.091753 0.006180 -0.195438
v -0.083853 0.004209 -0.194245
v -0.089893 0.177170 0.131245
v -0.097793 0.179141 0.130051
v -0.083853 0.004209 -0.194245
v -0.083600 -0.003052 -0.190381
v -0.089640 0.169909 0.135109
v -0.089893 0.177170 0.131245
v -0.083600 -0.003052 -0.190381
v -0.091343 -0.005569 -0.189187
v -0.097383 0.167392 0.136302
v -0.089640 0.169909 0.135109
v -0.091343 -0.005569 -0.189187
v -0.096382 0.000137 -0.192313
v -0.102422 0.173097 0.133177
v -0.097383 0.167392 0.136302
v -0.089386 0.000381 -0.192313
v -0.091753 0.006180 -0.195438
v -0.096382 0.000137 -0.192313
v -0.095426 0.173342 0.133177
v -0.102422 0.173097 0.133177
v -0.097793 0.179141 0.130051
v -0.089386 0.000381 -0.192313
v -0.083853 0.004209 -0.194245
v -0.091753 0.006180 -0.195438
v -0.095426 0.173342 0.133177
v -0.097793 0.179141 0.130051
v -0.089893 0.177170 0.131245
v -0.089386 0.000381 -0.192313
v -0.083600 -0.003052 -0.190381
v -0.083853 0.004209 -0.194245
v -0.095426 0.173342 0.133177
v -0.089893 0.177170 0.131245
v -0.089640 0.169909 0.135109
v -0.089386 0.000381 -0.192313
v -0.091343 -0.005569 -0.189187
v -0.083600 -0.003052 -0.190381
v -0.095426 0.173342 0.133177
v -0.089640 0.169909 0.135109
v -0.097383 0.167392 0.136302
v -0.089386 0.000381 -0.192313
v -0.096382 0.000137 -0.192313
v -0.091343 -0.005569 -0.189187
v -0.095426 0.173342 0.133177
v -0.097383 0.167392 0.136302
v -0.102422 0.173097 0.133177
v -0.193733 0.425588 -0.211544
v -0.190862 0.429525 -0.204913
v 0.174437 0.088121 -0.160409
v 0.171566 0.084184 -0.167041
v -0.190862 0.429525 -0.204913
v -0.185353 0.435088 -0.207446
v 0.179946 0.093685 -0.162942
v 0.174437 0.088121 -0.160409
v -0.185353 0.435088 -0.207446
v -0.184820 0.434590 -0.215643
v 0.180479 0.093187 -0.171139
v 0.179946 0.093685 -0.162942
v -0.184820 0.434590 -0.215643
v -0.189999 0.428718 -0.218175
v 0.175300 0.087315 -0.173672
v 0.180479 0.093187 -0.171139
v -0.189999 0.428718 -0.218175
v -0.193733 0.425588 -0.211544
v 0.171566 0.084184 -0.167041
v 0.175300 0.087315 -0.173672
v -0.188954 0.430702 -0.211544
v -0.190862 0.429525 -0.204913
v -0.193733 0.425588 -0.211544
v 0.176346 0.089298 -0.167041
v 0.171566 0.084184 -0.167041
v 0.174437 0.088121 -0.160409
v -0.188954 0.430702 -0.211544
v -0.185353 0.435088 -0.207446
v -0.190862 0.429525 -0.204913
v 0.176346 0.089298 -0.167041
v 0.174437 0.088121 -0.160409
v 0.179946 0.093685 -0.162942
v -0.188954 0.430702 -0.211544
v -0.184820 0.434590 -0.215643
v -0.185353 0.435088 -0.207446
v 0.176346 0.089298 -0.167041
v 0.179946 0.093685 -0.162942
v 0.180479 0.093187 -0.171139
v -0.188954 0.430702 -0.211544
v -0.189999 0.428718 -0.218175
v -0.184820 0.434590 -0.215643
v 0.176346 0.089298 -0.167041
v 0.180479 0.093187 -0.171139
v 0.175300 0.087315 -0.173672
v -0.188954 0.430702 -0.211544
v -0.193733 0.425588 -0.211544
v -0.189999 0.428718 -0.218175
v 0.176346 0.089298 -0.167041
v 0.175300 0.087315 -0.173672
v 0.171566 0.084184 -0.167041
v -0.022561 0.153000 -0.174099
v -0.119474 0.124044 -0.264559
v -0.177531 -0.020658 -0.395419
v -0.074420 0.124044 -0.296106
v -0.145332 0.013700 -0.414446
v -0.137998 0.015741 -0.417572
v -0.058895 0.128712 -0.158197
v -0.066229 0.126671 -0.155071
v -0.137998 0.015741 -0.417572
v -0.132875 0.009413 -0.416378
v -0.053772 0.122384 -0.157003
v -0.058895 0.128712 -0.158197
v -0.132875 0.009413 -0.416378
v -0.137043 0.003461 -0.412514
v -0.057939 0.116432 -0.153140
v -0.053772 0.122384 -0.157003
v -0.137043 0.003461 -0.412514
v -0.144741 0.006111 -0.411321
v -0.065638 0.119082 -0.151946
v -0.057939 0.116432 -0.153140
v -0.144741 0.006111 -0.411321
v -0.145332 0.013700 -0.414446
v -0.066229 0.126671 -0.155071
v -0.065638 0.119082 -0.151946
v -0.139598 0.009685 -0.414446
v -0.137998 0.015741 -0.417572
v -0.145332 0.013700 -0.414446
v -0.060495 0.122656 -0.155071
v -0.066229 0.126671 -0.155071
v -0.058895 0.128712 -0.158197
v -0.139598 0.009685 -0.414446
v -0.132875 0.009413 -0.416378
v -0.137998 0.015741 -0.417572
v -0.060495 0.122656 -0.155071
v -0.058895 0.128712 -0.158197
v -0.053772 0.122384 -0.157003
v -0.139598 0.009685 -0.414446
v -0.137043 0.003461 -0.412514
v -0.132875 0.009413 -0.416378
v -0.060495 0.122656 -0.155071
v -0.053772 0.122384 -0.157003
v -0.057939 0.116432 -0.153140
v -0.139598 0.009685 -0.414446
v -0.144741 0.006111 -0.411321
v -0.137043 0.003461 -0.412514
v -0.060495 0.122656 -0.155071
v -0.057939 0.116432 -0.153140
v -0.065638 0.119082 -0.151946
v -0.139598 0.009685 -0.414446
v -0.145332 0.013700 -0.414446
v -0.144741 0.006111 -0.411321
v -0.060495 0.122656 -0.155071
v -0.065638 0.119082 -0.151946
v -0.066229 0.126671 -0.155071
v 0.188965 0.370638 0.076386
v 0.193750 0.369622 0.083003
v 0.063594 0.023270 0.123925
v 0.058809 0.024287 0.117308
v 0.193750 0.369622 0.083003
v 0.200978 0.366607 0.080475
v 0.070822 0.020255 0.121397
v 0.063594 0.023270 0.123925
v 0.200978 0.366607 0.080475
v 0.200660 0.365760 0.072296
v 0.070504 0.019409 0.113218
v 0.070822 0.020255 0.121397
v 0.200660 0.365760 0.072296
v 0.193235 0.368252 0.069769
v 0.063080 0.021900 0.110691
v 0.070504 0.019409 0.113218
v 0.193235 0.368252 0.069769
v 0.188965 0.370638 0.076386
v 0.058809 0.024287 0.117308
v 0.063080 0.021900 0.110691
v 0.195517 0.368176 0.076386
v 0.193750 0.369622 0.083003
v 0.188965 0.370638 0.076386
v 0.065362 0.021824 0.117308
v 0.058809 0.024287 0.117308
v 0.063594 0.023270 0.123925
v 0.195517 0.368176 0.076386
v 0.200978 0.366607 0.080475
v 0.193750 0.369622 0.083003
v 0.065362 0.021824 0.117308
v 0.063594 0.023270 0.123925
v 0.070822 0.020255 0.121397
v 0.195517 0.368176 0.076386
v 0.200660 0.365760 0.072296
v 0.200978 0.366607 0.080475
v 0.065362 0.021824 0.117308
v 0.070822 0.020255 0.121397
v 0.070504 0.019409 0.113218
v 0.195517 0.368176 0.076386
v 0.193235 0.368252 0.069769
v 0.200660 0.365760 0.072296
v 0.065362 0.021824 0.117308
v 0.070504 0.019409 0.113218
v 0.063080 0.021900 0.110691
v 0.195517 0.368176 0.076386
v 0.188965 0.370638 0.076386
v 0.193235 0.368252 0.069769
v 0.065362 0.021824 0.117308
v 0.063080 0.021900 0.110691
v 0.058809 0.024287 0.117308
v 0.137637 0.114000 0.116000
v 0.037239 0.102621 0.112294
v -0.053822 -0.023040 0.053791
v 0.054235 0.102621 0.059986
v -0.009120 0.036261 -0.011734
v -0.002035 0.033477 -0.014860
v 0.095694 0.065231 0.178400
v 0.088609 0.068015 0.181525
v -0.002035 0.033477 -0.014860
v -0.001752 0.025340 -0.013666
v 0.095977 0.057094 0.179594
v 0.095694 0.065231 0.178400
v -0.001752 0.025340 -0.013666
v -0.008662 0.023095 -0.009803
v 0.089067 0.054849 0.183457
v 0.095977 0.057094 0.179594
v -0.008662 0.023095 -0.009803
v -0.013216 0.029844 -0.008609
v 0.084513 0.061598 0.184651
v 0.089067 0.054849 0.183457
v -0.013216 0.029844 -0.008609
v -0.009120 0.036261 -0.011734
v 0.088609 0.068015 0.181525
v 0.084513 0.061598 0.184651
v -0.006957 0.029603 -0.011734
v -0.002035 0.033477 -0.014860
v -0.009120 0.036261 -0.011734
v 0.090772 0.061357 0.181525
v 0.088609 0.068015 0.181525
v 0.095694 0.065231 0.178400
v -0.006957 0.029603 -0.011734
v -0.001752 0.025340 -0.013666
v -0.002035 0.033477 -0.014860
v 0.090772 0.061357 0.181525
v 0.095694 0.065231 0.178400
v 0.095977 0.057094 0.179594
v -0.006957 0.029603 -0.011734
v -0.008662 0.023095 -0.009803
v -0.001752 0.025340 -0.013666
v 0.090772 0.061357 0.181525
v 0.095977 0.057094 0.179594
v 0.089067 0.054849 0.183457
v -0.006957 0.029603 -0.011734
v -0.013216 0.029844 -0.008609
v -0.008662 0.023095 -0.009803
v 0.090772 0.061357 0.181525
v 0.089067 0.054849 0.183457
v 0.084513 0.061598 0.184651
v -0.006957 0.029603 -0.011734
v -0.009120 0.036261 -0.011734
v -0.013216 0.029844 -0.008609
v 0.090772 0.061357 0.181525
v 0.084513 0.061598 0.184651
v 0.088609 0.068015 0.181525
v 0.160666 0.481637 -0.022544
v 0.162165 0.477018 -0.015901
v -0.578663 0.307391 0.033413
v -0.580163 0.312010 0.026770
v 0.162165 0.477018 -0.015901
v 0.163752 0.469353 -0.018438
v -0.577077 0.299726 0.030875
v -0.578663 0.307391 0.033413
v 0.163752 0.469353 -0.018438
v 0.163232 0.469234 -0.026650
v -0.577596 0.299607 0.022664
v -0.577077 0.299726 0.030875
v 0.163232 0.469234 -0.026650
v 0.161325 0.476826 -0.029188
v -0.579503 0.307199 0.020126
v -0.577596 0.299607 0.022664
v 0.161325 0.476826 -0.029188
v 0.160666 0.481637 -0.022544
v -0.580163 0.312010 0.026770
v -0.579503 0.307199 0.020126
v 0.162228 0.474814 -0.022544
v 0.162165 0.477018 -0.015901
v 0.160666 0.481637 -0.022544
v -0.578600 0.305186 0.026770
v -0.580163 0.312010 0.026770
v -0.578663 0.307391 0.033413
v 0.162228 0.474814 -0.022544
v 0.163752 0.469353 -0.018438
v 0.162165 0.477018 -0.015901
v -0.578600 0.305186 0.026770
v -0.578663 0.307391 0.033413
v -0.577077 0.299726 0.030875
v 0.162228 0.474814 -0.022544
v 0.163232 0.469234 -0.026650
v 0.163752 0.469353 -0.018438
v -0.578600 0.305186 0.026770
v -0.577077 0.299726 0.030875
v -0.577596 0.299607 0.022664
v 0.162228 0.474814 -0.022544
v 0.161325 0.476826 -0.029188
v 0.163232 0.469234 -0.026650
v -0.578600 0.305186 0.026770
v -0.577596 0.299607 0.022664
v -0.579503 0.307199 0.020126
v 0.162228 0.474814 -0.022544
v 0.160666 0.481637 -0.022544
v 0.161325 0.476826 -0.029188
v -0.578600 0.305186 0.026770
v -0.579503 0.307199 0.020126
v -0.580163 0.312010 0.026770
v -0.184151 0.231000 0.007616
v -0.360333 0.166890 0.097365
v -0.569849 -0.015896 0.140422
v -0.378239 0.166890 0.045361
v -0.473159 0.148066 -0.121783
v -0.469176 0.141579 -0.124909
v -0.272300 0.073789 0.266696
v -0.276283 0.080276 0.269822
v -0.469176 0.141579 -0.124909
v -0.473847 0.134910 -0.123715
v -0.276971 0.067120 0.267890
v -0.272300 0.073789 0.266696
v -0.473847 0.134910 -0.123715
v -0.480717 0.137275 -0.119852
v -0.283841 0.069485 0.271753
v -0.276971 0.067120 0.267890
v -0.480717 0.137275 -0.119852
v -0.480292 0.145406 -0.118658
v -0.283416 0.077616 0.272947
v -0.283841 0.069485 0.271753
v -0.480292 0.145406 -0.118658
v -0.473159 0.148066 -0.121783
v -0.276283 0.080276 0.269822
v -0.283416 0.077616 0.272947
v -0.475438 0.141447 -0.121783
v -0.469176 0.141579 -0.124909
v -0.473159 0.148066 -0.121783
v -0.278562 0.073657 0.269822
v -0.276283 0.080276 0.269822
v -0.272300 0.073789 0.266696
v -0.475438 0.141447 -0.121783
v -0.473847 0.134910 -0.123715
v -0.469176 0.141579 -0.124909
v -0.278562 0.073657 0.269822
v -0.272300 0.073789 0.266696
v -0.276971 0.067120 0.267890
v -0.475438 0.141447 -0.121783
v -0.480717 0.137275 -0.119852
v -0.473847 0.134910 -0.123715
v -0.278562 0.073657 0.269822
v -0.276971 0.067120 0.267890
v -0.283841 0.069485 0.271753
v -0.475438 0.141447 -0.121783
v -0.480292 0.145406 -0.118658
v -0.480717 0.137275 -0.119852
v -0.278562 0.073657 0.269822
v -0.283841 0.069485 0.271753
v -0.283416 0.077616 0.272947
v -0.475438 0.141447 -0.121783
v -0.473159 0.148066 -0.121783
v -0.480292 0.145406 -0.118658
v -0.278562 0.073657 0.269822
v -0.283416 0.077616 0.272947
v -0.276283 0.080276 0.269822
v 0.376505 0.149495 -0.142707
v 0.374118 0.145261 -0.136067
v -0.141170 0.507721 -0.090159
v -0.138783 0.511956 -0.096799
v 0.374118 0.145261 -0.136067
v 0.369465 0.138966 -0.138604
v -0.145824 0.501426 -0.092695
v -0.141170 0.507721 -0.090159
v 0.369465 0.138966 -0.138604
v 0.368975 0.139310 -0.146811
v -0.146313 0.501770 -0.100902
v -0.145824 0.501426 -0.092695
v 0.368975 0.139310 -0.146811
v 0.373327 0.145817 -0.149347
v -0.141962 0.508278 -0.103439
v -0.146313 0.501770 -0.100902
v 0.373327 0.145817 -0.149347
v 0.376505 0.149495 -0.142707
v -0.138783 0.511956 -0.096799
v -0.141962 0.508278 -0.103439
v 0.372478 0.143770 -0.142707
v 0.374118 0.145261 -0.136067
v 0.376505 0.149495 -0.142707
v -0.142811 0.506230 -0.096799
v -0.138783 0.511956 -0.096799
v -0.141170 0.507721 -0.090159
v 0.372478 0.143770 -0.142707
v 0.369465 0.138966 -0.138604
v 0.374118 0.145261 -0.136067
v -0.142811 0.506230 -0.096799
v -0.141170 0.507721 -0.090159
v -0.145824 0.501426 -0.092695
v 0.372478 0.143770 -0.142707
v 0.368975 0.139310 -0.146811
v 0.369465 0.138966 -0.138604
v -0.142811 0.506230 -0.096799
v -0.145824 0.501426 -0.092695
v -0.146313 0.501770 -0.100902
v 0.372478 0.143770 -0.142707
v 0.373327 0.145817 -0.149347
v 0.368975 0.139310 -0.146811
v -0.142811 0.506230 -0.096799
v -0.146313 0.501770 -0.100902
v -0.141962 0.508278 -0.103439
v 0.372478 0.143770 -0.142707
v 0.376505 0.149495 -0.142707
v 0.373327 0.145817 -0.149347
v -0.142811 0.506230 -0.096799
v -0.141962 0.508278 -0.103439
v -0.138783 0.511956 -0.096799
v 0.133608 0.192000 -0.132959
v 0.065401 0.145467 0.017340
v -0.055987 -0.018277 0.148127
v 0.019804 0.145467 -0.013415
v -0.003775 0.162515 -0.155161
v -0.004498 0.154937 -0.158286
v 0.092280 0.011459 0.167203
v 0.093003 0.019037 0.170329
v -0.004498 0.154937 -0.158286
v -0.012241 0.152422 -0.157092
v 0.084536 0.008944 0.168397
v 0.092280 0.011459 0.167203
v -0.012241 0.152422 -0.157092
v -0.016304 0.158446 -0.153229
v 0.080473 0.014967 0.172261
v 0.084536 0.008944 0.168397
v -0.016304 0.158446 -0.153229
v -0.011072 0.164683 -0.152035
v 0.085706 0.021205 0.173454
v 0.080473 0.014967 0.172261
v -0.011072 0.164683 -0.152035
v -0.003775 0.162515 -0.155161
v 0.093003 0.019037 0.170329
v 0.085706 0.021205 0.173454
v -0.009578 0.158601 -0.155161
v -0.004498 0.154937 -0.158286
v -0.003775 0.162515 -0.155161
v 0.087199 0.015122 0.170329
v 0.093003 0.019037 0.170329
v 0.092280 0.011459 0.167203
v -0.009578 0.158601 -0.155161
v -0.012241 0.152422 -0.157092
v -0.004498 0.154937 -0.158286
v 0.087199 0.015122 0.170329
v 0.092280 0.011459 0.167203
v 0.084536 0.008944 0.168397
v -0.009578 0.158601 -0.155161
v -0.016304 0.158446 -0.153229
v -0.012241 0.152422 -0.157092
v 0.087199 0.015122 0.170329
v 0.084536 0.008944 0.168397
v 0.080473 0.014967 0.172261
v -0.009578 0.158601 -0.155161
v -0.011072 0.164683 -0.152035
v -0.016304 0.158446 -0.153229
v 0.087199 0.015122 0.170329
v 0.080473 0.014967 0.172261
v 0.085706 0.021205 0.173454
v -0.009578 0.158601 -0.155161
v -0.003775 0.162515 -0.155161
v -0.011072 0.164683 -0.152035
v 0.087199 0.015122 0.170329
v 0.085706 0.021205 0.173454
v 0.093003 0.019037 0.170329
v -0.044813 0.013068 0.192004
v -0.049665 0.013443 0.198640
v 0.043422 0.504702 0.238892
v 0.048274 0.504326 0.232256
v -0.049665 0.013443 0.198640
v -0.057316 0.015101 0.196105
v 0.035771 0.506359 0.236357
v 0.043422 0.504702 0.238892
v -0.057316 0.015101 0.196105
v -0.057193 0.015750 0.187903
v 0.035894 0.507008 0.228155
v 0.035771 0.506359 0.236357
v -0.057193 0.015750 0.187903
v -0.049466 0.014493 0.185368
v 0.043621 0.505751 0.225620
v 0.035894 0.507008 0.228155
v -0.049466 0.014493 0.185368
v -0.044813 0.013068 0.192004
v 0.048274 0.504326 0.232256
v 0.043621 0.505751 0.225620
v -0.051690 0.014371 0.192004
v -0.049665 0.013443 0.198640
v -0.044813 0.013068 0.192004
v 0.041397 0.505629 0.232256
v 0.048274 0.504326 0.232256
v 0.043422 0.504702 0.238892
v -0.051690 0.014371 0.192004
v -0.057316 0.015101 0.196105
v -0.049665 0.013443 0.198640
v 0.041397 0.505629 0.232256
v 0.043422 0.504702 0.238892
v 0.035771 0.506359 0.236357
v -0.051690 0.014371 0.192004
v -0.057193 0.015750 0.187903
v -0.057316 0.015101 0.196105
v 0.041397 0.505629 0.232256
v 0.035771 0.506359 0.236357
v 0.035894 0.507008 0.228155
v -0.051690 0.014371 0.192004
v -0.049466 0.014493 0.185368
v -0.057193 0.015750 0.187903
v 0.041397 0.505629 0.232256
v 0.035894 0.507008 0.228155
v 0.043621 0.505751 0.225620
v -0.051690 0.014371 0.192004
v -0.044813 0.013068 0.192004
v -0.049466 0.014493 0.185368
v 0.041397 0.505629 0.232256
v 0.043621 0.505751 0.225620
v 0.048274 0.504326 0.232256
v -0.008894 0.153000 0.192356
v 0.025356 0.124044 0.320426
v 0.005246 -0.020658 0.462168
v -0.029569 0.124044 0.323305
v 0.008776 0.134666 0.197574
v 0.003638 0.129049 0.194449
v -0.003580 -0.008674 0.453824
v 0.001558 -0.003057 0.456949
v 0.003638 0.129049 0.194449
v -0.004060 0.131701 0.195643
v -0.011278 -0.006022 0.455018
v -0.003580 -0.008674 0.453824
v -0.004060 0.131701 0.195643
v -0.003680 0.138957 0.199506
v -0.010898 0.001234 0.458881
v -0.011278 -0.006022 0.455018
v -0.003680 0.138957 0.199506
v 0.004253 0.140789 0.200700
v -0.002965 0.003066 0.460075
v -0.010898 0.001234 0.458881
v 0.004253 0.140789 0.200700
v 0.008776 0.134666 0.197574
v 0.001558 -0.003057 0.456949
v -0.002965 0.003066 0.460075
v 0.001785 0.135032 0.197574
v 0.003638 0.129049 0.194449
v 0.008776 0.134666 0.197574
v -0.005433 -0.002691 0.456949
v 0.001558 -0.003057 0.456949
v -0.003580 -0.008674 0.453824
v 0.001785 0.135032 0.197574
v -0.004060 0.131701 0.195643
v 0.003638 0.129049 0.194449
v -0.005433 -0.002691 0.456949
v -0.003580 -0.008674 0.453824
v -0.011278 -0.006022 0.455018
v 0.001785 0.135032 0.197574
v -0.003680 0.138957 0.199506
v -0.004060 0.131701 0.195643
v -0.005433 -0.002691 0.456949
v -0.011278 -0.006022 0.455018
v -0.010898 0.001234 0.458881
v 0.001785 0.135032 0.197574
v 0.004253 0.140789 0.200700
v -0.003680 0.138957 0.199506
v -0.005433 -0.002691 0.456949
v -0.010898 0.001234 0.458881
v -0.002965 0.003066 0.460075
v 0.001785 0.135032 0.197574
v 0.008776 0.134666 0.197574
v 0.004253 0.140789 0.200700
v -0.005433 -0.002691 0.456949
v -0.002965 0.003066 0.460075
v 0.001558 -0.003057 0.456949
v -0.274933 0.126117 -0.166965
v -0.277376 0.130380 -0.160364
v 0.071019 0.254964 -0.111886
v 0.073462 0.250701 -0.118487
v -0.277376 0.130380 -0.160364
v -0.279700 0.137860 -0.162886
v 0.068695 0.262445 -0.114408
v 0.071019 0.254964 -0.111886
v -0.279700 0.137860 -0.162886
v -0.278693 0.138220 -0.171045
v 0.069701 0.262805 -0.122567
v 0.068695 0.262445 -0.114408
v -0.278693 0.138220 -0.171045
v -0.275747 0.130962 -0.173566
v 0.072648 0.255547 -0.125088
v 0.069701 0.262805 -0.122567
v -0.275747 0.130962 -0.173566
v -0.274933 0.126117 -0.166965
v 0.073462 0.250701 -0.118487
v 0.072648 0.255547 -0.125088
v -0.277290 0.132708 -0.166965
v -0.277376 0.130380 -0.160364
v -0.274933 0.126117 -0.166965
v 0.071105 0.257292 -0.118487
v 0.073462 0.250701 -0.118487
v 0.071019 0.254964 -0.111886
v -0.277290 0.132708 -0.166965
v -0.279700 0.137860 -0.162886
v -0.277376 0.130380 -0.160364
v 0.071105 0.257292 -0.118487
v 0.071019 0.254964 -0.111886
v 0.068695 0.262445 -0.114408
v -0.277290 0.132708 -0.166965
v -0.278693 0.138220 -0.171045
v -0.279700 0.137860 -0.162886
v 0.071105 0.257292 -0.118487
v 0.068695 0.262445 -0.114408
v 0.069701 0.262805 -0.122567
v -0.277290 0.132708 -0.166965
v -0.275747 0.130962 -0.173566
v -0.278693 0.138220 -0.171045
v 0.071105 0.257292 -0.118487
v 0.069701 0.262805 -0.122567
v 0.072648 0.255547 -0.125088
v -0.277290 0.132708 -0.166965
v -0.274933 0.126117 -0.166965
v -0.275747 0.130962 -0.173566
v 0.071105 0.257292 -0.118487
v 0.072648 0.255547 -0.125088
v 0.073462 0.250701 -0.118487
v -0.125916 0.114000 -0.150888
v -0.042737 0.102621 -0.094542
v 0.003485 -0.023040 0.003326
v -0.084870 0.102621 -0.059189
v -0.022827 0.080339 -0.170411
v -0.030311 0.078945 -0.173536
v -0.096363 0.000228 0.019723
v -0.088879 0.001622 0.022849
v -0.030311 0.078945 -0.173536
v -0.034863 0.085696 -0.172342
v -0.100915 0.006979 0.020917
v -0.096363 0.000228 0.019723
v -0.034863 0.085696 -0.172342
v -0.030193 0.091262 -0.168479
v -0.096244 0.012545 0.024780
v -0.100915 0.006979 0.020917
v -0.030193 0.091262 -0.168479
v -0.022754 0.087951 -0.167285
v -0.088806 0.009234 0.025974
v -0.096244 0.012545 0.024780
v -0.022754 0.087951 -0.167285
v -0.022827 0.080339 -0.170411
v -0.088879 0.001622 0.022849
v -0.088806 0.009234 0.025974
v -0.028190 0.084839 -0.170411
v -0.030311 0.078945 -0.173536
v -0.022827 0.080339 -0.170411
v -0.094241 0.006122 0.022849
v -0.088879 0.001622 0.022849
v -0.096363 0.000228 0.019723
v -0.028190 0.084839 -0.170411
v -0.034863 0.085696 -0.172342
v -0.030311 0.078945 -0.173536
v -0.094241 0.006122 0.022849
v -0.096363 0.000228 0.019723
v -0.100915 0.006979 0.020917
v -0.028190 0.084839 -0.170411
v -0.030193 0.091262 -0.168479
v -0.034863 0.085696 -0.172342
v -0.094241 0.006122 0.022849
v -0.100915 0.006979 0.020917
v -0.096244 0.012545 0.024780
v -0.028190 0.084839 -0.170411
v -0.022754 0.087951 -0.167285
v -0.030193 0.091262 -0.168479
v -0.094241 0.006122 0.022849
v -0.096244 0.012545 0.024780
v -0.088806 0.009234 0.025974
v -0.028190 0.084839 -0.170411
v -0.022827 0.080339 -0.170411
v -0.022754 0.087951 -0.167285
v -0.094241 0.006122 0.022849
v -0.088806 0.009234 0.025974
v -0.088879 0.001622 0.022849
v -0.120357 0.560101 -0.007846
v -0.118479 0.564578 -0.001201
v 0.554774 0.211973 0.046022
v 0.552896 0.207497 0.039377
v -0.118479 0.564578 -0.001201
v -0.114708 0.571437 -0.003739
v 0.558545 0.218833 0.043484
v 0.554774 0.211973 0.046022
v -0.114708 0.571437 -0.003739
v -0.114256 0.571201 -0.011952
v 0.558997 0.218596 0.035271
v 0.558545 0.218833 0.043484
v -0.114256 0.571201 -0.011952
v -0.117747 0.564194 -0.014490
v 0.555506 0.211590 0.032733
v 0.558997 0.218596 0.035271
v -0.117747 0.564194 -0.014490
v -0.120357 0.560101 -0.007846
v 0.552896 0.207497 0.039377
v 0.555506 0.211590 0.032733
v -0.117110 0.566302 -0.007846
v -0.118479 0.564578 -0.001201
v -0.120357 0.560101 -0.007846
v 0.556144 0.213698 0.039377
v 0.552896 0.207497 0.039377
v 0.554774 0.211973 0.046022
v -0.117110 0.566302 -0.007846
v -0.114708 0.571437 -0.003739
v -0.118479 0.564578 -0.001201
v 0.556144 0.213698 0.039377
v 0.554774 0.211973 0.046022
v 0.558545 0.218833 0.043484
v -0.117110 0.566302 -0.007846
v -0.114256 0.571201 -0.011952
v -0.114708 0.571437 -0.003739
v 0.556144 0.213698 0.039377
v 0.558545 0.218833 0.043484
v 0.558997 0.218596 0.035271
v -0.117110 0.566302 -0.007846
v -0.117747 0.564194 -0.014490
v -0.114256 0.571201 -0.011952
v 0.556144 0.213698 0.039377
v 0.558997 0.218596 0.035271
v 0.555506 0.211590 0.032733
v -0.117110 0.566302 -0.007846
v -0.120357 0.560101 -0.007846
v -0.117747 0.564194 -0.014490
v 0.556144 0.213698 0.039377
v 0.555506 0.211590 0.032733
v 0.552896 0.207497 0.039377
v 0.198601 0.231000 0.026720
v 0.395571 0.166890 0.043971
v 0.596067 -0.015896 0.118483
v 0.383199 0.166890 0.097562
v 0.500350 0.124151 -0.123201
v 0.493535 0.127542 -0.126326
v 0.290652 0.080702 0.265279
v 0.297467 0.077312 0.268404
v 0.493535 0.127542 -0.126326
v 0.493962 0.135672 -0.125132
v 0.291079 0.088833 0.266473
v 0.290652 0.080702 0.265279
v 0.493962 0.135672 -0.125132
v 0.501042 0.137307 -0.121269
v 0.298158 0.090468 0.270336
v 0.291079 0.088833 0.266473
v 0.501042 0.137307 -0.121269
v 0.504990 0.130186 -0.120075
v 0.302106 0.083347 0.271530
v 0.298158 0.090468 0.270336
v 0.504990 0.130186 -0.120075
v 0.500350 0.124151 -0.123201
v 0.297467 0.077312 0.268404
v 0.302106 0.083347 0.271530
v 0.498776 0.130972 -0.123201
v 0.493535 0.127542 -0.126326
v 0.500350 0.124151 -0.123201
v 0.295892 0.084132 0.268404
v 0.297467 0.077312 0.268404
v 0.290652 0.080702 0.265279
v 0.498776 0.130972 -0.123201
v 0.493962 0.135672 -0.125132
v 0.493535 0.127542 -0.126326
v 0.295892 0.084132 0.268404
v 0.290652 0.080702 0.265279
v 0.291079 0.088833 0.266473
v 0.498776 0.130972 -0.123201
v 0.501042 0.137307 -0.121269
v 0.493962 0.135672 -0.125132
v 0.295892 0.084132 0.268404
v 0.291079 0.088833 0.266473
v 0.298158 0.090468 0.270336
v 0.498776 0.130972 -0.123201
v 0.504990 0.130186 -0.120075
v 0.501042 0.137307 -0.121269
v 0.295892 0.084132 0.268404
v 0.298158 0.090468 0.270336
v 0.302106 0.083347 0.271530
v 0.498776 0.130972 -0.123201
v 0.500350 0.124151 -0.123201
v 0.504990 0.130186 -0.120075
v 0.295892 0.084132 0.268404
v 0.302106 0.083347 0.271530
v 0.297467 0.077312 0.268404
v -0.171325 0.640058 0.076606
v -0.166484 0.640426 0.083250
v -0.173454 0.010465 0.123251
v -0.178296 0.010097 0.116607
v -0.166484 0.640426 0.083250
v -0.158660 0.640179 0.080712
v -0.165630 0.010217 0.120713
v -0.173454 0.010465 0.123251
v -0.158660 0.640179 0.080712
v -0.158666 0.639657 0.072500
v -0.165636 0.009696 0.112501
v -0.165630 0.010217 0.120713
v -0.158666 0.639657 0.072500
v -0.166493 0.639583 0.069962
v -0.173464 0.009621 0.109963
v -0.165636 0.009696 0.112501
v -0.166493 0.639583 0.069962
v -0.171325 0.640058 0.076606
v -0.178296 0.010097 0.116607
v -0.173464 0.009621 0.109963
v -0.164326 0.639981 0.076606
v -0.166484 0.640426 0.083250
v -0.171325 0.640058 0.076606
v -0.171296 0.010019 0.116607
v -0.178296 0.010097 0.116607
v -0.173454 0.010465 0.123251
v -0.164326 0.639981 0.076606
v -0.158660 0.640179 0.080712
v -0.166484 0.640426 0.083250
v -0.171296 0.010019 0.116607
v -0.173454 0.010465 0.123251
v -0.165630 0.010217 0.120713
v -0.164326 0.639981 0.076606
v -0.158666 0.639657 0.072500
v -0.158660 0.640179 0.080712
v -0.171296 0.010019 0.116607
v -0.165630 0.010217 0.120713
v -0.165636 0.009696 0.112501
v -0.164326 0.639981 0.076606
v -0.166493 0.639583 0.069962
v -0.158666 0.639657 0.072500
v -0.171296 0.010019 0.116607
v -0.165636 0.009696 0.112501
v -0.173464 0.009621 0.109963
v -0.164326 0.639981 0.076606
v -0.171325 0.640058 0.076606
v -0.166493 0.639583 0.069962
v -0.171296 0.010019 0.116607
v -0.173464 0.009621 0.109963
v -0.178296 0.010097 0.116607
v -0.167590 0.192000 0.116606
v -0.030100 0.145467 0.025289
v 0.142150 -0.018277 -0.021299
v -0.007729 0.145467 0.075534
v 0.063485 0.045271 -0.115092
v 0.060082 0.052080 -0.118217
v -0.098022 0.122472 0.207273
v -0.094619 0.115663 0.210398
v 0.060082 0.052080 -0.118217
v 0.065316 0.058316 -0.117023
v -0.092787 0.128709 0.208467
v -0.098022 0.122472 0.207273
v 0.065316 0.058316 -0.117023
v 0.071954 0.055361 -0.113160
v -0.086150 0.125753 0.212330
v -0.092787 0.128709 0.208467
v 0.071954 0.055361 -0.113160
v 0.070822 0.047298 -0.111966
v -0.087282 0.117691 0.213524
v -0.086150 0.125753 0.212330
v 0.070822 0.047298 -0.111966
v 0.063485 0.045271 -0.115092
v -0.094619 0.115663 0.210398
v -0.087282 0.117691 0.213524
v 0.066332 0.051665 -0.115092
v 0.060082 0.052080 -0.118217
v 0.063485 0.045271 -0.115092
v -0.091772 0.122058 0.210398
v -0.094619 0.115663 0.210398
v -0.098022 0.122472 0.207273
v 0.066332 0.051665 -0.115092
v 0.065316 0.058316 -0.117023
v 0.060082 0.052080 -0.118217
v -0.091772 0.122058 0.210398
v -0.098022 0.122472 0.207273
v -0.092787 0.128709 0.208467
v 0.066332 0.051665 -0.115092
v 0.071954 0.055361 -0.113160
v 0.065316 0.058316 -0.117023
v -0.091772 0.122058 0.210398
v -0.092787 0.128709 0.208467
v -0.086150 0.125753 0.212330
v 0.066332 0.051665 -0.115092
v 0.070822 0.047298 -0.111966
v 0.071954 0.055361 -0.113160
v -0.091772 0.122058 0.210398
v -0.086150 0.125753 0.212330
v -0.087282 0.117691 0.213524
v 0.066332 0.051665 -0.115092
v 0.063485 0.045271 -0.115092
v 0.070822 0.047298 -0.111966
v -0.091772 0.122058 0.210398
v -0.087282 0.117691 0.213524
v -0.094619 0.115663 0.210398
v 0.244587 0.378721 -0.237131
v 0.247324 0.374683 -0.230503
v -0.199221 0.149745 -0.183127
v -0.201958 0.153783 -0.189755
v 0.247324 0.374683 -0.230503
v 0.250631 0.367586 -0.233035
v -0.195915 0.142648 -0.185659
v -0.199221 0.149745 -0.183127
v 0.250631 0.367586 -0.233035
v 0.249937 0.367237 -0.241227
v -0.196608 0.142299 -0.193851
v -0.195915 0.142648 -0.185659
v 0.249937 0.367237 -0.241227
v 0.246202 0.374118 -0.243759
v -0.200343 0.149180 -0.196383
v -0.196608 0.142299 -0.193851
v 0.246202 0.374118 -0.243759
v 0.244587 0.378721 -0.237131
v -0.201958 0.153783 -0.189755
v -0.200343 0.149180 -0.196383
v 0.247736 0.372469 -0.237131
v 0.247324 0.374683 -0.230503
v 0.244587 0.378721 -0.237131
v -0.198809 0.147531 -0.189755
v -0.201958 0.153783 -0.189755
v -0.199221 0.149745 -0.183127
v 0.247736 0.372469 -0.237131
v 0.250631 0.367586 -0.233035
v 0.247324 0.374683 -0.230503
v -0.198809 0.147531 -0.189755
v -0.199221 0.149745 -0.183127
v -0.195915 0.142648 -0.185659
v 0.247736 0.372469 -0.237131
v 0.249937 0.367237 -0.241227
v 0.250631 0.367586 -0.233035
v -0.198809 0.147531 -0.189755
v -0.195915 0.142648 -0.185659
v -0.196608 0.142299 -0.193851
v 0.247736 0.372469 -0.237131
v 0.246202 0.374118 -0.243759
v 0.249937 0.367237 -0.241227
v -0.198809 0.147531 -0.189755
v -0.196608 0.142299 -0.193851
v -0.200343 0.149180 -0.196383
v 0.247736 0.372469 -0.237131
v 0.244587 0.378721 -0.237131
v 0.246202 0.374118 -0.243759
v -0.198809 0.147531 -0.189755
v -0.200343 0.149180 -0.196383
v -0.201958 0.153783 -0.189755
v 0.045619 0.153000 -0.202786
v 0.084441 0.124044 -0.329546
v 0.176606 -0.020658 -0.439093
v 0.132545 0.124044 -0.302881
v 0.138421 0.002467 -0.450627
v 0.139801 0.009953 -0.453752
v 0.072940 0.130574 -0.194378
v 0.071560 0.123087 -0.191252
v 0.139801 0.009953 -0.453752
v 0.147735 0.011784 -0.452558
v 0.080874 0.132404 -0.193184
v 0.072940 0.130574 -0.194378
v 0.147735 0.011784 -0.452558
v 0.151257 0.005429 -0.448695
v 0.084396 0.126049 -0.189320
v 0.080874 0.132404 -0.193184
v 0.151257 0.005429 -0.448695
v 0.145501 -0.000329 -0.447501
v 0.078640 0.120291 -0.188127
v 0.084396 0.126049 -0.189320
v 0.145501 -0.000329 -0.447501
v 0.138421 0.002467 -0.450627
v 0.071560 0.123087 -0.191252
v 0.078640 0.120291 -0.188127
v 0.144543 0.005861 -0.450627
v 0.139801 0.009953 -0.453752
v 0.138421 0.002467 -0.450627
v 0.077682 0.126481 -0.191252
v 0.071560 0.123087 -0.191252
v 0.072940 0.130574 -0.194378
v 0.144543 0.005861 -0.450627
v 0.147735 0.011784 -0.452558
v 0.139801 0.009953 -0.453752
v 0.077682 0.126481 -0.191252
v 0.072940 0.130574 -0.194378
v 0.080874 0.132404 -0.193184
v 0.144543 0.005861 -0.450627
v 0.151257 0.005429 -0.448695
v 0.147735 0.011784 -0.452558
v 0.077682 0.126481 -0.191252
v 0.080874 0.132404 -0.193184
v 0.084396 0.126049 -0.189320
v 0.144543 0.005861 -0.450627
v 0.145501 -0.000329 -0.447501
v 0.151257 0.005429 -0.448695
v 0.077682 0.126481 -0.191252
v 0.084396 0.126049 -0.189320
v 0.078640 0.120291 -0.188127
v 0.144543 0.005861 -0.450627
v 0.138421 0.002467 -0.450627
v 0.145501 -0.000329 -0.447501
v 0.077682 0.126481 -0.191252
v 0.078640 0.120291 -0.188127
v 0.071560 0.123087 -0.191252
v 0.258190 0.136639 0.167783
v 0.257301 0.131807 0.174384
v -0.089172 0.261639 0.222737
v -0.088283 0.266471 0.216136
v 0.257301 0.131807 0.174384
v 0.254246 0.124594 0.171862
v -0.092227 0.254426 0.220216
v -0.089172 0.261639 0.222737
v 0.254246 0.124594 0.171862
v 0.253248 0.124968 0.163703
v -0.093225 0.254800 0.212056
v -0.092227 0.254426 0.220216
v 0.253248 0.124968 0.163703
v 0.255685 0.132412 0.161181
v -0.090788 0.262244 0.209535
v -0.093225 0.254800 0.212056
v 0.255685 0.132412 0.161181
v 0.258190 0.136639 0.167783
v -0.088283 0.266471 0.216136
v -0.090788 0.262244 0.209535
v 0.255734 0.130084 0.167783
v 0.257301 0.131807 0.174384
v 0.258190 0.136639 0.167783
v -0.090739 0.259916 0.216136
v -0.088283 0.266471 0.216136
v -0.089172 0.261639 0.222737
v 0.255734 0.130084 0.167783
v 0.254246 0.124594 0.171862
v 0.257301 0.131807 0.174384
v -0.090739 0.259916 0.216136
v -0.089172 0.261639 0.222737
v -0.092227 0.254426 0.220216
v 0.255734 0.130084 0.167783
v 0.253248 0.124968 0.163703
v 0.254246 0.124594 0.171862
v -0.090739 0.259916 0.216136
v -0.092227 0.254426 0.220216
v -0.093225 0.254800 0.212056
v 0.255734 0.130084 0.167783
v 0.255685 0.132412 0.161181
v 0.253248 0.124968 0.163703
v -0.090739 0.259916 0.216136
v -0.093225 0.254800 0.212056
v -0.090788 0.262244 0.209535
v 0.255734 0.130084 0.167783
v 0.258190 0.136639 0.167783
v 0.255685 0.132412 0.161181
v -0.090739 0.259916 0.216136
v -0.090788 0.262244 0.209535
v -0.088283 0.266471 0.216136
v 0.105137 0.114000 0.183476
v 0.064456 0.102621 0.091614
v 0.077120 -0.023040 -0.015877
v 0.118921 0.102621 0.083959
v 0.077046 -0.004424 -0.012830
v 0.082654 0.000723 -0.015956
v 0.096955 0.102481 0.177304
v 0.091347 0.097333 0.180429
v 0.082654 0.000723 -0.015956
v 0.090091 -0.002589 -0.014762
v 0.104393 0.099169 0.178497
v 0.096955 0.102481 0.177304
v 0.090091 -0.002589 -0.014762
v 0.089080 -0.009784 -0.010899
v 0.103381 0.091974 0.182361
v 0.104393 0.099169 0.178497
v 0.089080 -0.009784 -0.010899
v 0.081018 -0.010919 -0.009705
v 0.095319 0.090839 0.183555
v 0.103381 0.091974 0.182361
v 0.081018 -0.010919 -0.009705
v 0.077046 -0.004424 -0.012830
v 0.091347 0.097333 0.180429
v 0.095319 0.090839 0.183555
v 0.083978 -0.005399 -0.012830
v 0.082654 0.000723 -0.015956
v 0.077046 -0.004424 -0.012830
v 0.098279 0.096359 0.180429
v 0.091347 0.097333 0.180429
v 0.096955 0.102481 0.177304
v 0.083978 -0.005399 -0.012830
v 0.090091 -0.002589 -0.014762
v 0.082654 0.000723 -0.015956
v 0.098279 0.096359 0.180429
v 0.096955 0.102481 0.177304
v 0.104393 0.099169 0.178497
v 0.083978 -0.005399 -0.012830
v 0.089080 -0.009784 -0.010899
v 0.090091 -0.002589 -0.014762
v 0.098279 0.096359 0.180429
v 0.104393 0.099169 0.178497
v 0.103381 0.091974 0.182361
v 0.083978 -0.005399 -0.012830
v 0.081018 -0.010919 -0.009705
v 0.089080 -0.009784 -0.010899
v 0.098279 0.096359 0.180429
v 0.103381 0.091974 0.182361
v 0.095319 0.090839 0.183555
v 0.083978 -0.005399 -0.012830
v 0.077046 -0.004424 -0.012830
v 0.081018 -0.010919 -0.009705
v 0.098279 0.096359 0.180429
v 0.095319 0.090839 0.183555
v 0.091347 0.097333 0.180429
v -0.138674 0.016337 -0.065619
v -0.143387 0.015194 -0.058971
v -0.268506 0.764824 -0.018774
v -0.263793 0.765967 -0.025422
v -0.143387 0.015194 -0.058971
v -0.151129 0.014038 -0.061510
v -0.276248 0.763668 -0.021314
v -0.268506 0.764824 -0.018774
v -0.151129 0.014038 -0.061510
v -0.151200 0.014467 -0.069728
v -0.276319 0.764097 -0.029531
v -0.276248 0.763668 -0.021314
v -0.151200 0.014467 -0.069728
v -0.143503 0.015888 -0.072267
v -0.268622 0.765518 -0.032071
v -0.276319 0.764097 -0.029531
v -0.143503 0.015888 -0.072267
v -0.138674 0.016337 -0.065619
v -0.263793 0.765967 -0.025422
v -0.268622 0.765518 -0.032071
v -0.145578 0.015185 -0.065619
v -0.143387 0.015194 -0.058971
v -0.138674 0.016337 -0.065619
v -0.270698 0.764815 -0.025422
v -0.263793 0.765967 -0.025422
v -0.268506 0.764824 -0.018774
v -0.145578 0.015185 -0.065619
v -0.151129 0.014038 -0.061510
v -0.143387 0.015194 -0.058971
v -0.270698 0.764815 -0.025422
v -0.268506 0.764824 -0.018774
v -0.276248 0.763668 -0.021314
v -0.145578 0.015185 -0.065619
v -0.151200 0.014467 -0.069728
v -0.151129 0.014038 -0.061510
v -0.270698 0.764815 -0.025422
v -0.276248 0.763668 -0.021314
v -0.276319 0.764097 -0.029531
v -0.145578 0.015185 -0.065619
v -0.143503 0.015888 -0.072267
v -0.151200 0.014467 -0.069728
v -0.270698 0.764815 -0.025422
v -0.276319 0.764097 -0.029531
v -0.268622 0.765518 -0.032071
v -0.145578 0.015185 -0.065619
v -0.138674 0.016337 -0.065619
v -0.143503 0.015888 -0.072267
v -0.270698 0.764815 -0.025422
v -0.268622 0.765518 -0.032071
v -0.263793 0.765967 -0.025422
v -0.204829 0.231000 -0.065345
v -0.362728 0.166890 -0.184353
v -0.493274 -0.015896 -0.353789
v -0.323837 0.166890 -0.223244
v -0.427618 0.038885 -0.405369
v -0.420041 0.039621 -0.408495
v -0.272808 0.186855 -0.016890
v -0.280384 0.186119 -0.013765
v -0.420041 0.039621 -0.408495
v -0.416095 0.032500 -0.407301
v -0.268861 0.179733 -0.015696
v -0.272808 0.186855 -0.016890
v -0.416095 0.032500 -0.407301
v -0.421233 0.027362 -0.403438
v -0.273999 0.174596 -0.011833
v -0.268861 0.179733 -0.015696
v -0.421233 0.027362 -0.403438
v -0.428354 0.031308 -0.402244
v -0.281121 0.178542 -0.010639
v -0.273999 0.174596 -0.011833
v -0.428354 0.031308 -0.402244
v -0.427618 0.038885 -0.405369
v -0.280384 0.186119 -0.013765
v -0.281121 0.178542 -0.010639
v -0.422668 0.033935 -0.405369
v -0.420041 0.039621 -0.408495
v -0.427618 0.038885 -0.405369
v -0.275435 0.181169 -0.013765
v -0.280384 0.186119 -0.013765
v -0.272808 0.186855 -0.016890
v -0.422668 0.033935 -0.405369
v -0.416095 0.032500 -0.407301
v -0.420041 0.039621 -0.408495
v -0.275435 0.181169 -0.013765
v -0.272808 0.186855 -0.016890
v -0.268861 0.179733 -0.015696
v -0.422668 0.033935 -0.405369
v -0.421233 0.027362 -0.403438
v -0.416095 0.032500 -0.407301
v -0.275435 0.181169 -0.013765
v -0.268861 0.179733 -0.015696
v -0.273999 0.174596 -0.011833
v -0.422668 0.033935 -0.405369
v -0.428354 0.031308 -0.402244
v -0.421233 0.027362 -0.403438
v -0.275435 0.181169 -0.013765
v -0.273999 0.174596 -0.011833
v -0.281121 0.178542 -0.010639
v -0.422668 0.033935 -0.405369
v -0.427618 0.038885 -0.405369
v -0.428354 0.031308 -0.402244
v -0.275435 0.181169 -0.013765
v -0.281121 0.178542 -0.010639
v -0.280384 0.186119 -0.013765
v -0.010685 0.276388 -0.091284
v -0.011044 0.280899 -0.085874
v 0.376400 0.146784 0.051694
v 0.376759 0.142272 0.046284
v -0.011044 0.280899 -0.085874
v -0.008194 0.287012 -0.087941
v 0.379250 0.152896 0.049628
v 0.376400 0.146784 0.051694
v -0.008194 0.287012 -0.087941
v -0.006074 0.286278 -0.094628
v 0.381370 0.152162 0.042941
v 0.379250 0.152896 0.049628
v -0.006074 0.286278 -0.094628
v -0.007613 0.279712 -0.096694
v 0.379831 0.145596 0.040874
v 0.381370 0.152162 0.042941
v -0.007613 0.279712 -0.096694
v -0.010685 0.276388 -0.091284
v 0.376759 0.142272 0.046284
v 0.379831 0.145596 0.040874
v -0.008722 0.282058 -0.091284
v -0.011044 0.280899 -0.085874
v -0.010685 0.276388 -0.091284
v 0.378722 0.147942 0.046284
v 0.376759 0.142272 0.046284
v 0.376400 0.146784 0.051694
v -0.008722 0.282058 -0.091284
v -0.008194 0.287012 -0.087941
v -0.011044 0.280899 -0.085874
v 0.378722 0.147942 0.046284
v 0.376400 0.146784 0.051694
v 0.379250 0.152896 0.049628
v -0.008722 0.282058 -0.091284
v -0.006074 0.286278 -0.094628
v -0.008194 0.287012 -0.087941
v 0.378722 0.147942 0.046284
v 0.379250 0.152896 0.049628
v 0.381370 0.152162 0.042941
v -0.008722 0.282058 -0.091284
v -0.007613 0.279712 -0.096694
v -0.006074 0.286278 -0.094628
v 0.378722 0.147942 0.046284
v 0.381370 0.152162 0.042941
v 0.379831 0.145596 0.040874
v -0.008722 0.282058 -0.091284
v -0.010685 0.276388 -0.091284
v -0.007613 0.279712 -0.096694
v 0.378722 0.147942 0.046284
v 0.379831 0.145596 0.040874
v 0.376759 0.142272 0.046284
v 0.120000 0.126000 0.000000
v 0.237157 0.093354 0.020371
v 0.344566 -0.060345 0.090731
v 0.218427 0.093354 0.066730
v 0.302261 0.053551 -0.070892
v 0.295215 0.055920 -0.074420
v 0.160503 0.001493 0.158095
v 0.167550 -0.000876 0.161623
v 0.295215 0.055920 -0.074420
v 0.294282 0.063985 -0.073072
v 0.159571 0.009558 0.159442
v 0.160503 0.001493 0.158095
v 0.294282 0.063985 -0.073072
v 0.300753 0.066599 -0.068712
v 0.166041 0.012172 0.163803
v 0.159571 0.009558 0.159442
v 0.300753 0.066599 -0.068712
v 0.305684 0.060150 -0.067364
v 0.170972 0.005723 0.165150
v 0.166041 0.012172 0.163803
v 0.305684 0.060150 -0.067364
v 0.302261 0.053551 -0.070892
v 0.167550 -0.000876 0.161623
v 0.170972 0.005723 0.165150
v 0.299639 0.060041 -0.070892
v 0.295215 0.055920 -0.074420
v 0.302261 0.053551 -0.070892
v 0.164927 0.005614 0.161623
v 0.167550 -0.000876 0.161623
v 0.160503 0.001493 0.158095
v 0.299639 0.060041 -0.070892
v 0.294282 0.063985 -0.073072
v 0.295215 0.055920 -0.074420
v 0.164927 0.005614 0.161623
v 0.160503 0.001493 0.158095
v 0.159571 0.009558 0.159442
v 0.299639 0.060041 -0.070892
v 0.300753 0.066599 -0.068712
v 0.294282 0.063985 -0.073072
v 0.164927 0.005614 0.161623
v 0.159571 0.009558 0.159442
v 0.166041 0.012172 0.163803
v 0.299639 0.060041 -0.070892
v 0.305684 0.060150 -0.067364
v 0.300753 0.066599 -0.068712
v 0.164927 0.005614 0.161623
v 0.166041 0.012172 0.163803
v 0.170972 0.005723 0.165150
v 0.299639 0.060041 -0.070892
v 0.302261 0.053551 -0.070892
v 0.305684 0.060150 -0.067364
v 0.164927 0.005614 0.161623
v 0.170972 0.005723 0.165150
v 0.167550 -0.000876 0.161623
v -0.288074 0.316201 0.026927
v -0.288233 0.320643 0.032403
v 0.155911 0.166901 0.169971
v 0.156070 0.162459 0.164495
v -0.288233 0.320643 0.032403
v -0.285460 0.326782 0.030311
v 0.158684 0.173040 0.167880
v 0.155911 0.166901 0.169971
v -0.285460 0.326782 0.030311
v -0.283587 0.326134 0.023542
v 0.160556 0.172392 0.161110
v 0.158684 0.173040 0.167880
v -0.283587 0.326134 0.023542
v -0.285203 0.319595 0.021450
v 0.158940 0.165853 0.159018
v 0.160556 0.172392 0.161110
v -0.285203 0.319595 0.021450
v -0.288074 0.316201 0.026927
v 0.156070 0.162459 0.164495
v 0.158940 0.165853 0.159018
v -0.286111 0.321871 0.026927
v -0.288233 0.320643 0.032403
v -0.288074 0.316201 0.026927
v 0.158032 0.168129 0.164495
v 0.156070 0.162459 0.164495
v 0.155911 0.166901 0.169971
v -0.286111 0.321871 0.026927
v -0.285460 0.326782 0.030311
v -0.288233 0.320643 0.032403
v 0.158032 0.168129 0.164495
v 0.155911 0.166901 0.169971
v 0.158684 0.173040 0.167880
v -0.286111 0.321871 0.026927
v -0.283587 0.326134 0.023542
v -0.285460 0.326782 0.030311
v 0.158032 0.168129 0.164495
v 0.158684 0.173040 0.167880
v 0.160556 0.172392 0.161110
v -0.286111 0.321871 0.026927
v -0.285203 0.319595 0.021450
v -0.283587 0.326134 0.023542
v 0.158032 0.168129 0.164495
v 0.160556 0.172392 0.161110
v 0.158940 0.165853 0.159018
v -0.286111 0.321871 0.026927
v -0.288074 0.316201 0.026927
v -0.285203 0.319595 0.021450
v 0.158032 0.168129 0.164495
v 0.158940 0.165853 0.159018
v 0.156070 0.162459 0.164495
v -0.129040 0.144000 0.118211
v 0.006155 0.100976 0.119022
v 0.142678 -0.063966 0.171027
v -0.003385 0.100976 0.168103
v 0.089653 0.048987 0.011754
v 0.083188 0.052658 0.008226
v -0.079808 0.020975 0.273957
v -0.073343 0.017304 0.277484
v 0.083188 0.052658 0.008226
v 0.083811 0.060752 0.009573
v -0.079185 0.029069 0.275304
v -0.079808 0.020975 0.273957
v 0.083811 0.060752 0.009573
v 0.090662 0.062084 0.013934
v -0.072334 0.030400 0.279665
v -0.079185 0.029069 0.275304
v 0.090662 0.062084 0.013934
v 0.094272 0.054813 0.015282
v -0.068724 0.023129 0.281012
v -0.072334 0.030400 0.279665
v 0.094272 0.054813 0.015282
v 0.089653 0.048987 0.011754
v -0.073343 0.017304 0.277484
v -0.068724 0.023129 0.281012
v 0.088317 0.055859 0.011754
v 0.083188 0.052658 0.008226
v 0.089653 0.048987 0.011754
v -0.074679 0.024176 0.277484
v -0.073343 0.017304 0.277484
v -0.079808 0.020975 0.273957
v 0.088317 0.055859 0.011754
v 0.083811 0.060752 0.009573
v 0.083188 0.052658 0.008226
v -0.074679 0.024176 0.277484
v -0.079808 0.020975 0.273957
v -0.079185 0.029069 0.275304
v 0.088317 0.055859 0.011754
v 0.090662 0.062084 0.013934
v 0.083811 0.060752 0.009573
v -0.074679 0.024176 0.277484
v -0.079185 0.029069 0.275304
v -0.072334 0.030400 0.279665
v 0.088317 0.055859 0.011754
v 0.094272 0.054813 0.015282
v 0.090662 0.062084 0.013934
v -0.074679 0.024176 0.277484
v -0.072334 0.030400 0.279665
v -0.068724 0.023129 0.281012
v 0.088317 0.055859 0.011754
v 0.089653 0.048987 0.011754
v 0.094272 0.054813 0.015282
v -0.074679 0.024176 0.277484
v -0.068724 0.023129 0.281012
v -0.073343 0.017304 0.277484
v -0.170093 0.356014 -0.288309
v -0.170091 0.360401 -0.282785
v 0.330751 0.187033 -0.145217
v 0.330750 0.182646 -0.150740
v -0.170091 0.360401 -0.282785
v -0.167380 0.366561 -0.284895
v 0.333463 0.193193 -0.147327
v 0.330751 0.187033 -0.145217
v -0.167380 0.366561 -0.284895
v -0.165705 0.365982 -0.291722
v 0.335138 0.192613 -0.154154
v 0.333463 0.193193 -0.147327
v -0.165705 0.365982 -0.291722
v -0.167382 0.359463 -0.293832
v 0.333461 0.186095 -0.156264
v 0.335138 0.192613 -0.154154
v -0.167382 0.359463 -0.293832
v -0.170093 0.356014 -0.288309
v 0.330750 0.182646 -0.150740
v 0.333461 0.186095 -0.156264
v -0.168130 0.361684 -0.288309
v -0.170091 0.360401 -0.282785
v -0.170093 0.356014 -0.288309
v 0.332712 0.188316 -0.150740
v 0.330750 0.182646 -0.150740
v 0.330751 0.187033 -0.145217
v -0.168130 0.361684 -0.288309
v -0.167380 0.366561 -0.284895
v -0.170091 0.360401 -0.282785
v 0.332712 0.188316 -0.150740
v 0.330751 0.187033 -0.145217
v 0.333463 0.193193 -0.147327
v -0.168130 0.361684 -0.288309
v -0.165705 0.365982 -0.291722
v -0.167380 0.366561 -0.284895
v 0.332712 0.188316 -0.150740
v 0.333463 0.193193 -0.147327
v 0.335138 0.192613 -0.154154
v -0.168130 0.361684 -0.288309
v -0.167382 0.359463 -0.293832
v -0.165705 0.365982 -0.291722
v 0.332712 0.188316 -0.150740
v 0.335138 0.192613 -0.154154
v 0.333461 0.186095 -0.156264
v -0.168130 0.361684 -0.288309
v -0.170093 0.356014 -0.288309
v -0.167382 0.359463 -0.293832
v 0.332712 0.188316 -0.150740
v 0.333461 0.186095 -0.156264
v 0.330750 0.182646 -0.150740
v 0.017291 0.162000 -0.197024
v 0.166765 0.108599 -0.222024
v 0.328694 -0.067586 -0.197024
v 0.166765 0.108599 -0.172024
v 0.266394 0.040207 -0.346498
v 0.260748 0.045044 -0.350026
v 0.073946 0.045044 -0.051079
v 0.079591 0.040207 -0.047551
v 0.260748 0.045044 -0.350026
v 0.262905 0.052870 -0.348678
v 0.076102 0.052870 -0.049731
v 0.073946 0.045044 -0.051079
v 0.262905 0.052870 -0.348678
v 0.269883 0.052870 -0.344318
v 0.083081 0.052870 -0.045371
v 0.076102 0.052870 -0.049731
v 0.269883 0.052870 -0.344318
v 0.272040 0.045044 -0.342970
v 0.085237 0.045044 -0.044023
v 0.083081 0.052870 -0.045371
v 0.272040 0.045044 -0.342970
v 0.266394 0.040207 -0.346498
v 0.079591 0.040207 -0.047551
v 0.085237 0.045044 -0.044023
v 0.266394 0.047207 -0.346498
v 0.260748 0.045044 -0.350026
v 0.266394 0.040207 -0.346498
v 0.079591 0.047207 -0.047551
v 0.079591 0.040207 -0.047551
v 0.073946 0.045044 -0.051079
v 0.266394 0.047207 -0.346498
v 0.262905 0.052870 -0.348678
v 0.260748 0.045044 -0.350026
v 0.079591 0.047207 -0.047551
v 0.073946 0.045044 -0.051079
v 0.076102 0.052870 -0.049731
v 0.266394 0.047207 -0.346498
v 0.269883 0.052870 -0.344318
v 0.262905 0.052870 -0.348678
v 0.079591 0.047207 -0.047551
v 0.076102 0.052870 -0.049731
v 0.083081 0.052870 -0.045371
v 0.266394 0.047207 -0.346498
v 0.272040 0.045044 -0.342970
v 0.269883 0.052870 -0.344318
v 0.079591 0.047207 -0.047551
v 0.083081 0.052870 -0.045371
v 0.085237 0.045044 -0.044023
v 0.266394 0.047207 -0.346498
v 0.266394 0.040207 -0.346498
v 0.272040 0.045044 -0.342970
v 0.079591 0.047207 -0.047551
v 0.085237 0.045044 -0.044023
v 0.079591 0.040207 -0.047551
v -0.084759 0.395828 0.079549
v -0.084628 0.400169 0.085106
v 0.472914 0.207174 0.222674
v 0.472783 0.202832 0.217117
v -0.084628 0.400169 0.085106
v -0.081965 0.406347 0.082983
v 0.475576 0.213351 0.220551
v 0.472914 0.207174 0.222674
v -0.081965 0.406347 0.082983
v -0.080452 0.405823 0.076114
v 0.477090 0.212827 0.213682
v 0.475576 0.213351 0.220551
v -0.080452 0.405823 0.076114
v -0.082179 0.399322 0.073991
v 0.475363 0.206326 0.211559
v 0.477090 0.212827 0.213682
v -0.082179 0.399322 0.073991
v -0.084759 0.395828 0.079549
v 0.472783 0.202832 0.217117
v 0.475363 0.206326 0.211559
v -0.082797 0.401498 0.079549
v -0.084628 0.400169 0.085106
v -0.084759 0.395828 0.079549
v 0.474745 0.208502 0.217117
v 0.472783 0.202832 0.217117
v 0.472914 0.207174 0.222674
v -0.082797 0.401498 0.079549
v -0.081965 0.406347 0.082983
v -0.084628 0.400169 0.085106
v 0.474745 0.208502 0.217117
v 0.472914 0.207174 0.222674
v 0.475576 0.213351 0.220551
v -0.082797 0.401498 0.079549
v -0.080452 0.405823 0.076114
v -0.081965 0.406347 0.082983
v 0.474745 0.208502 0.217117
v 0.475576 0.213351 0.220551
v 0.477090 0.212827 0.213682
v -0.082797 0.401498 0.079549
v -0.082179 0.399322 0.073991
v -0.080452 0.405823 0.076114
v 0.474745 0.208502 0.217117
v 0.477090 0.212827 0.213682
v 0.475363 0.206326 0.211559
v -0.082797 0.401498 0.079549
v -0.084759 0.395828 0.079549
v -0.082179 0.399322 0.073991
v 0.474745 0.208502 0.217117
v 0.475363 0.206326 0.211559
v 0.472783 0.202832 0.217117
v 0.130974 0.180000 0.170833
v 0.289234 0.116221 0.114602
v 0.470621 -0.071207 0.104812
v 0.298775 0.116221 0.163683
v 0.401335 0.027723 -0.028259
v 0.396716 0.033548 -0.031787
v 0.192970 0.073152 0.300376
v 0.197589 0.067327 0.303904
v 0.396716 0.033548 -0.031787
v 0.400326 0.040819 -0.030440
v 0.196580 0.080423 0.301724
v 0.192970 0.073152 0.300376
v 0.400326 0.040819 -0.030440
v 0.407176 0.039488 -0.026079
v 0.203431 0.079092 0.306084
v 0.196580 0.080423 0.301724
v 0.407176 0.039488 -0.026079
v 0.407800 0.031394 -0.024732
v 0.204054 0.070998 0.307432
v 0.203431 0.079092 0.306084
v 0.407800 0.031394 -0.024732
v 0.401335 0.027723 -0.028259
v 0.197589 0.067327 0.303904
v 0.204054 0.070998 0.307432
v 0.402670 0.034594 -0.028259
v 0.396716 0.033548 -0.031787
v 0.401335 0.027723 -0.028259
v 0.198925 0.074199 0.303904
v 0.197589 0.067327 0.303904
v 0.192970 0.073152 0.300376
v 0.402670 0.034594 -0.028259
v 0.400326 0.040819 -0.030440
v 0.396716 0.033548 -0.031787
v 0.198925 0.074199 0.303904
v 0.192970 0.073152 0.300376
v 0.196580 0.080423 0.301724
v 0.402670 0.034594 -0.028259
v 0.407176 0.039488 -0.026079
v 0.400326 0.040819 -0.030440
v 0.198925 0.074199 0.303904
v 0.196580 0.080423 0.301724
v 0.203431 0.079092 0.306084
v 0.402670 0.034594 -0.028259
v 0.407800 0.031394 -0.024732
v 0.407176 0.039488 -0.026079
v 0.198925 0.074199 0.303904
v 0.203431 0.079092 0.306084
v 0.204054 0.070998 0.307432
v 0.402670 0.034594 -0.028259
v 0.401335 0.027723 -0.028259
v 0.407800 0.031394 -0.024732
v 0.198925 0.074199 0.303904
v 0.204054 0.070998 0.307432
v 0.197589 0.067327 0.303904
v -0.357169 0.276388 -0.131346
v -0.357528 0.280899 -0.125936
v 0.029916 0.146784 0.011632
v 0.030275 0.142272 0.006222
v -0.357528 0.280899 -0.125936
v -0.354679 0.287012 -0.128002
v 0.032766 0.152896 0.009566
v 0.029916 0.146784 0.011632
v -0.354679 0.287012 -0.128002
v -0.352558 0.286278 -0.134689
v 0.034886 0.152162 0.002879
v 0.032766 0.152896 0.009566
v -0.352558 0.286278 -0.134689
v -0.354097 0.279712 -0.136756
v 0.033347 0.145596 0.000813
v 0.034886 0.152162 0.002879
v -0.354097 0.279712 -0.136756
v -0.357169 0.276388 -0.131346
v 0.030275 0.142272 0.006222
v 0.033347 0.145596 0.000813
v -0.355206 0.282058 -0.131346
v -0.357528 0.280899 -0.125936
v -0.357169 0.276388 -0.131346
v 0.032238 0.147942 0.006222
v 0.030275 0.142272 0.006222
v 0.029916 0.146784 0.011632
v -0.355206 0.282058 -0.131346
v -0.354679 0.287012 -0.128002
v -0.357528 0.280899 -0.125936
v 0.032238 0.147942 0.006222
v 0.029916 0.146784 0.011632
v 0.032766 0.152896 0.009566
v -0.355206 0.282058 -0.131346
v -0.352558 0.286278 -0.134689
v -0.354679 0.287012 -0.128002
v 0.032238 0.147942 0.006222
v 0.032766 0.152896 0.009566
v 0.034886 0.152162 0.002879
v -0.355206 0.282058 -0.131346
v -0.354097 0.279712 -0.136756
v -0.352558 0.286278 -0.134689
v 0.032238 0.147942 0.006222
v 0.034886 0.152162 0.002879
v 0.033347 0.145596 0.000813
v -0.355206 0.282058 -0.131346
v -0.357169 0.276388 -0.131346
v -0.354097 0.279712 -0.136756
v 0.032238 0.147942 0.006222
v 0.033347 0.145596 0.000813
v 0.030275 0.142272 0.006222
v -0.226484 0.126000 -0.040062
v -0.128057 0.093354 -0.106792
v -0.001918 -0.060345 -0.130792
v -0.109327 0.093354 -0.060433
v -0.049467 -0.000876 -0.201684
v -0.052890 0.005723 -0.205212
v -0.187602 0.060150 0.027302
v -0.184179 0.053551 0.030830
v -0.052890 0.005723 -0.205212
v -0.047959 0.012172 -0.203865
v -0.182671 0.066599 0.028650
v -0.187602 0.060150 0.027302
v -0.047959 0.012172 -0.203865
v -0.041489 0.009558 -0.199504
v -0.176200 0.063985 0.033011
v -0.182671 0.066599 0.028650
v -0.041489 0.009558 -0.199504
v -0.042421 0.001493 -0.198156
v -0.177132 0.055920 0.034358
v -0.176200 0.063985 0.033011
v -0.042421 0.001493 -0.198156
v -0.049467 -0.000876 -0.201684
v -0.184179 0.053551 0.030830
v -0.177132 0.055920 0.034358
v -0.046845 0.005614 -0.201684
v -0.052890 0.005723 -0.205212
v -0.049467 -0.000876 -0.201684
v -0.181557 0.060041 0.030830
v -0.184179 0.053551 0.030830
v -0.187602 0.060150 0.027302
v -0.046845 0.005614 -0.201684
v -0.047959 0.012172 -0.203865
v -0.052890 0.005723 -0.205212
v -0.181557 0.060041 0.030830
v -0.187602 0.060150 0.027302
v -0.182671 0.066599 0.028650
v -0.046845 0.005614 -0.201684
v -0.041489 0.009558 -0.199504
v -0.047959 0.012172 -0.203865
v -0.181557 0.060041 0.030830
v -0.182671 0.066599 0.028650
v -0.176200 0.063985 0.033011
v -0.046845 0.005614 -0.201684
v -0.042421 0.001493 -0.198156
v -0.041489 0.009558 -0.199504
v -0.181557 0.060041 0.030830
v -0.176200 0.063985 0.033011
v -0.177132 0.055920 0.034358
v -0.046845 0.005614 -0.201684
v -0.049467 -0.000876 -0.201684
v -0.042421 0.001493 -0.198156
v -0.181557 0.060041 0.030830
v -0.177132 0.055920 0.034358
v -0.184179 0.053551 0.030830
v 0.045984 0.316201 -0.221701
v 0.045826 0.320643 -0.216224
v 0.489969 0.166901 -0.078656
v 0.490128 0.162459 -0.084132
v 0.045826 0.320643 -0.216224
v 0.048599 0.326782 -0.218316
v 0.492742 0.173040 -0.080748
v 0.489969 0.166901 -0.078656
v 0.048599 0.326782 -0.218316
v 0.050471 0.326134 -0.225085
v 0.494614 0.172392 -0.087517
v 0.492742 0.173040 -0.080748
v 0.050471 0.326134 -0.225085
v 0.048855 0.319595 -0.227177
v 0.492999 0.165853 -0.089609
v 0.494614 0.172392 -0.087517
v 0.048855 0.319595 -0.227177
v 0.045984 0.316201 -0.221701
v 0.490128 0.162459 -0.084132
v 0.492999 0.165853 -0.089609
v 0.047947 0.321871 -0.221701
v 0.045826 0.320643 -0.216224
v 0.045984 0.316201 -0.221701
v 0.492090 0.168129 -0.084132
v 0.490128 0.162459 -0.084132
v 0.489969 0.166901 -0.078656
v 0.047947 0.321871 -0.221701
v 0.048599 0.326782 -0.218316
v 0.045826 0.320643 -0.216224
v 0.492090 0.168129 -0.084132
v 0.489969 0.166901 -0.078656
v 0.492742 0.173040 -0.080748
v 0.047947 0.321871 -0.221701
v 0.050471 0.326134 -0.225085
v 0.048599 0.326782 -0.218316
v 0.492090 0.168129 -0.084132
v 0.492742 0.173040 -0.080748
v 0.494614 0.172392 -0.087517
v 0.047947 0.321871 -0.221701
v 0.048855 0.319595 -0.227177
v 0.050471 0.326134 -0.225085
v 0.492090 0.168129 -0.084132
v 0.494614 0.172392 -0.087517
v 0.492999 0.165853 -0.089609
v 0.047947 0.321871 -0.221701
v 0.045984 0.316201 -0.221701
v 0.048855 0.319595 -0.227177
v 0.492090 0.168129 -0.084132
v 0.492999 0.165853 -0.089609
v 0.490128 0.162459 -0.084132
v 0.205019 0.144000 -0.130416
v 0.302833 0.100976 -0.223747
v 0.437165 -0.063966 -0.281174
v 0.330065 0.100976 -0.181813
v 0.386909 -0.011071 -0.338661
v 0.384808 -0.003940 -0.342189
v 0.245549 0.086496 -0.076458
v 0.247650 0.079364 -0.072930
v 0.384808 -0.003940 -0.342189
v 0.390879 0.001449 -0.340841
v 0.251621 0.091885 -0.075110
v 0.245549 0.086496 -0.076458
v 0.390879 0.001449 -0.340841
v 0.396732 -0.002352 -0.336480
v 0.257473 0.088084 -0.070750
v 0.251621 0.091885 -0.075110
v 0.396732 -0.002352 -0.336480
v 0.394278 -0.010090 -0.335133
v 0.255019 0.080346 -0.069402
v 0.257473 0.088084 -0.070750
v 0.394278 -0.010090 -0.335133
v 0.386909 -0.011071 -0.338661
v 0.247650 0.079364 -0.072930
v 0.255019 0.080346 -0.069402
v 0.390721 -0.005201 -0.338661
v 0.384808 -0.003940 -0.342189
v 0.386909 -0.011071 -0.338661
v 0.251463 0.085235 -0.072930
v 0.247650 0.079364 -0.072930
v 0.245549 0.086496 -0.076458
v 0.390721 -0.005201 -0.338661
v 0.390879 0.001449 -0.340841
v 0.384808 -0.003940 -0.342189
v 0.251463 0.085235 -0.072930
v 0.245549 0.086496 -0.076458
v 0.251621 0.091885 -0.075110
v 0.390721 -0.005201 -0.338661
v 0.396732 -0.002352 -0.336480
v 0.390879 0.001449 -0.340841
v 0.251463 0.085235 -0.072930
v 0.251621 0.091885 -0.075110
v 0.257473 0.088084 -0.070750
v 0.390721 -0.005201 -0.338661
v 0.394278 -0.010090 -0.335133
v 0.396732 -0.002352 -0.336480
v 0.251463 0.085235 -0.072930
v 0.257473 0.088084 -0.070750
v 0.255019 0.080346 -0.069402
v 0.390721 -0.005201 -0.338661
v 0.386909 -0.011071 -0.338661
v 0.394278 -0.010090 -0.335133
v 0.251463 0.085235 -0.072930
v 0.255019 0.080346 -0.069402
v 0.247650 0.079364 -0.072930
v -0.253511 0.356014 0.154705
v -0.253509 0.360401 0.160228
v 0.247333 0.187033 0.297796
v 0.247332 0.182646 0.292273
v -0.253509 0.360401 0.160228
v -0.250797 0.366561 0.158118
v 0.250045 0.193193 0.295687
v 0.247333 0.187033 0.297796
v -0.250797 0.366561 0.158118
v -0.249123 0.365982 0.151291
v 0.251720 0.192613 0.288859
v 0.250045 0.193193 0.295687
v -0.249123 0.365982 0.151291
v -0.250800 0.359463 0.149182
v 0.250043 0.186095 0.286750
v 0.251720 0.192613 0.288859
v -0.250800 0.359463 0.149182
v -0.253511 0.356014 0.154705
v 0.247332 0.182646 0.292273
v 0.250043 0.186095 0.286750
v -0.251548 0.361684 0.154705
v -0.253509 0.360401 0.160228
v -0.253511 0.356014 0.154705
v 0.249295 0.188316 0.292273
v 0.247332 0.182646 0.292273
v 0.247333 0.187033 0.297796
v -0.251548 0.361684 0.154705
v -0.250797 0.366561 0.158118
v -0.253509 0.360401 0.160228
v 0.249295 0.188316 0.292273
v 0.247333 0.187033 0.297796
v 0.250045 0.193193 0.295687
v -0.251548 0.361684 0.154705
v -0.249123 0.365982 0.151291
v -0.250797 0.366561 0.158118
v 0.249295 0.188316 0.292273
v 0.250045 0.193193 0.295687
v 0.251720 0.192613 0.288859
v -0.251548 0.361684 0.154705
v -0.250800 0.359463 0.149182
v -0.249123 0.365982 0.151291
v 0.249295 0.188316 0.292273
v 0.251720 0.192613 0.288859
v 0.250043 0.186095 0.286750
v -0.251548 0.361684 0.154705
v -0.253511 0.356014 0.154705
v -0.250800 0.359463 0.149182
v 0.249295 0.188316 0.292273
v 0.250043 0.186095 0.286750
v 0.247332 0.182646 0.292273
v -0.066127 0.162000 0.245989
v 0.024029 0.108599 0.124172
v 0.157878 -0.067586 0.029670
v 0.058762 0.108599 0.160139
v 0.108201 -0.022711 -0.011644
v 0.107499 -0.015309 -0.015172
v -0.026875 0.114455 0.283775
v -0.026174 0.107054 0.287303
v 0.107499 -0.015309 -0.015172
v 0.114487 -0.011178 -0.013824
v -0.019888 0.118586 0.285123
v -0.026875 0.114455 0.283775
v 0.114487 -0.011178 -0.013824
v 0.119507 -0.016025 -0.009464
v -0.014868 0.113739 0.289483
v -0.019888 0.118586 0.285123
v 0.119507 -0.016025 -0.009464
v 0.115622 -0.023153 -0.008116
v -0.018753 0.106611 0.290831
v -0.014868 0.113739 0.289483
v 0.115622 -0.023153 -0.008116
v 0.108201 -0.022711 -0.011644
v -0.026174 0.107054 0.287303
v -0.018753 0.106611 0.290831
v 0.113063 -0.017675 -0.011644
v 0.107499 -0.015309 -0.015172
v 0.108201 -0.022711 -0.011644
v -0.021312 0.112089 0.287303
v -0.026174 0.107054 0.287303
v -0.026875 0.114455 0.283775
v 0.113063 -0.017675 -0.011644
v 0.114487 -0.011178 -0.013824
v 0.107499 -0.015309 -0.015172
v -0.021312 0.112089 0.287303
v -0.026875 0.114455 0.283775
v -0.019888 0.118586 0.285123
v 0.113063 -0.017675 -0.011644
v 0.119507 -0.016025 -0.009464
v 0.114487 -0.011178 -0.013824
v -0.021312 0.112089 0.287303
v -0.019888 0.118586 0.285123
v -0.014868 0.113739 0.289483
v 0.113063 -0.017675 -0.011644
v 0.115622 -0.023153 -0.008116
v 0.119507 -0.016025 -0.009464
v -0.021312 0.112089 0.287303
v -0.014868 0.113739 0.289483
v -0.018753 0.106611 0.290831
v 0.113063 -0.017675 -0.011644
v 0.108201 -0.022711 -0.011644
v 0.115622 -0.023153 -0.008116
v -0.021312 0.112089 0.287303
v -0.018753 0.106611 0.290831
v -0.026174 0.107054 0.287303
v -0.338112 0.395828 -0.326916
v -0.337981 0.400169 -0.321359
v 0.219561 0.207174 -0.183790
v 0.219430 0.202832 -0.189348
v -0.337981 0.400169 -0.321359
v -0.335319 0.406347 -0.323481
v 0.222223 0.213351 -0.185913
v 0.219561 0.207174 -0.183790
v -0.335319 0.406347 -0.323481
v -0.333805 0.405823 -0.330351
v 0.223737 0.212827 -0.192782
v 0.222223 0.213351 -0.185913
v -0.333805 0.405823 -0.330351
v -0.335532 0.399322 -0.332473
v 0.222010 0.206326 -0.194905
v 0.223737 0.212827 -0.192782
v -0.335532 0.399322 -0.332473
v -0.338112 0.395828 -0.326916
v 0.219430 0.202832 -0.189348
v 0.222010 0.206326 -0.194905
v -0.336150 0.401498 -0.326916
v -0.337981 0.400169 -0.321359
v -0.338112 0.395828 -0.326916
v 0.221392 0.208502 -0.189348
v 0.219430 0.202832 -0.189348
v 0.219561 0.207174 -0.183790
v -0.336150 0.401498 -0.326916
v -0.335319 0.406347 -0.323481
v -0.337981 0.400169 -0.321359
v 0.221392 0.208502 -0.189348
v 0.219561 0.207174 -0.183790
v 0.222223 0.213351 -0.185913
v -0.336150 0.401498 -0.326916
v -0.333805 0.405823 -0.330351
v -0.335319 0.406347 -0.323481
v 0.221392 0.208502 -0.189348
v 0.222223 0.213351 -0.185913
v 0.223737 0.212827 -0.192782
v -0.336150 0.401498 -0.326916
v -0.335532 0.399322 -0.332473
v -0.333805 0.405823 -0.330351
v 0.221392 0.208502 -0.189348
v 0.223737 0.212827 -0.192782
v 0.222010 0.206326 -0.194905
v -0.336150 0.401498 -0.326916
v -0.338112 0.395828 -0.326916
v -0.335532 0.399322 -0.332473
v 0.221392 0.208502 -0.189348
v 0.222010 0.206326 -0.194905
v 0.219430 0.202832 -0.189348
v -0.122379 0.180000 -0.235632
v -0.047597 0.116221 -0.386017
v 0.076081 -0.071207 -0.519061
v -0.006639 0.116221 -0.357339
v 0.030642 -0.034630 -0.543428
v 0.031366 -0.027231 -0.546956
v -0.087685 0.142792 -0.214793
v -0.088408 0.135393 -0.211265
v 0.031366 -0.027231 -0.546956
v 0.039014 -0.024508 -0.545609
v -0.080037 0.145514 -0.213445
v -0.087685 0.142792 -0.214793
v 0.039014 -0.024508 -0.545609
v 0.043017 -0.030225 -0.541248
v -0.076034 0.139798 -0.209085
v -0.080037 0.145514 -0.213445
v 0.043017 -0.030225 -0.541248
v 0.037843 -0.036480 -0.539900
v -0.081208 0.133542 -0.207737
v -0.076034 0.139798 -0.209085
v 0.037843 -0.036480 -0.539900
v 0.030642 -0.034630 -0.543428
v -0.088408 0.135393 -0.211265
v -0.081208 0.133542 -0.207737
v 0.036376 -0.030615 -0.543428
v 0.031366 -0.027231 -0.546956
v 0.030642 -0.034630 -0.543428
v -0.082674 0.139408 -0.211265
v -0.088408 0.135393 -0.211265
v -0.087685 0.142792 -0.214793
v 0.036376 -0.030615 -0.543428
v 0.039014 -0.024508 -0.545609
v 0.031366 -0.027231 -0.546956
v -0.082674 0.139408 -0.211265
v -0.087685 0.142792 -0.214793
v -0.080037 0.145514 -0.213445
v 0.036376 -0.030615 -0.543428
v 0.043017 -0.030225 -0.541248
v 0.039014 -0.024508 -0.545609
v -0.082674 0.139408 -0.211265
v -0.080037 0.145514 -0.213445
v -0.076034 0.139798 -0.209085
v 0.036376 -0.030615 -0.543428
v 0.037843 -0.036480 -0.539900
v 0.043017 -0.030225 -0.541248
v -0.082674 0.139408 -0.211265
v -0.076034 0.139798 -0.209085
v -0.081208 0.133542 -0.207737
v 0.036376 -0.030615 -0.543428
v 0.030642 -0.034630 -0.543428
v 0.037843 -0.036480 -0.539900
v -0.082674 0.139408 -0.211265
v -0.081208 0.133542 -0.207737
v -0.088408 0.135393 -0.211265
v 0.128158 0.276388 0.003244
v 0.127799 0.280899 0.008654
v 0.515243 0.146784 0.146222
v 0.515602 0.142272 0.140813
v 0.127799 0.280899 0.008654
v 0.130648 0.287012 0.006588
v 0.518093 0.152896 0.144156
v 0.515243 0.146784 0.146222
v 0.130648 0.287012 0.006588
v 0.132769 0.286278 -0.000099
v 0.520213 0.152162 0.137469
v 0.518093 0.152896 0.144156
v 0.132769 0.286278 -0.000099
v 0.131230 0.279712 -0.002166
v 0.518674 0.145596 0.135403
v 0.520213 0.152162 0.137469
v 0.131230 0.279712 -0.002166
v 0.128158 0.276388 0.003244
v 0.515602 0.142272 0.140813
v 0.518674 0.145596 0.135403
v 0.130121 0.282058 0.003244
v 0.127799 0.280899 0.008654
v 0.128158 0.276388 0.003244
v 0.517565 0.147942 0.140813
v 0.515602 0.142272 0.140813
v 0.515243 0.146784 0.146222
v 0.130121 0.282058 0.003244
v 0.130648 0.287012 0.006588
v 0.127799 0.280899 0.008654
v 0.517565 0.147942 0.140813
v 0.515243 0.146784 0.146222
v 0.518093 0.152896 0.144156
v 0.130121 0.282058 0.003244
v 0.132769 0.286278 -0.000099
v 0.130648 0.287012 0.006588
v 0.517565 0.147942 0.140813
v 0.518093 0.152896 0.144156
v 0.520213 0.152162 0.137469
v 0.130121 0.282058 0.003244
v 0.131230 0.279712 -0.002166
v 0.132769 0.286278 -0.000099
v 0.517565 0.147942 0.140813
v 0.520213 0.152162 0.137469
v 0.518674 0.145596 0.135403
v 0.130121 0.282058 0.003244
v 0.128158 0.276388 0.003244
v 0.131230 0.279712 -0.002166
v 0.517565 0.147942 0.140813
v 0.518674 0.145596 0.135403
v 0.515602 0.142272 0.140813
v 0.258843 0.126000 0.094528
v 0.283290 0.093354 -0.021846
v 0.357355 -0.060345 -0.126735
v 0.328968 0.093354 -0.001509
v 0.331252 -0.036385 -0.132360
v 0.333374 -0.029260 -0.135888
v 0.274279 0.103470 0.096626
v 0.272157 0.096345 0.100154
v 0.333374 -0.029260 -0.135888
v 0.341401 -0.028046 -0.134541
v 0.282306 0.104684 0.097974
v 0.274279 0.103470 0.096626
v 0.341401 -0.028046 -0.134541
v 0.344240 -0.034422 -0.130180
v 0.285144 0.098308 0.102335
v 0.282306 0.104684 0.097974
v 0.344240 -0.034422 -0.130180
v 0.337967 -0.039575 -0.128832
v 0.278872 0.093155 0.103682
v 0.285144 0.098308 0.102335
v 0.337967 -0.039575 -0.128832
v 0.331252 -0.036385 -0.132360
v 0.272157 0.096345 0.100154
v 0.278872 0.093155 0.103682
v 0.337647 -0.033538 -0.132360
v 0.333374 -0.029260 -0.135888
v 0.331252 -0.036385 -0.132360
v 0.278552 0.099193 0.100154
v 0.272157 0.096345 0.100154
v 0.274279 0.103470 0.096626
v 0.337647 -0.033538 -0.132360
v 0.341401 -0.028046 -0.134541
v 0.333374 -0.029260 -0.135888
v 0.278552 0.099193 0.100154
v 0.274279 0.103470 0.096626
v 0.282306 0.104684 0.097974
v 0.337647 -0.033538 -0.132360
v 0.344240 -0.034422 -0.130180
v 0.341401 -0.028046 -0.134541
v 0.278552 0.099193 0.100154
v 0.282306 0.104684 0.097974
v 0.285144 0.098308 0.102335
v 0.337647 -0.033538 -0.132360
v 0.337967 -0.039575 -0.128832
v 0.344240 -0.034422 -0.130180
v 0.278552 0.099193 0.100154
v 0.285144 0.098308 0.102335
v 0.278872 0.093155 0.103682
v 0.337647 -0.033538 -0.132360
v 0.331252 -0.036385 -0.132360
v 0.337967 -0.039575 -0.128832
v 0.278552 0.099193 0.100154
v 0.278872 0.093155 0.103682
v 0.272157 0.096345 0.100154
v -0.422473 0.316201 0.017460
v -0.422631 0.320643 0.022937
v 0.021512 0.166901 0.160505
v 0.021671 0.162459 0.155028
v -0.422631 0.320643 0.022937
v -0.419858 0.326782 0.020845
v 0.024285 0.173040 0.158413
v 0.021512 0.166901 0.160505
v -0.419858 0.326782 0.020845
v -0.417986 0.326134 0.014075
v 0.026157 0.172392 0.151644
v 0.024285 0.173040 0.158413
v -0.417986 0.326134 0.014075
v -0.419602 0.319595 0.011983
v 0.024542 0.165853 0.149552
v 0.026157 0.172392 0.151644
v -0.419602 0.319595 0.011983
v -0.422473 0.316201 0.017460
v 0.021671 0.162459 0.155028
v 0.024542 0.165853 0.149552
v -0.420510 0.321871 0.017460
v -0.422631 0.320643 0.022937
v -0.422473 0.316201 0.017460
v 0.023633 0.168129 0.155028
v 0.021671 0.162459 0.155028
v 0.021512 0.166901 0.160505
v -0.420510 0.321871 0.017460
v -0.419858 0.326782 0.020845
v -0.422631 0.320643 0.022937
v 0.023633 0.168129 0.155028
v 0.021512 0.166901 0.160505
v 0.024285 0.173040 0.158413
v -0.420510 0.321871 0.017460
v -0.417986 0.326134 0.014075
v -0.419858 0.326782 0.020845
v 0.023633 0.168129 0.155028
v 0.024285 0.173040 0.158413
v 0.026157 0.172392 0.151644
v -0.420510 0.321871 0.017460
v -0.419602 0.319595 0.011983
v -0.417986 0.326134 0.014075
v 0.023633 0.168129 0.155028
v 0.026157 0.172392 0.151644
v 0.024542 0.165853 0.149552
v -0.420510 0.321871 0.017460
v -0.422473 0.316201 0.017460
v -0.419602 0.319595 0.011983
v 0.023633 0.168129 0.155028
v 0.024542 0.165853 0.149552
v 0.021671 0.162459 0.155028
v -0.263438 0.144000 0.108744
v -0.257909 0.100976 -0.026340
v -0.201171 -0.063966 -0.160964
v -0.209191 0.100976 -0.015092
v -0.220449 -0.042453 -0.158975
v -0.217006 -0.035864 -0.162503
v -0.254359 0.125927 0.103227
v -0.257802 0.119338 0.106755
v -0.217006 -0.035864 -0.162503
v -0.208895 -0.036205 -0.161156
v -0.246248 0.125587 0.104575
v -0.254359 0.125927 0.103227
v -0.208895 -0.036205 -0.161156
v -0.207326 -0.043004 -0.156795
v -0.244678 0.118787 0.108936
v -0.246248 0.125587 0.104575
v -0.207326 -0.043004 -0.156795
v -0.214466 -0.046866 -0.155448
v -0.251819 0.114925 0.110283
v -0.244678 0.118787 0.108936
v -0.214466 -0.046866 -0.155448
v -0.220449 -0.042453 -0.158975
v -0.257802 0.119338 0.106755
v -0.251819 0.114925 0.110283
v -0.213628 -0.040878 -0.158975
v -0.217006 -0.035864 -0.162503
v -0.220449 -0.042453 -0.158975
v -0.250981 0.120913 0.106755
v -0.257802 0.119338 0.106755
v -0.254359 0.125927 0.103227
v -0.213628 -0.040878 -0.158975
v -0.208895 -0.036205 -0.161156
v -0.217006 -0.035864 -0.162503
v -0.250981 0.120913 0.106755
v -0.254359 0.125927 0.103227
v -0.246248 0.125587 0.104575
v -0.213628 -0.040878 -0.158975
v -0.207326 -0.043004 -0.156795
v -0.208895 -0.036205 -0.161156
v -0.250981 0.120913 0.106755
v -0.246248 0.125587 0.104575
v -0.244678 0.118787 0.108936
v -0.213628 -0.040878 -0.158975
v -0.214466 -0.046866 -0.155448
v -0.207326 -0.043004 -0.156795
v -0.250981 0.120913 0.106755
v -0.244678 0.118787 0.108936
v -0.251819 0.114925 0.110283
v -0.213628 -0.040878 -0.158975
v -0.220449 -0.042453 -0.158975
v -0.214466 -0.046866 -0.155448
v -0.250981 0.120913 0.106755
v -0.251819 0.114925 0.110283
v -0.257802 0.119338 0.106755
v -0.062806 0.356014 -0.357503
v -0.062804 0.360401 -0.351979
v 0.438038 0.187033 -0.214411
v 0.438037 0.182646 -0.219934
v -0.062804 0.360401 -0.351979
v -0.060092 0.366561 -0.354089
v 0.440750 0.193193 -0.216521
v 0.438038 0.187033 -0.214411
v -0.060092 0.366561 -0.354089
v -0.058418 0.365982 -0.360916
v 0.442425 0.192613 -0.223348
v 0.440750 0.193193 -0.216521
v -0.058418 0.365982 -0.360916
v -0.060095 0.359463 -0.363026
v 0.440748 0.186095 -0.225458
v 0.442425 0.192613 -0.223348
v -0.060095 0.359463 -0.363026
v -0.062806 0.356014 -0.357503
v 0.438037 0.182646 -0.219934
v 0.440748 0.186095 -0.225458
v -0.060843 0.361684 -0.357503
v -0.062804 0.360401 -0.351979
v -0.062806 0.356014 -0.357503
v 0.440000 0.188316 -0.219934
v 0.438037 0.182646 -0.219934
v 0.438038 0.187033 -0.214411
v -0.060843 0.361684 -0.357503
v -0.060092 0.366561 -0.354089
v -0.062804 0.360401 -0.351979
v 0.440000 0.188316 -0.219934
v 0.438038 0.187033 -0.214411
v 0.440750 0.193193 -0.216521
v -0.060843 0.361684 -0.357503
v -0.058418 0.365982 -0.360916
v -0.060092 0.366561 -0.354089
v 0.440000 0.188316 -0.219934
v 0.440750 0.193193 -0.216521
v 0.442425 0.192613 -0.223348
v -0.060843 0.361684 -0.357503
v -0.060095 0.359463 -0.363026
v -0.058418 0.365982 -0.360916
v 0.440000 0.188316 -0.219934
v 0.442425 0.192613 -0.223348
v 0.440748 0.186095 -0.225458
v -0.060843 0.361684 -0.357503
v -0.062806 0.356014 -0.357503
v -0.060095 0.359463 -0.363026
v 0.440000 0.188316 -0.219934
v 0.440748 0.186095 -0.225458
v 0.438037 0.182646 -0.219934
v 0.124578 0.162000 -0.266218
v 0.104810 0.108599 -0.416473
v 0.135446 -0.067586 -0.577432
v 0.154780 0.108599 -0.414729
v 0.126276 -0.046382 -0.571299
v 0.130913 -0.040571 -0.574827
v 0.124394 0.146118 -0.275880
v 0.119757 0.140307 -0.272352
v 0.130913 -0.040571 -0.574827
v 0.138810 -0.042453 -0.573479
v 0.132291 0.144236 -0.274532
v 0.124394 0.146118 -0.275880
v 0.138810 -0.042453 -0.573479
v 0.139053 -0.049427 -0.569118
v 0.132534 0.137262 -0.270171
v 0.132291 0.144236 -0.274532
v 0.139053 -0.049427 -0.569118
v 0.131307 -0.051856 -0.567771
v 0.124788 0.134834 -0.268824
v 0.132534 0.137262 -0.270171
v 0.131307 -0.051856 -0.567771
v 0.126276 -0.046382 -0.571299
v 0.119757 0.140307 -0.272352
v 0.124788 0.134834 -0.268824
v 0.133272 -0.046138 -0.571299
v 0.130913 -0.040571 -0.574827
v 0.126276 -0.046382 -0.571299
v 0.126753 0.140551 -0.272352
v 0.119757 0.140307 -0.272352
v 0.124394 0.146118 -0.275880
v 0.133272 -0.046138 -0.571299
v 0.138810 -0.042453 -0.573479
v 0.130913 -0.040571 -0.574827
v 0.126753 0.140551 -0.272352
v 0.124394 0.146118 -0.275880
v 0.132291 0.144236 -0.274532
v 0.133272 -0.046138 -0.571299
v 0.139053 -0.049427 -0.569118
v 0.138810 -0.042453 -0.573479
v 0.126753 0.140551 -0.272352
v 0.132291 0.144236 -0.274532
v 0.132534 0.137262 -0.270171
v 0.133272 -0.046138 -0.571299
v 0.131307 -0.051856 -0.567771
v 0.139053 -0.049427 -0.569118
v 0.126753 0.140551 -0.272352
v 0.132534 0.137262 -0.270171
v 0.124788 0.134834 -0.268824
v 0.133272 -0.046138 -0.571299
v 0.126276 -0.046382 -0.571299
v 0.131307 -0.051856 -0.567771
v 0.126753 0.140551 -0.272352
v 0.124788 0.134834 -0.268824
v 0.119757 0.140307 -0.272352
v -0.125225 0.395828 0.197269
v -0.125093 0.400169 0.202826
v 0.432448 0.207174 0.340394
v 0.432317 0.202832 0.334837
v -0.125093 0.400169 0.202826
v -0.122431 0.406347 0.200703
v 0.435110 0.213351 0.338271
v 0.432448 0.207174 0.340394
v -0.122431 0.406347 0.200703
v -0.120918 0.405823 0.193834
v 0.436624 0.212827 0.331402
v 0.435110 0.213351 0.338271
v -0.120918 0.405823 0.193834
v -0.122644 0.399322 0.191711
v 0.434897 0.206326 0.329280
v 0.436624 0.212827 0.331402
v -0.122644 0.399322 0.191711
v -0.125225 0.395828 0.197269
v 0.432317 0.202832 0.334837
v 0.434897 0.206326 0.329280
v -0.123262 0.401498 0.197269
v -0.125093 0.400169 0.202826
v -0.125225 0.395828 0.197269
v 0.434279 0.208502 0.334837
v 0.432317 0.202832 0.334837
v 0.432448 0.207174 0.340394
v -0.123262 0.401498 0.197269
v -0.122431 0.406347 0.200703
v -0.125093 0.400169 0.202826
v 0.434279 0.208502 0.334837
v 0.432448 0.207174 0.340394
v 0.435110 0.213351 0.338271
v -0.123262 0.401498 0.197269
v -0.120918 0.405823 0.193834
v -0.122431 0.406347 0.200703
v 0.434279 0.208502 0.334837
v 0.435110 0.213351 0.338271
v 0.436624 0.212827 0.331402
v -0.123262 0.401498 0.197269
v -0.122644 0.399322 0.191711
v -0.120918 0.405823 0.193834
v 0.434279 0.208502 0.334837
v 0.436624 0.212827 0.331402
v 0.434897 0.206326 0.329280
v -0.123262 0.401498 0.197269
v -0.125225 0.395828 0.197269
v -0.122644 0.399322 0.191711
v 0.434279 0.208502 0.334837
v 0.434897 0.206326 0.329280
v 0.432317 0.202832 0.334837
v 0.090508 0.180000 0.288553
v 0.039835 0.116221 0.128427
v 0.036382 -0.071207 -0.053191
v 0.089220 0.116221 0.120605
v 0.040297 -0.047010 -0.048401
v 0.045957 -0.042191 -0.051929
v 0.078426 0.162813 0.280235
v 0.072766 0.157993 0.283763
v 0.045957 -0.042191 -0.051929
v 0.053350 -0.045545 -0.050581
v 0.085819 0.159459 0.281582
v 0.078426 0.162813 0.280235
v 0.053350 -0.045545 -0.050581
v 0.052258 -0.052437 -0.046221
v 0.084727 0.152566 0.285943
v 0.085819 0.159459 0.281582
v 0.052258 -0.052437 -0.046221
v 0.044191 -0.053343 -0.044873
v 0.076660 0.151660 0.287290
v 0.084727 0.152566 0.285943
v 0.044191 -0.053343 -0.044873
v 0.040297 -0.047010 -0.048401
v 0.072766 0.157993 0.283763
v 0.076660 0.151660 0.287290
v 0.047210 -0.048105 -0.048401
v 0.045957 -0.042191 -0.051929
v 0.040297 -0.047010 -0.048401
v 0.079680 0.156898 0.283763
v 0.072766 0.157993 0.283763
v 0.078426 0.162813 0.280235
v 0.047210 -0.048105 -0.048401
v 0.053350 -0.045545 -0.050581
v 0.045957 -0.042191 -0.051929
v 0.079680 0.156898 0.283763
v 0.078426 0.162813 0.280235
v 0.085819 0.159459 0.281582
v 0.047210 -0.048105 -0.048401
v 0.052258 -0.052437 -0.046221
v 0.053350 -0.045545 -0.050581
v 0.079680 0.156898 0.283763
v 0.085819 0.159459 0.281582
v 0.084727 0.152566 0.285943
v 0.047210 -0.048105 -0.048401
v 0.044191 -0.053343 -0.044873
v 0.052258 -0.052437 -0.046221
v 0.079680 0.156898 0.283763
v 0.084727 0.152566 0.285943
v 0.076660 0.151660 0.287290
v 0.047210 -0.048105 -0.048401
v 0.040297 -0.047010 -0.048401
v 0.044191 -0.053343 -0.044873
v 0.079680 0.156898 0.283763
v 0.076660 0.151660 0.287290
v 0.072766 0.157993 0.283763
v -0.399355 0.276388 -0.246983
v -0.399715 0.280899 -0.241573
v -0.012270 0.146784 -0.104005
v -0.011911 0.142272 -0.109415
v -0.399715 0.280899 -0.241573
v -0.396865 0.287012 -0.243640
v -0.009421 0.152896 -0.106072
v -0.012270 0.146784 -0.104005
v -0.396865 0.287012 -0.243640
v -0.394745 0.286278 -0.250327
v -0.007301 0.152162 -0.112759
v -0.009421 0.152896 -0.106072
v -0.394745 0.286278 -0.250327
v -0.396284 0.279712 -0.252393
v -0.008840 0.145596 -0.114825
v -0.007301 0.152162 -0.112759
v -0.396284 0.279712 -0.252393
v -0.399355 0.276388 -0.246983
v -0.011911 0.142272 -0.109415
v -0.008840 0.145596 -0.114825
v -0.397393 0.282058 -0.246983
v -0.399715 0.280899 -0.241573
v -0.399355 0.276388 -0.246983
v -0.009949 0.147942 -0.109415
v -0.011911 0.142272 -0.109415
v -0.012270 0.146784 -0.104005
v -0.397393 0.282058 -0.246983
v -0.396865 0.287012 -0.243640
v -0.399715 0.280899 -0.241573
v -0.009949 0.147942 -0.109415
v -0.012270 0.146784 -0.104005
v -0.009421 0.152896 -0.106072
v -0.397393 0.282058 -0.246983
v -0.394745 0.286278 -0.250327
v -0.396865 0.287012 -0.243640
v -0.009949 0.147942 -0.109415
v -0.009421 0.152896 -0.106072
v -0.007301 0.152162 -0.112759
v -0.397393 0.282058 -0.246983
v -0.396284 0.279712 -0.252393
v -0.394745 0.286278 -0.250327
v -0.009949 0.147942 -0.109415
v -0.007301 0.152162 -0.112759
v -0.008840 0.145596 -0.114825
v -0.397393 0.282058 -0.246983
v -0.399355 0.276388 -0.246983
v -0.396284 0.279712 -0.252393
v -0.009949 0.147942 -0.109415
v -0.008840 0.145596 -0.114825
v -0.011911 0.142272 -0.109415
v -0.268671 0.126000 -0.155699
v -0.331925 0.093354 -0.256395
v -0.351509 -0.060345 -0.383295
v -0.284941 0.093354 -0.273496
v -0.341514 -0.033043 -0.385754
v -0.335038 -0.029392 -0.389282
v -0.285345 0.107137 -0.156768
v -0.291821 0.103486 -0.153240
v -0.335038 -0.029392 -0.389282
v -0.328421 -0.034095 -0.387935
v -0.278728 0.102434 -0.155420
v -0.285345 0.107137 -0.156768
v -0.328421 -0.034095 -0.387935
v -0.330808 -0.040653 -0.383574
v -0.281115 0.095876 -0.151060
v -0.278728 0.102434 -0.155420
v -0.330808 -0.040653 -0.383574
v -0.338900 -0.040002 -0.382226
v -0.289207 0.096527 -0.149712
v -0.281115 0.095876 -0.151060
v -0.338900 -0.040002 -0.382226
v -0.341514 -0.033043 -0.385754
v -0.291821 0.103486 -0.153240
v -0.289207 0.096527 -0.149712
v -0.334936 -0.035437 -0.385754
v -0.335038 -0.029392 -0.389282
v -0.341514 -0.033043 -0.385754
v -0.285243 0.101092 -0.153240
v -0.291821 0.103486 -0.153240
v -0.285345 0.107137 -0.156768
v -0.334936 -0.035437 -0.385754
v -0.328421 -0.034095 -0.387935
v -0.335038 -0.029392 -0.389282
v -0.285243 0.101092 -0.153240
v -0.285345 0.107137 -0.156768
v -0.278728 0.102434 -0.155420
v -0.334936 -0.035437 -0.385754
v -0.330808 -0.040653 -0.383574
v -0.328421 -0.034095 -0.387935
v -0.285243 0.101092 -0.153240
v -0.278728 0.102434 -0.155420
v -0.281115 0.095876 -0.151060
v -0.334936 -0.035437 -0.385754
v -0.338900 -0.040002 -0.382226
v -0.330808 -0.040653 -0.383574
v -0.285243 0.101092 -0.153240
v -0.281115 0.095876 -0.151060
v -0.289207 0.096527 -0.149712
v -0.334936 -0.035437 -0.385754
v -0.341514 -0.033043 -0.385754
v -0.338900 -0.040002 -0.382226
v -0.285243 0.101092 -0.153240
v -0.289207 0.096527 -0.149712
v -0.291821 0.103486 -0.153240
v 0.151847 0.316201 -0.159631
v 0.151688 0.320643 -0.154155
v 0.595831 0.166901 -0.016587
v 0.595990 0.162459 -0.022063
v 0.151688 0.320643 -0.154155
v 0.154461 0.326782 -0.156247
v 0.598604 0.173040 -0.018678
v 0.595831 0.166901 -0.016587
v 0.154461 0.326782 -0.156247
v 0.156333 0.326134 -0.163016
v 0.600477 0.172392 -0.025448
v 0.598604 0.173040 -0.018678
v 0.156333 0.326134 -0.163016
v 0.154717 0.319595 -0.165108
v 0.598861 0.165853 -0.027540
v 0.600477 0.172392 -0.025448
v 0.154717 0.319595 -0.165108
v 0.151847 0.316201 -0.159631
v 0.595990 0.162459 -0.022063
v 0.598861 0.165853 -0.027540
v 0.153809 0.321871 -0.159631
v 0.151688 0.320643 -0.154155
v 0.151847 0.316201 -0.159631
v 0.597953 0.168129 -0.022063
v 0.595990 0.162459 -0.022063
v 0.595831 0.166901 -0.016587
v 0.153809 0.321871 -0.159631
v 0.154461 0.326782 -0.156247
v 0.151688 0.320643 -0.154155
v 0.597953 0.168129 -0.022063
v 0.595831 0.166901 -0.016587
v 0.598604 0.173040 -0.018678
v 0.153809 0.321871 -0.159631
v 0.156333 0.326134 -0.163016
v 0.154461 0.326782 -0.156247
v 0.597953 0.168129 -0.022063
v 0.598604 0.173040 -0.018678
v 0.600477 0.172392 -0.025448
v 0.153809 0.321871 -0.159631
v 0.154717 0.319595 -0.165108
v 0.156333 0.326134 -0.163016
v 0.597953 0.168129 -0.022063
v 0.600477 0.172392 -0.025448
v 0.598861 0.165853 -0.027540
v 0.153809 0.321871 -0.159631
v 0.151847 0.316201 -0.159631
v 0.154717 0.319595 -0.165108
v 0.597953 0.168129 -0.022063
v 0.598861 0.165853 -0.027540
v 0.595990 0.162459 -0.022063
v 0.310881 0.144000 -0.068347
v 0.221021 0.100976 -0.169359
v 0.168317 -0.063966 -0.305614
v 0.263879 0.100976 -0.195111
v 0.190838 -0.027543 -0.319846
v 0.197892 -0.025194 -0.323374
v 0.283413 0.117136 -0.057643
v 0.276359 0.114787 -0.054115
v 0.197892 -0.025194 -0.323374
v 0.203490 -0.031074 -0.322026
v 0.289011 0.111256 -0.056295
v 0.283413 0.117136 -0.057643
v 0.203490 -0.031074 -0.322026
v 0.199896 -0.037055 -0.317666
v 0.285416 0.105275 -0.051935
v 0.289011 0.111256 -0.056295
v 0.199896 -0.037055 -0.317666
v 0.192077 -0.034873 -0.316318
v 0.277597 0.107457 -0.050587
v 0.285416 0.105275 -0.051935
v 0.192077 -0.034873 -0.316318
v 0.190838 -0.027543 -0.319846
v 0.276359 0.114787 -0.054115
v 0.277597 0.107457 -0.050587
v 0.196839 -0.031148 -0.319846
v 0.197892 -0.025194 -0.323374
v 0.190838 -0.027543 -0.319846
v 0.282359 0.111182 -0.054115
v 0.276359 0.114787 -0.054115
v 0.283413 0.117136 -0.057643
v 0.196839 -0.031148 -0.319846
v 0.203490 -0.031074 -0.322026
v 0.197892 -0.025194 -0.323374
v 0.282359 0.111182 -0.054115
v 0.283413 0.117136 -0.057643
v 0.289011 0.111256 -0.056295
v 0.196839 -0.031148 -0.319846
v 0.199896 -0.037055 -0.317666
v 0.203490 -0.031074 -0.322026
v 0.282359 0.111182 -0.054115
v 0.289011 0.111256 -0.056295
v 0.285416 0.105275 -0.051935
v 0.196839 -0.031148 -0.319846
v 0.192077 -0.034873 -0.316318
v 0.199896 -0.037055 -0.317666
v 0.282359 0.111182 -0.054115
v 0.285416 0.105275 -0.051935
v 0.277597 0.107457 -0.050587
v 0.196839 -0.031148 -0.319846
v 0.190838 -0.027543 -0.319846
v 0.192077 -0.034873 -0.316318
v 0.282359 0.111182 -0.054115
v 0.277597 0.107457 -0.050587
v 0.276359 0.114787 -0.054115
v 0.105000 0.010000 0.000000
v 0.221774 -0.067097 0.019541
v 0.337012 -0.303952 0.075385
v 0.210958 -0.067097 0.052828
v 0.334535 -0.117448 -0.079404
v 0.328563 -0.114303 -0.084112
v 0.105832 -0.186673 0.150082
v 0.111803 -0.189818 0.154790
v 0.328563 -0.114303 -0.084112
v 0.327855 -0.106304 -0.082314
v 0.105123 -0.178674 0.151880
v 0.105832 -0.186673 0.150082
v 0.327855 -0.106304 -0.082314
v 0.333389 -0.104506 -0.076495
v 0.110657 -0.176876 0.157699
v 0.105123 -0.178674 0.151880
v 0.333389 -0.104506 -0.076495
v 0.337517 -0.111394 -0.074697
v 0.114786 -0.183763 0.159497
v 0.110657 -0.176876 0.157699
v 0.337517 -0.111394 -0.074697
v 0.334535 -0.117448 -0.079404
v 0.111803 -0.189818 0.154790
v 0.114786 -0.183763 0.159497
v 0.332372 -0.110791 -0.079404
v 0.328563 -0.114303 -0.084112
v 0.334535 -0.117448 -0.079404
v 0.109640 -0.183161 0.154790
v 0.111803 -0.189818 0.154790
v 0.105832 -0.186673 0.150082
v 0.332372 -0.110791 -0.079404
v 0.327855 -0.106304 -0.082314
v 0.328563 -0.114303 -0.084112
v 0.109640 -0.183161 0.154790
v 0.105832 -0.186673 0.150082
v 0.105123 -0.178674 0.151880
v 0.332372 -0.110791 -0.079404
v 0.333389 -0.104506 -0.076495
v 0.327855 -0.106304 -0.082314
v 0.109640 -0.183161 0.154790
v 0.105123 -0.178674 0.151880
v 0.110657 -0.176876 0.157699
v 0.332372 -0.110791 -0.079404
v 0.337517 -0.111394 -0.074697
v 0.333389 -0.104506 -0.076495
v 0.109640 -0.183161 0.154790
v 0.110657 -0.176876 0.157699
v 0.114786 -0.183763 0.159497
v 0.332372 -0.110791 -0.079404
v 0.334535 -0.117448 -0.079404
v 0.337517 -0.111394 -0.074697
v 0.109640 -0.183161 0.154790
v 0.114786 -0.183763 0.159497
v 0.111803 -0.189818 0.154790
v -0.091168 0.010000 0.083517
v 0.039952 -0.079587 0.078963
v 0.176793 -0.329973 0.116419
v 0.034955 -0.079587 0.119657
v 0.172287 -0.151142 -0.029619
v 0.167025 -0.146915 -0.034327
v -0.090218 -0.178500 0.224848
v -0.084956 -0.182727 0.229555
v 0.167025 -0.146915 -0.034327
v 0.167856 -0.138928 -0.032528
v -0.089387 -0.170513 0.226646
v -0.090218 -0.178500 0.224848
v 0.167856 -0.138928 -0.032528
v 0.173631 -0.138219 -0.026710
v -0.083611 -0.169804 0.232465
v -0.089387 -0.170513 0.226646
v 0.173631 -0.138219 -0.026710
v 0.176370 -0.145767 -0.024912
v -0.080873 -0.177353 0.234263
v -0.083611 -0.169804 0.232465
v 0.176370 -0.145767 -0.024912
v 0.172287 -0.151142 -0.029619
v -0.084956 -0.182727 0.229555
v -0.080873 -0.177353 0.234263
v 0.171434 -0.144194 -0.029619
v 0.167025 -0.146915 -0.034327
v 0.172287 -0.151142 -0.029619
v -0.085809 -0.175779 0.229555
v -0.084956 -0.182727 0.229555
v -0.090218 -0.178500 0.224848
v 0.171434 -0.144194 -0.029619
v 0.167856 -0.138928 -0.032528
v 0.167025 -0.146915 -0.034327
v -0.085809 -0.175779 0.229555
v -0.090218 -0.178500 0.224848
v -0.089387 -0.170513 0.226646
v 0.171434 -0.144194 -0.029619
v 0.173631 -0.138219 -0.026710
v 0.167856 -0.138928 -0.032528
v -0.085809 -0.175779 0.229555
v -0.089387 -0.170513 0.226646
v -0.083611 -0.169804 0.232465
v 0.171434 -0.144194 -0.029619
v 0.176370 -0.145767 -0.024912
v 0.173631 -0.138219 -0.026710
v -0.085809 -0.175779 0.229555
v -0.083611 -0.169804 0.232465
v -0.080873 -0.177353 0.234263
v 0.171434 -0.144194 -0.029619
v 0.172287 -0.151142 -0.029619
v 0.176370 -0.145767 -0.024912
v -0.085809 -0.175779 0.229555
v -0.080873 -0.177353 0.234263
v -0.084956 -0.182727 0.229555
v 0.012060 0.010000 -0.137414
v 0.152570 -0.092078 -0.164782
v 0.307334 -0.355995 -0.158062
v 0.155012 -0.092078 -0.129868
v 0.300940 -0.189891 -0.289815
v 0.296581 -0.184738 -0.294523
v 0.013118 -0.164916 -0.010368
v 0.017477 -0.170070 -0.005660
v 0.296581 -0.184738 -0.294523
v 0.298921 -0.177056 -0.292725
v 0.015458 -0.157234 -0.008570
v 0.013118 -0.164916 -0.010368
v 0.298921 -0.177056 -0.292725
v 0.304725 -0.177462 -0.286906
v 0.021262 -0.157640 -0.002751
v 0.015458 -0.157234 -0.008570
v 0.304725 -0.177462 -0.286906
v 0.305973 -0.185395 -0.285108
v 0.022510 -0.165573 -0.000953
v 0.021262 -0.157640 -0.002751
v 0.305973 -0.185395 -0.285108
v 0.300940 -0.189891 -0.289815
v 0.017477 -0.170070 -0.005660
v 0.022510 -0.165573 -0.000953
v 0.301428 -0.182908 -0.289815
v 0.296581 -0.184738 -0.294523
v 0.300940 -0.189891 -0.289815
v 0.017965 -0.163087 -0.005660
v 0.017477 -0.170070 -0.005660
v 0.013118 -0.164916 -0.010368
v 0.301428 -0.182908 -0.289815
v 0.298921 -0.177056 -0.292725
v 0.296581 -0.184738 -0.294523
v 0.017965 -0.163087 -0.005660
v 0.013118 -0.164916 -0.010368
v 0.015458 -0.157234 -0.008570
v 0.301428 -0.182908 -0.289815
v 0.304725 -0.177462 -0.286906
v 0.298921 -0.177056 -0.292725
v 0.017965 -0.163087 -0.005660
v 0.015458 -0.157234 -0.008570
v 0.021262 -0.157640 -0.002751
v 0.301428 -0.182908 -0.289815
v 0.305973 -0.185395 -0.285108
v 0.304725 -0.177462 -0.286906
v 0.017965 -0.163087 -0.005660
v 0.021262 -0.157640 -0.002751
v 0.022510 -0.165573 -0.000953
v 0.301428 -0.182908 -0.289815
v 0.300940 -0.189891 -0.289815
v 0.305973 -0.185395 -0.285108
v 0.017965 -0.163087 -0.005660
v 0.022510 -0.165573 -0.000953
v 0.017477 -0.170070 -0.005660
v 0.091266 0.010000 0.119040
v 0.235261 -0.104568 0.059233
v 0.402310 -0.382016 0.035696
v 0.245873 -0.104568 0.098836
v 0.394277 -0.232775 -0.077200
v 0.390982 -0.226884 -0.081907
v 0.092380 -0.146874 0.227228
v 0.095675 -0.152765 0.231936
v 0.390982 -0.226884 -0.081907
v 0.394744 -0.219790 -0.080109
v 0.096142 -0.139780 0.229027
v 0.092380 -0.146874 0.227228
v 0.394744 -0.219790 -0.080109
v 0.400365 -0.221296 -0.074290
v 0.101763 -0.141286 0.234845
v 0.096142 -0.139780 0.229027
v 0.400365 -0.221296 -0.074290
v 0.400076 -0.229321 -0.072492
v 0.101474 -0.149311 0.236643
v 0.101763 -0.141286 0.234845
v 0.400076 -0.229321 -0.072492
v 0.394277 -0.232775 -0.077200
v 0.095675 -0.152765 0.231936
v 0.101474 -0.149311 0.236643
v 0.396089 -0.226013 -0.077200
v 0.390982 -0.226884 -0.081907
v 0.394277 -0.232775 -0.077200
v 0.097487 -0.146003 0.231936
v 0.095675 -0.152765 0.231936
v 0.092380 -0.146874 0.227228
v 0.396089 -0.226013 -0.077200
v 0.394744 -0.219790 -0.080109
v 0.390982 -0.226884 -0.081907
v 0.097487 -0.146003 0.231936
v 0.092380 -0.146874 0.227228
v 0.096142 -0.139780 0.229027
v 0.396089 -0.226013 -0.077200
v 0.400365 -0.221296 -0.074290
v 0.394744 -0.219790 -0.080109
v 0.097487 -0.146003 0.231936
v 0.096142 -0.139780 0.229027
v 0.101763 -0.141286 0.234845
v 0.396089 -0.226013 -0.077200
v 0.400076 -0.229321 -0.072492
v 0.400365 -0.221296 -0.074290
v 0.097487 -0.146003 0.231936
v 0.101763 -0.141286 0.234845
v 0.101474 -0.149311 0.236643
v 0.396089 -0.226013 -0.077200
v 0.394277 -0.232775 -0.077200
v 0.400076 -0.229321 -0.072492
v 0.097487 -0.146003 0.231936
v 0.101474 -0.149311 0.236643
v 0.095675 -0.152765 0.231936
v -0.158168 0.010000 -0.027977
v -0.015688 -0.117058 -0.116940
v 0.154647 -0.408038 -0.180547
v -0.000345 -0.117058 -0.085482
v 0.145322 -0.278544 -0.271321
v 0.143211 -0.272133 -0.276028
v -0.157091 -0.125666 0.058088
v -0.154980 -0.132077 0.062796
v 0.143211 -0.272133 -0.276028
v 0.148258 -0.265887 -0.274230
v -0.152044 -0.119420 0.059886
v -0.157091 -0.125666 0.058088
v 0.148258 -0.265887 -0.274230
v 0.153488 -0.268438 -0.268411
v -0.146814 -0.121971 0.065705
v -0.152044 -0.119420 0.059886
v 0.153488 -0.268438 -0.268411
v 0.151673 -0.276260 -0.266613
v -0.148629 -0.129793 0.067503
v -0.146814 -0.121971 0.065705
v 0.151673 -0.276260 -0.266613
v 0.145322 -0.278544 -0.271321
v -0.154980 -0.132077 0.062796
v -0.148629 -0.129793 0.067503
v 0.148390 -0.272252 -0.271321
v 0.143211 -0.272133 -0.276028
v 0.145322 -0.278544 -0.271321
v -0.151911 -0.125785 0.062796
v -0.154980 -0.132077 0.062796
v -0.157091 -0.125666 0.058088
v 0.148390 -0.272252 -0.271321
v 0.148258 -0.265887 -0.274230
v 0.143211 -0.272133 -0.276028
v -0.151911 -0.125785 0.062796
v -0.157091 -0.125666 0.058088
v -0.152044 -0.119420 0.059886
v 0.148390 -0.272252 -0.271321
v 0.153488 -0.268438 -0.268411
v 0.148258 -0.265887 -0.274230
v -0.151911 -0.125785 0.062796
v -0.152044 -0.119420 0.059886
v -0.146814 -0.121971 0.065705
v 0.148390 -0.272252 -0.271321
v 0.151673 -0.276260 -0.266613
v 0.153488 -0.268438 -0.268411
v -0.151911 -0.125785 0.062796
v -0.146814 -0.121971 0.065705
v -0.148629 -0.129793 0.067503
v 0.148390 -0.272252 -0.271321
v 0.145322 -0.278544 -0.271321
v 0.151673 -0.276260 -0.266613
v -0.151911 -0.125785 0.062796
v -0.148629 -0.129793 0.067503
v -0.154980 -0.132077 0.062796
v 0.143630 0.010000 -0.091366
v 0.224810 -0.067097 -0.178208
v 0.338458 -0.303952 -0.238180
v 0.249485 -0.067097 -0.145464
v 0.330349 -0.223037 -0.281870
v 0.329501 -0.216341 -0.286577
v 0.142465 -0.075400 -0.052383
v 0.143314 -0.082096 -0.047676
v 0.329501 -0.216341 -0.286577
v 0.335646 -0.211173 -0.284779
v 0.148611 -0.070232 -0.050585
v 0.142465 -0.075400 -0.052383
v 0.335646 -0.211173 -0.284779
v 0.340294 -0.214675 -0.278960
v 0.153258 -0.073733 -0.044766
v 0.148611 -0.070232 -0.050585
v 0.340294 -0.214675 -0.278960
v 0.337020 -0.222007 -0.277162
v 0.149984 -0.081066 -0.042968
v 0.153258 -0.073733 -0.044766
v 0.337020 -0.222007 -0.277162
v 0.330349 -0.223037 -0.281870
v 0.143314 -0.082096 -0.047676
v 0.149984 -0.081066 -0.042968
v 0.334562 -0.217447 -0.281870
v 0.329501 -0.216341 -0.286577
v 0.330349 -0.223037 -0.281870
v 0.147526 -0.076505 -0.047676
v 0.143314 -0.082096 -0.047676
v 0.142465 -0.075400 -0.052383
v 0.334562 -0.217447 -0.281870
v 0.335646 -0.211173 -0.284779
v 0.329501 -0.216341 -0.286577
v 0.147526 -0.076505 -0.047676
v 0.142465 -0.075400 -0.052383
v 0.148611 -0.070232 -0.050585
v 0.334562 -0.217447 -0.281870
v 0.340294 -0.214675 -0.278960
v 0.335646 -0.211173 -0.284779
v 0.147526 -0.076505 -0.047676
v 0.148611 -0.070232 -0.050585
v 0.153258 -0.073733 -0.044766
v 0.334562 -0.217447 -0.281870
v 0.337020 -0.222007 -0.277162
v 0.340294 -0.214675 -0.278960
v 0.147526 -0.076505 -0.047676
v 0.153258 -0.073733 -0.044766
v 0.149984 -0.081066 -0.042968
v 0.334562 -0.217447 -0.281870
v 0.330349 -0.223037 -0.281870
v 0.337020 -0.222007 -0.277162
v 0.147526 -0.076505 -0.047676
v 0.149984 -0.081066 -0.042968
v 0.143314 -0.082096 -0.047676
v -0.046484 0.010000 0.172920
v 0.027222 -0.079587 0.064908
v 0.134163 -0.329973 -0.027709
v 0.053232 -0.079587 0.088328
v 0.125348 -0.260973 -0.056982
v 0.125793 -0.254238 -0.061690
v -0.047629 -0.061634 0.197485
v -0.048073 -0.068369 0.202192
v 0.125793 -0.254238 -0.061690
v 0.132812 -0.250337 -0.059891
v -0.040609 -0.057733 0.199283
v -0.047629 -0.061634 0.197485
v 0.132812 -0.250337 -0.059891
v 0.136706 -0.254661 -0.054073
v -0.036716 -0.062057 0.205102
v -0.040609 -0.057733 0.199283
v 0.136706 -0.254661 -0.054073
v 0.132093 -0.261235 -0.052275
v -0.041329 -0.068630 0.206900
v -0.036716 -0.062057 0.205102
v 0.132093 -0.261235 -0.052275
v 0.125348 -0.260973 -0.056982
v -0.048073 -0.068369 0.202192
v -0.041329 -0.068630 0.206900
v 0.130550 -0.256289 -0.056982
v 0.125793 -0.254238 -0.061690
v 0.125348 -0.260973 -0.056982
v -0.042871 -0.063685 0.202192
v -0.048073 -0.068369 0.202192
v -0.047629 -0.061634 0.197485
v 0.130550 -0.256289 -0.056982
v 0.132812 -0.250337 -0.059891
v 0.125793 -0.254238 -0.061690
v -0.042871 -0.063685 0.202192
v -0.047629 -0.061634 0.197485
v -0.040609 -0.057733 0.199283
v 0.130550 -0.256289 -0.056982
v 0.136706 -0.254661 -0.054073
v 0.132812 -0.250337 -0.059891
v -0.042871 -0.063685 0.202192
v -0.040609 -0.057733 0.199283
v -0.036716 -0.062057 0.205102
v 0.130550 -0.256289 -0.056982
v 0.132093 -0.261235 -0.052275
v 0.136706 -0.254661 -0.054073
v -0.042871 -0.063685 0.202192
v -0.036716 -0.062057 0.205102
v -0.041329 -0.068630 0.206900
v 0.130550 -0.256289 -0.056982
v 0.125348 -0.260973 -0.056982
v 0.132093 -0.261235 -0.052275
v -0.042871 -0.063685 0.202192
v -0.041329 -0.068630 0.206900
v -0.048073 -0.068369 0.202192
v -0.086319 0.010000 -0.166201
v -0.030715 -0.092078 -0.298543
v 0.066130 -0.355995 -0.419918
v 0.004429 -0.092078 -0.277426
v 0.057081 -0.298387 -0.435137
v 0.058802 -0.291861 -0.439844
v -0.087548 -0.048292 -0.155689
v -0.089270 -0.054818 -0.150982
v 0.058802 -0.291861 -0.439844
v 0.066437 -0.289371 -0.438046
v -0.079914 -0.045803 -0.153891
v -0.087548 -0.048292 -0.155689
v 0.066437 -0.289371 -0.438046
v 0.069434 -0.294359 -0.432227
v -0.076917 -0.050790 -0.148072
v -0.079914 -0.045803 -0.153891
v 0.069434 -0.294359 -0.432227
v 0.063651 -0.299931 -0.430429
v -0.082699 -0.056362 -0.146274
v -0.076917 -0.050790 -0.148072
v 0.063651 -0.299931 -0.430429
v 0.057081 -0.298387 -0.435137
v -0.089270 -0.054818 -0.150982
v -0.082699 -0.056362 -0.146274
v 0.063081 -0.294782 -0.435137
v 0.058802 -0.291861 -0.439844
v 0.057081 -0.298387 -0.435137
v -0.083270 -0.051213 -0.150982
v -0.089270 -0.054818 -0.150982
v -0.087548 -0.048292 -0.155689
v 0.063081 -0.294782 -0.435137
v 0.066437 -0.289371 -0.438046
v 0.058802 -0.291861 -0.439844
v -0.083270 -0.051213 -0.150982
v -0.087548 -0.048292 -0.155689
v -0.079914 -0.045803 -0.153891
v 0.063081 -0.294782 -0.435137
v 0.069434 -0.294359 -0.432227
v 0.066437 -0.289371 -0.438046
v -0.083270 -0.051213 -0.150982
v -0.079914 -0.045803 -0.153891
v -0.076917 -0.050790 -0.148072
v 0.063081 -0.294782 -0.435137
v 0.063651 -0.299931 -0.430429
v 0.069434 -0.294359 -0.432227
v -0.083270 -0.051213 -0.150982
v -0.076917 -0.050790 -0.148072
v -0.082699 -0.056362 -0.146274
v 0.063081 -0.294782 -0.435137
v 0.057081 -0.298387 -0.435137
v 0.063651 -0.299931 -0.430429
v -0.083270 -0.051213 -0.150982
v -0.082699 -0.056362 -0.146274
v -0.089270 -0.054818 -0.150982
v 0.183168 0.010000 0.066892
v 0.219588 -0.104568 -0.084339
v 0.293304 -0.382016 -0.235704
v 0.252478 -0.104568 -0.072369
v 0.284523 -0.333649 -0.238974
v 0.287458 -0.327571 -0.243681
v 0.181728 -0.037078 0.065454
v 0.178793 -0.043156 0.070162
v 0.287458 -0.327571 -0.243681
v 0.295428 -0.326584 -0.241883
v 0.189697 -0.036091 0.067252
v 0.181728 -0.037078 0.065454
v 0.295428 -0.326584 -0.241883
v 0.297418 -0.332052 -0.236065
v 0.191687 -0.041559 0.073071
v 0.189697 -0.036091 0.067252
v 0.297418 -0.332052 -0.236065
v 0.290679 -0.336418 -0.234266
v 0.184948 -0.045925 0.074869
v 0.191687 -0.041559 0.073071
v 0.290679 -0.336418 -0.234266
v 0.284523 -0.333649 -0.238974
v 0.178793 -0.043156 0.070162
v 0.184948 -0.045925 0.074869
v 0.291101 -0.331255 -0.238974
v 0.287458 -0.327571 -0.243681
v 0.284523 -0.333649 -0.238974
v 0.185370 -0.040762 0.070162
v 0.178793 -0.043156 0.070162
v 0.181728 -0.037078 0.065454
v 0.291101 -0.331255 -0.238974
v 0.295428 -0.326584 -0.241883
v 0.287458 -0.327571 -0.243681
v 0.185370 -0.040762 0.070162
v 0.181728 -0.037078 0.065454
v 0.189697 -0.036091 0.067252
v 0.291101 -0.331255 -0.238974
v 0.297418 -0.332052 -0.236065
v 0.295428 -0.326584 -0.241883
v 0.185370 -0.040762 0.070162
v 0.189697 -0.036091 0.067252
v 0.191687 -0.041559 0.073071
v 0.291101 -0.331255 -0.238974
v 0.290679 -0.336418 -0.234266
v 0.297418 -0.332052 -0.236065
v 0.185370 -0.040762 0.070162
v 0.191687 -0.041559 0.073071
v 0.184948 -0.045925 0.074869
v 0.291101 -0.331255 -0.238974
v 0.284523 -0.333649 -0.238974
v 0.290679 -0.336418 -0.234266
v 0.185370 -0.040762 0.070162
v 0.184948 -0.045925 0.074869
v 0.178793 -0.043156 0.070162
v -0.186997 0.010000 0.077190
v -0.181111 -0.117058 -0.091018
v -0.132552 -0.408038 -0.266563
v -0.140616 -0.117058 -0.084604
v -0.140555 -0.365115 -0.261745
v -0.136514 -0.359709 -0.266452
v -0.188781 -0.029706 0.067664
v -0.192822 -0.035113 0.072372
v -0.136514 -0.359709 -0.266452
v -0.128503 -0.360261 -0.264654
v -0.180770 -0.030258 0.069463
v -0.188781 -0.029706 0.067664
v -0.128503 -0.360261 -0.264654
v -0.127592 -0.366008 -0.258835
v -0.179860 -0.036005 0.075281
v -0.180770 -0.030258 0.069463
v -0.127592 -0.366008 -0.258835
v -0.135041 -0.369008 -0.257037
v -0.187308 -0.039005 0.077079
v -0.179860 -0.036005 0.075281
v -0.135041 -0.369008 -0.257037
v -0.140555 -0.365115 -0.261745
v -0.192822 -0.035113 0.072372
v -0.187308 -0.039005 0.077079
v -0.133641 -0.364020 -0.261745
v -0.136514 -0.359709 -0.266452
v -0.140555 -0.365115 -0.261745
v -0.185908 -0.034018 0.072372
v -0.192822 -0.035113 0.072372
v -0.188781 -0.029706 0.067664
v -0.133641 -0.364020 -0.261745
v -0.128503 -0.360261 -0.264654
v -0.136514 -0.359709 -0.266452
v -0.185908 -0.034018 0.072372
v -0.188781 -0.029706 0.067664
v -0.180770 -0.030258 0.069463
v -0.133641 -0.364020 -0.261745
v -0.127592 -0.366008 -0.258835
v -0.128503 -0.360261 -0.264654
v -0.185908 -0.034018 0.072372
v -0.180770 -0.030258 0.069463
v -0.179860 -0.036005 0.075281
v -0.133641 -0.364020 -0.261745
v -0.135041 -0.369008 -0.257037
v -0.127592 -0.366008 -0.258835
v -0.185908 -0.034018 0.072372
v -0.179860 -0.036005 0.075281
v -0.187308 -0.039005 0.077079
v -0.133641 -0.364020 -0.261745
v -0.140555 -0.365115 -0.261745
v -0.135041 -0.369008 -0.257037
v -0.185908 -0.034018 0.072372
v -0.187308 -0.039005 0.077079
v -0.192822 -0.035113 0.072372
v 0.088689 0.010000 -0.189523
v 0.067113 -0.067097 -0.305938
v 0.080175 -0.303952 -0.433327
v 0.102091 -0.067097 -0.307160
v 0.073349 -0.263757 -0.428522
v 0.078348 -0.259221 -0.433229
v 0.086521 -0.025170 -0.199036
v 0.081523 -0.029706 -0.194328
v 0.078348 -0.259221 -0.433229
v 0.086106 -0.261291 -0.431431
v 0.094279 -0.027240 -0.197238
v 0.086521 -0.025170 -0.199036
v 0.086106 -0.261291 -0.431431
v 0.085903 -0.267107 -0.425613
v 0.094076 -0.033056 -0.191419
v 0.094279 -0.027240 -0.197238
v 0.085903 -0.267107 -0.425613
v 0.078019 -0.268631 -0.423814
v 0.086192 -0.034579 -0.189621
v 0.094076 -0.033056 -0.191419
v 0.078019 -0.268631 -0.423814
v 0.073349 -0.263757 -0.428522
v 0.081523 -0.029706 -0.194328
v 0.086192 -0.034579 -0.189621
v 0.080345 -0.264001 -0.428522
v 0.078348 -0.259221 -0.433229
v 0.073349 -0.263757 -0.428522
v 0.088518 -0.029950 -0.194328
v 0.081523 -0.029706 -0.194328
v 0.086521 -0.025170 -0.199036
v 0.080345 -0.264001 -0.428522
v 0.086106 -0.261291 -0.431431
v 0.078348 -0.259221 -0.433229
v 0.088518 -0.029950 -0.194328
v 0.086521 -0.025170 -0.199036
v 0.094279 -0.027240 -0.197238
v 0.080345 -0.264001 -0.428522
v 0.085903 -0.267107 -0.425613
v 0.086106 -0.261291 -0.431431
v 0.088518 -0.029950 -0.194328
v 0.094279 -0.027240 -0.197238
v 0.094076 -0.033056 -0.191419
v 0.080345 -0.264001 -0.428522
v 0.078019 -0.268631 -0.423814
v 0.085903 -0.267107 -0.425613
v 0.088518 -0.029950 -0.194328
v 0.094076 -0.033056 -0.191419
v 0.086192 -0.034579 -0.189621
v 0.080345 -0.264001 -0.428522
v 0.073349 -0.263757 -0.428522
v 0.078019 -0.268631 -0.423814
v 0.088518 -0.029950 -0.194328
v 0.086192 -0.034579 -0.189621
v 0.081523 -0.029706 -0.194328
v 0.064611 0.010000 0.205989
v 0.015486 -0.079587 0.084335
v 0.003880 -0.329973 -0.057065
v 0.055435 -0.079587 0.075112
v -0.001725 -0.284678 -0.055125
v 0.004046 -0.281179 -0.059833
v 0.062348 -0.028647 0.199342
v 0.056576 -0.032146 0.204049
v 0.004046 -0.281179 -0.059833
v 0.011268 -0.284692 -0.058034
v 0.069569 -0.032160 0.201140
v 0.062348 -0.028647 0.199342
v 0.011268 -0.284692 -0.058034
v 0.009959 -0.290361 -0.052216
v 0.068260 -0.037830 0.206959
v 0.069569 -0.032160 0.201140
v 0.009959 -0.290361 -0.052216
v 0.001928 -0.290353 -0.050418
v 0.060230 -0.037821 0.208757
v 0.068260 -0.037830 0.206959
v 0.001928 -0.290353 -0.050418
v -0.001725 -0.284678 -0.055125
v 0.056576 -0.032146 0.204049
v 0.060230 -0.037821 0.208757
v 0.005095 -0.286253 -0.055125
v 0.004046 -0.281179 -0.059833
v -0.001725 -0.284678 -0.055125
v 0.063397 -0.033721 0.204049
v 0.056576 -0.032146 0.204049
v 0.062348 -0.028647 0.199342
v 0.005095 -0.286253 -0.055125
v 0.011268 -0.284692 -0.058034
v 0.004046 -0.281179 -0.059833
v 0.063397 -0.033721 0.204049
v 0.062348 -0.028647 0.199342
v 0.069569 -0.032160 0.201140
v 0.005095 -0.286253 -0.055125
v 0.009959 -0.290361 -0.052216
v 0.011268 -0.284692 -0.058034
v 0.063397 -0.033721 0.204049
v 0.069569 -0.032160 0.201140
v 0.068260 -0.037830 0.206959
v 0.005095 -0.286253 -0.055125
v 0.001928 -0.290353 -0.050418
v 0.009959 -0.290361 -0.052216
v 0.063397 -0.033721 0.204049
v 0.068260 -0.037830 0.206959
v 0.060230 -0.037821 0.208757
v 0.005095 -0.286253 -0.055125
v -0.001725 -0.284678 -0.055125
v 0.001928 -0.290353 -0.050418
v 0.063397 -0.033721 0.204049
v 0.060230 -0.037821 0.208757
v 0.056576 -0.032146 0.204049
v -0.192293 0.010000 -0.111437
v -0.266069 -0.092078 -0.234114
v -0.312685 -0.355995 -0.381842
v -0.234094 -0.092078 -0.248349
v -0.316672 -0.299945 -0.388717
v -0.310339 -0.297611 -0.393425
v -0.194763 -0.038023 -0.109270
v -0.201096 -0.040356 -0.104562
v -0.310339 -0.297611 -0.393425
v -0.303921 -0.302437 -0.391627
v -0.188344 -0.042849 -0.107471
v -0.194763 -0.038023 -0.109270
v -0.303921 -0.302437 -0.391627
v -0.306287 -0.307753 -0.385808
v -0.190711 -0.048164 -0.101653
v -0.188344 -0.042849 -0.107471
v -0.306287 -0.307753 -0.385808
v -0.314168 -0.306212 -0.384010
v -0.198592 -0.046624 -0.099855
v -0.190711 -0.048164 -0.101653
v -0.314168 -0.306212 -0.384010
v -0.316672 -0.299945 -0.388717
v -0.201096 -0.040356 -0.104562
v -0.198592 -0.046624 -0.099855
v -0.310277 -0.302792 -0.388717
v -0.310339 -0.297611 -0.393425
v -0.316672 -0.299945 -0.388717
v -0.194701 -0.043203 -0.104562
v -0.201096 -0.040356 -0.104562
v -0.194763 -0.038023 -0.109270
v -0.310277 -0.302792 -0.388717
v -0.303921 -0.302437 -0.391627
v -0.310339 -0.297611 -0.393425
v -0.194701 -0.043203 -0.104562
v -0.194763 -0.038023 -0.109270
v -0.188344 -0.042849 -0.107471
v -0.310277 -0.302792 -0.388717
v -0.306287 -0.307753 -0.385808
v -0.303921 -0.302437 -0.391627
v -0.194701 -0.043203 -0.104562
v -0.188344 -0.042849 -0.107471
v -0.190711 -0.048164 -0.101653
v -0.310277 -0.302792 -0.388717
v -0.314168 -0.306212 -0.384010
v -0.306287 -0.307753 -0.385808
v -0.194701 -0.043203 -0.104562
v -0.190711 -0.048164 -0.101653
v -0.198592 -0.046624 -0.099855
v -0.310277 -0.302792 -0.388717
v -0.316672 -0.299945 -0.388717
v -0.314168 -0.306212 -0.384010
v -0.194701 -0.043203 -0.104562
v -0.198592 -0.046624 -0.099855
v -0.201096 -0.040356 -0.104562
v 0.223048 0.010000 -0.049037
v 0.117599 -0.104568 -0.163893
v 0.038347 -0.382016 -0.312818
v 0.151184 -0.104568 -0.187410
v 0.036307 -0.308608 -0.335495
v 0.042969 -0.307526 -0.340203
v 0.220282 -0.054297 -0.031067
v 0.213620 -0.055379 -0.026359
v 0.042969 -0.307526 -0.340203
v 0.048348 -0.313488 -0.338405
v 0.225661 -0.060259 -0.029269
v 0.220282 -0.054297 -0.031067
v 0.048348 -0.313488 -0.338405
v 0.045011 -0.318254 -0.332586
v 0.222324 -0.065025 -0.023450
v 0.225661 -0.060259 -0.029269
v 0.045011 -0.318254 -0.332586
v 0.037569 -0.315238 -0.330788
v 0.214882 -0.062009 -0.021652
v 0.222324 -0.065025 -0.023450
v 0.037569 -0.315238 -0.330788
v 0.036307 -0.308608 -0.335495
v 0.213620 -0.055379 -0.026359
v 0.214882 -0.062009 -0.021652
v 0.042041 -0.312623 -0.335495
v 0.042969 -0.307526 -0.340203
v 0.036307 -0.308608 -0.335495
v 0.219354 -0.059394 -0.026359
v 0.213620 -0.055379 -0.026359
v 0.220282 -0.054297 -0.031067
v 0.042041 -0.312623 -0.335495
v 0.048348 -0.313488 -0.338405
v 0.042969 -0.307526 -0.340203
v 0.219354 -0.059394 -0.026359
v 0.220282 -0.054297 -0.031067
v 0.225661 -0.060259 -0.029269
v 0.042041 -0.312623 -0.335495
v 0.045011 -0.318254 -0.332586
v 0.048348 -0.313488 -0.338405
v 0.219354 -0.059394 -0.026359
v 0.225661 -0.060259 -0.029269
v 0.222324 -0.065025 -0.023450
v 0.042041 -0.312623 -0.335495
v 0.037569 -0.315238 -0.330788
v 0.045011 -0.318254 -0.332586
v 0.219354 -0.059394 -0.026359
v 0.222324 -0.065025 -0.023450
v 0.214882 -0.062009 -0.021652
v 0.042041 -0.312623 -0.335495
v 0.036307 -0.308608 -0.335495
v 0.037569 -0.315238 -0.330788
v 0.219354 -0.059394 -0.026359
v 0.214882 -0.062009 -0.021652
v 0.213620 -0.055379 -0.026359
v -0.134743 0.010000 0.191660
v -0.267071 -0.117058 0.088200
v -0.385101 -0.408038 -0.050108
v -0.242758 -0.117058 0.063023
v -0.384956 -0.310032 -0.096282
v -0.378210 -0.310241 -0.100990
v -0.137867 -0.078144 0.233127
v -0.144613 -0.077935 0.237834
v -0.378210 -0.310241 -0.100990
v -0.374067 -0.317120 -0.099192
v -0.133724 -0.085023 0.234925
v -0.137867 -0.078144 0.233127
v -0.374067 -0.317120 -0.099192
v -0.378252 -0.321162 -0.093373
v -0.137909 -0.089065 0.240743
v -0.133724 -0.085023 0.234925
v -0.378252 -0.321162 -0.093373
v -0.384982 -0.316781 -0.091575
v -0.144639 -0.084685 0.242542
v -0.137909 -0.089065 0.240743
v -0.384982 -0.316781 -0.091575
v -0.384956 -0.310032 -0.096282
v -0.144613 -0.077935 0.237834
v -0.144639 -0.084685 0.242542
v -0.380094 -0.315067 -0.096282
v -0.378210 -0.310241 -0.100990
v -0.384956 -0.310032 -0.096282
v -0.139750 -0.082971 0.237834
v -0.144613 -0.077935 0.237834
v -0.137867 -0.078144 0.233127
v -0.380094 -0.315067 -0.096282
v -0.374067 -0.317120 -0.099192
v -0.378210 -0.310241 -0.100990
v -0.139750 -0.082971 0.237834
v -0.137867 -0.078144 0.233127
v -0.133724 -0.085023 0.234925
v -0.380094 -0.315067 -0.096282
v -0.378252 -0.321162 -0.093373
v -0.374067 -0.317120 -0.099192
v -0.139750 -0.082971 0.237834
v -0.133724 -0.085023 0.234925
v -0.137909 -0.089065 0.240743
v -0.380094 -0.315067 -0.096282
v -0.384982 -0.316781 -0.091575
v -0.378252 -0.321162 -0.093373
v -0.139750 -0.082971 0.237834
v -0.137909 -0.089065 0.240743
v -0.144639 -0.084685 0.242542
v -0.380094 -0.315067 -0.096282
v -0.384956 -0.310032 -0.096282
v -0.384982 -0.316781 -0.091575
v -0.139750 -0.082971 0.237834
v -0.144639 -0.084685 0.242542
v -0.144613 -0.077935 0.237834
v -0.030843 0.010000 -0.238010
v -0.140214 -0.067097 -0.284593
v -0.235439 -0.303952 -0.370876
v -0.117884 -0.067097 -0.318978
v -0.235159 -0.204881 -0.421540
v -0.228577 -0.206373 -0.426247
v -0.032165 -0.078822 -0.192053
v -0.038748 -0.077330 -0.187346
v -0.228577 -0.206373 -0.426247
v -0.225822 -0.213916 -0.424449
v -0.029411 -0.086365 -0.190255
v -0.032165 -0.078822 -0.192053
v -0.225822 -0.213916 -0.424449
v -0.230702 -0.217086 -0.418630
v -0.034291 -0.089534 -0.184436
v -0.029411 -0.086365 -0.190255
v -0.230702 -0.217086 -0.418630
v -0.236473 -0.211501 -0.416832
v -0.040061 -0.083950 -0.182638
v -0.034291 -0.089534 -0.184436
v -0.236473 -0.211501 -0.416832
v -0.235159 -0.204881 -0.421540
v -0.038748 -0.077330 -0.187346
v -0.040061 -0.083950 -0.182638
v -0.231347 -0.210751 -0.421540
v -0.228577 -0.206373 -0.426247
v -0.235159 -0.204881 -0.421540
v -0.034935 -0.083200 -0.187346
v -0.038748 -0.077330 -0.187346
v -0.032165 -0.078822 -0.192053
v -0.231347 -0.210751 -0.421540
v -0.225822 -0.213916 -0.424449
v -0.228577 -0.206373 -0.426247
v -0.034935 -0.083200 -0.187346
v -0.032165 -0.078822 -0.192053
v -0.029411 -0.086365 -0.190255
v -0.231347 -0.210751 -0.421540
v -0.230702 -0.217086 -0.418630
v -0.225822 -0.213916 -0.424449
v -0.034935 -0.083200 -0.187346
v -0.029411 -0.086365 -0.190255
v -0.034291 -0.089534 -0.184436
v -0.231347 -0.210751 -0.421540
v -0.236473 -0.211501 -0.416832
v -0.230702 -0.217086 -0.418630
v -0.034935 -0.083200 -0.187346
v -0.034291 -0.089534 -0.184436
v -0.040061 -0.083950 -0.182638
v -0.231347 -0.210751 -0.421540
v -0.235159 -0.204881 -0.421540
v -0.236473 -0.211501 -0.416832
v -0.034935 -0.083200 -0.187346
v -0.040061 -0.083950 -0.182638
v -0.038748 -0.077330 -0.187346
v 0.187752 0.010000 0.158237
v 0.061046 -0.079587 0.125918
v -0.062563 -0.329973 0.057103
v 0.074157 -0.079587 0.093467
v -0.060179 -0.202041 -0.021917
v -0.054002 -0.204762 -0.026625
v 0.186300 -0.107673 0.232549
v 0.180124 -0.104952 0.237257
v -0.054002 -0.204762 -0.026625
v -0.052737 -0.212692 -0.024827
v 0.187565 -0.115603 0.234348
v 0.186300 -0.107673 0.232549
v -0.052737 -0.212692 -0.024827
v -0.058132 -0.214872 -0.019008
v 0.182170 -0.117783 0.240166
v 0.187565 -0.115603 0.234348
v -0.058132 -0.214872 -0.019008
v -0.062731 -0.208289 -0.017210
v 0.177571 -0.111200 0.241964
v 0.182170 -0.117783 0.240166
v -0.062731 -0.208289 -0.017210
v -0.060179 -0.202041 -0.021917
v 0.180124 -0.104952 0.237257
v 0.177571 -0.111200 0.241964
v -0.057556 -0.208531 -0.021917
v -0.054002 -0.204762 -0.026625
v -0.060179 -0.202041 -0.021917
v 0.182746 -0.111442 0.237257
v 0.180124 -0.104952 0.237257
v 0.186300 -0.107673 0.232549
v -0.057556 -0.208531 -0.021917
v -0.052737 -0.212692 -0.024827
v -0.054002 -0.204762 -0.026625
v 0.182746 -0.111442 0.237257
v 0.186300 -0.107673 0.232549
v 0.187565 -0.115603 0.234348
v -0.057556 -0.208531 -0.021917
v -0.058132 -0.214872 -0.019008
v -0.052737 -0.212692 -0.024827
v 0.182746 -0.111442 0.237257
v 0.187565 -0.115603 0.234348
v 0.182170 -0.117783 0.240166
v -0.057556 -0.208531 -0.021917
v -0.062731 -0.208289 -0.017210
v -0.058132 -0.214872 -0.019008
v 0.182746 -0.111442 0.237257
v 0.182170 -0.117783 0.240166
v 0.177571 -0.111200 0.241964
v -0.057556 -0.208531 -0.021917
v -0.060179 -0.202041 -0.021917
v -0.062731 -0.208289 -0.017210
v 0.182746 -0.111442 0.237257
v 0.177571 -0.111200 0.241964
v 0.180124 -0.104952 0.237257
v -0.250705 0.010000 0.010368
v -0.394083 -0.092078 0.003382
v -0.541261 -0.355995 -0.046110
v -0.386260 -0.092078 -0.036865
v -0.536786 -0.193236 -0.159948
v -0.531242 -0.197086 -0.164656
v -0.252307 -0.142866 0.119499
v -0.257851 -0.139016 0.124207
v -0.531242 -0.197086 -0.164656
v -0.531514 -0.205111 -0.162858
v -0.252579 -0.150892 0.121297
v -0.252307 -0.142866 0.119499
v -0.531514 -0.205111 -0.162858
v -0.537225 -0.206221 -0.157039
v -0.258291 -0.152002 0.127116
v -0.252579 -0.150892 0.121297
v -0.537225 -0.206221 -0.157039
v -0.540484 -0.198882 -0.155241
v -0.261549 -0.144663 0.128914
v -0.258291 -0.152002 0.127116
v -0.540484 -0.198882 -0.155241
v -0.536786 -0.193236 -0.159948
v -0.257851 -0.139016 0.124207
v -0.261549 -0.144663 0.128914
v -0.535450 -0.200107 -0.159948
v -0.531242 -0.197086 -0.164656
v -0.536786 -0.193236 -0.159948
v -0.256516 -0.145888 0.124207
v -0.257851 -0.139016 0.124207
v -0.252307 -0.142866 0.119499
v -0.535450 -0.200107 -0.159948
v -0.531514 -0.205111 -0.162858
v -0.531242 -0.197086 -0.164656
v -0.256516 -0.145888 0.124207
v -0.252307 -0.142866 0.119499
v -0.252579 -0.150892 0.121297
v -0.535450 -0.200107 -0.159948
v -0.537225 -0.206221 -0.157039
v -0.531514 -0.205111 -0.162858
v -0.256516 -0.145888 0.124207
v -0.252579 -0.150892 0.121297
v -0.258291 -0.152002 0.127116
v -0.535450 -0.200107 -0.159948
v -0.540484 -0.198882 -0.155241
v -0.537225 -0.206221 -0.157039
v -0.256516 -0.145888 0.124207
v -0.258291 -0.152002 0.127116
v -0.261549 -0.144663 0.128914
v -0.535450 -0.200107 -0.159948
v -0.536786 -0.193236 -0.159948
v -0.540484 -0.198882 -0.155241
v -0.256516 -0.145888 0.124207
v -0.261549 -0.144663 0.128914
v -0.257851 -0.139016 0.124207
v 0.181566 0.010000 -0.180684
v 0.026998 -0.104568 -0.163184
v -0.140450 -0.382016 -0.180684
v 0.026998 -0.104568 -0.198184
v -0.134010 -0.179008 -0.335252
v -0.129302 -0.183845 -0.339960
v 0.179833 -0.183845 -0.030824
v 0.175126 -0.179008 -0.026116
v -0.129302 -0.183845 -0.339960
v -0.131100 -0.191671 -0.338161
v 0.178035 -0.191671 -0.029026
v 0.179833 -0.183845 -0.030824
v -0.131100 -0.191671 -0.338161
v -0.136919 -0.191671 -0.332343
v 0.172217 -0.191671 -0.023207
v 0.178035 -0.191671 -0.029026
v -0.136919 -0.191671 -0.332343
v -0.138717 -0.183845 -0.330545
v 0.170418 -0.183845 -0.021409
v 0.172217 -0.191671 -0.023207
v -0.138717 -0.183845 -0.330545
v -0.134010 -0.179008 -0.335252
v 0.175126 -0.179008 -0.026116
v 0.170418 -0.183845 -0.021409
v -0.134010 -0.186008 -0.335252
v -0.129302 -0.183845 -0.339960
v -0.134010 -0.179008 -0.335252
v 0.175126 -0.186008 -0.026116
v 0.175126 -0.179008 -0.026116
v 0.179833 -0.183845 -0.030824
v -0.134010 -0.186008 -0.335252
v -0.131100 -0.191671 -0.338161
v -0.129302 -0.183845 -0.339960
v 0.175126 -0.186008 -0.026116
v 0.179833 -0.183845 -0.030824
v 0.178035 -0.191671 -0.029026
v -0.134010 -0.186008 -0.335252
v -0.136919 -0.191671 -0.332343
v -0.131100 -0.191671 -0.338161
v 0.175126 -0.186008 -0.026116
v 0.178035 -0.191671 -0.029026
v 0.172217 -0.191671 -0.023207
v -0.134010 -0.186008 -0.335252
v -0.138717 -0.183845 -0.330545
v -0.136919 -0.191671 -0.332343
v 0.175126 -0.186008 -0.026116
v 0.172217 -0.191671 -0.023207
v 0.170418 -0.183845 -0.021409
v -0.134010 -0.186008 -0.335252
v -0.134010 -0.179008 -0.335252
v -0.138717 -0.183845 -0.330545
v 0.175126 -0.186008 -0.026116
v 0.170418 -0.183845 -0.021409
v 0.175126 -0.179008 -0.026116
v -0.012066 0.010000 0.260967
v -0.172144 -0.117058 0.312967
v -0.353710 -0.408038 0.327376
v -0.179967 -0.117058 0.272720
v -0.345541 -0.160271 0.127113
v -0.341843 -0.165918 0.122406
v -0.013865 -0.229670 0.456522
v -0.017563 -0.224024 0.461230
v -0.341843 -0.165918 0.122406
v -0.345101 -0.173257 0.124204
v -0.017124 -0.237009 0.458321
v -0.013865 -0.229670 0.456522
v -0.345101 -0.173257 0.124204
v -0.350813 -0.172147 0.130023
v -0.022836 -0.235899 0.464139
v -0.017124 -0.237009 0.458321
v -0.350813 -0.172147 0.130023
v -0.351085 -0.164121 0.131821
v -0.023107 -0.227874 0.465937
v -0.022836 -0.235899 0.464139
v -0.351085 -0.164121 0.131821
v -0.345541 -0.160271 0.127113
v -0.017563 -0.224024 0.461230
v -0.023107 -0.227874 0.465937
v -0.346877 -0.167143 0.127113
v -0.341843 -0.165918 0.122406
v -0.345541 -0.160271 0.127113
v -0.018899 -0.230895 0.461230
v -0.017563 -0.224024 0.461230
v -0.013865 -0.229670 0.456522
v -0.346877 -0.167143 0.127113
v -0.345101 -0.173257 0.124204
v -0.341843 -0.165918 0.122406
v -0.018899 -0.230895 0.461230
v -0.013865 -0.229670 0.456522
v -0.017124 -0.237009 0.458321
v -0.346877 -0.167143 0.127113
v -0.350813 -0.172147 0.130023
v -0.345101 -0.173257 0.124204
v -0.018899 -0.230895 0.461230
v -0.017124 -0.237009 0.458321
v -0.022836 -0.235899 0.464139
v -0.346877 -0.167143 0.127113
v -0.351085 -0.164121 0.131821
v -0.350813 -0.172147 0.130023
v -0.018899 -0.230895 0.461230
v -0.022836 -0.235899 0.464139
v -0.023107 -0.227874 0.465937
v -0.346877 -0.167143 0.127113
v -0.345541 -0.160271 0.127113
v -0.351085 -0.164121 0.131821
v -0.018899 -0.230895 0.461230
v -0.023107 -0.227874 0.465937
v -0.017563 -0.224024 0.461230
v -0.170568 0.010000 -0.204395
v -0.272583 -0.067097 -0.144304
v -0.396756 -0.303952 -0.113009
v -0.285694 -0.067097 -0.176756
v -0.389610 -0.096620 -0.275799
v -0.387057 -0.102869 -0.280507
v -0.169917 -0.190599 -0.046313
v -0.172469 -0.184351 -0.041606
v -0.387057 -0.102869 -0.280507
v -0.391656 -0.109451 -0.278709
v -0.174516 -0.197182 -0.044515
v -0.169917 -0.190599 -0.046313
v -0.391656 -0.109451 -0.278709
v -0.397051 -0.107272 -0.272890
v -0.179911 -0.195002 -0.038696
v -0.174516 -0.197182 -0.044515
v -0.397051 -0.107272 -0.272890
v -0.395787 -0.099342 -0.271092
v -0.178646 -0.187072 -0.036898
v -0.179911 -0.195002 -0.038696
v -0.395787 -0.099342 -0.271092
v -0.389610 -0.096620 -0.275799
v -0.172469 -0.184351 -0.041606
v -0.178646 -0.187072 -0.036898
v -0.392232 -0.103111 -0.275799
v -0.387057 -0.102869 -0.280507
v -0.389610 -0.096620 -0.275799
v -0.175092 -0.190841 -0.041606
v -0.172469 -0.184351 -0.041606
v -0.169917 -0.190599 -0.046313
v -0.392232 -0.103111 -0.275799
v -0.391656 -0.109451 -0.278709
v -0.387057 -0.102869 -0.280507
v -0.175092 -0.190841 -0.041606
v -0.169917 -0.190599 -0.046313
v -0.174516 -0.197182 -0.044515
v -0.392232 -0.103111 -0.275799
v -0.397051 -0.107272 -0.272890
v -0.391656 -0.109451 -0.278709
v -0.175092 -0.190841 -0.041606
v -0.174516 -0.197182 -0.044515
v -0.179911 -0.195002 -0.038696
v -0.392232 -0.103111 -0.275799
v -0.395787 -0.099342 -0.271092
v -0.397051 -0.107272 -0.272890
v -0.175092 -0.190841 -0.041606
v -0.179911 -0.195002 -0.038696
v -0.178646 -0.187072 -0.036898
v -0.392232 -0.103111 -0.275799
v -0.389610 -0.096620 -0.275799
v -0.395787 -0.099342 -0.271092
v -0.175092 -0.190841 -0.041606
v -0.178646 -0.187072 -0.036898
v -0.172469 -0.184351 -0.041606
v 0.268648 0.010000 0.036145
v 0.171132 -0.079587 0.123916
v 0.042229 -0.329973 0.183183
v 0.148802 -0.079587 0.089530
v 0.050570 -0.083538 -0.019923
v 0.051884 -0.090158 -0.024631
v 0.269246 -0.231315 0.234544
v 0.267932 -0.224694 0.239251
v 0.051884 -0.090158 -0.024631
v 0.046113 -0.095742 -0.022833
v 0.263475 -0.236899 0.236342
v 0.269246 -0.231315 0.234544
v 0.046113 -0.095742 -0.022833
v 0.041233 -0.092573 -0.017014
v 0.258595 -0.233730 0.242161
v 0.263475 -0.236899 0.236342
v 0.041233 -0.092573 -0.017014
v 0.043988 -0.085030 -0.015216
v 0.261350 -0.226187 0.243959
v 0.258595 -0.233730 0.242161
v 0.043988 -0.085030 -0.015216
v 0.050570 -0.083538 -0.019923
v 0.267932 -0.224694 0.239251
v 0.261350 -0.226187 0.243959
v 0.046758 -0.089408 -0.019923
v 0.051884 -0.090158 -0.024631
v 0.050570 -0.083538 -0.019923
v 0.264120 -0.230565 0.239251
v 0.267932 -0.224694 0.239251
v 0.269246 -0.231315 0.234544
v 0.046758 -0.089408 -0.019923
v 0.046113 -0.095742 -0.022833
v 0.051884 -0.090158 -0.024631
v 0.264120 -0.230565 0.239251
v 0.269246 -0.231315 0.234544
v 0.263475 -0.236899 0.236342
v 0.046758 -0.089408 -0.019923
v 0.041233 -0.092573 -0.017014
v 0.046113 -0.095742 -0.022833
v 0.264120 -0.230565 0.239251
v 0.263475 -0.236899 0.236342
v 0.258595 -0.233730 0.242161
v 0.046758 -0.089408 -0.019923
v 0.043988 -0.085030 -0.015216
v 0.041233 -0.092573 -0.017014
v 0.264120 -0.230565 0.239251
v 0.258595 -0.233730 0.242161
v 0.261350 -0.226187 0.243959
v 0.046758 -0.089408 -0.019923
v 0.050570 -0.083538 -0.019923
v 0.043988 -0.085030 -0.015216
v 0.264120 -0.230565 0.239251
v 0.261350 -0.226187 0.243959
v 0.267932 -0.224694 0.239251
v -0.226402 0.010000 0.157526
v -0.316448 -0.092078 0.268810
v -0.439323 -0.355995 0.363142
v -0.340761 -0.092078 0.243633
v -0.430202 -0.069267 0.118257
v -0.430176 -0.076016 0.113549
v -0.225772 -0.273407 0.397704
v -0.225798 -0.266657 0.402412
v -0.430176 -0.076016 0.113549
v -0.436906 -0.080397 0.115347
v -0.232502 -0.277788 0.399502
v -0.225772 -0.273407 0.397704
v -0.436906 -0.080397 0.115347
v -0.441091 -0.076355 0.121166
v -0.236687 -0.273745 0.405321
v -0.232502 -0.277788 0.399502
v -0.441091 -0.076355 0.121166
v -0.436948 -0.069476 0.122964
v -0.232544 -0.266867 0.407119
v -0.236687 -0.273745 0.405321
v -0.436948 -0.069476 0.122964
v -0.430202 -0.069267 0.118257
v -0.225798 -0.266657 0.402412
v -0.232544 -0.266867 0.407119
v -0.435065 -0.074302 0.118257
v -0.430176 -0.076016 0.113549
v -0.430202 -0.069267 0.118257
v -0.230661 -0.271693 0.402412
v -0.225798 -0.266657 0.402412
v -0.225772 -0.273407 0.397704
v -0.435065 -0.074302 0.118257
v -0.436906 -0.080397 0.115347
v -0.430176 -0.076016 0.113549
v -0.230661 -0.271693 0.402412
v -0.225772 -0.273407 0.397704
v -0.232502 -0.277788 0.399502
v -0.435065 -0.074302 0.118257
v -0.441091 -0.076355 0.121166
v -0.436906 -0.080397 0.115347
v -0.230661 -0.271693 0.402412
v -0.232502 -0.277788 0.399502
v -0.236687 -0.273745 0.405321
v -0.435065 -0.074302 0.118257
v -0.436948 -0.069476 0.122964
v -0.441091 -0.076355 0.121166
v -0.230661 -0.271693 0.402412
v -0.236687 -0.273745 0.405321
v -0.232544 -0.266867 0.407119
v -0.435065 -0.074302 0.118257
v -0.430202 -0.069267 0.118257
v -0.436948 -0.069476 0.122964
v -0.230661 -0.271693 0.402412
v -0.232544 -0.266867 0.407119
v -0.225798 -0.266657 0.402412
v 0.061553 0.010000 -0.273616
v -0.010311 -0.104568 -0.135243
v -0.123148 -0.382016 -0.009836
v -0.043896 -0.104568 -0.158760
v -0.113720 -0.055379 -0.296294
v -0.114982 -0.062009 -0.301001
v 0.062331 -0.315238 0.008135
v 0.063593 -0.308608 0.012842
v -0.114982 -0.062009 -0.301001
v -0.122424 -0.065025 -0.299203
v 0.054889 -0.318254 0.009933
v 0.062331 -0.315238 0.008135
v -0.122424 -0.065025 -0.299203
v -0.125762 -0.060259 -0.293384
v 0.051551 -0.313488 0.015751
v 0.054889 -0.318254 0.009933
v -0.125762 -0.060259 -0.293384
v -0.120382 -0.054297 -0.291586
v 0.056931 -0.307526 0.017550
v 0.051551 -0.313488 0.015751
v -0.120382 -0.054297 -0.291586
v -0.113720 -0.055379 -0.296294
v 0.063593 -0.308608 0.012842
v 0.056931 -0.307526 0.017550
v -0.119454 -0.059394 -0.296294
v -0.114982 -0.062009 -0.301001
v -0.113720 -0.055379 -0.296294
v 0.057859 -0.312623 0.012842
v 0.063593 -0.308608 0.012842
v 0.062331 -0.315238 0.008135
v -0.119454 -0.059394 -0.296294
v -0.122424 -0.065025 -0.299203
v -0.114982 -0.062009 -0.301001
v 0.057859 -0.312623 0.012842
v 0.062331 -0.315238 0.008135
v 0.054889 -0.318254 0.009933
v -0.119454 -0.059394 -0.296294
v -0.125762 -0.060259 -0.293384
v -0.122424 -0.065025 -0.299203
v 0.057859 -0.312623 0.012842
v 0.054889 -0.318254 0.009933
v 0.051551 -0.313488 0.015751
v -0.119454 -0.059394 -0.296294
v -0.120382 -0.054297 -0.291586
v -0.125762 -0.060259 -0.293384
v 0.057859 -0.312623 0.012842
v 0.051551 -0.313488 0.015751
v 0.056931 -0.307526 0.017550
v -0.119454 -0.059394 -0.296294
v -0.113720 -0.055379 -0.296294
v -0.120382 -0.054297 -0.291586
v 0.057859 -0.312623 0.012842
v 0.056931 -0.307526 0.017550
v 0.063593 -0.308608 0.012842
v 0.141698 0.010000 0.247279
v 0.089736 -0.117058 0.407012
v 0.000138 -0.408038 0.565227
v 0.057762 -0.117058 0.392776
v 0.009364 -0.043557 0.239195
v 0.006860 -0.049824 0.234487
v 0.142758 -0.355055 0.568604
v 0.145262 -0.348787 0.573311
v 0.006860 -0.049824 0.234487
v -0.001021 -0.051365 0.236285
v 0.134877 -0.356596 0.570402
v 0.142758 -0.355055 0.568604
v -0.001021 -0.051365 0.236285
v -0.003388 -0.046049 0.242104
v 0.132510 -0.351280 0.576220
v 0.134877 -0.356596 0.570402
v -0.003388 -0.046049 0.242104
v 0.003031 -0.041223 0.243902
v 0.138928 -0.346454 0.578019
v 0.132510 -0.351280 0.576220
v 0.003031 -0.041223 0.243902
v 0.009364 -0.043557 0.239195
v 0.145262 -0.348787 0.573311
v 0.138928 -0.346454 0.578019
v 0.002969 -0.046404 0.239195
v 0.006860 -0.049824 0.234487
v 0.009364 -0.043557 0.239195
v 0.138867 -0.351634 0.573311
v 0.145262 -0.348787 0.573311
v 0.142758 -0.355055 0.568604
v 0.002969 -0.046404 0.239195
v -0.001021 -0.051365 0.236285
v 0.006860 -0.049824 0.234487
v 0.138867 -0.351634 0.573311
v 0.142758 -0.355055 0.568604
v 0.134877 -0.356596 0.570402
v 0.002969 -0.046404 0.239195
v -0.003388 -0.046049 0.242104
v -0.001021 -0.051365 0.236285
v 0.138867 -0.351634 0.573311
v 0.134877 -0.356596 0.570402
v 0.132510 -0.351280 0.576220
v 0.002969 -0.046404 0.239195
v 0.003031 -0.041223 0.243902
v -0.003388 -0.046049 0.242104
v 0.138867 -0.351634 0.573311
v 0.132510 -0.351280 0.576220
v 0.138928 -0.346454 0.578019
v 0.002969 -0.046404 0.239195
v 0.009364 -0.043557 0.239195
v 0.003031 -0.041223 0.243902
v 0.138867 -0.351634 0.573311
v 0.138928 -0.346454 0.578019
v 0.145262 -0.348787 0.573311
v -0.275763 0.010000 -0.087974
v -0.282130 -0.067097 0.030733
v -0.330640 -0.303952 0.149725
v -0.322079 -0.067097 0.021510
v -0.322722 -0.031306 -0.086221
v -0.326376 -0.036980 -0.090929
v -0.273694 -0.265172 0.143265
v -0.270040 -0.259497 0.147972
v -0.326376 -0.036980 -0.090929
v -0.334406 -0.036989 -0.089131
v -0.281724 -0.265180 0.145063
v -0.273694 -0.265172 0.143265
v -0.334406 -0.036989 -0.089131
v -0.335715 -0.031319 -0.083312
v -0.283033 -0.259511 0.150882
v -0.281724 -0.265180 0.145063
v -0.335715 -0.031319 -0.083312
v -0.328494 -0.027807 -0.081514
v -0.275812 -0.255998 0.152680
v -0.283033 -0.259511 0.150882
v -0.328494 -0.027807 -0.081514
v -0.322722 -0.031306 -0.086221
v -0.270040 -0.259497 0.147972
v -0.275812 -0.255998 0.152680
v -0.329543 -0.032880 -0.086221
v -0.326376 -0.036980 -0.090929
v -0.322722 -0.031306 -0.086221
v -0.276861 -0.261072 0.147972
v -0.270040 -0.259497 0.147972
v -0.273694 -0.265172 0.143265
v -0.329543 -0.032880 -0.086221
v -0.334406 -0.036989 -0.089131
v -0.326376 -0.036980 -0.090929
v -0.276861 -0.261072 0.147972
v -0.273694 -0.265172 0.143265
v -0.281724 -0.265180 0.145063
v -0.329543 -0.032880 -0.086221
v -0.335715 -0.031319 -0.083312
v -0.334406 -0.036989 -0.089131
v -0.276861 -0.261072 0.147972
v -0.281724 -0.265180 0.145063
v -0.283033 -0.259511 0.150882
v -0.329543 -0.032880 -0.086221
v -0.328494 -0.027807 -0.081514
v -0.335715 -0.031319 -0.083312
v -0.276861 -0.261072 0.147972
v -0.283033 -0.259511 0.150882
v -0.275812 -0.255998 0.152680
v -0.329543 -0.032880 -0.086221
v -0.322722 -0.031306 -0.086221
v -0.328494 -0.027807 -0.081514
v -0.276861 -0.261072 0.147972
v -0.275812 -0.255998 0.152680
v -0.270040 -0.259497 0.147972
v 0.266733 0.010000 -0.123239
v 0.279699 -0.079587 0.006880
v 0.257311 -0.329973 0.146570
v 0.244721 -0.079587 0.005658
v 0.264495 -0.030234 -0.117922
v 0.259825 -0.035108 -0.122629
v 0.268870 -0.294124 0.136545
v 0.273540 -0.289251 0.141252
v 0.259825 -0.035108 -0.122629
v 0.251941 -0.033584 -0.120831
v 0.260986 -0.292600 0.138343
v 0.268870 -0.294124 0.136545
v 0.251941 -0.033584 -0.120831
v 0.251738 -0.027768 -0.115013
v 0.260783 -0.286785 0.144162
v 0.260986 -0.292600 0.138343
v 0.251738 -0.027768 -0.115013
v 0.259497 -0.025698 -0.113214
v 0.268542 -0.284715 0.145960
v 0.260783 -0.286785 0.144162
v 0.259497 -0.025698 -0.113214
v 0.264495 -0.030234 -0.117922
v 0.273540 -0.289251 0.141252
v 0.268542 -0.284715 0.145960
v 0.257499 -0.030478 -0.117922
v 0.259825 -0.035108 -0.122629
v 0.264495 -0.030234 -0.117922
v 0.266544 -0.289495 0.141252
v 0.273540 -0.289251 0.141252
v 0.268870 -0.294124 0.136545
v 0.257499 -0.030478 -0.117922
v 0.251941 -0.033584 -0.120831
v 0.259825 -0.035108 -0.122629
v 0.266544 -0.289495 0.141252
v 0.268870 -0.294124 0.136545
v 0.260986 -0.292600 0.138343
v 0.257499 -0.030478 -0.117922
v 0.251738 -0.027768 -0.115013
v 0.251941 -0.033584 -0.120831
v 0.266544 -0.289495 0.141252
v 0.260986 -0.292600 0.138343
v 0.260783 -0.286785 0.144162
v 0.257499 -0.030478 -0.117922
v 0.259497 -0.025698 -0.113214
v 0.251738 -0.027768 -0.115013
v 0.266544 -0.289495 0.141252
v 0.260783 -0.286785 0.144162
v 0.268542 -0.284715 0.145960
v 0.257499 -0.030478 -0.117922
v 0.264495 -0.030234 -0.117922
v 0.259497 -0.025698 -0.113214
v 0.266544 -0.289495 0.141252
v 0.268542 -0.284715 0.145960
v 0.273540 -0.289251 0.141252
v -0.115090 0.010000 0.275006
v -0.072616 -0.092078 0.412128
v -0.068786 -0.355995 0.567357
v -0.113112 -0.092078 0.418541
v -0.062798 -0.033764 0.279104
v -0.068312 -0.037657 0.274397
v -0.112764 -0.318314 0.558552
v -0.107250 -0.314421 0.563259
v -0.068312 -0.037657 0.274397
v -0.075761 -0.034657 0.276195
v -0.120212 -0.315313 0.560350
v -0.112764 -0.318314 0.558552
v -0.075761 -0.034657 0.276195
v -0.074850 -0.028910 0.282013
v -0.119302 -0.309566 0.566169
v -0.120212 -0.315313 0.560350
v -0.074850 -0.028910 0.282013
v -0.066839 -0.028358 0.283812
v -0.111291 -0.309015 0.567967
v -0.119302 -0.309566 0.566169
v -0.066839 -0.028358 0.283812
v -0.062798 -0.033764 0.279104
v -0.107250 -0.314421 0.563259
v -0.111291 -0.309015 0.567967
v -0.069712 -0.032669 0.279104
v -0.068312 -0.037657 0.274397
v -0.062798 -0.033764 0.279104
v -0.114164 -0.313326 0.563259
v -0.107250 -0.314421 0.563259
v -0.112764 -0.318314 0.558552
v -0.069712 -0.032669 0.279104
v -0.075761 -0.034657 0.276195
v -0.068312 -0.037657 0.274397
v -0.114164 -0.313326 0.563259
v -0.112764 -0.318314 0.558552
v -0.120212 -0.315313 0.560350
v -0.069712 -0.032669 0.279104
v -0.074850 -0.028910 0.282013
v -0.075761 -0.034657 0.276195
v -0.114164 -0.313326 0.563259
v -0.120212 -0.315313 0.560350
v -0.119302 -0.309566 0.566169
v -0.069712 -0.032669 0.279104
v -0.066839 -0.028358 0.283812
v -0.074850 -0.028910 0.282013
v -0.114164 -0.313326 0.563259
v -0.119302 -0.309566 0.566169
v -0.111291 -0.309015 0.567967
v -0.069712 -0.032669 0.279104
v -0.062798 -0.033764 0.279104
v -0.066839 -0.028358 0.283812
v -0.114164 -0.313326 0.563259
v -0.111291 -0.309015 0.567967
v -0.107250 -0.314421 0.563259
v -0.300000 0.025000 -0.160000
v -0.235517 0.019390 -0.092185
v -0.238878 -0.150021 0.007931
v -0.305806 0.019390 -0.066601
v -0.247262 -0.022045 -0.161815
v -0.253817 -0.025915 -0.164940
v -0.285016 -0.111633 0.006620
v -0.278461 -0.107764 0.009746
v -0.253817 -0.025915 -0.164940
v -0.260404 -0.021128 -0.163746
v -0.291603 -0.106847 0.007814
v -0.285016 -0.111633 0.006620
v -0.260404 -0.021128 -0.163746
v -0.257919 -0.014300 -0.159883
v -0.289118 -0.100019 0.011677
v -0.291603 -0.106847 0.007814
v -0.257919 -0.014300 -0.159883
v -0.249796 -0.014867 -0.158689
v -0.280995 -0.100586 0.012871
v -0.289118 -0.100019 0.011677
v -0.249796 -0.014867 -0.158689
v -0.247262 -0.022045 -0.161815
v -0.278461 -0.107764 0.009746
v -0.280995 -0.100586 0.012871
v -0.253839 -0.019651 -0.161815
v -0.253817 -0.025915 -0.164940
v -0.247262 -0.022045 -0.161815
v -0.285039 -0.105370 0.009746
v -0.278461 -0.107764 0.009746
v -0.285016 -0.111633 0.006620
v -0.253839 -0.019651 -0.161815
v -0.260404 -0.021128 -0.163746
v -0.253817 -0.025915 -0.164940
v -0.285039 -0.105370 0.009746
v -0.285016 -0.111633 0.006620
v -0.291603 -0.106847 0.007814
v -0.253839 -0.019651 -0.161815
v -0.257919 -0.014300 -0.159883
v -0.260404 -0.021128 -0.163746
v -0.285039 -0.105370 0.009746
v -0.291603 -0.106847 0.007814
v -0.289118 -0.100019 0.011677
v -0.253839 -0.019651 -0.161815
v -0.249796 -0.014867 -0.158689
v -0.257919 -0.014300 -0.159883
v -0.285039 -0.105370 0.009746
v -0.289118 -0.100019 0.011677
v -0.280995 -0.100586 0.012871
v -0.253839 -0.019651 -0.161815
v -0.247262 -0.022045 -0.161815
v -0.249796 -0.014867 -0.158689
v -0.285039 -0.105370 0.009746
v -0.280995 -0.100586 0.012871
v -0.278461 -0.107764 0.009746
v -0.265000 0.028000 -0.185000
v -0.286728 0.025483 -0.251706
v -0.246724 -0.120576 -0.315042
v -0.225727 0.025483 -0.243133
v -0.256877 -0.089365 -0.313054
v -0.252855 -0.083226 -0.316777
v -0.264689 0.000979 -0.190710
v -0.268711 -0.005160 -0.186987
v -0.252855 -0.083226 -0.316777
v -0.244811 -0.084225 -0.315355
v -0.256646 -0.000019 -0.189288
v -0.264689 0.000979 -0.190710
v -0.244811 -0.084225 -0.315355
v -0.243862 -0.090981 -0.310753
v -0.255696 -0.006775 -0.184687
v -0.256646 -0.000019 -0.189288
v -0.243862 -0.090981 -0.310753
v -0.251319 -0.094157 -0.309331
v -0.263153 -0.009952 -0.183265
v -0.255696 -0.006775 -0.184687
v -0.251319 -0.094157 -0.309331
v -0.256877 -0.089365 -0.313054
v -0.268711 -0.005160 -0.186987
v -0.263153 -0.009952 -0.183265
v -0.249945 -0.088391 -0.313054
v -0.252855 -0.083226 -0.316777
v -0.256877 -0.089365 -0.313054
v -0.261779 -0.004185 -0.186987
v -0.268711 -0.005160 -0.186987
v -0.264689 0.000979 -0.190710
v -0.249945 -0.088391 -0.313054
v -0.244811 -0.084225 -0.315355
v -0.252855 -0.083226 -0.316777
v -0.261779 -0.004185 -0.186987
v -0.264689 0.000979 -0.190710
v -0.256646 -0.000019 -0.189288
v -0.249945 -0.088391 -0.313054
v -0.243862 -0.090981 -0.310753
v -0.244811 -0.084225 -0.315355
v -0.261779 -0.004185 -0.186987
v -0.256646 -0.000019 -0.189288
v -0.255696 -0.006775 -0.184687
v -0.249945 -0.088391 -0.313054
v -0.251319 -0.094157 -0.309331
v -0.243862 -0.090981 -0.310753
v -0.261779 -0.004185 -0.186987
v -0.255696 -0.006775 -0.184687
v -0.263153 -0.009952 -0.183265
v -0.249945 -0.088391 -0.313054
v -0.256877 -0.089365 -0.313054
v -0.251319 -0.094157 -0.309331
v -0.261779 -0.004185 -0.186987
v -0.263153 -0.009952 -0.183265
v -0.268711 -0.005160 -0.186987
v -0.100000 0.025000 -0.100000
v -0.014220 0.019390 -0.137400
v 0.078709 -0.150021 -0.100000
v -0.014220 0.019390 -0.062600
v 0.034964 -0.069511 -0.185780
v 0.029086 -0.064674 -0.188906
v -0.062134 -0.064674 -0.017345
v -0.056256 -0.069511 -0.014220
v 0.029086 -0.064674 -0.188906
v 0.031332 -0.056847 -0.187712
v -0.059889 -0.056847 -0.016152
v -0.062134 -0.064674 -0.017345
v 0.031332 -0.056847 -0.187712
v 0.038597 -0.056847 -0.183848
v -0.052623 -0.056847 -0.012288
v -0.059889 -0.056847 -0.016152
v 0.038597 -0.056847 -0.183848
v 0.040843 -0.064674 -0.182655
v -0.050378 -0.064674 -0.011094
v -0.052623 -0.056847 -0.012288
v 0.040843 -0.064674 -0.182655
v 0.034964 -0.069511 -0.185780
v -0.056256 -0.069511 -0.014220
v -0.050378 -0.064674 -0.011094
v 0.034964 -0.062511 -0.185780
v 0.029086 -0.064674 -0.188906
v 0.034964 -0.069511 -0.185780
v -0.056256 -0.062511 -0.014220
v -0.056256 -0.069511 -0.014220
v -0.062134 -0.064674 -0.017345
v 0.034964 -0.062511 -0.185780
v 0.031332 -0.056847 -0.187712
v 0.029086 -0.064674 -0.188906
v -0.056256 -0.062511 -0.014220
v -0.062134 -0.064674 -0.017345
v -0.059889 -0.056847 -0.016152
v 0.034964 -0.062511 -0.185780
v 0.038597 -0.056847 -0.183848
v 0.031332 -0.056847 -0.187712
v -0.056256 -0.062511 -0.014220
v -0.059889 -0.056847 -0.016152
v -0.052623 -0.056847 -0.012288
v 0.034964 -0.062511 -0.185780
v 0.040843 -0.064674 -0.182655
v 0.038597 -0.056847 -0.183848
v -0.056256 -0.062511 -0.014220
v -0.052623 -0.056847 -0.012288
v -0.050378 -0.064674 -0.011094
v 0.034964 -0.062511 -0.185780
v 0.034964 -0.069511 -0.185780
v 0.040843 -0.064674 -0.182655
v -0.056256 -0.062511 -0.014220
v -0.050378 -0.064674 -0.011094
v -0.056256 -0.069511 -0.014220
v -0.065000 0.028000 -0.125000
v -0.135115 0.025483 -0.127398
v -0.180948 -0.120576 -0.186651
v -0.106195 0.025483 -0.181787
v -0.163800 -0.060068 -0.218859
v -0.156656 -0.061747 -0.222582
v -0.081577 -0.021827 -0.096515
v -0.088721 -0.020147 -0.092792
v -0.156656 -0.061747 -0.222582
v -0.154844 -0.069647 -0.221160
v -0.079764 -0.029727 -0.095093
v -0.081577 -0.021827 -0.096515
v -0.154844 -0.069647 -0.221160
v -0.160867 -0.072850 -0.216558
v -0.085787 -0.032929 -0.090491
v -0.079764 -0.029727 -0.095093
v -0.160867 -0.072850 -0.216558
v -0.166403 -0.066930 -0.215136
v -0.091323 -0.027009 -0.089069
v -0.085787 -0.032929 -0.090491
v -0.166403 -0.066930 -0.215136
v -0.163800 -0.060068 -0.218859
v -0.088721 -0.020147 -0.092792
v -0.091323 -0.027009 -0.089069
v -0.160514 -0.066248 -0.218859
v -0.156656 -0.061747 -0.222582
v -0.163800 -0.060068 -0.218859
v -0.085434 -0.026328 -0.092792
v -0.088721 -0.020147 -0.092792
v -0.081577 -0.021827 -0.096515
v -0.160514 -0.066248 -0.218859
v -0.154844 -0.069647 -0.221160
v -0.156656 -0.061747 -0.222582
v -0.085434 -0.026328 -0.092792
v -0.081577 -0.021827 -0.096515
v -0.079764 -0.029727 -0.095093
v -0.160514 -0.066248 -0.218859
v -0.160867 -0.072850 -0.216558
v -0.154844 -0.069647 -0.221160
v -0.085434 -0.026328 -0.092792
v -0.079764 -0.029727 -0.095093
v -0.085787 -0.032929 -0.090491
v -0.160514 -0.066248 -0.218859
v -0.166403 -0.066930 -0.215136
v -0.160867 -0.072850 -0.216558
v -0.085434 -0.026328 -0.092792
v -0.085787 -0.032929 -0.090491
v -0.091323 -0.027009 -0.089069
v -0.160514 -0.066248 -0.218859
v -0.163800 -0.060068 -0.218859
v -0.166403 -0.066930 -0.215136
v -0.085434 -0.026328 -0.092792
v -0.091323 -0.027009 -0.089069
v -0.088721 -0.020147 -0.092792
v 0.100000 0.025000 -0.160000
v 0.094194 0.019390 -0.253399
v 0.161122 -0.150021 -0.327931
v 0.164483 0.019390 -0.227815
v 0.139583 -0.107764 -0.329746
v 0.142117 -0.100586 -0.332871
v 0.110918 -0.014867 -0.161311
v 0.108384 -0.022045 -0.158185
v 0.142117 -0.100586 -0.332871
v 0.150240 -0.100019 -0.331677
v 0.119040 -0.014300 -0.160117
v 0.110918 -0.014867 -0.161311
v 0.150240 -0.100019 -0.331677
v 0.152725 -0.106847 -0.327814
v 0.121526 -0.021128 -0.156254
v 0.119040 -0.014300 -0.160117
v 0.152725 -0.106847 -0.327814
v 0.146138 -0.111633 -0.326620
v 0.114939 -0.025915 -0.155060
v 0.121526 -0.021128 -0.156254
v 0.146138 -0.111633 -0.326620
v 0.139583 -0.107764 -0.329746
v 0.108384 -0.022045 -0.158185
v 0.114939 -0.025915 -0.155060
v 0.146161 -0.105370 -0.329746
v 0.142117 -0.100586 -0.332871
v 0.139583 -0.107764 -0.329746
v 0.114961 -0.019651 -0.158185
v 0.108384 -0.022045 -0.158185
v 0.110918 -0.014867 -0.161311
v 0.146161 -0.105370 -0.329746
v 0.150240 -0.100019 -0.331677
v 0.142117 -0.100586 -0.332871
v 0.114961 -0.019651 -0.158185
v 0.110918 -0.014867 -0.161311
v 0.119040 -0.014300 -0.160117
v 0.146161 -0.105370 -0.329746
v 0.152725 -0.106847 -0.327814
v 0.150240 -0.100019 -0.331677
v 0.114961 -0.019651 -0.158185
v 0.119040 -0.014300 -0.160117
v 0.121526 -0.021128 -0.156254
v 0.146161 -0.105370 -0.329746
v 0.146138 -0.111633 -0.326620
v 0.152725 -0.106847 -0.327814
v 0.114961 -0.019651 -0.158185
v 0.121526 -0.021128 -0.156254
v 0.114939 -0.025915 -0.155060
v 0.146161 -0.105370 -0.329746
v 0.139583 -0.107764 -0.329746
v 0.146138 -0.111633 -0.326620
v 0.114961 -0.019651 -0.158185
v 0.114939 -0.025915 -0.155060
v 0.108384 -0.022045 -0.158185
v 0.135000 0.028000 -0.185000
v 0.108766 0.025483 -0.119934
v 0.037411 -0.120576 -0.097130
v 0.067548 0.025483 -0.165711
v 0.059293 -0.012637 -0.204098
v 0.060158 -0.019925 -0.207821
v 0.123350 -0.076823 -0.081754
v 0.122485 -0.069535 -0.078032
v 0.060158 -0.019925 -0.207821
v 0.053355 -0.024330 -0.206399
v 0.116547 -0.081228 -0.080332
v 0.123350 -0.076823 -0.081754
v 0.053355 -0.024330 -0.206399
v 0.048285 -0.019765 -0.201798
v 0.111477 -0.076663 -0.075731
v 0.116547 -0.081228 -0.080332
v 0.048285 -0.019765 -0.201798
v 0.051955 -0.012538 -0.200376
v 0.115147 -0.069437 -0.074309
v 0.111477 -0.076663 -0.075731
v 0.051955 -0.012538 -0.200376
v 0.059293 -0.012637 -0.204098
v 0.122485 -0.069535 -0.078032
v 0.115147 -0.069437 -0.074309
v 0.054609 -0.017839 -0.204098
v 0.060158 -0.019925 -0.207821
v 0.059293 -0.012637 -0.204098
v 0.117801 -0.074737 -0.078032
v 0.122485 -0.069535 -0.078032
v 0.123350 -0.076823 -0.081754
v 0.054609 -0.017839 -0.204098
v 0.053355 -0.024330 -0.206399
v 0.060158 -0.019925 -0.207821
v 0.117801 -0.074737 -0.078032
v 0.123350 -0.076823 -0.081754
v 0.116547 -0.081228 -0.080332
v 0.054609 -0.017839 -0.204098
v 0.048285 -0.019765 -0.201798
v 0.053355 -0.024330 -0.206399
v 0.117801 -0.074737 -0.078032
v 0.116547 -0.081228 -0.080332
v 0.111477 -0.076663 -0.075731
v 0.054609 -0.017839 -0.204098
v 0.051955 -0.012538 -0.200376
v 0.048285 -0.019765 -0.201798
v 0.117801 -0.074737 -0.078032
v 0.111477 -0.076663 -0.075731
v 0.115147 -0.069437 -0.074309
v 0.054609 -0.017839 -0.204098
v 0.059293 -0.012637 -0.204098
v 0.051955 -0.012538 -0.200376
v 0.117801 -0.074737 -0.078032
v 0.115147 -0.069437 -0.074309
v 0.122485 -0.069535 -0.078032
v 0.300000 0.025000 -0.100000
v 0.210248 0.019390 -0.126488
v 0.163101 -0.150021 -0.214872
v 0.258329 0.019390 -0.183788
v 0.192112 -0.086466 -0.243216
v 0.199724 -0.086393 -0.246341
v 0.269602 -0.027757 -0.074781
v 0.261990 -0.027831 -0.071656
v 0.199724 -0.086393 -0.246341
v 0.203034 -0.093831 -0.245148
v 0.272913 -0.035196 -0.073587
v 0.269602 -0.027757 -0.074781
v 0.203034 -0.093831 -0.245148
v 0.197469 -0.098502 -0.241284
v 0.267347 -0.039866 -0.069724
v 0.272913 -0.035196 -0.073587
v 0.197469 -0.098502 -0.241284
v 0.190718 -0.093949 -0.240091
v 0.260597 -0.035314 -0.068530
v 0.267347 -0.039866 -0.069724
v 0.190718 -0.093949 -0.240091
v 0.192112 -0.086466 -0.243216
v 0.261990 -0.027831 -0.071656
v 0.260597 -0.035314 -0.068530
v 0.196611 -0.091828 -0.243216
v 0.199724 -0.086393 -0.246341
v 0.192112 -0.086466 -0.243216
v 0.266490 -0.033193 -0.071656
v 0.261990 -0.027831 -0.071656
v 0.269602 -0.027757 -0.074781
v 0.196611 -0.091828 -0.243216
v 0.203034 -0.093831 -0.245148
v 0.199724 -0.086393 -0.246341
v 0.266490 -0.033193 -0.071656
v 0.269602 -0.027757 -0.074781
v 0.272913 -0.035196 -0.073587
v 0.196611 -0.091828 -0.243216
v 0.197469 -0.098502 -0.241284
v 0.203034 -0.093831 -0.245148
v 0.266490 -0.033193 -0.071656
v 0.272913 -0.035196 -0.073587
v 0.267347 -0.039866 -0.069724
v 0.196611 -0.091828 -0.243216
v 0.190718 -0.093949 -0.240091
v 0.197469 -0.098502 -0.241284
v 0.266490 -0.033193 -0.071656
v 0.267347 -0.039866 -0.069724
v 0.260597 -0.035314 -0.068530
v 0.196611 -0.091828 -0.243216
v 0.192112 -0.086466 -0.243216
v 0.190718 -0.093949 -0.240091
v 0.266490 -0.033193 -0.071656
v 0.260597 -0.035314 -0.068530
v 0.261990 -0.027831 -0.071656
v 0.335000 0.028000 -0.125000
v 0.387170 0.025483 -0.078094
v 0.384193 -0.120576 -0.003243
v 0.330055 0.025483 -0.055019
v 0.382014 -0.009490 -0.127155
v 0.375462 -0.012795 -0.130877
v 0.343608 -0.091636 -0.004811
v 0.350160 -0.088331 -0.001088
v 0.375462 -0.012795 -0.130877
v 0.368995 -0.007909 -0.129455
v 0.337141 -0.086750 -0.003389
v 0.343608 -0.091636 -0.004811
v 0.368995 -0.007909 -0.129455
v 0.371551 -0.001583 -0.124854
v 0.339697 -0.080425 0.001213
v 0.337141 -0.086750 -0.003389
v 0.371551 -0.001583 -0.124854
v 0.379597 -0.002560 -0.123432
v 0.347743 -0.081402 0.002635
v 0.339697 -0.080425 0.001213
v 0.379597 -0.002560 -0.123432
v 0.382014 -0.009490 -0.127155
v 0.350160 -0.088331 -0.001088
v 0.347743 -0.081402 0.002635
v 0.375524 -0.006867 -0.127155
v 0.375462 -0.012795 -0.130877
v 0.382014 -0.009490 -0.127155
v 0.343670 -0.085709 -0.001088
v 0.350160 -0.088331 -0.001088
v 0.343608 -0.091636 -0.004811
v 0.375524 -0.006867 -0.127155
v 0.368995 -0.007909 -0.129455
v 0.375462 -0.012795 -0.130877
v 0.343670 -0.085709 -0.001088
v 0.343608 -0.091636 -0.004811
v 0.337141 -0.086750 -0.003389
v 0.375524 -0.006867 -0.127155
v 0.371551 -0.001583 -0.124854
v 0.368995 -0.007909 -0.129455
v 0.343670 -0.085709 -0.001088
v 0.337141 -0.086750 -0.003389
v 0.339697 -0.080425 0.001213
v 0.375524 -0.006867 -0.127155
v 0.379597 -0.002560 -0.123432
v 0.371551 -0.001583 -0.124854
v 0.343670 -0.085709 -0.001088
v 0.339697 -0.080425 0.001213
v 0.347743 -0.081402 0.002635
v 0.375524 -0.006867 -0.127155
v 0.382014 -0.009490 -0.127155
v 0.379597 -0.002560 -0.123432
v 0.343670 -0.085709 -0.001088
v 0.347743 -0.081402 0.002635
v 0.350160 -0.088331 -0.001088
vt 0.000000 0.000000
vt 1.000000 0.000000
vt 1.000000 1.000000
vt 0.000000 1.000000
vt 0.000000 0.000000
vt 1.000000 0.000000
vt 1.000000 1.000000
vt 0.000000 1.000000
vt 0.000000 0.000000
vt 1.000000 0.000000
vt 1.000000 1.000000
vt 0.000000 1.000000
vt 0.000000 0.000000
vt 1.000000 0.000000
vt 1.000000 1.000000
vt 0.000000 1.000000
vt 0.000000 0.000000
vt 1.000000 0.000000
vt 1.000000 1.000000
vt 0.000000 1.000000
vt 0.500000 0.500000
vt 0.000000 0.000000
vt 1.000000 0.000000
vt 0.500000 0.500000
vt 0.000000 1.000000
vt 1.000000 1.000000
vt 0.500000 0.500000
vt 0.000000 0.000000
vt 1.000000 0.000000
vt 0.500000 0.500000
vt 0.000000 1.000000
vt 1.000000 1.000000
vt 0.500000 0.500000
vt 0.000000 0.000000
vt 1.000000 0.000000
vt 0.500000 0.500000
vt 0.000000 1.000000
vt 1.000000 1.000000
vt 0.500000 0.500000
vt 0.000000 0.000000
vt 1.000000 0.000000
vt 0.500000 0.500000
vt 0.000000 1.000000
vt 1.000000 1.000000
vt 0.500000 0.500000
vt 0.000000 0.000000
vt 1.000000 0.000000
vt 0.500000 0.500000
vt 0.000000 1.000000
vt 1.000000 1.000000
vt 0.000000 0.500000
vt 0.480000 1.000000
vt 1.000000 0.500000
vt 0.480000 0.000000
vt 0.000000 0.000000
vt 1.000000 0.000000
vt 1.000000 1.000000
vt 0.000000 1.000000
vt 0.000000 0.000000
vt 1.000000 0.000000
vt 1.000000 1.000000
vt 0.000000 1.000000
vt 0.000000 0.000000
vt 1.000000 0.000000
vt 1.000000 1.000000
vt 0.000000 1.000000
vt 0.000000 0.000000
vt 1.000000 0.000000
vt 1.000000 1.000000
vt 0.000000 1.000000
vt 0.000000 0.000000
vt 1.000000 0.000000
vt 1.000000 1.000000
vt 0.000000 1.000000
vt 0.500000 0.500000
vt 0.000000 0.000000
vt 1.000000 0.000000
vt 0.500000 0.500000
vt 0.000000 1.000000
vt 1.000000 1.000000
vt 0.500000 0.500000
vt 0.000000 0.000000
vt 1.000000 0.000000
vt 0.500000 0.500000
vt 0.000000 1.000000
vt 1.000000 1.000000
vt 0.500000 0.500000
vt 0.000000 0.000000
vt 1.000000 0.000000
vt 0.500000 0.500000
vt 0.000000 1.000000
vt 1.000000 1.000000
vt 0.500000 0.500000
vt 0.000000 0.000000
vt 1.000000 0.000000
vt 0.500000 0.500000
vt 0.000000 1.000000
vt 1.000000 1.000000
vt 0.500000 0.500000
vt 0.000000 0.000000
vt 1.000000 0.000000
vt 0.500000 0.500000
vt 0.000000 1.000000
vt 1.000000 1.000000
vt 0.000000 0.000000
vt 1.000000 0.000000
vt 1.000000 1.000000
vt 0.000000 1.000000
vt 0.000000 0.000000
vt 1.000000 0.000000
vt 1.000000 1.000000
vt 0.000000 1.000000
vt 0.000000 0.000000
vt 1.000000 0.000000
vt 1.000000 1.000000
vt 0.000000 1.000000
vt 0.000000 0.000000
vt 1.000000 0.000000
vt 1.000000 1.000000
vt 0.000000 1.000000
vt 0.000000 0.000000
vt 1.000000 0.000000
vt 1.000000 1.000000
vt 0.000000 1.000000
vt 0.500000 0.500000
vt 0.000000 0.000000
vt 1.000000 0.000000
vt 0.500000 0.500000
vt 0.000000 1.000000
vt 1.000000 1.000000
vt 0.500000 0.500000
vt 0.000000 0.000000
vt 1.000000 0.000000
vt 0.500000 0.500000
vt 0.000000 1.000000
vt 1.000000 1.000000
vt 0.500000 0.500000
vt 0.000000 0.000000
vt 1.000000 0.000000
vt 0.500000 0.500000
vt 0.000000 1.000000
vt 1.000000 1.000000
vt 0.500000 0.500000
vt 0.000000 0.000000
vt 1.000000 0.000000
vt 0.500000 0.500000
vt 0.000000 1.000000
vt 1.000000 1.000000
vt 0.500000 0.500000
vt 0.000000 0.000000
vt 1.000000 0.000000
vt 0.500000 0.500000
vt 0.000000 1.000000
vt 1.000000 1.000000
vt 0.000000 0.500000
vt 0.480000 1.000000
vt 1.000000 0.500000
vt 0.480000 0.000000
vt 0.000000 0.000000
vt 1.000000 0.000000
vt 1.000000 1.000000
vt 0.000000 1.000000
vt 0.000000 0.000000
vt 1.000000 0.000000
vt 1.000000 1.000000
vt 0.000000 1.000000
vt 0.000000 0.000000
vt 1.000000 0.000000
vt 1.000000 1.000000
vt 0.000000 1.000000
vt 0.000000 0.000000
vt 1.000000 0.000000
vt 1.000000 1.000000
vt 0.000000 1.000000
vt 0.000000 0.000000
vt 1.000000 0.000000
vt 1.000000 1.000000
vt 0.000000 1.000000
vt 0.500000 0.500000
vt 0.000000 0.000000
vt 1.000000 0.000000
vt 0.500000 0.500000
vt 0.000000 1.000000
vt 1.000000 1.000000
vt 0.500000 0.500000
vt 0.000000 0.000000
vt 1.000000 0.000000
vt 0.500000 0.500000
vt 0.000000 1.000000
vt 1.000000 1.000000
vt 0.500000 0.500000
vt 0.000000 0.000000
vt 1.000000 0.000000
vt 0.500000 0.500000
vt 0.000000 1.000000
vt 1.000000 1.000000
vt 0.500000 0.500000
vt 0.000000 0.000000
vt 1.000000 0.000000
vt 0.500000 0.500000
vt 0.000000 1.000000
vt 1.000000 1.000000
vt 0.500000 0.500000
vt 0.000000 0.000000
vt 1.000000 0.000000
vt 0.500000 0.500000
vt 0.000000 1.000000
vt 1.000000 1.000000
vt 0.000000 0.000000
vt 1.000000 0.000000
vt 1.000000 1.000000
vt 0.000000 1.000000
vt 0.000000 0.000000
vt 1.000000 0.000000
vt 1.000000 1.000000
vt 0.000000 1.000000
vt 0.000000 0.000000
vt 1.000000 0.000000
vt 1.000000 1.000000
vt 0.000000 1.000000
vt 0.000000 0.000000
vt 1.000000 0.000000
vt 1.000000 1.000000
vt 0.000000 1.000000
vt 0.000000 0.000000
vt 1.000000 0.000000
vt 1.000000 1.000000
vt 0.000000 1.000000
vt 0.500000 0.500000
vt 0.000000 0.000000
vt 1.000000 0.000000
vt 0.500000 0.500000
vt 0.000000 1.000000
vt 1.000000 1.000000
vt 0.500000 0.500000
vt 0.000000 0.000000
vt 1.000000 0.000000
vt 0.500000 0.500000
vt 0.000000 1.000000
vt 1.000000 1.000000
vt 0.500000 0.500000
vt 0.000000 0.000000
vt 1.000000 0.000000
vt 0.500000 0.500000
vt 0.000000 1.000000
vt 1.000000 1.000000
vt 0.500000 0.500000
vt 0.000000 0.000000
vt 1.000000 0.000000
vt 0.500000 0.500000
vt 0.000000 1.000000
vt 1.000000 1.000000
vt 0.500000 0.500000
vt 0.000000 0.000000
vt 1.000000 0.000000
vt 0.500000 0.500000
vt 0.000000 1.000000
vt 1.000000 1.000000
vt 0.000000 0.500000
vt 0.480000 1.000000
vt 1.000000 0.500000
vt 0.480000 0.000000
vt 0.000000 0.000000
vt 1.000000 0.000000
vt 1.000000 1.000000
vt 0.000000 1.000000
vt 0.000000 0.000000
vt 1.000000 0.000000
vt 1.000000 1.000000
vt 0.000000 1.000000
vt 0.000000 0.000000
vt 1.000000 0.000000
vt 1.000000 1.000000
vt 0.000000 1.000000
vt 0.000000 0.000000
vt 1.000000 0.000000
vt 1.000000 1.000000
vt 0.000000 1.000000
vt 0.000000 0.000000
vt 1.000000 0.000000
vt 1.000000 1.000000
vt 0.000000 1.000000
vt 0.500000 0.500000
vt 0.000000 0.000000
vt 1.000000 0.000000
vt 0.500000 0.500000
vt 0.000000 1.000000
vt 1.000000 1.000000
vt 0.500000 0.500000
vt 0.000000 0.000000
vt 1.000000 0.000000
vt 0.500000 0.500000
vt 0.000000 1.000000
vt 1.000000 1.000000
vt 0.500000 0.500000
vt 0.000000 0.000000
vt 1.000000 0.000000
vt 0.500000 0.500000
vt 0.000000 1.000000
vt 1.000000 1.000000
vt 0.500000 0.500000
vt 0.000000 0.000000
vt 1.000000 0.000000
vt 0.500000 0.500000
vt 0.000000 1.000000
vt 1.000000 1.000000
vt 0.500000 0.500000
vt 0.000000 0.000000
vt 1.000000 0.000000
vt 0.500000 0.500000
vt 0.000000 1.000000
vt 1.000000 1.000000
vt 0.000000 0.000000
vt 1.000000 0.000000
vt 1.000000 1.000000
vt 0.000000 1.000000
vt 0.000000 0.000000
vt 1.000000 0.000000
vt 1.000000 1.000000
vt 0.000000 1.000000
vt 0.000000 0.000000
vt 1.000000 0.000000
vt 1.000000 1.000000
vt 0.000000 1.000000
vt 0.000000 0.000000
vt 1.000000 0.000000
vt 1.000000 1.000000
vt 0.000000 1.000000
vt 0.000000 0.000000
vt 1.000000 0.000000
vt 1.000000 1.000000
vt 0.000000 1.000000
vt 0.500000 0.500000
vt 0.000000 0.000000
vt 1.000000 0.000000
vt 0.500000 0.500000
vt 0.000000 1.000000
vt 1.000000 1.000000
vt 0.500000 0.500000
vt 0.000000 0.000000
vt 1.000000 0.000000
vt 0.500000 0.500000
vt 0.000000 1.000000
vt 1.000000 1.000000
vt 0.500000 0.500000
vt 0.000000 0.000000
vt 1.000000 0.000000
vt 0.500000 0.500000
vt 0.000000 1.000000
vt 1.000000 1.000000
vt 0.500000 0.500000
vt 0.000000 0.000000
vt 1.000000 0.000000
vt 0.500000 0.500000
vt 0.000000 1.000000
vt 1.000000 1.000000
vt 0.500000 0.500000
vt 0.000000 0.000000
vt 1.000000 0.000000
vt 0.500000 0.500000
vt 0.000000 1.000000
vt 1.000000 1.000000
vt 0.000000 0.500000
vt 0.480000 1.000000
vt 1.000000 0.500000
vt 0.480000 0.000000
vt 0.000000 0.000000
vt 1.000000 0.000000
vt 1.000000 1.000000
vt 0.000000 1.000000
vt 0.000000 0.000000
vt 1.000000 0.000000
vt 1.000000 1.000000
vt 0.000000 1.000000
vt 0.000000 0.000000
vt 1.000000 0.000000
vt 1.000000 1.000000
vt 0.000000 1.000000
vt 0.000000 0.000000
vt 1.000000 0.000000
vt 1.000000 1.000000
vt 0.000000 1.000000
vt 0.000000 0.000000
vt 1.000000 0.000000
vt 1.000000 1.000000
vt 0.000000 1.000000
vt 0.500000 0.500000
vt 0.000000 0.000000
vt 1.000000 0.000000
vt 0.500000 0.500000
vt 0.000000 1.000000
vt 1.000000 1.000000
vt 0.500000 0.500000
vt 0.000000 0.000000
vt 1.000000 0.000000
vt 0.500000 0.500000
vt 0.000000 1.000000
vt 1.000000 1.000000
vt 0.500000 0.500000
vt 0.000000 0.000000
vt 1.000000 0.000000
vt 0.500000 0.500000
vt 0.000000 1.000000
vt 1.000000 1.000000
vt 0.500000 0.500000
vt 0.000000 0.000000
vt 1.000000 0.000000
vt 0.500000 0.500000
vt 0.000000 1.000000
vt 1.000000 1.000000
vt 0.500000 0.500000
vt 0.000000 0.000000
vt 1.000000 0.000000
vt 0.500000 0.500000
vt 0.000000 1.000000
vt 1.000000 1.000000
vt 0.000000 0.000000
vt 1.000000 0.000000
vt 1.000000 1.000000
vt 0.000000 1.000000
vt 0.000000 0.000000
vt 1.000000 0.000000
vt 1.000000 1.000000
vt 0.000000 1.000000
vt 0.000000 0.000000
vt 1.000000 0.000000
vt 1.000000 1.000000
vt 0.000000 1.000000
vt 0.000000 0.000000
vt 1.000000 0.000000
vt 1.000000 1.000000
vt 0.000000 1.000000
vt 0.000000 0.000000
vt 1.000000 0.000000
vt 1.000000 1.000000
vt 0.000000 1.000000
vt 0.500000 0.500000
vt 0.000000 0.000000
vt 1.000000 0.000000
vt 0.500000 0.500000
vt 0.000000 1.000000
vt 1.000000 1.000000
vt 0.500000 0.500000
vt 0.000000 0.000000
vt 1.000000 0.000000
vt 0.500000 0.500000
vt 0.000000 1.000000
vt 1.000000 1.000000
vt 0.500000 0.500000
vt 0.000000 0.000000
vt 1.000000 0.000000
vt 0.500000 0.500000
vt 0.000000 1.000000
vt 1.000000 1.000000
vt 0.500000 0.500000
vt 0.000000 0.000000
vt 1.000000 0.000000
vt 0.500000 0.500000
vt 0.000000 1.000000
vt 1.000000 1.000000
vt 0.500000 0.500000
vt 0.000000 0.000000
vt 1.000000 0.000000
vt 0.500000 0.500000
vt 0.000000 1.000000
vt 1.000000 1.000000
vt 0.000000 0.500000
vt 0.480000 1.000000
vt 1.000000 0.500000
vt 0.480000 0.000000
vt 0.000000 0.000000
vt 1.000000 0.000000
vt 1.000000 1.000000
vt 0.000000 1.000000
vt 0.000000 0.000000
vt 1.000000 0.000000
vt 1.000000 1.000000
vt 0.000000 1.000000
vt 0.000000 0.000000
vt 1.000000 0.000000
vt 1.000000 1.000000
vt 0.000000 1.000000
vt 0.000000 0.000000
vt 1.000000 0.000000
vt 1.000000 1.000000
vt 0.000000 1.000000
vt 0.000000 0.000000
vt 1.000000 0.000000
vt 1.000000 1.000000
vt 0.000000 1.000000
vt 0.500000 0.500000
vt 0.000000 0.000000
vt 1.000000 0.000000
vt 0.500000 0.500000
vt 0.000000 1.000000
vt 1.000000 1.000000
vt 0.500000 0.500000
vt 0.000000 0.000000
vt 1.000000 0.000000
vt 0.500000 0.500000
vt 0.000000 1.000000
vt 1.000000 1.000000
vt 0.500000 0.500000
vt 0.000000 0.000000
vt 1.000000 0.000000
vt 0.500000 0.500000
vt 0.000000 1.000000
vt 1.000000 1.000000
vt 0.500000 0.500000
vt 0.000000 0.000000
vt 1.000000 0.000000
vt 0.500000 0.500000
vt 0.000000 1.000000
vt 1.000000 1.000000
vt 0.500000 0.500000
vt 0.000000 0.000000
vt 1.000000 0.000000
vt 0.500000 0.500000
vt 0.000000 1.000000
vt 1.000000 1.000000
vt 0.000000 0.000000
vt 1.000000 0.000000
vt 1.000000 1.000000
vt 0.000000 1.000000
vt 0.000000 0.000000
vt 1.000000 0.000000
vt 1.000000 1.000000
vt 0.000000 1.000000
vt 0.000000 0.000000
vt 1.000000 0.000000
vt 1.000000 1.000000
vt 0.000000 1.000000
vt 0.000000 0.000000
vt 1.000000 0.000000
vt 1.000000 1.000000
vt 0.000000 1.000000
vt 0.000000 0.000000
vt 1.000000 0.000000
vt 1.000000 1.000000
vt 0.000000 1.000000
vt 0.500000 0.500000
vt 0.000000 0.000000
vt 1.000000 0.000000
vt 0.500000 0.500000
vt 0.000000 1.000000
vt 1.000000 1.000000
vt 0.500000 0.500000
vt 0.000000 0.000000
vt 1.000000 0.000000
vt 0.500000 0.500000
vt 0.000000 1.000000
vt 1.000000 1.000000
vt 0.500000 0.500000
vt 0.000000 0.000000
vt 1.000000 0.000000
vt 0.500000 0.500000
vt 0.000000 1.000000
vt 1.000000 1.000000
vt 0.500000 0.500000
vt 0.000000 0.000000
vt 1.000000 0.000000
vt 0.500000 0.500000
vt 0.000000 1.000000
vt 1.000000 1.000000
vt 0.500000 0.500000
vt 0.000000 0.000000
vt 1.000000 0.000000
vt 0.500000 0.500000
vt 0.000000 1.000000
vt 1.000000 1.000000
vt 0.000000 0.500000
vt 0.480000 1.000000
vt 1.000000 0.500000
vt 0.480000 0.000000
vt 0.000000 0.000000
vt 1.000000 0.000000
vt 1.000000 1.000000
vt 0.000000 1.000000
vt 0.000000 0.000000
vt 1.000000 0.000000
vt 1.000000 1.000000
vt 0.000000 1.000000
vt 0.000000 0.000000
vt 1.000000 0.000000
vt 1.000000 1.000000
vt 0.000000 1.000000
vt 0.000000 0.000000
vt 1.000000 0.000000
vt 1.000000 1.000000
vt 0.000000 1.000000
vt 0.000000 0.000000
vt 1.000000 0.000000
vt 1.000000 1.000000
vt 0.000000 1.000000
vt 0.500000 0.500000
vt 0.000000 0.000000
vt 1.000000 0.000000
vt 0.500000 0.500000
vt 0.000000 1.000000
vt 1.000000 1.000000
vt 0.500000 0.500000
vt 0.000000 0.000000
vt 1.000000 0.000000
vt 0.500000 0.500000
vt 0.000000 1.000000
vt 1.000000 1.000000
vt 0.500000 0.500000
vt 0.000000 0.000000
vt 1.000000 0.000000
vt 0.500000 0.500000
vt 0.000000 1.000000
vt 1.000000 1.000000
vt 0.500000 0.500000
vt 0.000000 0.000000
vt 1.000000 0.000000
vt 0.500000 0.500000
vt 0.000000 1.000000
vt 1.000000 1.000000
vt 0.500000 0.500000
vt 0.000000 0.000000
vt 1.000000 0.000000
vt 0.500000 0.500000
vt 0.000000 1.000000
vt 1.000000 1.000000
vt 0.000000 0.000000
vt 1.000000 0.000000
vt 1.000000 1.000000
vt 0.000000 1.000000
vt 0.000000 0.000000
vt 1.000000 0.000000
vt 1.000000 1.000000
vt 0.000000 1.000000
vt 0.000000 0.000000
vt 1.000000 0.000000
vt 1.000000 1.000000
vt 0.000000 1.000000
vt 0.000000 0.000000
vt 1.000000 0.000000
vt 1.000000 1.000000
vt 0.000000 1.000000
vt 0.000000 0.000000
vt 1.000000 0.000000
vt 1.000000 1.000000
vt 0.000000 1.000000
vt 0.500000 0.500000
vt 0.000000 0.000000
vt 1.000000 0.000000
vt 0.500000 0.500000
vt 0.000000 1.000000
vt 1.000000 1.000000
vt 0.500000 0.500000
vt 0.000000 0.000000
vt 1.000000 0.000000
vt 0.500000 0.500000
vt 0.000000 1.000000
vt 1.000000 1.000000
vt 0.500000 0.500000
vt 0.000000 0.000000
vt 1.000000 0.000000
vt 0.500000 0.500000
vt 0.000000 1.000000
vt 1.000000 1.000000
vt 0.500000 0.500000
vt 0.000000 0.000000
vt 1.000000 0.000000
vt 0.500000 0.500000
vt 0.000000 1.000000
vt 1.000000 1.000000
vt 0.500000 0.500000
vt 0.000000 0.000000
vt 1.000000 0.000000
vt 0.500000 0.500000
vt 0.000000 1.000000
vt 1.000000 1.000000
vt 0.000000 0.500000
vt 0.480000 1.000000
vt 1.000000 0.500000
vt 0.480000 0.000000
vt 0.000000 0.000000
vt 1.000000 0.000000
vt 1.000000 1.000000
vt 0.000000 1.000000
vt 0.000000 0.000000
vt 1.000000 0.000000
vt 1.000000 1.000000
vt 0.000000 1.000000
vt 0.000000 0.000000
vt 1.000000 0.000000
vt 1.000000 1.000000
vt 0.000000 1.000000
vt 0.000000 0.000000
vt 1.000000 0.000000
vt 1.000000 1.000000
vt 0.000000 1.000000
vt 0.000000 0.000000
vt 1.000000 0.000000
vt 1.000000 1.000000
vt 0.000000 1.000000
vt 0.500000 0.500000
vt 0.000000 0.000000
vt 1.000000 0.000000
vt 0.500000 0.500000
vt 0.000000 1.000000
vt 1.000000 1.000000
vt 0.500000 0.500000
vt 0.000000 0.000000
vt 1.000000 0.000000
vt 0.500000 0.500000
vt 0.000000 1.000000
vt 1.000000 1.000000
vt 0.500000 0.500000
vt 0.000000 0.000000
vt 1.000000 0.000000
vt 0.500000 0.500000
vt 0.000000 1.000000
vt 1.000000 1.000000
vt 0.500000 0.500000
vt 0.000000 0.000000
vt 1.000000 0.000000
vt 0.500000 0.500000
vt 0.000000 1.000000
vt 1.000000 1.000000
vt 0.500000 0.500000
vt 0.000000 0.000000
vt 1.000000 0.000000
vt 0.500000 0.500000
vt 0.000000 1.000000
vt 1.000000 1.000000
vt 0.000000 0.000000
vt 1.000000 0.000000
vt 1.000000 1.000000
vt 0.000000 1.000000
vt 0.000000 0.000000
vt 1.000000 0.000000
vt 1.000000 1.000000
vt 0.000000 1.000000
vt 0.000000 0.000000
vt 1.000000 0.000000
vt 1.000000 1.000000
vt 0.000000 1.000000
vt 0.000000 0.000000
vt 1.000000 0.000000
vt 1.000000 1.000000
vt 0.000000 1.000000
vt 0.000000 0.000000
vt 1.000000 0.000000
vt 1.000000 1.000000
vt 0.000000 1.000000
vt 0.500000 0.500000
vt 0.000000 0.000000
vt 1.000000 0.000000
vt 0.500000 0.500000
vt 0.000000 1.000000
vt 1.000000 1.000000
vt 0.500000 0.500000
vt 0.000000 0.000000
vt 1.000000 0.000000
vt 0.500000 0.500000
vt 0.000000 1.000000
vt 1.000000 1.000000
vt 0.500000 0.500000
vt 0.000000 0.000000
vt 1.000000 0.000000
vt 0.500000 0.500000
vt 0.000000 1.000000
vt 1.000000 1.000000
vt 0.500000 0.500000
vt 0.000000 0.000000
vt 1.000000 0.000000
vt 0.500000 0.500000
vt 0.000000 1.000000
vt 1.000000 1.000000
vt 0.500000 0.500000
vt 0.000000 0.000000
vt 1.000000 0.000000
vt 0.500000 0.500000
vt 0.000000 1.000000
vt 1.000000 1.000000
vt 0.000000 0.500000
vt 0.480000 1.000000
vt 1.000000 0.500000
vt 0.480000 0.000000
vt 0.000000 0.000000
vt 1.000000 0.000000
vt 1.000000 1.000000
vt 0.000000 1.000000
vt 0.000000 0.000000
vt 1.000000 0.000000
vt 1.000000 1.000000
vt 0.000000 1.000000
vt 0.000000 0.000000
vt 1.000000 0.000000
vt 1.000000 1.000000
vt 0.000000 1.000000
vt 0.000000 0.000000
vt 1.000000 0.000000
vt 1.000000 1.000000
vt 0.000000 1.000000
vt 0.000000 0.000000
vt 1.000000 0.000000
vt 1.000000 1.000000
vt 0.000000 1.000000
vt 0.500000 0.500000
vt 0.000000 0.000000
vt 1.000000 0.000000
vt 0.500000 0.500000
vt 0.000000 1.000000
vt 1.000000 1.000000
vt 0.500000 0.500000
vt 0.000000 0.000000
vt 1.000000 0.000000
vt 0.500000 0.500000
vt 0.000000 1.000000
vt 1.000000 1.000000
vt 0.500000 0.500000
vt 0.000000 0.000000
vt 1.000000 0.000000
vt 0.500000 0.500000
vt 0.000000 1.000000
vt 1.000000 1.000000
vt 0.500000 0.500000
vt 0.000000 0.000000
vt 1.000000 0.000000
vt 0.500000 0.500000
vt 0.000000 1.000000
vt 1.000000 1.000000
vt 0.500000 0.500000
vt 0.000000 0.000000
vt 1.000000 0.000000
vt 0.500000 0.500000
vt 0.000000 1.000000
vt 1.000000 1.000000
vt 0.000000 0.000000
vt 1.000000 0.000000
vt 1.000000 1.000000
vt 0.000000 1.000000
vt 0.000000 0.000000
vt 1.000000 0.000000
vt 1.000000 1.000000
vt 0.000000 1.000000
vt 0.000000 0.000000
vt 1.000000 0.000000
vt 1.000000 1.000000
vt 0.000000 1.000000
vt 0.000000 0.000000
vt 1.000000 0.000000
vt 1.000000 1.000000
vt 0.000000 1.000000
vt 0.000000 0.000000
vt 1.000000 0.000000
vt 1.000000 1.000000
vt 0.000000 1.000000
vt 0.500000 0.500000
vt 0.000000 0.000000
vt 1.000000 0.000000
vt 0.500000 0.500000
vt 0.000000 1.000000
vt 1.000000 1.000000
vt 0.500000 0.500000
vt 0.000000 0.000000
vt 1.000000 0.000000
vt 0.500000 0.500000
vt 0.000000 1.000000
vt 1.000000 1.000000
vt 0.500000 0.500000
vt 0.000000 0.000000
vt 1.000000 0.000000
vt 0.500000 0.500000
vt 0.000000 1.000000
vt 1.000000 1.000000
vt 0.500000 0.500000
vt 0.000000 0.000000
vt 1.000000 0.000000
vt 0.500000 0.500000
vt 0.000000 1.000000
vt 1.000000 1.000000
vt 0.500000 0.500000
vt 0.000000 0.000000
vt 1.000000 0.000000
vt 0.500000 0.500000
vt 0.000000 1.000000
vt 1.000000 1.000000
vt 0.000000 0.500000
vt 0.480000 1.000000
vt 1.000000 0.500000
vt 0.480000 0.000000
vt 0.000000 0.000000
vt 1.000000 0.000000
vt 1.000000 1.000000
vt 0.000000 1.000000
vt 0.000000 0.000000
vt 1.000000 0.000000
vt 1.000000 1.000000
vt 0.000000 1.000000
vt 0.000000 0.000000
vt 1.000000 0.000000
vt 1.000000 1.000000
vt 0.000000 1.000000
vt 0.000000 0.000000
vt 1.000000 0.000000
vt 1.000000 1.000000
vt 0.000000 1.000000
vt 0.000000 0.000000
vt 1.000000 0.000000
vt 1.000000 1.000000
vt 0.000000 1.000000
vt 0.500000 0.500000
vt 0.000000 0.000000
vt 1.000000 0.000000
vt 0.500000 0.500000
vt 0.000000 1.000000
vt 1.000000 1.000000
vt 0.500000 0.500000
vt 0.000000 0.000000
vt 1.000000 0.000000
vt 0.500000 0.500000
vt 0.000000 1.000000
vt 1.000000 1.000000
vt 0.500000 0.500000
vt 0.000000 0.000000
vt 1.000000 0.000000
vt 0.500000 0.500000
vt 0.000000 1.000000
vt 1.000000 1.000000
vt 0.500000 0.500000
vt 0.000000 0.000000
vt 1.000000 0.000000
vt 0.500000 0.500000
vt 0.000000 1.000000
vt 1.000000 1.000000
vt 0.500000 0.500000
vt 0.000000 0.000000
vt 1.000000 0.000000
vt 0.500000 0.500000
vt 0.000000 1.000000
vt 1.000000 1.000000
vt 0.000000 0.000000
vt 1.000000 0.000000
vt 1.000000 1.000000
vt 0.000000 1.000000
vt 0.000000 0.000000
vt 1.000000 0.000000
vt 1.000000 1.000000
vt 0.000000 1.000000
vt 0.000000 0.000000
vt 1.000000 0.000000
vt 1.000000 1.000000
vt 0.000000 1.000000
vt 0.000000 0.000000
vt 1.000000 0.000000
vt 1.000000 1.000000
vt 0.000000 1.000000
vt 0.000000 0.000000
vt 1.000000 0.000000
vt 1.000000 1.000000
vt 0.000000 1.000000
vt 0.500000 0.500000
vt 0.000000 0.000000
vt 1.000000 0.000000
vt 0.500000 0.500000
vt 0.000000 1.000000
vt 1.000000 1.000000
vt 0.500000 0.500000
vt 0.000000 0.000000
vt 1.000000 0.000000
vt 0.500000 0.500000
vt 0.000000 1.000000
vt 1.000000 1.000000
vt 0.500000 0.500000
vt 0.000000 0.000000
vt 1.000000 0.000000
vt 0.500000 0.500000
vt 0.000000 1.000000
vt 1.000000 1.000000
vt 0.500000 0.500000
vt 0.000000 0.000000
vt 1.000000 0.000000
vt 0.500000 0.500000
vt 0.000000 1.000000
vt 1.000000 1.000000
vt 0.500000 0.500000
vt 0.000000 0.000000
vt 1.000000 0.000000
vt 0.500000 0.500000
vt 0.000000 1.000000
vt 1.000000 1.000000
vt 0.000000 0.500000
vt 0.480000 1.000000
vt 1.000000 0.500000
vt 0.480000 0.000000
vt 0.000000 0.000000
vt 1.000000 0.000000
vt 1.000000 1.000000
vt 0.000000 1.000000
vt 0.000000 0.000000
vt 1.000000 0.000000
vt 1.000000 1.000000
vt 0.000000 1.000000
vt 0.000000 0.000000
vt 1.000000 0.000000
vt 1.000000 1.000000
vt 0.000000 1.000000
vt 0.000000 0.000000
vt 1.000000 0.000000
vt 1.000000 1.000000
vt 0.000000 1.000000
vt 0.000000 0.000000
vt 1.000000 0.000000
vt 1.000000 1.000000
vt 0.000000 1.000000
vt 0.500000 0.500000
vt 0.000000 0.000000
vt 1.000000 0.000000
vt 0.500000 0.500000
vt 0.000000 1.000000
vt 1.000000 1.000000
vt 0.500000 0.500000
vt 0.000000 0.000000
vt 1.000000 0.000000
vt 0.500000 0.500000
vt 0.000000 1.000000
vt 1.000000 1.000000
vt 0.500000 0.500000
vt 0.000000 0.000000
vt 1.000000 0.000000
vt 0.500000 0.500000
vt 0.000000 1.000000
vt 1.000000 1.000000
vt 0.500000 0.500000
vt 0.000000 0.000000
vt 1.000000 0.000000
vt 0.500000 0.500000
vt 0.000000 1.000000
vt 1.000000 1.000000
vt 0.500000 0.500000
vt 0.000000 0.000000
vt 1.000000 0.000000
vt 0.500000 0.500000
vt 0.000000 1.000000
vt 1.000000 1.000000
vt 0.000000 0.000000
vt 1.000000 0.000000
vt 1.000000 1.000000
vt 0.000000 1.000000
vt 0.000000 0.000000
vt 1.000000 0.000000
vt 1.000000 1.000000
vt 0.000000 1.000000
vt 0.000000 0.000000
vt 1.000000 0.000000
vt 1.000000 1.000000
vt 0.000000 1.000000
vt 0.000000 0.000000
vt 1.000000 0.000000
vt 1.000000 1.000000
vt 0.000000 1.000000
vt 0.000000 0.000000
vt 1.000000 0.000000
vt 1.000000 1.000000
vt 0.000000 1.000000
vt 0.500000 0.500000
vt 0.000000 0.000000
vt 1.000000 0.000000
vt 0.500000 0.500000
vt 0.000000 1.000000
vt 1.000000 1.000000
vt 0.500000 0.500000
vt 0.000000 0.000000
vt 1.000000 0.000000
vt 0.500000 0.500000
vt 0.000000 1.000000
vt 1.000000 1.000000
vt 0.500000 0.500000
vt 0.000000 0.000000
vt 1.000000 0.000000
vt 0.500000 0.500000
vt 0.000000 1.000000
vt 1.000000 1.000000
vt 0.500000 0.500000
vt 0.000000 0.000000
vt 1.000000 0.000000
vt 0.500000 0.500000
vt 0.000000 1.000000
vt 1.000000 1.000000
vt 0.500000 0.500000
vt 0.000000 0.000000
vt 1.000000 0.000000
vt 0.500000 0.500000
vt 0.000000 1.000000
vt 1.000000 1.000000
vt 0.000000 0.500000
vt 0.480000 1.000000
vt 1.000000 0.500000
vt 0.480000 0.000000
vt 0.000000 0.000000
vt 1.000000 0.000000
vt 1.000000 1.000000
vt 0.000000 1.000000
vt 0.000000 0.000000
vt 1.000000 0.000000
vt 1.000000 1.000000
vt 0.000000 1.000000
vt 0.000000 0.000000
vt 1.000000 0.000000
vt 1.000000 1.000000
vt 0.000000 1.000000
vt 0.000000 0.000000
vt 1.000000 0.000000
vt 1.000000 1.000000
vt 0.000000 1.000000
vt 0.000000 0.000000
vt 1.000000 0.000000
vt 1.000000 1.000000
vt 0.000000 1.000000
vt 0.500000 0.500000
vt 0.000000 0.000000
vt 1.000000 0.000000
vt 0.500000 0.500000
vt 0.000000 1.000000
vt 1.000000 1.000000
vt 0.500000 0.500000
vt 0.000000 0.000000
vt 1.000000 0.000000
vt 0.500000 0.500000
vt 0.000000 1.000000
vt 1.000000 1.000000
vt 0.500000 0.500000
vt 0.000000 0.000000
vt 1.000000 0.000000
vt 0.500000 0.500000
vt 0.000000 1.000000
vt 1.000000 1.000000
vt 0.500000 0.500000
vt 0.000000 0.000000
vt 1.000000 0.000000
vt 0.500000 0.500000
vt 0.000000 1.000000
vt 1.000000 1.000000
vt 0.500000 0.500000
vt 0.000000 0.000000
vt 1.000000 0.000000
vt 0.500000 0.500000
vt 0.000000 1.000000
vt 1.000000 1.000000
vt 0.000000 0.000000
vt 1.000000 0.000000
vt 1.000000 1.000000
vt 0.000000 1.000000
vt 0.000000 0.000000
vt 1.000000 0.000000
vt 1.000000 1.000000
vt 0.000000 1.000000
vt 0.000000 0.000000
vt 1.000000 0.000000
vt 1.000000 1.000000
vt 0.000000 1.000000
vt 0.000000 0.000000
vt 1.000000 0.000000
vt 1.000000 1.000000
vt 0.000000 1.000000
vt 0.000000 0.000000
vt 1.000000 0.000000
vt 1.000000 1.000000
vt 0.000000 1.000000
vt 0.500000 0.500000
vt 0.000000 0.000000
vt 1.000000 0.000000
vt 0.500000 0.500000
vt 0.000000 1.000000
vt 1.000000 1.000000
vt 0.500000 0.500000
vt 0.000000 0.000000
vt 1.000000 0.000000
vt 0.500000 0.500000
vt 0.000000 1.000000
vt 1.000000 1.000000
vt 0.500000 0.500000
vt 0.000000 0.000000
vt 1.000000 0.000000
vt 0.500000 0.500000
vt 0.000000 1.000000
vt 1.000000 1.000000
vt 0.500000 0.500000
vt 0.000000 0.000000
vt 1.000000 0.000000
vt 0.500000 0.500000
vt 0.000000 1.000000
vt 1.000000 1.000000
vt 0.500000 0.500000
vt 0.000000 0.000000
vt 1.000000 0.000000
vt 0.500000 0.500000
vt 0.000000 1.000000
vt 1.000000 1.000000
vt 0.000000 0.500000
vt 0.480000 1.000000
vt 1.000000 0.500000
vt 0.480000 0.000000
vt 0.000000 0.000000
vt 1.000000 0.000000
vt 1.000000 1.000000
vt 0.000000 1.000000
vt 0.000000 0.000000
vt 1.000000 0.000000
vt 1.000000 1.000000
vt 0.000000 1.000000
vt 0.000000 0.000000
vt 1.000000 0.000000
vt 1.000000 1.000000
vt 0.000000 1.000000
vt 0.000000 0.000000
vt 1.000000 0.000000
vt 1.000000 1.000000
vt 0.000000 1.000000
vt 0.000000 0.000000
vt 1.000000 0.000000
vt 1.000000 1.000000
vt 0.000000 1.000000
vt 0.500000 0.500000
vt 0.000000 0.000000
vt 1.000000 0.000000
vt 0.500000 0.500000
vt 0.000000 1.000000
vt 1.000000 1.000000
vt 0.500000 0.500000
vt 0.000000 0.000000
vt 1.000000 0.000000
vt 0.500000 0.500000
vt 0.000000 1.000000
vt 1.000000 1.000000
vt 0.500000 0.500000
vt 0.000000 0.000000
vt 1.000000 0.000000
vt 0.500000 0.500000
vt 0.000000 1.000000
vt 1.000000 1.000000
vt 0.500000 0.500000
vt 0.000000 0.000000
vt 1.000000 0.000000
vt 0.500000 0.500000
vt 0.000000 1.000000
vt 1.000000 1.000000
vt 0.500000 0.500000
vt 0.000000 0.000000
vt 1.000000 0.000000
vt 0.500000 0.500000
vt 0.000000 1.000000
vt 1.000000 1.000000
vt 0.000000 0.000000
vt 1.000000 0.000000
vt 1.000000 1.000000
vt 0.000000 1.000000
vt 0.000000 0.000000
vt 1.000000 0.000000
vt 1.000000 1.000000
vt 0.000000 1.000000
vt 0.000000 0.000000
vt 1.000000 0.000000
vt 1.000000 1.000000
vt 0.000000 1.000000
vt 0.000000 0.000000
vt 1.000000 0.000000
vt 1.000000 1.000000
vt 0.000000 1.000000
vt 0.000000 0.000000
vt 1.000000 0.000000
vt 1.000000 1.000000
vt 0.000000 1.000000
vt 0.500000 0.500000
vt 0.000000 0.000000
vt 1.000000 0.000000
vt 0.500000 0.500000
vt 0.000000 1.000000
vt 1.000000 1.000000
vt 0.500000 0.500000
vt 0.000000 0.000000
vt 1.000000 0.000000
vt 0.500000 0.500000
vt 0.000000 1.000000
vt 1.000000 1.000000
vt 0.500000 0.500000
vt 0.000000 0.000000
vt 1.000000 0.000000
vt 0.500000 0.500000
vt 0.000000 1.000000
vt 1.000000 1.000000
vt 0.500000 0.500000
vt 0.000000 0.000000
vt 1.000000 0.000000
vt 0.500000 0.500000
vt 0.000000 1.000000
vt 1.000000 1.000000
vt 0.500000 0.500000
vt 0.000000 0.000000
vt 1.000000 0.000000
vt 0.500000 0.500000
vt 0.000000 1.000000
vt 1.000000 1.000000
vt 0.000000 0.500000
vt 0.480000 1.000000
vt 1.000000 0.500000
vt 0.480000 0.000000
vt 0.000000 0.000000
vt 1.000000 0.000000
vt 1.000000 1.000000
vt 0.000000 1.000000
vt 0.000000 0.000000
vt 1.000000 0.000000
vt 1.000000 1.000000
vt 0.000000 1.000000
vt 0.000000 0.000000
vt 1.000000 0.000000
vt 1.000000 1.000000
vt 0.000000 1.000000
vt 0.000000 0.000000
vt 1.000000 0.000000
vt 1.000000 1.000000
vt 0.000000 1.000000
vt 0.000000 0.000000
vt 1.000000 0.000000
vt 1.000000 1.000000
vt 0.000000 1.000000
vt 0.500000 0.500000
vt 0.000000 0.000000
vt 1.000000 0.000000
vt 0.500000 0.500000
vt 0.000000 1.000000
vt 1.000000 1.000000
vt 0.500000 0.500000
vt 0.000000 0.000000
vt 1.000000 0.000000
vt 0.500000 0.500000
vt 0.000000 1.000000
vt 1.000000 1.000000
vt 0.500000 0.500000
vt 0.000000 0.000000
vt 1.000000 0.000000
vt 0.500000 0.500000
vt 0.000000 1.000000
vt 1.000000 1.000000
vt 0.500000 0.500000
vt 0.000000 0.000000
vt 1.000000 0.000000
vt 0.500000 0.500000
vt 0.000000 1.000000
vt 1.000000 1.000000
vt 0.500000 0.500000
vt 0.000000 0.000000
vt 1.000000 0.000000
vt 0.500000 0.500000
vt 0.000000 1.000000
vt 1.000000 1.000000
vt 0.000000 0.000000
vt 1.000000 0.000000
vt 1.000000 1.000000
vt 0.000000 1.000000
vt 0.000000 0.000000
vt 1.000000 0.000000
vt 1.000000 1.000000
vt 0.000000 1.000000
vt 0.000000 0.000000
vt 1.000000 0.000000
vt 1.000000 1.000000
vt 0.000000 1.000000
vt 0.000000 0.000000
vt 1.000000 0.000000
vt 1.000000 1.000000
vt 0.000000 1.000000
vt 0.000000 0.000000
vt 1.000000 0.000000
vt 1.000000 1.000000
vt 0.000000 1.000000
vt 0.500000 0.500000
vt 0.000000 0.000000
vt 1.000000 0.000000
vt 0.500000 0.500000
vt 0.000000 1.000000
vt 1.000000 1.000000
vt 0.500000 0.500000
vt 0.000000 0.000000
vt 1.000000 0.000000
vt 0.500000 0.500000
vt 0.000000 1.000000
vt 1.000000 1.000000
vt 0.500000 0.500000
vt 0.000000 0.000000
vt 1.000000 0.000000
vt 0.500000 0.500000
vt 0.000000 1.000000
vt 1.000000 1.000000
vt 0.500000 0.500000
vt 0.000000 0.000000
vt 1.000000 0.000000
vt 0.500000 0.500000
vt 0.000000 1.000000
vt 1.000000 1.000000
vt 0.500000 0.500000
vt 0.000000 0.000000
vt 1.000000 0.000000
vt 0.500000 0.500000
vt 0.000000 1.000000
vt 1.000000 1.000000
vt 0.000000 0.500000
vt 0.480000 1.000000
vt 1.000000 0.500000
vt 0.480000 0.000000
vt 0.000000 0.000000
vt 1.000000 0.000000
vt 1.000000 1.000000
vt 0.000000 1.000000
vt 0.000000 0.000000
vt 1.000000 0.000000
vt 1.000000 1.000000
vt 0.000000 1.000000
vt 0.000000 0.000000
vt 1.000000 0.000000
vt 1.000000 1.000000
vt 0.000000 1.000000
vt 0.000000 0.000000
vt 1.000000 0.000000
vt 1.000000 1.000000
vt 0.000000 1.000000
vt 0.000000 0.000000
vt 1.000000 0.000000
vt 1.000000 1.000000
vt 0.000000 1.000000
vt 0.500000 0.500000
vt 0.000000 0.000000
vt 1.000000 0.000000
vt 0.500000 0.500000
vt 0.000000 1.000000
vt 1.000000 1.000000
vt 0.500000 0.500000
vt 0.000000 0.000000
vt 1.000000 0.000000
vt 0.500000 0.500000
vt 0.000000 1.000000
vt 1.000000 1.000000
vt 0.500000 0.500000
vt 0.000000 0.000000
vt 1.000000 0.000000
vt 0.500000 0.500000
vt 0.000000 1.000000
vt 1.000000 1.000000
vt 0.500000 0.500000
vt 0.000000 0.000000
vt 1.000000 0.000000
vt 0.500000 0.500000
vt 0.000000 1.000000
vt 1.000000 1.000000
vt 0.500000 0.500000
vt 0.000000 0.000000
vt 1.000000 0.000000
vt 0.500000 0.500000
vt 0.000000 1.000000
vt 1.000000 1.000000
vt 0.000000 0.000000
vt 1.000000 0.000000
vt 1.000000 1.000000
vt 0.000000 1.000000
vt 0.000000 0.000000
vt 1.000000 0.000000
vt 1.000000 1.000000
vt 0.000000 1.000000
vt 0.000000 0.000000
vt 1.000000 0.000000
vt 1.000000 1.000000
vt 0.000000 1.000000
vt 0.000000 0.000000
vt 1.000000 0.000000
vt 1.000000 1.000000
vt 0.000000 1.000000
vt 0.000000 0.000000
vt 1.000000 0.000000
vt 1.000000 1.000000
vt 0.000000 1.000000
vt 0.500000 0.500000
vt 0.000000 0.000000
vt 1.000000 0.000000
vt 0.500000 0.500000
vt 0.000000 1.000000
vt 1.000000 1.000000
vt 0.500000 0.500000
vt 0.000000 0.000000
vt 1.000000 0.000000
vt 0.500000 0.500000
vt 0.000000 1.000000
vt 1.000000 1.000000
vt 0.500000 0.500000
vt 0.000000 0.000000
vt 1.000000 0.000000
vt 0.500000 0.500000
vt 0.000000 1.000000
vt 1.000000 1.000000
vt 0.500000 0.500000
vt 0.000000 0.000000
vt 1.000000 0.000000
vt 0.500000 0.500000
vt 0.000000 1.000000
vt 1.000000 1.000000
vt 0.500000 0.500000
vt 0.000000 0.000000
vt 1.000000 0.000000
vt 0.500000 0.500000
vt 0.000000 1.000000
vt 1.000000 1.000000
vt 0.000000 0.500000
vt 0.480000 1.000000
vt 1.000000 0.500000
vt 0.480000 0.000000
vt 0.000000 0.000000
vt 1.000000 0.000000
vt 1.000000 1.000000
vt 0.000000 1.000000
vt 0.000000 0.000000
vt 1.000000 0.000000
vt 1.000000 1.000000
vt 0.000000 1.000000
vt 0.000000 0.000000
vt 1.000000 0.000000
vt 1.000000 1.000000
vt 0.000000 1.000000
vt 0.000000 0.000000
vt 1.000000 0.000000
vt 1.000000 1.000000
vt 0.000000 1.000000
vt 0.000000 0.000000
vt 1.000000 0.000000
vt 1.000000 1.000000
vt 0.000000 1.000000
vt 0.500000 0.500000
vt 0.000000 0.000000
vt 1.000000 0.000000
vt 0.500000 0.500000
vt 0.000000 1.000000
vt 1.000000 1.000000
vt 0.500000 0.500000
vt 0.000000 0.000000
vt 1.000000 0.000000
vt 0.500000 0.500000
vt 0.000000 1.000000
vt 1.000000 1.000000
vt 0.500000 0.500000
vt 0.000000 0.000000
vt 1.000000 0.000000
vt 0.500000 0.500000
vt 0.000000 1.000000
vt 1.000000 1.000000
vt 0.500000 0.500000
vt 0.000000 0.000000
vt 1.000000 0.000000
vt 0.500000 0.500000
vt 0.000000 1.000000
vt 1.000000 1.000000
vt 0.500000 0.500000
vt 0.000000 0.000000
vt 1.000000 0.000000
vt 0.500000 0.500000
vt 0.000000 1.000000
vt 1.000000 1.000000
vt 0.000000 0.000000
vt 1.000000 0.000000
vt 1.000000 1.000000
vt 0.000000 1.000000
vt 0.000000 0.000000
vt 1.000000 0.000000
vt 1.000000 1.000000
vt 0.000000 1.000000
vt 0.000000 0.000000
vt 1.000000 0.000000
vt 1.000000 1.000000
vt 0.000000 1.000000
vt 0.000000 0.000000
vt 1.000000 0.000000
vt 1.000000 1.000000
vt 0.000000 1.000000
vt 0.000000 0.000000
vt 1.000000 0.000000
vt 1.000000 1.000000
vt 0.000000 1.000000
vt 0.500000 0.500000
vt 0.000000 0.000000
vt 1.000000 0.000000
vt 0.500000 0.500000
vt 0.000000 1.000000
vt 1.000000 1.000000
vt 0.500000 0.500000
vt 0.000000 0.000000
vt 1.000000 0.000000
vt 0.500000 0.500000
vt 0.000000 1.000000
vt 1.000000 1.000000
vt 0.500000 0.500000
vt 0.000000 0.000000
vt 1.000000 0.000000
vt 0.500000 0.500000
vt 0.000000 1.000000
vt 1.000000 1.000000
vt 0.500000 0.500000
vt 0.000000 0.000000
vt 1.000000 0.000000
vt 0.500000 0.500000
vt 0.000000 1.000000
vt 1.000000 1.000000
vt 0.500000 0.500000
vt 0.000000 0.000000
vt 1.000000 0.000000
vt 0.500000 0.500000
vt 0.000000 1.000000
vt 1.000000 1.000000
vt 0.000000 0.500000
vt 0.480000 1.000000
vt 1.000000 0.500000
vt 0.480000 0.000000
vt 0.000000 0.000000
vt 1.000000 0.000000
vt 1.000000 1.000000
vt 0.000000 1.000000
vt 0.000000 0.000000
vt 1.000000 0.000000
vt 1.000000 1.000000
vt 0.000000 1.000000
vt 0.000000 0.000000
vt 1.000000 0.000000
vt 1.000000 1.000000
vt 0.000000 1.000000
vt 0.000000 0.000000
vt 1.000000 0.000000
vt 1.000000 1.000000
vt 0.000000 1.000000
vt 0.000000 0.000000
vt 1.000000 0.000000
vt 1.000000 1.000000
vt 0.000000 1.000000
vt 0.500000 0.500000
vt 0.000000 0.000000
vt 1.000000 0.000000
vt 0.500000 0.500000
vt 0.000000 1.000000
vt 1.000000 1.000000
vt 0.500000 0.500000
vt 0.000000 0.000000
vt 1.000000 0.000000
vt 0.500000 0.500000
vt 0.000000 1.000000
vt 1.000000 1.000000
vt 0.500000 0.500000
vt 0.000000 0.000000
vt 1.000000 0.000000
vt 0.500000 0.500000
vt 0.000000 1.000000
vt 1.000000 1.000000
vt 0.500000 0.500000
vt 0.000000 0.000000
vt 1.000000 0.000000
vt 0.500000 0.500000
vt 0.000000 1.000000
vt 1.000000 1.000000
vt 0.500000 0.500000
vt 0.000000 0.000000
vt 1.000000 0.000000
vt 0.500000 0.500000
vt 0.000000 1.000000
vt 1.000000 1.000000
vt 0.000000 0.000000
vt 1.000000 0.000000
vt 1.000000 1.000000
vt 0.000000 1.000000
vt 0.000000 0.000000
vt 1.000000 0.000000
vt 1.000000 1.000000
vt 0.000000 1.000000
vt 0.000000 0.000000
vt 1.000000 0.000000
vt 1.000000 1.000000
vt 0.000000 1.000000
vt 0.000000 0.000000
vt 1.000000 0.000000
vt 1.000000 1.000000
vt 0.000000 1.000000
vt 0.000000 0.000000
vt 1.000000 0.000000
vt 1.000000 1.000000
vt 0.000000 1.000000
vt 0.500000 0.500000
vt 0.000000 0.000000
vt 1.000000 0.000000
vt 0.500000 0.500000
vt 0.000000 1.000000
vt 1.000000 1.000000
vt 0.500000 0.500000
vt 0.000000 0.000000
vt 1.000000 0.000000
vt 0.500000 0.500000
vt 0.000000 1.000000
vt 1.000000 1.000000
vt 0.500000 0.500000
vt 0.000000 0.000000
vt 1.000000 0.000000
vt 0.500000 0.500000
vt 0.000000 1.000000
vt 1.000000 1.000000
vt 0.500000 0.500000
vt 0.000000 0.000000
vt 1.000000 0.000000
vt 0.500000 0.500000
vt 0.000000 1.000000
vt 1.000000 1.000000
vt 0.500000 0.500000
vt 0.000000 0.000000
vt 1.000000 0.000000
vt 0.500000 0.500000
vt 0.000000 1.000000
vt 1.000000 1.000000
vt 0.000000 0.500000
vt 0.480000 1.000000
vt 1.000000 0.500000
vt 0.480000 0.000000
vt 0.000000 0.000000
vt 1.000000 0.000000
vt 1.000000 1.000000
vt 0.000000 1.000000
vt 0.000000 0.000000
vt 1.000000 0.000000
vt 1.000000 1.000000
vt 0.000000 1.000000
vt 0.000000 0.000000
vt 1.000000 0.000000
vt 1.000000 1.000000
vt 0.000000 1.000000
vt 0.000000 0.000000
vt 1.000000 0.000000
vt 1.000000 1.000000
vt 0.000000 1.000000
vt 0.000000 0.000000
vt 1.000000 0.000000
vt 1.000000 1.000000
vt 0.000000 1.000000
vt 0.500000 0.500000
vt 0.000000 0.000000
vt 1.000000 0.000000
vt 0.500000 0.500000
vt 0.000000 1.000000
vt 1.000000 1.000000
vt 0.500000 0.500000
vt 0.000000 0.000000
vt 1.000000 0.000000
vt 0.500000 0.500000
vt 0.000000 1.000000
vt 1.000000 1.000000
vt 0.500000 0.500000
vt 0.000000 0.000000
vt 1.000000 0.000000
vt 0.500000 0.500000
vt 0.000000 1.000000
vt 1.000000 1.000000
vt 0.500000 0.500000
vt 0.000000 0.000000
vt 1.000000 0.000000
vt 0.500000 0.500000
vt 0.000000 1.000000
vt 1.000000 1.000000
vt 0.500000 0.500000
vt 0.000000 0.000000
vt 1.000000 0.000000
vt 0.500000 0.500000
vt 0.000000 1.000000
vt 1.000000 1.000000
vt 0.000000 0.000000
vt 1.000000 0.000000
vt 1.000000 1.000000
vt 0.000000 1.000000
vt 0.000000 0.000000
vt 1.000000 0.000000
vt 1.000000 1.000000
vt 0.000000 1.000000
vt 0.000000 0.000000
vt 1.000000 0.000000
vt 1.000000 1.000000
vt 0.000000 1.000000
vt 0.000000 0.000000
vt 1.000000 0.000000
vt 1.000000 1.000000
vt 0.000000 1.000000
vt 0.000000 0.000000
vt 1.000000 0.000000
vt 1.000000 1.000000
vt 0.000000 1.000000
vt 0.500000 0.500000
vt 0.000000 0.000000
vt 1.000000 0.000000
vt 0.500000 0.500000
vt 0.000000 1.000000
vt 1.000000 1.000000
vt 0.500000 0.500000
vt 0.000000 0.000000
vt 1.000000 0.000000
vt 0.500000 0.500000
vt 0.000000 1.000000
vt 1.000000 1.000000
vt 0.500000 0.500000
vt 0.000000 0.000000
vt 1.000000 0.000000
vt 0.500000 0.500000
vt 0.000000 1.000000
vt 1.000000 1.000000
vt 0.500000 0.500000
vt 0.000000 0.000000
vt 1.000000 0.000000
vt 0.500000 0.500000
vt 0.000000 1.000000
vt 1.000000 1.000000
vt 0.500000 0.500000
vt 0.000000 0.000000
vt 1.000000 0.000000
vt 0.500000 0.500000
vt 0.000000 1.000000
vt 1.000000 1.000000
vt 0.000000 0.500000
vt 0.480000 1.000000
vt 1.000000 0.500000
vt 0.480000 0.000000
vt 0.000000 0.000000
vt 1.000000 0.000000
vt 1.000000 1.000000
vt 0.000000 1.000000
vt 0.000000 0.000000
vt 1.000000 0.000000
vt 1.000000 1.000000
vt 0.000000 1.000000
vt 0.000000 0.000000
vt 1.000000 0.000000
vt 1.000000 1.000000
vt 0.000000 1.000000
vt 0.000000 0.000000
vt 1.000000 0.000000
vt 1.000000 1.000000
vt 0.000000 1.000000
vt 0.000000 0.000000
vt 1.000000 0.000000
vt 1.000000 1.000000
vt 0.000000 1.000000
vt 0.500000 0.500000
vt 0.000000 0.000000
vt 1.000000 0.000000
vt 0.500000 0.500000
vt 0.000000 1.000000
vt 1.000000 1.000000
vt 0.500000 0.500000
vt 0.000000 0.000000
vt 1.000000 0.000000
vt 0.500000 0.500000
vt 0.000000 1.000000
vt 1.000000 1.000000
vt 0.500000 0.500000
vt 0.000000 0.000000
vt 1.000000 0.000000
vt 0.500000 0.500000
vt 0.000000 1.000000
vt 1.000000 1.000000
vt 0.500000 0.500000
vt 0.000000 0.000000
vt 1.000000 0.000000
vt 0.500000 0.500000
vt 0.000000 1.000000
vt 1.000000 1.000000
vt 0.500000 0.500000
vt 0.000000 0.000000
vt 1.000000 0.000000
vt 0.500000 0.500000
vt 0.000000 1.000000
vt 1.000000 1.000000
vt 0.000000 0.000000
vt 1.000000 0.000000
vt 1.000000 1.000000
vt 0.000000 1.000000
vt 0.000000 0.000000
vt 1.000000 0.000000
vt 1.000000 1.000000
vt 0.000000 1.000000
vt 0.000000 0.000000
vt 1.000000 0.000000
vt 1.000000 1.000000
vt 0.000000 1.000000
vt 0.000000 0.000000
vt 1.000000 0.000000
vt 1.000000 1.000000
vt 0.000000 1.000000
vt 0.000000 0.000000
vt 1.000000 0.000000
vt 1.000000 1.000000
vt 0.000000 1.000000
vt 0.500000 0.500000
vt 0.000000 0.000000
vt 1.000000 0.000000
vt 0.500000 0.500000
vt 0.000000 1.000000
vt 1.000000 1.000000
vt 0.500000 0.500000
vt 0.000000 0.000000
vt 1.000000 0.000000
vt 0.500000 0.500000
vt 0.000000 1.000000
vt 1.000000 1.000000
vt 0.500000 0.500000
vt 0.000000 0.000000
vt 1.000000 0.000000
vt 0.500000 0.500000
vt 0.000000 1.000000
vt 1.000000 1.000000
vt 0.500000 0.500000
vt 0.000000 0.000000
vt 1.000000 0.000000
vt 0.500000 0.500000
vt 0.000000 1.000000
vt 1.000000 1.000000
vt 0.500000 0.500000
vt 0.000000 0.000000
vt 1.000000 0.000000
vt 0.500000 0.500000
vt 0.000000 1.000000
vt 1.000000 1.000000
vt 0.000000 0.500000
vt 0.480000 1.000000
vt 1.000000 0.500000
vt 0.480000 0.000000
vt 0.000000 0.000000
vt 1.000000 0.000000
vt 1.000000 1.000000
vt 0.000000 1.000000
vt 0.000000 0.000000
vt 1.000000 0.000000
vt 1.000000 1.000000
vt 0.000000 1.000000
vt 0.000000 0.000000
vt 1.000000 0.000000
vt 1.000000 1.000000
vt 0.000000 1.000000
vt 0.000000 0.000000
vt 1.000000 0.000000
vt 1.000000 1.000000
vt 0.000000 1.000000
vt 0.000000 0.000000
vt 1.000000 0.000000
vt 1.000000 1.000000
vt 0.000000 1.000000
vt 0.500000 0.500000
vt 0.000000 0.000000
vt 1.000000 0.000000
vt 0.500000 0.500000
vt 0.000000 1.000000
vt 1.000000 1.000000
vt 0.500000 0.500000
vt 0.000000 0.000000
vt 1.000000 0.000000
vt 0.500000 0.500000
vt 0.000000 1.000000
vt 1.000000 1.000000
vt 0.500000 0.500000
vt 0.000000 0.000000
vt 1.000000 0.000000
vt 0.500000 0.500000
vt 0.000000 1.000000
vt 1.000000 1.000000
vt 0.500000 0.500000
vt 0.000000 0.000000
vt 1.000000 0.000000
vt 0.500000 0.500000
vt 0.000000 1.000000
vt 1.000000 1.000000
vt 0.500000 0.500000
vt 0.000000 0.000000
vt 1.000000 0.000000
vt 0.500000 0.500000
vt 0.000000 1.000000
vt 1.000000 1.000000
vt 0.000000 0.000000
vt 1.000000 0.000000
vt 1.000000 1.000000
vt 0.000000 1.000000
vt 0.000000 0.000000
vt 1.000000 0.000000
vt 1.000000 1.000000
vt 0.000000 1.000000
vt 0.000000 0.000000
vt 1.000000 0.000000
vt 1.000000 1.000000
vt 0.000000 1.000000
vt 0.000000 0.000000
vt 1.000000 0.000000
vt 1.000000 1.000000
vt 0.000000 1.000000
vt 0.000000 0.000000
vt 1.000000 0.000000
vt 1.000000 1.000000
vt 0.000000 1.000000
vt 0.500000 0.500000
vt 0.000000 0.000000
vt 1.000000 0.000000
vt 0.500000 0.500000
vt 0.000000 1.000000
vt 1.000000 1.000000
vt 0.500000 0.500000
vt 0.000000 0.000000
vt 1.000000 0.000000
vt 0.500000 0.500000
vt 0.000000 1.000000
vt 1.000000 1.000000
vt 0.500000 0.500000
vt 0.000000 0.000000
vt 1.000000 0.000000
vt 0.500000 0.500000
vt 0.000000 1.000000
vt 1.000000 1.000000
vt 0.500000 0.500000
vt 0.000000 0.000000
vt 1.000000 0.000000
vt 0.500000 0.500000
vt 0.000000 1.000000
vt 1.000000 1.000000
vt 0.500000 0.500000
vt 0.000000 0.000000
vt 1.000000 0.000000
vt 0.500000 0.500000
vt 0.000000 1.000000
vt 1.000000 1.000000
vt 0.000000 0.500000
vt 0.480000 1.000000
vt 1.000000 0.500000
vt 0.480000 0.000000
vt 0.000000 0.000000
vt 1.000000 0.000000
vt 1.000000 1.000000
vt 0.000000 1.000000
vt 0.000000 0.000000
vt 1.000000 0.000000
vt 1.000000 1.000000
vt 0.000000 1.000000
vt 0.000000 0.000000
vt 1.000000 0.000000
vt 1.000000 1.000000
vt 0.000000 1.000000
vt 0.000000 0.000000
vt 1.000000 0.000000
vt 1.000000 1.000000
vt 0.000000 1.000000
vt 0.000000 0.000000
vt 1.000000 0.000000
vt 1.000000 1.000000
vt 0.000000 1.000000
vt 0.500000 0.500000
vt 0.000000 0.000000
vt 1.000000 0.000000
vt 0.500000 0.500000
vt 0.000000 1.000000
vt 1.000000 1.000000
vt 0.500000 0.500000
vt 0.000000 0.000000
vt 1.000000 0.000000
vt 0.500000 0.500000
vt 0.000000 1.000000
vt 1.000000 1.000000
vt 0.500000 0.500000
vt 0.000000 0.000000
vt 1.000000 0.000000
vt 0.500000 0.500000
vt 0.000000 1.000000
vt 1.000000 1.000000
vt 0.500000 0.500000
vt 0.000000 0.000000
vt 1.000000 0.000000
vt 0.500000 0.500000
vt 0.000000 1.000000
vt 1.000000 1.000000
vt 0.500000 0.500000
vt 0.000000 0.000000
vt 1.000000 0.000000
vt 0.500000 0.500000
vt 0.000000 1.000000
vt 1.000000 1.000000
vt 0.000000 0.000000
vt 1.000000 0.000000
vt 1.000000 1.000000
vt 0.000000 1.000000
vt 0.000000 0.000000
vt 1.000000 0.000000
vt 1.000000 1.000000
vt 0.000000 1.000000
vt 0.000000 0.000000
vt 1.000000 0.000000
vt 1.000000 1.000000
vt 0.000000 1.000000
vt 0.000000 0.000000
vt 1.000000 0.000000
vt 1.000000 1.000000
vt 0.000000 1.000000
vt 0.000000 0.000000
vt 1.000000 0.000000
vt 1.000000 1.000000
vt 0.000000 1.000000
vt 0.500000 0.500000
vt 0.000000 0.000000
vt 1.000000 0.000000
vt 0.500000 0.500000
vt 0.000000 1.000000
vt 1.000000 1.000000
vt 0.500000 0.500000
vt 0.000000 0.000000
vt 1.000000 0.000000
vt 0.500000 0.500000
vt 0.000000 1.000000
vt 1.000000 1.000000
vt 0.500000 0.500000
vt 0.000000 0.000000
vt 1.000000 0.000000
vt 0.500000 0.500000
vt 0.000000 1.000000
vt 1.000000 1.000000
vt 0.500000 0.500000
vt 0.000000 0.000000
vt 1.000000 0.000000
vt 0.500000 0.500000
vt 0.000000 1.000000
vt 1.000000 1.000000
vt 0.500000 0.500000
vt 0.000000 0.000000
vt 1.000000 0.000000
vt 0.500000 0.500000
vt 0.000000 1.000000
vt 1.000000 1.000000
vt 0.000000 0.500000
vt 0.480000 1.000000
vt 1.000000 0.500000
vt 0.480000 0.000000
vt 0.000000 0.000000
vt 1.000000 0.000000
vt 1.000000 1.000000
vt 0.000000 1.000000
vt 0.000000 0.000000
vt 1.000000 0.000000
vt 1.000000 1.000000
vt 0.000000 1.000000
vt 0.000000 0.000000
vt 1.000000 0.000000
vt 1.000000 1.000000
vt 0.000000 1.000000
vt 0.000000 0.000000
vt 1.000000 0.000000
vt 1.000000 1.000000
vt 0.000000 1.000000
vt 0.000000 0.000000
vt 1.000000 0.000000
vt 1.000000 1.000000
vt 0.000000 1.000000
vt 0.500000 0.500000
vt 0.000000 0.000000
vt 1.000000 0.000000
vt 0.500000 0.500000
vt 0.000000 1.000000
vt 1.000000 1.000000
vt 0.500000 0.500000
vt 0.000000 0.000000
vt 1.000000 0.000000
vt 0.500000 0.500000
vt 0.000000 1.000000
vt 1.000000 1.000000
vt 0.500000 0.500000
vt 0.000000 0.000000
vt 1.000000 0.000000
vt 0.500000 0.500000
vt 0.000000 1.000000
vt 1.000000 1.000000
vt 0.500000 0.500000
vt 0.000000 0.000000
vt 1.000000 0.000000
vt 0.500000 0.500000
vt 0.000000 1.000000
vt 1.000000 1.000000
vt 0.500000 0.500000
vt 0.000000 0.000000
vt 1.000000 0.000000
vt 0.500000 0.500000
vt 0.000000 1.000000
vt 1.000000 1.000000
vt 0.000000 0.000000
vt 1.000000 0.000000
vt 1.000000 1.000000
vt 0.000000 1.000000
vt 0.000000 0.000000
vt 1.000000 0.000000
vt 1.000000 1.000000
vt 0.000000 1.000000
vt 0.000000 0.000000
vt 1.000000 0.000000
vt 1.000000 1.000000
vt 0.000000 1.000000
vt 0.000000 0.000000
vt 1.000000 0.000000
vt 1.000000 1.000000
vt 0.000000 1.000000
vt 0.000000 0.000000
vt 1.000000 0.000000
vt 1.000000 1.000000
vt 0.000000 1.000000
vt 0.500000 0.500000
vt 0.000000 0.000000
vt 1.000000 0.000000
vt 0.500000 0.500000
vt 0.000000 1.000000
vt 1.000000 1.000000
vt 0.500000 0.500000
vt 0.000000 0.000000
vt 1.000000 0.000000
vt 0.500000 0.500000
vt 0.000000 1.000000
vt 1.000000 1.000000
vt 0.500000 0.500000
vt 0.000000 0.000000
vt 1.000000 0.000000
vt 0.500000 0.500000
vt 0.000000 1.000000
vt 1.000000 1.000000
vt 0.500000 0.500000
vt 0.000000 0.000000
vt 1.000000 0.000000
vt 0.500000 0.500000
vt 0.000000 1.000000
vt 1.000000 1.000000
vt 0.500000 0.500000
vt 0.000000 0.000000
vt 1.000000 0.000000
vt 0.500000 0.500000
vt 0.000000 1.000000
vt 1.000000 1.000000
vt 0.000000 0.500000
vt 0.480000 1.000000
vt 1.000000 0.500000
vt 0.480000 0.000000
vt 0.000000 0.000000
vt 1.000000 0.000000
vt 1.000000 1.000000
vt 0.000000 1.000000
vt 0.000000 0.000000
vt 1.000000 0.000000
vt 1.000000 1.000000
vt 0.000000 1.000000
vt 0.000000 0.000000
vt 1.000000 0.000000
vt 1.000000 1.000000
vt 0.000000 1.000000
vt 0.000000 0.000000
vt 1.000000 0.000000
vt 1.000000 1.000000
vt 0.000000 1.000000
vt 0.000000 0.000000
vt 1.000000 0.000000
vt 1.000000 1.000000
vt 0.000000 1.000000
vt 0.500000 0.500000
vt 0.000000 0.000000
vt 1.000000 0.000000
vt 0.500000 0.500000
vt 0.000000 1.000000
vt 1.000000 1.000000
vt 0.500000 0.500000
vt 0.000000 0.000000
vt 1.000000 0.000000
vt 0.500000 0.500000
vt 0.000000 1.000000
vt 1.000000 1.000000
vt 0.500000 0.500000
vt 0.000000 0.000000
vt 1.000000 0.000000
vt 0.500000 0.500000
vt 0.000000 1.000000
vt 1.000000 1.000000
vt 0.500000 0.500000
vt 0.000000 0.000000
vt 1.000000 0.000000
vt 0.500000 0.500000
vt 0.000000 1.000000
vt 1.000000 1.000000
vt 0.500000 0.500000
vt 0.000000 0.000000
vt 1.000000 0.000000
vt 0.500000 0.500000
vt 0.000000 1.000000
vt 1.000000 1.000000
vt 0.000000 0.000000
vt 1.000000 0.000000
vt 1.000000 1.000000
vt 0.000000 1.000000
vt 0.000000 0.000000
vt 1.000000 0.000000
vt 1.000000 1.000000
vt 0.000000 1.000000
vt 0.000000 0.000000
vt 1.000000 0.000000
vt 1.000000 1.000000
vt 0.000000 1.000000
vt 0.000000 0.000000
vt 1.000000 0.000000
vt 1.000000 1.000000
vt 0.000000 1.000000
vt 0.000000 0.000000
vt 1.000000 0.000000
vt 1.000000 1.000000
vt 0.000000 1.000000
vt 0.500000 0.500000
vt 0.000000 0.000000
vt 1.000000 0.000000
vt 0.500000 0.500000
vt 0.000000 1.000000
vt 1.000000 1.000000
vt 0.500000 0.500000
vt 0.000000 0.000000
vt 1.000000 0.000000
vt 0.500000 0.500000
vt 0.000000 1.000000
vt 1.000000 1.000000
vt 0.500000 0.500000
vt 0.000000 0.000000
vt 1.000000 0.000000
vt 0.500000 0.500000
vt 0.000000 1.000000
vt 1.000000 1.000000
vt 0.500000 0.500000
vt 0.000000 0.000000
vt 1.000000 0.000000
vt 0.500000 0.500000
vt 0.000000 1.000000
vt 1.000000 1.000000
vt 0.500000 0.500000
vt 0.000000 0.000000
vt 1.000000 0.000000
vt 0.500000 0.500000
vt 0.000000 1.000000
vt 1.000000 1.000000
vt 0.000000 0.500000
vt 0.480000 1.000000
vt 1.000000 0.500000
vt 0.480000 0.000000
vt 0.000000 0.000000
vt 1.000000 0.000000
vt 1.000000 1.000000
vt 0.000000 1.000000
vt 0.000000 0.000000
vt 1.000000 0.000000
vt 1.000000 1.000000
vt 0.000000 1.000000
vt 0.000000 0.000000
vt 1.000000 0.000000
vt 1.000000 1.000000
vt 0.000000 1.000000
vt 0.000000 0.000000
vt 1.000000 0.000000
vt 1.000000 1.000000
vt 0.000000 1.000000
vt 0.000000 0.000000
vt 1.000000 0.000000
vt 1.000000 1.000000
vt 0.000000 1.000000
vt 0.500000 0.500000
vt 0.000000 0.000000
vt 1.000000 0.000000
vt 0.500000 0.500000
vt 0.000000 1.000000
vt 1.000000 1.000000
vt 0.500000 0.500000
vt 0.000000 0.000000
vt 1.000000 0.000000
vt 0.500000 0.500000
vt 0.000000 1.000000
vt 1.000000 1.000000
vt 0.500000 0.500000
vt 0.000000 0.000000
vt 1.000000 0.000000
vt 0.500000 0.500000
vt 0.000000 1.000000
vt 1.000000 1.000000
vt 0.500000 0.500000
vt 0.000000 0.000000
vt 1.000000 0.000000
vt 0.500000 0.500000
vt 0.000000 1.000000
vt 1.000000 1.000000
vt 0.500000 0.500000
vt 0.000000 0.000000
vt 1.000000 0.000000
vt 0.500000 0.500000
vt 0.000000 1.000000
vt 1.000000 1.000000
vt 0.000000 0.000000
vt 1.000000 0.000000
vt 1.000000 1.000000
vt 0.000000 1.000000
vt 0.000000 0.000000
vt 1.000000 0.000000
vt 1.000000 1.000000
vt 0.000000 1.000000
vt 0.000000 0.000000
vt 1.000000 0.000000
vt 1.000000 1.000000
vt 0.000000 1.000000
vt 0.000000 0.000000
vt 1.000000 0.000000
vt 1.000000 1.000000
vt 0.000000 1.000000
vt 0.000000 0.000000
vt 1.000000 0.000000
vt 1.000000 1.000000
vt 0.000000 1.000000
vt 0.500000 0.500000
vt 0.000000 0.000000
vt 1.000000 0.000000
vt 0.500000 0.500000
vt 0.000000 1.000000
vt 1.000000 1.000000
vt 0.500000 0.500000
vt 0.000000 0.000000
vt 1.000000 0.000000
vt 0.500000 0.500000
vt 0.000000 1.000000
vt 1.000000 1.000000
vt 0.500000 0.500000
vt 0.000000 0.000000
vt 1.000000 0.000000
vt 0.500000 0.500000
vt 0.000000 1.000000
vt 1.000000 1.000000
vt 0.500000 0.500000
vt 0.000000 0.000000
vt 1.000000 0.000000
vt 0.500000 0.500000
vt 0.000000 1.000000
vt 1.000000 1.000000
vt 0.500000 0.500000
vt 0.000000 0.000000
vt 1.000000 0.000000
vt 0.500000 0.500000
vt 0.000000 1.000000
vt 1.000000 1.000000
vt 0.000000 0.500000
vt 0.480000 1.000000
vt 1.000000 0.500000
vt 0.480000 0.000000
vt 0.000000 0.000000
vt 1.000000 0.000000
vt 1.000000 1.000000
vt 0.000000 1.000000
vt 0.000000 0.000000
vt 1.000000 0.000000
vt 1.000000 1.000000
vt 0.000000 1.000000
vt 0.000000 0.000000
vt 1.000000 0.000000
vt 1.000000 1.000000
vt 0.000000 1.000000
vt 0.000000 0.000000
vt 1.000000 0.000000
vt 1.000000 1.000000
vt 0.000000 1.000000
vt 0.000000 0.000000
vt 1.000000 0.000000
vt 1.000000 1.000000
vt 0.000000 1.000000
vt 0.500000 0.500000
vt 0.000000 0.000000
vt 1.000000 0.000000
vt 0.500000 0.500000
vt 0.000000 1.000000
vt 1.000000 1.000000
vt 0.500000 0.500000
vt 0.000000 0.000000
vt 1.000000 0.000000
vt 0.500000 0.500000
vt 0.000000 1.000000
vt 1.000000 1.000000
vt 0.500000 0.500000
vt 0.000000 0.000000
vt 1.000000 0.000000
vt 0.500000 0.500000
vt 0.000000 1.000000
vt 1.000000 1.000000
vt 0.500000 0.500000
vt 0.000000 0.000000
vt 1.000000 0.000000
vt 0.500000 0.500000
vt 0.000000 1.000000
vt 1.000000 1.000000
vt 0.500000 0.500000
vt 0.000000 0.000000
vt 1.000000 0.000000
vt 0.500000 0.500000
vt 0.000000 1.000000
vt 1.000000 1.000000
vt 0.000000 0.000000
vt 1.000000 0.000000
vt 1.000000 1.000000
vt 0.000000 1.000000
vt 0.000000 0.000000
vt 1.000000 0.000000
vt 1.000000 1.000000
vt 0.000000 1.000000
vt 0.000000 0.000000
vt 1.000000 0.000000
vt 1.000000 1.000000
vt 0.000000 1.000000
vt 0.000000 0.000000
vt 1.000000 0.000000
vt 1.000000 1.000000
vt 0.000000 1.000000
vt 0.000000 0.000000
vt 1.000000 0.000000
vt 1.000000 1.000000
vt 0.000000 1.000000
vt 0.500000 0.500000
vt 0.000000 0.000000
vt 1.000000 0.000000
vt 0.500000 0.500000
vt 0.000000 1.000000
vt 1.000000 1.000000
vt 0.500000 0.500000
vt 0.000000 0.000000
vt 1.000000 0.000000
vt 0.500000 0.500000
vt 0.000000 1.000000
vt 1.000000 1.000000
vt 0.500000 0.500000
vt 0.000000 0.000000
vt 1.000000 0.000000
vt 0.500000 0.500000
vt 0.000000 1.000000
vt 1.000000 1.000000
vt 0.500000 0.500000
vt 0.000000 0.000000
vt 1.000000 0.000000
vt 0.500000 0.500000
vt 0.000000 1.000000
vt 1.000000 1.000000
vt 0.500000 0.500000
vt 0.000000 0.000000
vt 1.000000 0.000000
vt 0.500000 0.500000
vt 0.000000 1.000000
vt 1.000000 1.000000
vt 0.000000 0.500000
vt 0.480000 1.000000
vt 1.000000 0.500000
vt 0.480000 0.000000
vt 0.000000 0.000000
vt 1.000000 0.000000
vt 1.000000 1.000000
vt 0.000000 1.000000
vt 0.000000 0.000000
vt 1.000000 0.000000
vt 1.000000 1.000000
vt 0.000000 1.000000
vt 0.000000 0.000000
vt 1.000000 0.000000
vt 1.000000 1.000000
vt 0.000000 1.000000
vt 0.000000 0.000000
vt 1.000000 0.000000
vt 1.000000 1.000000
vt 0.000000 1.000000
vt 0.000000 0.000000
vt 1.000000 0.000000
vt 1.000000 1.000000
vt 0.000000 1.000000
vt 0.500000 0.500000
vt 0.000000 0.000000
vt 1.000000 0.000000
vt 0.500000 0.500000
vt 0.000000 1.000000
vt 1.000000 1.000000
vt 0.500000 0.500000
vt 0.000000 0.000000
vt 1.000000 0.000000
vt 0.500000 0.500000
vt 0.000000 1.000000
vt 1.000000 1.000000
vt 0.500000 0.500000
vt 0.000000 0.000000
vt 1.000000 0.000000
vt 0.500000 0.500000
vt 0.000000 1.000000
vt 1.000000 1.000000
vt 0.500000 0.500000
vt 0.000000 0.000000
vt 1.000000 0.000000
vt 0.500000 0.500000
vt 0.000000 1.000000
vt 1.000000 1.000000
vt 0.500000 0.500000
vt 0.000000 0.000000
vt 1.000000 0.000000
vt 0.500000 0.500000
vt 0.000000 1.000000
vt 1.000000 1.000000
vt 0.000000 0.000000
vt 1.000000 0.000000
vt 1.000000 1.000000
vt 0.000000 1.000000
vt 0.000000 0.000000
vt 1.000000 0.000000
vt 1.000000 1.000000
vt 0.000000 1.000000
vt 0.000000 0.000000
vt 1.000000 0.000000
vt 1.000000 1.000000
vt 0.000000 1.000000
vt 0.000000 0.000000
vt 1.000000 0.000000
vt 1.000000 1.000000
vt 0.000000 1.000000
vt 0.000000 0.000000
vt 1.000000 0.000000
vt 1.000000 1.000000
vt 0.000000 1.000000
vt 0.500000 0.500000
vt 0.000000 0.000000
vt 1.000000 0.000000
vt 0.500000 0.500000
vt 0.000000 1.000000
vt 1.000000 1.000000
vt 0.500000 0.500000
vt 0.000000 0.000000
vt 1.000000 0.000000
vt 0.500000 0.500000
vt 0.000000 1.000000
vt 1.000000 1.000000
vt 0.500000 0.500000
vt 0.000000 0.000000
vt 1.000000 0.000000
vt 0.500000 0.500000
vt 0.000000 1.000000
vt 1.000000 1.000000
vt 0.500000 0.500000
vt 0.000000 0.000000
vt 1.000000 0.000000
vt 0.500000 0.500000
vt 0.000000 1.000000
vt 1.000000 1.000000
vt 0.500000 0.500000
vt 0.000000 0.000000
vt 1.000000 0.000000
vt 0.500000 0.500000
vt 0.000000 1.000000
vt 1.000000 1.000000
vt 0.000000 0.500000
vt 0.480000 1.000000
vt 1.000000 0.500000
vt 0.480000 0.000000
vt 0.000000 0.000000
vt 1.000000 0.000000
vt 1.000000 1.000000
vt 0.000000 1.000000
vt 0.000000 0.000000
vt 1.000000 0.000000
vt 1.000000 1.000000
vt 0.000000 1.000000
vt 0.000000 0.000000
vt 1.000000 0.000000
vt 1.000000 1.000000
vt 0.000000 1.000000
vt 0.000000 0.000000
vt 1.000000 0.000000
vt 1.000000 1.000000
vt 0.000000 1.000000
vt 0.000000 0.000000
vt 1.000000 0.000000
vt 1.000000 1.000000
vt 0.000000 1.000000
vt 0.500000 0.500000
vt 0.000000 0.000000
vt 1.000000 0.000000
vt 0.500000 0.500000
vt 0.000000 1.000000
vt 1.000000 1.000000
vt 0.500000 0.500000
vt 0.000000 0.000000
vt 1.000000 0.000000
vt 0.500000 0.500000
vt 0.000000 1.000000
vt 1.000000 1.000000
vt 0.500000 0.500000
vt 0.000000 0.000000
vt 1.000000 0.000000
vt 0.500000 0.500000
vt 0.000000 1.000000
vt 1.000000 1.000000
vt 0.500000 0.500000
vt 0.000000 0.000000
vt 1.000000 0.000000
vt 0.500000 0.500000
vt 0.000000 1.000000
vt 1.000000 1.000000
vt 0.500000 0.500000
vt 0.000000 0.000000
vt 1.000000 0.000000
vt 0.500000 0.500000
vt 0.000000 1.000000
vt 1.000000 1.000000
vt 0.000000 0.000000
vt 1.000000 0.000000
vt 1.000000 1.000000
vt 0.000000 1.000000
vt 0.000000 0.000000
vt 1.000000 0.000000
vt 1.000000 1.000000
vt 0.000000 1.000000
vt 0.000000 0.000000
vt 1.000000 0.000000
vt 1.000000 1.000000
vt 0.000000 1.000000
vt 0.000000 0.000000
vt 1.000000 0.000000
vt 1.000000 1.000000
vt 0.000000 1.000000
vt 0.000000 0.000000
vt 1.000000 0.000000
vt 1.000000 1.000000
vt 0.000000 1.000000
vt 0.500000 0.500000
vt 0.000000 0.000000
vt 1.000000 0.000000
vt 0.500000 0.500000
vt 0.000000 1.000000
vt 1.000000 1.000000
vt 0.500000 0.500000
vt 0.000000 0.000000
vt 1.000000 0.000000
vt 0.500000 0.500000
vt 0.000000 1.000000
vt 1.000000 1.000000
vt 0.500000 0.500000
vt 0.000000 0.000000
vt 1.000000 0.000000
vt 0.500000 0.500000
vt 0.000000 1.000000
vt 1.000000 1.000000
vt 0.500000 0.500000
vt 0.000000 0.000000
vt 1.000000 0.000000
vt 0.500000 0.500000
vt 0.000000 1.000000
vt 1.000000 1.000000
vt 0.500000 0.500000
vt 0.000000 0.000000
vt 1.000000 0.000000
vt 0.500000 0.500000
vt 0.000000 1.000000
vt 1.000000 1.000000
vt 0.000000 0.500000
vt 0.480000 1.000000
vt 1.000000 0.500000
vt 0.480000 0.000000
vt 0.000000 0.000000
vt 1.000000 0.000000
vt 1.000000 1.000000
vt 0.000000 1.000000
vt 0.000000 0.000000
vt 1.000000 0.000000
vt 1.000000 1.000000
vt 0.000000 1.000000
vt 0.000000 0.000000
vt 1.000000 0.000000
vt 1.000000 1.000000
vt 0.000000 1.000000
vt 0.000000 0.000000
vt 1.000000 0.000000
vt 1.000000 1.000000
vt 0.000000 1.000000
vt 0.000000 0.000000
vt 1.000000 0.000000
vt 1.000000 1.000000
vt 0.000000 1.000000
vt 0.500000 0.500000
vt 0.000000 0.000000
vt 1.000000 0.000000
vt 0.500000 0.500000
vt 0.000000 1.000000
vt 1.000000 1.000000
vt 0.500000 0.500000
vt 0.000000 0.000000
vt 1.000000 0.000000
vt 0.500000 0.500000
vt 0.000000 1.000000
vt 1.000000 1.000000
vt 0.500000 0.500000
vt 0.000000 0.000000
vt 1.000000 0.000000
vt 0.500000 0.500000
vt 0.000000 1.000000
vt 1.000000 1.000000
vt 0.500000 0.500000
vt 0.000000 0.000000
vt 1.000000 0.000000
vt 0.500000 0.500000
vt 0.000000 1.000000
vt 1.000000 1.000000
vt 0.500000 0.500000
vt 0.000000 0.000000
vt 1.000000 0.000000
vt 0.500000 0.500000
vt 0.000000 1.000000
vt 1.000000 1.000000
vt 0.000000 0.000000
vt 1.000000 0.000000
vt 1.000000 1.000000
vt 0.000000 1.000000
vt 0.000000 0.000000
vt 1.000000 0.000000
vt 1.000000 1.000000
vt 0.000000 1.000000
vt 0.000000 0.000000
vt 1.000000 0.000000
vt 1.000000 1.000000
vt 0.000000 1.000000
vt 0.000000 0.000000
vt 1.000000 0.000000
vt 1.000000 1.000000
vt 0.000000 1.000000
vt 0.000000 0.000000
vt 1.000000 0.000000
vt 1.000000 1.000000
vt 0.000000 1.000000
vt 0.500000 0.500000
vt 0.000000 0.000000
vt 1.000000 0.000000
vt 0.500000 0.500000
vt 0.000000 1.000000
vt 1.000000 1.000000
vt 0.500000 0.500000
vt 0.000000 0.000000
vt 1.000000 0.000000
vt 0.500000 0.500000
vt 0.000000 1.000000
vt 1.000000 1.000000
vt 0.500000 0.500000
vt 0.000000 0.000000
vt 1.000000 0.000000
vt 0.500000 0.500000
vt 0.000000 1.000000
vt 1.000000 1.000000
vt 0.500000 0.500000
vt 0.000000 0.000000
vt 1.000000 0.000000
vt 0.500000 0.500000
vt 0.000000 1.000000
vt 1.000000 1.000000
vt 0.500000 0.500000
vt 0.000000 0.000000
vt 1.000000 0.000000
vt 0.500000 0.500000
vt 0.000000 1.000000
vt 1.000000 1.000000
vt 0.000000 0.500000
vt 0.480000 1.000000
vt 1.000000 0.500000
vt 0.480000 0.000000
vt 0.000000 0.000000
vt 1.000000 0.000000
vt 1.000000 1.000000
vt 0.000000 1.000000
vt 0.000000 0.000000
vt 1.000000 0.000000
vt 1.000000 1.000000
vt 0.000000 1.000000
vt 0.000000 0.000000
vt 1.000000 0.000000
vt 1.000000 1.000000
vt 0.000000 1.000000
vt 0.000000 0.000000
vt 1.000000 0.000000
vt 1.000000 1.000000
vt 0.000000 1.000000
vt 0.000000 0.000000
vt 1.000000 0.000000
vt 1.000000 1.000000
vt 0.000000 1.000000
vt 0.500000 0.500000
vt 0.000000 0.000000
vt 1.000000 0.000000
vt 0.500000 0.500000
vt 0.000000 1.000000
vt 1.000000 1.000000
vt 0.500000 0.500000
vt 0.000000 0.000000
vt 1.000000 0.000000
vt 0.500000 0.500000
vt 0.000000 1.000000
vt 1.000000 1.000000
vt 0.500000 0.500000
vt 0.000000 0.000000
vt 1.000000 0.000000
vt 0.500000 0.500000
vt 0.000000 1.000000
vt 1.000000 1.000000
vt 0.500000 0.500000
vt 0.000000 0.000000
vt 1.000000 0.000000
vt 0.500000 0.500000
vt 0.000000 1.000000
vt 1.000000 1.000000
vt 0.500000 0.500000
vt 0.000000 0.000000
vt 1.000000 0.000000
vt 0.500000 0.500000
vt 0.000000 1.000000
vt 1.000000 1.000000
vt 0.000000 0.000000
vt 1.000000 0.000000
vt 1.000000 1.000000
vt 0.000000 1.000000
vt 0.000000 0.000000
vt 1.000000 0.000000
vt 1.000000 1.000000
vt 0.000000 1.000000
vt 0.000000 0.000000
vt 1.000000 0.000000
vt 1.000000 1.000000
vt 0.000000 1.000000
vt 0.000000 0.000000
vt 1.000000 0.000000
vt 1.000000 1.000000
vt 0.000000 1.000000
vt 0.000000 0.000000
vt 1.000000 0.000000
vt 1.000000 1.000000
vt 0.000000 1.000000
vt 0.500000 0.500000
vt 0.000000 0.000000
vt 1.000000 0.000000
vt 0.500000 0.500000
vt 0.000000 1.000000
vt 1.000000 1.000000
vt 0.500000 0.500000
vt 0.000000 0.000000
vt 1.000000 0.000000
vt 0.500000 0.500000
vt 0.000000 1.000000
vt 1.000000 1.000000
vt 0.500000 0.500000
vt 0.000000 0.000000
vt 1.000000 0.000000
vt 0.500000 0.500000
vt 0.000000 1.000000
vt 1.000000 1.000000
vt 0.500000 0.500000
vt 0.000000 0.000000
vt 1.000000 0.000000
vt 0.500000 0.500000
vt 0.000000 1.000000
vt 1.000000 1.000000
vt 0.500000 0.500000
vt 0.000000 0.000000
vt 1.000000 0.000000
vt 0.500000 0.500000
vt 0.000000 1.000000
vt 1.000000 1.000000
vt 0.000000 0.500000
vt 0.480000 1.000000
vt 1.000000 0.500000
vt 0.480000 0.000000
vt 0.000000 0.000000
vt 1.000000 0.000000
vt 1.000000 1.000000
vt 0.000000 1.000000
vt 0.000000 0.000000
vt 1.000000 0.000000
vt 1.000000 1.000000
vt 0.000000 1.000000
vt 0.000000 0.000000
vt 1.000000 0.000000
vt 1.000000 1.000000
vt 0.000000 1.000000
vt 0.000000 0.000000
vt 1.000000 0.000000
vt 1.000000 1.000000
vt 0.000000 1.000000
vt 0.000000 0.000000
vt 1.000000 0.000000
vt 1.000000 1.000000
vt 0.000000 1.000000
vt 0.500000 0.500000
vt 0.000000 0.000000
vt 1.000000 0.000000
vt 0.500000 0.500000
vt 0.000000 1.000000
vt 1.000000 1.000000
vt 0.500000 0.500000
vt 0.000000 0.000000
vt 1.000000 0.000000
vt 0.500000 0.500000
vt 0.000000 1.000000
vt 1.000000 1.000000
vt 0.500000 0.500000
vt 0.000000 0.000000
vt 1.000000 0.000000
vt 0.500000 0.500000
vt 0.000000 1.000000
vt 1.000000 1.000000
vt 0.500000 0.500000
vt 0.000000 0.000000
vt 1.000000 0.000000
vt 0.500000 0.500000
vt 0.000000 1.000000
vt 1.000000 1.000000
vt 0.500000 0.500000
vt 0.000000 0.000000
vt 1.000000 0.000000
vt 0.500000 0.500000
vt 0.000000 1.000000
vt 1.000000 1.000000
vt 0.000000 0.000000
vt 1.000000 0.000000
vt 1.000000 1.000000
vt 0.000000 1.000000
vt 0.000000 0.000000
vt 1.000000 0.000000
vt 1.000000 1.000000
vt 0.000000 1.000000
vt 0.000000 0.000000
vt 1.000000 0.000000
vt 1.000000 1.000000
vt 0.000000 1.000000
vt 0.000000 0.000000
vt 1.000000 0.000000
vt 1.000000 1.000000
vt 0.000000 1.000000
vt 0.000000 0.000000
vt 1.000000 0.000000
vt 1.000000 1.000000
vt 0.000000 1.000000
vt 0.500000 0.500000
vt 0.000000 0.000000
vt 1.000000 0.000000
vt 0.500000 0.500000
vt 0.000000 1.000000
vt 1.000000 1.000000
vt 0.500000 0.500000
vt 0.000000 0.000000
vt 1.000000 0.000000
vt 0.500000 0.500000
vt 0.000000 1.000000
vt 1.000000 1.000000
vt 0.500000 0.500000
vt 0.000000 0.000000
vt 1.000000 0.000000
vt 0.500000 0.500000
vt 0.000000 1.000000
vt 1.000000 1.000000
vt 0.500000 0.500000
vt 0.000000 0.000000
vt 1.000000 0.000000
vt 0.500000 0.500000
vt 0.000000 1.000000
vt 1.000000 1.000000
vt 0.500000 0.500000
vt 0.000000 0.000000
vt 1.000000 0.000000
vt 0.500000 0.500000
vt 0.000000 1.000000
vt 1.000000 1.000000
vt 0.000000 0.500000
vt 0.480000 1.000000
vt 1.000000 0.500000
vt 0.480000 0.000000
vt 0.000000 0.000000
vt 1.000000 0.000000
vt 1.000000 1.000000
vt 0.000000 1.000000
vt 0.000000 0.000000
vt 1.000000 0.000000
vt 1.000000 1.000000
vt 0.000000 1.000000
vt 0.000000 0.000000
vt 1.000000 0.000000
vt 1.000000 1.000000
vt 0.000000 1.000000
vt 0.000000 0.000000
vt 1.000000 0.000000
vt 1.000000 1.000000
vt 0.000000 1.000000
vt 0.000000 0.000000
vt 1.000000 0.000000
vt 1.000000 1.000000
vt 0.000000 1.000000
vt 0.500000 0.500000
vt 0.000000 0.000000
vt 1.000000 0.000000
vt 0.500000 0.500000
vt 0.000000 1.000000
vt 1.000000 1.000000
vt 0.500000 0.500000
vt 0.000000 0.000000
vt 1.000000 0.000000
vt 0.500000 0.500000
vt 0.000000 1.000000
vt 1.000000 1.000000
vt 0.500000 0.500000
vt 0.000000 0.000000
vt 1.000000 0.000000
vt 0.500000 0.500000
vt 0.000000 1.000000
vt 1.000000 1.000000
vt 0.500000 0.500000
vt 0.000000 0.000000
vt 1.000000 0.000000
vt 0.500000 0.500000
vt 0.000000 1.000000
vt 1.000000 1.000000
vt 0.500000 0.500000
vt 0.000000 0.000000
vt 1.000000 0.000000
vt 0.500000 0.500000
vt 0.000000 1.000000
vt 1.000000 1.000000
vt 0.000000 0.000000
vt 1.000000 0.000000
vt 1.000000 1.000000
vt 0.000000 1.000000
vt 0.000000 0.000000
vt 1.000000 0.000000
vt 1.000000 1.000000
vt 0.000000 1.000000
vt 0.000000 0.000000
vt 1.000000 0.000000
vt 1.000000 1.000000
vt 0.000000 1.000000
vt 0.000000 0.000000
vt 1.000000 0.000000
vt 1.000000 1.000000
vt 0.000000 1.000000
vt 0.000000 0.000000
vt 1.000000 0.000000
vt 1.000000 1.000000
vt 0.000000 1.000000
vt 0.500000 0.500000
vt 0.000000 0.000000
vt 1.000000 0.000000
vt 0.500000 0.500000
vt 0.000000 1.000000
vt 1.000000 1.000000
vt 0.500000 0.500000
vt 0.000000 0.000000
vt 1.000000 0.000000
vt 0.500000 0.500000
vt 0.000000 1.000000
vt 1.000000 1.000000
vt 0.500000 0.500000
vt 0.000000 0.000000
vt 1.000000 0.000000
vt 0.500000 0.500000
vt 0.000000 1.000000
vt 1.000000 1.000000
vt 0.500000 0.500000
vt 0.000000 0.000000
vt 1.000000 0.000000
vt 0.500000 0.500000
vt 0.000000 1.000000
vt 1.000000 1.000000
vt 0.500000 0.500000
vt 0.000000 0.000000
vt 1.000000 0.000000
vt 0.500000 0.500000
vt 0.000000 1.000000
vt 1.000000 1.000000
vt 0.000000 0.500000
vt 0.480000 1.000000
vt 1.000000 0.500000
vt 0.480000 0.000000
vt 0.000000 0.000000
vt 1.000000 0.000000
vt 1.000000 1.000000
vt 0.000000 1.000000
vt 0.000000 0.000000
vt 1.000000 0.000000
vt 1.000000 1.000000
vt 0.000000 1.000000
vt 0.000000 0.000000
vt 1.000000 0.000000
vt 1.000000 1.000000
vt 0.000000 1.000000
vt 0.000000 0.000000
vt 1.000000 0.000000
vt 1.000000 1.000000
vt 0.000000 1.000000
vt 0.000000 0.000000
vt 1.000000 0.000000
vt 1.000000 1.000000
vt 0.000000 1.000000
vt 0.500000 0.500000
vt 0.000000 0.000000
vt 1.000000 0.000000
vt 0.500000 0.500000
vt 0.000000 1.000000
vt 1.000000 1.000000
vt 0.500000 0.500000
vt 0.000000 0.000000
vt 1.000000 0.000000
vt 0.500000 0.500000
vt 0.000000 1.000000
vt 1.000000 1.000000
vt 0.500000 0.500000
vt 0.000000 0.000000
vt 1.000000 0.000000
vt 0.500000 0.500000
vt 0.000000 1.000000
vt 1.000000 1.000000
vt 0.500000 0.500000
vt 0.000000 0.000000
vt 1.000000 0.000000
vt 0.500000 0.500000
vt 0.000000 1.000000
vt 1.000000 1.000000
vt 0.500000 0.500000
vt 0.000000 0.000000
vt 1.000000 0.000000
vt 0.500000 0.500000
vt 0.000000 1.000000
vt 1.000000 1.000000
vt 0.000000 0.000000
vt 1.000000 0.000000
vt 1.000000 1.000000
vt 0.000000 1.000000
vt 0.000000 0.000000
vt 1.000000 0.000000
vt 1.000000 1.000000
vt 0.000000 1.000000
vt 0.000000 0.000000
vt 1.000000 0.000000
vt 1.000000 1.000000
vt 0.000000 1.000000
vt 0.000000 0.000000
vt 1.000000 0.000000
vt 1.000000 1.000000
vt 0.000000 1.000000
vt 0.000000 0.000000
vt 1.000000 0.000000
vt 1.000000 1.000000
vt 0.000000 1.000000
vt 0.500000 0.500000
vt 0.000000 0.000000
vt 1.000000 0.000000
vt 0.500000 0.500000
vt 0.000000 1.000000
vt 1.000000 1.000000
vt 0.500000 0.500000
vt 0.000000 0.000000
vt 1.000000 0.000000
vt 0.500000 0.500000
vt 0.000000 1.000000
vt 1.000000 1.000000
vt 0.500000 0.500000
vt 0.000000 0.000000
vt 1.000000 0.000000
vt 0.500000 0.500000
vt 0.000000 1.000000
vt 1.000000 1.000000
vt 0.500000 0.500000
vt 0.000000 0.000000
vt 1.000000 0.000000
vt 0.500000 0.500000
vt 0.000000 1.000000
vt 1.000000 1.000000
vt 0.500000 0.500000
vt 0.000000 0.000000
vt 1.000000 0.000000
vt 0.500000 0.500000
vt 0.000000 1.000000
vt 1.000000 1.000000
vt 0.000000 0.500000
vt 0.480000 1.000000
vt 1.000000 0.500000
vt 0.480000 0.000000
vt 0.000000 0.000000
vt 1.000000 0.000000
vt 1.000000 1.000000
vt 0.000000 1.000000
vt 0.000000 0.000000
vt 1.000000 0.000000
vt 1.000000 1.000000
vt 0.000000 1.000000
vt 0.000000 0.000000
vt 1.000000 0.000000
vt 1.000000 1.000000
vt 0.000000 1.000000
vt 0.000000 0.000000
vt 1.000000 0.000000
vt 1.000000 1.000000
vt 0.000000 1.000000
vt 0.000000 0.000000
vt 1.000000 0.000000
vt 1.000000 1.000000
vt 0.000000 1.000000
vt 0.500000 0.500000
vt 0.000000 0.000000
vt 1.000000 0.000000
vt 0.500000 0.500000
vt 0.000000 1.000000
vt 1.000000 1.000000
vt 0.500000 0.500000
vt 0.000000 0.000000
vt 1.000000 0.000000
vt 0.500000 0.500000
vt 0.000000 1.000000
vt 1.000000 1.000000
vt 0.500000 0.500000
vt 0.000000 0.000000
vt 1.000000 0.000000
vt 0.500000 0.500000
vt 0.000000 1.000000
vt 1.000000 1.000000
vt 0.500000 0.500000
vt 0.000000 0.000000
vt 1.000000 0.000000
vt 0.500000 0.500000
vt 0.000000 1.000000
vt 1.000000 1.000000
vt 0.500000 0.500000
vt 0.000000 0.000000
vt 1.000000 0.000000
vt 0.500000 0.500000
vt 0.000000 1.000000
vt 1.000000 1.000000
vt 0.000000 0.000000
vt 1.000000 0.000000
vt 1.000000 1.000000
vt 0.000000 1.000000
vt 0.000000 0.000000
vt 1.000000 0.000000
vt 1.000000 1.000000
vt 0.000000 1.000000
vt 0.000000 0.000000
vt 1.000000 0.000000
vt 1.000000 1.000000
vt 0.000000 1.000000
vt 0.000000 0.000000
vt 1.000000 0.000000
vt 1.000000 1.000000
vt 0.000000 1.000000
vt 0.000000 0.000000
vt 1.000000 0.000000
vt 1.000000 1.000000
vt 0.000000 1.000000
vt 0.500000 0.500000
vt 0.000000 0.000000
vt 1.000000 0.000000
vt 0.500000 0.500000
vt 0.000000 1.000000
vt 1.000000 1.000000
vt 0.500000 0.500000
vt 0.000000 0.000000
vt 1.000000 0.000000
vt 0.500000 0.500000
vt 0.000000 1.000000
vt 1.000000 1.000000
vt 0.500000 0.500000
vt 0.000000 0.000000
vt 1.000000 0.000000
vt 0.500000 0.500000
vt 0.000000 1.000000
vt 1.000000 1.000000
vt 0.500000 0.500000
vt 0.000000 0.000000
vt 1.000000 0.000000
vt 0.500000 0.500000
vt 0.000000 1.000000
vt 1.000000 1.000000
vt 0.500000 0.500000
vt 0.000000 0.000000
vt 1.000000 0.000000
vt 0.500000 0.500000
vt 0.000000 1.000000
vt 1.000000 1.000000
vt 0.000000 0.500000
vt 0.480000 1.000000
vt 1.000000 0.500000
vt 0.480000 0.000000
vt 0.000000 0.000000
vt 1.000000 0.000000
vt 1.000000 1.000000
vt 0.000000 1.000000
vt 0.000000 0.000000
vt 1.000000 0.000000
vt 1.000000 1.000000
vt 0.000000 1.000000
vt 0.000000 0.000000
vt 1.000000 0.000000
vt 1.000000 1.000000
vt 0.000000 1.000000
vt 0.000000 0.000000
vt 1.000000 0.000000
vt 1.000000 1.000000
vt 0.000000 1.000000
vt 0.000000 0.000000
vt 1.000000 0.000000
vt 1.000000 1.000000
vt 0.000000 1.000000
vt 0.500000 0.500000
vt 0.000000 0.000000
vt 1.000000 0.000000
vt 0.500000 0.500000
vt 0.000000 1.000000
vt 1.000000 1.000000
vt 0.500000 0.500000
vt 0.000000 0.000000
vt 1.000000 0.000000
vt 0.500000 0.500000
vt 0.000000 1.000000
vt 1.000000 1.000000
vt 0.500000 0.500000
vt 0.000000 0.000000
vt 1.000000 0.000000
vt 0.500000 0.500000
vt 0.000000 1.000000
vt 1.000000 1.000000
vt 0.500000 0.500000
vt 0.000000 0.000000
vt 1.000000 0.000000
vt 0.500000 0.500000
vt 0.000000 1.000000
vt 1.000000 1.000000
vt 0.500000 0.500000
vt 0.000000 0.000000
vt 1.000000 0.000000
vt 0.500000 0.500000
vt 0.000000 1.000000
vt 1.000000 1.000000
vt 0.000000 0.000000
vt 1.000000 0.000000
vt 1.000000 1.000000
vt 0.000000 1.000000
vt 0.000000 0.000000
vt 1.000000 0.000000
vt 1.000000 1.000000
vt 0.000000 1.000000
vt 0.000000 0.000000
vt 1.000000 0.000000
vt 1.000000 1.000000
vt 0.000000 1.000000
vt 0.000000 0.000000
vt 1.000000 0.000000
vt 1.000000 1.000000
vt 0.000000 1.000000
vt 0.000000 0.000000
vt 1.000000 0.000000
vt 1.000000 1.000000
vt 0.000000 1.000000
vt 0.500000 0.500000
vt 0.000000 0.000000
vt 1.000000 0.000000
vt 0.500000 0.500000
vt 0.000000 1.000000
vt 1.000000 1.000000
vt 0.500000 0.500000
vt 0.000000 0.000000
vt 1.000000 0.000000
vt 0.500000 0.500000
vt 0.000000 1.000000
vt 1.000000 1.000000
vt 0.500000 0.500000
vt 0.000000 0.000000
vt 1.000000 0.000000
vt 0.500000 0.500000
vt 0.000000 1.000000
vt 1.000000 1.000000
vt 0.500000 0.500000
vt 0.000000 0.000000
vt 1.000000 0.000000
vt 0.500000 0.500000
vt 0.000000 1.000000
vt 1.000000 1.000000
vt 0.500000 0.500000
vt 0.000000 0.000000
vt 1.000000 0.000000
vt 0.500000 0.500000
vt 0.000000 1.000000
vt 1.000000 1.000000
vt 0.000000 0.500000
vt 0.480000 1.000000
vt 1.000000 0.500000
vt 0.480000 0.000000
vt 0.000000 0.000000
vt 1.000000 0.000000
vt 1.000000 1.000000
vt 0.000000 1.000000
vt 0.000000 0.000000
vt 1.000000 0.000000
vt 1.000000 1.000000
vt 0.000000 1.000000
vt 0.000000 0.000000
vt 1.000000 0.000000
vt 1.000000 1.000000
vt 0.000000 1.000000
vt 0.000000 0.000000
vt 1.000000 0.000000
vt 1.000000 1.000000
vt 0.000000 1.000000
vt 0.000000 0.000000
vt 1.000000 0.000000
vt 1.000000 1.000000
vt 0.000000 1.000000
vt 0.500000 0.500000
vt 0.000000 0.000000
vt 1.000000 0.000000
vt 0.500000 0.500000
vt 0.000000 1.000000
vt 1.000000 1.000000
vt 0.500000 0.500000
vt 0.000000 0.000000
vt 1.000000 0.000000
vt 0.500000 0.500000
vt 0.000000 1.000000
vt 1.000000 1.000000
vt 0.500000 0.500000
vt 0.000000 0.000000
vt 1.000000 0.000000
vt 0.500000 0.500000
vt 0.000000 1.000000
vt 1.000000 1.000000
vt 0.500000 0.500000
vt 0.000000 0.000000
vt 1.000000 0.000000
vt 0.500000 0.500000
vt 0.000000 1.000000
vt 1.000000 1.000000
vt 0.500000 0.500000
vt 0.000000 0.000000
vt 1.000000 0.000000
vt 0.500000 0.500000
vt 0.000000 1.000000
vt 1.000000 1.000000
vt 0.000000 0.000000
vt 1.000000 0.000000
vt 1.000000 1.000000
vt 0.000000 1.000000
vt 0.000000 0.000000
vt 1.000000 0.000000
vt 1.000000 1.000000
vt 0.000000 1.000000
vt 0.000000 0.000000
vt 1.000000 0.000000
vt 1.000000 1.000000
vt 0.000000 1.000000
vt 0.000000 0.000000
vt 1.000000 0.000000
vt 1.000000 1.000000
vt 0.000000 1.000000
vt 0.000000 0.000000
vt 1.000000 0.000000
vt 1.000000 1.000000
vt 0.000000 1.000000
vt 0.500000 0.500000
vt 0.000000 0.000000
vt 1.000000 0.000000
vt 0.500000 0.500000
vt 0.000000 1.000000
vt 1.000000 1.000000
vt 0.500000 0.500000
vt 0.000000 0.000000
vt 1.000000 0.000000
vt 0.500000 0.500000
vt 0.000000 1.000000
vt 1.000000 1.000000
vt 0.500000 0.500000
vt 0.000000 0.000000
vt 1.000000 0.000000
vt 0.500000 0.500000
vt 0.000000 1.000000
vt 1.000000 1.000000
vt 0.500000 0.500000
vt 0.000000 0.000000
vt 1.000000 0.000000
vt 0.500000 0.500000
vt 0.000000 1.000000
vt 1.000000 1.000000
vt 0.500000 0.500000
vt 0.000000 0.000000
vt 1.000000 0.000000
vt 0.500000 0.500000
vt 0.000000 1.000000
vt 1.000000 1.000000
vt 0.000000 0.500000
vt 0.480000 1.000000
vt 1.000000 0.500000
vt 0.480000 0.000000
vt 0.000000 0.000000
vt 1.000000 0.000000
vt 1.000000 1.000000
vt 0.000000 1.000000
vt 0.000000 0.000000
vt 1.000000 0.000000
vt 1.000000 1.000000
vt 0.000000 1.000000
vt 0.000000 0.000000
vt 1.000000 0.000000
vt 1.000000 1.000000
vt 0.000000 1.000000
vt 0.000000 0.000000
vt 1.000000 0.000000
vt 1.000000 1.000000
vt 0.000000 1.000000
vt 0.000000 0.000000
vt 1.000000 0.000000
vt 1.000000 1.000000
vt 0.000000 1.000000
vt 0.500000 0.500000
vt 0.000000 0.000000
vt 1.000000 0.000000
vt 0.500000 0.500000
vt 0.000000 1.000000
vt 1.000000 1.000000
vt 0.500000 0.500000
vt 0.000000 0.000000
vt 1.000000 0.000000
vt 0.500000 0.500000
vt 0.000000 1.000000
vt 1.000000 1.000000
vt 0.500000 0.500000
vt 0.000000 0.000000
vt 1.000000 0.000000
vt 0.500000 0.500000
vt 0.000000 1.000000
vt 1.000000 1.000000
vt 0.500000 0.500000
vt 0.000000 0.000000
vt 1.000000 0.000000
vt 0.500000 0.500000
vt 0.000000 1.000000
vt 1.000000 1.000000
vt 0.500000 0.500000
vt 0.000000 0.000000
vt 1.000000 0.000000
vt 0.500000 0.500000
vt 0.000000 1.000000
vt 1.000000 1.000000
vt 0.000000 0.000000
vt 1.000000 0.000000
vt 1.000000 1.000000
vt 0.000000 1.000000
vt 0.000000 0.000000
vt 1.000000 0.000000
vt 1.000000 1.000000
vt 0.000000 1.000000
vt 0.000000 0.000000
vt 1.000000 0.000000
vt 1.000000 1.000000
vt 0.000000 1.000000
vt 0.000000 0.000000
vt 1.000000 0.000000
vt 1.000000 1.000000
vt 0.000000 1.000000
vt 0.000000 0.000000
vt 1.000000 0.000000
vt 1.000000 1.000000
vt 0.000000 1.000000
vt 0.500000 0.500000
vt 0.000000 0.000000
vt 1.000000 0.000000
vt 0.500000 0.500000
vt 0.000000 1.000000
vt 1.000000 1.000000
vt 0.500000 0.500000
vt 0.000000 0.000000
vt 1.000000 0.000000
vt 0.500000 0.500000
vt 0.000000 1.000000
vt 1.000000 1.000000
vt 0.500000 0.500000
vt 0.000000 0.000000
vt 1.000000 0.000000
vt 0.500000 0.500000
vt 0.000000 1.000000
vt 1.000000 1.000000
vt 0.500000 0.500000
vt 0.000000 0.000000
vt 1.000000 0.000000
vt 0.500000 0.500000
vt 0.000000 1.000000
vt 1.000000 1.000000
vt 0.500000 0.500000
vt 0.000000 0.000000
vt 1.000000 0.000000
vt 0.500000 0.500000
vt 0.000000 1.000000
vt 1.000000 1.000000
vt 0.000000 0.500000
vt 0.480000 1.000000
vt 1.000000 0.500000
vt 0.480000 0.000000
vt 0.000000 0.000000
vt 1.000000 0.000000
vt 1.000000 1.000000
vt 0.000000 1.000000
vt 0.000000 0.000000
vt 1.000000 0.000000
vt 1.000000 1.000000
vt 0.000000 1.000000
vt 0.000000 0.000000
vt 1.000000 0.000000
vt 1.000000 1.000000
vt 0.000000 1.000000
vt 0.000000 0.000000
vt 1.000000 0.000000
vt 1.000000 1.000000
vt 0.000000 1.000000
vt 0.000000 0.000000
vt 1.000000 0.000000
vt 1.000000 1.000000
vt 0.000000 1.000000
vt 0.500000 0.500000
vt 0.000000 0.000000
vt 1.000000 0.000000
vt 0.500000 0.500000
vt 0.000000 1.000000
vt 1.000000 1.000000
vt 0.500000 0.500000
vt 0.000000 0.000000
vt 1.000000 0.000000
vt 0.500000 0.500000
vt 0.000000 1.000000
vt 1.000000 1.000000
vt 0.500000 0.500000
vt 0.000000 0.000000
vt 1.000000 0.000000
vt 0.500000 0.500000
vt 0.000000 1.000000
vt 1.000000 1.000000
vt 0.500000 0.500000
vt 0.000000 0.000000
vt 1.000000 0.000000
vt 0.500000 0.500000
vt 0.000000 1.000000
vt 1.000000 1.000000
vt 0.500000 0.500000
vt 0.000000 0.000000
vt 1.000000 0.000000
vt 0.500000 0.500000
vt 0.000000 1.000000
vt 1.000000 1.000000
vt 0.000000 0.000000
vt 1.000000 0.000000
vt 1.000000 1.000000
vt 0.000000 1.000000
vt 0.000000 0.000000
vt 1.000000 0.000000
vt 1.000000 1.000000
vt 0.000000 1.000000
vt 0.000000 0.000000
vt 1.000000 0.000000
vt 1.000000 1.000000
vt 0.000000 1.000000
vt 0.000000 0.000000
vt 1.000000 0.000000
vt 1.000000 1.000000
vt 0.000000 1.000000
vt 0.000000 0.000000
vt 1.000000 0.000000
vt 1.000000 1.000000
vt 0.000000 1.000000
vt 0.500000 0.500000
vt 0.000000 0.000000
vt 1.000000 0.000000
vt 0.500000 0.500000
vt 0.000000 1.000000
vt 1.000000 1.000000
vt 0.500000 0.500000
vt 0.000000 0.000000
vt 1.000000 0.000000
vt 0.500000 0.500000
vt 0.000000 1.000000
vt 1.000000 1.000000
vt 0.500000 0.500000
vt 0.000000 0.000000
vt 1.000000 0.000000
vt 0.500000 0.500000
vt 0.000000 1.000000
vt 1.000000 1.000000
vt 0.500000 0.500000
vt 0.000000 0.000000
vt 1.000000 0.000000
vt 0.500000 0.500000
vt 0.000000 1.000000
vt 1.000000 1.000000
vt 0.500000 0.500000
vt 0.000000 0.000000
vt 1.000000 0.000000
vt 0.500000 0.500000
vt 0.000000 1.000000
vt 1.000000 1.000000
vt 0.000000 0.500000
vt 0.480000 1.000000
vt 1.000000 0.500000
vt 0.480000 0.000000
vt 0.000000 0.000000
vt 1.000000 0.000000
vt 1.000000 1.000000
vt 0.000000 1.000000
vt 0.000000 0.000000
vt 1.000000 0.000000
vt 1.000000 1.000000
vt 0.000000 1.000000
vt 0.000000 0.000000
vt 1.000000 0.000000
vt 1.000000 1.000000
vt 0.000000 1.000000
vt 0.000000 0.000000
vt 1.000000 0.000000
vt 1.000000 1.000000
vt 0.000000 1.000000
vt 0.000000 0.000000
vt 1.000000 0.000000
vt 1.000000 1.000000
vt 0.000000 1.000000
vt 0.500000 0.500000
vt 0.000000 0.000000
vt 1.000000 0.000000
vt 0.500000 0.500000
vt 0.000000 1.000000
vt 1.000000 1.000000
vt 0.500000 0.500000
vt 0.000000 0.000000
vt 1.000000 0.000000
vt 0.500000 0.500000
vt 0.000000 1.000000
vt 1.000000 1.000000
vt 0.500000 0.500000
vt 0.000000 0.000000
vt 1.000000 0.000000
vt 0.500000 0.500000
vt 0.000000 1.000000
vt 1.000000 1.000000
vt 0.500000 0.500000
vt 0.000000 0.000000
vt 1.000000 0.000000
vt 0.500000 0.500000
vt 0.000000 1.000000
vt 1.000000 1.000000
vt 0.500000 0.500000
vt 0.000000 0.000000
vt 1.000000 0.000000
vt 0.500000 0.500000
vt 0.000000 1.000000
vt 1.000000 1.000000
vt 0.000000 0.000000
vt 1.000000 0.000000
vt 1.000000 1.000000
vt 0.000000 1.000000
vt 0.000000 0.000000
vt 1.000000 0.000000
vt 1.000000 1.000000
vt 0.000000 1.000000
vt 0.000000 0.000000
vt 1.000000 0.000000
vt 1.000000 1.000000
vt 0.000000 1.000000
vt 0.000000 0.000000
vt 1.000000 0.000000
vt 1.000000 1.000000
vt 0.000000 1.000000
vt 0.000000 0.000000
vt 1.000000 0.000000
vt 1.000000 1.000000
vt 0.000000 1.000000
vt 0.500000 0.500000
vt 0.000000 0.000000
vt 1.000000 0.000000
vt 0.500000 0.500000
vt 0.000000 1.000000
vt 1.000000 1.000000
vt 0.500000 0.500000
vt 0.000000 0.000000
vt 1.000000 0.000000
vt 0.500000 0.500000
vt 0.000000 1.000000
vt 1.000000 1.000000
vt 0.500000 0.500000
vt 0.000000 0.000000
vt 1.000000 0.000000
vt 0.500000 0.500000
vt 0.000000 1.000000
vt 1.000000 1.000000
vt 0.500000 0.500000
vt 0.000000 0.000000
vt 1.000000 0.000000
vt 0.500000 0.500000
vt 0.000000 1.000000
vt 1.000000 1.000000
vt 0.500000 0.500000
vt 0.000000 0.000000
vt 1.000000 0.000000
vt 0.500000 0.500000
vt 0.000000 1.000000
vt 1.000000 1.000000
vt 0.000000 0.500000
vt 0.480000 1.000000
vt 1.000000 0.500000
vt 0.480000 0.000000
vt 0.000000 0.000000
vt 1.000000 0.000000
vt 1.000000 1.000000
vt 0.000000 1.000000
vt 0.000000 0.000000
vt 1.000000 0.000000
vt 1.000000 1.000000
vt 0.000000 1.000000
vt 0.000000 0.000000
vt 1.000000 0.000000
vt 1.000000 1.000000
vt 0.000000 1.000000
vt 0.000000 0.000000
vt 1.000000 0.000000
vt 1.000000 1.000000
vt 0.000000 1.000000
vt 0.000000 0.000000
vt 1.000000 0.000000
vt 1.000000 1.000000
vt 0.000000 1.000000
vt 0.500000 0.500000
vt 0.000000 0.000000
vt 1.000000 0.000000
vt 0.500000 0.500000
vt 0.000000 1.000000
vt 1.000000 1.000000
vt 0.500000 0.500000
vt 0.000000 0.000000
vt 1.000000 0.000000
vt 0.500000 0.500000
vt 0.000000 1.000000
vt 1.000000 1.000000
vt 0.500000 0.500000
vt 0.000000 0.000000
vt 1.000000 0.000000
vt 0.500000 0.500000
vt 0.000000 1.000000
vt 1.000000 1.000000
vt 0.500000 0.500000
vt 0.000000 0.000000
vt 1.000000 0.000000
vt 0.500000 0.500000
vt 0.000000 1.000000
vt 1.000000 1.000000
vt 0.500000 0.500000
vt 0.000000 0.000000
vt 1.000000 0.000000
vt 0.500000 0.500000
vt 0.000000 1.000000
vt 1.000000 1.000000
vt 0.000000 0.000000
vt 1.000000 0.000000
vt 1.000000 1.000000
vt 0.000000 1.000000
vt 0.000000 0.000000
vt 1.000000 0.000000
vt 1.000000 1.000000
vt 0.000000 1.000000
vt 0.000000 0.000000
vt 1.000000 0.000000
vt 1.000000 1.000000
vt 0.000000 1.000000
vt 0.000000 0.000000
vt 1.000000 0.000000
vt 1.000000 1.000000
vt 0.000000 1.000000
vt 0.000000 0.000000
vt 1.000000 0.000000
vt 1.000000 1.000000
vt 0.000000 1.000000
vt 0.500000 0.500000
vt 0.000000 0.000000
vt 1.000000 0.000000
vt 0.500000 0.500000
vt 0.000000 1.000000
vt 1.000000 1.000000
vt 0.500000 0.500000
vt 0.000000 0.000000
vt 1.000000 0.000000
vt 0.500000 0.500000
vt 0.000000 1.000000
vt 1.000000 1.000000
vt 0.500000 0.500000
vt 0.000000 0.000000
vt 1.000000 0.000000
vt 0.500000 0.500000
vt 0.000000 1.000000
vt 1.000000 1.000000
vt 0.500000 0.500000
vt 0.000000 0.000000
vt 1.000000 0.000000
vt 0.500000 0.500000
vt 0.000000 1.000000
vt 1.000000 1.000000
vt 0.500000 0.500000
vt 0.000000 0.000000
vt 1.000000 0.000000
vt 0.500000 0.500000
vt 0.000000 1.000000
vt 1.000000 1.000000
vt 0.000000 0.500000
vt 0.480000 1.000000
vt 1.000000 0.500000
vt 0.480000 0.000000
vt 0.000000 0.000000
vt 1.000000 0.000000
vt 1.000000 1.000000
vt 0.000000 1.000000
vt 0.000000 0.000000
vt 1.000000 0.000000
vt 1.000000 1.000000
vt 0.000000 1.000000
vt 0.000000 0.000000
vt 1.000000 0.000000
vt 1.000000 1.000000
vt 0.000000 1.000000
vt 0.000000 0.000000
vt 1.000000 0.000000
vt 1.000000 1.000000
vt 0.000000 1.000000
vt 0.000000 0.000000
vt 1.000000 0.000000
vt 1.000000 1.000000
vt 0.000000 1.000000
vt 0.500000 0.500000
vt 0.000000 0.000000
vt 1.000000 0.000000
vt 0.500000 0.500000
vt 0.000000 1.000000
vt 1.000000 1.000000
vt 0.500000 0.500000
vt 0.000000 0.000000
vt 1.000000 0.000000
vt 0.500000 0.500000
vt 0.000000 1.000000
vt 1.000000 1.000000
vt 0.500000 0.500000
vt 0.000000 0.000000
vt 1.000000 0.000000
vt 0.500000 0.500000
vt 0.000000 1.000000
vt 1.000000 1.000000
vt 0.500000 0.500000
vt 0.000000 0.000000
vt 1.000000 0.000000
vt 0.500000 0.500000
vt 0.000000 1.000000
vt 1.000000 1.000000
vt 0.500000 0.500000
vt 0.000000 0.000000
vt 1.000000 0.000000
vt 0.500000 0.500000
vt 0.000000 1.000000
vt 1.000000 1.000000
vt 0.000000 0.000000
vt 1.000000 0.000000
vt 1.000000 1.000000
vt 0.000000 1.000000
vt 0.000000 0.000000
vt 1.000000 0.000000
vt 1.000000 1.000000
vt 0.000000 1.000000
vt 0.000000 0.000000
vt 1.000000 0.000000
vt 1.000000 1.000000
vt 0.000000 1.000000
vt 0.000000 0.000000
vt 1.000000 0.000000
vt 1.000000 1.000000
vt 0.000000 1.000000
vt 0.000000 0.000000
vt 1.000000 0.000000
vt 1.000000 1.000000
vt 0.000000 1.000000
vt 0.500000 0.500000
vt 0.000000 0.000000
vt 1.000000 0.000000
vt 0.500000 0.500000
vt 0.000000 1.000000
vt 1.000000 1.000000
vt 0.500000 0.500000
vt 0.000000 0.000000
vt 1.000000 0.000000
vt 0.500000 0.500000
vt 0.000000 1.000000
vt 1.000000 1.000000
vt 0.500000 0.500000
vt 0.000000 0.000000
vt 1.000000 0.000000
vt 0.500000 0.500000
vt 0.000000 1.000000
vt 1.000000 1.000000
vt 0.500000 0.500000
vt 0.000000 0.000000
vt 1.000000 0.000000
vt 0.500000 0.500000
vt 0.000000 1.000000
vt 1.000000 1.000000
vt 0.500000 0.500000
vt 0.000000 0.000000
vt 1.000000 0.000000
vt 0.500000 0.500000
vt 0.000000 1.000000
vt 1.000000 1.000000
vt 0.000000 0.500000
vt 0.480000 1.000000
vt 1.000000 0.500000
vt 0.480000 0.000000
vt 0.000000 0.000000
vt 1.000000 0.000000
vt 1.000000 1.000000
vt 0.000000 1.000000
vt 0.000000 0.000000
vt 1.000000 0.000000
vt 1.000000 1.000000
vt 0.000000 1.000000
vt 0.000000 0.000000
vt 1.000000 0.000000
vt 1.000000 1.000000
vt 0.000000 1.000000
vt 0.000000 0.000000
vt 1.000000 0.000000
vt 1.000000 1.000000
vt 0.000000 1.000000
vt 0.000000 0.000000
vt 1.000000 0.000000
vt 1.000000 1.000000
vt 0.000000 1.000000
vt 0.500000 0.500000
vt 0.000000 0.000000
vt 1.000000 0.000000
vt 0.500000 0.500000
vt 0.000000 1.000000
vt 1.000000 1.000000
vt 0.500000 0.500000
vt 0.000000 0.000000
vt 1.000000 0.000000
vt 0.500000 0.500000
vt 0.000000 1.000000
vt 1.000000 1.000000
vt 0.500000 0.500000
vt 0.000000 0.000000
vt 1.000000 0.000000
vt 0.500000 0.500000
vt 0.000000 1.000000
vt 1.000000 1.000000
vt 0.500000 0.500000
vt 0.000000 0.000000
vt 1.000000 0.000000
vt 0.500000 0.500000
vt 0.000000 1.000000
vt 1.000000 1.000000
vt 0.500000 0.500000
vt 0.000000 0.000000
vt 1.000000 0.000000
vt 0.500000 0.500000
vt 0.000000 1.000000
vt 1.000000 1.000000
vt 0.000000 0.500000
vt 0.480000 1.000000
vt 1.000000 0.500000
vt 0.480000 0.000000
vt 0.000000 0.000000
vt 1.000000 0.000000
vt 1.000000 1.000000
vt 0.000000 1.000000
vt 0.000000 0.000000
vt 1.000000 0.000000
vt 1.000000 1.000000
vt 0.000000 1.000000
vt 0.000000 0.000000
vt 1.000000 0.000000
vt 1.000000 1.000000
vt 0.000000 1.000000
vt 0.000000 0.000000
vt 1.000000 0.000000
vt 1.000000 1.000000
vt 0.000000 1.000000
vt 0.000000 0.000000
vt 1.000000 0.000000
vt 1.000000 1.000000
vt 0.000000 1.000000
vt 0.500000 0.500000
vt 0.000000 0.000000
vt 1.000000 0.000000
vt 0.500000 0.500000
vt 0.000000 1.000000
vt 1.000000 1.000000
vt 0.500000 0.500000
vt 0.000000 0.000000
vt 1.000000 0.000000
vt 0.500000 0.500000
vt 0.000000 1.000000
vt 1.000000 1.000000
vt 0.500000 0.500000
vt 0.000000 0.000000
vt 1.000000 0.000000
vt 0.500000 0.500000
vt 0.000000 1.000000
vt 1.000000 1.000000
vt 0.500000 0.500000
vt 0.000000 0.000000
vt 1.000000 0.000000
vt 0.500000 0.500000
vt 0.000000 1.000000
vt 1.000000 1.000000
vt 0.500000 0.500000
vt 0.000000 0.000000
vt 1.000000 0.000000
vt 0.500000 0.500000
vt 0.000000 1.000000
vt 1.000000 1.000000
vt 0.000000 0.500000
vt 0.480000 1.000000
vt 1.000000 0.500000
vt 0.480000 0.000000
vt 0.000000 0.000000
vt 1.000000 0.000000
vt 1.000000 1.000000
vt 0.000000 1.000000
vt 0.000000 0.000000
vt 1.000000 0.000000
vt 1.000000 1.000000
vt 0.000000 1.000000
vt 0.000000 0.000000
vt 1.000000 0.000000
vt 1.000000 1.000000
vt 0.000000 1.000000
vt 0.000000 0.000000
vt 1.000000 0.000000
vt 1.000000 1.000000
vt 0.000000 1.000000
vt 0.000000 0.000000
vt 1.000000 0.000000
vt 1.000000 1.000000
vt 0.000000 1.000000
vt 0.500000 0.500000
vt 0.000000 0.000000
vt 1.000000 0.000000
vt 0.500000 0.500000
vt 0.000000 1.000000
vt 1.000000 1.000000
vt 0.500000 0.500000
vt 0.000000 0.000000
vt 1.000000 0.000000
vt 0.500000 0.500000
vt 0.000000 1.000000
vt 1.000000 1.000000
vt 0.500000 0.500000
vt 0.000000 0.000000
vt 1.000000 0.000000
vt 0.500000 0.500000
vt 0.000000 1.000000
vt 1.000000 1.000000
vt 0.500000 0.500000
vt 0.000000 0.000000
vt 1.000000 0.000000
vt 0.500000 0.500000
vt 0.000000 1.000000
vt 1.000000 1.000000
vt 0.500000 0.500000
vt 0.000000 0.000000
vt 1.000000 0.000000
vt 0.500000 0.500000
vt 0.000000 1.000000
vt 1.000000 1.000000
vt 0.000000 0.500000
vt 0.480000 1.000000
vt 1.000000 0.500000
vt 0.480000 0.000000
vt 0.000000 0.000000
vt 1.000000 0.000000
vt 1.000000 1.000000
vt 0.000000 1.000000
vt 0.000000 0.000000
vt 1.000000 0.000000
vt 1.000000 1.000000
vt 0.000000 1.000000
vt 0.000000 0.000000
vt 1.000000 0.000000
vt 1.000000 1.000000
vt 0.000000 1.000000
vt 0.000000 0.000000
vt 1.000000 0.000000
vt 1.000000 1.000000
vt 0.000000 1.000000
vt 0.000000 0.000000
vt 1.000000 0.000000
vt 1.000000 1.000000
vt 0.000000 1.000000
vt 0.500000 0.500000
vt 0.000000 0.000000
vt 1.000000 0.000000
vt 0.500000 0.500000
vt 0.000000 1.000000
vt 1.000000 1.000000
vt 0.500000 0.500000
vt 0.000000 0.000000
vt 1.000000 0.000000
vt 0.500000 0.500000
vt 0.000000 1.000000
vt 1.000000 1.000000
vt 0.500000 0.500000
vt 0.000000 0.000000
vt 1.000000 0.000000
vt 0.500000 0.500000
vt 0.000000 1.000000
vt 1.000000 1.000000
vt 0.500000 0.500000
vt 0.000000 0.000000
vt 1.000000 0.000000
vt 0.500000 0.500000
vt 0.000000 1.000000
vt 1.000000 1.000000
vt 0.500000 0.500000
vt 0.000000 0.000000
vt 1.000000 0.000000
vt 0.500000 0.500000
vt 0.000000 1.000000
vt 1.000000 1.000000
vt 0.000000 0.500000
vt 0.480000 1.000000
vt 1.000000 0.500000
vt 0.480000 0.000000
vt 0.000000 0.000000
vt 1.000000 0.000000
vt 1.000000 1.000000
vt 0.000000 1.000000
vt 0.000000 0.000000
vt 1.000000 0.000000
vt 1.000000 1.000000
vt 0.000000 1.000000
vt 0.000000 0.000000
vt 1.000000 0.000000
vt 1.000000 1.000000
vt 0.000000 1.000000
vt 0.000000 0.000000
vt 1.000000 0.000000
vt 1.000000 1.000000
vt 0.000000 1.000000
vt 0.000000 0.000000
vt 1.000000 0.000000
vt 1.000000 1.000000
vt 0.000000 1.000000
vt 0.500000 0.500000
vt 0.000000 0.000000
vt 1.000000 0.000000
vt 0.500000 0.500000
vt 0.000000 1.000000
vt 1.000000 1.000000
vt 0.500000 0.500000
vt 0.000000 0.000000
vt 1.000000 0.000000
vt 0.500000 0.500000
vt 0.000000 1.000000
vt 1.000000 1.000000
vt 0.500000 0.500000
vt 0.000000 0.000000
vt 1.000000 0.000000
vt 0.500000 0.500000
vt 0.000000 1.000000
vt 1.000000 1.000000
vt 0.500000 0.500000
vt 0.000000 0.000000
vt 1.000000 0.000000
vt 0.500000 0.500000
vt 0.000000 1.000000
vt 1.000000 1.000000
vt 0.500000 0.500000
vt 0.000000 0.000000
vt 1.000000 0.000000
vt 0.500000 0.500000
vt 0.000000 1.000000
vt 1.000000 1.000000
vt 0.000000 0.500000
vt 0.480000 1.000000
vt 1.000000 0.500000
vt 0.480000 0.000000
vt 0.000000 0.000000
vt 1.000000 0.000000
vt 1.000000 1.000000
vt 0.000000 1.000000
vt 0.000000 0.000000
vt 1.000000 0.000000
vt 1.000000 1.000000
vt 0.000000 1.000000
vt 0.000000 0.000000
vt 1.000000 0.000000
vt 1.000000 1.000000
vt 0.000000 1.000000
vt 0.000000 0.000000
vt 1.000000 0.000000
vt 1.000000 1.000000
vt 0.000000 1.000000
vt 0.000000 0.000000
vt 1.000000 0.000000
vt 1.000000 1.000000
vt 0.000000 1.000000
vt 0.500000 0.500000
vt 0.000000 0.000000
vt 1.000000 0.000000
vt 0.500000 0.500000
vt 0.000000 1.000000
vt 1.000000 1.000000
vt 0.500000 0.500000
vt 0.000000 0.000000
vt 1.000000 0.000000
vt 0.500000 0.500000
vt 0.000000 1.000000
vt 1.000000 1.000000
vt 0.500000 0.500000
vt 0.000000 0.000000
vt 1.000000 0.000000
vt 0.500000 0.500000
vt 0.000000 1.000000
vt 1.000000 1.000000
vt 0.500000 0.500000
vt 0.000000 0.000000
vt 1.000000 0.000000
vt 0.500000 0.500000
vt 0.000000 1.000000
vt 1.000000 1.000000
vt 0.500000 0.500000
vt 0.000000 0.000000
vt 1.000000 0.000000
vt 0.500000 0.500000
vt 0.000000 1.000000
vt 1.000000 1.000000
vt 0.000000 0.500000
vt 0.480000 1.000000
vt 1.000000 0.500000
vt 0.480000 0.000000
vt 0.000000 0.000000
vt 1.000000 0.000000
vt 1.000000 1.000000
vt 0.000000 1.000000
vt 0.000000 0.000000
vt 1.000000 0.000000
vt 1.000000 1.000000
vt 0.000000 1.000000
vt 0.000000 0.000000
vt 1.000000 0.000000
vt 1.000000 1.000000
vt 0.000000 1.000000
vt 0.000000 0.000000
vt 1.000000 0.000000
vt 1.000000 1.000000
vt 0.000000 1.000000
vt 0.000000 0.000000
vt 1.000000 0.000000
vt 1.000000 1.000000
vt 0.000000 1.000000
vt 0.500000 0.500000
vt 0.000000 0.000000
vt 1.000000 0.000000
vt 0.500000 0.500000
vt 0.000000 1.000000
vt 1.000000 1.000000
vt 0.500000 0.500000
vt 0.000000 0.000000
vt 1.000000 0.000000
vt 0.500000 0.500000
vt 0.000000 1.000000
vt 1.000000 1.000000
vt 0.500000 0.500000
vt 0.000000 0.000000
vt 1.000000 0.000000
vt 0.500000 0.500000
vt 0.000000 1.000000
vt 1.000000 1.000000
vt 0.500000 0.500000
vt 0.000000 0.000000
vt 1.000000 0.000000
vt 0.500000 0.500000
vt 0.000000 1.000000
vt 1.000000 1.000000
vt 0.500000 0.500000
vt 0.000000 0.000000
vt 1.000000 0.000000
vt 0.500000 0.500000
vt 0.000000 1.000000
vt 1.000000 1.000000
vt 0.000000 0.500000
vt 0.480000 1.000000
vt 1.000000 0.500000
vt 0.480000 0.000000
vt 0.000000 0.000000
vt 1.000000 0.000000
vt 1.000000 1.000000
vt 0.000000 1.000000
vt 0.000000 0.000000
vt 1.000000 0.000000
vt 1.000000 1.000000
vt 0.000000 1.000000
vt 0.000000 0.000000
vt 1.000000 0.000000
vt 1.000000 1.000000
vt 0.000000 1.000000
vt 0.000000 0.000000
vt 1.000000 0.000000
vt 1.000000 1.000000
vt 0.000000 1.000000
vt 0.000000 0.000000
vt 1.000000 0.000000
vt 1.000000 1.000000
vt 0.000000 1.000000
vt 0.500000 0.500000
vt 0.000000 0.000000
vt 1.000000 0.000000
vt 0.500000 0.500000
vt 0.000000 1.000000
vt 1.000000 1.000000
vt 0.500000 0.500000
vt 0.000000 0.000000
vt 1.000000 0.000000
vt 0.500000 0.500000
vt 0.000000 1.000000
vt 1.000000 1.000000
vt 0.500000 0.500000
vt 0.000000 0.000000
vt 1.000000 0.000000
vt 0.500000 0.500000
vt 0.000000 1.000000
vt 1.000000 1.000000
vt 0.500000 0.500000
vt 0.000000 0.000000
vt 1.000000 0.000000
vt 0.500000 0.500000
vt 0.000000 1.000000
vt 1.000000 1.000000
vt 0.500000 0.500000
vt 0.000000 0.000000
vt 1.000000 0.000000
vt 0.500000 0.500000
vt 0.000000 1.000000
vt 1.000000 1.000000
vt 0.000000 0.500000
vt 0.480000 1.000000
vt 1.000000 0.500000
vt 0.480000 0.000000
vt 0.000000 0.000000
vt 1.000000 0.000000
vt 1.000000 1.000000
vt 0.000000 1.000000
vt 0.000000 0.000000
vt 1.000000 0.000000
vt 1.000000 1.000000
vt 0.000000 1.000000
vt 0.000000 0.000000
vt 1.000000 0.000000
vt 1.000000 1.000000
vt 0.000000 1.000000
vt 0.000000 0.000000
vt 1.000000 0.000000
vt 1.000000 1.000000
vt 0.000000 1.000000
vt 0.000000 0.000000
vt 1.000000 0.000000
vt 1.000000 1.000000
vt 0.000000 1.000000
vt 0.500000 0.500000
vt 0.000000 0.000000
vt 1.000000 0.000000
vt 0.500000 0.500000
vt 0.000000 1.000000
vt 1.000000 1.000000
vt 0.500000 0.500000
vt 0.000000 0.000000
vt 1.000000 0.000000
vt 0.500000 0.500000
vt 0.000000 1.000000
vt 1.000000 1.000000
vt 0.500000 0.500000
vt 0.000000 0.000000
vt 1.000000 0.000000
vt 0.500000 0.500000
vt 0.000000 1.000000
vt 1.000000 1.000000
vt 0.500000 0.500000
vt 0.000000 0.000000
vt 1.000000 0.000000
vt 0.500000 0.500000
vt 0.000000 1.000000
vt 1.000000 1.000000
vt 0.500000 0.500000
vt 0.000000 0.000000
vt 1.000000 0.000000
vt 0.500000 0.500000
vt 0.000000 1.000000
vt 1.000000 1.000000
vt 0.000000 0.500000
vt 0.480000 1.000000
vt 1.000000 0.500000
vt 0.480000 0.000000
vt 0.000000 0.000000
vt 1.000000 0.000000
vt 1.000000 1.000000
vt 0.000000 1.000000
vt 0.000000 0.000000
vt 1.000000 0.000000
vt 1.000000 1.000000
vt 0.000000 1.000000
vt 0.000000 0.000000
vt 1.000000 0.000000
vt 1.000000 1.000000
vt 0.000000 1.000000
vt 0.000000 0.000000
vt 1.000000 0.000000
vt 1.000000 1.000000
vt 0.000000 1.000000
vt 0.000000 0.000000
vt 1.000000 0.000000
vt 1.000000 1.000000
vt 0.000000 1.000000
vt 0.500000 0.500000
vt 0.000000 0.000000
vt 1.000000 0.000000
vt 0.500000 0.500000
vt 0.000000 1.000000
vt 1.000000 1.000000
vt 0.500000 0.500000
vt 0.000000 0.000000
vt 1.000000 0.000000
vt 0.500000 0.500000
vt 0.000000 1.000000
vt 1.000000 1.000000
vt 0.500000 0.500000
vt 0.000000 0.000000
vt 1.000000 0.000000
vt 0.500000 0.500000
vt 0.000000 1.000000
vt 1.000000 1.000000
vt 0.500000 0.500000
vt 0.000000 0.000000
vt 1.000000 0.000000
vt 0.500000 0.500000
vt 0.000000 1.000000
vt 1.000000 1.000000
vt 0.500000 0.500000
vt 0.000000 0.000000
vt 1.000000 0.000000
vt 0.500000 0.500000
vt 0.000000 1.000000
vt 1.000000 1.000000
vt 0.000000 0.500000
vt 0.480000 1.000000
vt 1.000000 0.500000
vt 0.480000 0.000000
vt 0.000000 0.000000
vt 1.000000 0.000000
vt 1.000000 1.000000
vt 0.000000 1.000000
vt 0.000000 0.000000
vt 1.000000 0.000000
vt 1.000000 1.000000
vt 0.000000 1.000000
vt 0.000000 0.000000
vt 1.000000 0.000000
vt 1.000000 1.000000
vt 0.000000 1.000000
vt 0.000000 0.000000
vt 1.000000 0.000000
vt 1.000000 1.000000
vt 0.000000 1.000000
vt 0.000000 0.000000
vt 1.000000 0.000000
vt 1.000000 1.000000
vt 0.000000 1.000000
vt 0.500000 0.500000
vt 0.000000 0.000000
vt 1.000000 0.000000
vt 0.500000 0.500000
vt 0.000000 1.000000
vt 1.000000 1.000000
vt 0.500000 0.500000
vt 0.000000 0.000000
vt 1.000000 0.000000
vt 0.500000 0.500000
vt 0.000000 1.000000
vt 1.000000 1.000000
vt 0.500000 0.500000
vt 0.000000 0.000000
vt 1.000000 0.000000
vt 0.500000 0.500000
vt 0.000000 1.000000
vt 1.000000 1.000000
vt 0.500000 0.500000
vt 0.000000 0.000000
vt 1.000000 0.000000
vt 0.500000 0.500000
vt 0.000000 1.000000
vt 1.000000 1.000000
vt 0.500000 0.500000
vt 0.000000 0.000000
vt 1.000000 0.000000
vt 0.500000 0.500000
vt 0.000000 1.000000
vt 1.000000 1.000000
vt 0.000000 0.500000
vt 0.480000 1.000000
vt 1.000000 0.500000
vt 0.480000 0.000000
vt 0.000000 0.000000
vt 1.000000 0.000000
vt 1.000000 1.000000
vt 0.000000 1.000000
vt 0.000000 0.000000
vt 1.000000 0.000000
vt 1.000000 1.000000
vt 0.000000 1.000000
vt 0.000000 0.000000
vt 1.000000 0.000000
vt 1.000000 1.000000
vt 0.000000 1.000000
vt 0.000000 0.000000
vt 1.000000 0.000000
vt 1.000000 1.000000
vt 0.000000 1.000000
vt 0.000000 0.000000
vt 1.000000 0.000000
vt 1.000000 1.000000
vt 0.000000 1.000000
vt 0.500000 0.500000
vt 0.000000 0.000000
vt 1.000000 0.000000
vt 0.500000 0.500000
vt 0.000000 1.000000
vt 1.000000 1.000000
vt 0.500000 0.500000
vt 0.000000 0.000000
vt 1.000000 0.000000
vt 0.500000 0.500000
vt 0.000000 1.000000
vt 1.000000 1.000000
vt 0.500000 0.500000
vt 0.000000 0.000000
vt 1.000000 0.000000
vt 0.500000 0.500000
vt 0.000000 1.000000
vt 1.000000 1.000000
vt 0.500000 0.500000
vt 0.000000 0.000000
vt 1.000000 0.000000
vt 0.500000 0.500000
vt 0.000000 1.000000
vt 1.000000 1.000000
vt 0.500000 0.500000
vt 0.000000 0.000000
vt 1.000000 0.000000
vt 0.500000 0.500000
vt 0.000000 1.000000
vt 1.000000 1.000000
vt 0.000000 0.500000
vt 0.480000 1.000000
vt 1.000000 0.500000
vt 0.480000 0.000000
vt 0.000000 0.000000
vt 1.000000 0.000000
vt 1.000000 1.000000
vt 0.000000 1.000000
vt 0.000000 0.000000
vt 1.000000 0.000000
vt 1.000000 1.000000
vt 0.000000 1.000000
vt 0.000000 0.000000
vt 1.000000 0.000000
vt 1.000000 1.000000
vt 0.000000 1.000000
vt 0.000000 0.000000
vt 1.000000 0.000000
vt 1.000000 1.000000
vt 0.000000 1.000000
vt 0.000000 0.000000
vt 1.000000 0.000000
vt 1.000000 1.000000
vt 0.000000 1.000000
vt 0.500000 0.500000
vt 0.000000 0.000000
vt 1.000000 0.000000
vt 0.500000 0.500000
vt 0.000000 1.000000
vt 1.000000 1.000000
vt 0.500000 0.500000
vt 0.000000 0.000000
vt 1.000000 0.000000
vt 0.500000 0.500000
vt 0.000000 1.000000
vt 1.000000 1.000000
vt 0.500000 0.500000
vt 0.000000 0.000000
vt 1.000000 0.000000
vt 0.500000 0.500000
vt 0.000000 1.000000
vt 1.000000 1.000000
vt 0.500000 0.500000
vt 0.000000 0.000000
vt 1.000000 0.000000
vt 0.500000 0.500000
vt 0.000000 1.000000
vt 1.000000 1.000000
vt 0.500000 0.500000
vt 0.000000 0.000000
vt 1.000000 0.000000
vt 0.500000 0.500000
vt 0.000000 1.000000
vt 1.000000 1.000000
vt 0.000000 0.500000
vt 0.480000 1.000000
vt 1.000000 0.500000
vt 0.480000 0.000000
vt 0.000000 0.000000
vt 1.000000 0.000000
vt 1.000000 1.000000
vt 0.000000 1.000000
vt 0.000000 0.000000
vt 1.000000 0.000000
vt 1.000000 1.000000
vt 0.000000 1.000000
vt 0.000000 0.000000
vt 1.000000 0.000000
vt 1.000000 1.000000
vt 0.000000 1.000000
vt 0.000000 0.000000
vt 1.000000 0.000000
vt 1.000000 1.000000
vt 0.000000 1.000000
vt 0.000000 0.000000
vt 1.000000 0.000000
vt 1.000000 1.000000
vt 0.000000 1.000000
vt 0.500000 0.500000
vt 0.000000 0.000000
vt 1.000000 0.000000
vt 0.500000 0.500000
vt 0.000000 1.000000
vt 1.000000 1.000000
vt 0.500000 0.500000
vt 0.000000 0.000000
vt 1.000000 0.000000
vt 0.500000 0.500000
vt 0.000000 1.000000
vt 1.000000 1.000000
vt 0.500000 0.500000
vt 0.000000 0.000000
vt 1.000000 0.000000
vt 0.500000 0.500000
vt 0.000000 1.000000
vt 1.000000 1.000000
vt 0.500000 0.500000
vt 0.000000 0.000000
vt 1.000000 0.000000
vt 0.500000 0.500000
vt 0.000000 1.000000
vt 1.000000 1.000000
vt 0.500000 0.500000
vt 0.000000 0.000000
vt 1.000000 0.000000
vt 0.500000 0.500000
vt 0.000000 1.000000
vt 1.000000 1.000000
vt 0.000000 0.500000
vt 0.480000 1.000000
vt 1.000000 0.500000
vt 0.480000 0.000000
vt 0.000000 0.000000
vt 1.000000 0.000000
vt 1.000000 1.000000
vt 0.000000 1.000000
vt 0.000000 0.000000
vt 1.000000 0.000000
vt 1.000000 1.000000
vt 0.000000 1.000000
vt 0.000000 0.000000
vt 1.000000 0.000000
vt 1.000000 1.000000
vt 0.000000 1.000000
vt 0.000000 0.000000
vt 1.000000 0.000000
vt 1.000000 1.000000
vt 0.000000 1.000000
vt 0.000000 0.000000
vt 1.000000 0.000000
vt 1.000000 1.000000
vt 0.000000 1.000000
vt 0.500000 0.500000
vt 0.000000 0.000000
vt 1.000000 0.000000
vt 0.500000 0.500000
vt 0.000000 1.000000
vt 1.000000 1.000000
vt 0.500000 0.500000
vt 0.000000 0.000000
vt 1.000000 0.000000
vt 0.500000 0.500000
vt 0.000000 1.000000
vt 1.000000 1.000000
vt 0.500000 0.500000
vt 0.000000 0.000000
vt 1.000000 0.000000
vt 0.500000 0.500000
vt 0.000000 1.000000
vt 1.000000 1.000000
vt 0.500000 0.500000
vt 0.000000 0.000000
vt 1.000000 0.000000
vt 0.500000 0.500000
vt 0.000000 1.000000
vt 1.000000 1.000000
vt 0.500000 0.500000
vt 0.000000 0.000000
vt 1.000000 0.000000
vt 0.500000 0.500000
vt 0.000000 1.000000
vt 1.000000 1.000000
vt 0.000000 0.500000
vt 0.480000 1.000000
vt 1.000000 0.500000
vt 0.480000 0.000000
vt 0.000000 0.000000
vt 1.000000 0.000000
vt 1.000000 1.000000
vt 0.000000 1.000000
vt 0.000000 0.000000
vt 1.000000 0.000000
vt 1.000000 1.000000
vt 0.000000 1.000000
vt 0.000000 0.000000
vt 1.000000 0.000000
vt 1.000000 1.000000
vt 0.000000 1.000000
vt 0.000000 0.000000
vt 1.000000 0.000000
vt 1.000000 1.000000
vt 0.000000 1.000000
vt 0.000000 0.000000
vt 1.000000 0.000000
vt 1.000000 1.000000
vt 0.000000 1.000000
vt 0.500000 0.500000
vt 0.000000 0.000000
vt 1.000000 0.000000
vt 0.500000 0.500000
vt 0.000000 1.000000
vt 1.000000 1.000000
vt 0.500000 0.500000
vt 0.000000 0.000000
vt 1.000000 0.000000
vt 0.500000 0.500000
vt 0.000000 1.000000
vt 1.000000 1.000000
vt 0.500000 0.500000
vt 0.000000 0.000000
vt 1.000000 0.000000
vt 0.500000 0.500000
vt 0.000000 1.000000
vt 1.000000 1.000000
vt 0.500000 0.500000
vt 0.000000 0.000000
vt 1.000000 0.000000
vt 0.500000 0.500000
vt 0.000000 1.000000
vt 1.000000 1.000000
vt 0.500000 0.500000
vt 0.000000 0.000000
vt 1.000000 0.000000
vt 0.500000 0.500000
vt 0.000000 1.000000
vt 1.000000 1.000000
vt 0.000000 0.500000
vt 0.480000 1.000000
vt 1.000000 0.500000
vt 0.480000 0.000000
vt 0.000000 0.000000
vt 1.000000 0.000000
vt 1.000000 1.000000
vt 0.000000 1.000000
vt 0.000000 0.000000
vt 1.000000 0.000000
vt 1.000000 1.000000
vt 0.000000 1.000000
vt 0.000000 0.000000
vt 1.000000 0.000000
vt 1.000000 1.000000
vt 0.000000 1.000000
vt 0.000000 0.000000
vt 1.000000 0.000000
vt 1.000000 1.000000
vt 0.000000 1.000000
vt 0.000000 0.000000
vt 1.000000 0.000000
vt 1.000000 1.000000
vt 0.000000 1.000000
vt 0.500000 0.500000
vt 0.000000 0.000000
vt 1.000000 0.000000
vt 0.500000 0.500000
vt 0.000000 1.000000
vt 1.000000 1.000000
vt 0.500000 0.500000
vt 0.000000 0.000000
vt 1.000000 0.000000
vt 0.500000 0.500000
vt 0.000000 1.000000
vt 1.000000 1.000000
vt 0.500000 0.500000
vt 0.000000 0.000000
vt 1.000000 0.000000
vt 0.500000 0.500000
vt 0.000000 1.000000
vt 1.000000 1.000000
vt 0.500000 0.500000
vt 0.000000 0.000000
vt 1.000000 0.000000
vt 0.500000 0.500000
vt 0.000000 1.000000
vt 1.000000 1.000000
vt 0.500000 0.500000
vt 0.000000 0.000000
vt 1.000000 0.000000
vt 0.500000 0.500000
vt 0.000000 1.000000
vt 1.000000 1.000000
vt 0.000000 0.500000
vt 0.480000 1.000000
vt 1.000000 0.500000
vt 0.480000 0.000000
vt 0.000000 0.000000
vt 1.000000 0.000000
vt 1.000000 1.000000
vt 0.000000 1.000000
vt 0.000000 0.000000
vt 1.000000 0.000000
vt 1.000000 1.000000
vt 0.000000 1.000000
vt 0.000000 0.000000
vt 1.000000 0.000000
vt 1.000000 1.000000
vt 0.000000 1.000000
vt 0.000000 0.000000
vt 1.000000 0.000000
vt 1.000000 1.000000
vt 0.000000 1.000000
vt 0.000000 0.000000
vt 1.000000 0.000000
vt 1.000000 1.000000
vt 0.000000 1.000000
vt 0.500000 0.500000
vt 0.000000 0.000000
vt 1.000000 0.000000
vt 0.500000 0.500000
vt 0.000000 1.000000
vt 1.000000 1.000000
vt 0.500000 0.500000
vt 0.000000 0.000000
vt 1.000000 0.000000
vt 0.500000 0.500000
vt 0.000000 1.000000
vt 1.000000 1.000000
vt 0.500000 0.500000
vt 0.000000 0.000000
vt 1.000000 0.000000
vt 0.500000 0.500000
vt 0.000000 1.000000
vt 1.000000 1.000000
vt 0.500000 0.500000
vt 0.000000 0.000000
vt 1.000000 0.000000
vt 0.500000 0.500000
vt 0.000000 1.000000
vt 1.000000 1.000000
vt 0.500000 0.500000
vt 0.000000 0.000000
vt 1.000000 0.000000
vt 0.500000 0.500000
vt 0.000000 1.000000
vt 1.000000 1.000000
vt 0.000000 0.500000
vt 0.480000 1.000000
vt 1.000000 0.500000
vt 0.480000 0.000000
vt 0.000000 0.000000
vt 1.000000 0.000000
vt 1.000000 1.000000
vt 0.000000 1.000000
vt 0.000000 0.000000
vt 1.000000 0.000000
vt 1.000000 1.000000
vt 0.000000 1.000000
vt 0.000000 0.000000
vt 1.000000 0.000000
vt 1.000000 1.000000
vt 0.000000 1.000000
vt 0.000000 0.000000
vt 1.000000 0.000000
vt 1.000000 1.000000
vt 0.000000 1.000000
vt 0.000000 0.000000
vt 1.000000 0.000000
vt 1.000000 1.000000
vt 0.000000 1.000000
vt 0.500000 0.500000
vt 0.000000 0.000000
vt 1.000000 0.000000
vt 0.500000 0.500000
vt 0.000000 1.000000
vt 1.000000 1.000000
vt 0.500000 0.500000
vt 0.000000 0.000000
vt 1.000000 0.000000
vt 0.500000 0.500000
vt 0.000000 1.000000
vt 1.000000 1.000000
vt 0.500000 0.500000
vt 0.000000 0.000000
vt 1.000000 0.000000
vt 0.500000 0.500000
vt 0.000000 1.000000
vt 1.000000 1.000000
vt 0.500000 0.500000
vt 0.000000 0.000000
vt 1.000000 0.000000
vt 0.500000 0.500000
vt 0.000000 1.000000
vt 1.000000 1.000000
vt 0.500000 0.500000
vt 0.000000 0.000000
vt 1.000000 0.000000
vt 0.500000 0.500000
vt 0.000000 1.000000
vt 1.000000 1.000000
vt 0.000000 0.500000
vt 0.480000 1.000000
vt 1.000000 0.500000
vt 0.480000 0.000000
vt 0.000000 0.000000
vt 1.000000 0.000000
vt 1.000000 1.000000
vt 0.000000 1.000000
vt 0.000000 0.000000
vt 1.000000 0.000000
vt 1.000000 1.000000
vt 0.000000 1.000000
vt 0.000000 0.000000
vt 1.000000 0.000000
vt 1.000000 1.000000
vt 0.000000 1.000000
vt 0.000000 0.000000
vt 1.000000 0.000000
vt 1.000000 1.000000
vt 0.000000 1.000000
vt 0.000000 0.000000
vt 1.000000 0.000000
vt 1.000000 1.000000
vt 0.000000 1.000000
vt 0.500000 0.500000
vt 0.000000 0.000000
vt 1.000000 0.000000
vt 0.500000 0.500000
vt 0.000000 1.000000
vt 1.000000 1.000000
vt 0.500000 0.500000
vt 0.000000 0.000000
vt 1.000000 0.000000
vt 0.500000 0.500000
vt 0.000000 1.000000
vt 1.000000 1.000000
vt 0.500000 0.500000
vt 0.000000 0.000000
vt 1.000000 0.000000
vt 0.500000 0.500000
vt 0.000000 1.000000
vt 1.000000 1.000000
vt 0.500000 0.500000
vt 0.000000 0.000000
vt 1.000000 0.000000
vt 0.500000 0.500000
vt 0.000000 1.000000
vt 1.000000 1.000000
vt 0.500000 0.500000
vt 0.000000 0.000000
vt 1.000000 0.000000
vt 0.500000 0.500000
vt 0.000000 1.000000
vt 1.000000 1.000000
vt 0.000000 0.500000
vt 0.480000 1.000000
vt 1.000000 0.500000
vt 0.480000 0.000000
vt 0.000000 0.000000
vt 1.000000 0.000000
vt 1.000000 1.000000
vt 0.000000 1.000000
vt 0.000000 0.000000
vt 1.000000 0.000000
vt 1.000000 1.000000
vt 0.000000 1.000000
vt 0.000000 0.000000
vt 1.000000 0.000000
vt 1.000000 1.000000
vt 0.000000 1.000000
vt 0.000000 0.000000
vt 1.000000 0.000000
vt 1.000000 1.000000
vt 0.000000 1.000000
vt 0.000000 0.000000
vt 1.000000 0.000000
vt 1.000000 1.000000
vt 0.000000 1.000000
vt 0.500000 0.500000
vt 0.000000 0.000000
vt 1.000000 0.000000
vt 0.500000 0.500000
vt 0.000000 1.000000
vt 1.000000 1.000000
vt 0.500000 0.500000
vt 0.000000 0.000000
vt 1.000000 0.000000
vt 0.500000 0.500000
vt 0.000000 1.000000
vt 1.000000 1.000000
vt 0.500000 0.500000
vt 0.000000 0.000000
vt 1.000000 0.000000
vt 0.500000 0.500000
vt 0.000000 1.000000
vt 1.000000 1.000000
vt 0.500000 0.500000
vt 0.000000 0.000000
vt 1.000000 0.000000
vt 0.500000 0.500000
vt 0.000000 1.000000
vt 1.000000 1.000000
vt 0.500000 0.500000
vt 0.000000 0.000000
vt 1.000000 0.000000
vt 0.500000 0.500000
vt 0.000000 1.000000
vt 1.000000 1.000000
vt 0.000000 0.500000
vt 0.480000 1.000000
vt 1.000000 0.500000
vt 0.480000 0.000000
vt 0.000000 0.000000
vt 1.000000 0.000000
vt 1.000000 1.000000
vt 0.000000 1.000000
vt 0.000000 0.000000
vt 1.000000 0.000000
vt 1.000000 1.000000
vt 0.000000 1.000000
vt 0.000000 0.000000
vt 1.000000 0.000000
vt 1.000000 1.000000
vt 0.000000 1.000000
vt 0.000000 0.000000
vt 1.000000 0.000000
vt 1.000000 1.000000
vt 0.000000 1.000000
vt 0.000000 0.000000
vt 1.000000 0.000000
vt 1.000000 1.000000
vt 0.000000 1.000000
vt 0.500000 0.500000
vt 0.000000 0.000000
vt 1.000000 0.000000
vt 0.500000 0.500000
vt 0.000000 1.000000
vt 1.000000 1.000000
vt 0.500000 0.500000
vt 0.000000 0.000000
vt 1.000000 0.000000
vt 0.500000 0.500000
vt 0.000000 1.000000
vt 1.000000 1.000000
vt 0.500000 0.500000
vt 0.000000 0.000000
vt 1.000000 0.000000
vt 0.500000 0.500000
vt 0.000000 1.000000
vt 1.000000 1.000000
vt 0.500000 0.500000
vt 0.000000 0.000000
vt 1.000000 0.000000
vt 0.500000 0.500000
vt 0.000000 1.000000
vt 1.000000 1.000000
vt 0.500000 0.500000
vt 0.000000 0.000000
vt 1.000000 0.000000
vt 0.500000 0.500000
vt 0.000000 1.000000
vt 1.000000 1.000000
vt 0.000000 0.500000
vt 0.480000 1.000000
vt 1.000000 0.500000
vt 0.480000 0.000000
vt 0.000000 0.000000
vt 1.000000 0.000000
vt 1.000000 1.000000
vt 0.000000 1.000000
vt 0.000000 0.000000
vt 1.000000 0.000000
vt 1.000000 1.000000
vt 0.000000 1.000000
vt 0.000000 0.000000
vt 1.000000 0.000000
vt 1.000000 1.000000
vt 0.000000 1.000000
vt 0.000000 0.000000
vt 1.000000 0.000000
vt 1.000000 1.000000
vt 0.000000 1.000000
vt 0.000000 0.000000
vt 1.000000 0.000000
vt 1.000000 1.000000
vt 0.000000 1.000000
vt 0.500000 0.500000
vt 0.000000 0.000000
vt 1.000000 0.000000
vt 0.500000 0.500000
vt 0.000000 1.000000
vt 1.000000 1.000000
vt 0.500000 0.500000
vt 0.000000 0.000000
vt 1.000000 0.000000
vt 0.500000 0.500000
vt 0.000000 1.000000
vt 1.000000 1.000000
vt 0.500000 0.500000
vt 0.000000 0.000000
vt 1.000000 0.000000
vt 0.500000 0.500000
vt 0.000000 1.000000
vt 1.000000 1.000000
vt 0.500000 0.500000
vt 0.000000 0.000000
vt 1.000000 0.000000
vt 0.500000 0.500000
vt 0.000000 1.000000
vt 1.000000 1.000000
vt 0.500000 0.500000
vt 0.000000 0.000000
vt 1.000000 0.000000
vt 0.500000 0.500000
vt 0.000000 1.000000
vt 1.000000 1.000000
vt 0.000000 0.500000
vt 0.480000 1.000000
vt 1.000000 0.500000
vt 0.480000 0.000000
vt 0.000000 0.000000
vt 1.000000 0.000000
vt 1.000000 1.000000
vt 0.000000 1.000000
vt 0.000000 0.000000
vt 1.000000 0.000000
vt 1.000000 1.000000
vt 0.000000 1.000000
vt 0.000000 0.000000
vt 1.000000 0.000000
vt 1.000000 1.000000
vt 0.000000 1.000000
vt 0.000000 0.000000
vt 1.000000 0.000000
vt 1.000000 1.000000
vt 0.000000 1.000000
vt 0.000000 0.000000
vt 1.000000 0.000000
vt 1.000000 1.000000
vt 0.000000 1.000000
vt 0.500000 0.500000
vt 0.000000 0.000000
vt 1.000000 0.000000
vt 0.500000 0.500000
vt 0.000000 1.000000
vt 1.000000 1.000000
vt 0.500000 0.500000
vt 0.000000 0.000000
vt 1.000000 0.000000
vt 0.500000 0.500000
vt 0.000000 1.000000
vt 1.000000 1.000000
vt 0.500000 0.500000
vt 0.000000 0.000000
vt 1.000000 0.000000
vt 0.500000 0.500000
vt 0.000000 1.000000
vt 1.000000 1.000000
vt 0.500000 0.500000
vt 0.000000 0.000000
vt 1.000000 0.000000
vt 0.500000 0.500000
vt 0.000000 1.000000
vt 1.000000 1.000000
vt 0.500000 0.500000
vt 0.000000 0.000000
vt 1.000000 0.000000
vt 0.500000 0.500000
vt 0.000000 1.000000
vt 1.000000 1.000000
vt 0.000000 0.500000
vt 0.480000 1.000000
vt 1.000000 0.500000
vt 0.480000 0.000000
vt 0.000000 0.000000
vt 1.000000 0.000000
vt 1.000000 1.000000
vt 0.000000 1.000000
vt 0.000000 0.000000
vt 1.000000 0.000000
vt 1.000000 1.000000
vt 0.000000 1.000000
vt 0.000000 0.000000
vt 1.000000 0.000000
vt 1.000000 1.000000
vt 0.000000 1.000000
vt 0.000000 0.000000
vt 1.000000 0.000000
vt 1.000000 1.000000
vt 0.000000 1.000000
vt 0.000000 0.000000
vt 1.000000 0.000000
vt 1.000000 1.000000
vt 0.000000 1.000000
vt 0.500000 0.500000
vt 0.000000 0.000000
vt 1.000000 0.000000
vt 0.500000 0.500000
vt 0.000000 1.000000
vt 1.000000 1.000000
vt 0.500000 0.500000
vt 0.000000 0.000000
vt 1.000000 0.000000
vt 0.500000 0.500000
vt 0.000000 1.000000
vt 1.000000 1.000000
vt 0.500000 0.500000
vt 0.000000 0.000000
vt 1.000000 0.000000
vt 0.500000 0.500000
vt 0.000000 1.000000
vt 1.000000 1.000000
vt 0.500000 0.500000
vt 0.000000 0.000000
vt 1.000000 0.000000
vt 0.500000 0.500000
vt 0.000000 1.000000
vt 1.000000 1.000000
vt 0.500000 0.500000
vt 0.000000 0.000000
vt 1.000000 0.000000
vt 0.500000 0.500000
vt 0.000000 1.000000
vt 1.000000 1.000000
vt 0.000000 0.500000
vt 0.480000 1.000000
vt 1.000000 0.500000
vt 0.480000 0.000000
vt 0.000000 0.000000
vt 1.000000 0.000000
vt 1.000000 1.000000
vt 0.000000 1.000000
vt 0.000000 0.000000
vt 1.000000 0.000000
vt 1.000000 1.000000
vt 0.000000 1.000000
vt 0.000000 0.000000
vt 1.000000 0.000000
vt 1.000000 1.000000
vt 0.000000 1.000000
vt 0.000000 0.000000
vt 1.000000 0.000000
vt 1.000000 1.000000
vt 0.000000 1.000000
vt 0.000000 0.000000
vt 1.000000 0.000000
vt 1.000000 1.000000
vt 0.000000 1.000000
vt 0.500000 0.500000
vt 0.000000 0.000000
vt 1.000000 0.000000
vt 0.500000 0.500000
vt 0.000000 1.000000
vt 1.000000 1.000000
vt 0.500000 0.500000
vt 0.000000 0.000000
vt 1.000000 0.000000
vt 0.500000 0.500000
vt 0.000000 1.000000
vt 1.000000 1.000000
vt 0.500000 0.500000
vt 0.000000 0.000000
vt 1.000000 0.000000
vt 0.500000 0.500000
vt 0.000000 1.000000
vt 1.000000 1.000000
vt 0.500000 0.500000
vt 0.000000 0.000000
vt 1.000000 0.000000
vt 0.500000 0.500000
vt 0.000000 1.000000
vt 1.000000 1.000000
vt 0.500000 0.500000
vt 0.000000 0.000000
vt 1.000000 0.000000
vt 0.500000 0.500000
vt 0.000000 1.000000
vt 1.000000 1.000000
vt 0.000000 0.500000
vt 0.480000 1.000000
vt 1.000000 0.500000
vt 0.480000 0.000000
vt 0.000000 0.000000
vt 1.000000 0.000000
vt 1.000000 1.000000
vt 0.000000 1.000000
vt 0.000000 0.000000
vt 1.000000 0.000000
vt 1.000000 1.000000
vt 0.000000 1.000000
vt 0.000000 0.000000
vt 1.000000 0.000000
vt 1.000000 1.000000
vt 0.000000 1.000000
vt 0.000000 0.000000
vt 1.000000 0.000000
vt 1.000000 1.000000
vt 0.000000 1.000000
vt 0.000000 0.000000
vt 1.000000 0.000000
vt 1.000000 1.000000
vt 0.000000 1.000000
vt 0.500000 0.500000
vt 0.000000 0.000000
vt 1.000000 0.000000
vt 0.500000 0.500000
vt 0.000000 1.000000
vt 1.000000 1.000000
vt 0.500000 0.500000
vt 0.000000 0.000000
vt 1.000000 0.000000
vt 0.500000 0.500000
vt 0.000000 1.000000
vt 1.000000 1.000000
vt 0.500000 0.500000
vt 0.000000 0.000000
vt 1.000000 0.000000
vt 0.500000 0.500000
vt 0.000000 1.000000
vt 1.000000 1.000000
vt 0.500000 0.500000
vt 0.000000 0.000000
vt 1.000000 0.000000
vt 0.500000 0.500000
vt 0.000000 1.000000
vt 1.000000 1.000000
vt 0.500000 0.500000
vt 0.000000 0.000000
vt 1.000000 0.000000
vt 0.500000 0.500000
vt 0.000000 1.000000
vt 1.000000 1.000000
vt 0.000000 0.500000
vt 0.480000 1.000000
vt 1.000000 0.500000
vt 0.480000 0.000000
vt 0.000000 0.000000
vt 1.000000 0.000000
vt 1.000000 1.000000
vt 0.000000 1.000000
vt 0.000000 0.000000
vt 1.000000 0.000000
vt 1.000000 1.000000
vt 0.000000 1.000000
vt 0.000000 0.000000
vt 1.000000 0.000000
vt 1.000000 1.000000
vt 0.000000 1.000000
vt 0.000000 0.000000
vt 1.000000 0.000000
vt 1.000000 1.000000
vt 0.000000 1.000000
vt 0.000000 0.000000
vt 1.000000 0.000000
vt 1.000000 1.000000
vt 0.000000 1.000000
vt 0.500000 0.500000
vt 0.000000 0.000000
vt 1.000000 0.000000
vt 0.500000 0.500000
vt 0.000000 1.000000
vt 1.000000 1.000000
vt 0.500000 0.500000
vt 0.000000 0.000000
vt 1.000000 0.000000
vt 0.500000 0.500000
vt 0.000000 1.000000
vt 1.000000 1.000000
vt 0.500000 0.500000
vt 0.000000 0.000000
vt 1.000000 0.000000
vt 0.500000 0.500000
vt 0.000000 1.000000
vt 1.000000 1.000000
vt 0.500000 0.500000
vt 0.000000 0.000000
vt 1.000000 0.000000
vt 0.500000 0.500000
vt 0.000000 1.000000
vt 1.000000 1.000000
vt 0.500000 0.500000
vt 0.000000 0.000000
vt 1.000000 0.000000
vt 0.500000 0.500000
vt 0.000000 1.000000
vt 1.000000 1.000000
vt 0.000000 0.500000
vt 0.480000 1.000000
vt 1.000000 0.500000
vt 0.480000 0.000000
vt 0.000000 0.000000
vt 1.000000 0.000000
vt 1.000000 1.000000
vt 0.000000 1.000000
vt 0.000000 0.000000
vt 1.000000 0.000000
vt 1.000000 1.000000
vt 0.000000 1.000000
vt 0.000000 0.000000
vt 1.000000 0.000000
vt 1.000000 1.000000
vt 0.000000 1.000000
vt 0.000000 0.000000
vt 1.000000 0.000000
vt 1.000000 1.000000
vt 0.000000 1.000000
vt 0.000000 0.000000
vt 1.000000 0.000000
vt 1.000000 1.000000
vt 0.000000 1.000000
vt 0.500000 0.500000
vt 0.000000 0.000000
vt 1.000000 0.000000
vt 0.500000 0.500000
vt 0.000000 1.000000
vt 1.000000 1.000000
vt 0.500000 0.500000
vt 0.000000 0.000000
vt 1.000000 0.000000
vt 0.500000 0.500000
vt 0.000000 1.000000
vt 1.000000 1.000000
vt 0.500000 0.500000
vt 0.000000 0.000000
vt 1.000000 0.000000
vt 0.500000 0.500000
vt 0.000000 1.000000
vt 1.000000 1.000000
vt 0.500000 0.500000
vt 0.000000 0.000000
vt 1.000000 0.000000
vt 0.500000 0.500000
vt 0.000000 1.000000
vt 1.000000 1.000000
vt 0.500000 0.500000
vt 0.000000 0.000000
vt 1.000000 0.000000
vt 0.500000 0.500000
vt 0.000000 1.000000
vt 1.000000 1.000000
vt 0.000000 0.500000
vt 0.480000 1.000000
vt 1.000000 0.500000
vt 0.480000 0.000000
vt 0.000000 0.000000
vt 1.000000 0.000000
vt 1.000000 1.000000
vt 0.000000 1.000000
vt 0.000000 0.000000
vt 1.000000 0.000000
vt 1.000000 1.000000
vt 0.000000 1.000000
vt 0.000000 0.000000
vt 1.000000 0.000000
vt 1.000000 1.000000
vt 0.000000 1.000000
vt 0.000000 0.000000
vt 1.000000 0.000000
vt 1.000000 1.000000
vt 0.000000 1.000000
vt 0.000000 0.000000
vt 1.000000 0.000000
vt 1.000000 1.000000
vt 0.000000 1.000000
vt 0.500000 0.500000
vt 0.000000 0.000000
vt 1.000000 0.000000
vt 0.500000 0.500000
vt 0.000000 1.000000
vt 1.000000 1.000000
vt 0.500000 0.500000
vt 0.000000 0.000000
vt 1.000000 0.000000
vt 0.500000 0.500000
vt 0.000000 1.000000
vt 1.000000 1.000000
vt 0.500000 0.500000
vt 0.000000 0.000000
vt 1.000000 0.000000
vt 0.500000 0.500000
vt 0.000000 1.000000
vt 1.000000 1.000000
vt 0.500000 0.500000
vt 0.000000 0.000000
vt 1.000000 0.000000
vt 0.500000 0.500000
vt 0.000000 1.000000
vt 1.000000 1.000000
vt 0.500000 0.500000
vt 0.000000 0.000000
vt 1.000000 0.000000
vt 0.500000 0.500000
vt 0.000000 1.000000
vt 1.000000 1.000000
vt 0.000000 0.500000
vt 0.480000 1.000000
vt 1.000000 0.500000
vt 0.480000 0.000000
vt 0.000000 0.000000
vt 1.000000 0.000000
vt 1.000000 1.000000
vt 0.000000 1.000000
vt 0.000000 0.000000
vt 1.000000 0.000000
vt 1.000000 1.000000
vt 0.000000 1.000000
vt 0.000000 0.000000
vt 1.000000 0.000000
vt 1.000000 1.000000
vt 0.000000 1.000000
vt 0.000000 0.000000
vt 1.000000 0.000000
vt 1.000000 1.000000
vt 0.000000 1.000000
vt 0.000000 0.000000
vt 1.000000 0.000000
vt 1.000000 1.000000
vt 0.000000 1.000000
vt 0.500000 0.500000
vt 0.000000 0.000000
vt 1.000000 0.000000
vt 0.500000 0.500000
vt 0.000000 1.000000
vt 1.000000 1.000000
vt 0.500000 0.500000
vt 0.000000 0.000000
vt 1.000000 0.000000
vt 0.500000 0.500000
vt 0.000000 1.000000
vt 1.000000 1.000000
vt 0.500000 0.500000
vt 0.000000 0.000000
vt 1.000000 0.000000
vt 0.500000 0.500000
vt 0.000000 1.000000
vt 1.000000 1.000000
vt 0.500000 0.500000
vt 0.000000 0.000000
vt 1.000000 0.000000
vt 0.500000 0.500000
vt 0.000000 1.000000
vt 1.000000 1.000000
vt 0.500000 0.500000
vt 0.000000 0.000000
vt 1.000000 0.000000
vt 0.500000 0.500000
vt 0.000000 1.000000
vt 1.000000 1.000000
vt 0.000000 0.500000
vt 0.480000 1.000000
vt 1.000000 0.500000
vt 0.480000 0.000000
vt 0.000000 0.000000
vt 1.000000 0.000000
vt 1.000000 1.000000
vt 0.000000 1.000000
vt 0.000000 0.000000
vt 1.000000 0.000000
vt 1.000000 1.000000
vt 0.000000 1.000000
vt 0.000000 0.000000
vt 1.000000 0.000000
vt 1.000000 1.000000
vt 0.000000 1.000000
vt 0.000000 0.000000
vt 1.000000 0.000000
vt 1.000000 1.000000
vt 0.000000 1.000000
vt 0.000000 0.000000
vt 1.000000 0.000000
vt 1.000000 1.000000
vt 0.000000 1.000000
vt 0.500000 0.500000
vt 0.000000 0.000000
vt 1.000000 0.000000
vt 0.500000 0.500000
vt 0.000000 1.000000
vt 1.000000 1.000000
vt 0.500000 0.500000
vt 0.000000 0.000000
vt 1.000000 0.000000
vt 0.500000 0.500000
vt 0.000000 1.000000
vt 1.000000 1.000000
vt 0.500000 0.500000
vt 0.000000 0.000000
vt 1.000000 0.000000
vt 0.500000 0.500000
vt 0.000000 1.000000
vt 1.000000 1.000000
vt 0.500000 0.500000
vt 0.000000 0.000000
vt 1.000000 0.000000
vt 0.500000 0.500000
vt 0.000000 1.000000
vt 1.000000 1.000000
vt 0.500000 0.500000
vt 0.000000 0.000000
vt 1.000000 0.000000
vt 0.500000 0.500000
vt 0.000000 1.000000
vt 1.000000 1.000000
vt 0.000000 0.500000
vt 0.480000 1.000000
vt 1.000000 0.500000
vt 0.480000 0.000000
vt 0.000000 0.000000
vt 1.000000 0.000000
vt 1.000000 1.000000
vt 0.000000 1.000000
vt 0.000000 0.000000
vt 1.000000 0.000000
vt 1.000000 1.000000
vt 0.000000 1.000000
vt 0.000000 0.000000
vt 1.000000 0.000000
vt 1.000000 1.000000
vt 0.000000 1.000000
vt 0.000000 0.000000
vt 1.000000 0.000000
vt 1.000000 1.000000
vt 0.000000 1.000000
vt 0.000000 0.000000
vt 1.000000 0.000000
vt 1.000000 1.000000
vt 0.000000 1.000000
vt 0.500000 0.500000
vt 0.000000 0.000000
vt 1.000000 0.000000
vt 0.500000 0.500000
vt 0.000000 1.000000
vt 1.000000 1.000000
vt 0.500000 0.500000
vt 0.000000 0.000000
vt 1.000000 0.000000
vt 0.500000 0.500000
vt 0.000000 1.000000
vt 1.000000 1.000000
vt 0.500000 0.500000
vt 0.000000 0.000000
vt 1.000000 0.000000
vt 0.500000 0.500000
vt 0.000000 1.000000
vt 1.000000 1.000000
vt 0.500000 0.500000
vt 0.000000 0.000000
vt 1.000000 0.000000
vt 0.500000 0.500000
vt 0.000000 1.000000
vt 1.000000 1.000000
vt 0.500000 0.500000
vt 0.000000 0.000000
vt 1.000000 0.000000
vt 0.500000 0.500000
vt 0.000000 1.000000
vt 1.000000 1.000000
vt 0.000000 0.500000
vt 0.480000 1.000000
vt 1.000000 0.500000
vt 0.480000 0.000000
vt 0.000000 0.000000
vt 1.000000 0.000000
vt 1.000000 1.000000
vt 0.000000 1.000000
vt 0.000000 0.000000
vt 1.000000 0.000000
vt 1.000000 1.000000
vt 0.000000 1.000000
vt 0.000000 0.000000
vt 1.000000 0.000000
vt 1.000000 1.000000
vt 0.000000 1.000000
vt 0.000000 0.000000
vt 1.000000 0.000000
vt 1.000000 1.000000
vt 0.000000 1.000000
vt 0.000000 0.000000
vt 1.000000 0.000000
vt 1.000000 1.000000
vt 0.000000 1.000000
vt 0.500000 0.500000
vt 0.000000 0.000000
vt 1.000000 0.000000
vt 0.500000 0.500000
vt 0.000000 1.000000
vt 1.000000 1.000000
vt 0.500000 0.500000
vt 0.000000 0.000000
vt 1.000000 0.000000
vt 0.500000 0.500000
vt 0.000000 1.000000
vt 1.000000 1.000000
vt 0.500000 0.500000
vt 0.000000 0.000000
vt 1.000000 0.000000
vt 0.500000 0.500000
vt 0.000000 1.000000
vt 1.000000 1.000000
vt 0.500000 0.500000
vt 0.000000 0.000000
vt 1.000000 0.000000
vt 0.500000 0.500000
vt 0.000000 1.000000
vt 1.000000 1.000000
vt 0.500000 0.500000
vt 0.000000 0.000000
vt 1.000000 0.000000
vt 0.500000 0.500000
vt 0.000000 1.000000
vt 1.000000 1.000000
vt 0.000000 0.500000
vt 0.480000 1.000000
vt 1.000000 0.500000
vt 0.480000 0.000000
vt 0.000000 0.000000
vt 1.000000 0.000000
vt 1.000000 1.000000
vt 0.000000 1.000000
vt 0.000000 0.000000
vt 1.000000 0.000000
vt 1.000000 1.000000
vt 0.000000 1.000000
vt 0.000000 0.000000
vt 1.000000 0.000000
vt 1.000000 1.000000
vt 0.000000 1.000000
vt 0.000000 0.000000
vt 1.000000 0.000000
vt 1.000000 1.000000
vt 0.000000 1.000000
vt 0.000000 0.000000
vt 1.000000 0.000000
vt 1.000000 1.000000
vt 0.000000 1.000000
vt 0.500000 0.500000
vt 0.000000 0.000000
vt 1.000000 0.000000
vt 0.500000 0.500000
vt 0.000000 1.000000
vt 1.000000 1.000000
vt 0.500000 0.500000
vt 0.000000 0.000000
vt 1.000000 0.000000
vt 0.500000 0.500000
vt 0.000000 1.000000
vt 1.000000 1.000000
vt 0.500000 0.500000
vt 0.000000 0.000000
vt 1.000000 0.000000
vt 0.500000 0.500000
vt 0.000000 1.000000
vt 1.000000 1.000000
vt 0.500000 0.500000
vt 0.000000 0.000000
vt 1.000000 0.000000
vt 0.500000 0.500000
vt 0.000000 1.000000
vt 1.000000 1.000000
vt 0.500000 0.500000
vt 0.000000 0.000000
vt 1.000000 0.000000
vt 0.500000 0.500000
vt 0.000000 1.000000
vt 1.000000 1.000000
vt 0.000000 0.500000
vt 0.480000 1.000000
vt 1.000000 0.500000
vt 0.480000 0.000000
vt 0.000000 0.000000
vt 1.000000 0.000000
vt 1.000000 1.000000
vt 0.000000 1.000000
vt 0.000000 0.000000
vt 1.000000 0.000000
vt 1.000000 1.000000
vt 0.000000 1.000000
vt 0.000000 0.000000
vt 1.000000 0.000000
vt 1.000000 1.000000
vt 0.000000 1.000000
vt 0.000000 0.000000
vt 1.000000 0.000000
vt 1.000000 1.000000
vt 0.000000 1.000000
vt 0.000000 0.000000
vt 1.000000 0.000000
vt 1.000000 1.000000
vt 0.000000 1.000000
vt 0.500000 0.500000
vt 0.000000 0.000000
vt 1.000000 0.000000
vt 0.500000 0.500000
vt 0.000000 1.000000
vt 1.000000 1.000000
vt 0.500000 0.500000
vt 0.000000 0.000000
vt 1.000000 0.000000
vt 0.500000 0.500000
vt 0.000000 1.000000
vt 1.000000 1.000000
vt 0.500000 0.500000
vt 0.000000 0.000000
vt 1.000000 0.000000
vt 0.500000 0.500000
vt 0.000000 1.000000
vt 1.000000 1.000000
vt 0.500000 0.500000
vt 0.000000 0.000000
vt 1.000000 0.000000
vt 0.500000 0.500000
vt 0.000000 1.000000
vt 1.000000 1.000000
vt 0.500000 0.500000
vt 0.000000 0.000000
vt 1.000000 0.000000
vt 0.500000 0.500000
vt 0.000000 1.000000
vt 1.000000 1.000000
vt 0.000000 0.500000
vt 0.480000 1.000000
vt 1.000000 0.500000
vt 0.480000 0.000000
vt 0.000000 0.000000
vt 1.000000 0.000000
vt 1.000000 1.000000
vt 0.000000 1.000000
vt 0.000000 0.000000
vt 1.000000 0.000000
vt 1.000000 1.000000
vt 0.000000 1.000000
vt 0.000000 0.000000
vt 1.000000 0.000000
vt 1.000000 1.000000
vt 0.000000 1.000000
vt 0.000000 0.000000
vt 1.000000 0.000000
vt 1.000000 1.000000
vt 0.000000 1.000000
vt 0.000000 0.000000
vt 1.000000 0.000000
vt 1.000000 1.000000
vt 0.000000 1.000000
vt 0.500000 0.500000
vt 0.000000 0.000000
vt 1.000000 0.000000
vt 0.500000 0.500000
vt 0.000000 1.000000
vt 1.000000 1.000000
vt 0.500000 0.500000
vt 0.000000 0.000000
vt 1.000000 0.000000
vt 0.500000 0.500000
vt 0.000000 1.000000
vt 1.000000 1.000000
vt 0.500000 0.500000
vt 0.000000 0.000000
vt 1.000000 0.000000
vt 0.500000 0.500000
vt 0.000000 1.000000
vt 1.000000 1.000000
vt 0.500000 0.500000
vt 0.000000 0.000000
vt 1.000000 0.000000
vt 0.500000 0.500000
vt 0.000000 1.000000
vt 1.000000 1.000000
vt 0.500000 0.500000
vt 0.000000 0.000000
vt 1.000000 0.000000
vt 0.500000 0.500000
vt 0.000000 1.000000
vt 1.000000 1.000000
usemtl Wood
f 1/1 2/2 3/3
f 1/1 3/3 4/4
f 5/5 6/6 7/7
f 5/5 7/7 8/8
f 9/9 10/10 11/11
f 9/9 11/11 12/12
f 13/13 14/14 15/15
f 13/13 15/15 16/16
f 17/17 18/18 19/19
f 17/17 19/19 20/20
f 21/21 22/22 23/23
f 24/24 25/25 26/26
f 27/27 28/28 29/29
f 30/30 31/31 32/32
f 33/33 34/34 35/35
f 36/36 37/37 38/38
f 39/39 40/40 41/41
f 42/42 43/43 44/44
f 45/45 46/46 47/47
f 48/48 49/49 50/50
usemtl Leaf
f 51/51 52/52 53/53
f 51/51 53/53 54/54
usemtl Wood
f 55/55 56/56 57/57
f 55/55 57/57 58/58
f 59/59 60/60 61/61
f 59/59 61/61 62/62
f 63/63 64/64 65/65
f 63/63 65/65 66/66
f 67/67 68/68 69/69
f 67/67 69/69 70/70
f 71/71 72/72 73/73
f 71/71 73/73 74/74
f 75/75 76/76 77/77
f 78/78 79/79 80/80
f 81/81 82/82 83/83
f 84/84 85/85 86/86
f 87/87 88/88 89/89
f 90/90 91/91 92/92
f 93/93 94/94 95/95
f 96/96 97/97 98/98
f 99/99 100/100 101/101
f 102/102 103/103 104/104
f 105/105 106/106 107/107
f 105/105 107/107 108/108
f 109/109 110/110 111/111
f 109/109 111/111 112/112
f 113/113 114/114 115/115
f 113/113 115/115 116/116
f 117/117 118/118 119/119
f 117/117 119/119 120/120
f 121/121 122/122 123/123
f 121/121 123/123 124/124
f 125/125 126/126 127/127
f 128/128 129/129 130/130
f 131/131 132/132 133/133
f 134/134 135/135 136/136
f 137/137 138/138 139/139
f 140/140 141/141 142/142
f 143/143 144/144 145/145
f 146/146 147/147 148/148
f 149/149 150/150 151/151
f 152/152 153/153 154/154
usemtl Leaf
f 155/155 156/156 157/157
f 155/155 157/157 158/158
usemtl Wood
f 159/159 160/160 161/161
f 159/159 161/161 162/162
f 163/163 164/164 165/165
f 163/163 165/165 166/166
f 167/167 168/168 169/169
f 167/167 169/169 170/170
f 171/171 172/172 173/173
f 171/171 173/173 174/174
f 175/175 176/176 177/177
f 175/175 177/177 178/178
f 179/179 180/180 181/181
f 182/182 183/183 184/184
f 185/185 186/186 187/187
f 188/188 189/189 190/190
f 191/191 192/192 193/193
f 194/194 195/195 196/196
f 197/197 198/198 199/199
f 200/200 201/201 202/202
f 203/203 204/204 205/205
f 206/206 207/207 208/208
f 209/209 210/210 211/211
f 209/209 211/211 212/212
f 213/213 214/214 215/215
f 213/213 215/215 216/216
f 217/217 218/218 219/219
f 217/217 219/219 220/220
f 221/221 222/222 223/223
f 221/221 223/223 224/224
f 225/225 226/226 227/227
f 225/225 227/227 228/228
f 229/229 230/230 231/231
f 232/232 233/233 234/234
f 235/235 236/236 237/237
f 238/238 239/239 240/240
f 241/241 242/242 243/243
f 244/244 245/245 246/246
f 247/247 248/248 249/249
f 250/250 251/251 252/252
f 253/253 254/254 255/255
f 256/256 257/257 258/258
usemtl Leaf
f 259/259 260/260 261/261
f 259/259 261/261 262/262
usemtl Wood
f 263/263 264/264 265/265
f 263/263 265/265 266/266
f 267/267 268/268 269/269
f 267/267 269/269 270/270
f 271/271 272/272 273/273
f 271/271 273/273 274/274
f 275/275 276/276 277/277
f 275/275 277/277 278/278
f 279/279 280/280 281/281
f 279/279 281/281 282/282
f 283/283 284/284 285/285
f 286/286 287/287 288/288
f 289/289 290/290 291/291
f 292/292 293/293 294/294
f 295/295 296/296 297/297
f 298/298 299/299 300/300
f 301/301 302/302 303/303
f 304/304 305/305 306/306
f 307/307 308/308 309/309
f 310/310 311/311 312/312
f 313/313 314/314 315/315
f 313/313 315/315 316/316
f 317/317 318/318 319/319
f 317/317 319/319 320/320
f 321/321 322/322 323/323
f 321/321 323/323 324/324
f 325/325 326/326 327/327
f 325/325 327/327 328/328
f 329/329 330/330 331/331
f 329/329 331/331 332/332
f 333/333 334/334 335/335
f 336/336 337/337 338/338
f 339/339 340/340 341/341
f 342/342 343/343 344/344
f 345/345 346/346 347/347
f 348/348 349/349 350/350
f 351/351 352/352 353/353
f 354/354 355/355 356/356
f 357/357 358/358 359/359
f 360/360 361/361 362/362
usemtl Leaf
f 363/363 364/364 365/365
f 363/363 365/365 366/366
usemtl Wood
f 367/367 368/368 369/369
f 367/367 369/369 370/370
f 371/371 372/372 373/373
f 371/371 373/373 374/374
f 375/375 376/376 377/377
f 375/375 377/377 378/378
f 379/379 380/380 381/381
f 379/379 381/381 382/382
f 383/383 384/384 385/385
f 383/383 385/385 386/386
f 387/387 388/388 389/389
f 390/390 391/391 392/392
f 393/393 394/394 395/395
f 396/396 397/397 398/398
f 399/399 400/400 401/401
f 402/402 403/403 404/404
f 405/405 406/406 407/407
f 408/408 409/409 410/410
f 411/411 412/412 413/413
f 414/414 415/415 416/416
f 417/417 418/418 419/419
f 417/417 419/419 420/420
f 421/421 422/422 423/423
f 421/421 423/423 424/424
f 425/425 426/426 427/427
f 425/425 427/427 428/428
f 429/429 430/430 431/431
f 429/429 431/431 432/432
f 433/433 434/434 435/435
f 433/433 435/435 436/436
f 437/437 438/438 439/439
f 440/440 441/441 442/442
f 443/443 444/444 445/445
f 446/446 447/447 448/448
f 449/449 450/450 451/451
f 452/452 453/453 454/454
f 455/455 456/456 457/457
f 458/458 459/459 460/460
f 461/461 462/462 463/463
f 464/464 465/465 466/466
usemtl Leaf
f 467/467 468/468 469/469
f 467/467 469/469 470/470
usemtl Wood
f 471/471 472/472 473/473
f 471/471 473/473 474/474
f 475/475 476/476 477/477
f 475/475 477/477 478/478
f 479/479 480/480 481/481
f 479/479 481/481 482/482
f 483/483 484/484 485/485
f 483/483 485/485 486/486
f 487/487 488/488 489/489
f 487/487 489/489 490/490
f 491/491 492/492 493/493
f 494/494 495/495 496/496
f 497/497 498/498 499/499
f 500/500 501/501 502/502
f 503/503 504/504 505/505
f 506/506 507/507 508/508
f 509/509 510/510 511/511
f 512/512 513/513 514/514
f 515/515 516/516 517/517
f 518/518 519/519 520/520
f 521/521 522/522 523/523
f 521/521 523/523 524/524
f 525/525 526/526 527/527
f 525/525 527/527 528/528
f 529/529 530/530 531/531
f 529/529 531/531 532/532
f 533/533 534/534 535/535
f 533/533 535/535 536/536
f 537/537 538/538 539/539
f 537/537 539/539 540/540
f 541/541 542/542 543/543
f 544/544 545/545 546/546
f 547/547 548/548 549/549
f 550/550 551/551 552/552
f 553/553 554/554 555/555
f 556/556 557/557 558/558
f 559/559 560/560 561/561
f 562/562 563/563 564/564
f 565/565 566/566 567/567
f 568/568 569/569 570/570
usemtl Leaf
f 571/571 572/572 573/573
f 571/571 573/573 574/574
usemtl Wood
f 575/575 576/576 577/577
f 575/575 577/577 578/578
f 579/579 580/580 581/581
f 579/579 581/581 582/582
f 583/583 584/584 585/585
f 583/583 585/585 586/586
f 587/587 588/588 589/589
f 587/587 589/589 590/590
f 591/591 592/592 593/593
f 591/591 593/593 594/594
f 595/595 596/596 597/597
f 598/598 599/599 600/600
f 601/601 602/602 603/603
f 604/604 605/605 606/606
f 607/607 608/608 609/609
f 610/610 611/611 612/612
f 613/613 614/614 615/615
f 616/616 617/617 618/618
f 619/619 620/620 621/621
f 622/622 623/623 624/624
f 625/625 626/626 627/627
f 625/625 627/627 628/628
f 629/629 630/630 631/631
f 629/629 631/631 632/632
f 633/633 634/634 635/635
f 633/633 635/635 636/636
f 637/637 638/638 639/639
f 637/637 639/639 640/640
f 641/641 642/642 643/643
f 641/641 643/643 644/644
f 645/645 646/646 647/647
f 648/648 649/649 650/650
f 651/651 652/652 653/653
f 654/654 655/655 656/656
f 657/657 658/658 659/659
f 660/660 661/661 662/662
f 663/663 664/664 665/665
f 666/666 667/667 668/668
f 669/669 670/670 671/671
f 672/672 673/673 674/674
usemtl Leaf
f 675/675 676/676 677/677
f 675/675 677/677 678/678
usemtl Wood
f 679/679 680/680 681/681
f 679/679 681/681 682/682
f 683/683 684/684 685/685
f 683/683 685/685 686/686
f 687/687 688/688 689/689
f 687/687 689/689 690/690
f 691/691 692/692 693/693
f 691/691 693/693 694/694
f 695/695 696/696 697/697
f 695/695 697/697 698/698
f 699/699 700/700 701/701
f 702/702 703/703 704/704
f 705/705 706/706 707/707
f 708/708 709/709 710/710
f 711/711 712/712 713/713
f 714/714 715/715 716/716
f 717/717 718/718 719/719
f 720/720 721/721 722/722
f 723/723 724/724 725/725
f 726/726 727/727 728/728
f 729/729 730/730 731/731
f 729/729 731/731 732/732
f 733/733 734/734 735/735
f 733/733 735/735 736/736
f 737/737 738/738 739/739
f 737/737 739/739 740/740
f 741/741 742/742 743/743
f 741/741 743/743 744/744
f 745/745 746/746 747/747
f 745/745 747/747 748/748
f 749/749 750/750 751/751
f 752/752 753/753 754/754
f 755/755 756/756 757/757
f 758/758 759/759 760/760
f 761/761 762/762 763/763
f 764/764 765/765 766/766
f 767/767 768/768 769/769
f 770/770 771/771 772/772
f 773/773 774/774 775/775
f 776/776 777/777 778/778
usemtl Leaf
f 779/779 780/780 781/781
f 779/779 781/781 782/782
usemtl Wood
f 783/783 784/784 785/785
f 783/783 785/785 786/786
f 787/787 788/788 789/789
f 787/787 789/789 790/790
f 791/791 792/792 793/793
f 791/791 793/793 794/794
f 795/795 796/796 797/797
f 795/795 797/797 798/798
f 799/799 800/800 801/801
f 799/799 801/801 802/802
f 803/803 804/804 805/805
f 806/806 807/807 808/808
f 809/809 810/810 811/811
f 812/812 813/813 814/814
f 815/815 816/816 817/817
f 818/818 819/819 820/820
f 821/821 822/822 823/823
f 824/824 825/825 826/826
f 827/827 828/828 829/829
f 830/830 831/831 832/832
f 833/833 834/834 835/835
f 833/833 835/835 836/836
f 837/837 838/838 839/839
f 837/837 839/839 840/840
f 841/841 842/842 843/843
f 841/841 843/843 844/844
f 845/845 846/846 847/847
f 845/845 847/847 848/848
f 849/849 850/850 851/851
f 849/849 851/851 852/852
f 853/853 854/854 855/855
f 856/856 857/857 858/858
f 859/859 860/860 861/861
f 862/862 863/863 864/864
f 865/865 866/866 867/867
f 868/868 869/869 870/870
f 871/871 872/872 873/873
f 874/874 875/875 876/876
f 877/877 878/878 879/879
f 880/880 881/881 882/882
usemtl Leaf
f 883/883 884/884 885/885
f 883/883 885/885 886/886
usemtl Wood
f 887/887 888/888 889/889
f 887/887 889/889 890/890
f 891/891 892/892 893/893
f 891/891 893/893 894/894
f 895/895 896/896 897/897
f 895/895 897/897 898/898
f 899/899 900/900 901/901
f 899/899 901/901 902/902
f 903/903 904/904 905/905
f 903/903 905/905 906/906
f 907/907 908/908 909/909
f 910/910 911/911 912/912
f 913/913 914/914 915/915
f 916/916 917/917 918/918
f 919/919 920/920 921/921
f 922/922 923/923 924/924
f 925/925 926/926 927/927
f 928/928 929/929 930/930
f 931/931 932/932 933/933
f 934/934 935/935 936/936
f 937/937 938/938 939/939
f 937/937 939/939 940/940
f 941/941 942/942 943/943
f 941/941 943/943 944/944
f 945/945 946/946 947/947
f 945/945 947/947 948/948
f 949/949 950/950 951/951
f 949/949 951/951 952/952
f 953/953 954/954 955/955
f 953/953 955/955 956/956
f 957/957 958/958 959/959
f 960/960 961/961 962/962
f 963/963 964/964 965/965
f 966/966 967/967 968/968
f 969/969 970/970 971/971
f 972/972 973/973 974/974
f 975/975 976/976 977/977
f 978/978 979/979 980/980
f 981/981 982/982 983/983
f 984/984 985/985 986/986
usemtl Leaf
f 987/987 988/988 989/989
f 987/987 989/989 990/990
usemtl Wood
f 991/991 992/992 993/993
f 991/991 993/993 994/994
f 995/995 996/996 997/997
f 995/995 997/997 998/998
f 999/999 1000/1000 1001/1001
f 999/999 1001/1001 1002/1002
f 1003/1003 1004/1004 1005/1005
f 1003/1003 1005/1005 1006/1006
f 1007/1007 1008/1008 1009/1009
f 1007/1007 1009/1009 1010/1010
f 1011/1011 1012/1012 1013/1013
f 1014/1014 1015/1015 1016/1016
f 1017/1017 1018/1018 1019/1019
f 1020/1020 1021/1021 1022/1022
f 1023/1023 1024/1024 1025/1025
f 1026/1026 1027/1027 1028/1028
f 1029/1029 1030/1030 1031/1031
f 1032/1032 1033/1033 1034/1034
f 1035/1035 1036/1036 1037/1037
f 1038/1038 1039/1039 1040/1040
f 1041/1041 1042/1042 1043/1043
f 1041/1041 1043/1043 1044/1044
f 1045/1045 1046/1046 1047/1047
f 1045/1045 1047/1047 1048/1048
f 1049/1049 1050/1050 1051/1051
f 1049/1049 1051/1051 1052/1052
f 1053/1053 1054/1054 1055/1055
f 1053/1053 1055/1055 1056/1056
f 1057/1057 1058/1058 1059/1059
f 1057/1057 1059/1059 1060/1060
f 1061/1061 1062/1062 1063/1063
f 1064/1064 1065/1065 1066/1066
f 1067/1067 1068/1068 1069/1069
f 1070/1070 1071/1071 1072/1072
f 1073/1073 1074/1074 1075/1075
f 1076/1076 1077/1077 1078/1078
f 1079/1079 1080/1080 1081/1081
f 1082/1082 1083/1083 1084/1084
f 1085/1085 1086/1086 1087/1087
f 1088/1088 1089/1089 1090/1090
usemtl Leaf
f 1091/1091 1092/1092 1093/1093
f 1091/1091 1093/1093 1094/1094
usemtl Wood
f 1095/1095 1096/1096 1097/1097
f 1095/1095 1097/1097 1098/1098
f 1099/1099 1100/1100 1101/1101
f 1099/1099 1101/1101 1102/1102
f 1103/1103 1104/1104 1105/1105
f 1103/1103 1105/1105 1106/1106
f 1107/1107 1108/1108 1109/1109
f 1107/1107 1109/1109 1110/1110
f 1111/1111 1112/1112 1113/1113
f 1111/1111 1113/1113 1114/1114
f 1115/1115 1116/1116 1117/1117
f 1118/1118 1119/1119 1120/1120
f 1121/1121 1122/1122 1123/1123
f 1124/1124 1125/1125 1126/1126
f 1127/1127 1128/1128 1129/1129
f 1130/1130 1131/1131 1132/1132
f 1133/1133 1134/1134 1135/1135
f 1136/1136 1137/1137 1138/1138
f 1139/1139 1140/1140 1141/1141
f 1142/1142 1143/1143 1144/1144
f 1145/1145 1146/1146 1147/1147
f 1145/1145 1147/1147 1148/1148
f 1149/1149 1150/1150 1151/1151
f 1149/1149 1151/1151 1152/1152
f 1153/1153 1154/1154 1155/1155
f 1153/1153 1155/1155 1156/1156
f 1157/1157 1158/1158 1159/1159
f 1157/1157 1159/1159 1160/1160
f 1161/1161 1162/1162 1163/1163
f 1161/1161 1163/1163 1164/1164
f 1165/1165 1166/1166 1167/1167
f 1168/1168 1169/1169 1170/1170
f 1171/1171 1172/1172 1173/1173
f 1174/1174 1175/1175 1176/1176
f 1177/1177 1178/1178 1179/1179
f 1180/1180 1181/1181 1182/1182
f 1183/1183 1184/1184 1185/1185
f 1186/1186 1187/1187 1188/1188
f 1189/1189 1190/1190 1191/1191
f 1192/1192 1193/1193 1194/1194
usemtl Leaf
f 1195/1195 1196/1196 1197/1197
f 1195/1195 1197/1197 1198/1198
usemtl Wood
f 1199/1199 1200/1200 1201/1201
f 1199/1199 1201/1201 1202/1202
f 1203/1203 1204/1204 1205/1205
f 1203/1203 1205/1205 1206/1206
f 1207/1207 1208/1208 1209/1209
f 1207/1207 1209/1209 1210/1210
f 1211/1211 1212/1212 1213/1213
f 1211/1211 1213/1213 1214/1214
f 1215/1215 1216/1216 1217/1217
f 1215/1215 1217/1217 1218/1218
f 1219/1219 1220/1220 1221/1221
f 1222/1222 1223/1223 1224/1224
f 1225/1225 1226/1226 1227/1227
f 1228/1228 1229/1229 1230/1230
f 1231/1231 1232/1232 1233/1233
f 1234/1234 1235/1235 1236/1236
f 1237/1237 1238/1238 1239/1239
f 1240/1240 1241/1241 1242/1242
f 1243/1243 1244/1244 1245/1245
f 1246/1246 1247/1247 1248/1248
f 1249/1249 1250/1250 1251/1251
f 1249/1249 1251/1251 1252/1252
f 1253/1253 1254/1254 1255/1255
f 1253/1253 1255/1255 1256/1256
f 1257/1257 1258/1258 1259/1259
f 1257/1257 1259/1259 1260/1260
f 1261/1261 1262/1262 1263/1263
f 1261/1261 1263/1263 1264/1264
f 1265/1265 1266/1266 1267/1267
f 1265/1265 1267/1267 1268/1268
f 1269/1269 1270/1270 1271/1271
f 1272/1272 1273/1273 1274/1274
f 1275/1275 1276/1276 1277/1277
f 1278/1278 1279/1279 1280/1280
f 1281/1281 1282/1282 1283/1283
f 1284/1284 1285/1285 1286/1286
f 1287/1287 1288/1288 1289/1289
f 1290/1290 1291/1291 1292/1292
f 1293/1293 1294/1294 1295/1295
f 1296/1296 1297/1297 1298/1298
usemtl Leaf
f 1299/1299 1300/1300 1301/1301
f 1299/1299 1301/1301 1302/1302
usemtl Wood
f 1303/1303 1304/1304 1305/1305
f 1303/1303 1305/1305 1306/1306
f 1307/1307 1308/1308 1309/1309
f 1307/1307 1309/1309 1310/1310
f 1311/1311 1312/1312 1313/1313
f 1311/1311 1313/1313 1314/1314
f 1315/1315 1316/1316 1317/1317
f 1315/1315 1317/1317 1318/1318
f 1319/1319 1320/1320 1321/1321
f 1319/1319 1321/1321 1322/1322
f 1323/1323 1324/1324 1325/1325
f 1326/1326 1327/1327 1328/1328
f 1329/1329 1330/1330 1331/1331
f 1332/1332 1333/1333 1334/1334
f 1335/1335 1336/1336 1337/1337
f 1338/1338 1339/1339 1340/1340
f 1341/1341 1342/1342 1343/1343
f 1344/1344 1345/1345 1346/1346
f 1347/1347 1348/1348 1349/1349
f 1350/1350 1351/1351 1352/1352
f 1353/1353 1354/1354 1355/1355
f 1353/1353 1355/1355 1356/1356
f 1357/1357 1358/1358 1359/1359
f 1357/1357 1359/1359 1360/1360
f 1361/1361 1362/1362 1363/1363
f 1361/1361 1363/1363 1364/1364
f 1365/1365 1366/1366 1367/1367
f 1365/1365 1367/1367 1368/1368
f 1369/1369 1370/1370 1371/1371
f 1369/1369 1371/1371 1372/1372
f 1373/1373 1374/1374 1375/1375
f 1376/1376 1377/1377 1378/1378
f 1379/1379 1380/1380 1381/1381
f 1382/1382 1383/1383 1384/1384
f 1385/1385 1386/1386 1387/1387
f 1388/1388 1389/1389 1390/1390
f 1391/1391 1392/1392 1393/1393
f 1394/1394 1395/1395 1396/1396
f 1397/1397 1398/1398 1399/1399
f 1400/1400 1401/1401 1402/1402
usemtl Leaf
f 1403/1403 1404/1404 1405/1405
f 1403/1403 1405/1405 1406/1406
usemtl Wood
f 1407/1407 1408/1408 1409/1409
f 1407/1407 1409/1409 1410/1410
f 1411/1411 1412/1412 1413/1413
f 1411/1411 1413/1413 1414/1414
f 1415/1415 1416/1416 1417/1417
f 1415/1415 1417/1417 1418/1418
f 1419/1419 1420/1420 1421/1421
f 1419/1419 1421/1421 1422/1422
f 1423/1423 1424/1424 1425/1425
f 1423/1423 1425/1425 1426/1426
f 1427/1427 1428/1428 1429/1429
f 1430/1430 1431/1431 1432/1432
f 1433/1433 1434/1434 1435/1435
f 1436/1436 1437/1437 1438/1438
f 1439/1439 1440/1440 1441/1441
f 1442/1442 1443/1443 1444/1444
f 1445/1445 1446/1446 1447/1447
f 1448/1448 1449/1449 1450/1450
f 1451/1451 1452/1452 1453/1453
f 1454/1454 1455/1455 1456/1456
f 1457/1457 1458/1458 1459/1459
f 1457/1457 1459/1459 1460/1460
f 1461/1461 1462/1462 1463/1463
f 1461/1461 1463/1463 1464/1464
f 1465/1465 1466/1466 1467/1467
f 1465/1465 1467/1467 1468/1468
f 1469/1469 1470/1470 1471/1471
f 1469/1469 1471/1471 1472/1472
f 1473/1473 1474/1474 1475/1475
f 1473/1473 1475/1475 1476/1476
f 1477/1477 1478/1478 1479/1479
f 1480/1480 1481/1481 1482/1482
f 1483/1483 1484/1484 1485/1485
f 1486/1486 1487/1487 1488/1488
f 1489/1489 1490/1490 1491/1491
f 1492/1492 1493/1493 1494/1494
f 1495/1495 1496/1496 1497/1497
f 1498/1498 1499/1499 1500/1500
f 1501/1501 1502/1502 1503/1503
f 1504/1504 1505/1505 1506/1506
usemtl Leaf
f 1507/1507 1508/1508 1509/1509
f 1507/1507 1509/1509 1510/1510
usemtl Wood
f 1511/1511 1512/1512 1513/1513
f 1511/1511 1513/1513 1514/1514
f 1515/1515 1516/1516 1517/1517
f 1515/1515 1517/1517 1518/1518
f 1519/1519 1520/1520 1521/1521
f 1519/1519 1521/1521 1522/1522
f 1523/1523 1524/1524 1525/1525
f 1523/1523 1525/1525 1526/1526
f 1527/1527 1528/1528 1529/1529
f 1527/1527 1529/1529 1530/1530
f 1531/1531 1532/1532 1533/1533
f 1534/1534 1535/1535 1536/1536
f 1537/1537 1538/1538 1539/1539
f 1540/1540 1541/1541 1542/1542
f 1543/1543 1544/1544 1545/1545
f 1546/1546 1547/1547 1548/1548
f 1549/1549 1550/1550 1551/1551
f 1552/1552 1553/1553 1554/1554
f 1555/1555 1556/1556 1557/1557
f 1558/1558 1559/1559 1560/1560
f 1561/1561 1562/1562 1563/1563
f 1561/1561 1563/1563 1564/1564
f 1565/1565 1566/1566 1567/1567
f 1565/1565 1567/1567 1568/1568
f 1569/1569 1570/1570 1571/1571
f 1569/1569 1571/1571 1572/1572
f 1573/1573 1574/1574 1575/1575
f 1573/1573 1575/1575 1576/1576
f 1577/1577 1578/1578 1579/1579
f 1577/1577 1579/1579 1580/1580
f 1581/1581 1582/1582 1583/1583
f 1584/1584 1585/1585 1586/1586
f 1587/1587 1588/1588 1589/1589
f 1590/1590 1591/1591 1592/1592
f 1593/1593 1594/1594 1595/1595
f 1596/1596 1597/1597 1598/1598
f 1599/1599 1600/1600 1601/1601
f 1602/1602 1603/1603 1604/1604
f 1605/1605 1606/1606 1607/1607
f 1608/1608 1609/1609 1610/1610
usemtl Leaf
f 1611/1611 1612/1612 1613/1613
f 1611/1611 1613/1613 1614/1614
usemtl Wood
f 1615/1615 1616/1616 1617/1617
f 1615/1615 1617/1617 1618/1618
f 1619/1619 1620/1620 1621/1621
f 1619/1619 1621/1621 1622/1622
f 1623/1623 1624/1624 1625/1625
f 1623/1623 1625/1625 1626/1626
f 1627/1627 1628/1628 1629/1629
f 1627/1627 1629/1629 1630/1630
f 1631/1631 1632/1632 1633/1633
f 1631/1631 1633/1633 1634/1634
f 1635/1635 1636/1636 1637/1637
f 1638/1638 1639/1639 1640/1640
f 1641/1641 1642/1642 1643/1643
f 1644/1644 1645/1645 1646/1646
f 1647/1647 1648/1648 1649/1649
f 1650/1650 1651/1651 1652/1652
f 1653/1653 1654/1654 1655/1655
f 1656/1656 1657/1657 1658/1658
f 1659/1659 1660/1660 1661/1661
f 1662/1662 1663/1663 1664/1664
f 1665/1665 1666/1666 1667/1667
f 1665/1665 1667/1667 1668/1668
f 1669/1669 1670/1670 1671/1671
f 1669/1669 1671/1671 1672/1672
f 1673/1673 1674/1674 1675/1675
f 1673/1673 1675/1675 1676/1676
f 1677/1677 1678/1678 1679/1679
f 1677/1677 1679/1679 1680/1680
f 1681/1681 1682/1682 1683/1683
f 1681/1681 1683/1683 1684/1684
f 1685/1685 1686/1686 1687/1687
f 1688/1688 1689/1689 1690/1690
f 1691/1691 1692/1692 1693/1693
f 1694/1694 1695/1695 1696/1696
f 1697/1697 1698/1698 1699/1699
f 1700/1700 1701/1701 1702/1702
f 1703/1703 1704/1704 1705/1705
f 1706/1706 1707/1707 1708/1708
f 1709/1709 1710/1710 1711/1711
f 1712/1712 1713/1713 1714/1714
usemtl Leaf
f 1715/1715 1716/1716 1717/1717
f 1715/1715 1717/1717 1718/1718
usemtl Wood
f 1719/1719 1720/1720 1721/1721
f 1719/1719 1721/1721 1722/1722
f 1723/1723 1724/1724 1725/1725
f 1723/1723 1725/1725 1726/1726
f 1727/1727 1728/1728 1729/1729
f 1727/1727 1729/1729 1730/1730
f 1731/1731 1732/1732 1733/1733
f 1731/1731 1733/1733 1734/1734
f 1735/1735 1736/1736 1737/1737
f 1735/1735 1737/1737 1738/1738
f 1739/1739 1740/1740 1741/1741
f 1742/1742 1743/1743 1744/1744
f 1745/1745 1746/1746 1747/1747
f 1748/1748 1749/1749 1750/1750
f 1751/1751 1752/1752 1753/1753
f 1754/1754 1755/1755 1756/1756
f 1757/1757 1758/1758 1759/1759
f 1760/1760 1761/1761 1762/1762
f 1763/1763 1764/1764 1765/1765
f 1766/1766 1767/1767 1768/1768
f 1769/1769 1770/1770 1771/1771
f 1769/1769 1771/1771 1772/1772
f 1773/1773 1774/1774 1775/1775
f 1773/1773 1775/1775 1776/1776
f 1777/1777 1778/1778 1779/1779
f 1777/1777 1779/1779 1780/1780
f 1781/1781 1782/1782 1783/1783
f 1781/1781 1783/1783 1784/1784
f 1785/1785 1786/1786 1787/1787
f 1785/1785 1787/1787 1788/1788
f 1789/1789 1790/1790 1791/1791
f 1792/1792 1793/1793 1794/1794
f 1795/1795 1796/1796 1797/1797
f 1798/1798 1799/1799 1800/1800
f 1801/1801 1802/1802 1803/1803
f 1804/1804 1805/1805 1806/1806
f 1807/1807 1808/1808 1809/1809
f 1810/1810 1811/1811 1812/1812
f 1813/1813 1814/1814 1815/1815
f 1816/1816 1817/1817 1818/1818
usemtl Leaf
f 1819/1819 1820/1820 1821/1821
f 1819/1819 1821/1821 1822/1822
usemtl Wood
f 1823/1823 1824/1824 1825/1825
f 1823/1823 1825/1825 1826/1826
f 1827/1827 1828/1828 1829/1829
f 1827/1827 1829/1829 1830/1830
f 1831/1831 1832/1832 1833/1833
f 1831/1831 1833/1833 1834/1834
f 1835/1835 1836/1836 1837/1837
f 1835/1835 1837/1837 1838/1838
f 1839/1839 1840/1840 1841/1841
f 1839/1839 1841/1841 1842/1842
f 1843/1843 1844/1844 1845/1845
f 1846/1846 1847/1847 1848/1848
f 1849/1849 1850/1850 1851/1851
f 1852/1852 1853/1853 1854/1854
f 1855/1855 1856/1856 1857/1857
f 1858/1858 1859/1859 1860/1860
f 1861/1861 1862/1862 1863/1863
f 1864/1864 1865/1865 1866/1866
f 1867/1867 1868/1868 1869/1869
f 1870/1870 1871/1871 1872/1872
f 1873/1873 1874/1874 1875/1875
f 1873/1873 1875/1875 1876/1876
f 1877/1877 1878/1878 1879/1879
f 1877/1877 1879/1879 1880/1880
f 1881/1881 1882/1882 1883/1883
f 1881/1881 1883/1883 1884/1884
f 1885/1885 1886/1886 1887/1887
f 1885/1885 1887/1887 1888/1888
f 1889/1889 1890/1890 1891/1891
f 1889/1889 1891/1891 1892/1892
f 1893/1893 1894/1894 1895/1895
f 1896/1896 1897/1897 1898/1898
f 1899/1899 1900/1900 1901/1901
f 1902/1902 1903/1903 1904/1904
f 1905/1905 1906/1906 1907/1907
f 1908/1908 1909/1909 1910/1910
f 1911/1911 1912/1912 1913/1913
f 1914/1914 1915/1915 1916/1916
f 1917/1917 1918/1918 1919/1919
f 1920/1920 1921/1921 1922/1922
usemtl Leaf
f 1923/1923 1924/1924 1925/1925
f 1923/1923 1925/1925 1926/1926
usemtl Wood
f 1927/1927 1928/1928 1929/1929
f 1927/1927 1929/1929 1930/1930
f 1931/1931 1932/1932 1933/1933
f 1931/1931 1933/1933 1934/1934
f 1935/1935 1936/1936 1937/1937
f 1935/1935 1937/1937 1938/1938
f 1939/1939 1940/1940 1941/1941
f 1939/1939 1941/1941 1942/1942
f 1943/1943 1944/1944 1945/1945
f 1943/1943 1945/1945 1946/1946
f 1947/1947 1948/1948 1949/1949
f 1950/1950 1951/1951 1952/1952
f 1953/1953 1954/1954 1955/1955
f 1956/1956 1957/1957 1958/1958
f 1959/1959 1960/1960 1961/1961
f 1962/1962 1963/1963 1964/1964
f 1965/1965 1966/1966 1967/1967
f 1968/1968 1969/1969 1970/1970
f 1971/1971 1972/1972 1973/1973
f 1974/1974 1975/1975 1976/1976
f 1977/1977 1978/1978 1979/1979
f 1977/1977 1979/1979 1980/1980
f 1981/1981 1982/1982 1983/1983
f 1981/1981 1983/1983 1984/1984
f 1985/1985 1986/1986 1987/1987
f 1985/1985 1987/1987 1988/1988
f 1989/1989 1990/1990 1991/1991
f 1989/1989 1991/1991 1992/1992
f 1993/1993 1994/1994 1995/1995
f 1993/1993 1995/1995 1996/1996
f 1997/1997 1998/1998 1999/1999
f 2000/2000 2001/2001 2002/2002
f 2003/2003 2004/2004 2005/2005
f 2006/2006 2007/2007 2008/2008
f 2009/2009 2010/2010 2011/2011
f 2012/2012 2013/2013 2014/2014
f 2015/2015 2016/2016 2017/2017
f 2018/2018 2019/2019 2020/2020
f 2021/2021 2022/2022 2023/2023
f 2024/2024 2025/2025 2026/2026
usemtl Leaf
f 2027/2027 2028/2028 2029/2029
f 2027/2027 2029/2029 2030/2030
usemtl Wood
f 2031/2031 2032/2032 2033/2033
f 2031/2031 2033/2033 2034/2034
f 2035/2035 2036/2036 2037/2037
f 2035/2035 2037/2037 2038/2038
f 2039/2039 2040/2040 2041/2041
f 2039/2039 2041/2041 2042/2042
f 2043/2043 2044/2044 2045/2045
f 2043/2043 2045/2045 2046/2046
f 2047/2047 2048/2048 2049/2049
f 2047/2047 2049/2049 2050/2050
f 2051/2051 2052/2052 2053/2053
f 2054/2054 2055/2055 2056/2056
f 2057/2057 2058/2058 2059/2059
f 2060/2060 2061/2061 2062/2062
f 2063/2063 2064/2064 2065/2065
f 2066/2066 2067/2067 2068/2068
f 2069/2069 2070/2070 2071/2071
f 2072/2072 2073/2073 2074/2074
f 2075/2075 2076/2076 2077/2077
f 2078/2078 2079/2079 2080/2080
f 2081/2081 2082/2082 2083/2083
f 2081/2081 2083/2083 2084/2084
f 2085/2085 2086/2086 2087/2087
f 2085/2085 2087/2087 2088/2088
f 2089/2089 2090/2090 2091/2091
f 2089/2089 2091/2091 2092/2092
f 2093/2093 2094/2094 2095/2095
f 2093/2093 2095/2095 2096/2096
f 2097/2097 2098/2098 2099/2099
f 2097/2097 2099/2099 2100/2100
f 2101/2101 2102/2102 2103/2103
f 2104/2104 2105/2105 2106/2106
f 2107/2107 2108/2108 2109/2109
f 2110/2110 2111/2111 2112/2112
f 2113/2113 2114/2114 2115/2115
f 2116/2116 2117/2117 2118/2118
f 2119/2119 2120/2120 2121/2121
f 2122/2122 2123/2123 2124/2124
f 2125/2125 2126/2126 2127/2127
f 2128/2128 2129/2129 2130/2130
usemtl Leaf
f 2131/2131 2132/2132 2133/2133
f 2131/2131 2133/2133 2134/2134
usemtl Wood
f 2135/2135 2136/2136 2137/2137
f 2135/2135 2137/2137 2138/2138
f 2139/2139 2140/2140 2141/2141
f 2139/2139 2141/2141 2142/2142
f 2143/2143 2144/2144 2145/2145
f 2143/2143 2145/2145 2146/2146
f 2147/2147 2148/2148 2149/2149
f 2147/2147 2149/2149 2150/2150
f 2151/2151 2152/2152 2153/2153
f 2151/2151 2153/2153 2154/2154
f 2155/2155 2156/2156 2157/2157
f 2158/2158 2159/2159 2160/2160
f 2161/2161 2162/2162 2163/2163
f 2164/2164 2165/2165 2166/2166
f 2167/2167 2168/2168 2169/2169
f 2170/2170 2171/2171 2172/2172
f 2173/2173 2174/2174 2175/2175
f 2176/2176 2177/2177 2178/2178
f 2179/2179 2180/2180 2181/2181
f 2182/2182 2183/2183 2184/2184
f 2185/2185 2186/2186 2187/2187
f 2185/2185 2187/2187 2188/2188
f 2189/2189 2190/2190 2191/2191
f 2189/2189 2191/2191 2192/2192
f 2193/2193 2194/2194 2195/2195
f 2193/2193 2195/2195 2196/2196
f 2197/2197 2198/2198 2199/2199
f 2197/2197 2199/2199 2200/2200
f 2201/2201 2202/2202 2203/2203
f 2201/2201 2203/2203 2204/2204
f 2205/2205 2206/2206 2207/2207
f 2208/2208 2209/2209 2210/2210
f 2211/2211 2212/2212 2213/2213
f 2214/2214 2215/2215 2216/2216
f 2217/2217 2218/2218 2219/2219
f 2220/2220 2221/2221 2222/2222
f 2223/2223 2224/2224 2225/2225
f 2226/2226 2227/2227 2228/2228
f 2229/2229 2230/2230 2231/2231
f 2232/2232 2233/2233 2234/2234
usemtl Leaf
f 2235/2235 2236/2236 2237/2237
f 2235/2235 2237/2237 2238/2238
usemtl Wood
f 2239/2239 2240/2240 2241/2241
f 2239/2239 2241/2241 2242/2242
f 2243/2243 2244/2244 2245/2245
f 2243/2243 2245/2245 2246/2246
f 2247/2247 2248/2248 2249/2249
f 2247/2247 2249/2249 2250/2250
f 2251/2251 2252/2252 2253/2253
f 2251/2251 2253/2253 2254/2254
f 2255/2255 2256/2256 2257/2257
f 2255/2255 2257/2257 2258/2258
f 2259/2259 2260/2260 2261/2261
f 2262/2262 2263/2263 2264/2264
f 2265/2265 2266/2266 2267/2267
f 2268/2268 2269/2269 2270/2270
f 2271/2271 2272/2272 2273/2273
f 2274/2274 2275/2275 2276/2276
f 2277/2277 2278/2278 2279/2279
f 2280/2280 2281/2281 2282/2282
f 2283/2283 2284/2284 2285/2285
f 2286/2286 2287/2287 2288/2288
f 2289/2289 2290/2290 2291/2291
f 2289/2289 2291/2291 2292/2292
f 2293/2293 2294/2294 2295/2295
f 2293/2293 2295/2295 2296/2296
f 2297/2297 2298/2298 2299/2299
f 2297/2297 2299/2299 2300/2300
f 2301/2301 2302/2302 2303/2303
f 2301/2301 2303/2303 2304/2304
f 2305/2305 2306/2306 2307/2307
f 2305/2305 2307/2307 2308/2308
f 2309/2309 2310/2310 2311/2311
f 2312/2312 2313/2313 2314/2314
f 2315/2315 2316/2316 2317/2317
f 2318/2318 2319/2319 2320/2320
f 2321/2321 2322/2322 2323/2323
f 2324/2324 2325/2325 2326/2326
f 2327/2327 2328/2328 2329/2329
f 2330/2330 2331/2331 2332/2332
f 2333/2333 2334/2334 2335/2335
f 2336/2336 2337/2337 2338/2338
usemtl Leaf
f 2339/2339 2340/2340 2341/2341
f 2339/2339 2341/2341 2342/2342
usemtl Wood
f 2343/2343 2344/2344 2345/2345
f 2343/2343 2345/2345 2346/2346
f 2347/2347 2348/2348 2349/2349
f 2347/2347 2349/2349 2350/2350
f 2351/2351 2352/2352 2353/2353
f 2351/2351 2353/2353 2354/2354
f 2355/2355 2356/2356 2357/2357
f 2355/2355 2357/2357 2358/2358
f 2359/2359 2360/2360 2361/2361
f 2359/2359 2361/2361 2362/2362
f 2363/2363 2364/2364 2365/2365
f 2366/2366 2367/2367 2368/2368
f 2369/2369 2370/2370 2371/2371
f 2372/2372 2373/2373 2374/2374
f 2375/2375 2376/2376 2377/2377
f 2378/2378 2379/2379 2380/2380
f 2381/2381 2382/2382 2383/2383
f 2384/2384 2385/2385 2386/2386
f 2387/2387 2388/2388 2389/2389
f 2390/2390 2391/2391 2392/2392
f 2393/2393 2394/2394 2395/2395
f 2393/2393 2395/2395 2396/2396
f 2397/2397 2398/2398 2399/2399
f 2397/2397 2399/2399 2400/2400
f 2401/2401 2402/2402 2403/2403
f 2401/2401 2403/2403 2404/2404
f 2405/2405 2406/2406 2407/2407
f 2405/2405 2407/2407 2408/2408
f 2409/2409 2410/2410 2411/2411
f 2409/2409 2411/2411 2412/2412
f 2413/2413 2414/2414 2415/2415
f 2416/2416 2417/2417 2418/2418
f 2419/2419 2420/2420 2421/2421
f 2422/2422 2423/2423 2424/2424
f 2425/2425 2426/2426 2427/2427
f 2428/2428 2429/2429 2430/2430
f 2431/2431 2432/2432 2433/2433
f 2434/2434 2435/2435 2436/2436
f 2437/2437 2438/2438 2439/2439
f 2440/2440 2441/2441 2442/2442
usemtl Leaf
f 2443/2443 2444/2444 2445/2445
f 2443/2443 2445/2445 2446/2446
usemtl Wood
f 2447/2447 2448/2448 2449/2449
f 2447/2447 2449/2449 2450/2450
f 2451/2451 2452/2452 2453/2453
f 2451/2451 2453/2453 2454/2454
f 2455/2455 2456/2456 2457/2457
f 2455/2455 2457/2457 2458/2458
f 2459/2459 2460/2460 2461/2461
f 2459/2459 2461/2461 2462/2462
f 2463/2463 2464/2464 2465/2465
f 2463/2463 2465/2465 2466/2466
f 2467/2467 2468/2468 2469/2469
f 2470/2470 2471/2471 2472/2472
f 2473/2473 2474/2474 2475/2475
f 2476/2476 2477/2477 2478/2478
f 2479/2479 2480/2480 2481/2481
f 2482/2482 2483/2483 2484/2484
f 2485/2485 2486/2486 2487/2487
f 2488/2488 2489/2489 2490/2490
f 2491/2491 2492/2492 2493/2493
f 2494/2494 2495/2495 2496/2496
f 2497/2497 2498/2498 2499/2499
f 2497/2497 2499/2499 2500/2500
f 2501/2501 2502/2502 2503/2503
f 2501/2501 2503/2503 2504/2504
f 2505/2505 2506/2506 2507/2507
f 2505/2505 2507/2507 2508/2508
f 2509/2509 2510/2510 2511/2511
f 2509/2509 2511/2511 2512/2512
f 2513/2513 2514/2514 2515/2515
f 2513/2513 2515/2515 2516/2516
f 2517/2517 2518/2518 2519/2519
f 2520/2520 2521/2521 2522/2522
f 2523/2523 2524/2524 2525/2525
f 2526/2526 2527/2527 2528/2528
f 2529/2529 2530/2530 2531/2531
f 2532/2532 2533/2533 2534/2534
f 2535/2535 2536/2536 2537/2537
f 2538/2538 2539/2539 2540/2540
f 2541/2541 2542/2542 2543/2543
f 2544/2544 2545/2545 2546/2546
usemtl Leaf
f 2547/2547 2548/2548 2549/2549
f 2547/2547 2549/2549 2550/2550
usemtl Wood
f 2551/2551 2552/2552 2553/2553
f 2551/2551 2553/2553 2554/2554
f 2555/2555 2556/2556 2557/2557
f 2555/2555 2557/2557 2558/2558
f 2559/2559 2560/2560 2561/2561
f 2559/2559 2561/2561 2562/2562
f 2563/2563 2564/2564 2565/2565
f 2563/2563 2565/2565 2566/2566
f 2567/2567 2568/2568 2569/2569
f 2567/2567 2569/2569 2570/2570
f 2571/2571 2572/2572 2573/2573
f 2574/2574 2575/2575 2576/2576
f 2577/2577 2578/2578 2579/2579
f 2580/2580 2581/2581 2582/2582
f 2583/2583 2584/2584 2585/2585
f 2586/2586 2587/2587 2588/2588
f 2589/2589 2590/2590 2591/2591
f 2592/2592 2593/2593 2594/2594
f 2595/2595 2596/2596 2597/2597
f 2598/2598 2599/2599 2600/2600
f 2601/2601 2602/2602 2603/2603
f 2601/2601 2603/2603 2604/2604
f 2605/2605 2606/2606 2607/2607
f 2605/2605 2607/2607 2608/2608
f 2609/2609 2610/2610 2611/2611
f 2609/2609 2611/2611 2612/2612
f 2613/2613 2614/2614 2615/2615
f 2613/2613 2615/2615 2616/2616
f 2617/2617 2618/2618 2619/2619
f 2617/2617 2619/2619 2620/2620
f 2621/2621 2622/2622 2623/2623
f 2624/2624 2625/2625 2626/2626
f 2627/2627 2628/2628 2629/2629
f 2630/2630 2631/2631 2632/2632
f 2633/2633 2634/2634 2635/2635
f 2636/2636 2637/2637 2638/2638
f 2639/2639 2640/2640 2641/2641
f 2642/2642 2643/2643 2644/2644
f 2645/2645 2646/2646 2647/2647
f 2648/2648 2649/2649 2650/2650
usemtl Leaf
f 2651/2651 2652/2652 2653/2653
f 2651/2651 2653/2653 2654/2654
usemtl Wood
f 2655/2655 2656/2656 2657/2657
f 2655/2655 2657/2657 2658/2658
f 2659/2659 2660/2660 2661/2661
f 2659/2659 2661/2661 2662/2662
f 2663/2663 2664/2664 2665/2665
f 2663/2663 2665/2665 2666/2666
f 2667/2667 2668/2668 2669/2669
f 2667/2667 2669/2669 2670/2670
f 2671/2671 2672/2672 2673/2673
f 2671/2671 2673/2673 2674/2674
f 2675/2675 2676/2676 2677/2677
f 2678/2678 2679/2679 2680/2680
f 2681/2681 2682/2682 2683/2683
f 2684/2684 2685/2685 2686/2686
f 2687/2687 2688/2688 2689/2689
f 2690/2690 2691/2691 2692/2692
f 2693/2693 2694/2694 2695/2695
f 2696/2696 2697/2697 2698/2698
f 2699/2699 2700/2700 2701/2701
f 2702/2702 2703/2703 2704/2704
f 2705/2705 2706/2706 2707/2707
f 2705/2705 2707/2707 2708/2708
f 2709/2709 2710/2710 2711/2711
f 2709/2709 2711/2711 2712/2712
f 2713/2713 2714/2714 2715/2715
f 2713/2713 2715/2715 2716/2716
f 2717/2717 2718/2718 2719/2719
f 2717/2717 2719/2719 2720/2720
f 2721/2721 2722/2722 2723/2723
f 2721/2721 2723/2723 2724/2724
f 2725/2725 2726/2726 2727/2727
f 2728/2728 2729/2729 2730/2730
f 2731/2731 2732/2732 2733/2733
f 2734/2734 2735/2735 2736/2736
f 2737/2737 2738/2738 2739/2739
f 2740/2740 2741/2741 2742/2742
f 2743/2743 2744/2744 2745/2745
f 2746/2746 2747/2747 2748/2748
f 2749/2749 2750/2750 2751/2751
f 2752/2752 2753/2753 2754/2754
usemtl Leaf
f 2755/2755 2756/2756 2757/2757
f 2755/2755 2757/2757 2758/2758
usemtl Wood
f 2759/2759 2760/2760 2761/2761
f 2759/2759 2761/2761 2762/2762
f 2763/2763 2764/2764 2765/2765
f 2763/2763 2765/2765 2766/2766
f 2767/2767 2768/2768 2769/2769
f 2767/2767 2769/2769 2770/2770
f 2771/2771 2772/2772 2773/2773
f 2771/2771 2773/2773 2774/2774
f 2775/2775 2776/2776 2777/2777
f 2775/2775 2777/2777 2778/2778
f 2779/2779 2780/2780 2781/2781
f 2782/2782 2783/2783 2784/2784
f 2785/2785 2786/2786 2787/2787
f 2788/2788 2789/2789 2790/2790
f 2791/2791 2792/2792 2793/2793
f 2794/2794 2795/2795 2796/2796
f 2797/2797 2798/2798 2799/2799
f 2800/2800 2801/2801 2802/2802
f 2803/2803 2804/2804 2805/2805
f 2806/2806 2807/2807 2808/2808
f 2809/2809 2810/2810 2811/2811
f 2809/2809 2811/2811 2812/2812
f 2813/2813 2814/2814 2815/2815
f 2813/2813 2815/2815 2816/2816
f 2817/2817 2818/2818 2819/2819
f 2817/2817 2819/2819 2820/2820
f 2821/2821 2822/2822 2823/2823
f 2821/2821 2823/2823 2824/2824
f 2825/2825 2826/2826 2827/2827
f 2825/2825 2827/2827 2828/2828
f 2829/2829 2830/2830 2831/2831
f 2832/2832 2833/2833 2834/2834
f 2835/2835 2836/2836 2837/2837
f 2838/2838 2839/2839 2840/2840
f 2841/2841 2842/2842 2843/2843
f 2844/2844 2845/2845 2846/2846
f 2847/2847 2848/2848 2849/2849
f 2850/2850 2851/2851 2852/2852
f 2853/2853 2854/2854 2855/2855
f 2856/2856 2857/2857 2858/2858
usemtl Leaf
f 2859/2859 2860/2860 2861/2861
f 2859/2859 2861/2861 2862/2862
usemtl Wood
f 2863/2863 2864/2864 2865/2865
f 2863/2863 2865/2865 2866/2866
f 2867/2867 2868/2868 2869/2869
f 2867/2867 2869/2869 2870/2870
f 2871/2871 2872/2872 2873/2873
f 2871/2871 2873/2873 2874/2874
f 2875/2875 2876/2876 2877/2877
f 2875/2875 2877/2877 2878/2878
f 2879/2879 2880/2880 2881/2881
f 2879/2879 2881/2881 2882/2882
f 2883/2883 2884/2884 2885/2885
f 2886/2886 2887/2887 2888/2888
f 2889/2889 2890/2890 2891/2891
f 2892/2892 2893/2893 2894/2894
f 2895/2895 2896/2896 2897/2897
f 2898/2898 2899/2899 2900/2900
f 2901/2901 2902/2902 2903/2903
f 2904/2904 2905/2905 2906/2906
f 2907/2907 2908/2908 2909/2909
f 2910/2910 2911/2911 2912/2912
f 2913/2913 2914/2914 2915/2915
f 2913/2913 2915/2915 2916/2916
f 2917/2917 2918/2918 2919/2919
f 2917/2917 2919/2919 2920/2920
f 2921/2921 2922/2922 2923/2923
f 2921/2921 2923/2923 2924/2924
f 2925/2925 2926/2926 2927/2927
f 2925/2925 2927/2927 2928/2928
f 2929/2929 2930/2930 2931/2931
f 2929/2929 2931/2931 2932/2932
f 2933/2933 2934/2934 2935/2935
f 2936/2936 2937/2937 2938/2938
f 2939/2939 2940/2940 2941/2941
f 2942/2942 2943/2943 2944/2944
f 2945/2945 2946/2946 2947/2947
f 2948/2948 2949/2949 2950/2950
f 2951/2951 2952/2952 2953/2953
f 2954/2954 2955/2955 2956/2956
f 2957/2957 2958/2958 2959/2959
f 2960/2960 2961/2961 2962/2962
usemtl Leaf
f 2963/2963 2964/2964 2965/2965
f 2963/2963 2965/2965 2966/2966
usemtl Wood
f 2967/2967 2968/2968 2969/2969
f 2967/2967 2969/2969 2970/2970
f 2971/2971 2972/2972 2973/2973
f 2971/2971 2973/2973 2974/2974
f 2975/2975 2976/2976 2977/2977
f 2975/2975 2977/2977 2978/2978
f 2979/2979 2980/2980 2981/2981
f 2979/2979 2981/2981 2982/2982
f 2983/2983 2984/2984 2985/2985
f 2983/2983 2985/2985 2986/2986
f 2987/2987 2988/2988 2989/2989
f 2990/2990 2991/2991 2992/2992
f 2993/2993 2994/2994 2995/2995
f 2996/2996 2997/2997 2998/2998
f 2999/2999 3000/3000 3001/3001
f 3002/3002 3003/3003 3004/3004
f 3005/3005 3006/3006 3007/3007
f 3008/3008 3009/3009 3010/3010
f 3011/3011 3012/3012 3013/3013
f 3014/3014 3015/3015 3016/3016
f 3017/3017 3018/3018 3019/3019
f 3017/3017 3019/3019 3020/3020
f 3021/3021 3022/3022 3023/3023
f 3021/3021 3023/3023 3024/3024
f 3025/3025 3026/3026 3027/3027
f 3025/3025 3027/3027 3028/3028
f 3029/3029 3030/3030 3031/3031
f 3029/3029 3031/3031 3032/3032
f 3033/3033 3034/3034 3035/3035
f 3033/3033 3035/3035 3036/3036
f 3037/3037 3038/3038 3039/3039
f 3040/3040 3041/3041 3042/3042
f 3043/3043 3044/3044 3045/3045
f 3046/3046 3047/3047 3048/3048
f 3049/3049 3050/3050 3051/3051
f 3052/3052 3053/3053 3054/3054
f 3055/3055 3056/3056 3057/3057
f 3058/3058 3059/3059 3060/3060
f 3061/3061 3062/3062 3063/3063
f 3064/3064 3065/3065 3066/3066
usemtl Leaf
f 3067/3067 3068/3068 3069/3069
f 3067/3067 3069/3069 3070/3070
usemtl Wood
f 3071/3071 3072/3072 3073/3073
f 3071/3071 3073/3073 3074/3074
f 3075/3075 3076/3076 3077/3077
f 3075/3075 3077/3077 3078/3078
f 3079/3079 3080/3080 3081/3081
f 3079/3079 3081/3081 3082/3082
f 3083/3083 3084/3084 3085/3085
f 3083/3083 3085/3085 3086/3086
f 3087/3087 3088/3088 3089/3089
f 3087/3087 3089/3089 3090/3090
f 3091/3091 3092/3092 3093/3093
f 3094/3094 3095/3095 3096/3096
f 3097/3097 3098/3098 3099/3099
f 3100/3100 3101/3101 3102/3102
f 3103/3103 3104/3104 3105/3105
f 3106/3106 3107/3107 3108/3108
f 3109/3109 3110/3110 3111/3111
f 3112/3112 3113/3113 3114/3114
f 3115/3115 3116/3116 3117/3117
f 3118/3118 3119/3119 3120/3120
f 3121/3121 3122/3122 3123/3123
f 3121/3121 3123/3123 3124/3124
f 3125/3125 3126/3126 3127/3127
f 3125/3125 3127/3127 3128/3128
f 3129/3129 3130/3130 3131/3131
f 3129/3129 3131/3131 3132/3132
f 3133/3133 3134/3134 3135/3135
f 3133/3133 3135/3135 3136/3136
f 3137/3137 3138/3138 3139/3139
f 3137/3137 3139/3139 3140/3140
f 3141/3141 3142/3142 3143/3143
f 3144/3144 3145/3145 3146/3146
f 3147/3147 3148/3148 3149/3149
f 3150/3150 3151/3151 3152/3152
f 3153/3153 3154/3154 3155/3155
f 3156/3156 3157/3157 3158/3158
f 3159/3159 3160/3160 3161/3161
f 3162/3162 3163/3163 3164/3164
f 3165/3165 3166/3166 3167/3167
f 3168/3168 3169/3169 3170/3170
usemtl Leaf
f 3171/3171 3172/3172 3173/3173
f 3171/3171 3173/3173 3174/3174
usemtl Wood
f 3175/3175 3176/3176 3177/3177
f 3175/3175 3177/3177 3178/3178
f 3179/3179 3180/3180 3181/3181
f 3179/3179 3181/3181 3182/3182
f 3183/3183 3184/3184 3185/3185
f 3183/3183 3185/3185 3186/3186
f 3187/3187 3188/3188 3189/3189
f 3187/3187 3189/3189 3190/3190
f 3191/3191 3192/3192 3193/3193
f 3191/3191 3193/3193 3194/3194
f 3195/3195 3196/3196 3197/3197
f 3198/3198 3199/3199 3200/3200
f 3201/3201 3202/3202 3203/3203
f 3204/3204 3205/3205 3206/3206
f 3207/3207 3208/3208 3209/3209
f 3210/3210 3211/3211 3212/3212
f 3213/3213 3214/3214 3215/3215
f 3216/3216 3217/3217 3218/3218
f 3219/3219 3220/3220 3221/3221
f 3222/3222 3223/3223 3224/3224
f 3225/3225 3226/3226 3227/3227
f 3225/3225 3227/3227 3228/3228
f 3229/3229 3230/3230 3231/3231
f 3229/3229 3231/3231 3232/3232
f 3233/3233 3234/3234 3235/3235
f 3233/3233 3235/3235 3236/3236
f 3237/3237 3238/3238 3239/3239
f 3237/3237 3239/3239 3240/3240
f 3241/3241 3242/3242 3243/3243
f 3241/3241 3243/3243 3244/3244
f 3245/3245 3246/3246 3247/3247
f 3248/3248 3249/3249 3250/3250
f 3251/3251 3252/3252 3253/3253
f 3254/3254 3255/3255 3256/3256
f 3257/3257 3258/3258 3259/3259
f 3260/3260 3261/3261 3262/3262
f 3263/3263 3264/3264 3265/3265
f 3266/3266 3267/3267 3268/3268
f 3269/3269 3270/3270 3271/3271
f 3272/3272 3273/3273 3274/3274
usemtl Leaf
f 3275/3275 3276/3276 3277/3277
f 3275/3275 3277/3277 3278/3278
usemtl Wood
f 3279/3279 3280/3280 3281/3281
f 3279/3279 3281/3281 3282/3282
f 3283/3283 3284/3284 3285/3285
f 3283/3283 3285/3285 3286/3286
f 3287/3287 3288/3288 3289/3289
f 3287/3287 3289/3289 3290/3290
f 3291/3291 3292/3292 3293/3293
f 3291/3291 3293/3293 3294/3294
f 3295/3295 3296/3296 3297/3297
f 3295/3295 3297/3297 3298/3298
f 3299/3299 3300/3300 3301/3301
f 3302/3302 3303/3303 3304/3304
f 3305/3305 3306/3306 3307/3307
f 3308/3308 3309/3309 3310/3310
f 3311/3311 3312/3312 3313/3313
f 3314/3314 3315/3315 3316/3316
f 3317/3317 3318/3318 3319/3319
f 3320/3320 3321/3321 3322/3322
f 3323/3323 3324/3324 3325/3325
f 3326/3326 3327/3327 3328/3328
f 3329/3329 3330/3330 3331/3331
f 3329/3329 3331/3331 3332/3332
f 3333/3333 3334/3334 3335/3335
f 3333/3333 3335/3335 3336/3336
f 3337/3337 3338/3338 3339/3339
f 3337/3337 3339/3339 3340/3340
f 3341/3341 3342/3342 3343/3343
f 3341/3341 3343/3343 3344/3344
f 3345/3345 3346/3346 3347/3347
f 3345/3345 3347/3347 3348/3348
f 3349/3349 3350/3350 3351/3351
f 3352/3352 3353/3353 3354/3354
f 3355/3355 3356/3356 3357/3357
f 3358/3358 3359/3359 3360/3360
f 3361/3361 3362/3362 3363/3363
f 3364/3364 3365/3365 3366/3366
f 3367/3367 3368/3368 3369/3369
f 3370/3370 3371/3371 3372/3372
f 3373/3373 3374/3374 3375/3375
f 3376/3376 3377/3377 3378/3378
usemtl Leaf
f 3379/3379 3380/3380 3381/3381
f 3379/3379 3381/3381 3382/3382
usemtl Wood
f 3383/3383 3384/3384 3385/3385
f 3383/3383 3385/3385 3386/3386
f 3387/3387 3388/3388 3389/3389
f 3387/3387 3389/3389 3390/3390
f 3391/3391 3392/3392 3393/3393
f 3391/3391 3393/3393 3394/3394
f 3395/3395 3396/3396 3397/3397
f 3395/3395 3397/3397 3398/3398
f 3399/3399 3400/3400 3401/3401
f 3399/3399 3401/3401 3402/3402
f 3403/3403 3404/3404 3405/3405
f 3406/3406 3407/3407 3408/3408
f 3409/3409 3410/3410 3411/3411
f 3412/3412 3413/3413 3414/3414
f 3415/3415 3416/3416 3417/3417
f 3418/3418 3419/3419 3420/3420
f 3421/3421 3422/3422 3423/3423
f 3424/3424 3425/3425 3426/3426
f 3427/3427 3428/3428 3429/3429
f 3430/3430 3431/3431 3432/3432
f 3433/3433 3434/3434 3435/3435
f 3433/3433 3435/3435 3436/3436
f 3437/3437 3438/3438 3439/3439
f 3437/3437 3439/3439 3440/3440
f 3441/3441 3442/3442 3443/3443
f 3441/3441 3443/3443 3444/3444
f 3445/3445 3446/3446 3447/3447
f 3445/3445 3447/3447 3448/3448
f 3449/3449 3450/3450 3451/3451
f 3449/3449 3451/3451 3452/3452
f 3453/3453 3454/3454 3455/3455
f 3456/3456 3457/3457 3458/3458
f 3459/3459 3460/3460 3461/3461
f 3462/3462 3463/3463 3464/3464
f 3465/3465 3466/3466 3467/3467
f 3468/3468 3469/3469 3470/3470
f 3471/3471 3472/3472 3473/3473
f 3474/3474 3475/3475 3476/3476
f 3477/3477 3478/3478 3479/3479
f 3480/3480 3481/3481 3482/3482
usemtl Leaf
f 3483/3483 3484/3484 3485/3485
f 3483/3483 3485/3485 3486/3486
usemtl Wood
f 3487/3487 3488/3488 3489/3489
f 3487/3487 3489/3489 3490/3490
f 3491/3491 3492/3492 3493/3493
f 3491/3491 3493/3493 3494/3494
f 3495/3495 3496/3496 3497/3497
f 3495/3495 3497/3497 3498/3498
f 3499/3499 3500/3500 3501/3501
f 3499/3499 3501/3501 3502/3502
f 3503/3503 3504/3504 3505/3505
f 3503/3503 3505/3505 3506/3506
f 3507/3507 3508/3508 3509/3509
f 3510/3510 3511/3511 3512/3512
f 3513/3513 3514/3514 3515/3515
f 3516/3516 3517/3517 3518/3518
f 3519/3519 3520/3520 3521/3521
f 3522/3522 3523/3523 3524/3524
f 3525/3525 3526/3526 3527/3527
f 3528/3528 3529/3529 3530/3530
f 3531/3531 3532/3532 3533/3533
f 3534/3534 3535/3535 3536/3536
f 3537/3537 3538/3538 3539/3539
f 3537/3537 3539/3539 3540/3540
f 3541/3541 3542/3542 3543/3543
f 3541/3541 3543/3543 3544/3544
f 3545/3545 3546/3546 3547/3547
f 3545/3545 3547/3547 3548/3548
f 3549/3549 3550/3550 3551/3551
f 3549/3549 3551/3551 3552/3552
f 3553/3553 3554/3554 3555/3555
f 3553/3553 3555/3555 3556/3556
f 3557/3557 3558/3558 3559/3559
f 3560/3560 3561/3561 3562/3562
f 3563/3563 3564/3564 3565/3565
f 3566/3566 3567/3567 3568/3568
f 3569/3569 3570/3570 3571/3571
f 3572/3572 3573/3573 3574/3574
f 3575/3575 3576/3576 3577/3577
f 3578/3578 3579/3579 3580/3580
f 3581/3581 3582/3582 3583/3583
f 3584/3584 3585/3585 3586/3586
usemtl Leaf
f 3587/3587 3588/3588 3589/3589
f 3587/3587 3589/3589 3590/3590
usemtl Wood
f 3591/3591 3592/3592 3593/3593
f 3591/3591 3593/3593 3594/3594
f 3595/3595 3596/3596 3597/3597
f 3595/3595 3597/3597 3598/3598
f 3599/3599 3600/3600 3601/3601
f 3599/3599 3601/3601 3602/3602
f 3603/3603 3604/3604 3605/3605
f 3603/3603 3605/3605 3606/3606
f 3607/3607 3608/3608 3609/3609
f 3607/3607 3609/3609 3610/3610
f 3611/3611 3612/3612 3613/3613
f 3614/3614 3615/3615 3616/3616
f 3617/3617 3618/3618 3619/3619
f 3620/3620 3621/3621 3622/3622
f 3623/3623 3624/3624 3625/3625
f 3626/3626 3627/3627 3628/3628
f 3629/3629 3630/3630 3631/3631
f 3632/3632 3633/3633 3634/3634
f 3635/3635 3636/3636 3637/3637
f 3638/3638 3639/3639 3640/3640
f 3641/3641 3642/3642 3643/3643
f 3641/3641 3643/3643 3644/3644
f 3645/3645 3646/3646 3647/3647
f 3645/3645 3647/3647 3648/3648
f 3649/3649 3650/3650 3651/3651
f 3649/3649 3651/3651 3652/3652
f 3653/3653 3654/3654 3655/3655
f 3653/3653 3655/3655 3656/3656
f 3657/3657 3658/3658 3659/3659
f 3657/3657 3659/3659 3660/3660
f 3661/3661 3662/3662 3663/3663
f 3664/3664 3665/3665 3666/3666
f 3667/3667 3668/3668 3669/3669
f 3670/3670 3671/3671 3672/3672
f 3673/3673 3674/3674 3675/3675
f 3676/3676 3677/3677 3678/3678
f 3679/3679 3680/3680 3681/3681
f 3682/3682 3683/3683 3684/3684
f 3685/3685 3686/3686 3687/3687
f 3688/3688 3689/3689 3690/3690
usemtl Leaf
f 3691/3691 3692/3692 3693/3693
f 3691/3691 3693/3693 3694/3694
usemtl Wood
f 3695/3695 3696/3696 3697/3697
f 3695/3695 3697/3697 3698/3698
f 3699/3699 3700/3700 3701/3701
f 3699/3699 3701/3701 3702/3702
f 3703/3703 3704/3704 3705/3705
f 3703/3703 3705/3705 3706/3706
f 3707/3707 3708/3708 3709/3709
f 3707/3707 3709/3709 3710/3710
f 3711/3711 3712/3712 3713/3713
f 3711/3711 3713/3713 3714/3714
f 3715/3715 3716/3716 3717/3717
f 3718/3718 3719/3719 3720/3720
f 3721/3721 3722/3722 3723/3723
f 3724/3724 3725/3725 3726/3726
f 3727/3727 3728/3728 3729/3729
f 3730/3730 3731/3731 3732/3732
f 3733/3733 3734/3734 3735/3735
f 3736/3736 3737/3737 3738/3738
f 3739/3739 3740/3740 3741/3741
f 3742/3742 3743/3743 3744/3744
f 3745/3745 3746/3746 3747/3747
f 3745/3745 3747/3747 3748/3748
f 3749/3749 3750/3750 3751/3751
f 3749/3749 3751/3751 3752/3752
f 3753/3753 3754/3754 3755/3755
f 3753/3753 3755/3755 3756/3756
f 3757/3757 3758/3758 3759/3759
f 3757/3757 3759/3759 3760/3760
f 3761/3761 3762/3762 3763/3763
f 3761/3761 3763/3763 3764/3764
f 3765/3765 3766/3766 3767/3767
f 3768/3768 3769/3769 3770/3770
f 3771/3771 3772/3772 3773/3773
f 3774/3774 3775/3775 3776/3776
f 3777/3777 3778/3778 3779/3779
f 3780/3780 3781/3781 3782/3782
f 3783/3783 3784/3784 3785/3785
f 3786/3786 3787/3787 3788/3788
f 3789/3789 3790/3790 3791/3791
f 3792/3792 3793/3793 3794/3794
usemtl Leaf
f 3795/3795 3796/3796 3797/3797
f 3795/3795 3797/3797 3798/3798
usemtl Wood
f 3799/3799 3800/3800 3801/3801
f 3799/3799 3801/3801 3802/3802
f 3803/3803 3804/3804 3805/3805
f 3803/3803 3805/3805 3806/3806
f 3807/3807 3808/3808 3809/3809
f 3807/3807 3809/3809 3810/3810
f 3811/3811 3812/3812 3813/3813
f 3811/3811 3813/3813 3814/3814
f 3815/3815 3816/3816 3817/3817
f 3815/3815 3817/3817 3818/3818
f 3819/3819 3820/3820 3821/3821
f 3822/3822 3823/3823 3824/3824
f 3825/3825 3826/3826 3827/3827
f 3828/3828 3829/3829 3830/3830
f 3831/3831 3832/3832 3833/3833
f 3834/3834 3835/3835 3836/3836
f 3837/3837 3838/3838 3839/3839
f 3840/3840 3841/3841 3842/3842
f 3843/3843 3844/3844 3845/3845
f 3846/3846 3847/3847 3848/3848
f 3849/3849 3850/3850 3851/3851
f 3849/3849 3851/3851 3852/3852
f 3853/3853 3854/3854 3855/3855
f 3853/3853 3855/3855 3856/3856
f 3857/3857 3858/3858 3859/3859
f 3857/3857 3859/3859 3860/3860
f 3861/3861 3862/3862 3863/3863
f 3861/3861 3863/3863 3864/3864
f 3865/3865 3866/3866 3867/3867
f 3865/3865 3867/3867 3868/3868
f 3869/3869 3870/3870 3871/3871
f 3872/3872 3873/3873 3874/3874
f 3875/3875 3876/3876 3877/3877
f 3878/3878 3879/3879 3880/3880
f 3881/3881 3882/3882 3883/3883
f 3884/3884 3885/3885 3886/3886
f 3887/3887 3888/3888 3889/3889
f 3890/3890 3891/3891 3892/3892
f 3893/3893 3894/3894 3895/3895
f 3896/3896 3897/3897 3898/3898
usemtl Leaf
f 3899/3899 3900/3900 3901/3901
f 3899/3899 3901/3901 3902/3902
usemtl Wood
f 3903/3903 3904/3904 3905/3905
f 3903/3903 3905/3905 3906/3906
f 3907/3907 3908/3908 3909/3909
f 3907/3907 3909/3909 3910/3910
f 3911/3911 3912/3912 3913/3913
f 3911/3911 3913/3913 3914/3914
f 3915/3915 3916/3916 3917/3917
f 3915/3915 3917/3917 3918/3918
f 3919/3919 3920/3920 3921/3921
f 3919/3919 3921/3921 3922/3922
f 3923/3923 3924/3924 3925/3925
f 3926/3926 3927/3927 3928/3928
f 3929/3929 3930/3930 3931/3931
f 3932/3932 3933/3933 3934/3934
f 3935/3935 3936/3936 3937/3937
f 3938/3938 3939/3939 3940/3940
f 3941/3941 3942/3942 3943/3943
f 3944/3944 3945/3945 3946/3946
f 3947/3947 3948/3948 3949/3949
f 3950/3950 3951/3951 3952/3952
f 3953/3953 3954/3954 3955/3955
f 3953/3953 3955/3955 3956/3956
f 3957/3957 3958/3958 3959/3959
f 3957/3957 3959/3959 3960/3960
f 3961/3961 3962/3962 3963/3963
f 3961/3961 3963/3963 3964/3964
f 3965/3965 3966/3966 3967/3967
f 3965/3965 3967/3967 3968/3968
f 3969/3969 3970/3970 3971/3971
f 3969/3969 3971/3971 3972/3972
f 3973/3973 3974/3974 3975/3975
f 3976/3976 3977/3977 3978/3978
f 3979/3979 3980/3980 3981/3981
f 3982/3982 3983/3983 3984/3984
f 3985/3985 3986/3986 3987/3987
f 3988/3988 3989/3989 3990/3990
f 3991/3991 3992/3992 3993/3993
f 3994/3994 3995/3995 3996/3996
f 3997/3997 3998/3998 3999/3999
f 4000/4000 4001/4001 4002/4002
usemtl Leaf
f 4003/4003 4004/4004 4005/4005
f 4003/4003 4005/4005 4006/4006
usemtl Wood
f 4007/4007 4008/4008 4009/4009
f 4007/4007 4009/4009 4010/4010
f 4011/4011 4012/4012 4013/4013
f 4011/4011 4013/4013 4014/4014
f 4015/4015 4016/4016 4017/4017
f 4015/4015 4017/4017 4018/4018
f 4019/4019 4020/4020 4021/4021
f 4019/4019 4021/4021 4022/4022
f 4023/4023 4024/4024 4025/4025
f 4023/4023 4025/4025 4026/4026
f 4027/4027 4028/4028 4029/4029
f 4030/4030 4031/4031 4032/4032
f 4033/4033 4034/4034 4035/4035
f 4036/4036 4037/4037 4038/4038
f 4039/4039 4040/4040 4041/4041
f 4042/4042 4043/4043 4044/4044
f 4045/4045 4046/4046 4047/4047
f 4048/4048 4049/4049 4050/4050
f 4051/4051 4052/4052 4053/4053
f 4054/4054 4055/4055 4056/4056
f 4057/4057 4058/4058 4059/4059
f 4057/4057 4059/4059 4060/4060
f 4061/4061 4062/4062 4063/4063
f 4061/4061 4063/4063 4064/4064
f 4065/4065 4066/4066 4067/4067
f 4065/4065 4067/4067 4068/4068
f 4069/4069 4070/4070 4071/4071
f 4069/4069 4071/4071 4072/4072
f 4073/4073 4074/4074 4075/4075
f 4073/4073 4075/4075 4076/4076
f 4077/4077 4078/4078 4079/4079
f 4080/4080 4081/4081 4082/4082
f 4083/4083 4084/4084 4085/4085
f 4086/4086 4087/4087 4088/4088
f 4089/4089 4090/4090 4091/4091
f 4092/4092 4093/4093 4094/4094
f 4095/4095 4096/4096 4097/4097
f 4098/4098 4099/4099 4100/4100
f 4101/4101 4102/4102 4103/4103
f 4104/4104 4105/4105 4106/4106
usemtl Leaf
f 4107/4107 4108/4108 4109/4109
f 4107/4107 4109/4109 4110/4110
usemtl Wood
f 4111/4111 4112/4112 4113/4113
f 4111/4111 4113/4113 4114/4114
f 4115/4115 4116/4116 4117/4117
f 4115/4115 4117/4117 4118/4118
f 4119/4119 4120/4120 4121/4121
f 4119/4119 4121/4121 4122/4122
f 4123/4123 4124/4124 4125/4125
f 4123/4123 4125/4125 4126/4126
f 4127/4127 4128/4128 4129/4129
f 4127/4127 4129/4129 4130/4130
f 4131/4131 4132/4132 4133/4133
f 4134/4134 4135/4135 4136/4136
f 4137/4137 4138/4138 4139/4139
f 4140/4140 4141/4141 4142/4142
f 4143/4143 4144/4144 4145/4145
f 4146/4146 4147/4147 4148/4148
f 4149/4149 4150/4150 4151/4151
f 4152/4152 4153/4153 4154/4154
f 4155/4155 4156/4156 4157/4157
f 4158/4158 4159/4159 4160/4160
usemtl Leaf
f 4161/4161 4162/4162 4163/4163
f 4161/4161 4163/4163 4164/4164
usemtl Wood
f 4165/4165 4166/4166 4167/4167
f 4165/4165 4167/4167 4168/4168
f 4169/4169 4170/4170 4171/4171
f 4169/4169 4171/4171 4172/4172
f 4173/4173 4174/4174 4175/4175
f 4173/4173 4175/4175 4176/4176
f 4177/4177 4178/4178 4179/4179
f 4177/4177 4179/4179 4180/4180
f 4181/4181 4182/4182 4183/4183
f 4181/4181 4183/4183 4184/4184
f 4185/4185 4186/4186 4187/4187
f 4188/4188 4189/4189 4190/4190
f 4191/4191 4192/4192 4193/4193
f 4194/4194 4195/4195 4196/4196
f 4197/4197 4198/4198 4199/4199
f 4200/4200 4201/4201 4202/4202
f 4203/4203 4204/4204 4205/4205
f 4206/4206 4207/4207 4208/4208
f 4209/4209 4210/4210 4211/4211
f 4212/4212 4213/4213 4214/4214
usemtl Leaf
f 4215/4215 4216/4216 4217/4217
f 4215/4215 4217/4217 4218/4218
usemtl Wood
f 4219/4219 4220/4220 4221/4221
f 4219/4219 4221/4221 4222/4222
f 4223/4223 4224/4224 4225/4225
f 4223/4223 4225/4225 4226/4226
f 4227/4227 4228/4228 4229/4229
f 4227/4227 4229/4229 4230/4230
f 4231/4231 4232/4232 4233/4233
f 4231/4231 4233/4233 4234/4234
f 4235/4235 4236/4236 4237/4237
f 4235/4235 4237/4237 4238/4238
f 4239/4239 4240/4240 4241/4241
f 4242/4242 4243/4243 4244/4244
f 4245/4245 4246/4246 4247/4247
f 4248/4248 4249/4249 4250/4250
f 4251/4251 4252/4252 4253/4253
f 4254/4254 4255/4255 4256/4256
f 4257/4257 4258/4258 4259/4259
f 4260/4260 4261/4261 4262/4262
f 4263/4263 4264/4264 4265/4265
f 4266/4266 4267/4267 4268/4268
usemtl Leaf
f 4269/4269 4270/4270 4271/4271
f 4269/4269 4271/4271 4272/4272
usemtl Wood
f 4273/4273 4274/4274 4275/4275
f 4273/4273 4275/4275 4276/4276
f 4277/4277 4278/4278 4279/4279
f 4277/4277 4279/4279 4280/4280
f 4281/4281 4282/4282 4283/4283
f 4281/4281 4283/4283 4284/4284
f 4285/4285 4286/4286 4287/4287
f 4285/4285 4287/4287 4288/4288
f 4289/4289 4290/4290 4291/4291
f 4289/4289 4291/4291 4292/4292
f 4293/4293 4294/4294 4295/4295
f 4296/4296 4297/4297 4298/4298
f 4299/4299 4300/4300 4301/4301
f 4302/4302 4303/4303 4304/4304
f 4305/4305 4306/4306 4307/4307
f 4308/4308 4309/4309 4310/4310
f 4311/4311 4312/4312 4313/4313
f 4314/4314 4315/4315 4316/4316
f 4317/4317 4318/4318 4319/4319
f 4320/4320 4321/4321 4322/4322
usemtl Leaf
f 4323/4323 4324/4324 4325/4325
f 4323/4323 4325/4325 4326/4326
usemtl Wood
f 4327/4327 4328/4328 4329/4329
f 4327/4327 4329/4329 4330/4330
f 4331/4331 4332/4332 4333/4333
f 4331/4331 4333/4333 4334/4334
f 4335/4335 4336/4336 4337/4337
f 4335/4335 4337/4337 4338/4338
f 4339/4339 4340/4340 4341/4341
f 4339/4339 4341/4341 4342/4342
f 4343/4343 4344/4344 4345/4345
f 4343/4343 4345/4345 4346/4346
f 4347/4347 4348/4348 4349/4349
f 4350/4350 4351/4351 4352/4352
f 4353/4353 4354/4354 4355/4355
f 4356/4356 4357/4357 4358/4358
f 4359/4359 4360/4360 4361/4361
f 4362/4362 4363/4363 4364/4364
f 4365/4365 4366/4366 4367/4367
f 4368/4368 4369/4369 4370/4370
f 4371/4371 4372/4372 4373/4373
f 4374/4374 4375/4375 4376/4376
usemtl Leaf
f 4377/4377 4378/4378 4379/4379
f 4377/4377 4379/4379 4380/4380
usemtl Wood
f 4381/4381 4382/4382 4383/4383
f 4381/4381 4383/4383 4384/4384
f 4385/4385 4386/4386 4387/4387
f 4385/4385 4387/4387 4388/4388
f 4389/4389 4390/4390 4391/4391
f 4389/4389 4391/4391 4392/4392
f 4393/4393 4394/4394 4395/4395
f 4393/4393 4395/4395 4396/4396
f 4397/4397 4398/4398 4399/4399
f 4397/4397 4399/4399 4400/4400
f 4401/4401 4402/4402 4403/4403
f 4404/4404 4405/4405 4406/4406
f 4407/4407 4408/4408 4409/4409
f 4410/4410 4411/4411 4412/4412
f 4413/4413 4414/4414 4415/4415
f 4416/4416 4417/4417 4418/4418
f 4419/4419 4420/4420 4421/4421
f 4422/4422 4423/4423 4424/4424
f 4425/4425 4426/4426 4427/4427
f 4428/4428 4429/4429 4430/4430
usemtl Leaf
f 4431/4431 4432/4432 4433/4433
f 4431/4431 4433/4433 4434/4434
usemtl Wood
f 4435/4435 4436/4436 4437/4437
f 4435/4435 4437/4437 4438/4438
f 4439/4439 4440/4440 4441/4441
f 4439/4439 4441/4441 4442/4442
f 4443/4443 4444/4444 4445/4445
f 4443/4443 4445/4445 4446/4446
f 4447/4447 4448/4448 4449/4449
f 4447/4447 4449/4449 4450/4450
f 4451/4451 4452/4452 4453/4453
f 4451/4451 4453/4453 4454/4454
f 4455/4455 4456/4456 4457/4457
f 4458/4458 4459/4459 4460/4460
f 4461/4461 4462/4462 4463/4463
f 4464/4464 4465/4465 4466/4466
f 4467/4467 4468/4468 4469/4469
f 4470/4470 4471/4471 4472/4472
f 4473/4473 4474/4474 4475/4475
f 4476/4476 4477/4477 4478/4478
f 4479/4479 4480/4480 4481/4481
f 4482/4482 4483/4483 4484/4484
usemtl Leaf
f 4485/4485 4486/4486 4487/4487
f 4485/4485 4487/4487 4488/4488
usemtl Wood
f 4489/4489 4490/4490 4491/4491
f 4489/4489 4491/4491 4492/4492
f 4493/4493 4494/4494 4495/4495
f 4493/4493 4495/4495 4496/4496
f 4497/4497 4498/4498 4499/4499
f 4497/4497 4499/4499 4500/4500
f 4501/4501 4502/4502 4503/4503
f 4501/4501 4503/4503 4504/4504
f 4505/4505 4506/4506 4507/4507
f 4505/4505 4507/4507 4508/4508
f 4509/4509 4510/4510 4511/4511
f 4512/4512 4513/4513 4514/4514
f 4515/4515 4516/4516 4517/4517
f 4518/4518 4519/4519 4520/4520
f 4521/4521 4522/4522 4523/4523
f 4524/4524 4525/4525 4526/4526
f 4527/4527 4528/4528 4529/4529
f 4530/4530 4531/4531 4532/4532
f 4533/4533 4534/4534 4535/4535
f 4536/4536 4537/4537 4538/4538
usemtl Leaf
f 4539/4539 4540/4540 4541/4541
f 4539/4539 4541/4541 4542/4542
usemtl Wood
f 4543/4543 4544/4544 4545/4545
f 4543/4543 4545/4545 4546/4546
f 4547/4547 4548/4548 4549/4549
f 4547/4547 4549/4549 4550/4550
f 4551/4551 4552/4552 4553/4553
f 4551/4551 4553/4553 4554/4554
f 4555/4555 4556/4556 4557/4557
f 4555/4555 4557/4557 4558/4558
f 4559/4559 4560/4560 4561/4561
f 4559/4559 4561/4561 4562/4562
f 4563/4563 4564/4564 4565/4565
f 4566/4566 4567/4567 4568/4568
f 4569/4569 4570/4570 4571/4571
f 4572/4572 4573/4573 4574/4574
f 4575/4575 4576/4576 4577/4577
f 4578/4578 4579/4579 4580/4580
f 4581/4581 4582/4582 4583/4583
f 4584/4584 4585/4585 4586/4586
f 4587/4587 4588/4588 4589/4589
f 4590/4590 4591/4591 4592/4592
usemtl Leaf
f 4593/4593 4594/4594 4595/4595
f 4593/4593 4595/4595 4596/4596
usemtl Wood
f 4597/4597 4598/4598 4599/4599
f 4597/4597 4599/4599 4600/4600
f 4601/4601 4602/4602 4603/4603
f 4601/4601 4603/4603 4604/4604
f 4605/4605 4606/4606 4607/4607
f 4605/4605 4607/4607 4608/4608
f 4609/4609 4610/4610 4611/4611
f 4609/4609 4611/4611 4612/4612
f 4613/4613 4614/4614 4615/4615
f 4613/4613 4615/4615 4616/4616
f 4617/4617 4618/4618 4619/4619
f 4620/4620 4621/4621 4622/4622
f 4623/4623 4624/4624 4625/4625
f 4626/4626 4627/4627 4628/4628
f 4629/4629 4630/4630 4631/4631
f 4632/4632 4633/4633 4634/4634
f 4635/4635 4636/4636 4637/4637
f 4638/4638 4639/4639 4640/4640
f 4641/4641 4642/4642 4643/4643
f 4644/4644 4645/4645 4646/4646
usemtl Leaf
f 4647/4647 4648/4648 4649/4649
f 4647/4647 4649/4649 4650/4650
usemtl Wood
f 4651/4651 4652/4652 4653/4653
f 4651/4651 4653/4653 4654/4654
f 4655/4655 4656/4656 4657/4657
f 4655/4655 4657/4657 4658/4658
f 4659/4659 4660/4660 4661/4661
f 4659/4659 4661/4661 4662/4662
f 4663/4663 4664/4664 4665/4665
f 4663/4663 4665/4665 4666/4666
f 4667/4667 4668/4668 4669/4669
f 4667/4667 4669/4669 4670/4670
f 4671/4671 4672/4672 4673/4673
f 4674/4674 4675/4675 4676/4676
f 4677/4677 4678/4678 4679/4679
f 4680/4680 4681/4681 4682/4682
f 4683/4683 4684/4684 4685/4685
f 4686/4686 4687/4687 4688/4688
f 4689/4689 4690/4690 4691/4691
f 4692/4692 4693/4693 4694/4694
f 4695/4695 4696/4696 4697/4697
f 4698/4698 4699/4699 4700/4700
usemtl Leaf
f 4701/4701 4702/4702 4703/4703
f 4701/4701 4703/4703 4704/4704
usemtl Wood
f 4705/4705 4706/4706 4707/4707
f 4705/4705 4707/4707 4708/4708
f 4709/4709 4710/4710 4711/4711
f 4709/4709 4711/4711 4712/4712
f 4713/4713 4714/4714 4715/4715
f 4713/4713 4715/4715 4716/4716
f 4717/4717 4718/4718 4719/4719
f 4717/4717 4719/4719 4720/4720
f 4721/4721 4722/4722 4723/4723
f 4721/4721 4723/4723 4724/4724
f 4725/4725 4726/4726 4727/4727
f 4728/4728 4729/4729 4730/4730
f 4731/4731 4732/4732 4733/4733
f 4734/4734 4735/4735 4736/4736
f 4737/4737 4738/4738 4739/4739
f 4740/4740 4741/4741 4742/4742
f 4743/4743 4744/4744 4745/4745
f 4746/4746 4747/4747 4748/4748
f 4749/4749 4750/4750 4751/4751
f 4752/4752 4753/4753 4754/4754
usemtl Leaf
f 4755/4755 4756/4756 4757/4757
f 4755/4755 4757/4757 4758/4758
usemtl Wood
f 4759/4759 4760/4760 4761/4761
f 4759/4759 4761/4761 4762/4762
f 4763/4763 4764/4764 4765/4765
f 4763/4763 4765/4765 4766/4766
f 4767/4767 4768/4768 4769/4769
f 4767/4767 4769/4769 4770/4770
f 4771/4771 4772/4772 4773/4773
f 4771/4771 4773/4773 4774/4774
f 4775/4775 4776/4776 4777/4777
f 4775/4775 4777/4777 4778/4778
f 4779/4779 4780/4780 4781/4781
f 4782/4782 4783/4783 4784/4784
f 4785/4785 4786/4786 4787/4787
f 4788/4788 4789/4789 4790/4790
f 4791/4791 4792/4792 4793/4793
f 4794/4794 4795/4795 4796/4796
f 4797/4797 4798/4798 4799/4799
f 4800/4800 4801/4801 4802/4802
f 4803/4803 4804/4804 4805/4805
f 4806/4806 4807/4807 4808/4808
usemtl Leaf
f 4809/4809 4810/4810 4811/4811
f 4809/4809 4811/4811 4812/4812
usemtl Wood
f 4813/4813 4814/4814 4815/4815
f 4813/4813 4815/4815 4816/4816
f 4817/4817 4818/4818 4819/4819
f 4817/4817 4819/4819 4820/4820
f 4821/4821 4822/4822 4823/4823
f 4821/4821 4823/4823 4824/4824
f 4825/4825 4826/4826 4827/4827
f 4825/4825 4827/4827 4828/4828
f 4829/4829 4830/4830 4831/4831
f 4829/4829 4831/4831 4832/4832
f 4833/4833 4834/4834 4835/4835
f 4836/4836 4837/4837 4838/4838
f 4839/4839 4840/4840 4841/4841
f 4842/4842 4843/4843 4844/4844
f 4845/4845 4846/4846 4847/4847
f 4848/4848 4849/4849 4850/4850
f 4851/4851 4852/4852 4853/4853
f 4854/4854 4855/4855 4856/4856
f 4857/4857 4858/4858 4859/4859
f 4860/4860 4861/4861 4862/4862
usemtl Leaf
f 4863/4863 4864/4864 4865/4865
f 4863/4863 4865/4865 4866/4866
usemtl Wood
f 4867/4867 4868/4868 4869/4869
f 4867/4867 4869/4869 4870/4870
f 4871/4871 4872/4872 4873/4873
f 4871/4871 4873/4873 4874/4874
f 4875/4875 4876/4876 4877/4877
f 4875/4875 4877/4877 4878/4878
f 4879/4879 4880/4880 4881/4881
f 4879/4879 4881/4881 4882/4882
f 4883/4883 4884/4884 4885/4885
f 4883/4883 4885/4885 4886/4886
f 4887/4887 4888/4888 4889/4889
f 4890/4890 4891/4891 4892/4892
f 4893/4893 4894/4894 4895/4895
f 4896/4896 4897/4897 4898/4898
f 4899/4899 4900/4900 4901/4901
f 4902/4902 4903/4903 4904/4904
f 4905/4905 4906/4906 4907/4907
f 4908/4908 4909/4909 4910/4910
f 4911/4911 4912/4912 4913/4913
f 4914/4914 4915/4915 4916/4916
usemtl Leaf
f 4917/4917 4918/4918 4919/4919
f 4917/4917 4919/4919 4920/4920
usemtl Wood
f 4921/4921 4922/4922 4923/4923
f 4921/4921 4923/4923 4924/4924
f 4925/4925 4926/4926 4927/4927
f 4925/4925 4927/4927 4928/4928
f 4929/4929 4930/4930 4931/4931
f 4929/4929 4931/4931 4932/4932
f 4933/4933 4934/4934 4935/4935
f 4933/4933 4935/4935 4936/4936
f 4937/4937 4938/4938 4939/4939
f 4937/4937 4939/4939 4940/4940
f 4941/4941 4942/4942 4943/4943
f 4944/4944 4945/4945 4946/4946
f 4947/4947 4948/4948 4949/4949
f 4950/4950 4951/4951 4952/4952
f 4953/4953 4954/4954 4955/4955
f 4956/4956 4957/4957 4958/4958
f 4959/4959 4960/4960 4961/4961
f 4962/4962 4963/4963 4964/4964
f 4965/4965 4966/4966 4967/4967
f 4968/4968 4969/4969 4970/4970
usemtl Leaf
f 4971/4971 4972/4972 4973/4973
f 4971/4971 4973/4973 4974/4974
usemtl Wood
f 4975/4975 4976/4976 4977/4977
f 4975/4975 4977/4977 4978/4978
f 4979/4979 4980/4980 4981/4981
f 4979/4979 4981/4981 4982/4982
f 4983/4983 4984/4984 4985/4985
f 4983/4983 4985/4985 4986/4986
f 4987/4987 4988/4988 4989/4989
f 4987/4987 4989/4989 4990/4990
f 4991/4991 4992/4992 4993/4993
f 4991/4991 4993/4993 4994/4994
f 4995/4995 4996/4996 4997/4997
f 4998/4998 4999/4999 5000/5000
f 5001/5001 5002/5002 5003/5003
f 5004/5004 5005/5005 5006/5006
f 5007/5007 5008/5008 5009/5009
f 5010/5010 5011/5011 5012/5012
f 5013/5013 5014/5014 5015/5015
f 5016/5016 5017/5017 5018/5018
f 5019/5019 5020/5020 5021/5021
f 5022/5022 5023/5023 5024/5024
usemtl Leaf
f 5025/5025 5026/5026 5027/5027
f 5025/5025 5027/5027 5028/5028
usemtl Wood
f 5029/5029 5030/5030 5031/5031
f 5029/5029 5031/5031 5032/5032
f 5033/5033 5034/5034 5035/5035
f 5033/5033 5035/5035 5036/5036
f 5037/5037 5038/5038 5039/5039
f 5037/5037 5039/5039 5040/5040
f 5041/5041 5042/5042 5043/5043
f 5041/5041 5043/5043 5044/5044
f 5045/5045 5046/5046 5047/5047
f 5045/5045 5047/5047 5048/5048
f 5049/5049 5050/5050 5051/5051
f 5052/5052 5053/5053 5054/5054
f 5055/5055 5056/5056 5057/5057
f 5058/5058 5059/5059 5060/5060
f 5061/5061 5062/5062 5063/5063
f 5064/5064 5065/5065 5066/5066
f 5067/5067 5068/5068 5069/5069
f 5070/5070 5071/5071 5072/5072
f 5073/5073 5074/5074 5075/5075
f 5076/5076 5077/5077 5078/5078
usemtl Leaf
f 5079/5079 5080/5080 5081/5081
f 5079/5079 5081/5081 5082/5082
usemtl Wood
f 5083/5083 5084/5084 5085/5085
f 5083/5083 5085/5085 5086/5086
f 5087/5087 5088/5088 5089/5089
f 5087/5087 5089/5089 5090/5090
f 5091/5091 5092/5092 5093/5093
f 5091/5091 5093/5093 5094/5094
f 5095/5095 5096/5096 5097/5097
f 5095/5095 5097/5097 5098/5098
f 5099/5099 5100/5100 5101/5101
f 5099/5099 5101/5101 5102/5102
f 5103/5103 5104/5104 5105/5105
f 5106/5106 5107/5107 5108/5108
f 5109/5109 5110/5110 5111/5111
f 5112/5112 5113/5113 5114/5114
f 5115/5115 5116/5116 5117/5117
f 5118/5118 5119/5119 5120/5120
f 5121/5121 5122/5122 5123/5123
f 5124/5124 5125/5125 5126/5126
f 5127/5127 5128/5128 5129/5129
f 5130/5130 5131/5131 5132/5132
usemtl Leaf
f 5133/5133 5134/5134 5135/5135
f 5133/5133 5135/5135 5136/5136
usemtl Wood
f 5137/5137 5138/5138 5139/5139
f 5137/5137 5139/5139 5140/5140
f 5141/5141 5142/5142 5143/5143
f 5141/5141 5143/5143 5144/5144
f 5145/5145 5146/5146 5147/5147
f 5145/5145 5147/5147 5148/5148
f 5149/5149 5150/5150 5151/5151
f 5149/5149 5151/5151 5152/5152
f 5153/5153 5154/5154 5155/5155
f 5153/5153 5155/5155 5156/5156
f 5157/5157 5158/5158 5159/5159
f 5160/5160 5161/5161 5162/5162
f 5163/5163 5164/5164 5165/5165
f 5166/5166 5167/5167 5168/5168
f 5169/5169 5170/5170 5171/5171
f 5172/5172 5173/5173 5174/5174
f 5175/5175 5176/5176 5177/5177
f 5178/5178 5179/5179 5180/5180
f 5181/5181 5182/5182 5183/5183
f 5184/5184 5185/5185 5186/5186
usemtl Leaf
f 5187/5187 5188/5188 5189/5189
f 5187/5187 5189/5189 5190/5190
usemtl Wood
f 5191/5191 5192/5192 5193/5193
f 5191/5191 5193/5193 5194/5194
f 5195/5195 5196/5196 5197/5197
f 5195/5195 5197/5197 5198/5198
f 5199/5199 5200/5200 5201/5201
f 5199/5199 5201/5201 5202/5202
f 5203/5203 5204/5204 5205/5205
f 5203/5203 5205/5205 5206/5206
f 5207/5207 5208/5208 5209/5209
f 5207/5207 5209/5209 5210/5210
f 5211/5211 5212/5212 5213/5213
f 5214/5214 5215/5215 5216/5216
f 5217/5217 5218/5218 5219/5219
f 5220/5220 5221/5221 5222/5222
f 5223/5223 5224/5224 5225/5225
f 5226/5226 5227/5227 5228/5228
f 5229/5229 5230/5230 5231/5231
f 5232/5232 5233/5233 5234/5234
f 5235/5235 5236/5236 5237/5237
f 5238/5238 5239/5239 5240/5240
usemtl Leaf
f 5241/5241 5242/5242 5243/5243
f 5241/5241 5243/5243 5244/5244
usemtl Wood
f 5245/5245 5246/5246 5247/5247
f 5245/5245 5247/5247 5248/5248
f 5249/5249 5250/5250 5251/5251
f 5249/5249 5251/5251 5252/5252
f 5253/5253 5254/5254 5255/5255
f 5253/5253 5255/5255 5256/5256
f 5257/5257 5258/5258 5259/5259
f 5257/5257 5259/5259 5260/5260
f 5261/5261 5262/5262 5263/5263
f 5261/5261 5263/5263 5264/5264
f 5265/5265 5266/5266 5267/5267
f 5268/5268 5269/5269 5270/5270
f 5271/5271 5272/5272 5273/5273
f 5274/5274 5275/5275 5276/5276
f 5277/5277 5278/5278 5279/5279
f 5280/5280 5281/5281 5282/5282
f 5283/5283 5284/5284 5285/5285
f 5286/5286 5287/5287 5288/5288
f 5289/5289 5290/5290 5291/5291
f 5292/5292 5293/5293 5294/5294
usemtl Leaf
f 5295/5295 5296/5296 5297/5297
f 5295/5295 5297/5297 5298/5298
usemtl Wood
f 5299/5299 5300/5300 5301/5301
f 5299/5299 5301/5301 5302/5302
f 5303/5303 5304/5304 5305/5305
f 5303/5303 5305/5305 5306/5306
f 5307/5307 5308/5308 5309/5309
f 5307/5307 5309/5309 5310/5310
f 5311/5311 5312/5312 5313/5313
f 5311/5311 5313/5313 5314/5314
f 5315/5315 5316/5316 5317/5317
f 5315/5315 5317/5317 5318/5318
f 5319/5319 5320/5320 5321/5321
f 5322/5322 5323/5323 5324/5324
f 5325/5325 5326/5326 5327/5327
f 5328/5328 5329/5329 5330/5330
f 5331/5331 5332/5332 5333/5333
f 5334/5334 5335/5335 5336/5336
f 5337/5337 5338/5338 5339/5339
f 5340/5340 5341/5341 5342/5342
f 5343/5343 5344/5344 5345/5345
f 5346/5346 5347/5347 5348/5348
usemtl Leaf
f 5349/5349 5350/5350 5351/5351
f 5349/5349 5351/5351 5352/5352
usemtl Wood
f 5353/5353 5354/5354 5355/5355
f 5353/5353 5355/5355 5356/5356
f 5357/5357 5358/5358 5359/5359
f 5357/5357 5359/5359 5360/5360
f 5361/5361 5362/5362 5363/5363
f 5361/5361 5363/5363 5364/5364
f 5365/5365 5366/5366 5367/5367
f 5365/5365 5367/5367 5368/5368
f 5369/5369 5370/5370 5371/5371
f 5369/5369 5371/5371 5372/5372
f 5373/5373 5374/5374 5375/5375
f 5376/5376 5377/5377 5378/5378
f 5379/5379 5380/5380 5381/5381
f 5382/5382 5383/5383 5384/5384
f 5385/5385 5386/5386 5387/5387
f 5388/5388 5389/5389 5390/5390
f 5391/5391 5392/5392 5393/5393
f 5394/5394 5395/5395 5396/5396
f 5397/5397 5398/5398 5399/5399
f 5400/5400 5401/5401 5402/5402
usemtl Leaf
f 5403/5403 5404/5404 5405/5405
f 5403/5403 5405/5405 5406/5406
usemtl Wood
f 5407/5407 5408/5408 5409/5409
f 5407/5407 5409/5409 5410/5410
f 5411/5411 5412/5412 5413/5413
f 5411/5411 5413/5413 5414/5414
f 5415/5415 5416/5416 5417/5417
f 5415/5415 5417/5417 5418/5418
f 5419/5419 5420/5420 5421/5421
f 5419/5419 5421/5421 5422/5422
f 5423/5423 5424/5424 5425/5425
f 5423/5423 5425/5425 5426/5426
f 5427/5427 5428/5428 5429/5429
f 5430/5430 5431/5431 5432/5432
f 5433/5433 5434/5434 5435/5435
f 5436/5436 5437/5437 5438/5438
f 5439/5439 5440/5440 5441/5441
f 5442/5442 5443/5443 5444/5444
f 5445/5445 5446/5446 5447/5447
f 5448/5448 5449/5449 5450/5450
f 5451/5451 5452/5452 5453/5453
f 5454/5454 5455/5455 5456/5456
usemtl Leaf
f 5457/5457 5458/5458 5459/5459
f 5457/5457 5459/5459 5460/5460
usemtl Wood
f 5461/5461 5462/5462 5463/5463
f 5461/5461 5463/5463 5464/5464
f 5465/5465 5466/5466 5467/5467
f 5465/5465 5467/5467 5468/5468
f 5469/5469 5470/5470 5471/5471
f 5469/5469 5471/5471 5472/5472
f 5473/5473 5474/5474 5475/5475
f 5473/5473 5475/5475 5476/5476
f 5477/5477 5478/5478 5479/5479
f 5477/5477 5479/5479 5480/5480
f 5481/5481 5482/5482 5483/5483
f 5484/5484 5485/5485 5486/5486
f 5487/5487 5488/5488 5489/5489
f 5490/5490 5491/5491 5492/5492
f 5493/5493 5494/5494 5495/5495
f 5496/5496 5497/5497 5498/5498
f 5499/5499 5500/5500 5501/5501
f 5502/5502 5503/5503 5504/5504
f 5505/5505 5506/5506 5507/5507
f 5508/5508 5509/5509 5510/5510
usemtl Leaf
f 5511/5511 5512/5512 5513/5513
f 5511/5511 5513/5513 5514/5514
usemtl Wood
f 5515/5515 5516/5516 5517/5517
f 5515/5515 5517/5517 5518/5518
f 5519/5519 5520/5520 5521/5521
f 5519/5519 5521/5521 5522/5522
f 5523/5523 5524/5524 5525/5525
f 5523/5523 5525/5525 5526/5526
f 5527/5527 5528/5528 5529/5529
f 5527/5527 5529/5529 5530/5530
f 5531/5531 5532/5532 5533/5533
f 5531/5531 5533/5533 5534/5534
f 5535/5535 5536/5536 5537/5537
f 5538/5538 5539/5539 5540/5540
f 5541/5541 5542/5542 5543/5543
f 5544/5544 5545/5545 5546/5546
f 5547/5547 5548/5548 5549/5549
f 5550/5550 5551/5551 5552/5552
f 5553/5553 5554/5554 5555/5555
f 5556/5556 5557/5557 5558/5558
f 5559/5559 5560/5560 5561/5561
f 5562/5562 5563/5563 5564/5564
usemtl Leaf
f 5565/5565 5566/5566 5567/5567
f 5565/5565 5567/5567 5568/5568
usemtl Wood
f 5569/5569 5570/5570 5571/5571
f 5569/5569 5571/5571 5572/5572
f 5573/5573 5574/5574 5575/5575
f 5573/5573 5575/5575 5576/5576
f 5577/5577 5578/5578 5579/5579
f 5577/5577 5579/5579 5580/5580
f 5581/5581 5582/5582 5583/5583
f 5581/5581 5583/5583 5584/5584
f 5585/5585 5586/5586 5587/5587
f 5585/5585 5587/5587 5588/5588
f 5589/5589 5590/5590 5591/5591
f 5592/5592 5593/5593 5594/5594
f 5595/5595 5596/5596 5597/5597
f 5598/5598 5599/5599 5600/5600
f 5601/5601 5602/5602 5603/5603
f 5604/5604 5605/5605 5606/5606
f 5607/5607 5608/5608 5609/5609
f 5610/5610 5611/5611 5612/5612
f 5613/5613 5614/5614 5615/5615
f 5616/5616 5617/5617 5618/5618
usemtl Leaf
f 5619/5619 5620/5620 5621/5621
f 5619/5619 5621/5621 5622/5622
usemtl Wood
f 5623/5623 5624/5624 5625/5625
f 5623/5623 5625/5625 5626/5626
f 5627/5627 5628/5628 5629/5629
f 5627/5627 5629/5629 5630/5630
f 5631/5631 5632/5632 5633/5633
f 5631/5631 5633/5633 5634/5634
f 5635/5635 5636/5636 5637/5637
f 5635/5635 5637/5637 5638/5638
f 5639/5639 5640/5640 5641/5641
f 5639/5639 5641/5641 5642/5642
f 5643/5643 5644/5644 5645/5645
f 5646/5646 5647/5647 5648/5648
f 5649/5649 5650/5650 5651/5651
f 5652/5652 5653/5653 5654/5654
f 5655/5655 5656/5656 5657/5657
f 5658/5658 5659/5659 5660/5660
f 5661/5661 5662/5662 5663/5663
f 5664/5664 5665/5665 5666/5666
f 5667/5667 5668/5668 5669/5669
f 5670/5670 5671/5671 5672/5672
usemtl Leaf
f 5673/5673 5674/5674 5675/5675
f 5673/5673 5675/5675 5676/5676
usemtl Wood
f 5677/5677 5678/5678 5679/5679
f 5677/5677 5679/5679 5680/5680
f 5681/5681 5682/5682 5683/5683
f 5681/5681 5683/5683 5684/5684
f 5685/5685 5686/5686 5687/5687
f 5685/5685 5687/5687 5688/5688
f 5689/5689 5690/5690 5691/5691
f 5689/5689 5691/5691 5692/5692
f 5693/5693 5694/5694 5695/5695
f 5693/5693 5695/5695 5696/5696
f 5697/5697 5698/5698 5699/5699
f 5700/5700 5701/5701 5702/5702
f 5703/5703 5704/5704 5705/5705
f 5706/5706 5707/5707 5708/5708
f 5709/5709 5710/5710 5711/5711
f 5712/5712 5713/5713 5714/5714
f 5715/5715 5716/5716 5717/5717
f 5718/5718 5719/5719 5720/5720
f 5721/5721 5722/5722 5723/5723
f 5724/5724 5725/5725 5726/5726
usemtl Leaf
f 5727/5727 5728/5728 5729/5729
f 5727/5727 5729/5729 5730/5730
usemtl Wood
f 5731/5731 5732/5732 5733/5733
f 5731/5731 5733/5733 5734/5734
f 5735/5735 5736/5736 5737/5737
f 5735/5735 5737/5737 5738/5738
f 5739/5739 5740/5740 5741/5741
f 5739/5739 5741/5741 5742/5742
f 5743/5743 5744/5744 5745/5745
f 5743/5743 5745/5745 5746/5746
f 5747/5747 5748/5748 5749/5749
f 5747/5747 5749/5749 5750/5750
f 5751/5751 5752/5752 5753/5753
f 5754/5754 5755/5755 5756/5756
f 5757/5757 5758/5758 5759/5759
f 5760/5760 5761/5761 5762/5762
f 5763/5763 5764/5764 5765/5765
f 5766/5766 5767/5767 5768/5768
f 5769/5769 5770/5770 5771/5771
f 5772/5772 5773/5773 5774/5774
f 5775/5775 5776/5776 5777/5777
f 5778/5778 5779/5779 5780/5780
usemtl Leaf
f 5781/5781 5782/5782 5783/5783
f 5781/5781 5783/5783 5784/5784
usemtl Wood
f 5785/5785 5786/5786 5787/5787
f 5785/5785 5787/5787 5788/5788
f 5789/5789 5790/5790 5791/5791
f 5789/5789 5791/5791 5792/5792
f 5793/5793 5794/5794 5795/5795
f 5793/5793 5795/5795 5796/5796
f 5797/5797 5798/5798 5799/5799
f 5797/5797 5799/5799 5800/5800
f 5801/5801 5802/5802 5803/5803
f 5801/5801 5803/5803 5804/5804
f 5805/5805 5806/5806 5807/5807
f 5808/5808 5809/5809 5810/5810
f 5811/5811 5812/5812 5813/5813
f 5814/5814 5815/5815 5816/5816
f 5817/5817 5818/5818 5819/5819
f 5820/5820 5821/5821 5822/5822
f 5823/5823 5824/5824 5825/5825
f 5826/5826 5827/5827 5828/5828
f 5829/5829 5830/5830 5831/5831
f 5832/5832 5833/5833 5834/5834
usemtl Leaf
f 5835/5835 5836/5836 5837/5837
f 5835/5835 5837/5837 5838/5838
usemtl Wood
f 5839/5839 5840/5840 5841/5841
f 5839/5839 5841/5841 5842/5842
f 5843/5843 5844/5844 5845/5845
f 5843/5843 5845/5845 5846/5846
f 5847/5847 5848/5848 5849/5849
f 5847/5847 5849/5849 5850/5850
f 5851/5851 5852/5852 5853/5853
f 5851/5851 5853/5853 5854/5854
f 5855/5855 5856/5856 5857/5857
f 5855/5855 5857/5857 5858/5858
f 5859/5859 5860/5860 5861/5861
f 5862/5862 5863/5863 5864/5864
f 5865/5865 5866/5866 5867/5867
f 5868/5868 5869/5869 5870/5870
f 5871/5871 5872/5872 5873/5873
f 5874/5874 5875/5875 5876/5876
f 5877/5877 5878/5878 5879/5879
f 5880/5880 5881/5881 5882/5882
f 5883/5883 5884/5884 5885/5885
f 5886/5886 5887/5887 5888/5888
usemtl Leaf
f 5889/5889 5890/5890 5891/5891
f 5889/5889 5891/5891 5892/5892
usemtl Wood
f 5893/5893 5894/5894 5895/5895
f 5893/5893 5895/5895 5896/5896
f 5897/5897 5898/5898 5899/5899
f 5897/5897 5899/5899 5900/5900
f 5901/5901 5902/5902 5903/5903
f 5901/5901 5903/5903 5904/5904
f 5905/5905 5906/5906 5907/5907
f 5905/5905 5907/5907 5908/5908
f 5909/5909 5910/5910 5911/5911
f 5909/5909 5911/5911 5912/5912
f 5913/5913 5914/5914 5915/5915
f 5916/5916 5917/5917 5918/5918
f 5919/5919 5920/5920 5921/5921
f 5922/5922 5923/5923 5924/5924
f 5925/5925 5926/5926 5927/5927
f 5928/5928 5929/5929 5930/5930
f 5931/5931 5932/5932 5933/5933
f 5934/5934 5935/5935 5936/5936
f 5937/5937 5938/5938 5939/5939
f 5940/5940 5941/5941 5942/5942
usemtl Leaf
f 5943/5943 5944/5944 5945/5945
f 5943/5943 5945/5945 5946/5946
usemtl Wood
f 5947/5947 5948/5948 5949/5949
f 5947/5947 5949/5949 5950/5950
f 5951/5951 5952/5952 5953/5953
f 5951/5951 5953/5953 5954/5954
f 5955/5955 5956/5956 5957/5957
f 5955/5955 5957/5957 5958/5958
f 5959/5959 5960/5960 5961/5961
f 5959/5959 5961/5961 5962/5962
f 5963/5963 5964/5964 5965/5965
f 5963/5963 5965/5965 5966/5966
f 5967/5967 5968/5968 5969/5969
f 5970/5970 5971/5971 5972/5972
f 5973/5973 5974/5974 5975/5975
f 5976/5976 5977/5977 5978/5978
f 5979/5979 5980/5980 5981/5981
f 5982/5982 5983/5983 5984/5984
f 5985/5985 5986/5986 5987/5987
f 5988/5988 5989/5989 5990/5990
f 5991/5991 5992/5992 5993/5993
f 5994/5994 5995/5995 5996/5996
usemtl Leaf
f 5997/5997 5998/5998 5999/5999
f 5997/5997 5999/5999 6000/6000
usemtl Wood
f 6001/6001 6002/6002 6003/6003
f 6001/6001 6003/6003 6004/6004
f 6005/6005 6006/6006 6007/6007
f 6005/6005 6007/6007 6008/6008
f 6009/6009 6010/6010 6011/6011
f 6009/6009 6011/6011 6012/6012
f 6013/6013 6014/6014 6015/6015
f 6013/6013 6015/6015 6016/6016
f 6017/6017 6018/6018 6019/6019
f 6017/6017 6019/6019 6020/6020
f 6021/6021 6022/6022 6023/6023
f 6024/6024 6025/6025 6026/6026
f 6027/6027 6028/6028 6029/6029
f 6030/6030 6031/6031 6032/6032
f 6033/6033 6034/6034 6035/6035
f 6036/6036 6037/6037 6038/6038
f 6039/6039 6040/6040 6041/6041
f 6042/6042 6043/6043 6044/6044
f 6045/6045 6046/6046 6047/6047
f 6048/6048 6049/6049 6050/6050
usemtl Leaf
f 6051/6051 6052/6052 6053/6053
f 6051/6051 6053/6053 6054/6054
usemtl Wood
f 6055/6055 6056/6056 6057/6057
f 6055/6055 6057/6057 6058/6058
f 6059/6059 6060/6060 6061/6061
f 6059/6059 6061/6061 6062/6062
f 6063/6063 6064/6064 6065/6065
f 6063/6063 6065/6065 6066/6066
f 6067/6067 6068/6068 6069/6069
f 6067/6067 6069/6069 6070/6070
f 6071/6071 6072/6072 6073/6073
f 6071/6071 6073/6073 6074/6074
f 6075/6075 6076/6076 6077/6077
f 6078/6078 6079/6079 6080/6080
f 6081/6081 6082/6082 6083/6083
f 6084/6084 6085/6085 6086/6086
f 6087/6087 6088/6088 6089/6089
f 6090/6090 6091/6091 6092/6092
f 6093/6093 6094/6094 6095/6095
f 6096/6096 6097/6097 6098/6098
f 6099/6099 6100/6100 6101/6101
f 6102/6102 6103/6103 6104/6104
