mtllib ../../Materials/project_oen.mtl
o en-005_beach_stone_cluster__large
v 0.130000 0.000000 0.000000
v 0.273365 0.006931 0.129108
v 0.342400 0.000000 0.000000
v 0.342400 0.000000 0.000000
v 0.273365 0.006931 0.129108
v 0.277949 0.083839 0.168020
v 0.399154 0.076908 0.000000
v 0.399154 0.076908 0.000000
v 0.277949 0.083839 0.168020
v 0.225381 0.151699 0.123808
v 0.308386 0.144768 0.000000
v 0.130000 0.205920 0.012000
v 0.308386 0.144768 0.000000
v 0.225381 0.151699 0.123808
v 0.130000 0.000000 0.000000
v 0.087139 -0.002198 0.191833
v 0.273365 0.006931 0.129108
v 0.273365 0.006931 0.129108
v 0.087139 -0.002198 0.191833
v 0.078616 0.074710 0.214784
v 0.277949 0.083839 0.168020
v 0.277949 0.083839 0.168020
v 0.078616 0.074710 0.214784
v 0.089821 0.142570 0.131597
v 0.225381 0.151699 0.123808
v 0.130000 0.205920 0.012000
v 0.225381 0.151699 0.123808
v 0.089821 0.142570 0.131597
v 0.130000 0.000000 0.000000
v -0.065669 -0.006234 0.076343
v 0.087139 -0.002198 0.191833
v 0.087139 -0.002198 0.191833
v -0.065669 -0.006234 0.076343
v -0.113234 0.070674 0.081228
v 0.078616 0.074710 0.214784
v 0.078616 0.074710 0.214784
v -0.113234 0.070674 0.081228
v -0.027540 0.138534 0.060664
v 0.089821 0.142570 0.131597
v 0.130000 0.205920 0.012000
v 0.089821 0.142570 0.131597
v -0.027540 0.138534 0.060664
v 0.130000 0.000000 0.000000
v -0.074337 0.004174 -0.072805
v -0.065669 -0.006234 0.076343
v -0.065669 -0.006234 0.076343
v -0.074337 0.004174 -0.072805
v -0.079290 0.081082 -0.095082
v -0.113234 0.070674 0.081228
v -0.113234 0.070674 0.081228
v -0.079290 0.081082 -0.095082
v -0.008487 0.148942 -0.068440
v -0.027540 0.138534 0.060664
v 0.130000 0.205920 0.012000
v -0.027540 0.138534 0.060664
v -0.008487 0.148942 -0.068440
v 0.130000 0.000000 0.000000
v 0.087413 0.004911 -0.192850
v -0.074337 0.004174 -0.072805
v -0.074337 0.004174 -0.072805
v 0.087413 0.004911 -0.192850
v 0.077543 0.081819 -0.210801
v -0.079290 0.081082 -0.095082
v -0.079290 0.081082 -0.095082
v 0.077543 0.081819 -0.210801
v 0.089219 0.149679 -0.129361
v -0.008487 0.148942 -0.068440
v 0.130000 0.205920 0.012000
v -0.008487 0.148942 -0.068440
v 0.089219 0.149679 -0.129361
v 0.130000 0.000000 0.000000
v 0.268233 -0.005731 -0.134562
v 0.087413 0.004911 -0.192850
v 0.087413 0.004911 -0.192850
v 0.268233 -0.005731 -0.134562
v 0.298049 0.071177 -0.146660
v 0.077543 0.081819 -0.210801
v 0.077543 0.081819 -0.210801
v 0.298049 0.071177 -0.146660
v 0.236663 0.139037 -0.111819
v 0.089219 0.149679 -0.129361
v 0.130000 0.205920 0.012000
v 0.089219 0.149679 -0.129361
v 0.236663 0.139037 -0.111819
v 0.130000 0.000000 0.000000
v 0.342400 0.000000 0.000000
v 0.268233 -0.005731 -0.134562
v 0.268233 -0.005731 -0.134562
v 0.342400 0.000000 0.000000
v 0.399154 0.076908 0.000000
v 0.298049 0.071177 -0.146660
v 0.298049 0.071177 -0.146660
v 0.399154 0.076908 0.000000
v 0.308386 0.144768 0.000000
v 0.236663 0.139037 -0.111819
v 0.130000 0.205920 0.012000
v 0.236663 0.139037 -0.111819
v 0.308386 0.144768 0.000000
v -0.213837 0.000000 0.195892
v -0.106058 0.007726 0.408772
v 0.061262 0.003237 0.271450
v 0.061262 0.003237 0.271450
v -0.106058 0.007726 0.408772
v -0.100084 0.105784 0.462622
v 0.097195 0.101294 0.285458
v 0.097195 0.101294 0.285458
v -0.100084 0.105784 0.462622
v -0.129676 0.192305 0.370159
v -0.023061 0.187816 0.265970
v -0.205132 0.262548 0.210157
v -0.023061 0.187816 0.265970
v -0.129676 0.192305 0.370159
v -0.213837 0.000000 0.195892
v -0.304518 -0.005686 0.425697
v -0.106058 0.007726 0.408772
v -0.106058 0.007726 0.408772
v -0.304518 -0.005686 0.425697
v -0.332193 0.092371 0.431798
v -0.100084 0.105784 0.462622
v -0.100084 0.105784 0.462622
v -0.332193 0.092371 0.431798
v -0.299832 0.178893 0.350348
v -0.129676 0.192305 0.370159
v -0.205132 0.262548 0.210157
v -0.129676 0.192305 0.370159
v -0.299832 0.178893 0.350348
v -0.213837 0.000000 0.195892
v -0.485719 -0.005923 0.279499
v -0.304518 -0.005686 0.425697
v -0.304518 -0.005686 0.425697
v -0.485719 -0.005923 0.279499
v -0.513755 0.092134 0.297833
v -0.332193 0.092371 0.431798
v -0.332193 0.092371 0.431798
v -0.513755 0.092134 0.297833
v -0.397632 0.178656 0.275378
v -0.299832 0.178893 0.350348
v -0.205132 0.262548 0.210157
v -0.299832 0.178893 0.350348
v -0.397632 0.178656 0.275378
v -0.213837 0.000000 0.195892
v -0.457303 0.007564 0.109937
v -0.485719 -0.005923 0.279499
v -0.485719 -0.005923 0.279499
v -0.457303 0.007564 0.109937
v -0.476579 0.105622 0.090454
v -0.513755 0.092134 0.297833
v -0.513755 0.092134 0.297833
v -0.476579 0.105622 0.090454
v -0.412678 0.192144 0.128466
v -0.397632 0.178656 0.275378
v -0.205132 0.262548 0.210157
v -0.397632 0.178656 0.275378
v -0.412678 0.192144 0.128466
v -0.213837 0.000000 0.195892
v -0.316895 0.003525 -0.026057
v -0.457303 0.007564 0.109937
v -0.457303 0.007564 0.109937
v -0.316895 0.003525 -0.026057
v -0.348294 0.101583 -0.031055
v -0.476579 0.105622 0.090454
v -0.476579 0.105622 0.090454
v -0.348294 0.101583 -0.031055
v -0.309166 0.188104 0.043085
v -0.412678 0.192144 0.128466
v -0.205132 0.262548 0.210157
v -0.412678 0.192144 0.128466
v -0.309166 0.188104 0.043085
v -0.213837 0.000000 0.195892
v -0.106115 -0.008682 0.003319
v -0.316895 0.003525 -0.026057
v -0.316895 0.003525 -0.026057
v -0.106115 -0.008682 0.003319
v -0.097678 0.089376 -0.044815
v -0.348294 0.101583 -0.031055
v -0.348294 0.101583 -0.031055
v -0.097678 0.089376 -0.044815
v -0.142258 0.175897 0.009937
v -0.309166 0.188104 0.043085
v -0.205132 0.262548 0.210157
v -0.309166 0.188104 0.043085
v -0.142258 0.175897 0.009937
v -0.213837 0.000000 0.195892
v 0.020115 -0.000772 0.098108
v -0.106115 -0.008682 0.003319
v -0.106115 -0.008682 0.003319
v 0.020115 -0.000772 0.098108
v 0.045410 0.097286 0.078749
v -0.097678 0.089376 -0.044815
v -0.097678 0.089376 -0.044815
v 0.045410 0.097286 0.078749
v -0.014218 0.183807 0.122321
v -0.142258 0.175897 0.009937
v -0.205132 0.262548 0.210157
v -0.142258 0.175897 0.009937
v -0.014218 0.183807 0.122321
v -0.213837 0.000000 0.195892
v 0.061262 0.003237 0.271450
v 0.020115 -0.000772 0.098108
v 0.020115 -0.000772 0.098108
v 0.061262 0.003237 0.271450
v 0.097195 0.101294 0.285458
v 0.045410 0.097286 0.078749
v 0.045410 0.097286 0.078749
v 0.097195 0.101294 0.285458
v -0.023061 0.187816 0.265970
v -0.014218 0.183807 0.122321
v -0.205132 0.262548 0.210157
v -0.014218 0.183807 0.122321
v -0.023061 0.187816 0.265970
v 0.031147 0.000000 -0.354910
v 0.070565 0.006771 -0.052132
v 0.293632 0.007337 -0.181769
v 0.293632 0.007337 -0.181769
v 0.070565 0.006771 -0.052132
v 0.078698 0.125978 -0.017745
v 0.301445 0.126544 -0.129287
v 0.301445 0.126544 -0.129287
v 0.078698 0.125978 -0.017745
v 0.068301 0.231161 -0.148372
v 0.206351 0.231727 -0.189481
v 0.050880 0.319176 -0.341175
v 0.206351 0.231727 -0.189481
v 0.068301 0.231161 -0.148372
v 0.031147 0.000000 -0.354910
v -0.150073 -0.009484 -0.125778
v 0.070565 0.006771 -0.052132
v 0.070565 0.006771 -0.052132
v -0.150073 -0.009484 -0.125778
v -0.193073 0.109724 -0.109913
v 0.078698 0.125978 -0.017745
v 0.078698 0.125978 -0.017745
v -0.193073 0.109724 -0.109913
v -0.113392 0.214907 -0.171021
v 0.068301 0.231161 -0.148372
v 0.050880 0.319176 -0.341175
v 0.068301 0.231161 -0.148372
v -0.113392 0.214907 -0.171021
v 0.031147 0.000000 -0.354910
v -0.302751 -0.003764 -0.275945
v -0.150073 -0.009484 -0.125778
v -0.150073 -0.009484 -0.125778
v -0.302751 -0.003764 -0.275945
v -0.310546 0.115444 -0.251793
v -0.193073 0.109724 -0.109913
v -0.193073 0.109724 -0.109913
v -0.310546 0.115444 -0.251793
v -0.196354 0.220627 -0.281087
v -0.113392 0.214907 -0.171021
v 0.050880 0.319176 -0.341175
v -0.113392 0.214907 -0.171021
v -0.196354 0.220627 -0.281087
v 0.031147 0.000000 -0.354910
v -0.242935 0.010677 -0.471806
v -0.302751 -0.003764 -0.275945
v -0.302751 -0.003764 -0.275945
v -0.242935 0.010677 -0.471806
v -0.308311 0.129884 -0.482047
v -0.310546 0.115444 -0.251793
v -0.310546 0.115444 -0.251793
v -0.308311 0.129884 -0.482047
v -0.232216 0.235067 -0.433025
v -0.196354 0.220627 -0.281087
v 0.050880 0.319176 -0.341175
v -0.196354 0.220627 -0.281087
v -0.232216 0.235067 -0.433025
v 0.031147 0.000000 -0.354910
v -0.128746 0.000378 -0.590226
v -0.242935 0.010677 -0.471806
v -0.242935 0.010677 -0.471806
v -0.128746 0.000378 -0.590226
v -0.162221 0.119586 -0.612886
v -0.308311 0.129884 -0.482047
v -0.308311 0.129884 -0.482047
v -0.162221 0.119586 -0.612886
v -0.091097 0.224769 -0.552353
v -0.232216 0.235067 -0.433025
v 0.050880 0.319176 -0.341175
v -0.232216 0.235067 -0.433025
v -0.091097 0.224769 -0.552353
v 0.031147 0.000000 -0.354910
v 0.105025 -0.010797 -0.615111
v -0.128746 0.000378 -0.590226
v -0.128746 0.000378 -0.590226
v 0.105025 -0.010797 -0.615111
v 0.106739 0.108411 -0.693281
v -0.162221 0.119586 -0.612886
v -0.162221 0.119586 -0.612886
v 0.106739 0.108411 -0.693281
v 0.082972 0.213594 -0.591124
v -0.091097 0.224769 -0.552353
v 0.050880 0.319176 -0.341175
v -0.091097 0.224769 -0.552353
v 0.082972 0.213594 -0.591124
v 0.031147 0.000000 -0.354910
v 0.266122 0.003045 -0.542022
v 0.105025 -0.010797 -0.615111
v 0.105025 -0.010797 -0.615111
v 0.266122 0.003045 -0.542022
v 0.328661 0.122252 -0.554167
v 0.106739 0.108411 -0.693281
v 0.106739 0.108411 -0.693281
v 0.328661 0.122252 -0.554167
v 0.259111 0.227435 -0.478504
v 0.082972 0.213594 -0.591124
v 0.050880 0.319176 -0.341175
v 0.082972 0.213594 -0.591124
v 0.259111 0.227435 -0.478504
v 0.031147 0.000000 -0.354910
v 0.382025 0.009831 -0.344011
v 0.266122 0.003045 -0.542022
v 0.266122 0.003045 -0.542022
v 0.382025 0.009831 -0.344011
v 0.445140 0.129039 -0.342619
v 0.328661 0.122252 -0.554167
v 0.328661 0.122252 -0.554167
v 0.445140 0.129039 -0.342619
v 0.288837 0.234222 -0.345374
v 0.259111 0.227435 -0.478504
v 0.050880 0.319176 -0.341175
v 0.259111 0.227435 -0.478504
v 0.288837 0.234222 -0.345374
v 0.031147 0.000000 -0.354910
v 0.293632 0.007337 -0.181769
v 0.382025 0.009831 -0.344011
v 0.382025 0.009831 -0.344011
v 0.293632 0.007337 -0.181769
v 0.301445 0.126544 -0.129287
v 0.445140 0.129039 -0.342619
v 0.445140 0.129039 -0.342619
v 0.301445 0.126544 -0.129287
v 0.206351 0.231727 -0.189481
v 0.288837 0.234222 -0.345374
v 0.050880 0.319176 -0.341175
v 0.288837 0.234222 -0.345374
v 0.206351 0.231727 -0.189481
v 0.247713 0.000000 0.323097
v 0.095298 0.003806 0.641755
v 0.416849 0.011475 0.622845
v 0.416849 0.011475 0.622845
v 0.095298 0.003806 0.641755
v 0.048692 0.144163 0.649762
v 0.427024 0.151832 0.697016
v 0.427024 0.151832 0.697016
v 0.048692 0.144163 0.649762
v 0.103868 0.268007 0.538248
v 0.381094 0.275677 0.566185
v 0.278575 0.375804 0.332835
v 0.381094 0.275677 0.566185
v 0.103868 0.268007 0.538248
v 0.247713 0.000000 0.323097
v -0.166185 -0.012682 0.392468
v 0.095298 0.003806 0.641755
v 0.095298 0.003806 0.641755
v -0.166185 -0.012682 0.392468
v -0.206494 0.127675 0.408175
v 0.048692 0.144163 0.649762
v 0.048692 0.144163 0.649762
v -0.206494 0.127675 0.408175
v -0.030817 0.251520 0.389330
v 0.103868 0.268007 0.538248
v 0.278575 0.375804 0.332835
v 0.103868 0.268007 0.538248
v -0.030817 0.251520 0.389330
v 0.247713 0.000000 0.323097
v -0.045885 0.000215 0.113239
v -0.166185 -0.012682 0.392468
v -0.166185 -0.012682 0.392468
v -0.045885 0.000215 0.113239
v -0.070884 0.140573 0.066965
v -0.206494 0.127675 0.408175
v -0.206494 0.127675 0.408175
v -0.070884 0.140573 0.066965
v 0.005560 0.264417 0.160007
v -0.030817 0.251520 0.389330
v 0.278575 0.375804 0.332835
v -0.030817 0.251520 0.389330
v 0.005560 0.264417 0.160007
v 0.247713 0.000000 0.323097
v 0.243308 0.012614 -0.022726
v -0.045885 0.000215 0.113239
v -0.045885 0.000215 0.113239
v 0.243308 0.012614 -0.022726
v 0.241971 0.152971 -0.030502
v -0.070884 0.140573 0.066965
v -0.070884 0.140573 0.066965
v 0.241971 0.152971 -0.030502
v 0.243665 0.276815 0.083467
v 0.005560 0.264417 0.160007
v 0.278575 0.375804 0.332835
v 0.005560 0.264417 0.160007
v 0.243665 0.276815 0.083467
v 0.247713 0.000000 0.323097
v 0.577839 -0.004215 0.135983
v 0.243308 0.012614 -0.022726
v 0.243308 0.012614 -0.022726
v 0.577839 -0.004215 0.135983
v 0.602041 0.136142 0.088071
v 0.241971 0.152971 -0.030502
v 0.241971 0.152971 -0.030502
v 0.602041 0.136142 0.088071
v 0.466513 0.259987 0.142030
v 0.243665 0.276815 0.083467
v 0.278575 0.375804 0.332835
v 0.243665 0.276815 0.083467
v 0.466513 0.259987 0.142030
v 0.247713 0.000000 0.323097
v 0.603941 -0.011277 0.396495
v 0.577839 -0.004215 0.135983
v 0.577839 -0.004215 0.135983
v 0.603941 -0.011277 0.396495
v 0.644932 0.129080 0.410548
v 0.602041 0.136142 0.088071
v 0.602041 0.136142 0.088071
v 0.644932 0.129080 0.410548
v 0.554490 0.252924 0.377832
v 0.466513 0.259987 0.142030
v 0.278575 0.375804 0.332835
v 0.466513 0.259987 0.142030
v 0.554490 0.252924 0.377832
v 0.247713 0.000000 0.323097
v 0.416849 0.011475 0.622845
v 0.603941 -0.011277 0.396495
v 0.603941 -0.011277 0.396495
v 0.416849 0.011475 0.622845
v 0.427024 0.151832 0.697016
v 0.644932 0.129080 0.410548
v 0.644932 0.129080 0.410548
v 0.427024 0.151832 0.697016
v 0.381094 0.275677 0.566185
v 0.554490 0.252924 0.377832
v 0.278575 0.375804 0.332835
v 0.554490 0.252924 0.377832
v 0.381094 0.275677 0.566185
v -0.443121 0.000000 -0.078381
v -0.583439 -0.000480 0.055474
v -0.425717 0.006991 0.118142
v -0.425717 0.006991 0.118142
v -0.583439 -0.000480 0.055474
v -0.615898 0.076428 0.065481
v -0.421998 0.083899 0.139290
v -0.421998 0.083899 0.139290
v -0.615898 0.076428 0.065481
v -0.553989 0.144288 0.030114
v -0.426634 0.151759 0.054972
v -0.424319 0.205920 -0.077293
v -0.426634 0.151759 0.054972
v -0.553989 0.144288 0.030114
v -0.443121 0.000000 -0.078381
v -0.667359 -0.006839 -0.063041
v -0.583439 -0.000480 0.055474
v -0.583439 -0.000480 0.055474
v -0.667359 -0.006839 -0.063041
v -0.672463 0.070069 -0.058358
v -0.615898 0.076428 0.065481
v -0.615898 0.076428 0.065481
v -0.672463 0.070069 -0.058358
v -0.596784 0.137929 -0.064124
v -0.553989 0.144288 0.030114
v -0.424319 0.205920 -0.077293
v -0.553989 0.144288 0.030114
v -0.596784 0.137929 -0.064124
v -0.443121 0.000000 -0.078381
v -0.590008 0.002648 -0.205105
v -0.667359 -0.006839 -0.063041
v -0.667359 -0.006839 -0.063041
v -0.590008 0.002648 -0.205105
v -0.626007 0.079556 -0.215533
v -0.672463 0.070069 -0.058358
v -0.672463 0.070069 -0.058358
v -0.626007 0.079556 -0.215533
v -0.584683 0.147416 -0.162779
v -0.596784 0.137929 -0.064124
v -0.424319 0.205920 -0.077293
v -0.596784 0.137929 -0.064124
v -0.584683 0.147416 -0.162779
v -0.443121 0.000000 -0.078381
v -0.463392 0.005999 -0.248215
v -0.590008 0.002648 -0.205105
v -0.590008 0.002648 -0.205105
v -0.463392 0.005999 -0.248215
v -0.467506 0.082907 -0.265692
v -0.626007 0.079556 -0.215533
v -0.626007 0.079556 -0.215533
v -0.467506 0.082907 -0.265692
v -0.458479 0.150767 -0.222248
v -0.584683 0.147416 -0.162779
v -0.424319 0.205920 -0.077293
v -0.584683 0.147416 -0.162779
v -0.458479 0.150767 -0.222248
v -0.443121 0.000000 -0.078381
v -0.301650 -0.004550 -0.211064
v -0.463392 0.005999 -0.248215
v -0.463392 0.005999 -0.248215
v -0.301650 -0.004550 -0.211064
v -0.298248 0.072358 -0.250628
v -0.467506 0.082907 -0.265692
v -0.467506 0.082907 -0.265692
v -0.298248 0.072358 -0.250628
v -0.343139 0.140218 -0.197950
v -0.458479 0.150767 -0.222248
v -0.424319 0.205920 -0.077293
v -0.458479 0.150767 -0.222248
v -0.343139 0.140218 -0.197950
v -0.443121 0.000000 -0.078381
v -0.252402 -0.004557 -0.096308
v -0.301650 -0.004550 -0.211064
v -0.301650 -0.004550 -0.211064
v -0.252402 -0.004557 -0.096308
v -0.200635 0.072351 -0.097391
v -0.298248 0.072358 -0.250628
v -0.298248 0.072358 -0.250628
v -0.200635 0.072351 -0.097391
v -0.257950 0.140211 -0.090207
v -0.343139 0.140218 -0.197950
v -0.424319 0.205920 -0.077293
v -0.343139 0.140218 -0.197950
v -0.257950 0.140211 -0.090207
v -0.443121 0.000000 -0.078381
v -0.268451 0.005995 0.028726
v -0.252402 -0.004557 -0.096308
v -0.252402 -0.004557 -0.096308
v -0.268451 0.005995 0.028726
v -0.238179 0.082903 0.043199
v -0.200635 0.072351 -0.097391
v -0.200635 0.072351 -0.097391
v -0.238179 0.082903 0.043199
v -0.315912 0.150763 0.016149
v -0.257950 0.140211 -0.090207
v -0.424319 0.205920 -0.077293
v -0.257950 0.140211 -0.090207
v -0.315912 0.150763 0.016149
v -0.443121 0.000000 -0.078381
v -0.425717 0.006991 0.118142
v -0.268451 0.005995 0.028726
v -0.268451 0.005995 0.028726
v -0.425717 0.006991 0.118142
v -0.421998 0.083899 0.139290
v -0.238179 0.082903 0.043199
v -0.238179 0.082903 0.043199
v -0.421998 0.083899 0.139290
v -0.426634 0.151759 0.054972
v -0.315912 0.150763 0.016149
v -0.424319 0.205920 -0.077293
v -0.315912 0.150763 0.016149
v -0.426634 0.151759 0.054972
v 0.411559 0.000000 -0.261801
v 0.164805 -0.003799 -0.146176
v 0.341921 0.008604 -0.026424
v 0.341921 0.008604 -0.026424
v 0.164805 -0.003799 -0.146176
v 0.142154 0.094258 -0.119196
v 0.320614 0.106662 -0.020773
v 0.320614 0.106662 -0.020773
v 0.142154 0.094258 -0.119196
v 0.246193 0.180780 -0.150986
v 0.346178 0.193183 -0.102086
v 0.434699 0.262548 -0.266017
v 0.346178 0.193183 -0.102086
v 0.246193 0.180780 -0.150986
v 0.411559 0.000000 -0.261801
v 0.154314 -0.007399 -0.286855
v 0.164805 -0.003799 -0.146176
v 0.164805 -0.003799 -0.146176
v 0.154314 -0.007399 -0.286855
v 0.130810 0.090658 -0.292222
v 0.142154 0.094258 -0.119196
v 0.142154 0.094258 -0.119196
v 0.130810 0.090658 -0.292222
v 0.197311 0.177180 -0.281091
v 0.246193 0.180780 -0.150986
v 0.434699 0.262548 -0.266017
v 0.246193 0.180780 -0.150986
v 0.197311 0.177180 -0.281091
v 0.411559 0.000000 -0.261801
v 0.232553 0.006145 -0.434888
v 0.154314 -0.007399 -0.286855
v 0.154314 -0.007399 -0.286855
v 0.232553 0.006145 -0.434888
v 0.178515 0.104203 -0.438828
v 0.130810 0.090658 -0.292222
v 0.130810 0.090658 -0.292222
v 0.178515 0.104203 -0.438828
v 0.248168 0.190725 -0.382557
v 0.197311 0.177180 -0.281091
v 0.434699 0.262548 -0.266017
v 0.197311 0.177180 -0.281091
v 0.248168 0.190725 -0.382557
v 0.411559 0.000000 -0.261801
v 0.390773 0.005451 -0.467946
v 0.232553 0.006145 -0.434888
v 0.232553 0.006145 -0.434888
v 0.390773 0.005451 -0.467946
v 0.389349 0.103508 -0.521931
v 0.178515 0.104203 -0.438828
v 0.178515 0.104203 -0.438828
v 0.389349 0.103508 -0.521931
v 0.397811 0.190030 -0.461610
v 0.248168 0.190725 -0.382557
v 0.434699 0.262548 -0.266017
v 0.248168 0.190725 -0.382557
v 0.397811 0.190030 -0.461610
v 0.411559 0.000000 -0.261801
v 0.560570 -0.007874 -0.459325
v 0.390773 0.005451 -0.467946
v 0.390773 0.005451 -0.467946
v 0.560570 -0.007874 -0.459325
v 0.578777 0.090184 -0.495851
v 0.389349 0.103508 -0.521931
v 0.389349 0.103508 -0.521931
v 0.578777 0.090184 -0.495851
v 0.541053 0.176705 -0.407822
v 0.397811 0.190030 -0.461610
v 0.434699 0.262548 -0.266017
v 0.397811 0.190030 -0.461610
v 0.541053 0.176705 -0.407822
v 0.411559 0.000000 -0.261801
v 0.667071 -0.002954 -0.318865
v 0.560570 -0.007874 -0.459325
v 0.560570 -0.007874 -0.459325
v 0.667071 -0.002954 -0.318865
v 0.741233 0.095103 -0.320468
v 0.578777 0.090184 -0.495851
v 0.578777 0.090184 -0.495851
v 0.741233 0.095103 -0.320468
v 0.636865 0.181625 -0.303036
v 0.541053 0.176705 -0.407822
v 0.434699 0.262548 -0.266017
v 0.541053 0.176705 -0.407822
v 0.636865 0.181625 -0.303036
v 0.411559 0.000000 -0.261801
v 0.678075 0.008810 -0.170755
v 0.667071 -0.002954 -0.318865
v 0.667071 -0.002954 -0.318865
v 0.678075 0.008810 -0.170755
v 0.691176 0.106868 -0.144873
v 0.741233 0.095103 -0.320468
v 0.741233 0.095103 -0.320468
v 0.691176 0.106868 -0.144873
v 0.587209 0.193390 -0.173440
v 0.636865 0.181625 -0.303036
v 0.434699 0.262548 -0.266017
v 0.636865 0.181625 -0.303036
v 0.587209 0.193390 -0.173440
v 0.411559 0.000000 -0.261801
v 0.512963 0.000161 -0.035481
v 0.678075 0.008810 -0.170755
v 0.678075 0.008810 -0.170755
v 0.512963 0.000161 -0.035481
v 0.528784 0.098218 -0.000366
v 0.691176 0.106868 -0.144873
v 0.691176 0.106868 -0.144873
v 0.528784 0.098218 -0.000366
v 0.503097 0.184740 -0.100567
v 0.587209 0.193390 -0.173440
v 0.434699 0.262548 -0.266017
v 0.587209 0.193390 -0.173440
v 0.503097 0.184740 -0.100567
v 0.411559 0.000000 -0.261801
v 0.341921 0.008604 -0.026424
v 0.512963 0.000161 -0.035481
v 0.512963 0.000161 -0.035481
v 0.341921 0.008604 -0.026424
v 0.320614 0.106662 -0.020773
v 0.528784 0.098218 -0.000366
v 0.528784 0.098218 -0.000366
v 0.320614 0.106662 -0.020773
v 0.346178 0.193183 -0.102086
v 0.503097 0.184740 -0.100567
v 0.434699 0.262548 -0.266017
v 0.503097 0.184740 -0.100567
v 0.346178 0.193183 -0.102086
v -0.135492 0.000000 0.504025
v -0.483058 -0.007869 0.510343
v -0.341846 0.008667 0.718089
v -0.341846 0.008667 0.718089
v -0.483058 -0.007869 0.510343
v -0.490873 0.111338 0.512267
v -0.388327 0.127875 0.735329
v -0.388327 0.127875 0.735329
v -0.490873 0.111338 0.512267
v -0.375134 0.216521 0.509861
v -0.297013 0.233058 0.679253
v -0.112181 0.319176 0.492780
v -0.297013 0.233058 0.679253
v -0.375134 0.216521 0.509861
v -0.135492 0.000000 0.504025
v -0.325735 -0.006172 0.268741
v -0.483058 -0.007869 0.510343
v -0.483058 -0.007869 0.510343
v -0.325735 -0.006172 0.268741
v -0.373561 0.113035 0.250590
v -0.490873 0.111338 0.512267
v -0.490873 0.111338 0.512267
v -0.373561 0.113035 0.250590
v -0.319296 0.218218 0.347783
v -0.375134 0.216521 0.509861
v -0.112181 0.319176 0.492780
v -0.375134 0.216521 0.509861
v -0.319296 0.218218 0.347783
v -0.135492 0.000000 0.504025
v -0.066235 0.009826 0.246129
v -0.325735 -0.006172 0.268741
v -0.325735 -0.006172 0.268741
v -0.066235 0.009826 0.246129
v -0.052628 0.129033 0.217833
v -0.373561 0.113035 0.250590
v -0.373561 0.113035 0.250590
v -0.052628 0.129033 0.217833
v -0.083492 0.234216 0.283499
v -0.319296 0.218218 0.347783
v -0.112181 0.319176 0.492780
v -0.319296 0.218218 0.347783
v -0.083492 0.234216 0.283499
v -0.135492 0.000000 0.504025
v 0.168156 0.003057 0.381545
v -0.066235 0.009826 0.246129
v -0.066235 0.009826 0.246129
v 0.168156 0.003057 0.381545
v 0.175814 0.122264 0.345338
v -0.052628 0.129033 0.217833
v -0.052628 0.129033 0.217833
v 0.175814 0.122264 0.345338
v 0.080777 0.227447 0.394490
v -0.083492 0.234216 0.283499
v -0.112181 0.319176 0.492780
v -0.083492 0.234216 0.283499
v 0.080777 0.227447 0.394490
v -0.135492 0.000000 0.504025
v 0.135270 -0.010795 0.630205
v 0.168156 0.003057 0.381545
v 0.168156 0.003057 0.381545
v 0.135270 -0.010795 0.630205
v 0.210103 0.108412 0.637292
v 0.175814 0.122264 0.345338
v 0.175814 0.122264 0.345338
v 0.210103 0.108412 0.637292
v 0.127468 0.213595 0.587201
v 0.080777 0.227447 0.394490
v -0.112181 0.319176 0.492780
v 0.080777 0.227447 0.394490
v 0.127468 0.213595 0.587201
v -0.135492 0.000000 0.504025
v -0.048578 0.000366 0.754497
v 0.135270 -0.010795 0.630205
v 0.135270 -0.010795 0.630205
v -0.048578 0.000366 0.754497
v -0.034087 0.119573 0.790214
v 0.210103 0.108412 0.637292
v 0.210103 0.108412 0.637292
v -0.034087 0.119573 0.790214
v -0.072709 0.224756 0.726951
v 0.127468 0.213595 0.587201
v -0.112181 0.319176 0.492780
v 0.127468 0.213595 0.587201
v -0.072709 0.224756 0.726951
v -0.135492 0.000000 0.504025
v -0.341846 0.008667 0.718089
v -0.048578 0.000366 0.754497
v -0.048578 0.000366 0.754497
v -0.341846 0.008667 0.718089
v -0.388327 0.127875 0.735329
v -0.034087 0.119573 0.790214
v -0.034087 0.119573 0.790214
v -0.388327 0.127875 0.735329
v -0.297013 0.233058 0.679253
v -0.072709 0.224756 0.726951
v -0.112181 0.319176 0.492780
v -0.072709 0.224756 0.726951
v -0.297013 0.233058 0.679253
v -0.255030 0.000000 -0.491043
v -0.613533 -0.011838 -0.570900
v -0.618069 0.006714 -0.336048
v -0.618069 0.006714 -0.336048
v -0.613533 -0.011838 -0.570900
v -0.648599 0.128519 -0.587500
v -0.649420 0.147071 -0.298839
v -0.649420 0.147071 -0.298839
v -0.648599 0.128519 -0.587500
v -0.556504 0.252364 -0.551967
v -0.497428 0.270915 -0.342001
v -0.236973 0.375804 -0.509695
v -0.497428 0.270915 -0.342001
v -0.556504 0.252364 -0.551967
v -0.255030 0.000000 -0.491043
v -0.449213 -0.002960 -0.783153
v -0.613533 -0.011838 -0.570900
v -0.613533 -0.011838 -0.570900
v -0.449213 -0.002960 -0.783153
v -0.507455 0.137397 -0.789978
v -0.648599 0.128519 -0.587500
v -0.648599 0.128519 -0.587500
v -0.507455 0.137397 -0.789978
v -0.431016 0.261241 -0.696304
v -0.556504 0.252364 -0.551967
v -0.236973 0.375804 -0.509695
v -0.556504 0.252364 -0.551967
v -0.431016 0.261241 -0.696304
v -0.255030 0.000000 -0.491043
v -0.156334 0.012776 -0.778974
v -0.449213 -0.002960 -0.783153
v -0.449213 -0.002960 -0.783153
v -0.156334 0.012776 -0.778974
v -0.150032 0.153134 -0.855969
v -0.507455 0.137397 -0.789978
v -0.507455 0.137397 -0.789978
v -0.150032 0.153134 -0.855969
v -0.189860 0.276978 -0.770445
v -0.431016 0.261241 -0.696304
v -0.236973 0.375804 -0.509695
v -0.431016 0.261241 -0.696304
v -0.189860 0.276978 -0.770445
v -0.255030 0.000000 -0.491043
v 0.052800 -0.001091 -0.674825
v -0.156334 0.012776 -0.778974
v -0.156334 0.012776 -0.778974
v 0.052800 -0.001091 -0.674825
v 0.092650 0.139267 -0.707603
v -0.150032 0.153134 -0.855969
v -0.150032 0.153134 -0.855969
v 0.092650 0.139267 -0.707603
v 0.014858 0.263111 -0.625750
v -0.189860 0.276978 -0.770445
v -0.236973 0.375804 -0.509695
v -0.189860 0.276978 -0.770445
v 0.014858 0.263111 -0.625750
v -0.255030 0.000000 -0.491043
v 0.113473 -0.012431 -0.413204
v 0.052800 -0.001091 -0.674825
v 0.052800 -0.001091 -0.674825
v 0.113473 -0.012431 -0.413204
v 0.219150 0.127926 -0.410855
v 0.092650 0.139267 -0.707603
v 0.092650 0.139267 -0.707603
v 0.219150 0.127926 -0.410855
v 0.067225 0.251771 -0.434312
v 0.014858 0.263111 -0.625750
v -0.236973 0.375804 -0.509695
v 0.014858 0.263111 -0.625750
v 0.067225 0.251771 -0.434312
v -0.255030 0.000000 -0.491043
v -0.032953 0.005032 -0.237351
v 0.113473 -0.012431 -0.413204
v 0.113473 -0.012431 -0.413204
v -0.032953 0.005032 -0.237351
v -0.022846 0.145389 -0.164229
v 0.219150 0.127926 -0.410855
v 0.219150 0.127926 -0.410855
v -0.022846 0.145389 -0.164229
v -0.108585 0.269233 -0.245094
v 0.067225 0.251771 -0.434312
v -0.236973 0.375804 -0.509695
v 0.067225 0.251771 -0.434312
v -0.108585 0.269233 -0.245094
v -0.255030 0.000000 -0.491043
v -0.337434 0.010835 -0.145141
v -0.032953 0.005032 -0.237351
v -0.032953 0.005032 -0.237351
v -0.337434 0.010835 -0.145141
v -0.350923 0.151192 -0.093720
v -0.022846 0.145389 -0.164229
v -0.022846 0.145389 -0.164229
v -0.350923 0.151192 -0.093720
v -0.329982 0.275037 -0.246450
v -0.108585 0.269233 -0.245094
v -0.236973 0.375804 -0.509695
v -0.108585 0.269233 -0.245094
v -0.329982 0.275037 -0.246450
v -0.255030 0.000000 -0.491043
v -0.618069 0.006714 -0.336048
v -0.337434 0.010835 -0.145141
v -0.337434 0.010835 -0.145141
v -0.618069 0.006714 -0.336048
v -0.649420 0.147071 -0.298839
v -0.350923 0.151192 -0.093720
v -0.350923 0.151192 -0.093720
v -0.649420 0.147071 -0.298839
v -0.497428 0.270915 -0.342001
v -0.329982 0.275037 -0.246450
v -0.236973 0.375804 -0.509695
v -0.329982 0.275037 -0.246450
v -0.497428 0.270915 -0.342001
v 0.547200 0.000000 0.199836
v 0.380953 -0.007018 0.102062
v 0.327467 0.001268 0.230658
v 0.327467 0.001268 0.230658
v 0.380953 -0.007018 0.102062
v 0.338155 0.069890 0.095005
v 0.322518 0.078176 0.240002
v 0.322518 0.078176 0.240002
v 0.338155 0.069890 0.095005
v 0.386257 0.137750 0.135068
v 0.394705 0.146036 0.228118
v 0.550610 0.205920 0.188033
v 0.394705 0.146036 0.228118
v 0.386257 0.137750 0.135068
v 0.547200 0.000000 0.199836
v 0.468645 0.000957 0.041388
v 0.380953 -0.007018 0.102062
v 0.380953 -0.007018 0.102062
v 0.468645 0.000957 0.041388
v 0.453724 0.077865 0.022897
v 0.338155 0.069890 0.095005
v 0.338155 0.069890 0.095005
v 0.453724 0.077865 0.022897
v 0.488739 0.145725 0.063094
v 0.386257 0.137750 0.135068
v 0.550610 0.205920 0.188033
v 0.386257 0.137750 0.135068
v 0.488739 0.145725 0.063094
v 0.547200 0.000000 0.199836
v 0.620662 0.006715 0.035562
v 0.468645 0.000957 0.041388
v 0.468645 0.000957 0.041388
v 0.620662 0.006715 0.035562
v 0.622625 0.083623 -0.012522
v 0.453724 0.077865 0.022897
v 0.453724 0.077865 0.022897
v 0.622625 0.083623 -0.012522
v 0.599946 0.151483 0.054078
v 0.488739 0.145725 0.063094
v 0.550610 0.205920 0.188033
v 0.488739 0.145725 0.063094
v 0.599946 0.151483 0.054078
v 0.547200 0.000000 0.199836
v 0.712791 -0.003086 0.099985
v 0.620662 0.006715 0.035562
v 0.620662 0.006715 0.035562
v 0.712791 -0.003086 0.099985
v 0.759319 0.073822 0.094782
v 0.622625 0.083623 -0.012522
v 0.622625 0.083623 -0.012522
v 0.759319 0.073822 0.094782
v 0.707986 0.141682 0.134035
v 0.599946 0.151483 0.054078
v 0.550610 0.205920 0.188033
v 0.599946 0.151483 0.054078
v 0.707986 0.141682 0.134035
v 0.547200 0.000000 0.199836
v 0.772776 -0.005736 0.227527
v 0.712791 -0.003086 0.099985
v 0.712791 -0.003086 0.099985
v 0.772776 -0.005736 0.227527
v 0.808908 0.071172 0.231685
v 0.759319 0.073822 0.094782
v 0.759319 0.073822 0.094782
v 0.808908 0.071172 0.231685
v 0.708859 0.139032 0.224682
v 0.707986 0.141682 0.134035
v 0.550610 0.205920 0.188033
v 0.707986 0.141682 0.134035
v 0.708859 0.139032 0.224682
v 0.547200 0.000000 0.199836
v 0.686127 0.004905 0.335656
v 0.772776 -0.005736 0.227527
v 0.772776 -0.005736 0.227527
v 0.686127 0.004905 0.335656
v 0.691356 0.081813 0.373093
v 0.808908 0.071172 0.231685
v 0.808908 0.071172 0.231685
v 0.691356 0.081813 0.373093
v 0.651005 0.149673 0.315796
v 0.708859 0.139032 0.224682
v 0.550610 0.205920 0.188033
v 0.708859 0.139032 0.224682
v 0.651005 0.149673 0.315796
v 0.547200 0.000000 0.199836
v 0.548569 0.004181 0.395557
v 0.686127 0.004905 0.335656
v 0.686127 0.004905 0.335656
v 0.548569 0.004181 0.395557
v 0.548976 0.081089 0.402740
v 0.691356 0.081813 0.373093
v 0.691356 0.081813 0.373093
v 0.548976 0.081089 0.402740
v 0.548520 0.148949 0.329434
v 0.651005 0.149673 0.315796
v 0.550610 0.205920 0.188033
v 0.651005 0.149673 0.315796
v 0.548520 0.148949 0.329434
v 0.547200 0.000000 0.199836
v 0.399715 -0.006231 0.326130
v 0.548569 0.004181 0.395557
v 0.548569 0.004181 0.395557
v 0.399715 -0.006231 0.326130
v 0.380400 0.070677 0.349492
v 0.548976 0.081089 0.402740
v 0.548976 0.081089 0.402740
v 0.380400 0.070677 0.349492
v 0.444886 0.138537 0.316930
v 0.548520 0.148949 0.329434
v 0.550610 0.205920 0.188033
v 0.548520 0.148949 0.329434
v 0.444886 0.138537 0.316930
v 0.547200 0.000000 0.199836
v 0.327467 0.001268 0.230658
v 0.399715 -0.006231 0.326130
v 0.399715 -0.006231 0.326130
v 0.327467 0.001268 0.230658
v 0.322518 0.078176 0.240002
v 0.380400 0.070677 0.349492
v 0.380400 0.070677 0.349492
v 0.322518 0.078176 0.240002
v 0.394705 0.146036 0.228118
v 0.444886 0.138537 0.316930
v 0.550610 0.205920 0.188033
v 0.444886 0.138537 0.316930
v 0.394705 0.146036 0.228118
v -0.563850 0.000000 0.232751
v -0.685066 -0.008415 0.021669
v -0.815620 -0.001676 0.187464
v -0.815620 -0.001676 0.187464
v -0.685066 -0.008415 0.021669
v -0.721142 0.089643 0.016542
v -0.841922 0.096381 0.178341
v -0.841922 0.096381 0.178341
v -0.721142 0.089643 0.016542
v -0.672894 0.176164 0.083308
v -0.777593 0.182903 0.198513
v -0.568359 0.262548 0.217721
v -0.777593 0.182903 0.198513
v -0.672894 0.176164 0.083308
v -0.563850 0.000000 0.232751
v -0.444543 0.004345 0.043161
v -0.685066 -0.008415 0.021669
v -0.685066 -0.008415 0.021669
v -0.444543 0.004345 0.043161
v -0.437453 0.102402 -0.008522
v -0.721142 0.089643 0.016542
v -0.721142 0.089643 0.016542
v -0.437453 0.102402 -0.008522
v -0.485161 0.188924 0.048656
v -0.672894 0.176164 0.083308
v -0.568359 0.262548 0.217721
v -0.672894 0.176164 0.083308
v -0.485161 0.188924 0.048656
v -0.563850 0.000000 0.232751
v -0.320796 0.007038 0.169458
v -0.444543 0.004345 0.043161
v -0.444543 0.004345 0.043161
v -0.320796 0.007038 0.169458
v -0.287535 0.105095 0.158586
v -0.437453 0.102402 -0.008522
v -0.437453 0.102402 -0.008522
v -0.287535 0.105095 0.158586
v -0.348913 0.191617 0.186744
v -0.485161 0.188924 0.048656
v -0.568359 0.262548 0.217721
v -0.485161 0.188924 0.048656
v -0.348913 0.191617 0.186744
v -0.563850 0.000000 0.232751
v -0.350071 -0.006576 0.371731
v -0.320796 0.007038 0.169458
v -0.320796 0.007038 0.169458
v -0.350071 -0.006576 0.371731
v -0.289571 0.091482 0.376259
v -0.287535 0.105095 0.158586
v -0.287535 0.105095 0.158586
v -0.289571 0.091482 0.376259
v -0.378484 0.178003 0.334937
v -0.348913 0.191617 0.186744
v -0.568359 0.262548 0.217721
v -0.348913 0.191617 0.186744
v -0.378484 0.178003 0.334937
v -0.563850 0.000000 0.232751
v -0.553215 -0.004953 0.441157
v -0.350071 -0.006576 0.371731
v -0.350071 -0.006576 0.371731
v -0.553215 -0.004953 0.441157
v -0.552768 0.093105 0.501971
v -0.289571 0.091482 0.376259
v -0.289571 0.091482 0.376259
v -0.552768 0.093105 0.501971
v -0.556830 0.179627 0.434485
v -0.378484 0.178003 0.334937
v -0.568359 0.262548 0.217721
v -0.378484 0.178003 0.334937
v -0.556830 0.179627 0.434485
v -0.563850 0.000000 0.232751
v -0.751865 0.008146 0.394932
v -0.553215 -0.004953 0.441157
v -0.553215 -0.004953 0.441157
v -0.751865 0.008146 0.394932
v -0.784089 0.106204 0.417995
v -0.552768 0.093105 0.501971
v -0.552768 0.093105 0.501971
v -0.784089 0.106204 0.417995
v -0.736105 0.192725 0.346611
v -0.556830 0.179627 0.434485
v -0.568359 0.262548 0.217721
v -0.556830 0.179627 0.434485
v -0.736105 0.192725 0.346611
v -0.563850 0.000000 0.232751
v -0.815620 -0.001676 0.187464
v -0.751865 0.008146 0.394932
v -0.751865 0.008146 0.394932
v -0.815620 -0.001676 0.187464
v -0.841922 0.096381 0.178341
v -0.784089 0.106204 0.417995
v -0.784089 0.106204 0.417995
v -0.841922 0.096381 0.178341
v -0.777593 0.182903 0.198513
v -0.736105 0.192725 0.346611
v -0.568359 0.262548 0.217721
v -0.736105 0.192725 0.346611
v -0.777593 0.182903 0.198513
v 0.269550 0.000000 -0.576015
v 0.190666 -0.008198 -0.830271
v 0.018107 -0.005765 -0.738542
v 0.018107 -0.005765 -0.738542
v 0.190666 -0.008198 -0.830271
v 0.176199 0.111010 -0.861762
v -0.048070 0.113442 -0.749495
v -0.048070 0.113442 -0.749495
v 0.176199 0.111010 -0.861762
v 0.211351 0.216193 -0.797427
v 0.025759 0.218625 -0.683463
v 0.254045 0.319176 -0.591790
v 0.025759 0.218625 -0.683463
v 0.211351 0.216193 -0.797427
v 0.269550 0.000000 -0.576015
v 0.448601 0.008364 -0.806370
v 0.190666 -0.008198 -0.830271
v 0.190666 -0.008198 -0.830271
v 0.448601 0.008364 -0.806370
v 0.453712 0.127572 -0.873051
v 0.176199 0.111010 -0.861762
v 0.176199 0.111010 -0.861762
v 0.453712 0.127572 -0.873051
v 0.399187 0.232755 -0.778752
v 0.211351 0.216193 -0.797427
v 0.254045 0.319176 -0.591790
v 0.211351 0.216193 -0.797427
v 0.399187 0.232755 -0.778752
v 0.269550 0.000000 -0.576015
v 0.559991 0.005546 -0.644741
v 0.448601 0.008364 -0.806370
v 0.448601 0.008364 -0.806370
v 0.559991 0.005546 -0.644741
v 0.642832 0.124753 -0.648060
v 0.453712 0.127572 -0.873051
v 0.453712 0.127572 -0.873051
v 0.642832 0.124753 -0.648060
v 0.551368 0.229936 -0.621313
v 0.399187 0.232755 -0.778752
v 0.254045 0.319176 -0.591790
v 0.399187 0.232755 -0.778752
v 0.551368 0.229936 -0.621313
v 0.269550 0.000000 -0.576015
v 0.571151 -0.010123 -0.440045
v 0.559991 0.005546 -0.644741
v 0.559991 0.005546 -0.644741
v 0.571151 -0.010123 -0.440045
v 0.617491 0.109085 -0.418589
v 0.642832 0.124753 -0.648060
v 0.642832 0.124753 -0.648060
v 0.617491 0.109085 -0.418589
v 0.484039 0.214268 -0.453054
v 0.551368 0.229936 -0.621313
v 0.254045 0.319176 -0.591790
v 0.551368 0.229936 -0.621313
v 0.484039 0.214268 -0.453054
v 0.269550 0.000000 -0.576015
v 0.343944 -0.002336 -0.305291
v 0.571151 -0.010123 -0.440045
v 0.571151 -0.010123 -0.440045
v 0.343944 -0.002336 -0.305291
v 0.346990 0.116871 -0.231894
v 0.617491 0.109085 -0.418589
v 0.617491 0.109085 -0.418589
v 0.346990 0.116871 -0.231894
v 0.325659 0.222054 -0.346939
v 0.484039 0.214268 -0.453054
v 0.254045 0.319176 -0.591790
v 0.484039 0.214268 -0.453054
v 0.325659 0.222054 -0.346939
v 0.269550 0.000000 -0.576015
v 0.109914 0.010863 -0.319323
v 0.343944 -0.002336 -0.305291
v 0.343944 -0.002336 -0.305291
v 0.109914 0.010863 -0.319323
v 0.062079 0.130071 -0.310597
v 0.346990 0.116871 -0.231894
v 0.346990 0.116871 -0.231894
v 0.062079 0.130071 -0.310597
v 0.116058 0.235254 -0.405636
v 0.325659 0.222054 -0.346939
v 0.254045 0.319176 -0.591790
v 0.325659 0.222054 -0.346939
v 0.116058 0.235254 -0.405636
v 0.269550 0.000000 -0.576015
v -0.080599 -0.001108 -0.518977
v 0.109914 0.010863 -0.319323
v 0.109914 0.010863 -0.319323
v -0.080599 -0.001108 -0.518977
v -0.124267 0.118099 -0.507991
v 0.062079 0.130071 -0.310597
v 0.062079 0.130071 -0.310597
v -0.124267 0.118099 -0.507991
v 0.028166 0.223282 -0.522803
v 0.116058 0.235254 -0.405636
v 0.254045 0.319176 -0.591790
v 0.116058 0.235254 -0.405636
v 0.028166 0.223282 -0.522803
v 0.269550 0.000000 -0.576015
v 0.018107 -0.005765 -0.738542
v -0.080599 -0.001108 -0.518977
v -0.080599 -0.001108 -0.518977
v 0.018107 -0.005765 -0.738542
v -0.048070 0.113442 -0.749495
v -0.124267 0.118099 -0.507991
v -0.124267 0.118099 -0.507991
v -0.048070 0.113442 -0.749495
v 0.025759 0.218625 -0.683463
v 0.028166 0.223282 -0.522803
v 0.254045 0.319176 -0.591790
v 0.028166 0.223282 -0.522803
v 0.025759 0.218625 -0.683463
v 0.235000 0.025000 0.000000
v 0.302412 0.011097 0.087672
v 0.286094 -0.167298 0.204927
v 0.216638 0.011097 0.109058
v 0.280379 -0.020541 0.001087
v 0.274264 -0.025074 -0.002038
v 0.248184 -0.129677 0.200715
v 0.254299 -0.125144 0.203840
v 0.274264 -0.025074 -0.002038
v 0.267214 -0.021002 -0.000844
v 0.241133 -0.125605 0.201909
v 0.248184 -0.129677 0.200715
v 0.267214 -0.021002 -0.000844
v 0.268971 -0.013952 0.003019
v 0.242891 -0.118555 0.205772
v 0.241133 -0.125605 0.201909
v 0.268971 -0.013952 0.003019
v 0.277108 -0.013667 0.004213
v 0.251028 -0.118270 0.206966
v 0.242891 -0.118555 0.205772
v 0.277108 -0.013667 0.004213
v 0.280379 -0.020541 0.001087
v 0.254299 -0.125144 0.203840
v 0.251028 -0.118270 0.206966
v 0.273587 -0.018847 0.001087
v 0.274264 -0.025074 -0.002038
v 0.280379 -0.020541 0.001087
v 0.247507 -0.123451 0.203840
v 0.254299 -0.125144 0.203840
v 0.248184 -0.129677 0.200715
v 0.273587 -0.018847 0.001087
v 0.267214 -0.021002 -0.000844
v 0.274264 -0.025074 -0.002038
v 0.247507 -0.123451 0.203840
v 0.248184 -0.129677 0.200715
v 0.241133 -0.125605 0.201909
v 0.273587 -0.018847 0.001087
v 0.268971 -0.013952 0.003019
v 0.267214 -0.021002 -0.000844
v 0.247507 -0.123451 0.203840
v 0.241133 -0.125605 0.201909
v 0.242891 -0.118555 0.205772
v 0.273587 -0.018847 0.001087
v 0.277108 -0.013667 0.004213
v 0.268971 -0.013952 0.003019
v 0.247507 -0.123451 0.203840
v 0.242891 -0.118555 0.205772
v 0.251028 -0.118270 0.206966
v 0.273587 -0.018847 0.001087
v 0.280379 -0.020541 0.001087
v 0.277108 -0.013667 0.004213
v 0.247507 -0.123451 0.203840
v 0.251028 -0.118270 0.206966
v 0.254299 -0.125144 0.203840
v 0.270000 0.028000 -0.025000
v 0.252703 0.017753 -0.106087
v 0.307545 -0.136681 -0.175586
v 0.323340 0.017753 -0.088475
v 0.294136 -0.104788 -0.174787
v 0.297494 -0.098263 -0.178510
v 0.273183 -0.000754 -0.029522
v 0.269825 -0.007280 -0.025799
v 0.297494 -0.098263 -0.178510
v 0.305598 -0.098415 -0.177088
v 0.281287 -0.000906 -0.028100
v 0.273183 -0.000754 -0.029522
v 0.305598 -0.098415 -0.177088
v 0.307249 -0.105034 -0.172486
v 0.282937 -0.007526 -0.023498
v 0.281287 -0.000906 -0.028100
v 0.307249 -0.105034 -0.172486
v 0.300165 -0.108973 -0.171064
v 0.275853 -0.011465 -0.022076
v 0.282937 -0.007526 -0.023498
v 0.300165 -0.108973 -0.171064
v 0.294136 -0.104788 -0.174787
v 0.269825 -0.007280 -0.025799
v 0.275853 -0.011465 -0.022076
v 0.300928 -0.103095 -0.174787
v 0.297494 -0.098263 -0.178510
v 0.294136 -0.104788 -0.174787
v 0.276617 -0.005586 -0.025799
v 0.269825 -0.007280 -0.025799
v 0.273183 -0.000754 -0.029522
v 0.300928 -0.103095 -0.174787
v 0.305598 -0.098415 -0.177088
v 0.297494 -0.098263 -0.178510
v 0.276617 -0.005586 -0.025799
v 0.273183 -0.000754 -0.029522
v 0.281287 -0.000906 -0.028100
v 0.300928 -0.103095 -0.174787
v 0.307249 -0.105034 -0.172486
v 0.305598 -0.098415 -0.177088
v 0.276617 -0.005586 -0.025799
v 0.281287 -0.000906 -0.028100
v 0.282937 -0.007526 -0.023498
v 0.300928 -0.103095 -0.174787
v 0.300165 -0.108973 -0.171064
v 0.307249 -0.105034 -0.172486
v 0.276617 -0.005586 -0.025799
v 0.282937 -0.007526 -0.023498
v 0.275853 -0.011465 -0.022076
v 0.300928 -0.103095 -0.174787
v 0.294136 -0.104788 -0.174787
v 0.300165 -0.108973 -0.171064
v 0.276617 -0.005586 -0.025799
v 0.275853 -0.011465 -0.022076
v 0.269825 -0.007280 -0.025799
v -0.190080 0.025000 0.174129
v -0.068100 0.004878 0.155775
v 0.037463 -0.180255 0.235099
v -0.093619 0.004878 0.251015
v -0.016423 -0.068828 0.091540
v -0.023353 -0.065677 0.088415
v -0.139500 -0.096799 0.314563
v -0.132570 -0.099950 0.317688
v -0.023353 -0.065677 0.088415
v -0.023209 -0.057537 0.089609
v -0.139357 -0.088658 0.315756
v -0.139500 -0.096799 0.314563
v -0.023209 -0.057537 0.089609
v -0.016191 -0.055656 0.093472
v -0.132339 -0.086778 0.319620
v -0.139357 -0.088658 0.315756
v -0.016191 -0.055656 0.093472
v -0.011997 -0.062635 0.094666
v -0.128145 -0.093756 0.320813
v -0.132339 -0.086778 0.319620
v -0.011997 -0.062635 0.094666
v -0.016423 -0.068828 0.091540
v -0.132570 -0.099950 0.317688
v -0.128145 -0.093756 0.320813
v -0.018235 -0.062067 0.091540
v -0.023353 -0.065677 0.088415
v -0.016423 -0.068828 0.091540
v -0.134382 -0.093188 0.317688
v -0.132570 -0.099950 0.317688
v -0.139500 -0.096799 0.314563
v -0.018235 -0.062067 0.091540
v -0.023209 -0.057537 0.089609
v -0.023353 -0.065677 0.088415
v -0.134382 -0.093188 0.317688
v -0.139500 -0.096799 0.314563
v -0.139357 -0.088658 0.315756
v -0.018235 -0.062067 0.091540
v -0.016191 -0.055656 0.093472
v -0.023209 -0.057537 0.089609
v -0.134382 -0.093188 0.317688
v -0.139357 -0.088658 0.315756
v -0.132339 -0.086778 0.319620
v -0.018235 -0.062067 0.091540
v -0.011997 -0.062635 0.094666
v -0.016191 -0.055656 0.093472
v -0.134382 -0.093188 0.317688
v -0.132339 -0.086778 0.319620
v -0.128145 -0.093756 0.320813
v -0.018235 -0.062067 0.091540
v -0.016423 -0.068828 0.091540
v -0.011997 -0.062635 0.094666
v -0.134382 -0.093188 0.317688
v -0.128145 -0.093756 0.320813
v -0.132570 -0.099950 0.317688
v -0.155080 0.028000 0.149129
v -0.243537 0.011955 0.122155
v -0.281680 -0.148759 0.031073
v -0.188159 0.011955 0.062769
v -0.264142 -0.093483 0.007012
v -0.256807 -0.093256 0.003289
v -0.174830 -0.016811 0.169468
v -0.182166 -0.017038 0.173191
v -0.256807 -0.093256 0.003289
v -0.253011 -0.100417 0.004711
v -0.171035 -0.023973 0.170890
v -0.174830 -0.016811 0.169468
v -0.253011 -0.100417 0.004711
v -0.258001 -0.105070 0.009312
v -0.176024 -0.028626 0.175491
v -0.171035 -0.023973 0.170890
v -0.258001 -0.105070 0.009312
v -0.264880 -0.100784 0.010734
v -0.182903 -0.024340 0.176913
v -0.176024 -0.028626 0.175491
v -0.264880 -0.100784 0.010734
v -0.264142 -0.093483 0.007012
v -0.182166 -0.017038 0.173191
v -0.182903 -0.024340 0.176913
v -0.259368 -0.098602 0.007012
v -0.256807 -0.093256 0.003289
v -0.264142 -0.093483 0.007012
v -0.177392 -0.022157 0.173191
v -0.182166 -0.017038 0.173191
v -0.174830 -0.016811 0.169468
v -0.259368 -0.098602 0.007012
v -0.253011 -0.100417 0.004711
v -0.256807 -0.093256 0.003289
v -0.177392 -0.022157 0.173191
v -0.174830 -0.016811 0.169468
v -0.171035 -0.023973 0.170890
v -0.259368 -0.098602 0.007012
v -0.258001 -0.105070 0.009312
v -0.253011 -0.100417 0.004711
v -0.177392 -0.022157 0.173191
v -0.171035 -0.023973 0.170890
v -0.176024 -0.028626 0.175491
v -0.259368 -0.098602 0.007012
v -0.264880 -0.100784 0.010734
v -0.258001 -0.105070 0.009312
v -0.177392 -0.022157 0.173191
v -0.176024 -0.028626 0.175491
v -0.182903 -0.024340 0.176913
v -0.259368 -0.098602 0.007012
v -0.264142 -0.093483 0.007012
v -0.264880 -0.100784 0.010734
v -0.177392 -0.022157 0.173191
v -0.182903 -0.024340 0.176913
v -0.182166 -0.017038 0.173191
v 0.024065 0.025000 -0.274209
v 0.071606 -0.001342 -0.401751
v 0.204634 -0.193212 -0.461194
v 0.149870 -0.001342 -0.326172
v 0.155399 -0.136691 -0.492472
v 0.154795 -0.129103 -0.495598
v 0.062625 -0.033658 -0.246056
v 0.063229 -0.041246 -0.242930
v 0.154795 -0.129103 -0.495598
v 0.161985 -0.125281 -0.494404
v 0.069815 -0.029837 -0.244862
v 0.062625 -0.033658 -0.246056
v 0.161985 -0.125281 -0.494404
v 0.167032 -0.130508 -0.490541
v 0.074862 -0.035063 -0.240999
v 0.069815 -0.029837 -0.244862
v 0.167032 -0.130508 -0.490541
v 0.162962 -0.137560 -0.489347
v 0.070792 -0.042115 -0.239805
v 0.074862 -0.035063 -0.240999
v 0.162962 -0.137560 -0.489347
v 0.155399 -0.136691 -0.492472
v 0.063229 -0.041246 -0.242930
v 0.070792 -0.042115 -0.239805
v 0.160435 -0.131829 -0.492472
v 0.154795 -0.129103 -0.495598
v 0.155399 -0.136691 -0.492472
v 0.068265 -0.036384 -0.242930
v 0.063229 -0.041246 -0.242930
v 0.062625 -0.033658 -0.246056
v 0.160435 -0.131829 -0.492472
v 0.161985 -0.125281 -0.494404
v 0.154795 -0.129103 -0.495598
v 0.068265 -0.036384 -0.242930
v 0.062625 -0.033658 -0.246056
v 0.069815 -0.029837 -0.244862
v 0.160435 -0.131829 -0.492472
v 0.167032 -0.130508 -0.490541
v 0.161985 -0.125281 -0.494404
v 0.068265 -0.036384 -0.242930
v 0.069815 -0.029837 -0.244862
v 0.074862 -0.035063 -0.240999
v 0.160435 -0.131829 -0.492472
v 0.162962 -0.137560 -0.489347
v 0.167032 -0.130508 -0.490541
v 0.068265 -0.036384 -0.242930
v 0.074862 -0.035063 -0.240999
v 0.070792 -0.042115 -0.239805
v 0.160435 -0.131829 -0.492472
v 0.155399 -0.136691 -0.492472
v 0.162962 -0.137560 -0.489347
v 0.068265 -0.036384 -0.242930
v 0.070792 -0.042115 -0.239805
v 0.063229 -0.041246 -0.242930
v 0.059065 0.028000 -0.299209
v -0.014289 0.006158 -0.228269
v -0.122597 -0.160838 -0.240183
v -0.041977 0.006158 -0.313484
v -0.088418 -0.040651 -0.361381
v -0.084664 -0.046957 -0.365104
v 0.032967 -0.085178 -0.181734
v 0.029213 -0.078872 -0.178011
v -0.084664 -0.046957 -0.365104
v -0.089087 -0.053749 -0.363682
v 0.028544 -0.091969 -0.180312
v 0.032967 -0.085178 -0.181734
v -0.089087 -0.053749 -0.363682
v -0.095575 -0.051641 -0.359080
v 0.022056 -0.089861 -0.175710
v 0.028544 -0.091969 -0.180312
v -0.095575 -0.051641 -0.359080
v -0.095162 -0.043546 -0.357658
v 0.022469 -0.081767 -0.174288
v 0.022056 -0.089861 -0.175710
v -0.095162 -0.043546 -0.357658
v -0.088418 -0.040651 -0.361381
v 0.029213 -0.078872 -0.178011
v 0.022469 -0.081767 -0.174288
v -0.090581 -0.047309 -0.361381
v -0.084664 -0.046957 -0.365104
v -0.088418 -0.040651 -0.361381
v 0.027050 -0.085529 -0.178011
v 0.029213 -0.078872 -0.178011
v 0.032967 -0.085178 -0.181734
v -0.090581 -0.047309 -0.361381
v -0.089087 -0.053749 -0.363682
v -0.084664 -0.046957 -0.365104
v 0.027050 -0.085529 -0.178011
v 0.032967 -0.085178 -0.181734
v 0.028544 -0.091969 -0.180312
v -0.090581 -0.047309 -0.361381
v -0.095575 -0.051641 -0.359080
v -0.089087 -0.053749 -0.363682
v 0.027050 -0.085529 -0.178011
v 0.028544 -0.091969 -0.180312
v 0.022056 -0.089861 -0.175710
v -0.090581 -0.047309 -0.361381
v -0.095162 -0.043546 -0.357658
v -0.095575 -0.051641 -0.359080
v 0.027050 -0.085529 -0.178011
v 0.022056 -0.089861 -0.175710
v 0.022469 -0.081767 -0.174288
v -0.090581 -0.047309 -0.361381
v -0.088418 -0.040651 -0.361381
v -0.095162 -0.043546 -0.357658
v 0.027050 -0.085529 -0.178011
v 0.022469 -0.081767 -0.174288
v 0.029213 -0.078872 -0.178011
v 0.176447 0.025000 0.230144
v 0.104539 0.011097 0.146120
v 0.114698 -0.167298 0.028172
v 0.189076 0.011097 0.120274
v 0.123119 -0.120650 0.027781
v 0.129463 -0.116443 0.024656
v 0.160982 -0.013348 0.227409
v 0.154638 -0.017555 0.230534
v 0.129463 -0.116443 0.024656
v 0.136291 -0.120878 0.025850
v 0.167810 -0.017783 0.228603
v 0.160982 -0.013348 0.227409
v 0.136291 -0.120878 0.025850
v 0.134167 -0.127826 0.029713
v 0.165686 -0.024731 0.232466
v 0.167810 -0.017783 0.228603
v 0.134167 -0.127826 0.029713
v 0.126026 -0.127685 0.030907
v 0.157545 -0.024590 0.233660
v 0.165686 -0.024731 0.232466
v 0.126026 -0.127685 0.030907
v 0.123119 -0.120650 0.027781
v 0.154638 -0.017555 0.230534
v 0.157545 -0.024590 0.233660
v 0.129813 -0.122696 0.027781
v 0.129463 -0.116443 0.024656
v 0.123119 -0.120650 0.027781
v 0.161332 -0.019601 0.230534
v 0.154638 -0.017555 0.230534
v 0.160982 -0.013348 0.227409
v 0.129813 -0.122696 0.027781
v 0.136291 -0.120878 0.025850
v 0.129463 -0.116443 0.024656
v 0.161332 -0.019601 0.230534
v 0.160982 -0.013348 0.227409
v 0.167810 -0.017783 0.228603
v 0.129813 -0.122696 0.027781
v 0.134167 -0.127826 0.029713
v 0.136291 -0.120878 0.025850
v 0.161332 -0.019601 0.230534
v 0.167810 -0.017783 0.228603
v 0.165686 -0.024731 0.232466
v 0.129813 -0.122696 0.027781
v 0.126026 -0.127685 0.030907
v 0.134167 -0.127826 0.029713
v 0.161332 -0.019601 0.230534
v 0.165686 -0.024731 0.232466
v 0.157545 -0.024590 0.233660
v 0.129813 -0.122696 0.027781
v 0.123119 -0.120650 0.027781
v 0.126026 -0.127685 0.030907
v 0.161332 -0.019601 0.230534
v 0.157545 -0.024590 0.233660
v 0.154638 -0.017555 0.230534
v 0.211447 0.028000 0.205144
v 0.232965 0.017753 0.285215
v 0.181835 -0.136681 0.357489
v 0.161502 0.017753 0.271324
v 0.193925 -0.003681 0.206822
v 0.190230 -0.010022 0.203100
v 0.209405 -0.108669 0.352088
v 0.213100 -0.102328 0.355810
v 0.190230 -0.010022 0.203100
v 0.182145 -0.009446 0.204522
v 0.201320 -0.108093 0.353510
v 0.209405 -0.108669 0.352088
v 0.182145 -0.009446 0.204522
v 0.180844 -0.002749 0.209123
v 0.200019 -0.101396 0.358111
v 0.201320 -0.108093 0.353510
v 0.180844 -0.002749 0.209123
v 0.188124 0.000814 0.210545
v 0.207299 -0.097834 0.359533
v 0.200019 -0.101396 0.358111
v 0.188124 0.000814 0.210545
v 0.193925 -0.003681 0.206822
v 0.213100 -0.102328 0.355810
v 0.207299 -0.097834 0.359533
v 0.187053 -0.005017 0.206822
v 0.190230 -0.010022 0.203100
v 0.193925 -0.003681 0.206822
v 0.206229 -0.103664 0.355810
v 0.213100 -0.102328 0.355810
v 0.209405 -0.108669 0.352088
v 0.187053 -0.005017 0.206822
v 0.182145 -0.009446 0.204522
v 0.190230 -0.010022 0.203100
v 0.206229 -0.103664 0.355810
v 0.209405 -0.108669 0.352088
v 0.201320 -0.108093 0.353510
v 0.187053 -0.005017 0.206822
v 0.180844 -0.002749 0.209123
v 0.182145 -0.009446 0.204522
v 0.206229 -0.103664 0.355810
v 0.201320 -0.108093 0.353510
v 0.200019 -0.101396 0.358111
v 0.187053 -0.005017 0.206822
v 0.188124 0.000814 0.210545
v 0.180844 -0.002749 0.209123
v 0.206229 -0.103664 0.355810
v 0.200019 -0.101396 0.358111
v 0.207299 -0.097834 0.359533
v 0.187053 -0.005017 0.206822
v 0.193925 -0.003681 0.206822
v 0.188124 0.000814 0.210545
v 0.206229 -0.103664 0.355810
v 0.207299 -0.097834 0.359533
v 0.213100 -0.102328 0.355810
v -0.298352 0.025000 -0.052774
v -0.419205 0.004878 -0.028061
v -0.528775 -0.180255 -0.101752
v -0.398705 0.004878 -0.124506
v -0.473828 -0.083281 -0.190337
v -0.467072 -0.086790 -0.193462
v -0.349455 -0.061789 0.032685
v -0.356210 -0.058280 0.035811
v -0.467072 -0.086790 -0.193462
v -0.467641 -0.094912 -0.192268
v -0.350024 -0.069911 0.033879
v -0.349455 -0.061789 0.032685
v -0.467641 -0.094912 -0.192268
v -0.474748 -0.096422 -0.188405
v -0.357131 -0.071422 0.037742
v -0.350024 -0.069911 0.033879
v -0.474748 -0.096422 -0.188405
v -0.478572 -0.089234 -0.187211
v -0.360954 -0.064234 0.038936
v -0.357131 -0.071422 0.037742
v -0.478572 -0.089234 -0.187211
v -0.473828 -0.083281 -0.190337
v -0.356210 -0.058280 0.035811
v -0.360954 -0.064234 0.038936
v -0.472372 -0.090128 -0.190337
v -0.467072 -0.086790 -0.193462
v -0.473828 -0.083281 -0.190337
v -0.354755 -0.065127 0.035811
v -0.356210 -0.058280 0.035811
v -0.349455 -0.061789 0.032685
v -0.472372 -0.090128 -0.190337
v -0.467641 -0.094912 -0.192268
v -0.467072 -0.086790 -0.193462
v -0.354755 -0.065127 0.035811
v -0.349455 -0.061789 0.032685
v -0.350024 -0.069911 0.033879
v -0.472372 -0.090128 -0.190337
v -0.474748 -0.096422 -0.188405
v -0.467641 -0.094912 -0.192268
v -0.354755 -0.065127 0.035811
v -0.350024 -0.069911 0.033879
v -0.357131 -0.071422 0.037742
v -0.472372 -0.090128 -0.190337
v -0.478572 -0.089234 -0.187211
v -0.474748 -0.096422 -0.188405
v -0.354755 -0.065127 0.035811
v -0.357131 -0.071422 0.037742
v -0.360954 -0.064234 0.038936
v -0.472372 -0.090128 -0.190337
v -0.473828 -0.083281 -0.190337
v -0.478572 -0.089234 -0.187211
v -0.354755 -0.065127 0.035811
v -0.360954 -0.064234 0.038936
v -0.356210 -0.058280 0.035811
v -0.263352 0.028000 -0.077774
v -0.173605 0.011955 -0.055467
v -0.130748 -0.148759 0.033494
v -0.225799 0.011955 0.006736
v -0.149618 -0.029717 -0.105229
v -0.156955 -0.029560 -0.108952
v -0.242820 -0.101609 0.057227
v -0.235483 -0.101767 0.060950
v -0.156955 -0.029560 -0.108952
v -0.160371 -0.022209 -0.107530
v -0.246236 -0.094259 0.058649
v -0.242820 -0.101609 0.057227
v -0.160371 -0.022209 -0.107530
v -0.155144 -0.017824 -0.102928
v -0.241010 -0.089874 0.063250
v -0.246236 -0.094259 0.058649
v -0.155144 -0.017824 -0.102928
v -0.148499 -0.022464 -0.101506
v -0.234364 -0.094514 0.064672
v -0.241010 -0.089874 0.063250
v -0.148499 -0.022464 -0.101506
v -0.149618 -0.029717 -0.105229
v -0.235483 -0.101767 0.060950
v -0.234364 -0.094514 0.064672
v -0.154117 -0.024355 -0.105229
v -0.156955 -0.029560 -0.108952
v -0.149618 -0.029717 -0.105229
v -0.239983 -0.096404 0.060950
v -0.235483 -0.101767 0.060950
v -0.242820 -0.101609 0.057227
v -0.154117 -0.024355 -0.105229
v -0.160371 -0.022209 -0.107530
v -0.156955 -0.029560 -0.108952
v -0.239983 -0.096404 0.060950
v -0.242820 -0.101609 0.057227
v -0.246236 -0.094259 0.058649
v -0.154117 -0.024355 -0.105229
v -0.155144 -0.017824 -0.102928
v -0.160371 -0.022209 -0.107530
v -0.239983 -0.096404 0.060950
v -0.246236 -0.094259 0.058649
v -0.241010 -0.089874 0.063250
v -0.154117 -0.024355 -0.105229
v -0.148499 -0.022464 -0.101506
v -0.155144 -0.017824 -0.102928
v -0.239983 -0.096404 0.060950
v -0.241010 -0.089874 0.063250
v -0.234364 -0.094514 0.064672
v -0.154117 -0.024355 -0.105229
v -0.149618 -0.029717 -0.105229
v -0.148499 -0.022464 -0.101506
v -0.239983 -0.096404 0.060950
v -0.234364 -0.094514 0.064672
v -0.235483 -0.101767 0.060950
v 0.265548 0.025000 -0.168920
v 0.224747 -0.001342 -0.039065
v 0.095012 -0.193212 0.027259
v 0.142635 -0.001342 -0.110444
v 0.142039 -0.029445 -0.195602
v 0.142245 -0.037054 -0.198727
v 0.229293 -0.137192 0.050815
v 0.229087 -0.129583 0.053940
v 0.142245 -0.037054 -0.198727
v 0.134865 -0.040494 -0.197534
v 0.221914 -0.140632 0.052009
v 0.229293 -0.137192 0.050815
v 0.134865 -0.040494 -0.197534
v 0.130099 -0.035011 -0.193670
v 0.217147 -0.135149 0.055872
v 0.221914 -0.140632 0.052009
v 0.130099 -0.035011 -0.193670
v 0.134532 -0.028182 -0.192477
v 0.221581 -0.128320 0.057066
v 0.217147 -0.135149 0.055872
v 0.134532 -0.028182 -0.192477
v 0.142039 -0.029445 -0.195602
v 0.229087 -0.129583 0.053940
v 0.221581 -0.128320 0.057066
v 0.136756 -0.034037 -0.195602
v 0.142245 -0.037054 -0.198727
v 0.142039 -0.029445 -0.195602
v 0.223804 -0.134175 0.053940
v 0.229087 -0.129583 0.053940
v 0.229293 -0.137192 0.050815
v 0.136756 -0.034037 -0.195602
v 0.134865 -0.040494 -0.197534
v 0.142245 -0.037054 -0.198727
v 0.223804 -0.134175 0.053940
v 0.229293 -0.137192 0.050815
v 0.221914 -0.140632 0.052009
v 0.136756 -0.034037 -0.195602
v 0.130099 -0.035011 -0.193670
v 0.134865 -0.040494 -0.197534
v 0.223804 -0.134175 0.053940
v 0.221914 -0.140632 0.052009
v 0.217147 -0.135149 0.055872
v 0.136756 -0.034037 -0.195602
v 0.134532 -0.028182 -0.192477
v 0.130099 -0.035011 -0.193670
v 0.223804 -0.134175 0.053940
v 0.217147 -0.135149 0.055872
v 0.221581 -0.128320 0.057066
v 0.136756 -0.034037 -0.195602
v 0.142039 -0.029445 -0.195602
v 0.134532 -0.028182 -0.192477
v 0.223804 -0.134175 0.053940
v 0.221581 -0.128320 0.057066
v 0.229087 -0.129583 0.053940
v 0.300548 0.028000 -0.193920
v 0.370088 0.006158 -0.268602
v 0.478872 -0.160838 -0.262372
v 0.402198 0.006158 -0.184953
v 0.444936 -0.095116 -0.319831
v 0.441517 -0.088623 -0.323554
v 0.326047 -0.044298 -0.140184
v 0.329467 -0.050792 -0.136461
v 0.441517 -0.088623 -0.323554
v 0.446290 -0.082072 -0.322132
v 0.330820 -0.037747 -0.138762
v 0.326047 -0.044298 -0.140184
v 0.446290 -0.082072 -0.322132
v 0.452659 -0.084517 -0.317530
v 0.337189 -0.040192 -0.134161
v 0.330820 -0.037747 -0.138762
v 0.452659 -0.084517 -0.317530
v 0.451822 -0.092579 -0.316109
v 0.336353 -0.048254 -0.132739
v 0.337189 -0.040192 -0.134161
v 0.451822 -0.092579 -0.316109
v 0.444936 -0.095116 -0.319831
v 0.329467 -0.050792 -0.136461
v 0.336353 -0.048254 -0.132739
v 0.447445 -0.088581 -0.319831
v 0.441517 -0.088623 -0.323554
v 0.444936 -0.095116 -0.319831
v 0.331975 -0.044257 -0.136461
v 0.329467 -0.050792 -0.136461
v 0.326047 -0.044298 -0.140184
v 0.447445 -0.088581 -0.319831
v 0.446290 -0.082072 -0.322132
v 0.441517 -0.088623 -0.323554
v 0.331975 -0.044257 -0.136461
v 0.326047 -0.044298 -0.140184
v 0.330820 -0.037747 -0.138762
v 0.447445 -0.088581 -0.319831
v 0.452659 -0.084517 -0.317530
v 0.446290 -0.082072 -0.322132
v 0.331975 -0.044257 -0.136461
v 0.330820 -0.037747 -0.138762
v 0.337189 -0.040192 -0.134161
v 0.447445 -0.088581 -0.319831
v 0.451822 -0.092579 -0.316109
v 0.452659 -0.084517 -0.317530
v 0.331975 -0.044257 -0.136461
v 0.337189 -0.040192 -0.134161
v 0.336353 -0.048254 -0.132739
v 0.447445 -0.088581 -0.319831
v 0.444936 -0.095116 -0.319831
v 0.451822 -0.092579 -0.316109
v 0.331975 -0.044257 -0.136461
v 0.336353 -0.048254 -0.132739
v 0.329467 -0.050792 -0.136461
v -0.084505 0.025000 0.314356
v -0.008298 0.011097 0.394502
v -0.012270 -0.167298 0.512820
v -0.091367 0.011097 0.424736
v -0.023374 -0.022891 0.312212
v -0.029929 -0.026760 0.309086
v -0.066801 -0.128064 0.511839
v -0.060246 -0.124195 0.514965
v -0.029929 -0.026760 0.309086
v -0.036516 -0.021974 0.310280
v -0.073387 -0.123278 0.513033
v -0.066801 -0.128064 0.511839
v -0.036516 -0.021974 0.310280
v -0.034031 -0.015146 0.314143
v -0.070902 -0.116450 0.516896
v -0.073387 -0.123278 0.513033
v -0.034031 -0.015146 0.314143
v -0.025909 -0.015713 0.315337
v -0.062780 -0.117017 0.518090
v -0.070902 -0.116450 0.516896
v -0.025909 -0.015713 0.315337
v -0.023374 -0.022891 0.312212
v -0.060246 -0.124195 0.514965
v -0.062780 -0.117017 0.518090
v -0.029952 -0.020497 0.312212
v -0.029929 -0.026760 0.309086
v -0.023374 -0.022891 0.312212
v -0.066823 -0.121801 0.514965
v -0.060246 -0.124195 0.514965
v -0.066801 -0.128064 0.511839
v -0.029952 -0.020497 0.312212
v -0.036516 -0.021974 0.310280
v -0.029929 -0.026760 0.309086
v -0.066823 -0.121801 0.514965
v -0.066801 -0.128064 0.511839
v -0.073387 -0.123278 0.513033
v -0.029952 -0.020497 0.312212
v -0.034031 -0.015146 0.314143
v -0.036516 -0.021974 0.310280
v -0.066823 -0.121801 0.514965
v -0.073387 -0.123278 0.513033
v -0.070902 -0.116450 0.516896
v -0.029952 -0.020497 0.312212
v -0.025909 -0.015713 0.315337
v -0.034031 -0.015146 0.314143
v -0.066823 -0.121801 0.514965
v -0.070902 -0.116450 0.516896
v -0.062780 -0.117017 0.518090
v -0.029952 -0.020497 0.312212
v -0.023374 -0.022891 0.312212
v -0.025909 -0.015713 0.315337
v -0.066823 -0.121801 0.514965
v -0.062780 -0.117017 0.518090
v -0.060246 -0.124195 0.514965
v -0.049505 0.028000 0.289356
v -0.075183 0.017753 0.210521
v -0.027906 -0.136681 0.135671
v -0.003092 0.017753 0.220653
v -0.038644 -0.105073 0.138019
v -0.034623 -0.098934 0.134297
v -0.048609 0.000582 0.283285
v -0.052630 -0.005557 0.287007
v -0.034623 -0.098934 0.134297
v -0.026579 -0.099932 0.135719
v -0.040565 -0.000417 0.284707
v -0.048609 0.000582 0.283285
v -0.026579 -0.099932 0.135719
v -0.025630 -0.106688 0.140320
v -0.039616 -0.007172 0.289308
v -0.040565 -0.000417 0.284707
v -0.025630 -0.106688 0.140320
v -0.033086 -0.109865 0.141742
v -0.047072 -0.010349 0.290730
v -0.039616 -0.007172 0.289308
v -0.033086 -0.109865 0.141742
v -0.038644 -0.105073 0.138019
v -0.052630 -0.005557 0.287007
v -0.047072 -0.010349 0.290730
v -0.031712 -0.104098 0.138019
v -0.034623 -0.098934 0.134297
v -0.038644 -0.105073 0.138019
v -0.045698 -0.004583 0.287007
v -0.052630 -0.005557 0.287007
v -0.048609 0.000582 0.283285
v -0.031712 -0.104098 0.138019
v -0.026579 -0.099932 0.135719
v -0.034623 -0.098934 0.134297
v -0.045698 -0.004583 0.287007
v -0.048609 0.000582 0.283285
v -0.040565 -0.000417 0.284707
v -0.031712 -0.104098 0.138019
v -0.025630 -0.106688 0.140320
v -0.026579 -0.099932 0.135719
v -0.045698 -0.004583 0.287007
v -0.040565 -0.000417 0.284707
v -0.039616 -0.007172 0.289308
v -0.031712 -0.104098 0.138019
v -0.033086 -0.109865 0.141742
v -0.025630 -0.106688 0.140320
v -0.045698 -0.004583 0.287007
v -0.039616 -0.007172 0.289308
v -0.047072 -0.010349 0.290730
v -0.031712 -0.104098 0.138019
v -0.038644 -0.105073 0.138019
v -0.033086 -0.109865 0.141742
v -0.045698 -0.004583 0.287007
v -0.047072 -0.010349 0.290730
v -0.052630 -0.005557 0.287007
v -0.154664 0.025000 -0.297795
v -0.035270 0.004878 -0.328799
v 0.078006 -0.180255 -0.260944
v -0.050695 0.004878 -0.231413
v 0.022148 -0.075136 -0.392443
v 0.015586 -0.071278 -0.395569
v -0.103179 -0.090089 -0.169421
v -0.096616 -0.093947 -0.166296
v 0.015586 -0.071278 -0.395569
v 0.016579 -0.063197 -0.394375
v -0.102185 -0.082008 -0.168227
v -0.103179 -0.090089 -0.169421
v 0.016579 -0.063197 -0.394375
v 0.023755 -0.062061 -0.390512
v -0.095009 -0.080871 -0.164364
v -0.102185 -0.082008 -0.168227
v 0.023755 -0.062061 -0.390512
v 0.027197 -0.069439 -0.389318
v -0.091567 -0.088250 -0.163170
v -0.095009 -0.080871 -0.164364
v 0.027197 -0.069439 -0.389318
v 0.022148 -0.075136 -0.392443
v -0.096616 -0.093947 -0.166296
v -0.091567 -0.088250 -0.163170
v 0.021053 -0.068222 -0.392443
v 0.015586 -0.071278 -0.395569
v 0.022148 -0.075136 -0.392443
v -0.097711 -0.087033 -0.166296
v -0.096616 -0.093947 -0.166296
v -0.103179 -0.090089 -0.169421
v 0.021053 -0.068222 -0.392443
v 0.016579 -0.063197 -0.394375
v 0.015586 -0.071278 -0.395569
v -0.097711 -0.087033 -0.166296
v -0.103179 -0.090089 -0.169421
v -0.102185 -0.082008 -0.168227
v 0.021053 -0.068222 -0.392443
v 0.023755 -0.062061 -0.390512
v 0.016579 -0.063197 -0.394375
v -0.097711 -0.087033 -0.166296
v -0.102185 -0.082008 -0.168227
v -0.095009 -0.080871 -0.164364
v 0.021053 -0.068222 -0.392443
v 0.027197 -0.069439 -0.389318
v 0.023755 -0.062061 -0.390512
v -0.097711 -0.087033 -0.166296
v -0.095009 -0.080871 -0.164364
v -0.091567 -0.088250 -0.163170
v 0.021053 -0.068222 -0.392443
v 0.022148 -0.075136 -0.392443
v 0.027197 -0.069439 -0.389318
v -0.097711 -0.087033 -0.166296
v -0.091567 -0.088250 -0.163170
v -0.096616 -0.093947 -0.166296
v -0.119664 0.028000 -0.322795
v -0.210456 0.011955 -0.340375
v -0.257910 -0.148759 -0.426971
v -0.161589 0.011955 -0.405224
v -0.237759 -0.088518 -0.457973
v -0.230440 -0.089059 -0.461695
v -0.140922 -0.021602 -0.295516
v -0.148241 -0.021061 -0.291794
v -0.230440 -0.089059 -0.461695
v -0.227414 -0.096578 -0.460273
v -0.137896 -0.029121 -0.294094
v -0.140922 -0.021602 -0.295516
v -0.227414 -0.096578 -0.460273
v -0.232862 -0.100684 -0.455672
v -0.143344 -0.033227 -0.289493
v -0.137896 -0.029121 -0.294094
v -0.232862 -0.100684 -0.455672
v -0.239256 -0.095702 -0.454250
v -0.149738 -0.028245 -0.288071
v -0.143344 -0.033227 -0.289493
v -0.239256 -0.095702 -0.454250
v -0.237759 -0.088518 -0.457973
v -0.148241 -0.021061 -0.291794
v -0.149738 -0.028245 -0.288071
v -0.233546 -0.094108 -0.457973
v -0.230440 -0.089059 -0.461695
v -0.237759 -0.088518 -0.457973
v -0.144028 -0.026651 -0.291794
v -0.148241 -0.021061 -0.291794
v -0.140922 -0.021602 -0.295516
v -0.233546 -0.094108 -0.457973
v -0.227414 -0.096578 -0.460273
v -0.230440 -0.089059 -0.461695
v -0.144028 -0.026651 -0.291794
v -0.140922 -0.021602 -0.295516
v -0.137896 -0.029121 -0.294094
v -0.233546 -0.094108 -0.457973
v -0.232862 -0.100684 -0.455672
v -0.227414 -0.096578 -0.460273
v -0.144028 -0.026651 -0.291794
v -0.137896 -0.029121 -0.294094
v -0.143344 -0.033227 -0.289493
v -0.233546 -0.094108 -0.457973
v -0.239256 -0.095702 -0.454250
v -0.232862 -0.100684 -0.455672
v -0.144028 -0.026651 -0.291794
v -0.143344 -0.033227 -0.289493
v -0.149738 -0.028245 -0.288071
v -0.233546 -0.094108 -0.457973
v -0.237759 -0.088518 -0.457973
v -0.239256 -0.095702 -0.454250
v -0.144028 -0.026651 -0.291794
v -0.149738 -0.028245 -0.288071
v -0.148241 -0.021061 -0.291794
v 0.211844 0.005000 0.089566
v 0.248381 0.006688 0.139620
v 0.279344 0.005000 0.089566
v 0.279344 0.005000 0.089566
v 0.248381 0.006688 0.139620
v 0.249549 0.025422 0.154706
v 0.297380 0.023734 0.089566
v 0.297380 0.023734 0.089566
v 0.249549 0.025422 0.154706
v 0.236152 0.041952 0.137566
v 0.268535 0.040264 0.089566
v 0.211844 0.055160 0.093766
v 0.268535 0.040264 0.089566
v 0.236152 0.041952 0.137566
v 0.211844 0.005000 0.089566
v 0.181238 0.004465 0.149208
v 0.248381 0.006688 0.139620
v 0.248381 0.006688 0.139620
v 0.181238 0.004465 0.149208
v 0.175152 0.023199 0.156343
v 0.249549 0.025422 0.154706
v 0.249549 0.025422 0.154706
v 0.175152 0.023199 0.156343
v 0.183153 0.039729 0.130480
v 0.236152 0.041952 0.137566
v 0.211844 0.055160 0.093766
v 0.236152 0.041952 0.137566
v 0.183153 0.039729 0.130480
v 0.211844 0.005000 0.089566
v 0.142826 0.003481 0.089566
v 0.181238 0.004465 0.149208
v 0.181238 0.004465 0.149208
v 0.142826 0.003481 0.089566
v 0.126049 0.022215 0.089566
v 0.175152 0.023199 0.156343
v 0.175152 0.023199 0.156343
v 0.126049 0.022215 0.089566
v 0.156275 0.038745 0.089566
v 0.183153 0.039729 0.130480
v 0.211844 0.055160 0.093766
v 0.183153 0.039729 0.130480
v 0.156275 0.038745 0.089566
v 0.211844 0.005000 0.089566
v 0.175806 0.006017 0.038705
v 0.142826 0.003481 0.089566
v 0.142826 0.003481 0.089566
v 0.175806 0.006017 0.038705
v 0.174933 0.024751 0.023143
v 0.126049 0.022215 0.089566
v 0.126049 0.022215 0.089566
v 0.174933 0.024751 0.023143
v 0.187420 0.041281 0.041754
v 0.156275 0.038745 0.089566
v 0.211844 0.055160 0.093766
v 0.156275 0.038745 0.089566
v 0.187420 0.041281 0.041754
v 0.211844 0.005000 0.089566
v 0.242255 0.006196 0.029608
v 0.175806 0.006017 0.038705
v 0.175806 0.006017 0.038705
v 0.242255 0.006196 0.029608
v 0.249302 0.024930 0.024027
v 0.174933 0.024751 0.023143
v 0.174933 0.024751 0.023143
v 0.249302 0.024930 0.024027
v 0.240965 0.041460 0.049347
v 0.187420 0.041281 0.041754
v 0.211844 0.055160 0.093766
v 0.187420 0.041281 0.041754
v 0.240965 0.041460 0.049347
v 0.211844 0.005000 0.089566
v 0.279344 0.005000 0.089566
v 0.242255 0.006196 0.029608
v 0.242255 0.006196 0.029608
v 0.279344 0.005000 0.089566
v 0.297380 0.023734 0.089566
v 0.249302 0.024930 0.024027
v 0.249302 0.024930 0.024027
v 0.297380 0.023734 0.089566
v 0.268535 0.040264 0.089566
v 0.240965 0.041460 0.049347
v 0.211844 0.055160 0.093766
v 0.240965 0.041460 0.049347
v 0.268535 0.040264 0.089566
v -0.229801 0.005000 0.009564
v -0.228932 0.006341 0.075895
v -0.165005 0.005835 0.037246
v -0.165005 0.005835 0.037246
v -0.228932 0.006341 0.075895
v -0.228842 0.025075 0.089316
v -0.159705 0.024569 0.044047
v -0.159705 0.024569 0.044047
v -0.228842 0.025075 0.089316
v -0.229064 0.041605 0.059773
v -0.186660 0.041099 0.036249
v -0.226872 0.055160 0.013229
v -0.186660 0.041099 0.036249
v -0.229064 0.041605 0.059773
v -0.229801 0.005000 0.009564
v -0.285465 0.003740 0.043097
v -0.228932 0.006341 0.075895
v -0.228932 0.006341 0.075895
v -0.285465 0.003740 0.043097
v -0.302051 0.022474 0.043907
v -0.228842 0.025075 0.089316
v -0.228842 0.025075 0.089316
v -0.302051 0.022474 0.043907
v -0.279927 0.039004 0.033280
v -0.229064 0.041605 0.059773
v -0.226872 0.055160 0.013229
v -0.229064 0.041605 0.059773
v -0.279927 0.039004 0.033280
v -0.229801 0.005000 0.009564
v -0.294501 0.004058 -0.018169
v -0.285465 0.003740 0.043097
v -0.285465 0.003740 0.043097
v -0.294501 0.004058 -0.018169
v -0.298384 0.022792 -0.025710
v -0.302051 0.022474 0.043907
v -0.302051 0.022474 0.043907
v -0.298384 0.022792 -0.025710
v -0.272479 0.039322 -0.017364
v -0.279927 0.039004 0.033280
v -0.226872 0.055160 0.013229
v -0.279927 0.039004 0.033280
v -0.272479 0.039322 -0.017364
v -0.229801 0.005000 0.009564
v -0.230654 0.006559 -0.057884
v -0.294501 0.004058 -0.018169
v -0.294501 0.004058 -0.018169
v -0.230654 0.006559 -0.057884
v -0.230770 0.025293 -0.069531
v -0.298384 0.022792 -0.025710
v -0.298384 0.022792 -0.025710
v -0.230770 0.025293 -0.069531
v -0.230555 0.041823 -0.039519
v -0.272479 0.039322 -0.017364
v -0.226872 0.055160 0.013229
v -0.272479 0.039322 -0.017364
v -0.230555 0.041823 -0.039519
v -0.229801 0.005000 0.009564
v -0.172883 0.005447 -0.023273
v -0.230654 0.006559 -0.057884
v -0.230654 0.006559 -0.057884
v -0.172883 0.005447 -0.023273
v -0.156745 0.024181 -0.024331
v -0.230770 0.025293 -0.069531
v -0.230770 0.025293 -0.069531
v -0.156745 0.024181 -0.024331
v -0.180390 0.040711 -0.014550
v -0.230555 0.041823 -0.039519
v -0.226872 0.055160 0.013229
v -0.230555 0.041823 -0.039519
v -0.180390 0.040711 -0.014550
v -0.229801 0.005000 0.009564
v -0.165005 0.005835 0.037246
v -0.172883 0.005447 -0.023273
v -0.172883 0.005447 -0.023273
v -0.165005 0.005835 0.037246
v -0.159705 0.024569 0.044047
v -0.156745 0.024181 -0.024331
v -0.156745 0.024181 -0.024331
v -0.159705 0.024569 0.044047
v -0.186660 0.041099 0.036249
v -0.180390 0.040711 -0.014550
v -0.226872 0.055160 0.013229
v -0.180390 0.040711 -0.014550
v -0.186660 0.041099 0.036249
v 0.203669 0.005000 -0.106859
v 0.174315 0.005653 -0.046649
v 0.239285 0.006457 -0.053613
v 0.239285 0.006457 -0.053613
v 0.174315 0.005653 -0.046649
v 0.165577 0.024387 -0.044471
v 0.240647 0.025191 -0.038982
v 0.240647 0.025191 -0.038982
v 0.165577 0.024387 -0.044471
v 0.175379 0.040917 -0.066973
v 0.230328 0.041721 -0.061476
v 0.208782 0.055160 -0.104660
v 0.230328 0.041721 -0.061476
v 0.175379 0.040917 -0.066973
v 0.203669 0.005000 -0.106859
v 0.130130 0.003336 -0.105299
v 0.174315 0.005653 -0.046649
v 0.174315 0.005653 -0.046649
v 0.130130 0.003336 -0.105299
v 0.120588 0.022070 -0.105009
v 0.165577 0.024387 -0.044471
v 0.165577 0.024387 -0.044471
v 0.120588 0.022070 -0.105009
v 0.152716 0.038600 -0.105411
v 0.175379 0.040917 -0.066973
v 0.208782 0.055160 -0.104660
v 0.175379 0.040917 -0.066973
v 0.152716 0.038600 -0.105411
v 0.203669 0.005000 -0.106859
v 0.168854 0.004875 -0.161318
v 0.130130 0.003336 -0.105299
v 0.130130 0.003336 -0.105299
v 0.168854 0.004875 -0.161318
v 0.166902 0.023609 -0.175054
v 0.120588 0.022070 -0.105009
v 0.120588 0.022070 -0.105009
v 0.166902 0.023609 -0.175054
v 0.176446 0.040139 -0.151383
v 0.152716 0.038600 -0.105411
v 0.208782 0.055160 -0.104660
v 0.152716 0.038600 -0.105411
v 0.176446 0.040139 -0.151383
v 0.203669 0.005000 -0.106859
v 0.233453 0.006704 -0.166329
v 0.168854 0.004875 -0.161318
v 0.168854 0.004875 -0.161318
v 0.233453 0.006704 -0.166329
v 0.242545 0.025438 -0.167895
v 0.166902 0.023609 -0.175054
v 0.166902 0.023609 -0.175054
v 0.242545 0.025438 -0.167895
v 0.231896 0.041968 -0.146853
v 0.176446 0.040139 -0.151383
v 0.208782 0.055160 -0.104660
v 0.176446 0.040139 -0.151383
v 0.231896 0.041968 -0.146853
v 0.203669 0.005000 -0.106859
v 0.277719 0.004585 -0.108405
v 0.233453 0.006704 -0.166329
v 0.233453 0.006704 -0.166329
v 0.277719 0.004585 -0.108405
v 0.285296 0.023319 -0.108745
v 0.242545 0.025438 -0.167895
v 0.242545 0.025438 -0.167895
v 0.285296 0.023319 -0.108745
v 0.253695 0.039849 -0.108329
v 0.231896 0.041968 -0.146853
v 0.208782 0.055160 -0.104660
v 0.231896 0.041968 -0.146853
v 0.253695 0.039849 -0.108329
v 0.203669 0.005000 -0.106859
v 0.239285 0.006457 -0.053613
v 0.277719 0.004585 -0.108405
v 0.277719 0.004585 -0.108405
v 0.239285 0.006457 -0.053613
v 0.240647 0.025191 -0.038982
v 0.285296 0.023319 -0.108745
v 0.285296 0.023319 -0.108745
v 0.240647 0.025191 -0.038982
v 0.230328 0.041721 -0.061476
v 0.253695 0.039849 -0.108329
v 0.208782 0.055160 -0.104660
v 0.253695 0.039849 -0.108329
v 0.230328 0.041721 -0.061476
v -0.138463 0.005000 0.183652
v -0.198112 0.004798 0.215804
v -0.135983 0.006709 0.252847
v -0.135983 0.006709 0.252847
v -0.198112 0.004798 0.215804
v -0.210803 0.023532 0.218790
v -0.135400 0.025443 0.259111
v -0.135400 0.025443 0.259111
v -0.210803 0.023532 0.218790
v -0.184292 0.040062 0.210491
v -0.136084 0.041973 0.229983
v -0.132468 0.055160 0.183823
v -0.136084 0.041973 0.229983
v -0.184292 0.040062 0.210491
v -0.138463 0.005000 0.183652
v -0.201086 0.003355 0.155792
v -0.198112 0.004798 0.215804
v -0.198112 0.004798 0.215804
v -0.201086 0.003355 0.155792
v -0.202519 0.022089 0.147394
v -0.210803 0.023532 0.218790
v -0.210803 0.023532 0.218790
v -0.202519 0.022089 0.147394
v -0.182224 0.038619 0.158264
v -0.184292 0.040062 0.210491
v -0.132468 0.055160 0.183823
v -0.184292 0.040062 0.210491
v -0.182224 0.038619 0.158264
v -0.138463 0.005000 0.183652
v -0.140942 0.005723 0.114444
v -0.201086 0.003355 0.155792
v -0.201086 0.003355 0.155792
v -0.140942 0.005723 0.114444
v -0.141594 0.024457 0.109780
v -0.202519 0.022089 0.147394
v -0.202519 0.022089 0.147394
v -0.141594 0.024457 0.109780
v -0.140866 0.040987 0.137898
v -0.182224 0.038619 0.158264
v -0.132468 0.055160 0.183823
v -0.182224 0.038619 0.158264
v -0.140866 0.040987 0.137898
v -0.138463 0.005000 0.183652
v -0.077741 0.006415 0.152133
v -0.140942 0.005723 0.114444
v -0.140942 0.005723 0.114444
v -0.077741 0.006415 0.152133
v -0.066605 0.025149 0.148229
v -0.141594 0.024457 0.109780
v -0.141594 0.024457 0.109780
v -0.066605 0.025149 0.148229
v -0.093663 0.041679 0.156205
v -0.140866 0.040987 0.137898
v -0.132468 0.055160 0.183823
v -0.140866 0.040987 0.137898
v -0.093663 0.041679 0.156205
v -0.138463 0.005000 0.183652
v -0.077095 0.003828 0.212126
v -0.077741 0.006415 0.152133
v -0.077741 0.006415 0.152133
v -0.077095 0.003828 0.212126
v -0.075343 0.022562 0.220369
v -0.066605 0.025149 0.148229
v -0.066605 0.025149 0.148229
v -0.075343 0.022562 0.220369
v -0.094031 0.039092 0.208712
v -0.093663 0.041679 0.156205
v -0.132468 0.055160 0.183823
v -0.093663 0.041679 0.156205
v -0.094031 0.039092 0.208712
v -0.138463 0.005000 0.183652
v -0.135983 0.006709 0.252847
v -0.077095 0.003828 0.212126
v -0.077095 0.003828 0.212126
v -0.135983 0.006709 0.252847
v -0.135400 0.025443 0.259111
v -0.075343 0.022562 0.220369
v -0.075343 0.022562 0.220369
v -0.135400 0.025443 0.259111
v -0.136084 0.041973 0.229983
v -0.094031 0.039092 0.208712
v -0.132468 0.055160 0.183823
v -0.094031 0.039092 0.208712
v -0.136084 0.041973 0.229983
vt 0.000000 0.000000
vt 0.000000 0.000000
vt 0.000000 0.000000
vt 0.000000 0.000000
vt 1.000000 0.000000
vt 1.000000 1.000000
vt 0.000000 1.000000
vt 0.000000 0.000000
vt 1.000000 0.000000
vt 1.000000 1.000000
vt 0.000000 1.000000
vt 0.000000 0.000000
vt 0.000000 0.000000
vt 0.000000 0.000000
vt 0.000000 0.000000
vt 0.000000 0.000000
vt 0.000000 0.000000
vt 0.000000 0.000000
vt 1.000000 0.000000
vt 1.000000 1.000000
vt 0.000000 1.000000
vt 0.000000 0.000000
vt 1.000000 0.000000
vt 1.000000 1.000000
vt 0.000000 1.000000
vt 0.000000 0.000000
vt 0.000000 0.000000
vt 0.000000 0.000000
vt 0.000000 0.000000
vt 0.000000 0.000000
vt 0.000000 0.000000
vt 0.000000 0.000000
vt 1.000000 0.000000
vt 1.000000 1.000000
vt 0.000000 1.000000
vt 0.000000 0.000000
vt 1.000000 0.000000
vt 1.000000 1.000000
vt 0.000000 1.000000
vt 0.000000 0.000000
vt 0.000000 0.000000
vt 0.000000 0.000000
vt 0.000000 0.000000
vt 0.000000 0.000000
vt 0.000000 0.000000
vt 0.000000 0.000000
vt 1.000000 0.000000
vt 1.000000 1.000000
vt 0.000000 1.000000
vt 0.000000 0.000000
vt 1.000000 0.000000
vt 1.000000 1.000000
vt 0.000000 1.000000
vt 0.000000 0.000000
vt 0.000000 0.000000
vt 0.000000 0.000000
vt 0.000000 0.000000
vt 0.000000 0.000000
vt 0.000000 0.000000
vt 0.000000 0.000000
vt 1.000000 0.000000
vt 1.000000 1.000000
vt 0.000000 1.000000
vt 0.000000 0.000000
vt 1.000000 0.000000
vt 1.000000 1.000000
vt 0.000000 1.000000
vt 0.000000 0.000000
vt 0.000000 0.000000
vt 0.000000 0.000000
vt 0.000000 0.000000
vt 0.000000 0.000000
vt 0.000000 0.000000
vt 0.000000 0.000000
vt 1.000000 0.000000
vt 1.000000 1.000000
vt 0.000000 1.000000
vt 0.000000 0.000000
vt 1.000000 0.000000
vt 1.000000 1.000000
vt 0.000000 1.000000
vt 0.000000 0.000000
vt 0.000000 0.000000
vt 0.000000 0.000000
vt 0.000000 0.000000
vt 0.000000 0.000000
vt 0.000000 0.000000
vt 0.000000 0.000000
vt 1.000000 0.000000
vt 1.000000 1.000000
vt 0.000000 1.000000
vt 0.000000 0.000000
vt 1.000000 0.000000
vt 1.000000 1.000000
vt 0.000000 1.000000
vt 0.000000 0.000000
vt 0.000000 0.000000
vt 0.000000 0.000000
vt 0.000000 0.000000
vt 0.000000 0.000000
vt 0.000000 0.000000
vt 0.000000 0.000000
vt 1.000000 0.000000
vt 1.000000 1.000000
vt 0.000000 1.000000
vt 0.000000 0.000000
vt 1.000000 0.000000
vt 1.000000 1.000000
vt 0.000000 1.000000
vt 0.000000 0.000000
vt 0.000000 0.000000
vt 0.000000 0.000000
vt 0.000000 0.000000
vt 0.000000 0.000000
vt 0.000000 0.000000
vt 0.000000 0.000000
vt 1.000000 0.000000
vt 1.000000 1.000000
vt 0.000000 1.000000
vt 0.000000 0.000000
vt 1.000000 0.000000
vt 1.000000 1.000000
vt 0.000000 1.000000
vt 0.000000 0.000000
vt 0.000000 0.000000
vt 0.000000 0.000000
vt 0.000000 0.000000
vt 0.000000 0.000000
vt 0.000000 0.000000
vt 0.000000 0.000000
vt 1.000000 0.000000
vt 1.000000 1.000000
vt 0.000000 1.000000
vt 0.000000 0.000000
vt 1.000000 0.000000
vt 1.000000 1.000000
vt 0.000000 1.000000
vt 0.000000 0.000000
vt 0.000000 0.000000
vt 0.000000 0.000000
vt 0.000000 0.000000
vt 0.000000 0.000000
vt 0.000000 0.000000
vt 0.000000 0.000000
vt 1.000000 0.000000
vt 1.000000 1.000000
vt 0.000000 1.000000
vt 0.000000 0.000000
vt 1.000000 0.000000
vt 1.000000 1.000000
vt 0.000000 1.000000
vt 0.000000 0.000000
vt 0.000000 0.000000
vt 0.000000 0.000000
vt 0.000000 0.000000
vt 0.000000 0.000000
vt 0.000000 0.000000
vt 0.000000 0.000000
vt 1.000000 0.000000
vt 1.000000 1.000000
vt 0.000000 1.000000
vt 0.000000 0.000000
vt 1.000000 0.000000
vt 1.000000 1.000000
vt 0.000000 1.000000
vt 0.000000 0.000000
vt 0.000000 0.000000
vt 0.000000 0.000000
vt 0.000000 0.000000
vt 0.000000 0.000000
vt 0.000000 0.000000
vt 0.000000 0.000000
vt 1.000000 0.000000
vt 1.000000 1.000000
vt 0.000000 1.000000
vt 0.000000 0.000000
vt 1.000000 0.000000
vt 1.000000 1.000000
vt 0.000000 1.000000
vt 0.000000 0.000000
vt 0.000000 0.000000
vt 0.000000 0.000000
vt 0.000000 0.000000
vt 0.000000 0.000000
vt 0.000000 0.000000
vt 0.000000 0.000000
vt 1.000000 0.000000
vt 1.000000 1.000000
vt 0.000000 1.000000
vt 0.000000 0.000000
vt 1.000000 0.000000
vt 1.000000 1.000000
vt 0.000000 1.000000
vt 0.000000 0.000000
vt 0.000000 0.000000
vt 0.000000 0.000000
vt 0.000000 0.000000
vt 0.000000 0.000000
vt 0.000000 0.000000
vt 0.000000 0.000000
vt 1.000000 0.000000
vt 1.000000 1.000000
vt 0.000000 1.000000
vt 0.000000 0.000000
vt 1.000000 0.000000
vt 1.000000 1.000000
vt 0.000000 1.000000
vt 0.000000 0.000000
vt 0.000000 0.000000
vt 0.000000 0.000000
vt 0.000000 0.000000
vt 0.000000 0.000000
vt 0.000000 0.000000
vt 0.000000 0.000000
vt 1.000000 0.000000
vt 1.000000 1.000000
vt 0.000000 1.000000
vt 0.000000 0.000000
vt 1.000000 0.000000
vt 1.000000 1.000000
vt 0.000000 1.000000
vt 0.000000 0.000000
vt 0.000000 0.000000
vt 0.000000 0.000000
vt 0.000000 0.000000
vt 0.000000 0.000000
vt 0.000000 0.000000
vt 0.000000 0.000000
vt 1.000000 0.000000
vt 1.000000 1.000000
vt 0.000000 1.000000
vt 0.000000 0.000000
vt 1.000000 0.000000
vt 1.000000 1.000000
vt 0.000000 1.000000
vt 0.000000 0.000000
vt 0.000000 0.000000
vt 0.000000 0.000000
vt 0.000000 0.000000
vt 0.000000 0.000000
vt 0.000000 0.000000
vt 0.000000 0.000000
vt 1.000000 0.000000
vt 1.000000 1.000000
vt 0.000000 1.000000
vt 0.000000 0.000000
vt 1.000000 0.000000
vt 1.000000 1.000000
vt 0.000000 1.000000
vt 0.000000 0.000000
vt 0.000000 0.000000
vt 0.000000 0.000000
vt 0.000000 0.000000
vt 0.000000 0.000000
vt 0.000000 0.000000
vt 0.000000 0.000000
vt 1.000000 0.000000
vt 1.000000 1.000000
vt 0.000000 1.000000
vt 0.000000 0.000000
vt 1.000000 0.000000
vt 1.000000 1.000000
vt 0.000000 1.000000
vt 0.000000 0.000000
vt 0.000000 0.000000
vt 0.000000 0.000000
vt 0.000000 0.000000
vt 0.000000 0.000000
vt 0.000000 0.000000
vt 0.000000 0.000000
vt 1.000000 0.000000
vt 1.000000 1.000000
vt 0.000000 1.000000
vt 0.000000 0.000000
vt 1.000000 0.000000
vt 1.000000 1.000000
vt 0.000000 1.000000
vt 0.000000 0.000000
vt 0.000000 0.000000
vt 0.000000 0.000000
vt 0.000000 0.000000
vt 0.000000 0.000000
vt 0.000000 0.000000
vt 0.000000 0.000000
vt 1.000000 0.000000
vt 1.000000 1.000000
vt 0.000000 1.000000
vt 0.000000 0.000000
vt 1.000000 0.000000
vt 1.000000 1.000000
vt 0.000000 1.000000
vt 0.000000 0.000000
vt 0.000000 0.000000
vt 0.000000 0.000000
vt 0.000000 0.000000
vt 0.000000 0.000000
vt 0.000000 0.000000
vt 0.000000 0.000000
vt 1.000000 0.000000
vt 1.000000 1.000000
vt 0.000000 1.000000
vt 0.000000 0.000000
vt 1.000000 0.000000
vt 1.000000 1.000000
vt 0.000000 1.000000
vt 0.000000 0.000000
vt 0.000000 0.000000
vt 0.000000 0.000000
vt 0.000000 0.000000
vt 0.000000 0.000000
vt 0.000000 0.000000
vt 0.000000 0.000000
vt 1.000000 0.000000
vt 1.000000 1.000000
vt 0.000000 1.000000
vt 0.000000 0.000000
vt 1.000000 0.000000
vt 1.000000 1.000000
vt 0.000000 1.000000
vt 0.000000 0.000000
vt 0.000000 0.000000
vt 0.000000 0.000000
vt 0.000000 0.000000
vt 0.000000 0.000000
vt 0.000000 0.000000
vt 0.000000 0.000000
vt 1.000000 0.000000
vt 1.000000 1.000000
vt 0.000000 1.000000
vt 0.000000 0.000000
vt 1.000000 0.000000
vt 1.000000 1.000000
vt 0.000000 1.000000
vt 0.000000 0.000000
vt 0.000000 0.000000
vt 0.000000 0.000000
vt 0.000000 0.000000
vt 0.000000 0.000000
vt 0.000000 0.000000
vt 0.000000 0.000000
vt 1.000000 0.000000
vt 1.000000 1.000000
vt 0.000000 1.000000
vt 0.000000 0.000000
vt 1.000000 0.000000
vt 1.000000 1.000000
vt 0.000000 1.000000
vt 0.000000 0.000000
vt 0.000000 0.000000
vt 0.000000 0.000000
vt 0.000000 0.000000
vt 0.000000 0.000000
vt 0.000000 0.000000
vt 0.000000 0.000000
vt 1.000000 0.000000
vt 1.000000 1.000000
vt 0.000000 1.000000
vt 0.000000 0.000000
vt 1.000000 0.000000
vt 1.000000 1.000000
vt 0.000000 1.000000
vt 0.000000 0.000000
vt 0.000000 0.000000
vt 0.000000 0.000000
vt 0.000000 0.000000
vt 0.000000 0.000000
vt 0.000000 0.000000
vt 0.000000 0.000000
vt 1.000000 0.000000
vt 1.000000 1.000000
vt 0.000000 1.000000
vt 0.000000 0.000000
vt 1.000000 0.000000
vt 1.000000 1.000000
vt 0.000000 1.000000
vt 0.000000 0.000000
vt 0.000000 0.000000
vt 0.000000 0.000000
vt 0.000000 0.000000
vt 0.000000 0.000000
vt 0.000000 0.000000
vt 0.000000 0.000000
vt 1.000000 0.000000
vt 1.000000 1.000000
vt 0.000000 1.000000
vt 0.000000 0.000000
vt 1.000000 0.000000
vt 1.000000 1.000000
vt 0.000000 1.000000
vt 0.000000 0.000000
vt 0.000000 0.000000
vt 0.000000 0.000000
vt 0.000000 0.000000
vt 0.000000 0.000000
vt 0.000000 0.000000
vt 0.000000 0.000000
vt 1.000000 0.000000
vt 1.000000 1.000000
vt 0.000000 1.000000
vt 0.000000 0.000000
vt 1.000000 0.000000
vt 1.000000 1.000000
vt 0.000000 1.000000
vt 0.000000 0.000000
vt 0.000000 0.000000
vt 0.000000 0.000000
vt 0.000000 0.000000
vt 0.000000 0.000000
vt 0.000000 0.000000
vt 0.000000 0.000000
vt 1.000000 0.000000
vt 1.000000 1.000000
vt 0.000000 1.000000
vt 0.000000 0.000000
vt 1.000000 0.000000
vt 1.000000 1.000000
vt 0.000000 1.000000
vt 0.000000 0.000000
vt 0.000000 0.000000
vt 0.000000 0.000000
vt 0.000000 0.000000
vt 0.000000 0.000000
vt 0.000000 0.000000
vt 0.000000 0.000000
vt 1.000000 0.000000
vt 1.000000 1.000000
vt 0.000000 1.000000
vt 0.000000 0.000000
vt 1.000000 0.000000
vt 1.000000 1.000000
vt 0.000000 1.000000
vt 0.000000 0.000000
vt 0.000000 0.000000
vt 0.000000 0.000000
vt 0.000000 0.000000
vt 0.000000 0.000000
vt 0.000000 0.000000
vt 0.000000 0.000000
vt 1.000000 0.000000
vt 1.000000 1.000000
vt 0.000000 1.000000
vt 0.000000 0.000000
vt 1.000000 0.000000
vt 1.000000 1.000000
vt 0.000000 1.000000
vt 0.000000 0.000000
vt 0.000000 0.000000
vt 0.000000 0.000000
vt 0.000000 0.000000
vt 0.000000 0.000000
vt 0.000000 0.000000
vt 0.000000 0.000000
vt 1.000000 0.000000
vt 1.000000 1.000000
vt 0.000000 1.000000
vt 0.000000 0.000000
vt 1.000000 0.000000
vt 1.000000 1.000000
vt 0.000000 1.000000
vt 0.000000 0.000000
vt 0.000000 0.000000
vt 0.000000 0.000000
vt 0.000000 0.000000
vt 0.000000 0.000000
vt 0.000000 0.000000
vt 0.000000 0.000000
vt 1.000000 0.000000
vt 1.000000 1.000000
vt 0.000000 1.000000
vt 0.000000 0.000000
vt 1.000000 0.000000
vt 1.000000 1.000000
vt 0.000000 1.000000
vt 0.000000 0.000000
vt 0.000000 0.000000
vt 0.000000 0.000000
vt 0.000000 0.000000
vt 0.000000 0.000000
vt 0.000000 0.000000
vt 0.000000 0.000000
vt 1.000000 0.000000
vt 1.000000 1.000000
vt 0.000000 1.000000
vt 0.000000 0.000000
vt 1.000000 0.000000
vt 1.000000 1.000000
vt 0.000000 1.000000
vt 0.000000 0.000000
vt 0.000000 0.000000
vt 0.000000 0.000000
vt 0.000000 0.000000
vt 0.000000 0.000000
vt 0.000000 0.000000
vt 0.000000 0.000000
vt 1.000000 0.000000
vt 1.000000 1.000000
vt 0.000000 1.000000
vt 0.000000 0.000000
vt 1.000000 0.000000
vt 1.000000 1.000000
vt 0.000000 1.000000
vt 0.000000 0.000000
vt 0.000000 0.000000
vt 0.000000 0.000000
vt 0.000000 0.000000
vt 0.000000 0.000000
vt 0.000000 0.000000
vt 0.000000 0.000000
vt 1.000000 0.000000
vt 1.000000 1.000000
vt 0.000000 1.000000
vt 0.000000 0.000000
vt 1.000000 0.000000
vt 1.000000 1.000000
vt 0.000000 1.000000
vt 0.000000 0.000000
vt 0.000000 0.000000
vt 0.000000 0.000000
vt 0.000000 0.000000
vt 0.000000 0.000000
vt 0.000000 0.000000
vt 0.000000 0.000000
vt 1.000000 0.000000
vt 1.000000 1.000000
vt 0.000000 1.000000
vt 0.000000 0.000000
vt 1.000000 0.000000
vt 1.000000 1.000000
vt 0.000000 1.000000
vt 0.000000 0.000000
vt 0.000000 0.000000
vt 0.000000 0.000000
vt 0.000000 0.000000
vt 0.000000 0.000000
vt 0.000000 0.000000
vt 0.000000 0.000000
vt 1.000000 0.000000
vt 1.000000 1.000000
vt 0.000000 1.000000
vt 0.000000 0.000000
vt 1.000000 0.000000
vt 1.000000 1.000000
vt 0.000000 1.000000
vt 0.000000 0.000000
vt 0.000000 0.000000
vt 0.000000 0.000000
vt 0.000000 0.000000
vt 0.000000 0.000000
vt 0.000000 0.000000
vt 0.000000 0.000000
vt 1.000000 0.000000
vt 1.000000 1.000000
vt 0.000000 1.000000
vt 0.000000 0.000000
vt 1.000000 0.000000
vt 1.000000 1.000000
vt 0.000000 1.000000
vt 0.000000 0.000000
vt 0.000000 0.000000
vt 0.000000 0.000000
vt 0.000000 0.000000
vt 0.000000 0.000000
vt 0.000000 0.000000
vt 0.000000 0.000000
vt 1.000000 0.000000
vt 1.000000 1.000000
vt 0.000000 1.000000
vt 0.000000 0.000000
vt 1.000000 0.000000
vt 1.000000 1.000000
vt 0.000000 1.000000
vt 0.000000 0.000000
vt 0.000000 0.000000
vt 0.000000 0.000000
vt 0.000000 0.000000
vt 0.000000 0.000000
vt 0.000000 0.000000
vt 0.000000 0.000000
vt 1.000000 0.000000
vt 1.000000 1.000000
vt 0.000000 1.000000
vt 0.000000 0.000000
vt 1.000000 0.000000
vt 1.000000 1.000000
vt 0.000000 1.000000
vt 0.000000 0.000000
vt 0.000000 0.000000
vt 0.000000 0.000000
vt 0.000000 0.000000
vt 0.000000 0.000000
vt 0.000000 0.000000
vt 0.000000 0.000000
vt 1.000000 0.000000
vt 1.000000 1.000000
vt 0.000000 1.000000
vt 0.000000 0.000000
vt 1.000000 0.000000
vt 1.000000 1.000000
vt 0.000000 1.000000
vt 0.000000 0.000000
vt 0.000000 0.000000
vt 0.000000 0.000000
vt 0.000000 0.000000
vt 0.000000 0.000000
vt 0.000000 0.000000
vt 0.000000 0.000000
vt 1.000000 0.000000
vt 1.000000 1.000000
vt 0.000000 1.000000
vt 0.000000 0.000000
vt 1.000000 0.000000
vt 1.000000 1.000000
vt 0.000000 1.000000
vt 0.000000 0.000000
vt 0.000000 0.000000
vt 0.000000 0.000000
vt 0.000000 0.000000
vt 0.000000 0.000000
vt 0.000000 0.000000
vt 0.000000 0.000000
vt 1.000000 0.000000
vt 1.000000 1.000000
vt 0.000000 1.000000
vt 0.000000 0.000000
vt 1.000000 0.000000
vt 1.000000 1.000000
vt 0.000000 1.000000
vt 0.000000 0.000000
vt 0.000000 0.000000
vt 0.000000 0.000000
vt 0.000000 0.000000
vt 0.000000 0.000000
vt 0.000000 0.000000
vt 0.000000 0.000000
vt 1.000000 0.000000
vt 1.000000 1.000000
vt 0.000000 1.000000
vt 0.000000 0.000000
vt 1.000000 0.000000
vt 1.000000 1.000000
vt 0.000000 1.000000
vt 0.000000 0.000000
vt 0.000000 0.000000
vt 0.000000 0.000000
vt 0.000000 0.000000
vt 0.000000 0.000000
vt 0.000000 0.000000
vt 0.000000 0.000000
vt 1.000000 0.000000
vt 1.000000 1.000000
vt 0.000000 1.000000
vt 0.000000 0.000000
vt 1.000000 0.000000
vt 1.000000 1.000000
vt 0.000000 1.000000
vt 0.000000 0.000000
vt 0.000000 0.000000
vt 0.000000 0.000000
vt 0.000000 0.000000
vt 0.000000 0.000000
vt 0.000000 0.000000
vt 0.000000 0.000000
vt 1.000000 0.000000
vt 1.000000 1.000000
vt 0.000000 1.000000
vt 0.000000 0.000000
vt 1.000000 0.000000
vt 1.000000 1.000000
vt 0.000000 1.000000
vt 0.000000 0.000000
vt 0.000000 0.000000
vt 0.000000 0.000000
vt 0.000000 0.000000
vt 0.000000 0.000000
vt 0.000000 0.000000
vt 0.000000 0.000000
vt 1.000000 0.000000
vt 1.000000 1.000000
vt 0.000000 1.000000
vt 0.000000 0.000000
vt 1.000000 0.000000
vt 1.000000 1.000000
vt 0.000000 1.000000
vt 0.000000 0.000000
vt 0.000000 0.000000
vt 0.000000 0.000000
vt 0.000000 0.000000
vt 0.000000 0.000000
vt 0.000000 0.000000
vt 0.000000 0.000000
vt 1.000000 0.000000
vt 1.000000 1.000000
vt 0.000000 1.000000
vt 0.000000 0.000000
vt 1.000000 0.000000
vt 1.000000 1.000000
vt 0.000000 1.000000
vt 0.000000 0.000000
vt 0.000000 0.000000
vt 0.000000 0.000000
vt 0.000000 0.000000
vt 0.000000 0.000000
vt 0.000000 0.000000
vt 0.000000 0.000000
vt 1.000000 0.000000
vt 1.000000 1.000000
vt 0.000000 1.000000
vt 0.000000 0.000000
vt 1.000000 0.000000
vt 1.000000 1.000000
vt 0.000000 1.000000
vt 0.000000 0.000000
vt 0.000000 0.000000
vt 0.000000 0.000000
vt 0.000000 0.000000
vt 0.000000 0.000000
vt 0.000000 0.000000
vt 0.000000 0.000000
vt 1.000000 0.000000
vt 1.000000 1.000000
vt 0.000000 1.000000
vt 0.000000 0.000000
vt 1.000000 0.000000
vt 1.000000 1.000000
vt 0.000000 1.000000
vt 0.000000 0.000000
vt 0.000000 0.000000
vt 0.000000 0.000000
vt 0.000000 0.000000
vt 0.000000 0.000000
vt 0.000000 0.000000
vt 0.000000 0.000000
vt 1.000000 0.000000
vt 1.000000 1.000000
vt 0.000000 1.000000
vt 0.000000 0.000000
vt 1.000000 0.000000
vt 1.000000 1.000000
vt 0.000000 1.000000
vt 0.000000 0.000000
vt 0.000000 0.000000
vt 0.000000 0.000000
vt 0.000000 0.000000
vt 0.000000 0.000000
vt 0.000000 0.000000
vt 0.000000 0.000000
vt 1.000000 0.000000
vt 1.000000 1.000000
vt 0.000000 1.000000
vt 0.000000 0.000000
vt 1.000000 0.000000
vt 1.000000 1.000000
vt 0.000000 1.000000
vt 0.000000 0.000000
vt 0.000000 0.000000
vt 0.000000 0.000000
vt 0.000000 0.000000
vt 0.000000 0.000000
vt 0.000000 0.000000
vt 0.000000 0.000000
vt 1.000000 0.000000
vt 1.000000 1.000000
vt 0.000000 1.000000
vt 0.000000 0.000000
vt 1.000000 0.000000
vt 1.000000 1.000000
vt 0.000000 1.000000
vt 0.000000 0.000000
vt 0.000000 0.000000
vt 0.000000 0.000000
vt 0.000000 0.000000
vt 0.000000 0.000000
vt 0.000000 0.000000
vt 0.000000 0.000000
vt 1.000000 0.000000
vt 1.000000 1.000000
vt 0.000000 1.000000
vt 0.000000 0.000000
vt 1.000000 0.000000
vt 1.000000 1.000000
vt 0.000000 1.000000
vt 0.000000 0.000000
vt 0.000000 0.000000
vt 0.000000 0.000000
vt 0.000000 0.000000
vt 0.000000 0.000000
vt 0.000000 0.000000
vt 0.000000 0.000000
vt 1.000000 0.000000
vt 1.000000 1.000000
vt 0.000000 1.000000
vt 0.000000 0.000000
vt 1.000000 0.000000
vt 1.000000 1.000000
vt 0.000000 1.000000
vt 0.000000 0.000000
vt 0.000000 0.000000
vt 0.000000 0.000000
vt 0.000000 0.000000
vt 0.000000 0.000000
vt 0.000000 0.000000
vt 0.000000 0.000000
vt 1.000000 0.000000
vt 1.000000 1.000000
vt 0.000000 1.000000
vt 0.000000 0.000000
vt 1.000000 0.000000
vt 1.000000 1.000000
vt 0.000000 1.000000
vt 0.000000 0.000000
vt 0.000000 0.000000
vt 0.000000 0.000000
vt 0.000000 0.000000
vt 0.000000 0.000000
vt 0.000000 0.000000
vt 0.000000 0.000000
vt 1.000000 0.000000
vt 1.000000 1.000000
vt 0.000000 1.000000
vt 0.000000 0.000000
vt 1.000000 0.000000
vt 1.000000 1.000000
vt 0.000000 1.000000
vt 0.000000 0.000000
vt 0.000000 0.000000
vt 0.000000 0.000000
vt 0.000000 0.000000
vt 0.000000 0.000000
vt 0.000000 0.000000
vt 0.000000 0.000000
vt 1.000000 0.000000
vt 1.000000 1.000000
vt 0.000000 1.000000
vt 0.000000 0.000000
vt 1.000000 0.000000
vt 1.000000 1.000000
vt 0.000000 1.000000
vt 0.000000 0.000000
vt 0.000000 0.000000
vt 0.000000 0.000000
vt 0.000000 0.000000
vt 0.000000 0.000000
vt 0.000000 0.000000
vt 0.000000 0.000000
vt 1.000000 0.000000
vt 1.000000 1.000000
vt 0.000000 1.000000
vt 0.000000 0.000000
vt 1.000000 0.000000
vt 1.000000 1.000000
vt 0.000000 1.000000
vt 0.000000 0.000000
vt 0.000000 0.000000
vt 0.000000 0.000000
vt 0.000000 0.000000
vt 0.000000 0.000000
vt 0.000000 0.000000
vt 0.000000 0.000000
vt 1.000000 0.000000
vt 1.000000 1.000000
vt 0.000000 1.000000
vt 0.000000 0.000000
vt 1.000000 0.000000
vt 1.000000 1.000000
vt 0.000000 1.000000
vt 0.000000 0.000000
vt 0.000000 0.000000
vt 0.000000 0.000000
vt 0.000000 0.000000
vt 0.000000 0.000000
vt 0.000000 0.000000
vt 0.000000 0.000000
vt 1.000000 0.000000
vt 1.000000 1.000000
vt 0.000000 1.000000
vt 0.000000 0.000000
vt 1.000000 0.000000
vt 1.000000 1.000000
vt 0.000000 1.000000
vt 0.000000 0.000000
vt 0.000000 0.000000
vt 0.000000 0.000000
vt 0.000000 0.000000
vt 0.000000 0.000000
vt 0.000000 0.000000
vt 0.000000 0.000000
vt 1.000000 0.000000
vt 1.000000 1.000000
vt 0.000000 1.000000
vt 0.000000 0.000000
vt 1.000000 0.000000
vt 1.000000 1.000000
vt 0.000000 1.000000
vt 0.000000 0.000000
vt 0.000000 0.000000
vt 0.000000 0.000000
vt 0.000000 0.000000
vt 0.000000 0.000000
vt 0.000000 0.000000
vt 0.000000 0.000000
vt 1.000000 0.000000
vt 1.000000 1.000000
vt 0.000000 1.000000
vt 0.000000 0.000000
vt 1.000000 0.000000
vt 1.000000 1.000000
vt 0.000000 1.000000
vt 0.000000 0.000000
vt 0.000000 0.000000
vt 0.000000 0.000000
vt 0.000000 0.000000
vt 0.000000 0.000000
vt 0.000000 0.000000
vt 0.000000 0.000000
vt 1.000000 0.000000
vt 1.000000 1.000000
vt 0.000000 1.000000
vt 0.000000 0.000000
vt 1.000000 0.000000
vt 1.000000 1.000000
vt 0.000000 1.000000
vt 0.000000 0.000000
vt 0.000000 0.000000
vt 0.000000 0.000000
vt 0.000000 0.000000
vt 0.000000 0.000000
vt 0.000000 0.000000
vt 0.000000 0.000000
vt 1.000000 0.000000
vt 1.000000 1.000000
vt 0.000000 1.000000
vt 0.000000 0.000000
vt 1.000000 0.000000
vt 1.000000 1.000000
vt 0.000000 1.000000
vt 0.000000 0.000000
vt 0.000000 0.000000
vt 0.000000 0.000000
vt 0.000000 0.000000
vt 0.000000 0.000000
vt 0.000000 0.000000
vt 0.000000 0.000000
vt 1.000000 0.000000
vt 1.000000 1.000000
vt 0.000000 1.000000
vt 0.000000 0.000000
vt 1.000000 0.000000
vt 1.000000 1.000000
vt 0.000000 1.000000
vt 0.000000 0.000000
vt 0.000000 0.000000
vt 0.000000 0.000000
vt 0.000000 0.000000
vt 0.000000 0.000000
vt 0.000000 0.000000
vt 0.000000 0.000000
vt 1.000000 0.000000
vt 1.000000 1.000000
vt 0.000000 1.000000
vt 0.000000 0.000000
vt 1.000000 0.000000
vt 1.000000 1.000000
vt 0.000000 1.000000
vt 0.000000 0.000000
vt 0.000000 0.000000
vt 0.000000 0.000000
vt 0.000000 0.000000
vt 0.000000 0.000000
vt 0.000000 0.000000
vt 0.000000 0.000000
vt 1.000000 0.000000
vt 1.000000 1.000000
vt 0.000000 1.000000
vt 0.000000 0.000000
vt 1.000000 0.000000
vt 1.000000 1.000000
vt 0.000000 1.000000
vt 0.000000 0.000000
vt 0.000000 0.000000
vt 0.000000 0.000000
vt 0.000000 0.000000
vt 0.000000 0.000000
vt 0.000000 0.000000
vt 0.000000 0.000000
vt 1.000000 0.000000
vt 1.000000 1.000000
vt 0.000000 1.000000
vt 0.000000 0.000000
vt 1.000000 0.000000
vt 1.000000 1.000000
vt 0.000000 1.000000
vt 0.000000 0.000000
vt 0.000000 0.000000
vt 0.000000 0.000000
vt 0.000000 0.000000
vt 0.000000 0.000000
vt 0.000000 0.000000
vt 0.000000 0.000000
vt 1.000000 0.000000
vt 1.000000 1.000000
vt 0.000000 1.000000
vt 0.000000 0.000000
vt 1.000000 0.000000
vt 1.000000 1.000000
vt 0.000000 1.000000
vt 0.000000 0.000000
vt 0.000000 0.000000
vt 0.000000 0.000000
vt 0.000000 0.000000
vt 0.000000 0.000000
vt 0.000000 0.000000
vt 0.000000 0.000000
vt 1.000000 0.000000
vt 1.000000 1.000000
vt 0.000000 1.000000
vt 0.000000 0.000000
vt 1.000000 0.000000
vt 1.000000 1.000000
vt 0.000000 1.000000
vt 0.000000 0.000000
vt 0.000000 0.000000
vt 0.000000 0.000000
vt 0.000000 0.000000
vt 0.000000 0.000000
vt 0.000000 0.000000
vt 0.000000 0.000000
vt 1.000000 0.000000
vt 1.000000 1.000000
vt 0.000000 1.000000
vt 0.000000 0.000000
vt 1.000000 0.000000
vt 1.000000 1.000000
vt 0.000000 1.000000
vt 0.000000 0.000000
vt 0.000000 0.000000
vt 0.000000 0.000000
vt 0.000000 0.000000
vt 0.000000 0.000000
vt 0.000000 0.000000
vt 0.000000 0.000000
vt 1.000000 0.000000
vt 1.000000 1.000000
vt 0.000000 1.000000
vt 0.000000 0.000000
vt 1.000000 0.000000
vt 1.000000 1.000000
vt 0.000000 1.000000
vt 0.000000 0.000000
vt 0.000000 0.000000
vt 0.000000 0.000000
vt 0.000000 0.000000
vt 0.000000 0.000000
vt 0.000000 0.000000
vt 0.000000 0.000000
vt 1.000000 0.000000
vt 1.000000 1.000000
vt 0.000000 1.000000
vt 0.000000 0.000000
vt 1.000000 0.000000
vt 1.000000 1.000000
vt 0.000000 1.000000
vt 0.000000 0.000000
vt 0.000000 0.000000
vt 0.000000 0.000000
vt 0.000000 0.000000
vt 0.000000 0.000000
vt 0.000000 0.000000
vt 0.000000 0.000000
vt 1.000000 0.000000
vt 1.000000 1.000000
vt 0.000000 1.000000
vt 0.000000 0.000000
vt 1.000000 0.000000
vt 1.000000 1.000000
vt 0.000000 1.000000
vt 0.000000 0.000000
vt 0.000000 0.000000
vt 0.000000 0.000000
vt 0.000000 0.000000
vt 0.000000 0.000000
vt 0.000000 0.000000
vt 0.000000 0.000000
vt 1.000000 0.000000
vt 1.000000 1.000000
vt 0.000000 1.000000
vt 0.000000 0.000000
vt 1.000000 0.000000
vt 1.000000 1.000000
vt 0.000000 1.000000
vt 0.000000 0.000000
vt 0.000000 0.000000
vt 0.000000 0.000000
vt 0.000000 0.000000
vt 0.000000 0.000000
vt 0.000000 0.000000
vt 0.000000 0.000000
vt 1.000000 0.000000
vt 1.000000 1.000000
vt 0.000000 1.000000
vt 0.000000 0.000000
vt 1.000000 0.000000
vt 1.000000 1.000000
vt 0.000000 1.000000
vt 0.000000 0.000000
vt 0.000000 0.000000
vt 0.000000 0.000000
vt 0.000000 0.000000
vt 0.000000 0.000000
vt 0.000000 0.000000
vt 0.000000 0.000000
vt 1.000000 0.000000
vt 1.000000 1.000000
vt 0.000000 1.000000
vt 0.000000 0.000000
vt 1.000000 0.000000
vt 1.000000 1.000000
vt 0.000000 1.000000
vt 0.000000 0.000000
vt 0.000000 0.000000
vt 0.000000 0.000000
vt 0.000000 0.000000
vt 0.000000 0.000000
vt 0.000000 0.000000
vt 0.000000 0.000000
vt 1.000000 0.000000
vt 1.000000 1.000000
vt 0.000000 1.000000
vt 0.000000 0.000000
vt 1.000000 0.000000
vt 1.000000 1.000000
vt 0.000000 1.000000
vt 0.000000 0.000000
vt 0.000000 0.000000
vt 0.000000 0.000000
vt 0.000000 0.000000
vt 0.000000 0.000000
vt 0.000000 0.000000
vt 0.000000 0.000000
vt 1.000000 0.000000
vt 1.000000 1.000000
vt 0.000000 1.000000
vt 0.000000 0.000000
vt 1.000000 0.000000
vt 1.000000 1.000000
vt 0.000000 1.000000
vt 0.000000 0.000000
vt 0.000000 0.000000
vt 0.000000 0.000000
vt 0.000000 0.000000
vt 0.000000 0.000000
vt 0.000000 0.000000
vt 0.000000 0.000000
vt 1.000000 0.000000
vt 1.000000 1.000000
vt 0.000000 1.000000
vt 0.000000 0.000000
vt 1.000000 0.000000
vt 1.000000 1.000000
vt 0.000000 1.000000
vt 0.000000 0.000000
vt 0.000000 0.000000
vt 0.000000 0.000000
vt 0.000000 0.000000
vt 0.000000 0.000000
vt 0.000000 0.000000
vt 0.000000 0.000000
vt 1.000000 0.000000
vt 1.000000 1.000000
vt 0.000000 1.000000
vt 0.000000 0.000000
vt 1.000000 0.000000
vt 1.000000 1.000000
vt 0.000000 1.000000
vt 0.000000 0.000000
vt 0.000000 0.000000
vt 0.000000 0.000000
vt 0.000000 0.000000
vt 0.000000 0.000000
vt 0.000000 0.000000
vt 0.000000 0.000000
vt 1.000000 0.000000
vt 1.000000 1.000000
vt 0.000000 1.000000
vt 0.000000 0.000000
vt 1.000000 0.000000
vt 1.000000 1.000000
vt 0.000000 1.000000
vt 0.000000 0.000000
vt 0.000000 0.000000
vt 0.000000 0.000000
vt 0.000000 0.000000
vt 0.000000 0.000000
vt 0.000000 0.000000
vt 0.000000 0.000000
vt 1.000000 0.000000
vt 1.000000 1.000000
vt 0.000000 1.000000
vt 0.000000 0.000000
vt 1.000000 0.000000
vt 1.000000 1.000000
vt 0.000000 1.000000
vt 0.000000 0.000000
vt 0.000000 0.000000
vt 0.000000 0.000000
vt 0.000000 0.000000
vt 0.000000 0.000000
vt 0.000000 0.000000
vt 0.000000 0.000000
vt 1.000000 0.000000
vt 1.000000 1.000000
vt 0.000000 1.000000
vt 0.000000 0.000000
vt 1.000000 0.000000
vt 1.000000 1.000000
vt 0.000000 1.000000
vt 0.000000 0.000000
vt 0.000000 0.000000
vt 0.000000 0.000000
vt 0.000000 0.500000
vt 0.480000 1.000000
vt 1.000000 0.500000
vt 0.480000 0.000000
vt 0.000000 0.000000
vt 1.000000 0.000000
vt 1.000000 1.000000
vt 0.000000 1.000000
vt 0.000000 0.000000
vt 1.000000 0.000000
vt 1.000000 1.000000
vt 0.000000 1.000000
vt 0.000000 0.000000
vt 1.000000 0.000000
vt 1.000000 1.000000
vt 0.000000 1.000000
vt 0.000000 0.000000
vt 1.000000 0.000000
vt 1.000000 1.000000
vt 0.000000 1.000000
vt 0.000000 0.000000
vt 1.000000 0.000000
vt 1.000000 1.000000
vt 0.000000 1.000000
vt 0.500000 0.500000
vt 0.000000 0.000000
vt 1.000000 0.000000
vt 0.500000 0.500000
vt 0.000000 1.000000
vt 1.000000 1.000000
vt 0.500000 0.500000
vt 0.000000 0.000000
vt 1.000000 0.000000
vt 0.500000 0.500000
vt 0.000000 1.000000
vt 1.000000 1.000000
vt 0.500000 0.500000
vt 0.000000 0.000000
vt 1.000000 0.000000
vt 0.500000 0.500000
vt 0.000000 1.000000
vt 1.000000 1.000000
vt 0.500000 0.500000
vt 0.000000 0.000000
vt 1.000000 0.000000
vt 0.500000 0.500000
vt 0.000000 1.000000
vt 1.000000 1.000000
vt 0.500000 0.500000
vt 0.000000 0.000000
vt 1.000000 0.000000
vt 0.500000 0.500000
vt 0.000000 1.000000
vt 1.000000 1.000000
vt 0.000000 0.500000
vt 0.480000 1.000000
vt 1.000000 0.500000
vt 0.480000 0.000000
vt 0.000000 0.000000
vt 1.000000 0.000000
vt 1.000000 1.000000
vt 0.000000 1.000000
vt 0.000000 0.000000
vt 1.000000 0.000000
vt 1.000000 1.000000
vt 0.000000 1.000000
vt 0.000000 0.000000
vt 1.000000 0.000000
vt 1.000000 1.000000
vt 0.000000 1.000000
vt 0.000000 0.000000
vt 1.000000 0.000000
vt 1.000000 1.000000
vt 0.000000 1.000000
vt 0.000000 0.000000
vt 1.000000 0.000000
vt 1.000000 1.000000
vt 0.000000 1.000000
vt 0.500000 0.500000
vt 0.000000 0.000000
vt 1.000000 0.000000
vt 0.500000 0.500000
vt 0.000000 1.000000
vt 1.000000 1.000000
vt 0.500000 0.500000
vt 0.000000 0.000000
vt 1.000000 0.000000
vt 0.500000 0.500000
vt 0.000000 1.000000
vt 1.000000 1.000000
vt 0.500000 0.500000
vt 0.000000 0.000000
vt 1.000000 0.000000
vt 0.500000 0.500000
vt 0.000000 1.000000
vt 1.000000 1.000000
vt 0.500000 0.500000
vt 0.000000 0.000000
vt 1.000000 0.000000
vt 0.500000 0.500000
vt 0.000000 1.000000
vt 1.000000 1.000000
vt 0.500000 0.500000
vt 0.000000 0.000000
vt 1.000000 0.000000
vt 0.500000 0.500000
vt 0.000000 1.000000
vt 1.000000 1.000000
vt 0.000000 0.500000
vt 0.480000 1.000000
vt 1.000000 0.500000
vt 0.480000 0.000000
vt 0.000000 0.000000
vt 1.000000 0.000000
vt 1.000000 1.000000
vt 0.000000 1.000000
vt 0.000000 0.000000
vt 1.000000 0.000000
vt 1.000000 1.000000
vt 0.000000 1.000000
vt 0.000000 0.000000
vt 1.000000 0.000000
vt 1.000000 1.000000
vt 0.000000 1.000000
vt 0.000000 0.000000
vt 1.000000 0.000000
vt 1.000000 1.000000
vt 0.000000 1.000000
vt 0.000000 0.000000
vt 1.000000 0.000000
vt 1.000000 1.000000
vt 0.000000 1.000000
vt 0.500000 0.500000
vt 0.000000 0.000000
vt 1.000000 0.000000
vt 0.500000 0.500000
vt 0.000000 1.000000
vt 1.000000 1.000000
vt 0.500000 0.500000
vt 0.000000 0.000000
vt 1.000000 0.000000
vt 0.500000 0.500000
vt 0.000000 1.000000
vt 1.000000 1.000000
vt 0.500000 0.500000
vt 0.000000 0.000000
vt 1.000000 0.000000
vt 0.500000 0.500000
vt 0.000000 1.000000
vt 1.000000 1.000000
vt 0.500000 0.500000
vt 0.000000 0.000000
vt 1.000000 0.000000
vt 0.500000 0.500000
vt 0.000000 1.000000
vt 1.000000 1.000000
vt 0.500000 0.500000
vt 0.000000 0.000000
vt 1.000000 0.000000
vt 0.500000 0.500000
vt 0.000000 1.000000
vt 1.000000 1.000000
vt 0.000000 0.500000
vt 0.480000 1.000000
vt 1.000000 0.500000
vt 0.480000 0.000000
vt 0.000000 0.000000
vt 1.000000 0.000000
vt 1.000000 1.000000
vt 0.000000 1.000000
vt 0.000000 0.000000
vt 1.000000 0.000000
vt 1.000000 1.000000
vt 0.000000 1.000000
vt 0.000000 0.000000
vt 1.000000 0.000000
vt 1.000000 1.000000
vt 0.000000 1.000000
vt 0.000000 0.000000
vt 1.000000 0.000000
vt 1.000000 1.000000
vt 0.000000 1.000000
vt 0.000000 0.000000
vt 1.000000 0.000000
vt 1.000000 1.000000
vt 0.000000 1.000000
vt 0.500000 0.500000
vt 0.000000 0.000000
vt 1.000000 0.000000
vt 0.500000 0.500000
vt 0.000000 1.000000
vt 1.000000 1.000000
vt 0.500000 0.500000
vt 0.000000 0.000000
vt 1.000000 0.000000
vt 0.500000 0.500000
vt 0.000000 1.000000
vt 1.000000 1.000000
vt 0.500000 0.500000
vt 0.000000 0.000000
vt 1.000000 0.000000
vt 0.500000 0.500000
vt 0.000000 1.000000
vt 1.000000 1.000000
vt 0.500000 0.500000
vt 0.000000 0.000000
vt 1.000000 0.000000
vt 0.500000 0.500000
vt 0.000000 1.000000
vt 1.000000 1.000000
vt 0.500000 0.500000
vt 0.000000 0.000000
vt 1.000000 0.000000
vt 0.500000 0.500000
vt 0.000000 1.000000
vt 1.000000 1.000000
vt 0.000000 0.500000
vt 0.480000 1.000000
vt 1.000000 0.500000
vt 0.480000 0.000000
vt 0.000000 0.000000
vt 1.000000 0.000000
vt 1.000000 1.000000
vt 0.000000 1.000000
vt 0.000000 0.000000
vt 1.000000 0.000000
vt 1.000000 1.000000
vt 0.000000 1.000000
vt 0.000000 0.000000
vt 1.000000 0.000000
vt 1.000000 1.000000
vt 0.000000 1.000000
vt 0.000000 0.000000
vt 1.000000 0.000000
vt 1.000000 1.000000
vt 0.000000 1.000000
vt 0.000000 0.000000
vt 1.000000 0.000000
vt 1.000000 1.000000
vt 0.000000 1.000000
vt 0.500000 0.500000
vt 0.000000 0.000000
vt 1.000000 0.000000
vt 0.500000 0.500000
vt 0.000000 1.000000
vt 1.000000 1.000000
vt 0.500000 0.500000
vt 0.000000 0.000000
vt 1.000000 0.000000
vt 0.500000 0.500000
vt 0.000000 1.000000
vt 1.000000 1.000000
vt 0.500000 0.500000
vt 0.000000 0.000000
vt 1.000000 0.000000
vt 0.500000 0.500000
vt 0.000000 1.000000
vt 1.000000 1.000000
vt 0.500000 0.500000
vt 0.000000 0.000000
vt 1.000000 0.000000
vt 0.500000 0.500000
vt 0.000000 1.000000
vt 1.000000 1.000000
vt 0.500000 0.500000
vt 0.000000 0.000000
vt 1.000000 0.000000
vt 0.500000 0.500000
vt 0.000000 1.000000
vt 1.000000 1.000000
vt 0.000000 0.500000
vt 0.480000 1.000000
vt 1.000000 0.500000
vt 0.480000 0.000000
vt 0.000000 0.000000
vt 1.000000 0.000000
vt 1.000000 1.000000
vt 0.000000 1.000000
vt 0.000000 0.000000
vt 1.000000 0.000000
vt 1.000000 1.000000
vt 0.000000 1.000000
vt 0.000000 0.000000
vt 1.000000 0.000000
vt 1.000000 1.000000
vt 0.000000 1.000000
vt 0.000000 0.000000
vt 1.000000 0.000000
vt 1.000000 1.000000
vt 0.000000 1.000000
vt 0.000000 0.000000
vt 1.000000 0.000000
vt 1.000000 1.000000
vt 0.000000 1.000000
vt 0.500000 0.500000
vt 0.000000 0.000000
vt 1.000000 0.000000
vt 0.500000 0.500000
vt 0.000000 1.000000
vt 1.000000 1.000000
vt 0.500000 0.500000
vt 0.000000 0.000000
vt 1.000000 0.000000
vt 0.500000 0.500000
vt 0.000000 1.000000
vt 1.000000 1.000000
vt 0.500000 0.500000
vt 0.000000 0.000000
vt 1.000000 0.000000
vt 0.500000 0.500000
vt 0.000000 1.000000
vt 1.000000 1.000000
vt 0.500000 0.500000
vt 0.000000 0.000000
vt 1.000000 0.000000
vt 0.500000 0.500000
vt 0.000000 1.000000
vt 1.000000 1.000000
vt 0.500000 0.500000
vt 0.000000 0.000000
vt 1.000000 0.000000
vt 0.500000 0.500000
vt 0.000000 1.000000
vt 1.000000 1.000000
vt 0.000000 0.500000
vt 0.480000 1.000000
vt 1.000000 0.500000
vt 0.480000 0.000000
vt 0.000000 0.000000
vt 1.000000 0.000000
vt 1.000000 1.000000
vt 0.000000 1.000000
vt 0.000000 0.000000
vt 1.000000 0.000000
vt 1.000000 1.000000
vt 0.000000 1.000000
vt 0.000000 0.000000
vt 1.000000 0.000000
vt 1.000000 1.000000
vt 0.000000 1.000000
vt 0.000000 0.000000
vt 1.000000 0.000000
vt 1.000000 1.000000
vt 0.000000 1.000000
vt 0.000000 0.000000
vt 1.000000 0.000000
vt 1.000000 1.000000
vt 0.000000 1.000000
vt 0.500000 0.500000
vt 0.000000 0.000000
vt 1.000000 0.000000
vt 0.500000 0.500000
vt 0.000000 1.000000
vt 1.000000 1.000000
vt 0.500000 0.500000
vt 0.000000 0.000000
vt 1.000000 0.000000
vt 0.500000 0.500000
vt 0.000000 1.000000
vt 1.000000 1.000000
vt 0.500000 0.500000
vt 0.000000 0.000000
vt 1.000000 0.000000
vt 0.500000 0.500000
vt 0.000000 1.000000
vt 1.000000 1.000000
vt 0.500000 0.500000
vt 0.000000 0.000000
vt 1.000000 0.000000
vt 0.500000 0.500000
vt 0.000000 1.000000
vt 1.000000 1.000000
vt 0.500000 0.500000
vt 0.000000 0.000000
vt 1.000000 0.000000
vt 0.500000 0.500000
vt 0.000000 1.000000
vt 1.000000 1.000000
vt 0.000000 0.500000
vt 0.480000 1.000000
vt 1.000000 0.500000
vt 0.480000 0.000000
vt 0.000000 0.000000
vt 1.000000 0.000000
vt 1.000000 1.000000
vt 0.000000 1.000000
vt 0.000000 0.000000
vt 1.000000 0.000000
vt 1.000000 1.000000
vt 0.000000 1.000000
vt 0.000000 0.000000
vt 1.000000 0.000000
vt 1.000000 1.000000
vt 0.000000 1.000000
vt 0.000000 0.000000
vt 1.000000 0.000000
vt 1.000000 1.000000
vt 0.000000 1.000000
vt 0.000000 0.000000
vt 1.000000 0.000000
vt 1.000000 1.000000
vt 0.000000 1.000000
vt 0.500000 0.500000
vt 0.000000 0.000000
vt 1.000000 0.000000
vt 0.500000 0.500000
vt 0.000000 1.000000
vt 1.000000 1.000000
vt 0.500000 0.500000
vt 0.000000 0.000000
vt 1.000000 0.000000
vt 0.500000 0.500000
vt 0.000000 1.000000
vt 1.000000 1.000000
vt 0.500000 0.500000
vt 0.000000 0.000000
vt 1.000000 0.000000
vt 0.500000 0.500000
vt 0.000000 1.000000
vt 1.000000 1.000000
vt 0.500000 0.500000
vt 0.000000 0.000000
vt 1.000000 0.000000
vt 0.500000 0.500000
vt 0.000000 1.000000
vt 1.000000 1.000000
vt 0.500000 0.500000
vt 0.000000 0.000000
vt 1.000000 0.000000
vt 0.500000 0.500000
vt 0.000000 1.000000
vt 1.000000 1.000000
vt 0.000000 0.500000
vt 0.480000 1.000000
vt 1.000000 0.500000
vt 0.480000 0.000000
vt 0.000000 0.000000
vt 1.000000 0.000000
vt 1.000000 1.000000
vt 0.000000 1.000000
vt 0.000000 0.000000
vt 1.000000 0.000000
vt 1.000000 1.000000
vt 0.000000 1.000000
vt 0.000000 0.000000
vt 1.000000 0.000000
vt 1.000000 1.000000
vt 0.000000 1.000000
vt 0.000000 0.000000
vt 1.000000 0.000000
vt 1.000000 1.000000
vt 0.000000 1.000000
vt 0.000000 0.000000
vt 1.000000 0.000000
vt 1.000000 1.000000
vt 0.000000 1.000000
vt 0.500000 0.500000
vt 0.000000 0.000000
vt 1.000000 0.000000
vt 0.500000 0.500000
vt 0.000000 1.000000
vt 1.000000 1.000000
vt 0.500000 0.500000
vt 0.000000 0.000000
vt 1.000000 0.000000
vt 0.500000 0.500000
vt 0.000000 1.000000
vt 1.000000 1.000000
vt 0.500000 0.500000
vt 0.000000 0.000000
vt 1.000000 0.000000
vt 0.500000 0.500000
vt 0.000000 1.000000
vt 1.000000 1.000000
vt 0.500000 0.500000
vt 0.000000 0.000000
vt 1.000000 0.000000
vt 0.500000 0.500000
vt 0.000000 1.000000
vt 1.000000 1.000000
vt 0.500000 0.500000
vt 0.000000 0.000000
vt 1.000000 0.000000
vt 0.500000 0.500000
vt 0.000000 1.000000
vt 1.000000 1.000000
vt 0.000000 0.500000
vt 0.480000 1.000000
vt 1.000000 0.500000
vt 0.480000 0.000000
vt 0.000000 0.000000
vt 1.000000 0.000000
vt 1.000000 1.000000
vt 0.000000 1.000000
vt 0.000000 0.000000
vt 1.000000 0.000000
vt 1.000000 1.000000
vt 0.000000 1.000000
vt 0.000000 0.000000
vt 1.000000 0.000000
vt 1.000000 1.000000
vt 0.000000 1.000000
vt 0.000000 0.000000
vt 1.000000 0.000000
vt 1.000000 1.000000
vt 0.000000 1.000000
vt 0.000000 0.000000
vt 1.000000 0.000000
vt 1.000000 1.000000
vt 0.000000 1.000000
vt 0.500000 0.500000
vt 0.000000 0.000000
vt 1.000000 0.000000
vt 0.500000 0.500000
vt 0.000000 1.000000
vt 1.000000 1.000000
vt 0.500000 0.500000
vt 0.000000 0.000000
vt 1.000000 0.000000
vt 0.500000 0.500000
vt 0.000000 1.000000
vt 1.000000 1.000000
vt 0.500000 0.500000
vt 0.000000 0.000000
vt 1.000000 0.000000
vt 0.500000 0.500000
vt 0.000000 1.000000
vt 1.000000 1.000000
vt 0.500000 0.500000
vt 0.000000 0.000000
vt 1.000000 0.000000
vt 0.500000 0.500000
vt 0.000000 1.000000
vt 1.000000 1.000000
vt 0.500000 0.500000
vt 0.000000 0.000000
vt 1.000000 0.000000
vt 0.500000 0.500000
vt 0.000000 1.000000
vt 1.000000 1.000000
vt 0.000000 0.500000
vt 0.480000 1.000000
vt 1.000000 0.500000
vt 0.480000 0.000000
vt 0.000000 0.000000
vt 1.000000 0.000000
vt 1.000000 1.000000
vt 0.000000 1.000000
vt 0.000000 0.000000
vt 1.000000 0.000000
vt 1.000000 1.000000
vt 0.000000 1.000000
vt 0.000000 0.000000
vt 1.000000 0.000000
vt 1.000000 1.000000
vt 0.000000 1.000000
vt 0.000000 0.000000
vt 1.000000 0.000000
vt 1.000000 1.000000
vt 0.000000 1.000000
vt 0.000000 0.000000
vt 1.000000 0.000000
vt 1.000000 1.000000
vt 0.000000 1.000000
vt 0.500000 0.500000
vt 0.000000 0.000000
vt 1.000000 0.000000
vt 0.500000 0.500000
vt 0.000000 1.000000
vt 1.000000 1.000000
vt 0.500000 0.500000
vt 0.000000 0.000000
vt 1.000000 0.000000
vt 0.500000 0.500000
vt 0.000000 1.000000
vt 1.000000 1.000000
vt 0.500000 0.500000
vt 0.000000 0.000000
vt 1.000000 0.000000
vt 0.500000 0.500000
vt 0.000000 1.000000
vt 1.000000 1.000000
vt 0.500000 0.500000
vt 0.000000 0.000000
vt 1.000000 0.000000
vt 0.500000 0.500000
vt 0.000000 1.000000
vt 1.000000 1.000000
vt 0.500000 0.500000
vt 0.000000 0.000000
vt 1.000000 0.000000
vt 0.500000 0.500000
vt 0.000000 1.000000
vt 1.000000 1.000000
vt 0.000000 0.500000
vt 0.480000 1.000000
vt 1.000000 0.500000
vt 0.480000 0.000000
vt 0.000000 0.000000
vt 1.000000 0.000000
vt 1.000000 1.000000
vt 0.000000 1.000000
vt 0.000000 0.000000
vt 1.000000 0.000000
vt 1.000000 1.000000
vt 0.000000 1.000000
vt 0.000000 0.000000
vt 1.000000 0.000000
vt 1.000000 1.000000
vt 0.000000 1.000000
vt 0.000000 0.000000
vt 1.000000 0.000000
vt 1.000000 1.000000
vt 0.000000 1.000000
vt 0.000000 0.000000
vt 1.000000 0.000000
vt 1.000000 1.000000
vt 0.000000 1.000000
vt 0.500000 0.500000
vt 0.000000 0.000000
vt 1.000000 0.000000
vt 0.500000 0.500000
vt 0.000000 1.000000
vt 1.000000 1.000000
vt 0.500000 0.500000
vt 0.000000 0.000000
vt 1.000000 0.000000
vt 0.500000 0.500000
vt 0.000000 1.000000
vt 1.000000 1.000000
vt 0.500000 0.500000
vt 0.000000 0.000000
vt 1.000000 0.000000
vt 0.500000 0.500000
vt 0.000000 1.000000
vt 1.000000 1.000000
vt 0.500000 0.500000
vt 0.000000 0.000000
vt 1.000000 0.000000
vt 0.500000 0.500000
vt 0.000000 1.000000
vt 1.000000 1.000000
vt 0.500000 0.500000
vt 0.000000 0.000000
vt 1.000000 0.000000
vt 0.500000 0.500000
vt 0.000000 1.000000
vt 1.000000 1.000000
vt 0.000000 0.500000
vt 0.480000 1.000000
vt 1.000000 0.500000
vt 0.480000 0.000000
vt 0.000000 0.000000
vt 1.000000 0.000000
vt 1.000000 1.000000
vt 0.000000 1.000000
vt 0.000000 0.000000
vt 1.000000 0.000000
vt 1.000000 1.000000
vt 0.000000 1.000000
vt 0.000000 0.000000
vt 1.000000 0.000000
vt 1.000000 1.000000
vt 0.000000 1.000000
vt 0.000000 0.000000
vt 1.000000 0.000000
vt 1.000000 1.000000
vt 0.000000 1.000000
vt 0.000000 0.000000
vt 1.000000 0.000000
vt 1.000000 1.000000
vt 0.000000 1.000000
vt 0.500000 0.500000
vt 0.000000 0.000000
vt 1.000000 0.000000
vt 0.500000 0.500000
vt 0.000000 1.000000
vt 1.000000 1.000000
vt 0.500000 0.500000
vt 0.000000 0.000000
vt 1.000000 0.000000
vt 0.500000 0.500000
vt 0.000000 1.000000
vt 1.000000 1.000000
vt 0.500000 0.500000
vt 0.000000 0.000000
vt 1.000000 0.000000
vt 0.500000 0.500000
vt 0.000000 1.000000
vt 1.000000 1.000000
vt 0.500000 0.500000
vt 0.000000 0.000000
vt 1.000000 0.000000
vt 0.500000 0.500000
vt 0.000000 1.000000
vt 1.000000 1.000000
vt 0.500000 0.500000
vt 0.000000 0.000000
vt 1.000000 0.000000
vt 0.500000 0.500000
vt 0.000000 1.000000
vt 1.000000 1.000000
vt 0.000000 0.500000
vt 0.480000 1.000000
vt 1.000000 0.500000
vt 0.480000 0.000000
vt 0.000000 0.000000
vt 1.000000 0.000000
vt 1.000000 1.000000
vt 0.000000 1.000000
vt 0.000000 0.000000
vt 1.000000 0.000000
vt 1.000000 1.000000
vt 0.000000 1.000000
vt 0.000000 0.000000
vt 1.000000 0.000000
vt 1.000000 1.000000
vt 0.000000 1.000000
vt 0.000000 0.000000
vt 1.000000 0.000000
vt 1.000000 1.000000
vt 0.000000 1.000000
vt 0.000000 0.000000
vt 1.000000 0.000000
vt 1.000000 1.000000
vt 0.000000 1.000000
vt 0.500000 0.500000
vt 0.000000 0.000000
vt 1.000000 0.000000
vt 0.500000 0.500000
vt 0.000000 1.000000
vt 1.000000 1.000000
vt 0.500000 0.500000
vt 0.000000 0.000000
vt 1.000000 0.000000
vt 0.500000 0.500000
vt 0.000000 1.000000
vt 1.000000 1.000000
vt 0.500000 0.500000
vt 0.000000 0.000000
vt 1.000000 0.000000
vt 0.500000 0.500000
vt 0.000000 1.000000
vt 1.000000 1.000000
vt 0.500000 0.500000
vt 0.000000 0.000000
vt 1.000000 0.000000
vt 0.500000 0.500000
vt 0.000000 1.000000
vt 1.000000 1.000000
vt 0.500000 0.500000
vt 0.000000 0.000000
vt 1.000000 0.000000
vt 0.500000 0.500000
vt 0.000000 1.000000
vt 1.000000 1.000000
vt 0.000000 0.500000
vt 0.480000 1.000000
vt 1.000000 0.500000
vt 0.480000 0.000000
vt 0.000000 0.000000
vt 1.000000 0.000000
vt 1.000000 1.000000
vt 0.000000 1.000000
vt 0.000000 0.000000
vt 1.000000 0.000000
vt 1.000000 1.000000
vt 0.000000 1.000000
vt 0.000000 0.000000
vt 1.000000 0.000000
vt 1.000000 1.000000
vt 0.000000 1.000000
vt 0.000000 0.000000
vt 1.000000 0.000000
vt 1.000000 1.000000
vt 0.000000 1.000000
vt 0.000000 0.000000
vt 1.000000 0.000000
vt 1.000000 1.000000
vt 0.000000 1.000000
vt 0.500000 0.500000
vt 0.000000 0.000000
vt 1.000000 0.000000
vt 0.500000 0.500000
vt 0.000000 1.000000
vt 1.000000 1.000000
vt 0.500000 0.500000
vt 0.000000 0.000000
vt 1.000000 0.000000
vt 0.500000 0.500000
vt 0.000000 1.000000
vt 1.000000 1.000000
vt 0.500000 0.500000
vt 0.000000 0.000000
vt 1.000000 0.000000
vt 0.500000 0.500000
vt 0.000000 1.000000
vt 1.000000 1.000000
vt 0.500000 0.500000
vt 0.000000 0.000000
vt 1.000000 0.000000
vt 0.500000 0.500000
vt 0.000000 1.000000
vt 1.000000 1.000000
vt 0.500000 0.500000
vt 0.000000 0.000000
vt 1.000000 0.000000
vt 0.500000 0.500000
vt 0.000000 1.000000
vt 1.000000 1.000000
vt 0.000000 0.500000
vt 0.480000 1.000000
vt 1.000000 0.500000
vt 0.480000 0.000000
vt 0.000000 0.000000
vt 1.000000 0.000000
vt 1.000000 1.000000
vt 0.000000 1.000000
vt 0.000000 0.000000
vt 1.000000 0.000000
vt 1.000000 1.000000
vt 0.000000 1.000000
vt 0.000000 0.000000
vt 1.000000 0.000000
vt 1.000000 1.000000
vt 0.000000 1.000000
vt 0.000000 0.000000
vt 1.000000 0.000000
vt 1.000000 1.000000
vt 0.000000 1.000000
vt 0.000000 0.000000
vt 1.000000 0.000000
vt 1.000000 1.000000
vt 0.000000 1.000000
vt 0.500000 0.500000
vt 0.000000 0.000000
vt 1.000000 0.000000
vt 0.500000 0.500000
vt 0.000000 1.000000
vt 1.000000 1.000000
vt 0.500000 0.500000
vt 0.000000 0.000000
vt 1.000000 0.000000
vt 0.500000 0.500000
vt 0.000000 1.000000
vt 1.000000 1.000000
vt 0.500000 0.500000
vt 0.000000 0.000000
vt 1.000000 0.000000
vt 0.500000 0.500000
vt 0.000000 1.000000
vt 1.000000 1.000000
vt 0.500000 0.500000
vt 0.000000 0.000000
vt 1.000000 0.000000
vt 0.500000 0.500000
vt 0.000000 1.000000
vt 1.000000 1.000000
vt 0.500000 0.500000
vt 0.000000 0.000000
vt 1.000000 0.000000
vt 0.500000 0.500000
vt 0.000000 1.000000
vt 1.000000 1.000000
vt 0.000000 0.000000
vt 0.000000 0.000000
vt 0.000000 0.000000
vt 0.000000 0.000000
vt 1.000000 0.000000
vt 1.000000 1.000000
vt 0.000000 1.000000
vt 0.000000 0.000000
vt 1.000000 0.000000
vt 1.000000 1.000000
vt 0.000000 1.000000
vt 0.000000 0.000000
vt 0.000000 0.000000
vt 0.000000 0.000000
vt 0.000000 0.000000
vt 0.000000 0.000000
vt 0.000000 0.000000
vt 0.000000 0.000000
vt 1.000000 0.000000
vt 1.000000 1.000000
vt 0.000000 1.000000
vt 0.000000 0.000000
vt 1.000000 0.000000
vt 1.000000 1.000000
vt 0.000000 1.000000
vt 0.000000 0.000000
vt 0.000000 0.000000
vt 0.000000 0.000000
vt 0.000000 0.000000
vt 0.000000 0.000000
vt 0.000000 0.000000
vt 0.000000 0.000000
vt 1.000000 0.000000
vt 1.000000 1.000000
vt 0.000000 1.000000
vt 0.000000 0.000000
vt 1.000000 0.000000
vt 1.000000 1.000000
vt 0.000000 1.000000
vt 0.000000 0.000000
vt 0.000000 0.000000
vt 0.000000 0.000000
vt 0.000000 0.000000
vt 0.000000 0.000000
vt 0.000000 0.000000
vt 0.000000 0.000000
vt 1.000000 0.000000
vt 1.000000 1.000000
vt 0.000000 1.000000
vt 0.000000 0.000000
vt 1.000000 0.000000
vt 1.000000 1.000000
vt 0.000000 1.000000
vt 0.000000 0.000000
vt 0.000000 0.000000
vt 0.000000 0.000000
vt 0.000000 0.000000
vt 0.000000 0.000000
vt 0.000000 0.000000
vt 0.000000 0.000000
vt 1.000000 0.000000
vt 1.000000 1.000000
vt 0.000000 1.000000
vt 0.000000 0.000000
vt 1.000000 0.000000
vt 1.000000 1.000000
vt 0.000000 1.000000
vt 0.000000 0.000000
vt 0.000000 0.000000
vt 0.000000 0.000000
vt 0.000000 0.000000
vt 0.000000 0.000000
vt 0.000000 0.000000
vt 0.000000 0.000000
vt 1.000000 0.000000
vt 1.000000 1.000000
vt 0.000000 1.000000
vt 0.000000 0.000000
vt 1.000000 0.000000
vt 1.000000 1.000000
vt 0.000000 1.000000
vt 0.000000 0.000000
vt 0.000000 0.000000
vt 0.000000 0.000000
vt 0.000000 0.000000
vt 0.000000 0.000000
vt 0.000000 0.000000
vt 0.000000 0.000000
vt 1.000000 0.000000
vt 1.000000 1.000000
vt 0.000000 1.000000
vt 0.000000 0.000000
vt 1.000000 0.000000
vt 1.000000 1.000000
vt 0.000000 1.000000
vt 0.000000 0.000000
vt 0.000000 0.000000
vt 0.000000 0.000000
vt 0.000000 0.000000
vt 0.000000 0.000000
vt 0.000000 0.000000
vt 0.000000 0.000000
vt 1.000000 0.000000
vt 1.000000 1.000000
vt 0.000000 1.000000
vt 0.000000 0.000000
vt 1.000000 0.000000
vt 1.000000 1.000000
vt 0.000000 1.000000
vt 0.000000 0.000000
vt 0.000000 0.000000
vt 0.000000 0.000000
vt 0.000000 0.000000
vt 0.000000 0.000000
vt 0.000000 0.000000
vt 0.000000 0.000000
vt 1.000000 0.000000
vt 1.000000 1.000000
vt 0.000000 1.000000
vt 0.000000 0.000000
vt 1.000000 0.000000
vt 1.000000 1.000000
vt 0.000000 1.000000
vt 0.000000 0.000000
vt 0.000000 0.000000
vt 0.000000 0.000000
vt 0.000000 0.000000
vt 0.000000 0.000000
vt 0.000000 0.000000
vt 0.000000 0.000000
vt 1.000000 0.000000
vt 1.000000 1.000000
vt 0.000000 1.000000
vt 0.000000 0.000000
vt 1.000000 0.000000
vt 1.000000 1.000000
vt 0.000000 1.000000
vt 0.000000 0.000000
vt 0.000000 0.000000
vt 0.000000 0.000000
vt 0.000000 0.000000
vt 0.000000 0.000000
vt 0.000000 0.000000
vt 0.000000 0.000000
vt 1.000000 0.000000
vt 1.000000 1.000000
vt 0.000000 1.000000
vt 0.000000 0.000000
vt 1.000000 0.000000
vt 1.000000 1.000000
vt 0.000000 1.000000
vt 0.000000 0.000000
vt 0.000000 0.000000
vt 0.000000 0.000000
vt 0.000000 0.000000
vt 0.000000 0.000000
vt 0.000000 0.000000
vt 0.000000 0.000000
vt 1.000000 0.000000
vt 1.000000 1.000000
vt 0.000000 1.000000
vt 0.000000 0.000000
vt 1.000000 0.000000
vt 1.000000 1.000000
vt 0.000000 1.000000
vt 0.000000 0.000000
vt 0.000000 0.000000
vt 0.000000 0.000000
vt 0.000000 0.000000
vt 0.000000 0.000000
vt 0.000000 0.000000
vt 0.000000 0.000000
vt 1.000000 0.000000
vt 1.000000 1.000000
vt 0.000000 1.000000
vt 0.000000 0.000000
vt 1.000000 0.000000
vt 1.000000 1.000000
vt 0.000000 1.000000
vt 0.000000 0.000000
vt 0.000000 0.000000
vt 0.000000 0.000000
vt 0.000000 0.000000
vt 0.000000 0.000000
vt 0.000000 0.000000
vt 0.000000 0.000000
vt 1.000000 0.000000
vt 1.000000 1.000000
vt 0.000000 1.000000
vt 0.000000 0.000000
vt 1.000000 0.000000
vt 1.000000 1.000000
vt 0.000000 1.000000
vt 0.000000 0.000000
vt 0.000000 0.000000
vt 0.000000 0.000000
vt 0.000000 0.000000
vt 0.000000 0.000000
vt 0.000000 0.000000
vt 0.000000 0.000000
vt 1.000000 0.000000
vt 1.000000 1.000000
vt 0.000000 1.000000
vt 0.000000 0.000000
vt 1.000000 0.000000
vt 1.000000 1.000000
vt 0.000000 1.000000
vt 0.000000 0.000000
vt 0.000000 0.000000
vt 0.000000 0.000000
vt 0.000000 0.000000
vt 0.000000 0.000000
vt 0.000000 0.000000
vt 0.000000 0.000000
vt 1.000000 0.000000
vt 1.000000 1.000000
vt 0.000000 1.000000
vt 0.000000 0.000000
vt 1.000000 0.000000
vt 1.000000 1.000000
vt 0.000000 1.000000
vt 0.000000 0.000000
vt 0.000000 0.000000
vt 0.000000 0.000000
vt 0.000000 0.000000
vt 0.000000 0.000000
vt 0.000000 0.000000
vt 0.000000 0.000000
vt 1.000000 0.000000
vt 1.000000 1.000000
vt 0.000000 1.000000
vt 0.000000 0.000000
vt 1.000000 0.000000
vt 1.000000 1.000000
vt 0.000000 1.000000
vt 0.000000 0.000000
vt 0.000000 0.000000
vt 0.000000 0.000000
vt 0.000000 0.000000
vt 0.000000 0.000000
vt 0.000000 0.000000
vt 0.000000 0.000000
vt 1.000000 0.000000
vt 1.000000 1.000000
vt 0.000000 1.000000
vt 0.000000 0.000000
vt 1.000000 0.000000
vt 1.000000 1.000000
vt 0.000000 1.000000
vt 0.000000 0.000000
vt 0.000000 0.000000
vt 0.000000 0.000000
vt 0.000000 0.000000
vt 0.000000 0.000000
vt 0.000000 0.000000
vt 0.000000 0.000000
vt 1.000000 0.000000
vt 1.000000 1.000000
vt 0.000000 1.000000
vt 0.000000 0.000000
vt 1.000000 0.000000
vt 1.000000 1.000000
vt 0.000000 1.000000
vt 0.000000 0.000000
vt 0.000000 0.000000
vt 0.000000 0.000000
vt 0.000000 0.000000
vt 0.000000 0.000000
vt 0.000000 0.000000
vt 0.000000 0.000000
vt 1.000000 0.000000
vt 1.000000 1.000000
vt 0.000000 1.000000
vt 0.000000 0.000000
vt 1.000000 0.000000
vt 1.000000 1.000000
vt 0.000000 1.000000
vt 0.000000 0.000000
vt 0.000000 0.000000
vt 0.000000 0.000000
vt 0.000000 0.000000
vt 0.000000 0.000000
vt 0.000000 0.000000
vt 0.000000 0.000000
vt 1.000000 0.000000
vt 1.000000 1.000000
vt 0.000000 1.000000
vt 0.000000 0.000000
vt 1.000000 0.000000
vt 1.000000 1.000000
vt 0.000000 1.000000
vt 0.000000 0.000000
vt 0.000000 0.000000
vt 0.000000 0.000000
vt 0.000000 0.000000
vt 0.000000 0.000000
vt 0.000000 0.000000
vt 0.000000 0.000000
vt 1.000000 0.000000
vt 1.000000 1.000000
vt 0.000000 1.000000
vt 0.000000 0.000000
vt 1.000000 0.000000
vt 1.000000 1.000000
vt 0.000000 1.000000
vt 0.000000 0.000000
vt 0.000000 0.000000
vt 0.000000 0.000000
vt 0.000000 0.000000
vt 0.000000 0.000000
vt 0.000000 0.000000
vt 0.000000 0.000000
vt 1.000000 0.000000
vt 1.000000 1.000000
vt 0.000000 1.000000
vt 0.000000 0.000000
vt 1.000000 0.000000
vt 1.000000 1.000000
vt 0.000000 1.000000
vt 0.000000 0.000000
vt 0.000000 0.000000
vt 0.000000 0.000000
vt 0.000000 0.000000
vt 0.000000 0.000000
vt 0.000000 0.000000
vt 0.000000 0.000000
vt 1.000000 0.000000
vt 1.000000 1.000000
vt 0.000000 1.000000
vt 0.000000 0.000000
vt 1.000000 0.000000
vt 1.000000 1.000000
vt 0.000000 1.000000
vt 0.000000 0.000000
vt 0.000000 0.000000
vt 0.000000 0.000000
usemtl Stone
f 1/1 2/2 3/3
f 4/4 5/5 6/6
f 4/4 6/6 7/7
f 8/8 9/9 10/10
f 8/8 10/10 11/11
f 12/12 13/13 14/14
f 15/15 16/16 17/17
f 18/18 19/19 20/20
f 18/18 20/20 21/21
f 22/22 23/23 24/24
f 22/22 24/24 25/25
f 26/26 27/27 28/28
f 29/29 30/30 31/31
f 32/32 33/33 34/34
f 32/32 34/34 35/35
f 36/36 37/37 38/38
f 36/36 38/38 39/39
f 40/40 41/41 42/42
f 43/43 44/44 45/45
f 46/46 47/47 48/48
f 46/46 48/48 49/49
f 50/50 51/51 52/52
f 50/50 52/52 53/53
f 54/54 55/55 56/56
f 57/57 58/58 59/59
f 60/60 61/61 62/62
f 60/60 62/62 63/63
f 64/64 65/65 66/66
f 64/64 66/66 67/67
f 68/68 69/69 70/70
f 71/71 72/72 73/73
f 74/74 75/75 76/76
f 74/74 76/76 77/77
f 78/78 79/79 80/80
f 78/78 80/80 81/81
f 82/82 83/83 84/84
f 85/85 86/86 87/87
f 88/88 89/89 90/90
f 88/88 90/90 91/91
f 92/92 93/93 94/94
f 92/92 94/94 95/95
f 96/96 97/97 98/98
f 99/99 100/100 101/101
f 102/102 103/103 104/104
f 102/102 104/104 105/105
f 106/106 107/107 108/108
f 106/106 108/108 109/109
f 110/110 111/111 112/112
f 113/113 114/114 115/115
f 116/116 117/117 118/118
f 116/116 118/118 119/119
f 120/120 121/121 122/122
f 120/120 122/122 123/123
f 124/124 125/125 126/126
f 127/127 128/128 129/129
f 130/130 131/131 132/132
f 130/130 132/132 133/133
f 134/134 135/135 136/136
f 134/134 136/136 137/137
f 138/138 139/139 140/140
f 141/141 142/142 143/143
f 144/144 145/145 146/146
f 144/144 146/146 147/147
f 148/148 149/149 150/150
f 148/148 150/150 151/151
f 152/152 153/153 154/154
f 155/155 156/156 157/157
f 158/158 159/159 160/160
f 158/158 160/160 161/161
f 162/162 163/163 164/164
f 162/162 164/164 165/165
f 166/166 167/167 168/168
f 169/169 170/170 171/171
f 172/172 173/173 174/174
f 172/172 174/174 175/175
f 176/176 177/177 178/178
f 176/176 178/178 179/179
f 180/180 181/181 182/182
f 183/183 184/184 185/185
f 186/186 187/187 188/188
f 186/186 188/188 189/189
f 190/190 191/191 192/192
f 190/190 192/192 193/193
f 194/194 195/195 196/196
f 197/197 198/198 199/199
f 200/200 201/201 202/202
f 200/200 202/202 203/203
f 204/204 205/205 206/206
f 204/204 206/206 207/207
f 208/208 209/209 210/210
f 211/211 212/212 213/213
f 214/214 215/215 216/216
f 214/214 216/216 217/217
f 218/218 219/219 220/220
f 218/218 220/220 221/221
f 222/222 223/223 224/224
f 225/225 226/226 227/227
f 228/228 229/229 230/230
f 228/228 230/230 231/231
f 232/232 233/233 234/234
f 232/232 234/234 235/235
f 236/236 237/237 238/238
f 239/239 240/240 241/241
f 242/242 243/243 244/244
f 242/242 244/244 245/245
f 246/246 247/247 248/248
f 246/246 248/248 249/249
f 250/250 251/251 252/252
f 253/253 254/254 255/255
f 256/256 257/257 258/258
f 256/256 258/258 259/259
f 260/260 261/261 262/262
f 260/260 262/262 263/263
f 264/264 265/265 266/266
f 267/267 268/268 269/269
f 270/270 271/271 272/272
f 270/270 272/272 273/273
f 274/274 275/275 276/276
f 274/274 276/276 277/277
f 278/278 279/279 280/280
f 281/281 282/282 283/283
f 284/284 285/285 286/286
f 284/284 286/286 287/287
f 288/288 289/289 290/290
f 288/288 290/290 291/291
f 292/292 293/293 294/294
f 295/295 296/296 297/297
f 298/298 299/299 300/300
f 298/298 300/300 301/301
f 302/302 303/303 304/304
f 302/302 304/304 305/305
f 306/306 307/307 308/308
f 309/309 310/310 311/311
f 312/312 313/313 314/314
f 312/312 314/314 315/315
f 316/316 317/317 318/318
f 316/316 318/318 319/319
f 320/320 321/321 322/322
f 323/323 324/324 325/325
f 326/326 327/327 328/328
f 326/326 328/328 329/329
f 330/330 331/331 332/332
f 330/330 332/332 333/333
f 334/334 335/335 336/336
f 337/337 338/338 339/339
f 340/340 341/341 342/342
f 340/340 342/342 343/343
f 344/344 345/345 346/346
f 344/344 346/346 347/347
f 348/348 349/349 350/350
f 351/351 352/352 353/353
f 354/354 355/355 356/356
f 354/354 356/356 357/357
f 358/358 359/359 360/360
f 358/358 360/360 361/361
f 362/362 363/363 364/364
f 365/365 366/366 367/367
f 368/368 369/369 370/370
f 368/368 370/370 371/371
f 372/372 373/373 374/374
f 372/372 374/374 375/375
f 376/376 377/377 378/378
f 379/379 380/380 381/381
f 382/382 383/383 384/384
f 382/382 384/384 385/385
f 386/386 387/387 388/388
f 386/386 388/388 389/389
f 390/390 391/391 392/392
f 393/393 394/394 395/395
f 396/396 397/397 398/398
f 396/396 398/398 399/399
f 400/400 401/401 402/402
f 400/400 402/402 403/403
f 404/404 405/405 406/406
f 407/407 408/408 409/409
f 410/410 411/411 412/412
f 410/410 412/412 413/413
f 414/414 415/415 416/416
f 414/414 416/416 417/417
f 418/418 419/419 420/420
f 421/421 422/422 423/423
f 424/424 425/425 426/426
f 424/424 426/426 427/427
f 428/428 429/429 430/430
f 428/428 430/430 431/431
f 432/432 433/433 434/434
f 435/435 436/436 437/437
f 438/438 439/439 440/440
f 438/438 440/440 441/441
f 442/442 443/443 444/444
f 442/442 444/444 445/445
f 446/446 447/447 448/448
f 449/449 450/450 451/451
f 452/452 453/453 454/454
f 452/452 454/454 455/455
f 456/456 457/457 458/458
f 456/456 458/458 459/459
f 460/460 461/461 462/462
f 463/463 464/464 465/465
f 466/466 467/467 468/468
f 466/466 468/468 469/469
f 470/470 471/471 472/472
f 470/470 472/472 473/473
f 474/474 475/475 476/476
f 477/477 478/478 479/479
f 480/480 481/481 482/482
f 480/480 482/482 483/483
f 484/484 485/485 486/486
f 484/484 486/486 487/487
f 488/488 489/489 490/490
f 491/491 492/492 493/493
f 494/494 495/495 496/496
f 494/494 496/496 497/497
f 498/498 499/499 500/500
f 498/498 500/500 501/501
f 502/502 503/503 504/504
f 505/505 506/506 507/507
f 508/508 509/509 510/510
f 508/508 510/510 511/511
f 512/512 513/513 514/514
f 512/512 514/514 515/515
f 516/516 517/517 518/518
f 519/519 520/520 521/521
f 522/522 523/523 524/524
f 522/522 524/524 525/525
f 526/526 527/527 528/528
f 526/526 528/528 529/529
f 530/530 531/531 532/532
f 533/533 534/534 535/535
f 536/536 537/537 538/538
f 536/536 538/538 539/539
f 540/540 541/541 542/542
f 540/540 542/542 543/543
f 544/544 545/545 546/546
f 547/547 548/548 549/549
f 550/550 551/551 552/552
f 550/550 552/552 553/553
f 554/554 555/555 556/556
f 554/554 556/556 557/557
f 558/558 559/559 560/560
f 561/561 562/562 563/563
f 564/564 565/565 566/566
f 564/564 566/566 567/567
f 568/568 569/569 570/570
f 568/568 570/570 571/571
f 572/572 573/573 574/574
f 575/575 576/576 577/577
f 578/578 579/579 580/580
f 578/578 580/580 581/581
f 582/582 583/583 584/584
f 582/582 584/584 585/585
f 586/586 587/587 588/588
f 589/589 590/590 591/591
f 592/592 593/593 594/594
f 592/592 594/594 595/595
f 596/596 597/597 598/598
f 596/596 598/598 599/599
f 600/600 601/601 602/602
f 603/603 604/604 605/605
f 606/606 607/607 608/608
f 606/606 608/608 609/609
f 610/610 611/611 612/612
f 610/610 612/612 613/613
f 614/614 615/615 616/616
f 617/617 618/618 619/619
f 620/620 621/621 622/622
f 620/620 622/622 623/623
f 624/624 625/625 626/626
f 624/624 626/626 627/627
f 628/628 629/629 630/630
f 631/631 632/632 633/633
f 634/634 635/635 636/636
f 634/634 636/636 637/637
f 638/638 639/639 640/640
f 638/638 640/640 641/641
f 642/642 643/643 644/644
f 645/645 646/646 647/647
f 648/648 649/649 650/650
f 648/648 650/650 651/651
f 652/652 653/653 654/654
f 652/652 654/654 655/655
f 656/656 657/657 658/658
f 659/659 660/660 661/661
f 662/662 663/663 664/664
f 662/662 664/664 665/665
f 666/666 667/667 668/668
f 666/666 668/668 669/669
f 670/670 671/671 672/672
f 673/673 674/674 675/675
f 676/676 677/677 678/678
f 676/676 678/678 679/679
f 680/680 681/681 682/682
f 680/680 682/682 683/683
f 684/684 685/685 686/686
f 687/687 688/688 689/689
f 690/690 691/691 692/692
f 690/690 692/692 693/693
f 694/694 695/695 696/696
f 694/694 696/696 697/697
f 698/698 699/699 700/700
f 701/701 702/702 703/703
f 704/704 705/705 706/706
f 704/704 706/706 707/707
f 708/708 709/709 710/710
f 708/708 710/710 711/711
f 712/712 713/713 714/714
f 715/715 716/716 717/717
f 718/718 719/719 720/720
f 718/718 720/720 721/721
f 722/722 723/723 724/724
f 722/722 724/724 725/725
f 726/726 727/727 728/728
f 729/729 730/730 731/731
f 732/732 733/733 734/734
f 732/732 734/734 735/735
f 736/736 737/737 738/738
f 736/736 738/738 739/739
f 740/740 741/741 742/742
f 743/743 744/744 745/745
f 746/746 747/747 748/748
f 746/746 748/748 749/749
f 750/750 751/751 752/752
f 750/750 752/752 753/753
f 754/754 755/755 756/756
f 757/757 758/758 759/759
f 760/760 761/761 762/762
f 760/760 762/762 763/763
f 764/764 765/765 766/766
f 764/764 766/766 767/767
f 768/768 769/769 770/770
f 771/771 772/772 773/773
f 774/774 775/775 776/776
f 774/774 776/776 777/777
f 778/778 779/779 780/780
f 778/778 780/780 781/781
f 782/782 783/783 784/784
f 785/785 786/786 787/787
f 788/788 789/789 790/790
f 788/788 790/790 791/791
f 792/792 793/793 794/794
f 792/792 794/794 795/795
f 796/796 797/797 798/798
f 799/799 800/800 801/801
f 802/802 803/803 804/804
f 802/802 804/804 805/805
f 806/806 807/807 808/808
f 806/806 808/808 809/809
f 810/810 811/811 812/812
f 813/813 814/814 815/815
f 816/816 817/817 818/818
f 816/816 818/818 819/819
f 820/820 821/821 822/822
f 820/820 822/822 823/823
f 824/824 825/825 826/826
f 827/827 828/828 829/829
f 830/830 831/831 832/832
f 830/830 832/832 833/833
f 834/834 835/835 836/836
f 834/834 836/836 837/837
f 838/838 839/839 840/840
f 841/841 842/842 843/843
f 844/844 845/845 846/846
f 844/844 846/846 847/847
f 848/848 849/849 850/850
f 848/848 850/850 851/851
f 852/852 853/853 854/854
f 855/855 856/856 857/857
f 858/858 859/859 860/860
f 858/858 860/860 861/861
f 862/862 863/863 864/864
f 862/862 864/864 865/865
f 866/866 867/867 868/868
f 869/869 870/870 871/871
f 872/872 873/873 874/874
f 872/872 874/874 875/875
f 876/876 877/877 878/878
f 876/876 878/878 879/879
f 880/880 881/881 882/882
f 883/883 884/884 885/885
f 886/886 887/887 888/888
f 886/886 888/888 889/889
f 890/890 891/891 892/892
f 890/890 892/892 893/893
f 894/894 895/895 896/896
f 897/897 898/898 899/899
f 900/900 901/901 902/902
f 900/900 902/902 903/903
f 904/904 905/905 906/906
f 904/904 906/906 907/907
f 908/908 909/909 910/910
f 911/911 912/912 913/913
f 914/914 915/915 916/916
f 914/914 916/916 917/917
f 918/918 919/919 920/920
f 918/918 920/920 921/921
f 922/922 923/923 924/924
f 925/925 926/926 927/927
f 928/928 929/929 930/930
f 928/928 930/930 931/931
f 932/932 933/933 934/934
f 932/932 934/934 935/935
f 936/936 937/937 938/938
f 939/939 940/940 941/941
f 942/942 943/943 944/944
f 942/942 944/944 945/945
f 946/946 947/947 948/948
f 946/946 948/948 949/949
f 950/950 951/951 952/952
f 953/953 954/954 955/955
f 956/956 957/957 958/958
f 956/956 958/958 959/959
f 960/960 961/961 962/962
f 960/960 962/962 963/963
f 964/964 965/965 966/966
f 967/967 968/968 969/969
f 970/970 971/971 972/972
f 970/970 972/972 973/973
f 974/974 975/975 976/976
f 974/974 976/976 977/977
f 978/978 979/979 980/980
f 981/981 982/982 983/983
f 984/984 985/985 986/986
f 984/984 986/986 987/987
f 988/988 989/989 990/990
f 988/988 990/990 991/991
f 992/992 993/993 994/994
f 995/995 996/996 997/997
f 998/998 999/999 1000/1000
f 998/998 1000/1000 1001/1001
f 1002/1002 1003/1003 1004/1004
f 1002/1002 1004/1004 1005/1005
f 1006/1006 1007/1007 1008/1008
f 1009/1009 1010/1010 1011/1011
f 1012/1012 1013/1013 1014/1014
f 1012/1012 1014/1014 1015/1015
f 1016/1016 1017/1017 1018/1018
f 1016/1016 1018/1018 1019/1019
f 1020/1020 1021/1021 1022/1022
f 1023/1023 1024/1024 1025/1025
f 1026/1026 1027/1027 1028/1028
f 1026/1026 1028/1028 1029/1029
f 1030/1030 1031/1031 1032/1032
f 1030/1030 1032/1032 1033/1033
f 1034/1034 1035/1035 1036/1036
f 1037/1037 1038/1038 1039/1039
f 1040/1040 1041/1041 1042/1042
f 1040/1040 1042/1042 1043/1043
f 1044/1044 1045/1045 1046/1046
f 1044/1044 1046/1046 1047/1047
f 1048/1048 1049/1049 1050/1050
f 1051/1051 1052/1052 1053/1053
f 1054/1054 1055/1055 1056/1056
f 1054/1054 1056/1056 1057/1057
f 1058/1058 1059/1059 1060/1060
f 1058/1058 1060/1060 1061/1061
f 1062/1062 1063/1063 1064/1064
f 1065/1065 1066/1066 1067/1067
f 1068/1068 1069/1069 1070/1070
f 1068/1068 1070/1070 1071/1071
f 1072/1072 1073/1073 1074/1074
f 1072/1072 1074/1074 1075/1075
f 1076/1076 1077/1077 1078/1078
f 1079/1079 1080/1080 1081/1081
f 1082/1082 1083/1083 1084/1084
f 1082/1082 1084/1084 1085/1085
f 1086/1086 1087/1087 1088/1088
f 1086/1086 1088/1088 1089/1089
f 1090/1090 1091/1091 1092/1092
f 1093/1093 1094/1094 1095/1095
f 1096/1096 1097/1097 1098/1098
f 1096/1096 1098/1098 1099/1099
f 1100/1100 1101/1101 1102/1102
f 1100/1100 1102/1102 1103/1103
f 1104/1104 1105/1105 1106/1106
f 1107/1107 1108/1108 1109/1109
f 1110/1110 1111/1111 1112/1112
f 1110/1110 1112/1112 1113/1113
f 1114/1114 1115/1115 1116/1116
f 1114/1114 1116/1116 1117/1117
f 1118/1118 1119/1119 1120/1120
f 1121/1121 1122/1122 1123/1123
f 1124/1124 1125/1125 1126/1126
f 1124/1124 1126/1126 1127/1127
f 1128/1128 1129/1129 1130/1130
f 1128/1128 1130/1130 1131/1131
f 1132/1132 1133/1133 1134/1134
f 1135/1135 1136/1136 1137/1137
f 1138/1138 1139/1139 1140/1140
f 1138/1138 1140/1140 1141/1141
f 1142/1142 1143/1143 1144/1144
f 1142/1142 1144/1144 1145/1145
f 1146/1146 1147/1147 1148/1148
f 1149/1149 1150/1150 1151/1151
f 1152/1152 1153/1153 1154/1154
f 1152/1152 1154/1154 1155/1155
f 1156/1156 1157/1157 1158/1158
f 1156/1156 1158/1158 1159/1159
f 1160/1160 1161/1161 1162/1162
f 1163/1163 1164/1164 1165/1165
f 1166/1166 1167/1167 1168/1168
f 1166/1166 1168/1168 1169/1169
f 1170/1170 1171/1171 1172/1172
f 1170/1170 1172/1172 1173/1173
f 1174/1174 1175/1175 1176/1176
f 1177/1177 1178/1178 1179/1179
f 1180/1180 1181/1181 1182/1182
f 1180/1180 1182/1182 1183/1183
f 1184/1184 1185/1185 1186/1186
f 1184/1184 1186/1186 1187/1187
f 1188/1188 1189/1189 1190/1190
f 1191/1191 1192/1192 1193/1193
f 1194/1194 1195/1195 1196/1196
f 1194/1194 1196/1196 1197/1197
f 1198/1198 1199/1199 1200/1200
f 1198/1198 1200/1200 1201/1201
f 1202/1202 1203/1203 1204/1204
f 1205/1205 1206/1206 1207/1207
f 1208/1208 1209/1209 1210/1210
f 1208/1208 1210/1210 1211/1211
f 1212/1212 1213/1213 1214/1214
f 1212/1212 1214/1214 1215/1215
f 1216/1216 1217/1217 1218/1218
usemtl Leaf
f 1219/1219 1220/1220 1221/1221
f 1219/1219 1221/1221 1222/1222
usemtl Wood
f 1223/1223 1224/1224 1225/1225
f 1223/1223 1225/1225 1226/1226
f 1227/1227 1228/1228 1229/1229
f 1227/1227 1229/1229 1230/1230
f 1231/1231 1232/1232 1233/1233
f 1231/1231 1233/1233 1234/1234
f 1235/1235 1236/1236 1237/1237
f 1235/1235 1237/1237 1238/1238
f 1239/1239 1240/1240 1241/1241
f 1239/1239 1241/1241 1242/1242
f 1243/1243 1244/1244 1245/1245
f 1246/1246 1247/1247 1248/1248
f 1249/1249 1250/1250 1251/1251
f 1252/1252 1253/1253 1254/1254
f 1255/1255 1256/1256 1257/1257
f 1258/1258 1259/1259 1260/1260
f 1261/1261 1262/1262 1263/1263
f 1264/1264 1265/1265 1266/1266
f 1267/1267 1268/1268 1269/1269
f 1270/1270 1271/1271 1272/1272
usemtl Leaf
f 1273/1273 1274/1274 1275/1275
f 1273/1273 1275/1275 1276/1276
usemtl Wood
f 1277/1277 1278/1278 1279/1279
f 1277/1277 1279/1279 1280/1280
f 1281/1281 1282/1282 1283/1283
f 1281/1281 1283/1283 1284/1284
f 1285/1285 1286/1286 1287/1287
f 1285/1285 1287/1287 1288/1288
f 1289/1289 1290/1290 1291/1291
f 1289/1289 1291/1291 1292/1292
f 1293/1293 1294/1294 1295/1295
f 1293/1293 1295/1295 1296/1296
f 1297/1297 1298/1298 1299/1299
f 1300/1300 1301/1301 1302/1302
f 1303/1303 1304/1304 1305/1305
f 1306/1306 1307/1307 1308/1308
f 1309/1309 1310/1310 1311/1311
f 1312/1312 1313/1313 1314/1314
f 1315/1315 1316/1316 1317/1317
f 1318/1318 1319/1319 1320/1320
f 1321/1321 1322/1322 1323/1323
f 1324/1324 1325/1325 1326/1326
usemtl Leaf
f 1327/1327 1328/1328 1329/1329
f 1327/1327 1329/1329 1330/1330
usemtl Wood
f 1331/1331 1332/1332 1333/1333
f 1331/1331 1333/1333 1334/1334
f 1335/1335 1336/1336 1337/1337
f 1335/1335 1337/1337 1338/1338
f 1339/1339 1340/1340 1341/1341
f 1339/1339 1341/1341 1342/1342
f 1343/1343 1344/1344 1345/1345
f 1343/1343 1345/1345 1346/1346
f 1347/1347 1348/1348 1349/1349
f 1347/1347 1349/1349 1350/1350
f 1351/1351 1352/1352 1353/1353
f 1354/1354 1355/1355 1356/1356
f 1357/1357 1358/1358 1359/1359
f 1360/1360 1361/1361 1362/1362
f 1363/1363 1364/1364 1365/1365
f 1366/1366 1367/1367 1368/1368
f 1369/1369 1370/1370 1371/1371
f 1372/1372 1373/1373 1374/1374
f 1375/1375 1376/1376 1377/1377
f 1378/1378 1379/1379 1380/1380
usemtl Leaf
f 1381/1381 1382/1382 1383/1383
f 1381/1381 1383/1383 1384/1384
usemtl Wood
f 1385/1385 1386/1386 1387/1387
f 1385/1385 1387/1387 1388/1388
f 1389/1389 1390/1390 1391/1391
f 1389/1389 1391/1391 1392/1392
f 1393/1393 1394/1394 1395/1395
f 1393/1393 1395/1395 1396/1396
f 1397/1397 1398/1398 1399/1399
f 1397/1397 1399/1399 1400/1400
f 1401/1401 1402/1402 1403/1403
f 1401/1401 1403/1403 1404/1404
f 1405/1405 1406/1406 1407/1407
f 1408/1408 1409/1409 1410/1410
f 1411/1411 1412/1412 1413/1413
f 1414/1414 1415/1415 1416/1416
f 1417/1417 1418/1418 1419/1419
f 1420/1420 1421/1421 1422/1422
f 1423/1423 1424/1424 1425/1425
f 1426/1426 1427/1427 1428/1428
f 1429/1429 1430/1430 1431/1431
f 1432/1432 1433/1433 1434/1434
usemtl Leaf
f 1435/1435 1436/1436 1437/1437
f 1435/1435 1437/1437 1438/1438
usemtl Wood
f 1439/1439 1440/1440 1441/1441
f 1439/1439 1441/1441 1442/1442
f 1443/1443 1444/1444 1445/1445
f 1443/1443 1445/1445 1446/1446
f 1447/1447 1448/1448 1449/1449
f 1447/1447 1449/1449 1450/1450
f 1451/1451 1452/1452 1453/1453
f 1451/1451 1453/1453 1454/1454
f 1455/1455 1456/1456 1457/1457
f 1455/1455 1457/1457 1458/1458
f 1459/1459 1460/1460 1461/1461
f 1462/1462 1463/1463 1464/1464
f 1465/1465 1466/1466 1467/1467
f 1468/1468 1469/1469 1470/1470
f 1471/1471 1472/1472 1473/1473
f 1474/1474 1475/1475 1476/1476
f 1477/1477 1478/1478 1479/1479
f 1480/1480 1481/1481 1482/1482
f 1483/1483 1484/1484 1485/1485
f 1486/1486 1487/1487 1488/1488
usemtl Leaf
f 1489/1489 1490/1490 1491/1491
f 1489/1489 1491/1491 1492/1492
usemtl Wood
f 1493/1493 1494/1494 1495/1495
f 1493/1493 1495/1495 1496/1496
f 1497/1497 1498/1498 1499/1499
f 1497/1497 1499/1499 1500/1500
f 1501/1501 1502/1502 1503/1503
f 1501/1501 1503/1503 1504/1504
f 1505/1505 1506/1506 1507/1507
f 1505/1505 1507/1507 1508/1508
f 1509/1509 1510/1510 1511/1511
f 1509/1509 1511/1511 1512/1512
f 1513/1513 1514/1514 1515/1515
f 1516/1516 1517/1517 1518/1518
f 1519/1519 1520/1520 1521/1521
f 1522/1522 1523/1523 1524/1524
f 1525/1525 1526/1526 1527/1527
f 1528/1528 1529/1529 1530/1530
f 1531/1531 1532/1532 1533/1533
f 1534/1534 1535/1535 1536/1536
f 1537/1537 1538/1538 1539/1539
f 1540/1540 1541/1541 1542/1542
usemtl Leaf
f 1543/1543 1544/1544 1545/1545
f 1543/1543 1545/1545 1546/1546
usemtl Wood
f 1547/1547 1548/1548 1549/1549
f 1547/1547 1549/1549 1550/1550
f 1551/1551 1552/1552 1553/1553
f 1551/1551 1553/1553 1554/1554
f 1555/1555 1556/1556 1557/1557
f 1555/1555 1557/1557 1558/1558
f 1559/1559 1560/1560 1561/1561
f 1559/1559 1561/1561 1562/1562
f 1563/1563 1564/1564 1565/1565
f 1563/1563 1565/1565 1566/1566
f 1567/1567 1568/1568 1569/1569
f 1570/1570 1571/1571 1572/1572
f 1573/1573 1574/1574 1575/1575
f 1576/1576 1577/1577 1578/1578
f 1579/1579 1580/1580 1581/1581
f 1582/1582 1583/1583 1584/1584
f 1585/1585 1586/1586 1587/1587
f 1588/1588 1589/1589 1590/1590
f 1591/1591 1592/1592 1593/1593
f 1594/1594 1595/1595 1596/1596
usemtl Leaf
f 1597/1597 1598/1598 1599/1599
f 1597/1597 1599/1599 1600/1600
usemtl Wood
f 1601/1601 1602/1602 1603/1603
f 1601/1601 1603/1603 1604/1604
f 1605/1605 1606/1606 1607/1607
f 1605/1605 1607/1607 1608/1608
f 1609/1609 1610/1610 1611/1611
f 1609/1609 1611/1611 1612/1612
f 1613/1613 1614/1614 1615/1615
f 1613/1613 1615/1615 1616/1616
f 1617/1617 1618/1618 1619/1619
f 1617/1617 1619/1619 1620/1620
f 1621/1621 1622/1622 1623/1623
f 1624/1624 1625/1625 1626/1626
f 1627/1627 1628/1628 1629/1629
f 1630/1630 1631/1631 1632/1632
f 1633/1633 1634/1634 1635/1635
f 1636/1636 1637/1637 1638/1638
f 1639/1639 1640/1640 1641/1641
f 1642/1642 1643/1643 1644/1644
f 1645/1645 1646/1646 1647/1647
f 1648/1648 1649/1649 1650/1650
usemtl Leaf
f 1651/1651 1652/1652 1653/1653
f 1651/1651 1653/1653 1654/1654
usemtl Wood
f 1655/1655 1656/1656 1657/1657
f 1655/1655 1657/1657 1658/1658
f 1659/1659 1660/1660 1661/1661
f 1659/1659 1661/1661 1662/1662
f 1663/1663 1664/1664 1665/1665
f 1663/1663 1665/1665 1666/1666
f 1667/1667 1668/1668 1669/1669
f 1667/1667 1669/1669 1670/1670
f 1671/1671 1672/1672 1673/1673
f 1671/1671 1673/1673 1674/1674
f 1675/1675 1676/1676 1677/1677
f 1678/1678 1679/1679 1680/1680
f 1681/1681 1682/1682 1683/1683
f 1684/1684 1685/1685 1686/1686
f 1687/1687 1688/1688 1689/1689
f 1690/1690 1691/1691 1692/1692
f 1693/1693 1694/1694 1695/1695
f 1696/1696 1697/1697 1698/1698
f 1699/1699 1700/1700 1701/1701
f 1702/1702 1703/1703 1704/1704
usemtl Leaf
f 1705/1705 1706/1706 1707/1707
f 1705/1705 1707/1707 1708/1708
usemtl Wood
f 1709/1709 1710/1710 1711/1711
f 1709/1709 1711/1711 1712/1712
f 1713/1713 1714/1714 1715/1715
f 1713/1713 1715/1715 1716/1716
f 1717/1717 1718/1718 1719/1719
f 1717/1717 1719/1719 1720/1720
f 1721/1721 1722/1722 1723/1723
f 1721/1721 1723/1723 1724/1724
f 1725/1725 1726/1726 1727/1727
f 1725/1725 1727/1727 1728/1728
f 1729/1729 1730/1730 1731/1731
f 1732/1732 1733/1733 1734/1734
f 1735/1735 1736/1736 1737/1737
f 1738/1738 1739/1739 1740/1740
f 1741/1741 1742/1742 1743/1743
f 1744/1744 1745/1745 1746/1746
f 1747/1747 1748/1748 1749/1749
f 1750/1750 1751/1751 1752/1752
f 1753/1753 1754/1754 1755/1755
f 1756/1756 1757/1757 1758/1758
usemtl Leaf
f 1759/1759 1760/1760 1761/1761
f 1759/1759 1761/1761 1762/1762
usemtl Wood
f 1763/1763 1764/1764 1765/1765
f 1763/1763 1765/1765 1766/1766
f 1767/1767 1768/1768 1769/1769
f 1767/1767 1769/1769 1770/1770
f 1771/1771 1772/1772 1773/1773
f 1771/1771 1773/1773 1774/1774
f 1775/1775 1776/1776 1777/1777
f 1775/1775 1777/1777 1778/1778
f 1779/1779 1780/1780 1781/1781
f 1779/1779 1781/1781 1782/1782
f 1783/1783 1784/1784 1785/1785
f 1786/1786 1787/1787 1788/1788
f 1789/1789 1790/1790 1791/1791
f 1792/1792 1793/1793 1794/1794
f 1795/1795 1796/1796 1797/1797
f 1798/1798 1799/1799 1800/1800
f 1801/1801 1802/1802 1803/1803
f 1804/1804 1805/1805 1806/1806
f 1807/1807 1808/1808 1809/1809
f 1810/1810 1811/1811 1812/1812
usemtl Leaf
f 1813/1813 1814/1814 1815/1815
f 1813/1813 1815/1815 1816/1816
usemtl Wood
f 1817/1817 1818/1818 1819/1819
f 1817/1817 1819/1819 1820/1820
f 1821/1821 1822/1822 1823/1823
f 1821/1821 1823/1823 1824/1824
f 1825/1825 1826/1826 1827/1827
f 1825/1825 1827/1827 1828/1828
f 1829/1829 1830/1830 1831/1831
f 1829/1829 1831/1831 1832/1832
f 1833/1833 1834/1834 1835/1835
f 1833/1833 1835/1835 1836/1836
f 1837/1837 1838/1838 1839/1839
f 1840/1840 1841/1841 1842/1842
f 1843/1843 1844/1844 1845/1845
f 1846/1846 1847/1847 1848/1848
f 1849/1849 1850/1850 1851/1851
f 1852/1852 1853/1853 1854/1854
f 1855/1855 1856/1856 1857/1857
f 1858/1858 1859/1859 1860/1860
f 1861/1861 1862/1862 1863/1863
f 1864/1864 1865/1865 1866/1866
usemtl Leaf
f 1867/1867 1868/1868 1869/1869
f 1867/1867 1869/1869 1870/1870
usemtl Wood
f 1871/1871 1872/1872 1873/1873
f 1871/1871 1873/1873 1874/1874
f 1875/1875 1876/1876 1877/1877
f 1875/1875 1877/1877 1878/1878
f 1879/1879 1880/1880 1881/1881
f 1879/1879 1881/1881 1882/1882
f 1883/1883 1884/1884 1885/1885
f 1883/1883 1885/1885 1886/1886
f 1887/1887 1888/1888 1889/1889
f 1887/1887 1889/1889 1890/1890
f 1891/1891 1892/1892 1893/1893
f 1894/1894 1895/1895 1896/1896
f 1897/1897 1898/1898 1899/1899
f 1900/1900 1901/1901 1902/1902
f 1903/1903 1904/1904 1905/1905
f 1906/1906 1907/1907 1908/1908
f 1909/1909 1910/1910 1911/1911
f 1912/1912 1913/1913 1914/1914
f 1915/1915 1916/1916 1917/1917
f 1918/1918 1919/1919 1920/1920
usemtl Leaf
f 1921/1921 1922/1922 1923/1923
f 1921/1921 1923/1923 1924/1924
usemtl Wood
f 1925/1925 1926/1926 1927/1927
f 1925/1925 1927/1927 1928/1928
f 1929/1929 1930/1930 1931/1931
f 1929/1929 1931/1931 1932/1932
f 1933/1933 1934/1934 1935/1935
f 1933/1933 1935/1935 1936/1936
f 1937/1937 1938/1938 1939/1939
f 1937/1937 1939/1939 1940/1940
f 1941/1941 1942/1942 1943/1943
f 1941/1941 1943/1943 1944/1944
f 1945/1945 1946/1946 1947/1947
f 1948/1948 1949/1949 1950/1950
f 1951/1951 1952/1952 1953/1953
f 1954/1954 1955/1955 1956/1956
f 1957/1957 1958/1958 1959/1959
f 1960/1960 1961/1961 1962/1962
f 1963/1963 1964/1964 1965/1965
f 1966/1966 1967/1967 1968/1968
f 1969/1969 1970/1970 1971/1971
f 1972/1972 1973/1973 1974/1974
usemtl Leaf
f 1975/1975 1976/1976 1977/1977
f 1975/1975 1977/1977 1978/1978
usemtl Wood
f 1979/1979 1980/1980 1981/1981
f 1979/1979 1981/1981 1982/1982
f 1983/1983 1984/1984 1985/1985
f 1983/1983 1985/1985 1986/1986
f 1987/1987 1988/1988 1989/1989
f 1987/1987 1989/1989 1990/1990
f 1991/1991 1992/1992 1993/1993
f 1991/1991 1993/1993 1994/1994
f 1995/1995 1996/1996 1997/1997
f 1995/1995 1997/1997 1998/1998
f 1999/1999 2000/2000 2001/2001
f 2002/2002 2003/2003 2004/2004
f 2005/2005 2006/2006 2007/2007
f 2008/2008 2009/2009 2010/2010
f 2011/2011 2012/2012 2013/2013
f 2014/2014 2015/2015 2016/2016
f 2017/2017 2018/2018 2019/2019
f 2020/2020 2021/2021 2022/2022
f 2023/2023 2024/2024 2025/2025
f 2026/2026 2027/2027 2028/2028
usemtl Leaf
f 2029/2029 2030/2030 2031/2031
f 2029/2029 2031/2031 2032/2032
usemtl Wood
f 2033/2033 2034/2034 2035/2035
f 2033/2033 2035/2035 2036/2036
f 2037/2037 2038/2038 2039/2039
f 2037/2037 2039/2039 2040/2040
f 2041/2041 2042/2042 2043/2043
f 2041/2041 2043/2043 2044/2044
f 2045/2045 2046/2046 2047/2047
f 2045/2045 2047/2047 2048/2048
f 2049/2049 2050/2050 2051/2051
f 2049/2049 2051/2051 2052/2052
f 2053/2053 2054/2054 2055/2055
f 2056/2056 2057/2057 2058/2058
f 2059/2059 2060/2060 2061/2061
f 2062/2062 2063/2063 2064/2064
f 2065/2065 2066/2066 2067/2067
f 2068/2068 2069/2069 2070/2070
f 2071/2071 2072/2072 2073/2073
f 2074/2074 2075/2075 2076/2076
f 2077/2077 2078/2078 2079/2079
f 2080/2080 2081/2081 2082/2082
usemtl Char
f 2083/2083 2084/2084 2085/2085
f 2086/2086 2087/2087 2088/2088
f 2086/2086 2088/2088 2089/2089
f 2090/2090 2091/2091 2092/2092
f 2090/2090 2092/2092 2093/2093
f 2094/2094 2095/2095 2096/2096
f 2097/2097 2098/2098 2099/2099
f 2100/2100 2101/2101 2102/2102
f 2100/2100 2102/2102 2103/2103
f 2104/2104 2105/2105 2106/2106
f 2104/2104 2106/2106 2107/2107
f 2108/2108 2109/2109 2110/2110
f 2111/2111 2112/2112 2113/2113
f 2114/2114 2115/2115 2116/2116
f 2114/2114 2116/2116 2117/2117
f 2118/2118 2119/2119 2120/2120
f 2118/2118 2120/2120 2121/2121
f 2122/2122 2123/2123 2124/2124
f 2125/2125 2126/2126 2127/2127
f 2128/2128 2129/2129 2130/2130
f 2128/2128 2130/2130 2131/2131
f 2132/2132 2133/2133 2134/2134
f 2132/2132 2134/2134 2135/2135
f 2136/2136 2137/2137 2138/2138
f 2139/2139 2140/2140 2141/2141
f 2142/2142 2143/2143 2144/2144
f 2142/2142 2144/2144 2145/2145
f 2146/2146 2147/2147 2148/2148
f 2146/2146 2148/2148 2149/2149
f 2150/2150 2151/2151 2152/2152
f 2153/2153 2154/2154 2155/2155
f 2156/2156 2157/2157 2158/2158
f 2156/2156 2158/2158 2159/2159
f 2160/2160 2161/2161 2162/2162
f 2160/2160 2162/2162 2163/2163
f 2164/2164 2165/2165 2166/2166
f 2167/2167 2168/2168 2169/2169
f 2170/2170 2171/2171 2172/2172
f 2170/2170 2172/2172 2173/2173
f 2174/2174 2175/2175 2176/2176
f 2174/2174 2176/2176 2177/2177
f 2178/2178 2179/2179 2180/2180
f 2181/2181 2182/2182 2183/2183
f 2184/2184 2185/2185 2186/2186
f 2184/2184 2186/2186 2187/2187
f 2188/2188 2189/2189 2190/2190
f 2188/2188 2190/2190 2191/2191
f 2192/2192 2193/2193 2194/2194
f 2195/2195 2196/2196 2197/2197
f 2198/2198 2199/2199 2200/2200
f 2198/2198 2200/2200 2201/2201
f 2202/2202 2203/2203 2204/2204
f 2202/2202 2204/2204 2205/2205
f 2206/2206 2207/2207 2208/2208
f 2209/2209 2210/2210 2211/2211
f 2212/2212 2213/2213 2214/2214
f 2212/2212 2214/2214 2215/2215
f 2216/2216 2217/2217 2218/2218
f 2216/2216 2218/2218 2219/2219
f 2220/2220 2221/2221 2222/2222
f 2223/2223 2224/2224 2225/2225
f 2226/2226 2227/2227 2228/2228
f 2226/2226 2228/2228 2229/2229
f 2230/2230 2231/2231 2232/2232
f 2230/2230 2232/2232 2233/2233
f 2234/2234 2235/2235 2236/2236
f 2237/2237 2238/2238 2239/2239
f 2240/2240 2241/2241 2242/2242
f 2240/2240 2242/2242 2243/2243
f 2244/2244 2245/2245 2246/2246
f 2244/2244 2246/2246 2247/2247
f 2248/2248 2249/2249 2250/2250
f 2251/2251 2252/2252 2253/2253
f 2254/2254 2255/2255 2256/2256
f 2254/2254 2256/2256 2257/2257
f 2258/2258 2259/2259 2260/2260
f 2258/2258 2260/2260 2261/2261
f 2262/2262 2263/2263 2264/2264
f 2265/2265 2266/2266 2267/2267
f 2268/2268 2269/2269 2270/2270
f 2268/2268 2270/2270 2271/2271
f 2272/2272 2273/2273 2274/2274
f 2272/2272 2274/2274 2275/2275
f 2276/2276 2277/2277 2278/2278
f 2279/2279 2280/2280 2281/2281
f 2282/2282 2283/2283 2284/2284
f 2282/2282 2284/2284 2285/2285
f 2286/2286 2287/2287 2288/2288
f 2286/2286 2288/2288 2289/2289
f 2290/2290 2291/2291 2292/2292
f 2293/2293 2294/2294 2295/2295
f 2296/2296 2297/2297 2298/2298
f 2296/2296 2298/2298 2299/2299
f 2300/2300 2301/2301 2302/2302
f 2300/2300 2302/2302 2303/2303
f 2304/2304 2305/2305 2306/2306
f 2307/2307 2308/2308 2309/2309
f 2310/2310 2311/2311 2312/2312
f 2310/2310 2312/2312 2313/2313
f 2314/2314 2315/2315 2316/2316
f 2314/2314 2316/2316 2317/2317
f 2318/2318 2319/2319 2320/2320
f 2321/2321 2322/2322 2323/2323
f 2324/2324 2325/2325 2326/2326
f 2324/2324 2326/2326 2327/2327
f 2328/2328 2329/2329 2330/2330
f 2328/2328 2330/2330 2331/2331
f 2332/2332 2333/2333 2334/2334
f 2335/2335 2336/2336 2337/2337
f 2338/2338 2339/2339 2340/2340
f 2338/2338 2340/2340 2341/2341
f 2342/2342 2343/2343 2344/2344
f 2342/2342 2344/2344 2345/2345
f 2346/2346 2347/2347 2348/2348
f 2349/2349 2350/2350 2351/2351
f 2352/2352 2353/2353 2354/2354
f 2352/2352 2354/2354 2355/2355
f 2356/2356 2357/2357 2358/2358
f 2356/2356 2358/2358 2359/2359
f 2360/2360 2361/2361 2362/2362
f 2363/2363 2364/2364 2365/2365
f 2366/2366 2367/2367 2368/2368
f 2366/2366 2368/2368 2369/2369
f 2370/2370 2371/2371 2372/2372
f 2370/2370 2372/2372 2373/2373
f 2374/2374 2375/2375 2376/2376
f 2377/2377 2378/2378 2379/2379
f 2380/2380 2381/2381 2382/2382
f 2380/2380 2382/2382 2383/2383
f 2384/2384 2385/2385 2386/2386
f 2384/2384 2386/2386 2387/2387
f 2388/2388 2389/2389 2390/2390
f 2391/2391 2392/2392 2393/2393
f 2394/2394 2395/2395 2396/2396
f 2394/2394 2396/2396 2397/2397
f 2398/2398 2399/2399 2400/2400
f 2398/2398 2400/2400 2401/2401
f 2402/2402 2403/2403 2404/2404
f 2405/2405 2406/2406 2407/2407
f 2408/2408 2409/2409 2410/2410
f 2408/2408 2410/2410 2411/2411
f 2412/2412 2413/2413 2414/2414
f 2412/2412 2414/2414 2415/2415
f 2416/2416 2417/2417 2418/2418
